code,timestamps,open,close,high,low,ycp,vol,amount,MA5,MA10,MA20,MA30,MA60,MSI,DIF,DEA,MACD_Hist,name,industry,block,MA4,MA8,MA12,MA16,MA47
561,2018-04-02,7.67,7.61,7.67,7.56,7.62,48075.4,36561800.0,,,7.61,,,,0.0,0.0,0.0,烽火电子,计算机、通信和其他电子设备制造业,主板,7.61,7.61,7.61,7.61,7.61
561,2018-04-03,7.48,7.75,7.77,7.43,7.61,68649.9,52667900.0,,,7.68,,,,0.01,0.0,0.01,烽火电子,计算机、通信和其他电子设备制造业,主板,7.68,7.68,7.68,7.68,7.68
561,2018-04-04,7.78,7.63,7.83,7.6,7.75,53786.4,41465000.0,,,7.663333333333333,,,,0.01,0.0,0.01,烽火电子,计算机、通信和其他电子设备制造业,主板,7.663333333333333,7.663333333333333,7.663333333333333,7.663333333333333,7.663333333333333
561,2018-04-09,7.52,7.93,7.95,7.49,7.63,87336.0,68183200.0,,,7.7299999999999995,,,,0.04,0.01,0.03,烽火电子,计算机、通信和其他电子设备制造业,主板,7.7299999999999995,7.7299999999999995,7.7299999999999995,7.7299999999999995,7.7299999999999995
561,2018-04-10,7.89,7.79,7.98,7.63,7.93,68387.5,53219500.0,7.74,,7.742,,,,0.04,0.02,0.02,烽火电子,计算机、通信和其他电子设备制造业,主板,7.775,7.742,7.742,7.742,7.742
561,2018-04-11,7.7,7.79,7.83,7.64,7.79,48065.0,37265000.0,7.78,,7.75,,,,0.05,0.02,0.03,烽火电子,计算机、通信和其他电子设备制造业,主板,7.785,7.75,7.75,7.75,7.75
561,2018-04-12,7.7,7.89,7.95,7.7,7.79,64504.3,50720800.0,7.81,,7.7700000000000005,,,,0.06,0.03,0.03,烽火电子,计算机、通信和其他电子设备制造业,主板,7.8500000000000005,7.7700000000000005,7.7700000000000005,7.7700000000000005,7.7700000000000005
561,2018-04-13,7.87,7.81,7.98,7.81,7.89,48795.8,38502500.0,7.84,,7.775,,,,0.06,0.04,0.02,烽火电子,计算机、通信和其他电子设备制造业,主板,7.82,7.775,7.775,7.775,7.775
561,2018-04-16,7.78,7.59,7.8,7.55,7.81,52431.4,40017600.0,7.77,,7.754444444444445,,,,0.04,0.04,0.0,烽火电子,计算机、通信和其他电子设备制造业,主板,7.770000000000001,7.772500000000001,7.754444444444445,7.754444444444445,7.754444444444445
561,2018-04-17,7.63,7.55,7.75,7.51,7.59,46791.1,35754100.0,7.73,7.73,7.734,,,,0.03,0.04,-0.01,烽火电子,计算机、通信和其他电子设备制造业,主板,7.710000000000001,7.7475000000000005,7.734,7.734,7.734
561,2018-04-18,7.63,7.9,7.9,7.53,7.55,74325.8,57486600.0,7.75,7.76,7.74909090909091,,,,0.04,0.04,0.0,烽火电子,计算机、通信和其他电子设备制造业,主板,7.7125,7.781250000000001,7.74909090909091,7.74909090909091,7.74909090909091
561,2018-04-19,7.9,7.82,8.02,7.76,7.9,92806.8,73180600.0,7.73,7.77,7.755,,,,0.04,0.04,0.0,烽火电子,计算机、通信和其他电子设备制造业,主板,7.715000000000001,7.767500000000001,7.755,7.755,7.755
561,2018-04-20,7.77,7.59,7.88,7.57,7.82,62226.9,47974100.0,7.69,7.77,7.742307692307692,,,,0.03,0.04,-0.01,烽火电子,计算机、通信和其他电子设备制造业,主板,7.715000000000001,7.742500000000001,7.753333333333334,7.742307692307692,7.742307692307692
561,2018-04-23,7.64,7.2,7.65,7.16,7.59,60096.3,44166400.0,7.61,7.69,7.703571428571429,,,34.4,-0.02,0.02,-0.04,烽火电子,计算机、通信和其他电子设备制造业,主板,7.6275,7.66875,7.7075000000000005,7.703571428571429,7.703571428571429
561,2018-04-24,7.2,7.37,7.37,7.15,7.2,39999.4,29159400.0,7.58,7.65,7.681333333333334,,,41.25,-0.03,0.01,-0.04,烽火电子,计算机、通信和其他电子设备制造业,主板,7.495000000000001,7.60375,7.685833333333335,7.681333333333334,7.681333333333334
561,2018-04-25,7.34,7.63,7.64,7.27,7.37,53439.4,40304100.0,7.52,7.64,7.6781250000000005,,,49.87,-0.03,0.0,-0.03,烽火电子,计算机、通信和其他电子设备制造业,主板,7.447500000000002,7.581249999999999,7.660833333333334,7.6781250000000005,7.6781250000000005
561,2018-04-26,7.63,8.39,8.39,7.5,7.63,337586.0,278750000.0,7.64,7.68,7.720000000000001,,,65.7,0.03,0.01,0.02,烽火电子,计算机、通信和其他电子设备制造业,主板,7.647500000000002,7.681249999999999,7.710833333333333,7.726875000000001,7.720000000000001
561,2018-04-27,8.2,7.82,8.2,7.73,8.39,263385.0,209044000.0,7.68,7.69,7.725555555555555,,,52.35,0.04,0.02,0.02,烽火电子,计算机、通信和其他电子设备制造业,主板,7.802500000000003,7.714999999999998,7.713333333333332,7.731250000000001,7.725555555555555
561,2018-05-02,7.59,7.23,7.63,7.2,7.82,157820.0,116493000.0,7.69,7.65,7.699473684210526,,,42.68,0.0,0.01,-0.01,烽火电子,计算机、通信和其他电子设备制造业,主板,7.767500000000003,7.631249999999999,7.658333333333332,7.706250000000001,7.699473684210526
561,2018-05-03,7.17,7.19,7.27,6.98,7.23,85252.0,60744600.0,7.65,7.61,7.6739999999999995,,,42.11,-0.04,0.0,-0.04,烽火电子,计算机、通信和其他电子设备制造业,主板,7.657500000000003,7.552499999999999,7.606666666666666,7.66,7.6739999999999995
561,2018-05-04,7.16,7.17,7.35,7.16,7.19,63713.4,46243500.0,7.56,7.54,7.651999999999998,,,41.81,-0.08,-0.01,-0.07,烽火电子,计算机、通信和其他电子设备制造业,主板,7.352500000000003,7.499999999999998,7.571666666666665,7.621249999999999,7.649999999999999
561,2018-05-07,7.13,7.2,7.27,7.13,7.17,51449.9,37099700.0,7.32,7.48,7.624499999999998,,,42.47,-0.1,-0.03,-0.07,烽火电子,计算机、通信和其他电子设备制造业,主板,7.197500000000003,7.499999999999998,7.5424999999999995,7.584374999999999,7.629545454545453
561,2018-05-08,7.22,7.35,7.35,7.2,7.2,65426.6,47786400.0,7.23,7.46,7.610499999999997,,,45.79,-0.1,-0.05,-0.05,烽火电子,计算机、通信和其他电子设备制造业,主板,7.227500000000004,7.497499999999998,7.496666666666665,7.550624999999999,7.617391304347825
561,2018-05-09,7.34,7.27,7.37,7.22,7.35,48312.8,35212000.0,7.24,7.46,7.577499999999998,,,44.32,-0.1,-0.06,-0.04,烽火电子,计算机、通信和其他电子设备制造业,主板,7.247500000000003,7.452499999999998,7.450833333333331,7.516874999999999,7.602916666666665
561,2018-05-10,7.25,7.21,7.3,7.16,7.27,43367.0,31315400.0,7.24,7.45,7.548499999999999,,,43.2,-0.12,-0.07,-0.05,烽火电子,计算机、通信和其他电子设备制造业,主板,7.257500000000002,7.304999999999998,7.419166666666663,7.493124999999998,7.587199999999999
561,2018-05-11,7.21,7.08,7.23,7.07,7.21,43801.8,31161400.0,7.22,7.39,7.513,,,40.8,-0.13,-0.08,-0.05,烽火电子,计算机、通信和其他电子设备制造业,主板,7.227500000000002,7.212499999999998,7.409166666666663,7.463749999999998,7.567692307692307
561,2018-05-14,7.12,7.1,7.21,7.08,7.08,36956.1,26333900.0,7.2,7.26,7.4735,,,41.34,-0.14,-0.09,-0.05,烽火电子,计算机、通信和其他电子设备制造业,主板,7.165000000000001,7.196249999999997,7.386666666666662,7.413749999999998,7.55037037037037
561,2018-05-15,7.1,7.12,7.14,7.01,7.1,32688.7,23123500.0,7.16,7.19,7.439,,,41.91,-0.14,-0.1,-0.04,烽火电子,计算机、通信和其他电子设备制造业,主板,7.1275,7.187499999999998,7.344166666666663,7.369999999999997,7.534999999999999
561,2018-05-16,7.11,6.99,7.11,6.99,7.12,32753.9,23080900.0,7.1,7.17,7.409000000000001,,,39.24,-0.16,-0.11,-0.05,烽火电子,计算机、通信和其他电子设备制造业,主板,7.0725,7.164999999999997,7.227499999999996,7.332499999999997,7.516206896551724
561,2018-05-17,6.99,6.87,7.05,6.86,6.99,33621.6,23298200.0,7.03,7.14,7.375,7.49,,36.9,-0.17,-0.13,-0.04,烽火电子,计算机、通信和其他电子设备制造业,主板,7.02,7.123749999999998,7.148333333333329,7.311874999999997,7.494666666666666
561,2018-05-18,6.82,6.94,6.96,6.82,6.87,22324.4,15433600.0,7.0,7.11,7.327,7.47,,39.17,-0.18,-0.14,-0.04,烽火电子,计算机、通信和其他电子设备制造业,主板,6.979999999999999,7.072499999999997,7.124166666666661,7.284999999999997,7.476774193548387
561,2018-05-21,6.99,7.06,7.1,6.95,6.94,32258.2,22797300.0,7.0,7.1,7.289,7.45,,42.98,-0.17,-0.14,-0.03,烽火电子,计算机、通信和其他电子设备制造业,主板,6.964999999999999,7.046249999999997,7.113333333333329,7.249374999999997,7.46375
561,2018-05-22,7.07,7.08,7.1,6.99,7.06,31546.9,22223600.0,6.99,7.07,7.2635000000000005,7.43,,43.61,-0.17,-0.15,-0.02,烽火电子,计算机、通信和其他电子设备制造业,主板,6.987499999999999,7.029999999999997,7.105833333333329,7.167499999999997,7.452121212121213
561,2018-05-23,7.08,7.02,7.09,7.02,7.08,27002.7,19034400.0,6.99,7.05,7.254500000000002,7.4,,42.1,-0.16,-0.15,-0.01,烽火电子,计算机、通信和其他电子设备制造业,主板,7.0249999999999995,7.022499999999997,7.090833333333328,7.117499999999996,7.439411764705883
561,2018-05-24,7.02,6.99,7.07,6.98,7.02,21468.0,15040400.0,7.02,7.02,7.235500000000002,7.37,,41.33,-0.16,-0.15,-0.01,烽火电子,计算机、通信和其他电子设备制造业,主板,7.037499999999999,7.008749999999997,7.060833333333328,7.102499999999996,7.426571428571429
561,2018-05-25,7.01,6.9,7.03,6.9,6.99,20710.5,14385900.0,7.01,7.01,7.1990000000000025,7.34,,39.02,-0.16,-0.15,-0.01,烽火电子,计算机、通信和其他电子设备制造业,主板,6.9975,6.9812499999999975,7.029999999999995,7.084374999999996,7.411944444444444
561,2018-05-28,6.98,6.89,6.98,6.87,6.9,14928.8,10331900.0,6.98,6.99,7.1240000000000006,7.31,,38.76,-0.17,-0.16,-0.01,烽火电子,计算机、通信和其他电子设备制造业,主板,6.949999999999999,6.968749999999997,7.003333333333329,7.066874999999996,7.397837837837837
561,2018-05-29,6.89,6.79,6.95,6.76,6.89,18399.0,12623100.0,6.92,6.95,7.072500000000001,7.28,,36.18,-0.17,-0.16,-0.01,烽火电子,计算机、通信和其他电子设备制造业,主板,6.892499999999999,6.9587499999999975,6.979166666666663,7.041249999999996,7.381842105263158
561,2018-05-30,6.74,6.51,6.74,6.5,6.79,26478.0,17458200.0,6.82,6.9,7.036500000000001,7.24,,30.12,-0.2,-0.17,-0.03,烽火电子,计算机、通信和其他电子设备制造业,主板,6.772499999999999,6.904999999999998,6.929999999999997,6.988749999999997,7.3594871794871795
561,2018-05-31,6.59,6.58,6.62,6.53,6.51,25124.1,16527200.0,6.73,6.88,7.006000000000002,7.21,,33.14,-0.21,-0.18,-0.03,烽火电子,计算机、通信和其他电子设备制造业,主板,6.692499999999999,6.844999999999997,6.884999999999997,6.945624999999997,7.339999999999999
561,2018-06-01,6.57,6.61,6.7,6.55,6.58,20504.0,13592100.0,6.68,6.84,6.978000000000003,7.17,,34.44,-0.21,-0.18,-0.03,烽火电子,计算机、通信和其他电子设备制造业,主板,6.622499999999999,6.786249999999997,6.853333333333331,6.908124999999997,7.322195121951219
561,2018-06-04,6.66,6.56,6.69,6.46,6.61,20927.9,13712900.0,6.61,6.79,6.946000000000003,7.12,,33.28,-0.22,-0.19,-0.03,烽火电子,计算机、通信和其他电子设备制造业,主板,6.5649999999999995,6.728749999999998,6.827499999999997,6.875624999999998,7.304047619047618
561,2018-06-05,6.57,6.66,6.66,6.48,6.56,42919.4,28160200.0,6.58,6.75,6.911500000000004,7.09,,37.81,-0.21,-0.19,-0.02,烽火电子,计算机、通信和其他电子设备制造业,主板,6.602500000000001,6.687499999999997,6.804166666666664,6.848124999999998,7.289069767441861
561,2018-06-06,6.67,6.53,6.67,6.48,6.66,43853.0,28817300.0,6.59,6.7,6.874500000000003,7.07,,34.53,-0.22,-0.2,-0.02,烽火电子,计算机、通信和其他电子设备制造业,主板,6.590000000000002,6.641249999999998,6.759999999999997,6.811249999999998,7.2718181818181815
561,2018-06-07,6.54,6.41,6.56,6.4,6.53,35713.0,23070800.0,6.55,6.64,6.834500000000003,7.04,,31.78,-0.23,-0.21,-0.02,烽火电子,计算机、通信和其他电子设备制造业,主板,6.540000000000003,6.581249999999997,6.704166666666663,6.774999999999998,7.252666666666666
561,2018-06-08,6.41,6.22,6.41,6.15,6.41,43988.0,27567200.0,6.48,6.58,6.791500000000002,6.99,,27.99,-0.25,-0.21,-0.04,烽火电子,计算机、通信和其他电子设备制造业,主板,6.455000000000003,6.509999999999997,6.637499999999997,6.734374999999997,7.230217391304349
561,2018-06-11,6.22,6.26,6.27,6.15,6.22,20120.7,12532600.0,6.42,6.51,6.749500000000002,6.92,,29.89,-0.25,-0.22,-0.03,烽火电子,计算机、通信和其他电子设备制造业,主板,6.355000000000003,6.478749999999997,6.576666666666664,6.691874999999998,7.209574468085107
561,2018-06-12,6.25,6.42,6.45,6.25,6.26,28581.8,18189100.0,6.37,6.48,6.714500000000001,6.87,,37.03,-0.24,-0.23,-0.01,烽火电子,计算机、通信和其他电子设备制造业,主板,6.327500000000002,6.4587499999999975,6.536666666666664,6.651874999999998,7.184255319148937
561,2018-06-13,6.42,6.26,6.42,6.25,6.42,14276.0,9037740.0,6.31,6.45,6.678,6.84,,33.37,-0.25,-0.23,-0.02,烽火电子,计算机、通信和其他电子设备制造业,主板,6.290000000000002,6.414999999999997,6.484166666666664,6.600624999999998,7.152553191489362
561,2018-06-14,6.2,6.31,6.37,6.2,6.26,15162.0,9573440.0,6.29,6.42,6.65,6.81,,35.52,-0.24,-0.23,-0.01,烽火电子,计算机、通信和其他电子设备制造业,主板,6.312500000000002,6.383749999999997,6.444166666666664,6.556249999999999,7.1244680851063835
561,2018-06-15,6.31,6.21,6.36,6.15,6.31,17158.8,10703100.0,6.29,6.38,6.6135,6.78,,33.21,-0.25,-0.24,-0.01,烽火电子,计算机、通信和其他电子设备制造业,主板,6.3000000000000025,6.327499999999997,6.419166666666663,6.5074999999999985,7.087872340425532
561,2018-06-19,6.18,5.64,6.18,5.59,6.21,47360.0,27480400.0,6.17,6.29,6.5424999999999995,6.73,,23.75,-0.3,-0.25,-0.05,烽火电子,计算机、通信和其他电子设备制造业,主板,6.105000000000002,6.216249999999997,6.34083333333333,6.428749999999998,7.042127659574467
561,2018-06-20,5.66,5.77,5.81,5.56,5.64,29179.3,16631400.0,6.04,6.2,6.476999999999999,6.68,,28.74,-0.32,-0.26,-0.06,烽火电子,计算机、通信和其他电子设备制造业,主板,5.982500000000002,6.136249999999997,6.2708333333333295,6.358749999999998,6.9991489361702115
561,2018-06-21,5.8,5.71,5.91,5.67,5.77,28834.9,16722000.0,5.93,6.12,6.411499999999999,6.62,,27.83,-0.34,-0.28,-0.06,烽火电子,计算机、通信和其他电子设备制造业,主板,5.832500000000002,6.072499999999997,6.199999999999996,6.291249999999997,6.952765957446807
561,2018-06-22,5.65,5.79,5.81,5.6,5.71,21266.1,12205100.0,5.82,6.06,6.3515,6.58,,30.95,-0.34,-0.29,-0.05,烽火电子,计算机、通信和其他电子设备制造业,主板,5.727500000000002,6.013749999999997,6.127499999999997,6.246249999999997,6.909787234042552
561,2018-06-25,5.78,5.72,5.87,5.7,5.79,25398.7,14673800.0,5.73,6.01,6.2924999999999995,6.53,,29.74,-0.34,-0.3,-0.04,烽火电子,计算机、通信和其他电子设备制造业,主板,5.747500000000001,5.926249999999997,6.059999999999996,6.192499999999997,6.87
561,2018-06-26,5.66,5.8,5.81,5.6,5.72,19005.2,10913900.0,5.76,5.96,6.238,6.49,,32.97,-0.33,-0.31,-0.02,烽火电子,计算机、通信和其他电子设备制造业,主板,5.755000000000002,5.868749999999997,6.009166666666663,6.141874999999997,6.832765957446808
561,2018-06-27,5.8,5.8,5.88,5.75,5.8,18995.6,11040900.0,5.76,5.9,6.1884999999999994,6.44,,32.97,-0.32,-0.31,-0.01,烽火电子,计算机、通信和其他电子设备制造业,主板,5.777500000000002,5.804999999999996,5.974166666666663,6.094374999999997,6.7880851063829795
561,2018-06-28,5.74,5.69,5.86,5.69,5.8,15663.3,9066860.0,5.76,5.84,6.1475,6.4,,30.72,-0.33,-0.31,-0.02,烽火电子,计算机、通信和其他电子设备制造业,主板,5.752500000000002,5.739999999999996,5.926666666666662,6.033749999999997,6.742765957446809
561,2018-06-29,5.7,5.92,5.95,5.67,5.69,31662.7,18537100.0,5.79,5.8,6.1145000000000005,6.37,6.93,39.95,-0.3,-0.31,0.01,烽火电子,计算机、通信和其他电子设备制造业,主板,5.802500000000002,5.774999999999996,5.884999999999995,5.995624999999997,6.707234042553193
561,2018-07-02,5.93,5.81,6.01,5.77,5.92,26821.9,15810600.0,5.8,5.76,6.0745,6.33,6.9,37.39,-0.28,-0.3,0.02,烽火电子,计算机、通信和其他电子设备制造业,主板,5.8050000000000015,5.779999999999996,5.847499999999996,5.958124999999997,6.677659574468087
561,2018-07-03,5.8,6.07,6.07,5.8,5.81,44498.9,26447600.0,5.86,5.81,6.05,6.3,6.87,46.19,-0.25,-0.29,0.04,烽火电子,计算机、通信和其他电子设备制造业,主板,5.872500000000001,5.824999999999996,5.827499999999996,5.948749999999997,6.650000000000001
561,2018-07-04,6.07,5.97,6.07,5.9,6.07,30353.0,18119000.0,5.89,5.83,6.0155,6.26,6.85,43.65,-0.23,-0.28,0.05,烽火电子,计算机、通信和其他电子设备制造业,主板,5.942500000000001,5.847499999999996,5.8074999999999966,5.9306249999999965,6.614680851063832
561,2018-07-05,5.97,5.8,6.0,5.79,5.97,20458.0,12027300.0,5.91,5.84,5.979,6.22,6.81,39.65,-0.22,-0.27,0.05,烽火电子,计算机、通信和其他电子设备制造业,主板,5.912500000000001,5.8574999999999955,5.820833333333329,5.891874999999996,6.559574468085109
561,2018-07-06,5.8,5.87,5.97,5.7,5.8,24648.0,14468900.0,5.9,5.84,5.952,6.18,6.78,42.01,-0.21,-0.26,0.05,烽火电子,计算机、通信和其他电子设备制造业,主板,5.927500000000002,5.8662499999999955,5.829166666666663,5.867499999999996,6.518085106382982
561,2018-07-09,5.85,6.01,6.02,5.85,5.87,30359.1,18181500.0,5.94,5.87,5.9415000000000004,6.15,6.75,46.5,-0.19,-0.24,0.05,烽火电子,计算机、通信和其他电子设备制造业,主板,5.912500000000001,5.892499999999996,5.854166666666664,5.848749999999996,6.492127659574471
561,2018-07-10,6.02,6.05,6.09,5.96,6.01,23064.0,13890600.0,5.94,5.9,5.931,6.12,6.72,47.74,-0.17,-0.23,0.06,烽火电子,计算机、通信和其他电子设备制造业,主板,5.932500000000002,5.937499999999996,5.87583333333333,5.8387499999999966,6.467872340425535
561,2018-07-11,5.98,5.89,5.98,5.79,6.05,29311.4,17221800.0,5.92,5.91,5.9045000000000005,6.1,6.69,43.39,-0.15,-0.21,0.06,烽火电子,计算机、通信和其他电子设备制造业,主板,5.955000000000002,5.933749999999995,5.889999999999997,5.8543749999999966,6.440638297872343
561,2018-07-12,5.88,6.02,6.07,5.86,5.89,34817.9,20930300.0,5.97,5.94,5.8925,6.08,6.66,47.57,-0.14,-0.2,0.06,烽火电子,计算机、通信和其他电子设备制造业,主板,5.9925000000000015,5.9599999999999955,5.9083333333333306,5.8699999999999966,6.415531914893619
561,2018-07-13,6.02,6.0,6.08,5.98,6.02,23039.7,13860500.0,5.99,5.95,5.877,6.06,6.63,47.0,-0.12,-0.18,0.06,烽火电子,计算机、通信和其他电子设备制造业,主板,5.990000000000002,5.9512499999999955,5.924999999999997,5.888124999999997,6.386808510638299
561,2018-07-16,6.0,6.04,6.08,5.98,6.0,21273.8,12845900.0,6.0,5.97,5.8685,6.04,6.6,48.34,-0.11,-0.17,0.06,烽火电子,计算机、通信和其他电子设备制造业,主板,5.987500000000002,5.9599999999999955,5.954166666666665,5.903749999999997,6.360638297872343
561,2018-07-17,6.04,6.05,6.06,5.95,6.04,23333.1,14012500.0,6.0,5.97,5.889,6.02,6.57,48.69,-0.09,-0.15,0.06,烽火电子,计算机、通信和其他电子设备制造业,主板,6.027500000000002,5.9912499999999955,5.964999999999997,5.924374999999997,6.335957446808513
561,2018-07-18,6.08,6.18,6.18,6.05,6.05,39882.9,24411600.0,6.06,5.99,5.9095,6.01,6.55,53.15,-0.07,-0.14,0.07,烽火电子,计算机、通信和其他电子设备制造业,主板,6.067500000000002,6.029999999999996,5.99583333333333,5.9481249999999966,6.316808510638301
561,2018-07-19,6.1,6.02,6.15,5.99,6.18,32324.8,19572300.0,6.06,6.01,5.925000000000001,5.99,6.53,47.66,-0.07,-0.12,0.05,烽火电子,计算机、通信和其他电子设备制造业,主板,6.072500000000002,6.031249999999996,5.991666666666663,5.9618749999999965,6.293829787234045
561,2018-07-20,5.96,6.07,6.1,5.96,6.02,24523.9,14836800.0,6.07,6.03,5.939000000000001,5.98,6.51,49.42,-0.06,-0.11,0.05,烽火电子,计算机、通信和其他电子设备制造业,主板,6.080000000000002,6.033749999999996,5.999999999999996,5.985624999999997,6.2714893617021295
561,2018-07-23,6.07,6.19,6.23,6.06,6.07,35215.2,21726600.0,6.1,6.05,5.9625,5.98,6.48,53.46,-0.04,-0.1,0.06,烽火电子,计算机、通信和其他电子设备制造业,主板,6.115000000000002,6.071249999999996,6.032499999999995,6.002499999999997,6.254468085106385
561,2018-07-24,6.19,6.25,6.28,6.13,6.19,35570.0,22141600.0,6.14,6.07,5.985000000000001,5.98,6.45,55.37,-0.02,-0.08,0.06,烽火电子,计算机、通信和其他电子设备制造业,主板,6.132500000000002,6.099999999999996,6.064166666666662,6.029999999999997,6.241276595744683
561,2018-07-25,6.25,6.22,6.28,6.2,6.25,22432.4,13973500.0,6.15,6.1,6.006000000000001,5.97,6.42,54.17,-0.01,-0.07,0.06,烽火电子,计算机、通信和其他电子设备制造业,主板,6.182500000000002,6.127499999999996,6.081666666666661,6.039374999999996,6.225957446808513
561,2018-07-26,6.22,6.24,6.32,6.22,6.22,21894.9,13728000.0,6.19,6.13,6.033500000000001,5.97,6.41,54.87,0.0,-0.05,0.05,烽火电子,计算机、通信和其他电子设备制造业,主板,6.225000000000001,6.152499999999996,6.097499999999994,6.056249999999996,6.208510638297875
561,2018-07-27,6.24,6.43,6.59,6.23,6.24,51113.1,32739600.0,6.27,6.17,6.059000000000001,5.97,6.39,61.0,0.03,-0.04,0.07,烽火电子,计算机、通信和其他电子设备制造业,主板,6.285000000000001,6.199999999999997,6.142499999999995,6.095624999999996,6.194680851063833
561,2018-07-30,6.37,6.3,6.44,6.29,6.43,31033.8,19667400.0,6.29,6.2,6.083500000000001,5.98,6.38,55.45,0.04,-0.02,0.06,烽火电子,计算机、通信和其他电子设备制造业,主板,6.297500000000001,6.214999999999996,6.165833333333328,6.122499999999995,6.179361702127664
561,2018-07-31,6.28,6.18,6.33,6.12,6.3,26047.5,16159900.0,6.27,6.21,6.089000000000001,6.0,6.36,50.86,0.04,-0.01,0.05,烽火电子,计算机、通信和其他电子设备制造业,主板,6.287500000000001,6.234999999999996,6.180833333333328,6.133124999999995,6.162127659574471
561,2018-08-01,6.17,6.05,6.23,6.05,6.18,21380.8,13113900.0,6.24,6.19,6.093000000000002,6.0,6.34,46.38,0.02,0.0,0.02,烽火电子,计算机、通信和其他电子设备制造业,主板,6.240000000000002,6.2324999999999955,6.18166666666666,6.133124999999995,6.144042553191494
561,2018-08-02,6.05,5.84,6.05,5.72,6.05,26978.5,15800200.0,6.16,6.18,6.0950000000000015,6.01,6.32,40.21,0.0,0.0,0.0,烽火电子,计算机、通信和其他电子设备制造业,主板,6.092500000000002,6.188749999999995,6.16416666666666,6.1299999999999955,6.121702127659579
561,2018-08-03,5.79,5.81,5.9,5.79,5.84,12294.0,7170970.0,6.04,6.15,6.092000000000001,6.01,6.29,39.4,-0.03,-0.01,-0.02,烽火电子,计算机、通信和其他电子设备制造业,主板,5.9700000000000015,6.133749999999996,6.133333333333328,6.116874999999996,6.100851063829791
561,2018-08-06,5.82,5.87,5.88,5.8,5.81,19431.9,11369300.0,5.95,6.12,6.085000000000002,6.01,6.27,41.91,-0.04,-0.01,-0.03,烽火电子,计算机、通信和其他电子设备制造业,主板,5.892500000000002,6.089999999999995,6.120833333333329,6.108749999999996,6.087234042553195
561,2018-08-07,5.87,5.97,5.99,5.81,5.87,18469.9,10920800.0,5.91,6.09,6.081000000000001,6.02,6.25,45.93,-0.04,-0.02,-0.02,烽火电子,计算机、通信和其他电子设备制造业,主板,5.872500000000001,6.056249999999995,6.1124999999999945,6.104374999999996,6.074255319148941
561,2018-08-08,5.97,5.86,5.99,5.82,5.97,13893.2,8195980.0,5.87,6.06,6.079500000000001,6.02,6.23,42.45,-0.06,-0.03,-0.03,烽火电子,计算机、通信和其他电子设备制造业,主板,5.877500000000001,5.984999999999995,6.084999999999995,6.092499999999996,6.058297872340431
561,2018-08-09,5.83,5.98,6.03,5.83,5.86,22633.5,13528500.0,5.9,6.03,6.077500000000002,6.03,6.22,47.15,-0.05,-0.03,-0.02,烽火电子,计算机、通信和其他电子设备制造业,主板,5.920000000000002,5.944999999999995,6.062499999999996,6.0799999999999965,6.045957446808516
561,2018-08-10,5.97,6.02,6.05,5.95,5.98,16452.1,9870540.0,5.94,5.99,6.078500000000002,6.04,6.2,48.66,-0.05,-0.04,-0.01,烽火电子,计算机、通信和其他电子设备制造业,主板,5.957500000000001,5.9249999999999945,6.045833333333328,6.0799999999999965,6.0323404255319195
561,2018-08-13,5.96,6.04,6.06,5.88,6.02,18646.2,11145500.0,5.97,5.96,6.078500000000002,6.04,6.19,49.43,-0.04,-0.04,0.0,烽火电子,计算机、通信和其他电子设备制造业,主板,5.975000000000001,5.923749999999995,6.029166666666662,6.0781249999999964,6.021914893617026
561,2018-08-14,6.04,6.03,6.05,5.96,6.04,16163.6,9719740.0,5.99,5.95,6.077500000000002,6.04,6.17,49.03,-0.04,-0.04,0.0,烽火电子,计算机、通信和其他电子设备制造业,主板,6.017500000000002,5.9474999999999945,5.99583333333333,6.068124999999997,6.013829787234047
561,2018-08-15,6.0,5.86,6.03,5.85,6.03,15614.0,9261450.0,5.99,5.93,6.061500000000002,6.04,6.15,42.72,-0.04,-0.04,0.0,烽火电子,计算机、通信和其他电子设备制造业,主板,5.987500000000002,5.953749999999994,5.959166666666664,6.043749999999997,6.006170212765961
561,2018-08-16,5.84,5.87,5.92,5.76,5.86,16013.4,9365840.0,5.96,5.93,6.054000000000003,6.04,6.13,43.19,-0.05,-0.04,-0.01,烽火电子,计算机、通信和其他电子设备制造业,主板,5.950000000000002,5.953749999999994,5.93333333333333,6.021874999999997,5.997872340425536
561,2018-08-17,5.95,5.78,5.95,5.78,5.87,14573.0,8510520.0,5.92,5.93,6.039500000000002,6.04,6.11,40.05,-0.06,-0.04,-0.02,烽火电子,计算机、通信和其他电子设备制造业,主板,5.8850000000000025,5.929999999999994,5.91083333333333,5.993124999999997,5.984255319148939
561,2018-08-20,5.8,6.36,6.36,5.8,5.78,104314.0,64192400.0,5.98,5.98,6.048000000000003,6.05,6.1,60.15,-0.02,-0.04,0.02,烽火电子,计算机、通信和其他电子设备制造业,主板,5.967500000000002,5.992499999999994,5.954166666666663,5.988749999999998,5.986382978723408
561,2018-08-21,6.37,6.48,6.58,6.21,6.36,172591.0,110332000.0,6.07,6.03,6.0595000000000026,6.06,6.09,62.92,0.02,-0.03,0.05,烽火电子,计算机、通信和其他电子设备制造业,主板,6.122500000000002,6.054999999999994,6.009999999999997,5.999999999999998,5.990000000000005
561,2018-08-22,6.32,6.24,6.43,6.21,6.48,78743.0,49516600.0,6.15,6.07,6.060500000000003,6.08,6.08,54.73,0.02,-0.02,0.04,烽火电子,计算机、通信和其他电子设备制造业,主板,6.2150000000000025,6.082499999999994,6.040833333333329,6.003749999999998,5.990638297872345
561,2018-08-23,6.22,6.25,6.3,6.1,6.24,67676.4,42106000.0,6.22,6.09,6.061000000000003,6.08,6.08,54.99,0.04,-0.01,0.05,烽火电子,计算机、通信和其他电子设备制造业,主板,6.332500000000002,6.108749999999994,6.0641666666666625,6.0162499999999985,6.003617021276601
561,2018-08-24,6.2,6.28,6.3,6.12,6.25,46847.1,29068200.0,6.32,6.12,6.053500000000002,6.09,6.08,55.82,0.05,0.0,0.05,烽火电子,计算机、通信和其他电子设备制造业,主板,6.312500000000003,6.139999999999994,6.099166666666663,6.043749999999998,6.014468085106388
561,2018-08-27,6.28,6.38,6.42,6.22,6.28,64497.6,40989000.0,6.33,6.15,6.057500000000003,6.1,6.07,58.56,0.06,0.02,0.04,烽火电子,计算机、通信和其他电子设备制造业,主板,6.287500000000002,6.204999999999995,6.132499999999996,6.079374999999998,6.028723404255325
561,2018-08-28,6.37,6.4,6.44,6.29,6.38,57821.9,36769500.0,6.31,6.19,6.068500000000003,6.11,6.07,59.11,0.08,0.03,0.05,烽火电子,计算机、通信和其他电子设备制造业,主板,6.327500000000002,6.271249999999995,6.164166666666663,6.112499999999998,6.041702127659579
561,2018-08-29,6.35,6.34,6.41,6.31,6.4,31458.8,20034700.0,6.33,6.24,6.083000000000004,6.12,6.06,56.69,0.08,0.04,0.04,烽火电子,计算机、通信和其他电子设备制造业,主板,6.350000000000002,6.341249999999995,6.1891666666666625,6.135624999999998,6.05489361702128
561,2018-08-30,6.3,6.17,6.37,6.15,6.34,32322.4,20082400.0,6.31,6.27,6.0995000000000035,6.13,6.06,50.41,0.07,0.05,0.02,烽火电子,计算机、通信和其他电子设备制造业,主板,6.322500000000002,6.3174999999999955,6.200833333333329,6.1549999999999985,6.062765957446812
561,2018-08-31,6.2,6.18,6.34,6.15,6.17,25858.0,16144400.0,6.29,6.31,6.118000000000004,6.13,6.05,50.75,0.06,0.05,0.01,烽火电子,计算机、通信和其他电子设备制造业,主板,6.272500000000002,6.279999999999996,6.227499999999996,6.167499999999998,6.070851063829791
561,2018-09-03,6.18,6.11,6.18,6.0,6.18,32882.3,19970000.0,6.24,6.28,6.130000000000004,6.13,6.05,48.22,0.04,0.05,-0.01,烽火电子,计算机、通信和其他电子设备制造业,主板,6.200000000000001,6.2637499999999955,6.247499999999995,6.173124999999998,6.0797872340425565
561,2018-09-04,6.07,6.34,6.34,6.06,6.11,56669.6,35463600.0,6.23,6.27,6.148500000000004,6.13,6.05,55.99,0.05,0.05,0.0,烽火电子,计算机、通信和其他电子设备制造业,主板,6.200000000000001,6.274999999999995,6.294166666666662,6.191874999999998,6.0887234042553215
561,2018-09-05,6.31,6.42,6.46,6.27,6.34,91988.1,58858300.0,6.24,6.29,6.176500000000003,6.14,6.05,58.34,0.06,0.05,0.01,烽火电子,计算机、通信和其他电子设备制造业,主板,6.262500000000001,6.292499999999995,6.299166666666662,6.216249999999998,6.1017021276595775
561,2018-09-06,6.39,6.39,6.47,6.3,6.42,58258.0,37146400.0,6.29,6.3,6.197000000000004,6.14,6.06,57.11,0.07,0.05,0.02,烽火电子,计算机、通信和其他电子设备制造业,主板,6.315000000000001,6.293749999999995,6.291666666666662,6.249374999999998,6.108510638297875
561,2018-09-07,6.39,6.21,6.44,6.18,6.39,55999.8,35290500.0,6.29,6.29,6.206500000000004,6.13,6.05,50.27,0.06,0.06,0.0,烽火电子,计算机、通信和其他电子设备制造业,主板,6.340000000000002,6.269999999999995,6.289166666666662,6.270624999999997,6.113617021276598
561,2018-09-10,6.23,6.12,6.24,6.09,6.21,33957.0,20889900.0,6.3,6.27,6.210500000000002,6.13,6.05,47.23,0.04,0.05,-0.01,烽火电子,计算机、通信和其他电子设备制造业,主板,6.285000000000002,6.242499999999994,6.278333333333329,6.291874999999997,6.120425531914895
561,2018-09-11,6.09,6.2,6.22,6.08,6.12,27937.6,17191200.0,6.27,6.25,6.219000000000003,6.13,6.06,50.12,0.04,0.05,-0.01,烽火电子,计算机、通信和其他电子设备制造业,主板,6.230000000000002,6.2462499999999945,6.271666666666662,6.281874999999998,6.12744680851064
561,2018-09-12,6.18,6.27,6.35,6.13,6.2,35958.6,22492700.0,6.24,6.24,6.239500000000003,6.14,6.07,52.57,0.04,0.05,-0.01,烽火电子,计算机、通信和其他电子设备制造业,主板,6.200000000000002,6.257499999999994,6.262499999999996,6.268749999999997,6.132978723404256
561,2018-09-13,6.29,6.45,6.46,6.21,6.27,65732.9,41771200.0,6.25,6.27,6.268500000000003,6.16,6.08,58.25,0.05,0.05,0.0,烽火电子,计算机、通信和其他电子设备制造业,主板,6.260000000000002,6.2999999999999945,6.266666666666662,6.281874999999998,6.141489361702129
561,2018-09-14,6.41,6.35,6.45,6.31,6.45,48245.1,30718000.0,6.28,6.29,6.297000000000002,6.17,6.09,54.35,0.06,0.05,0.01,烽火电子,计算机、通信和其他电子设备制造业,主板,6.317500000000002,6.301249999999994,6.267499999999995,6.288124999999997,6.151276595744682
561,2018-09-17,6.34,6.24,6.34,6.19,6.35,39316.1,24492900.0,6.3,6.3,6.291000000000003,6.19,6.1,50.37,0.05,0.05,0.0,烽火电子,计算机、通信和其他电子设备制造业,主板,6.3275000000000015,6.278749999999994,6.273333333333327,6.285624999999997,6.155957446808513
561,2018-09-18,6.29,6.58,6.86,6.25,6.24,130775.0,85571300.0,6.38,6.32,6.296000000000003,6.21,6.11,60.11,0.06,0.05,0.01,烽火电子,计算机、通信和其他电子设备制造业,主板,6.405000000000002,6.302499999999994,6.30666666666666,6.298124999999997,6.168297872340427
561,2018-09-19,6.5,6.84,6.97,6.48,6.58,182990.0,123990000.0,6.49,6.36,6.326000000000002,6.24,6.13,65.66,0.1,0.06,0.04,烽火电子,计算机、通信和其他电子设备制造业,主板,6.502500000000002,6.381249999999993,6.3674999999999935,6.325624999999997,6.185319148936171
561,2018-09-20,6.76,6.77,6.84,6.65,6.84,98154.3,66071100.0,6.56,6.4,6.352000000000002,6.27,6.15,63.11,0.12,0.07,0.05,烽火电子,计算机、通信和其他电子设备制造业,主板,6.607500000000002,6.462499999999994,6.403333333333326,6.3524999999999965,6.200638297872341
561,2018-09-21,6.75,6.8,6.86,6.66,6.77,84049.3,56972100.0,6.65,6.46,6.378000000000003,6.29,6.16,63.76,0.14,0.09,0.05,烽火电子,计算机、通信和其他电子设备制造业,主板,6.7475000000000005,6.537499999999993,6.4349999999999925,6.391874999999996,6.213829787234043
561,2018-09-25,6.77,6.71,6.85,6.62,6.8,82487.4,55477000.0,6.74,6.52,6.394500000000003,6.31,6.18,60.33,0.14,0.1,0.04,烽火电子,计算机、通信和其他电子设备制造业,主板,6.780000000000001,6.592499999999994,6.461666666666659,6.424999999999995,6.228510638297872
561,2018-09-26,6.7,6.7,6.72,6.62,6.71,54883.5,36611400.0,6.76,6.57,6.409500000000003,6.34,6.19,59.95,0.15,0.11,0.04,烽火电子,计算机、通信和其他电子设备制造业,主板,6.745000000000002,6.623749999999994,6.502499999999993,6.461874999999996,6.241914893617022
561,2018-09-27,6.65,6.55,6.83,6.46,6.7,94844.6,63470700.0,6.71,6.6,6.4200000000000035,6.36,6.2,54.34,0.13,0.11,0.02,烽火电子,计算机、通信和其他电子设备制造业,主板,6.690000000000002,6.6487499999999935,6.538333333333326,6.474999999999995,6.249574468085107
561,2018-09-28,6.59,6.57,6.66,6.49,6.55,53605.5,35188200.0,6.67,6.61,6.440000000000003,6.38,6.21,54.94,0.13,0.12,0.01,烽火电子,计算机、通信和其他电子设备制造业,主板,6.632500000000003,6.689999999999993,6.56916666666666,6.484374999999996,6.256382978723405
561,2018-10-08,6.46,6.25,6.47,6.2,6.57,49535.0,31394500.0,6.56,6.6,6.443500000000003,6.4,6.22,44.72,0.1,0.11,-0.01,烽火电子,计算机、通信和其他电子设备制造业,主板,6.517500000000004,6.6487499999999935,6.567499999999993,6.4756249999999955,6.2570212765957445
561,2018-10-09,6.28,6.29,6.36,6.2,6.25,39370.3,24690100.0,6.47,6.61,6.452500000000002,6.4,6.22,46.08,0.07,0.1,-0.03,烽火电子,计算机、通信和其他电子设备制造业,主板,6.415000000000004,6.579999999999993,6.55416666666666,6.480624999999996,6.258085106382978
561,2018-10-10,6.26,6.16,6.33,6.12,6.29,40478.4,25147100.0,6.36,6.56,6.443500000000002,6.39,6.22,42.45,0.03,0.09,-0.06,烽火电子,计算机、通信和其他电子设备制造业,主板,6.3175000000000034,6.503749999999993,6.538333333333327,6.483124999999996,6.252340425531915
561,2018-10-11,5.8,5.56,5.95,5.54,6.16,78858.0,44959000.0,6.17,6.44,6.400500000000003,6.36,6.22,30.51,-0.03,0.07,-0.1,烽火电子,计算机、通信和其他电子设备制造业,主板,6.065000000000003,6.348749999999994,6.481666666666661,6.443124999999996,6.2365957446808515
561,2018-10-12,5.54,5.41,5.54,5.12,5.56,51979.6,27977200.0,5.93,6.3,6.351500000000002,6.33,6.21,28.36,-0.11,0.03,-0.14,烽火电子,计算机、通信和其他电子设备制造业,主板,5.855000000000003,6.186249999999993,6.384166666666661,6.389374999999996,6.220212765957447
561,2018-10-15,5.43,5.4,5.59,5.37,5.41,30028.0,16399600.0,5.76,6.16,6.311000000000002,6.31,6.2,28.22,-0.16,-0.01,-0.15,烽火电子,计算机、通信和其他电子设备制造业,主板,5.632500000000004,6.023749999999993,6.264166666666661,6.323749999999996,6.206382978723404
561,2018-10-16,5.44,5.33,5.56,5.26,5.4,26336.0,14320900.0,5.57,6.02,6.271500000000001,6.27,6.19,27.18,-0.21,-0.05,-0.16,烽火电子,计算机、通信和其他电子设备制造业,主板,5.425000000000003,5.871249999999993,6.144166666666661,6.259999999999996,6.195531914893617
561,2018-10-17,5.4,5.38,5.47,5.27,5.33,20986.0,11263300.0,5.42,5.89,6.230500000000001,6.24,6.18,29.17,-0.23,-0.08,-0.15,烽火电子,计算机、通信和其他电子设备制造业,主板,5.3800000000000034,5.722499999999993,6.025833333333328,6.206249999999996,6.186382978723404
561,2018-10-18,5.34,5.34,5.44,5.3,5.38,20374.0,10953800.0,5.37,5.77,6.184000000000001,6.2,6.16,28.5,-0.26,-0.12,-0.14,烽火电子,计算机、通信和其他电子设备制造业,主板,5.362500000000003,5.6087499999999935,5.911666666666662,6.128749999999997,6.175106382978723
561,2018-10-19,5.23,5.46,5.5,5.23,5.34,25474.8,13775400.0,5.38,5.66,6.134500000000001,6.18,6.15,33.45,-0.26,-0.15,-0.11,烽火电子,计算机、通信和其他电子设备制造业,主板,5.377500000000003,5.504999999999994,5.808333333333327,6.042499999999996,6.164255319148935
561,2018-10-22,5.52,5.69,5.79,5.51,5.46,48624.3,27549300.0,5.44,5.6,6.1015000000000015,6.16,6.15,41.77,-0.24,-0.17,-0.07,烽火电子,计算机、通信和其他电子设备制造业,主板,5.467500000000003,5.446249999999994,5.736666666666661,5.974999999999996,6.160638297872338
561,2018-10-23,5.7,5.59,5.77,5.55,5.69,32003.7,18030600.0,5.49,5.53,6.069000000000002,6.15,6.14,39.46,-0.23,-0.18,-0.05,烽火电子,计算机、通信和其他电子设备制造业,主板,5.520000000000003,5.449999999999994,5.654999999999994,5.8993749999999965,6.152340425531912
561,2018-10-24,5.54,5.56,5.65,5.53,5.59,19798.0,11064800.0,5.53,5.47,6.0180000000000025,6.12,6.12,38.76,-0.23,-0.19,-0.04,烽火电子,计算机、通信和其他电子设备制造业,主板,5.575000000000003,5.468749999999995,5.597499999999994,5.827499999999997,6.142553191489359
561,2018-10-25,5.42,5.53,5.58,5.37,5.56,20182.9,11032300.0,5.57,5.47,5.952500000000002,6.09,6.11,38.05,-0.23,-0.2,-0.03,烽火电子,计算机、通信和其他电子设备制造业,主板,5.592500000000003,5.484999999999995,5.5341666666666605,5.754374999999997,6.131702127659571
561,2018-10-26,5.57,5.55,5.65,5.52,5.53,18128.0,10107700.0,5.58,5.48,5.891500000000002,6.06,6.1,38.86,-0.21,-0.2,-0.01,烽火电子,计算机、通信和其他电子设备制造业,主板,5.557500000000003,5.512499999999995,5.483333333333327,5.691874999999997,6.121489361702125
561,2018-10-29,5.55,5.55,5.62,5.52,5.55,18648.0,10381600.0,5.56,5.5,5.829000000000002,6.04,6.09,38.86,-0.21,-0.2,-0.01,烽火电子,计算机、通信和其他电子设备制造业,主板,5.547500000000003,5.533749999999994,5.482499999999994,5.628124999999997,6.1148936170212735
561,2018-10-30,5.55,5.54,5.56,5.35,5.55,23905.8,13059900.0,5.55,5.52,5.770500000000003,6.02,6.07,38.57,-0.2,-0.2,0.0,烽火电子,计算机、通信和其他电子设备制造业,主板,5.542500000000003,5.5587499999999945,5.493333333333328,5.5837499999999975,6.107872340425529
561,2018-10-31,5.55,5.63,5.75,5.51,5.54,28508.5,16067300.0,5.56,5.54,5.717000000000002,6.0,6.06,42.76,-0.19,-0.2,0.01,烽火电子,计算机、通信和其他电子设备制造业,主板,5.567500000000003,5.579999999999995,5.512499999999993,5.542499999999997,6.1046808510638275
561,2018-11-01,5.68,5.68,5.72,5.64,5.63,32758.5,18600400.0,5.59,5.58,5.673500000000002,5.98,6.06,45.01,-0.17,-0.19,0.02,烽火电子,计算机、通信和其他电子设备制造业,主板,5.600000000000002,5.578749999999995,5.541666666666661,5.5124999999999975,6.090212765957444
561,2018-11-02,5.74,5.77,5.78,5.7,5.68,36853.2,21166300.0,5.63,5.61,5.633500000000002,5.96,6.06,48.9,-0.14,-0.18,0.04,烽火电子,计算机、通信和其他电子设备制造业,主板,5.655000000000002,5.601249999999995,5.5741666666666605,5.525624999999997,6.075106382978721
561,2018-11-05,5.78,5.74,5.83,5.66,5.77,35813.7,20566300.0,5.67,5.61,5.608000000000002,5.94,6.06,47.69,-0.12,-0.17,0.05,烽火电子,计算机、通信和其他电子设备制造业,主板,5.705000000000002,5.623749999999995,5.607499999999994,5.546249999999997,6.06446808510638
561,2018-11-06,5.75,5.72,5.75,5.64,5.74,24641.2,14001800.0,5.71,5.63,5.579500000000001,5.92,6.05,46.85,-0.11,-0.16,0.05,烽火电子,计算机、通信和其他电子设备制造业,主板,5.727500000000002,5.647499999999995,5.62916666666666,5.566249999999997,6.0531914893617
561,2018-11-07,5.73,5.73,5.84,5.7,5.72,32798.4,18884500.0,5.73,5.64,5.558000000000002,5.89,6.05,47.35,-0.1,-0.15,0.05,烽火电子,计算机、通信和其他电子设备制造业,主板,5.740000000000002,5.669999999999995,5.632499999999994,5.591249999999997,6.041489361702126
561,2018-11-08,5.78,5.66,5.79,5.66,5.73,25416.1,14505300.0,5.72,5.66,5.5630000000000015,5.85,6.05,44.24,-0.09,-0.14,0.05,烽火电子,计算机、通信和其他电子设备制造业,主板,5.712500000000002,5.6837499999999945,5.638333333333327,5.608749999999997,6.026170212765956
561,2018-11-09,5.63,5.69,5.75,5.61,5.66,21860.1,12421400.0,5.71,5.67,5.577000000000002,5.82,6.04,45.88,-0.08,-0.12,0.04,烽火电子,计算机、通信和其他电子设备制造业,主板,5.700000000000003,5.702499999999994,5.64916666666666,5.630624999999997,6.011063829787234
561,2018-11-12,5.69,5.82,5.83,5.67,5.69,31323.6,18071000.0,5.72,5.7,5.598000000000002,5.79,6.04,52.41,-0.07,-0.11,0.04,烽火电子,计算机、通信和其他电子设备制造业,主板,5.725000000000003,5.726249999999994,5.673333333333328,5.653124999999997,6.0
561,2018-11-13,5.77,5.95,5.99,5.74,5.82,51647.1,30425500.0,5.77,5.74,5.629000000000002,5.76,6.04,57.88,-0.04,-0.1,0.06,烽火电子,计算机、通信和其他电子设备制造业,主板,5.780000000000003,5.7599999999999945,5.706666666666661,5.669374999999997,5.9953191489361695
561,2018-11-14,5.91,5.9,6.03,5.87,5.95,42431.2,25214100.0,5.8,5.77,5.655000000000003,5.73,6.03,55.25,-0.03,-0.08,0.05,烽火电子,计算机、通信和其他电子设备制造业,主板,5.8400000000000025,5.776249999999994,5.7358333333333285,5.688749999999997,5.989361702127658
561,2018-11-15,5.89,6.01,6.05,5.89,5.9,45830.4,27375400.0,5.87,5.8,5.688500000000003,5.72,6.04,59.6,0.0,-0.07,0.07,烽火电子,计算机、通信和其他电子设备制造业,主板,5.920000000000003,5.809999999999993,5.774999999999995,5.716874999999997,5.987234042553189
561,2018-11-16,6.03,6.09,6.1,6.0,6.01,49483.7,29925200.0,5.95,5.83,5.720000000000003,5.7,6.04,62.46,0.02,-0.05,0.07,烽火电子,计算机、通信和其他电子设备制造业,主板,5.9875000000000025,5.856249999999994,5.813333333333329,5.751874999999997,5.981914893617019
561,2018-11-19,6.08,6.08,6.1,5.99,6.09,40444.7,24424000.0,6.01,5.86,5.739500000000003,5.69,6.05,61.87,0.04,-0.03,0.07,烽火电子,计算机、通信和其他电子设备制造业,主板,6.020000000000002,5.899999999999993,5.846666666666661,5.7849999999999975,5.974680851063828
561,2018-11-20,6.05,5.9,6.17,5.87,6.08,53079.1,32127400.0,6.0,5.88,5.7550000000000034,5.68,6.04,52.3,0.03,-0.02,0.05,烽火电子,计算机、通信和其他电子设备制造业,主板,6.020000000000003,5.929999999999993,5.8574999999999955,5.806874999999998,5.964255319148934
561,2018-11-21,5.8,5.96,5.98,5.74,5.9,41822.1,24552900.0,6.01,5.91,5.775000000000003,5.67,6.03,54.81,0.04,-0.01,0.05,烽火电子,计算机、通信和其他电子设备制造业,主板,6.007500000000004,5.963749999999993,5.875833333333329,5.833124999999997,5.9589361702127635
561,2018-11-22,5.95,5.88,5.97,5.87,5.96,25796.7,15277400.0,5.98,5.93,5.792500000000002,5.68,6.02,50.96,0.03,0.0,0.03,烽火电子,计算机、通信和其他电子设备制造业,主板,5.955000000000004,5.971249999999993,5.889166666666662,5.848749999999997,5.9538297872340396
561,2018-11-23,5.89,5.57,5.9,5.53,5.88,45325.5,25792400.0,5.88,5.92,5.7935000000000025,5.69,6.01,39.42,0.0,0.0,0.0,烽火电子,计算机、通信和其他电子设备制造业,主板,5.827500000000004,5.923749999999993,5.875833333333329,5.841874999999996,5.940425531914891
561,2018-11-26,5.59,5.58,5.66,5.56,5.57,21039.1,11785500.0,5.78,5.89,5.795000000000003,5.7,6.0,39.89,-0.02,0.0,-0.02,烽火电子,计算机、通信和其他电子设备制造业,主板,5.747500000000004,5.883749999999993,5.869166666666662,5.8299999999999965,5.925744680851062
561,2018-11-27,5.62,5.75,5.78,5.58,5.58,43966.0,25003600.0,5.75,5.87,5.805500000000002,5.71,5.99,47.41,-0.01,-0.01,0.0,烽火电子,计算机、通信和其他电子设备制造业,主板,5.695000000000004,5.851249999999993,5.874166666666663,5.830624999999997,5.910851063829785
561,2018-11-28,5.76,5.99,6.08,5.69,5.75,74901.5,44079900.0,5.75,5.88,5.823500000000002,5.73,5.98,55.81,0.0,0.0,0.0,烽火电子,计算机、通信和其他电子设备制造业,主板,5.722500000000005,5.838749999999994,5.888333333333328,5.847499999999997,5.903191489361699
561,2018-11-29,6.0,5.83,6.06,5.8,5.99,68749.1,40434000.0,5.74,5.86,5.831000000000001,5.75,5.97,50.07,0.0,0.0,0.0,烽火电子,计算机、通信和其他电子设备制造业,主板,5.787500000000005,5.807499999999994,5.878333333333328,5.853749999999996,5.8944680851063795
561,2018-11-30,5.77,5.78,5.83,5.55,5.83,50876.8,28948900.0,5.79,5.83,5.831500000000002,5.76,5.97,48.39,0.0,0.0,0.0,烽火电子,计算机、通信和其他电子设备制造业,主板,5.837500000000006,5.792499999999994,5.868333333333328,5.8612499999999965,5.877446808510635
561,2018-12-03,5.87,6.05,6.05,5.83,5.78,87622.2,52358100.0,5.88,5.83,5.847000000000002,5.77,5.97,56.8,0.01,0.0,0.01,烽火电子,计算机、通信和其他电子设备制造业,主板,5.912500000000006,5.803749999999994,5.87166666666666,5.8837499999999965,5.860638297872338
561,2018-12-04,6.0,6.16,6.35,5.99,6.05,110772.0,68419000.0,5.96,5.86,5.8690000000000015,5.79,5.97,59.68,0.04,0.01,0.03,烽火电子,计算机、通信和其他电子设备制造业,主板,5.955000000000005,5.838749999999993,5.877499999999993,5.904999999999996,5.847659574468083
561,2018-12-05,6.02,6.18,6.27,5.99,6.16,85424.1,51943200.0,6.0,5.88,5.8915000000000015,5.81,5.96,60.2,0.05,0.02,0.03,烽火电子,计算机、通信和其他电子设备制造业,主板,6.042500000000006,5.914999999999993,5.885833333333327,5.919374999999996,5.834468085106381
561,2018-12-06,6.11,6.0,6.14,5.9,6.18,55548.3,33490400.0,6.03,5.89,5.908500000000002,5.82,5.96,53.51,0.05,0.02,0.03,烽火电子,计算机、通信和其他电子设备制造业,主板,6.0975000000000055,5.967499999999993,5.89416666666666,5.925624999999996,5.819361702127658
561,2018-12-07,6.06,6.05,6.18,6.02,6.0,57153.5,34846700.0,6.09,5.94,5.926500000000002,5.84,5.95,55.01,0.06,0.03,0.03,烽火电子,计算机、通信和其他电子设备制造业,主板,6.0975000000000055,6.004999999999993,5.90166666666666,5.928124999999995,5.805531914893616
561,2018-12-10,6.04,6.1,6.36,5.95,6.05,88200.7,54083400.0,6.1,5.99,5.940500000000002,5.86,5.95,56.52,0.07,0.04,0.03,烽火电子,计算机、通信和其他电子设备制造业,主板,6.082500000000006,6.018749999999993,5.919999999999994,5.928749999999995,5.79595744680851
561,2018-12-11,6.06,6.32,6.34,6.04,6.1,124647.0,77890000.0,6.13,6.05,5.959000000000001,5.89,5.95,62.47,0.09,0.05,0.04,烽火电子,计算机、通信和其他电子设备制造业,主板,6.117500000000006,6.079999999999993,5.982499999999995,5.943749999999995,5.79063829787234
561,2018-12-12,6.33,6.2,6.33,6.17,6.32,80823.2,50355200.0,6.13,6.07,5.974000000000001,5.9,5.95,57.82,0.09,0.06,0.03,烽火电子,计算机、通信和其他电子设备制造业,主板,6.167500000000006,6.132499999999993,6.034166666666661,5.962499999999995,5.789574468085106
561,2018-12-13,6.23,6.18,6.28,6.12,6.2,81929.1,50855700.0,6.17,6.1,5.982500000000001,5.92,5.95,57.06,0.1,0.07,0.03,烽火电子,计算机、通信和其他电子设备制造业,主板,6.2000000000000055,6.1487499999999935,6.069999999999996,5.976249999999996,5.78723404255319
561,2018-12-14,6.19,5.91,6.22,5.9,6.18,93942.7,56450600.0,6.14,6.12,5.9735000000000005,5.93,5.94,47.88,0.08,0.07,0.01,烽火电子,计算机、通信和其他电子设备制造业,主板,6.152500000000005,6.117499999999994,6.063333333333329,5.978124999999996,5.78191489361702
561,2018-12-17,5.85,5.83,5.9,5.74,5.91,47455.9,27535900.0,6.09,6.09,5.961,5.93,5.93,45.54,0.05,0.06,-0.01,烽火电子,计算机、通信和其他电子设备制造业,主板,6.030000000000005,6.073749999999994,6.063333333333329,5.994374999999996,5.787659574468083
561,2018-12-18,5.78,5.81,5.86,5.66,5.83,45042.1,25933100.0,5.99,6.06,5.9565,5.93,5.93,44.95,0.03,0.06,-0.03,烽火电子,计算机、通信和其他电子设备制造业,主板,5.9325000000000045,6.0499999999999945,6.065833333333329,6.0087499999999965,5.796170212765955
561,2018-12-19,5.78,5.68,5.82,5.66,5.81,38504.8,22081400.0,5.88,6.01,5.942500000000001,5.93,5.91,41.21,0.0,0.05,-0.05,烽火电子,计算机、通信和其他电子设备制造业,主板,5.8075000000000045,6.003749999999995,6.034999999999996,6.004374999999996,5.802127659574467
561,2018-12-20,5.66,5.7,5.72,5.65,5.68,32341.0,18374200.0,5.79,5.98,5.9335,5.93,5.89,42.01,-0.02,0.03,-0.05,烽火电子,计算机、通信和其他电子设备制造业,主板,5.755000000000004,5.953749999999995,5.996666666666663,5.9862499999999965,5.809999999999999
561,2018-12-21,5.67,5.7,5.76,5.62,5.7,28520.0,16216700.0,5.74,5.94,5.94,5.93,5.88,42.01,-0.03,0.02,-0.05,烽火电子,计算机、通信和其他电子设备制造业,主板,5.722500000000004,5.876249999999995,5.9566666666666634,5.978124999999997,5.816808510638296
561,2018-12-24,5.68,5.75,5.84,5.65,5.7,45478.7,26199700.0,5.73,5.91,5.948500000000001,5.93,5.86,44.21,-0.04,0.01,-0.05,烽火电子,计算机、通信和其他电子设备制造业,主板,5.707500000000004,5.819999999999995,5.93583333333333,5.976249999999997,5.825531914893616
561,2018-12-25,5.7,5.8,5.82,5.5,5.75,73265.0,41222500.0,5.73,5.86,5.9510000000000005,5.92,5.84,46.4,-0.03,0.0,-0.03,烽火电子,计算机、通信和其他电子设备制造业,主板,5.737500000000004,5.772499999999995,5.9149999999999965,5.960624999999997,5.832765957446808
561,2018-12-26,5.78,5.68,5.78,5.67,5.8,39118.0,22360700.0,5.73,5.8,5.935500000000001,5.92,5.83,42.12,-0.05,-0.01,-0.04,烽火电子,计算机、通信和其他电子设备制造业,主板,5.732500000000004,5.743749999999995,5.879999999999998,5.930624999999997,5.832553191489362
561,2018-12-27,5.76,5.6,5.76,5.6,5.68,38570.0,21929900.0,5.71,5.75,5.924000000000001,5.9,5.81,39.51,-0.06,-0.02,-0.04,烽火电子,计算机、通信和其他电子设备制造业,主板,5.707500000000004,5.714999999999995,5.819999999999998,5.894374999999997,5.832765957446809
561,2018-12-28,5.64,5.61,5.73,5.59,5.6,39407.0,22243600.0,5.69,5.72,5.915500000000001,5.89,5.79,40.01,-0.07,-0.03,-0.04,烽火电子,计算机、通信和其他电子设备制造业,主板,5.672500000000004,5.689999999999995,5.770833333333331,5.8699999999999966,5.833829787234044
561,2019-01-02,5.61,5.71,5.76,5.56,5.61,47541.4,26952700.0,5.68,5.7,5.8985,5.88,5.78,44.92,-0.07,-0.04,-0.03,烽火电子,计算机、通信和其他电子设备制造业,主板,5.650000000000004,5.693749999999995,5.731666666666665,5.848749999999996,5.837659574468087
561,2019-01-03,5.68,6.28,6.28,5.67,5.71,112639.0,69891400.0,5.78,5.75,5.9045000000000005,5.89,5.78,63.35,-0.03,-0.04,0.01,烽火电子,计算机、通信和其他电子设备制造业,主板,5.800000000000004,5.766249999999995,5.762499999999998,5.859999999999997,5.853191489361703
561,2019-01-04,6.48,6.65,6.9,6.37,6.28,467685.0,308670000.0,5.97,5.85,5.928000000000002,5.91,5.79,70.3,0.04,-0.02,0.06,烽火电子,计算机、通信和其他电子设备制造业,主板,6.0625000000000036,5.8849999999999945,5.830833333333332,5.880624999999997,5.876595744680851
561,2019-01-07,6.57,6.9,7.2,6.42,6.65,416540.0,282089000.0,6.23,5.97,5.973000000000002,5.94,5.81,73.9,0.11,0.01,0.1,烽火电子,计算机、通信和其他电子设备制造业,主板,6.385000000000003,6.028749999999994,5.921666666666666,5.924374999999997,5.905531914893616
561,2019-01-08,6.81,6.6,6.82,6.5,6.9,251820.0,167443000.0,6.43,6.06,6.0005000000000015,5.98,5.83,63.89,0.15,0.03,0.12,烽火电子,计算机、通信和其他电子设备制造业,主板,6.6075000000000035,6.128749999999995,5.998333333333332,5.950624999999997,5.926170212765957
561,2019-01-09,6.6,6.54,6.75,6.5,6.6,226245.0,150447000.0,6.59,6.14,6.022500000000003,6.01,5.85,62.08,0.17,0.06,0.11,烽火电子,计算机、通信和其他电子设备制造业,主板,6.672500000000003,6.236249999999995,6.0683333333333325,5.9899999999999975,5.944468085106383
561,2019-01-10,6.58,6.56,6.66,6.44,6.54,153617.0,100374000.0,6.65,6.21,6.034500000000003,6.04,5.87,62.46,0.18,0.09,0.09,烽火电子,计算机、通信和其他电子设备制造业,主板,6.650000000000004,6.356249999999995,6.14,6.035624999999998,5.961276595744681
561,2019-01-11,6.56,6.56,6.63,6.48,6.56,140772.0,92429600.0,6.63,6.3,6.052500000000003,6.06,5.89,62.46,0.19,0.11,0.08,烽火电子,计算机、通信和其他电子设备制造业,主板,6.565000000000005,6.474999999999995,6.2075,6.082499999999998,5.9787234042553195
561,2019-01-14,6.58,6.52,6.65,6.44,6.56,116940.0,76354200.0,6.56,6.39,6.069500000000002,6.08,5.91,61.04,0.19,0.12,0.07,烽火电子,计算机、通信和其他电子设备制造业,主板,6.5450000000000035,6.5762499999999955,6.267499999999999,6.134999999999998,5.995744680851063
561,2019-01-15,6.51,6.48,6.51,6.28,6.52,135282.0,86551800.0,6.53,6.48,6.0980000000000025,6.1,5.93,59.57,0.19,0.14,0.05,烽火电子,计算机、通信和其他电子设备制造业,主板,6.530000000000003,6.601249999999995,6.334166666666666,6.183749999999998,6.011702127659573
561,2019-01-16,6.48,6.31,6.48,6.28,6.48,100269.0,63639900.0,6.49,6.54,6.122000000000002,6.11,5.94,53.68,0.17,0.14,0.03,烽火电子,计算机、通信和其他电子设备制造业,主板,6.467500000000004,6.558749999999995,6.3933333333333335,6.221874999999998,6.025531914893616
561,2019-01-17,6.31,6.19,6.31,6.16,6.31,85993.8,53437000.0,6.41,6.53,6.141000000000003,6.11,5.95,49.92,0.14,0.14,0.0,烽火电子,计算机、通信和其他电子设备制造业,主板,6.375000000000004,6.469999999999995,6.441666666666666,6.249374999999998,6.036170212765956
561,2019-01-18,6.18,6.22,6.24,6.12,6.19,90974.0,56345500.0,6.34,6.49,6.168000000000002,6.11,5.96,50.85,0.12,0.14,-0.02,烽火电子,计算机、通信和其他电子设备制造业,主板,6.300000000000004,6.422499999999995,6.484166666666667,6.275624999999998,6.044680851063829
561,2019-01-21,6.24,6.21,6.34,6.19,6.22,72305.5,45224500.0,6.28,6.42,6.193500000000002,6.12,5.97,50.51,0.1,0.13,-0.03,烽火电子,计算机、通信和其他电子设备制造业,主板,6.232500000000004,6.381249999999995,6.478333333333333,6.308749999999998,6.050212765957446
561,2019-01-22,6.21,6.25,6.31,6.14,6.21,58680.4,36503100.0,6.24,6.38,6.221000000000003,6.13,5.98,51.88,0.09,0.12,-0.03,烽火电子,计算机、通信和其他电子设备制造业,主板,6.217500000000005,6.342499999999995,6.444999999999999,6.349374999999998,6.057659574468085
561,2019-01-23,6.26,6.19,6.26,6.16,6.25,35040.0,21703400.0,6.21,6.35,6.243000000000004,6.13,6.0,49.66,0.08,0.11,-0.03,烽火电子,计算机、通信和其他电子设备制造业,主板,6.217500000000005,6.296249999999994,6.3858333333333315,6.385624999999998,6.061489361702128
561,2019-01-24,6.16,6.21,6.32,6.13,6.19,67166.3,41826900.0,6.22,6.31,6.263500000000004,6.13,6.01,50.42,0.07,0.11,-0.04,烽火电子,计算机、通信和其他电子设备制造业,主板,6.215000000000005,6.257499999999995,6.353333333333332,6.416874999999998,6.064042553191489
561,2019-01-25,6.21,6.05,6.25,6.02,6.21,65192.0,39964700.0,6.18,6.26,6.282000000000004,6.12,6.01,44.62,0.04,0.09,-0.05,烽火电子,计算机、通信和其他电子设备制造业,主板,6.175000000000005,6.203749999999994,6.312499999999997,6.402499999999998,6.063404255319149
561,2019-01-28,6.09,6.02,6.14,6.0,6.05,41812.0,25371300.0,6.14,6.21,6.303000000000004,6.12,6.02,43.61,0.02,0.08,-0.06,烽火电子,计算机、通信和其他电子设备制造业,主板,6.117500000000005,6.167499999999993,6.267499999999997,6.3631249999999975,6.065957446808511
561,2019-01-29,6.04,5.82,6.05,5.62,6.02,70803.7,41041700.0,6.06,6.15,6.313500000000004,6.11,6.02,37.49,-0.01,0.06,-0.07,烽火电子,计算机、通信和其他电子设备制造业,主板,6.025000000000005,6.121249999999994,6.205833333333331,6.295624999999998,6.062978723404256
561,2019-01-30,5.78,5.79,5.87,5.73,5.82,34336.0,19991900.0,5.98,6.1,6.317500000000004,6.11,6.02,36.66,-0.04,0.04,-0.08,烽火电子,计算机、通信和其他电子设备制造业,主板,5.920000000000004,6.067499999999994,6.144999999999999,6.244999999999998,6.061063829787235
561,2019-01-31,5.78,5.7,5.83,5.7,5.79,48339.3,27822400.0,5.88,6.05,6.288500000000004,6.11,6.02,34.21,-0.07,0.02,-0.09,烽火电子,计算机、通信和其他电子设备制造业,主板,5.832500000000004,6.003749999999994,6.079999999999998,6.192499999999998,6.063829787234043
561,2019-02-01,5.7,5.89,5.91,5.7,5.7,36195.4,21152300.0,5.84,6.01,6.250500000000004,6.12,6.02,42.88,-0.07,0.0,-0.07,烽火电子,计算机、通信和其他电子设备制造业,主板,5.800000000000004,5.958749999999994,6.044999999999998,6.150624999999998,6.0704255319148945
561,2019-02-11,5.89,6.05,6.05,5.88,5.89,47088.1,28292700.0,5.85,6.0,6.208000000000004,6.13,6.03,48.98,-0.07,-0.01,-0.06,烽火电子,计算机、通信和其他电子设备制造业,主板,5.857500000000004,5.941249999999994,6.033333333333331,6.118749999999998,6.076808510638299
561,2019-02-12,6.05,6.09,6.12,6.03,6.05,55296.0,33668200.0,5.9,5.98,6.1825000000000045,6.14,6.04,50.41,-0.05,-0.02,-0.03,烽火电子,计算机、通信和其他电子设备制造业,主板,5.9325000000000045,5.926249999999993,6.022499999999998,6.091874999999998,6.078936170212767
561,2019-02-13,6.09,6.28,6.32,6.06,6.09,90672.9,56532800.0,6.0,5.99,6.169500000000005,6.16,6.04,56.61,-0.03,-0.02,-0.01,烽火电子,计算机、通信和其他电子设备制造业,主板,6.077500000000005,5.954999999999994,6.028333333333332,6.079374999999998,6.088510638297873
561,2019-02-14,6.26,6.24,6.28,6.19,6.28,58914.1,36672500.0,6.11,5.99,6.153500000000004,6.17,6.05,55.05,-0.01,-0.02,0.01,烽火电子,计算机、通信和其他电子设备制造业,主板,6.1650000000000045,5.982499999999995,6.027499999999999,6.0749999999999975,6.098297872340427
561,2019-02-15,6.2,6.22,6.3,6.18,6.24,49728.0,31044500.0,6.18,6.01,6.136500000000003,6.19,6.05,54.24,0.0,-0.02,0.02,烽火电子,计算机、通信和其他电子设备制造业,主板,6.207500000000004,6.032499999999994,6.0299999999999985,6.076874999999998,6.101914893617023
561,2019-02-18,6.28,6.39,6.42,6.25,6.22,86230.5,54824100.0,6.24,6.05,6.1300000000000034,6.22,6.06,59.65,0.02,-0.01,0.03,烽火电子,计算机、通信和其他电子设备制造业,主板,6.282500000000004,6.107499999999995,6.044999999999999,6.087499999999998,6.106808510638299
561,2019-02-19,6.38,6.39,6.47,6.26,6.39,100724.0,63974900.0,6.3,6.1,6.125500000000003,6.24,6.07,59.65,0.04,0.0,0.04,烽火电子,计算机、通信和其他电子设备制造业,主板,6.310000000000004,6.193749999999994,6.073333333333333,6.098749999999998,6.111276595744681
561,2019-02-20,6.38,6.41,6.43,6.26,6.39,96098.0,61052200.0,6.33,6.17,6.130500000000003,6.27,6.07,60.29,0.05,0.01,0.04,烽火电子,计算机、通信和其他电子设备制造业,主板,6.3525000000000045,6.258749999999994,6.105833333333333,6.108749999999998,6.120000000000001
561,2019-02-21,6.42,6.47,6.68,6.37,6.41,196179.0,128589000.0,6.38,6.24,6.144500000000003,6.27,6.08,62.22,0.07,0.02,0.05,烽火电子,计算机、通信和其他电子设备制造业,主板,6.4150000000000045,6.311249999999994,6.159999999999999,6.126249999999998,6.128936170212767
561,2019-02-22,6.48,6.62,6.66,6.42,6.47,152193.0,99992700.0,6.46,6.32,6.164500000000004,6.27,6.09,66.6,0.09,0.04,0.05,烽火电子,计算机、通信和其他电子设备制造业,主板,6.472500000000004,6.377499999999994,6.229166666666665,6.151874999999999,6.140000000000001
561,2019-02-25,6.67,6.89,6.96,6.58,6.62,210825.0,142651000.0,6.56,6.4,6.198500000000004,6.27,6.11,72.74,0.14,0.06,0.08,烽火电子,计算机、通信和其他电子设备制造业,主板,6.597500000000004,6.453749999999994,6.328333333333332,6.204374999999999,6.152127659574469
561,2019-02-26,6.84,6.66,6.84,6.61,6.89,226235.0,152061000.0,6.61,6.46,6.219000000000004,6.27,6.13,62.25,0.14,0.07,0.07,烽火电子,计算机、通信和其他电子设备制造业,主板,6.660000000000003,6.506249999999993,6.392499999999998,6.244374999999999,6.1619148936170225
561,2019-02-27,6.6,6.81,7.11,6.58,6.66,262732.0,180321000.0,6.69,6.51,6.250000000000004,6.28,6.15,65.72,0.16,0.09,0.07,烽火电子,计算机、通信和其他电子设备制造业,主板,6.745000000000003,6.579999999999994,6.455833333333332,6.306249999999999,6.175319148936172
561,2019-02-28,6.81,6.78,6.91,6.67,6.81,120886.0,81768500.0,6.75,6.56,6.278500000000005,6.29,6.16,64.45,0.17,0.11,0.06,烽火电子,计算机、通信和其他电子设备制造业,主板,6.785000000000003,6.628749999999994,6.513333333333332,6.368124999999998,6.193829787234042
561,2019-03-01,6.81,6.78,6.84,6.65,6.78,78754.0,52970500.0,6.78,6.62,6.315000000000004,6.3,6.18,64.45,0.18,0.12,0.06,烽火电子,计算机、通信和其他电子设备制造业,主板,6.757500000000002,6.677499999999994,6.554999999999999,6.435624999999998,6.214042553191489
561,2019-03-04,6.8,6.85,6.98,6.8,6.78,146165.0,100601000.0,6.78,6.67,6.356500000000005,6.31,6.19,66.22,0.18,0.13,0.05,烽火电子,计算机、通信和其他电子设备制造业,主板,6.805000000000002,6.732499999999995,6.605833333333332,6.495624999999998,6.236170212765958
561,2019-03-05,6.84,7.13,7.13,6.79,6.85,183567.0,129067000.0,6.87,6.74,6.422000000000006,6.33,6.22,72.2,0.21,0.15,0.06,烽火电子,计算机、通信和其他电子设备制造业,主板,6.8850000000000025,6.814999999999995,6.681666666666665,6.563124999999998,6.267021276595745
561,2019-03-06,7.16,7.18,7.26,7.02,7.13,192088.0,137023000.0,6.94,6.82,6.4915000000000065,6.36,6.24,73.11,0.23,0.16,0.07,烽火电子,计算机、通信和其他电子设备制造业,主板,6.985000000000003,6.884999999999995,6.747499999999999,6.631249999999998,6.298510638297873
561,2019-03-07,7.2,7.3,7.5,7.1,7.18,183014.0,133334000.0,7.05,6.9,6.5715000000000074,6.4,6.25,75.22,0.25,0.18,0.07,烽火电子,计算机、通信和其他电子设备制造业,主板,7.115000000000002,6.936249999999995,6.8233333333333315,6.694999999999998,6.332553191489363
561,2019-03-08,7.07,7.1,7.44,7.0,7.3,174240.0,125450000.0,7.11,6.95,6.632000000000008,6.43,6.27,65.94,0.26,0.2,0.06,烽火电子,计算机、通信和其他电子设备制造业,主板,7.177500000000002,6.9912499999999955,6.880833333333332,6.748749999999998,6.361276595744682
561,2019-03-11,7.18,7.4,7.46,7.15,7.1,177549.0,129401000.0,7.22,7.0,6.699500000000008,6.47,6.29,71.6,0.28,0.21,0.07,烽火电子,计算机、通信和其他电子设备制造业,主板,7.245000000000002,7.064999999999995,6.958333333333332,6.822499999999998,6.395319148936171
561,2019-03-12,7.41,7.67,7.88,7.34,7.4,280577.0,212724000.0,7.33,7.1,6.778500000000006,6.51,6.32,75.54,0.32,0.24,0.08,烽火电子,计算机、通信和其他电子设备制造业,主板,7.3675000000000015,7.176249999999994,7.045833333333332,6.902499999999998,6.4376595744680865
561,2019-03-13,7.62,7.27,7.64,7.16,7.67,187237.0,139387000.0,7.35,7.15,6.828000000000007,6.55,6.34,61.85,0.31,0.25,0.06,烽火电子,计算机、通信和其他电子设备制造业,主板,7.360000000000002,7.237499999999994,7.077499999999998,6.957499999999998,6.473191489361702
561,2019-03-14,7.2,7.02,7.35,6.86,7.27,122128.0,86079400.0,7.29,7.17,6.867000000000007,6.58,6.35,55.13,0.27,0.25,0.02,烽火电子,计算机、通信和其他电子设备制造业,主板,7.340000000000002,7.258749999999993,7.107499999999998,6.995624999999998,6.5031914893617015
561,2019-03-15,7.06,7.12,7.15,7.01,7.02,92085.0,65246500.0,7.3,7.2,6.912000000000008,6.61,6.37,57.14,0.26,0.26,0.0,烽火电子,计算机、通信和其他电子设备制造业,主板,7.270000000000001,7.257499999999992,7.133333333333332,7.036249999999998,6.533191489361702
561,2019-03-18,7.13,7.18,7.2,7.03,7.12,86670.3,61737200.0,7.25,7.24,6.951500000000008,6.65,6.38,58.34,0.25,0.25,0.0,烽火电子,计算机、通信和其他电子设备制造业,主板,7.147500000000001,7.257499999999992,7.166666666666664,7.071249999999997,6.5523404255319155
561,2019-03-19,7.17,7.21,7.36,7.12,7.18,99869.4,72334000.0,7.16,7.24,6.9925000000000095,6.7,6.41,58.96,0.24,0.25,-0.01,烽火电子,计算机、通信和其他电子设备制造业,主板,7.132500000000001,7.246249999999993,7.202499999999997,7.091249999999997,6.564255319148937
561,2019-03-20,7.21,7.18,7.27,6.97,7.21,88213.5,62835700.0,7.14,7.24,7.03100000000001,6.74,6.43,58.03,0.22,0.25,-0.03,烽火电子,计算机、通信和其他电子设备制造业,主板,7.172500000000002,7.256249999999993,7.229999999999997,7.123749999999998,6.570212765957448
561,2019-03-21,7.17,7.34,7.43,7.13,7.18,139657.0,101943000.0,7.21,7.25,7.07450000000001,6.8,6.45,61.52,0.23,0.24,-0.01,烽火电子,计算机、通信和其他电子设备制造业,主板,7.227500000000002,7.248749999999993,7.247499999999998,7.156874999999998,6.585957446808511
561,2019-03-22,7.3,7.52,7.52,7.1,7.34,156955.0,115340000.0,7.29,7.29,7.119500000000011,6.85,6.48,65.04,0.23,0.24,-0.01,烽火电子,计算机、通信和其他电子设备制造业,主板,7.312500000000002,7.229999999999993,7.275833333333331,7.203124999999997,6.606808510638298
561,2019-03-25,7.39,7.66,8.05,7.36,7.52,304858.0,236190000.0,7.38,7.32,7.158000000000011,6.91,6.52,67.53,0.25,0.24,0.01,烽火电子,计算机、通信和其他电子设备制造业,主板,7.4250000000000025,7.278749999999993,7.305833333333331,7.258124999999997,6.630212765957447
561,2019-03-26,7.66,7.25,7.73,7.21,7.66,166238.0,123363000.0,7.39,7.28,7.1875000000000115,6.94,6.54,55.15,0.23,0.24,-0.01,烽火电子,计算机、通信和其他电子设备制造业,主板,7.442500000000003,7.307499999999994,7.318333333333332,7.283124999999997,6.6448936170212765
561,2019-03-27,7.25,7.15,7.32,7.03,7.25,93040.1,66379400.0,7.38,7.26,7.204500000000012,6.97,6.57,52.61,0.2,0.23,-0.03,烽火电子,计算机、通信和其他电子设备制造业,主板,7.395000000000002,7.311249999999995,7.2974999999999985,7.284374999999998,6.658297872340426
561,2019-03-28,7.16,7.18,7.43,7.12,7.15,104363.0,76093800.0,7.35,7.28,7.2245000000000115,7.0,6.59,53.31,0.18,0.22,-0.04,烽火电子,计算机、通信和其他电子设备制造业,主板,7.310000000000001,7.311249999999995,7.256666666666664,7.284374999999997,6.6731914893617015
561,2019-03-29,7.18,7.48,7.49,7.07,7.18,133174.0,97331200.0,7.34,7.32,7.259500000000012,7.05,6.62,59.66,0.18,0.21,-0.03,烽火电子,计算机、通信和其他电子设备制造业,主板,7.2650000000000015,7.344999999999994,7.274166666666665,7.295624999999998,6.698085106382979
561,2019-04-01,7.54,7.78,7.79,7.47,7.48,191865.0,147131000.0,7.37,7.38,7.306000000000012,7.09,6.66,64.82,0.21,0.21,0.0,烽火电子,计算机、通信和其他电子设备制造业,主板,7.397500000000001,7.419999999999994,7.337499999999999,7.338124999999998,6.731914893617021
561,2019-04-02,7.95,8.56,8.56,7.73,7.78,198483.0,164293000.0,7.63,7.51,7.377500000000012,7.16,6.7,74.09,0.3,0.23,0.07,烽火电子,计算机、通信和其他电子设备制造业,主板,7.750000000000002,7.572499999999993,7.457499999999999,7.410624999999998,6.781702127659574
561,2019-04-03,8.78,8.45,9.06,8.3,8.56,507993.0,442085000.0,7.89,7.64,7.441000000000011,7.23,6.75,71.24,0.34,0.25,0.09,烽火电子,计算机、通信和其他电子设备制造业,主板,8.0675,7.6887499999999935,7.563333333333333,7.459374999999998,6.829361702127659
561,2019-04-04,8.36,8.47,8.68,8.19,8.45,286748.0,240763000.0,8.15,7.75,7.49950000000001,7.3,6.79,71.46,0.38,0.28,0.1,烽火电子,计算机、通信和其他电子设备制造业,主板,8.315000000000001,7.789999999999994,7.668333333333333,7.534374999999998,6.876595744680851
561,2019-04-08,8.39,8.15,8.57,8.05,8.47,229627.0,189469000.0,8.28,7.81,7.552000000000011,7.35,6.81,63.3,0.38,0.3,0.08,烽火电子,计算机、通信和其他电子设备制造业,主板,8.4075,7.9024999999999945,7.749166666666667,7.604999999999998,6.918297872340425
561,2019-04-09,8.01,8.19,8.32,8.01,8.15,116181.0,95020600.0,8.36,7.87,7.591500000000011,7.39,6.83,63.85,0.38,0.31,0.07,烽火电子,计算机、通信和其他电子设备制造业,主板,8.315,8.032499999999994,7.82,7.671874999999998,6.960425531914893
561,2019-04-10,8.16,8.05,8.16,7.95,8.19,126870.0,102082000.0,8.26,7.95,7.610500000000012,7.44,6.86,60.41,0.36,0.32,0.04,烽火电子,计算机、通信和其他电子设备制造业,主板,8.215,8.141249999999992,7.864166666666667,7.7262499999999985,7.002978723404255
561,2019-04-11,8.15,7.88,8.15,7.85,8.05,101210.0,80667200.0,8.15,8.02,7.641000000000011,7.48,6.88,56.42,0.33,0.32,0.01,烽火电子,计算机、通信和其他电子设备制造业,主板,8.0675,8.191249999999991,7.8825,7.768124999999999,7.042553191489362
561,2019-04-12,7.82,8.03,8.1,7.82,7.88,109550.0,87994600.0,8.06,8.1,7.69150000000001,7.52,6.9,58.99,0.31,0.32,-0.01,烽火电子,计算机、通信和其他电子设备制造业,主板,8.037500000000001,8.222499999999991,7.947500000000001,7.821249999999997,7.089574468085106
561,2019-04-15,8.23,8.04,8.33,8.01,8.03,125393.0,102471000.0,8.04,8.16,7.73750000000001,7.56,6.93,59.16,0.3,0.32,-0.02,烽火电子,计算机、通信和其他电子设备制造业,主板,8.000000000000002,8.157499999999992,8.021666666666667,7.864999999999997,7.137446808510638
561,2019-04-16,8.04,8.35,8.36,7.89,8.04,149840.0,122629000.0,8.07,8.22,7.796000000000009,7.61,6.96,64.2,0.31,0.32,-0.01,烽火电子,计算机、通信和其他电子设备制造业,主板,8.075000000000003,8.14499999999999,8.119166666666665,7.9168749999999966,7.193829787234042
561,2019-04-17,8.35,8.23,8.45,8.15,8.35,137801.0,114052000.0,8.11,8.18,7.847000000000008,7.65,6.99,61.06,0.3,0.31,-0.01,烽火电子,计算机、通信和其他电子设备制造业,主板,8.162500000000003,8.114999999999991,8.181666666666665,7.952499999999997,7.243617021276597
561,2019-04-18,8.21,8.35,8.39,7.97,8.23,149815.0,123811000.0,8.2,8.17,7.905500000000008,7.69,7.02,63.01,0.31,0.31,0.0,烽火电子,计算机、通信和其他电子设备制造业,主板,8.242500000000003,8.13999999999999,8.229166666666664,8.021249999999997,7.292553191489363
561,2019-04-19,8.26,8.31,8.4,8.08,8.35,114311.0,94394700.0,8.26,8.16,7.954000000000008,7.72,7.06,61.9,0.3,0.31,-0.01,烽火电子,计算机、通信和其他电子设备制造业,主板,8.310000000000004,8.15499999999999,8.20833333333333,8.093749999999996,7.339787234042555
561,2019-04-22,8.26,8.09,8.38,8.03,8.31,103896.0,85385500.0,8.27,8.15,7.982500000000007,7.75,7.09,56.04,0.27,0.3,-0.03,烽火电子,计算机、通信和其他电子设备制造业,主板,8.245000000000003,8.159999999999991,8.178333333333331,8.150624999999996,7.378297872340427
561,2019-04-23,8.1,7.84,8.2,7.79,8.09,106747.0,85215300.0,8.16,8.12,7.991500000000007,7.77,7.12,50.23,0.23,0.29,-0.06,烽火电子,计算机、通信和其他电子设备制造业,主板,8.1475,8.154999999999992,8.12583333333333,8.173124999999997,7.412340425531916
561,2019-04-24,7.84,7.8,7.96,7.58,7.84,91614.0,71191400.0,8.08,8.09,8.019000000000009,7.77,7.14,49.34,0.2,0.27,-0.07,烽火电子,计算机、通信和其他电子设备制造业,主板,8.01,8.126249999999992,8.096666666666664,8.174374999999998,7.445957446808511
561,2019-04-25,7.75,7.35,7.84,7.34,7.8,100028.0,75933800.0,7.88,8.04,8.029000000000007,7.77,7.16,40.68,0.12,0.24,-0.12,烽火电子,计算机、通信和其他电子设备制造业,主板,7.77,8.039999999999992,8.026666666666664,8.098749999999997,7.466382978723406
561,2019-04-26,7.35,7.44,7.61,7.29,7.35,72081.4,53626600.0,7.7,7.98,8.042000000000007,7.79,7.18,42.84,0.07,0.21,-0.14,烽火电子,计算机、通信和其他电子设备制造业,主板,7.607499999999999,7.926249999999992,7.97583333333333,8.035624999999998,7.488723404255321
561,2019-04-29,7.44,7.12,7.49,6.96,7.44,81173.0,58350200.0,7.51,7.89,8.024000000000008,7.79,7.2,37.6,0.01,0.17,-0.16,烽火电子,计算机、通信和其他电子设备制造业,主板,7.427499999999999,7.787499999999991,7.912499999999998,7.951249999999998,7.503829787234044
561,2019-04-30,7.09,7.28,7.3,7.05,7.12,50415.0,36385200.0,7.4,7.78,7.999000000000008,7.79,7.22,41.46,-0.03,0.13,-0.16,烽火电子,计算机、通信和其他电子设备制造业,主板,7.2974999999999985,7.653749999999991,7.849999999999998,7.896874999999998,7.521063829787234
561,2019-05-06,7.1,6.57,7.1,6.55,7.28,81926.1,55522700.0,7.15,7.62,7.899500000000008,7.77,7.23,32.0,-0.11,0.08,-0.19,烽火电子,计算机、通信和其他电子设备制造业,主板,7.102499999999997,7.4362499999999905,7.727499999999999,7.795624999999998,7.52
561,2019-05-07,6.61,6.63,6.69,6.45,6.57,45300.2,29854800.0,7.01,7.44,7.8085000000000075,7.75,7.25,33.39,-0.17,0.03,-0.2,烽火电子,计算机、通信和其他电子设备制造业,主板,6.899999999999998,7.2537499999999895,7.584166666666666,7.7068749999999975,7.514468085106383
561,2019-05-08,6.5,6.65,6.73,6.38,6.63,44258.0,29333100.0,6.85,7.28,7.717500000000008,7.73,7.26,33.87,-0.22,-0.02,-0.2,烽火电子,计算机、通信和其他电子设备制造业,主板,6.782499999999998,7.10499999999999,7.4525,7.629999999999997,7.514255319148935
561,2019-05-09,6.62,6.67,6.76,6.53,6.65,31126.4,20848000.0,6.76,7.14,7.6435000000000075,7.7,7.28,34.38,-0.25,-0.07,-0.18,烽火电子,计算机、通信和其他电子设备制造业,主板,6.629999999999997,6.96374999999999,7.3125,7.544999999999996,7.51127659574468
561,2019-05-10,6.72,7.01,7.03,6.57,6.67,78496.0,53973600.0,6.71,7.05,7.584500000000007,7.68,7.29,42.53,-0.25,-0.1,-0.15,烽火电子,计算机、通信和其他电子设备制造业,主板,6.739999999999997,6.92124999999999,7.204166666666667,7.480624999999996,7.5161702127659575
561,2019-05-13,6.95,6.94,7.06,6.8,7.01,47122.9,32736900.0,6.78,6.97,7.529000000000006,7.67,7.31,41.39,-0.24,-0.13,-0.11,烽火电子,计算机、通信和其他电子设备制造业,主板,6.817499999999996,6.85874999999999,7.108333333333333,7.3924999999999965,7.519574468085107
561,2019-05-14,6.82,7.02,7.15,6.78,6.94,61141.6,42970300.0,6.86,6.93,7.486000000000007,7.66,7.32,43.26,-0.23,-0.15,-0.08,烽火电子,计算机、通信和其他电子设备制造业,主板,6.909999999999997,6.84624999999999,7.039999999999999,7.316874999999996,7.523191489361702
561,2019-05-15,7.04,7.07,7.12,6.98,7.02,49194.0,34697000.0,6.94,6.9,7.438000000000007,7.66,7.33,44.45,-0.22,-0.16,-0.06,烽火电子,计算机、通信和其他电子设备制造业,主板,7.009999999999996,6.81999999999999,6.979166666666665,7.236874999999996,7.521914893617021
561,2019-05-16,7.05,7.13,7.17,6.99,7.07,52118.8,37008900.0,7.03,6.9,7.392500000000007,7.65,7.35,45.92,-0.2,-0.17,-0.03,烽火电子,计算机、通信和其他电子设备制造业,主板,7.039999999999997,6.88999999999999,6.9608333333333325,7.1631249999999955,7.520851063829786
561,2019-05-17,7.12,6.88,7.17,6.87,7.13,53482.6,37522700.0,7.01,6.86,7.319000000000007,7.62,7.36,41.05,-0.2,-0.18,-0.02,烽火电子,计算机、通信和其他电子设备制造业,主板,7.024999999999998,6.92124999999999,6.914166666666666,7.087499999999995,7.51191489361702
561,2019-05-20,6.99,7.1,7.11,6.9,6.88,49150.6,34548400.0,7.04,6.91,7.262500000000007,7.57,7.37,46.44,-0.18,-0.18,0.0,烽火电子,计算机、通信和其他电子设备制造业,主板,7.044999999999997,6.97749999999999,6.912499999999998,7.0412499999999945,7.51191489361702
561,2019-05-21,7.12,7.22,7.32,7.05,7.1,69231.0,49777200.0,7.08,6.97,7.2060000000000075,7.53,7.38,49.17,-0.16,-0.17,0.01,烽火电子,计算机、通信和其他电子设备制造业,主板,7.082499999999998,7.04624999999999,6.907499999999998,7.004999999999995,7.508085106382978
561,2019-05-22,7.22,7.27,7.35,7.1,7.22,54049.8,39228100.0,7.12,7.03,7.154000000000008,7.49,7.39,50.3,-0.13,-0.17,0.04,烽火电子,计算机、通信和其他电子设备制造业,主板,7.117499999999999,7.07874999999999,6.9658333333333315,6.999999999999995,7.499574468085106
561,2019-05-23,7.28,7.07,7.29,7.0,7.27,50477.2,36084000.0,7.11,7.07,7.103000000000007,7.45,7.4,45.88,-0.13,-0.16,0.03,烽火电子,计算机、通信和其他电子设备制造业,主板,7.164999999999998,7.09499999999999,7.002499999999998,6.976874999999994,7.4953191489361695
561,2019-05-24,6.91,6.94,7.11,6.88,7.07,32640.4,22882100.0,7.12,7.06,7.058000000000007,7.41,7.4,43.23,-0.13,-0.15,0.02,烽火电子,计算机、通信和其他电子设备制造业,主板,7.124999999999998,7.08499999999999,7.026666666666664,6.965624999999994,7.493617021276595
561,2019-05-27,6.93,7.22,7.23,6.93,6.94,52214.8,37252100.0,7.14,7.09,7.029000000000006,7.38,7.41,49.95,-0.11,-0.14,0.03,烽火电子,计算机、通信和其他电子设备制造业,主板,7.124999999999998,7.10374999999999,7.072499999999997,6.961874999999994,7.495744680851064
561,2019-05-28,7.24,7.27,7.38,7.23,7.22,74325.7,54221500.0,7.15,7.12,7.0250000000000075,7.36,7.42,51.07,-0.09,-0.13,0.04,烽火电子,计算机、通信和其他电子设备制造业,主板,7.124999999999999,7.12124999999999,7.094166666666663,7.005624999999993,7.497659574468085
561,2019-05-29,7.27,7.31,7.39,7.2,7.27,49168.2,35995200.0,7.16,7.14,7.0185000000000075,7.34,7.43,51.99,-0.07,-0.12,0.05,烽火电子,计算机、通信和其他电子设备制造业,主板,7.184999999999999,7.174999999999989,7.1249999999999964,7.0481249999999935,7.499787234042554
561,2019-05-30,7.3,7.34,7.35,7.17,7.31,47522.0,34546700.0,7.22,7.16,7.029500000000008,7.32,7.44,52.71,-0.05,-0.11,0.06,烽火电子,计算机、通信和其他电子设备制造业,主板,7.284999999999999,7.2049999999999885,7.151666666666664,7.091249999999993,7.5031914893617015
561,2019-05-31,7.33,7.28,7.43,7.27,7.34,40035.2,29409600.0,7.28,7.2,7.029500000000008,7.28,7.44,51.06,-0.04,-0.09,0.05,烽火电子,计算机、通信和其他电子设备制造业,主板,7.299999999999999,7.212499999999988,7.169166666666665,7.129374999999993,7.501914893617021
561,2019-06-03,7.31,7.4,7.45,7.12,7.28,56949.4,41683200.0,7.32,7.23,7.071000000000008,7.25,7.45,54.14,-0.02,-0.08,0.06,烽火电子,计算机、通信和其他电子设备制造业,主板,7.332499999999999,7.228749999999989,7.1916666666666655,7.153749999999993,7.499361702127659
561,2019-06-04,7.31,7.16,7.41,7.05,7.4,55835.6,40268900.0,7.3,7.23,7.097500000000008,7.21,7.45,47.67,-0.02,-0.07,0.05,烽火电子,计算机、通信和其他电子设备制造业,主板,7.294999999999999,7.239999999999989,7.214999999999999,7.167499999999993,7.488723404255318
561,2019-06-05,7.2,7.11,7.25,7.06,7.16,44269.0,31707300.0,7.26,7.21,7.120500000000009,7.17,7.45,46.42,-0.03,-0.06,0.03,烽火电子,计算机、通信和其他电子设备制造业,主板,7.2375,7.26124999999999,7.215833333333332,7.1731249999999935,7.485744680851064
561,2019-06-06,7.13,6.87,7.18,6.85,7.11,40690.3,28502700.0,7.16,7.19,7.130500000000009,7.13,7.44,40.9,-0.06,-0.06,0.0,烽火电子,计算机、通信和其他电子设备制造业,主板,7.135,7.2174999999999905,7.1866666666666665,7.160624999999994,7.479787234042553
561,2019-06-10,6.87,7.08,7.09,6.87,6.87,32528.9,22866700.0,7.12,7.2,7.13400000000001,7.11,7.44,46.86,-0.06,-0.06,0.0,烽火电子,计算机、通信和其他电子设备制造业,主板,7.055,7.193749999999991,7.170833333333333,7.157499999999994,7.477659574468085
561,2019-06-11,7.06,7.25,7.25,6.94,7.08,56150.9,40131000.0,7.09,7.21,7.14950000000001,7.09,7.43,51.15,-0.04,-0.06,0.02,烽火电子,计算机、通信和其他电子设备制造业,主板,7.0775,7.1862499999999905,7.185833333333332,7.180624999999995,7.472765957446808
561,2019-06-12,7.24,7.22,7.28,7.15,7.25,55159.4,39813200.0,7.11,7.2,7.15950000000001,7.08,7.43,50.38,-0.03,-0.05,0.02,烽火电子,计算机、通信和其他电子设备制造业,主板,7.105,7.17124999999999,7.209166666666666,7.188124999999995,7.460851063829788
561,2019-06-13,7.22,7.17,7.26,7.12,7.22,32291.0,23206900.0,7.12,7.19,7.164500000000009,7.08,7.43,49.05,-0.03,-0.05,0.02,烽火电子,计算机、通信和其他电子设备制造业,主板,7.180000000000001,7.15749999999999,7.204999999999999,7.184999999999995,7.431276595744682
561,2019-06-14,7.19,7.06,7.27,7.02,7.17,47172.4,33646900.0,7.16,7.16,7.16100000000001,7.07,7.43,46.16,-0.04,-0.05,0.01,烽火电子,计算机、通信和其他电子设备制造业,主板,7.175000000000001,7.11499999999999,7.1875,7.171874999999996,7.401702127659576
561,2019-06-17,7.05,6.99,7.1,6.94,7.06,25755.6,18032500.0,7.14,7.13,7.166500000000011,7.06,7.43,44.37,-0.05,-0.05,0.0,烽火电子,计算机、通信和其他电子设备制造业,主板,7.110000000000001,7.093749999999991,7.160833333333333,7.166874999999996,7.370212765957447
561,2019-06-18,6.99,6.88,7.01,6.83,6.99,30870.2,21312300.0,7.06,7.08,7.155500000000011,7.07,7.42,41.63,-0.06,-0.05,-0.01,烽火电子,计算机、通信和其他电子设备制造业,主板,7.025000000000002,7.0649999999999915,7.122499999999999,7.1631249999999955,7.343191489361703
561,2019-06-19,6.99,6.97,7.08,6.92,6.88,36592.9,25645800.0,7.01,7.06,7.1430000000000105,7.08,7.42,44.64,-0.07,-0.05,-0.02,烽火电子,计算机、通信和其他电子设备制造业,主板,6.975000000000001,7.077499999999992,7.096666666666665,7.1474999999999955,7.317234042553193
561,2019-06-20,6.96,7.08,7.09,6.88,6.97,37683.8,26463400.0,7.0,7.06,7.13350000000001,7.1,7.41,48.15,-0.07,-0.06,-0.01,烽火电子,计算机、通信和其他电子设备制造业,主板,6.980000000000001,7.077499999999992,7.069999999999998,7.135624999999996,7.296595744680852
561,2019-06-21,7.12,7.2,7.26,7.12,7.08,50467.1,36399800.0,7.02,7.09,7.14000000000001,7.12,7.41,51.75,-0.05,-0.06,0.01,烽火电子,计算机、通信和其他电子设备制造业,主板,7.032500000000001,7.071249999999992,7.0733333333333315,7.128749999999996,7.282127659574469
561,2019-06-24,7.23,7.22,7.25,7.1,7.2,40340.9,28999000.0,7.07,7.1,7.154000000000011,7.12,7.4,52.35,-0.04,-0.05,0.01,烽火电子,计算机、通信和其他电子设备制造业,主板,7.117500000000001,7.071249999999992,7.082499999999999,7.121249999999995,7.264893617021278
561,2019-06-25,7.19,7.05,7.21,6.9,7.22,42721.2,30061600.0,7.1,7.08,7.145500000000011,7.13,7.4,47.05,-0.04,-0.05,0.01,烽火电子,计算机、通信和其他电子设备制造业,主板,7.137500000000001,7.0562499999999915,7.0974999999999975,7.106874999999995,7.243829787234045
561,2019-06-26,7.02,7.1,7.15,6.96,7.05,26047.9,18419400.0,7.13,7.07,7.13700000000001,7.13,7.4,48.69,-0.04,-0.05,0.01,烽火电子,计算机、通信和其他电子设备制造业,主板,7.142500000000002,7.061249999999991,7.099166666666664,7.0881249999999945,7.217234042553193
561,2019-06-27,7.15,7.04,7.16,7.02,7.1,32927.5,23337000.0,7.12,7.06,7.12350000000001,7.13,7.39,46.81,-0.04,-0.05,0.01,烽火电子,计算机、通信和其他电子设备制造业,主板,7.102500000000002,7.067499999999991,7.081666666666664,7.080624999999995,7.191914893617024
561,2019-06-28,7.07,6.9,7.09,6.87,7.04,42241.0,29312200.0,7.06,7.04,7.10150000000001,7.12,7.39,42.67,-0.05,-0.05,0.0,烽火电子,计算机、通信和其他电子设备制造业,主板,7.022500000000003,7.0699999999999905,7.054999999999999,7.0674999999999955,7.161063829787235
561,2019-07-01,7.03,7.16,7.16,7.0,6.9,54309.9,38562700.0,7.05,7.06,7.09550000000001,7.13,7.37,51.29,-0.04,-0.05,0.01,烽火电子,计算机、通信和其他电子设备制造业,主板,7.050000000000003,7.093749999999991,7.0541666666666645,7.085624999999995,7.136595744680853
561,2019-07-02,7.17,7.15,7.23,7.1,7.16,37872.2,27137900.0,7.07,7.09,7.08300000000001,7.13,7.35,50.97,-0.03,-0.04,0.01,烽火电子,计算机、通信和其他电子设备制造业,主板,7.0625000000000036,7.102499999999991,7.061666666666665,7.089999999999995,7.116595744680852
561,2019-07-03,7.16,7.13,7.21,7.05,7.15,37194.6,26473400.0,7.08,7.1,7.08150000000001,7.13,7.33,50.3,-0.02,-0.04,0.02,烽火电子,计算机、通信和其他电子设备制造业,主板,7.085000000000004,7.093749999999991,7.0733333333333315,7.082499999999995,7.1014893617021295
561,2019-07-04,7.14,7.26,7.35,7.1,7.13,104840.0,76010500.0,7.12,7.12,7.089000000000008,7.13,7.31,54.49,-0.01,-0.03,0.02,烽火电子,计算机、通信和其他电子设备制造业,主板,7.175000000000004,7.098749999999992,7.1049999999999995,7.0849999999999955,7.090000000000002
561,2019-07-05,7.2,7.16,7.27,7.1,7.26,51033.4,36577100.0,7.17,7.12,7.103500000000008,7.13,7.29,50.93,0.0,-0.03,0.03,烽火电子,计算机、通信和其他电子设备制造业,主板,7.175000000000003,7.112499999999992,7.120833333333333,7.084374999999995,7.0859574468085125
561,2019-07-08,7.11,6.87,7.11,6.84,7.16,58565.7,40535200.0,7.11,7.08,7.093000000000008,7.13,7.27,42.31,-0.02,-0.02,0.0,烽火电子,计算机、通信和其他电子设备制造业,主板,7.105000000000004,7.083749999999991,7.103333333333333,7.072499999999995,7.073829787234044
561,2019-07-09,6.89,6.8,6.93,6.69,6.87,35677.1,24311500.0,7.04,7.06,7.070500000000008,7.12,7.25,40.53,-0.05,-0.03,-0.02,烽火电子,计算机、通信和其他电子设备制造业,主板,7.0225000000000035,7.053749999999991,7.069999999999999,7.0606249999999955,7.067021276595747
561,2019-07-10,6.88,6.77,6.88,6.75,6.8,20850.0,14184800.0,6.97,7.02,7.048000000000009,7.1,7.23,39.75,-0.07,-0.04,-0.03,烽火电子,计算机、通信和其他电子设备制造业,主板,6.900000000000004,7.037499999999992,7.032499999999999,7.0537499999999955,7.056170212765959
561,2019-07-11,6.75,6.78,6.86,6.73,6.77,24991.0,16984800.0,6.88,7.0,7.02850000000001,7.08,7.21,40.16,-0.07,-0.04,-0.03,烽火电子,计算机、通信和其他电子设备制造业,主板,6.805000000000004,6.989999999999991,7.009999999999999,7.041874999999996,7.060638297872342
561,2019-07-12,6.79,6.91,7.02,6.72,6.78,52868.0,36583000.0,6.83,7.0,7.02100000000001,7.07,7.19,45.37,-0.07,-0.05,-0.02,烽火电子,计算机、通信和其他电子设备制造业,主板,6.815000000000004,6.959999999999991,6.994166666666666,7.031249999999996,7.066595744680853
561,2019-07-15,6.75,6.9,6.94,6.68,6.91,33382.8,22797800.0,6.83,6.97,7.0165000000000095,7.05,7.17,45.04,-0.07,-0.05,-0.02,烽火电子,计算机、通信和其他电子设备制造业,主板,6.840000000000004,6.931249999999991,6.982499999999999,7.012499999999996,7.0719148936170235
561,2019-07-16,6.89,6.84,6.92,6.84,6.9,25254.9,17368900.0,6.84,6.94,7.01450000000001,7.04,7.14,43.05,-0.08,-0.06,-0.02,烽火电子,计算机、通信和其他电子设备制造业,主板,6.857500000000004,6.87874999999999,6.977499999999999,6.988749999999996,7.075531914893618
561,2019-07-17,6.85,6.84,6.91,6.81,6.84,25874.5,17727800.0,6.85,6.91,7.00800000000001,7.03,7.12,43.05,-0.08,-0.06,-0.02,烽火电子,计算机、通信和其他电子设备制造业,主板,6.872500000000004,6.83874999999999,6.950833333333333,6.975624999999996,7.071914893617023
561,2019-07-18,6.78,6.61,6.8,6.6,6.84,35290.9,23557800.0,6.82,6.85,6.9845000000000095,7.01,7.09,35.98,-0.1,-0.07,-0.03,烽火电子,计算机、通信和其他电子设备制造业,主板,6.797500000000004,6.806249999999991,6.905833333333333,6.944999999999997,7.064893617021278
561,2019-07-19,6.61,6.67,6.74,6.6,6.61,17727.5,11833200.0,6.77,6.8,6.95800000000001,7.0,7.07,38.81,-0.11,-0.08,-0.03,烽火电子,计算机、通信和其他电子设备制造业,主板,6.740000000000004,6.789999999999991,6.8675,6.9218749999999964,7.05744680851064
561,2019-07-22,6.7,6.51,6.7,6.43,6.67,25004.8,16292700.0,6.69,6.76,6.922500000000009,6.98,7.04,34.45,-0.12,-0.09,-0.03,烽火电子,计算机、通信和其他电子设备制造业,主板,6.657500000000003,6.757499999999991,6.805,6.897499999999996,7.045531914893619
561,2019-07-23,6.51,6.57,6.58,6.5,6.51,18913.4,12365900.0,6.64,6.74,6.898500000000008,6.96,7.02,37.29,-0.13,-0.1,-0.03,烽火电子,计算机、通信和其他电子设备制造业,主板,6.590000000000004,6.731249999999991,6.7558333333333325,6.860624999999997,7.033617021276598
561,2019-07-24,6.65,6.64,6.75,6.6,6.57,28481.9,19027900.0,6.6,6.73,6.875500000000008,6.94,7.01,40.54,-0.13,-0.1,-0.03,烽火电子,计算机、通信和其他电子设备制造业,主板,6.597500000000004,6.697499999999991,6.7366666666666655,6.828749999999997,7.028510638297874
561,2019-07-25,6.68,6.7,6.74,6.62,6.64,25071.3,16781300.0,6.62,6.72,6.858500000000008,6.93,7.0,43.25,-0.13,-0.11,-0.02,烽火电子,计算机、通信和其他电子设备制造业,主板,6.605000000000004,6.672499999999991,6.728333333333333,6.801874999999997,7.020000000000001
561,2019-07-26,6.66,6.67,6.73,6.6,6.7,24665.6,16426300.0,6.62,6.7,6.847000000000007,6.91,6.99,42.21,-0.12,-0.11,-0.01,烽火电子,计算机、通信和其他电子设备制造业,主板,6.645000000000005,6.651249999999992,6.72,6.764999999999997,7.008297872340426
561,2019-07-29,6.66,6.7,6.72,6.62,6.67,18863.6,12612800.0,6.66,6.68,6.824000000000007,6.9,6.98,43.66,-0.11,-0.11,0.0,烽火电子,计算机、通信和其他电子设备制造业,主板,6.6775000000000055,6.633749999999992,6.713333333333334,6.736249999999997,6.996170212765959
561,2019-07-30,6.7,6.89,7.05,6.68,6.7,89656.2,61692700.0,6.72,6.68,6.811000000000005,6.9,6.99,51.91,-0.09,-0.11,0.02,烽火电子,计算机、通信和其他电子设备制造业,主板,6.7400000000000055,6.668749999999992,6.711666666666667,6.737499999999997,6.992340425531916
561,2019-07-31,6.9,6.92,7.0,6.77,6.89,56931.4,39232500.0,6.78,6.69,6.800500000000005,6.9,6.99,53.08,-0.07,-0.1,0.03,烽火电子,计算机、通信和其他电子设备制造业,主板,6.795000000000006,6.699999999999992,6.713333333333334,6.744999999999997,6.991914893617023
561,2019-08-01,6.88,6.88,6.91,6.81,6.92,34239.4,23514200.0,6.81,6.72,6.781500000000006,6.89,7.0,51.29,-0.06,-0.09,0.03,烽火电子,计算机、通信和其他电子设备制造业,主板,6.8475000000000055,6.746249999999993,6.716666666666666,6.751874999999997,6.98468085106383
561,2019-08-02,6.75,6.82,6.9,6.73,6.88,27828.5,18982800.0,6.84,6.73,6.764500000000005,6.88,7.0,48.64,-0.05,-0.08,0.03,烽火电子,计算机、通信和其他电子设备制造业,主板,6.877500000000006,6.777499999999993,6.714999999999999,6.754374999999998,6.9751063829787245
561,2019-08-05,6.83,6.86,6.91,6.74,6.82,30006.2,20522400.0,6.87,6.76,6.764000000000006,6.87,7.0,50.48,-0.05,-0.08,0.03,烽火电子,计算机、通信和其他电子设备制造业,主板,6.870000000000006,6.804999999999993,6.735833333333332,6.751249999999998,6.965531914893618
561,2019-08-06,6.8,6.96,7.0,6.58,6.86,69329.3,47403400.0,6.89,6.8,6.772000000000006,6.87,7.0,54.82,-0.02,-0.07,0.05,烽火电子,计算机、通信和其他电子设备制造业,主板,6.880000000000006,6.837499999999992,6.759999999999998,6.754999999999997,6.95744680851064
561,2019-08-07,6.99,7.01,7.11,6.92,6.96,66637.9,46920400.0,6.91,6.84,6.784000000000004,6.86,7.0,56.86,-0.01,-0.05,0.04,烽火电子,计算机、通信和其他电子设备制造业,主板,6.912500000000006,6.879999999999992,6.801666666666665,6.765624999999997,6.951702127659576
561,2019-08-08,6.96,7.01,7.1,6.92,7.01,45734.0,32112200.0,6.93,6.87,6.795500000000004,6.86,7.0,56.86,0.0,-0.04,0.04,烽火电子,计算机、通信和其他电子设备制造业,主板,6.960000000000006,6.918749999999991,6.838333333333331,6.776249999999997,6.943404255319151
561,2019-08-09,7.03,6.9,7.06,6.8,7.01,34939.0,24124600.0,6.95,6.9,6.795000000000004,6.86,6.99,50.99,0.0,-0.03,0.03,烽火电子,计算机、通信和其他电子设备制造业,主板,6.970000000000006,6.919999999999991,6.8599999999999985,6.794374999999998,6.937872340425533
561,2019-08-12,6.86,7.13,7.21,6.79,6.9,94889.5,66961500.0,7.0,6.94,6.806500000000004,6.86,7.0,60.24,0.02,-0.02,0.04,烽火电子,计算机、通信和其他电子设备制造业,主板,7.012500000000006,6.946249999999991,6.895833333333331,6.823124999999997,6.938297872340426
561,2019-08-13,7.06,7.17,7.32,7.0,7.13,94858.3,67896600.0,7.04,6.97,6.823000000000003,6.86,7.0,61.59,0.04,-0.01,0.05,烽火电子,计算机、通信和其他电子设备制造业,主板,7.052500000000007,6.982499999999991,6.937499999999997,6.864374999999997,6.944680851063831
561,2019-08-14,7.23,7.2,7.27,7.12,7.17,63547.6,45736500.0,7.08,6.99,6.841000000000003,6.86,7.0,62.62,0.06,0.0,0.06,烽火电子,计算机、通信和其他电子设备制造业,主板,7.1000000000000085,7.029999999999991,6.979166666666664,6.903749999999997,6.947234042553192
561,2019-08-15,7.02,7.19,7.24,6.95,7.2,50873.0,36326000.0,7.12,7.02,6.870000000000002,6.86,7.0,62.03,0.07,0.02,0.05,烽火电子,计算机、通信和其他电子设备制造业,主板,7.172500000000008,7.071249999999991,7.004166666666664,6.938124999999997,6.945957446808511
561,2019-08-16,7.22,7.17,7.26,7.09,7.19,70947.1,50901700.0,7.17,7.06,6.895000000000001,6.86,7.0,60.78,0.08,0.03,0.05,烽火电子,计算机、通信和其他电子设备制造业,主板,7.182500000000009,7.097499999999991,7.024999999999998,6.967499999999997,6.944893617021277
561,2019-08-19,7.17,7.34,7.39,7.15,7.17,121307.0,88484500.0,7.21,7.11,6.936500000000002,6.88,7.0,66.88,0.09,0.04,0.05,烽火电子,计算机、通信和其他电子设备制造业,主板,7.2250000000000085,7.138749999999992,7.063333333333332,7.009374999999997,6.948510638297872
561,2019-08-20,7.34,7.3,7.37,7.25,7.34,58331.3,42662600.0,7.24,7.14,6.973000000000003,6.9,7.01,64.34,0.1,0.05,0.05,烽火电子,计算机、通信和其他电子设备制造业,主板,7.250000000000008,7.174999999999993,7.103333333333332,7.0468749999999964,6.953617021276596
561,2019-08-21,7.3,7.22,7.34,7.18,7.3,56599.6,41020800.0,7.24,7.16,7.002000000000004,6.91,7.0,59.48,0.1,0.06,0.04,烽火电子,计算机、通信和其他电子设备制造业,主板,7.257500000000008,7.214999999999994,7.133333333333332,7.067499999999996,6.958510638297873
561,2019-08-22,7.24,7.44,7.45,7.13,7.22,130432.0,95613300.0,7.29,7.21,7.039000000000004,6.93,7.01,66.89,0.12,0.07,0.05,烽火电子,计算机、通信和其他电子设备制造业,主板,7.325000000000008,7.253749999999994,7.173333333333332,7.099999999999996,6.970425531914894
561,2019-08-23,7.46,7.33,7.49,7.28,7.44,68895.6,50684000.0,7.33,7.25,7.072000000000005,6.95,7.01,60.9,0.12,0.08,0.04,烽火电子,计算机、通信和其他电子设备制造业,主板,7.322500000000008,7.273749999999994,7.199999999999998,7.128124999999996,6.978085106382978
561,2019-08-26,7.2,7.25,7.28,7.17,7.33,40974.9,29632100.0,7.31,7.26,7.099500000000006,6.96,7.01,56.9,0.11,0.09,0.02,烽火电子,计算机、通信和其他电子设备制造业,主板,7.3100000000000085,7.279999999999994,7.219999999999998,7.154999999999996,6.981702127659574
561,2019-08-27,7.28,7.36,7.48,7.24,7.25,64381.5,47389700.0,7.32,7.28,7.123000000000007,6.98,7.01,60.72,0.12,0.09,0.03,烽火电子,计算机、通信和其他电子设备制造业,主板,7.3450000000000095,7.301249999999994,7.25833333333333,7.186249999999996,6.985106382978723
561,2019-08-28,7.35,7.25,7.51,7.25,7.36,72338.0,53372500.0,7.33,7.29,7.139500000000008,6.99,7.01,55.43,0.11,0.1,0.01,烽火电子,计算机、通信和其他电子设备制造业,主板,7.297500000000009,7.311249999999994,7.268333333333331,7.204374999999996,6.985744680851064
561,2019-08-29,7.26,7.12,7.35,7.11,7.25,65449.4,47085200.0,7.26,7.28,7.151500000000008,7.01,7.01,49.91,0.09,0.1,-0.01,烽火电子,计算机、通信和其他电子设备制造业,主板,7.24500000000001,7.283749999999994,7.264166666666664,7.211249999999996,6.987234042553191
561,2019-08-30,7.24,7.42,7.43,7.15,7.12,123718.0,90039500.0,7.28,7.3,7.181500000000009,7.03,7.02,59.85,0.1,0.1,0.0,烽火电子,计算机、通信和其他电子设备制造业,主板,7.28750000000001,7.298749999999995,7.282499999999998,7.236874999999996,6.9940425531914885
561,2019-09-02,7.63,7.93,8.16,7.47,7.42,298206.0,232852000.0,7.42,7.36,7.235000000000008,7.08,7.03,70.56,0.15,0.11,0.04,烽火电子,计算机、通信和其他电子设备制造业,主板,7.43000000000001,7.387499999999996,7.344166666666664,7.301249999999996,7.012978723404254
561,2019-09-03,7.88,8.0,8.03,7.7,7.93,218932.0,172143000.0,7.54,7.43,7.287000000000008,7.13,7.04,71.68,0.18,0.12,0.06,烽火电子,计算机、通信和其他电子设备制造业,主板,7.61750000000001,7.457499999999996,7.41333333333333,7.355624999999996,7.036382978723404
561,2019-09-04,7.88,7.81,7.94,7.76,8.0,128466.0,100577000.0,7.66,7.49,7.327000000000008,7.17,7.05,64.52,0.2,0.14,0.06,烽火电子,计算机、通信和其他电子设备制造业,主板,7.790000000000011,7.5174999999999965,7.452499999999997,7.395624999999996,7.050212765957446
561,2019-09-05,7.82,7.82,8.0,7.79,7.81,123949.0,97882500.0,7.8,7.53,7.367500000000009,7.2,7.06,64.72,0.22,0.15,0.07,烽火电子,计算机、通信和其他电子设备制造业,主板,7.890000000000011,7.588749999999997,7.495833333333331,7.434374999999997,7.064468085106382
561,2019-09-06,7.84,7.88,7.93,7.77,7.82,88937.0,69791200.0,7.89,7.58,7.416500000000008,7.24,7.08,65.96,0.23,0.17,0.06,烽火电子,计算机、通信和其他电子设备制造业,主板,7.877500000000012,7.653749999999997,7.550833333333331,7.4774999999999965,7.080425531914893
561,2019-09-09,7.9,7.99,8.02,7.79,7.88,109653.0,86684200.0,7.9,7.66,7.459500000000008,7.29,7.09,68.16,0.24,0.18,0.06,烽火电子,计算机、通信和其他电子设备制造业,主板,7.875000000000012,7.746249999999996,7.596666666666664,7.528749999999996,7.0959574468085105
561,2019-09-10,7.94,7.87,8.16,7.8,7.99,111205.0,88752600.0,7.87,7.71,7.494500000000009,7.32,7.11,63.35,0.24,0.19,0.05,烽火电子,计算机、通信和其他电子设备制造业,主板,7.890000000000012,7.839999999999997,7.641666666666665,7.561874999999995,7.111063829787233
561,2019-09-11,7.86,7.71,7.94,7.71,7.87,66424.0,51825200.0,7.85,7.76,7.52000000000001,7.34,7.12,57.51,0.22,0.2,0.02,烽火电子,计算机、通信和其他电子设备制造业,主板,7.862500000000011,7.876249999999997,7.679999999999997,7.587499999999996,7.128936170212765
561,2019-09-12,7.76,7.76,7.79,7.64,7.71,47894.4,36961500.0,7.84,7.82,7.5485000000000095,7.37,7.13,58.79,0.21,0.2,0.01,烽火电子,计算机、通信和其他电子设备制造业,主板,7.832500000000011,7.854999999999998,7.713333333333331,7.621249999999996,7.149361702127658
561,2019-09-16,7.76,7.71,7.81,7.68,7.76,71092.8,54903500.0,7.81,7.85,7.575500000000011,7.4,7.14,56.94,0.19,0.2,-0.01,烽火电子,计算机、通信和其他电子设备制造业,主板,7.76250000000001,7.818749999999998,7.751666666666664,7.638124999999997,7.169361702127658
561,2019-09-17,7.71,7.41,7.71,7.35,7.71,74947.0,56229400.0,7.69,7.8,7.57900000000001,7.42,7.15,47.34,0.15,0.19,-0.04,烽火电子,计算机、通信和其他电子设备制造业,主板,7.647500000000009,7.768749999999997,7.77583333333333,7.643124999999997,7.182765957446808
561,2019-09-18,7.39,7.28,7.43,7.26,7.41,58476.9,42861600.0,7.57,7.72,7.57800000000001,7.43,7.15,43.89,0.11,0.17,-0.06,烽火电子,计算机、通信和其他电子设备制造业,主板,7.540000000000008,7.701249999999997,7.7641666666666636,7.644999999999996,7.190638297872339
561,2019-09-19,7.28,7.38,7.39,7.22,7.28,62226.1,45422600.0,7.51,7.68,7.58600000000001,7.44,7.15,47.09,0.09,0.16,-0.07,烽火电子,计算机、通信和其他电子设备制造业,主板,7.445000000000009,7.638749999999997,7.718333333333329,7.646249999999996,7.200851063829786
561,2019-09-20,7.38,7.36,7.42,7.33,7.38,37027.6,27296100.0,7.43,7.64,7.5820000000000105,7.46,7.16,46.52,0.07,0.14,-0.07,烽火电子,计算机、通信和其他电子设备制造业,主板,7.357500000000009,7.559999999999998,7.664999999999996,7.653124999999996,7.2119148936170205
561,2019-09-23,7.37,7.28,7.37,7.17,7.36,44866.6,32490600.0,7.34,7.58,7.57950000000001,7.47,7.17,44.21,0.04,0.12,-0.08,烽火电子,计算机、通信和其他电子设备制造业,主板,7.325000000000009,7.486249999999997,7.620833333333329,7.6631249999999955,7.221276595744681
561,2019-09-24,7.29,7.28,7.37,7.21,7.28,41915.8,30540200.0,7.32,7.5,7.58100000000001,7.47,7.17,44.21,0.01,0.1,-0.09,烽火电子,计算机、通信和其他电子设备制造业,主板,7.325000000000008,7.4324999999999966,7.575833333333328,7.6543749999999955,7.235531914893616
561,2019-09-25,7.27,7.03,7.27,7.03,7.28,59408.4,42273300.0,7.27,7.42,7.5645000000000095,7.47,7.17,37.47,-0.02,0.07,-0.09,烽火电子,计算机、通信和其他电子设备制造业,主板,7.237500000000009,7.341249999999996,7.5049999999999955,7.598124999999994,7.2431914893617
561,2019-09-26,7.03,6.77,7.08,6.76,7.03,62250.1,42691700.0,7.14,7.33,7.54050000000001,7.46,7.16,32.01,-0.07,0.05,-0.12,烽火电子,计算机、通信和其他电子设备制造业,主板,7.090000000000009,7.223749999999996,7.403333333333329,7.521249999999995,7.248723404255316
561,2019-09-27,6.82,6.84,6.89,6.79,6.77,25709.4,17611600.0,7.04,7.23,7.52650000000001,7.44,7.15,34.76,-0.1,0.02,-0.12,烽火电子,计算机、通信和其他电子设备制造业,主板,6.9800000000000075,7.152499999999996,7.3174999999999955,7.460624999999995,7.25446808510638
561,2019-09-30,6.84,6.74,6.9,6.74,6.84,23789.0,16202600.0,6.93,7.14,7.492500000000011,7.43,7.15,32.72,-0.13,-0.01,-0.12,烽火电子,计算机、通信和其他电子设备制造业,主板,6.845000000000008,7.084999999999996,7.236666666666662,7.393124999999994,7.2565957446808484
561,2019-10-08,6.66,6.68,6.8,6.63,6.74,25918.7,17422500.0,6.81,7.06,7.430000000000011,7.41,7.14,31.52,-0.16,-0.04,-0.12,烽火电子,计算机、通信和其他电子设备制造业,主板,6.757500000000007,6.997499999999996,7.146666666666662,7.318124999999995,7.256170212765955
561,2019-10-09,6.68,6.73,6.74,6.6,6.68,25519.7,17056100.0,6.75,7.01,7.366500000000011,7.39,7.14,33.7,-0.17,-0.07,-0.1,烽火电子,计算机、通信和其他电子设备制造业,主板,6.7475000000000085,6.918749999999996,7.064999999999997,7.2393749999999955,7.257446808510636
561,2019-10-10,6.73,6.75,6.78,6.65,6.73,33950.7,22831700.0,6.75,6.95,7.31350000000001,7.37,7.14,34.6,-0.19,-0.09,-0.1,烽火电子,计算机、通信和其他电子设备制造业,主板,6.725000000000009,6.852499999999996,7.009999999999997,7.169374999999995,7.258510638297871
561,2019-10-11,6.75,6.78,6.83,6.72,6.75,29538.7,20019300.0,6.74,6.89,7.2615000000000105,7.35,7.14,35.99,-0.19,-0.11,-0.08,烽火电子,计算机、通信和其他电子设备制造业,主板,6.735000000000008,6.789999999999996,6.96833333333333,7.111249999999996,7.256170212765955
561,2019-10-14,6.81,6.86,6.88,6.8,6.78,31439.5,21541400.0,6.76,6.85,7.210500000000012,7.34,7.14,39.69,-0.18,-0.13,-0.05,烽火电子,计算机、通信和其他电子设备制造业,主板,6.780000000000008,6.768749999999995,6.924999999999997,7.054999999999995,7.254893617021275
561,2019-10-15,6.86,6.73,6.86,6.7,6.86,30314.3,20449500.0,6.77,6.79,7.147500000000011,7.32,7.14,36.05,-0.18,-0.14,-0.04,烽火电子,计算机、通信和其他电子设备制造业,主板,6.780000000000009,6.763749999999996,6.872499999999998,6.993749999999996,7.251702127659573
561,2019-10-16,6.75,6.7,6.76,6.68,6.73,27982.0,18750500.0,6.76,6.76,7.08900000000001,7.3,7.14,35.24,-0.19,-0.15,-0.04,烽火电子,计算机、通信和其他电子设备制造业,主板,6.767500000000009,6.746249999999996,6.824166666666664,6.949374999999996,7.2491489361702115
561,2019-10-17,6.67,6.67,6.73,6.64,6.7,18693.3,12492000.0,6.75,6.75,7.037000000000009,7.28,7.13,34.41,-0.19,-0.16,-0.03,烽火电子,计算机、通信和其他电子设备制造业,主板,6.740000000000009,6.737499999999996,6.773333333333331,6.911249999999996,7.2451063829787214
561,2019-10-18,6.67,6.53,6.7,6.5,6.67,28328.0,18677600.0,6.7,6.72,6.975500000000009,7.26,7.13,30.79,-0.2,-0.16,-0.04,烽火电子,计算机、通信和其他电子设备制造业,主板,6.6575000000000095,6.7187499999999964,6.731666666666665,6.858124999999997,7.235957446808509
561,2019-10-21,6.54,6.45,6.55,6.35,6.53,32265.0,20662100.0,6.62,6.69,6.9125000000000085,7.22,7.13,28.91,-0.21,-0.17,-0.04,烽火电子,计算机、通信和其他电子设备制造业,主板,6.58750000000001,6.683749999999996,6.704999999999998,6.801249999999997,7.224042553191487
561,2019-10-22,6.45,6.51,6.52,6.42,6.45,26051.3,16813500.0,6.57,6.67,6.867500000000009,7.18,7.13,32.24,-0.21,-0.18,-0.03,烽火电子,计算机、通信和其他电子设备制造业,主板,6.540000000000011,6.653749999999996,6.677499999999998,6.753124999999997,7.213404255319147
561,2019-10-23,6.5,6.47,6.56,6.46,6.51,16303.6,10606200.0,6.53,6.64,6.827000000000008,7.13,7.13,31.19,-0.22,-0.19,-0.03,烽火电子,计算机、通信和其他电子设备制造业,主板,6.490000000000011,6.614999999999996,6.6549999999999985,6.702499999999997,7.204255319148936
561,2019-10-24,6.47,6.48,6.51,6.42,6.47,12763.4,8242570.0,6.49,6.62,6.782000000000008,7.08,7.12,31.79,-0.22,-0.19,-0.03,烽火电子,计算机、通信和其他电子设备制造业,主板,6.47750000000001,6.5674999999999955,6.638333333333333,6.668124999999997,7.190425531914894
561,2019-10-25,6.5,6.47,6.5,6.38,6.48,16036.1,10303500.0,6.48,6.59,6.737500000000007,7.04,7.12,31.5,-0.22,-0.2,-0.02,烽火电子,计算机、通信和其他电子设备制造业,主板,6.48250000000001,6.534999999999995,6.616666666666666,6.649374999999997,7.175531914893617
561,2019-10-28,6.47,6.64,6.65,6.47,6.47,36476.5,24019200.0,6.51,6.56,6.705500000000006,7.0,7.12,41.44,-0.2,-0.2,0.0,烽火电子,计算机、通信和其他电子设备制造业,主板,6.5150000000000095,6.5274999999999945,6.607499999999999,6.636874999999997,7.163617021276596
561,2019-10-29,6.64,6.59,6.64,6.58,6.64,28758.0,18977800.0,6.53,6.55,6.6710000000000065,6.95,7.12,39.62,-0.19,-0.2,0.01,烽火电子,计算机、通信和其他电子设备制造业,主板,6.545000000000009,6.517499999999995,6.591666666666666,6.627499999999998,7.150851063829787
561,2019-10-30,6.6,6.55,6.67,6.53,6.59,25207.0,16606800.0,6.55,6.54,6.647000000000007,6.9,7.11,38.18,-0.18,-0.19,0.01,烽火电子,计算机、通信和其他电子设备制造业,主板,6.562500000000008,6.519999999999994,6.565833333333333,6.619374999999998,7.137659574468085
561,2019-10-31,6.6,6.35,6.6,6.35,6.55,28685.1,18451900.0,6.52,6.5,6.6260000000000066,6.86,7.1,31.91,-0.18,-0.19,0.01,烽火电子,计算机、通信和其他电子设备制造业,主板,6.532500000000008,6.507499999999994,6.534166666666665,6.595624999999997,7.116595744680851
561,2019-11-01,6.35,6.44,6.44,6.32,6.35,17929.6,11464300.0,6.51,6.5,6.606000000000006,6.82,7.09,36.93,-0.18,-0.19,0.01,烽火电子,计算机、通信和其他电子设备制造业,主板,6.482500000000007,6.498749999999994,6.512499999999998,6.576249999999997,7.098297872340425
561,2019-11-04,6.45,6.37,6.46,6.35,6.44,18925.0,12124600.0,6.46,6.49,6.587500000000006,6.77,7.09,34.78,-0.18,-0.19,0.01,烽火电子,计算机、通信和其他电子设备制造业,主板,6.427500000000006,6.486249999999994,6.487499999999998,6.5506249999999975,7.080212765957446
561,2019-11-05,6.35,6.39,6.45,6.35,6.37,19114.7,12233500.0,6.42,6.48,6.573000000000005,6.74,7.08,35.92,-0.18,-0.19,0.01,烽火电子,计算机、通信和其他电子设备制造业,主板,6.3875000000000055,6.474999999999994,6.475833333333331,6.5212499999999975,7.057872340425531
561,2019-11-06,6.4,6.44,6.5,6.38,6.39,27549.7,17779500.0,6.4,6.47,6.558500000000005,6.71,7.07,38.82,-0.17,-0.18,0.01,烽火电子,计算机、通信和其他电子设备制造业,主板,6.4100000000000055,6.471249999999994,6.474999999999998,6.503124999999997,7.038936170212765
561,2019-11-07,6.4,6.45,6.48,6.39,6.44,15966.9,10296600.0,6.42,6.47,6.543500000000004,6.68,7.06,39.41,-0.16,-0.18,0.02,烽火电子,计算机、通信和其他电子设备制造业,主板,6.412500000000006,6.4474999999999945,6.469999999999998,6.487499999999997,7.021914893617021
561,2019-11-08,6.48,6.48,6.55,6.43,6.45,20543.1,13332800.0,6.43,6.47,6.528500000000004,6.65,7.05,41.24,-0.15,-0.17,0.02,烽火电子,计算机、通信和其他电子设备制造业,主板,6.440000000000006,6.4337499999999945,6.470833333333331,6.475624999999997,7.0031914893617015
561,2019-11-11,6.46,6.23,6.46,6.21,6.48,26339.7,16542500.0,6.4,6.43,6.4970000000000026,6.61,7.04,32.45,-0.16,-0.17,0.01,烽火电子,计算机、通信和其他电子设备制造业,主板,6.400000000000006,6.393749999999995,6.449999999999998,6.4568749999999975,6.981489361702128
561,2019-11-12,6.23,6.19,6.28,6.05,6.23,18963.0,11642200.0,6.36,6.39,6.470000000000003,6.58,7.03,31.3,-0.16,-0.17,0.01,烽火电子,计算机、通信和其他电子设备制造业,主板,6.337500000000006,6.373749999999995,6.426666666666665,6.440624999999997,6.961702127659574
561,2019-11-13,6.19,6.11,6.19,6.06,6.19,17262.1,10545300.0,6.29,6.35,6.4405000000000046,6.55,7.01,29.08,-0.18,-0.17,-0.01,烽火电子,计算机、通信和其他电子设备制造业,主板,6.252500000000006,6.332499999999995,6.382499999999998,6.415624999999997,6.933829787234043
561,2019-11-14,6.11,6.14,6.15,6.08,6.11,17539.3,10740600.0,6.23,6.32,6.414000000000004,6.53,6.99,31.05,-0.18,-0.17,-0.01,烽火电子,计算机、通信和其他电子设备制造业,主板,6.167500000000006,6.3037499999999955,6.344999999999998,6.394999999999997,6.895744680851063
561,2019-11-15,6.14,6.08,6.15,6.05,6.14,16957.3,10339200.0,6.15,6.29,6.391500000000005,6.5,6.97,29.29,-0.19,-0.18,-0.01,烽火电子,计算机、通信和其他电子设备制造业,主板,6.130000000000005,6.264999999999995,6.305833333333331,6.3699999999999966,6.8548936170212755
561,2019-11-18,6.08,6.11,6.11,6.03,6.08,13577.0,8249800.0,6.13,6.26,6.374500000000006,6.48,6.95,31.38,-0.19,-0.18,-0.01,烽火电子,计算机、通信和其他电子设备制造业,主板,6.110000000000005,6.2237499999999955,6.285833333333332,6.347499999999997,6.818723404255318
561,2019-11-19,6.11,6.18,6.2,6.1,6.11,15052.8,9271080.0,6.12,6.24,6.358000000000005,6.46,6.93,36.13,-0.18,-0.18,0.0,烽火电子,计算机、通信和其他电子设备制造业,主板,6.127500000000005,6.189999999999995,6.264166666666665,6.318749999999997,6.783829787234042
561,2019-11-20,6.18,6.1,6.22,6.09,6.18,14345.0,8818560.0,6.12,6.21,6.3395000000000055,6.44,6.91,33.3,-0.17,-0.18,0.01,烽火电子,计算机、通信和其他电子设备制造业,主板,6.117500000000005,6.142499999999995,6.2416666666666645,6.288124999999996,6.745957446808511
561,2019-11-21,6.09,6.21,6.22,6.05,6.1,26708.2,16420000.0,6.14,6.18,6.326000000000006,6.42,6.9,40.24,-0.17,-0.18,0.01,烽火电子,计算机、通信和其他电子设备制造业,主板,6.150000000000006,6.139999999999995,6.226666666666664,6.266874999999996,6.7080851063829785
561,2019-11-22,6.18,6.61,6.83,6.17,6.21,147114.0,96684900.0,6.24,6.2,6.3330000000000055,6.42,6.88,57.54,-0.13,-0.17,0.04,烽火电子,计算机、通信和其他电子设备制造业,主板,6.275000000000006,6.1924999999999955,6.240833333333331,6.2831249999999965,6.681276595744681
561,2019-11-25,6.57,6.68,6.85,6.52,6.61,147645.0,98862600.0,6.36,6.24,6.335000000000006,6.41,6.87,59.74,-0.09,-0.15,0.06,烽火电子,计算机、通信和其他电子设备制造业,主板,6.400000000000006,6.2637499999999955,6.259999999999997,6.298124999999997,6.65936170212766
561,2019-11-26,6.7,6.55,6.75,6.53,6.68,79675.9,52693600.0,6.43,6.28,6.3330000000000055,6.41,6.86,54.14,-0.06,-0.13,0.07,烽火电子,计算机、通信和其他电子设备制造业,主板,6.512500000000005,6.314999999999995,6.26583333333333,6.309374999999997,6.633617021276597
561,2019-11-27,6.51,6.55,6.57,6.41,6.55,50679.2,32897800.0,6.52,6.32,6.333000000000006,6.4,6.85,54.14,-0.04,-0.11,0.07,烽火电子,计算机、通信和其他电子设备制造业,主板,6.597500000000004,6.373749999999995,6.292499999999996,6.319374999999996,6.608936170212767
561,2019-11-28,6.5,6.6,6.65,6.49,6.55,57281.6,37667700.0,6.6,6.37,6.345500000000007,6.4,6.84,55.98,-0.03,-0.1,0.07,烽火电子,计算机、通信和其他电子设备制造业,主板,6.595000000000004,6.434999999999995,6.326666666666662,6.329374999999996,6.591702127659576
561,2019-11-29,6.59,6.59,6.62,6.53,6.6,20695.7,13626800.0,6.59,6.42,6.353000000000007,6.4,6.83,55.5,-0.01,-0.08,0.07,烽火电子,计算机、通信和其他电子设备制造业,主板,6.572500000000003,6.486249999999996,6.366666666666663,6.338124999999996,6.577021276595746
561,2019-12-02,6.59,6.73,6.85,6.57,6.59,163279.0,110086000.0,6.6,6.48,6.371000000000007,6.41,6.82,60.59,0.01,-0.06,0.07,烽火电子,计算机、通信和其他电子设备制造业,主板,6.617500000000002,6.564999999999995,6.415833333333329,6.353749999999996,6.563191489361704
561,2019-12-03,6.74,6.69,6.8,6.66,6.73,115777.0,77722900.0,6.63,6.53,6.386000000000006,6.42,6.8,58.53,0.03,-0.04,0.07,烽火电子,计算机、通信和其他电子设备制造业,主板,6.6525000000000025,6.624999999999995,6.466666666666662,6.382499999999996,6.548936170212768
561,2019-12-04,6.83,6.67,6.83,6.64,6.69,103714.0,69593400.0,6.66,6.59,6.397500000000006,6.42,6.77,57.48,0.04,-0.03,0.07,烽火电子,计算机、通信和其他电子设备制造业,主板,6.670000000000002,6.632499999999995,6.513333333333329,6.412499999999996,6.535957446808513
561,2019-12-05,6.64,6.56,6.72,6.55,6.67,106060.0,69944200.0,6.65,6.62,6.403000000000008,6.42,6.75,51.94,0.03,-0.02,0.05,烽火电子,计算机、通信和其他电子设备制造业,主板,6.662500000000002,6.617499999999995,6.544999999999997,6.440624999999996,6.520638297872344
561,2019-12-06,6.58,6.53,6.59,6.47,6.56,49058.0,31958800.0,6.64,6.62,6.405500000000008,6.43,6.73,50.51,0.03,-0.01,0.04,烽火电子,计算机、通信和其他电子设备制造业,主板,6.612500000000002,6.614999999999996,6.580833333333331,6.464999999999996,6.510000000000003
561,2019-12-09,6.52,6.54,6.55,6.48,6.53,33588.9,21887400.0,6.6,6.6,6.421000000000008,6.42,6.71,51.0,0.03,0.0,0.03,烽火电子,计算机、通信和其他电子设备制造业,主板,6.575000000000002,6.613749999999996,6.608333333333332,6.493749999999997,6.5051063829787275
561,2019-12-10,6.54,6.55,6.55,6.46,6.54,39128.0,25422100.0,6.57,6.6,6.439000000000009,6.42,6.69,51.51,0.03,0.01,0.02,烽火电子,计算机、通信和其他电子设备制造业,主板,6.545000000000002,6.6074999999999955,6.603333333333332,6.521249999999997,6.498936170212771
561,2019-12-11,6.55,6.57,6.6,6.47,6.55,60994.7,39928100.0,6.55,6.6,6.462000000000008,6.42,6.66,52.57,0.02,0.01,0.01,烽火电子,计算机、通信和其他电子设备制造业,主板,6.547500000000002,6.604999999999995,6.594166666666664,6.545624999999996,6.495319148936175
561,2019-12-12,6.57,6.67,6.73,6.53,6.57,132119.0,87989600.0,6.57,6.61,6.488500000000007,6.43,6.65,57.59,0.03,0.01,0.02,烽火电子,计算机、通信和其他电子设备制造业,主板,6.582500000000001,6.597499999999995,6.604166666666664,6.581249999999996,6.495106382978728
561,2019-12-13,6.7,6.71,6.78,6.64,6.67,74391.0,49769400.0,6.61,6.62,6.520000000000008,6.44,6.63,59.43,0.04,0.02,0.02,烽火电子,计算机、通信和其他电子设备制造业,主板,6.625000000000002,6.599999999999995,6.617499999999997,6.612499999999996,6.494680851063833
561,2019-12-16,6.71,6.81,6.83,6.65,6.71,143959.0,97542500.0,6.66,6.63,6.555000000000007,6.46,6.61,63.69,0.05,0.03,0.02,烽火电子,计算机、通信和其他电子设备制造业,主板,6.690000000000002,6.617499999999995,6.634999999999998,6.6249999999999964,6.495957446808514
561,2019-12-17,6.82,7.03,7.16,6.81,6.81,186615.0,130873000.0,6.76,6.66,6.597500000000006,6.48,6.61,70.92,0.09,0.04,0.05,烽火电子,计算机、通信和其他电子设备制造业,主板,6.8050000000000015,6.676249999999995,6.671666666666664,6.646874999999996,6.5012765957446845
561,2019-12-18,6.95,6.97,7.11,6.91,7.03,89924.8,62931800.0,6.84,6.69,6.641000000000007,6.5,6.6,67.0,0.1,0.05,0.05,烽火电子,计算机、通信和其他电子设备制造业,主板,6.880000000000001,6.731249999999995,6.691666666666664,6.673124999999996,6.503617021276599
561,2019-12-19,6.96,7.16,7.25,6.91,6.97,190811.0,135713000.0,6.94,6.75,6.6885000000000066,6.52,6.6,72.23,0.13,0.07,0.06,烽火电子,计算机、通信和其他电子设备制造业,主板,6.9925000000000015,6.808749999999995,6.73083333333333,6.711249999999996,6.512765957446812
561,2019-12-20,7.14,7.19,7.37,7.06,7.16,187113.0,134857000.0,7.03,6.82,6.717500000000006,6.54,6.6,72.96,0.15,0.08,0.07,烽火电子,计算机、通信和其他电子设备制造业,主板,7.087500000000001,6.8887499999999955,6.774166666666663,6.748124999999996,6.5231914893617065
561,2019-12-23,7.25,7.11,7.34,7.07,7.19,128346.0,92181500.0,7.09,6.88,6.739000000000006,6.57,6.59,67.85,0.16,0.1,0.06,烽火电子,计算机、通信和其他电子设备制造业,主板,7.107500000000002,6.956249999999995,6.819999999999997,6.780624999999996,6.532553191489366
561,2019-12-24,7.11,7.4,7.5,6.96,7.11,219463.0,159380000.0,7.17,6.96,6.781500000000006,6.61,6.6,74.76,0.18,0.11,0.07,烽火电子,计算机、通信和其他电子设备制造业,主板,7.215000000000002,7.047499999999995,6.892499999999997,6.822499999999996,6.551063829787238
561,2019-12-25,7.34,7.42,7.51,7.26,7.4,181187.0,133870000.0,7.26,7.05,6.825000000000005,6.66,6.6,75.15,0.21,0.13,0.08,烽火电子,计算机、通信和其他电子设备制造业,主板,7.280000000000002,7.136249999999995,6.96583333333333,6.8681249999999965,6.571702127659579
561,2019-12-26,7.45,7.39,7.75,7.31,7.42,171112.0,127734000.0,7.3,7.12,6.864500000000004,6.7,6.61,73.29,0.23,0.15,0.08,烽火电子,计算机、通信和其他电子设备制造业,主板,7.330000000000001,7.208749999999995,7.03583333333333,6.913124999999996,6.5904255319148985
561,2019-12-27,7.36,7.29,7.6,7.22,7.39,152266.0,112107000.0,7.32,7.18,6.899500000000003,6.74,6.62,67.31,0.22,0.17,0.05,烽火电子,计算机、通信和其他电子设备制造业,主板,7.375000000000002,7.2412499999999955,7.095833333333331,6.958749999999997,6.607872340425536
561,2019-12-30,7.21,7.3,7.36,7.09,7.29,108685.0,78978900.0,7.36,7.23,6.928000000000004,6.78,6.63,67.6,0.22,0.18,0.04,烽火电子,计算机、通信和其他电子设备制造业,主板,7.350000000000001,7.282499999999995,7.148333333333331,7.006874999999996,6.625319148936175
561,2019-12-31,7.25,7.3,7.39,7.18,7.3,111019.0,81003500.0,7.34,7.25,6.958500000000005,6.82,6.64,67.6,0.22,0.19,0.03,烽火电子,计算机、通信和其他电子设备制造业,主板,7.32,7.299999999999995,7.197499999999998,7.054374999999996,6.642978723404259
561,2020-01-02,7.32,7.29,7.45,7.28,7.3,111877.0,82099900.0,7.31,7.28,6.989500000000005,6.86,6.65,66.92,0.2,0.19,0.01,烽火电子,计算机、通信和其他电子设备制造业,主板,7.295,7.3124999999999964,7.237499999999998,7.100624999999996,6.656808510638303
561,2020-01-03,7.28,7.25,7.3,7.18,7.29,82445.4,59710500.0,7.29,7.29,7.024000000000005,6.89,6.66,64.16,0.19,0.19,0.0,烽火电子,计算机、通信和其他电子设备制造业,主板,7.285,7.3299999999999965,7.255833333333332,7.143124999999996,6.670851063829793
561,2020-01-06,7.32,7.38,7.42,7.28,7.25,114788.0,84490400.0,7.3,7.31,7.066500000000005,6.92,6.67,68.68,0.2,0.19,0.01,烽火电子,计算机、通信和其他电子设备制造业,主板,7.305000000000001,7.327499999999996,7.289999999999998,7.187499999999996,6.688510638297878
561,2020-01-07,7.37,7.42,7.46,7.28,7.38,131060.0,96661000.0,7.33,7.34,7.1105000000000045,6.94,6.68,69.94,0.2,0.19,0.01,烽火电子,计算机、通信和其他电子设备制造业,主板,7.335,7.327499999999995,7.311666666666665,7.231874999999996,6.711276595744686
561,2020-01-08,7.44,7.42,7.57,7.35,7.42,144970.0,108232000.0,7.35,7.35,7.1540000000000035,6.97,6.69,69.94,0.19,0.19,0.0,烽火电子,计算机、通信和其他电子设备制造业,主板,7.3675,7.331249999999995,7.330833333333332,7.269999999999996,6.7321276595744735
561,2020-01-09,7.4,7.34,7.47,7.23,7.42,126386.0,92593100.0,7.36,7.34,7.192500000000004,7.0,6.7,63.98,0.18,0.19,-0.01,烽火电子,计算机、通信和其他电子设备制造业,主板,7.390000000000001,7.337499999999996,7.349999999999999,7.289374999999996,6.7527659574468135
561,2020-01-10,7.35,7.32,7.41,7.23,7.34,62321.0,45557200.0,7.38,7.33,7.225000000000004,7.02,6.71,62.55,0.18,0.19,-0.01,烽火电子,计算机、通信和其他电子设备制造业,主板,7.375000000000001,7.339999999999996,7.343333333333331,7.311249999999996,6.772553191489367
561,2020-01-13,7.31,7.41,7.44,7.26,7.32,89902.0,66320200.0,7.38,7.34,7.260000000000003,7.05,6.72,66.22,0.17,0.18,-0.01,烽火电子,计算机、通信和其他电子设备制造业,主板,7.3725000000000005,7.353749999999996,7.342499999999998,7.326874999999996,6.793191489361708
561,2020-01-14,7.42,7.42,7.48,7.35,7.41,98071.9,72620800.0,7.38,7.36,7.290500000000003,7.07,6.74,66.61,0.17,0.18,-0.01,烽火电子,计算机、通信和其他电子设备制造业,主板,7.3725000000000005,7.3699999999999966,7.344999999999998,7.341249999999996,6.813829787234049
561,2020-01-15,7.42,7.26,7.46,7.2,7.42,80449.5,58679600.0,7.35,7.35,7.302000000000002,7.09,6.75,55.52,0.15,0.18,-0.03,烽火电子,计算机、通信和其他电子设备制造业,主板,7.3525,7.371249999999996,7.342499999999998,7.350624999999996,6.830425531914899
561,2020-01-16,7.25,7.2,7.36,7.12,7.26,73429.0,52991300.0,7.32,7.34,7.313500000000002,7.11,6.76,52.02,0.13,0.17,-0.04,烽火电子,计算机、通信和其他电子设备制造业,主板,7.3225,7.348749999999996,7.334166666666665,7.338124999999996,6.851063829787239
561,2020-01-17,7.21,7.0,7.23,7.0,7.2,56668.4,40160300.0,7.26,7.32,7.305500000000002,7.12,6.77,42.42,0.09,0.15,-0.06,烽火电子,计算机、通信和其他电子设备制造业,主板,7.22,7.296249999999995,7.309166666666665,7.311874999999996,6.86829787234043
561,2020-01-20,6.98,7.16,7.24,6.98,7.0,75953.2,54046700.0,7.21,7.3,7.304000000000002,7.14,6.78,50.32,0.08,0.14,-0.06,烽火电子,计算机、通信和其他电子设备制造业,主板,7.154999999999999,7.263749999999995,7.298333333333331,7.297499999999996,6.8906382978723455
561,2020-01-21,7.22,7.07,7.37,7.06,7.16,76013.2,54444800.0,7.14,7.26,7.302000000000001,7.16,6.79,46.46,0.06,0.12,-0.06,烽火电子,计算机、通信和其他电子设备制造业,主板,7.1075,7.229999999999993,7.283333333333331,7.283749999999995,6.910425531914899
561,2020-01-22,7.05,6.94,7.05,6.87,7.07,63797.9,44263400.0,7.07,7.21,7.279000000000001,7.17,6.8,41.51,0.03,0.1,-0.07,烽火电子,计算机、通信和其他电子设备制造业,主板,7.0424999999999995,7.182499999999993,7.246666666666665,7.261249999999995,6.928723404255325
561,2020-01-23,6.88,6.59,6.98,6.48,6.94,65616.9,44240000.0,6.95,7.14,7.237500000000002,7.17,6.8,31.71,-0.02,0.08,-0.1,烽火电子,计算机、通信和其他电子设备制造业,主板,6.9399999999999995,7.079999999999993,7.177499999999998,7.2168749999999955,6.938936170212771
561,2020-02-03,5.93,5.93,5.93,5.93,6.59,12902.0,7650890.0,6.74,7.0,7.164500000000002,7.15,6.79,21.43,-0.1,0.04,-0.14,烽火电子,计算机、通信和其他电子设备制造业,主板,6.632499999999999,6.893749999999993,7.053333333333331,7.131874999999995,6.933617021276601
561,2020-02-04,5.34,5.62,5.76,5.34,5.93,106955.0,59340000.0,6.43,6.82,7.081000000000003,7.11,6.78,18.41,-0.2,-0.01,-0.19,烽火电子,计算机、通信和其他电子设备制造业,主板,6.27,6.688749999999993,6.9099999999999975,7.029999999999995,6.923404255319153
561,2020-02-05,5.68,5.8,5.87,5.62,5.62,72722.0,41919600.0,6.18,6.66,7.006000000000003,7.08,6.77,25.02,-0.26,-0.06,-0.2,烽火电子,计算机、通信和其他电子设备制造业,主板,5.984999999999999,6.513749999999992,6.783333333333331,6.931249999999995,6.914680851063835
561,2020-02-06,5.77,5.93,5.98,5.71,5.8,73660.2,43538000.0,5.97,6.52,6.937500000000003,7.04,6.76,29.46,-0.29,-0.1,-0.19,烽火电子,计算机、通信和其他电子设备制造业,主板,5.819999999999999,6.379999999999992,6.659999999999999,6.838124999999995,6.900212765957452
561,2020-02-07,5.93,6.02,6.06,5.87,5.93,69193.6,41313000.0,5.86,6.41,6.874000000000004,7.01,6.75,32.44,-0.3,-0.14,-0.16,烽火电子,计算机、通信和其他电子设备制造业,主板,5.842499999999999,6.237499999999992,6.543333333333332,6.750624999999995,6.886170212765962
561,2020-02-10,5.98,6.13,6.15,5.98,6.02,60395.0,36720000.0,5.9,6.32,6.818000000000003,6.98,6.75,36.0,-0.3,-0.17,-0.13,烽火电子,计算机、通信和其他电子设备制造业,主板,5.969999999999999,6.119999999999992,6.449166666666664,6.6749999999999945,6.877234042553195
561,2020-02-11,6.13,6.08,6.17,6.06,6.13,47769.0,29176800.0,5.99,6.21,6.7530000000000046,6.94,6.74,35.1,-0.3,-0.2,-0.1,烽火电子,计算机、通信和其他电子设备制造业,主板,6.039999999999998,6.012499999999992,6.35583333333333,6.597499999999995,6.867234042553195
561,2020-02-12,6.08,6.35,6.4,6.04,6.08,118837.0,74113300.0,6.1,6.14,6.699500000000005,6.91,6.74,43.38,-0.28,-0.22,-0.06,烽火电子,计算机、通信和其他电子设备制造业,主板,6.144999999999998,5.982499999999993,6.301666666666663,6.531249999999995,6.8619148936170244
561,2020-02-13,6.34,6.28,6.39,6.2,6.35,64908.3,40674300.0,6.17,6.07,6.642500000000005,6.88,6.75,41.89,-0.27,-0.23,-0.04,烽火电子,计算机、通信和其他电子设备制造业,主板,6.209999999999998,6.026249999999993,6.228333333333331,6.459999999999995,6.855319148936173
561,2020-02-14,6.21,6.37,6.43,6.21,6.28,92906.9,58873000.0,6.24,6.05,6.594000000000006,6.84,6.75,44.53,-0.24,-0.23,-0.01,烽火电子,计算机、通信和其他电子设备制造业,主板,6.269999999999999,6.119999999999993,6.169999999999997,6.404374999999995,6.847659574468088
561,2020-02-17,6.36,6.7,6.75,6.34,6.37,165562.0,108321000.0,6.36,6.13,6.563000000000005,6.82,6.76,52.98,-0.19,-0.22,0.03,烽火电子,计算机、通信和其他电子设备制造业,主板,6.424999999999999,6.232499999999994,6.149999999999998,6.373124999999995,6.847872340425535
561,2020-02-18,6.65,6.77,6.9,6.62,6.7,130842.0,88516300.0,6.49,6.24,6.531000000000006,6.8,6.77,54.56,-0.15,-0.21,0.06,烽火电子,计算机、通信和其他电子设备制造业,主板,6.529999999999999,6.337499999999994,6.1649999999999965,6.358749999999994,6.850000000000002
561,2020-02-19,6.7,6.73,6.85,6.62,6.77,114609.0,77042500.0,6.57,6.34,6.496500000000006,6.78,6.78,53.45,-0.11,-0.19,0.08,烽火电子,计算机、通信和其他电子设备制造业,主板,6.642499999999998,6.426249999999994,6.231666666666665,6.331874999999995,6.853617021276598
561,2020-02-20,6.66,6.73,6.77,6.59,6.73,92468.2,61841900.0,6.66,6.42,6.470000000000006,6.76,6.79,53.45,-0.09,-0.17,0.08,烽火电子,计算机、通信和其他电子设备制造业,主板,6.732499999999999,6.501249999999994,6.324166666666664,6.310624999999995,6.857872340425535
561,2020-02-21,6.76,6.84,6.92,6.73,6.73,132073.0,90186900.0,6.75,6.5,6.452000000000007,6.75,6.8,56.28,-0.05,-0.14,0.09,烽火电子,计算机、通信和其他电子设备制造业,主板,6.767499999999999,6.596249999999994,6.410833333333332,6.304374999999995,6.864255319148938
561,2020-02-24,6.9,7.12,7.17,6.78,6.84,178090.0,124873000.0,6.84,6.6,6.458000000000007,6.74,6.82,62.52,0.0,-0.12,0.12,烽火电子,计算机、通信和其他电子设备制造业,主板,6.8549999999999995,6.692499999999994,6.509999999999998,6.337499999999995,6.876382978723407
561,2020-02-25,6.95,7.01,7.06,6.68,7.12,141775.0,98440600.0,6.89,6.69,6.450500000000007,6.73,6.82,58.96,0.02,-0.09,0.11,烽火电子,计算机、通信和其他电子设备制造业,主板,6.925,6.783749999999993,6.5924999999999985,6.404999999999996,6.885744680851066
561,2020-02-26,7.0,6.9,7.13,6.86,7.01,125303.0,87752100.0,6.92,6.74,6.442000000000007,6.71,6.83,55.55,0.04,-0.06,0.1,烽火电子,计算机、通信和其他电子设备制造业,主板,6.9675,6.849999999999993,6.656666666666666,6.484999999999996,6.890638297872342
561,2020-02-27,6.89,6.85,7.0,6.79,6.9,74264.5,51202800.0,6.94,6.8,6.437500000000007,6.7,6.83,54.02,0.05,-0.04,0.09,烽火电子,计算机、通信和其他电子设备制造业,主板,6.97,6.868749999999993,6.720833333333332,6.550624999999996,6.893617021276598
561,2020-02-28,6.6,6.31,6.69,6.29,6.85,110509.0,71683400.0,6.84,6.8,6.423500000000007,6.66,6.83,40.93,0.01,-0.03,0.04,烽火电子,计算机、通信和其他电子设备制造业,主板,6.767499999999999,6.811249999999994,6.7175,6.574374999999996,6.882978723404258
561,2020-03-02,6.36,6.7,6.75,6.36,6.31,71569.5,47281600.0,6.75,6.8,6.462000000000006,6.64,6.83,50.3,0.01,-0.02,0.03,烽火电子,计算机、通信和其他电子设备制造业,主板,6.6899999999999995,6.807499999999994,6.7525,6.616874999999997,6.875957446808513
561,2020-03-03,6.78,6.8,7.04,6.71,6.7,124115.0,85673800.0,6.71,6.8,6.521000000000006,6.62,6.83,52.38,0.02,-0.01,0.03,烽火电子,计算机、通信和其他电子设备制造业,主板,6.664999999999999,6.816249999999993,6.788333333333333,6.658749999999997,6.872340425531918
561,2020-03-04,6.7,6.84,6.9,6.69,6.8,76449.9,51981600.0,6.7,6.81,6.573000000000006,6.6,6.84,53.23,0.03,0.0,0.03,烽火电子,计算机、通信和其他电子设备制造业,主板,6.6625,6.816249999999993,6.8,6.706249999999997,6.8655319148936185
561,2020-03-05,6.96,6.97,7.01,6.9,6.84,101692.0,70773800.0,6.72,6.83,6.625000000000005,6.59,6.84,55.97,0.04,0.0,0.04,烽火电子,计算机、通信和其他电子设备制造业,主板,6.8275,6.797499999999993,6.816666666666666,6.744999999999997,6.860851063829789
561,2020-03-06,7.02,7.05,7.13,6.88,6.97,123687.0,86777400.0,6.87,6.86,6.676500000000006,6.59,6.85,57.61,0.06,0.02,0.04,烽火电子,计算机、通信和其他电子设备制造业,主板,6.915,6.802499999999993,6.843333333333333,6.793124999999997,6.859574468085109
561,2020-03-09,6.98,7.33,7.55,6.94,7.05,323582.0,236399000.0,7.0,6.88,6.736500000000007,6.6,6.86,62.84,0.1,0.03,0.07,烽火电子,计算机、通信和其他电子设备制造业,主板,7.0475,6.856249999999993,6.893333333333332,6.853124999999997,6.858085106382981
561,2020-03-10,7.16,8.06,8.06,7.0,7.33,396500.0,297833000.0,7.25,6.98,6.835500000000006,6.63,6.88,72.39,0.19,0.06,0.13,烽火电子,计算机、通信和其他电子设备制造业,主板,7.3525,7.007499999999993,6.994999999999998,6.938124999999997,6.871702127659576
561,2020-03-11,8.3,8.87,8.87,8.08,8.06,643701.0,559472000.0,7.66,7.18,6.961500000000006,6.69,6.92,78.88,0.32,0.11,0.21,烽火电子,计算机、通信和其他电子设备制造业,主板,7.827500000000001,7.3274999999999935,7.140833333333332,7.069374999999997,6.903191489361705
561,2020-03-12,8.87,8.26,8.87,8.01,8.87,623293.0,522982000.0,7.91,7.32,7.060500000000006,6.73,6.95,66.25,0.37,0.17,0.2,烽火电子,计算机、通信和其他电子设备制造业,主板,8.13,7.522499999999994,7.244999999999998,7.164999999999997,6.923829787234044
561,2020-03-13,7.56,7.8,8.23,7.43,8.26,464720.0,359507000.0,8.06,7.47,7.132000000000007,6.77,6.97,58.63,0.36,0.2,0.16,烽火电子,计算机、通信和其他电子设备制造业,主板,8.2475,7.647499999999994,7.319999999999998,7.231874999999997,6.934468085106385
561,2020-03-16,7.93,7.07,7.97,7.03,7.8,342351.0,254395000.0,8.01,7.5,7.150500000000006,6.81,6.98,48.99,0.29,0.22,0.07,烽火电子,计算机、通信和其他电子设备制造业,主板,8.0,7.6762499999999925,7.338333333333331,7.246249999999996,6.929574468085107
561,2020-03-17,7.05,6.88,7.27,6.5,7.07,227231.0,156034000.0,7.78,7.51,7.156000000000006,6.85,6.98,46.84,0.23,0.22,0.01,烽火电子,计算机、通信和其他电子设备制造业,主板,7.502500000000001,7.664999999999992,7.385833333333331,7.231249999999996,6.9208510638297875
561,2020-03-18,6.96,6.61,7.07,6.6,6.88,195262.0,134447000.0,7.32,7.49,7.1500000000000075,6.88,6.98,43.88,0.16,0.21,-0.05,烽火电子,计算机、通信和其他电子设备制造业,主板,7.090000000000002,7.609999999999992,7.37833333333333,7.206249999999995,6.907234042553193
561,2020-03-19,6.61,6.85,7.01,6.5,6.61,168481.0,113353000.0,7.04,7.48,7.156000000000008,6.91,6.98,47.08,0.1,0.19,-0.09,烽火电子,计算机、通信和其他电子设备制造业,主板,6.852500000000002,7.549999999999992,7.382499999999997,7.203124999999995,6.895957446808512
561,2020-03-20,6.89,6.88,7.02,6.75,6.85,130530.0,89898500.0,6.86,7.46,7.158000000000007,6.94,6.97,47.48,0.08,0.17,-0.09,烽火电子,计算机、通信和其他电子设备制造业,主板,6.8050000000000015,7.402499999999991,7.38583333333333,7.204999999999995,6.884468085106384
561,2020-03-23,6.63,6.54,6.85,6.52,6.88,111534.0,74437100.0,6.75,7.38,7.129000000000007,6.95,6.96,43.44,0.02,0.14,-0.12,烽火电子,计算机、通信和其他电子设备制造业,主板,6.7200000000000015,7.111249999999992,7.349999999999997,7.219374999999995,6.865744680851065
561,2020-03-24,6.65,6.66,6.74,6.36,6.54,117765.0,77848400.0,6.71,7.24,7.111500000000007,6.97,6.96,45.21,-0.01,0.11,-0.12,烽火电子,计算机、通信和其他电子设备制造业,主板,6.732500000000002,6.911249999999993,7.317499999999996,7.216874999999995,6.851276595744683
561,2020-03-25,6.78,6.82,6.85,6.68,6.66,134806.0,91415300.0,6.75,7.04,7.107500000000006,6.99,6.95,47.57,-0.02,0.08,-0.1,烽火电子,计算机、通信和其他电子设备制造业,主板,6.725000000000001,6.788749999999993,7.274999999999998,7.218124999999994,6.840638297872343
561,2020-03-26,6.69,6.54,6.72,6.53,6.82,119288.0,79037600.0,6.69,6.86,7.092000000000006,7.0,6.94,44.0,-0.06,0.05,-0.11,烽火电子,计算机、通信和其他电子设备制造业,主板,6.6400000000000015,6.722499999999993,7.148333333333331,7.1993749999999945,6.822127659574471
561,2020-03-27,6.63,6.45,6.63,6.4,6.54,74700.0,48807700.0,6.6,6.73,7.0990000000000055,7.0,6.92,42.89,-0.09,0.03,-0.12,烽火电子,计算机、通信和其他电子设备制造业,主板,6.6175000000000015,6.668749999999993,6.9466666666666645,7.166874999999995,6.801489361702129
561,2020-03-30,6.31,6.17,6.36,6.1,6.45,98024.7,60705000.0,6.53,6.64,7.072500000000005,6.98,6.9,39.54,-0.13,-0.01,-0.12,烽火电子,计算机、通信和其他电子设备制造业,主板,6.495000000000002,6.613749999999993,6.772499999999997,7.111874999999995,6.778297872340428
561,2020-03-31,6.29,6.09,6.3,6.08,6.17,67564.1,41864700.0,6.41,6.56,7.037000000000004,6.96,6.88,38.61,-0.18,-0.04,-0.14,烽火电子,计算机、通信和其他电子设备制造业,主板,6.312500000000002,6.518749999999993,6.629999999999998,7.034374999999995,6.754680851063831
561,2020-04-01,6.09,6.08,6.2,6.06,6.09,57425.3,35200700.0,6.27,6.51,6.999000000000005,6.94,6.86,38.49,-0.2,-0.07,-0.13,烽火电子,计算机、通信和其他电子设备制造业,主板,6.197500000000002,6.418749999999992,6.547499999999997,6.910624999999995,6.735106382978725
561,2020-04-02,6.01,6.24,6.25,6.01,6.08,71687.6,43952800.0,6.21,6.45,6.962500000000006,6.92,6.84,41.66,-0.21,-0.1,-0.11,烽火电子,计算机、通信和其他电子设备制造业,主板,6.145000000000002,6.3812499999999925,6.494166666666664,6.7462499999999945,6.715531914893618
561,2020-04-03,6.2,6.2,6.28,6.16,6.24,61335.5,38125200.0,6.16,6.38,6.920000000000004,6.9,6.82,41.09,-0.23,-0.13,-0.1,烽火电子,计算机、通信和其他电子设备制造业,主板,6.152500000000002,6.323749999999993,6.459999999999997,6.617499999999994,6.697021276595746
561,2020-04-07,6.34,6.48,6.53,6.29,6.2,100433.0,64719900.0,6.22,6.37,6.877500000000003,6.88,6.81,46.59,-0.2,-0.14,-0.06,烽火电子,计算机、通信和其他电子设备制造业,主板,6.250000000000002,6.281249999999994,6.4291666666666645,6.534999999999995,6.687234042553193
561,2020-04-08,6.43,6.67,6.71,6.42,6.48,137609.0,91103700.0,6.33,6.37,6.8080000000000025,6.87,6.8,50.01,-0.17,-0.15,-0.02,烽火电子,计算机、通信和其他电子设备制造业,主板,6.397500000000003,6.297499999999994,6.411666666666665,6.5099999999999945,6.688936170212768
561,2020-04-09,6.74,6.72,6.8,6.64,6.67,110464.0,74130600.0,6.46,6.36,6.700500000000003,6.86,6.79,50.9,-0.14,-0.15,0.01,烽火电子,计算机、通信和其他电子设备制造业,主板,6.517500000000002,6.331249999999994,6.426666666666665,6.499999999999995,6.705744680851066
561,2020-04-10,6.7,6.56,6.8,6.54,6.72,91114.8,60401800.0,6.53,6.37,6.615500000000003,6.85,6.77,47.95,-0.13,-0.14,0.01,烽火电子,计算机、通信和其他电子设备制造业,主板,6.607500000000003,6.379999999999994,6.418333333333332,6.496874999999995,6.725744680851067
561,2020-04-13,6.61,6.71,6.82,6.54,6.56,123123.0,82692500.0,6.63,6.39,6.561000000000003,6.86,6.76,50.82,-0.1,-0.13,0.03,烽火电子,计算机、通信和其他电子设备制造业,主板,6.665000000000002,6.457499999999994,6.409166666666664,6.488124999999995,6.745106382978725
561,2020-04-14,6.71,6.84,6.86,6.65,6.71,102731.0,69656800.0,6.7,6.46,6.549500000000004,6.87,6.75,53.23,-0.08,-0.12,0.04,烽火电子,计算机、通信和其他电子设备制造业,主板,6.707500000000001,6.552499999999995,6.4341666666666635,6.485624999999995,6.764468085106384
561,2020-04-15,6.7,6.56,6.7,6.53,6.84,133748.0,88161300.0,6.68,6.51,6.533500000000004,6.86,6.74,47.8,-0.07,-0.11,0.04,烽火电子,计算机、通信和其他电子设备制造业,主板,6.667500000000002,6.592499999999995,6.443333333333331,6.486874999999995,6.775957446808513
561,2020-04-16,6.58,6.56,6.62,6.4,6.56,69496.9,45355500.0,6.65,6.55,6.531000000000003,6.85,6.73,47.8,-0.07,-0.1,0.03,烽火电子,计算机、通信和其他电子设备制造业,主板,6.667500000000003,6.637499999999995,6.47583333333333,6.480624999999995,6.785106382978725
561,2020-04-17,6.56,6.48,6.65,6.45,6.56,79820.5,52201700.0,6.63,6.58,6.512500000000003,6.83,6.71,46.24,-0.08,-0.1,0.02,烽火电子,计算机、通信和其他电子设备制造业,主板,6.610000000000003,6.637499999999994,6.50833333333333,6.459374999999996,6.7936170212765985
561,2020-04-20,6.48,6.49,6.52,6.4,6.48,61048.5,39372300.0,6.59,6.61,6.493000000000004,6.82,6.7,46.48,-0.07,-0.09,0.02,烽火电子,计算机、通信和其他电子设备制造业,主板,6.5225000000000035,6.614999999999994,6.542499999999997,6.456249999999995,6.796595744680854
561,2020-04-21,6.45,6.59,6.61,6.41,6.49,91699.0,59865100.0,6.54,6.62,6.495500000000004,6.79,6.69,48.89,-0.07,-0.09,0.02,烽火电子,计算机、通信和其他电子设备制造业,主板,6.530000000000004,6.598749999999994,6.5716666666666645,6.464999999999995,6.803191489361705
561,2020-04-22,6.5,6.74,6.76,6.44,6.59,129489.0,85816000.0,6.57,6.62,6.499500000000005,6.75,6.69,52.35,-0.05,-0.08,0.03,烽火电子,计算机、通信和其他电子设备制造业,主板,6.575000000000004,6.621249999999994,6.616666666666664,6.500624999999995,6.811063829787236
561,2020-04-23,6.78,7.01,7.05,6.68,6.74,246419.0,170954000.0,6.66,6.65,6.509000000000005,6.68,6.69,57.89,-0.01,-0.07,0.06,烽火电子,计算机、通信和其他电子设备制造业,主板,6.707500000000004,6.658749999999993,6.66083333333333,6.558124999999995,6.817659574468087
561,2020-04-24,7.01,6.88,7.07,6.66,7.01,196650.0,134860000.0,6.74,6.69,6.526000000000005,6.64,6.69,54.6,0.01,-0.05,0.06,烽火电子,计算机、通信和其他电子设备制造业,主板,6.805000000000003,6.663749999999993,6.67833333333333,6.608124999999995,6.820000000000003
561,2020-04-27,6.85,6.64,6.85,6.61,6.88,105696.0,70757700.0,6.77,6.68,6.535500000000004,6.6,6.69,49.06,0.0,-0.04,0.04,烽火电子,计算机、通信和其他电子设备制造业,主板,6.8175000000000034,6.673749999999993,6.671666666666663,6.633124999999995,6.818085106382981
561,2020-04-28,6.64,6.34,6.64,6.12,6.64,99070.2,63211300.0,6.72,6.63,6.544000000000006,6.58,6.69,43.16,-0.02,-0.04,0.02,烽火电子,计算机、通信和其他电子设备制造业,主板,6.717500000000003,6.646249999999993,6.65333333333333,6.641874999999995,6.809787234042554
561,2020-04-29,6.35,6.34,6.41,6.29,6.34,45102.0,28671300.0,6.64,6.61,6.556500000000005,6.56,6.7,43.16,-0.04,-0.04,0.0,烽火电子,计算机、通信和其他电子设备制造业,主板,6.5500000000000025,6.628749999999993,6.622499999999998,6.633124999999995,6.799148936170214
561,2020-04-30,6.34,6.46,6.49,6.3,6.34,78158.0,50136000.0,6.53,6.6,6.575500000000005,6.55,6.72,46.16,-0.05,-0.04,-0.01,烽火电子,计算机、通信和其他电子设备制造业,主板,6.445000000000003,6.624999999999993,6.59083333333333,6.619999999999995,6.785106382978724
561,2020-05-06,6.41,6.6,6.6,6.38,6.46,69004.1,44841700.0,6.48,6.61,6.593500000000004,6.54,6.73,49.51,-0.05,-0.04,-0.01,烽火电子,计算机、通信和其他电子设备制造业,主板,6.435000000000002,6.6262499999999935,6.594166666666663,6.6124999999999945,6.776382978723405
561,2020-05-07,6.58,6.83,6.96,6.51,6.6,177485.0,120020000.0,6.51,6.64,6.625000000000005,6.54,6.74,54.52,-0.02,-0.04,0.02,烽火电子,计算机、通信和其他电子设备制造业,主板,6.557500000000002,6.637499999999993,6.616666666666663,6.629374999999994,6.774893617021278
561,2020-05-08,6.74,6.84,6.95,6.74,6.83,138101.0,94596700.0,6.61,6.67,6.643000000000006,6.55,6.75,54.73,0.0,-0.03,0.03,烽火电子,计算机、通信和其他电子设备制造业,主板,6.682500000000002,6.616249999999993,6.646666666666662,6.637499999999995,6.77468085106383
561,2020-05-11,6.89,6.75,6.89,6.66,6.84,104027.0,70624700.0,6.7,6.67,6.647000000000007,6.56,6.76,52.38,0.0,-0.02,0.02,烽火电子,计算机、通信和其他电子设备制造业,主板,6.755000000000001,6.5999999999999925,6.6683333333333294,6.631874999999995,6.784042553191489
561,2020-05-12,6.81,6.72,6.81,6.63,6.75,71899.4,48300700.0,6.75,6.64,6.647000000000007,6.55,6.77,51.59,0.01,-0.02,0.03,烽火电子,计算机、通信和其他电子设备制造业,主板,6.785,6.609999999999992,6.679166666666663,6.641874999999994,6.7844680851063845
561,2020-05-13,6.66,6.88,6.95,6.64,6.72,139407.0,95405300.0,6.8,6.64,6.6630000000000065,6.56,6.78,55.47,0.02,-0.01,0.03,烽火电子,计算机、通信和其他电子设备制造业,主板,6.797500000000001,6.677499999999993,6.690833333333329,6.661874999999994,6.786170212765958
561,2020-05-14,6.82,7.25,7.57,6.8,6.88,337514.0,242884000.0,6.89,6.7,6.690000000000007,6.59,6.79,62.87,0.07,0.01,0.06,烽火电子,计算机、通信和其他电子设备制造业,主板,6.900000000000001,6.791249999999993,6.710833333333329,6.709999999999994,6.794893617021278
561,2020-05-15,7.27,7.13,7.4,7.12,7.25,222386.0,160528000.0,6.95,6.78,6.704500000000006,6.62,6.8,59.42,0.09,0.02,0.07,烽火电子,计算机、通信和其他电子设备制造业,主板,6.995000000000001,6.874999999999993,6.731666666666662,6.749999999999994,6.798297872340426
561,2020-05-18,7.21,7.06,7.28,7.05,7.13,165100.0,118321000.0,7.01,6.85,6.729500000000006,6.66,6.81,57.44,0.1,0.04,0.06,烽火电子,计算机、通信和其他电子设备制造业,主板,7.080000000000002,6.932499999999993,6.766666666666662,6.779374999999994,6.798510638297873
561,2020-05-19,7.1,7.17,7.18,6.98,7.06,117828.0,83353200.0,7.1,6.92,6.760000000000005,6.69,6.81,59.71,0.12,0.05,0.07,烽火电子,计算机、通信和其他电子设备制造业,主板,7.1525000000000025,6.974999999999993,6.835833333333329,6.806249999999994,6.795106382978725
561,2020-05-20,7.14,7.0,7.14,6.85,7.17,147909.0,103058000.0,7.12,6.96,6.786000000000006,6.72,6.82,54.84,0.11,0.07,0.04,烽火电子,计算机、通信和其他电子设备制造业,主板,7.090000000000003,6.994999999999994,6.890833333333329,6.805624999999994,6.772553191489363
561,2020-05-21,7.02,6.91,7.07,6.86,7.0,86801.5,60418600.0,7.05,6.97,6.807000000000005,6.74,6.82,52.4,0.11,0.07,0.04,烽火电子,计算机、通信和其他电子设备制造业,主板,7.035000000000003,7.0149999999999935,6.928333333333328,6.807499999999994,6.730851063829789
561,2020-05-22,6.91,6.94,7.09,6.88,6.91,112601.0,78528000.0,7.02,6.98,6.824500000000005,6.76,6.82,53.15,0.1,0.08,0.02,烽火电子,计算机、通信和其他电子设备制造业,主板,7.0050000000000034,7.042499999999993,6.956666666666663,6.826249999999994,6.70276595744681
561,2020-05-25,6.9,6.67,6.93,6.5,6.94,132879.0,88085100.0,6.94,6.97,6.821000000000003,6.76,6.81,46.12,0.07,0.08,-0.01,烽火电子,计算机、通信和其他电子设备制造业,主板,6.880000000000003,7.016249999999993,6.943333333333329,6.846874999999994,6.678723404255321
561,2020-05-26,6.62,6.72,6.74,6.56,6.67,76494.5,50981900.0,6.85,6.97,6.806500000000004,6.76,6.81,47.51,0.05,0.07,-0.02,烽火电子,计算机、通信和其他电子设备制造业,主板,6.810000000000002,6.949999999999993,6.933333333333329,6.870624999999993,6.671276595744684
561,2020-05-27,6.7,6.7,6.86,6.67,6.72,84568.1,57126600.0,6.79,6.96,6.797500000000004,6.76,6.81,46.99,0.04,0.07,-0.03,烽火电子,计算机、通信和其他电子设备制造业,主板,6.757500000000003,6.896249999999993,6.929166666666663,6.885624999999994,6.667446808510641
561,2020-05-28,6.7,6.59,6.75,6.45,6.7,72108.2,47553700.0,6.72,6.89,6.795000000000004,6.76,6.81,44.13,0.01,0.05,-0.04,烽火电子,计算机、通信和其他电子设备制造业,主板,6.670000000000003,6.837499999999993,6.9183333333333294,6.8849999999999945,6.667021276595746
561,2020-05-29,6.59,6.85,7.18,6.58,6.59,146442.0,100897000.0,6.71,6.86,6.8205000000000044,6.76,6.81,51.62,0.02,0.05,-0.03,烽火电子,计算机、通信和其他电子设备制造业,主板,6.715000000000002,6.797499999999993,6.915833333333329,6.886249999999994,6.667021276595746
561,2020-06-01,6.84,7.04,7.05,6.78,6.85,129831.0,90373500.0,6.78,6.86,6.855500000000004,6.77,6.82,56.24,0.03,0.04,-0.01,烽火电子,计算机、通信和其他电子设备制造业,主板,6.795000000000002,6.802499999999993,6.89833333333333,6.898749999999994,6.670425531914896
561,2020-06-02,7.03,7.11,7.2,6.95,7.04,128775.0,91332600.0,6.86,6.85,6.8880000000000035,6.79,6.82,57.84,0.05,0.05,0.0,烽火电子,计算机、通信和其他电子设备制造业,主板,6.897500000000002,6.8274999999999935,6.896666666666664,6.921249999999994,6.682553191489363
561,2020-06-03,7.11,7.03,7.13,6.99,7.11,98586.5,69669300.0,6.92,6.86,6.909500000000004,6.81,6.82,55.35,0.06,0.05,0.01,烽火电子,计算机、通信和其他电子设备制造业,主板,7.007500000000001,6.838749999999994,6.8941666666666634,6.9406249999999945,6.690425531914895
561,2020-06-04,7.04,7.23,7.24,6.98,7.03,152884.0,109179000.0,7.05,6.89,6.929500000000003,6.83,6.82,59.98,0.08,0.05,0.03,烽火电子,计算机、通信和其他电子设备制造业,主板,7.102500000000001,6.908749999999994,6.899166666666663,6.962499999999995,6.699148936170214
561,2020-06-05,7.19,7.1,7.22,7.01,7.23,95032.3,67434300.0,7.1,6.9,6.942500000000003,6.85,6.82,55.92,0.09,0.06,0.03,烽火电子,计算机、通信和其他电子设备制造业,主板,7.1175000000000015,6.9562499999999945,6.907499999999996,6.953124999999995,6.711063829787236
561,2020-06-08,7.1,6.98,7.14,6.98,7.1,80182.0,56449800.0,7.09,6.94,6.954000000000002,6.86,6.8,52.4,0.08,0.07,0.01,烽火电子,计算机、通信和其他电子设备制造业,主板,7.085000000000001,6.991249999999994,6.91333333333333,6.943749999999995,6.722340425531917
561,2020-06-09,7.0,7.07,7.1,6.94,6.98,69563.8,48878300.0,7.08,6.97,6.971500000000002,6.86,6.77,54.7,0.08,0.07,0.01,烽火电子,计算机、通信和其他电子设备制造业,主板,7.095000000000001,7.051249999999994,6.924166666666665,6.9443749999999955,6.741489361702129
561,2020-06-10,7.06,7.06,7.08,6.88,7.07,85150.8,59480000.0,7.09,7.01,6.980500000000002,6.87,6.75,54.39,0.08,0.07,0.01,烽火电子,计算机、通信和其他电子设备制造业,主板,7.052500000000001,7.077499999999994,6.956666666666664,6.937499999999996,6.76212765957447
561,2020-06-11,7.0,7.05,7.19,6.98,7.06,101386.0,71947700.0,7.05,7.05,6.970500000000003,6.88,6.74,54.05,0.08,0.07,0.01,烽火电子,计算机、通信和其他电子设备制造业,主板,7.040000000000001,7.078749999999994,6.984166666666664,6.940624999999995,6.782765957446811
561,2020-06-12,6.93,7.06,7.38,6.89,7.05,212330.0,152799000.0,7.04,7.07,6.967000000000003,6.9,6.74,54.36,0.08,0.07,0.01,烽火电子,计算机、通信和其他电子设备制造业,主板,7.060000000000001,7.0724999999999945,7.014166666666664,6.949999999999996,6.80021276595745
561,2020-06-15,7.11,7.27,7.45,7.07,7.06,191693.0,140295000.0,7.1,7.1,6.977500000000004,6.94,6.75,60.29,0.09,0.08,0.01,烽火电子,计算机、通信和其他电子设备制造业,主板,7.110000000000001,7.102499999999994,7.07083333333333,6.970624999999996,6.822978723404258
561,2020-06-16,7.31,7.52,7.57,7.22,7.27,205318.0,152970000.0,7.19,7.14,6.9950000000000045,6.97,6.76,65.96,0.12,0.09,0.03,烽火电子,计算机、通信和其他电子设备制造业,主板,7.225000000000002,7.138749999999993,7.126666666666664,7.023749999999995,6.8451063829787255
561,2020-06-17,7.59,7.4,7.8,7.34,7.52,189519.0,141935000.0,7.26,7.17,7.015000000000005,7.0,6.77,61.42,0.13,0.09,0.04,烽火电子,计算机、通信和其他电子设备制造业,主板,7.312500000000003,7.176249999999993,7.156666666666664,7.066249999999996,6.860638297872342
561,2020-06-18,7.45,7.26,7.47,7.23,7.4,132899.0,96956300.0,7.3,7.18,7.032500000000004,7.01,6.78,56.54,0.13,0.1,0.03,烽火电子,计算机、通信和其他电子设备制造业,主板,7.362500000000003,7.211249999999993,7.169166666666665,7.101249999999996,6.872127659574469
561,2020-06-19,7.21,7.13,7.23,7.09,7.26,106807.0,76451000.0,7.32,7.18,7.042000000000004,7.02,6.79,52.38,0.12,0.11,0.01,烽火电子,计算机、通信和其他电子设备制造业,主板,7.327500000000003,7.218749999999992,7.1774999999999975,7.134999999999995,6.884255319148936
561,2020-06-22,7.16,7.24,7.24,7.1,7.13,91947.9,66000600.0,7.31,7.21,7.070500000000005,7.04,6.8,55.37,0.12,0.11,0.01,烽火电子,计算机、通信和其他电子设备制造业,主板,7.257500000000003,7.241249999999992,7.17833333333333,7.159374999999995,6.895531914893618
561,2020-06-23,7.27,7.04,7.36,7.02,7.24,137434.0,98399200.0,7.21,7.2,7.086500000000005,7.05,6.8,49.3,0.09,0.1,-0.01,烽火电子,计算机、通信和其他电子设备制造业,主板,7.167500000000004,7.239999999999993,7.173333333333331,7.159374999999995,6.899787234042555
561,2020-06-24,7.01,7.07,7.07,6.89,7.04,82545.8,57494000.0,7.15,7.2,7.105000000000006,7.06,6.81,50.18,0.08,0.1,-0.02,烽火电子,计算机、通信和其他电子设备制造业,主板,7.1200000000000045,7.241249999999994,7.180833333333331,7.156874999999995,6.9106382978723415
561,2020-06-29,7.01,7.09,7.1,6.96,7.07,55278.3,38853800.0,7.11,7.21,7.130000000000005,7.05,6.82,50.8,0.07,0.09,-0.02,烽火电子,计算机、通信和其他电子设备制造业,主板,7.110000000000006,7.218749999999995,7.182499999999997,7.160624999999995,6.921914893617022
561,2020-06-30,7.08,7.11,7.15,7.06,7.09,66119.5,46961800.0,7.11,7.21,7.143000000000006,7.05,6.84,51.44,0.07,0.09,-0.02,烽火电子,计算机、通信和其他电子设备制造业,主板,7.077500000000006,7.167499999999995,7.186666666666664,7.153124999999995,6.935319148936171
561,2020-07-01,7.13,7.06,7.14,6.99,7.11,68714.0,48308000.0,7.07,7.19,7.144000000000007,7.05,6.85,49.69,0.05,0.08,-0.03,烽火电子,计算机、通信和其他电子设备制造业,主板,7.082500000000007,7.124999999999996,7.187499999999997,7.150624999999995,6.947446808510639
561,2020-07-02,7.06,7.12,7.12,7.01,7.06,82770.4,58492600.0,7.09,7.15,7.144500000000006,7.05,6.87,51.81,0.04,0.07,-0.03,烽火电子,计算机、通信和其他电子设备制造业,主板,7.095000000000006,7.1074999999999955,7.192499999999998,7.159374999999995,6.958723404255321
561,2020-07-03,7.11,7.23,7.23,7.08,7.12,104411.0,74928700.0,7.12,7.14,7.154500000000006,7.06,6.89,55.52,0.05,0.07,-0.02,烽火电子,计算机、通信和其他电子设备制造业,主板,7.130000000000007,7.119999999999995,7.189166666666665,7.169374999999995,6.969148936170214
561,2020-07-06,7.32,7.48,7.53,7.22,7.23,177925.0,131684000.0,7.2,7.16,7.167000000000006,7.07,6.91,62.57,0.07,0.07,0.0,烽火电子,计算机、通信和其他电子设备制造业,主板,7.222500000000007,7.149999999999994,7.185833333333332,7.195624999999995,6.979148936170215
561,2020-07-07,7.55,7.45,7.68,7.39,7.48,215219.0,162449000.0,7.27,7.19,7.184500000000005,7.09,6.92,61.31,0.09,0.07,0.02,烽火电子,计算机、通信和其他电子设备制造业,主板,7.320000000000008,7.201249999999994,7.189999999999999,7.220624999999996,6.991276595744683
561,2020-07-08,7.43,7.98,8.08,7.42,7.45,304383.0,236216000.0,7.45,7.26,7.234500000000006,7.13,6.95,72.0,0.15,0.09,0.06,烽火电子,计算机、通信和其他电子设备制造业,主板,7.535000000000008,7.314999999999993,7.249999999999999,7.278124999999996,7.019787234042556
561,2020-07-09,8.0,8.04,8.12,7.83,7.98,270072.0,215617000.0,7.64,7.36,7.283000000000006,7.18,6.97,72.91,0.18,0.11,0.07,烽火电子,计算机、通信和其他电子设备制造业,主板,7.737500000000009,7.433749999999993,7.325833333333333,7.3262499999999955,7.055957446808514
561,2020-07-10,8.0,8.28,8.38,7.83,8.04,258753.0,208364000.0,7.85,7.48,7.344000000000006,7.23,7.0,76.25,0.24,0.13,0.11,烽火电子,计算机、通信和其他电子设备制造业,主板,7.937500000000008,7.579999999999993,7.4125000000000005,7.373749999999996,7.097234042553195
561,2020-07-13,8.16,8.3,8.38,8.03,8.28,216749.0,178215000.0,8.01,7.61,7.406500000000006,7.29,7.02,76.51,0.28,0.16,0.12,烽火电子,计算机、通信和其他电子设备制造业,主板,8.150000000000007,7.734999999999992,7.517499999999999,7.429999999999995,7.136382978723408
561,2020-07-14,8.28,8.1,8.57,7.99,8.3,192619.0,158789000.0,8.14,7.7,7.458500000000005,7.33,7.04,68.45,0.29,0.19,0.1,烽火电子,计算机、通信和其他电子设备制造业,主板,8.180000000000007,7.857499999999992,7.603333333333332,7.482499999999995,7.16829787234043
561,2020-07-15,8.26,8.11,8.47,8.1,8.1,209493.0,173179000.0,8.17,7.81,7.500500000000004,7.37,7.07,68.63,0.3,0.21,0.09,烽火电子,计算机、通信和其他电子设备制造业,主板,8.197500000000007,7.967499999999992,7.688333333333332,7.543749999999995,7.195531914893622
561,2020-07-16,8.1,7.82,8.24,7.82,8.11,174592.0,140913000.0,8.12,7.88,7.515500000000003,7.39,7.09,58.36,0.28,0.22,0.06,烽火电子,计算机、通信和其他电子设备制造业,主板,8.082500000000007,8.009999999999993,7.747499999999999,7.579999999999996,7.216382978723409
561,2020-07-17,7.84,8.0,8.16,7.83,7.82,140426.0,112089000.0,8.07,7.96,7.545500000000002,7.42,7.12,62.14,0.27,0.23,0.04,烽火电子,计算机、通信和其他电子设备制造业,主板,8.007500000000007,8.078749999999992,7.825833333333332,7.639999999999994,7.242978723404261
561,2020-07-20,8.08,8.49,8.57,8.08,8.0,275966.0,232202000.0,8.1,8.06,7.607000000000004,7.46,7.15,70.11,0.3,0.25,0.05,烽火电子,计算机、通信和其他电子设备制造业,主板,8.105000000000008,8.142499999999991,7.939999999999998,7.7287499999999945,7.280638297872345
561,2020-07-21,8.5,8.43,8.55,8.23,8.49,191012.0,159727000.0,8.17,8.15,7.672000000000004,7.51,7.18,68.22,0.32,0.26,0.06,烽火电子,计算机、通信和其他电子设备制造业,主板,8.185000000000008,8.191249999999993,8.039999999999997,7.812499999999995,7.313617021276601
561,2020-07-22,8.41,8.38,8.57,8.29,8.43,203194.0,171517000.0,8.22,8.2,7.729000000000004,7.55,7.21,66.61,0.32,0.27,0.05,烽火电子,计算机、通信和其他电子设备制造业,主板,8.325000000000008,8.203749999999992,8.114999999999997,7.891874999999994,7.33765957446809
561,2020-07-23,8.41,8.73,8.75,8.34,8.38,273801.0,234256000.0,8.41,8.26,7.813500000000003,7.61,7.24,71.66,0.35,0.29,0.06,烽火电子,计算机、通信和其他电子设备制造业,主板,8.507500000000007,8.257499999999993,8.221666666666664,7.9962499999999945,7.37170212765958
561,2020-07-24,8.58,8.31,8.86,8.26,8.73,339878.0,293540000.0,8.47,8.27,7.875500000000004,7.65,7.26,59.93,0.33,0.3,0.03,烽火电子,计算机、通信和其他电子设备制造业,主板,8.462500000000007,8.283749999999994,8.249166666666664,8.070624999999994,7.398297872340431
561,2020-07-27,8.36,8.79,9.14,8.09,8.31,454110.0,400739000.0,8.53,8.32,7.960500000000003,7.71,7.3,66.65,0.37,0.31,0.06,烽火电子,计算机、通信和其他电子设备制造业,主板,8.552500000000007,8.368749999999993,8.311666666666666,8.168124999999995,7.432765957446814
561,2020-07-28,8.7,8.53,8.8,8.36,8.79,311280.0,266086000.0,8.55,8.36,8.031500000000003,7.76,7.33,60.71,0.35,0.32,0.03,烽火电子,计算机、通信和其他电子设备制造业,主板,8.590000000000007,8.457499999999992,8.332499999999998,8.233749999999995,7.465319148936175
561,2020-07-29,8.43,8.62,8.62,8.12,8.53,214915.0,180749000.0,8.6,8.41,8.109500000000002,7.8,7.37,61.98,0.35,0.33,0.02,烽火电子,计算机、通信和其他电子设备制造业,主板,8.562500000000007,8.534999999999993,8.359166666666665,8.306874999999996,7.501702127659579
561,2020-07-30,8.72,8.63,9.1,8.6,8.62,254852.0,224895000.0,8.58,8.49,8.185000000000002,7.84,7.41,62.12,0.35,0.33,0.02,烽火电子,计算机、通信和其他电子设备制造业,主板,8.642500000000007,8.552499999999993,8.403333333333332,8.347499999999997,7.53765957446809
561,2020-07-31,8.51,8.5,8.79,8.42,8.63,176696.0,151425000.0,8.61,8.54,8.248500000000003,7.88,7.44,58.96,0.32,0.33,-0.01,烽火电子,计算机、通信和其他电子设备制造业,主板,8.570000000000007,8.561249999999994,8.435833333333333,8.376249999999997,7.576595744680855
561,2020-08-03,8.56,9.35,9.35,8.5,8.5,277238.0,252421000.0,8.73,8.63,8.342000000000002,7.95,7.48,69.79,0.38,0.34,0.04,烽火电子,计算机、通信和其他电子设备制造业,主板,8.775000000000007,8.682499999999994,8.563333333333333,8.443124999999997,7.632553191489365
561,2020-08-04,9.8,9.28,9.94,9.13,9.35,496499.0,476046000.0,8.88,8.71,8.433500000000004,8.02,7.52,68.19,0.41,0.35,0.06,烽火电子,计算机、通信和其他电子设备制造业,主板,8.940000000000008,8.751249999999994,8.67,8.504374999999996,7.687446808510642
561,2020-08-05,9.29,9.37,9.69,9.29,9.28,300672.0,285033000.0,9.03,8.81,8.503000000000004,8.09,7.56,69.17,0.43,0.37,0.06,烽火电子,计算机、通信和其他电子设备制造业,主板,9.125000000000007,8.883749999999994,8.743333333333334,8.583749999999997,7.746595744680856
561,2020-08-06,9.45,9.37,9.63,9.1,9.37,267388.0,251781000.0,9.17,8.87,8.569500000000005,8.17,7.61,69.17,0.44,0.38,0.06,烽火电子,计算机、通信和其他电子设备制造业,主板,9.342500000000006,8.956249999999994,8.821666666666667,8.662499999999998,7.8002127659574505
561,2020-08-07,9.31,9.81,10.17,8.95,9.37,348336.0,329814000.0,9.44,9.02,8.646000000000004,8.26,7.66,73.74,0.49,0.4,0.09,烽火电子,计算机、通信和其他电子设备制造业,主板,9.457500000000007,9.116249999999994,8.940833333333336,8.786874999999998,7.859148936170216
561,2020-08-10,9.7,10.19,10.33,9.65,9.81,392875.0,394507000.0,9.6,9.16,8.740500000000004,8.36,7.71,76.92,0.55,0.43,0.12,烽火电子,计算机、通信和其他电子设备制造业,主板,9.685000000000006,9.312499999999993,9.062500000000002,8.923749999999998,7.924680851063833
561,2020-08-11,10.1,9.95,10.14,9.82,10.19,237893.0,237087000.0,9.74,9.31,8.833000000000004,8.46,7.75,71.06,0.56,0.46,0.1,烽火电子,计算机、通信和其他电子设备制造业,主板,9.830000000000007,9.477499999999994,9.199166666666668,9.014999999999997,7.986808510638301
561,2020-08-12,9.85,9.77,9.93,9.15,9.95,202976.0,193616000.0,9.82,9.42,8.916000000000006,8.55,7.8,66.95,0.56,0.48,0.08,烽火电子,计算机、通信和其他电子设备制造业,主板,9.930000000000009,9.636249999999993,9.280833333333334,9.098749999999997,8.04085106382979
561,2020-08-13,9.67,9.65,9.82,9.51,9.77,123886.0,120112000.0,9.87,9.52,9.007500000000006,8.63,7.84,64.27,0.54,0.49,0.05,烽火电子,计算机、通信和其他电子设备制造业,主板,9.890000000000008,9.673749999999995,9.374166666666667,9.178124999999998,8.095106382978726
561,2020-08-14,9.55,9.78,9.86,9.48,9.65,121046.0,117431000.0,9.87,9.65,9.096500000000006,8.72,7.89,65.87,0.53,0.5,0.03,烽火电子,计算机、通信和其他电子设备制造业,主板,9.787500000000009,9.736249999999995,9.470833333333333,9.243749999999999,8.15468085106383
561,2020-08-17,9.79,9.68,9.9,9.66,9.78,158652.0,154660000.0,9.77,9.68,9.156000000000006,8.79,7.93,63.52,0.5,0.5,0.0,烽火电子,计算机、通信和其他电子设备制造业,主板,9.72000000000001,9.774999999999995,9.558333333333335,9.329374999999999,8.210212765957447
561,2020-08-18,9.69,9.49,9.69,9.41,9.68,172250.0,163694000.0,9.67,9.71,9.209000000000007,8.86,7.97,59.21,0.47,0.49,-0.02,烽火电子,计算机、通信和其他电子设备制造业,主板,9.65000000000001,9.789999999999994,9.640833333333335,9.373125,8.261914893617023
561,2020-08-19,9.49,9.45,9.58,9.31,9.49,114954.0,108561000.0,9.61,9.71,9.262500000000006,8.91,8.02,58.32,0.43,0.48,-0.05,烽火电子,计算机、通信和其他电子设备制造业,主板,9.60000000000001,9.744999999999994,9.649166666666668,9.430625,8.312978723404257
561,2020-08-20,9.43,8.98,9.43,8.95,9.45,136272.0,124986000.0,9.48,9.68,9.275000000000006,8.94,8.06,48.94,0.36,0.46,-0.1,烽火电子,计算机、通信和其他电子设备制造业,主板,9.40000000000001,9.593749999999995,9.62416666666667,9.453124999999998,8.353829787234044
561,2020-08-21,9.02,8.65,9.13,8.56,8.98,186587.0,163930000.0,9.25,9.56,9.292000000000005,8.95,8.09,43.63,0.27,0.42,-0.15,烽火电子,计算机、通信和其他电子设备制造业,主板,9.142500000000009,9.431249999999995,9.564166666666669,9.454374999999999,8.383191489361703
561,2020-08-24,8.68,8.8,8.88,8.67,8.65,111595.0,98055100.0,9.07,9.42,9.292500000000008,8.97,8.13,46.47,0.2,0.38,-0.18,烽火电子,计算机、通信和其他电子设备制造业,主板,8.970000000000008,9.309999999999995,9.516666666666667,9.473125,8.410425531914894
561,2020-08-25,8.8,8.56,8.85,8.5,8.8,106359.0,91873200.0,8.89,9.28,9.294000000000008,8.98,8.16,42.76,0.14,0.33,-0.19,烽火电子,计算机、通信和其他电子设备制造业,主板,8.74750000000001,9.173749999999995,9.412500000000001,9.42375,8.435106382978725
561,2020-08-26,8.58,8.3,8.61,8.24,8.56,95586.4,80271200.0,8.66,9.13,9.278000000000008,8.99,8.18,39.11,0.06,0.27,-0.21,烽火电子,计算机、通信和其他电子设备制造业,主板,8.577500000000008,8.988749999999994,9.255,9.3625,8.457234042553194
561,2020-08-27,8.29,8.39,8.45,8.24,8.3,69302.6,57870000.0,8.54,9.01,9.266000000000009,9.01,8.2,40.99,0.01,0.22,-0.21,烽火电子,计算机、通信和其他电子设备制造业,主板,8.512500000000008,8.827499999999993,9.125000000000002,9.30125,8.484042553191491
561,2020-08-28,8.39,8.63,8.67,8.3,8.39,100291.0,85245900.0,8.54,8.89,9.272500000000008,9.03,8.23,45.79,-0.01,0.18,-0.19,烽火电子,计算机、通信和其他电子设备制造业,主板,8.47000000000001,8.719999999999994,9.030000000000001,9.254999999999999,8.513617021276598
561,2020-08-31,8.63,8.67,8.85,8.63,8.63,97665.0,85437300.0,8.51,8.79,9.238500000000007,9.03,8.25,46.57,-0.03,0.13,-0.16,烽火电子,计算机、通信和其他电子设备制造业,主板,8.49750000000001,8.622499999999993,8.948333333333334,9.183749999999998,8.548297872340427
561,2020-09-01,8.67,8.87,8.94,8.66,8.67,94332.0,83348400.0,8.57,8.73,9.218000000000007,9.05,8.28,50.41,-0.02,0.1,-0.12,烽火电子,计算机、通信和其他电子设备制造业,主板,8.640000000000008,8.608749999999993,8.8725,9.101249999999999,8.586595744680853
561,2020-09-02,8.89,8.74,8.9,8.64,8.87,82064.0,71547200.0,8.66,8.66,9.186500000000008,9.06,8.31,47.99,-0.03,0.08,-0.11,烽火电子,计算机、通信和其他电子设备制造业,主板,8.727500000000008,8.619999999999992,8.794166666666667,9.025625,8.621702127659578
561,2020-09-03,8.72,8.49,8.72,8.41,8.74,79536.4,67911200.0,8.68,8.61,9.142500000000009,9.05,8.33,43.66,-0.05,0.05,-0.1,烽火电子,计算机、通信和其他电子设备制造业,主板,8.692500000000008,8.581249999999992,8.710833333333333,8.945625,8.651063829787237
561,2020-09-04,8.33,8.55,8.6,8.3,8.49,56229.8,47798300.0,8.66,8.6,9.079500000000008,9.06,8.36,44.95,-0.06,0.03,-0.09,烽火电子,计算机、通信和其他电子设备制造业,主板,8.662500000000009,8.579999999999991,8.635833333333332,8.876875,8.682765957446811
561,2020-09-07,8.52,8.52,8.76,8.45,8.55,70083.1,60125500.0,8.63,8.57,8.99600000000001,9.05,8.38,44.4,-0.08,0.01,-0.09,烽火电子,计算机、通信和其他电子设备制造业,主板,8.575000000000008,8.607499999999991,8.597499999999998,8.798125,8.712553191489365
561,2020-09-08,8.55,8.62,8.63,8.39,8.52,73923.9,62891200.0,8.58,8.58,8.92950000000001,9.06,8.41,46.72,-0.08,-0.01,-0.07,烽火电子,计算机、通信和其他电子设备制造业,主板,8.545000000000007,8.636249999999992,8.594999999999999,8.731875,8.74212765957447
561,2020-09-09,8.54,8.63,8.76,8.45,8.62,101257.0,87351300.0,8.56,8.61,8.87250000000001,9.06,8.43,46.96,-0.08,-0.02,-0.06,烽火电子,计算机、通信和其他电子设备制造业,主板,8.580000000000007,8.636249999999992,8.580833333333333,8.678125,8.766595744680853
561,2020-09-10,8.65,8.02,8.68,8.0,8.63,100316.0,83351900.0,8.47,8.57,8.79100000000001,9.04,8.44,36.3,-0.12,-0.04,-0.08,烽火电子,计算机、通信和其他电子设备制造业,主板,8.447500000000009,8.55499999999999,8.535833333333331,8.588750000000001,8.77872340425532
561,2020-09-11,8.03,7.94,8.09,7.83,8.02,55851.2,44327600.0,8.35,8.51,8.699000000000009,9.02,8.45,35.17,-0.17,-0.07,-0.1,烽火电子,计算机、通信和其他电子设备制造业,主板,8.302500000000009,8.43874999999999,8.505833333333332,8.523750000000001,8.777872340425533
561,2020-09-14,7.97,7.94,8.04,7.83,7.94,54231.0,43067200.0,8.23,8.43,8.612000000000009,8.97,8.46,35.17,-0.2,-0.09,-0.11,烽火电子,计算机、通信和其他电子设备制造业,主板,8.13250000000001,8.33874999999999,8.468333333333332,8.479375000000001,8.775744680851064
561,2020-09-15,7.93,8.05,8.34,7.92,7.94,55528.0,44794700.0,8.12,8.35,8.54000000000001,8.93,8.47,38.23,-0.22,-0.12,-0.1,烽火电子,计算机、通信和其他电子设备制造业,主板,7.98750000000001,8.28374999999999,8.419999999999998,8.432500000000001,8.770851063829788
561,2020-09-16,8.06,7.89,8.07,7.83,8.05,43908.9,34695200.0,7.97,8.26,8.462000000000009,8.88,8.48,35.6,-0.24,-0.14,-0.1,烽火电子,计算机、通信和其他电子设备制造业,主板,7.95500000000001,8.201249999999991,8.354999999999999,8.390625,8.76212765957447
561,2020-09-17,7.89,7.96,8.03,7.78,7.89,47317.5,37344300.0,7.96,8.21,8.41100000000001,8.83,8.5,37.62,-0.24,-0.16,-0.08,烽火电子,计算机、通信和其他电子设备制造业,主板,7.960000000000009,8.13124999999999,8.279166666666663,8.369375,8.759148936170213
561,2020-09-18,7.95,8.1,8.12,7.91,7.96,52373.0,42192300.0,7.99,8.17,8.383500000000009,8.78,8.52,41.57,-0.23,-0.18,-0.05,烽火电子,计算机、通信和其他电子设备制造业,主板,8.000000000000009,8.06624999999999,8.22583333333333,8.35125,8.758936170212767
561,2020-09-21,8.13,8.25,8.36,8.11,8.1,79516.9,65792900.0,8.05,8.14,8.356000000000009,8.71,8.54,45.56,-0.21,-0.18,-0.03,烽火电子,计算机、通信和其他电子设备制造业,主板,8.050000000000008,8.01874999999999,8.20583333333333,8.3275,8.76808510638298
561,2020-09-22,8.19,8.06,8.24,8.01,8.25,42632.5,34719600.0,8.05,8.08,8.331000000000008,8.65,8.55,41.68,-0.21,-0.19,-0.02,烽火电子,计算机、通信和其他电子设备制造业,主板,8.092500000000008,8.02374999999999,8.164999999999997,8.289375000000001,8.76936170212766
561,2020-09-23,8.14,8.01,8.14,8.0,8.06,30857.0,24826000.0,8.08,8.02,8.316500000000008,8.59,8.57,40.7,-0.21,-0.19,-0.02,烽火电子,计算机、通信和其他电子设备制造业,主板,8.105000000000008,8.032499999999992,8.122499999999999,8.235625,8.759148936170213
561,2020-09-24,8.0,7.85,8.05,7.75,8.01,41891.5,32887600.0,8.05,8.0,8.289500000000007,8.53,8.58,37.65,-0.22,-0.2,-0.02,烽火电子,计算机、通信和其他电子设备制造业,主板,8.042500000000008,8.021249999999991,8.058333333333332,8.18,8.746808510638298
561,2020-09-25,7.84,7.94,8.01,7.76,7.85,40572.3,31987100.0,8.02,8.0,8.255000000000006,8.47,8.59,40.36,-0.21,-0.2,-0.01,烽火电子,计算机、通信和其他电子设备制造业,主板,7.965000000000007,8.007499999999991,8.00083333333333,8.145624999999999,8.737446808510638
561,2020-09-28,7.92,7.92,7.98,7.83,7.94,27187.7,21497300.0,7.96,8.0,8.217500000000006,8.41,8.6,39.94,-0.21,-0.2,-0.01,烽火电子,计算机、通信和其他电子设备制造业,主板,7.930000000000007,8.011249999999992,7.992499999999999,8.106249999999998,8.720212765957447
561,2020-09-29,7.92,8.14,8.21,7.9,7.92,62112.2,50402800.0,7.97,8.01,8.181000000000006,8.36,8.61,46.47,-0.19,-0.2,0.01,烽火电子,计算机、通信和其他电子设备制造业,主板,7.9625000000000075,8.033749999999992,8.009166666666665,8.082499999999998,8.716595744680852
561,2020-09-30,8.12,8.12,8.19,8.02,8.14,44444.9,35972700.0,7.99,8.04,8.150000000000006,8.32,8.61,45.98,-0.17,-0.19,0.02,烽火电子,计算机、通信和其他电子设备制造业,主板,8.030000000000006,8.036249999999994,8.024166666666666,8.051249999999998,8.702340425531915
561,2020-10-09,8.14,8.29,8.33,8.14,8.12,56281.0,46508300.0,8.08,8.07,8.140000000000004,8.3,8.62,50.73,-0.15,-0.19,0.04,烽火电子,计算机、通信和其他电子设备制造业,主板,8.117500000000007,8.041249999999994,8.044166666666666,8.029999999999998,8.697234042553193
561,2020-10-12,8.29,8.45,8.5,8.27,8.29,71372.8,59895000.0,8.18,8.1,8.135000000000003,8.29,8.62,54.76,-0.11,-0.17,0.06,烽火电子,计算机、通信和其他电子设备制造业,主板,8.250000000000007,8.089999999999995,8.090833333333332,8.056874999999996,8.693617021276596
561,2020-10-13,8.45,8.38,8.49,8.31,8.45,60346.6,50603600.0,8.28,8.12,8.128000000000004,8.28,8.62,52.73,-0.08,-0.15,0.07,烽火电子,计算机、通信和其他电子设备制造业,主板,8.310000000000008,8.136249999999993,8.125833333333333,8.084374999999996,8.688297872340426
561,2020-10-14,8.34,8.34,8.49,8.24,8.38,61524.7,51230200.0,8.32,8.14,8.114000000000003,8.27,8.63,51.55,-0.06,-0.13,0.07,烽火电子,计算机、通信和其他电子设备制造业,主板,8.365000000000007,8.197499999999994,8.145833333333334,8.109374999999996,8.684893617021277
561,2020-10-15,8.33,8.2,8.33,8.17,8.34,44416.6,36592000.0,8.33,8.16,8.092500000000003,8.27,8.63,47.55,-0.06,-0.12,0.06,烽火电子,计算机、通信和其他电子设备制造业,主板,8.342500000000006,8.229999999999995,8.141666666666667,8.118749999999995,8.660425531914893
561,2020-10-16,8.19,8.11,8.24,8.1,8.2,32513.7,26507900.0,8.3,8.19,8.097000000000001,8.26,8.63,45.12,-0.06,-0.11,0.05,烽火电子,计算机、通信和其他电子设备制造业,主板,8.257500000000007,8.253749999999995,8.145833333333334,8.132499999999997,8.635531914893617
561,2020-10-19,8.16,8.15,8.27,8.14,8.11,41130.3,33702300.0,8.24,8.21,8.107500000000002,8.24,8.63,46.43,-0.07,-0.1,0.03,烽火电子,计算机、通信和其他电子设备制造业,主板,8.200000000000006,8.254999999999995,8.1575,8.144374999999997,8.609574468085105
561,2020-10-20,8.12,8.14,8.16,7.95,8.15,34877.8,28068500.0,8.19,8.23,8.117500000000001,8.22,8.63,46.14,-0.07,-0.09,0.02,烽火电子,计算机、通信和其他电子设备制造业,主板,8.150000000000006,8.257499999999995,8.181666666666667,8.146874999999996,8.583404255319149
561,2020-10-21,8.14,7.99,8.22,7.94,8.14,32256.6,25941900.0,8.12,8.22,8.114500000000001,8.19,8.62,41.83,-0.08,-0.09,0.01,烽火电子,计算机、通信和其他电子设备制造业,主板,8.097500000000007,8.219999999999995,8.185833333333333,8.130624999999997,8.544680851063829
561,2020-10-22,7.95,7.91,7.99,7.85,7.99,24707.1,19558500.0,8.06,8.2,8.1155,8.17,8.61,39.7,-0.08,-0.09,0.01,烽火电子,计算机、通信和其他电子设备制造业,主板,8.047500000000007,8.152499999999995,8.185,8.121249999999996,8.496170212765957
561,2020-10-23,7.9,7.8,8.0,7.79,7.91,31657.0,24950700.0,8.0,8.15,8.107500000000002,8.14,8.6,36.92,-0.1,-0.09,-0.01,烽火电子,计算机、通信和其他电子设备制造业,主板,7.960000000000006,8.079999999999995,8.156666666666666,8.108124999999998,8.450425531914894
561,2020-10-26,7.77,7.83,7.89,7.7,7.8,23201.4,18137500.0,7.93,8.08,8.094000000000003,8.12,8.59,38.19,-0.12,-0.1,-0.02,烽火电子,计算机、通信和其他电子设备制造业,主板,7.882500000000006,8.016249999999994,8.132499999999999,8.106874999999999,8.409148936170213
561,2020-10-27,7.83,7.89,7.96,7.78,7.83,30688.1,24181800.0,7.88,8.04,8.076000000000002,8.1,8.57,40.76,-0.12,-0.1,-0.02,烽火电子,计算机、通信和其他电子设备制造业,主板,7.857500000000005,7.977499999999994,8.099166666666667,8.103749999999998,8.371702127659574
561,2020-10-28,7.89,7.87,7.95,7.73,7.89,24780.9,19374500.0,7.86,7.99,8.066500000000001,8.07,8.56,40.16,-0.12,-0.11,-0.01,烽火电子,计算机、通信和其他电子设备制造业,主板,7.847500000000005,7.9474999999999945,8.050833333333333,8.100624999999999,8.331063829787235
561,2020-10-29,7.7,7.37,7.72,7.27,7.87,96044.2,70985900.0,7.75,7.91,8.034500000000003,8.03,8.54,28.76,-0.17,-0.12,-0.05,烽火电子,计算机、通信和其他电子设备制造业,主板,7.740000000000005,7.849999999999995,7.966666666666668,8.052499999999998,8.281914893617023
561,2020-10-30,7.34,6.99,7.44,6.97,7.37,101690.0,72790400.0,7.59,7.79,7.991500000000004,8.0,8.52,23.34,-0.23,-0.14,-0.09,烽火电子,计算机、通信和其他电子设备制造业,主板,7.530000000000005,7.706249999999995,7.854166666666667,7.981874999999999,8.228723404255321
561,2020-11-02,7.04,6.99,7.05,6.82,6.99,56100.0,38948700.0,7.42,7.68,7.944000000000004,7.96,8.49,23.34,-0.26,-0.16,-0.1,烽火电子,计算机、通信和其他电子设备制造业,主板,7.305000000000005,7.5812499999999945,7.753333333333333,7.900625,8.176382978723407
561,2020-11-03,6.99,7.14,7.16,6.97,6.99,60215.2,42702300.0,7.27,7.58,7.905000000000004,7.94,8.45,29.43,-0.29,-0.19,-0.1,烽火电子,计算机、通信和其他电子设备制造业,主板,7.122500000000005,7.484999999999994,7.672499999999999,7.818749999999999,8.137234042553192
561,2020-11-04,7.12,7.03,7.16,6.96,7.14,46575.6,32794100.0,7.1,7.48,7.8495000000000035,7.9,8.42,27.69,-0.31,-0.21,-0.1,烽火电子,计算机、通信和其他电子设备制造业,主板,7.037500000000004,7.388749999999995,7.579166666666666,7.734374999999998,8.10276595744681
561,2020-11-05,7.04,7.13,7.17,6.98,7.03,53640.7,37990600.0,7.06,7.4,7.8000000000000025,7.88,8.38,31.64,-0.31,-0.23,-0.08,烽火电子,计算机、通信和其他电子设备制造业,主板,7.072500000000003,7.301249999999994,7.494999999999998,7.658749999999998,8.067234042553192
561,2020-11-06,7.15,7.09,7.23,7.03,7.13,49531.1,35187800.0,7.08,7.33,7.740000000000004,7.85,8.34,30.91,-0.32,-0.25,-0.07,烽火电子,计算机、通信和其他电子设备制造业,主板,7.097500000000002,7.201249999999995,7.419999999999999,7.589374999999998,8.03595744680851
561,2020-11-09,7.13,7.25,7.28,7.11,7.09,59276.5,42767000.0,7.13,7.28,7.680000000000004,7.82,8.3,37.14,-0.31,-0.26,-0.05,烽火电子,计算机、通信和其他电子设备制造业,主板,7.125000000000002,7.123749999999995,7.364999999999999,7.535624999999997,8.013617021276595
561,2020-11-10,7.23,7.04,7.24,7.02,7.25,56550.6,40258200.0,7.11,7.19,7.613000000000004,7.78,8.25,32.94,-0.3,-0.27,-0.03,烽火电子,计算机、通信和其他电子设备制造业,主板,7.127500000000001,7.082499999999995,7.301666666666667,7.466249999999997,7.984893617021277
561,2020-11-11,7.03,6.97,7.06,6.96,7.04,39280.3,27483400.0,7.1,7.1,7.544500000000004,7.74,8.2,31.66,-0.31,-0.28,-0.03,烽火电子,计算机、通信和其他电子设备制造业,主板,7.087500000000001,7.079999999999995,7.23,7.393124999999997,7.949574468085108
561,2020-11-12,6.95,6.96,7.02,6.91,6.97,30448.9,21232700.0,7.06,7.06,7.482500000000004,7.71,8.15,31.47,-0.31,-0.28,-0.03,烽火电子,计算机、通信和其他电子设备制造业,主板,7.055000000000001,7.076249999999995,7.1525,7.328749999999997,7.913191489361703
561,2020-11-13,6.9,7.08,7.1,6.88,6.96,54011.6,37909100.0,7.06,7.07,7.431000000000006,7.68,8.11,36.37,-0.3,-0.29,-0.01,烽火电子,计算机、通信和其他电子设备制造业,主板,7.012500000000001,7.068749999999994,7.086666666666666,7.276874999999997,7.875106382978723
561,2020-11-16,7.12,7.08,7.13,7.06,7.08,27862.0,19737300.0,7.03,7.08,7.377500000000007,7.65,8.06,36.37,-0.29,-0.29,0.0,烽火电子,计算机、通信和其他电子设备制造业,主板,7.022500000000001,7.074999999999994,7.062499999999999,7.231874999999997,7.839787234042553
561,2020-11-17,7.09,7.01,7.09,6.97,7.08,33871.4,23750500.0,7.02,7.06,7.321000000000007,7.62,8.02,34.69,-0.27,-0.28,0.01,烽火电子,计算机、通信和其他电子设备制造业,主板,7.032500000000001,7.059999999999993,7.064166666666666,7.180624999999997,7.808297872340424
561,2020-11-18,6.99,7.06,7.08,6.98,7.01,28959.0,20399900.0,7.04,7.07,7.274500000000006,7.59,7.98,36.93,-0.27,-0.28,0.01,烽火电子,计算机、通信和其他电子设备制造业,主板,7.057500000000001,7.056249999999993,7.07,7.1287499999999975,7.77659574468085
561,2020-11-19,7.06,7.17,7.19,7.04,7.06,72626.9,51815800.0,7.08,7.07,7.237500000000006,7.56,7.94,41.67,-0.24,-0.27,0.03,烽火电子,计算机、通信和其他电子设备制造业,主板,7.080000000000002,7.0462499999999935,7.072500000000001,7.084999999999997,7.747872340425531
561,2020-11-20,7.14,7.18,7.22,7.08,7.17,58983.9,42231900.0,7.1,7.08,7.2065000000000055,7.52,7.91,42.1,-0.22,-0.26,0.04,烽火电子,计算机、通信和其他电子设备制造业,主板,7.105000000000002,7.0637499999999935,7.085000000000001,7.073124999999997,7.717234042553191
561,2020-11-23,7.18,7.23,7.28,7.15,7.18,56752.1,40931900.0,7.13,7.08,7.176500000000004,7.48,7.88,44.29,-0.2,-0.25,0.05,烽火电子,计算机、通信和其他电子设备制造业,主板,7.160000000000002,7.096249999999994,7.093333333333335,7.088124999999998,7.687446808510638
561,2020-11-24,7.25,7.22,7.32,7.2,7.23,39919.0,28906900.0,7.17,7.1,7.143000000000005,7.44,7.86,43.93,-0.18,-0.24,0.06,烽火电子,计算机、通信和其他电子设备制造业,主板,7.200000000000002,7.128749999999994,7.104166666666668,7.102499999999998,7.670425531914895
561,2020-11-25,7.24,7.1,7.24,7.1,7.22,40114.2,28690600.0,7.18,7.11,7.104500000000004,7.4,7.83,39.78,-0.17,-0.22,0.05,烽火电子,计算机、通信和其他电子设备制造业,主板,7.182500000000001,7.131249999999994,7.091666666666668,7.099999999999998,7.652553191489363
561,2020-11-26,7.09,7.17,7.21,7.08,7.1,30662.0,21930700.0,7.18,7.13,7.094500000000004,7.36,7.82,43.15,-0.16,-0.21,0.05,烽火电子,计算机、通信和其他电子设备制造业,主板,7.1800000000000015,7.142499999999995,7.1025,7.108749999999998,7.636170212765959
561,2020-11-27,7.15,7.23,7.32,7.14,7.17,67354.5,48707000.0,7.19,7.14,7.106500000000002,7.34,7.8,45.95,-0.14,-0.2,0.06,烽火电子,计算机、通信和其他电子设备制造业,主板,7.180000000000001,7.1699999999999955,7.124166666666667,7.114999999999998,7.618723404255321
561,2020-11-30,7.25,7.23,7.35,7.19,7.23,55985.5,40794000.0,7.19,7.16,7.118500000000002,7.31,7.77,45.95,-0.12,-0.18,0.06,烽火电子,计算机、通信和其他电子设备制造业,主板,7.182500000000001,7.191249999999995,7.146666666666668,7.1237499999999985,7.604680851063833
561,2020-12-01,7.24,7.28,7.3,7.2,7.23,38772.9,28149800.0,7.2,7.19,7.125500000000002,7.28,7.75,48.41,-0.1,-0.16,0.06,烽火电子,计算机、通信和其他电子设备制造业,主板,7.227500000000001,7.204999999999995,7.163333333333335,7.1256249999999985,7.59021276595745
561,2020-12-02,7.3,7.3,7.32,7.22,7.28,44370.4,32282500.0,7.24,7.21,7.139000000000003,7.25,7.72,49.4,-0.09,-0.15,0.06,烽火电子,计算机、通信和其他电子设备制造业,主板,7.26,7.219999999999994,7.181666666666668,7.141874999999998,7.5731914893617045
561,2020-12-03,7.38,7.32,7.38,7.27,7.3,42387.7,31004500.0,7.27,7.23,7.148500000000003,7.23,7.7,50.42,-0.07,-0.13,0.06,烽火电子,计算机、通信和其他电子设备制造业,主板,7.2825,7.231249999999994,7.207500000000002,7.1637499999999985,7.553404255319151
561,2020-12-04,7.32,7.28,7.33,7.2,7.32,34534.1,25080100.0,7.28,7.24,7.158000000000003,7.22,7.68,48.31,-0.06,-0.12,0.06,烽火电子,计算机、通信和其他电子设备制造业,主板,7.294999999999999,7.238749999999994,7.225833333333335,7.183749999999999,7.536808510638299
561,2020-12-07,7.34,7.29,7.4,7.29,7.28,48112.1,35294300.0,7.29,7.24,7.160000000000002,7.2,7.66,48.89,-0.06,-0.11,0.05,烽火电子,计算机、通信和其他电子设备制造业,主板,7.297499999999999,7.262499999999995,7.235833333333336,7.1968749999999995,7.5214893617021295
561,2020-12-08,7.32,7.21,7.32,7.21,7.29,34366.0,24957800.0,7.28,7.24,7.168500000000003,7.18,7.64,44.61,-0.05,-0.1,0.05,烽火电子,计算机、通信和其他电子设备制造业,主板,7.2749999999999995,7.267499999999995,7.238333333333334,7.204999999999999,7.507872340425533
561,2020-12-09,7.24,7.0,7.24,6.99,7.21,45326.0,32271600.0,7.22,7.23,7.1700000000000035,7.15,7.61,35.77,-0.07,-0.09,0.02,烽火电子,计算机、通信和其他电子设备制造业,主板,7.1949999999999985,7.238749999999994,7.219166666666667,7.204374999999999,7.487872340425533
561,2020-12-10,6.97,6.99,7.07,6.92,7.0,34031.8,23790500.0,7.15,7.21,7.1715000000000035,7.13,7.58,35.41,-0.08,-0.09,0.01,烽火电子,计算机、通信和其他电子设备制造业,主板,7.122499999999999,7.208749999999993,7.2,7.199999999999998,7.46808510638298
561,2020-12-11,7.0,6.82,7.02,6.68,6.99,69498.9,47240400.0,7.06,7.17,7.158500000000002,7.13,7.56,29.9,-0.1,-0.09,-0.01,烽火电子,计算机、通信和其他电子设备制造业,主板,7.004999999999999,7.151249999999994,7.176666666666667,7.178124999999999,7.440000000000001
561,2020-12-14,6.72,6.79,6.81,6.66,6.82,35392.3,23907700.0,6.96,7.13,7.144000000000001,7.12,7.54,29.04,-0.12,-0.1,-0.02,烽火电子,计算机、通信和其他电子设备制造业,主板,6.899999999999999,7.087499999999994,7.1450000000000005,7.153749999999999,7.411702127659576
561,2020-12-15,6.8,6.8,6.87,6.73,6.79,26332.3,17890800.0,6.88,7.08,7.133500000000002,7.11,7.52,29.77,-0.14,-0.11,-0.03,烽火电子,计算机、通信和其他电子设备制造业,主板,6.849999999999998,7.022499999999994,7.109166666666667,7.126874999999998,7.380000000000002
561,2020-12-16,6.78,6.71,6.82,6.68,6.8,26758.9,17969800.0,6.82,7.02,7.116000000000002,7.1,7.5,27.09,-0.15,-0.11,-0.04,烽火电子,计算机、通信和其他电子设备制造业,主板,6.779999999999998,6.951249999999994,7.065833333333333,7.094999999999998,7.342978723404257
561,2020-12-17,6.65,6.67,6.72,6.48,6.71,45042.9,29707900.0,6.76,6.96,7.091000000000003,7.08,7.48,25.97,-0.16,-0.12,-0.04,烽火电子,计算机、通信和其他电子设备制造业,主板,6.742499999999998,6.873749999999994,7.015,7.068124999999998,7.306595744680853
561,2020-12-18,6.67,6.65,6.75,6.59,6.67,31818.3,21234400.0,6.72,6.89,7.0645000000000024,7.07,7.46,25.4,-0.17,-0.13,-0.04,烽火电子,计算机、通信和其他电子设备制造业,主板,6.707499999999998,6.803749999999994,6.960833333333333,7.035624999999999,7.270638297872342
561,2020-12-21,6.67,6.72,6.73,6.57,6.65,36247.3,24241300.0,6.71,6.84,7.039000000000003,7.05,7.44,31.06,-0.17,-0.14,-0.03,烽火电子,计算机、通信和其他电子设备制造业,主板,6.687499999999997,6.768749999999994,6.910833333333334,7.003749999999998,7.239148936170215
561,2020-12-22,6.74,6.6,6.81,6.58,6.72,45664.0,30541000.0,6.67,6.78,7.008000000000003,7.04,7.41,27.25,-0.18,-0.15,-0.03,烽火电子,计算机、通信和其他电子设备制造业,主板,6.659999999999997,6.7199999999999935,6.854166666666667,6.964374999999998,7.207021276595747
561,2020-12-23,6.57,6.72,6.73,6.56,6.6,32692.0,21739200.0,6.67,6.75,6.9890000000000025,7.03,7.39,35.74,-0.17,-0.15,-0.02,烽火电子,计算机、通信和其他电子设备制造业,主板,6.672499999999996,6.707499999999993,6.806666666666666,6.929374999999998,7.176595744680855
561,2020-12-24,6.7,6.83,6.96,6.7,6.72,77365.7,53101700.0,6.7,6.73,6.972000000000004,7.02,7.37,42.38,-0.16,-0.15,-0.01,烽火电子,计算机、通信和其他电子设备制造业,主板,6.717499999999996,6.712499999999993,6.7749999999999995,6.899999999999998,7.148723404255323
561,2020-12-25,6.85,6.9,6.9,6.72,6.83,39823.3,27188000.0,6.75,6.74,6.955500000000005,7.02,7.35,46.19,-0.14,-0.15,0.01,烽火电子,计算机、通信和其他电子设备制造业,主板,6.762499999999996,6.724999999999993,6.766666666666667,6.873749999999998,7.12553191489362
561,2020-12-28,6.9,6.71,6.94,6.7,6.9,40197.0,27329000.0,6.75,6.73,6.929500000000006,7.01,7.33,38.71,-0.14,-0.15,0.01,烽火电子,计算机、通信和其他电子设备制造业,主板,6.789999999999996,6.724999999999993,6.743333333333333,6.838124999999997,7.100000000000002
561,2020-12-29,6.69,6.95,6.99,6.68,6.71,67105.4,46267800.0,6.82,6.75,6.913000000000006,7.0,7.31,49.78,-0.12,-0.14,0.02,烽火电子,计算机、通信和其他电子设备制造业,主板,6.847499999999997,6.759999999999994,6.754166666666667,6.816874999999997,7.081914893617023
561,2020-12-30,6.89,6.96,7.05,6.82,6.95,47520.4,32973700.0,6.87,6.77,6.896000000000005,7.0,7.29,50.18,-0.1,-0.13,0.03,烽火电子,计算机、通信和其他电子设备制造业,主板,6.879999999999997,6.798749999999994,6.7683333333333335,6.801249999999997,7.063404255319151
561,2020-12-31,6.93,7.17,7.24,6.91,6.96,81391.3,57858900.0,6.94,6.82,6.888500000000005,7.0,7.28,57.84,-0.06,-0.12,0.06,烽火电子,计算机、通信和其他电子设备制造业,主板,6.947499999999998,6.854999999999994,6.799166666666667,6.811874999999997,7.048085106382981
561,2021-01-04,7.2,7.37,7.42,7.17,7.17,106427.0,77971300.0,7.03,6.89,6.893000000000005,7.01,7.26,63.59,-0.02,-0.1,0.08,烽火电子,计算机、通信和其他电子设备制造业,主板,7.112499999999997,6.951249999999994,6.854166666666668,6.835624999999998,7.037446808510641
561,2021-01-05,7.34,7.45,7.7,7.3,7.37,114908.0,86438600.0,7.18,6.97,6.901000000000005,7.01,7.25,65.61,0.01,-0.08,0.09,烽火电子,计算机、通信和其他电子设备制造业,主板,7.237499999999998,7.042499999999994,6.919166666666668,6.874999999999998,7.039148936170215
561,2021-01-06,7.39,7.34,7.52,7.24,7.45,93749.6,69014800.0,7.26,7.04,6.907500000000004,7.02,7.23,60.63,0.04,-0.05,0.09,烽火电子,计算机、通信和其他电子设备制造业,主板,7.332499999999998,7.106249999999994,6.9766666666666675,6.909374999999998,7.046595744680852
561,2021-01-07,7.3,7.13,7.32,7.02,7.34,92709.1,66336800.0,7.29,7.08,6.914000000000004,7.02,7.21,52.45,0.04,-0.04,0.08,烽火电子,计算机、通信和其他电子设备制造业,主板,7.322499999999998,7.1349999999999945,7.010833333333334,6.929999999999998,7.049574468085107
561,2021-01-08,7.07,6.95,7.12,6.92,7.13,57841.3,40505900.0,7.25,7.09,6.9120000000000035,7.01,7.19,46.64,0.02,-0.02,0.04,烽火电子,计算机、通信和其他电子设备制造业,主板,7.2174999999999985,7.164999999999995,7.040000000000002,6.9449999999999985,7.045531914893618
561,2021-01-11,6.93,6.76,7.03,6.72,6.95,69049.2,47639200.0,7.13,7.08,6.909000000000003,7.0,7.17,41.42,0.0,-0.02,0.02,烽火电子,计算机、通信和其他电子设备制造业,主板,7.044999999999999,7.141249999999994,7.043333333333336,6.950624999999999,7.039787234042555
561,2021-01-12,6.73,7.44,7.44,6.72,6.76,80963.7,59011300.0,7.12,7.15,6.941500000000003,7.0,7.15,59.07,0.03,-0.01,0.04,烽火电子,计算机、通信和其他电子设备制造业,主板,7.069999999999999,7.201249999999994,7.094166666666669,6.999999999999998,7.046382978723406
561,2021-01-13,7.56,7.8,8.18,7.49,7.44,410529.0,320475000.0,7.22,7.24,6.991500000000004,7.02,7.15,65.06,0.09,0.01,0.08,烽火电子,计算机、通信和其他电子设备制造业,主板,7.2375,7.279999999999994,7.169166666666668,7.067499999999998,7.0614893617021295
561,2021-01-14,7.5,8.36,8.58,7.39,7.8,380250.0,304563000.0,7.46,7.38,7.0740000000000025,7.06,7.15,71.95,0.17,0.04,0.13,烽火电子,计算机、通信和其他电子设备制造业,主板,7.590000000000001,7.403749999999994,7.306666666666668,7.177499999999998,7.085106382978726
561,2021-01-15,8.0,7.77,8.1,7.61,8.36,266848.0,208863000.0,7.63,7.44,7.129000000000003,7.07,7.15,58.8,0.19,0.07,0.12,烽火电子,计算机、通信和其他电子设备制造业,主板,7.842500000000001,7.443749999999994,7.375000000000001,7.243124999999998,7.100638297872342
561,2021-01-18,7.68,7.82,7.97,7.68,7.77,207203.0,162335000.0,7.84,7.48,7.187500000000003,7.09,7.15,59.48,0.21,0.1,0.11,烽火电子,计算机、通信和其他电子设备制造业,主板,7.937500000000001,7.503749999999993,7.446666666666669,7.304999999999999,7.11872340425532
561,2021-01-19,7.72,7.55,7.87,7.51,7.82,162139.0,123763000.0,7.86,7.49,7.229000000000004,7.1,7.15,54.3,0.19,0.12,0.07,烽火电子,计算机、通信和其他电子设备制造业,主板,7.875000000000001,7.556249999999992,7.478333333333335,7.345624999999998,7.131276595744683
561,2021-01-20,7.47,7.7,7.73,7.4,7.55,140601.0,106802000.0,7.84,7.53,7.284000000000003,7.11,7.14,56.56,0.19,0.13,0.06,烽火电子,计算机、通信和其他电子设备制造业,主板,7.710000000000001,7.6499999999999915,7.505833333333335,7.407499999999999,7.144468085106385
561,2021-01-21,7.63,7.56,7.66,7.48,7.7,113875.0,86254800.0,7.68,7.57,7.326000000000003,7.13,7.14,53.88,0.19,0.14,0.05,烽火电子,计算机、通信和其他电子设备制造业,主板,7.6575000000000015,7.749999999999992,7.5150000000000015,7.445624999999999,7.154680851063832
561,2021-01-22,7.51,7.19,7.58,7.14,7.56,135499.0,99234600.0,7.56,7.59,7.344000000000003,7.14,7.14,47.47,0.14,0.14,0.0,烽火电子,计算机、通信和其他电子设备制造业,主板,7.500000000000002,7.718749999999993,7.502500000000001,7.459999999999999,7.158510638297875
561,2021-01-25,7.2,7.06,7.29,6.99,7.19,93002.2,66339600.0,7.41,7.62,7.352000000000002,7.15,7.14,45.43,0.1,0.13,-0.03,烽火电子,计算机、通信和其他电子设备制造业,主板,7.377500000000002,7.6262499999999935,7.496666666666669,7.453124999999999,7.158510638297875
561,2021-01-26,7.05,7.11,7.13,6.94,7.06,68824.2,48376900.0,7.32,7.59,7.3720000000000026,7.16,7.14,46.38,0.06,0.12,-0.06,烽火电子,计算机、通信和其他电子设备制造业,主板,7.230000000000003,7.4699999999999935,7.510000000000002,7.436874999999999,7.157234042553194
561,2021-01-27,7.05,6.9,7.12,6.83,7.11,63382.6,43817000.0,7.16,7.5,7.369500000000004,7.16,7.14,42.98,0.02,0.1,-0.08,烽火电子,计算机、通信和其他电子设备制造业,主板,7.065000000000004,7.361249999999995,7.521666666666668,7.402499999999999,7.151276595744682
561,2021-01-28,6.92,6.87,6.95,6.77,6.9,36756.4,25299600.0,7.03,7.35,7.365000000000004,7.17,7.13,42.5,-0.02,0.08,-0.1,烽火电子,计算机、通信和其他电子设备制造业,主板,6.985000000000004,7.242499999999995,7.474166666666669,7.373124999999999,7.143617021276597
561,2021-01-29,6.86,6.77,6.97,6.7,6.87,46212.8,31469400.0,6.94,7.25,7.345000000000004,7.17,7.13,40.86,-0.05,0.05,-0.1,烽火电子,计算机、通信和其他电子设备制造业,主板,6.912500000000004,7.144999999999996,7.388333333333335,7.350624999999999,7.13404255319149
561,2021-02-01,6.8,6.57,6.84,6.5,6.77,66270.9,44007600.0,6.84,7.13,7.305000000000004,7.17,7.12,37.72,-0.09,0.02,-0.11,烽火电子,计算机、通信和其他电子设备制造业,主板,6.777500000000003,7.003749999999996,7.2391666666666685,7.3268749999999985,7.122765957446808
561,2021-02-02,6.55,6.65,6.66,6.43,6.57,51459.1,33538800.0,6.75,7.04,7.265000000000005,7.17,7.11,39.72,-0.11,0.0,-0.11,烽火电子,计算机、通信和其他电子设备制造业,主板,6.715000000000003,6.889999999999995,7.145833333333336,7.3199999999999985,7.111702127659573
561,2021-02-03,6.63,6.37,6.65,6.35,6.65,46604.0,30202900.0,6.65,6.9,7.216500000000005,7.16,7.1,35.44,-0.16,-0.04,-0.12,烽火电子,计算机、通信和其他电子设备制造业,主板,6.5900000000000025,6.787499999999995,7.025000000000003,7.253124999999999,7.093404255319148
561,2021-02-04,6.36,6.11,6.43,6.07,6.37,53160.4,32881200.0,6.49,6.76,7.165500000000006,7.14,7.08,32.0,-0.21,-0.07,-0.14,烽火电子,计算机、通信和其他电子设备制造业,主板,6.425000000000003,6.668749999999995,6.905000000000004,7.147499999999999,7.069574468085105
561,2021-02-05,6.15,6.02,6.24,6.02,6.11,34628.7,21167800.0,6.34,6.64,7.119000000000007,7.11,7.07,30.88,-0.26,-0.11,-0.15,烽火电子,计算机、通信和其他电子设备制造业,主板,6.287500000000003,6.532499999999995,6.765000000000003,7.001249999999999,7.042765957446807
561,2021-02-08,6.02,6.04,6.11,6.02,6.02,27361.6,16600600.0,6.24,6.54,7.083000000000007,7.08,7.05,31.46,-0.29,-0.14,-0.15,烽火电子,计算机、通信和其他电子设备制造业,主板,6.135000000000003,6.424999999999995,6.638333333333336,6.8931249999999995,7.0159574468085095
561,2021-02-09,6.04,6.21,6.23,6.03,6.04,29891.6,18387900.0,6.15,6.45,7.021500000000008,7.06,7.04,36.29,-0.29,-0.17,-0.12,烽火电子,计算机、通信和其他电子设备制造业,主板,6.095000000000003,6.342499999999996,6.556666666666669,6.792499999999999,6.992340425531913
561,2021-02-10,6.2,6.29,6.3,6.16,6.21,30220.0,18832100.0,6.13,6.39,6.946000000000007,7.04,7.02,38.49,-0.29,-0.2,-0.09,烽火电子,计算机、通信和其他电子设备制造业,主板,6.140000000000003,6.282499999999995,6.492500000000003,6.713749999999999,6.971276595744681
561,2021-02-18,6.39,6.4,6.5,6.36,6.29,34546.9,22187900.0,6.19,6.34,6.848000000000008,7.02,7.01,41.48,-0.28,-0.21,-0.07,烽火电子,计算机、通信和其他电子设备制造业,主板,6.235000000000004,6.261249999999995,6.433333333333337,6.632499999999999,6.952340425531913
561,2021-02-19,6.37,6.57,6.58,6.37,6.4,38883.9,25312300.0,6.3,6.32,6.7880000000000065,7.0,7.0,45.86,-0.25,-0.22,-0.03,烽火电子,计算机、通信和其他电子设备制造业,主板,6.367500000000004,6.251249999999995,6.405833333333336,6.570625,6.938723404255318
561,2021-02-22,6.62,6.57,6.73,6.56,6.57,67544.4,44853200.0,6.41,6.32,6.7255000000000065,6.98,6.99,45.86,-0.22,-0.22,0.0,烽火电子,计算机、通信和其他电子设备制造业,主板,6.457500000000005,6.276249999999996,6.380833333333335,6.531874999999999,6.9295744680851055
561,2021-02-23,6.57,6.63,6.68,6.46,6.57,41372.4,27268500.0,6.49,6.32,6.679500000000006,6.95,6.98,47.47,-0.19,-0.21,0.02,烽火电子,计算机、通信和其他电子设备制造业,主板,6.542500000000006,6.341249999999996,6.369166666666668,6.504999999999999,6.92191489361702
561,2021-02-24,6.63,6.62,6.71,6.56,6.63,37102.5,24609900.0,6.56,6.35,6.625500000000007,6.93,6.97,47.22,-0.18,-0.21,0.03,烽火电子,计算机、通信和其他电子设备制造业,主板,6.5975000000000055,6.416249999999996,6.373333333333335,6.474374999999999,6.917659574468084
561,2021-02-25,6.62,6.56,6.65,6.55,6.62,28663.2,18876000.0,6.59,6.39,6.575500000000007,6.91,6.96,45.66,-0.16,-0.2,0.04,烽火电子,计算机、通信和其他电子设备制造业,主板,6.595000000000006,6.481249999999997,6.365833333333335,6.453124999999999,6.9127659574468066
561,2021-02-26,6.48,6.56,6.63,6.45,6.56,22877.0,15011700.0,6.59,6.44,6.544000000000007,6.89,6.95,45.66,-0.15,-0.19,0.04,烽火电子,计算机、通信和其他电子设备制造业,主板,6.5925000000000065,6.524999999999997,6.381666666666668,6.433749999999999,6.9076595744680835
561,2021-03-01,6.51,6.64,6.66,6.51,6.56,31765.9,21025900.0,6.6,6.5,6.523000000000006,6.89,6.94,48.31,-0.12,-0.17,0.05,烽火电子,计算机、通信和其他电子设备制造业,主板,6.595000000000007,6.568749999999997,6.425833333333334,6.425624999999999,6.906170212765955
561,2021-03-02,6.65,6.63,6.68,6.56,6.64,26780.0,17698800.0,6.6,6.55,6.499000000000005,6.86,6.93,47.99,-0.11,-0.16,0.05,烽火电子,计算机、通信和其他电子设备制造业,主板,6.597500000000006,6.5974999999999975,6.4766666666666675,6.4293749999999985,6.905319148936168
561,2021-03-03,6.63,6.67,6.68,6.6,6.63,27929.5,18573000.0,6.61,6.58,6.487500000000004,6.83,6.92,49.41,-0.1,-0.15,0.05,烽火电子,计算机、通信和其他电子设备制造业,主板,6.625000000000006,6.609999999999998,6.529166666666668,6.430624999999998,6.905744680851062
561,2021-03-04,6.66,6.72,6.84,6.64,6.67,53718.3,36290500.0,6.64,6.62,6.480000000000004,6.77,6.91,51.21,-0.08,-0.14,0.06,烽火电子,计算机、通信和其他电子设备制造业,主板,6.665000000000007,6.6287499999999975,6.571666666666668,6.452499999999998,6.905744680851062
561,2021-03-05,6.7,6.73,6.78,6.59,6.72,35522.3,23786300.0,6.68,6.63,6.478000000000003,6.74,6.9,51.58,-0.06,-0.12,0.06,烽火电子,计算机、通信和其他电子设备制造业,主板,6.687500000000007,6.641249999999997,6.608333333333334,6.491249999999998,6.908510638297871
561,2021-03-08,6.74,6.65,6.78,6.64,6.73,32120.4,21539900.0,6.68,6.64,6.482000000000004,6.7,6.89,48.41,-0.05,-0.11,0.06,烽火电子,计算机、通信和其他电子设备制造业,主板,6.692500000000007,6.644999999999997,6.629166666666667,6.530624999999999,6.907021276595742
561,2021-03-09,6.63,6.47,6.65,6.39,6.65,38565.8,25163600.0,6.65,6.62,6.473000000000003,6.66,6.88,42.15,-0.07,-0.1,0.03,烽火电子,计算机、通信和其他电子设备制造业,主板,6.642500000000007,6.6337499999999965,6.6208333333333345,6.557499999999998,6.899361702127658
561,2021-03-10,6.5,6.4,6.56,6.35,6.47,20277.0,13030200.0,6.59,6.6,6.4745000000000035,6.62,6.87,39.98,-0.08,-0.1,0.02,烽火电子,计算机、通信和其他电子设备制造业,主板,6.562500000000007,6.613749999999996,6.606666666666669,6.569374999999999,6.888723404255318
561,2021-03-11,6.39,6.46,6.49,6.38,6.4,17638.8,11373000.0,6.54,6.59,6.492000000000003,6.58,6.86,42.7,-0.08,-0.09,0.01,烽火电子,计算机、通信和其他电子设备制造业,主板,6.495000000000007,6.591249999999996,6.592500000000002,6.579999999999998,6.883404255319148
561,2021-03-12,6.45,6.48,6.54,6.38,6.46,19455.3,12552000.0,6.49,6.59,6.515000000000002,6.56,6.85,43.62,-0.08,-0.09,0.01,烽火电子,计算机、通信和其他电子设备制造业,主板,6.452500000000008,6.572499999999995,6.580833333333335,6.584999999999998,6.873404255319148
561,2021-03-15,6.48,6.45,6.52,6.41,6.48,21339.5,13788300.0,6.45,6.57,6.535500000000002,6.54,6.84,42.52,-0.08,-0.09,0.01,烽火电子,计算机、通信和其他电子设备制造业,主板,6.447500000000009,6.5449999999999955,6.571666666666669,6.577499999999999,6.8625531914893605
561,2021-03-16,6.45,6.47,6.51,6.42,6.45,18088.2,11679900.0,6.45,6.55,6.5485000000000015,6.52,6.84,43.54,-0.08,-0.09,0.01,烽火电子,计算机、通信和其他电子设备制造业,主板,6.465000000000009,6.5137499999999955,6.564166666666669,6.571249999999999,6.847659574468085
561,2021-03-17,6.45,6.52,6.55,6.44,6.47,28369.8,18455500.0,6.48,6.53,6.560000000000002,6.5,6.83,46.12,-0.07,-0.08,0.01,烽火电子,计算机、通信和其他电子设备制造业,主板,6.480000000000009,6.487499999999995,6.554166666666668,6.564374999999999,6.829574468085105
561,2021-03-18,6.53,6.51,6.55,6.48,6.52,30914.2,20132800.0,6.49,6.51,6.565500000000002,6.49,6.83,45.67,-0.07,-0.08,0.01,烽火电子,计算机、通信和其他电子设备制造业,主板,6.487500000000009,6.469999999999995,6.544166666666669,6.557499999999999,6.809574468085105
561,2021-03-19,6.48,6.53,6.59,6.44,6.51,30799.8,20074200.0,6.5,6.49,6.563500000000002,6.48,6.83,46.79,-0.06,-0.08,0.02,烽火电子,计算机、通信和其他电子设备制造业,主板,6.507500000000008,6.477499999999996,6.532500000000002,6.555624999999999,6.792340425531914
561,2021-03-22,6.55,6.59,6.6,6.5,6.53,28553.9,18718800.0,6.52,6.49,6.5645000000000024,6.48,6.83,50.1,-0.05,-0.07,0.02,烽火电子,计算机、通信和其他电子设备制造业,主板,6.5375000000000085,6.501249999999996,6.521666666666669,6.557499999999999,6.780851063829786
561,2021-03-23,6.58,6.55,6.6,6.52,6.59,21891.3,14331800.0,6.54,6.5,6.560500000000003,6.48,6.82,47.95,-0.05,-0.07,0.02,烽火电子,计算机、通信和其他电子设备制造业,主板,6.545000000000008,6.512499999999996,6.506666666666669,6.551874999999999,6.7723404255319135
561,2021-03-24,6.55,6.49,6.56,6.45,6.55,21055.0,13691400.0,6.53,6.5,6.554000000000004,6.48,6.82,44.86,-0.04,-0.06,0.02,烽火电子,计算机、通信和其他电子设备制造业,主板,6.540000000000008,6.513749999999996,6.493333333333335,6.543124999999999,6.766595744680851
561,2021-03-25,6.49,6.43,6.5,6.41,6.49,21423.0,13860900.0,6.52,6.5,6.547500000000004,6.5,6.82,41.94,-0.05,-0.06,0.01,烽火电子,计算机、通信和其他电子设备制造业,主板,6.515000000000008,6.511249999999996,6.490000000000002,6.528124999999998,6.745106382978723
561,2021-03-26,6.41,6.46,6.49,6.41,6.43,17363.0,11215500.0,6.5,6.5,6.542500000000004,6.51,6.81,43.9,-0.06,-0.06,0.0,烽火电子,计算机、通信和其他电子设备制造业,主板,6.482500000000008,6.509999999999996,6.495000000000001,6.511874999999998,6.71659574468085
561,2021-03-29,6.46,6.52,6.54,6.45,6.46,22523.6,14664600.0,6.49,6.51,6.5365000000000055,6.53,6.8,47.71,-0.04,-0.06,0.02,烽火电子,计算机、通信和其他电子设备制造业,主板,6.475000000000008,6.509999999999996,6.500000000000001,6.498749999999998,6.677446808510637
561,2021-03-30,6.54,6.65,6.73,6.51,6.52,64537.7,42888900.0,6.51,6.52,6.537500000000006,6.54,6.8,54.87,-0.03,-0.05,0.02,烽火电子,计算机、通信和其他电子设备制造业,主板,6.515000000000008,6.527499999999996,6.514166666666668,6.498749999999998,6.6536170212765935
561,2021-03-31,6.6,6.55,6.65,6.51,6.65,33868.8,22151500.0,6.52,6.53,6.5315000000000065,6.55,6.8,49.28,-0.03,-0.05,0.02,烽火电子,计算机、通信和其他电子设备制造业,主板,6.545000000000007,6.529999999999996,6.522500000000001,6.5037499999999975,6.626595744680849
561,2021-04-01,6.53,6.58,6.67,6.51,6.55,30585.7,20149200.0,6.55,6.53,6.524500000000008,6.56,6.79,50.9,-0.02,-0.04,0.02,烽火电子,计算机、通信和其他电子设备制造业,主板,6.575000000000006,6.528749999999995,6.531666666666667,6.514999999999997,6.6059574468085085
561,2021-04-02,6.55,6.6,6.61,6.52,6.58,25484.2,16709800.0,6.58,6.54,6.518000000000008,6.56,6.78,52.0,-0.01,-0.03,0.02,烽火电子,计算机、通信和其他电子设备制造业,主板,6.595000000000007,6.534999999999996,6.538333333333334,6.523749999999997,6.58255319148936
561,2021-04-06,6.6,6.64,6.69,6.57,6.6,27976.0,18581400.0,6.6,6.55,6.517500000000007,6.56,6.77,54.2,-0.01,-0.03,0.02,烽火电子,计算机、通信和其他电子设备制造业,主板,6.5925000000000065,6.5537499999999955,6.549166666666667,6.533749999999997,6.562978723404254
561,2021-04-07,6.65,6.63,6.69,6.6,6.64,28713.7,19104400.0,6.6,6.56,6.525500000000006,6.56,6.75,53.54,0.0,-0.02,0.02,烽火电子,计算机、通信和其他电子设备制造业,主板,6.612500000000007,6.578749999999996,6.5575,6.544999999999996,6.551063829787233
561,2021-04-08,6.64,6.66,6.68,6.56,6.63,37327.0,24786300.0,6.62,6.57,6.538500000000006,6.56,6.74,55.3,0.01,-0.02,0.03,烽火电子,计算机、通信和其他电子设备制造业,主板,6.632500000000007,6.603749999999995,6.563333333333333,6.556874999999996,6.54255319148936
561,2021-04-09,6.61,6.68,6.72,6.6,6.66,36092.9,24087200.0,6.64,6.6,6.549500000000006,6.56,6.74,56.49,0.01,-0.01,0.02,烽火电子,计算机、通信和其他电子设备制造业,主板,6.652500000000007,6.623749999999996,6.574166666666667,6.566874999999997,6.533404255319147
561,2021-04-12,6.7,6.57,6.71,6.56,6.68,30496.0,20135200.0,6.64,6.61,6.5540000000000065,6.56,6.73,48.82,0.01,-0.01,0.02,烽火电子,计算机、通信和其他电子设备制造业,主板,6.635000000000007,6.613749999999996,6.580833333333334,6.570624999999997,6.526382978723404
561,2021-04-13,6.56,6.52,6.58,6.44,6.57,27183.0,17631800.0,6.61,6.61,6.557500000000007,6.56,6.73,45.77,0.0,-0.01,0.01,烽火电子,计算机、通信和其他电子设备制造业,主板,6.607500000000008,6.609999999999996,6.588333333333334,6.569999999999997,6.518936170212765
561,2021-04-14,6.52,6.56,6.58,6.48,6.52,24165.5,15806300.0,6.6,6.6,6.562000000000007,6.56,6.71,48.54,0.0,0.0,0.0,烽火电子,计算机、通信和其他电子设备制造业,主板,6.582500000000008,6.607499999999996,6.596666666666668,6.568124999999997,6.514468085106382
561,2021-04-15,6.56,6.57,6.58,6.47,6.56,32532.9,21228600.0,6.58,6.6,6.564500000000007,6.55,6.69,49.23,0.0,0.0,0.0,烽火电子,计算机、通信和其他电子设备制造业,主板,6.555000000000009,6.603749999999996,6.600833333333335,6.569374999999996,6.514468085106382
561,2021-04-16,6.56,6.67,6.69,6.49,6.57,49572.2,32911700.0,6.58,6.61,6.572500000000007,6.55,6.66,55.69,0.0,0.0,0.0,烽火电子,计算机、通信和其他电子设备制造业,主板,6.580000000000009,6.607499999999996,6.602500000000002,6.580624999999997,6.514893617021277
561,2021-04-19,6.68,6.71,6.74,6.67,6.67,46509.3,31214100.0,6.61,6.62,6.581500000000007,6.55,6.64,58.0,0.01,0.0,0.01,烽火电子,计算机、通信和其他电子设备制造业,主板,6.627500000000009,6.617499999999996,6.615833333333335,6.598124999999996,6.522127659574467
561,2021-04-20,6.72,6.79,6.84,6.7,6.71,59271.9,40250000.0,6.66,6.64,6.591500000000006,6.56,6.63,62.23,0.03,0.01,0.02,烽火电子,计算机、通信和其他电子设备制造业,主板,6.68500000000001,6.633749999999996,6.6333333333333355,6.618749999999997,6.5365957446808505
561,2021-04-21,6.78,6.72,6.81,6.67,6.79,36610.6,24648200.0,6.69,6.64,6.600000000000006,6.57,6.61,56.83,0.03,0.01,0.02,烽火电子,计算机、通信和其他电子设备制造业,主板,6.722500000000011,6.6387499999999955,6.643333333333335,6.631249999999997,6.551489361702128
561,2021-04-22,6.72,6.75,6.84,6.69,6.72,30508.1,20593500.0,6.73,6.65,6.613000000000005,6.58,6.6,58.49,0.04,0.02,0.02,烽火电子,计算机、通信和其他电子设备制造业,主板,6.74250000000001,6.6612499999999955,6.6525000000000025,6.637499999999997,6.566595744680851
561,2021-04-23,6.75,6.63,6.75,6.62,6.75,32685.2,21748100.0,6.72,6.65,6.623000000000005,6.58,6.58,50.18,0.03,0.02,0.01,烽火电子,计算机、通信和其他电子设备制造业,主板,6.722500000000011,6.674999999999995,6.6525000000000025,6.6424999999999965,6.5755319148936175
561,2021-04-26,6.63,6.61,6.72,6.58,6.63,28774.0,19130400.0,6.7,6.65,6.630500000000005,6.59,6.57,48.93,0.02,0.02,0.0,烽火电子,计算机、通信和其他电子设备制造业,主板,6.677500000000011,6.681249999999995,6.648333333333336,6.644374999999997,6.582340425531915
561,2021-04-27,6.61,6.49,6.61,6.44,6.61,30066.7,19547300.0,6.64,6.65,6.629000000000005,6.59,6.56,42.16,0.01,0.02,-0.01,烽火电子,计算机、通信和其他电子设备制造业,主板,6.620000000000012,6.671249999999995,6.632500000000003,6.637499999999997,6.584255319148937
561,2021-04-28,6.49,6.5,6.54,6.42,6.49,22906.7,14838300.0,6.6,6.64,6.621500000000005,6.59,6.55,42.87,0.0,0.01,-0.01,烽火电子,计算机、通信和其他电子设备制造业,主板,6.557500000000012,6.649999999999995,6.62666666666667,6.628749999999997,6.582765957446809
561,2021-04-29,6.48,6.46,6.54,6.45,6.5,20979.4,13605100.0,6.54,6.63,6.617000000000004,6.59,6.55,40.72,-0.01,0.01,-0.02,烽火电子,计算机、通信和其他电子设备制造业,主板,6.515000000000012,6.618749999999995,6.62166666666667,6.6181249999999965,6.580425531914894
561,2021-04-30,6.45,6.46,6.51,6.44,6.46,26455.2,17113800.0,6.5,6.61,6.611000000000004,6.59,6.54,40.72,-0.02,0.0,-0.02,烽火电子,计算机、通信和其他电子设备制造业,主板,6.477500000000012,6.577499999999995,6.613333333333336,6.605624999999996,6.5768085106382985
561,2021-05-06,6.5,6.52,6.54,6.45,6.46,26300.0,17097000.0,6.49,6.59,6.607000000000005,6.59,6.53,45.48,-0.02,0.0,-0.02,烽火电子,计算机、通信和其他电子设备制造业,主板,6.485000000000012,6.552499999999995,6.6091666666666695,6.5956249999999965,6.57468085106383
561,2021-05-07,6.52,6.5,6.54,6.47,6.52,25378.0,16481300.0,6.49,6.56,6.600000000000006,6.58,6.53,44.2,-0.03,-0.01,-0.02,烽火电子,计算机、通信和其他电子设备制造业,主板,6.485000000000012,6.521249999999995,6.595000000000002,6.591249999999997,6.573404255319149
561,2021-05-10,6.5,6.47,6.55,6.46,6.5,21577.6,14002800.0,6.48,6.54,6.592000000000006,6.58,6.53,42.29,-0.03,-0.01,-0.02,烽火电子,计算机、通信和其他电子设备制造业,主板,6.487500000000011,6.501249999999994,6.575000000000003,6.588124999999997,6.571489361702128
561,2021-05-11,6.46,6.47,6.48,6.38,6.47,26178.9,16839500.0,6.48,6.51,6.582500000000006,6.58,6.53,42.29,-0.03,-0.02,-0.01,烽火电子,计算机、通信和其他电子设备制造业,主板,6.490000000000011,6.483749999999994,6.548333333333336,6.582499999999997,6.5678723404255335
561,2021-05-12,6.45,6.45,6.45,6.39,6.47,24629.7,15803200.0,6.48,6.49,6.571000000000005,6.58,6.54,40.92,-0.03,-0.02,-0.01,烽火电子,计算机、通信和其他电子设备制造业,主板,6.472500000000012,6.4787499999999945,6.525833333333336,6.5749999999999975,6.5640425531914905
561,2021-05-13,6.42,6.43,6.51,6.4,6.45,24841.3,16041400.0,6.46,6.48,6.564000000000005,6.58,6.54,39.54,-0.04,-0.02,-0.02,烽火电子,计算机、通信和其他电子设备制造业,主板,6.4550000000000125,6.469999999999994,6.49916666666667,6.559999999999998,6.558936170212767
561,2021-05-14,6.43,6.49,6.52,6.4,6.43,37246.6,24110400.0,6.46,6.48,6.562500000000005,6.58,6.55,45.48,-0.04,-0.03,-0.01,烽火电子,计算机、通信和其他电子设备制造业,主板,6.460000000000013,6.473749999999995,6.487500000000003,6.546249999999998,6.55404255319149
561,2021-05-17,6.56,6.48,6.57,6.46,6.49,31577.0,20522300.0,6.46,6.47,6.558500000000005,6.57,6.56,44.69,-0.03,-0.03,0.0,烽火电子,计算机、通信和其他电子设备制造业,主板,6.462500000000013,6.476249999999994,6.47666666666667,6.526874999999998,6.54872340425532
561,2021-05-18,6.45,6.47,6.5,6.39,6.48,25104.3,16185300.0,6.46,6.47,6.553500000000005,6.57,6.56,43.87,-0.04,-0.03,-0.01,烽火电子,计算机、通信和其他电子设备制造业,主板,6.467500000000013,6.4699999999999935,6.475000000000004,6.511249999999998,6.544893617021278
561,2021-05-19,6.48,6.42,6.49,6.41,6.47,21425.0,13784400.0,6.46,6.47,6.541000000000006,6.56,6.56,39.93,-0.04,-0.03,-0.01,烽火电子,计算机、通信和其他电子设备制造业,主板,6.465000000000012,6.459999999999994,6.468333333333337,6.490624999999998,6.543829787234044
561,2021-05-20,6.43,6.44,6.45,6.4,6.42,19619.1,12604800.0,6.46,6.46,6.527500000000005,6.56,6.56,42.17,-0.04,-0.03,-0.01,烽火电子,计算机、通信和其他电子设备制造业,主板,6.452500000000011,6.456249999999994,6.466666666666671,6.478749999999998,6.5446808510638315
561,2021-05-21,6.44,6.31,6.44,6.26,6.44,51062.2,32325700.0,6.42,6.44,6.503500000000005,6.55,6.55,33.45,-0.05,-0.04,-0.01,烽火电子,计算机、通信和其他电子设备制造业,主板,6.410000000000012,6.436249999999994,6.454166666666672,6.459999999999998,6.54148936170213
561,2021-05-24,6.3,6.33,6.35,6.28,6.31,19075.7,12061600.0,6.39,6.43,6.484000000000006,6.54,6.55,35.65,-0.06,-0.04,-0.02,烽火电子,计算机、通信和其他电子设备制造业,主板,6.375000000000012,6.4212499999999935,6.438333333333339,6.449999999999998,6.538297872340427
561,2021-05-25,6.32,6.38,6.42,6.3,6.33,30841.8,19622800.0,6.38,6.42,6.465500000000006,6.53,6.54,40.92,-0.06,-0.05,-0.01,烽火电子,计算机、通信和其他电子设备制造业,主板,6.365000000000013,6.414999999999994,6.428333333333338,6.442499999999998,6.536808510638299
561,2021-05-26,6.4,6.47,6.49,6.34,6.38,54400.2,34971900.0,6.39,6.42,6.457500000000006,6.52,6.54,49.01,-0.05,-0.05,0.0,烽火电子,计算机、通信和其他电子设备制造业,主板,6.372500000000012,6.412499999999993,6.428333333333338,6.443124999999998,6.536808510638299
561,2021-05-27,6.45,6.47,6.49,6.44,6.47,26602.9,17201100.0,6.39,6.43,6.450500000000005,6.52,6.54,49.01,-0.04,-0.04,0.0,烽火电子,计算机、通信和其他电子设备制造业,主板,6.412500000000012,6.411249999999994,6.428333333333338,6.443749999999999,6.535744680851066
561,2021-05-28,6.49,6.43,6.49,6.42,6.47,25226.3,16255500.0,6.42,6.42,6.447500000000005,6.52,6.54,45.78,-0.03,-0.04,0.01,烽火电子,计算机、通信和其他电子设备制造业,主板,6.437500000000012,6.406249999999994,6.42666666666667,6.4381249999999985,6.534042553191492
561,2021-05-31,6.43,6.5,6.52,6.41,6.43,28668.0,18562600.0,6.45,6.42,6.447500000000005,6.51,6.54,51.78,-0.03,-0.04,0.01,烽火电子,计算机、通信和其他电子设备制造业,主板,6.467500000000013,6.416249999999994,6.4325000000000045,6.4381249999999985,6.5334042553191525
561,2021-06-01,6.53,6.61,6.64,6.46,6.5,44963.8,29598100.0,6.5,6.44,6.455000000000005,6.51,6.53,59.38,-0.02,-0.04,0.02,烽火电子,计算机、通信和其他电子设备制造业,主板,6.502500000000014,6.437499999999994,6.442500000000005,6.446874999999999,6.533829787234047
561,2021-06-02,6.61,6.5,6.63,6.49,6.61,31013.0,20279600.0,6.5,6.44,6.457000000000005,6.51,6.53,50.76,-0.01,-0.03,0.02,烽火电子,计算机、通信和其他电子设备制造业,主板,6.510000000000014,6.4612499999999935,6.444166666666671,6.448749999999999,6.532765957446813
561,2021-06-03,6.53,6.49,6.57,6.48,6.5,23512.0,15360500.0,6.51,6.45,6.455500000000005,6.5,6.53,50.05,-0.01,-0.03,0.02,烽火电子,计算机、通信和其他电子设备制造业,主板,6.525000000000015,6.481249999999994,6.445833333333337,6.451249999999998,6.532765957446813
561,2021-06-04,6.47,6.5,6.53,6.45,6.49,20806.0,13505900.0,6.52,6.47,6.455500000000005,6.49,6.52,50.79,-0.01,-0.02,0.01,烽火电子,计算机、通信和其他电子设备制造业,主板,6.525000000000015,6.496249999999994,6.452500000000004,6.455624999999998,6.53425531914894
561,2021-06-07,6.53,6.59,6.61,6.52,6.5,32791.7,21542600.0,6.54,6.49,6.461500000000005,6.49,6.53,56.99,0.0,-0.02,0.02,烽火电子,计算机、通信和其他电子设备制造业,主板,6.520000000000014,6.511249999999993,6.465000000000004,6.461874999999998,6.537021276595748
561,2021-06-08,6.61,6.64,6.65,6.54,6.59,36257.1,23922000.0,6.54,6.52,6.470000000000004,6.48,6.53,60.0,0.01,-0.01,0.02,烽火电子,计算机、通信和其他电子设备制造业,主板,6.555000000000014,6.5324999999999935,6.492500000000004,6.471874999999998,6.53957446808511
561,2021-06-09,6.64,6.6,6.68,6.56,6.64,38190.2,25257800.0,6.56,6.53,6.4775000000000045,6.48,6.53,56.58,0.02,-0.01,0.03,烽火电子,计算机、通信和其他电子设备制造业,主板,6.582500000000014,6.553749999999994,6.515000000000004,6.479999999999998,6.538510638297877
561,2021-06-10,6.56,6.68,6.7,6.55,6.6,57162.1,38019300.0,6.6,6.55,6.490000000000005,6.48,6.54,61.33,0.02,0.0,0.02,烽火电子,计算机、通信和其他电子设备制造业,主板,6.627500000000014,6.576249999999994,6.540000000000004,6.496249999999997,6.5412765957446855
561,2021-06-11,6.65,6.66,6.76,6.64,6.68,55142.8,36970400.0,6.63,6.58,6.498500000000004,6.49,6.54,59.57,0.03,0.01,0.02,烽火电子,计算机、通信和其他电子设备制造业,主板,6.645000000000015,6.582499999999994,6.555833333333337,6.509999999999997,6.542978723404261
561,2021-06-15,6.66,6.61,6.68,6.55,6.66,29941.0,19785600.0,6.64,6.59,6.505000000000005,6.49,6.54,55.32,0.04,0.01,0.03,烽火电子,计算机、通信和其他电子设备制造业,主板,6.637500000000015,6.596249999999994,6.5675000000000034,6.528749999999997,6.543191489361708
561,2021-06-16,6.59,6.61,6.65,6.54,6.61,29967.0,19789800.0,6.63,6.59,6.512000000000006,6.5,6.54,55.32,0.03,0.02,0.01,烽火电子,计算机、通信和其他电子设备制造业,主板,6.640000000000015,6.611249999999994,6.582500000000003,6.546249999999997,6.542553191489367
561,2021-06-17,6.59,6.51,6.66,6.47,6.61,40564.8,26533600.0,6.61,6.59,6.516500000000006,6.5,6.54,47.46,0.03,0.02,0.01,烽火电子,计算机、通信和其他电子设备制造业,主板,6.597500000000014,6.612499999999994,6.583333333333337,6.554374999999998,6.540000000000006
561,2021-06-18,6.51,6.73,6.74,6.38,6.51,86276.0,57091800.0,6.62,6.61,6.531000000000006,6.51,6.55,60.69,0.04,0.02,0.02,烽火电子,计算机、通信和其他电子设备制造业,主板,6.615000000000015,6.629999999999994,6.593333333333337,6.570624999999998,6.5414893617021335
561,2021-06-21,6.66,6.9,6.95,6.65,6.73,90147.5,61525800.0,6.67,6.65,6.560500000000006,6.52,6.55,67.5,0.06,0.03,0.03,烽火电子,计算机、通信和其他电子设备制造业,主板,6.687500000000016,6.662499999999993,6.626666666666671,6.597499999999998,6.546170212765962
561,2021-06-22,6.9,6.87,6.95,6.79,6.9,61951.6,42507900.0,6.72,6.68,6.587500000000006,6.53,6.56,65.35,0.08,0.04,0.04,烽火电子,计算机、通信和其他电子设备制造业,主板,6.7525000000000155,6.696249999999993,6.6583333333333385,6.624999999999998,6.552553191489367
561,2021-06-23,6.88,6.83,6.89,6.79,6.87,40702.0,27771800.0,6.77,6.7,6.6100000000000065,6.55,6.56,62.49,0.08,0.05,0.03,烽火电子,计算机、通信和其他电子设备制造业,主板,6.832500000000016,6.714999999999993,6.685833333333338,6.645624999999998,6.559148936170218
561,2021-06-24,6.83,6.81,6.92,6.79,6.83,41281.4,28242000.0,6.83,6.72,6.627000000000007,6.56,6.57,61.05,0.09,0.06,0.03,烽火电子,计算机、通信和其他电子设备制造业,主板,6.852500000000016,6.7337499999999935,6.704166666666672,6.658124999999998,6.564468085106388
561,2021-06-25,6.82,6.68,6.85,6.66,6.81,42379.0,28456600.0,6.82,6.72,6.637500000000007,6.57,6.57,52.58,0.07,0.06,0.01,烽火电子,计算机、通信和其他电子设备制造业,主板,6.797500000000015,6.7424999999999935,6.707500000000004,6.669374999999999,6.566808510638304
561,2021-06-28,6.68,6.66,6.78,6.65,6.68,31436.3,21072300.0,6.77,6.72,6.649000000000006,6.57,6.58,51.4,0.06,0.06,0.0,烽火电子,计算机、通信和其他电子设备制造业,主板,6.745000000000016,6.748749999999994,6.712500000000005,6.679999999999999,6.566595744680857
561,2021-06-29,6.64,6.64,6.73,6.62,6.66,34048.0,22662200.0,6.72,6.72,6.656000000000006,6.58,6.58,50.18,0.05,0.06,-0.01,烽火电子,计算机、通信和其他电子设备制造业,主板,6.697500000000016,6.764999999999994,6.709166666666671,6.688749999999999,6.56510638297873
561,2021-06-30,6.68,6.69,6.7,6.6,6.64,30104.6,20024100.0,6.7,6.73,6.6600000000000055,6.59,6.58,53.16,0.05,0.06,-0.01,烽火电子,计算机、通信和其他电子设备制造业,主板,6.6675000000000155,6.7599999999999945,6.7116666666666704,6.6949999999999985,6.562978723404261
561,2021-07-01,6.71,6.5,6.73,6.47,6.69,36583.0,24089100.0,6.63,6.73,6.6600000000000055,6.59,6.58,42.7,0.03,0.05,-0.02,烽火电子,计算机、通信和其他电子设备制造业,主板,6.622500000000015,6.709999999999995,6.702500000000004,6.6862499999999985,6.558297872340431
561,2021-07-02,6.45,6.39,6.5,6.35,6.5,39003.0,25011300.0,6.58,6.7,6.655000000000004,6.59,6.57,38.04,0.0,0.04,-0.04,烽火电子,计算机、通信和其他电子设备制造业,主板,6.555000000000015,6.649999999999995,6.684166666666671,6.673124999999999,6.550638297872345
561,2021-07-05,6.38,6.43,6.47,6.38,6.39,29961.5,19239600.0,6.53,6.65,6.651500000000004,6.59,6.57,40.58,-0.01,0.03,-0.04,烽火电子,计算机、通信和其他电子设备制造业,主板,6.5025000000000155,6.599999999999995,6.677500000000003,6.657499999999999,6.546382978723409
561,2021-07-06,6.45,6.44,6.46,6.37,6.43,30227.4,19394300.0,6.49,6.61,6.644000000000004,6.59,6.57,41.23,-0.02,0.02,-0.04,烽火电子,计算机、通信和其他电子设备制造业,主板,6.440000000000015,6.553749999999995,6.653333333333336,6.643749999999999,6.5427659574468136
561,2021-07-07,6.41,6.44,6.44,6.36,6.44,23547.0,15089200.0,6.44,6.57,6.634000000000005,6.6,6.56,41.23,-0.03,0.01,-0.04,烽火电子,计算机、通信和其他电子设备制造业,主板,6.425000000000015,6.523749999999994,6.615000000000002,6.633124999999999,6.541702127659579
561,2021-07-08,6.45,6.5,6.54,6.42,6.44,37876.0,24582600.0,6.44,6.54,6.629000000000005,6.6,6.56,45.38,-0.03,0.0,-0.03,烽火电子,计算机、通信和其他电子设备制造业,主板,6.452500000000015,6.503749999999995,6.584166666666668,6.626249999999999,6.541702127659579
561,2021-07-09,6.46,6.47,6.48,6.4,6.5,27909.6,17967800.0,6.46,6.52,6.6185000000000045,6.6,6.56,43.72,-0.03,0.0,-0.03,烽火电子,计算机、通信和其他电子设备制造业,主板,6.462500000000015,6.482499999999995,6.554166666666668,6.6237499999999985,6.541914893617027
561,2021-07-12,6.47,6.55,6.57,6.47,6.47,31207.3,20377000.0,6.48,6.5,6.613000000000005,6.6,6.56,49.08,-0.03,-0.01,-0.02,烽火电子,计算机、通信和其他电子设备制造业,主板,6.4900000000000135,6.4649999999999945,6.5325000000000015,6.612499999999998,6.543829787234048
561,2021-07-13,6.54,6.58,6.58,6.5,6.55,25971.9,17012700.0,6.51,6.5,6.611500000000005,6.6,6.56,50.96,-0.02,-0.01,-0.01,烽火电子,计算机、通信和其他电子设备制造业,主板,6.525000000000014,6.474999999999994,6.524166666666669,6.592499999999998,6.545106382978729
561,2021-07-14,6.58,6.53,6.59,6.5,6.58,30665.1,20069300.0,6.53,6.48,6.607500000000004,6.6,6.56,47.79,-0.02,-0.01,-0.01,烽火电子,计算机、通信和其他电子设备制造业,主板,6.532500000000013,6.492499999999994,6.513333333333335,6.571249999999997,6.54574468085107
561,2021-07-15,6.53,6.43,6.57,6.4,6.53,31112.8,20070900.0,6.51,6.48,6.603500000000006,6.6,6.55,42.13,-0.03,-0.02,-0.01,烽火电子,计算机、通信和其他电子设备制造业,主板,6.522500000000013,6.492499999999994,6.495833333333336,6.546249999999998,6.544893617021282
561,2021-07-16,6.43,6.57,6.6,6.39,6.43,45301.7,29523300.0,6.53,6.49,6.595500000000006,6.6,6.55,50.89,-0.02,-0.02,0.0,烽火电子,计算机、通信和其他电子设备制造业,主板,6.527500000000013,6.508749999999995,6.4858333333333364,6.531249999999998,6.547021276595749
561,2021-07-19,6.53,7.23,7.23,6.51,6.57,194875.0,139002000.0,6.67,6.57,6.6120000000000045,6.63,6.56,72.24,0.04,-0.01,0.05,烽火电子,计算机、通信和其他电子设备制造业,主板,6.690000000000014,6.607499999999995,6.54666666666667,6.565624999999999,6.563617021276601
561,2021-07-20,7.42,7.95,7.95,7.42,7.23,285284.0,224468000.0,6.94,6.72,6.666000000000004,6.67,6.58,81.62,0.14,0.02,0.12,烽火电子,计算机、通信和其他电子设备制造业,主板,7.045000000000014,6.788749999999995,6.67666666666667,6.646249999999999,6.595957446808515
561,2021-07-21,8.67,8.75,8.75,7.79,7.95,890783.0,739075000.0,7.39,6.96,6.762000000000003,6.74,6.61,86.91,0.27,0.07,0.2,烽火电子,计算机、通信和其他电子设备制造业,主板,7.625000000000014,7.073749999999995,6.8700000000000045,6.778124999999999,6.644042553191494
561,2021-07-22,8.5,8.54,9.63,8.0,8.75,877331.0,789033000.0,7.81,7.16,6.848500000000003,6.81,6.64,80.37,0.37,0.13,0.24,烽火电子,计算机、通信和其他电子设备制造业,主板,8.117500000000014,7.322499999999996,7.045000000000004,6.893749999999999,6.687872340425536
561,2021-07-23,8.0,8.46,8.85,7.75,8.54,793157.0,646139000.0,8.19,7.36,6.937500000000003,6.87,6.68,77.96,0.43,0.19,0.24,烽火电子,计算机、通信和其他电子设备制造业,主板,8.425000000000015,7.557499999999996,7.213333333333338,7.016249999999999,6.73021276595745
561,2021-07-26,8.18,8.99,9.31,8.06,8.46,813262.0,708533000.0,8.54,7.6,7.054000000000004,6.94,6.72,81.84,0.52,0.26,0.26,烽火电子,计算机、通信和其他电子设备制造业,主板,8.685000000000015,7.864999999999995,7.420833333333338,7.178749999999999,6.78489361702128
561,2021-07-27,8.72,8.51,9.2,8.39,8.99,646287.0,565690000.0,8.65,7.8,7.1475000000000035,7.01,6.75,69.85,0.53,0.31,0.22,烽火电子,计算机、通信和其他电子设备制造业,主板,8.625000000000014,8.124999999999996,7.590833333333339,7.30875,6.828936170212769
561,2021-07-28,8.22,7.66,8.34,7.66,8.51,466612.0,367913000.0,8.43,7.91,7.196000000000003,7.04,6.77,54.59,0.48,0.35,0.13,烽火电子,计算机、通信和其他电子设备制造业,主板,8.405000000000014,8.261249999999997,7.683333333333338,7.385,6.857659574468089
561,2021-07-29,7.66,7.78,7.96,7.66,7.66,378160.0,295191000.0,8.28,8.04,7.260000000000003,7.08,6.79,56.05,0.44,0.36,0.08,烽火电子,计算机、通信和其他电子设备制造业,主板,8.235000000000014,8.329999999999997,7.7833333333333385,7.46875,6.888510638297876
561,2021-07-30,7.71,7.82,7.94,7.51,7.78,327735.0,254424000.0,8.15,8.17,7.331500000000004,7.12,6.81,56.55,0.41,0.37,0.04,烽火电子,计算机、通信和其他电子设备制造业,主板,7.942500000000013,8.313749999999997,7.890833333333338,7.55125,6.919148936170216
561,2021-08-02,7.75,8.04,8.11,7.65,7.82,373397.0,296879000.0,7.96,8.25,7.4120000000000035,7.16,6.84,59.3,0.4,0.38,0.02,烽火电子,计算机、通信和其他电子设备制造业,主板,7.8250000000000135,8.224999999999998,8.025000000000004,7.649374999999999,6.952553191489365
561,2021-08-03,8.0,7.71,8.0,7.5,8.04,319224.0,247646000.0,7.8,8.23,7.475500000000004,7.19,6.86,53.8,0.35,0.37,-0.02,烽火电子,计算机、通信和其他电子设备制造业,主板,7.837500000000014,8.121249999999996,8.120000000000003,7.721875,6.978936170212768
561,2021-08-04,7.71,7.93,8.1,7.65,7.71,331050.0,260354000.0,7.86,8.14,7.550000000000004,7.22,6.88,56.68,0.34,0.37,-0.03,烽火电子,计算机、通信和其他电子设备制造业,主板,7.875000000000014,8.054999999999996,8.178333333333336,7.8062499999999995,7.010851063829789
561,2021-08-05,7.82,8.19,8.4,7.78,7.93,462600.0,375921000.0,7.94,8.11,7.6345000000000045,7.27,6.91,59.87,0.34,0.36,-0.02,烽火电子,计算机、通信和其他电子设备制造业,主板,7.967500000000014,7.954999999999996,8.198333333333336,7.91,7.0468085106383
561,2021-08-06,8.18,8.19,8.22,7.88,8.19,319183.0,256597000.0,8.01,8.08,7.720500000000004,7.32,6.94,59.87,0.34,0.36,-0.02,烽火电子,计算机、通信和其他电子设备制造业,主板,8.005000000000013,7.9149999999999965,8.151666666666669,8.02,7.080425531914895
561,2021-08-09,8.16,8.01,8.39,8.0,8.19,222190.0,180167000.0,8.01,7.98,7.793500000000003,7.36,6.97,56.53,0.32,0.35,-0.03,烽火电子,计算机、通信和其他电子设备制造业,主板,8.080000000000013,7.958749999999997,8.107500000000002,8.11,7.112553191489363
561,2021-08-10,7.93,8.18,8.28,7.88,8.01,297347.0,242049000.0,8.1,7.95,7.873500000000003,7.42,7.0,58.87,0.31,0.34,-0.03,烽火电子,计算机、通信和其他电子设备制造业,主板,8.142500000000013,8.008749999999996,8.084166666666668,8.169375,7.148510638297874
561,2021-08-11,8.18,8.09,8.2,8.03,8.18,202074.0,163131000.0,8.13,7.99,7.951500000000003,7.46,7.02,57.12,0.3,0.33,-0.03,烽火电子,计算机、通信和其他电子设备制造业,主板,8.117500000000014,8.042499999999997,8.009166666666669,8.178125000000001,7.182340425531916
561,2021-08-12,8.05,7.74,8.11,7.72,8.09,270084.0,210569000.0,8.04,7.99,8.017000000000003,7.5,7.05,50.79,0.25,0.32,-0.07,烽火电子,计算机、通信和其他电子设备制造业,主板,8.005000000000015,8.004999999999995,7.945000000000001,8.115000000000002,7.206808510638299
561,2021-08-13,7.7,7.78,7.84,7.64,7.74,146276.0,113341000.0,7.96,7.99,8.077500000000004,7.55,7.07,51.46,0.22,0.3,-0.08,烽火电子,计算机、通信和其他电子设备制造业,主板,7.947500000000016,8.013749999999996,7.955000000000002,8.067500000000003,7.231063829787235
561,2021-08-16,7.77,7.53,7.77,7.41,7.78,152935.0,115749000.0,7.86,7.94,8.092500000000005,7.59,7.09,47.19,0.17,0.27,-0.1,烽火电子,计算机、通信和其他电子设备制造业,主板,7.785000000000016,7.9637499999999966,7.934166666666669,8.009375000000002,7.250851063829788
561,2021-08-17,7.54,7.67,7.95,7.33,7.53,240155.0,182917000.0,7.76,7.93,8.078500000000004,7.63,7.11,49.7,0.14,0.25,-0.11,烽火电子,计算机、通信和其他电子设备制造业,主板,7.680000000000017,7.898749999999996,7.9216666666666695,7.926875000000002,7.271914893617022
561,2021-08-18,7.51,7.7,7.86,7.41,7.67,178747.0,136735000.0,7.68,7.91,8.026000000000003,7.67,7.13,50.25,0.12,0.22,-0.1,烽火电子,计算机、通信和其他电子设备制造业,主板,7.670000000000016,7.837499999999997,7.893333333333335,7.8762500000000015,7.294042553191489
561,2021-08-19,7.61,7.77,7.87,7.49,7.7,195695.0,151394000.0,7.69,7.87,7.987500000000004,7.71,7.15,51.57,0.1,0.2,-0.1,烽火电子,计算机、通信和其他电子设备制造业,主板,7.667500000000015,7.8074999999999966,7.898333333333336,7.8831250000000015,7.318723404255318
561,2021-08-20,7.72,7.63,7.83,7.54,7.77,133501.0,102570000.0,7.66,7.81,7.946000000000003,7.75,7.17,48.78,0.08,0.17,-0.09,烽火电子,计算机、通信和其他电子设备制造业,主板,7.692500000000015,7.738749999999997,7.873333333333335,7.873750000000001,7.340425531914892
561,2021-08-23,7.61,7.92,7.95,7.61,7.63,202783.0,159155000.0,7.74,7.8,7.892500000000003,7.8,7.2,54.3,0.09,0.16,-0.07,烽火电子,计算机、通信和其他电子设备制造业,主板,7.755000000000015,7.717499999999996,7.850833333333335,7.880000000000001,7.370425531914893
561,2021-08-24,7.81,7.9,7.97,7.7,7.92,162327.0,126968000.0,7.78,7.77,7.862000000000004,7.84,7.22,53.87,0.09,0.14,-0.05,烽火电子,计算机、通信和其他电子设备制造业,主板,7.805000000000015,7.737499999999996,7.826666666666669,7.871250000000002,7.395319148936169
561,2021-08-25,7.85,7.85,8.12,7.82,7.9,183139.0,145831000.0,7.81,7.75,7.871500000000003,7.88,7.24,52.74,0.08,0.13,-0.05,烽火电子,计算机、通信和其他电子设备制造业,主板,7.825000000000014,7.746249999999996,7.813333333333335,7.880000000000002,7.4155319148936165
561,2021-08-26,7.76,7.88,8.06,7.72,7.85,179140.0,142238000.0,7.84,7.76,7.876500000000003,7.93,7.27,53.37,0.08,0.12,-0.04,烽火电子,计算机、通信和其他电子设备制造业,主板,7.887500000000014,7.789999999999996,7.788333333333334,7.876875000000002,7.437021276595744
561,2021-08-27,7.86,7.57,7.87,7.48,7.88,164362.0,124872000.0,7.82,7.74,7.8640000000000025,7.97,7.28,46.47,0.05,0.11,-0.06,烽火电子,计算机、通信和其他电子设备制造业,主板,7.800000000000015,7.7774999999999945,7.745,7.838125000000002,7.452765957446808
561,2021-08-30,7.58,8.15,8.33,7.57,7.57,442327.0,360670000.0,7.87,7.8,7.869500000000004,8.0,7.31,57.54,0.08,0.1,-0.02,烽火电子,计算机、通信和其他电子设备制造业,主板,7.862500000000015,7.833749999999995,7.779166666666668,7.835625000000002,7.48127659574468
561,2021-08-31,8.06,7.93,8.19,7.86,8.15,267599.0,213868000.0,7.88,7.83,7.880500000000003,8.0,7.33,53.06,0.08,0.1,-0.02,烽火电子,计算机、通信和其他电子设备制造业,主板,7.8825000000000145,7.853749999999996,7.791666666666667,7.830625000000002,7.507872340425531
561,2021-09-01,7.94,8.38,8.69,7.77,7.93,365393.0,297541000.0,7.98,7.9,7.903000000000003,7.98,7.36,59.93,0.12,0.1,0.02,烽火电子,计算机、通信和其他电子设备制造业,主板,8.007500000000014,7.947499999999995,7.8625,7.843125000000002,7.544468085106382
561,2021-09-02,8.38,8.44,8.54,8.19,8.38,298461.0,250692000.0,8.09,7.97,7.915500000000003,7.98,7.39,60.76,0.15,0.11,0.04,烽火电子,计算机、通信和其他电子设备制造业,主板,8.225000000000014,8.012499999999996,7.926666666666666,7.865000000000002,7.582765957446807
561,2021-09-03,8.4,8.2,8.42,8.11,8.44,221074.0,182236000.0,8.22,8.02,7.916000000000002,7.97,7.42,55.81,0.16,0.12,0.04,烽火电子,计算机、通信和其他电子设备制造业,主板,8.237500000000013,8.049999999999995,7.968333333333333,7.893750000000002,7.614893617021275
561,2021-09-06,8.13,8.14,8.19,7.92,8.2,144971.0,116695000.0,8.22,8.04,7.922500000000002,7.94,7.44,54.61,0.15,0.13,0.02,烽火电子,计算机、通信和其他电子设备制造业,主板,8.290000000000013,8.086249999999996,7.9991666666666665,7.916250000000002,7.6497872340425515
561,2021-09-07,8.15,8.08,8.18,8.0,8.14,124761.0,100727000.0,8.25,8.06,7.917500000000002,7.93,7.47,53.37,0.14,0.13,0.01,烽火电子,计算机、通信和其他电子设备制造业,主板,8.215000000000012,8.111249999999997,8.036666666666667,7.950625000000002,7.685744680851061
561,2021-09-08,8.07,8.0,8.07,7.92,8.08,141443.0,113015000.0,8.17,8.08,7.913000000000002,7.94,7.49,51.7,0.12,0.13,-0.01,烽火电子,计算机、通信和其他电子设备制造业,主板,8.105000000000013,8.164999999999996,8.043333333333333,7.971250000000002,7.71914893617021
561,2021-09-09,7.94,8.08,8.1,7.85,8.0,137476.0,109962000.0,8.1,8.1,7.930000000000002,7.95,7.52,53.28,0.12,0.13,-0.01,烽火电子,计算机、通信和其他电子设备制造业,主板,8.075000000000014,8.156249999999995,8.058333333333332,7.995000000000002,7.7540425531914865
561,2021-09-10,8.03,7.97,8.07,7.96,8.08,95676.1,76593400.0,8.05,8.14,7.9395000000000024,7.95,7.54,50.81,0.1,0.12,-0.02,烽火电子,计算机、通信和其他电子设备制造业,主板,8.032500000000013,8.161249999999995,8.068333333333333,8.007500000000002,7.78659574468085
561,2021-09-13,7.97,7.82,8.03,7.77,7.97,103201.0,80895300.0,7.99,8.1,7.954000000000002,7.95,7.55,47.58,0.08,0.11,-0.03,烽火电子,计算机、通信和其他电子设备制造业,主板,7.967500000000014,8.091249999999995,8.063333333333333,8.019375000000002,7.8146808510638275
561,2021-09-14,7.81,7.67,7.87,7.64,7.82,95071.0,73841300.0,7.91,8.08,7.954000000000002,7.95,7.57,44.53,0.05,0.1,-0.05,烽火电子,计算机、通信和其他电子设备制造业,主板,7.885000000000014,7.994999999999996,8.071666666666665,8.003750000000002,7.840212765957444
561,2021-09-15,7.67,7.82,7.85,7.63,7.67,65405.2,50930000.0,7.87,8.02,7.960000000000003,7.94,7.58,48.12,0.03,0.09,-0.06,烽火电子,计算机、通信和其他电子设备制造业,主板,7.8200000000000145,7.947499999999996,8.044166666666664,7.998750000000001,7.867234042553189
561,2021-09-16,7.81,7.65,7.87,7.64,7.82,79559.0,61655000.0,7.79,7.94,7.954000000000002,7.92,7.6,44.6,0.0,0.07,-0.07,烽火电子,计算机、通信和其他电子设备制造业,主板,7.740000000000014,7.886249999999997,8.02083333333333,7.986250000000002,7.889999999999997
561,2021-09-17,7.75,7.75,7.81,7.61,7.65,56679.5,43643700.0,7.74,7.9,7.960000000000003,7.91,7.61,47.05,-0.01,0.05,-0.06,烽火电子,计算机、通信和其他电子设备制造业,主板,7.722500000000014,7.844999999999997,7.968333333333331,7.978125000000002,7.915957446808508
561,2021-09-22,7.67,7.97,7.97,7.63,7.75,102981.0,80822300.0,7.77,7.88,7.962500000000003,7.91,7.64,52.07,0.01,0.04,-0.03,烽火电子,计算机、通信和其他电子设备制造业,主板,7.797500000000014,7.841249999999997,7.9291666666666645,8.003125000000002,7.948723404255317
561,2021-09-23,8.0,8.1,8.1,7.91,7.97,129120.0,103823000.0,7.86,7.88,7.972500000000002,7.91,7.66,54.8,0.02,0.04,-0.02,烽火电子,计算机、通信和其他电子设备制造业,主板,7.867500000000014,7.8437499999999964,7.920833333333331,8.000000000000002,7.98127659574468
561,2021-09-24,8.07,7.85,8.07,7.85,8.1,86341.1,68727300.0,7.86,7.87,7.972500000000002,7.9,7.68,49.02,0.01,0.03,-0.02,烽火电子,计算机、通信和其他电子设备制造业,主板,7.917500000000015,7.828749999999996,7.896666666666664,7.995000000000001,7.994468085106382
561,2021-09-27,7.85,7.4,7.92,7.39,7.85,91204.0,69362700.0,7.81,7.8,7.948500000000003,7.89,7.69,40.7,-0.03,0.02,-0.05,烽火电子,计算机、通信和其他电子设备制造业,主板,7.830000000000014,7.7762499999999966,7.839999999999997,7.933750000000002,7.982765957446807
561,2021-09-28,7.4,7.49,7.5,7.33,7.4,47697.0,35428600.0,7.76,7.75,7.944500000000003,7.88,7.71,42.79,-0.05,0.01,-0.06,烽火电子,计算机、通信和其他电子设备制造业,主板,7.710000000000015,7.753749999999997,7.797499999999997,7.874375000000002,7.95595744680851
561,2021-09-29,7.49,7.04,7.5,7.03,7.49,70299.0,50696700.0,7.58,7.67,7.889000000000003,7.86,7.72,35.96,-0.11,-0.02,-0.09,烽火电子,计算机、通信和其他电子设备制造业,主板,7.4450000000000145,7.656249999999997,7.710833333333331,7.801875000000002,7.924042553191488
561,2021-09-30,7.06,7.11,7.18,7.0,7.04,45387.8,32234800.0,7.38,7.62,7.848000000000003,7.84,7.73,37.63,-0.14,-0.04,-0.1,烽火电子,计算机、通信和其他电子设备制造业,主板,7.260000000000014,7.588749999999998,7.639166666666664,7.737500000000002,7.89531914893617
561,2021-10-08,7.13,7.17,7.23,7.12,7.11,39631.0,28435600.0,7.24,7.55,7.787500000000003,7.82,7.75,39.1,-0.16,-0.07,-0.09,烽火电子,计算机、通信和其他电子设备制造业,主板,7.202500000000015,7.516249999999998,7.584999999999998,7.680625000000002,7.856595744680851
561,2021-10-11,7.18,7.25,7.35,7.05,7.17,51043.0,37064600.0,7.21,7.51,7.728000000000003,7.81,7.76,41.08,-0.17,-0.09,-0.08,烽火电子,计算机、通信和其他电子设备制造业,主板,7.142500000000014,7.426249999999998,7.549999999999998,7.633750000000003,7.829787234042553
561,2021-10-12,7.25,7.08,7.25,7.01,7.25,43256.0,30686600.0,7.13,7.45,7.672000000000004,7.79,7.77,38.23,-0.2,-0.11,-0.09,烽火电子,计算机、通信和其他电子设备制造业,主板,7.152500000000014,7.298749999999997,7.488333333333332,7.571250000000004,7.8174468085106374
561,2021-10-13,7.03,7.02,7.11,6.85,7.08,47934.1,33378800.0,7.13,7.35,7.616000000000005,7.76,7.78,37.25,-0.22,-0.13,-0.09,烽火电子,计算机、通信和其他电子设备制造业,主板,7.130000000000013,7.194999999999998,7.435833333333331,7.511875000000003,7.80127659574468
561,2021-10-14,7.01,7.07,7.17,7.0,7.02,35188.7,24924700.0,7.12,7.25,7.5655000000000046,7.73,7.79,38.66,-0.22,-0.15,-0.07,烽火电子,计算机、通信和其他电子设备制造业,主板,7.105000000000013,7.153749999999998,7.3791666666666655,7.465000000000003,7.7853191489361695
561,2021-10-15,7.07,7.14,7.17,7.04,7.07,32787.1,23397600.0,7.11,7.18,7.5225000000000035,7.71,7.8,40.68,-0.22,-0.16,-0.06,烽火电子,计算机、通信和其他电子设备制造业,主板,7.077500000000013,7.109999999999997,7.309999999999999,7.431875000000003,7.766170212765956
561,2021-10-18,7.18,7.2,7.22,7.08,7.14,36073.3,25845400.0,7.1,7.16,7.478500000000002,7.68,7.81,42.43,-0.21,-0.17,-0.04,烽火电子,计算机、通信和其他电子设备制造业,主板,7.107500000000014,7.129999999999996,7.234999999999999,7.393125000000003,7.755319148936169
561,2021-10-19,7.18,7.21,7.21,7.12,7.2,32708.9,23471900.0,7.13,7.13,7.440500000000003,7.67,7.82,42.73,-0.2,-0.18,-0.02,烽火电子,计算机、通信和其他电子设备制造业,主板,7.1550000000000145,7.1424999999999965,7.181666666666666,7.365625000000002,7.739999999999998
561,2021-10-20,7.21,7.19,7.25,7.12,7.21,41157.1,29621800.0,7.16,7.14,7.409000000000003,7.64,7.82,42.25,-0.19,-0.18,-0.01,烽火电子,计算机、通信和其他电子设备制造业,主板,7.185000000000015,7.144999999999996,7.164166666666666,7.330625000000002,7.718723404255317
561,2021-10-21,7.17,7.16,7.27,7.12,7.19,47974.7,34488500.0,7.18,7.15,7.383500000000003,7.61,7.81,41.5,-0.18,-0.18,0.0,烽火电子,计算机、通信和其他电子设备制造业,主板,7.1900000000000155,7.133749999999996,7.136666666666666,7.280000000000002,7.696808510638297
561,2021-10-22,7.16,7.02,7.21,7.01,7.16,34730.8,24724800.0,7.16,7.13,7.343500000000004,7.57,7.78,38.1,-0.19,-0.18,-0.01,烽火电子,计算机、通信和其他电子设备制造业,主板,7.145000000000015,7.126249999999995,7.134999999999998,7.212500000000002,7.6757446808510625
561,2021-10-25,7.01,7.14,7.15,6.9,7.02,30170.8,21239500.0,7.14,7.12,7.318000000000003,7.53,7.75,42.45,-0.18,-0.18,0.0,烽火电子,计算机、通信和其他电子设备制造业,主板,7.127500000000014,7.141249999999996,7.137499999999998,7.1681250000000025,7.6536170212765935
561,2021-10-26,7.14,7.03,7.16,7.0,7.14,28433.2,20090600.0,7.11,7.12,7.282000000000004,7.49,7.73,39.69,-0.17,-0.18,0.01,烽火电子,计算机、通信和其他电子设备制造业,主板,7.087500000000014,7.136249999999996,7.125833333333332,7.145000000000002,7.631063829787232
561,2021-10-27,7.07,7.05,7.15,7.0,7.03,31184.3,22014100.0,7.08,7.12,7.236000000000004,7.45,7.7,40.45,-0.17,-0.18,0.01,烽火电子,计算机、通信和其他电子设备制造业,主板,7.060000000000014,7.1249999999999964,7.109166666666664,7.117500000000002,7.6163829787234025
561,2021-10-28,7.0,6.81,7.0,6.7,7.05,55783.4,37996000.0,7.01,7.09,7.171500000000004,7.41,7.67,34.8,-0.18,-0.18,0.0,烽火电子,计算机、通信和其他电子设备制造业,主板,7.007500000000014,7.076249999999996,7.086666666666665,7.103125000000002,7.5957446808510625
561,2021-10-29,6.81,7.01,7.03,6.79,6.81,37466.2,26041900.0,7.01,7.08,7.129500000000005,7.38,7.66,42.06,-0.18,-0.18,0.0,烽火电子,计算机、通信和其他电子设备制造业,主板,6.975000000000014,7.051249999999996,7.0858333333333325,7.0968750000000025,7.584680851063829
561,2021-11-01,6.98,7.06,7.12,6.95,7.01,35314.7,24982600.0,6.99,7.07,7.112500000000004,7.34,7.65,43.75,-0.17,-0.18,0.01,烽火电子,计算机、通信和其他电子设备制造业,主板,6.982500000000014,7.034999999999997,7.084999999999998,7.0900000000000025,7.571702127659574
561,2021-11-02,7.13,7.25,7.27,7.08,7.06,101025.0,72908500.0,7.04,7.07,7.100500000000004,7.32,7.64,49.74,-0.14,-0.17,0.03,烽火电子,计算机、通信和其他电子设备制造业,主板,7.032500000000014,7.046249999999997,7.094166666666665,7.0900000000000025,7.562127659574467
561,2021-11-03,7.2,7.18,7.27,7.11,7.25,57994.5,41588600.0,7.06,7.07,7.107500000000004,7.3,7.62,47.72,-0.12,-0.16,0.04,烽火电子,计算机、通信和其他电子设备制造业,主板,7.125000000000015,7.066249999999997,7.092499999999998,7.096250000000002,7.5495744680851065
561,2021-11-04,7.18,7.21,7.25,7.15,7.18,37119.4,26717600.0,7.14,7.08,7.112500000000004,7.28,7.61,48.68,-0.11,-0.15,0.04,烽火电子,计算机、通信和其他电子设备制造业,主板,7.175000000000015,7.074999999999997,7.092499999999998,7.108125000000002,7.54063829787234
561,2021-11-05,7.23,7.17,7.27,7.16,7.21,39856.8,28727400.0,7.17,7.09,7.112500000000004,7.26,7.6,47.43,-0.1,-0.14,0.04,烽火电子,计算机、通信和其他电子设备制造业,主板,7.202500000000016,7.092499999999997,7.0908333333333315,7.114375000000003,7.524680851063829
561,2021-11-08,7.12,7.17,7.19,7.06,7.17,35193.5,25068300.0,7.2,7.09,7.108500000000004,7.24,7.58,47.43,-0.09,-0.13,0.04,烽火电子,计算机、通信和其他电子设备制造业,主板,7.182500000000015,7.107499999999997,7.091666666666665,7.116250000000003,7.509148936170213
561,2021-11-09,7.21,7.35,7.39,7.15,7.17,77421.0,56474000.0,7.22,7.13,7.1220000000000026,7.23,7.57,53.65,-0.07,-0.12,0.05,烽火电子,计算机、通信和其他电子设备制造业,主板,7.225000000000016,7.174999999999997,7.119166666666665,7.125625000000002,7.498510638297873
561,2021-11-10,7.3,7.45,7.53,7.28,7.35,96431.1,71939400.0,7.27,7.17,7.143500000000001,7.21,7.56,56.71,-0.04,-0.1,0.06,烽火电子,计算机、通信和其他电子设备制造业,主板,7.285000000000016,7.229999999999998,7.144999999999999,7.140625000000003,7.48936170212766
561,2021-11-11,7.46,7.4,7.51,7.38,7.45,62486.8,46405200.0,7.31,7.22,7.160000000000002,7.19,7.55,54.76,-0.02,-0.09,0.07,烽火电子,计算机、通信和其他电子设备制造业,主板,7.342500000000015,7.272499999999997,7.175833333333332,7.153750000000003,7.485744680851064
561,2021-11-12,7.44,7.69,7.71,7.4,7.4,96280.9,73248800.0,7.41,7.29,7.187500000000003,7.18,7.54,62.75,0.01,-0.07,0.08,烽火电子,计算机、通信和其他电子设备制造业,主板,7.472500000000014,7.327499999999997,7.229166666666665,7.186875000000003,7.47595744680851
561,2021-11-15,7.69,7.71,7.82,7.63,7.69,80821.0,62298300.0,7.52,7.36,7.213000000000004,7.19,7.54,63.23,0.04,-0.05,0.09,烽火电子,计算机、通信和其他电子设备制造业,主板,7.562500000000014,7.393749999999996,7.3041666666666645,7.230000000000003,7.471276595744681
561,2021-11-16,7.75,7.49,7.75,7.48,7.71,74735.3,56731000.0,7.55,7.38,7.227000000000004,7.19,7.54,54.82,0.05,-0.03,0.08,烽火电子,计算机、通信和其他电子设备制造业,主板,7.572500000000015,7.428749999999996,7.344166666666664,7.251875000000003,7.452340425531915
561,2021-11-17,7.49,7.65,7.67,7.43,7.49,53726.2,40668400.0,7.59,7.43,7.250000000000004,7.21,7.54,59.08,0.07,-0.01,0.08,烽火电子,计算机、通信和其他电子设备制造业,主板,7.635000000000016,7.488749999999996,7.393333333333331,7.290625000000003,7.435531914893616
561,2021-11-18,7.62,7.75,7.8,7.6,7.65,79468.6,61391900.0,7.66,7.48,7.279500000000004,7.24,7.54,61.53,0.09,0.01,0.08,烽火电子,计算机、通信和其他电子设备制造业,主板,7.6500000000000155,7.561249999999996,7.434999999999998,7.334375000000003,7.4259574468085106
561,2021-11-19,7.74,7.73,7.78,7.67,7.75,50246.6,38839800.0,7.67,7.54,7.315000000000003,7.25,7.54,60.75,0.1,0.03,0.07,烽火电子,计算机、通信和其他电子设备制造业,主板,7.655000000000015,7.608749999999996,7.480833333333332,7.391875000000003,7.417234042553192
561,2021-11-22,7.7,7.84,7.84,7.68,7.73,54426.1,42397400.0,7.69,7.61,7.350000000000004,7.27,7.54,63.49,0.12,0.05,0.07,烽火电子,计算机、通信和其他电子设备制造业,主板,7.742500000000016,7.657499999999995,7.533333333333332,7.443750000000003,7.412127659574468
561,2021-11-23,7.84,7.77,7.84,7.75,7.84,52276.3,40698800.0,7.75,7.65,7.387000000000005,7.3,7.54,60.59,0.13,0.06,0.07,烽火电子,计算机、通信和其他电子设备制造业,主板,7.772500000000017,7.703749999999995,7.583333333333332,7.488125000000003,7.407234042553191
561,2021-11-24,7.74,7.77,7.8,7.7,7.77,46530.2,36101000.0,7.77,7.68,7.4230000000000045,7.32,7.54,60.59,0.14,0.08,0.06,烽火电子,计算机、通信和其他电子设备制造业,主板,7.777500000000018,7.713749999999996,7.633333333333332,7.520625000000003,7.40063829787234
561,2021-11-25,7.78,7.78,7.82,7.61,7.77,49562.0,38322900.0,7.78,7.72,7.471500000000004,7.35,7.54,60.88,0.13,0.09,0.04,烽火电子,计算机、通信和其他电子设备制造业,主板,7.790000000000018,7.722499999999996,7.669166666666666,7.558125000000002,7.39659574468085
561,2021-11-26,7.72,7.72,7.77,7.66,7.78,35388.4,27275700.0,7.78,7.72,7.507000000000005,7.37,7.54,58.06,0.13,0.1,0.03,烽火电子,计算机、通信和其他电子设备制造业,主板,7.760000000000018,7.751249999999996,7.6916666666666655,7.5900000000000025,7.394468085106382
561,2021-11-29,7.62,7.77,7.82,7.55,7.72,45278.5,34980800.0,7.76,7.73,7.542500000000006,7.38,7.53,59.74,0.13,0.1,0.03,烽火电子,计算机、通信和其他电子设备制造业,主板,7.760000000000018,7.766249999999997,7.7224999999999975,7.627500000000002,7.39659574468085
561,2021-11-30,7.79,7.91,8.01,7.77,7.77,84892.1,67267800.0,7.79,7.77,7.575500000000005,7.41,7.54,64.06,0.13,0.11,0.02,烽火电子,计算机、通信和其他电子设备制造业,主板,7.795000000000019,7.786249999999997,7.740833333333331,7.673750000000003,7.398510638297871
561,2021-12-01,7.88,7.96,8.02,7.81,7.91,58097.1,46098400.0,7.83,7.8,7.614500000000005,7.43,7.54,65.49,0.15,0.12,0.03,烽火电子,计算机、通信和其他电子设备制造业,主板,7.840000000000018,7.814999999999996,7.761666666666664,7.711875000000003,7.4051063829787225
561,2021-12-02,7.95,7.75,7.95,7.73,7.96,43448.9,33986700.0,7.82,7.8,7.641500000000005,7.45,7.53,55.52,0.14,0.12,0.02,烽火电子,计算机、通信和其他电子设备制造业,主板,7.847500000000018,7.8037499999999955,7.783333333333331,7.7306250000000025,7.4051063829787225
561,2021-12-03,7.76,7.94,8.0,7.76,7.75,55935.0,44330900.0,7.87,7.82,7.680000000000005,7.48,7.53,61.27,0.14,0.13,0.01,烽火电子,计算机、通信和其他电子设备制造业,主板,7.890000000000017,7.824999999999996,7.807499999999997,7.764375000000003,7.404468085106382
561,2021-12-06,7.93,7.86,8.05,7.86,7.94,58997.9,46844700.0,7.88,7.82,7.714500000000006,7.51,7.52,57.88,0.14,0.13,0.01,烽火电子,计算机、通信和其他电子设备制造业,主板,7.877500000000018,7.836249999999996,7.816666666666664,7.775000000000004,7.399361702127658
561,2021-12-07,7.89,7.66,8.01,7.61,7.86,61741.3,47925500.0,7.83,7.81,7.730000000000007,7.53,7.51,50.37,0.11,0.12,-0.01,烽火电子,计算机、通信和其他电子设备制造业,主板,7.802500000000018,7.821249999999996,7.81083333333333,7.771875000000004,7.395319148936169
561,2021-12-08,7.7,7.98,8.18,7.67,7.66,115330.0,91827200.0,7.84,7.83,7.756500000000007,7.56,7.51,59.44,0.12,0.12,0.0,烽火电子,计算机、通信和其他电子设备制造业,主板,7.860000000000017,7.853749999999996,7.822499999999997,7.802500000000005,7.407659574468084
561,2021-12-09,7.93,7.93,8.05,7.88,7.98,78547.1,62474800.0,7.87,7.85,7.783000000000007,7.6,7.5,57.66,0.12,0.12,0.0,烽火电子,计算机、通信和其他电子设备制造业,主板,7.857500000000017,7.873749999999996,7.83583333333333,7.820000000000004,7.417021276595744
561,2021-12-10,7.93,7.86,7.93,7.72,7.93,72753.3,56824400.0,7.86,7.86,7.791500000000008,7.63,7.5,55.18,0.12,0.12,0.0,烽火电子,计算机、通信和其他电子设备制造业,主板,7.857500000000018,7.867499999999996,7.84333333333333,7.826875000000005,7.434468085106382
561,2021-12-13,7.81,7.87,7.93,7.7,7.86,67597.3,52830000.0,7.86,7.87,7.799500000000007,7.65,7.5,55.48,0.12,0.12,0.0,烽火电子,计算机、通信和其他电子设备制造业,主板,7.910000000000017,7.856249999999997,7.85083333333333,7.835625000000005,7.45063829787234
561,2021-12-14,7.87,7.87,8.0,7.81,7.87,54840.2,43305300.0,7.9,7.87,7.818500000000007,7.67,7.5,55.48,0.11,0.12,-0.01,烽火电子,计算机、通信和其他电子设备制造业,主板,7.882500000000017,7.871249999999996,7.863333333333331,7.837500000000004,7.4655319148936155
561,2021-12-15,7.86,7.97,8.08,7.83,7.87,87166.3,69362400.0,7.9,7.87,7.834500000000007,7.7,7.5,58.63,0.11,0.12,-0.01,烽火电子,计算机、通信和其他电子设备制造业,主板,7.892500000000018,7.8749999999999964,7.879999999999998,7.850000000000004,7.480851063829786
561,2021-12-16,8.08,8.15,8.34,7.99,7.97,153654.0,125584000.0,7.94,7.91,7.854500000000007,7.73,7.51,63.63,0.13,0.12,0.01,烽火电子,计算机、通信和其他电子设备制造业,主板,7.965000000000018,7.911249999999997,7.899999999999999,7.873750000000004,7.503617021276595
561,2021-12-17,8.18,7.93,8.18,7.92,8.15,96513.3,77343500.0,7.96,7.91,7.8645000000000085,7.76,7.51,54.9,0.12,0.12,0.0,烽火电子,计算机、通信和其他电子设备制造业,主板,7.980000000000017,7.944999999999997,7.8975,7.883125000000003,7.522978723404255
561,2021-12-20,7.88,7.71,7.97,7.7,7.93,72530.1,56759000.0,7.93,7.89,7.8580000000000085,7.77,7.51,47.84,0.09,0.11,-0.02,烽火电子,计算机、通信和其他电子设备制造业,主板,7.940000000000016,7.9112499999999955,7.894166666666666,7.882500000000004,7.5365957446808505
561,2021-12-21,7.72,7.98,7.98,7.72,7.71,64545.6,50817700.0,7.95,7.92,7.868500000000007,7.8,7.51,55.42,0.09,0.11,-0.02,烽火电子,计算机、通信和其他电子设备制造业,主板,7.942500000000017,7.917499999999996,7.8975,7.8956250000000034,7.554468085106383
561,2021-12-22,7.94,8.0,8.13,7.83,7.98,81519.1,64728100.0,7.95,7.93,7.880000000000007,7.81,7.51,55.93,0.1,0.11,-0.01,烽火电子,计算机、通信和其他电子设备制造业,主板,7.905000000000017,7.934999999999997,7.909166666666667,7.901250000000003,7.571489361702128
561,2021-12-23,7.99,7.9,7.99,7.84,8.0,64956.2,51254000.0,7.9,7.92,7.886000000000007,7.83,7.51,52.68,0.09,0.1,-0.01,烽火电子,计算机、通信和其他电子设备制造业,主板,7.897500000000017,7.938749999999998,7.929166666666667,7.8975000000000035,7.586170212765958
561,2021-12-24,7.93,7.9,7.97,7.7,7.9,89933.1,70645300.0,7.9,7.93,7.895000000000008,7.84,7.51,52.68,0.08,0.1,-0.02,烽火电子,计算机、通信和其他电子设备制造业,主板,7.945000000000016,7.942499999999998,7.9225,7.906875000000003,7.601276595744681
561,2021-12-27,7.86,8.19,8.58,7.7,7.9,220750.0,180932000.0,7.99,7.96,7.916000000000007,7.85,7.52,60.42,0.1,0.1,0.0,烽火电子,计算机、通信和其他电子设备制造业,主板,7.997500000000016,7.969999999999999,7.944166666666668,7.922500000000003,7.623191489361702
561,2021-12-28,8.08,8.12,8.19,8.04,8.19,78836.0,63963000.0,8.02,7.98,7.926500000000007,7.87,7.53,57.95,0.11,0.1,0.01,烽火电子,计算机、通信和其他电子设备制造业,主板,8.027500000000016,7.96625,7.965833333333335,7.938750000000003,7.646595744680851
561,2021-12-29,8.12,8.29,8.3,8.07,8.12,140476.0,115685000.0,8.08,8.02,7.943000000000007,7.9,7.55,62.01,0.13,0.11,0.02,烽火电子,计算机、通信和其他电子设备制造业,主板,8.125000000000016,8.01125,8.000833333333334,7.978125000000004,7.671063829787235
561,2021-12-30,8.34,8.24,8.36,8.21,8.29,94236.1,77965200.0,8.15,8.03,7.9675000000000065,7.91,7.57,60.17,0.13,0.11,0.02,烽火电子,计算机、通信和其他电子设备制造业,主板,8.210000000000017,8.0775,8.031666666666668,7.994375000000004,7.6968085106382995
561,2021-12-31,8.24,8.39,8.52,8.24,8.24,114589.0,96126300.0,8.25,8.07,7.990000000000006,7.93,7.59,63.65,0.15,0.12,0.03,烽火电子,计算机、通信和其他电子设备制造业,主板,8.260000000000018,8.12875,8.066666666666668,8.023125000000004,7.725319148936171
561,2022-01-04,8.42,8.41,8.49,8.33,8.39,99517.0,83543500.0,8.29,8.14,8.017500000000005,7.95,7.61,64.1,0.16,0.13,0.03,烽火电子,计算机、通信和其他电子设备制造业,主板,8.33250000000002,8.18,8.088333333333333,8.057500000000003,7.759361702127661
561,2022-01-05,8.4,8.14,8.43,8.06,8.41,107677.0,88440400.0,8.29,8.16,8.041500000000006,7.97,7.63,54.32,0.14,0.13,0.01,烽火电子,计算机、通信和其他电子设备制造业,主板,8.29500000000002,8.209999999999999,8.105833333333335,8.074375000000003,7.78340425531915
561,2022-01-06,8.2,8.22,8.26,8.11,8.14,53546.0,43879700.0,8.28,8.18,8.053500000000007,7.98,7.65,56.44,0.14,0.13,0.01,烽火电子,计算机、通信和其他电子设备制造业,主板,8.290000000000019,8.249999999999998,8.148333333333335,8.096250000000003,7.80808510638298
561,2022-01-07,8.24,7.88,8.29,7.87,8.22,91904.2,74040600.0,8.21,8.18,8.051000000000005,7.98,7.66,46.55,0.11,0.13,-0.02,烽火电子,计算机、通信和其他电子设备制造业,主板,8.16250000000002,8.211249999999998,8.14,8.090625000000003,7.821489361702129
561,2022-01-10,7.84,8.0,8.05,7.79,7.88,51990.9,41377200.0,8.13,8.19,8.058000000000005,7.99,7.68,49.89,0.09,0.12,-0.03,烽火电子,计算机、通信和其他电子设备制造业,主板,8.06000000000002,8.196249999999997,8.14,8.081250000000002,7.838936170212767
561,2022-01-11,8.04,7.89,8.07,7.87,8.0,44932.0,35741200.0,8.03,8.16,8.059000000000005,8.0,7.69,46.99,0.07,0.11,-0.04,烽火电子,计算机、通信和其他电子设备制造业,主板,7.99750000000002,8.146249999999998,8.139166666666666,8.078750000000001,7.85340425531915
561,2022-01-12,7.89,7.9,7.98,7.88,7.89,43544.2,34480800.0,7.98,8.14,8.060500000000005,8.0,7.7,47.29,0.05,0.1,-0.05,烽火电子,计算机、通信和其他电子设备制造业,主板,7.91750000000002,8.10375,8.139166666666666,8.090625000000001,7.868936170212766
561,2022-01-13,7.92,7.9,7.93,7.79,7.9,42537.1,33397600.0,7.91,8.1,8.057000000000006,7.99,7.71,47.29,0.03,0.08,-0.05,烽火电子,计算机、通信和其他电子设备制造业,主板,7.92250000000002,8.0425,8.115,8.085625000000002,7.884468085106382
561,2022-01-14,7.89,7.93,7.96,7.8,7.9,60029.4,47283200.0,7.92,8.07,8.046000000000005,8.0,7.73,48.31,0.03,0.07,-0.04,烽火电子,计算机、通信和其他电子设备制造业,主板,7.905000000000019,7.982500000000002,8.099166666666667,8.081250000000002,7.896808510638297
561,2022-01-17,7.93,7.95,8.02,7.9,7.93,55261.0,43975800.0,7.91,8.02,8.047000000000004,8.0,7.74,49.01,0.02,0.06,-0.04,烽火电子,计算机、通信和其他电子设备制造业,主板,7.9200000000000195,7.958750000000002,8.070833333333333,8.084375000000001,7.907446808510638
561,2022-01-18,7.95,7.99,8.02,7.84,7.95,69542.3,55050900.0,7.93,7.98,8.061000000000003,8.01,7.76,50.47,0.02,0.05,-0.03,烽火电子,计算机、通信和其他电子设备制造业,主板,7.94250000000002,7.9300000000000015,8.049999999999999,8.090000000000002,7.92
561,2022-01-19,7.96,8.05,8.11,7.94,7.99,84204.4,67609200.0,7.96,7.97,8.064500000000006,8.02,7.77,52.65,0.02,0.05,-0.03,烽火电子,计算机、通信和其他电子设备制造业,主板,7.98000000000002,7.951250000000001,8.021666666666667,8.081250000000002,7.927659574468086
561,2022-01-20,8.05,7.92,8.07,7.72,8.05,90317.8,70762300.0,7.97,7.94,8.060500000000005,8.02,7.79,47.74,0.01,0.04,-0.03,烽火电子,计算机、通信和其他电子设备制造业,主板,7.9775000000000205,7.94125,7.980833333333333,8.068750000000001,7.932127659574469
561,2022-01-21,7.85,7.79,7.89,7.75,7.92,40012.7,31173100.0,7.94,7.93,8.055000000000003,8.01,7.8,43.38,-0.01,0.03,-0.04,烽火电子,计算机、通信和其他电子设备制造业,主板,7.93750000000002,7.928750000000001,7.951666666666667,8.037500000000001,7.938510638297874
561,2022-01-24,7.75,7.29,7.75,7.14,7.79,118031.0,86836400.0,7.81,7.86,8.024500000000003,7.99,7.81,31.47,-0.06,0.01,-0.07,烽火电子,计算机、通信和其他电子设备制造业,主板,7.762500000000021,7.852500000000002,7.874166666666667,7.978125000000001,7.93085106382979
561,2022-01-25,7.33,7.06,7.38,7.05,7.29,50346.1,36173900.0,7.62,7.78,7.9680000000000035,7.97,7.81,27.7,-0.12,-0.01,-0.11,烽火电子,计算机、通信和其他电子设备制造业,主板,7.515000000000021,7.747500000000001,7.805833333333335,7.8950000000000005,7.91617021276596
561,2022-01-26,7.06,7.11,7.17,6.93,7.06,49195.2,34952200.0,7.43,7.7,7.917500000000004,7.94,7.81,29.67,-0.16,-0.04,-0.12,烽火电子,计算机、通信和其他电子设备制造业,主板,7.312500000000021,7.645000000000002,7.731666666666668,7.813750000000001,7.902978723404257
561,2022-01-27,7.14,6.62,7.14,6.6,7.11,104588.0,71173800.0,7.17,7.57,7.834000000000005,7.9,7.8,23.04,-0.23,-0.08,-0.15,烽火电子,计算机、通信和其他电子设备制造业,主板,7.020000000000021,7.478750000000002,7.625833333333335,7.718750000000001,7.877021276595747
561,2022-01-28,6.69,6.98,7.04,6.66,6.62,80657.3,55571900.0,7.01,7.48,7.7710000000000035,7.86,7.79,34.6,-0.26,-0.12,-0.14,烽火电子,计算机、通信和其他电子设备制造业,主板,6.942500000000022,7.352500000000002,7.549166666666668,7.641250000000001,7.860212765957451
561,2022-02-07,7.12,6.99,7.12,6.96,6.98,52735.0,36967500.0,6.95,7.38,7.701000000000005,7.82,7.79,34.9,-0.27,-0.15,-0.12,烽火电子,计算机、通信和其他电子设备制造业,主板,6.925000000000023,7.220000000000002,7.473333333333334,7.585625000000002,7.8436170212766
561,2022-02-08,7.02,7.19,7.21,6.96,6.99,38510.0,27349600.0,6.98,7.3,7.640000000000005,7.81,7.79,40.62,-0.26,-0.17,-0.09,烽火电子,计算机、通信和其他电子设备制造业,主板,6.945000000000023,7.128750000000002,7.411666666666666,7.535000000000002,7.831063829787239
561,2022-02-09,7.19,7.25,7.3,7.15,7.19,34807.9,25238800.0,7.01,7.22,7.595500000000004,7.78,7.79,42.26,-0.24,-0.18,-0.06,烽火电子,计算机、通信和其他电子设备制造业,主板,7.102500000000023,7.061250000000002,7.353333333333333,7.495000000000002,7.821063829787239
561,2022-02-10,7.27,7.24,7.29,7.2,7.25,20814.0,15071600.0,7.13,7.15,7.546500000000004,7.76,7.79,42.05,-0.23,-0.19,-0.04,烽火电子,计算机、通信和其他电子设备制造业,主板,7.167500000000023,7.055000000000002,7.290833333333333,7.453750000000001,7.809787234042558
561,2022-02-11,7.29,7.33,7.41,7.18,7.24,61233.6,44575600.0,7.2,7.11,7.5190000000000055,7.74,7.78,44.69,-0.21,-0.2,-0.01,烽火电子,计算机、通信和其他电子设备制造业,主板,7.252500000000023,7.088750000000002,7.230833333333333,7.418125000000001,7.797446808510642
561,2022-02-14,7.32,7.52,7.6,7.3,7.33,61694.3,46172300.0,7.31,7.13,7.495000000000006,7.73,7.78,49.89,-0.18,-0.19,0.01,烽火电子,计算机、通信和其他电子设备制造业,主板,7.335000000000021,7.140000000000002,7.197499999999999,7.3925,7.788085106382983
561,2022-02-15,7.6,7.58,7.68,7.39,7.52,49881.4,37697800.0,7.38,7.18,7.479500000000007,7.71,7.78,51.44,-0.15,-0.18,0.03,烽火电子,计算机、通信和其他电子设备制造业,主板,7.417500000000022,7.2600000000000025,7.179999999999999,7.369375,7.784468085106386
561,2022-02-16,7.58,7.52,7.59,7.45,7.58,34764.7,26064600.0,7.44,7.22,7.460500000000008,7.69,7.78,49.78,-0.12,-0.17,0.05,烽火电子,计算机、通信和其他电子设备制造业,主板,7.48750000000002,7.327500000000002,7.199166666666664,7.34,7.77553191489362
561,2022-02-17,7.45,7.52,7.64,7.45,7.52,37039.7,27927800.0,7.49,7.31,7.4415000000000076,7.66,7.78,49.78,-0.11,-0.16,0.05,烽火电子,计算机、通信和其他电子设备制造业,主板,7.5350000000000215,7.393750000000002,7.237499999999997,7.306875,7.768297872340428
561,2022-02-18,7.49,7.53,7.57,7.42,7.52,37076.4,27809700.0,7.53,7.37,7.421500000000007,7.64,7.77,50.09,-0.09,-0.15,0.06,烽火电子,计算机、通信和其他电子设备制造业,主板,7.537500000000022,7.436250000000001,7.272499999999997,7.2825,7.765531914893619
561,2022-02-21,7.54,7.63,7.66,7.52,7.53,31674.6,24104300.0,7.56,7.43,7.405500000000008,7.61,7.77,53.22,-0.07,-0.13,0.06,烽火电子,计算机、通信和其他电子设备制造业,主板,7.550000000000022,7.483750000000001,7.356666666666663,7.272499999999999,7.75808510638298
561,2022-02-22,7.7,7.61,7.79,7.52,7.63,41563.1,31788800.0,7.56,7.47,7.386500000000008,7.58,7.77,52.51,-0.04,-0.11,0.07,烽火电子,计算机、通信和其他电子设备制造业,主板,7.572500000000022,7.53,7.409166666666663,7.292499999999999,7.751276595744682
561,2022-02-23,7.59,7.63,7.7,7.55,7.61,44608.5,34099200.0,7.58,7.51,7.365500000000007,7.57,7.77,53.18,-0.03,-0.1,0.07,烽火电子,计算机、通信和其他电子设备制造业,主板,7.600000000000022,7.567500000000001,7.462499999999996,7.328124999999998,7.746382978723405
561,2022-02-24,7.59,7.71,7.86,7.44,7.63,94743.9,72805800.0,7.62,7.56,7.355000000000008,7.55,7.77,55.86,-0.01,-0.08,0.07,烽火电子,计算机、通信和其他电子设备制造业,主板,7.645000000000021,7.5912500000000005,7.505833333333329,7.365624999999998,7.7429787234042555
561,2022-02-25,7.67,7.55,7.71,7.52,7.71,49829.8,37905400.0,7.63,7.58,7.343000000000009,7.54,7.76,49.72,-0.01,-0.06,0.05,烽火电子,计算机、通信和其他电子设备制造业,主板,7.62500000000002,7.5875,7.530833333333329,7.423749999999997,7.736170212765958
561,2022-02-28,7.59,7.72,7.72,7.47,7.55,51719.2,39586100.0,7.64,7.6,7.364500000000009,7.53,7.76,55.34,0.0,-0.05,0.05,烽火电子,计算机、通信和其他电子设备制造业,主板,7.652500000000021,7.612500000000001,7.570833333333329,7.469999999999997,7.730851063829788
561,2022-03-01,7.72,7.83,7.86,7.64,7.72,49340.4,38339100.0,7.69,7.62,7.40300000000001,7.53,7.76,58.57,0.02,-0.04,0.06,烽火电子,计算机、通信和其他电子设备制造业,主板,7.702500000000021,7.651250000000001,7.612499999999996,7.522499999999997,7.72404255319149
561,2022-03-02,7.83,7.8,7.87,7.75,7.83,38299.4,29819700.0,7.72,7.65,7.43750000000001,7.52,7.76,57.35,0.04,-0.02,0.06,烽火电子,计算机、通信和其他电子设备制造业,主板,7.725000000000021,7.6850000000000005,7.63583333333333,7.560624999999998,7.721276595744682
561,2022-03-03,7.79,7.65,7.81,7.61,7.8,33873.6,26000300.0,7.71,7.67,7.48900000000001,7.52,7.76,51.58,0.03,-0.01,0.04,烽火电子,计算机、通信和其他电子设备制造业,主板,7.75000000000002,7.687500000000001,7.641666666666663,7.5856249999999985,7.720000000000001
561,2022-03-04,7.65,7.49,7.69,7.49,7.65,39133.9,29677000.0,7.7,7.66,7.514500000000011,7.5,7.75,46.24,0.02,-0.01,0.03,烽火电子,计算机、通信和其他电子设备制造业,主板,7.69250000000002,7.672500000000001,7.6391666666666636,7.601249999999999,7.709574468085107
561,2022-03-07,7.54,7.36,7.54,7.33,7.49,30133.0,22369400.0,7.63,7.64,7.533000000000011,7.48,7.74,42.39,0.0,0.0,0.0,烽火电子,计算机、通信和其他电子设备制造业,主板,7.575000000000021,7.638750000000001,7.62583333333333,7.6031249999999995,7.695957446808511
561,2022-03-08,7.4,7.15,7.42,7.14,7.36,39677.2,28784000.0,7.49,7.59,7.531000000000011,7.45,7.73,37.04,-0.04,-0.01,-0.03,烽火电子,计算机、通信和其他电子设备制造业,主板,7.41250000000002,7.5687500000000005,7.594166666666664,7.579999999999999,7.680000000000001
561,2022-03-09,7.17,7.14,7.35,6.82,7.15,48639.7,34515400.0,7.36,7.54,7.525500000000011,7.42,7.72,36.8,-0.07,-0.02,-0.05,烽火电子,计算机、通信和其他电子设备制造业,主板,7.28500000000002,7.5175,7.553333333333331,7.552499999999999,7.663829787234044
561,2022-03-10,7.23,7.18,7.31,7.17,7.14,29396.0,21265700.0,7.26,7.49,7.522500000000011,7.4,7.71,38.5,-0.08,-0.03,-0.05,烽火电子,计算机、通信和其他电子设备制造业,主板,7.207500000000019,7.449999999999999,7.517499999999997,7.531249999999999,7.642340425531916
561,2022-03-11,7.1,7.28,7.29,7.04,7.18,25254.0,18067100.0,7.22,7.46,7.52000000000001,7.38,7.7,42.67,-0.09,-0.05,-0.04,烽火电子,计算机、通信和其他电子设备制造业,主板,7.1875000000000195,7.38125,7.488333333333331,7.516249999999999,7.6244680851063835
561,2022-03-14,7.22,7.13,7.35,7.13,7.28,34881.0,25199200.0,7.18,7.4,7.5005000000000095,7.38,7.68,38.46,-0.1,-0.06,-0.04,烽火电子,计算机、通信和其他电子设备制造业,主板,7.1825000000000205,7.297499999999999,7.439999999999998,7.491249999999999,7.599787234042553
561,2022-03-15,7.11,6.8,7.12,6.75,7.13,44658.0,31067900.0,7.11,7.3,7.46150000000001,7.37,7.67,31.18,-0.13,-0.07,-0.06,烽火电子,计算机、通信和其他电子设备制造业,主板,7.09750000000002,7.191249999999999,7.377499999999998,7.439374999999999,7.569148936170213
561,2022-03-16,6.88,7.01,7.03,6.72,6.8,43257.1,29793100.0,7.08,7.22,7.436000000000009,7.36,7.65,39.08,-0.14,-0.08,-0.06,烽火电子,计算机、通信和其他电子设备制造业,主板,7.055000000000019,7.131249999999999,7.318333333333332,7.4018749999999995,7.539787234042553
561,2022-03-17,7.07,7.04,7.15,7.01,7.01,37942.0,26871400.0,7.05,7.16,7.412000000000008,7.38,7.64,40.14,-0.15,-0.1,-0.05,烽火电子,计算机、通信和其他电子设备制造业,主板,6.995000000000019,7.091249999999999,7.252499999999999,7.365,7.51063829787234
561,2022-03-18,7.0,7.11,7.12,6.96,7.04,25854.1,18260800.0,7.02,7.12,7.391000000000008,7.38,7.62,42.64,-0.15,-0.11,-0.04,烽火电子,计算机、通信和其他电子设备制造业,主板,6.990000000000019,7.086249999999999,7.194999999999999,7.327500000000001,7.48872340425532
561,2022-03-21,7.12,7.17,7.22,7.08,7.11,26466.1,18927600.0,7.03,7.1,7.368000000000007,7.39,7.61,44.78,-0.14,-0.11,-0.03,烽火电子,计算机、通信和其他电子设备制造业,主板,7.082500000000018,7.089999999999999,7.1549999999999985,7.303750000000001,7.466382978723405
561,2022-03-22,7.16,7.18,7.23,7.11,7.17,23255.0,16699300.0,7.1,7.1,7.346500000000008,7.39,7.6,45.14,-0.13,-0.12,-0.01,烽火电子,计算机、通信和其他电子设备制造业,主板,7.1250000000000195,7.089999999999999,7.129166666666666,7.270000000000001,7.451489361702128
561,2022-03-23,7.17,7.38,7.44,7.14,7.18,59839.5,43727100.0,7.18,7.13,7.334000000000008,7.39,7.59,51.99,-0.1,-0.11,0.01,烽火电子,计算机、通信和其他电子设备制造业,主板,7.21000000000002,7.102499999999999,7.1308333333333325,7.241875000000001,7.438297872340426
561,2022-03-24,7.33,7.17,7.33,7.12,7.38,36015.0,25896600.0,7.2,7.13,7.307000000000007,7.39,7.57,45.56,-0.09,-0.11,0.02,烽火电子,计算机、通信和其他电子设备制造业,主板,7.225000000000021,7.107499999999999,7.132499999999999,7.2025000000000015,7.422978723404256
561,2022-03-25,7.16,7.16,7.26,7.12,7.17,24958.0,17976400.0,7.21,7.12,7.287500000000006,7.39,7.56,45.27,-0.09,-0.11,0.02,烽火电子,计算机、通信和其他电子设备制造业,主板,7.2225000000000215,7.1525,7.134166666666665,7.171875000000001,7.407234042553194
561,2022-03-28,7.11,7.16,7.18,6.98,7.16,21954.0,15588500.0,7.21,7.12,7.259500000000005,7.37,7.55,45.27,-0.09,-0.1,0.01,烽火电子,计算机、通信和其他电子设备制造业,主板,7.217500000000021,7.17125,7.132499999999998,7.151250000000001,7.3914893617021304
561,2022-03-29,7.21,7.13,7.22,7.08,7.16,22479.0,16078200.0,7.2,7.15,7.224500000000004,7.36,7.53,44.3,-0.09,-0.1,0.01,烽火电子,计算机、通信和其他电子设备制造业,主板,7.155000000000022,7.1825,7.119999999999997,7.136875000000001,7.374468085106386
561,2022-03-30,7.15,7.23,7.24,7.1,7.13,22311.5,16004800.0,7.17,7.17,7.196000000000003,7.35,7.52,48.29,-0.08,-0.1,0.02,烽火电子,计算机、通信和其他电子设备制造业,主板,7.170000000000021,7.1975,7.128333333333331,7.141875000000001,7.359148936170216
561,2022-03-31,7.2,7.14,7.2,7.12,7.23,22391.4,16026500.0,7.16,7.18,7.170500000000002,7.34,7.5,45.15,-0.08,-0.09,0.01,烽火电子,计算机、通信和其他电子设备制造业,主板,7.165000000000021,7.19375,7.156666666666665,7.141875000000001,7.341063829787237
561,2022-04-01,7.08,7.17,7.2,7.07,7.14,22795.0,16296600.0,7.17,7.19,7.154500000000001,7.32,7.48,46.4,-0.07,-0.09,0.02,烽火电子,计算机、通信和其他电子设备制造业,主板,7.167500000000021,7.1925,7.169999999999998,7.141250000000001,7.322340425531918
561,2022-04-06,7.17,7.27,7.31,7.15,7.17,23125.2,16796400.0,7.19,7.2,7.150000000000001,7.31,7.46,50.45,-0.06,-0.08,0.02,烽火电子,计算机、通信和其他电子设备制造业,主板,7.202500000000021,7.17875,7.189166666666664,7.140625000000001,7.308510638297875
561,2022-04-07,7.23,7.25,7.44,7.22,7.27,41247.0,30328200.0,7.21,7.21,7.155000000000001,7.3,7.44,49.64,-0.05,-0.08,0.03,烽火电子,计算机、通信和其他电子设备制造业,主板,7.207500000000022,7.188750000000001,7.200833333333331,7.148125000000001,7.297021276595746
561,2022-04-08,7.25,7.35,7.35,7.18,7.25,34337.0,24953500.0,7.24,7.2,7.1655000000000015,7.29,7.43,53.64,-0.03,-0.07,0.04,烽火电子,计算机、通信和其他电子设备制造业,主板,7.260000000000021,7.2125,7.21583333333333,7.182500000000001,7.298297872340427
561,2022-04-11,7.29,7.1,7.33,7.06,7.35,28701.0,20695200.0,7.23,7.2,7.161500000000001,7.27,7.41,44.2,-0.04,-0.06,0.02,烽火电子,计算机、通信和其他电子设备制造业,主板,7.242500000000021,7.205,7.209166666666664,7.188125,7.299148936170215
561,2022-04-12,7.12,7.35,7.36,7.03,7.1,31041.0,22254900.0,7.26,7.21,7.165000000000001,7.26,7.4,53.09,-0.03,-0.06,0.03,烽火电子,计算机、通信和其他电子设备制造业,主板,7.2625000000000215,7.232499999999999,7.2066666666666634,7.2075,7.304255319148939
561,2022-04-13,7.36,7.3,7.41,7.25,7.35,30056.9,22002300.0,7.27,7.23,7.1735000000000015,7.25,7.39,51.33,-0.02,-0.05,0.03,烽火电子,计算机、通信和其他电子设备制造业,主板,7.275000000000022,7.241249999999999,7.217499999999997,7.219374999999999,7.318723404255322
561,2022-04-14,7.35,7.35,7.37,7.26,7.3,26428.0,19348000.0,7.29,7.25,7.2010000000000005,7.23,7.38,53.01,-0.01,-0.04,0.03,烽火电子,计算机、通信和其他电子设备制造业,主板,7.275000000000022,7.267499999999998,7.23333333333333,7.230624999999999,7.326595744680854
561,2022-04-15,7.33,7.16,7.33,7.1,7.35,32925.0,23690700.0,7.25,7.24,7.208500000000001,7.21,7.37,46.45,-0.02,-0.04,0.02,烽火电子,计算机、通信和其他电子设备制造业,主板,7.290000000000022,7.266249999999998,7.23333333333333,7.229374999999999,7.33021276595745
561,2022-04-18,7.2,7.61,7.77,7.12,7.16,142261.0,107099000.0,7.35,7.29,7.237000000000002,7.21,7.36,59.29,0.02,-0.03,0.05,烽火电子,计算机、通信和其他电子设备制造业,主板,7.355000000000022,7.308749999999998,7.27333333333333,7.2437499999999995,7.339148936170217
561,2022-04-19,7.59,7.6,7.63,7.48,7.61,79168.1,59685500.0,7.4,7.33,7.261500000000001,7.21,7.36,58.95,0.03,-0.01,0.04,烽火电子,计算机、通信和其他电子设备制造业,主板,7.430000000000022,7.352499999999997,7.304166666666663,7.270624999999999,7.346595744680855
561,2022-04-20,7.58,7.69,7.74,7.53,7.6,80349.5,61425300.0,7.48,7.38,7.287500000000001,7.23,7.35,61.11,0.06,0.0,0.06,烽火电子,计算机、通信和其他电子设备制造业,主板,7.515000000000022,7.394999999999997,7.349999999999995,7.303749999999999,7.356170212765961
561,2022-04-21,7.62,7.32,7.65,7.24,7.69,71319.0,53105800.0,7.48,7.38,7.294500000000001,7.23,7.34,49.6,0.06,0.01,0.05,烽火电子,计算机、通信和其他电子设备制造业,主板,7.555000000000022,7.422499999999997,7.362499999999996,7.313749999999999,7.355957446808515
561,2022-04-22,7.3,6.96,7.3,6.83,7.32,86255.0,60247400.0,7.44,7.34,7.273500000000001,7.22,7.32,41.42,0.01,0.01,0.0,烽火电子,计算机、通信和其他电子设备制造业,主板,7.392500000000021,7.373749999999997,7.3366666666666625,7.303124999999999,7.3440425531914935
561,2022-04-25,6.87,6.43,6.87,6.41,6.96,65893.0,43746700.0,7.2,7.28,7.236500000000002,7.2,7.3,32.84,-0.06,0.0,-0.06,烽火电子,计算机、通信和其他电子设备制造业,主板,7.100000000000021,7.264999999999997,7.268333333333328,7.253124999999998,7.3195744680851105
561,2022-04-26,6.42,6.08,6.5,6.06,6.43,46534.6,29218800.0,6.9,7.15,7.182500000000003,7.16,7.27,28.62,-0.15,-0.03,-0.12,烽火电子,计算机、通信和其他电子设备制造业,主板,6.69750000000002,7.106249999999997,7.162499999999995,7.186874999999998,7.288936170212771
561,2022-04-27,6.0,6.29,6.32,5.9,6.08,44827.9,27443000.0,6.62,7.05,7.139000000000003,7.13,7.25,34.09,-0.19,-0.06,-0.13,烽火电子,计算机、通信和其他电子设备制造业,主板,6.440000000000021,6.997499999999997,7.094999999999996,7.131874999999998,7.262765957446814
561,2022-04-28,6.19,5.95,6.2,5.87,6.29,76768.7,46150900.0,6.34,6.91,7.080000000000003,7.1,7.24,30.07,-0.25,-0.1,-0.15,烽火电子,计算机、通信和其他电子设备制造业,主板,6.18750000000002,6.789999999999997,6.978333333333331,7.049374999999999,7.229148936170218
561,2022-04-29,6.0,6.13,6.18,5.99,5.95,50454.3,30733700.0,6.18,6.81,7.025000000000003,7.07,7.22,34.48,-0.28,-0.14,-0.14,烽火电子,计算机、通信和其他电子设备制造业,主板,6.11250000000002,6.6062499999999975,6.880833333333331,6.979374999999998,7.197234042553197
561,2022-05-05,6.15,6.22,6.3,6.1,6.13,33896.5,21087900.0,6.13,6.67,6.979000000000004,7.05,7.21,36.62,-0.3,-0.17,-0.13,烽火电子,计算机、通信和其他电子设备制造业,主板,6.14750000000002,6.422499999999998,6.786666666666664,6.908749999999999,7.167659574468091
561,2022-05-06,6.16,6.13,6.2,6.0,6.22,26173.2,16025800.0,6.14,6.52,6.927000000000004,7.01,7.2,35.38,-0.31,-0.2,-0.11,烽火电子,计算机、通信和其他电子设备制造业,主板,6.10750000000002,6.273749999999998,6.700833333333331,6.848124999999999,7.13574468085107
561,2022-05-09,6.13,6.29,6.3,6.1,6.13,26471.2,16491400.0,6.14,6.38,6.878000000000003,6.98,7.19,39.34,-0.3,-0.22,-0.08,烽火电子,计算机、通信和其他电子设备制造业,主板,6.19250000000002,6.189999999999998,6.5908333333333315,6.781874999999999,7.105531914893624
561,2022-05-10,6.17,6.35,6.38,6.16,6.29,45666.7,28823700.0,6.22,6.28,6.833000000000003,6.96,7.17,40.8,-0.3,-0.23,-0.07,烽火电子,计算机、通信和其他电子设备制造业,主板,6.247500000000021,6.179999999999998,6.486666666666665,6.722499999999999,7.080000000000007
561,2022-05-11,6.35,6.26,6.47,6.26,6.35,41518.0,26518900.0,6.25,6.21,6.778500000000003,6.92,7.16,39.27,-0.29,-0.25,-0.04,烽火电子,计算机、通信和其他电子设备制造业,主板,6.257500000000022,6.202499999999998,6.367499999999999,6.654375,7.048936170212772
561,2022-05-12,6.25,6.39,6.4,6.21,6.26,33312.2,21074600.0,6.28,6.21,6.743000000000002,6.89,7.14,42.62,-0.27,-0.25,-0.02,烽火电子,计算机、通信和其他电子设备制造业,主板,6.322500000000022,6.214999999999998,6.289999999999999,6.60625,7.0182978723404315
561,2022-05-13,6.4,6.4,6.43,6.32,6.39,19238.9,12286200.0,6.34,6.24,6.695500000000003,6.87,7.13,42.88,-0.26,-0.25,-0.01,烽火电子,计算机、通信和其他电子设备制造业,主板,6.350000000000023,6.2712499999999975,6.243333333333333,6.530625000000001,6.988510638297878
561,2022-05-16,6.42,6.42,6.5,6.37,6.4,28803.0,18522700.0,6.36,6.25,6.651500000000001,6.84,7.11,43.44,-0.24,-0.25,0.01,烽火电子,计算机、通信和其他电子设备制造业,主板,6.367500000000023,6.307499999999997,6.2425,6.456875000000001,6.962340425531921
561,2022-05-17,6.44,6.43,6.45,6.34,6.42,15872.1,10154100.0,6.38,6.3,6.605500000000002,6.82,7.09,43.73,-0.22,-0.24,0.02,烽火电子,计算机、通信和其他电子设备制造业,主板,6.410000000000023,6.3337499999999975,6.271666666666667,6.378125000000001,6.9397872340425595
561,2022-05-18,6.43,6.54,6.56,6.39,6.43,28907.1,18775500.0,6.44,6.34,6.574500000000002,6.8,7.07,47.0,-0.19,-0.23,0.04,烽火电子,计算机、通信和其他电子设备制造业,主板,6.447500000000023,6.384999999999997,6.2925,6.329375000000001,6.922340425531922
561,2022-05-19,6.43,6.47,6.52,6.42,6.54,41263.5,26648700.0,6.45,6.37,6.517500000000001,6.78,7.06,45.2,-0.17,-0.22,0.05,烽火电子,计算机、通信和其他电子设备制造业,主板,6.465000000000023,6.407499999999997,6.335833333333333,6.298750000000001,6.9078723404255395
561,2022-05-20,6.49,6.6,6.65,6.46,6.47,39680.4,26060700.0,6.49,6.41,6.467500000000001,6.76,7.04,49.09,-0.15,-0.21,0.06,烽火电子,计算机、通信和其他电子设备制造业,主板,6.510000000000023,6.438749999999997,6.375,6.309375000000001,6.8963829787234125
561,2022-05-23,6.76,6.7,6.76,6.6,6.6,39035.7,26087300.0,6.55,6.46,6.418000000000001,6.74,7.02,51.92,-0.13,-0.19,0.06,烽火电子,计算机、通信和其他电子设备制造业,主板,6.577500000000024,6.493749999999998,6.415,6.348125000000001,6.886170212765966
561,2022-05-24,6.71,6.41,6.77,6.41,6.7,48234.9,31823700.0,6.54,6.46,6.3725000000000005,6.71,7.0,44.24,-0.12,-0.18,0.06,烽火电子,计算机、通信和其他电子设备制造业,主板,6.545000000000025,6.496249999999998,6.4383333333333335,6.355625000000001,6.867659574468094
561,2022-05-25,6.42,6.57,6.57,6.4,6.41,26187.1,17054400.0,6.55,6.49,6.353000000000001,6.68,6.99,48.75,-0.11,-0.16,0.05,烽火电子,计算机、通信和其他电子设备制造业,主板,6.570000000000025,6.517499999999998,6.461666666666667,6.394375000000001,6.855744680851073
561,2022-05-26,6.56,6.71,6.85,6.5,6.57,55635.1,37167200.0,6.6,6.52,6.367,6.67,6.97,52.37,-0.08,-0.15,0.07,烽火电子,计算机、通信和其他电子设备制造业,主板,6.597500000000025,6.553749999999998,6.491666666666667,6.430625000000001,6.853829787234051
561,2022-05-27,6.78,6.79,6.86,6.69,6.71,52842.8,35846200.0,6.64,6.56,6.402499999999999,6.65,6.96,54.36,-0.06,-0.13,0.07,烽火电子,计算机、通信和其他电子设备制造业,主板,6.620000000000025,6.598749999999998,6.535833333333334,6.466250000000001,6.849148936170222
561,2022-05-30,6.86,7.47,7.47,6.85,6.79,110059.0,80244300.0,6.79,6.67,6.461499999999999,6.66,6.95,66.97,0.02,-0.1,0.12,烽火电子,计算机、通信和其他电子设备制造业,主板,6.8850000000000255,6.714999999999998,6.6258333333333335,6.550000000000002,6.858297872340435
561,2022-05-31,7.72,7.58,8.1,7.48,7.47,290737.0,225383000.0,7.02,6.78,6.543000000000001,6.67,6.95,68.49,0.09,-0.06,0.15,烽火电子,计算机、通信和其他电子设备制造业,主板,7.137500000000026,6.853749999999998,6.724166666666666,6.630625000000001,6.868297872340434
561,2022-06-01,7.58,7.71,7.9,7.56,7.58,194613.0,150081000.0,7.25,6.9,6.622000000000002,6.68,6.95,70.23,0.15,-0.02,0.17,烽火电子,计算机、通信和其他电子设备制造业,主板,7.387500000000026,6.992499999999998,6.831666666666666,6.715625000000001,6.879787234042561
561,2022-06-02,7.68,7.93,8.1,7.63,7.71,189800.0,150503000.0,7.5,7.05,6.707500000000001,6.69,6.95,72.95,0.21,0.03,0.18,烽火电子,计算机、通信和其他电子设备制造业,主板,7.672500000000026,7.1462499999999975,6.956666666666666,6.820000000000001,6.895744680851071
561,2022-06-06,7.83,7.88,8.38,7.83,7.93,201824.0,162017000.0,7.71,7.18,6.795000000000002,6.7,6.96,71.36,0.26,0.07,0.19,烽火电子,计算机、通信和其他电子设备制造业,主板,7.775000000000027,7.329999999999998,7.068333333333332,6.913125000000001,6.906382978723412
561,2022-06-07,7.97,7.87,8.09,7.75,7.88,141500.0,111496000.0,7.79,7.29,6.874000000000002,6.71,6.97,71.02,0.29,0.12,0.17,烽火电子,计算机、通信和其他电子设备制造业,主板,7.847500000000027,7.492499999999999,7.184999999999999,7.005000000000001,6.921276595744688
561,2022-06-08,7.96,7.79,7.96,7.65,7.87,108883.0,84612800.0,7.84,7.43,6.946000000000002,6.72,6.98,68.26,0.31,0.16,0.15,烽火电子,计算机、通信和其他电子设备制造业,主板,7.867500000000026,7.627499999999999,7.284166666666667,7.090625000000001,6.934680851063837
561,2022-06-09,7.7,7.55,7.85,7.49,7.79,75721.9,57477900.0,7.8,7.53,7.010500000000003,6.74,6.98,60.65,0.3,0.18,0.12,烽火电子,计算机、通信和其他电子设备制造业,主板,7.772500000000026,7.722499999999999,7.3549999999999995,7.160625000000001,6.942978723404263
561,2022-06-10,7.54,7.6,7.65,7.43,7.55,70995.3,53575800.0,7.74,7.62,7.071000000000003,6.78,6.99,61.61,0.29,0.21,0.08,烽火电子,计算机、通信和其他电子设备制造业,主板,7.702500000000026,7.73875,7.454166666666666,7.226875000000001,6.952978723404263
561,2022-06-13,7.58,7.58,7.59,7.44,7.6,58930.9,44330200.0,7.68,7.7,7.130000000000004,6.83,7.0,60.97,0.27,0.22,0.05,烽火电子,计算机、通信和其他电子设备制造业,主板,7.6300000000000265,7.73875,7.538333333333331,7.296250000000001,6.9604255319149
561,2022-06-14,7.73,7.51,7.75,7.28,7.58,81839.2,61015600.0,7.61,7.7,7.184500000000004,6.87,7.0,58.66,0.26,0.23,0.03,烽火电子,计算机、通信和其他电子设备制造业,主板,7.560000000000027,7.71375,7.6049999999999995,7.353125000000001,6.9682978723404325
561,2022-06-15,7.52,7.44,7.58,7.39,7.51,60459.6,45235100.0,7.54,7.69,7.235000000000004,6.92,7.01,56.37,0.23,0.23,0.0,烽火电子,计算机、通信和其他电子设备制造业,主板,7.532500000000026,7.652500000000001,7.659166666666665,7.399375000000001,6.974042553191496
561,2022-06-16,7.44,7.45,7.56,7.37,7.44,44698.6,33378100.0,7.52,7.66,7.2805000000000035,6.97,7.02,56.63,0.22,0.23,-0.01,烽火电子,计算机、通信和其他电子设备制造业,主板,7.495000000000026,7.59875,7.657499999999999,7.464375000000001,6.977872340425539
561,2022-06-17,7.49,7.42,7.49,7.29,7.45,38314.5,28292300.0,7.48,7.61,7.328000000000003,7.01,7.03,55.56,0.19,0.22,-0.03,烽火电子,计算机、通信和其他电子设备制造业,主板,7.455000000000027,7.5424999999999995,7.644166666666666,7.517500000000002,6.981489361702135
561,2022-06-20,7.38,7.38,7.45,7.3,7.42,39510.0,29178100.0,7.44,7.56,7.367000000000003,7.05,7.03,54.09,0.18,0.21,-0.03,烽火电子,计算机、通信和其他电子设备制造业,主板,7.422500000000028,7.49125,7.616666666666666,7.559375000000002,6.982127659574474
561,2022-06-21,7.4,7.45,7.64,7.3,7.38,90493.7,67650000.0,7.43,7.52,7.404500000000003,7.09,7.04,56.27,0.16,0.2,-0.04,烽火电子,计算机、通信和其他电子设备制造业,主板,7.425000000000028,7.47875,7.576666666666665,7.600625000000002,6.989574468085112
561,2022-06-22,7.4,7.19,7.43,7.18,7.45,64070.3,46662000.0,7.38,7.46,7.443500000000003,7.12,7.04,47.28,0.13,0.19,-0.06,烽火电子,计算机、通信和其他电子设备制造业,主板,7.360000000000029,7.427499999999999,7.519166666666666,7.583125000000003,6.986170212765963
561,2022-06-23,7.18,7.46,7.47,7.15,7.19,53569.0,39326700.0,7.38,7.45,7.488000000000004,7.16,7.04,55.27,0.13,0.18,-0.05,烽火电子,计算机、通信和其他电子设备制造业,主板,7.370000000000028,7.4125,7.4849999999999985,7.575625000000003,6.989574468085111
561,2022-06-24,7.56,7.6,7.68,7.48,7.46,72452.5,54999900.0,7.42,7.45,7.532500000000003,7.2,7.05,58.76,0.13,0.17,-0.04,烽火电子,计算机、通信和其他电子设备制造业,主板,7.425000000000028,7.423749999999999,7.469166666666664,7.568750000000004,6.994893617021281
561,2022-06-27,7.55,7.55,7.69,7.52,7.6,48306.1,36586300.0,7.45,7.44,7.5705000000000044,7.24,7.05,57.05,0.13,0.16,-0.03,烽火电子,计算机、通信和其他电子设备制造业,主板,7.450000000000029,7.4375,7.469166666666664,7.5450000000000035,7.003191489361707
561,2022-06-28,7.52,8.31,8.31,7.51,7.55,161948.0,131396000.0,7.62,7.52,7.612500000000004,7.3,7.07,70.92,0.18,0.16,0.02,烽火电子,计算机、通信和其他电子设备制造业,主板,7.730000000000028,7.545,7.5283333333333315,7.571875000000004,7.0180851063829826
561,2022-06-29,8.29,8.04,8.57,8.0,8.31,330420.0,272266000.0,7.79,7.58,7.635500000000003,7.35,7.09,63.12,0.21,0.17,0.04,烽火电子,计算机、通信和其他电子设备制造业,主板,7.875000000000027,7.6225000000000005,7.566666666666664,7.582500000000003,7.027446808510643
561,2022-06-30,8.12,8.13,8.32,7.94,8.04,157243.0,127229000.0,7.93,7.65,7.656500000000003,7.4,7.1,64.52,0.23,0.18,0.05,烽火电子,计算机、通信和其他电子设备制造业,主板,8.007500000000027,7.71625,7.61833333333333,7.6037500000000025,7.036808510638302
561,2022-07-01,8.12,7.9,8.15,7.85,8.13,104512.0,83355300.0,7.99,7.7,7.655000000000003,7.45,7.11,58.42,0.23,0.19,0.04,烽火电子,计算机、通信和其他电子设备制造业,主板,8.095000000000027,7.772499999999999,7.656666666666664,7.625625000000002,7.049148936170217
561,2022-07-04,7.9,7.94,7.98,7.75,7.9,73948.2,58473600.0,8.06,7.76,7.658000000000003,7.5,7.13,59.14,0.23,0.2,0.03,烽火电子,计算机、通信和其他电子设备制造业,主板,8.002500000000026,7.866249999999999,7.697499999999997,7.646875000000003,7.070000000000004
561,2022-07-05,7.93,7.76,7.93,7.65,7.94,77864.0,60376700.0,7.95,7.79,7.652500000000002,7.53,7.13,54.54,0.2,0.2,0.0,烽火电子,计算机、通信和其他电子设备制造业,主板,7.932500000000026,7.90375,7.72583333333333,7.658125000000003,7.098297872340429
561,2022-07-06,7.79,7.94,8.26,7.67,7.76,111175.0,88680200.0,7.93,7.86,7.660000000000002,7.58,7.15,58.05,0.21,0.2,0.01,烽火电子,计算机、通信和其他电子设备制造业,主板,7.885000000000025,7.94625,7.772499999999997,7.685000000000003,7.1378723404255355
561,2022-07-07,7.81,8.53,8.73,7.81,7.94,473900.0,407829000.0,8.01,7.97,7.709000000000001,7.65,7.17,67.05,0.25,0.21,0.04,烽火电子,计算机、通信和其他电子设备制造业,主板,8.042500000000025,8.06875,7.862499999999997,7.7531250000000025,7.18553191489362
561,2022-07-08,8.29,8.12,8.43,8.06,8.53,312328.0,255137000.0,8.06,8.02,7.735000000000002,7.7,7.18,57.78,0.24,0.22,0.02,烽火电子,计算机、通信和其他电子设备制造业,主板,8.087500000000025,8.045,7.939999999999998,7.795000000000003,7.231702127659577
561,2022-07-11,8.1,7.93,8.13,7.83,8.12,120525.0,95257700.0,8.06,8.06,7.752500000000002,7.73,7.19,54.05,0.23,0.22,0.01,烽火电子,计算机、通信和其他电子设备制造业,主板,8.130000000000026,8.03125,7.979166666666665,7.826875000000002,7.270000000000004
561,2022-07-12,7.9,7.83,8.05,7.82,7.93,109205.0,86501100.0,8.07,8.01,7.768500000000003,7.75,7.2,52.14,0.2,0.22,-0.02,烽火电子,计算机、通信和其他电子设备制造业,主板,8.102500000000026,7.9937499999999995,7.998333333333332,7.855000000000002,7.304255319148939
561,2022-07-13,7.88,7.98,7.98,7.8,7.83,84127.9,66419700.0,8.08,8.01,7.795500000000002,7.76,7.21,54.72,0.19,0.21,-0.02,烽火电子,计算机、通信和其他电子设备制造业,主板,7.965000000000025,8.003749999999998,8.034166666666666,7.888125000000001,7.343617021276599
561,2022-07-14,7.93,7.91,8.04,7.85,7.98,78182.0,62046400.0,7.95,7.98,7.818500000000003,7.77,7.22,53.28,0.17,0.2,-0.03,烽火电子,计算机、通信和其他电子设备制造业,主板,7.9125000000000245,7.999999999999998,8.000833333333333,7.933125000000002,7.378085106382982
561,2022-07-15,7.89,7.54,7.9,7.54,7.91,107168.0,82013400.0,7.84,7.95,7.824500000000003,7.75,7.22,46.32,0.13,0.19,-0.06,烽火电子,计算机、通信和其他电子设备制造业,主板,7.815000000000024,7.972499999999999,7.959166666666666,7.938125000000002,7.403404255319152
561,2022-07-18,7.54,7.79,7.83,7.53,7.54,56365.6,43452400.0,7.81,7.93,7.845000000000003,7.75,7.23,50.98,0.11,0.17,-0.06,烽火电子,计算机、通信和其他电子设备制造业,主板,7.805000000000025,7.953749999999999,7.930833333333333,7.950000000000003,7.435957446808515
561,2022-07-19,7.79,8.05,8.26,7.72,7.79,126865.0,102363000.0,7.85,7.96,7.875000000000004,7.76,7.23,55.32,0.12,0.16,-0.04,烽火电子,计算机、通信和其他电子设备制造业,主板,7.822500000000024,7.893749999999999,7.9433333333333325,7.981250000000004,7.471276595744685
561,2022-07-20,8.11,8.4,8.45,8.05,8.05,167484.0,138961000.0,7.94,8.01,7.935500000000005,7.78,7.25,60.41,0.15,0.16,-0.01,烽火电子,计算机、通信和其他电子设备制造业,主板,7.945000000000024,7.92875,7.9816666666666665,7.986875000000003,7.513829787234047
561,2022-07-21,8.37,8.24,8.39,8.16,8.4,116787.0,96329500.0,8.0,7.98,7.974500000000004,7.8,7.27,57.2,0.16,0.16,0.0,烽火电子,计算机、通信和其他电子设备制造业,主板,8.120000000000024,7.9675,8.021666666666667,7.999375000000004,7.552553191489366
561,2022-07-22,8.35,8.49,8.95,8.25,8.24,166829.0,142425000.0,8.19,8.02,8.019000000000005,7.83,7.31,60.71,0.18,0.16,0.02,烽火电子,计算机、通信和其他电子设备制造业,主板,8.295000000000025,8.05,8.067499999999999,8.021875000000005,7.596382978723408
561,2022-07-25,8.58,8.25,8.64,8.22,8.49,99807.2,83511900.0,8.29,8.05,8.054000000000006,7.85,7.34,55.97,0.19,0.17,0.02,烽火电子,计算机、通信和其他电子设备制造业,主板,8.345000000000024,8.08375,8.044166666666666,8.043750000000005,7.6327659574468125
561,2022-07-26,8.21,8.31,8.31,8.14,8.25,58132.9,47936700.0,8.34,8.1,8.054000000000006,7.88,7.38,56.87,0.19,0.17,0.02,烽火电子,计算机、通信和其他电子设备制造业,主板,8.322500000000025,8.133750000000001,8.059999999999999,8.066875000000005,7.671914893617025
561,2022-07-27,8.28,8.56,8.68,8.26,8.31,111065.0,94734400.0,8.37,8.15,8.080000000000005,7.92,7.42,60.52,0.2,0.18,0.02,烽火电子,计算机、通信和其他电子设备制造业,主板,8.402500000000025,8.26125,8.112499999999999,8.116875000000006,7.713617021276598
561,2022-07-28,8.58,8.51,8.62,8.43,8.56,78242.0,66534700.0,8.42,8.21,8.099000000000006,7.95,7.46,59.44,0.22,0.19,0.03,烽火电子,计算机、通信和其他电子设备制造业,主板,8.407500000000024,8.35125,8.169166666666667,8.152500000000005,7.752127659574471
561,2022-07-29,8.51,8.37,8.53,8.34,8.51,67370.9,56684500.0,8.4,8.3,8.122500000000006,7.98,7.5,56.4,0.21,0.19,0.02,烽火电子,计算机、通信和其他电子设备制造业,主板,8.437500000000023,8.391250000000001,8.201666666666666,8.142500000000005,7.793829787234045
561,2022-08-01,8.51,8.4,8.66,8.27,8.37,76227.8,64214500.0,8.43,8.36,8.145500000000006,8.02,7.53,56.9,0.21,0.2,0.01,烽火电子,计算机、通信和其他电子设备制造业,主板,8.460000000000022,8.391250000000001,8.242500000000001,8.160000000000005,7.832765957446811
561,2022-08-02,8.4,8.14,8.7,8.02,8.4,157696.0,130117000.0,8.4,8.37,8.164500000000007,8.04,7.56,51.31,0.18,0.19,-0.01,烽火电子,计算机、通信和其他电子设备制造业,主板,8.355000000000022,8.378750000000002,8.2925,8.173125000000006,7.8631914893617045
561,2022-08-03,7.92,8.55,8.69,7.92,8.14,233665.0,198398000.0,8.39,8.38,8.195000000000007,8.08,7.6,58.28,0.19,0.19,0.0,烽火电子,计算机、通信和其他电子设备制造业,主板,8.365000000000022,8.386250000000002,8.355833333333333,8.218125000000006,7.900638297872343
561,2022-08-04,8.4,8.3,8.66,8.21,8.55,136691.0,114326000.0,8.35,8.39,8.183500000000008,8.11,7.63,53.27,0.17,0.19,-0.02,烽火电子,计算机、通信和其他电子设备制造业,主板,8.347500000000023,8.392500000000002,8.376666666666667,8.238125000000007,7.918297872340427
561,2022-08-05,8.37,8.5,8.83,8.27,8.3,153634.0,130204000.0,8.38,8.39,8.202500000000008,8.14,7.67,56.49,0.18,0.19,-0.01,烽火电子,计算机、通信和其他电子设备制造业,主板,8.372500000000024,8.416250000000002,8.385,8.275000000000007,7.937872340425534
561,2022-08-08,8.52,9.35,9.35,8.42,8.5,153386.0,139694000.0,8.57,8.5,8.273500000000007,8.2,7.72,66.92,0.24,0.2,0.04,烽火电子,计算机、通信和其他电子设备制造业,主板,8.675000000000024,8.515,8.4775,8.388125000000008,7.9727659574468115
561,2022-08-09,9.6,10.29,10.29,9.35,9.35,290099.0,284142000.0,9.0,8.7,8.396500000000007,8.27,7.78,74.27,0.37,0.23,0.14,烽火电子,计算机、通信和其他电子设备制造业,主板,9.110000000000024,8.737499999999999,8.6275,8.544375000000008,8.02297872340426
561,2022-08-10,10.59,10.1,11.32,10.01,10.29,1101500.0,1166050000.0,9.31,8.85,8.502500000000007,8.34,7.84,70.84,0.44,0.27,0.17,烽火电子,计算机、通信和其他电子设备制造业,主板,9.560000000000024,8.953749999999998,8.781666666666665,8.672500000000007,8.07021276595745
561,2022-08-11,9.82,9.8,10.29,9.62,10.1,785607.0,774708000.0,9.61,8.98,8.597000000000007,8.39,7.9,65.69,0.48,0.31,0.17,烽火电子,计算机、通信和其他电子设备制造业,主板,9.885000000000023,9.128749999999997,8.905833333333332,8.760000000000007,8.111276595744686
561,2022-08-12,9.59,9.59,10.0,9.38,9.8,671801.0,650421000.0,9.83,9.1,8.699500000000008,8.45,7.95,62.28,0.49,0.35,0.14,烽火电子,计算机、通信和其他电子设备制造业,主板,9.945000000000023,9.309999999999997,8.991666666666665,8.844375000000007,8.14957446808511
561,2022-08-15,9.48,9.3,9.48,9.15,9.59,505508.0,469422000.0,9.82,9.19,8.77500000000001,8.49,8.0,57.81,0.46,0.37,0.09,烽火电子,计算机、通信和其他电子设备制造业,主板,9.697500000000025,9.403749999999997,9.057499999999997,8.895000000000007,8.1868085106383
561,2022-08-16,9.32,9.22,9.5,9.15,9.3,373997.0,347687000.0,9.6,9.3,8.833500000000008,8.54,8.04,56.6,0.43,0.38,0.05,烽火电子,计算机、通信和其他电子设备制造业,主板,9.477500000000024,9.518749999999997,9.12833333333333,8.955625000000007,8.221276595744683
561,2022-08-17,9.12,9.24,9.29,9.01,9.22,296795.0,271836000.0,9.43,9.37,8.875500000000008,8.59,8.08,56.85,0.4,0.39,0.01,烽火电子,计算机、通信和其他电子设备制造业,主板,9.337500000000023,9.611249999999997,9.198333333333329,9.013750000000007,8.256595744680855
561,2022-08-18,9.21,9.52,9.52,9.02,9.24,493947.0,459870000.0,9.37,9.49,8.939500000000008,8.62,8.13,60.2,0.39,0.39,0.0,烽火电子,计算机、通信和其他电子设备制造业,主板,9.320000000000022,9.632499999999997,9.313333333333329,9.073750000000008,8.299361702127664
561,2022-08-19,9.41,9.22,9.61,9.18,9.52,354512.0,332226000.0,9.3,9.56,8.976000000000008,8.66,8.18,55.25,0.36,0.38,-0.02,烽火电子,计算机、通信和其他电子设备制造业,主板,9.300000000000022,9.498749999999998,9.369166666666663,9.118125000000008,8.337234042553195
561,2022-08-22,9.18,8.86,9.2,8.8,9.22,213171.0,189601000.0,9.21,9.51,9.006500000000008,8.69,8.21,49.94,0.3,0.37,-0.07,烽火电子,计算机、通信和其他电子设备制造业,主板,9.210000000000022,9.343749999999998,9.41583333333333,9.148750000000007,8.367234042553196
561,2022-08-23,8.87,8.97,9.0,8.74,8.86,180330.0,159712000.0,9.16,9.38,9.039500000000007,8.72,8.24,51.47,0.27,0.35,-0.08,烽火电子,计算机、通信和其他电子设备制造业,主板,9.142500000000021,9.239999999999998,9.454999999999997,9.184375000000006,8.400212765957452
561,2022-08-24,9.03,8.43,9.08,8.41,8.97,219330.0,189811000.0,9.0,9.22,9.033000000000008,8.74,8.25,44.29,0.18,0.31,-0.13,烽火电子,计算机、通信和其他电子设备制造业,主板,8.870000000000022,9.094999999999999,9.37833333333333,9.202500000000008,8.422553191489367
561,2022-08-25,8.43,8.01,8.51,7.97,8.43,254119.0,207419000.0,8.7,9.04,9.008000000000008,8.74,8.25,39.66,0.09,0.27,-0.18,烽火电子,计算机、通信和其他电子设备制造业,主板,8.567500000000022,8.93375,9.18833333333333,9.168750000000006,8.434468085106388
561,2022-08-26,8.0,7.91,8.12,7.83,8.01,148468.0,118274000.0,8.44,8.87,8.985000000000008,8.76,8.25,38.63,0.0,0.21,-0.21,烽火电子,计算机、通信和其他电子设备制造业,主板,8.330000000000023,8.77,9.00583333333333,9.144375000000005,8.449787234042558
561,2022-08-29,7.73,7.91,7.97,7.7,7.91,102157.0,80555100.0,8.25,8.73,8.960500000000007,8.76,8.25,38.63,-0.06,0.16,-0.22,烽火电子,计算机、通信和其他电子设备制造业,主板,8.065000000000023,8.60375,8.848333333333331,9.107500000000005,8.459361702127666
561,2022-08-30,7.91,7.86,7.97,7.81,7.91,81903.0,64536100.0,8.02,8.59,8.94650000000001,8.75,8.25,38.05,-0.12,0.1,-0.22,烽火电子,计算机、通信和其他电子设备制造业,主板,7.9225000000000225,8.39625,8.704166666666664,9.014375000000006,8.464893617021284
561,2022-08-31,7.84,7.61,7.92,7.58,7.86,117774.0,90711400.0,7.86,8.43,8.899500000000009,8.73,8.25,35.22,-0.17,0.05,-0.22,烽火电子,计算机、通信和其他电子设备制造业,主板,7.822500000000023,8.195,8.56333333333333,8.846875000000008,8.466170212765965
561,2022-09-01,7.61,7.68,7.69,7.58,7.61,71387.8,54603200.0,7.79,8.25,8.868500000000008,8.71,8.25,36.64,-0.22,0.0,-0.22,烽火电子,计算机、通信和其他电子设备制造业,主板,7.765000000000023,8.047500000000001,8.434999999999997,8.695625000000009,8.452765957446815
561,2022-09-02,7.66,8.45,8.45,7.64,7.68,173806.0,140603000.0,7.9,8.17,8.866000000000009,8.71,8.27,49.71,-0.19,-0.04,-0.15,烽火电子,计算机、通信和其他电子设备制造业,主板,7.900000000000023,7.982500000000002,8.369166666666665,8.611250000000007,8.461489361702133
561,2022-09-05,8.66,8.38,8.96,8.36,8.45,422178.0,362198000.0,8.0,8.12,8.817500000000008,8.71,8.28,48.72,-0.16,-0.07,-0.09,烽火电子,计算机、通信和其他电子设备制造业,主板,8.030000000000022,7.976250000000001,8.274166666666664,8.535625000000007,8.466808510638304
561,2022-09-06,8.3,8.45,8.59,8.21,8.38,247258.0,208582000.0,8.11,8.07,8.725500000000007,8.72,8.3,49.79,-0.14,-0.08,-0.06,烽火电子,计算机、通信和其他电子设备制造业,主板,8.240000000000023,8.03125,8.209999999999999,8.482500000000005,8.478510638297879
561,2022-09-07,8.36,8.34,8.54,8.25,8.45,197170.0,164691000.0,8.26,8.06,8.637500000000008,8.71,8.31,48.09,-0.13,-0.09,-0.04,烽火电子,计算机、通信和其他电子设备制造业,主板,8.405000000000024,8.085,8.166666666666666,8.427500000000006,8.487021276595751
561,2022-09-08,8.33,8.37,8.47,8.25,8.34,148337.0,124209000.0,8.4,8.1,8.566000000000008,8.7,8.33,48.61,-0.12,-0.1,-0.02,烽火电子,计算机、通信和其他电子设备制造业,主板,8.385000000000023,8.142500000000002,8.116666666666665,8.373125000000005,8.500000000000005
561,2022-09-09,8.36,8.18,8.36,8.11,8.37,122989.0,100758000.0,8.34,8.12,8.495500000000009,8.7,8.34,45.53,-0.12,-0.1,-0.02,烽火电子,计算机、通信和其他电子设备制造业,主板,8.335000000000022,8.182500000000003,8.095833333333331,8.289375000000005,8.50510638297873
561,2022-09-13,8.28,8.36,8.42,8.21,8.18,118199.0,98307800.0,8.34,8.17,8.448500000000006,8.7,8.36,48.84,-0.1,-0.1,0.0,烽火电子,计算机、通信和其他电子设备制造业,主板,8.312500000000021,8.276250000000003,8.124999999999998,8.235625000000004,8.501489361702134
561,2022-09-14,8.2,8.25,8.37,8.15,8.36,100294.0,82751000.0,8.3,8.21,8.400000000000007,8.7,8.37,46.96,-0.1,-0.1,0.0,烽火电子,计算机、通信和其他电子设备制造业,主板,8.29000000000002,8.347500000000004,8.15333333333333,8.197500000000005,8.504255319148943
561,2022-09-15,8.28,7.93,8.34,7.81,8.25,138596.0,111047000.0,8.22,8.24,8.334500000000007,8.68,8.38,41.91,-0.12,-0.1,-0.02,烽火电子,计算机、通信和其他电子设备制造业,主板,8.180000000000021,8.282500000000004,8.155,8.132500000000006,8.504255319148943
561,2022-09-16,7.94,8.0,8.26,7.91,7.93,166093.0,134744000.0,8.14,8.27,8.258500000000007,8.67,8.39,43.35,-0.14,-0.11,-0.03,烽火电子,计算机、通信和其他电子设备制造业,主板,8.135000000000021,8.235000000000005,8.166666666666666,8.105625000000005,8.50787234042554
561,2022-09-19,7.99,8.05,8.22,7.91,8.0,141476.0,114422000.0,8.12,8.23,8.200000000000006,8.65,8.4,44.4,-0.13,-0.12,-0.01,烽火电子,计算机、通信和其他电子设备制造业,主板,8.057500000000022,8.185000000000004,8.203333333333331,8.108125000000006,8.509361702127666
561,2022-09-20,8.13,8.15,8.24,8.03,8.05,123773.0,100787000.0,8.08,8.21,8.164500000000007,8.61,8.41,46.55,-0.13,-0.12,-0.01,烽火电子,计算机、通信和其他电子设备制造业,主板,8.032500000000022,8.161250000000004,8.2425,8.123125000000007,8.514468085106389
561,2022-09-21,8.11,8.12,8.18,7.83,8.15,119674.0,95910700.0,8.05,8.18,8.122000000000007,8.54,8.41,45.98,-0.13,-0.12,-0.01,烽火电子,计算机、通信和其他电子设备制造业,主板,8.080000000000021,8.130000000000004,8.215,8.136250000000008,8.526808510638304
561,2022-09-22,8.13,8.3,8.42,8.08,8.12,222268.0,184861000.0,8.12,8.17,8.115500000000008,8.48,8.41,49.96,-0.11,-0.12,0.01,烽火电子,计算机、通信和其他电子设备制造业,主板,8.155000000000022,8.145000000000003,8.208333333333334,8.163750000000007,8.53765957446809
561,2022-09-23,8.24,7.95,8.42,7.93,8.3,170177.0,138327000.0,8.11,8.13,8.112500000000008,8.42,8.41,43.28,-0.12,-0.12,0.0,烽火电子,计算机、通信和其他电子设备制造业,主板,8.130000000000024,8.093750000000004,8.166666666666666,8.185000000000006,8.535531914893623
561,2022-09-26,7.94,7.52,7.94,7.47,7.95,141931.0,108683000.0,8.01,8.06,8.093000000000007,8.35,8.4,36.77,-0.16,-0.13,-0.03,烽火电子,计算机、通信和其他电子设备制造业,主板,7.972500000000023,8.002500000000003,8.098333333333333,8.175000000000006,8.516808510638302
561,2022-09-27,7.59,7.67,7.78,7.48,7.52,98181.9,74777500.0,7.91,7.99,8.081000000000007,8.3,8.4,40.15,-0.18,-0.14,-0.04,烽火电子,计算机、通信和其他电子设备制造业,主板,7.860000000000024,7.970000000000003,8.04,8.126250000000006,8.504680851063835
561,2022-09-28,7.66,7.48,7.82,7.47,7.67,99941.0,76012400.0,7.78,7.92,8.062000000000006,8.24,8.39,37.42,-0.2,-0.15,-0.05,烽火电子,计算机、通信和其他电子设备制造业,主板,7.655000000000025,7.905000000000003,7.9816666666666665,8.070000000000006,8.483191489361708
561,2022-09-29,7.54,7.33,7.63,7.27,7.48,89129.9,66392200.0,7.59,7.86,8.048000000000005,8.18,8.38,35.38,-0.24,-0.17,-0.07,烽火电子,计算机、通信和其他电子设备制造业,主板,7.500000000000026,7.815000000000003,7.895833333333333,8.000000000000007,8.463617021276601
561,2022-09-30,7.31,7.3,7.45,7.26,7.33,62761.1,46119400.0,7.46,7.79,8.029000000000007,8.1,8.36,34.97,-0.26,-0.19,-0.07,烽火电子,计算机、通信和其他电子设备制造业,主板,7.445000000000026,7.708750000000003,7.816666666666666,7.935000000000008,8.442127659574474
561,2022-10-10,7.34,7.1,7.39,7.08,7.3,65780.3,47442700.0,7.38,7.69,7.961500000000006,8.03,8.34,32.27,-0.29,-0.21,-0.08,烽火电子,计算机、通信和其他电子设备制造业,主板,7.302500000000025,7.581250000000003,7.7475,7.855625000000007,8.41106382978724
561,2022-10-11,7.11,7.11,7.15,7.04,7.1,53706.1,38107900.0,7.26,7.59,7.898000000000008,7.97,8.33,32.55,-0.32,-0.23,-0.09,烽火电子,计算机、通信和其他电子设备制造业,主板,7.210000000000025,7.4325000000000045,7.673333333333333,7.788750000000007,8.381276595744687
561,2022-10-12,7.11,7.41,7.44,7.07,7.11,97143.6,70355200.0,7.25,7.52,7.846000000000008,7.92,8.32,40.5,-0.3,-0.24,-0.06,烽火电子,计算机、通信和其他电子设备制造业,主板,7.230000000000025,7.365000000000004,7.62,7.729375000000007,8.360851063829793
561,2022-10-13,7.41,7.48,7.58,7.37,7.41,94270.3,70750500.0,7.28,7.44,7.803000000000007,7.89,8.31,42.21,-0.29,-0.25,-0.04,烽火电子,计算机、通信和其他电子设备制造业,主板,7.275000000000026,7.360000000000005,7.564166666666666,7.6812500000000075,8.341276595744688
561,2022-10-14,7.52,7.65,7.66,7.5,7.48,79432.1,60477500.0,7.35,7.4,7.7670000000000075,7.88,8.31,46.25,-0.26,-0.25,-0.01,烽火电子,计算机、通信和其他电子设备制造业,主板,7.412500000000026,7.357500000000005,7.5249999999999995,7.663750000000007,8.330851063829794
561,2022-10-17,7.76,8.04,8.33,7.71,7.65,216463.0,174073000.0,7.54,7.46,7.760000000000007,7.88,8.32,54.16,-0.2,-0.24,0.04,烽火电子,计算机、通信和其他电子设备制造业,主板,7.645000000000026,7.427500000000004,7.503333333333334,7.666250000000007,8.320000000000007
561,2022-10-18,8.0,7.95,8.02,7.84,8.04,135197.0,107384000.0,7.71,7.48,7.739500000000007,7.88,8.32,52.25,-0.16,-0.23,0.07,烽火电子,计算机、通信和其他电子设备制造业,主板,7.780000000000027,7.505000000000004,7.503333333333334,7.660000000000006,8.31255319148937
561,2022-10-19,8.01,7.95,8.02,7.84,7.95,92917.0,73788000.0,7.81,7.53,7.724500000000006,7.89,8.32,52.25,-0.12,-0.21,0.09,烽火电子,计算机、通信和其他电子设备制造业,主板,7.897500000000027,7.586250000000005,7.5391666666666675,7.647500000000006,8.300851063829795
561,2022-10-20,7.9,7.98,8.12,7.8,7.95,109248.0,87038800.0,7.91,7.6,7.727000000000006,7.9,8.31,52.9,-0.09,-0.18,0.09,烽火电子,计算机、通信和其他电子设备制造业,主板,7.980000000000027,7.696250000000005,7.565000000000001,7.638750000000005,8.271702127659582
561,2022-10-21,7.98,8.1,8.13,7.93,7.98,89291.5,71893000.0,8.0,7.68,7.732000000000005,7.91,8.31,55.48,-0.06,-0.16,0.1,烽火电子,计算机、通信和其他电子设备制造业,主板,7.995000000000028,7.820000000000006,7.616666666666667,7.626250000000005,8.22510638297873
561,2022-10-24,8.1,8.12,8.24,8.03,8.1,115844.0,94509100.0,8.02,7.78,7.7355000000000045,7.9,8.3,55.91,-0.03,-0.13,0.1,烽火电子,计算机、通信和其他电子设备制造业,主板,8.037500000000026,7.908750000000007,7.682500000000001,7.636875000000004,8.182978723404261
561,2022-10-25,8.05,8.13,8.19,7.97,8.12,108068.0,87598100.0,8.06,7.88,7.734500000000004,7.89,8.3,56.14,-0.01,-0.11,0.1,烽火电子,计算机、通信和其他电子设备制造业,主板,8.082500000000026,7.9900000000000055,7.751666666666668,7.675000000000005,8.147446808510644
561,2022-10-26,8.18,8.33,8.34,8.1,8.13,114330.0,94517300.0,8.13,7.97,7.7450000000000045,7.89,8.3,60.57,0.03,-0.08,0.11,烽火电子,计算机、通信和其他电子设备制造业,主板,8.170000000000027,8.075000000000005,7.854166666666668,7.716250000000005,8.120638297872347
561,2022-10-27,8.46,8.19,8.49,8.16,8.33,128055.0,106097000.0,8.17,8.04,7.739500000000004,7.88,8.3,56.29,0.04,-0.06,0.1,烽火电子,计算机、通信和其他电子设备制造业,主板,8.192500000000026,8.093750000000004,7.944166666666668,7.760625000000005,8.09702127659575
561,2022-10-28,8.17,7.91,8.19,7.86,8.19,125007.0,100337000.0,8.14,8.07,7.737500000000004,7.87,8.29,48.84,0.04,-0.04,0.08,烽火电子,计算机、通信和其他电子设备制造业,主板,8.140000000000027,8.088750000000003,7.985833333333335,7.796875000000006,8.069148936170219
561,2022-10-31,7.75,8.12,8.18,7.75,7.91,94625.1,76198200.0,8.14,8.08,7.767500000000004,7.87,8.28,53.78,0.04,-0.02,0.06,烽火电子,计算机、通信和其他电子设备制造业,主板,8.137500000000026,8.110000000000003,8.039166666666668,7.848125000000006,8.045319148936176
561,2022-11-01,8.16,8.11,8.22,8.02,8.12,84634.0,68520700.0,8.13,8.09,7.789500000000006,7.86,8.28,53.51,0.04,-0.01,0.05,烽火电子,计算机、通信和其他电子设备制造业,主板,8.082500000000026,8.126250000000002,8.0775,7.911250000000006,8.015319148936177
561,2022-11-02,8.13,8.09,8.17,8.05,8.11,73294.4,59416900.0,8.08,8.11,7.820000000000006,7.85,8.28,52.95,0.05,0.0,0.05,烽火电子,计算机、通信和其他电子设备制造业,主板,8.057500000000026,8.125000000000004,8.081666666666669,7.972500000000006,7.9912765957446865
561,2022-11-03,8.05,8.19,8.25,8.01,8.09,91993.7,75001300.0,8.08,8.13,7.863000000000005,7.86,8.27,55.47,0.06,0.01,0.05,烽火电子,计算机、通信和其他电子设备制造业,主板,8.127500000000026,8.133750000000003,8.101666666666668,8.021250000000007,7.9770212765957496
561,2022-11-04,8.19,8.24,8.24,8.11,8.19,103882.0,85137900.0,8.15,8.14,7.9100000000000055,7.87,8.27,56.72,0.07,0.03,0.04,烽火电子,计算机、通信和其他电子设备制造业,主板,8.157500000000027,8.147500000000003,8.125833333333334,8.068750000000009,7.9614893617021325
561,2022-11-07,8.3,8.13,8.39,8.12,8.24,96758.2,79173100.0,8.15,8.14,7.961500000000005,7.87,8.26,53.19,0.06,0.03,0.03,烽火电子,计算机、通信和其他电子设备制造业,主板,8.162500000000028,8.122500000000002,8.138333333333334,8.098750000000008,7.955106382978728
561,2022-11-08,8.09,8.12,8.2,8.07,8.13,69380.0,56326300.0,8.15,8.14,8.012000000000004,7.87,8.24,52.87,0.07,0.04,0.03,烽火电子,计算机、通信和其他电子设备制造业,主板,8.170000000000027,8.113750000000003,8.14,8.103750000000009,7.957446808510643
561,2022-11-09,8.2,8.12,8.27,8.1,8.12,72780.7,59423800.0,8.16,8.12,8.047500000000005,7.87,8.21,52.87,0.06,0.04,0.02,烽火电子,计算机、通信和其他电子设备制造业,主板,8.152500000000027,8.140000000000004,8.14,8.11437500000001,7.961914893617026
561,2022-11-10,8.07,7.91,8.13,7.89,8.12,99766.1,79619100.0,8.1,8.09,8.069000000000006,7.86,8.17,46.07,0.04,0.04,0.0,烽火电子,计算机、通信和其他电子设备制造业,主板,8.070000000000027,8.113750000000003,8.121666666666668,8.11187500000001,7.961914893617026
561,2022-11-11,8.02,8.0,8.12,7.93,7.91,93527.7,75084300.0,8.06,8.1,8.086500000000004,7.86,8.14,49.09,0.03,0.04,-0.01,烽火电子,计算机、通信和其他电子设备制造业,主板,8.037500000000026,8.100000000000003,8.094166666666668,8.11312500000001,7.96489361702128
561,2022-11-14,8.01,8.07,8.2,7.92,8.0,97274.5,78697200.0,8.04,8.1,8.088000000000005,7.88,8.11,51.37,0.03,0.04,-0.01,烽火电子,计算机、通信和其他电子设备制造业,主板,8.025000000000027,8.097500000000004,8.084166666666668,8.11125000000001,7.974680851063834
561,2022-11-15,8.06,8.29,8.29,8.0,8.07,131253.0,108039000.0,8.08,8.12,8.105000000000006,7.9,8.1,57.77,0.05,0.04,0.01,烽火电子,计算机、通信和其他电子设备制造业,主板,8.067500000000027,8.110000000000003,8.115833333333335,8.12187500000001,7.987659574468089
561,2022-11-16,8.3,8.31,8.45,8.24,8.29,130976.0,109151000.0,8.12,8.14,8.123000000000006,7.93,8.08,58.31,0.06,0.04,0.02,烽火电子,计算机、通信和其他电子设备制造业,主板,8.167500000000029,8.118750000000004,8.131666666666668,8.13312500000001,7.984680851063834
561,2022-11-17,8.32,8.45,8.46,8.2,8.31,111836.0,93270000.0,8.22,8.16,8.146500000000007,7.96,8.07,61.96,0.08,0.05,0.03,烽火电子,计算机、通信和其他电子设备制造业,主板,8.28000000000003,8.158750000000005,8.160000000000002,8.140625000000009,7.986170212765962
561,2022-11-18,8.5,8.23,8.53,8.22,8.45,91058.0,75974800.0,8.27,8.16,8.153000000000006,7.99,8.05,53.97,0.08,0.06,0.02,烽火电子,计算机、通信和其他电子设备制造业,主板,8.32000000000003,8.172500000000005,8.171666666666669,8.143125000000008,7.981489361702132
561,2022-11-21,8.17,8.25,8.32,8.11,8.23,63144.3,52004200.0,8.31,8.18,8.159500000000005,8.03,8.03,54.54,0.08,0.06,0.02,烽火电子,计算机、通信和其他电子设备制造业,主板,8.31000000000003,8.188750000000004,8.176666666666668,8.164375000000009,7.9795744680851115
561,2022-11-22,8.19,8.14,8.36,8.13,8.25,84989.0,69938400.0,8.28,8.18,8.160000000000005,8.07,8.02,50.79,0.07,0.06,0.01,烽火电子,计算机、通信和其他电子设备制造业,主板,8.26750000000003,8.217500000000005,8.168333333333335,8.16562500000001,7.974680851063835
561,2022-11-23,8.14,8.09,8.22,8.0,8.14,71545.0,57804900.0,8.23,8.17,8.148000000000005,8.09,8.01,49.13,0.05,0.06,-0.01,烽火电子,计算机、通信和其他电子设备制造业,主板,8.17750000000003,8.228750000000005,8.165000000000003,8.16437500000001,7.972765957446812
561,2022-11-24,8.1,7.99,8.19,7.96,8.09,70857.5,56951800.0,8.14,8.18,8.138000000000005,8.11,8.0,45.91,0.03,0.05,-0.02,烽火电子,计算机、通信和其他电子设备制造业,主板,8.117500000000032,8.218750000000004,8.154166666666669,8.15812500000001,7.96489361702128
561,2022-11-25,7.95,7.74,7.96,7.73,7.99,104213.0,81390800.0,8.04,8.16,8.129500000000005,8.11,7.99,39.02,0.0,0.04,-0.04,烽火电子,计算机、通信和其他电子设备制造业,主板,7.990000000000032,8.150000000000002,8.1225,8.130000000000011,7.954042553191494
561,2022-11-28,7.67,7.83,7.86,7.55,7.74,61499.3,47524000.0,7.96,8.13,8.115000000000006,8.1,7.99,42.37,-0.02,0.03,-0.05,烽火电子,计算机、通信和其他电子设备制造业,主板,7.912500000000032,8.090000000000002,8.115833333333335,8.104375000000012,7.951914893617025
561,2022-11-29,7.83,7.88,7.94,7.79,7.83,68110.1,53538100.0,7.91,8.09,8.103500000000006,8.1,7.99,44.21,-0.03,0.02,-0.05,烽火电子,计算机、通信和其他电子设备制造业,主板,7.860000000000032,8.01875,8.105833333333335,8.088750000000012,7.949361702127663
561,2022-11-30,7.86,7.95,8.06,7.85,7.88,69377.0,55140300.0,7.88,8.06,8.096500000000004,8.1,7.99,46.77,-0.03,0.01,-0.04,烽火电子,计算机、通信和其他电子设备制造业,主板,7.850000000000032,7.983750000000001,8.095833333333333,8.07812500000001,7.947234042553195
561,2022-12-01,7.96,8.06,8.08,7.96,7.95,60744.8,48786100.0,7.89,8.02,8.090000000000005,8.1,8.0,50.6,-0.02,0.0,-0.02,烽火电子,计算机、通信和其他电子设备制造业,主板,7.930000000000032,7.960000000000001,8.076666666666668,8.07437500000001,7.945319148936174
561,2022-12-02,8.07,8.87,8.87,8.01,8.06,441170.0,386081000.0,8.12,8.08,8.121500000000005,8.13,8.02,68.54,0.05,0.01,0.04,烽火电子,计算机、通信和其他电子设备制造业,主板,8.190000000000031,8.051250000000001,8.123333333333335,8.134375000000011,7.9612765957446845
561,2022-12-05,8.69,8.6,8.95,8.57,8.87,480053.0,416962000.0,8.27,8.11,8.145000000000005,8.14,8.02,60.64,0.08,0.03,0.05,烽火电子,计算机、通信和其他电子设备制造业,主板,8.370000000000031,8.115,8.135833333333334,8.17187500000001,7.967659574468089
561,2022-12-06,8.65,8.79,8.85,8.6,8.6,308921.0,270169000.0,8.45,8.18,8.178500000000003,8.17,8.03,63.8,0.12,0.04,0.08,烽火电子,计算机、通信和其他电子设备制造业,主板,8.58000000000003,8.215000000000002,8.182500000000001,8.21687500000001,7.985531914893622
561,2022-12-07,8.74,8.79,8.9,8.66,8.79,194914.0,171243000.0,8.62,8.25,8.212000000000003,8.18,8.04,63.8,0.15,0.07,0.08,烽火电子,计算机、通信和其他电子设备制造业,主板,8.76250000000003,8.346250000000003,8.227500000000001,8.24812500000001,8.012553191489367
561,2022-12-08,8.75,8.85,9.2,8.68,8.79,303320.0,271641000.0,8.78,8.34,8.259000000000004,8.2,8.04,64.84,0.17,0.09,0.08,烽火电子,计算机、通信和其他电子设备制造业,主板,8.75750000000003,8.473750000000003,8.286666666666667,8.28187500000001,8.03765957446809
561,2022-12-09,8.94,8.74,8.98,8.66,8.85,172122.0,150854000.0,8.75,8.44,8.296000000000003,8.23,8.05,61.37,0.19,0.11,0.08,烽火电子,计算机、通信和其他电子设备制造业,主板,8.79250000000003,8.581250000000002,8.340833333333334,8.300000000000011,8.06446808510639
561,2022-12-12,8.75,8.89,8.93,8.72,8.74,154755.0,136766000.0,8.81,8.54,8.337000000000003,8.26,8.06,64.18,0.2,0.13,0.07,烽火电子,计算机、通信和其他电子设备制造业,主板,8.817500000000031,8.698750000000002,8.415833333333333,8.341250000000011,8.097659574468091
561,2022-12-13,8.82,8.84,9.03,8.76,8.89,155635.0,138052000.0,8.82,8.64,8.364500000000003,8.28,8.07,62.55,0.21,0.14,0.07,烽火电子,计算机、通信和其他电子设备制造业,主板,8.830000000000032,8.796250000000002,8.507500000000002,8.378125000000011,8.130425531914899
561,2022-12-14,8.76,9.03,9.28,8.76,8.84,284783.0,259280000.0,8.87,8.75,8.400500000000005,8.31,8.08,66.08,0.23,0.16,0.07,烽火电子,计算机、通信和其他电子设备制造业,主板,8.875000000000032,8.816250000000002,8.607500000000002,8.43375000000001,8.17148936170213
561,2022-12-15,8.92,8.97,9.11,8.92,9.03,130291.0,117080000.0,8.89,8.84,8.426500000000004,8.34,8.1,64.03,0.23,0.17,0.06,烽火电子,计算机、通信和其他电子设备制造业,主板,8.932500000000031,8.862500000000002,8.698333333333336,8.48875000000001,8.211063829787237
561,2022-12-16,9.02,8.78,9.02,8.77,8.97,120929.0,106954000.0,8.9,8.83,8.454000000000004,8.36,8.11,57.89,0.22,0.18,0.04,烽火电子,计算机、通信和其他电子设备制造业,主板,8.905000000000031,8.861250000000002,8.767500000000002,8.53812500000001,8.24021276595745
561,2022-12-19,8.76,8.62,8.86,8.56,8.78,99571.8,86205200.0,8.85,8.83,8.472500000000005,8.37,8.12,53.26,0.2,0.19,0.01,烽火电子,计算机、通信和其他电子设备制造业,主板,8.85000000000003,8.840000000000003,8.814166666666669,8.59312500000001,8.264468085106385
561,2022-12-20,8.62,8.7,8.74,8.54,8.62,72979.0,63245400.0,8.82,8.82,8.500500000000006,8.39,8.13,55.19,0.19,0.19,0.0,烽火电子,计算机、通信和其他电子设备制造业,主板,8.76750000000003,8.821250000000004,8.800000000000002,8.647500000000008,8.2868085106383
561,2022-12-21,8.69,8.74,8.97,8.61,8.7,114722.0,100932000.0,8.76,8.82,8.533000000000005,8.41,8.14,56.16,0.17,0.18,-0.01,烽火电子,计算机、通信和其他电子设备制造业,主板,8.710000000000031,8.821250000000004,8.81166666666667,8.701250000000009,8.301702127659578
561,2022-12-22,8.79,8.87,8.96,8.65,8.74,126363.0,111719000.0,8.74,8.82,8.577000000000005,8.45,8.15,59.26,0.18,0.18,0.0,烽火电子,计算机、通信和其他电子设备制造业,主板,8.73250000000003,8.818750000000005,8.818333333333335,8.75875000000001,8.321276595744683
561,2022-12-23,8.81,8.61,8.81,8.5,8.87,123164.0,106172000.0,8.71,8.8,8.620500000000003,8.47,8.16,51.43,0.15,0.18,-0.03,烽火电子,计算机、通信和其他电子设备制造业,主板,8.73000000000003,8.790000000000004,8.803333333333335,8.79312500000001,8.335319148936174
561,2022-12-26,8.61,9.01,9.1,8.55,8.61,181300.0,162248000.0,8.79,8.82,8.679500000000003,8.5,8.19,60.16,0.16,0.17,-0.01,烽火电子,计算机、通信和其他电子设备制造业,主板,8.80750000000003,8.787500000000005,8.816666666666668,8.80187500000001,8.357234042553195
561,2022-12-27,8.93,8.8,8.97,8.72,9.01,129025.0,113426000.0,8.81,8.81,8.725500000000004,8.51,8.21,54.61,0.15,0.17,-0.02,烽火电子,计算机、通信和其他电子设备制造业,主板,8.822500000000028,8.766250000000005,8.821666666666669,8.81437500000001,8.37212765957447
561,2022-12-28,8.82,9.22,9.68,8.55,8.8,402938.0,365678000.0,8.9,8.83,8.789000000000005,8.54,8.24,62.13,0.18,0.17,0.01,烽火电子,计算机、通信和其他电子设备制造业,主板,8.910000000000029,8.821250000000004,8.849166666666669,8.841250000000011,8.39553191489362
561,2022-12-29,9.11,9.24,9.65,9.03,9.22,360359.0,336293000.0,8.98,8.86,8.848000000000004,8.57,8.27,62.45,0.2,0.18,0.02,烽火电子,计算机、通信和其他电子设备制造业,主板,9.06750000000003,8.898750000000003,8.882500000000002,8.869375000000012,8.419148936170217
561,2022-12-30,9.26,9.08,9.29,8.99,9.24,192753.0,175224000.0,9.07,8.89,8.858500000000005,8.6,8.3,58.22,0.2,0.18,0.02,烽火电子,计算机、通信和其他电子设备制造业,主板,9.08500000000003,8.946250000000003,8.886666666666668,8.883750000000013,8.435106382978727
561,2023-01-03,9.02,9.2,9.21,9.01,9.08,193593.0,176255000.0,9.11,8.95,8.888500000000004,8.63,8.33,60.39,0.2,0.19,0.01,烽火电子,计算机、通信和其他电子设备制造业,主板,9.18500000000003,9.003750000000004,8.905833333333335,8.912500000000012,8.456595744680854
561,2023-01-04,9.13,8.97,9.15,8.85,9.2,191045.0,171142000.0,9.14,8.97,8.897500000000004,8.66,8.36,54.55,0.19,0.19,0.0,烽火电子,计算机、通信和其他电子设备制造业,主板,9.12250000000003,9.016250000000003,8.921666666666669,8.917500000000011,8.479148936170215
561,2023-01-05,8.92,8.96,8.98,8.72,8.97,121769.0,107883000.0,9.09,9.0,8.906000000000006,8.69,8.39,54.31,0.18,0.18,0.0,烽火电子,计算机、通信和其他电子设备制造业,主板,9.05250000000003,9.060000000000004,8.950000000000001,8.925000000000011,8.497021276595747
561,2023-01-06,8.95,9.21,9.28,8.75,8.96,241360.0,218726000.0,9.08,9.03,8.924000000000007,8.73,8.42,59.25,0.19,0.19,0.0,烽火电子,计算机、通信和其他电子设备制造业,主板,9.085000000000031,9.085000000000003,8.992500000000001,8.936250000000012,8.520425531914896
561,2023-01-09,9.16,9.2,9.5,9.13,9.21,183389.0,169661000.0,9.11,9.09,8.947000000000006,8.78,8.44,58.97,0.19,0.19,0.0,烽火电子,计算机、通信和其他电子设备制造业,主板,9.08500000000003,9.135000000000003,9.030833333333335,8.950625000000011,8.544042553191492
561,2023-01-10,9.21,8.93,9.23,8.92,9.2,141056.0,127143000.0,9.05,9.08,8.949000000000007,8.81,8.46,51.97,0.16,0.18,-0.02,烽火电子,计算机、通信和其他电子设备制造业,主板,9.07500000000003,9.098750000000003,9.035833333333334,8.960000000000012,8.559787234042556
561,2023-01-11,8.97,9.34,9.69,8.95,8.93,332626.0,311395000.0,9.13,9.14,8.974000000000007,8.86,8.48,59.78,0.18,0.18,0.0,烽火电子,计算机、通信和其他电子设备制造业,主板,9.170000000000028,9.111250000000004,9.096666666666668,9.005000000000011,8.583191489361704
561,2023-01-12,9.51,9.25,9.65,9.22,9.34,260504.0,244693000.0,9.19,9.14,8.985000000000007,8.91,8.5,57.57,0.18,0.18,0.0,烽火电子,计算机、通信和其他电子设备制造业,主板,9.180000000000028,9.132500000000004,9.116666666666667,9.039375000000012,8.607021276595747
561,2023-01-13,9.15,9.43,9.55,8.98,9.25,257840.0,239343000.0,9.23,9.16,9.008000000000006,8.95,8.53,60.7,0.19,0.18,0.01,烽火电子,计算机、通信和其他电子设备制造业,主板,9.23750000000003,9.161250000000004,9.169166666666667,9.082500000000012,8.634893617021278
561,2023-01-16,9.51,10.37,10.37,9.34,9.43,444856.0,440594000.0,9.46,9.29,9.087500000000007,9.0,8.56,72.24,0.28,0.2,0.08,烽火电子,计算机、通信和其他电子设备制造业,主板,9.597500000000029,9.336250000000005,9.265000000000002,9.176250000000012,8.68276595744681
561,2023-01-17,10.15,10.3,11.28,10.03,10.37,702192.0,735199000.0,9.74,9.4,9.171500000000007,9.06,8.6,70.58,0.33,0.23,0.1,烽火电子,计算机、通信和其他电子设备制造业,主板,9.837500000000027,9.503750000000004,9.353333333333335,9.281875000000014,8.733617021276597
561,2023-01-18,10.05,10.39,10.79,10.05,10.3,491494.0,512194000.0,9.95,9.54,9.256000000000009,9.11,8.64,71.49,0.37,0.26,0.11,烽火电子,计算机、通信和其他电子设备制造业,主板,10.122500000000027,9.651250000000005,9.462500000000002,9.368125000000013,8.784468085106385
561,2023-01-19,10.24,10.2,10.34,10.11,10.39,300449.0,306750000.0,10.14,9.66,9.329000000000008,9.16,8.67,66.8,0.39,0.28,0.11,烽火电子,计算机、通信和其他电子设备制造业,主板,10.315000000000028,9.776250000000005,9.545833333333336,9.455625000000012,8.829787234042554
561,2023-01-20,10.17,9.92,10.34,9.88,10.2,325033.0,326890000.0,10.24,9.73,9.381500000000006,9.19,8.7,60.5,0.38,0.3,0.08,烽火电子,计算机、通信和其他电子设备制造业,主板,10.202500000000029,9.900000000000006,9.625000000000002,9.499375000000011,8.864468085106385
561,2023-01-30,10.01,10.91,10.91,9.95,9.92,309097.0,324399000.0,10.34,9.9,9.496500000000006,9.27,8.75,70.93,0.44,0.33,0.11,烽火电子,计算机、通信和其他电子设备制造业,主板,10.355000000000029,10.096250000000005,9.787500000000001,9.60375000000001,8.919787234042555
561,2023-01-31,11.07,10.97,11.6,10.93,10.91,618191.0,693298000.0,10.48,10.11,9.594500000000007,9.34,8.8,71.43,0.49,0.36,0.13,烽火电子,计算机、通信和其他电子设备制造业,主板,10.500000000000028,10.311250000000005,9.934166666666668,9.72187500000001,8.973404255319151
561,2023-02-01,11.07,11.34,11.5,10.88,10.97,472809.0,529611000.0,10.67,10.31,9.721500000000006,9.42,8.85,74.32,0.56,0.4,0.16,烽火电子,计算机、通信和其他电子设备制造业,主板,10.785000000000029,10.550000000000004,10.1125,9.85562500000001,9.039574468085108
561,2023-02-02,11.28,10.77,11.28,10.76,11.34,391170.0,426543000.0,10.78,10.46,9.799000000000007,9.48,8.89,63.64,0.56,0.43,0.13,烽火电子,计算机、通信和其他电子设备制造业,主板,10.997500000000027,10.600000000000003,10.265833333333333,9.968125000000011,9.093191489361704
561,2023-02-03,10.68,10.89,10.99,10.65,10.77,227826.0,247430000.0,10.98,10.61,9.881500000000006,9.54,8.94,64.78,0.56,0.46,0.1,烽火电子,计算机、通信和其他电子设备制造业,主板,10.992500000000028,10.673750000000004,10.394999999999998,10.08875000000001,9.151702127659576
561,2023-02-06,10.88,10.97,11.26,10.72,10.89,225718.0,248732000.0,10.99,10.67,9.976000000000004,9.61,8.99,65.56,0.56,0.48,0.08,烽火电子,计算机、通信和其他电子设备制造业,主板,10.992500000000028,10.746250000000003,10.538333333333332,10.19875000000001,9.212978723404257
561,2023-02-07,10.89,10.41,10.9,10.33,10.97,324312.0,340620000.0,10.88,10.68,10.036500000000006,9.67,9.02,56.18,0.51,0.49,0.02,烽火电子,计算机、通信和其他电子设备制造业,主板,10.760000000000026,10.772500000000003,10.619999999999997,10.27437500000001,9.264468085106385
561,2023-02-08,10.47,10.43,10.51,10.25,10.41,167378.0,173898000.0,10.69,10.68,10.109500000000006,9.73,9.06,56.42,0.47,0.48,-0.01,烽火电子,计算机、通信和其他电子设备制造业,主板,10.675000000000026,10.836250000000001,10.624999999999998,10.36812500000001,9.321702127659577
561,2023-02-09,10.3,10.5,10.51,10.3,10.43,141998.0,148372000.0,10.64,10.71,10.186500000000006,9.79,9.1,57.3,0.43,0.47,-0.04,烽火电子,计算机、通信和其他电子设备制造业,主板,10.577500000000025,10.785000000000002,10.641666666666664,10.44062500000001,9.378510638297875
561,2023-02-10,10.6,10.35,10.64,10.3,10.5,125689.0,131121000.0,10.53,10.75,10.243500000000004,9.84,9.14,54.75,0.39,0.46,-0.07,烽火电子,计算机、通信和其他电子设备制造业,主板,10.422500000000026,10.707500000000001,10.638333333333332,10.50937500000001,9.431063829787238
561,2023-02-13,10.34,10.44,10.59,10.28,10.35,148640.0,155183000.0,10.43,10.71,10.305500000000006,9.9,9.18,56.02,0.36,0.44,-0.08,烽火电子,计算机、通信和其他电子设备制造业,主板,10.430000000000025,10.595,10.658333333333333,10.572500000000009,9.484042553191493
561,2023-02-14,10.45,10.89,11.0,10.36,10.44,315423.0,339010000.0,10.52,10.7,10.403500000000005,9.96,9.23,61.78,0.37,0.42,-0.05,烽火电子,计算机、通信和其他电子设备制造业,主板,10.545000000000025,10.610000000000001,10.739166666666668,10.605000000000008,9.54425531914894
561,2023-02-15,10.82,10.73,10.82,10.53,10.89,185243.0,197163000.0,10.58,10.64,10.473000000000004,10.03,9.27,58.83,0.35,0.41,-0.06,烽火电子,计算机、通信和其他电子设备制造业,主板,10.602500000000024,10.590000000000002,10.724166666666667,10.631875000000006,9.583829787234047
561,2023-02-16,10.7,9.94,10.7,9.75,10.73,314510.0,321138000.0,10.47,10.56,10.507500000000004,10.05,9.3,46.91,0.28,0.38,-0.1,烽火电子,计算机、通信和其他电子设备制造业,主板,10.500000000000023,10.461250000000001,10.638333333333334,10.603750000000005,9.612340425531919
561,2023-02-17,9.97,9.72,9.98,9.65,9.94,154300.0,150982000.0,10.34,10.44,10.522000000000004,10.07,9.32,44.23,0.2,0.35,-0.15,烽火电子,计算机、通信和其他电子设备制造业,主板,10.320000000000023,10.375000000000002,10.503333333333332,10.573750000000006,9.632127659574472
561,2023-02-20,9.72,9.83,9.86,9.6,9.72,95967.1,93799300.0,10.22,10.32,10.495000000000005,10.09,9.35,45.9,0.14,0.3,-0.16,烽火电子,计算机、通信和其他电子设备制造业,主板,10.055000000000023,10.3,10.425,10.568125000000007,9.65425531914894
561,2023-02-21,9.83,9.9,10.05,9.8,9.83,98113.9,97374900.0,10.02,10.27,10.475000000000005,10.12,9.37,46.98,0.1,0.26,-0.16,烽火电子,计算机、通信和其他电子设备制造业,主板,9.847500000000021,10.225000000000001,10.3425,10.505000000000008,9.676595744680853
561,2023-02-22,9.84,10.0,10.1,9.78,9.9,99950.0,99918200.0,9.88,10.23,10.455500000000004,10.15,9.4,48.57,0.08,0.23,-0.15,烽火电子,计算机、通信和其他电子设备制造业,主板,9.862500000000022,10.181250000000002,10.261666666666668,10.444375000000008,9.70340425531915
561,2023-02-23,10.07,10.13,10.24,9.92,10.0,134964.0,136502000.0,9.92,10.19,10.452000000000004,10.19,9.44,50.64,0.06,0.19,-0.13,烽火电子,计算机、通信和其他电子设备制造业,主板,9.965000000000023,10.142500000000002,10.238333333333335,10.368750000000007,9.729787234042554
561,2023-02-24,10.1,10.14,10.33,10.02,10.13,113733.0,115588000.0,10.0,10.17,10.463000000000005,10.22,9.47,50.81,0.06,0.17,-0.11,烽火电子,计算机、通信和其他电子设备制造业,主板,10.042500000000024,10.048750000000002,10.214166666666666,10.329375000000008,9.75744680851064
561,2023-02-27,10.09,10.0,10.31,9.95,10.14,123010.0,124303000.0,10.03,10.13,10.417500000000004,10.25,9.51,48.38,0.04,0.14,-0.1,烽火电子,计算机、通信和其他电子设备制造业,主板,10.067500000000024,9.957500000000001,10.1725,10.273750000000007,9.778085106382981
561,2023-02-28,10.0,10.25,10.31,9.99,10.0,144552.0,147761000.0,10.1,10.06,10.381500000000004,10.29,9.55,52.72,0.05,0.12,-0.07,烽火电子,计算机、通信和其他电子设备制造业,主板,10.130000000000024,9.996250000000002,10.164166666666667,10.228750000000007,9.805319148936173
561,2023-03-01,10.37,10.5,10.64,10.19,10.25,190272.0,199001000.0,10.2,10.04,10.339500000000005,10.33,9.6,56.65,0.07,0.11,-0.04,烽火电子,计算机、通信和其他电子设备制造业,主板,10.222500000000023,10.093750000000002,10.169166666666667,10.234375000000007,9.841914893617023
561,2023-03-02,10.55,10.63,10.72,10.48,10.5,173540.0,184431000.0,10.3,10.11,10.332500000000003,10.38,9.64,58.57,0.1,0.11,-0.01,烽火电子,计算机、通信和其他电子设备制造业,主板,10.345000000000024,10.193750000000001,10.147499999999999,10.246875000000006,9.884680851063832
561,2023-03-03,10.64,10.58,10.64,10.46,10.63,115072.0,121343000.0,10.39,10.2,10.317000000000004,10.41,9.68,57.52,0.11,0.11,0.0,烽火电子,计算机、通信和其他电子设备制造业,主板,10.490000000000023,10.27875,10.135,10.251875000000007,9.924680851063831
561,2023-03-06,10.67,10.66,10.85,10.53,10.58,192870.0,206270000.0,10.52,10.28,10.301500000000004,10.42,9.71,58.8,0.13,0.11,0.02,烽火电子,计算机、通信和其他电子设备制造业,主板,10.592500000000022,10.36125,10.195,10.271250000000007,9.965531914893619
561,2023-03-07,10.66,10.12,10.67,10.03,10.66,184941.0,190672000.0,10.5,10.3,10.287000000000004,10.42,9.74,48.21,0.11,0.11,0.0,烽火电子,计算机、通信和其他电子设备制造业,主板,10.497500000000022,10.360000000000001,10.228333333333333,10.251250000000008,9.99212765957447
561,2023-03-08,10.15,10.41,10.51,10.03,10.12,169012.0,174357000.0,10.48,10.34,10.286000000000005,10.42,9.76,53.1,0.11,0.11,0.0,烽火电子,计算机、通信和其他电子设备制造业,主板,10.442500000000022,10.39375,10.276666666666667,10.221250000000008,10.030425531914895
561,2023-03-09,10.45,10.35,10.49,10.06,10.41,156186.0,160573000.0,10.42,10.36,10.278500000000005,10.42,9.79,52.0,0.1,0.11,-0.01,烽火电子,计算机、通信和其他电子设备制造业,主板,10.385000000000023,10.4375,10.314166666666667,10.197500000000009,10.05893617021277
561,2023-03-10,10.3,10.35,10.42,10.1,10.35,141143.0,144854000.0,10.38,10.39,10.278500000000005,10.44,9.82,52.0,0.09,0.11,-0.02,烽火电子,计算机、通信和其他电子设备制造业,主板,10.307500000000022,10.45,10.343333333333334,10.223125000000008,10.091914893617025
561,2023-03-13,10.28,10.45,10.45,10.01,10.35,188497.0,192714000.0,10.34,10.43,10.279000000000003,10.42,9.84,53.84,0.09,0.1,-0.01,烽火电子,计算机、通信和其他电子设备制造业,主板,10.390000000000024,10.44375,10.37,10.268750000000008,10.118085106382981
561,2023-03-14,10.58,11.5,11.5,10.57,10.45,440989.0,500580000.0,10.61,10.56,10.309500000000003,10.44,9.89,67.78,0.18,0.12,0.06,烽火电子,计算机、通信和其他电子设备制造业,主板,10.662500000000023,10.5525,10.483333333333333,10.373125000000007,10.16617021276596
561,2023-03-15,11.29,10.9,11.31,10.84,11.5,669206.0,738134000.0,10.71,10.6,10.318000000000003,10.42,9.92,57.16,0.19,0.13,0.06,烽火电子,计算机、通信和其他电子设备制造业,主板,10.800000000000022,10.592500000000001,10.558333333333332,10.435625000000007,10.204893617021279
561,2023-03-16,10.85,10.43,10.9,10.35,10.9,382806.0,403708000.0,10.73,10.58,10.342500000000005,10.41,9.94,50.48,0.16,0.14,0.02,烽火电子,计算机、通信和其他电子设备制造业,主板,10.820000000000022,10.563750000000002,10.573333333333332,10.462500000000007,10.231063829787237
561,2023-03-17,10.38,10.45,10.52,10.2,10.43,291658.0,301883000.0,10.75,10.56,10.379000000000003,10.4,9.97,50.75,0.14,0.14,0.0,烽火电子,计算机、通信和其他电子设备制造业,主板,10.820000000000022,10.605000000000002,10.569166666666666,10.482500000000007,10.262553191489364
561,2023-03-20,10.3,10.07,10.33,10.04,10.45,240185.0,243515000.0,10.67,10.5,10.391000000000002,10.37,9.99,45.76,0.1,0.13,-0.03,烽火电子,计算机、通信和其他电子设备制造业,主板,10.462500000000022,10.562500000000004,10.522499999999999,10.478125000000006,10.28617021276596
561,2023-03-21,10.15,10.09,10.33,10.03,10.07,256510.0,260241000.0,10.39,10.5,10.400500000000003,10.36,10.02,46.06,0.06,0.12,-0.06,烽火电子,计算机、通信和其他电子设备制造业,主板,10.260000000000021,10.530000000000005,10.481666666666666,10.483750000000006,10.304893617021278
561,2023-03-22,10.01,9.93,10.02,9.83,10.09,231472.0,229309000.0,10.19,10.45,10.397000000000002,10.34,10.04,43.97,0.01,0.1,-0.09,烽火电子,计算机、通信和其他电子设备制造业,主板,10.135000000000021,10.477500000000006,10.420833333333333,10.463750000000006,10.320425531914896
561,2023-03-23,9.94,10.08,10.12,9.91,9.93,176622.0,177216000.0,10.12,10.42,10.394500000000004,10.33,10.06,46.43,-0.01,0.07,-0.08,烽火电子,计算机、通信和其他电子设备制造业,主板,10.042500000000022,10.431250000000006,10.417499999999999,10.437500000000007,10.34489361702128
561,2023-03-24,10.01,9.76,10.01,9.72,10.08,220313.0,216130000.0,9.99,10.37,10.375500000000002,10.31,10.07,42.17,-0.05,0.05,-0.1,烽火电子,计算机、通信和其他电子设备制造业,主板,9.965000000000021,10.213750000000006,10.363333333333332,10.383125000000007,10.353829787234044
561,2023-03-27,9.7,9.8,9.8,9.57,9.76,137973.0,134006000.0,9.93,10.3,10.365500000000003,10.29,10.09,42.88,-0.09,0.02,-0.11,烽火电子,计算机、通信和其他电子设备制造业,主板,9.89250000000002,10.076250000000005,10.3175,10.334375000000007,10.36553191489362
561,2023-03-28,9.7,9.34,9.75,9.33,9.8,192533.0,182990000.0,9.78,10.09,10.320000000000004,10.23,10.1,37.25,-0.14,-0.01,-0.13,烽火电子,计算机、通信和其他电子设备制造业,主板,9.74500000000002,9.940000000000005,10.233333333333334,10.251875000000007,10.363617021276598
561,2023-03-29,9.36,9.38,9.45,9.3,9.34,91427.1,85663400.0,9.67,9.93,10.264000000000003,10.19,10.11,38.01,-0.18,-0.04,-0.14,烽火电子,计算机、通信和其他电子设备制造业,主板,9.570000000000022,9.806250000000004,10.144166666666667,10.205625000000007,10.342553191489364
561,2023-03-30,9.38,9.16,9.38,9.07,9.38,113494.0,104171000.0,9.49,9.81,10.190500000000004,10.16,10.11,35.47,-0.23,-0.08,-0.15,烽火电子,计算机、通信和其他电子设备制造业,主板,9.420000000000021,9.692500000000003,9.949166666666668,10.127500000000007,10.318297872340427
561,2023-03-31,9.21,9.36,9.39,9.15,9.16,107550.0,99876700.0,9.41,9.7,10.129500000000004,10.15,10.11,39.44,-0.25,-0.12,-0.13,烽火电子,计算机、通信和其他电子设备制造业,主板,9.31000000000002,9.601250000000002,9.820833333333333,10.065625000000006,10.296382978723408
561,2023-04-03,9.37,9.5,9.59,9.37,9.36,141118.0,133882000.0,9.35,9.64,10.071500000000004,10.14,10.12,42.13,-0.25,-0.14,-0.11,烽火电子,计算机、通信和其他电子设备制造业,主板,9.35000000000002,9.547500000000003,9.743333333333332,10.012500000000006,10.28148936170213
561,2023-04-04,9.5,9.29,9.51,9.25,9.5,114300.0,106635000.0,9.34,9.56,10.030000000000003,10.12,10.12,39.31,-0.26,-0.17,-0.09,烽火电子,计算机、通信和其他电子设备制造业,主板,9.327500000000018,9.448750000000002,9.646666666666665,9.940000000000007,10.268085106382982
561,2023-04-06,9.26,9.32,9.39,9.15,9.29,82371.2,76587800.0,9.33,9.5,9.975500000000002,10.1,10.12,39.93,-0.27,-0.19,-0.08,烽火电子,计算机、通信和其他电子设备制造业,主板,9.367500000000017,9.393750000000002,9.584166666666667,9.803750000000006,10.234255319148938
561,2023-04-07,9.28,9.45,9.47,9.25,9.32,77774.6,73118400.0,9.38,9.44,9.930500000000002,10.07,10.13,42.65,-0.26,-0.2,-0.06,烽火电子,计算机、通信和其他电子设备制造业,主板,9.390000000000018,9.350000000000003,9.530833333333332,9.713125000000005,10.201914893617023
561,2023-04-10,9.43,9.18,9.44,9.15,9.45,85760.0,79501400.0,9.35,9.38,9.872000000000003,10.04,10.13,38.72,-0.27,-0.22,-0.05,烽火电子,计算机、通信和其他电子设备制造业,主板,9.310000000000018,9.330000000000002,9.468333333333332,9.635000000000005,10.155957446808513
561,2023-04-11,9.21,9.18,9.23,9.05,9.18,66351.2,60535900.0,9.28,9.32,9.808500000000004,10.02,10.13,38.72,-0.28,-0.23,-0.05,烽火电子,计算机、通信和其他电子设备制造业,主板,9.282500000000018,9.305000000000003,9.393333333333333,9.555625000000006,10.12212765957447
561,2023-04-12,9.15,9.32,9.32,9.12,9.18,81035.0,75122800.0,9.29,9.31,9.699500000000004,9.98,10.14,41.94,-0.27,-0.24,-0.03,烽火电子,计算机、通信和其他电子设备制造业,主板,9.282500000000018,9.325000000000003,9.356666666666666,9.508750000000006,10.088723404255322
561,2023-04-13,9.31,9.35,9.49,9.27,9.32,89655.1,84112100.0,9.3,9.31,9.622000000000003,9.95,10.14,42.64,-0.26,-0.24,-0.02,烽火电子,计算机、通信和其他电子设备制造业,主板,9.257500000000018,9.323750000000002,9.319166666666666,9.462500000000006,10.05425531914894
561,2023-04-14,9.32,9.38,9.39,9.21,9.35,64452.9,60075200.0,9.28,9.33,9.569500000000001,9.9,10.14,43.37,-0.24,-0.24,0.0,烽火电子,计算机、通信和其他电子设备制造业,主板,9.307500000000019,9.308750000000002,9.322499999999998,9.428125000000005,10.032340425531917
561,2023-04-17,9.4,9.45,9.45,9.3,9.38,76639.7,71903700.0,9.34,9.34,9.519500000000003,9.87,10.14,45.12,-0.22,-0.24,0.02,烽火电子,计算机、通信和其他电子设备制造业,主板,9.37500000000002,9.328750000000003,9.328333333333331,9.388750000000003,10.011489361702129
561,2023-04-18,9.39,9.12,9.4,9.1,9.45,117084.0,107484000.0,9.32,9.3,9.472000000000003,9.82,10.12,38.99,-0.22,-0.23,0.01,烽火电子,计算机、通信和其他电子设备制造业,主板,9.325000000000019,9.303750000000004,9.325,9.348750000000004,9.98212765957447
561,2023-04-19,9.16,9.0,9.16,8.98,9.12,92862.2,84108500.0,9.26,9.28,9.417500000000002,9.78,10.1,37.02,-0.24,-0.23,-0.01,烽火电子,计算机、通信和其他电子设备制造业,主板,9.237500000000018,9.247500000000004,9.295,9.298750000000004,9.95340425531915
561,2023-04-20,8.96,8.96,9.04,8.87,9.0,82073.6,73549600.0,9.18,9.24,9.369000000000003,9.73,10.07,36.36,-0.26,-0.24,-0.02,烽火电子,计算机、通信和其他电子设备制造业,主板,9.132500000000018,9.220000000000002,9.25,9.275000000000004,9.921914893617021
561,2023-04-21,8.9,8.75,9.09,8.75,8.96,87783.0,78183000.0,9.06,9.17,9.302500000000002,9.68,10.05,33.03,-0.28,-0.25,-0.03,烽火电子,计算机、通信和其他电子设备制造业,主板,8.957500000000017,9.166250000000002,9.205,9.235625000000004,9.876382978723406
561,2023-04-24,8.76,8.72,8.83,8.57,8.75,59244.1,51569500.0,8.91,9.12,9.250500000000002,9.62,10.03,32.57,-0.29,-0.26,-0.03,烽火电子,计算机、通信和其他电子设备制造业,主板,8.857500000000018,9.091250000000002,9.155000000000001,9.208125000000004,9.833617021276597
561,2023-04-25,8.72,8.45,8.73,8.3,8.72,98095.0,83210200.0,8.78,9.05,9.183000000000002,9.56,9.99,28.71,-0.32,-0.27,-0.05,烽火电子,计算机、通信和其他电子设备制造业,主板,8.720000000000017,8.978750000000003,9.071666666666667,9.151250000000005,9.801914893617022
561,2023-04-26,8.41,8.56,8.63,8.4,8.45,60292.6,51549900.0,8.69,8.97,9.144000000000002,9.46,9.95,32.23,-0.34,-0.28,-0.06,烽火电子,计算机、通信和其他电子设备制造业,主板,8.620000000000017,8.876250000000004,9.020000000000001,9.092500000000005,9.777234042553193
561,2023-04-27,8.55,8.68,8.75,8.5,8.56,72342.1,62706300.0,8.63,8.91,9.109000000000002,9.38,9.9,35.96,-0.33,-0.29,-0.04,烽火电子,计算机、通信和其他电子设备制造业,主板,8.602500000000017,8.780000000000003,8.978333333333333,9.054375000000006,9.75276595744681
561,2023-04-28,8.62,8.82,8.85,8.62,8.68,59248.9,51937000.0,8.65,8.85,9.092000000000002,9.33,9.87,40.09,-0.31,-0.3,-0.01,烽火电子,计算机、通信和其他电子设备制造业,主板,8.627500000000017,8.742500000000003,8.936666666666667,9.023125000000006,9.729787234042554
561,2023-05-04,8.81,8.78,8.98,8.74,8.82,77456.1,68520000.0,8.66,8.78,9.063000000000002,9.27,9.84,39.31,-0.3,-0.3,0.0,烽火电子,计算机、通信和其他电子设备制造业,主板,8.710000000000019,8.715000000000003,8.889166666666668,8.981250000000006,9.703829787234044
561,2023-05-05,8.74,8.81,8.84,8.64,8.78,70715.0,61852200.0,8.73,8.75,9.028500000000003,9.23,9.8,40.25,-0.28,-0.29,0.01,烽火电子,计算机、通信和其他电子设备制造业,主板,8.772500000000019,8.696250000000003,8.841666666666669,8.958125000000006,9.675744680851064
561,2023-05-08,8.83,8.96,9.0,8.79,8.81,79530.9,71106200.0,8.81,8.75,9.012000000000004,9.19,9.78,44.85,-0.25,-0.28,0.03,烽火电子,计算机、通信和其他电子设备制造业,主板,8.842500000000019,8.722500000000004,8.800833333333335,8.944375000000006,9.65063829787234
561,2023-05-09,9.04,8.86,9.12,8.82,8.96,89313.0,80025700.0,8.85,8.74,8.989000000000004,9.16,9.75,42.5,-0.24,-0.28,0.04,烽火电子,计算机、通信和其他电子设备制造业,主板,8.852500000000019,8.740000000000004,8.779166666666669,8.915625000000006,9.626382978723406
561,2023-05-10,8.8,8.85,8.9,8.75,8.86,52157.6,46005400.0,8.85,8.75,8.959000000000005,9.12,9.72,42.26,-0.22,-0.26,0.04,烽火电子,计算机、通信和其他电子设备制造业,主板,8.870000000000019,8.790000000000003,8.766666666666667,8.884375000000006,9.596595744680853
561,2023-05-11,8.86,8.97,8.99,8.81,8.85,58853.6,52449800.0,8.89,8.77,8.948500000000005,9.09,9.7,46.16,-0.19,-0.25,0.06,烽火电子,计算机、通信和其他电子设备制造业,主板,8.910000000000018,8.841250000000002,8.7675,8.858750000000006,9.564042553191491
561,2023-05-12,8.96,8.85,9.04,8.77,8.97,70928.8,63086900.0,8.9,8.81,8.932000000000004,9.06,9.67,43.03,-0.18,-0.24,0.06,烽火电子,计算机、通信和其他电子设备制造业,主板,8.882500000000018,8.8625,8.775833333333333,8.821250000000006,9.52617021276596
561,2023-05-15,8.89,8.85,8.94,8.7,8.85,60023.8,52790000.0,8.88,8.84,8.908500000000004,9.04,9.64,43.03,-0.17,-0.22,0.05,烽火电子,计算机、通信和其他电子设备制造业,主板,8.880000000000019,8.86625,8.786666666666667,8.804375000000006,9.489361702127663
561,2023-05-16,8.8,8.85,8.92,8.76,8.85,50347.1,44501900.0,8.87,8.86,8.883500000000003,9.03,9.61,43.03,-0.16,-0.21,0.05,烽火电子,计算机、通信和其他电子设备制造业,主板,8.880000000000019,8.875,8.819999999999999,8.795000000000005,9.450851063829791
561,2023-05-17,8.86,9.06,9.12,8.77,8.85,89945.1,80979300.0,8.92,8.88,8.867500000000003,9.02,9.59,50.39,-0.14,-0.2,0.06,烽火电子,计算机、通信和其他电子设备制造业,主板,8.90250000000002,8.90625,8.861666666666666,8.801250000000005,9.42829787234043
561,2023-05-18,9.1,9.18,9.19,9.05,9.06,82822.4,75675000.0,8.96,8.92,8.854000000000005,9.02,9.58,54.04,-0.11,-0.18,0.07,烽火电子,计算机、通信和其他电子设备制造业,主板,8.985000000000019,8.93375,8.90333333333333,8.828125000000005,9.402127659574472
561,2023-05-19,9.17,9.2,9.23,9.08,9.18,71820.8,65853600.0,9.03,8.96,8.858000000000004,9.01,9.57,54.64,-0.08,-0.16,0.08,烽火电子,计算机、通信和其他电子设备制造业,主板,9.072500000000018,8.97625,8.934999999999997,8.858125000000005,9.377659574468087
561,2023-05-22,9.29,9.16,9.29,9.09,9.2,50390.0,46147900.0,9.09,8.98,8.866000000000003,9.0,9.56,53.15,-0.06,-0.14,0.08,烽火电子,计算机、通信和其他电子设备制造业,主板,9.150000000000018,9.015,8.966666666666663,8.902500000000005,9.352340425531917
561,2023-05-23,9.14,9.0,9.17,8.99,9.16,45816.0,41447800.0,9.12,9.0,8.868000000000004,8.99,9.54,47.55,-0.05,-0.12,0.07,烽火电子,计算机、通信和其他电子设备制造业,主板,9.135000000000018,9.01875,8.982499999999996,8.930000000000005,9.321489361702131
561,2023-05-24,9.0,8.99,9.09,8.96,9.0,37614.0,33932700.0,9.11,9.01,8.880000000000004,8.98,9.53,47.22,-0.05,-0.11,0.06,烽火电子,计算机、通信和其他电子设备制造业,主板,9.087500000000018,9.03625,8.984999999999998,8.949375000000005,9.268085106382982
561,2023-05-25,9.04,9.08,9.17,8.9,8.99,61599.0,55649900.0,9.09,9.02,8.898000000000005,8.97,9.51,50.59,-0.04,-0.09,0.05,烽火电子,计算机、通信和其他电子设备制造业,主板,9.057500000000019,9.065000000000001,9.00333333333333,8.965625000000006,9.229361702127663
561,2023-05-26,9.08,9.11,9.14,8.98,9.08,45638.0,41431500.0,9.07,9.05,8.931000000000006,8.97,9.49,51.69,-0.03,-0.08,0.05,烽火电子,计算机、通信和其他电子设备制造业,主板,9.04500000000002,9.097500000000002,9.024999999999997,8.986250000000007,9.201276595744684
561,2023-05-29,9.17,9.05,9.27,9.0,9.11,57234.0,52218100.0,9.05,9.07,8.955500000000006,8.96,9.47,49.31,-0.03,-0.07,0.04,烽火电子,计算机、通信和其他电子设备制造业,主板,9.057500000000019,9.096250000000001,9.031666666666665,9.001250000000008,9.17148936170213
561,2023-05-30,9.0,9.06,9.07,8.87,9.05,60694.0,54541800.0,9.06,9.09,8.974500000000006,8.95,9.45,49.73,-0.02,-0.06,0.04,烽火电子,计算机、通信和其他电子设备制造业,主板,9.075000000000019,9.08125,9.049166666666665,9.007500000000007,9.150000000000004
561,2023-05-31,9.02,9.14,9.16,8.94,9.06,54030.0,49208700.0,9.09,9.1,8.990500000000006,8.94,9.42,53.05,-0.02,-0.05,0.03,烽火电子,计算机、通信和其他电子设备制造业,主板,9.09000000000002,9.07375,9.073333333333332,9.025000000000006,9.129787234042558
561,2023-06-01,9.1,9.25,9.34,9.07,9.14,89063.0,82347600.0,9.12,9.1,9.014000000000006,8.94,9.4,57.22,0.0,-0.04,0.04,烽火电子,计算机、通信和其他电子设备制造业,主板,9.12500000000002,9.085,9.106666666666666,9.050000000000006,9.115319148936175
561,2023-06-02,9.25,9.33,9.41,9.21,9.25,97180.0,90662700.0,9.17,9.12,9.040000000000006,8.94,9.38,60.01,0.02,-0.03,0.05,烽火电子,计算机、通信和其他电子设备制造业,主板,9.195000000000018,9.12625,9.129166666666665,9.072500000000007,9.099361702127663
561,2023-06-05,9.28,9.52,9.53,9.26,9.33,133643.0,126400000.0,9.26,9.15,9.068000000000007,8.96,9.37,65.72,0.05,-0.01,0.06,烽火电子,计算机、通信和其他电子设备制造业,主板,9.310000000000016,9.1925,9.157499999999999,9.114375000000008,9.09425531914894
561,2023-06-06,9.79,9.56,9.81,9.42,9.52,205856.0,196740000.0,9.36,9.21,9.103000000000005,8.98,9.36,66.8,0.08,0.01,0.07,烽火电子,计算机、通信和其他电子设备制造业,主板,9.415000000000017,9.252500000000001,9.187499999999998,9.158750000000008,9.089148936170217
561,2023-06-07,9.56,9.85,10.18,9.56,9.56,293113.0,288993000.0,9.5,9.29,9.153000000000006,9.02,9.35,73.33,0.12,0.03,0.09,烽火电子,计算机、通信和其他电子设备制造业,主板,9.565000000000017,9.345,9.245,9.221250000000008,9.100000000000005
561,2023-06-08,9.72,9.71,9.81,9.58,9.85,162074.0,157289000.0,9.59,9.36,9.190000000000007,9.05,9.34,66.52,0.14,0.05,0.09,烽火电子,计算机、通信和其他电子设备制造业,主板,9.660000000000018,9.4275,9.304166666666665,9.261875000000009,9.107021276595749
561,2023-06-09,9.66,9.67,9.7,9.39,9.71,128535.0,123034000.0,9.66,9.41,9.231000000000005,9.09,9.32,64.68,0.16,0.07,0.09,烽火电子,计算机、通信和其他电子设备制造业,主板,9.69750000000002,9.50375,9.360833333333332,9.292500000000008,9.117872340425537
561,2023-06-12,9.65,9.87,9.94,9.6,9.67,153758.0,151233000.0,9.73,9.5,9.282000000000007,9.14,9.3,69.27,0.18,0.09,0.09,烽火电子,计算机、通信和其他电子设备制造业,主板,9.775000000000018,9.595,9.426666666666666,9.334375000000009,9.128723404255323
561,2023-06-13,9.86,10.17,10.4,9.76,9.87,220751.0,223313000.0,9.85,9.61,9.348000000000006,9.19,9.28,74.61,0.21,0.12,0.09,烽火电子,计算机、通信和其他电子设备制造业,主板,9.855000000000018,9.71,9.514999999999999,9.397500000000008,9.14297872340426
561,2023-06-14,10.18,10.18,10.24,9.99,10.17,130269.0,132006000.0,9.92,9.71,9.404000000000007,9.23,9.28,74.76,0.24,0.14,0.1,烽火电子,计算机、通信和其他电子设备制造业,主板,9.972500000000018,9.816250000000002,9.609166666666665,9.471250000000008,9.161914893617025
561,2023-06-15,10.22,10.4,10.98,10.14,10.18,284212.0,300724000.0,10.06,9.83,9.465000000000007,9.28,9.28,77.99,0.28,0.17,0.11,烽火电子,计算机、通信和其他电子设备制造业,主板,10.155000000000017,9.926250000000003,9.720833333333333,9.559375000000008,9.184893617021281
561,2023-06-16,10.4,10.69,10.78,10.33,10.4,208204.0,220888000.0,10.26,9.96,9.539500000000007,9.35,9.29,81.37,0.34,0.2,0.14,烽火电子,计算机、通信和其他电子设备制造业,主板,10.360000000000017,10.067500000000003,9.85,9.660000000000007,9.211276595744685
561,2023-06-19,10.75,11.11,11.34,10.64,10.69,316235.0,347827000.0,10.51,10.12,9.637000000000008,9.42,9.31,84.98,0.41,0.24,0.17,烽火电子,计算机、通信和其他电子设备制造业,主板,10.595000000000017,10.225000000000003,10.005,9.785000000000007,9.25234042553192
561,2023-06-20,11.02,10.97,11.2,10.81,11.11,247866.0,273078000.0,10.67,10.26,9.735500000000007,9.49,9.32,79.46,0.44,0.28,0.16,烽火电子,计算机、通信和其他电子设备制造业,主板,10.792500000000016,10.382500000000004,10.141666666666667,9.905000000000006,9.290425531914899
561,2023-06-21,10.98,11.03,11.19,10.87,10.97,178080.0,196833000.0,10.84,10.38,9.837500000000007,9.56,9.34,80.06,0.47,0.32,0.15,烽火电子,计算机、通信和其他电子设备制造业,主板,10.950000000000017,10.552500000000004,10.2675,10.028125000000006,9.326808510638301
561,2023-06-26,11.02,10.88,11.16,10.76,11.03,183010.0,200517000.0,10.94,10.5,9.927500000000006,9.63,9.36,74.24,0.48,0.35,0.13,烽火电子,计算机、通信和其他电子设备制造业,主板,10.997500000000018,10.678750000000003,10.3775,10.136875000000007,9.359361702127662
561,2023-06-27,10.78,10.12,11.0,9.79,10.88,493661.0,503991000.0,10.82,10.54,9.978000000000005,9.67,9.36,53.17,0.42,0.37,0.05,烽火电子,计算机、通信和其他电子设备制造业,主板,10.750000000000018,10.672500000000003,10.4,10.191250000000007,9.375106382978727
561,2023-06-28,10.1,11.13,11.13,9.91,10.12,391850.0,409772000.0,10.83,10.67,10.082000000000004,9.74,9.39,66.7,0.44,0.38,0.06,烽火电子,计算机、通信和其他电子设备制造业,主板,10.790000000000019,10.791250000000002,10.518333333333333,10.303750000000006,9.41085106382979
561,2023-06-29,11.3,11.57,11.74,11.17,11.13,650643.0,748253000.0,10.95,10.81,10.207500000000005,9.83,9.43,70.67,0.49,0.4,0.09,烽火电子,计算机、通信和其他电子设备制造业,主板,10.925000000000018,10.9375,10.676666666666668,10.431875000000005,9.462978723404259
561,2023-07-14,12.73,10.77,12.73,10.41,11.57,938178.0,1078980000.0,10.89,10.87,10.289000000000005,9.89,9.46,57.29,0.47,0.42,0.05,烽火电子,计算机、通信和其他电子设备制造业,主板,10.897500000000017,10.9475,10.751666666666667,10.507500000000006,9.500638297872344
561,2023-07-17,10.26,11.1,11.77,9.8,10.77,695864.0,748336000.0,10.94,10.94,10.381500000000004,9.96,9.49,60.6,0.46,0.43,0.03,烽火电子,计算机、通信和其他电子设备制造业,主板,11.142500000000018,10.94625,10.829166666666667,10.585625000000006,9.546170212765961
561,2023-07-18,10.81,10.55,11.03,10.5,11.1,428362.0,459877000.0,11.02,10.92,10.442500000000004,10.0,9.5,53.19,0.41,0.42,-0.01,烽火电子,计算机、通信和其他电子设备制造业,主板,10.997500000000018,10.893749999999999,10.860000000000001,10.638125000000006,9.584468085106387
561,2023-07-19,10.4,10.1,10.68,10.07,10.55,380896.0,390965000.0,10.82,10.82,10.471500000000002,10.03,9.52,48.02,0.34,0.41,-0.07,烽火电子,计算机、通信和其他电子设备制造业,主板,10.630000000000019,10.777499999999998,10.835,10.665000000000006,9.613829787234046
561,2023-07-20,10.06,9.62,10.15,9.62,10.1,388370.0,380761000.0,10.43,10.69,10.474500000000003,10.05,9.52,43.19,0.23,0.37,-0.14,烽火电子,计算机、通信和其他电子设备制造业,主板,10.342500000000019,10.62,10.745833333333335,10.649375000000006,9.638723404255323
561,2023-07-21,9.52,9.66,9.73,9.39,9.62,244161.0,232675000.0,10.21,10.55,10.465000000000003,10.07,9.53,43.7,0.15,0.33,-0.18,烽火电子,计算机、通信和其他电子设备制造业,主板,9.982500000000018,10.562499999999998,10.625000000000002,10.617500000000007,9.662127659574473
561,2023-07-24,9.55,9.48,9.69,9.46,9.66,128578.0,122774000.0,9.88,10.41,10.453500000000002,10.09,9.53,41.89,0.06,0.27,-0.21,烽火电子,计算机、通信和其他电子设备制造业,主板,9.715000000000018,10.35625,10.500833333333334,10.573750000000006,9.679148936170218
561,2023-07-25,9.58,9.73,9.79,9.52,9.48,172839.0,166698000.0,9.72,10.37,10.456500000000002,10.11,9.54,45.28,0.03,0.22,-0.19,烽火电子,计算机、通信和其他电子设备制造业,主板,9.622500000000018,10.126249999999999,10.3925,10.531875000000005,9.698510638297877
561,2023-07-26,9.7,9.5,9.7,9.49,9.73,122149.0,116852000.0,9.6,10.21,10.438000000000002,10.12,9.54,42.8,-0.03,0.17,-0.2,烽火电子,计算机、通信和其他电子设备制造业,主板,9.592500000000019,9.9675,10.277500000000002,10.457500000000005,9.713829787234049
561,2023-07-27,9.48,9.5,9.77,9.48,9.5,147956.0,142151000.0,9.57,10.0,10.404500000000002,10.14,9.55,42.8,-0.07,0.12,-0.19,烽火电子,计算机、通信和其他电子设备制造业,主板,9.55250000000002,9.7675,10.225833333333334,10.356875000000006,9.728510638297879
561,2023-07-28,9.5,9.49,9.54,9.34,9.5,122349.0,115810000.0,9.54,9.87,10.370000000000003,10.15,9.55,42.69,-0.1,0.08,-0.18,烽火电子,计算机、通信和其他电子设备制造业,主板,9.555000000000021,9.635,10.089166666666669,10.264375000000006,9.73978723404256
561,2023-07-31,9.55,9.63,9.75,9.44,9.49,132415.0,127193000.0,9.57,9.73,10.331500000000002,10.16,9.55,44.97,-0.11,0.04,-0.15,烽火电子,计算机、通信和其他电子设备制造业,主板,9.530000000000022,9.57625,9.927500000000002,10.176875000000006,9.756170212765964
561,2023-08-01,9.68,9.44,9.68,9.36,9.63,128456.0,121282000.0,9.51,9.62,10.269000000000002,10.17,9.56,42.5,-0.14,0.01,-0.15,烽火电子,计算机、通信和其他电子设备制造业,主板,9.515000000000022,9.553749999999999,9.816666666666668,10.086875000000006,9.768723404255326
561,2023-08-02,9.4,9.34,9.48,9.31,9.44,104335.0,97853600.0,9.48,9.54,10.180500000000004,10.16,9.56,41.21,-0.16,-0.03,-0.13,烽火电子,计算机、通信和其他电子设备制造业,主板,9.475000000000023,9.51375,9.670000000000003,10.038125000000006,9.776595744680856
561,2023-08-03,9.3,9.33,9.4,9.27,9.34,84906.0,79309700.0,9.45,9.51,10.098500000000005,10.15,9.57,41.08,-0.18,-0.06,-0.12,烽火电子,计算机、通信和其他电子设备制造业,主板,9.435000000000022,9.495,9.568333333333337,9.925625000000007,9.786808510638302
561,2023-08-04,9.35,9.41,9.45,9.32,9.33,92778.0,87182200.0,9.43,9.48,10.017500000000004,10.14,9.58,42.68,-0.19,-0.08,-0.11,烽火电子,计算机、通信和其他电子设备制造业,主板,9.380000000000022,9.454999999999998,9.510833333333336,9.790625000000007,9.798723404255323
561,2023-08-07,9.41,9.39,9.47,9.36,9.41,63303.0,59619400.0,9.38,9.48,9.943000000000003,10.13,9.59,42.37,-0.2,-0.11,-0.09,烽火电子,计算机、通信和其他电子设备制造业,主板,9.367500000000023,9.441249999999998,9.491666666666669,9.704375000000008,9.81021276595745
561,2023-08-08,9.43,9.34,9.43,9.32,9.39,62045.9,58062900.0,9.36,9.44,9.904000000000003,10.12,9.6,41.56,-0.19,-0.12,-0.07,烽火电子,计算机、通信和其他电子设备制造业,主板,9.367500000000021,9.421249999999999,9.465000000000003,9.594375000000008,9.816170212765961
561,2023-08-09,9.34,9.31,9.35,9.21,9.34,71505.4,66299300.0,9.36,9.42,9.813000000000004,10.1,9.62,41.05,-0.2,-0.14,-0.06,烽火电子,计算机、通信和其他电子设备制造业,主板,9.362500000000022,9.39875,9.450833333333337,9.516875000000008,9.818936170212769
561,2023-08-10,9.3,9.22,9.3,9.18,9.31,63536.0,58665000.0,9.33,9.39,9.695500000000004,10.07,9.63,39.48,-0.21,-0.15,-0.06,烽火电子,计算机、通信和其他电子设备制造业,主板,9.315000000000023,9.3475,9.408333333333337,9.461875000000008,9.819361702127663
561,2023-08-11,9.25,9.11,9.29,9.1,9.22,77797.9,71410400.0,9.27,9.35,9.612500000000004,10.03,9.63,37.6,-0.22,-0.17,-0.05,烽火电子,计算机、通信和其他电子设备制造业,主板,9.245000000000022,9.30625,9.375833333333336,9.430000000000007,9.818297872340429
561,2023-08-14,9.08,9.21,9.21,9.0,9.11,59790.0,54471500.0,9.24,9.31,9.518000000000004,9.99,9.64,40.38,-0.22,-0.18,-0.04,烽火电子,计算机、通信和其他电子设备制造业,主板,9.212500000000023,9.29,9.351666666666668,9.401875000000008,9.822765957446812
561,2023-08-15,9.25,9.08,9.25,9.04,9.21,53443.0,48774100.0,9.19,9.27,9.444500000000005,9.94,9.64,38.01,-0.23,-0.19,-0.04,烽火电子,计算机、通信和其他电子设备制造业,主板,9.155000000000022,9.25875,9.317500000000003,9.376875000000009,9.824680851063832
561,2023-08-16,9.08,8.93,9.12,8.89,9.08,57210.0,51375100.0,9.11,9.23,9.386000000000006,9.86,9.64,35.42,-0.25,-0.2,-0.05,烽火电子,计算机、通信和其他电子设备制造业,主板,9.082500000000023,9.19875,9.25916666666667,9.32687500000001,9.821489361702131
561,2023-08-17,8.88,9.24,9.25,8.82,8.93,114805.0,104867000.0,9.11,9.22,9.367000000000006,9.81,9.65,43.92,-0.23,-0.21,-0.02,烽火电子,计算机、通信和其他电子设备制造业,主板,9.115000000000023,9.18,9.242500000000003,9.31062500000001,9.82425531914894
561,2023-08-18,9.21,9.12,9.35,9.1,9.24,81686.0,75553800.0,9.12,9.2,9.340000000000007,9.74,9.65,41.64,-0.23,-0.21,-0.02,烽火电子,计算机、通信和其他电子设备制造业,主板,9.092500000000022,9.1525,9.22416666666667,9.28687500000001,9.825744680851066
561,2023-08-21,9.04,9.03,9.35,9.03,9.12,74982.0,68674100.0,9.08,9.16,9.317500000000006,9.68,9.65,39.96,-0.23,-0.21,-0.02,烽火电子,计算机、通信和其他电子设备制造业,主板,9.080000000000023,9.1175,9.19916666666667,9.25812500000001,9.825106382978726
561,2023-08-22,9.03,9.12,9.18,8.92,9.03,78371.3,71112000.0,9.09,9.14,9.287000000000008,9.65,9.66,42.46,-0.21,-0.21,0.0,烽火电子,计算机、通信和其他电子设备制造业,主板,9.127500000000023,9.105,9.175000000000004,9.226250000000011,9.824680851063832
561,2023-08-23,9.05,8.94,9.09,8.86,9.12,91791.0,82109100.0,9.09,9.1,9.259000000000007,9.58,9.66,38.96,-0.22,-0.22,0.0,烽火电子,计算机、通信和其他电子设备制造业,主板,9.052500000000022,9.08375,9.137500000000005,9.195000000000011,9.81808510638298
561,2023-08-24,8.91,8.78,9.03,8.76,8.94,77160.0,68351200.0,9.0,9.06,9.223000000000008,9.48,9.66,36.12,-0.23,-0.22,-0.01,烽火电子,计算机、通信和其他电子设备制造业,主板,8.967500000000022,9.030000000000001,9.090833333333338,9.16000000000001,9.806382978723406
561,2023-08-25,8.7,8.57,8.82,8.53,8.78,91764.3,79419200.0,8.89,9.0,9.177000000000007,9.41,9.65,32.74,-0.26,-0.23,-0.03,烽火电子,计算机、通信和其他电子设备制造业,主板,8.852500000000022,8.96625,9.02916666666667,9.11250000000001,9.78617021276596
561,2023-08-28,8.97,8.73,9.05,8.67,8.57,135064.0,120348000.0,8.83,8.95,9.132000000000007,9.33,9.64,37.53,-0.27,-0.24,-0.03,烽火电子,计算机、通信和其他电子设备制造业,主板,8.755000000000022,8.94125,8.988333333333339,9.07000000000001,9.768510638297874
561,2023-08-29,8.67,8.98,9.01,8.67,8.73,90665.0,80872100.0,8.8,8.94,9.109000000000005,9.28,9.64,44.22,-0.25,-0.24,-0.01,烽火电子,计算机、通信和其他电子设备制造业,主板,8.765000000000022,8.908750000000001,8.977500000000004,9.04437500000001,9.750000000000002
561,2023-08-30,8.99,9.14,9.27,8.98,8.98,104136.0,95414200.0,8.84,8.96,9.099000000000006,9.25,9.64,48.06,-0.21,-0.23,0.02,烽火电子,计算机、通信和其他电子设备制造业,主板,8.855000000000022,8.91125,8.971666666666671,9.031875000000008,9.737872340425534
561,2023-08-31,9.12,9.15,9.18,9.05,9.14,61067.4,55762600.0,8.91,8.96,9.090000000000005,9.23,9.64,48.3,-0.19,-0.22,0.03,烽火电子,计算机、通信和其他电子设备制造业,主板,9.000000000000021,8.926250000000001,8.977500000000004,9.021875000000009,9.7268085106383
561,2023-09-01,9.15,9.1,9.18,9.01,9.15,52539.6,47686900.0,9.02,8.95,9.074500000000004,9.21,9.64,47.13,-0.17,-0.21,0.04,烽火电子,计算机、通信和其他电子设备制造业,主板,9.092500000000022,8.92375,8.991666666666672,9.014375000000008,9.710425531914895
561,2023-09-04,9.1,9.24,9.24,9.07,9.1,60851.4,55811900.0,9.12,8.98,9.067000000000004,9.2,9.65,50.73,-0.13,-0.2,0.07,烽火电子,计算机、通信和其他电子设备制造业,主板,9.157500000000024,8.96125,8.991666666666672,9.022500000000008,9.690638297872342
561,2023-09-05,9.24,9.34,9.38,9.18,9.24,87580.0,81520500.0,9.19,9.0,9.067000000000004,9.19,9.65,53.18,-0.1,-0.18,0.08,烽火电子,计算机、通信和其他电子设备制造业,主板,9.207500000000024,9.03125,9.010000000000005,9.030625000000008,9.67276595744681
561,2023-09-06,9.3,9.46,9.54,9.24,9.34,123719.0,116485000.0,9.26,9.05,9.074500000000004,9.19,9.66,56.0,-0.07,-0.16,0.09,烽火电子,计算机、通信和其他电子设备制造业,主板,9.285000000000025,9.142500000000002,9.04583333333334,9.054375000000007,9.65276595744681
561,2023-09-07,9.46,9.26,9.53,9.24,9.46,101313.0,94794000.0,9.28,9.1,9.076500000000005,9.18,9.66,50.53,-0.05,-0.13,0.08,烽火电子,计算机、通信和其他电子设备制造业,主板,9.325000000000024,9.208750000000002,9.057500000000006,9.075000000000006,9.622340425531917
561,2023-09-08,9.26,9.47,9.51,9.22,9.26,107691.0,101335000.0,9.35,9.19,9.094500000000005,9.18,9.67,55.45,-0.03,-0.11,0.08,烽火电子,计算机、通信和其他电子设备制造业,主板,9.382500000000023,9.270000000000001,9.101666666666672,9.089375000000006,9.58744680851064
561,2023-09-11,9.48,9.37,9.5,9.27,9.47,81093.0,75826300.0,9.38,9.25,9.102500000000004,9.17,9.67,52.76,-0.01,-0.09,0.08,烽火电子,计算机、通信和其他电子设备制造业,主板,9.390000000000022,9.298750000000002,9.15083333333334,9.105000000000006,9.55340425531915
561,2023-09-12,9.35,9.32,9.39,9.28,9.37,64124.0,59781600.0,9.38,9.28,9.114500000000003,9.17,9.67,51.41,0.0,-0.07,0.07,烽火电子,计算机、通信和其他电子设备制造业,主板,9.355000000000022,9.32,9.21333333333334,9.123125000000005,9.517021276595747
561,2023-09-13,9.32,9.18,9.32,9.03,9.32,80239.0,73491700.0,9.32,9.29,9.127000000000004,9.16,9.66,47.74,-0.02,-0.06,0.04,烽火电子,计算机、通信和其他电子设备制造业,主板,9.335000000000022,9.330000000000002,9.250833333333341,9.126875000000005,9.480851063829789
561,2023-09-14,9.21,9.13,9.28,9.08,9.18,63377.0,58221000.0,9.29,9.29,9.121500000000003,9.16,9.65,46.47,-0.02,-0.05,0.03,烽火电子,计算机、通信和其他电子设备制造业,主板,9.250000000000023,9.316250000000002,9.26333333333334,9.138750000000005,9.459787234042555
561,2023-09-15,9.15,9.06,9.2,8.98,9.13,85924.0,77725100.0,9.21,9.28,9.118500000000003,9.14,9.64,44.67,-0.03,-0.05,0.02,烽火电子,计算机、通信和其他电子设备制造业,主板,9.172500000000024,9.281250000000002,9.256666666666673,9.156250000000005,9.415744680851066
561,2023-09-18,9.04,8.95,9.06,8.9,9.06,58950.0,52911800.0,9.13,9.25,9.114500000000003,9.13,9.63,41.92,-0.05,-0.05,0.0,烽火电子,计算机、通信和其他电子设备制造业,主板,9.080000000000025,9.217500000000001,9.240000000000007,9.180000000000005,9.360000000000001
561,2023-09-19,8.95,8.76,9.0,8.73,8.95,72757.0,64090600.0,9.02,9.2,9.096500000000002,9.11,9.61,37.62,-0.08,-0.06,-0.02,烽火电子,计算机、通信和其他电子设备制造业,主板,8.975000000000025,9.155000000000001,9.211666666666675,9.181875000000005,9.317234042553194
561,2023-09-20,8.78,8.75,9.02,8.74,8.76,83623.0,73799200.0,8.93,9.12,9.087000000000002,9.09,9.59,37.4,-0.1,-0.06,-0.04,烽火电子,计算机、通信和其他电子设备制造业,主板,8.880000000000024,9.065000000000001,9.170833333333341,9.167500000000006,9.267234042553193
561,2023-09-21,8.7,8.68,8.86,8.64,8.75,66661.0,58129200.0,8.84,9.07,9.082000000000003,9.07,9.57,35.84,-0.12,-0.08,-0.04,烽火电子,计算机、通信和其他电子设备制造业,主板,8.785000000000023,8.978750000000002,9.115833333333342,9.138750000000005,9.22744680851064
561,2023-09-22,8.71,8.92,8.94,8.63,8.68,82072.4,72246800.0,8.81,9.01,9.099500000000003,9.07,9.55,44.41,-0.12,-0.08,-0.04,烽火电子,计算机、通信和其他电子设备制造业,主板,8.777500000000025,8.92875,9.070833333333342,9.124375000000004,9.202340425531917
561,2023-09-25,8.9,8.72,8.94,8.66,8.92,75583.0,66193700.0,8.77,8.95,9.099000000000002,9.05,9.52,39.66,-0.13,-0.09,-0.04,烽火电子,计算机、通信和其他电子设备制造业,主板,8.767500000000025,8.87125,9.025833333333342,9.100625000000004,9.183191489361704
561,2023-09-26,8.68,8.61,8.71,8.61,8.72,49862.0,43080400.0,8.74,8.88,9.080500000000002,9.04,9.49,37.29,-0.15,-0.1,-0.05,烽火电子,计算机、通信和其他电子设备制造业,主板,8.732500000000025,8.80625,8.954166666666675,9.061250000000005,9.160851063829789
561,2023-09-27,8.61,8.67,8.77,8.59,8.61,47610.4,41330900.0,8.72,8.82,9.057000000000002,9.03,9.45,39.42,-0.15,-0.11,-0.04,烽火电子,计算机、通信和其他电子设备制造业,主板,8.730000000000025,8.7575,8.895833333333341,9.019375000000004,9.143617021276597
561,2023-09-28,8.68,8.87,8.91,8.68,8.67,62656.6,55336100.0,8.76,8.8,9.043000000000003,9.01,9.41,45.98,-0.14,-0.12,-0.02,烽火电子,计算机、通信和其他电子设备制造业,主板,8.717500000000024,8.7475,8.858333333333341,8.982500000000003,9.125319148936171
561,2023-10-09,8.87,8.99,9.05,8.82,8.87,68656.0,61471300.0,8.77,8.79,9.037500000000003,9.01,9.38,49.52,-0.12,-0.12,0.0,烽火电子,计算机、通信和其他电子设备制造业,主板,8.785000000000025,8.77625,8.842500000000008,8.965625000000005,9.114468085106385
561,2023-10-10,8.95,8.95,9.06,8.93,8.99,68290.0,61227400.0,8.82,8.79,9.023000000000001,9.01,9.34,48.38,-0.1,-0.12,0.02,烽火电子,计算机、通信和其他电子设备制造业,主板,8.870000000000026,8.80125,8.82750000000001,8.933125000000004,9.10276595744681
561,2023-10-11,8.95,9.03,9.1,8.89,8.95,57085.9,51398100.0,8.9,8.82,9.007500000000002,9.0,9.33,50.81,-0.09,-0.11,0.02,烽火电子,计算机、通信和其他电子设备制造业,主板,8.960000000000026,8.844999999999999,8.825000000000008,8.911875000000004,9.092978723404256
561,2023-10-12,9.01,9.02,9.05,8.87,9.03,64099.0,57515800.0,8.97,8.85,8.985500000000002,9.01,9.29,50.49,-0.07,-0.1,0.03,烽火电子,计算机、通信和其他电子设备制造业,主板,8.997500000000025,8.857499999999998,8.830833333333342,8.893125000000005,9.08
561,2023-10-13,8.96,8.91,8.99,8.87,9.02,47696.0,42515500.0,8.98,8.87,8.968000000000002,9.01,9.25,46.98,-0.07,-0.1,0.03,烽火电子,计算机、通信和其他电子设备制造业,主板,8.977500000000026,8.881249999999998,8.84333333333334,8.876250000000004,9.06872340425532
561,2023-10-16,8.91,8.82,8.96,8.74,8.91,75526.6,66703300.0,8.95,8.86,8.935500000000001,9.02,9.21,44.27,-0.07,-0.09,0.02,烽火电子,计算机、通信和其他电子设备制造业,主板,8.945000000000025,8.907499999999997,8.849166666666674,8.856875000000004,9.057659574468087
561,2023-10-17,8.84,8.82,8.86,8.67,8.82,53840.6,47108600.0,8.92,8.87,8.908000000000001,9.02,9.18,44.27,-0.07,-0.09,0.02,烽火电子,计算机、通信和其他电子设备制造业,主板,8.892500000000025,8.926249999999998,8.86083333333334,8.841875000000003,9.046808510638298
561,2023-10-18,8.77,8.63,8.79,8.63,8.82,46162.0,40068200.0,8.84,8.87,8.873500000000002,9.01,9.14,38.8,-0.09,-0.09,0.0,烽火电子,计算机、通信和其他电子设备制造业,主板,8.795000000000027,8.896249999999997,8.836666666666671,8.821875000000004,9.030212765957447
561,2023-10-19,8.6,8.6,8.8,8.57,8.63,65559.0,56997800.0,8.76,8.86,8.8445,8.99,9.12,38.0,-0.1,-0.09,-0.01,烽火电子,计算机、通信和其他电子设备制造业,主板,8.717500000000026,8.847499999999997,8.826666666666672,8.811875000000004,9.01340425531915
561,2023-10-20,8.58,8.42,8.68,8.39,8.6,70761.7,59963100.0,8.66,8.82,8.809000000000001,8.97,9.1,33.53,-0.13,-0.1,-0.03,烽火电子,计算机、通信和其他电子设备制造业,主板,8.617500000000026,8.781249999999996,8.810833333333338,8.791250000000003,8.993829787234045
561,2023-10-23,8.4,8.31,8.56,8.25,8.42,63315.4,52952800.0,8.56,8.75,8.7715,8.94,9.08,31.12,-0.15,-0.11,-0.04,烽火电子,计算机、通信和其他电子设备制造业,主板,8.490000000000027,8.691249999999997,8.780833333333339,8.768125000000003,8.972553191489364
561,2023-10-24,8.31,8.34,8.47,8.21,8.31,59909.8,49968000.0,8.46,8.69,8.741000000000001,8.91,9.06,32.55,-0.17,-0.12,-0.05,烽火电子,计算机、通信和其他电子设备制造业,主板,8.417500000000027,8.606249999999998,8.736666666666672,8.731875000000004,8.953829787234044
561,2023-10-25,8.39,8.6,8.7,8.36,8.34,88469.2,75971600.0,8.45,8.65,8.733,8.89,9.04,43.45,-0.16,-0.13,-0.03,烽火电子,计算机、通信和其他电子设备制造业,主板,8.417500000000027,8.567499999999997,8.704166666666671,8.724375000000004,8.942978723404256
561,2023-10-26,8.59,8.71,8.74,8.38,8.6,82931.0,71419400.0,8.48,8.62,8.731000000000002,8.86,9.03,47.32,-0.14,-0.13,-0.01,烽火电子,计算机、通信和其他电子设备制造业,主板,8.490000000000027,8.553749999999997,8.684166666666671,8.730625000000003,8.932340425531915
561,2023-10-27,8.7,8.74,8.76,8.58,8.71,62137.0,53910100.0,8.54,8.6,8.734000000000002,8.84,9.01,48.36,-0.12,-0.13,0.01,烽火电子,计算机、通信和其他电子设备制造业,主板,8.597500000000027,8.543749999999996,8.660000000000004,8.735000000000005,8.925106382978726
561,2023-10-30,8.76,8.88,8.9,8.7,8.74,82645.3,72892000.0,8.65,8.6,8.732000000000003,8.83,9.0,53.02,-0.1,-0.12,0.02,烽火电子,计算机、通信和其他电子设备制造业,主板,8.732500000000027,8.574999999999996,8.648333333333337,8.735625000000004,8.92404255319149
561,2023-10-31,8.8,8.63,8.88,8.62,8.88,85530.0,74592800.0,8.71,8.59,8.727500000000003,8.8,8.99,45.18,-0.09,-0.12,0.03,烽火电子,计算机、通信和其他电子设备制造业,主板,8.740000000000027,8.578749999999996,8.625000000000004,8.713125000000003,8.911063829787235
561,2023-11-01,8.65,8.61,8.77,8.6,8.63,59722.9,51776900.0,8.71,8.58,8.727500000000001,8.78,8.97,44.61,-0.09,-0.11,0.02,烽火电子,计算机、通信和其他电子设备制造业,主板,8.715000000000027,8.602499999999996,8.607500000000003,8.691875000000003,8.900212765957448
561,2023-11-02,8.61,8.44,8.75,8.43,8.61,64832.4,55301500.0,8.66,8.57,8.716000000000001,8.75,8.96,40.01,-0.11,-0.11,0.0,烽火电子,计算机、通信和其他电子设备制造业,主板,8.640000000000025,8.618749999999995,8.575833333333337,8.655000000000003,8.887659574468087
561,2023-11-03,8.45,8.67,8.82,8.44,8.44,89232.4,77512500.0,8.65,8.59,8.706,8.74,8.95,47.85,-0.09,-0.11,0.02,烽火电子,计算机、通信和其他电子设备制造业,主板,8.587500000000025,8.659999999999995,8.579166666666671,8.633125000000001,8.878085106382981
561,2023-11-06,8.69,8.77,8.79,8.66,8.67,71727.9,62614500.0,8.62,8.64,8.695,8.73,8.94,50.86,-0.08,-0.1,0.02,烽火电子,计算机、通信和其他电子设备制造业,主板,8.622500000000025,8.681249999999995,8.593333333333339,8.624375000000002,8.874468085106384
561,2023-11-07,8.84,8.76,8.84,8.63,8.77,75157.0,65460900.0,8.65,8.68,8.685500000000001,8.72,8.93,50.55,-0.06,-0.09,0.03,烽火电子,计算机、通信和其他电子设备制造业,主板,8.660000000000025,8.687499999999996,8.621666666666671,8.620625000000002,8.874042553191492
561,2023-11-08,8.71,8.75,8.8,8.68,8.76,53754.1,46980500.0,8.68,8.7,8.6715,8.72,8.92,50.21,-0.05,-0.08,0.03,烽火电子,计算机、通信和其他电子设备制造业,主板,8.737500000000026,8.688749999999997,8.658333333333339,8.616250000000003,8.877872340425535
561,2023-11-09,8.75,8.67,8.8,8.64,8.75,47439.5,41294200.0,8.72,8.69,8.654,8.72,8.9,47.51,-0.05,-0.08,0.03,烽火电子,计算机、通信和其他电子设备制造业,主板,8.737500000000026,8.662499999999998,8.685833333333338,8.618750000000002,8.876595744680854
561,2023-11-10,8.6,8.71,8.79,8.57,8.67,51447.0,44755700.0,8.73,8.69,8.644,8.72,8.9,48.99,-0.04,-0.07,0.03,烽火电子,计算机、通信和其他电子设备制造业,主板,8.722500000000025,8.6725,8.695000000000006,8.625625000000003,8.870851063829788
561,2023-11-13,8.71,9.09,9.15,8.71,8.71,177000.0,158641000.0,8.8,8.71,8.6575,8.72,8.9,60.41,-0.01,-0.06,0.05,烽火电子,计算机、通信和其他电子设备制造业,主板,8.805000000000026,8.7325,8.726666666666672,8.667500000000004,8.869787234042555
561,2023-11-14,9.13,9.05,9.18,8.96,9.09,101422.0,91736400.0,8.85,8.75,8.669,8.74,8.89,58.91,0.02,-0.04,0.06,烽火电子,计算机、通信和其他电子设备制造业,主板,8.880000000000027,8.80875,8.752500000000005,8.713750000000005,8.867659574468087
561,2023-11-15,9.06,9.07,9.19,8.97,9.05,72695.7,65744900.0,8.92,8.8,8.691,8.75,8.89,59.45,0.04,-0.03,0.07,烽火电子,计算机、通信和其他电子设备制造业,主板,8.980000000000027,8.858749999999999,8.768333333333338,8.759375000000004,8.867021276595747
561,2023-11-16,9.1,9.06,9.19,9.06,9.07,65398.0,59556200.0,9.0,8.86,8.714000000000002,8.76,8.9,59.03,0.05,-0.01,0.06,烽火电子,计算机、通信和其他电子设备制造业,主板,9.067500000000027,8.895,8.804166666666672,8.788125000000004,8.863191489361704
561,2023-11-17,9.04,9.07,9.08,8.97,9.06,48647.0,43919900.0,9.07,8.9,8.746500000000001,8.77,8.89,59.34,0.06,0.0,0.06,烽火电子,计算机、通信和其他电子设备制造业,主板,9.062500000000028,8.933749999999998,8.842500000000005,8.810625000000003,8.85744680851064
561,2023-11-20,9.07,9.17,9.18,9.03,9.07,56511.9,51504700.0,9.08,8.94,8.7895,8.78,8.89,62.38,0.08,0.02,0.06,烽火电子,计算机、通信和其他电子设备制造业,主板,9.09250000000003,8.986249999999998,8.903333333333338,8.837500000000002,8.851276595744682
561,2023-11-21,9.19,9.09,9.2,9.05,9.17,60369.0,55073200.0,9.09,8.97,8.827000000000002,8.78,8.89,58.6,0.09,0.03,0.06,烽火电子,计算机、通信和其他电子设备制造业,主板,9.09750000000003,9.038749999999999,8.938333333333338,8.850625000000003,8.847659574468087
561,2023-11-22,9.12,8.85,9.12,8.83,9.09,72802.6,65033800.0,9.05,8.98,8.839500000000001,8.78,8.89,49.01,0.07,0.04,0.03,烽火电子,计算机、通信和其他电子设备制造业,主板,9.04500000000003,9.056249999999999,8.945000000000006,8.864375000000003,8.834468085106385
561,2023-11-23,8.85,8.94,8.97,8.77,8.85,58211.5,51790100.0,9.02,9.01,8.851,8.77,8.89,52.17,0.07,0.05,0.02,烽火电子,计算机、通信和其他电子设备制造业,主板,9.01250000000003,9.037499999999998,8.960000000000004,8.885000000000002,8.825319148936172
561,2023-11-24,8.98,8.81,8.98,8.76,8.94,53843.0,47539600.0,8.97,9.02,8.8545,8.77,8.89,47.58,0.05,0.05,0.0,烽火电子,计算机、通信和其他电子设备制造业,主板,8.92250000000003,9.007499999999999,8.965000000000005,8.908125000000002,8.814468085106386
561,2023-11-27,8.78,8.86,8.93,8.78,8.81,57095.9,50554400.0,8.91,9.0,8.8535,8.77,8.9,49.43,0.04,0.05,-0.01,烽火电子,计算机、通信和其他电子设备制造业,主板,8.86500000000003,8.98125,8.980833333333338,8.920000000000003,8.807659574468087
561,2023-11-28,8.87,8.82,8.9,8.77,8.86,39451.0,34824900.0,8.86,8.97,8.863,8.77,8.9,47.97,0.03,0.04,-0.01,烽火电子,计算机、通信和其他电子设备制造业,主板,8.85750000000003,8.951249999999998,8.990000000000004,8.923125000000002,8.801063829787235
561,2023-11-29,8.84,8.79,8.85,8.75,8.82,43428.4,38221500.0,8.84,8.95,8.872,8.78,8.89,46.86,0.01,0.04,-0.03,烽火电子,计算机、通信和其他电子设备制造业,主板,8.82000000000003,8.916249999999998,8.965000000000003,8.925000000000002,8.795319148936173
561,2023-11-30,8.78,8.66,8.83,8.6,8.79,49838.0,43360600.0,8.79,8.91,8.883,8.78,8.89,42.28,0.0,0.03,-0.03,烽火电子,计算机、通信和其他电子设备制造业,主板,8.78250000000003,8.852499999999997,8.932500000000003,8.919375000000002,8.789148936170216
561,2023-12-01,8.66,8.75,8.77,8.54,8.66,53070.0,46075600.0,8.78,8.87,8.887,8.79,8.88,46.2,-0.01,0.02,-0.03,烽火电子,计算机、通信和其他电子设备制造业,主板,8.755000000000031,8.809999999999997,8.905833333333335,8.924375000000003,8.78893617021277
561,2023-12-04,8.73,8.89,8.97,8.72,8.75,68266.1,60470100.0,8.78,8.85,8.892999999999999,8.81,8.88,51.69,-0.01,0.01,-0.02,烽火电子,计算机、通信和其他电子设备制造业,主板,8.772500000000031,8.814999999999998,8.89166666666667,8.935625000000003,8.791914893617024
561,2023-12-05,8.89,8.67,8.89,8.66,8.89,61517.5,53800400.0,8.75,8.8,8.888499999999999,8.82,8.87,44.08,-0.01,0.01,-0.02,烽火电子,计算机、通信和其他电子设备制造业,主板,8.742500000000032,8.781249999999998,8.858333333333336,8.909375000000002,8.791702127659578
561,2023-12-06,8.65,8.59,8.71,8.58,8.67,49494.0,42720200.0,8.71,8.78,8.8805,8.82,8.85,41.67,-0.04,0.0,-0.04,烽火电子,计算机、通信和其他电子设备制造业,主板,8.725000000000033,8.753749999999998,8.810000000000004,8.880625000000002,8.784680851063833
561,2023-12-07,8.56,8.58,8.64,8.48,8.59,46350.0,39667900.0,8.7,8.74,8.876000000000001,8.81,8.84,41.37,-0.05,-0.01,-0.04,烽火电子,计算机、通信和其他电子设备制造业,主板,8.682500000000033,8.718749999999998,8.767500000000004,8.850000000000003,8.781702127659576
561,2023-12-08,8.58,8.42,8.65,8.41,8.58,52148.9,44346900.0,8.63,8.7,8.8615,8.8,8.82,36.75,-0.07,-0.02,-0.05,烽火电子,计算机、通信和其他电子设备制造业,主板,8.565000000000033,8.66875,8.731666666666671,8.810000000000002,8.777659574468087
561,2023-12-11,8.37,8.55,8.56,8.32,8.42,63632.3,53927900.0,8.56,8.67,8.8345,8.79,8.81,42.38,-0.07,-0.03,-0.04,烽火电子,计算机、通信和其他电子设备制造业,主板,8.535000000000032,8.638749999999998,8.69916666666667,8.777500000000003,8.775106382978725
561,2023-12-12,8.55,8.6,8.71,8.51,8.55,50725.9,43626000.0,8.55,8.65,8.812,8.79,8.8,44.43,-0.08,-0.04,-0.04,烽火电子,计算机、通信和其他电子设备制造业,主板,8.537500000000033,8.631249999999998,8.68166666666667,8.741875000000004,8.76936170212766
561,2023-12-13,8.59,8.61,8.74,8.54,8.6,54035.0,46667300.0,8.55,8.63,8.788999999999998,8.79,8.78,44.85,-0.07,-0.05,-0.02,烽火电子,计算机、通信和其他电子设备制造业,主板,8.545000000000034,8.613749999999998,8.660833333333336,8.711875000000004,8.761276595744683
561,2023-12-14,8.64,8.62,8.7,8.61,8.61,46022.5,39830600.0,8.56,8.63,8.767,8.8,8.78,45.3,-0.07,-0.05,-0.02,烽火电子,计算机、通信和其他电子设备制造业,主板,8.595000000000033,8.579999999999998,8.64416666666667,8.697500000000005,8.754255319148939
561,2023-12-15,8.61,8.52,8.65,8.51,8.62,39457.0,33751100.0,8.58,8.6,8.7395,8.79,8.76,41.66,-0.08,-0.06,-0.02,烽火电子,计算机、通信和其他电子设备制造业,主板,8.587500000000034,8.561249999999998,8.62166666666667,8.671250000000006,8.74340425531915
561,2023-12-18,8.5,8.33,8.53,8.31,8.52,46800.7,39263500.0,8.54,8.55,8.697500000000002,8.78,8.75,35.77,-0.1,-0.07,-0.03,烽火电子,计算机、通信和其他电子设备制造业,主板,8.520000000000033,8.528749999999997,8.59416666666667,8.641250000000007,8.728723404255321
561,2023-12-19,8.33,8.27,8.35,8.21,8.33,39556.0,32744200.0,8.47,8.51,8.656500000000001,8.76,8.74,34.14,-0.11,-0.07,-0.04,烽火电子,计算机、通信和其他电子设备制造业,主板,8.435000000000034,8.489999999999997,8.554166666666669,8.604375000000008,8.715106382978725
561,2023-12-20,8.28,8.13,8.3,8.13,8.27,44167.1,36205900.0,8.37,8.46,8.620500000000002,8.74,8.73,30.61,-0.14,-0.09,-0.05,烽火电子,计算机、通信和其他电子设备制造业,主板,8.312500000000036,8.453749999999996,8.490833333333336,8.561250000000008,8.700425531914895
561,2023-12-21,8.13,8.22,8.25,8.0,8.13,46035.0,37482000.0,8.29,8.43,8.584500000000002,8.73,8.72,35.24,-0.15,-0.1,-0.05,烽火电子,计算机、通信和其他电子设备制造业,主板,8.237500000000036,8.412499999999996,8.453333333333335,8.525625000000009,8.687659574468087
561,2023-12-22,8.22,8.23,8.38,8.18,8.22,45788.2,37943200.0,8.24,8.41,8.5555,8.71,8.71,35.75,-0.16,-0.11,-0.05,烽火电子,计算机、通信和其他电子设备制造业,主板,8.212500000000038,8.366249999999997,8.423333333333336,8.498750000000008,8.679148936170215
561,2023-12-25,8.2,8.22,8.34,8.19,8.23,38741.2,31930900.0,8.21,8.38,8.523500000000002,8.68,8.7,35.45,-0.16,-0.12,-0.04,烽火电子,计算机、通信和其他电子设备制造业,主板,8.200000000000038,8.317499999999997,8.393333333333336,8.465625000000008,8.671063829787236
561,2023-12-26,8.2,7.96,8.24,7.92,8.22,45975.0,36769300.0,8.15,8.31,8.480500000000003,8.65,8.69,28.66,-0.18,-0.13,-0.05,烽火电子,计算机、通信和其他电子设备制造业,主板,8.157500000000038,8.234999999999996,8.355000000000002,8.40750000000001,8.661276595744683
561,2023-12-27,8.01,8.11,8.13,7.97,7.96,38799.0,31288100.0,8.15,8.26,8.446500000000002,8.61,8.68,36.25,-0.18,-0.14,-0.04,烽火电子,计算机、通信和其他电子设备制造业,主板,8.130000000000038,8.183749999999996,8.318333333333335,8.372500000000011,8.657021276595747
561,2023-12-28,8.1,8.23,8.27,8.01,8.11,44131.9,36097700.0,8.15,8.22,8.425,8.59,8.67,41.6,-0.17,-0.15,-0.02,烽火电子,计算机、通信和其他电子设备制造业,主板,8.130000000000038,8.171249999999997,8.287500000000003,8.35000000000001,8.654680851063834
561,2023-12-29,8.22,8.4,8.43,8.2,8.23,48947.0,40911000.0,8.18,8.21,8.407500000000002,8.56,8.67,48.22,-0.15,-0.15,0.0,烽火电子,计算机、通信和其他电子设备制造业,主板,8.175000000000038,8.187499999999998,8.270000000000003,8.33875000000001,8.650425531914896
561,2024-01-02,8.41,8.61,8.71,8.37,8.4,96617.0,83127200.0,8.26,8.24,8.393500000000003,8.54,8.66,55.01,-0.11,-0.14,0.03,烽火电子,计算机、通信和其他电子设备制造业,主板,8.337500000000038,8.247499999999999,8.269166666666669,8.35062500000001,8.648297872340429
561,2024-01-03,8.57,8.5,8.61,8.43,8.61,53647.4,45709500.0,8.37,8.26,8.385000000000003,8.52,8.65,51.22,-0.09,-0.13,0.04,烽火电子,计算机、通信和其他电子设备制造业,主板,8.435000000000038,8.282499999999999,8.267500000000004,8.347500000000009,8.643191489361705
561,2024-01-04,8.47,8.49,8.56,8.44,8.5,35131.0,29830000.0,8.45,8.3,8.380000000000004,8.51,8.64,50.88,-0.08,-0.12,0.04,烽火电子,计算机、通信和其他电子设备制造业,主板,8.500000000000039,8.314999999999998,8.280833333333335,8.34062500000001,8.63489361702128
561,2024-01-05,8.88,8.67,9.14,8.45,8.49,293143.0,256377000.0,8.53,8.34,8.384500000000003,8.5,8.64,56.53,-0.04,-0.1,0.06,烽火电子,计算机、通信和其他电子设备制造业,主板,8.56750000000004,8.371249999999998,8.31416666666667,8.34437500000001,8.635744680851067
561,2024-01-08,8.66,8.41,9.1,8.4,8.67,252813.0,219744000.0,8.54,8.36,8.384000000000004,8.49,8.63,47.95,-0.04,-0.09,0.05,烽火电子,计算机、通信和其他电子设备制造业,主板,8.517500000000041,8.427499999999998,8.337500000000004,8.33125000000001,8.631489361702132
561,2024-01-09,8.53,8.35,8.53,8.22,8.41,158161.0,132111000.0,8.48,8.37,8.374000000000002,8.47,8.62,46.21,-0.05,-0.08,0.03,烽火电子,计算机、通信和其他电子设备制造业,主板,8.480000000000041,8.457499999999998,8.348333333333336,8.320625000000009,8.62957446808511
561,2024-01-10,8.2,7.94,8.2,7.93,8.35,136386.0,109775000.0,8.37,8.37,8.341000000000003,8.44,8.61,36.46,-0.08,-0.08,0.0,烽火电子,计算机、通信和其他电子设备制造业,主板,8.34250000000004,8.421249999999997,8.324166666666668,8.296250000000008,8.614042553191494
561,2024-01-11,7.98,8.19,8.34,7.92,7.94,115977.0,94451200.0,8.31,8.38,8.320000000000002,8.42,8.6,44.19,-0.09,-0.08,-0.01,烽火电子,计算机、通信和其他电子设备制造业,主板,8.22250000000004,8.394999999999996,8.321666666666669,8.291250000000007,8.601702127659578
561,2024-01-12,8.15,7.99,8.2,7.89,8.19,134138.0,107234000.0,8.18,8.36,8.288500000000003,8.4,8.59,40.0,-0.1,-0.09,-0.01,烽火电子,计算机、通信和其他电子设备制造业,主板,8.117500000000039,8.317499999999995,8.324166666666668,8.282500000000008,8.585319148936176
561,2024-01-15,7.9,7.77,7.94,7.76,7.99,84396.6,66127200.0,8.05,8.29,8.251000000000001,8.37,8.58,35.96,-0.14,-0.1,-0.04,烽火电子,计算机、通信和其他电子设备制造业,主板,7.9725000000000374,8.226249999999995,8.295833333333336,8.254375000000008,8.564468085106387
561,2024-01-16,7.76,7.67,7.85,7.57,7.77,81596.5,62423600.0,7.91,8.2,8.218,8.33,8.57,34.27,-0.17,-0.11,-0.06,烽火电子,计算机、通信和其他电子设备制造业,主板,7.9050000000000376,8.123749999999996,8.24916666666667,8.219375000000008,8.543191489361707
561,2024-01-17,7.67,7.46,7.71,7.46,7.67,56718.0,43142200.0,7.82,8.09,8.1775,8.29,8.55,30.97,-0.21,-0.13,-0.08,烽火电子,计算机、通信和其他电子设备制造业,主板,7.7225000000000374,7.972499999999995,8.170833333333334,8.171875000000009,8.516595744680854
561,2024-01-18,7.47,7.38,7.49,7.17,7.46,83019.6,60570500.0,7.65,7.98,8.14,8.25,8.53,29.79,-0.25,-0.16,-0.09,烽火电子,计算机、通信和其他电子设备制造业,主板,7.570000000000038,7.843749999999995,8.068333333333333,8.135625000000008,8.480212765957452
561,2024-01-19,7.35,7.29,7.45,7.28,7.38,53744.5,39563700.0,7.51,7.85,8.0935,8.2,8.51,28.48,-0.27,-0.18,-0.09,烽火电子,计算机、通信和其他电子设备制造业,主板,7.4500000000000375,7.711249999999995,7.967500000000001,8.084375000000009,8.442765957446813
561,2024-01-22,7.25,6.78,7.29,6.74,7.29,99924.0,69652400.0,7.32,7.68,8.021,8.15,8.48,22.45,-0.34,-0.21,-0.13,烽火电子,计算机、通信和其他电子设备制造业,主板,7.2275000000000365,7.566249999999995,7.825000000000002,7.993750000000008,8.394042553191493
561,2024-01-23,6.75,6.84,6.88,6.66,6.78,77225.0,52347000.0,7.15,7.53,7.952000000000001,8.09,8.44,24.47,-0.38,-0.24,-0.14,烽火电子,计算机、通信和其他电子设备制造业,主板,7.072500000000035,7.3974999999999955,7.672500000000002,7.896250000000007,8.346808510638303
561,2024-01-24,6.85,7.01,7.03,6.72,6.84,73849.0,50898200.0,7.06,7.44,7.9045000000000005,8.04,8.42,30.05,-0.39,-0.27,-0.12,烽火电子,计算机、通信和其他电子设备制造业,主板,6.980000000000035,7.274999999999996,7.555833333333336,7.796250000000007,8.302978723404259
561,2024-01-25,7.03,7.46,7.46,7.01,7.01,110401.0,80375000.0,7.08,7.36,7.872,8.0,8.4,42.21,-0.37,-0.29,-0.08,烽火电子,计算机、通信和其他电子设备制造业,主板,7.022500000000035,7.2362499999999965,7.481666666666669,7.731250000000006,8.266595744680854
561,2024-01-26,7.47,7.5,7.66,7.42,7.46,81530.4,61516800.0,7.12,7.32,7.835500000000001,7.96,8.38,43.16,-0.33,-0.3,-0.03,烽火电子,计算机、通信和其他电子设备制造业,主板,7.202500000000034,7.214999999999996,7.445000000000003,7.669375000000007,8.232765957446812
561,2024-01-29,7.52,7.19,7.57,7.17,7.5,72287.0,52840300.0,7.2,7.26,7.775,7.92,8.36,37.97,-0.33,-0.31,-0.02,烽火电子,计算机、通信和其他电子设备制造业,主板,7.290000000000034,7.181249999999996,7.361666666666669,7.576875000000007,8.197446808510641
561,2024-01-30,7.16,6.99,7.24,6.97,7.19,47689.4,33879300.0,7.23,7.19,7.694,7.88,8.33,35.04,-0.34,-0.31,-0.03,烽火电子,计算机、通信和其他电子设备制造业,主板,7.285000000000034,7.132499999999996,7.278333333333336,7.488125000000007,8.155957446808515
561,2024-01-31,6.99,6.59,7.02,6.57,6.99,84248.0,56794400.0,7.15,7.1,7.5985,7.82,8.29,30.05,-0.37,-0.32,-0.05,烽火电子,计算机、通信和其他电子设备制造业,主板,7.067500000000033,7.0449999999999955,7.180000000000003,7.378125000000008,8.108723404255322
561,2024-02-01,6.59,6.21,6.59,6.17,6.59,130127.0,81774300.0,6.9,6.99,7.4845,7.76,8.25,26.23,-0.43,-0.35,-0.08,烽火电子,计算机、通信和其他电子设备制造业,主板,6.745000000000033,6.9737499999999955,7.058333333333336,7.270000000000008,8.052340425531916
561,2024-02-02,6.21,6.06,6.44,5.83,6.21,110968.0,68484900.0,6.61,6.86,7.354000000000001,7.68,8.2,24.89,-0.48,-0.37,-0.11,烽火电子,计算机、通信和其他电子设备制造业,主板,6.462500000000033,6.876249999999995,6.94166666666667,7.136875000000008,7.993617021276598
561,2024-02-05,6.0,5.47,6.05,5.45,6.06,133278.0,74850900.0,6.26,6.73,7.207000000000001,7.59,8.15,20.45,-0.56,-0.41,-0.15,烽火电子,计算机、通信和其他电子设备制造业,主板,6.082500000000033,6.683749999999995,6.782500000000003,6.979375000000008,7.922978723404258
561,2024-02-06,5.24,5.55,5.72,5.04,5.47,125331.0,67154400.0,5.98,6.6,7.067000000000002,7.5,8.09,22.47,-0.61,-0.45,-0.16,烽火电子,计算机、通信和其他电子设备制造业,主板,5.8225000000000335,6.444999999999995,6.637500000000003,6.840625000000008,7.8568085106383
561,2024-02-07,5.62,5.5,5.69,5.36,5.55,121472.0,67436400.0,5.76,6.45,6.945000000000002,7.42,8.03,22.09,-0.65,-0.49,-0.16,烽火电子,计算机、通信和其他电子设备制造业,主板,5.645000000000033,6.194999999999995,6.530833333333336,6.705000000000008,7.787659574468087
561,2024-02-08,5.51,6.05,6.05,5.41,5.5,130758.0,75523900.0,5.73,6.31,6.838000000000003,7.35,7.98,35.02,-0.62,-0.52,-0.1,烽火电子,计算机、通信和其他电子设备制造业,主板,5.642500000000034,6.052499999999995,6.4650000000000025,6.616875000000008,7.727234042553194
561,2024-02-19,6.1,6.3,6.38,6.05,6.05,109655.0,68692800.0,5.77,6.19,6.7535000000000025,7.29,7.94,39.91,-0.58,-0.53,-0.05,烽火电子,计算机、通信和其他电子设备制造业,主板,5.850000000000034,5.966249999999994,6.405833333333335,6.549375000000008,7.6768085106383
561,2024-02-20,6.27,6.29,6.34,6.15,6.3,52901.6,33140900.0,5.94,6.1,6.679500000000002,7.22,7.89,39.78,-0.54,-0.53,-0.01,烽火电子,计算机、通信和其他电子设备制造业,主板,6.035000000000034,5.928749999999994,6.308333333333336,6.486875000000008,7.627872340425536
561,2024-02-21,6.2,6.37,6.59,6.2,6.29,88374.8,56938500.0,6.1,6.04,6.614500000000002,7.14,7.84,41.41,-0.49,-0.52,0.03,烽火电子,计算机、通信和其他电子设备制造业,主板,6.252500000000034,5.948749999999993,6.21416666666667,6.461250000000009,7.580851063829791
561,2024-02-22,6.43,6.5,6.55,6.36,6.37,76669.3,49589300.0,6.3,6.03,6.566500000000002,7.08,7.8,44.06,-0.44,-0.51,0.07,烽火电子,计算机、通信和其他电子设备制造业,主板,6.365000000000034,6.003749999999993,6.15666666666667,6.440000000000008,7.540000000000004
561,2024-02-23,6.55,6.8,6.82,6.49,6.5,94373.9,62812700.0,6.45,6.09,6.537500000000003,7.02,7.77,49.71,-0.37,-0.48,0.11,烽火电子,计算机、通信和其他电子设备制造业,主板,6.490000000000033,6.169999999999993,6.140833333333337,6.426875000000008,7.502765957446812
561,2024-02-26,6.83,7.03,7.13,6.8,6.8,123252.0,85939200.0,6.6,6.19,6.524500000000003,6.96,7.73,53.58,-0.3,-0.44,0.14,烽火电子,计算机、通信和其他电子设备制造业,主板,6.675000000000033,6.354999999999993,6.177500000000003,6.400000000000008,7.469361702127662
561,2024-02-27,7.1,7.32,7.42,6.96,7.03,106753.0,76762300.0,6.8,6.37,6.5515000000000025,6.93,7.71,57.97,-0.2,-0.39,0.19,烽火电子,计算机、通信和其他电子设备制造业,主板,6.9125000000000325,6.582499999999993,6.270000000000004,6.388750000000009,7.441914893617024
561,2024-02-28,7.4,6.75,7.5,6.73,7.32,152233.0,108737000.0,6.88,6.49,6.547000000000002,6.88,7.67,48.3,-0.19,-0.35,0.16,烽火电子,计算机、通信和其他电子设备制造业,主板,6.975000000000033,6.669999999999994,6.327500000000004,6.361250000000009,7.40212765957447
561,2024-02-29,7.2,7.43,7.43,6.95,6.75,116946.0,85639300.0,7.07,6.68,6.568000000000003,6.86,7.65,57.43,-0.11,-0.3,0.19,烽火电子,计算机、通信和其他电子设备制造业,主板,7.132500000000033,6.811249999999994,6.490833333333337,6.38875000000001,7.378936170212769
561,2024-03-01,8.01,7.43,8.01,7.32,7.43,304893.0,230831000.0,7.19,6.82,6.566500000000003,6.83,7.63,57.43,-0.05,-0.25,0.2,烽火电子,计算机、通信和其他电子设备制造业,主板,7.232500000000034,6.953749999999994,6.647500000000004,6.441250000000009,7.359787234042556
561,2024-03-04,7.43,7.31,7.46,7.19,7.43,156854.0,114499000.0,7.25,6.92,6.557000000000004,6.81,7.61,55.42,-0.01,-0.21,0.2,烽火电子,计算机、通信和其他电子设备制造业,主板,7.230000000000034,7.071249999999995,6.798333333333338,6.51000000000001,7.339361702127663
561,2024-03-05,7.23,7.23,7.43,7.17,7.31,99198.3,72413000.0,7.23,7.02,6.559000000000003,6.79,7.58,54.07,0.02,-0.16,0.18,烽火电子,计算机、通信和其他电子设备制造业,主板,7.350000000000033,7.162499999999994,6.896666666666672,6.58312500000001,7.320212765957451
561,2024-03-06,7.21,7.28,7.34,7.2,7.23,77298.1,56265200.0,7.34,7.11,6.573500000000003,6.78,7.55,54.81,0.04,-0.12,0.16,烽火电子,计算机、通信和其他电子设备制造业,主板,7.312500000000034,7.222499999999995,6.978333333333339,6.69625000000001,7.30021276595745
561,2024-03-07,7.3,7.45,7.66,7.3,7.28,169450.0,126738000.0,7.34,7.2,6.616500000000002,6.78,7.53,57.34,0.07,-0.08,0.15,烽火电子,计算机、通信和其他电子设备制造业,主板,7.3175000000000345,7.274999999999995,7.0750000000000055,6.81500000000001,7.283617021276598
561,2024-03-08,7.4,7.6,7.75,7.33,7.45,149909.0,112915000.0,7.37,7.28,6.686000000000002,6.79,7.52,59.49,0.1,-0.05,0.15,烽火电子,计算机、通信和其他电子设备制造业,主板,7.390000000000035,7.309999999999994,7.177500000000005,6.94625000000001,7.270425531914896
561,2024-03-11,7.63,7.74,7.82,7.51,7.6,171171.0,131207000.0,7.46,7.35,6.770000000000001,6.8,7.5,61.45,0.14,-0.01,0.15,烽火电子,计算机、通信和其他电子设备制造业,主板,7.517500000000035,7.4337499999999945,7.280833333333337,7.05187500000001,7.265744680851067
561,2024-03-12,7.67,7.76,7.85,7.59,7.74,146653.0,112991000.0,7.57,7.4,6.884500000000001,6.83,7.49,61.73,0.17,0.03,0.14,烽火电子,计算机、通信和其他电子设备制造业,主板,7.637500000000035,7.474999999999995,7.360833333333338,7.14312500000001,7.258297872340427
561,2024-03-13,7.69,7.69,7.8,7.61,7.76,121636.0,93719000.0,7.65,7.49,6.9915,6.86,7.48,60.06,0.18,0.06,0.12,烽火电子,计算机、通信和其他电子设备制造业,主板,7.697500000000034,7.507499999999996,7.415833333333338,7.23062500000001,7.246808510638299
561,2024-03-14,7.63,7.54,7.72,7.43,7.69,111065.0,84118400.0,7.67,7.5,7.093500000000001,6.88,7.46,56.54,0.18,0.08,0.1,烽火电子,计算机、通信和其他电子设备制造业,主板,7.682500000000035,7.5362499999999955,7.434166666666672,7.30375000000001,7.228510638297875
561,2024-03-15,7.52,7.59,7.59,7.44,7.54,76886.0,57802800.0,7.66,7.52,7.1705,6.88,7.44,57.43,0.18,0.1,0.08,烽火电子,计算机、通信和其他电子设备制造业,主板,7.645000000000033,7.581249999999995,7.504166666666673,7.37187500000001,7.206808510638299
561,2024-03-18,7.58,7.85,7.86,7.58,7.59,140346.0,108860000.0,7.69,7.57,7.247999999999999,6.9,7.43,61.84,0.2,0.12,0.08,烽火电子,计算机、通信和其他电子设备制造业,主板,7.667500000000034,7.6524999999999945,7.539166666666671,7.43750000000001,7.1929787234042575
561,2024-03-19,7.86,7.92,8.06,7.78,7.85,145771.0,115483000.0,7.72,7.64,7.329499999999999,6.92,7.42,62.96,0.22,0.14,0.08,烽火电子,计算机、通信和其他电子设备制造业,主板,7.725000000000034,7.711249999999994,7.580000000000005,7.49312500000001,7.18085106382979
561,2024-03-20,7.89,8.01,8.02,7.85,7.92,99906.5,79495300.0,7.78,7.72,7.411499999999998,6.95,7.41,64.39,0.24,0.16,0.08,烽火电子,计算机、通信和其他电子设备制造业,主板,7.842500000000035,7.762499999999995,7.638333333333339,7.53625000000001,7.1668085106383
561,2024-03-21,8.01,8.23,8.3,7.87,8.01,196770.0,159496000.0,7.92,7.79,7.4979999999999976,7.01,7.41,67.69,0.27,0.18,0.09,烽火电子,计算机、通信和其他电子设备制造业,主板,8.002500000000033,7.823749999999994,7.721666666666672,7.628750000000009,7.162978723404257
561,2024-03-22,8.12,7.94,8.17,7.87,8.23,132952.0,105981000.0,7.99,7.83,7.554999999999997,7.07,7.41,59.82,0.27,0.2,0.07,烽火电子,计算机、通信和其他电子设备制造业,主板,8.025000000000032,7.846249999999995,7.776666666666672,7.6606250000000085,7.1542553191489375
561,2024-03-25,7.88,7.65,7.95,7.64,7.94,92216.6,72152900.0,7.95,7.82,7.585999999999997,7.12,7.4,53.16,0.23,0.21,0.02,烽火电子,计算机、通信和其他电子设备制造业,主板,7.9575000000000315,7.841249999999995,7.793333333333339,7.674375000000008,7.14808510638298
561,2024-03-26,7.64,7.56,7.77,7.48,7.65,80536.1,61292500.0,7.88,7.8,7.597999999999997,7.19,7.39,51.26,0.21,0.21,0.0,烽火电子,计算机、通信和其他电子设备制造业,主板,7.845000000000033,7.843749999999996,7.790000000000006,7.690000000000008,7.13468085106383
561,2024-03-27,7.6,7.45,7.61,7.29,7.56,93876.3,69480700.0,7.77,7.77,7.632999999999997,7.25,7.38,48.95,0.16,0.2,-0.04,烽火电子,计算机、通信和其他电子设备制造业,主板,7.650000000000033,7.826249999999995,7.76583333333334,7.703750000000007,7.1231914893617025
561,2024-03-28,8.08,8.2,8.2,8.08,7.45,81311.9,66488600.0,7.76,7.84,7.671499999999996,7.34,7.38,61.64,0.2,0.2,0.0,烽火电子,计算机、通信和其他电子设备制造业,主板,7.715000000000033,7.869999999999995,7.802500000000006,7.7612500000000075,7.132340425531916
561,2024-03-29,8.88,8.17,8.88,8.11,8.2,462771.0,391196000.0,7.81,7.9,7.7084999999999955,7.41,7.38,60.99,0.22,0.2,0.02,烽火电子,计算机、通信和其他电子设备制造业,主板,7.845000000000033,7.901249999999994,7.842500000000007,7.806250000000007,7.142978723404256
561,2024-04-01,7.91,8.12,8.29,7.88,8.17,270365.0,217323000.0,7.9,7.92,7.748999999999995,7.47,7.38,59.85,0.23,0.21,0.02,烽火电子,计算机、通信和其他电子设备制造业,主板,7.985000000000032,7.914999999999995,7.89083333333334,7.838750000000006,7.157021276595746
561,2024-04-02,8.03,7.85,8.08,7.77,8.12,206783.0,163566000.0,7.96,7.92,7.779999999999996,7.53,7.37,53.99,0.2,0.21,-0.01,烽火电子,计算机、通信和其他电子设备制造业,主板,8.085000000000031,7.867499999999994,7.912500000000006,7.845625000000006,7.167021276595746
561,2024-04-03,7.76,7.65,7.81,7.52,7.85,138081.0,105487000.0,8.0,7.88,7.798499999999995,7.57,7.36,50.08,0.17,0.2,-0.03,烽火电子,计算机、通信和其他电子设备制造业,主板,7.947500000000031,7.831249999999995,7.89583333333334,7.838750000000005,7.1746808510638305
561,2024-04-08,7.65,7.41,7.67,7.4,7.65,88578.0,66366100.0,7.84,7.8,7.796499999999996,7.6,7.34,45.79,0.13,0.19,-0.06,烽火电子,计算机、通信和其他电子设备制造业,主板,7.7575000000000305,7.801249999999995,7.85333333333334,7.821250000000006,7.188085106382981
561,2024-04-09,7.44,7.46,7.53,7.35,7.41,66270.1,49269100.0,7.7,7.75,7.789499999999997,7.62,7.32,46.81,0.1,0.17,-0.07,烽火电子,计算机、通信和其他电子设备制造业,主板,7.592500000000031,7.788749999999995,7.807500000000005,7.816250000000006,7.201276595744683
561,2024-04-10,7.46,7.25,7.46,7.12,7.46,100233.0,72753100.0,7.52,7.71,7.764999999999996,7.63,7.3,43.13,0.05,0.14,-0.09,烽火电子,计算机、通信和其他电子设备制造业,主板,7.442500000000031,7.763749999999995,7.725833333333338,7.795000000000007,7.206382978723407
561,2024-04-11,7.17,7.23,7.35,7.16,7.25,65391.9,47539300.0,7.4,7.68,7.738499999999997,7.62,7.28,42.79,0.01,0.12,-0.11,烽火电子,计算机、通信和其他电子设备制造业,主板,7.337500000000032,7.642499999999995,7.666666666666672,7.756250000000007,7.201489361702131
561,2024-04-12,7.14,7.13,7.28,7.09,7.23,85147.5,61265600.0,7.3,7.65,7.710499999999996,7.64,7.26,41.02,-0.03,0.09,-0.12,烽火电子,计算机、通信和其他电子设备制造业,主板,7.267500000000033,7.512499999999994,7.623333333333338,7.706875000000006,7.193617021276599
561,2024-04-15,7.14,6.85,7.19,6.68,7.13,132195.0,91210800.0,7.18,7.51,7.675999999999997,7.62,7.24,36.48,-0.08,0.05,-0.13,烽火电子,计算机、通信和其他电子设备制造业,主板,7.115000000000032,7.353749999999994,7.564166666666671,7.634375000000007,7.186382978723407
561,2024-04-16,6.78,6.29,6.82,6.28,6.85,137404.0,89234900.0,6.95,7.32,7.610999999999995,7.58,7.21,29.46,-0.16,0.01,-0.17,烽火电子,计算机、通信和其他电子设备制造业,主板,6.875000000000032,7.158749999999993,7.467500000000005,7.513125000000007,7.171489361702132
561,2024-04-17,6.36,6.84,6.85,6.36,6.29,112140.0,74796400.0,6.87,7.2,7.560499999999996,7.56,7.19,41.39,-0.18,-0.03,-0.15,烽火电子,计算机、通信和其他电子设备制造业,主板,6.777500000000033,7.057499999999993,7.354166666666671,7.444375000000007,7.176808510638302
561,2024-04-18,6.86,6.94,7.07,6.78,6.84,104606.0,72538000.0,6.81,7.1,7.511499999999996,7.56,7.17,43.27,-0.19,-0.06,-0.13,烽火电子,计算机、通信和其他电子设备制造业,主板,6.730000000000033,6.998749999999992,7.251666666666671,7.400000000000007,7.192340425531919
561,2024-04-19,6.9,7.04,7.07,6.89,6.94,84584.4,59108700.0,6.79,7.04,7.4629999999999965,7.55,7.16,45.16,-0.17,-0.08,-0.09,烽火电子,计算机、通信和其他电子设备制造业,主板,6.777500000000034,6.946249999999992,7.1616666666666715,7.367500000000007,7.213191489361707
561,2024-04-22,7.47,7.74,7.74,7.26,7.04,243835.0,185731000.0,6.97,7.08,7.438499999999998,7.56,7.17,56.19,-0.12,-0.09,-0.03,烽火电子,计算机、通信和其他电子设备制造业,主板,7.140000000000034,7.007499999999992,7.152500000000004,7.385625000000006,7.261489361702131
561,2024-04-23,7.78,7.76,8.23,7.57,7.74,477739.0,377909000.0,7.26,7.11,7.429499999999997,7.56,7.17,56.46,-0.07,-0.09,0.02,烽火电子,计算机、通信和其他电子设备制造业,主板,7.370000000000034,7.0737499999999915,7.1616666666666715,7.3581250000000065,7.308510638297876
561,2024-04-24,7.59,7.99,8.1,7.54,7.76,332908.0,261296000.0,7.49,7.18,7.446499999999998,7.57,7.19,59.54,0.0,-0.07,0.07,烽火电子,计算机、通信和其他电子设备制造业,主板,7.632500000000033,7.181249999999991,7.210000000000004,7.346875000000006,7.361489361702131
561,2024-04-25,7.88,7.76,7.93,7.71,7.99,224320.0,174862000.0,7.66,7.23,7.456499999999997,7.57,7.2,55.32,0.02,-0.05,0.07,烽火电子,计算机、通信和其他电子设备制造业,主板,7.812500000000034,7.29499999999999,7.235000000000006,7.324375000000006,7.397872340425535
561,2024-04-26,7.71,7.83,8.0,7.7,7.76,200369.0,157233000.0,7.82,7.3,7.4754999999999985,7.58,7.22,56.33,0.05,-0.03,0.08,烽火电子,计算机、通信和其他电子设备制造业,主板,7.835000000000033,7.487499999999991,7.2833333333333385,7.323125000000006,7.430425531914897
561,2024-04-29,7.71,7.77,7.87,7.68,7.83,186100.0,144157000.0,7.82,7.4,7.453999999999999,7.58,7.23,55.18,0.07,-0.01,0.08,烽火电子,计算机、通信和其他电子设备制造业,主板,7.837500000000032,7.603749999999991,7.328333333333338,7.330625000000006,7.461914893617023
561,2024-04-30,7.53,7.37,7.65,7.33,7.77,208189.0,155090000.0,7.74,7.5,7.414,7.58,7.23,48.1,0.05,0.0,0.05,烽火电子,计算机、通信和其他电子设备制造业,主板,7.682500000000031,7.657499999999992,7.348333333333339,7.328125000000006,7.483191489361704
561,2024-05-06,7.43,7.2,7.46,7.17,7.37,166230.0,120665000.0,7.59,7.54,7.367999999999999,7.55,7.22,45.43,0.02,0.01,0.01,烽火电子,计算机、通信和其他电子设备制造业,主板,7.542500000000032,7.677499999999992,7.377500000000006,7.311875000000007,7.49808510638298
561,2024-05-07,7.18,7.43,7.43,7.14,7.2,176216.0,129470000.0,7.52,7.59,7.3469999999999995,7.54,7.23,49.51,0.01,0.01,0.0,烽火电子,计算机、通信和其他电子设备制造业,主板,7.442500000000033,7.638749999999992,7.472500000000005,7.323125000000006,7.51148936170213
561,2024-05-08,7.46,7.45,7.56,7.32,7.43,174803.0,130527000.0,7.44,7.63,7.336999999999999,7.52,7.24,49.86,0.01,0.01,0.0,烽火电子,计算机、通信和其他电子设备制造业,主板,7.362500000000034,7.599999999999992,7.523333333333338,7.336875000000006,7.520425531914896
561,2024-05-09,7.46,7.68,7.73,7.38,7.45,191693.0,145930000.0,7.43,7.62,7.350499999999999,7.5,7.25,53.84,0.03,0.01,0.02,烽火电子,计算机、通信和其他电子设备制造业,主板,7.440000000000034,7.561249999999991,7.585000000000005,7.371250000000007,7.528085106382981
561,2024-05-10,7.65,7.51,7.72,7.5,7.68,117195.0,88683600.0,7.45,7.6,7.352999999999999,7.49,7.28,50.64,0.02,0.01,0.01,烽火电子,计算机、通信和其他电子设备制造业,主板,7.517500000000035,7.529999999999991,7.624166666666672,7.412500000000008,7.544255319148938
561,2024-05-13,7.46,7.2,7.46,7.16,7.51,106964.0,77520700.0,7.45,7.52,7.3504999999999985,7.47,7.3,45.35,0.0,0.01,-0.01,烽火电子,计算机、通信和其他电子设备制造业,主板,7.460000000000035,7.451249999999991,7.579166666666673,7.469375000000007,7.539361702127661
561,2024-05-14,7.22,7.14,7.3,7.11,7.2,68711.7,49301300.0,7.4,7.46,7.345999999999998,7.46,7.32,44.39,-0.02,0.0,-0.02,烽火电子,计算机、通信和其他电子设备制造业,主板,7.382500000000035,7.372499999999992,7.527500000000006,7.488125000000007,7.533191489361704
561,2024-05-15,7.15,7.08,7.22,7.05,7.14,62880.7,44839300.0,7.32,7.38,7.343499999999999,7.44,7.35,43.39,-0.05,-0.01,-0.04,烽火电子,计算机、通信和其他电子设备制造业,主板,7.2325000000000355,7.336249999999992,7.451666666666672,7.496875000000007,7.528297872340427
561,2024-05-16,7.1,7.14,7.25,7.1,7.08,66976.0,48095800.0,7.21,7.32,7.357999999999999,7.41,7.38,44.73,-0.07,-0.02,-0.05,烽火电子,计算机、通信和其他电子设备制造业,主板,7.140000000000036,7.3287499999999905,7.400000000000006,7.503125000000007,7.5263829787234044
561,2024-05-17,7.17,7.35,7.46,7.11,7.14,112620.0,82246900.0,7.18,7.32,7.410999999999999,7.38,7.4,49.24,-0.05,-0.03,-0.02,烽火电子,计算机、通信和其他电子设备制造业,主板,7.177500000000037,7.31874999999999,7.360000000000006,7.478750000000007,7.527872340425533
561,2024-05-20,7.33,7.34,7.43,7.26,7.35,92571.5,67939400.0,7.21,7.33,7.435999999999998,7.36,7.41,49.03,-0.05,-0.03,-0.02,烽火电子,计算机、通信和其他电子设备制造业,主板,7.2275000000000365,7.304999999999989,7.324166666666673,7.452500000000007,7.525531914893618
561,2024-05-21,7.3,7.19,7.31,7.15,7.34,75085.0,53978000.0,7.22,7.31,7.448499999999998,7.33,7.43,45.94,-0.06,-0.04,-0.02,烽火电子,计算机、通信和其他电子设备制造业,主板,7.255000000000036,7.243749999999989,7.309166666666672,7.402500000000007,7.516808510638298
561,2024-05-22,7.25,7.35,7.38,7.14,7.19,86002.0,62728800.0,7.27,7.3,7.463999999999999,7.32,7.45,49.59,-0.06,-0.04,-0.02,烽火电子,计算机、通信和其他电子设备制造业,主板,7.3075000000000365,7.223749999999989,7.321666666666672,7.376875000000006,7.5085106382978735
561,2024-05-23,7.51,7.4,7.6,7.33,7.35,143983.0,107173000.0,7.33,7.27,7.446999999999998,7.32,7.46,50.71,-0.04,-0.04,0.0,烽火电子,计算机、通信和其他电子设备制造业,主板,7.320000000000036,7.248749999999989,7.319166666666672,7.350000000000007,7.500851063829788
561,2024-05-24,7.38,7.08,7.38,7.06,7.4,122138.0,87307100.0,7.27,7.23,7.412999999999999,7.31,7.47,43.98,-0.06,-0.04,-0.02,烽火电子,计算机、通信和其他电子设备制造业,主板,7.255000000000035,7.241249999999988,7.288333333333338,7.306875000000007,7.487872340425532
561,2024-05-27,7.09,7.01,7.13,6.86,7.08,62217.5,43191500.0,7.21,7.21,7.363999999999999,7.3,7.47,42.64,-0.07,-0.05,-0.02,烽火电子,计算机、通信和其他电子设备制造业,主板,7.2100000000000355,7.232499999999989,7.232500000000006,7.284375000000007,7.476595744680851
561,2024-05-28,7.06,6.94,7.07,6.91,7.01,39921.5,27857400.0,7.16,7.19,7.322999999999999,7.29,7.46,41.29,-0.09,-0.06,-0.03,烽火电子,计算机、通信和其他电子设备制造业,主板,7.1075000000000355,7.207499999999989,7.185000000000006,7.268125000000007,7.462765957446808
561,2024-05-29,6.91,6.94,7.05,6.91,6.94,33627.2,23469600.0,7.07,7.17,7.278499999999998,7.29,7.46,41.29,-0.11,-0.07,-0.04,烽火电子,计算机、通信和其他电子设备制造业,主板,6.992500000000035,7.1562499999999885,7.163333333333338,7.237500000000006,7.443404255319148
561,2024-05-30,6.91,7.17,7.4,6.81,6.94,127601.0,91438200.0,7.03,7.18,7.248499999999997,7.3,7.46,47.61,-0.1,-0.07,-0.03,烽火电子,计算机、通信和其他电子设备制造业,主板,7.015000000000036,7.134999999999987,7.165833333333339,7.220000000000006,7.427446808510638
561,2024-05-31,7.11,7.26,7.34,7.03,7.17,120860.0,86992000.0,7.06,7.17,7.242999999999997,7.33,7.46,49.88,-0.08,-0.08,0.0,烽火电子,计算机、通信和其他电子设备制造业,主板,7.077500000000036,7.143749999999988,7.180833333333339,7.193750000000007,7.411489361702127
561,2024-06-03,7.27,7.05,7.32,6.99,7.26,88094.0,63011900.0,7.07,7.14,7.235499999999997,7.34,7.45,44.98,-0.08,-0.08,0.0,烽火电子,计算机、通信和其他电子设备制造业,主板,7.105000000000035,7.106249999999988,7.173333333333339,7.165000000000006,7.386382978723404
561,2024-06-04,7.03,6.91,7.03,6.84,7.05,61583.0,42524600.0,7.07,7.11,7.209499999999997,7.34,7.45,42.01,-0.1,-0.08,-0.02,烽火电子,计算机、通信和其他电子设备制造业,主板,7.097500000000035,7.044999999999988,7.136666666666673,7.146875000000006,7.364468085106383
561,2024-06-05,6.98,7.03,7.18,6.94,6.91,82453.0,58484800.0,7.08,7.08,7.188499999999998,7.34,7.44,45.34,-0.1,-0.08,-0.02,烽火电子,计算机、通信和其他电子设备制造业,主板,7.062500000000034,7.038749999999989,7.110833333333339,7.140000000000006,7.351276595744681
561,2024-06-06,6.93,6.54,7.0,6.48,7.03,131935.0,87923400.0,6.96,6.99,7.131499999999997,7.3,7.43,36.21,-0.14,-0.1,-0.04,烽火电子,计算机、通信和其他电子设备制造业,主板,6.882500000000034,6.979999999999989,7.056666666666673,7.106250000000006,7.329574468085107
561,2024-06-07,6.63,6.69,6.76,6.58,6.54,66201.0,44260200.0,6.84,6.95,7.090499999999997,7.26,7.41,40.18,-0.15,-0.11,-0.04,烽火电子,计算机、通信和其他电子设备制造业,主板,6.792500000000033,6.948749999999989,7.001666666666673,7.078125000000006,7.313404255319149
561,2024-06-11,6.7,6.71,6.75,6.53,6.69,46448.0,30912200.0,6.78,6.92,7.065999999999998,7.22,7.39,40.71,-0.16,-0.12,-0.04,烽火电子,计算机、通信和其他电子设备制造业,主板,6.742500000000033,6.919999999999989,6.944166666666672,7.038125000000006,7.281702127659575
561,2024-06-12,6.7,6.82,6.88,6.66,6.71,52945.4,36069700.0,6.76,6.91,7.049999999999999,7.19,7.38,43.67,-0.16,-0.13,-0.03,烽火电子,计算机、通信和其他电子设备制造业,主板,6.690000000000033,6.876249999999989,6.922500000000006,7.0056250000000055,7.252978723404255
561,2024-06-13,6.81,6.7,6.86,6.69,6.82,56554.9,38125400.0,6.69,6.89,7.030999999999997,7.15,7.36,41.25,-0.16,-0.13,-0.03,烽火电子,计算机、通信和其他电子设备制造业,主板,6.730000000000034,6.80624999999999,6.896666666666672,6.975000000000006,7.222765957446808
561,2024-06-14,6.69,6.65,6.69,6.52,6.7,74111.3,48842400.0,6.71,6.84,7.006499999999998,7.11,7.35,40.25,-0.17,-0.14,-0.03,烽火电子,计算机、通信和其他电子设备制造业,主板,6.7200000000000335,6.75624999999999,6.872500000000006,6.931250000000007,7.19723404255319
561,2024-06-17,6.58,6.6,6.7,6.56,6.65,41984.0,27750600.0,6.7,6.77,6.9689999999999985,7.09,7.33,39.23,-0.17,-0.15,-0.02,烽火电子,计算机、通信和其他电子设备制造业,主板,6.692500000000033,6.7174999999999905,6.8441666666666725,6.881250000000006,7.174893617021276
561,2024-06-18,6.63,6.8,6.84,6.57,6.6,74036.7,50065400.0,6.71,6.74,6.941999999999998,7.07,7.31,45.23,-0.16,-0.15,-0.01,烽火电子,计算机、通信和其他电子设备制造业,主板,6.687500000000032,6.68874999999999,6.813333333333339,6.863750000000006,7.161914893617021
561,2024-06-19,6.78,6.75,6.88,6.71,6.8,55925.0,38000900.0,6.7,6.73,6.919999999999999,7.05,7.29,44.06,-0.15,-0.15,0.0,烽火电子,计算机、通信和其他电子设备制造业,主板,6.700000000000032,6.71499999999999,6.770833333333338,6.8475000000000055,7.146808510638297
561,2024-06-20,6.74,6.48,6.74,6.47,6.75,80954.0,53062600.0,6.66,6.67,6.876499999999998,7.02,7.27,38.29,-0.17,-0.15,-0.02,烽火电子,计算机、通信和其他电子设备制造业,主板,6.657500000000033,6.68874999999999,6.723333333333339,6.818750000000006,7.130425531914893
561,2024-06-21,6.49,6.51,6.55,6.3,6.48,46405.2,30036800.0,6.63,6.67,6.831999999999998,6.98,7.24,39.24,-0.18,-0.16,-0.02,烽火电子,计算机、通信和其他电子设备制造业,主板,6.635000000000032,6.66374999999999,6.690000000000006,6.791875000000006,7.115106382978722
561,2024-06-24,6.47,6.22,6.47,6.21,6.51,59065.9,37272600.0,6.55,6.62,6.788999999999997,6.94,7.21,33.81,-0.2,-0.17,-0.03,烽火电子,计算机、通信和其他电子设备制造业,主板,6.490000000000031,6.5887499999999894,6.622500000000006,6.732500000000006,7.095744680851064
561,2024-06-25,6.22,6.23,6.33,6.16,6.22,34136.0,21342600.0,6.44,6.58,6.749999999999997,6.9,7.19,34.15,-0.22,-0.18,-0.04,烽火电子,计算机、通信和其他电子设备制造业,主板,6.360000000000031,6.529999999999989,6.596666666666672,6.668125000000006,7.082553191489362
561,2024-06-26,6.2,6.39,6.39,6.13,6.23,43799.0,27529000.0,6.37,6.53,6.722499999999997,6.88,7.17,39.48,-0.21,-0.18,-0.03,烽火电子,计算机、通信和其他电子设备制造业,主板,6.337500000000031,6.497499999999989,6.5716666666666725,6.626875000000006,7.084680851063829
561,2024-06-27,6.41,6.32,6.49,6.31,6.39,39931.0,25580200.0,6.33,6.5,6.691499999999996,6.85,7.15,38.03,-0.22,-0.19,-0.03,烽火电子,计算机、通信和其他电子设备制造业,主板,6.290000000000031,6.462499999999989,6.539166666666673,6.590000000000007,7.073617021276595
561,2024-06-28,6.28,6.41,6.52,6.27,6.32,47875.5,30889000.0,6.31,6.47,6.653499999999997,6.83,7.12,41.03,-0.21,-0.19,-0.02,烽火电子,计算机、通信和其他电子设备制造业,主板,6.337500000000031,6.41374999999999,6.505000000000005,6.551250000000007,7.062340425531915
561,2024-07-01,6.42,6.36,6.46,6.26,6.41,47608.0,30148900.0,6.34,6.45,6.608499999999998,6.8,7.09,39.87,-0.21,-0.2,-0.01,烽火电子,计算机、通信和其他电子设备制造业,主板,6.370000000000031,6.3649999999999896,6.476666666666671,6.540000000000006,7.047872340425532
561,2024-07-02,6.37,6.37,6.49,6.34,6.36,34888.0,22351700.0,6.37,6.4,6.574499999999998,6.76,7.06,40.24,-0.2,-0.2,0.0,烽火电子,计算机、通信和其他电子设备制造业,主板,6.365000000000031,6.35124999999999,6.453333333333338,6.520000000000007,7.0187234042553195
561,2024-07-03,6.39,6.29,6.39,6.27,6.37,30027.0,18940700.0,6.35,6.36,6.543499999999997,6.73,7.03,38.25,-0.2,-0.2,0.0,烽火电子,计算机、通信和其他电子设备制造业,主板,6.357500000000031,6.32374999999999,6.4275000000000055,6.4937500000000075,6.987446808510639
561,2024-07-04,6.26,6.09,6.34,6.06,6.29,47858.7,29428700.0,6.3,6.32,6.4964999999999975,6.69,7.01,33.77,-0.21,-0.2,-0.01,烽火电子,计算机、通信和其他电子设备制造业,主板,6.277500000000031,6.30749999999999,6.368333333333339,6.448125000000008,6.947021276595745
561,2024-07-05,6.06,6.09,6.11,5.96,6.09,39213.0,23667200.0,6.24,6.28,6.473999999999998,6.65,6.99,33.77,-0.21,-0.2,-0.01,烽火电子,计算机、通信和其他电子设备制造业,主板,6.210000000000031,6.28999999999999,6.31333333333334,6.410000000000008,6.911489361702127
561,2024-07-08,6.1,5.89,6.1,5.87,6.09,43426.8,25753900.0,6.15,6.24,6.4339999999999975,6.61,6.96,29.72,-0.23,-0.21,-0.02,烽火电子,计算机、通信和其他电子设备制造业,主板,6.090000000000031,6.22749999999999,6.264166666666672,6.362500000000008,6.870212765957446
561,2024-07-09,5.84,5.97,5.98,5.74,5.89,52331.8,30817700.0,6.07,6.22,6.396999999999998,6.57,6.94,33.17,-0.25,-0.22,-0.03,烽火电子,计算机、通信和其他电子设备制造业,主板,6.010000000000031,6.18374999999999,6.2191666666666725,6.323125000000008,6.8319148936170215
561,2024-07-10,5.91,5.82,6.01,5.8,5.97,48460.0,28595600.0,5.97,6.16,6.346999999999999,6.54,6.91,30.18,-0.26,-0.23,-0.03,烽火电子,计算机、通信和其他电子设备制造业,主板,5.942500000000031,6.1099999999999905,6.185833333333339,6.261875000000008,6.798936170212766
561,2024-07-11,5.88,6.01,6.03,5.84,5.82,63743.2,37905700.0,5.96,6.13,6.312499999999998,6.5,6.9,37.82,-0.25,-0.23,-0.02,烽火电子,计算机、通信和其他电子设备制造业,主板,5.9225000000000305,6.06624999999999,6.167500000000007,6.215625000000008,6.773617021276596
561,2024-07-12,6.02,5.95,6.08,5.91,6.01,43977.2,26299600.0,5.93,6.08,6.277499999999998,6.46,6.88,36.47,-0.24,-0.23,-0.01,烽火电子,计算机、通信和其他电子设备制造业,主板,5.93750000000003,6.013749999999991,6.13083333333334,6.182500000000008,6.742127659574468
561,2024-07-15,5.95,5.88,6.01,5.86,5.95,30314.0,17919300.0,5.93,6.04,6.241499999999998,6.42,6.87,34.89,-0.25,-0.24,-0.01,烽火电子,计算机、通信和其他电子设备制造业,主板,5.91500000000003,5.9624999999999915,6.094166666666673,6.1431250000000075,6.708723404255319
561,2024-07-16,5.88,5.91,5.93,5.83,5.88,27307.8,16069100.0,5.91,5.99,6.196999999999997,6.38,6.86,36.16,-0.24,-0.24,0.0,烽火电子,计算机、通信和其他电子设备制造业,主板,5.93750000000003,5.939999999999991,6.052500000000006,6.123750000000007,6.671063829787235
561,2024-07-17,5.93,5.81,5.94,5.8,5.91,35992.4,21002700.0,5.91,5.94,6.149999999999997,6.34,6.84,33.8,-0.24,-0.24,0.0,烽火电子,计算机、通信和其他电子设备制造业,主板,5.8875000000000295,5.9049999999999905,6.006666666666674,6.097500000000007,6.634893617021278
561,2024-07-18,5.81,5.82,5.85,5.63,5.81,47635.8,27282400.0,5.87,5.92,6.116999999999996,6.3,6.82,34.26,-0.24,-0.24,0.0,烽火电子,计算机、通信和其他电子设备制造业,主板,5.85500000000003,5.89624999999999,5.9608333333333405,6.061875000000007,6.605531914893618
561,2024-07-19,5.79,5.92,5.96,5.78,5.82,40953.7,24119900.0,5.87,5.9,6.087499999999997,6.28,6.79,38.87,-0.23,-0.24,0.01,烽火电子,计算机、通信和其他电子设备制造业,主板,5.8650000000000295,5.889999999999991,5.930000000000007,6.036875000000007,6.579574468085108
561,2024-07-22,5.93,6.05,6.06,5.91,5.92,47670.8,28630800.0,5.9,5.91,6.078999999999996,6.26,6.76,44.34,-0.21,-0.23,0.02,烽火电子,计算机、通信和其他电子设备制造业,主板,5.90000000000003,5.91874999999999,5.926666666666673,6.014375000000007,6.5576595744680874
561,2024-07-23,6.05,5.92,6.09,5.9,6.05,41012.8,24600600.0,5.9,5.91,6.063499999999996,6.23,6.73,40.44,-0.2,-0.22,0.02,烽火电子,计算机、通信和其他电子设备制造业,主板,5.9275000000000295,5.907499999999991,5.912500000000006,5.9868750000000075,6.531702127659577
561,2024-07-24,5.92,5.82,5.94,5.79,5.92,45048.0,26369900.0,5.91,5.91,6.034999999999996,6.2,6.69,37.7,-0.19,-0.22,0.03,烽火电子,计算机、通信和其他电子设备制造业,主板,5.9275000000000295,5.8912499999999905,5.9066666666666725,5.952500000000008,6.499148936170215
561,2024-07-25,5.82,5.94,5.98,5.76,5.82,44826.4,26342900.0,5.93,5.9,6.015999999999996,6.18,6.66,42.72,-0.18,-0.21,0.03,烽火电子,计算机、通信和其他电子设备制造业,主板,5.932500000000029,5.89874999999999,5.904166666666672,5.930625000000007,6.469361702127662
561,2024-07-26,5.94,6.23,6.25,5.9,5.94,80081.9,49185200.0,5.99,5.93,6.006999999999996,6.16,6.64,52.65,-0.15,-0.2,0.05,烽火电子,计算机、通信和其他电子设备制造业,主板,5.977500000000029,5.93874999999999,5.93833333333334,5.939375000000007,6.448936170212769
561,2024-07-29,6.22,6.31,6.36,6.22,6.23,76806.7,48391100.0,6.04,5.97,6.004499999999996,6.15,6.62,54.97,-0.11,-0.18,0.07,烽火电子,计算机、通信和其他电子设备制造业,主板,6.0750000000000295,6.00124999999999,5.963333333333339,5.953125000000007,6.4268085106383
561,2024-07-30,6.27,6.43,6.6,6.27,6.31,87891.7,56474100.0,6.15,6.02,6.007499999999996,6.14,6.61,58.27,-0.07,-0.16,0.09,烽火电子,计算机、通信和其他电子设备制造业,主板,6.227500000000029,6.07749999999999,6.003333333333338,5.9868750000000075,6.406170212765961
561,2024-07-31,6.43,6.66,6.71,6.39,6.43,114346.0,75214300.0,6.31,6.11,6.025999999999995,6.14,6.59,63.76,-0.02,-0.13,0.11,烽火电子,计算机、通信和其他电子设备制造业,主板,6.407500000000029,6.169999999999989,6.068333333333339,6.030000000000007,6.397234042553196
561,2024-08-01,6.66,6.75,6.84,6.64,6.66,102754.0,69260000.0,6.48,6.2,6.058999999999996,6.15,6.58,65.66,0.02,-0.1,0.12,烽火电子,计算机、通信和其他电子设备制造业,主板,6.537500000000029,6.25749999999999,6.138333333333339,6.088125000000007,6.3917021276595785
561,2024-08-02,6.67,6.66,6.85,6.62,6.75,84367.0,56780000.0,6.56,6.28,6.087499999999995,6.15,6.56,62.15,0.05,-0.07,0.12,烽火电子,计算机、通信和其他电子设备制造业,主板,6.625000000000029,6.349999999999989,6.209166666666672,6.128750000000006,6.385744680851069
561,2024-08-05,6.58,6.42,6.8,6.41,6.66,81533.3,53623900.0,6.58,6.31,6.113999999999995,6.16,6.55,53.87,0.06,-0.04,0.1,烽火电子,计算机、通信和其他电子设备制造业,主板,6.622500000000029,6.424999999999989,6.2591666666666725,6.158125000000006,6.374680851063835
561,2024-08-06,6.47,6.6,6.68,6.45,6.42,107950.0,70825900.0,6.62,6.38,6.145499999999996,6.17,6.54,58.35,0.08,-0.02,0.1,烽火电子,计算机、通信和其他电子设备制造业,主板,6.607500000000029,6.50749999999999,6.315833333333338,6.203125000000006,6.362553191489367
561,2024-08-07,6.55,6.77,6.87,6.55,6.6,130130.0,87949300.0,6.64,6.48,6.192999999999996,6.18,6.53,62.09,0.1,0.0,0.1,烽火电子,计算机、通信和其他电子设备制造业,主板,6.612500000000029,6.574999999999989,6.375833333333339,6.256875000000006,6.352127659574474
561,2024-08-08,6.78,6.49,6.85,6.47,6.77,108139.0,71135100.0,6.59,6.53,6.216999999999997,6.19,6.52,53.55,0.09,0.02,0.07,烽火电子,计算机、通信和其他电子设备制造业,主板,6.57000000000003,6.597499999999989,6.423333333333338,6.299375000000006,6.340212765957451
561,2024-08-09,6.5,6.43,6.63,6.43,6.49,54388.0,35312200.0,6.54,6.55,6.240999999999996,6.19,6.51,51.91,0.09,0.04,0.05,烽火电子,计算机、通信和其他电子设备制造业,主板,6.57250000000003,6.597499999999989,6.4741666666666715,6.337500000000006,6.3300000000000045
561,2024-08-12,6.4,6.34,6.44,6.28,6.43,51669.0,32777200.0,6.53,6.56,6.263999999999996,6.19,6.49,49.45,0.07,0.04,0.03,烽火电子,计算机、通信和其他电子设备制造业,主板,6.5075000000000305,6.557499999999989,6.507500000000005,6.363750000000006,6.315319148936175
561,2024-08-13,6.34,6.37,6.44,6.26,6.34,52170.0,33068800.0,6.48,6.55,6.286999999999996,6.19,6.48,50.29,0.06,0.05,0.01,烽火电子,计算机、通信和其他电子设备制造业,主板,6.40750000000003,6.509999999999988,6.519166666666671,6.383750000000006,6.311702127659578
561,2024-08-14,6.32,6.33,6.39,6.31,6.37,28393.1,18027600.0,6.39,6.52,6.312999999999997,6.19,6.46,49.12,0.05,0.05,0.0,烽火电子,计算机、通信和其他电子设备制造业,主板,6.36750000000003,6.468749999999988,6.520833333333338,6.409375000000006,6.304042553191493
561,2024-08-15,6.33,6.34,6.41,6.25,6.33,41561.0,26298400.0,6.36,6.48,6.338999999999997,6.2,6.44,49.43,0.04,0.05,-0.01,烽火电子,计算机、通信和其他电子设备制造业,主板,6.34500000000003,6.458749999999988,6.513333333333338,6.441875000000007,6.296170212765961
561,2024-08-16,6.35,6.27,6.43,6.26,6.34,51001.9,32301600.0,6.33,6.44,6.356499999999998,6.2,6.43,47.2,0.03,0.04,-0.01,烽火电子,计算机、通信和其他电子设备制造业,主板,6.32750000000003,6.417499999999987,6.480833333333337,6.462500000000007,6.284468085106386
561,2024-08-19,6.19,6.25,6.31,6.17,6.27,36563.4,22825000.0,6.31,6.42,6.366499999999997,6.22,6.41,46.56,0.02,0.04,-0.02,烽火电子,计算机、通信和其他电子设备制造业,主板,6.29750000000003,6.352499999999987,6.439166666666671,6.463750000000006,6.274893617021281
561,2024-08-20,6.25,6.14,6.27,6.1,6.25,40321.6,24862300.0,6.27,6.37,6.377499999999997,6.22,6.4,43.06,-0.01,0.03,-0.04,烽火电子,计算机、通信和其他电子设备制造业,主板,6.25000000000003,6.3087499999999865,6.395833333333338,6.453125000000006,6.264042553191493
561,2024-08-22,6.1,6.71,6.71,6.08,6.1,149157.0,97528800.0,6.34,6.37,6.421999999999997,6.25,6.39,59.87,0.02,0.03,-0.01,烽火电子,计算机、通信和其他电子设备制造业,主板,6.3425000000000304,6.343749999999987,6.420000000000004,6.470625000000005,6.266382978723407
561,2024-08-23,7.09,7.04,7.38,6.94,6.71,680668.0,490713000.0,6.48,6.42,6.476999999999997,6.29,6.39,66.1,0.07,0.04,0.03,烽火电子,计算机、通信和其他电子设备制造业,主板,6.535000000000031,6.431249999999986,6.456666666666671,6.494375000000006,6.271489361702131
561,2024-08-26,6.72,6.82,6.86,6.56,7.04,467973.0,314894000.0,6.59,6.46,6.506499999999997,6.31,6.39,59.47,0.1,0.05,0.05,烽火电子,计算机、通信和其他电子设备制造业,主板,6.67750000000003,6.4874999999999865,6.46083333333334,6.4987500000000065,6.272978723404258
561,2024-08-27,6.68,6.36,6.72,6.3,6.82,323527.0,208853000.0,6.61,6.46,6.508999999999998,6.33,6.37,48.51,0.08,0.05,0.03,烽火电子,计算机、通信和其他电子设备制造业,主板,6.73250000000003,6.491249999999987,6.450000000000006,6.480000000000007,6.2704255319148965
561,2024-08-28,6.25,6.09,6.3,6.07,6.36,239736.0,147788000.0,6.6,6.44,6.491999999999997,6.34,6.36,43.44,0.03,0.05,-0.02,烽火电子,计算机、通信和其他电子设备制造业,主板,6.577500000000031,6.459999999999987,6.421666666666674,6.459375000000007,6.2614893617021306
561,2024-08-29,6.06,6.18,6.23,5.9,6.09,196112.0,119927000.0,6.5,6.42,6.467999999999998,6.35,6.35,45.49,0.01,0.04,-0.03,烽火电子,计算机、通信和其他电子设备制造业,主板,6.362500000000031,6.448749999999986,6.408333333333341,6.4331250000000075,6.260638297872343
561,2024-08-30,6.16,6.27,6.39,6.16,6.18,182256.0,114912000.0,6.34,6.41,6.443999999999998,6.36,6.33,47.53,0.0,0.03,-0.03,烽火电子,计算机、通信和其他电子设备制造业,主板,6.225000000000031,6.451249999999986,6.400000000000007,6.4018750000000075,6.26148936170213
561,2024-09-02,6.27,6.11,6.37,6.1,6.27,119394.0,74064600.0,6.2,6.4,6.416499999999999,6.37,6.33,44.35,-0.02,0.02,-0.04,烽火电子,计算机、通信和其他电子设备制造业,主板,6.162500000000031,6.447499999999986,6.381666666666674,6.378125000000008,6.255531914893619
561,2024-09-03,6.16,6.21,6.24,6.1,6.11,95936.4,59181400.0,6.17,6.39,6.406000000000001,6.38,6.32,46.75,-0.03,0.01,-0.04,烽火电子,计算机、通信和其他电子设备制造业,主板,6.192500000000031,6.384999999999986,6.37083333333334,6.364375000000008,6.253191489361704
561,2024-09-04,6.15,6.16,6.25,6.13,6.21,80377.3,49641300.0,6.19,6.4,6.384,6.38,6.31,45.69,-0.04,0.0,-0.04,烽火电子,计算机、通信和其他电子设备制造业,主板,6.187500000000031,6.274999999999985,6.361666666666673,6.3531250000000075,6.247872340425534
561,2024-09-05,6.18,6.29,6.4,6.15,6.16,129410.0,81494600.0,6.21,6.35,6.36,6.4,6.3,48.93,-0.03,0.0,-0.03,烽火电子,计算机、通信和其他电子设备制造业,主板,6.192500000000031,6.208749999999985,6.365000000000006,6.348125000000008,6.246382978723406
561,2024-09-06,6.31,6.1,6.33,6.1,6.29,111883.0,69137500.0,6.17,6.26,6.3405000000000005,6.4,6.29,44.73,-0.04,-0.01,-0.03,烽火电子,计算机、通信和其他电子设备制造业,主板,6.1900000000000315,6.176249999999985,6.361666666666673,6.333750000000007,6.2406382978723425
561,2024-09-09,6.03,6.14,6.23,5.98,6.1,87053.1,53182500.0,6.18,6.19,6.3260000000000005,6.4,6.28,45.78,-0.05,-0.02,-0.03,烽火电子,计算机、通信和其他电子设备制造业,主板,6.172500000000031,6.182499999999985,6.314166666666673,6.321250000000007,6.23744680851064
561,2024-09-10,6.16,6.39,6.58,6.07,6.14,226448.0,142717000.0,6.22,6.19,6.3285,6.4,6.28,51.96,-0.04,-0.02,-0.02,烽火电子,计算机、通信和其他电子设备制造业,主板,6.2300000000000315,6.208749999999985,6.260000000000006,6.328750000000007,6.243829787234045
561,2024-09-11,6.34,6.36,6.43,6.26,6.39,193008.0,122362000.0,6.26,6.22,6.328,6.4,6.27,51.2,-0.03,-0.02,-0.01,烽火电子,计算机、通信和其他电子设备制造业,主板,6.247500000000032,6.219999999999985,6.221666666666674,6.335625000000007,6.249574468085109
561,2024-09-12,6.33,6.49,6.58,6.3,6.36,210103.0,135670000.0,6.3,6.25,6.336,6.4,6.27,54.3,-0.02,-0.02,0.0,烽火电子,计算机、通信和其他电子设备制造业,主板,6.345000000000031,6.267499999999985,6.232500000000006,6.357500000000007,6.262340425531918
561,2024-09-13,6.57,6.35,6.6,6.3,6.49,183976.0,117965000.0,6.35,6.26,6.336500000000001,6.38,6.26,50.58,-0.01,-0.02,0.01,烽火电子,计算机、通信和其他电子设备制造业,主板,6.397500000000031,6.284999999999985,6.254166666666673,6.335000000000007,6.2704255319148965
561,2024-09-18,6.35,6.24,6.38,6.15,6.35,118058.0,73825400.0,6.37,6.27,6.335000000000002,6.37,6.26,47.81,-0.01,-0.02,0.01,烽火电子,计算机、通信和其他电子设备制造业,主板,6.360000000000031,6.294999999999986,6.2591666666666725,6.285000000000006,6.279361702127663
561,2024-09-19,6.28,6.4,6.4,6.16,6.24,115825.0,73238700.0,6.37,6.29,6.342500000000001,6.37,6.26,51.93,-0.01,-0.02,0.01,烽火电子,计算机、通信和其他电子设备制造业,主板,6.370000000000031,6.308749999999986,6.270000000000007,6.258750000000006,6.287659574468089
561,2024-09-20,6.42,7.04,7.04,6.41,6.4,197073.0,135195000.0,6.5,6.38,6.387500000000001,6.38,6.28,64.14,0.05,0.0,0.05,烽火电子,计算机、通信和其他电子设备制造业,主板,6.5075000000000305,6.426249999999985,6.347500000000007,6.301250000000007,6.310851063829791
561,2024-09-23,7.12,7.15,7.2,6.94,7.04,506614.0,358433000.0,6.64,6.47,6.4094999999999995,6.4,6.29,65.75,0.1,0.02,0.08,烽火电子,计算机、通信和其他电子设备制造业,主板,6.70750000000003,6.552499999999985,6.425833333333341,6.367500000000007,6.337872340425536
561,2024-09-24,7.15,7.05,7.15,6.87,7.15,355616.0,248670000.0,6.78,6.56,6.410000000000001,6.41,6.3,62.98,0.14,0.04,0.1,烽火电子,计算机、通信和其他电子设备制造业,主板,6.910000000000029,6.634999999999985,6.500000000000008,6.421875000000007,6.362127659574472
561,2024-09-25,7.06,7.2,7.28,7.02,7.05,412613.0,294743000.0,6.97,6.67,6.429,6.44,6.31,65.34,0.17,0.07,0.1,烽火电子,计算机、通信和其他电子设备制造业,主板,7.11000000000003,6.739999999999985,6.575833333333342,6.4800000000000075,6.391702127659578
561,2024-09-26,7.15,7.22,7.22,7.02,7.2,281444.0,200476000.0,7.13,6.75,6.4719999999999995,6.47,6.33,65.65,0.2,0.09,0.11,烽火电子,计算机、通信和其他电子设备制造业,主板,7.15500000000003,6.831249999999985,6.669166666666675,6.5493750000000075,6.421489361702132
561,2024-09-27,7.2,7.4,7.53,7.17,7.22,355662.0,260336000.0,7.2,6.85,6.5375,6.5,6.35,68.43,0.23,0.12,0.11,烽火电子,计算机、通信和其他电子设备制造业,主板,7.21750000000003,6.962499999999984,6.774166666666676,6.623750000000008,6.452978723404258
561,2024-09-30,7.6,7.95,8.03,7.3,7.4,513653.0,396825000.0,7.36,7.0,6.6259999999999994,6.56,6.37,75.05,0.31,0.16,0.15,烽火电子,计算机、通信和其他电子设备制造业,主板,7.44250000000003,7.1762499999999845,6.904166666666676,6.735625000000009,6.4934042553191516
561,2024-10-08,8.73,8.36,8.73,7.83,7.95,599376.0,497112000.0,7.63,7.2,6.730499999999999,6.62,6.41,78.65,0.39,0.21,0.18,烽火电子,计算机、通信和其他电子设备制造业,主板,7.732500000000031,7.421249999999984,7.070833333333343,6.865000000000008,6.545319148936173
561,2024-10-09,7.95,7.52,8.02,7.52,8.36,332749.0,257764000.0,7.69,7.33,6.800999999999999,6.67,6.44,59.67,0.38,0.24,0.14,烽火电子,计算机、通信和其他电子设备制造业,主板,7.807500000000031,7.481249999999984,7.156666666666676,6.953750000000008,6.58148936170213
561,2024-10-10,7.55,7.54,7.8,7.36,7.52,208298.0,158238000.0,7.75,7.44,6.867499999999998,6.71,6.46,59.91,0.37,0.27,0.1,烽火电子,计算机、通信和其他电子设备制造业,主板,7.842500000000031,7.529999999999984,7.255833333333343,7.041250000000009,6.615531914893619
561,2024-10-11,7.53,7.19,7.53,7.09,7.54,163912.0,118935000.0,7.71,7.46,6.918999999999999,6.74,6.48,53.69,0.33,0.28,0.05,烽火电子,计算机、通信和其他电子设备制造业,主板,7.652500000000031,7.547499999999985,7.335000000000011,7.0912500000000085,6.635957446808513
561,2024-10-14,7.28,7.59,7.63,7.22,7.19,218930.0,163570000.0,7.64,7.5,6.983999999999999,6.77,6.51,58.94,0.33,0.29,0.04,烽火电子,计算机、通信和其他电子设备制造业,主板,7.460000000000031,7.596249999999985,7.434166666666677,7.168125000000009,6.6631914893617035
561,2024-10-15,7.48,7.57,7.78,7.45,7.59,213665.0,162970000.0,7.48,7.55,7.057499999999999,6.79,6.54,58.58,0.32,0.3,0.02,烽火电子,计算机、通信和其他电子设备制造业,主板,7.472500000000031,7.639999999999986,7.478333333333342,7.235625000000009,6.687446808510639
561,2024-10-16,7.51,7.62,7.73,7.44,7.57,171165.0,130540000.0,7.5,7.6,7.1315,6.82,6.57,59.25,0.32,0.3,0.02,烽火电子,计算机、通信和其他电子设备制造业,主板,7.492500000000032,7.667499999999987,7.517500000000009,7.315000000000009,6.707872340425533
561,2024-10-17,7.63,7.64,7.81,7.62,7.62,185908.0,143120000.0,7.52,7.64,7.194,6.86,6.6,59.53,0.31,0.3,0.01,烽火电子,计算机、通信和其他电子设备制造业,主板,7.6050000000000315,7.628749999999986,7.566666666666676,7.40250000000001,6.726808510638298
561,2024-10-18,7.59,7.77,7.88,7.5,7.64,238928.0,184743000.0,7.64,7.68,7.2645,6.92,6.63,61.39,0.31,0.3,0.01,烽火电子,计算机、通信和其他电子设备制造业,主板,7.650000000000031,7.5549999999999855,7.614166666666676,7.488125000000009,6.750425531914893
561,2024-10-21,7.83,8.08,8.18,7.83,7.77,355172.0,285114000.0,7.74,7.69,7.343999999999999,6.98,6.66,65.46,0.34,0.31,0.03,烽火电子,计算机、通信和其他电子设备制造业,主板,7.777500000000032,7.624999999999986,7.685833333333342,7.5531250000000085,6.785744680851063
561,2024-10-22,8.09,7.92,8.09,7.84,8.07,230224.0,182864000.0,7.81,7.64,7.422499999999999,7.03,6.7,61.83,0.34,0.32,0.02,烽火电子,计算机、通信和其他电子设备制造业,主板,7.852500000000032,7.672499999999986,7.729166666666675,7.601250000000007,6.813829787234042
561,2024-10-23,7.95,8.07,8.21,7.88,7.92,275099.0,222765000.0,7.9,7.7,7.5139999999999985,7.1,6.74,63.86,0.35,0.32,0.03,烽火电子,计算机、通信和其他电子设备制造业,主板,7.960000000000033,7.782499999999986,7.739166666666676,7.665000000000007,6.841489361702127
561,2024-10-24,8.1,8.04,8.33,7.83,8.07,233326.0,187358000.0,7.98,7.75,7.595999999999998,7.16,6.77,63.14,0.35,0.33,0.02,烽火电子,计算机、通信和其他电子设备制造业,主板,8.027500000000032,7.838749999999987,7.712500000000009,7.717500000000007,6.874468085106383
561,2024-10-25,8.09,8.84,8.84,8.09,8.04,485607.0,422579000.0,8.19,7.91,7.685999999999998,7.25,6.82,72.15,0.41,0.34,0.07,烽火电子,计算机、通信和其他电子设备制造业,主板,8.217500000000033,7.997499999999987,7.82250000000001,7.818750000000007,6.9257446808510625
561,2024-10-28,9.17,9.72,9.72,9.09,8.84,733298.0,701874000.0,8.52,8.13,7.814499999999998,7.36,6.88,78.41,0.52,0.38,0.14,烽火电子,计算机、通信和其他电子设备制造业,主板,8.667500000000032,8.259999999999987,8.004166666666675,7.963750000000006,6.997659574468085
561,2024-10-29,10.29,9.81,10.69,9.8,9.72,1157990.0,1186270000.0,8.9,8.35,7.952499999999998,7.49,6.95,78.93,0.61,0.43,0.18,烽火电子,计算机、通信和其他电子设备制造业,主板,9.102500000000033,8.531249999999988,8.222500000000009,8.080000000000007,7.070851063829787
561,2024-10-30,9.71,10.28,10.49,9.71,9.81,691008.0,700044000.0,9.34,8.62,8.106499999999999,7.63,7.01,81.45,0.71,0.48,0.23,烽火电子,计算机、通信和其他电子设备制造业,主板,9.662500000000033,8.844999999999988,8.446666666666676,8.200000000000006,7.154893617021276
561,2024-10-31,10.29,10.93,11.31,9.73,10.28,886093.0,933470000.0,9.92,8.95,8.291999999999998,7.78,7.09,84.25,0.84,0.55,0.29,烽火电子,计算机、通信和其他电子设备制造业,主板,10.185000000000034,9.20124999999999,8.726666666666675,8.413125000000006,7.252553191489362
561,2024-11-01,10.5,9.84,10.51,9.84,10.93,438770.0,441177000.0,10.12,9.15,8.413999999999998,7.89,7.15,66.19,0.84,0.61,0.23,烽火电子,计算机、通信和其他电子设备制造业,主板,10.215000000000035,9.44124999999999,8.911666666666676,8.556875000000007,7.328510638297872
561,2024-11-04,8.98,9.54,9.74,8.98,9.84,326301.0,309941000.0,10.08,9.3,8.4935,8.0,7.2,62.23,0.8,0.65,0.15,烽火电子,计算机、通信和其他电子设备制造业,主板,10.147500000000035,9.62499999999999,9.07000000000001,8.703750000000007,7.398510638297873
561,2024-11-05,9.61,9.85,10.1,9.56,9.54,393856.0,388636000.0,10.09,9.49,8.567999999999998,8.11,7.25,64.59,0.79,0.68,0.11,烽火电子,计算机、通信和其他电子设备制造业,主板,10.040000000000035,9.85124999999999,9.243333333333341,8.845000000000006,7.477446808510639
561,2024-11-06,10.09,10.11,10.54,10.05,9.85,476299.0,488448000.0,10.05,9.7,8.697499999999998,8.24,7.31,66.47,0.79,0.7,0.09,烽火电子,计算机、通信和其他电子设备制造业,主板,9.835000000000035,10.00999999999999,9.412500000000009,9.003750000000007,7.549787234042555
561,2024-11-07,9.85,9.93,10.07,9.66,10.11,347793.0,342713000.0,9.85,9.88,8.816999999999998,8.36,7.36,63.93,0.77,0.71,0.06,烽火电子,计算机、通信和其他电子设备制造业,主板,9.857500000000034,10.036249999999988,9.580000000000009,9.148125000000007,7.611276595744682
561,2024-11-08,9.93,10.0,10.18,9.88,9.93,273347.0,274698000.0,9.89,10.0,8.9575,8.46,7.42,64.5,0.75,0.72,0.03,烽火电子,计算机、通信和其他电子设备制造业,主板,9.972500000000034,10.059999999999988,9.740833333333342,9.295625000000008,7.678936170212768
561,2024-11-11,10.01,10.25,10.38,9.87,10.0,329533.0,334986000.0,10.03,10.05,9.090499999999999,8.56,7.48,66.53,0.75,0.73,0.02,烽火电子,计算机、通信和其他电子设备制造业,主板,10.072500000000034,10.056249999999988,9.92500000000001,9.450625000000008,7.761702127659576
561,2024-11-12,10.25,9.83,10.26,9.7,10.25,260129.0,259150000.0,10.02,10.06,9.2035,8.65,7.53,60.3,0.7,0.72,-0.02,烽火电子,计算机、通信和其他电子设备制造业,主板,10.002500000000033,9.918749999999989,10.00750000000001,9.560000000000008,7.841276595744683
561,2024-11-13,9.8,10.04,10.05,9.45,9.83,281114.0,275443000.0,10.01,10.03,9.324499999999999,8.75,7.59,62.2,0.68,0.71,-0.03,烽火电子,计算机、通信和其他电子设备制造业,主板,10.030000000000033,9.943749999999987,10.034166666666676,9.692500000000008,7.923404255319151
561,2024-11-14,9.98,9.61,10.03,9.6,10.04,182274.0,177776000.0,9.95,9.9,9.422999999999998,8.83,7.65,56.24,0.61,0.69,-0.08,烽火电子,计算机、通信和其他电子设备制造业,主板,9.932500000000033,9.952499999999986,10.017500000000007,9.788750000000007,7.994468085106385
561,2024-11-15,9.57,9.29,9.71,9.26,9.61,206979.0,195968000.0,9.8,9.84,9.498999999999999,8.89,7.7,52.24,0.53,0.66,-0.13,烽火电子,计算机、通信和其他电子设备制造业,主板,9.692500000000033,9.882499999999986,9.935000000000008,9.866875000000007,8.06212765957447
561,2024-11-18,9.24,9.05,9.35,8.94,9.29,165983.0,151493000.0,9.56,9.8,9.547499999999998,8.93,7.74,49.39,0.44,0.62,-0.18,烽火电子,计算机、通信和其他电子设备制造业,主板,9.497500000000034,9.749999999999986,9.778333333333341,9.880000000000008,8.122553191489365
561,2024-11-19,8.9,9.12,9.19,8.85,9.05,122195.0,110630000.0,9.42,9.72,9.607499999999998,8.95,7.79,50.24,0.38,0.57,-0.19,烽火电子,计算机、通信和其他电子设备制造业,主板,9.267500000000034,9.648749999999986,9.71833333333334,9.842500000000008,8.18553191489362
561,2024-11-20,9.13,9.37,9.38,9.0,9.12,124081.0,115216000.0,9.29,9.65,9.6725,9.01,7.84,53.26,0.34,0.52,-0.18,烽火电子,计算机、通信和其他电子设备制造业,主板,9.207500000000033,9.569999999999986,9.704166666666675,9.815000000000008,8.251063829787237
561,2024-11-21,9.28,9.36,9.5,9.22,9.37,123941.0,115807000.0,9.24,9.59,9.7385,9.08,7.89,53.13,0.3,0.48,-0.18,烽火电子,计算机、通信和其他电子设备制造业,主板,9.225000000000033,9.458749999999986,9.663333333333343,9.75750000000001,8.320425531914896
561,2024-11-22,9.26,9.78,10.24,9.25,9.36,458071.0,452722000.0,9.34,9.57,9.7855,9.16,7.95,58.07,0.31,0.44,-0.13,烽火电子,计算机、通信和其他电子设备制造业,主板,9.407500000000034,9.452499999999986,9.635833333333343,9.685625000000009,8.397872340425534
561,2024-11-25,9.66,9.29,9.7,9.06,9.78,237807.0,219598000.0,9.38,9.47,9.764,9.22,8.0,51.27,0.26,0.41,-0.15,烽火电子,计算机、通信和其他电子设备制造业,主板,9.450000000000035,9.358749999999986,9.582500000000008,9.651250000000008,8.45957446808511
561,2024-11-26,9.22,8.99,9.48,8.98,9.29,160312.0,146172000.0,9.36,9.39,9.723,9.27,8.03,47.6,0.21,0.37,-0.16,烽火电子,计算机、通信和其他电子设备制造业,主板,9.355000000000036,9.281249999999986,9.49833333333334,9.61687500000001,8.51553191489362
561,2024-11-27,8.99,9.23,9.26,8.75,8.99,157279.0,141628000.0,9.33,9.31,9.6705,9.32,8.07,50.65,0.18,0.33,-0.15,烽火电子,计算机、通信和其他电子设备制造业,主板,9.322500000000037,9.273749999999986,9.413333333333341,9.578125000000009,8.573829787234045
561,2024-11-28,9.2,9.2,9.57,9.19,9.23,147490.0,138091000.0,9.3,9.27,9.584,9.37,8.12,50.25,0.15,0.29,-0.14,烽火电子,计算机、通信和其他电子设备制造业,主板,9.177500000000038,9.292499999999986,9.360833333333341,9.521250000000009,8.634468085106386
561,2024-11-29,9.5,9.28,9.68,9.12,9.2,268847.0,251817000.0,9.2,9.27,9.556,9.42,8.17,51.34,0.13,0.26,-0.13,烽火电子,计算机、通信和其他电子设备制造业,主板,9.175000000000038,9.312499999999986,9.297500000000008,9.480625000000009,8.699148936170214
561,2024-12-02,9.28,9.1,9.29,8.88,9.28,509822.0,460557000.0,9.16,9.27,9.533999999999999,9.46,8.22,48.76,0.1,0.23,-0.13,烽火电子,计算机、通信和其他电子设备制造业,主板,9.202500000000038,9.278749999999985,9.255000000000008,9.424375000000008,8.756595744680853
561,2024-12-03,9.05,9.03,9.08,8.84,9.1,258011.0,231010000.0,9.17,9.26,9.492999999999999,9.49,8.26,47.75,0.07,0.2,-0.13,烽火电子,计算机、通信和其他电子设备制造业,主板,9.152500000000039,9.237499999999985,9.233333333333341,9.348125000000008,8.798936170212768
561,2024-12-04,9.04,8.82,9.16,8.75,9.03,262686.0,234223000.0,9.09,9.21,9.4285,9.52,8.31,44.77,0.03,0.16,-0.13,烽火电子,计算机、通信和其他电子设备制造业,主板,9.05750000000004,9.117499999999986,9.214166666666674,9.285000000000007,8.834468085106385
561,2024-12-05,8.82,8.91,8.99,8.68,8.82,219278.0,194133000.0,9.03,9.16,9.3775,9.55,8.35,46.32,0.01,0.13,-0.12,烽火电子,计算机、通信和其他电子设备制造业,主板,8.965000000000039,9.069999999999986,9.196666666666674,9.214375000000008,8.874042553191492
561,2024-12-06,9.01,9.01,9.15,8.88,8.91,205336.0,185069000.0,8.97,9.09,9.328,9.55,8.4,48.06,0.0,0.11,-0.11,烽火电子,计算机、通信和其他电子设备制造业,主板,8.942500000000038,9.072499999999987,9.166666666666673,9.176875000000006,8.912553191489364
561,2024-12-09,8.93,8.85,8.98,8.76,9.01,170197.0,150711000.0,8.92,9.04,9.258,9.52,8.44,45.52,-0.02,0.08,-0.1,烽火电子,计算机、通信和其他电子设备制造业,主板,8.897500000000038,9.024999999999986,9.124166666666673,9.149375000000006,8.947234042553193
561,2024-12-10,9.02,9.0,9.1,8.91,8.85,244563.0,220244000.0,8.92,9.04,9.216499999999998,9.5,8.49,48.28,-0.03,0.06,-0.09,烽火电子,计算机、通信和其他电子设备制造业,主板,8.942500000000038,8.999999999999986,9.059166666666673,9.146250000000006,8.981276595744683
561,2024-12-11,9.0,9.14,9.15,8.92,9.0,207070.0,187618000.0,8.98,9.03,9.171499999999998,9.46,8.54,50.79,-0.03,0.04,-0.07,烽火电子,计算机、通信和其他电子设备制造业,主板,9.000000000000039,8.982499999999986,9.046666666666674,9.147500000000004,9.006595744680853
561,2024-12-12,9.1,9.23,9.28,8.98,9.14,216322.0,198127000.0,9.05,9.04,9.152499999999998,9.4,8.59,52.39,-0.01,0.03,-0.04,烽火电子,计算机、通信和其他电子设备制造业,主板,9.05500000000004,8.998749999999987,9.066666666666675,9.138750000000003,9.025106382978725
561,2024-12-13,9.19,8.88,9.2,8.86,9.23,209692.0,188179000.0,9.02,9.0,9.131999999999998,9.37,8.63,46.11,-0.03,0.02,-0.05,烽火电子,计算机、通信和其他电子设备制造业,主板,9.06250000000004,8.979999999999986,9.037500000000007,9.108750000000004,9.054042553191492
561,2024-12-16,8.93,8.84,9.1,8.8,8.88,132816.0,118454000.0,9.02,8.97,9.121499999999997,9.35,8.67,45.44,-0.04,0.01,-0.05,烽火电子,计算机、通信和其他电子设备制造业,主板,9.02250000000004,8.982499999999987,9.007500000000007,9.050000000000004,9.081702127659577
561,2024-12-17,8.83,8.46,8.86,8.43,8.84,154980.0,133484000.0,8.91,8.91,9.088499999999998,9.3,8.71,39.57,-0.08,-0.01,-0.07,烽火电子,计算机、通信和其他电子设备制造业,主板,8.85250000000004,8.926249999999989,8.939166666666674,8.998125000000005,9.10872340425532
561,2024-12-18,8.46,8.6,8.64,8.34,8.46,114502.0,97920300.0,8.8,8.89,9.049999999999997,9.25,8.75,42.52,-0.11,-0.03,-0.08,烽火电子,计算机、通信和其他电子设备制造业,主板,8.69500000000004,8.874999999999988,8.897500000000008,8.973750000000004,9.130212765957449
561,2024-12-19,8.5,8.75,8.78,8.43,8.6,106509.0,92020500.0,8.71,8.88,9.019499999999997,9.21,8.78,45.58,-0.11,-0.05,-0.06,烽火电子,计算机、通信和其他电子设备制造业,主板,8.662500000000039,8.862499999999988,8.874166666666675,8.943750000000005,9.155319148936172
561,2024-12-20,8.75,8.76,8.82,8.66,8.75,96658.0,84615300.0,8.68,8.85,8.968499999999995,9.17,8.81,45.79,-0.12,-0.06,-0.06,烽火电子,计算机、通信和其他电子设备制造业,主板,8.642500000000037,8.832499999999989,8.869166666666674,8.916250000000005,9.179574468085109
561,2024-12-23,8.74,8.31,8.78,8.3,8.76,122713.0,103979000.0,8.58,8.8,8.919499999999996,9.1,8.83,38.65,-0.15,-0.08,-0.07,烽火电子,计算机、通信和其他电子设备制造业,主板,8.605000000000038,8.72874999999999,8.819166666666675,8.855625000000005,9.193829787234046
561,2024-12-24,8.31,8.34,8.42,8.16,8.31,88433.0,73307900.0,8.55,8.73,8.886999999999997,9.05,8.85,39.33,-0.17,-0.1,-0.07,烽火电子,计算机、通信和其他电子设备制造业,主板,8.540000000000036,8.617499999999989,8.76333333333334,8.808125000000006,9.205957446808513
561,2024-12-25,8.33,8.12,8.38,8.02,8.34,87362.0,71063100.0,8.46,8.63,8.831499999999997,8.99,8.87,36.16,-0.21,-0.12,-0.09,烽火电子,计算机、通信和其他电子设备制造业,主板,8.382500000000036,8.52249999999999,8.70250000000001,8.751250000000006,9.2068085106383
561,2024-12-26,8.12,8.25,8.32,8.12,8.12,73409.0,60682500.0,8.36,8.53,8.783999999999997,8.95,8.89,39.27,-0.22,-0.14,-0.08,烽火电子,计算机、通信和其他电子设备制造业,主板,8.255000000000036,8.44874999999999,8.64000000000001,8.715625000000006,9.213829787234046
561,2024-12-27,8.41,8.55,8.88,8.35,8.25,213312.0,183396000.0,8.31,8.5,8.747499999999999,8.92,8.91,45.83,-0.2,-0.15,-0.05,烽火电子,计算机、通信和其他电子设备制造业,主板,8.315000000000037,8.45999999999999,8.590833333333341,8.693125000000007,9.224042553191492
561,2024-12-30,8.7,9.19,9.37,8.61,8.55,520853.0,471500000.0,8.49,8.53,8.751999999999999,8.93,8.93,56.59,-0.14,-0.15,0.01,烽火电子,计算机、通信和其他电子设备制造业,主板,8.527500000000035,8.53374999999999,8.587500000000007,8.704375000000008,9.248510638297875
561,2024-12-31,9.0,8.84,9.07,8.75,9.19,314121.0,278544000.0,8.59,8.57,8.742499999999998,8.92,8.93,50.66,-0.12,-0.14,0.02,烽火电子,计算机、通信和其他电子设备制造业,主板,8.707500000000037,8.544999999999991,8.584166666666675,8.703750000000008,9.248510638297875
561,2025-01-02,8.9,8.92,9.25,8.7,8.84,309215.0,276375000.0,8.75,8.6,8.747499999999999,8.9,8.96,51.9,-0.08,-0.13,0.05,烽火电子,计算机、通信和其他电子设备制造业,主板,8.875000000000037,8.56499999999999,8.590833333333341,8.698750000000008,9.23148936170213
561,2025-01-03,8.8,8.22,8.84,8.16,8.92,236761.0,200495000.0,8.74,8.55,8.712999999999997,8.86,8.97,41.96,-0.12,-0.13,0.01,烽火电子,计算机、通信和其他电子设备制造业,主板,8.792500000000036,8.55374999999999,8.570833333333342,8.641250000000007,9.197659574468087
561,2025-01-06,8.07,7.58,8.08,7.44,8.22,253744.0,196692000.0,8.55,8.43,8.641499999999999,8.79,8.98,35.3,-0.19,-0.14,-0.05,烽火电子,计算机、通信和其他电子设备制造业,主板,8.390000000000036,8.45874999999999,8.485833333333343,8.538125000000008,9.14021276595745
561,2025-01-07,7.59,7.81,7.82,7.45,7.58,160012.0,122012000.0,8.27,8.38,8.5895,8.74,8.98,39.05,-0.23,-0.16,-0.07,烽火电子,计算机、通信和其他电子设备制造业,主板,8.132500000000036,8.41999999999999,8.40750000000001,8.471250000000008,9.073829787234045
561,2025-01-08,7.73,7.77,7.84,7.33,7.81,190851.0,145602000.0,8.06,8.32,8.528,8.7,8.98,38.63,-0.27,-0.18,-0.09,烽火电子,计算机、通信和其他电子设备制造业,主板,7.845000000000034,8.359999999999989,8.325000000000008,8.404375000000009,9.029787234042557
561,2025-01-09,7.77,7.89,7.96,7.71,7.77,128618.0,101130000.0,7.85,8.3,8.4655,8.65,8.99,40.68,-0.28,-0.2,-0.08,烽火电子,计算机、通信和其他电子设备制造业,主板,7.762500000000035,8.27749999999999,8.290000000000008,8.368750000000007,8.994680851063832
561,2025-01-10,8.15,8.68,8.68,8.09,7.89,173896.0,148216000.0,7.95,8.35,8.438,8.64,9.0,52.06,-0.22,-0.2,-0.02,烽火电子,计算机、通信和其他电子设备制造业,主板,8.037500000000035,8.21374999999999,8.318333333333342,8.373750000000008,8.969787234042554
561,2025-01-13,8.68,8.29,8.69,8.18,8.68,395068.0,330022000.0,8.09,8.32,8.4085,8.6,9.01,47.24,-0.21,-0.21,0.0,烽火电子,计算机、通信和其他电子设备制造业,主板,8.157500000000034,8.144999999999989,8.332500000000008,8.345000000000008,8.931063829787236
561,2025-01-14,8.36,8.68,8.86,8.22,8.29,352720.0,300262000.0,8.26,8.27,8.400500000000001,8.59,9.02,52.02,-0.16,-0.2,0.04,烽火电子,计算机、通信和其他电子设备制造业,主板,8.385000000000034,8.11499999999999,8.368333333333341,8.340000000000009,8.904468085106386
561,2025-01-15,8.55,8.51,8.8,8.46,8.68,241306.0,207415000.0,8.41,8.24,8.403,8.57,9.03,49.9,-0.13,-0.18,0.05,烽火电子,计算机、通信和其他电子设备制造业,主板,8.540000000000033,8.15124999999999,8.365000000000009,8.352500000000008,8.872765957446811
561,2025-01-16,8.52,8.35,8.6,8.23,8.51,214655.0,180209000.0,8.5,8.18,8.3905,8.56,9.04,47.92,-0.13,-0.17,0.04,烽火电子,计算机、通信和其他电子设备制造业,主板,8.457500000000033,8.24749999999999,8.295000000000009,8.353125000000007,8.832340425531918
561,2025-01-17,8.35,8.83,9.19,8.07,8.35,480018.0,419560000.0,8.53,8.24,8.3945,8.56,9.05,53.84,-0.08,-0.15,0.07,烽火电子,计算机、通信和其他电子设备制造业,主板,8.592500000000033,8.37499999999999,8.294166666666674,8.397500000000008,8.811063829787237
561,2025-01-20,8.62,8.55,8.74,8.48,8.83,267542.0,229435000.0,8.58,8.34,8.384000000000002,8.54,9.05,50.25,-0.06,-0.14,0.08,烽火电子,计算机、通信和其他电子设备制造业,主板,8.560000000000032,8.47249999999999,8.26333333333334,8.416250000000009,8.779361702127662
561,2025-01-21,8.58,8.42,8.61,8.28,8.55,163617.0,137313000.0,8.53,8.4,8.389500000000002,8.53,9.02,48.63,-0.07,-0.12,0.05,烽火电子,计算机、通信和其他电子设备制造业,主板,8.537500000000033,8.53874999999999,8.280000000000008,8.408125000000007,8.754042553191491
561,2025-01-22,8.35,8.16,8.35,8.11,8.42,144545.0,118435000.0,8.46,8.44,8.380500000000001,8.5,9.0,45.47,-0.08,-0.11,0.03,烽火电子,计算机、通信和其他电子设备制造业,主板,8.490000000000032,8.473749999999988,8.328333333333342,8.343750000000007,8.730000000000002
561,2025-01-23,8.21,8.0,8.39,8.0,8.16,160482.0,131616000.0,8.39,8.45,8.374500000000001,8.46,8.96,43.59,-0.1,-0.11,0.01,烽火电子,计算机、通信和其他电子设备制造业,主板,8.282500000000033,8.43749999999999,8.344166666666675,8.291250000000007,8.707659574468087
561,2025-01-24,7.78,7.86,7.95,7.61,8.0,186733.0,145316000.0,8.2,8.36,8.355,8.41,8.91,41.96,-0.14,-0.12,-0.02,烽火电子,计算机、通信和其他电子设备制造业,主板,8.110000000000031,8.33499999999999,8.351666666666675,8.225000000000009,8.68085106382979
561,2025-01-27,7.89,7.69,7.95,7.66,7.86,110638.0,86181000.0,8.03,8.3,8.312000000000001,8.37,8.87,40.0,-0.18,-0.13,-0.05,烽火电子,计算机、通信和其他电子设备制造业,主板,7.92750000000003,8.23249999999999,8.335000000000008,8.191875000000008,8.645106382978726
561,2025-02-05,7.78,7.82,7.84,7.72,7.69,87776.0,68403000.0,7.91,8.22,8.243500000000001,8.34,8.84,42.22,-0.19,-0.14,-0.05,烽火电子,计算机、通信和其他电子设备制造业,主板,7.8425000000000304,8.166249999999991,8.26333333333334,8.206875000000007,8.612340425531917
561,2025-02-06,7.82,8.02,8.02,7.75,7.82,125942.0,99714000.0,7.88,8.17,8.2025,8.33,8.81,45.56,-0.18,-0.15,-0.03,烽火电子,计算机、通信和其他电子设备制造业,主板,7.84750000000003,8.06499999999999,8.24083333333334,8.220000000000008,8.574893617021278
561,2025-02-07,7.99,8.16,8.22,7.96,8.02,183815.0,149292000.0,7.91,8.15,8.1645,8.31,8.78,47.83,-0.16,-0.15,-0.01,烽火电子,计算机、通信和其他电子设备制造业,主板,7.922500000000031,8.01624999999999,8.197500000000005,8.244375000000007,8.55085106382979
561,2025-02-10,8.18,8.35,8.36,8.15,8.16,174807.0,144303000.0,8.01,8.1,8.171000000000001,8.3,8.75,50.83,-0.14,-0.15,0.01,烽火电子,计算机、通信和其他电子设备制造业,主板,8.087500000000032,8.00749999999999,8.184166666666671,8.273125000000007,8.537234042553195
561,2025-02-11,8.31,8.2,8.32,8.17,8.35,111191.0,91253400.0,8.11,8.07,8.202,8.28,8.72,48.46,-0.12,-0.14,0.02,烽火电子,计算机、通信和其他电子设备制造业,主板,8.182500000000031,8.01249999999999,8.171666666666672,8.243125000000006,8.515319148936172
561,2025-02-12,8.21,8.3,8.4,8.19,8.2,153077.0,126930000.0,8.21,8.06,8.2265,8.28,8.69,50.13,-0.1,-0.13,0.03,烽火电子,计算机、通信和其他电子设备制造业,主板,8.252500000000033,8.04999999999999,8.127500000000005,8.243750000000007,8.496170212765959
561,2025-02-13,8.25,8.17,8.34,8.13,8.3,140772.0,115769000.0,8.24,8.06,8.2465,8.27,8.66,47.96,-0.1,-0.13,0.03,烽火电子,计算机、通信和其他电子设备制造业,主板,8.255000000000035,8.08874999999999,8.095833333333339,8.211875000000006,8.472553191489364
561,2025-02-14,8.13,8.15,8.21,8.07,8.17,119128.0,97004700.0,8.23,8.07,8.2595,8.27,8.63,47.62,-0.09,-0.12,0.03,烽火电子,计算机、通信和其他电子设备制造业,主板,8.205000000000034,8.146249999999991,8.07333333333334,8.189375000000007,8.452340425531917
561,2025-02-17,8.16,8.29,8.3,8.16,8.15,132165.0,109045000.0,8.22,8.11,8.239999999999998,8.28,8.61,50.29,-0.08,-0.11,0.03,烽火电子,计算机、通信和其他电子设备制造业,主板,8.227500000000035,8.204999999999991,8.084166666666674,8.185625000000007,8.436595744680854
561,2025-02-18,8.25,7.94,8.29,7.9,8.29,136217.0,110460000.0,8.17,8.14,8.2225,8.25,8.59,44.22,-0.09,-0.11,0.02,烽火电子,计算机、通信和其他电子设备制造业,主板,8.137500000000035,8.194999999999991,8.079166666666673,8.130000000000006,8.417872340425536
561,2025-02-19,7.94,8.14,8.14,7.93,7.94,92482.0,74709500.0,8.14,8.17,8.1955,8.22,8.57,48.08,-0.09,-0.1,0.01,烽火电子,计算机、通信和其他电子设备制造业,主板,8.130000000000035,8.192499999999992,8.102500000000006,8.104375000000005,8.40148936170213
561,2025-02-20,8.15,8.5,8.53,8.15,8.14,254684.0,213971000.0,8.2,8.22,8.194999999999999,8.21,8.56,54.22,-0.05,-0.09,0.04,烽火电子,计算机、通信和其他电子设备制造业,主板,8.217500000000035,8.211249999999993,8.170000000000007,8.109375000000005,8.390638297872343
561,2025-02-21,8.48,8.36,8.5,8.33,8.5,155552.0,130215000.0,8.25,8.24,8.1955,8.19,8.55,51.66,-0.03,-0.08,0.05,烽火电子,计算机、通信和其他电子设备制造业,主板,8.235000000000035,8.231249999999992,8.215000000000005,8.121875000000005,8.380212765957449
561,2025-02-24,8.36,8.41,8.53,8.27,8.36,148568.0,125029000.0,8.27,8.25,8.174499999999998,8.2,8.53,52.52,-0.01,-0.07,0.06,烽火电子,计算机、通信和其他电子设备制造业,主板,8.352500000000035,8.244999999999992,8.247500000000006,8.147500000000004,8.367659574468089
561,2025-02-25,8.33,8.46,8.63,8.23,8.41,162686.0,137178000.0,8.37,8.27,8.169999999999998,8.23,8.51,53.41,0.0,-0.05,0.05,烽火电子,计算机、通信和其他电子设备制造业,主板,8.432500000000035,8.281249999999991,8.272500000000006,8.185000000000004,8.353191489361706
561,2025-02-26,8.48,8.54,8.73,8.46,8.46,180260.0,154370000.0,8.45,8.3,8.175999999999998,8.25,8.49,54.88,0.02,-0.04,0.06,烽火电子,计算机、通信和其他电子设备制造业,主板,8.442500000000035,8.329999999999991,8.28833333333334,8.238125000000004,8.338510638297874
561,2025-02-27,8.52,8.41,8.57,8.29,8.54,138647.0,116495000.0,8.44,8.32,8.1885,8.27,8.49,52.02,0.03,-0.02,0.05,烽火电子,计算机、通信和其他电子设备制造业,主板,8.455000000000034,8.344999999999992,8.305833333333338,8.275000000000004,8.328510638297876
561,2025-02-28,8.41,8.15,8.41,8.13,8.41,114340.0,94344500.0,8.39,8.32,8.196,8.28,8.47,46.76,0.01,-0.02,0.03,烽火电子,计算机、通信和其他电子设备制造业,主板,8.390000000000033,8.371249999999993,8.293333333333338,8.283125000000004,8.313829787234047
561,2025-03-03,8.21,8.14,8.3,8.1,8.15,96489.0,79155600.0,8.34,8.31,8.209999999999999,8.26,8.45,46.57,-0.01,-0.02,0.01,烽火电子,计算机、通信和其他电子设备制造业,主板,8.310000000000032,8.371249999999993,8.290833333333339,8.281875000000005,8.307021276595748
561,2025-03-04,8.12,8.38,8.39,8.08,8.14,135742.0,112714000.0,8.32,8.35,8.244499999999999,8.26,8.43,51.76,0.0,-0.01,0.01,烽火电子,计算机、通信和其他电子设备制造业,主板,8.270000000000033,8.356249999999992,8.310000000000004,8.283750000000005,8.302340425531918
561,2025-03-05,8.35,8.58,8.6,8.31,8.38,197952.0,168537000.0,8.33,8.39,8.2825,8.26,8.43,55.63,0.02,-0.01,0.03,烽火电子,计算机、通信和其他电子设备制造业,主板,8.312500000000032,8.383749999999992,8.33416666666667,8.307500000000006,8.298723404255322
561,2025-03-06,8.54,8.58,8.62,8.45,8.58,174007.0,148838000.0,8.37,8.4,8.310500000000001,8.26,8.42,55.63,0.04,0.0,0.04,烽火电子,计算机、通信和其他电子设备制造业,主板,8.420000000000032,8.404999999999992,8.387500000000005,8.325000000000006,8.294893617021279
561,2025-03-07,8.54,8.6,8.8,8.5,8.58,206699.0,178897000.0,8.46,8.43,8.3325,8.27,8.41,56.04,0.05,0.01,0.04,烽火电子,计算机、通信和其他电子设备制造业,主板,8.535000000000032,8.422499999999992,8.425833333333337,8.351875000000007,8.301063829787237
561,2025-03-10,8.6,8.67,8.74,8.59,8.6,149471.0,129644000.0,8.56,8.45,8.3485,8.27,8.41,57.52,0.07,0.02,0.05,烽火电子,计算机、通信和其他电子设备制造业,主板,8.607500000000032,8.438749999999992,8.440000000000003,8.384375000000006,8.308085106382983
561,2025-03-11,8.59,8.8,8.8,8.48,8.67,191711.0,167136000.0,8.65,8.49,8.3785,8.28,8.41,60.19,0.1,0.04,0.06,烽火电子,计算机、通信和其他电子设备制造业,主板,8.662500000000033,8.487499999999992,8.47666666666667,8.416250000000007,8.322553191489366
561,2025-03-12,8.81,8.75,8.93,8.73,8.8,201754.0,177741000.0,8.68,8.51,8.401,8.29,8.41,58.66,0.1,0.05,0.05,烽火电子,计算机、通信和其他电子设备制造业,主板,8.705000000000034,8.562499999999991,8.505000000000004,8.466875000000007,8.333191489361706
561,2025-03-13,8.89,8.79,8.95,8.6,8.75,218389.0,190835000.0,8.72,8.54,8.432,8.31,8.4,59.55,0.12,0.06,0.06,烽火电子,计算机、通信和其他电子设备制造业,主板,8.752500000000033,8.643749999999992,8.532500000000004,8.507500000000007,8.33829787234043
561,2025-03-14,8.91,8.82,8.93,8.61,8.79,183184.0,160479000.0,8.77,8.61,8.4655,8.33,8.4,60.23,0.13,0.08,0.05,烽火电子,计算机、通信和其他电子设备制造业,主板,8.790000000000033,8.698749999999993,8.555833333333338,8.527500000000007,8.330425531914898
561,2025-03-17,8.83,8.66,8.85,8.65,8.82,148403.0,129079000.0,8.76,8.66,8.484,8.36,8.39,54.88,0.12,0.09,0.03,烽火电子,计算机、通信和其他电子设备制造业,主板,8.755000000000035,8.708749999999993,8.57666666666667,8.546250000000008,8.326595744680857
561,2025-03-18,8.66,8.62,8.71,8.59,8.66,110767.0,95618100.0,8.73,8.69,8.518,8.39,8.38,53.59,0.11,0.09,0.02,烽火电子,计算机、通信和其他电子设备制造业,主板,8.722500000000034,8.713749999999994,8.615833333333336,8.559375000000008,8.320212765957452
561,2025-03-19,8.61,8.56,8.73,8.51,8.62,106901.0,91915600.0,8.69,8.68,8.539000000000001,8.42,8.38,51.64,0.1,0.09,0.01,烽火电子,计算机、通信和其他电子设备制造业,主板,8.665000000000035,8.708749999999995,8.650833333333336,8.565625000000008,8.327446808510643
561,2025-03-20,8.56,8.66,8.75,8.5,8.56,154041.0,133427000.0,8.66,8.69,8.547,8.44,8.38,54.61,0.1,0.09,0.01,烽火电子,计算机、通信和其他电子设备制造业,主板,8.625000000000034,8.707499999999994,8.67416666666667,8.573125000000008,8.3504255319149
561,2025-03-21,8.63,8.63,8.8,8.53,8.66,180061.0,156180000.0,8.63,8.7,8.560500000000001,8.45,8.38,53.55,0.09,0.09,0.0,烽火电子,计算机、通信和其他电子设备制造业,主板,8.617500000000035,8.686249999999994,8.678333333333336,8.586875000000008,8.367872340425537
561,2025-03-24,8.56,8.25,8.6,8.07,8.63,198930.0,164506000.0,8.54,8.65,8.552500000000002,8.45,8.37,42.32,0.06,0.09,-0.03,烽火电子,计算机、通信和其他电子设备制造业,主板,8.525000000000036,8.623749999999994,8.650833333333336,8.593125000000008,8.378085106382985
561,2025-03-25,8.3,8.28,8.42,8.21,8.25,98794.0,82309800.0,8.48,8.6,8.543500000000002,8.45,8.37,43.33,0.03,0.08,-0.05,烽火电子,计算机、通信和其他电子设备制造业,主板,8.455000000000036,8.559999999999995,8.624166666666671,8.601875000000007,8.38638297872341
