code,timestamps,open,close,high,low,ycp,vol,amount,MA5,MA10,MA20,MA30,MA60,MSI,DIF,DEA,MACD_Hist,name,industry,block,MA4,MA8,MA12,MA16,MA47
2376,2018-04-02,17.17,16.97,17.42,16.76,17.08,135688.0,231974000.0,,,16.97,,,,0.0,0.0,0.0,新北洋,计算机、通信和其他电子设备制造业,主板,16.97,16.97,16.97,16.97,16.97
2376,2018-04-03,16.64,16.86,16.96,16.36,16.97,123343.0,205431000.0,,,16.915,,,,-0.01,0.0,-0.01,新北洋,计算机、通信和其他电子设备制造业,主板,16.915,16.915,16.915,16.915,16.915
2376,2018-04-04,16.8,16.23,16.99,16.19,16.86,112267.0,185299000.0,,,16.686666666666667,,,,-0.07,-0.02,-0.05,新北洋,计算机、通信和其他电子设备制造业,主板,16.686666666666667,16.686666666666667,16.686666666666667,16.686666666666667,16.686666666666667
2376,2018-04-09,16.32,16.37,16.84,16.05,16.23,93568.8,154002000.0,,,16.6075,,,,-0.1,-0.03,-0.07,新北洋,计算机、通信和其他电子设备制造业,主板,16.6075,16.6075,16.6075,16.6075,16.6075
2376,2018-04-10,16.39,16.1,16.55,15.71,16.37,142997.0,229084000.0,16.51,,16.506,,,,-0.14,-0.05,-0.09,新北洋,计算机、通信和其他电子设备制造业,主板,16.39,16.506,16.506,16.506,16.506
2376,2018-04-11,16.41,16.45,17.05,16.32,16.1,146433.0,243396000.0,16.4,,16.496666666666666,,,,-0.15,-0.07,-0.08,新北洋,计算机、通信和其他电子设备制造业,主板,16.2875,16.496666666666666,16.496666666666666,16.496666666666666,16.496666666666666
2376,2018-04-12,16.6,16.58,16.95,16.31,16.45,104397.0,173455000.0,16.35,,16.50857142857143,,,,-0.15,-0.09,-0.06,新北洋,计算机、通信和其他电子设备制造业,主板,16.375,16.50857142857143,16.50857142857143,16.50857142857143,16.50857142857143
2376,2018-04-13,16.85,17.95,18.24,16.7,16.58,278923.0,492859000.0,16.69,,16.68875,,,,-0.03,-0.08,0.05,新北洋,计算机、通信和其他电子设备制造业,主板,16.77,16.68875,16.68875,16.68875,16.68875
2376,2018-04-16,17.91,18.54,18.73,17.6,17.95,196105.0,358662000.0,17.12,,16.894444444444442,,,,0.11,-0.04,0.15,新北洋,计算机、通信和其他电子设备制造业,主板,17.380000000000003,16.884999999999998,16.894444444444442,16.894444444444442,16.894444444444442
2376,2018-04-17,18.36,16.88,18.68,16.75,18.54,211365.0,368708000.0,17.28,16.89,16.892999999999997,,,,0.09,-0.01,0.1,新北洋,计算机、通信和其他电子设备制造业,主板,17.4875,16.887499999999996,16.892999999999997,16.892999999999997,16.892999999999997
2376,2018-04-18,17.19,17.78,18.07,16.23,16.88,192051.0,332331000.0,17.55,16.97,16.973636363636363,,,,0.14,0.02,0.12,新北洋,计算机、通信和其他电子设备制造业,主板,17.7875,17.081249999999997,16.973636363636363,16.973636363636363,16.973636363636363
2376,2018-04-19,17.59,17.25,17.85,17.05,17.78,97383.5,169361000.0,17.68,17.01,16.996666666666666,,,,0.13,0.04,0.09,新北洋,计算机、通信和其他电子设备制造业,主板,17.6125,17.191249999999997,16.996666666666666,16.996666666666666,16.996666666666666
2376,2018-04-20,17.3,17.02,17.41,16.6,17.25,73309.8,124905000.0,17.49,17.09,16.998461538461537,,,,0.11,0.05,0.06,新北洋,计算机、通信和其他电子设备制造业,主板,17.2325,17.30625,17.000833333333333,16.998461538461537,16.998461538461537
2376,2018-04-23,17.01,16.47,17.11,16.03,17.02,96563.5,160244000.0,17.08,17.1,16.960714285714285,,,44.55,0.05,0.05,0.0,新北洋,计算机、通信和其他电子设备制造业,主板,17.130000000000003,17.30875,16.968333333333334,16.960714285714285,16.960714285714285
2376,2018-04-24,16.41,17.38,17.45,16.13,16.47,120096.0,202448000.0,17.18,17.23,16.988666666666667,,,53.26,0.07,0.06,0.01,新北洋,计算机、通信和其他电子设备制造业,主板,17.03,17.408749999999998,17.06416666666667,16.988666666666667,16.988666666666667
2376,2018-04-25,17.11,17.07,17.72,16.81,17.38,107517.0,184451000.0,17.04,17.29,16.99375,,,50.36,0.06,0.06,0.0,新北洋,计算机、通信和其他电子设备制造业,主板,16.985,17.29875,17.1225,16.99375,16.99375
2376,2018-04-26,17.14,17.64,17.93,16.8,17.07,191480.0,336090000.0,17.12,17.4,17.031764705882352,,,55.19,0.1,0.07,0.03,新北洋,计算机、通信和其他电子设备制造业,主板,17.14,17.186249999999998,17.250833333333336,17.035624999999996,17.031764705882352
2376,2018-04-27,17.49,17.53,18.0,17.23,17.64,105671.0,185800000.0,17.22,17.36,17.05944444444444,,,54.09,0.12,0.08,0.04,新北洋,计算机、通信和其他电子设备制造业,主板,17.405,17.2675,17.340833333333336,17.077499999999993,17.05944444444444
2376,2018-05-02,17.48,17.48,18.2,17.26,17.53,98802.1,175582000.0,17.42,17.25,17.081578947368417,,,53.57,0.13,0.09,0.04,新北洋,计算机、通信和其他电子设备制造业,主板,17.430000000000003,17.229999999999997,17.415833333333335,17.155624999999993,17.081578947368417
2376,2018-05-03,17.51,17.8,17.81,16.85,17.48,84798.3,146999000.0,17.5,17.34,17.1175,,,56.46,0.16,0.1,0.06,新北洋,计算机、通信和其他电子设备制造业,主板,17.612500000000004,17.29875,17.403333333333336,17.244999999999994,17.1175
2376,2018-05-04,17.68,18.05,18.21,17.55,17.8,86792.0,156471000.0,17.7,17.37,17.171499999999998,,,58.62,0.21,0.12,0.09,新北洋,计算机、通信和其他电子设备制造业,主板,17.715000000000003,17.4275,17.362500000000004,17.366874999999993,17.16190476190476
2376,2018-05-07,18.05,18.4,18.78,17.99,18.05,69883.9,129031000.0,17.85,17.48,17.248499999999996,,,61.51,0.27,0.15,0.12,新北洋,计算机、通信和其他电子设备制造业,主板,17.932500000000005,17.66875,17.489166666666673,17.488749999999992,17.218181818181815
2376,2018-05-08,18.29,19.27,19.44,18.29,18.4,109268.0,207407000.0,18.2,17.71,17.400499999999994,,,67.56,0.38,0.2,0.18,新北洋,计算机、通信和其他电子设备制造业,主板,18.380000000000003,17.905,17.61333333333334,17.656874999999992,17.307391304347824
2376,2018-05-09,19.15,18.5,19.15,18.42,19.27,90217.5,168083000.0,18.4,17.91,17.506999999999994,,,58.75,0.4,0.24,0.16,新北洋,计算机、通信和其他电子设备制造业,主板,18.555000000000003,18.083750000000002,17.717500000000005,17.691249999999993,17.357083333333332
2376,2018-05-10,18.59,18.46,18.62,18.04,18.5,72178.6,132064000.0,18.54,18.02,17.624999999999993,,,58.33,0.42,0.27,0.15,新北洋,计算机、通信和其他电子设备制造业,主板,18.657500000000002,18.18625,17.837500000000006,17.68624999999999,17.401199999999996
2376,2018-05-11,18.35,17.96,18.52,17.83,18.46,54647.6,98567000.0,18.52,18.11,17.70049999999999,,,53.15,0.37,0.29,0.08,新北洋,计算机、通信和其他电子设备制造业,主板,18.5475,18.240000000000002,17.961666666666673,17.75374999999999,17.422692307692305
2376,2018-05-14,17.86,17.61,18.18,17.61,17.96,49513.6,88426000.0,18.36,18.11,17.751999999999992,,,49.82,0.31,0.3,0.01,新北洋,计算机、通信和其他电子设备制造业,主板,18.1325,18.256250000000005,17.98083333333334,17.743124999999992,17.429629629629627
2376,2018-05-15,17.61,18.35,18.5,17.47,17.61,63240.6,113520000.0,18.18,18.19,17.771999999999995,,,56.09,0.32,0.3,0.02,新北洋,计算机、通信和其他电子设备制造业,主板,18.095,18.325000000000003,18.08750000000001,17.811874999999993,17.4625
2376,2018-05-16,17.9,17.2,17.9,16.8,18.35,185842.0,321984000.0,17.92,18.16,17.70499999999999,,,46.38,0.23,0.29,-0.06,新北洋,计算机、通信和其他电子设备制造业,主板,17.78,18.21875,18.05083333333334,17.823124999999994,17.453448275862065
2376,2018-05-17,17.05,17.05,17.3,16.55,17.2,89118.3,150583000.0,17.63,18.08,17.713499999999993,17.44,,45.28,0.14,0.26,-0.12,新北洋,计算机、通信和其他电子设备制造业,主板,17.552500000000002,18.05,18.01083333333334,17.859374999999993,17.439999999999998
2376,2018-05-18,16.9,17.11,17.23,16.73,17.05,51339.6,87568200.0,17.46,17.99,17.679999999999996,17.44,,45.84,0.08,0.22,-0.14,新北洋,计算机、通信和其他电子设备制造业,主板,17.427500000000002,17.779999999999998,17.980000000000008,17.842499999999994,17.429354838709674
2376,2018-05-21,17.2,18.0,18.28,17.2,17.11,107929.0,192597000.0,17.54,17.95,17.717499999999994,17.48,,53.37,0.11,0.2,-0.09,新北洋,计算机、通信和其他电子设备制造业,主板,17.340000000000003,17.717499999999998,17.996666666666673,17.900624999999994,17.4471875
2376,2018-05-22,18.25,18.44,18.86,18.22,18.0,92642.3,170953000.0,17.56,17.87,17.788499999999996,17.56,,56.59,0.16,0.19,-0.03,新北洋,计算机、通信和其他电子设备制造业,主板,17.650000000000002,17.714999999999996,18.029166666666672,17.950624999999995,17.477272727272727
2376,2018-05-23,18.29,18.19,18.45,17.91,18.44,49783.6,90506900.0,17.76,17.84,17.874499999999994,17.62,,54.3,0.17,0.19,-0.02,新北洋,计算机、通信和其他电子设备制造业,主板,17.935000000000002,17.743749999999995,18.01166666666667,17.991874999999993,17.49823529411765
2376,2018-05-24,18.36,18.2,18.37,17.95,18.19,44200.8,80256600.0,17.99,17.81,17.915499999999994,17.69,,54.38,0.18,0.19,-0.01,新北洋,计算机、通信和其他电子设备制造业,主板,18.207500000000003,17.817499999999995,17.922500000000003,18.03687499999999,17.518285714285717
2376,2018-05-25,18.23,17.58,18.3,17.41,18.2,68264.3,120918000.0,18.08,17.77,17.940999999999995,17.72,,48.71,0.15,0.18,-0.03,新北洋,计算机、通信和其他电子设备制造业,主板,18.102500000000003,17.721249999999994,17.845833333333335,18.02312499999999,17.520000000000003
2376,2018-05-28,17.54,17.05,17.57,16.91,17.58,65635.1,112272000.0,17.89,17.72,17.911499999999997,17.74,,44.45,0.07,0.16,-0.09,新北洋,计算机、通信和其他电子设备制造业,主板,17.755000000000003,17.702499999999997,17.728333333333335,17.96062499999999,17.5072972972973
2376,2018-05-29,16.86,17.73,18.05,16.86,17.05,85662.1,152174000.0,17.75,17.66,17.921499999999998,17.73,,50.44,0.06,0.14,-0.08,新北洋,计算机、通信和其他电子设备制造业,主板,17.640000000000004,17.787499999999994,17.70916666666667,17.918749999999992,17.513157894736846
2376,2018-05-30,17.4,17.12,17.77,16.9,17.73,59627.6,102954000.0,17.54,17.65,17.903499999999998,17.69,,45.68,0.01,0.11,-0.1,新北洋,计算机、通信和其他电子设备制造业,主板,17.370000000000005,17.788749999999993,17.668333333333337,17.784374999999994,17.503076923076925
2376,2018-05-31,17.5,16.75,17.54,16.55,17.12,90626.4,152830000.0,17.25,17.62,17.850999999999996,17.68,,43.03,-0.07,0.08,-0.15,新北洋,计算机、通信和其他电子设备制造业,主板,17.162500000000005,17.632499999999993,17.535000000000004,17.674999999999994,17.484250000000003
2376,2018-06-01,16.7,16.33,17.03,16.03,16.75,82132.0,136018000.0,17.0,17.54,17.764999999999993,17.63,,40.18,-0.16,0.03,-0.19,新北洋,计算机、通信和其他电子设备制造业,主板,16.982500000000005,17.36874999999999,17.462500000000006,17.541874999999994,17.456097560975614
2376,2018-06-04,16.33,15.21,16.5,15.14,16.33,149223.0,231346000.0,16.63,17.26,17.605499999999996,17.57,,33.76,-0.32,-0.04,-0.28,新北洋,计算机、通信和其他电子设备制造业,主板,16.352500000000003,16.996249999999993,17.309166666666673,17.369999999999994,17.40261904761905
2376,2018-06-05,15.16,16.38,16.43,15.16,15.21,115154.0,182578000.0,16.36,17.05,17.460999999999995,17.54,,43.85,-0.34,-0.1,-0.24,新北洋,计算机、通信和其他电子设备制造业,主板,16.1675,16.768749999999994,17.24833333333334,17.293124999999993,17.37883720930233
2376,2018-06-06,16.48,16.33,16.89,16.23,16.38,83273.1,137709000.0,16.2,16.87,17.352499999999996,17.54,,43.55,-0.36,-0.15,-0.21,新北洋,计算机、通信和其他电子设备制造业,主板,16.0625,16.612499999999997,17.10916666666667,17.16687499999999,17.355000000000004
2376,2018-06-07,16.54,16.33,16.99,16.27,16.33,60789.5,100561000.0,16.12,16.68,17.245999999999995,17.5,,43.55,-0.38,-0.2,-0.18,新北洋,计算机、通信和其他电子设备制造业,主板,16.0625,16.522499999999994,16.933333333333337,17.11249999999999,17.332222222222228
2376,2018-06-08,16.35,15.98,16.45,15.61,16.33,55291.6,88292000.0,16.05,16.52,17.147,17.47,,41.22,-0.4,-0.24,-0.16,新北洋,计算机、通信和其他电子设备制造业,主板,16.255000000000003,16.303749999999994,16.74916666666667,17.04562499999999,17.30282608695653
2376,2018-06-11,15.9,15.9,16.43,15.86,15.98,46642.6,75119400.0,16.18,16.41,17.061499999999995,17.41,,40.68,-0.44,-0.28,-0.16,新北洋,计算机、通信和其他电子设备制造业,主板,16.135000000000005,16.151249999999994,16.557500000000005,16.969999999999988,17.27297872340426
2376,2018-06-12,15.93,15.87,16.22,15.2,15.9,62998.3,98715000.0,16.08,16.22,16.937499999999993,17.35,,40.47,-0.45,-0.31,-0.14,新北洋,计算机、通信和其他电子设备制造业,主板,16.020000000000007,16.041249999999994,16.415000000000006,16.83687499999999,17.24957446808511
2376,2018-06-13,15.85,15.37,16.06,15.29,15.87,78198.0,122013000.0,15.89,16.04,16.845999999999997,17.28,,37.0,-0.51,-0.35,-0.16,新北洋,计算机、通信和其他电子设备制造业,主板,15.780000000000008,15.921249999999995,16.275000000000006,16.64499999999999,17.217872340425536
2376,2018-06-14,15.3,15.65,15.81,15.11,15.37,85313.4,132001000.0,15.75,15.93,16.775999999999993,17.21,,40.1,-0.52,-0.39,-0.13,新北洋,计算机、通信和其他电子设备制造业,主板,15.697500000000009,15.976249999999993,16.101666666666674,16.486249999999988,17.205531914893623
2376,2018-06-15,15.5,15.29,15.51,15.07,15.65,57551.3,87922800.0,15.62,15.83,16.684999999999995,17.12,,37.54,-0.54,-0.42,-0.12,新北洋,计算机、通信和其他电子设备制造业,主板,15.54500000000001,15.839999999999993,15.949166666666672,16.30437499999999,17.182553191489365
2376,2018-06-19,14.9,14.39,15.25,13.9,15.29,95578.1,139597000.0,15.31,15.75,16.504499999999993,16.99,,32.04,-0.63,-0.46,-0.17,新北洋,计算机、通信和其他电子设备制造业,主板,15.175000000000013,15.597499999999995,15.752500000000007,16.10499999999999,17.14617021276596
2376,2018-06-20,14.4,14.81,15.15,14.22,14.39,95391.0,140048000.0,15.1,15.59,16.322999999999993,16.84,,36.7,-0.66,-0.5,-0.16,新北洋,计算机、通信和其他电子设备制造业,主板,15.035000000000013,15.407499999999994,15.625833333333341,15.96499999999999,17.11127659574468
2376,2018-06-21,14.72,14.3,14.94,14.17,14.81,50242.9,73311300.0,14.89,15.39,16.128499999999995,16.7,,33.68,-0.73,-0.55,-0.18,新北洋,计算机、通信和其他电子设备制造业,主板,14.697500000000014,15.197499999999993,15.55000000000001,15.75062499999999,17.062765957446807
2376,2018-06-22,14.25,14.92,15.15,14.0,14.3,67238.7,99380300.0,14.74,15.25,15.964499999999996,16.58,,40.13,-0.7,-0.58,-0.12,新北洋,计算机、通信和其他电子设备制造业,主板,14.605000000000013,15.074999999999992,15.428333333333342,15.61312499999999,16.998297872340423
2376,2018-06-25,15.02,15.1,15.49,14.99,14.92,74107.5,113297000.0,14.7,15.16,15.840499999999997,16.48,,41.9,-0.67,-0.6,-0.07,新北洋,计算机、通信和其他电子设备制造业,主板,14.782500000000013,14.978749999999991,15.32583333333334,15.509999999999991,16.925106382978722
2376,2018-06-26,14.76,16.09,16.16,14.72,15.1,110111.0,172920000.0,15.04,15.18,15.792499999999995,16.43,,50.54,-0.56,-0.59,0.03,新北洋,计算机、通信和其他电子设备制造业,主板,15.102500000000013,15.06874999999999,15.30583333333334,15.49499999999999,16.908297872340423
2376,2018-06-27,16.1,16.02,16.57,15.84,16.09,103549.0,167701000.0,15.29,15.19,15.706999999999994,16.36,,49.98,-0.47,-0.56,0.09,新北洋,计算机、通信和其他电子设备制造业,主板,15.532500000000013,15.114999999999991,15.309166666666675,15.545624999999989,16.870851063829786
2376,2018-06-28,15.94,15.76,16.15,15.66,16.02,75091.3,119523000.0,15.58,15.23,15.638999999999992,16.31,,47.83,-0.42,-0.54,0.12,新北洋,计算机、通信和其他电子设备制造业,主板,15.742500000000014,15.173749999999991,15.297500000000007,15.50687499999999,16.83914893617021
2376,2018-06-29,15.66,16.54,16.67,15.33,15.76,143061.0,229912000.0,15.9,15.32,15.628499999999994,16.29,16.87,54.18,-0.31,-0.49,0.18,新北洋,计算机、通信和其他电子设备制造业,主板,16.102500000000013,15.44249999999999,15.353333333333339,15.519999999999992,16.828936170212764
2376,2018-07-02,16.4,15.97,16.5,15.68,16.54,96013.1,155047000.0,16.08,15.39,15.610499999999996,16.25,16.85,49.45,-0.26,-0.44,0.18,新北洋,计算机、通信和其他电子设备制造业,主板,16.072500000000012,15.587499999999991,15.403333333333338,15.497499999999995,16.818297872340423
2376,2018-07-03,15.85,16.34,16.52,15.7,15.97,77591.5,125314000.0,16.13,15.58,15.666999999999996,16.2,16.84,52.36,-0.2,-0.4,0.2,新北洋,计算机、通信和其他电子设备制造业,主板,16.152500000000014,15.842499999999992,15.460833333333339,15.519999999999994,16.796170212765958
2376,2018-07-04,16.19,15.5,16.39,15.44,16.34,102895.0,163023000.0,16.02,15.65,15.622999999999996,16.1,16.83,45.9,-0.21,-0.36,0.15,新北洋,计算机、通信和其他电子设备制造业,主板,16.087500000000013,15.914999999999994,15.478333333333339,15.494999999999996,16.762765957446806
2376,2018-07-05,15.68,15.57,16.08,15.33,15.5,78609.1,123554000.0,15.98,15.78,15.584999999999997,16.01,16.81,46.49,-0.22,-0.33,0.11,新北洋,计算机、通信和其他电子设备制造业,主板,15.845000000000011,15.973749999999995,15.576666666666673,15.476249999999997,16.718723404255318
2376,2018-07-06,15.59,15.69,16.11,15.01,15.57,99748.9,155717000.0,15.81,15.86,15.552999999999997,15.93,16.81,47.55,-0.21,-0.31,0.1,新北洋,计算机、通信和其他电子设备制造业,主板,15.775000000000013,15.923749999999995,15.650000000000006,15.496249999999996,16.679574468085107
2376,2018-07-09,15.7,16.04,16.08,15.5,15.69,89765.2,142336000.0,15.83,15.95,15.555999999999997,15.88,16.8,50.62,-0.16,-0.28,0.12,新北洋,计算机、通信和其他电子设备制造业,主板,15.70000000000001,15.926249999999994,15.795000000000003,15.520624999999997,16.648936170212767
2376,2018-07-10,15.96,15.3,16.06,15.25,16.04,105043.0,163197000.0,15.62,15.87,15.526,15.82,16.78,44.66,-0.19,-0.26,0.07,新北洋,计算机、通信和其他电子设备制造业,主板,15.65000000000001,15.868749999999993,15.826666666666673,15.521249999999997,16.595744680851062
2376,2018-07-11,15.0,15.1,15.29,14.73,15.3,76760.0,114920000.0,15.54,15.78,15.4875,15.73,16.73,43.18,-0.23,-0.25,0.02,新北洋,计算机、通信和其他电子设备制造业,主板,15.532500000000008,15.688749999999995,15.826666666666673,15.565624999999997,16.532978723404256
2376,2018-07-12,15.01,15.75,16.06,15.01,15.1,92138.7,143383000.0,15.58,15.78,15.506499999999999,15.69,16.69,49.09,-0.2,-0.24,0.04,新北洋,计算机、通信和其他电子设备制造业,主板,15.547500000000007,15.661249999999995,15.79833333333334,15.624374999999997,16.476595744680854
2376,2018-07-13,15.75,15.72,15.9,15.58,15.75,45731.6,71854500.0,15.58,15.7,15.510000000000002,15.65,16.67,48.83,-0.18,-0.23,0.05,新北洋,计算机、通信和其他电子设备制造业,主板,15.467500000000006,15.583749999999995,15.773333333333339,15.713124999999998,16.401063829787237
2376,2018-07-16,15.9,15.51,15.9,15.41,15.72,44626.8,69589800.0,15.48,15.65,15.521,15.62,16.63,47.01,-0.18,-0.22,0.04,新北洋,计算机、通信和其他电子设备制造业,主板,15.520000000000007,15.584999999999994,15.752500000000005,15.749999999999998,16.33744680851064
2376,2018-07-17,15.5,15.42,15.5,15.0,15.51,68321.2,103914000.0,15.5,15.56,15.572500000000002,15.63,16.6,46.22,-0.18,-0.21,0.03,新北洋,计算机、通信和其他电子设备制造业,主板,15.600000000000007,15.566249999999993,15.659166666666671,15.769999999999998,16.27276595744681
2376,2018-07-18,15.31,14.81,15.56,14.7,15.42,62550.3,94463500.0,15.44,15.49,15.572500000000002,15.58,16.56,41.14,-0.23,-0.22,-0.01,新北洋,计算机、通信和其他电子设备制造业,主板,15.365000000000006,15.456249999999994,15.562500000000005,15.689999999999996,16.205744680851062
2376,2018-07-19,14.77,14.94,15.32,14.73,14.81,48629.5,73193200.0,15.28,15.43,15.604500000000002,15.53,16.54,42.59,-0.26,-0.22,-0.04,新北洋,计算机、通信和其他电子设备制造业,主板,15.170000000000005,15.318749999999994,15.445833333333338,15.622499999999997,16.148936170212767
2376,2018-07-20,15.15,15.09,15.28,14.8,14.94,48252.7,72833600.0,15.15,15.37,15.613,15.49,16.5,44.29,-0.26,-0.23,-0.03,新北洋,计算机、通信和其他电子设备制造业,主板,15.065000000000007,15.292499999999995,15.41166666666667,15.580624999999998,16.079574468085106
2376,2018-07-23,15.0,16.1,16.4,15.0,15.09,125943.0,200217000.0,15.27,15.37,15.663,15.5,16.48,54.15,-0.18,-0.22,0.04,新北洋,计算机、通信和其他电子设备制造业,主板,15.235000000000007,15.417499999999997,15.455833333333338,15.553125,16.056170212765956
2376,2018-07-24,16.2,16.8,16.84,16.01,16.1,131507.0,216655000.0,15.55,15.52,15.698500000000001,15.53,16.47,59.5,-0.06,-0.19,0.13,新北洋,计算机、通信和其他电子设备制造业,主板,15.732500000000005,15.548749999999998,15.54833333333334,15.604999999999999,16.050851063829786
2376,2018-07-25,16.69,16.65,16.85,16.54,16.8,79100.6,131771000.0,15.92,15.68,15.73,15.55,16.45,57.94,0.02,-0.15,0.17,新北洋,计算机、通信和其他电子设备制造业,主板,16.160000000000004,15.665,15.599166666666674,15.624374999999999,16.041063829787234
2376,2018-07-26,16.6,15.9,16.74,15.6,16.65,128881.0,205983000.0,16.11,15.69,15.737,15.57,16.43,50.77,0.02,-0.11,0.13,新北洋,计算机、通信和其他电子设备制造业,主板,16.362500000000004,15.71375,15.649166666666673,15.649375,15.996382978723403
2376,2018-07-27,15.78,15.76,16.1,15.61,15.9,60840.0,96290300.0,16.24,15.7,15.697999999999999,15.57,16.39,49.54,0.02,-0.09,0.11,新北洋,计算机、通信和其他电子设备制造业,主板,16.277500000000003,15.75625,15.704166666666673,15.661249999999999,15.939361702127657
2376,2018-07-30,15.61,15.22,15.74,15.09,15.76,56704.2,86889600.0,16.07,15.67,15.660499999999999,15.57,16.35,45.0,-0.03,-0.08,0.05,新北洋,计算机、通信和其他电子设备制造业,主板,15.882500000000004,15.807500000000001,15.660000000000005,15.631875,15.876170212765954
2376,2018-07-31,15.22,15.17,15.38,15.09,15.22,42920.5,65372000.0,15.74,15.64,15.602,15.6,16.29,44.6,-0.08,-0.08,0.0,新北洋,计算机、通信和其他电子设备制造业,主板,15.512500000000005,15.83625,15.614166666666671,15.577500000000002,15.811702127659569
2376,2018-08-01,15.17,15.23,15.55,15.1,15.17,65985.9,101143000.0,15.46,15.69,15.588500000000002,15.61,16.22,45.24,-0.1,-0.08,-0.02,新北洋,计算机、通信和其他电子设备制造业,主板,15.345000000000004,15.853749999999998,15.590833333333338,15.573125000000001,15.761702127659568
2376,2018-08-02,15.0,14.8,15.23,14.5,15.23,62867.9,92470500.0,15.24,15.67,15.550000000000002,15.63,16.16,41.53,-0.15,-0.09,-0.06,新北洋,计算机、通信和其他电子设备制造业,主板,15.105000000000006,15.69125,15.539166666666674,15.554375000000002,15.713829787234037
2376,2018-08-03,14.77,14.5,14.92,14.45,14.8,37489.6,54887300.0,14.98,15.61,15.490500000000003,15.61,16.1,39.12,-0.22,-0.12,-0.1,新北洋,计算机、通信和其他电子设备制造业,主板,14.925000000000004,15.40375,15.51333333333334,15.47625,15.645106382978717
2376,2018-08-06,14.47,13.6,14.69,13.46,14.5,91876.0,128971000.0,14.66,15.36,15.368500000000003,15.56,16.02,32.95,-0.34,-0.16,-0.18,新北洋,计算机、通信和其他电子设备制造业,主板,14.532500000000002,15.0225,15.401666666666673,15.343750000000002,15.570212765957441
2376,2018-08-07,13.64,13.86,13.97,13.36,13.6,88405.4,121362000.0,14.4,15.07,15.296500000000004,15.49,15.96,36.09,-0.41,-0.21,-0.2,新北洋,计算机、通信和其他电子设备制造业,主板,14.190000000000001,14.767500000000002,15.299166666666672,15.240625000000001,15.508723404255313
2376,2018-08-08,13.86,12.81,13.97,12.65,13.86,138690.0,182854000.0,13.91,14.68,15.182000000000002,15.38,15.87,29.99,-0.54,-0.28,-0.26,新北洋,计算机、通信和其他电子设备制造业,主板,13.692500000000003,14.398750000000001,15.025000000000006,15.077500000000002,15.433829787234036
2376,2018-08-09,12.56,13.74,14.04,12.56,12.81,161997.0,217881000.0,13.7,14.47,15.081500000000002,15.31,15.81,39.71,-0.57,-0.34,-0.23,新北洋,计算机、通信和其他电子设备制造业,主板,13.502500000000001,14.213750000000001,14.770000000000005,15.010625000000003,15.402553191489353
2376,2018-08-10,13.61,14.3,14.48,13.61,13.74,108280.0,153427000.0,13.66,14.32,15.010500000000002,15.24,15.77,44.69,-0.53,-0.38,-0.15,新北洋,计算机、通信和其他电子设备制造业,主板,13.6775,14.105000000000002,14.574166666666672,14.970625000000004,15.358297872340417
2376,2018-08-13,14.05,14.71,14.85,14.05,14.3,90529.6,131534000.0,13.88,14.27,14.970500000000001,15.2,15.73,48.07,-0.47,-0.39,-0.08,新北洋,计算机、通信和其他电子设备制造业,主板,13.89,14.040000000000001,14.475000000000007,14.946875000000004,15.323829787234034
2376,2018-08-14,14.85,14.43,14.85,14.32,14.71,44659.6,64792100.0,14.0,14.2,14.921000000000001,15.13,15.67,46.0,-0.44,-0.4,-0.04,新北洋,计算机、通信和其他电子设备制造业,主板,14.295000000000002,13.99375,14.364166666666675,14.842500000000005,15.283404255319137
2376,2018-08-15,14.43,13.96,14.58,13.7,14.43,63240.7,88888100.0,14.23,14.07,14.878499999999999,15.08,15.59,42.68,-0.45,-0.41,-0.04,新北洋,计算机、通信和其他电子设备制造业,主板,14.350000000000003,13.92625,14.259166666666674,14.665000000000004,15.240425531914884
2376,2018-08-16,13.8,13.74,14.39,13.66,13.96,63081.6,87882800.0,14.23,13.96,14.8185,15.02,15.52,41.18,-0.46,-0.42,-0.04,新北洋,计算机、通信和其他电子设备制造业,主板,14.210000000000004,13.94375,14.14000000000001,14.483125000000005,15.194468085106372
2376,2018-08-17,14.05,13.89,14.18,13.55,13.74,55768.5,77450400.0,14.15,13.9,14.758500000000002,14.96,15.45,42.66,-0.46,-0.43,-0.03,新北洋,计算机、通信和其他电子设备制造业,主板,14.005000000000004,13.9475,14.028333333333343,14.357500000000003,15.152340425531905
2376,2018-08-20,14.2,15.28,15.28,14.16,13.89,156681.0,231192000.0,14.26,14.07,14.717499999999998,14.94,15.41,54.16,-0.34,-0.41,0.07,新北洋,计算机、通信和其他电子设备制造业,主板,14.217500000000003,14.25625,14.068333333333342,14.327500000000004,15.150425531914882
2376,2018-08-21,16.0,15.93,16.24,15.55,15.28,194478.0,309423000.0,14.56,14.28,14.673999999999998,14.96,15.39,58.36,-0.19,-0.37,0.18,新北洋,计算机、通信和其他电子设备制造业,主板,14.710000000000003,14.53,14.187500000000009,14.371875000000005,15.156382978723393
2376,2018-08-22,15.95,15.78,16.19,15.61,15.93,89176.2,140941000.0,14.92,14.58,14.630499999999998,14.98,15.36,57.06,-0.08,-0.31,0.23,新北洋,计算机、通信和其他电子设备制造业,主板,15.22,14.714999999999998,14.369166666666677,14.410000000000005,15.166808510638287
2376,2018-08-23,15.65,15.92,16.2,15.34,15.78,130561.0,206109000.0,15.36,14.79,14.631499999999999,14.99,15.34,58.0,0.01,-0.25,0.26,新北洋,计算机、通信和其他电子设备制造业,主板,15.7275,14.866249999999997,14.540833333333344,14.453125000000005,15.199361702127648
2376,2018-08-24,15.78,15.58,15.85,15.48,15.92,71457.3,111745000.0,15.7,14.92,14.622499999999999,14.98,15.32,54.86,0.05,-0.19,0.24,新北洋,计算机、通信和其他电子设备制造业,主板,15.802499999999998,15.009999999999998,14.771666666666677,14.501875000000005,15.215744680851055
2376,2018-08-27,15.58,16.16,16.41,15.51,15.58,100022.0,160848000.0,15.87,15.07,14.6695,15.0,15.31,58.95,0.14,-0.12,0.26,新北洋,计算机、通信和其他电子设备制造业,主板,15.859999999999998,15.284999999999997,14.973333333333343,14.605625000000005,15.255319148936161
2376,2018-08-28,16.18,16.22,16.33,15.95,16.16,51326.6,82864300.0,15.93,15.25,14.722,15.03,15.33,59.36,0.21,-0.06,0.27,新北洋,计算机、通信和其他电子设备制造业,主板,15.969999999999999,15.594999999999997,15.133333333333342,14.769375000000005,15.282978723404247
2376,2018-08-29,16.2,15.96,16.2,15.81,16.22,52441.4,83713200.0,15.97,15.45,14.758499999999998,15.07,15.32,56.71,0.24,0.0,0.24,新北洋,计算机、通信和其他电子设备制造业,主板,15.98,15.853749999999996,15.23750000000001,14.900625000000005,15.301276595744673
2376,2018-08-30,15.9,15.7,16.08,15.55,15.96,65292.6,102844000.0,15.92,15.64,14.803499999999996,15.09,15.31,54.12,0.24,0.05,0.19,新北洋,计算机、通信和其他电子设备制造业,主板,16.01,15.906249999999996,15.34333333333334,15.081250000000004,15.292978723404248
2376,2018-08-31,15.61,15.73,16.25,15.57,15.7,82867.7,131534000.0,15.95,15.83,14.864999999999998,15.11,15.3,54.38,0.24,0.09,0.15,新北洋,计算机、通信和其他电子设备制造业,主板,15.902500000000003,15.881249999999994,15.49083333333334,15.205625000000005,15.286808510638291
2376,2018-09-03,15.84,16.99,17.26,15.32,15.73,141346.0,231661000.0,16.12,16.0,15.034499999999998,15.14,15.32,63.67,0.33,0.14,0.19,新北洋,计算机、通信和其他电子设备制造业,主板,16.095000000000002,16.032499999999995,15.761666666666672,15.373750000000005,15.31297872340425
2376,2018-09-04,17.07,17.36,17.62,17.0,16.99,130207.0,224835000.0,16.35,16.14,15.209499999999997,15.16,15.34,65.87,0.44,0.2,0.24,新北洋,计算机、通信和其他电子设备制造业,主板,16.445,16.212499999999995,16.05083333333334,15.539375000000005,15.330425531914889
2376,2018-09-05,17.27,17.18,17.64,16.95,17.36,78361.0,135348000.0,16.59,16.28,15.427999999999997,15.18,15.37,63.84,0.5,0.26,0.24,新北洋,计算机、通信和其他电子设备制造业,主板,16.815,16.412499999999994,16.209166666666672,15.711250000000003,15.356170212765951
2376,2018-09-06,17.15,16.95,17.26,16.61,17.18,73726.5,124880000.0,16.84,16.38,15.588499999999996,15.22,15.39,61.25,0.53,0.31,0.22,新北洋,计算机、通信和其他电子设备制造业,主板,17.12,16.511249999999993,16.294166666666673,15.898125000000002,15.369148936170205
2376,2018-09-07,16.74,16.28,17.13,15.92,16.95,149909.0,246272000.0,16.95,16.45,15.687499999999996,15.23,15.4,54.34,0.48,0.35,0.13,新北洋,计算机、通信和其他电子设备制造业,主板,16.942500000000003,16.518749999999994,16.335833333333337,16.056875,15.385744680851056
2376,2018-09-10,16.19,16.1,16.3,15.81,16.28,66646.2,106929000.0,16.77,16.45,15.757,15.26,15.42,52.62,0.43,0.36,0.07,新北洋,计算机、通信和其他电子设备制造业,主板,16.6275,16.536249999999992,16.350833333333338,16.195000000000004,15.397021276595737
2376,2018-09-11,16.04,16.68,16.72,16.0,16.1,73562.3,121088000.0,16.64,16.49,15.869499999999999,15.31,15.45,57.31,0.43,0.38,0.05,新北洋,计算机、通信和其他电子设备制造业,主板,16.502499999999998,16.658749999999994,16.442500000000006,16.282500000000006,15.418085106382968
2376,2018-09-12,16.65,16.62,16.98,16.36,16.68,57652.8,96321000.0,16.53,16.56,16.0025,15.36,15.48,56.68,0.42,0.39,0.03,新北洋,计算机、通信和其他电子设备制造业,主板,16.419999999999998,16.769999999999996,16.48083333333334,16.325625000000006,15.430425531914885
2376,2018-09-13,16.75,17.08,17.12,16.15,16.62,75378.8,125879000.0,16.55,16.7,16.1695,15.43,15.53,60.26,0.45,0.4,0.05,新北洋,计算机、通信和其他电子设备制造业,主板,16.619999999999997,16.781249999999993,16.552500000000006,16.406875000000007,15.468297872340418
2376,2018-09-14,16.7,16.19,16.88,15.99,17.08,98880.3,161756000.0,16.53,16.74,16.2845,15.49,15.55,51.41,0.39,0.4,-0.01,新北洋,计算机、通信和其他电子设备制造业,主板,16.6425,16.63499999999999,16.571666666666673,16.423750000000005,15.49148936170212
2376,2018-09-17,16.0,15.88,16.42,15.58,16.19,53692.5,85537100.0,16.49,16.63,16.314500000000002,15.57,15.56,48.73,0.31,0.38,-0.07,新北洋,计算机、通信和其他电子设备制造业,主板,16.442499999999995,16.47249999999999,16.586666666666673,16.442500000000006,15.494255319148929
2376,2018-09-18,15.9,16.77,16.95,15.61,15.88,76369.5,124285000.0,16.51,16.57,16.3565,15.66,15.58,55.85,0.33,0.37,-0.04,新北洋,计算机、通信和其他电子设备制造业,主板,16.479999999999993,16.449999999999992,16.673333333333343,16.480625000000003,15.516595744680844
2376,2018-09-19,16.61,17.19,17.48,16.55,16.77,109632.0,187537000.0,16.62,16.57,16.427,15.81,15.6,58.76,0.37,0.37,0.0,新北洋,计算机、通信和其他电子设备制造业,主板,16.507499999999993,16.56374999999999,16.69000000000001,16.541250000000005,15.552340425531908
2376,2018-09-20,17.08,17.49,17.86,17.01,17.19,84124.3,147415000.0,16.7,16.63,16.5055,15.94,15.62,60.76,0.41,0.38,0.03,新北洋,计算机、通信和其他电子设备制造业,主板,16.832499999999992,16.737499999999994,16.70083333333334,16.636875000000007,15.5963829787234
2376,2018-09-21,17.54,17.7,17.8,17.01,17.49,74770.9,129892000.0,17.01,16.77,16.6115,16.05,15.64,62.13,0.46,0.39,0.07,新北洋,计算机、通信和其他电子设备制造业,主板,17.287499999999994,16.86499999999999,16.744166666666672,16.761875000000007,15.657872340425529
2376,2018-09-25,17.6,17.5,18.0,17.33,17.7,58095.1,102612000.0,17.33,16.91,16.6785,16.14,15.67,59.97,0.48,0.41,0.07,新北洋,计算机、通信和其他电子设备制造业,主板,17.469999999999995,16.97499999999999,16.790000000000006,16.872500000000006,15.712340425531911
2376,2018-09-26,17.52,17.49,17.67,17.21,17.5,54727.6,95464900.0,17.47,16.99,16.742,16.24,15.69,59.86,0.49,0.43,0.06,新北洋,计算机、通信和其他电子设备制造业,主板,17.544999999999995,17.02624999999999,16.89083333333334,16.903750000000006,15.763404255319143
2376,2018-09-27,17.5,17.82,18.0,17.34,17.49,57174.1,101497000.0,17.6,17.11,16.835,16.37,15.73,62.36,0.52,0.45,0.07,新北洋,计算机、通信和其他电子设备制造业,主板,17.627499999999994,17.22999999999999,17.034166666666675,16.932500000000005,15.799999999999995
2376,2018-09-28,17.77,17.73,18.05,16.91,17.82,116081.0,200334000.0,17.65,17.18,16.936500000000002,16.5,15.76,61.24,0.53,0.46,0.07,新北洋,计算机、通信和其他电子设备制造业,主板,17.634999999999994,17.46124999999999,17.121666666666673,16.966875000000005,15.81978723404255
2376,2018-10-08,17.34,17.08,17.72,16.92,17.73,56829.5,98073300.0,17.52,17.26,17.004,16.61,15.79,53.73,0.47,0.46,0.01,新北洋,计算机、通信和其他电子设备制造业,主板,17.529999999999994,17.49999999999999,17.160000000000007,16.975000000000005,15.828936170212764
2376,2018-10-09,17.0,16.42,17.25,16.19,17.08,86309.7,143543000.0,17.31,17.32,16.975500000000004,16.65,15.79,47.38,0.37,0.45,-0.08,新北洋,计算机、通信和其他电子设备制造业,主板,17.262499999999996,17.403749999999988,17.105000000000008,16.983750000000008,15.839999999999998
2376,2018-10-10,16.45,16.65,16.65,16.0,16.42,45870.5,75067900.0,17.14,17.31,16.94,16.67,15.82,49.62,0.31,0.42,-0.11,新北洋,计算机、通信和其他电子设备制造业,主板,16.97,17.298749999999988,17.14333333333334,17.018125000000005,15.858936170212763
2376,2018-10-11,16.01,15.57,16.29,15.21,16.65,74269.8,117201000.0,16.69,17.14,16.8595,16.67,15.82,40.85,0.17,0.37,-0.2,新北洋,计算机、通信和其他电子设备制造业,主板,16.429999999999996,17.032499999999988,17.11750000000001,16.948750000000004,15.866382978723403
2376,2018-10-12,15.36,16.38,16.45,14.83,15.57,109903.0,171379000.0,16.42,17.03,16.831,16.68,15.83,48.24,0.13,0.32,-0.19,新北洋,计算机、通信和其他电子设备制造业,主板,16.254999999999995,16.892499999999988,17.085000000000008,16.933750000000003,15.892127659574466
2376,2018-10-15,16.22,15.64,16.59,15.4,16.38,65971.6,105415000.0,16.13,16.83,16.799,16.68,15.83,42.96,0.03,0.26,-0.23,新北洋,计算机、通信和其他电子设备制造业,主板,16.059999999999995,16.66124999999999,16.95583333333334,16.843750000000004,15.900851063829785
2376,2018-10-16,15.6,14.91,15.68,14.31,15.64,90875.5,136062000.0,15.83,16.57,16.7395,16.64,15.82,38.48,-0.11,0.19,-0.3,新北洋,计算机、通信和其他电子设备制造业,主板,15.624999999999995,16.29749999999999,16.740833333333338,16.763750000000005,15.903191489361701
2376,2018-10-17,15.0,15.83,15.84,14.62,14.91,93004.5,142310000.0,15.67,16.4,16.697,16.63,15.83,46.1,-0.13,0.12,-0.25,新北洋,计算机、通信和其他电子设备制造业,主板,15.689999999999996,16.05999999999999,16.585000000000008,16.760625000000005,15.931489361702127
2376,2018-10-18,15.79,15.44,15.79,15.28,15.83,55925.8,87010800.0,15.64,16.16,16.637999999999998,16.61,15.84,43.63,-0.18,0.06,-0.24,新北洋,计算机、通信和其他电子设备制造业,主板,15.454999999999998,15.854999999999992,16.41333333333334,16.677500000000006,15.970638297872341
2376,2018-10-19,15.22,16.4,16.5,15.11,15.44,99073.9,159474000.0,15.64,16.03,16.604,16.64,15.86,50.64,-0.15,0.02,-0.17,新北洋,计算机、通信和其他电子设备制造业,主板,15.645,15.85249999999999,16.32250000000001,16.628125000000004,16.024680851063827
2376,2018-10-22,16.73,17.55,18.01,16.73,16.4,178737.0,311865000.0,16.03,16.08,16.672,16.7,15.9,57.46,-0.03,0.01,-0.04,新北洋,计算机、通信和其他电子设备制造业,主板,16.305,15.96499999999999,16.300000000000008,16.631875000000004,16.125531914893617
2376,2018-10-23,17.55,17.87,18.12,17.38,17.55,161556.0,287733000.0,16.62,16.22,16.7715,16.73,15.93,59.15,0.09,0.03,0.06,新北洋,计算机、通信和其他电子设备制造业,主板,16.815,16.25249999999999,16.311666666666678,16.642500000000005,16.213404255319148
2376,2018-10-24,17.66,17.52,17.83,17.37,17.87,71235.2,125337000.0,16.96,16.31,16.809,16.73,15.95,56.5,0.15,0.05,0.1,新北洋,计算机、通信和其他电子设备制造业,主板,17.335,16.394999999999992,16.348333333333343,16.643750000000004,16.28191489361702
2376,2018-10-25,17.08,17.8,17.82,16.86,17.52,105914.0,182992000.0,17.43,16.53,16.8395,16.75,15.97,58.12,0.23,0.09,0.14,新北洋,计算机、通信和其他电子设备制造业,主板,17.685000000000002,16.664999999999992,16.463333333333342,16.663125000000004,16.347659574468082
2376,2018-10-26,17.78,16.9,17.97,16.53,17.8,130774.0,224919000.0,17.53,16.59,16.81,16.75,15.98,51.5,0.22,0.11,0.11,新北洋,计算机、通信和其他电子设备制造业,主板,17.522500000000004,16.913749999999993,16.484166666666678,16.605625000000003,16.400212765957445
2376,2018-10-29,16.66,16.0,16.98,15.86,16.9,143218.0,234372000.0,17.22,16.62,16.725,16.74,15.99,45.88,0.13,0.12,0.01,新北洋,计算机、通信和其他电子设备制造业,主板,17.055000000000003,16.93499999999999,16.52000000000001,16.497500000000002,16.443617021276594
2376,2018-10-30,16.15,15.82,16.26,15.23,16.0,115699.0,183638000.0,16.81,16.71,16.641,16.73,16.0,44.82,0.04,0.1,-0.06,新北洋,计算机、通信和其他电子设备制造业,主板,16.630000000000006,16.98249999999999,16.473333333333343,16.418750000000003,16.487872340425533
2376,2018-10-31,15.95,15.9,16.35,15.85,15.82,79673.3,127914000.0,16.48,16.72,16.5615,16.7,16.01,45.42,-0.02,0.08,-0.1,新北洋,计算机、通信和其他电子设备制造业,主板,16.15500000000001,16.91999999999999,16.495000000000008,16.38625,16.53063829787234
2376,2018-11-01,16.0,16.64,16.96,15.99,15.9,128174.0,211778000.0,16.25,16.84,16.502499999999998,16.71,16.03,50.76,-0.01,0.06,-0.07,新北洋,计算机、通信和其他电子设备制造业,主板,16.09000000000001,16.80624999999999,16.639166666666675,16.385625,16.559574468085106
2376,2018-11-02,16.98,17.35,17.53,16.98,16.64,139393.0,240667000.0,16.34,16.93,16.4835,16.71,16.07,55.28,0.06,0.06,0.0,新北洋,计算机、通信和其他电子设备制造业,主板,16.42750000000001,16.74124999999999,16.76583333333334,16.496875000000003,16.589787234042554
2376,2018-11-05,17.27,17.3,17.53,16.78,17.35,84961.8,145702000.0,16.6,16.91,16.4945,16.75,16.12,54.9,0.11,0.07,0.04,新北洋,计算机、通信和其他电子设备制造业,主板,16.797500000000007,16.71374999999999,16.92083333333334,16.554375000000004,16.622127659574467
2376,2018-11-06,17.2,17.67,18.06,16.84,17.3,129829.0,227392000.0,16.97,16.89,16.557,16.81,16.19,57.25,0.17,0.09,0.08,新北洋,计算机、通信和其他电子设备制造业,主板,17.240000000000006,16.69749999999999,17.026666666666674,16.681250000000006,16.65936170212766
2376,2018-11-07,17.68,17.15,18.05,17.15,17.67,97607.8,171450000.0,17.22,16.85,16.582,16.82,16.24,53.06,0.17,0.11,0.06,新北洋,计算机、通信和其他电子设备制造业,主板,17.367500000000003,16.72874999999999,16.99333333333334,16.821250000000003,16.692765957446806
2376,2018-11-08,17.33,16.93,17.36,16.83,17.15,79611.9,135166000.0,17.28,16.77,16.65,16.82,16.31,51.35,0.16,0.12,0.04,新北洋,计算机、通信和其他电子设备制造业,主板,17.262500000000003,16.84499999999999,16.915000000000006,16.890000000000004,16.709148936170212
2376,2018-11-09,16.94,17.34,17.83,16.7,16.93,108963.0,189503000.0,17.28,16.81,16.698,16.81,16.37,54.31,0.19,0.13,0.06,新北洋,计算机、通信和其他电子设备制造业,主板,17.272500000000004,17.034999999999993,16.900000000000006,17.008750000000003,16.732978723404255
2376,2018-11-12,17.5,18.85,18.99,17.34,17.34,212623.0,390532000.0,17.59,17.1,16.8585,16.85,16.45,63.19,0.32,0.17,0.15,新北洋,计算机、通信和其他电子设备制造业,主板,17.567500000000006,17.40374999999999,16.987500000000004,17.161875000000006,16.79446808510638
2376,2018-11-13,18.55,19.0,19.18,18.55,18.85,144863.0,273602000.0,17.85,17.41,17.063,16.9,16.52,63.94,0.44,0.22,0.22,新北洋,计算机、通信和其他电子设备制造业,主板,18.03000000000001,17.69874999999999,17.162500000000005,17.252500000000005,16.864680851063827
2376,2018-11-14,18.98,18.75,19.28,18.5,19.0,116617.0,219441000.0,18.17,17.7,17.209,16.94,16.59,61.68,0.49,0.28,0.21,新北洋,计算机、通信和其他电子设备制造业,主板,18.485000000000007,17.87374999999999,17.39166666666667,17.307500000000005,16.92893617021276
2376,2018-11-15,18.55,18.8,18.89,18.36,18.75,125370.0,233019000.0,18.55,17.91,17.377000000000002,16.97,16.67,61.97,0.55,0.33,0.22,新北洋,计算机、通信和其他电子设备制造业,主板,18.850000000000005,18.06124999999999,17.640000000000004,17.387500000000006,16.967446808510633
2376,2018-11-16,18.71,18.9,19.2,18.33,18.8,119614.0,224090000.0,18.86,18.07,17.502000000000002,17.01,16.76,62.58,0.58,0.38,0.2,新北洋,计算机、通信和其他电子设备制造业,主板,18.862500000000004,18.21499999999999,17.890000000000004,17.456250000000004,17.000212765957443
2376,2018-11-19,18.8,18.48,18.82,18.18,18.9,70523.5,129902000.0,18.79,18.19,17.5485,17.06,16.84,58.36,0.58,0.42,0.16,新北洋,计算机、通信和其他电子设备制造业,主板,18.732500000000005,18.381249999999987,18.043333333333337,17.555000000000007,17.027872340425528
2376,2018-11-20,18.33,17.7,18.4,17.63,18.48,97086.6,175102000.0,18.53,18.19,17.54,17.1,16.88,51.43,0.5,0.44,0.06,新北洋,计算机、通信和其他电子设备制造业,主板,18.470000000000006,18.477499999999985,18.0725,17.661250000000006,17.04382978723404
2376,2018-11-21,17.57,17.35,17.85,17.12,17.7,138539.0,241105000.0,18.25,18.21,17.5315,17.12,16.9,48.63,0.4,0.43,-0.03,新北洋,计算机、通信和其他电子设备制造业,主板,18.107500000000005,18.478749999999984,18.076666666666668,17.756875000000008,17.06659574468085
2376,2018-11-22,17.49,17.63,17.78,17.31,17.35,85000.2,149587000.0,18.01,18.28,17.523000000000003,17.19,16.93,50.93,0.36,0.42,-0.06,新北洋,计算机、通信和其他电子设备制造业,主板,17.790000000000006,18.326249999999984,18.073333333333334,17.86500000000001,17.09914893617021
2376,2018-11-23,17.7,16.8,17.7,16.8,17.63,106921.0,182214000.0,17.59,18.23,17.518000000000004,17.21,16.94,44.57,0.24,0.38,-0.14,新北洋,计算机、通信和其他电子设备制造业,主板,17.370000000000005,18.051249999999985,18.044166666666666,17.87500000000001,17.10170212765957
2376,2018-11-26,16.63,16.91,16.98,16.63,16.8,50959.5,85629500.0,17.28,18.03,17.563500000000005,17.25,16.97,45.54,0.15,0.33,-0.18,新北洋,计算机、通信和其他电子设备制造业,主板,17.172500000000003,17.821249999999985,18.0425,17.84750000000001,17.107872340425526
2376,2018-11-27,17.1,17.31,17.34,16.9,16.91,60477.1,103672000.0,17.2,17.86,17.638000000000005,17.33,16.99,49.04,0.12,0.29,-0.17,新北洋,计算机、通信和其他电子设备制造业,主板,17.1625,17.634999999999984,18.04,17.84812500000001,17.112765957446804
2376,2018-11-28,17.19,17.45,17.47,16.82,17.31,69204.5,118903000.0,17.22,17.73,17.715500000000006,17.38,17.01,50.24,0.1,0.25,-0.15,新北洋,计算机、通信和其他电子设备制造业,主板,17.117500000000003,17.45374999999998,17.923333333333332,17.83437500000001,17.1395744680851
2376,2018-11-29,17.76,17.43,18.0,17.39,17.45,118354.0,210080000.0,17.18,17.6,17.755000000000006,17.45,17.03,50.06,0.08,0.22,-0.14,新北洋,计算机、通信和其他电子设备制造业,主板,17.275000000000002,17.322499999999984,17.7925,17.85187500000001,17.172553191489353
2376,2018-11-30,17.37,18.01,18.06,17.14,17.43,94170.2,167380000.0,17.42,17.51,17.788000000000004,17.5,17.07,55.13,0.12,0.2,-0.08,新北洋,计算机、通信和其他电子设备制造业,主板,17.550000000000004,17.361249999999984,17.730833333333333,17.91937500000001,17.198936170212757
2376,2018-12-03,18.55,18.29,18.65,18.04,18.01,140117.0,256053000.0,17.7,17.49,17.837500000000006,17.53,17.11,57.38,0.16,0.19,-0.03,新北洋,计算机、通信和其他电子设备制造业,主板,17.795,17.478749999999984,17.68833333333333,17.978750000000012,17.222340425531907
2376,2018-12-04,18.13,18.09,18.16,17.89,18.29,54205.7,97676300.0,17.85,17.53,17.858500000000003,17.54,17.13,55.25,0.18,0.19,-0.01,新北洋,计算机、通信和其他电子设备制造业,主板,17.955000000000002,17.536249999999985,17.62083333333333,17.93125000000001,17.235106382978714
2376,2018-12-05,17.78,18.24,18.39,17.69,18.09,67633.9,122556000.0,18.01,17.62,17.913000000000004,17.56,17.14,56.55,0.21,0.19,0.02,新北洋,计算机、通信和其他电子设备制造业,主板,18.1575,17.716249999999985,17.60083333333333,17.88375000000001,17.246595744680842
2376,2018-12-06,18.09,17.55,18.12,17.55,18.24,71712.5,127623000.0,18.04,17.61,17.944000000000006,17.55,17.15,49.42,0.17,0.19,-0.02,新北洋,计算机、通信和其他电子设备制造业,主板,18.042499999999997,17.796249999999986,17.588333333333335,17.80875000000001,17.247659574468074
2376,2018-12-07,17.49,17.55,17.73,17.24,17.55,48326.4,84378600.0,17.94,17.68,17.954500000000007,17.57,17.16,49.42,0.14,0.18,-0.04,新北洋,计算机、通信和其他电子设备制造业,主板,17.857499999999995,17.826249999999987,17.605,17.73062500000001,17.248936170212755
2376,2018-12-10,17.4,17.12,17.5,17.01,17.55,51904.5,89215400.0,17.71,17.7,17.868000000000006,17.61,17.18,45.29,0.08,0.16,-0.08,新北洋,计算机、通信和其他电子设备制造业,主板,17.614999999999995,17.78499999999999,17.562500000000004,17.619375000000012,17.23404255319148
2376,2018-12-11,17.28,17.06,17.33,16.88,17.12,59770.0,101905000.0,17.5,17.68,17.771000000000008,17.65,17.19,44.73,0.03,0.13,-0.1,新北洋,计算机、通信和其他电子设备制造业,主板,17.319999999999997,17.73874999999999,17.58416666666667,17.53062500000001,17.21978723404254
2376,2018-12-12,17.07,16.97,17.22,16.96,17.06,46470.0,79276800.0,17.25,17.63,17.682000000000006,17.69,17.2,43.85,-0.03,0.1,-0.13,新北洋,计算机、通信和其他电子设备制造业,主板,17.174999999999997,17.60874999999999,17.589166666666667,17.48500000000001,17.217446808510623
2376,2018-12-13,17.05,17.4,17.5,16.82,16.97,79114.1,136224000.0,17.22,17.63,17.612000000000002,17.71,17.21,49.0,-0.03,0.07,-0.1,新北洋,计算机、通信和其他电子设备制造业,主板,17.1375,17.49749999999999,17.596666666666668,17.488125000000007,17.23829787234041
2376,2018-12-14,17.3,16.77,17.35,16.75,17.4,72670.2,123326000.0,17.06,17.5,17.505500000000005,17.69,17.2,42.81,-0.08,0.04,-0.12,新北洋,计算机、通信和其他电子设备制造业,主板,17.049999999999997,17.332499999999992,17.540000000000003,17.434375000000006,17.240851063829773
2376,2018-12-17,16.67,15.5,16.78,15.15,16.77,173397.0,270545000.0,16.74,17.23,17.356500000000004,17.63,17.19,33.59,-0.23,-0.01,-0.22,新北洋,计算机、通信和其他电子设备制造业,主板,16.659999999999997,16.98999999999999,17.37916666666667,17.353125000000006,17.239361702127646
2376,2018-12-18,15.43,15.6,15.92,15.31,15.5,85710.2,134422000.0,16.45,16.98,17.251500000000004,17.56,17.19,34.78,-0.33,-0.07,-0.26,新北洋,计算机、通信和其他电子设备制造业,主板,16.317499999999995,16.74624999999999,17.178333333333338,17.271250000000006,17.222765957446793
2376,2018-12-19,15.6,15.55,15.72,15.41,15.6,41375.9,64421200.0,16.16,16.71,17.161500000000004,17.51,17.17,34.45,-0.4,-0.14,-0.26,新北洋,计算机、通信和其他电子设备制造业,主板,15.854999999999995,16.49624999999999,16.950000000000006,17.161250000000006,17.220851063829773
2376,2018-12-20,15.53,15.25,15.64,14.95,15.55,96596.8,147307000.0,15.73,16.48,17.042500000000004,17.45,17.13,32.44,-0.49,-0.21,-0.28,新北洋,计算机、通信和其他电子设备制造业,主板,15.474999999999998,16.26249999999999,16.71333333333334,17.023750000000007,17.228085106382967
2376,2018-12-21,15.26,15.21,15.44,15.1,15.25,41149.0,62852500.0,15.42,16.24,16.963,17.38,17.1,32.17,-0.55,-0.28,-0.27,新北洋,计算机、通信和其他电子设备制造业,主板,15.402499999999996,16.03124999999999,16.460833333333337,16.885000000000005,17.214893617021264
2376,2018-12-24,15.22,15.56,15.75,15.17,15.21,65942.8,102605000.0,15.43,16.09,16.895500000000002,17.27,17.06,37.09,-0.56,-0.33,-0.23,新北洋,计算机、通信和其他电子设备制造业,主板,15.392499999999997,15.85499999999999,16.295000000000005,16.731875000000006,17.217446808510623
2376,2018-12-25,15.44,15.79,15.92,15.21,15.56,61850.4,96356800.0,15.47,15.96,16.8195,17.17,17.03,40.15,-0.55,-0.38,-0.17,新北洋,计算机、通信和其他电子设备制造业,主板,15.452499999999997,15.653749999999988,16.148333333333337,16.575625000000006,17.204468085106367
2376,2018-12-26,15.7,15.5,16.08,15.49,15.79,51414.3,81253200.0,15.46,15.81,16.722,17.06,17.0,37.66,-0.56,-0.41,-0.15,新北洋,计算机、通信和其他电子设备制造业,主板,15.514999999999997,15.494999999999989,16.013333333333335,16.413750000000007,17.16085106382977
2376,2018-12-27,15.85,15.7,16.05,15.68,15.5,65949.2,104758000.0,15.55,15.64,16.6355,16.96,16.96,40.41,-0.53,-0.44,-0.09,新北洋,计算机、通信和其他电子设备制造业,主板,15.637499999999998,15.519999999999989,15.9,16.255000000000006,17.114680851063817
2376,2018-12-28,15.66,15.34,15.88,15.13,15.7,77807.3,120157000.0,15.58,15.5,16.502000000000002,16.84,16.92,37.23,-0.54,-0.46,-0.08,新北洋,计算机、通信和其他电子设备制造业,主板,15.582499999999996,15.48749999999999,15.764166666666668,16.116875000000004,17.068297872340413
2376,2019-01-02,15.4,15.38,15.51,15.1,15.34,52949.6,81323600.0,15.54,15.49,16.3565,16.73,16.9,37.81,-0.54,-0.47,-0.07,新北洋,计算机、通信和其他电子设备制造业,主板,15.479999999999995,15.46624999999999,15.595833333333333,15.981250000000003,17.016808510638285
2376,2019-01-03,15.0,14.76,15.51,14.55,15.38,70496.0,105604000.0,15.34,15.4,16.19,16.64,16.87,32.72,-0.59,-0.5,-0.09,新北洋,计算机、通信和其他电子设备制造业,主板,15.294999999999995,15.40499999999999,15.428333333333333,15.833750000000002,16.97127659574467
2376,2019-01-04,14.61,15.8,15.92,14.61,14.76,93315.3,143583000.0,15.4,15.43,16.068,16.58,16.85,45.89,-0.53,-0.5,-0.03,新北洋,计算机、通信和其他电子设备制造业,主板,15.319999999999993,15.478749999999991,15.453333333333333,15.755000000000003,16.96702127659573
2376,2019-01-07,15.74,15.97,16.13,15.73,15.8,71817.0,114529000.0,15.45,15.5,15.989,16.53,16.86,47.7,-0.46,-0.5,0.04,新北洋,计算机、通信和其他电子设备制造业,主板,15.477499999999992,15.52999999999999,15.484166666666667,15.692500000000004,16.970212765957434
2376,2019-01-08,15.93,15.98,16.12,15.82,15.97,38569.5,61619300.0,15.58,15.58,15.910500000000003,16.5,16.85,47.81,-0.41,-0.48,0.07,新北洋,计算机、通信和其他电子设备制造业,主板,15.627499999999992,15.55374999999999,15.519999999999998,15.603750000000003,16.971914893617008
2376,2019-01-09,15.99,15.85,16.29,15.68,15.98,53940.1,86317300.0,15.67,15.61,15.847000000000003,16.47,16.86,46.44,-0.37,-0.46,0.09,新北洋,计算机、通信和其他电子设备制造业,主板,15.899999999999993,15.59749999999999,15.569999999999999,15.546250000000002,16.955106382978713
2376,2019-01-10,15.85,15.84,16.15,15.78,15.85,43055.4,68670000.0,15.89,15.61,15.786000000000001,16.42,16.87,46.33,-0.34,-0.43,0.09,新北洋,计算机、通信和其他电子设备制造业,主板,15.909999999999993,15.61499999999999,15.622499999999997,15.567500000000003,16.922978723404242
2376,2019-01-11,15.81,15.59,15.94,15.24,15.84,75316.8,116709000.0,15.85,15.62,15.717000000000002,16.36,16.87,43.55,-0.33,-0.41,0.08,新北洋,计算机、通信和其他电子设备制造业,主板,15.814999999999994,15.646249999999988,15.624999999999998,15.566875000000001,16.88659574468084
2376,2019-01-14,15.58,15.3,15.67,15.16,15.59,90791.1,138954000.0,15.71,15.58,15.612000000000004,16.28,16.87,40.52,-0.33,-0.4,0.07,新北洋,计算机、通信和其他电子设备制造业,主板,15.644999999999992,15.63624999999999,15.584166666666667,15.55125,16.836170212765946
2376,2019-01-15,15.33,16.19,16.32,15.3,15.3,116331.0,185402000.0,15.75,15.67,15.583000000000004,16.22,16.86,51.65,-0.26,-0.37,0.11,新北洋,计算机、通信和其他电子设备制造业,主板,15.729999999999992,15.814999999999989,15.641666666666666,15.61,16.815744680851054
2376,2019-01-16,16.18,16.33,16.55,16.18,16.19,82956.8,135870000.0,15.85,15.76,15.624500000000003,16.16,16.84,53.13,-0.21,-0.34,0.13,新北洋,计算机、通信和其他电子设备制造业,主板,15.852499999999992,15.881249999999989,15.694166666666666,15.679999999999998,16.802978723404248
2376,2019-01-17,16.45,16.17,16.64,16.08,16.33,83579.6,136824000.0,15.92,15.9,15.653000000000002,16.09,16.81,51.2,-0.17,-0.3,0.13,新北洋,计算机、通信和其他电子设备制造业,主板,15.997499999999992,15.90624999999999,15.763333333333334,15.718124999999997,16.77808510638297
2376,2019-01-18,16.34,16.4,16.44,16.11,16.17,52797.4,85917400.0,16.08,15.96,15.695500000000001,16.03,16.8,53.8,-0.11,-0.26,0.15,新北洋,计算机、通信和其他电子设备制造业,主板,16.27249999999999,15.95874999999999,15.848333333333334,15.756249999999996,16.7259574468085
2376,2019-01-21,16.35,16.39,16.56,16.1,16.4,53109.4,86997200.0,16.3,16.0,15.752500000000001,15.99,16.77,53.67,-0.06,-0.22,0.16,新北洋,计算机、通信和其他电子设备制造业,主板,16.32249999999999,16.02624999999999,15.984166666666667,15.811874999999997,16.670425531914884
2376,2019-01-22,16.34,16.31,16.53,16.13,16.39,30815.9,50256900.0,16.32,16.04,15.807500000000001,15.95,16.76,52.54,-0.04,-0.19,0.15,新北洋,计算机、通信和其他电子设备制造业,主板,16.317499999999992,16.08499999999999,16.026666666666667,15.849999999999998,16.61851063829786
2376,2019-01-23,16.26,16.12,16.26,16.05,16.31,33383.8,53801100.0,16.28,16.06,15.835500000000001,15.92,16.76,49.86,-0.04,-0.16,0.12,新北洋,计算机、通信和其他电子设备制造业,主板,16.304999999999993,16.15124999999999,16.039166666666667,15.898749999999998,16.56148936170212
2376,2019-01-24,16.13,16.41,16.64,16.12,16.12,43317.1,71194800.0,16.33,16.12,15.866500000000002,15.9,16.77,53.74,-0.01,-0.13,0.12,新北洋,计算机、通信和其他电子设备制造业,主板,16.30749999999999,16.28999999999999,16.075,15.963124999999998,16.508510638297864
2376,2019-01-25,16.43,16.38,16.44,16.23,16.41,29900.2,48917600.0,16.32,16.2,15.910500000000003,15.88,16.78,53.28,0.01,-0.1,0.11,新北洋,计算机、通信和其他电子设备制造业,主板,16.30499999999999,16.313749999999988,16.11916666666667,16.064375,16.463829787234033
2376,2019-01-28,16.47,16.09,16.48,15.81,16.38,97654.9,156072000.0,16.26,16.28,15.930000000000001,15.83,16.77,48.92,0.01,-0.08,0.09,新北洋,计算机、通信和其他电子设备制造业,主板,16.24999999999999,16.28374999999999,16.14,16.082499999999996,16.429574468085097
2376,2019-01-29,15.99,15.84,16.06,15.68,16.09,35552.5,56274200.0,16.17,16.24,15.955000000000002,15.8,16.75,45.47,-0.02,-0.07,0.05,新北洋,计算机、通信和其他电子设备制造业,主板,16.17999999999999,16.242499999999993,16.160833333333333,16.074374999999993,16.397446808510626
2376,2019-01-30,15.81,15.5,16.05,15.4,15.84,52750.2,82695200.0,16.04,16.16,15.961000000000002,15.8,16.72,41.22,-0.06,-0.07,0.01,新北洋,计算机、通信和其他电子设备制造业,主板,15.95249999999999,16.129999999999992,16.1775,16.04437499999999,16.352127659574457
2376,2019-01-31,15.55,15.51,15.65,15.28,15.5,50573.9,78312400.0,15.86,16.1,15.998500000000002,15.8,16.68,41.39,-0.1,-0.07,-0.03,新北洋,计算机、通信和其他电子设备制造业,主板,15.734999999999992,16.01999999999999,16.120833333333334,16.02312499999999,16.32468085106382
2376,2019-02-01,15.63,15.94,16.01,15.51,15.51,44907.0,71083000.0,15.78,16.05,16.0055,15.81,16.66,48.45,-0.09,-0.08,-0.01,新北洋,计算机、通信和其他电子设备制造业,主板,15.697499999999991,15.973749999999988,16.088333333333335,16.02937499999999,16.304042553191483
2376,2019-02-11,15.99,16.6,16.78,15.85,15.94,82622.1,135192000.0,15.88,16.07,16.037,15.86,16.66,57.01,-0.04,-0.07,0.03,新北洋,计算机、通信和其他电子设备制造业,主板,15.887499999999989,16.033749999999987,16.124166666666667,16.092499999999994,16.28893617021276
2376,2019-02-12,16.59,16.97,17.16,16.5,16.6,73552.3,124370000.0,16.1,16.14,16.0865,15.92,16.65,60.92,0.04,-0.05,0.09,新北洋,计算机、通信和其他电子设备制造业,主板,16.25499999999999,16.103749999999987,16.171666666666667,16.196874999999995,16.278723404255313
2376,2019-02-13,17.05,17.25,17.85,16.91,16.97,111067.0,192566000.0,16.45,16.25,16.1565,15.97,16.62,63.63,0.13,-0.01,0.14,新北洋,计算机、通信和其他电子设备制造业,主板,16.689999999999987,16.212499999999988,16.243333333333336,16.263124999999995,16.27489361702127
2376,2019-02-14,17.31,17.3,17.54,17.13,17.25,56554.9,98004200.0,16.81,16.34,16.2295,16.02,16.6,64.1,0.19,0.03,0.16,新北洋,计算机、通信和其他电子设备制造业,主板,17.029999999999987,16.36374999999999,16.325833333333335,16.323749999999997,16.259787234042548
2376,2019-02-15,17.3,17.2,17.53,17.15,17.3,54600.6,94629800.0,17.06,16.42,16.310000000000002,16.08,16.57,62.34,0.23,0.07,0.16,新北洋,计算机、通信和其他电子设备制造业,主板,17.179999999999986,16.533749999999987,16.415833333333335,16.388124999999995,16.236595744680848
2376,2019-02-18,17.32,18.01,18.18,17.26,17.2,98361.3,175688000.0,17.35,16.61,16.445500000000003,16.16,16.56,69.62,0.33,0.12,0.21,新北洋,计算机、通信和其他电子设备制造业,主板,17.439999999999987,16.847499999999986,16.549166666666668,16.488749999999996,16.23489361702127
2376,2019-02-19,18.1,18.05,18.28,17.77,18.01,82598.7,148527000.0,17.56,16.83,16.538500000000003,16.25,16.54,69.93,0.4,0.18,0.22,新北洋,计算机、通信和其他电子设备制造业,主板,17.639999999999986,17.16499999999999,16.688333333333336,16.592499999999998,16.230851063829782
2376,2019-02-20,17.93,17.93,18.05,17.62,18.05,52044.6,92803300.0,17.7,17.08,16.618500000000004,16.33,16.53,67.7,0.44,0.23,0.21,新北洋,计算机、通信和其他电子设备制造业,主板,17.79749999999999,17.41374999999999,16.84166666666667,16.693749999999998,16.23893617021276
2376,2019-02-21,17.99,17.71,18.28,17.56,17.93,72358.1,130049000.0,17.78,17.3,16.695500000000003,16.43,16.53,63.7,0.46,0.28,0.18,新北洋,计算机、通信和其他电子设备制造业,主板,17.924999999999986,17.55249999999999,16.997500000000002,16.793124999999996,16.24234042553191
2376,2019-02-22,17.65,18.65,18.65,17.64,17.71,84224.1,153458000.0,18.07,17.57,16.808,16.53,16.56,71.47,0.53,0.33,0.2,新北洋,计算机、通信和其他电子设备制造业,主板,18.084999999999983,17.762499999999992,17.26,16.933124999999993,16.27489361702127
2376,2019-02-25,18.9,19.29,19.37,18.14,18.65,229662.0,430574000.0,18.33,17.84,16.953000000000003,16.64,16.58,75.33,0.65,0.39,0.26,新北洋,计算机、通信和其他电子设备制造业,主板,18.394999999999985,18.01749999999999,17.575000000000003,17.114999999999995,16.32234042553191
2376,2019-02-26,19.0,18.61,19.08,18.51,19.29,150947.0,283891000.0,18.44,18.0,17.068000000000005,16.72,16.61,65.22,0.66,0.44,0.22,新北洋,计算机、通信和其他电子设备制造业,主板,18.564999999999984,18.18124999999999,17.797500000000003,17.272499999999997,16.357234042553184
2376,2019-02-27,18.38,18.42,18.84,18.18,18.61,104749.0,194048000.0,18.54,18.12,17.183000000000003,16.81,16.64,62.68,0.66,0.49,0.17,新北洋,计算机、通信和其他电子设备制造业,主板,18.742499999999986,18.333749999999995,17.949166666666674,17.43375,16.37893617021276
2376,2019-02-28,18.49,18.68,19.15,18.35,18.42,87170.7,163883000.0,18.73,18.26,17.2965,16.9,16.66,64.7,0.67,0.52,0.15,新北洋,计算机、通信和其他电子设备制造业,主板,18.749999999999986,18.417499999999997,18.091666666666672,17.6325,16.4195744680851
2376,2019-03-01,18.69,18.3,18.73,17.51,18.68,151773.0,274124000.0,18.66,18.36,17.392500000000005,17.0,16.68,59.62,0.63,0.55,0.08,新北洋,计算机、通信和其他电子设备制造业,主板,18.502499999999984,18.448749999999997,18.179166666666674,17.806875,16.479148936170205
2376,2019-03-04,18.3,17.92,18.55,17.74,18.3,272636.0,494459000.0,18.39,18.36,17.484000000000005,17.08,16.68,54.97,0.57,0.55,0.02,新北洋,计算机、通信和其他电子设备制造业,主板,18.329999999999984,18.447499999999998,18.23083333333334,17.930625000000003,16.528510638297863
2376,2019-03-05,17.9,18.39,18.41,17.69,17.92,158892.0,286683000.0,18.34,18.39,17.611500000000007,17.16,16.69,59.21,0.56,0.55,0.01,新北洋,计算机、通信和其他电子设备制造业,主板,18.322499999999984,18.532499999999995,18.33000000000001,18.0425,16.588936170212758
2376,2019-03-06,18.46,18.35,19.05,18.0,18.39,181783.0,334373000.0,18.33,18.43,17.75400000000001,17.22,16.69,58.7,0.54,0.55,-0.01,新北洋,计算机、通信和其他电子设备制造业,主板,18.23999999999998,18.494999999999994,18.35833333333334,18.128750000000004,16.65489361702127
2376,2019-03-07,18.35,18.4,18.68,17.91,18.35,179758.0,327718000.0,18.27,18.5,17.898500000000006,17.3,16.7,59.17,0.52,0.54,-0.02,新北洋,计算机、通信和其他电子设备制造业,主板,18.264999999999983,18.383749999999996,18.387500000000006,18.200625000000002,16.7227659574468
2376,2019-03-08,18.12,17.7,18.24,17.58,18.4,153716.0,275300000.0,18.15,18.41,17.986500000000007,17.34,16.69,50.51,0.44,0.52,-0.08,新北洋,计算机、通信和其他电子设备制造业,主板,18.209999999999983,18.269999999999996,18.36833333333334,18.225625,16.76829787234042
2376,2019-03-11,17.8,18.42,18.42,17.48,17.7,217788.0,391103000.0,18.25,18.32,18.077500000000008,17.41,16.7,57.42,0.43,0.5,-0.07,新北洋,计算机、通信和其他电子设备制造业,主板,18.217499999999983,18.269999999999996,18.427500000000006,18.301875000000003,16.82425531914893
2376,2019-03-12,18.4,19.68,19.76,18.35,18.42,324092.0,619786000.0,18.51,18.43,18.213000000000005,17.52,16.74,66.28,0.52,0.51,0.01,新北洋,计算机、通信和其他电子设备制造业,主板,18.549999999999983,18.394999999999996,18.51333333333334,18.406250000000004,16.913191489361694
2376,2019-03-13,19.73,18.38,19.81,18.24,19.68,221761.0,424474000.0,18.52,18.42,18.269500000000004,17.6,16.76,53.83,0.48,0.5,-0.02,新北洋,计算机、通信和其他电子设备制造业,主板,18.54499999999998,18.404999999999994,18.437500000000007,18.426875000000003,16.970212765957438
2376,2019-03-14,18.25,17.47,18.25,17.21,18.38,174310.0,308379000.0,18.33,18.3,18.278000000000006,17.63,16.76,47.15,0.37,0.48,-0.11,新北洋,计算机、通信和其他电子设备制造业,主板,18.48749999999998,18.348749999999995,18.342500000000005,18.398125000000004,17.015531914893607
2376,2019-03-15,17.55,17.48,17.83,17.25,17.47,125719.0,220796000.0,18.29,18.22,18.29200000000001,17.67,16.77,47.23,0.28,0.44,-0.16,新北洋,计算机、通信和其他电子设备制造业,主板,18.25249999999998,18.234999999999992,18.26416666666667,18.383750000000006,17.060212765957438
2376,2019-03-18,17.48,17.9,17.95,17.15,17.48,114748.0,201832000.0,18.18,18.22,18.286500000000007,17.73,16.78,50.51,0.24,0.4,-0.16,新北洋,计算机、通信和其他电子设备制造业,主板,17.807499999999976,18.178749999999994,18.199166666666674,18.336875000000006,17.127021276595734
2376,2019-03-19,17.81,17.46,17.88,17.33,17.9,152521.0,267528000.0,17.74,18.12,18.257000000000005,17.78,16.79,47.2,0.17,0.35,-0.18,新北洋,计算机、通信和其他电子设备制造业,主板,17.57749999999998,18.061249999999994,18.129166666666674,18.222500000000004,17.16234042553191
2376,2019-03-20,17.43,17.47,17.64,17.1,17.46,120622.0,209186000.0,17.56,18.04,18.234000000000005,17.85,16.83,47.28,0.12,0.31,-0.19,新北洋,计算机、通信和其他电子设备制造业,主板,17.57749999999998,18.032499999999995,18.091666666666672,18.151250000000005,17.19425531914893
2376,2019-03-21,17.48,17.57,17.68,17.26,17.47,116980.0,204635000.0,17.58,17.95,18.227000000000007,17.92,16.86,48.18,0.08,0.26,-0.18,新北洋,计算机、通信和其他电子设备制造业,主板,17.599999999999977,17.926249999999996,18.02333333333334,18.098125000000003,17.228085106382974
2376,2019-03-22,17.57,17.39,17.63,17.2,17.57,88311.6,153646000.0,17.56,17.92,18.16400000000001,17.96,16.89,46.64,0.03,0.21,-0.18,新北洋,计算机、通信和其他电子设备制造业,主板,17.472499999999975,17.639999999999993,17.94333333333334,18.017500000000002,17.26085106382978
2376,2019-03-25,17.24,17.16,17.29,17.09,17.39,72462.2,124577000.0,17.41,17.8,18.057500000000008,17.98,16.92,44.69,-0.02,0.17,-0.19,新北洋,计算机、通信和其他电子设备制造业,主板,17.397499999999972,17.487499999999994,17.840000000000007,17.946250000000003,17.288936170212757
2376,2019-03-26,17.18,17.17,17.48,16.99,17.16,99814.9,172101000.0,17.35,17.54,17.98550000000001,17.99,16.95,44.79,-0.06,0.12,-0.18,新北洋,计算机、通信和其他电子设备制造业,主板,17.322499999999973,17.449999999999992,17.795833333333338,17.899375000000003,17.32255319148935
2376,2019-03-27,17.22,17.34,17.38,16.72,17.17,124039.0,213293000.0,17.33,17.44,17.931500000000007,17.99,16.98,46.71,-0.08,0.08,-0.16,新北洋,计算机、通信和其他电子设备制造业,主板,17.264999999999972,17.432499999999994,17.70583333333334,17.833750000000002,17.3659574468085
2376,2019-03-28,17.21,17.51,17.7,17.08,17.34,115131.0,201502000.0,17.31,17.44,17.873000000000005,18.0,17.01,48.63,-0.08,0.05,-0.13,新北洋,计算机、通信和其他电子设备制造业,主板,17.294999999999973,17.383749999999992,17.525000000000006,17.78125,17.39404255319148
2376,2019-03-29,17.53,17.65,17.72,17.24,17.51,107587.0,188861000.0,17.37,17.46,17.840500000000002,18.02,17.05,50.21,-0.06,0.03,-0.09,新北洋,计算机、通信和其他电子设备制造业,主板,17.417499999999976,17.40749999999999,17.464166666666674,17.734375,17.422127659574457
2376,2019-04-01,17.64,18.19,18.4,17.55,17.65,184652.0,333806000.0,17.57,17.49,17.854000000000003,18.02,17.09,55.88,-0.01,0.02,-0.03,新北洋,计算机、通信和其他电子设备制造业,主板,17.672499999999975,17.49749999999999,17.524166666666673,17.765,17.465106382978714
2376,2019-04-02,18.14,18.1,18.28,17.96,18.19,109618.0,198575000.0,17.76,17.56,17.839500000000005,18.02,17.14,54.76,0.03,0.02,0.01,新北洋,计算机、通信和其他电子设备制造业,主板,17.862499999999976,17.56374999999999,17.57583333333334,17.745,17.501276595744674
2376,2019-04-03,17.97,17.91,18.24,17.74,18.1,106663.0,191097000.0,17.87,17.6,17.817500000000003,18.02,17.18,52.38,0.04,0.03,0.01,新北洋,计算机、通信和其他电子设备制造业,主板,17.962499999999974,17.62874999999999,17.57666666666667,17.634375000000002,17.533617021276587
2376,2019-04-04,17.84,17.36,17.88,17.27,17.91,154687.0,270180000.0,17.84,17.58,17.765500000000007,18.01,17.22,46.12,0.0,0.02,-0.02,新北洋,计算机、通信和其他电子设备制造业,主板,17.889999999999972,17.65374999999999,17.56833333333334,17.570625000000003,17.555957446808502
2376,2019-04-08,17.35,17.09,17.46,16.91,17.36,130083.0,222948000.0,17.73,17.55,17.735000000000007,17.96,17.24,43.38,-0.04,0.01,-0.05,新北洋,计算机、通信和其他电子设备制造业,主板,17.614999999999974,17.64374999999999,17.536666666666672,17.546875,17.576595744680844
2376,2019-04-09,17.03,17.2,17.22,16.93,17.09,112704.0,192776000.0,17.53,17.55,17.674000000000003,17.89,17.26,44.82,-0.08,-0.01,-0.07,新北洋,计算机、通信和其他电子设备制造业,主板,17.389999999999972,17.626249999999988,17.50583333333334,17.529374999999998,17.593404255319143
2376,2019-04-10,17.1,16.89,17.11,16.67,17.2,136783.0,230651000.0,17.29,17.52,17.5345,17.83,17.28,41.61,-0.13,-0.03,-0.1,新北洋,计算机、通信和其他电子设备制造业,主板,17.134999999999973,17.54874999999999,17.464166666666674,17.46625,17.60425531914893
2376,2019-04-11,16.9,17.17,17.39,16.7,16.89,126311.0,216743000.0,17.14,17.51,17.474000000000004,17.79,17.3,45.41,-0.14,-0.05,-0.09,新北洋,计算机、通信和其他电子设备制造业,主板,17.087499999999974,17.488749999999992,17.46500000000001,17.448125,17.627234042553184
2376,2019-04-12,17.13,16.92,17.16,16.8,17.17,79676.1,134990000.0,17.05,17.45,17.446500000000004,17.73,17.32,42.73,-0.16,-0.08,-0.08,新北洋,计算机、通信和其他电子设备制造业,主板,17.044999999999973,17.32999999999999,17.444166666666675,17.41375,17.650212765957438
2376,2019-04-15,17.08,17.11,17.38,17.07,16.92,95288.4,163949000.0,17.06,17.39,17.428000000000004,17.69,17.34,45.37,-0.17,-0.09,-0.08,新北洋,计算机、通信和其他电子设备制造业,主板,17.022499999999972,17.206249999999994,17.425000000000008,17.385,17.684468085106374
2376,2019-04-16,17.17,17.12,17.17,16.49,17.11,103038.0,173537000.0,17.04,17.29,17.389000000000003,17.67,17.37,45.51,-0.17,-0.11,-0.06,新北洋,计算机、通信和其他电子设备制造业,主板,17.079999999999973,17.107499999999995,17.39250000000001,17.368125000000003,17.71872340425531
2376,2019-04-17,17.2,16.92,17.2,16.91,17.12,88894.0,151096000.0,17.05,17.17,17.362000000000005,17.62,17.39,43.1,-0.19,-0.13,-0.06,新北洋,计算机、通信和其他电子设备制造业,主板,17.017499999999973,17.052499999999995,17.331666666666674,17.353125000000002,17.739574468085095
2376,2019-04-18,17.0,16.6,17.0,16.58,16.92,94671.1,158032000.0,16.93,17.04,17.318500000000007,17.56,17.39,39.49,-0.22,-0.14,-0.08,新北洋,计算机、通信和其他电子设备制造业,主板,16.937499999999975,16.991249999999994,17.199166666666674,17.317500000000003,17.739574468085095
2376,2019-04-19,16.63,16.59,16.7,16.41,16.6,52821.4,87405500.0,16.87,16.96,17.269500000000004,17.5,17.4,39.38,-0.24,-0.16,-0.08,新北洋,计算机、通信和其他电子设备制造业,主板,16.807499999999976,16.914999999999996,17.07333333333334,17.270625000000003,17.731489361702117
2376,2019-04-22,16.63,16.42,16.72,16.41,16.59,74154.8,122788000.0,16.73,16.89,17.221000000000007,17.45,17.4,37.45,-0.28,-0.19,-0.09,新北洋,计算机、通信和其他电子设备制造业,主板,16.632499999999975,16.856249999999996,16.949166666666677,17.202500000000004,17.713829787234033
2376,2019-04-23,16.44,16.09,16.51,16.02,16.42,93048.2,150004000.0,16.52,16.78,17.167500000000004,17.38,17.39,33.97,-0.33,-0.22,-0.11,新北洋,计算机、通信和其他电子设备制造业,主板,16.424999999999976,16.721249999999998,16.843333333333344,17.105000000000004,17.68808510638297
2376,2019-04-24,16.06,15.83,16.17,15.46,16.09,164568.0,258853000.0,16.31,16.68,17.100500000000004,17.25,17.38,31.49,-0.38,-0.25,-0.13,新北洋,计算机、通信和其他电子设备制造业,主板,16.232499999999973,16.585,16.738333333333344,16.957500000000003,17.65893617021276
2376,2019-04-25,15.76,15.31,15.9,15.3,15.83,92147.1,143715000.0,16.05,16.49,16.999000000000002,17.15,17.37,27.22,-0.46,-0.29,-0.17,新北洋,计算机、通信和其他电子设备制造业,主板,15.912499999999973,16.36,16.580833333333345,16.783125000000002,17.601489361702118
2376,2019-04-26,15.38,15.43,15.61,15.27,15.31,71743.9,111105000.0,15.82,16.34,16.895000000000003,17.08,17.35,29.59,-0.5,-0.33,-0.17,新北洋,计算机、通信和其他电子设备制造业,主板,15.664999999999974,16.14875,16.45916666666668,16.628125,17.545744680851055
2376,2019-04-29,14.97,14.83,15.08,14.52,15.43,149885.0,221910000.0,15.5,16.11,16.754000000000005,16.99,17.33,25.17,-0.59,-0.38,-0.21,新北洋,计算机、通信和其他电子设备制造业,主板,15.349999999999973,15.887500000000001,16.264166666666682,16.47,17.479787234042544
2376,2019-04-30,14.83,14.28,14.89,14.05,14.83,158031.0,228603000.0,15.14,15.83,16.558500000000002,16.87,17.3,21.93,-0.69,-0.45,-0.24,新北洋,计算机、通信和其他电子设备制造业,主板,14.962499999999974,15.5975,16.044166666666683,16.294375,17.40680851063829
2376,2019-05-06,13.9,12.85,13.98,12.85,14.28,166101.0,221388000.0,14.54,15.42,16.296000000000003,16.72,17.25,16.12,-0.87,-0.53,-0.34,新北洋,计算机、通信和其他电子设备制造业,主板,14.347499999999972,15.129999999999999,15.689166666666685,16.0225,17.28340425531914
2376,2019-05-07,12.9,12.97,13.06,12.62,12.85,127337.0,163790000.0,14.07,15.06,16.049000000000003,16.57,17.21,18.08,-0.99,-0.62,-0.37,新北洋,计算机、通信和其他电子设备制造业,主板,13.732499999999972,14.698749999999999,15.34333333333335,15.777500000000003,17.14893617021276
2376,2019-05-08,12.7,12.81,13.19,12.57,12.97,102659.0,133083000.0,13.55,14.68,15.821500000000004,16.41,17.16,17.5,-1.1,-0.72,-0.38,新北洋,计算机、通信和其他电子设备制造业,主板,13.22749999999997,14.288749999999997,15.000833333333352,15.505000000000003,17.02553191489361
2376,2019-05-09,12.8,12.7,12.95,12.7,12.81,62496.6,80051500.0,13.12,14.31,15.602000000000004,16.25,17.11,17.08,-1.17,-0.81,-0.36,新北洋,计算机、通信和其他电子设备制造业,主板,12.832499999999971,13.897499999999997,14.675833333333351,15.24125,16.903829787234034
2376,2019-05-10,12.85,13.13,13.16,12.57,12.7,107112.0,138490000.0,12.89,14.01,15.398500000000004,16.12,17.05,24.54,-1.18,-0.88,-0.3,新北洋,计算机、通信和其他电子设备制造业,主板,12.90249999999997,13.624999999999996,14.387500000000017,14.9925,16.785744680851057
2376,2019-05-13,12.98,12.9,13.06,12.82,13.13,66036.5,85456000.0,12.9,13.72,15.199000000000003,15.97,16.98,23.33,-1.19,-0.94,-0.25,新北洋,计算机、通信和其他电子设备制造业,主板,12.88499999999997,13.308749999999996,14.094166666666686,14.72875,16.670851063829783
2376,2019-05-14,12.74,12.79,13.04,12.71,12.9,54844.1,70657700.0,12.87,13.47,14.980000000000004,15.82,16.91,22.76,-1.2,-1.0,-0.2,新北洋,计算机、通信和其他电子设备制造业,主板,12.879999999999967,13.053749999999996,13.819166666666684,14.470624999999998,16.56170212765957
2376,2019-05-15,12.89,12.89,12.95,12.79,12.79,62321.8,80182400.0,12.88,13.22,14.778500000000003,15.67,16.83,24.58,-1.17,-1.03,-0.14,新北洋,计算机、通信和其他电子设备制造业,主板,12.927499999999966,12.879999999999995,13.574166666666683,14.238749999999998,16.444680851063826
2376,2019-05-16,12.88,13.28,13.35,12.84,12.89,117465.0,154616000.0,13.0,13.06,14.587,15.52,16.77,31.4,-1.12,-1.05,-0.07,新北洋,计算机、通信和其他电子设备制造业,主板,12.964999999999966,12.933749999999996,13.405000000000015,14.031874999999998,16.336808510638292
2376,2019-05-17,13.28,12.72,13.29,12.67,13.28,92291.1,119489000.0,12.92,12.9,14.367,15.34,16.68,27.55,-1.1,-1.06,-0.04,新北洋,计算机、通信和其他电子设备制造业,主板,12.919999999999968,12.902499999999996,13.179166666666681,13.800624999999997,16.215957446808506
2376,2019-05-20,12.65,12.79,12.88,12.31,12.72,67641.5,85210900.0,12.89,12.9,14.160500000000003,15.16,16.59,28.72,-1.08,-1.06,-0.02,新北洋,计算机、通信和其他电子设备制造业,主板,12.919999999999968,12.899999999999995,13.00916666666668,13.594374999999996,16.11148936170212
2376,2019-05-21,12.7,12.93,13.06,12.66,12.79,90384.1,116817000.0,12.92,12.89,13.977,15.0,16.51,31.13,-1.03,-1.06,0.03,新北洋,计算机、通信和其他电子设备制造业,主板,12.929999999999968,12.928749999999996,12.89666666666668,13.413124999999996,15.994680851063823
2376,2019-05-22,13.0,12.85,13.07,12.77,12.93,64298.0,83126800.0,12.91,12.9,13.790000000000003,14.85,16.43,30.5,-0.99,-1.04,0.05,新北洋,计算机、通信和其他电子设备制造业,主板,12.822499999999966,12.893749999999995,12.89666666666668,13.259374999999995,15.849361702127654
2376,2019-05-23,12.85,12.38,12.88,12.38,12.85,70813.6,89207500.0,12.73,12.87,13.588000000000003,14.69,16.32,27.02,-0.99,-1.03,0.04,新北洋,计算机、通信和其他电子设备制造业,主板,12.737499999999967,12.828749999999994,12.847500000000013,13.068749999999994,15.721702127659569
2376,2019-05-24,12.36,12.45,12.53,12.14,12.38,58686.6,72452900.0,12.68,12.8,13.406000000000002,14.53,16.21,28.33,-0.97,-1.02,0.05,新北洋,计算机、通信和其他电子设备制造业,主板,12.652499999999966,12.786249999999995,12.817500000000011,12.919999999999993,15.614893617021272
2376,2019-05-27,12.47,12.71,12.77,12.35,12.45,52654.6,66536100.0,12.66,12.78,13.250000000000004,14.39,16.11,33.14,-0.91,-1.0,0.09,新北洋,计算机、通信和其他电子设备制造业,主板,12.597499999999966,12.763749999999996,12.818333333333348,12.821874999999993,15.513404255319143
2376,2019-05-28,12.71,12.73,12.85,12.66,12.71,48102.0,61403200.0,12.62,12.77,13.121000000000004,14.24,16.02,33.51,-0.86,-0.97,0.11,新北洋,计算机、通信和其他电子设备制造业,主板,12.567499999999965,12.694999999999997,12.785000000000013,12.814374999999993,15.403404255319145
2376,2019-05-29,12.6,12.49,12.64,12.48,12.73,40671.6,51029800.0,12.55,12.73,12.974000000000004,14.1,15.91,31.27,-0.83,-0.94,0.11,新北洋,计算机、通信和其他电子设备制造业,主板,12.594999999999965,12.666249999999996,12.750833333333347,12.784374999999994,15.29765957446808
2376,2019-05-30,12.43,12.25,12.47,12.07,12.49,56757.4,69396000.0,12.53,12.63,12.845000000000004,13.93,15.81,29.18,-0.82,-0.92,0.1,新北洋,计算机、通信和其他电子设备制造业,主板,12.544999999999966,12.598749999999995,12.705833333333347,12.749374999999993,15.186595744680845
2376,2019-05-31,12.27,12.32,12.44,12.26,12.25,48281.1,59736000.0,12.5,12.59,12.747000000000003,13.77,15.72,30.64,-0.79,-0.89,0.1,新北洋,计算机、通信和其他电子设备制造业,主板,12.447499999999966,12.522499999999994,12.658333333333346,12.725624999999994,15.07489361702127
2376,2019-06-03,12.06,11.8,12.32,11.77,12.32,101202.0,120999000.0,12.32,12.49,12.694500000000003,13.6,15.61,26.3,-0.81,-0.88,0.07,新北洋,计算机、通信和其他电子设备制造业,主板,12.214999999999964,12.391249999999994,12.535000000000013,12.642499999999995,14.955957446808505
2376,2019-06-04,11.86,11.52,11.94,11.45,11.8,94849.2,111053000.0,12.08,12.35,12.622000000000003,13.43,15.5,24.31,-0.83,-0.87,0.04,新北洋,计算机、通信和其他电子设备制造业,主板,11.972499999999963,12.283749999999994,12.435000000000015,12.556249999999995,14.835957446808505
2376,2019-06-05,11.68,11.8,12.15,11.68,11.52,134694.0,160674000.0,11.94,12.24,12.571500000000004,13.28,15.39,30.02,-0.82,-0.86,0.04,新北洋,计算机、通信和其他电子设备制造业,主板,11.859999999999964,12.202499999999993,12.352500000000015,12.494374999999996,14.721702127659569
2376,2019-06-06,11.8,11.48,11.88,11.3,11.8,82930.1,96007700.0,11.78,12.16,12.510500000000004,13.11,15.28,27.47,-0.82,-0.85,0.03,新北洋,计算机、通信和其他电子设备制造业,主板,11.649999999999965,12.048749999999995,12.231666666666682,12.406249999999996,14.597021276595738
2376,2019-06-10,11.52,11.67,11.74,11.38,11.48,57855.0,67094300.0,11.65,12.08,12.437500000000005,12.96,15.17,31.21,-0.8,-0.84,0.04,新北洋,计算机、通信和其他电子设备制造业,主板,11.617499999999964,11.916249999999994,12.133333333333347,12.305624999999996,14.472765957446802
2376,2019-06-11,11.67,12.09,12.12,11.5,11.67,107456.0,128089000.0,11.71,12.02,12.397000000000004,12.84,15.04,38.73,-0.74,-0.82,0.08,新北洋,计算机、通信和其他电子设备制造业,主板,11.759999999999966,11.866249999999996,12.109166666666681,12.266249999999996,14.354468085106378
2376,2019-06-12,11.98,11.95,12.15,11.92,12.09,63094.4,75633000.0,11.8,11.94,12.355000000000006,12.73,14.94,37.27,-0.7,-0.8,0.1,新北洋,计算机、通信和其他电子设备制造业,主板,11.797499999999967,11.828749999999996,12.067500000000015,12.213749999999996,14.221702127659569
2376,2019-06-13,11.92,11.97,12.05,11.78,11.95,44294.9,52983000.0,11.83,11.88,12.309000000000006,12.61,14.84,37.63,-0.65,-0.77,0.12,新北洋,计算机、通信和其他电子设备制造业,主板,11.919999999999966,11.784999999999997,12.005833333333348,12.153749999999995,14.091276595744676
2376,2019-06-14,12.0,11.7,12.02,11.65,11.97,43151.0,51031500.0,11.88,11.83,12.230000000000006,12.51,14.75,34.72,-0.64,-0.74,0.1,新北洋,计算机、通信和其他电子设备制造业,主板,11.927499999999966,11.772499999999997,11.920000000000014,12.081874999999995,13.959148936170209
2376,2019-06-17,11.69,11.74,11.85,11.59,11.7,34560.9,40459000.0,11.89,11.77,12.181000000000004,12.42,14.65,35.51,-0.61,-0.72,0.11,新北洋,计算机、通信和其他电子设备制造业,主板,11.839999999999968,11.799999999999997,11.857500000000014,12.041874999999996,13.839574468085102
2376,2019-06-18,11.73,11.79,11.85,11.55,11.74,41567.6,48812000.0,11.83,11.77,12.131000000000004,12.39,14.55,36.56,-0.57,-0.69,0.12,新北洋,计算机、通信和其他电子设备制造业,主板,11.799999999999969,11.798749999999997,11.81916666666668,12.000624999999996,13.726808510638293
2376,2019-06-19,11.97,11.85,12.1,11.82,11.79,71074.4,85010000.0,11.81,11.8,12.077000000000004,12.35,14.46,37.85,-0.54,-0.66,0.12,新北洋,计算机、通信和其他电子设备制造业,主板,11.76999999999997,11.844999999999995,11.780000000000014,11.946874999999995,13.612978723404249
2376,2019-06-20,11.89,11.97,12.03,11.76,11.85,76415.0,91087200.0,11.81,11.82,12.033000000000005,12.32,14.36,40.48,-0.5,-0.63,0.13,新北洋,计算机、通信和其他电子设备制造业,主板,11.83749999999997,11.882499999999995,11.794166666666678,11.899374999999996,13.508297872340421
2376,2019-06-21,12.02,12.3,12.37,12.0,11.97,100858.0,123440000.0,11.93,11.9,12.029000000000005,12.31,14.28,47.1,-0.43,-0.59,0.16,新北洋,计算机、通信和其他电子设备制造业,主板,11.977499999999969,11.908749999999994,11.85916666666668,11.887499999999996,13.404680851063825
2376,2019-06-24,12.3,12.35,12.48,12.21,12.3,77244.6,95298000.0,12.05,11.97,12.024000000000004,12.28,14.2,48.04,-0.37,-0.54,0.17,新北洋,计算机、通信和其他电子设备制造业,主板,12.11749999999997,11.958749999999993,11.90500000000001,11.893749999999995,13.307446808510635
2376,2019-06-25,12.32,12.1,12.32,12.02,12.35,70589.4,85614600.0,12.11,11.97,11.993500000000004,12.26,14.11,43.83,-0.34,-0.5,0.16,新北洋,计算机、通信和其他电子设备制造业,主板,12.17999999999997,11.974999999999993,11.956666666666678,11.879999999999995,13.200851063829784
2376,2019-06-26,12.09,12.17,12.4,12.03,12.1,48905.0,59889200.0,12.18,11.99,11.965500000000004,12.23,14.03,45.28,-0.3,-0.46,0.16,新北洋,计算机、通信和其他电子设备制造业,主板,12.22999999999997,12.033749999999992,11.998333333333344,11.903124999999994,13.095531914893613
2376,2019-06-27,12.26,12.14,12.37,12.08,12.17,55222.4,67389400.0,12.21,12.01,11.948000000000004,12.21,13.94,44.75,-0.28,-0.43,0.15,新北洋,计算机、通信和其他电子设备制造业,主板,12.18999999999997,12.083749999999993,12.00250000000001,11.941874999999994,12.993829787234038
2376,2019-06-28,12.11,11.95,12.16,11.93,12.14,53685.3,64521900.0,12.14,12.04,11.933000000000003,12.17,13.84,41.43,-0.27,-0.39,0.12,新北洋,计算机、通信和其他电子设备制造业,主板,12.08999999999997,12.103749999999994,12.00250000000001,11.951249999999993,12.894893617021273
2376,2019-07-01,12.23,12.32,12.4,12.08,11.95,113552.0,139478000.0,12.14,12.09,11.933000000000003,12.15,13.75,49.31,-0.23,-0.36,0.13,新北洋,计算机、通信和其他电子设备制造业,主板,12.14499999999997,12.162499999999994,12.031666666666675,12.003749999999993,12.804042553191486
2376,2019-07-02,12.33,12.38,12.42,12.26,12.32,81909.1,101219000.0,12.19,12.15,11.962000000000003,12.14,13.65,50.47,-0.19,-0.33,0.14,新北洋,计算机、通信和其他电子设备制造业,主板,12.19749999999997,12.213749999999994,12.088333333333344,12.048124999999994,12.718085106382976
2376,2019-07-03,12.41,12.19,12.44,12.16,12.38,62731.0,76761400.0,12.2,12.19,11.995500000000003,12.11,13.56,46.81,-0.17,-0.3,0.13,新北洋,计算机、通信和其他电子设备制造业,主板,12.209999999999969,12.199999999999994,12.125833333333341,12.054374999999993,12.635106382978721
2376,2019-07-04,12.2,12.18,12.27,12.14,12.19,37216.9,45350900.0,12.2,12.21,12.014500000000002,12.09,13.47,46.62,-0.15,-0.27,0.12,新北洋,计算机、通信和其他电子设备制造业,主板,12.26749999999997,12.178749999999994,12.158333333333344,12.068749999999994,12.557446808510635
2376,2019-07-05,12.18,12.15,12.2,12.08,12.18,41416.8,50265600.0,12.24,12.19,12.048000000000004,12.08,13.39,46.01,-0.15,-0.24,0.09,新北洋,计算机、通信和其他电子设备制造业,主板,12.22499999999997,12.184999999999995,12.183333333333344,12.079999999999995,12.490212765957443
2376,2019-07-08,12.11,11.77,12.11,11.52,12.15,112312.0,131566000.0,12.13,12.14,12.053000000000004,12.06,13.3,39.05,-0.16,-0.23,0.07,新北洋,计算机、通信和其他电子设备制造业,主板,12.072499999999968,12.134999999999994,12.166666666666679,12.084374999999996,12.412340425531912
2376,2019-07-09,11.71,11.64,11.72,11.52,11.77,52763.1,61359000.0,11.99,12.09,12.030500000000005,12.03,13.21,36.99,-0.18,-0.22,0.04,新北洋,计算机、通信和其他电子设备制造业,主板,11.934999999999969,12.072499999999994,12.111666666666679,12.078124999999996,12.34446808510638
2376,2019-07-10,11.64,11.48,11.73,11.45,11.64,40841.2,47191100.0,11.84,12.02,12.007000000000005,11.98,13.11,34.57,-0.22,-0.22,0.0,新北洋,计算机、通信和其他电子设备制造业,主板,11.759999999999968,12.013749999999995,12.039166666666679,12.058749999999996,12.284893617021273
2376,2019-07-11,11.54,11.45,11.62,11.41,11.48,28299.1,32560100.0,11.7,11.95,11.981000000000005,11.95,13.02,34.12,-0.24,-0.22,-0.02,新北洋,计算机、通信和其他电子设备制造业,主板,11.584999999999967,11.904999999999994,11.985000000000012,12.033749999999996,12.25510638297872
2376,2019-07-12,11.48,11.44,11.6,11.4,11.45,46450.0,53311900.0,11.56,11.9,11.968000000000005,11.92,12.93,33.96,-0.26,-0.23,-0.03,新北洋,计算机、通信和其他电子设备制造业,主板,11.502499999999966,11.787499999999994,11.924166666666679,12.000624999999996,12.22255319148936
2376,2019-07-15,11.43,11.52,11.58,11.19,11.44,41185.0,47039000.0,11.51,11.82,11.957000000000004,11.9,12.84,36.51,-0.26,-0.24,-0.02,新北洋,计算机、通信和其他电子设备制造业,主板,11.472499999999965,11.703749999999994,11.872500000000011,11.951874999999996,12.195106382978723
2376,2019-07-16,11.92,11.87,12.3,11.82,11.52,145263.0,174562000.0,11.55,11.77,11.961000000000006,11.9,12.75,46.27,-0.24,-0.24,0.0,新北洋,计算机、通信和其他电子设备制造业,主板,11.569999999999965,11.664999999999996,11.865833333333347,11.921874999999996,12.177446808510636
2376,2019-07-17,11.7,11.85,11.9,11.62,11.87,57755.0,68190400.0,11.63,11.74,11.961000000000006,11.91,12.67,45.84,-0.2,-0.23,0.03,新北洋,计算机、通信和其他电子设备制造业,主板,11.669999999999966,11.627499999999994,11.82666666666668,11.906249999999996,12.150212765957445
2376,2019-07-18,11.71,11.92,11.96,11.67,11.85,88345.3,104576000.0,11.72,11.71,11.958500000000004,11.91,12.59,47.68,-0.18,-0.22,0.04,新北洋,计算机、通信和其他电子设备制造业,主板,11.789999999999967,11.646249999999995,11.788333333333346,11.890624999999996,12.129361702127659
2376,2019-07-19,11.84,11.86,11.98,11.8,11.92,79144.3,94002700.0,11.8,11.68,11.936500000000004,11.93,12.52,46.23,-0.17,-0.21,0.04,新北洋,计算机、通信和其他电子设备制造业,主板,11.874999999999968,11.673749999999995,11.760833333333347,11.873124999999998,12.109574468085105
2376,2019-07-22,11.88,11.51,11.91,11.41,11.86,60390.8,70197600.0,11.8,11.65,11.894500000000004,11.92,12.44,38.79,-0.17,-0.2,0.03,新北洋,计算机、通信和其他电子设备制造业,主板,11.784999999999968,11.677499999999995,11.705000000000013,11.845624999999998,12.080212765957446
2376,2019-07-23,11.54,11.59,11.71,11.5,11.51,55754.2,64644500.0,11.75,11.65,11.869000000000003,11.9,12.37,41.12,-0.18,-0.2,0.02,新北洋,计算机、通信和其他电子设备制造业,主板,11.719999999999969,11.694999999999995,11.658333333333346,11.799999999999999,12.044255319148936
2376,2019-07-24,11.63,11.76,11.87,11.59,11.59,56921.0,66944100.0,11.73,11.68,11.848500000000005,11.9,12.31,45.84,-0.17,-0.19,0.02,新北洋,计算机、通信和其他电子设备制造业,主板,11.679999999999968,11.734999999999996,11.657500000000011,11.761249999999999,12.023829787234042
2376,2019-07-25,11.78,11.99,12.15,11.73,11.76,105211.0,126351000.0,11.74,11.73,11.841000000000005,11.9,12.25,51.51,-0.13,-0.18,0.05,新北洋,计算机、通信和其他电子设备制造业,主板,11.712499999999968,11.793749999999996,11.686666666666676,11.74875,12.0068085106383
2376,2019-07-26,11.95,12.44,12.59,11.92,11.99,154707.0,190292000.0,11.86,11.83,11.865500000000006,11.92,12.21,60.27,-0.07,-0.16,0.09,新北洋,计算机、通信和其他电子设备制造业,主板,11.944999999999968,11.864999999999995,11.766666666666678,11.764999999999999,11.996382978723407
2376,2019-07-29,12.29,12.27,12.42,12.21,12.44,107176.0,131637000.0,12.01,11.91,11.863000000000007,11.94,12.18,56.14,-0.04,-0.13,0.09,新北洋,计算机、通信和其他电子设备制造业,主板,12.114999999999966,11.917499999999995,11.835000000000013,11.772499999999999,11.984042553191491
2376,2019-07-30,12.29,12.3,12.39,12.22,12.27,76125.0,93533700.0,12.15,11.95,11.859000000000007,11.96,12.17,56.71,0.0,-0.11,0.11,新北洋,计算机、通信和其他电子设备制造业,主板,12.249999999999966,11.964999999999995,11.90666666666668,11.805625,11.982340425531916
2376,2019-07-31,12.3,12.12,12.35,12.07,12.3,86677.7,105427000.0,12.22,11.98,11.855500000000008,11.97,12.16,52.36,0.01,-0.08,0.09,新北洋,计算机、通信和其他电子设备制造业,主板,12.282499999999965,11.997499999999995,11.95666666666668,11.835625,11.97531914893617
2376,2019-08-01,12.1,12.05,12.35,11.96,12.12,85272.8,103332000.0,12.24,11.99,11.849000000000007,11.97,12.15,50.73,0.01,-0.07,0.08,新北洋,计算机、通信和其他电子设备制造业,主板,12.184999999999967,12.064999999999994,11.97166666666668,11.871250000000002,11.96127659574468
2376,2019-08-02,11.86,11.92,11.95,11.64,12.05,70380.9,83295300.0,12.13,12.0,11.837500000000007,11.96,12.13,47.76,0.01,-0.05,0.06,新北洋,计算机、通信和其他电子设备制造业,主板,12.097499999999968,12.106249999999994,11.977500000000013,11.900625000000002,11.944042553191487
2376,2019-08-05,11.81,11.8,12.09,11.8,11.92,64237.9,76667600.0,12.04,12.02,11.839000000000008,11.94,12.11,45.14,-0.02,-0.04,0.02,新北洋,计算机、通信和其他电子设备制造业,主板,11.972499999999968,12.111249999999993,11.967500000000015,11.923125000000002,11.929361702127656
2376,2019-08-06,11.53,11.52,11.63,11.23,11.8,123150.0,141008000.0,11.88,12.02,11.833000000000007,11.92,12.09,39.65,-0.05,-0.05,0.0,新北洋,计算机、通信和其他电子设备制造业,主板,11.822499999999968,12.052499999999993,11.939166666666685,11.923125000000002,11.91382978723404
2376,2019-08-07,11.58,11.52,11.74,11.42,11.52,77741.3,89906000.0,11.76,11.99,11.835000000000008,11.9,12.07,39.65,-0.07,-0.05,-0.02,新北洋,计算机、通信和其他电子设备制造业,主板,11.68999999999997,11.937499999999993,11.940000000000019,11.901250000000003,11.896808510638293
2376,2019-08-08,11.57,11.44,11.59,11.4,11.52,54830.0,63020700.0,11.64,11.94,11.83450000000001,11.87,12.04,38.12,-0.11,-0.06,-0.05,新北洋,计算机、通信和其他电子设备制造业,主板,11.569999999999968,11.833749999999993,11.927500000000018,11.875625000000003,11.88914893617021
2376,2019-08-09,11.46,11.23,11.54,11.22,11.44,61379.9,69584200.0,11.5,11.82,11.824000000000009,11.85,12.01,34.36,-0.14,-0.08,-0.06,新北洋,计算机、通信和其他电子设备制造业,主板,11.42749999999997,11.699999999999994,11.883333333333352,11.832500000000003,11.882978723404253
2376,2019-08-12,11.24,11.33,11.33,11.1,11.23,53148.5,59600500.0,11.41,11.72,11.814500000000008,11.82,11.98,37.52,-0.16,-0.09,-0.07,新北洋,计算机、通信和其他电子设备制造业,主板,11.37999999999997,11.601249999999993,11.828333333333353,11.799375000000005,11.872978723404255
2376,2019-08-13,11.24,11.12,11.24,11.02,11.33,49512.6,55097200.0,11.33,11.6,11.777000000000008,11.77,11.96,33.84,-0.19,-0.11,-0.08,新北洋,计算机、通信和其他电子设备制造业,主板,11.27999999999997,11.484999999999994,11.718333333333353,11.775000000000006,11.86531914893617
2376,2019-08-14,11.24,11.24,11.5,11.2,11.12,76408.9,86816800.0,11.27,11.52,11.746500000000008,11.74,11.93,37.61,-0.2,-0.13,-0.07,新北洋,计算机、通信和其他电子设备制造业,主板,11.22999999999997,11.399999999999993,11.63250000000002,11.753125000000006,11.856170212765958
2376,2019-08-15,11.0,11.16,11.18,10.95,11.24,73938.3,81906700.0,11.22,11.43,11.70850000000001,11.71,11.9,36.13,-0.21,-0.15,-0.06,新北洋,计算机、通信和其他电子设备制造业,主板,11.21249999999997,11.319999999999993,11.537500000000017,11.715625000000006,11.836382978723403
2376,2019-08-16,11.17,11.43,11.53,11.12,11.16,88274.4,99955100.0,11.26,11.38,11.687000000000008,11.68,11.88,44.11,-0.2,-0.16,-0.04,新北洋,计算机、通信和其他电子设备制造业,主板,11.23749999999997,11.308749999999995,11.480000000000018,11.680625000000006,11.825319148936167
2376,2019-08-19,11.52,11.85,11.87,11.47,11.43,111141.0,129747000.0,11.36,11.38,11.70400000000001,11.69,11.87,53.78,-0.16,-0.16,0.0,新北洋,计算机、通信和其他电子设备制造业,主板,11.419999999999972,11.349999999999994,11.46333333333335,11.643750000000006,11.822765957446805
2376,2019-08-20,11.83,12.02,12.15,11.81,11.85,123395.0,147513000.0,11.54,11.43,11.72550000000001,11.7,11.86,57.03,-0.1,-0.15,0.05,新北洋,计算机、通信和其他电子设备制造业,主板,11.614999999999972,11.422499999999994,11.471666666666685,11.628125000000006,11.829574468085102
2376,2019-08-21,11.91,12.17,12.18,11.89,12.02,97691.4,118100000.0,11.73,11.5,11.74600000000001,11.72,11.85,59.71,-0.05,-0.13,0.08,新北洋,计算机、通信和其他电子设备制造业,主板,11.867499999999971,11.539999999999994,11.502500000000017,11.620000000000005,11.838723404255314
2376,2019-08-22,12.22,12.19,12.28,12.09,12.17,86278.0,105081000.0,11.93,11.57,11.756000000000009,11.75,11.85,60.07,0.0,-0.1,0.1,新北洋,计算机、通信和其他电子设备制造业,主板,12.05749999999997,11.647499999999994,11.55833333333335,11.624375000000004,11.847234042553188
2376,2019-08-23,11.95,12.14,12.46,11.9,12.19,161573.0,197677000.0,12.07,11.66,11.741000000000009,11.77,11.85,58.66,0.03,-0.08,0.11,新北洋,计算机、通信和其他电子设备制造业,主板,12.12999999999997,11.774999999999993,11.610000000000015,11.630000000000003,11.853404255319145
2376,2019-08-26,11.91,12.18,12.34,11.88,12.14,98083.6,119073000.0,12.14,11.75,11.736500000000008,11.79,11.84,59.48,0.05,-0.05,0.1,新北洋,计算机、通信和其他电子设备制造业,主板,12.16999999999997,11.892499999999993,11.671666666666683,11.646250000000004,11.857872340425526
2376,2019-08-27,12.19,12.18,12.36,12.12,12.18,90471.8,110689000.0,12.17,11.86,11.730500000000008,11.8,11.85,59.48,0.07,-0.03,0.1,新北洋,计算机、通信和其他电子设备制造业,主板,12.17249999999997,12.019999999999992,11.750833333333352,11.670000000000003,11.855319148936164
2376,2019-08-28,12.18,12.18,12.3,12.11,12.18,69792.6,85085800.0,12.17,11.95,11.733500000000008,11.81,11.86,59.48,0.09,0.0,0.09,新北洋,计算机、通信和其他电子设备制造业,主板,12.16999999999997,12.113749999999992,11.821666666666685,11.711250000000003,11.851702127659566
2376,2019-08-29,12.21,12.03,12.25,12.0,12.18,71767.3,86662600.0,12.14,12.04,11.732500000000007,11.82,11.87,54.44,0.09,0.02,0.07,新北洋,计算机、通信和其他电子设备制造业,主板,12.14249999999997,12.136249999999993,11.897500000000017,11.743125000000003,11.850212765957439
2376,2019-08-30,12.09,11.94,12.19,11.9,12.03,88882.1,107021000.0,12.1,12.09,11.733500000000008,11.82,11.87,51.62,0.08,0.03,0.05,新北洋,计算机、通信和其他电子设备制造业,主板,12.08249999999997,12.126249999999994,11.95583333333335,11.774375000000003,11.845319148936163
2376,2019-09-02,11.9,12.15,12.2,11.9,11.94,93776.7,112885000.0,12.1,12.12,11.751000000000008,11.84,11.88,57.2,0.08,0.04,0.04,新北洋,计算机、通信和其他电子设备制造业,主板,12.074999999999969,12.123749999999994,12.03833333333335,11.831875000000004,11.84553191489361
2376,2019-09-03,12.14,12.27,12.3,12.07,12.15,72685.1,88820200.0,12.11,12.14,11.788500000000008,11.86,11.88,60.04,0.11,0.05,0.06,新北洋,计算机、通信和其他电子设备制造业,主板,12.09749999999997,12.133749999999994,12.10833333333335,11.890625000000004,11.852340425531906
2376,2019-09-04,12.28,12.94,12.94,12.1,12.27,201473.0,253340000.0,12.27,12.22,11.859500000000008,11.9,11.9,71.42,0.17,0.08,0.09,新北洋,计算机、通信和其他电子设备制造业,主板,12.324999999999969,12.233749999999993,12.199166666666684,12.004375000000003,11.865531914893609
2376,2019-09-05,12.9,12.86,13.2,12.81,12.94,165924.0,215681000.0,12.43,12.29,11.930500000000006,11.93,11.92,68.9,0.21,0.1,0.11,新北洋,计算机、通信和其他电子设备制造业,主板,12.55499999999997,12.318749999999994,12.269166666666685,12.105625000000003,11.875744680851057
2376,2019-09-06,12.97,13.09,13.09,12.81,12.86,118281.0,153642000.0,12.66,12.38,12.023500000000007,11.95,11.94,71.96,0.26,0.13,0.13,新北洋,计算机、通信和其他电子设备制造业,主板,12.789999999999969,12.432499999999994,12.345833333333353,12.226250000000004,11.894893617021268
2376,2019-09-09,13.16,13.31,13.47,12.93,13.09,129663.0,170818000.0,12.89,12.5,12.122500000000006,11.99,11.96,74.55,0.31,0.17,0.14,新北洋,计算机、通信和其他电子设备制造业,主板,13.049999999999969,12.573749999999993,12.439166666666686,12.343750000000004,11.918936170212758
2376,2019-09-10,13.31,13.09,13.33,13.03,13.31,85534.4,112244000.0,13.06,12.59,12.221000000000007,12.02,11.99,67.81,0.33,0.2,0.13,新北洋,计算机、通信和其他电子设备制造业,主板,13.08749999999997,12.706249999999994,12.518333333333354,12.421250000000004,11.93893617021276
2376,2019-09-11,13.18,13.05,13.23,13.03,13.09,60799.0,79644400.0,13.08,12.67,12.311500000000006,12.05,12.01,66.64,0.34,0.23,0.11,新北洋,计算机、通信和其他电子设备制造业,主板,13.13499999999997,12.844999999999994,12.590833333333356,12.485625000000004,11.966170212765949
2376,2019-09-12,13.1,13.59,13.75,13.1,13.05,165358.0,222363000.0,13.23,12.83,12.433000000000005,12.1,12.03,73.37,0.39,0.26,0.13,新北洋,计算机、通信和其他电子设备制造业,主板,13.25999999999997,13.024999999999993,12.708333333333355,12.574375000000005,12.007659574468079
2376,2019-09-16,13.72,13.87,14.26,13.61,13.59,176264.0,245633000.0,13.38,13.02,12.555000000000003,12.16,12.06,76.06,0.44,0.3,0.14,新北洋,计算机、通信和其他电子设备制造业,主板,13.39999999999997,13.224999999999994,12.849166666666688,12.679375000000006,12.058510638297864
2376,2019-09-17,13.86,13.55,13.86,13.45,13.87,109259.0,148580000.0,13.43,13.16,12.640000000000004,12.22,12.08,67.64,0.46,0.33,0.13,新北洋,计算机、通信和其他电子设备制造业,主板,13.514999999999969,13.301249999999994,12.975833333333355,12.767500000000005,12.103191489361693
2376,2019-09-18,13.55,13.41,13.66,13.33,13.55,71369.3,96022500.0,13.49,13.28,12.709500000000004,12.28,12.1,64.28,0.45,0.35,0.1,新北洋,计算机、通信和其他电子设备制造业,主板,13.604999999999968,13.369999999999994,13.098333333333356,12.844375000000005,12.145106382978712
2376,2019-09-19,13.45,13.85,13.86,13.32,13.41,85642.8,116556000.0,13.65,13.37,12.793500000000005,12.36,12.13,69.42,0.47,0.38,0.09,新北洋,计算机、通信和其他电子设备制造业,主板,13.669999999999966,13.464999999999993,13.240000000000022,12.948750000000004,12.19468085106382
2376,2019-09-20,13.96,13.59,13.96,13.51,13.85,80488.5,110175000.0,13.65,13.44,12.863500000000005,12.43,12.15,63.6,0.46,0.39,0.07,新北洋,计算机、通信和其他电子设备制造业,主板,13.599999999999968,13.499999999999993,13.350000000000021,13.036875000000004,12.23127659574467
2376,2019-09-23,13.47,13.29,13.47,13.05,13.59,100227.0,132388000.0,13.54,13.46,12.921000000000006,12.5,12.18,57.6,0.43,0.4,0.03,新北洋,计算机、通信和其他电子设备制造业,主板,13.534999999999968,13.524999999999991,13.379166666666686,13.115625000000003,12.26191489361701
2376,2019-09-24,13.28,13.26,13.44,13.13,13.29,92391.9,122760000.0,13.48,13.46,12.975000000000005,12.57,12.19,57.02,0.4,0.4,0.0,新北洋,计算机、通信和其他电子设备制造业,主板,13.49749999999997,13.551249999999992,13.412500000000017,13.198125000000003,12.290425531914883
2376,2019-09-25,13.19,13.03,13.22,12.99,13.26,83205.7,108748000.0,13.4,13.45,13.017500000000004,12.63,12.2,52.65,0.35,0.39,-0.04,新北洋,计算机、通信和其他电子设备制造业,主板,13.29249999999997,13.481249999999992,13.407500000000018,13.253125000000002,12.31531914893616
2376,2019-09-26,13.18,12.6,13.2,12.5,13.03,86635.0,110942000.0,13.15,13.4,13.038500000000004,12.68,12.21,45.61,0.27,0.37,-0.1,新北洋,计算机、通信和其他电子设备制造业,主板,13.04499999999997,13.322499999999991,13.34833333333335,13.273750000000001,12.338510638297862
2376,2019-09-27,12.53,12.77,12.96,12.53,12.6,56814.7,72598900.0,12.99,13.32,13.075500000000005,12.73,12.22,48.54,0.22,0.34,-0.12,新北洋,计算机、通信和其他电子设备制造业,主板,12.914999999999969,13.22499999999999,13.321666666666685,13.263125000000002,12.363617021276584
2376,2019-09-30,12.71,12.5,12.85,12.46,12.77,54437.2,68459500.0,12.83,13.18,13.103500000000006,12.76,12.22,44.44,0.16,0.3,-0.14,新北洋,计算机、通信和其他电子设备制造业,主板,12.724999999999971,13.111249999999991,13.27583333333335,13.240625000000001,12.379361702127648
2376,2019-10-08,12.5,12.43,12.67,12.35,12.5,49512.1,61861000.0,12.67,13.07,13.117500000000007,12.78,12.24,43.42,0.1,0.26,-0.16,新北洋,计算机、通信和其他电子设备制造业,主板,12.57499999999997,12.933749999999993,13.179166666666683,13.199375000000002,12.388723404255307
2376,2019-10-09,12.38,12.55,12.56,12.26,12.43,60338.4,75040700.0,12.57,12.99,13.131500000000008,12.8,12.25,45.72,0.07,0.22,-0.15,新北洋,计算机、通信和其他电子设备制造业,主板,12.56249999999997,12.803749999999992,13.069166666666684,13.151875000000002,12.39106382978722
2376,2019-10-10,12.54,12.68,12.72,12.47,12.55,47306.4,59722700.0,12.59,12.87,13.118500000000008,12.82,12.27,48.19,0.04,0.19,-0.15,新北洋,计算机、通信和其他电子设备制造业,主板,12.53999999999997,12.727499999999992,12.996666666666684,13.126250000000002,12.399787234042538
2376,2019-10-11,12.69,12.61,12.83,12.37,12.68,69586.0,87650400.0,12.55,12.77,13.106000000000009,12.83,12.29,46.95,0.03,0.16,-0.13,新北洋,计算机、通信和其他电子设备制造业,主板,12.56749999999997,12.646249999999991,12.93000000000002,13.098750000000003,12.406382978723391
2376,2019-10-14,12.7,12.97,13.08,12.68,12.61,90787.1,117512000.0,12.65,12.74,13.100000000000012,12.86,12.32,53.55,0.03,0.13,-0.1,新北洋,计算机、通信和其他电子设备制造业,主板,12.70249999999997,12.638749999999991,12.856666666666685,13.060000000000002,12.42446808510637
2376,2019-10-15,12.91,12.68,13.08,12.63,12.97,95709.5,122337000.0,12.7,12.68,13.06850000000001,12.88,12.34,48.33,0.02,0.11,-0.09,新北洋,计算机、通信和其他电子设备制造业,主板,12.734999999999971,12.648749999999993,12.780833333333353,12.985625000000002,12.437872340425518
2376,2019-10-16,12.67,12.51,12.84,12.45,12.68,84858.5,106827000.0,12.69,12.63,13.039500000000013,12.89,12.35,45.54,0.0,0.09,-0.09,新北洋,计算机、通信和其他电子设备制造业,主板,12.69249999999997,12.616249999999994,12.715833333333352,12.920625000000001,12.450425531914881
2376,2019-10-17,12.57,12.8,12.88,12.51,12.51,72188.9,92196100.0,12.71,12.65,13.027000000000012,12.91,12.36,50.77,0.0,0.07,-0.07,新北洋,计算机、通信和其他电子设备制造业,主板,12.73999999999997,12.653749999999993,12.677500000000022,12.882500000000002,12.471702127659562
2376,2019-10-18,12.82,12.59,12.84,12.57,12.8,50619.9,64114600.0,12.71,12.63,12.977000000000013,12.93,12.37,47.23,-0.01,0.05,-0.06,新北洋,计算机、通信和其他电子设备制造业,主板,12.644999999999971,12.673749999999995,12.640833333333354,12.803750000000003,12.494468085106371
2376,2019-10-21,12.54,12.52,12.59,12.32,12.59,35611.9,44375900.0,12.62,12.63,12.909500000000012,12.95,12.38,46.08,-0.03,0.04,-0.07,新北洋,计算机、通信和其他电子设备制造业,主板,12.60499999999997,12.669999999999995,12.634166666666689,12.736875000000003,12.515744680851052
2376,2019-10-22,12.54,12.74,12.77,12.54,12.52,40716.0,51710900.0,12.63,12.66,12.86900000000001,12.97,12.4,50.2,-0.02,0.03,-0.05,新北洋,计算机、通信和其他电子设备制造业,主板,12.662499999999971,12.677499999999995,12.631666666666689,12.702500000000004,12.543404255319135
2376,2019-10-23,12.74,12.7,12.97,12.68,12.74,42519.9,54625200.0,12.67,12.68,12.83350000000001,12.98,12.42,49.46,-0.02,0.02,-0.04,新北洋,计算机、通信和其他电子设备制造业,主板,12.63749999999997,12.688749999999995,12.648333333333355,12.667500000000004,12.574680851063817
2376,2019-10-24,12.65,13.16,13.23,12.5,12.7,82757.5,106489000.0,12.74,12.73,12.79900000000001,12.99,12.45,57.26,0.02,0.02,0.0,新北洋,计算机、通信和其他电子设备制造业,主板,12.77999999999997,12.712499999999995,12.709166666666688,12.675625000000004,12.613617021276582
2376,2019-10-25,13.0,12.98,13.16,12.78,13.16,91274.4,118047000.0,12.82,12.76,12.76850000000001,12.99,12.46,53.76,0.03,0.02,0.01,新北洋,计算机、通信和其他电子设备制造业,主板,12.894999999999971,12.749999999999996,12.745000000000019,12.699375000000003,12.653191489361689
2376,2019-10-28,13.0,13.49,13.57,12.85,12.98,140293.0,186820000.0,13.01,12.82,12.77850000000001,13.01,12.48,61.02,0.08,0.03,0.05,新北洋,计算机、通信和其他电子设备制造业,主板,13.08249999999997,12.872499999999995,12.81250000000002,12.744375000000003,12.70106382978722
2376,2019-10-29,13.22,12.72,13.25,12.7,13.49,160529.0,208691000.0,13.01,12.82,12.75150000000001,12.99,12.49,48.61,0.06,0.04,0.02,新北洋,计算机、通信和其他电子设备制造业,主板,13.08749999999997,12.862499999999995,12.821666666666687,12.758125000000003,12.734255319148923
2376,2019-10-30,12.54,12.09,12.55,12.02,12.72,149228.0,182784000.0,12.89,12.78,12.704500000000008,12.95,12.48,41.22,-0.01,0.03,-0.04,新北洋,计算机、通信和其他电子设备制造业,主板,12.819999999999972,12.799999999999995,12.748333333333354,12.736875000000003,12.748297872340414
2376,2019-10-31,12.12,12.05,12.24,11.99,12.09,55425.0,66959100.0,12.67,12.7,12.677000000000008,12.92,12.48,40.8,-0.07,0.01,-0.08,新北洋,计算机、通信和其他电子设备制造业,主板,12.58749999999997,12.741249999999996,12.695833333333354,12.705625000000003,12.75255319148935
2376,2019-11-01,12.04,12.05,12.17,12.0,12.05,42193.2,51049500.0,12.48,12.65,12.641000000000007,12.87,12.48,40.8,-0.11,-0.02,-0.09,新北洋,计算机、通信和其他电子设备制造业,主板,12.227499999999969,12.654999999999996,12.657500000000022,12.666250000000003,12.75319148936169
2376,2019-11-04,12.11,12.08,12.18,12.07,12.05,31436.1,38085100.0,12.2,12.61,12.620000000000008,12.81,12.49,41.32,-0.13,-0.04,-0.09,新北洋,计算机、通信和其他电子设备制造业,主板,12.067499999999969,12.577499999999995,12.597500000000023,12.633125000000003,12.75127659574467
2376,2019-11-05,12.1,12.07,12.15,12.05,12.08,40961.7,49518800.0,12.07,12.54,12.602000000000007,12.76,12.49,41.19,-0.16,-0.06,-0.1,新北洋,计算机、通信和其他电子设备制造业,主板,12.062499999999968,12.441249999999997,12.554166666666688,12.576875000000003,12.748723404255308
2376,2019-11-06,12.05,12.16,12.32,12.05,12.07,45680.6,55640500.0,12.08,12.49,12.582500000000007,12.72,12.5,42.95,-0.17,-0.08,-0.09,新北洋,计算机、通信和其他电子设备制造业,主板,12.089999999999968,12.338749999999996,12.524166666666687,12.544375000000002,12.7491489361702
2376,2019-11-07,12.2,12.25,12.29,12.1,12.16,27827.3,34002500.0,12.12,12.39,12.561000000000007,12.66,12.51,44.72,-0.17,-0.1,-0.07,新北洋,计算机、通信和其他电子设备制造业,主板,12.139999999999969,12.183749999999996,12.483333333333354,12.528125000000003,12.75063829787233
2376,2019-11-08,12.3,12.33,12.48,12.27,12.25,40306.0,49876600.0,12.18,12.33,12.547000000000006,12.62,12.53,46.32,-0.15,-0.11,-0.04,新北洋,计算机、通信和其他电子设备制造业,主板,12.202499999999969,12.134999999999996,12.452500000000022,12.498750000000003,12.753829787234034
2376,2019-11-11,12.25,11.95,12.25,11.94,12.33,35825.7,43300600.0,12.15,12.18,12.496000000000006,12.58,12.54,40.35,-0.18,-0.12,-0.06,新北洋,计算机、通信和其他电子设备制造业,主板,12.17249999999997,12.117499999999996,12.351666666666688,12.458750000000002,12.74893617021276
2376,2019-11-12,11.97,12.03,12.06,11.66,11.95,48598.5,57529200.0,12.14,12.11,12.463500000000005,12.54,12.55,42.04,-0.19,-0.14,-0.05,新北洋,计算机、通信和其他电子设备制造业,主板,12.139999999999969,12.114999999999997,12.272500000000022,12.428125000000001,12.74893617021276
2376,2019-11-13,11.98,11.78,11.99,11.74,12.03,28861.8,34159400.0,12.07,12.08,12.427000000000003,12.49,12.56,38.37,-0.21,-0.15,-0.06,新北洋,计算机、通信和其他电子设备制造业,主板,12.022499999999969,12.081249999999997,12.130000000000022,12.368125000000001,12.74553191489361
2376,2019-11-14,11.8,11.77,11.84,11.73,11.78,36383.0,42877900.0,11.97,12.05,12.375500000000002,12.47,12.57,38.23,-0.22,-0.17,-0.05,新北洋,计算机、通信和其他电子设备制造业,主板,11.882499999999968,12.042499999999997,12.050833333333356,12.310000000000002,12.737446808510631
2376,2019-11-15,11.75,11.7,11.82,11.62,11.77,43283.2,50614100.0,11.85,12.01,12.331000000000001,12.43,12.58,37.18,-0.25,-0.18,-0.07,新北洋,计算机、通信和其他电子设备制造业,主板,11.819999999999968,11.996249999999996,12.018333333333354,12.218750000000002,12.725319148936164
2376,2019-11-18,11.62,11.77,11.82,11.62,11.7,19206.5,22573100.0,11.81,11.98,12.293500000000002,12.41,12.59,38.99,-0.25,-0.2,-0.05,新北洋,计算机、通信和其他电子设备制造业,主板,11.754999999999967,11.947499999999996,11.99500000000002,12.143125000000003,12.700425531914885
2376,2019-11-19,11.77,11.92,11.94,11.74,11.77,46306.9,55054300.0,11.79,11.97,12.252500000000001,12.39,12.59,42.78,-0.23,-0.2,-0.03,新北洋,计算机、通信和其他电子设备制造业,主板,11.789999999999967,11.906249999999996,11.984166666666686,12.045000000000002,12.680425531914885
2376,2019-11-20,11.91,11.7,11.91,11.7,11.92,30501.7,35993800.0,11.77,11.92,12.2025,12.36,12.58,38.95,-0.24,-0.21,-0.03,新北洋,计算机、通信和其他电子设备制造业,主板,11.772499999999969,11.827499999999997,11.952500000000017,11.981250000000001,12.650851063829778
2376,2019-11-21,11.68,11.55,11.69,11.5,11.7,52650.2,60883700.0,11.73,11.85,12.122000000000002,12.32,12.57,36.55,-0.26,-0.22,-0.04,新北洋,计算机、通信和其他电子设备制造业,主板,11.734999999999967,11.777499999999996,11.909166666666685,11.947500000000002,12.613404255319141
2376,2019-11-22,11.58,11.41,11.66,11.38,11.55,42696.4,49091200.0,11.67,11.76,12.043500000000002,12.28,12.56,34.42,-0.27,-0.23,-0.04,新北洋,计算机、通信和其他电子设备制造业,主板,11.644999999999968,11.699999999999996,11.846666666666685,11.9075,12.577659574468075
2376,2019-11-25,11.44,11.38,11.44,11.32,11.41,27271.9,31020800.0,11.59,11.7,11.938,12.23,12.55,33.97,-0.29,-0.24,-0.05,新北洋,计算机、通信和其他电子设备制造业,主板,11.509999999999968,11.649999999999995,11.774166666666686,11.865625,12.542127659574458
2376,2019-11-26,11.4,11.38,11.44,11.33,11.38,18544.6,21090700.0,11.48,11.64,11.871,12.19,12.53,33.97,-0.3,-0.25,-0.05,新北洋,计算机、通信和其他电子设备制造业,主板,11.429999999999968,11.601249999999995,11.695000000000016,11.821874999999999,12.495106382978713
2376,2019-11-27,11.38,11.48,11.59,11.3,11.38,30749.9,35363600.0,11.44,11.61,11.8405,12.15,12.52,37.19,-0.29,-0.26,-0.03,新北洋,计算机、通信和其他电子设备制造业,主板,11.41249999999997,11.573749999999995,11.65583333333335,11.784999999999998,12.444255319148926
2376,2019-11-28,11.54,11.52,11.56,11.46,11.48,20999.0,24195900.0,11.43,11.58,11.814,12.11,12.51,38.48,-0.28,-0.26,-0.02,新北洋,计算机、通信和其他电子设备制造业,主板,11.43999999999997,11.542499999999995,11.613333333333351,11.745,12.401063829787224
2376,2019-11-29,11.52,11.66,11.74,11.5,11.52,34745.8,40394900.0,11.48,11.58,11.7945,12.08,12.5,42.91,-0.26,-0.26,0.0,新北洋,计算机、通信和其他电子设备制造业,主板,11.509999999999968,11.509999999999994,11.603333333333351,11.708124999999999,12.363829787234033
2376,2019-12-02,11.66,11.69,11.77,11.66,11.66,20781.4,24338800.0,11.55,11.57,11.774999999999999,12.05,12.5,43.85,-0.24,-0.26,0.02,新北洋,计算机、通信和其他电子设备制造业,主板,11.587499999999967,11.508749999999994,11.596666666666684,11.668124999999998,12.317872340425524
2376,2019-12-03,11.68,11.75,11.76,11.6,11.69,16812.0,19672400.0,11.62,11.55,11.758999999999999,12.02,12.49,45.76,-0.22,-0.25,0.03,新北洋,计算机、通信和其他电子设备制造业,主板,11.654999999999966,11.533749999999994,11.60083333333335,11.655624999999999,12.27872340425531
2376,2019-12-04,11.72,11.7,11.77,11.6,11.75,20523.9,23977500.0,11.66,11.55,11.735999999999999,11.99,12.48,44.4,-0.19,-0.24,0.05,新北洋,计算机、通信和其他电子设备制造业,主板,11.699999999999967,11.569999999999995,11.595000000000015,11.634999999999998,12.244893617021269
2376,2019-12-05,11.7,11.81,11.84,11.66,11.7,42034.6,49438600.0,11.72,11.58,11.713999999999999,11.94,12.46,48.05,-0.17,-0.23,0.06,新北洋,计算机、通信和其他电子设备制造业,主板,11.737499999999969,11.623749999999996,11.58583333333335,11.636874999999998,12.214042553191481
2376,2019-12-06,11.83,11.85,11.87,11.76,11.81,25347.0,29974200.0,11.76,11.62,11.689999999999998,11.9,12.45,49.35,-0.14,-0.21,0.07,新北洋,计算机、通信和其他电子设备制造业,主板,11.77749999999997,11.682499999999996,11.59833333333335,11.641874999999997,12.18893617021276
2376,2019-12-09,11.88,11.95,11.96,11.78,11.85,33059.0,39334800.0,11.81,11.68,11.689999999999998,11.85,12.43,52.55,-0.11,-0.19,0.08,新北洋,计算机、通信和其他电子设备制造业,主板,11.827499999999969,11.741249999999996,11.631666666666682,11.657499999999997,12.175106382978717
2376,2019-12-10,12.09,12.24,12.35,11.97,11.95,70773.9,86268500.0,11.91,11.76,11.700499999999998,11.84,12.41,60.37,-0.06,-0.16,0.1,新北洋,计算机、通信和其他电子设备制造业,主板,11.96249999999997,11.831249999999995,11.70083333333335,11.686874999999997,12.163829787234036
2376,2019-12-11,12.17,12.39,12.51,12.13,12.24,78221.5,96627400.0,12.05,11.86,11.730999999999998,11.85,12.4,63.7,-0.02,-0.13,0.11,新北洋,计算机、通信和其他电子设备制造业,主板,12.10749999999997,11.922499999999996,11.785000000000016,11.716249999999997,12.16148936170212
2376,2019-12-12,12.23,12.18,12.27,12.14,12.39,53880.7,65748400.0,12.12,11.92,11.751499999999998,11.85,12.38,56.53,0.0,-0.11,0.11,新北洋,计算机、通信和其他电子设备制造业,主板,12.18999999999997,11.983749999999997,11.851666666666683,11.746249999999998,12.15617021276595
2376,2019-12-13,12.24,12.18,12.3,12.01,12.18,56368.2,68339800.0,12.19,11.97,11.7755,11.85,12.36,56.53,0.03,-0.08,0.11,新北洋,计算机、通信和其他电子设备制造业,主板,12.24749999999997,12.037499999999998,11.910000000000018,11.785624999999998,12.148297872340418
2376,2019-12-16,12.22,12.4,12.4,12.18,12.18,65191.7,80095000.0,12.28,12.04,11.806999999999999,11.86,12.34,61.76,0.05,-0.05,0.1,新北洋,计算机、通信和其他电子设备制造业,主板,12.28749999999997,12.124999999999998,11.98333333333335,11.847499999999998,12.14234042553191
2376,2019-12-17,12.42,12.53,12.65,12.4,12.4,72188.0,90664300.0,12.34,12.12,11.8375,11.88,12.32,64.48,0.09,-0.03,0.12,新北洋,计算机、通信和其他电子设备制造业,主板,12.32249999999997,12.214999999999998,12.055833333333352,11.919374999999999,12.140638297872334
2376,2019-12-18,12.53,12.43,12.62,12.4,12.53,58025.6,72610100.0,12.34,12.2,11.874,11.89,12.3,60.89,0.1,0.0,0.1,新北洋,计算机、通信和其他电子设备制造业,主板,12.38499999999997,12.287499999999998,12.11750000000002,11.985,12.129148936170203
2376,2019-12-19,12.42,12.48,12.52,12.39,12.43,34481.9,42942700.0,12.4,12.26,11.9205,11.9,12.28,62.03,0.12,0.02,0.1,新北洋,计算机、通信和其他电子设备制造业,主板,12.45999999999997,12.353749999999998,12.17833333333335,12.0475,12.12489361702127
2376,2019-12-20,12.49,12.21,12.52,12.21,12.48,51302.1,63317200.0,12.41,12.3,11.9605,11.89,12.26,53.06,0.12,0.04,0.08,新北洋,计算机、通信和其他电子设备制造业,主板,12.412499999999971,12.35,12.220833333333353,12.090625,12.118510638297867
2376,2019-12-23,12.21,11.91,12.22,11.88,12.21,60369.9,72716400.0,12.31,12.3,11.987,11.89,12.23,45.23,0.08,0.05,0.03,新北洋,计算机、通信和其他电子设备制造业,主板,12.257499999999972,12.29,12.229166666666686,12.10625,12.0995744680851
2376,2019-12-24,11.92,11.98,12.03,11.87,11.91,37132.6,44346200.0,12.2,12.27,12.017,11.89,12.21,47.19,0.06,0.05,0.01,新北洋,计算机、通信和其他电子设备制造业,主板,12.144999999999973,12.265,12.240000000000018,12.124374999999999,12.086595744680844
2376,2019-12-25,11.99,12.0,12.08,11.89,11.98,42803.1,51285900.0,12.12,12.23,12.043000000000001,11.9,12.2,47.76,0.04,0.05,-0.01,新北洋,计算机、通信和其他电子设备制造业,主板,12.024999999999974,12.2425,12.244166666666686,12.139999999999999,12.075531914893611
2376,2019-12-26,12.08,12.15,12.17,12.02,12.0,39209.0,47491400.0,12.05,12.23,12.0745,11.91,12.19,51.98,0.04,0.05,-0.01,新北洋,计算机、通信和其他电子设备制造业,主板,12.009999999999973,12.21125,12.236666666666686,12.168125,12.06297872340425
2376,2019-12-27,12.13,12.03,12.33,12.02,12.15,55935.2,68015800.0,12.01,12.21,12.093,11.92,12.18,48.6,0.03,0.04,-0.01,新北洋,计算机、通信和其他电子设备制造业,主板,12.039999999999974,12.14875,12.206666666666687,12.181875,12.04872340425531
2376,2019-12-30,12.04,11.99,12.05,11.83,12.03,77521.0,92334300.0,12.03,12.17,12.108,11.93,12.17,47.49,0.02,0.04,-0.02,新北洋,计算机、通信和其他电子设备制造业,主板,12.042499999999976,12.09375,12.190833333333353,12.190625,12.023829787234035
2376,2019-12-31,12.0,12.1,12.22,11.99,11.99,48906.5,59172000.0,12.05,12.13,12.1255,11.93,12.16,50.82,0.02,0.04,-0.02,新北洋,计算机、通信和其他电子设备制造业,主板,12.067499999999976,12.046249999999999,12.184166666666686,12.200000000000001,12.005106382978717
2376,2020-01-02,12.17,12.37,12.38,12.16,12.1,101165.0,124451000.0,12.13,12.12,12.159000000000002,11.96,12.16,57.87,0.04,0.04,0.0,新北洋,计算机、通信和其他电子设备制造业,主板,12.122499999999976,12.06625,12.181666666666686,12.208125,11.981276595744674
2376,2020-01-03,12.4,12.4,12.47,12.29,12.37,59681.7,73905500.0,12.18,12.11,12.188500000000001,11.99,12.15,58.58,0.06,0.04,0.02,新北洋,计算机、通信和其他电子设备制造业,主板,12.214999999999975,12.127500000000001,12.170833333333354,12.208750000000002,11.974468085106375
2376,2020-01-06,12.33,12.62,12.69,12.28,12.4,111164.0,139616000.0,12.3,12.16,12.227000000000002,12.03,12.15,63.45,0.08,0.05,0.03,新北洋,计算机、通信和其他电子设备制造业,主板,12.372499999999974,12.207500000000001,12.186666666666687,12.236250000000002,11.985744680851054
2376,2020-01-07,12.61,12.64,12.69,12.5,12.62,79984.3,100825000.0,12.43,12.23,12.261500000000003,12.07,12.15,63.86,0.12,0.06,0.06,新北洋,计算机、通信和其他电子设备制造业,主板,12.507499999999974,12.287500000000001,12.200000000000019,12.265,11.998297872340418
2376,2020-01-08,12.51,12.57,12.81,12.5,12.64,102157.0,129416000.0,12.52,12.29,12.278000000000002,12.11,12.15,61.24,0.13,0.08,0.05,新北洋,计算机、通信和其他电子设备制造业,主板,12.557499999999974,12.34,12.230000000000018,12.275625,12.009361702127654
2376,2020-01-09,12.67,12.69,12.84,12.58,12.57,95432.5,121064000.0,12.58,12.36,12.293000000000003,12.15,12.15,63.97,0.15,0.09,0.06,新北洋,计算机、通信和其他电子设备制造业,主板,12.629999999999974,12.4225,12.295000000000018,12.285625,12.02234042553191
2376,2020-01-10,12.71,12.57,12.79,12.41,12.69,83047.1,104402000.0,12.62,12.4,12.312500000000004,12.18,12.15,59.45,0.15,0.1,0.05,新北洋,计算机、通信和其他电子设备制造业,主板,12.617499999999975,12.495,12.344166666666686,12.294374999999999,12.03297872340425
2376,2020-01-13,12.61,12.65,12.68,12.47,12.57,72572.8,91267100.0,12.62,12.46,12.336000000000002,12.22,12.15,61.41,0.15,0.11,0.04,新北洋,计算机、通信和其他电子设备制造业,主板,12.619999999999974,12.56375,12.398333333333353,12.305,12.043404255319142
2376,2020-01-14,12.67,12.52,12.75,12.5,12.65,79811.1,100426000.0,12.6,12.51,12.342,12.24,12.15,56.63,0.15,0.12,0.03,新北洋,计算机、通信和其他电子设备制造业,主板,12.607499999999975,12.5825,12.429166666666687,12.324375,12.049148936170207
2376,2020-01-15,12.52,12.6,12.72,12.42,12.52,80729.9,101405000.0,12.61,12.56,12.3455,12.27,12.15,58.76,0.15,0.13,0.02,新北洋,计算机、通信和其他电子设备制造业,主板,12.584999999999976,12.607499999999998,12.476666666666686,12.3675,12.05489361702127
2376,2020-01-16,12.6,12.47,12.68,12.44,12.6,65326.4,81898100.0,12.56,12.57,12.3475,12.3,12.14,54.11,0.14,0.13,0.01,新北洋,计算机、通信和其他电子设备制造业,主板,12.559999999999976,12.588749999999997,12.516666666666685,12.398125,12.065957446808504
2376,2020-01-17,12.52,12.32,12.55,12.32,12.47,69071.0,85800600.0,12.51,12.57,12.3395,12.31,12.13,49.27,0.11,0.12,-0.01,新北洋,计算机、通信和其他电子设备制造业,主板,12.477499999999976,12.548749999999997,12.535000000000018,12.418125,12.072127659574463
2376,2020-01-20,12.34,12.51,12.51,12.2,12.32,85168.5,105168000.0,12.48,12.55,12.3545,12.34,12.12,54.79,0.11,0.12,-0.01,新北洋,计算机、通信和其他电子设备制造业,主板,12.474999999999977,12.541249999999998,12.546666666666683,12.440624999999999,12.08765957446808
2376,2020-01-21,12.44,12.35,12.68,12.32,12.51,77065.7,96163300.0,12.45,12.52,12.3765,12.35,12.1,49.87,0.09,0.12,-0.03,新北洋,计算机、通信和其他电子设备制造业,主板,12.412499999999977,12.498749999999998,12.542500000000016,12.460624999999999,12.099999999999996
2376,2020-01-22,12.34,12.34,12.43,12.0,12.35,73272.7,89582800.0,12.4,12.5,12.3945,12.35,12.09,49.57,0.07,0.11,-0.04,新北洋,计算机、通信和其他电子设备制造业,主板,12.379999999999978,12.469999999999999,12.519166666666683,12.482499999999998,12.11361702127659
2376,2020-01-23,12.23,11.74,12.25,11.58,12.34,107229.0,127704000.0,12.25,12.41,12.381499999999999,12.33,12.09,35.71,0.02,0.09,-0.07,新北洋,计算机、通信和其他电子设备制造业,主板,12.234999999999978,12.356249999999998,12.444166666666684,12.459999999999999,12.112978723404252
2376,2020-02-03,10.57,10.57,10.64,10.57,11.74,103213.0,109110000.0,11.9,12.21,12.302499999999998,12.28,12.06,22.5,-0.12,0.05,-0.17,新北洋,计算机、通信和其他电子设备制造业,主板,11.749999999999979,12.112499999999999,12.277500000000018,12.347499999999998,12.084255319148934
2376,2020-02-04,10.38,10.49,10.64,10.28,10.57,118330.0,123725000.0,11.5,11.99,12.225499999999998,12.22,12.04,21.9,-0.24,-0.01,-0.23,新北洋,计算机、通信和其他电子设备制造业,主板,11.284999999999979,11.848749999999999,12.094166666666686,12.228124999999999,12.05851063829787
2376,2020-02-05,10.53,10.63,10.78,10.4,10.49,133396.0,141911000.0,11.15,11.8,12.157499999999997,12.16,12.01,25.62,-0.32,-0.07,-0.25,新北洋,计算机、通信和其他电子设备制造业,主板,10.85749999999998,11.618749999999999,11.932500000000019,12.103749999999998,12.038936170212764
2376,2020-02-06,10.63,10.86,10.99,10.54,10.63,155773.0,167674000.0,10.86,11.63,12.095499999999998,12.11,11.99,31.4,-0.36,-0.13,-0.23,新北洋,计算机、通信和其他电子设备制造业,主板,10.63749999999998,11.436249999999998,11.783333333333353,11.9925,12.027234042553191
2376,2020-02-07,10.96,11.95,11.95,10.93,10.86,250921.0,291395000.0,10.9,11.58,12.074499999999997,12.09,11.99,50.87,-0.3,-0.16,-0.14,新北洋,计算机、通信和其他电子设备制造业,主板,10.982499999999979,11.366249999999997,11.735833333333352,11.95375,12.03936170212766
2376,2020-02-10,13.15,12.64,13.15,12.41,11.95,647602.0,839077000.0,11.31,11.61,12.086499999999997,12.1,12.0,58.84,-0.19,-0.17,-0.02,新北洋,计算机、通信和其他电子设备制造业,主板,11.519999999999978,11.402499999999998,11.739166666666684,11.950624999999999,12.066170212765957
2376,2020-02-11,13.1,12.36,13.11,12.15,12.64,482732.0,610608000.0,11.69,11.59,12.073499999999996,12.1,12.0,54.94,-0.13,-0.16,0.03,新北洋,计算机、通信和其他电子设备制造业,主板,11.952499999999977,11.404999999999998,11.730000000000016,11.9375,12.084893617021276
2376,2020-02-12,12.26,13.04,13.12,12.11,12.36,392083.0,492319000.0,12.17,11.66,12.093499999999995,12.14,12.02,61.59,-0.02,-0.13,0.11,新北洋,计算机、通信和其他电子设备制造业,主板,12.497499999999977,11.567499999999997,11.790000000000015,11.961875,12.117234042553191
2376,2020-02-13,12.88,12.55,12.95,12.48,13.04,256068.0,323958000.0,12.51,11.68,12.092499999999996,12.16,12.02,55.26,0.02,-0.1,0.12,新北洋,计算机、通信和其他电子设备制造业,主板,12.647499999999976,11.814999999999998,11.79333333333335,11.96375,12.136170212765958
2376,2020-02-14,12.57,12.39,12.68,12.26,12.55,195781.0,243445000.0,12.6,11.75,12.077499999999995,12.17,12.03,53.34,0.04,-0.07,0.11,新北洋,计算机、通信和其他电子设备制造业,主板,12.584999999999976,12.052499999999998,11.796666666666683,11.950625,12.151063829787232
2376,2020-02-17,12.51,12.99,13.06,12.44,12.39,292984.0,375454000.0,12.67,11.99,12.098499999999996,12.2,12.05,59.1,0.11,-0.04,0.15,新北洋,计算机、通信和其他电子设备制造业,主板,12.742499999999977,12.347499999999998,11.85083333333335,11.983125000000001,12.177446808510636
2376,2020-02-18,13.04,13.08,13.46,12.86,12.99,259625.0,340147000.0,12.81,12.25,12.119999999999996,12.23,12.08,59.9,0.16,0.0,0.16,新北洋,计算机、通信和其他电子设备制造业,主板,12.752499999999978,12.624999999999998,11.962500000000018,12.030625000000002,12.206808510638297
2376,2020-02-19,12.98,12.8,13.15,12.74,13.08,153266.0,198243000.0,12.76,12.47,12.133999999999997,12.26,12.09,56.21,0.18,0.04,0.14,新北洋,计算机、通信和其他电子设备制造业,主板,12.81499999999998,12.731249999999998,12.148333333333353,12.048750000000004,12.227872340425531
2376,2020-02-20,12.81,13.08,13.09,12.55,12.8,217652.0,279800000.0,12.87,12.69,12.157999999999998,12.29,12.11,58.93,0.22,0.07,0.15,新北洋,计算机、通信和其他电子设备制造业,主板,12.98749999999998,12.786249999999997,12.364166666666685,12.094375000000005,12.254042553191487
2376,2020-02-21,13.0,13.49,13.55,12.93,13.08,312757.0,418025000.0,13.09,12.84,12.208999999999996,12.33,12.14,62.6,0.28,0.12,0.16,新北洋,计算机、通信和其他电子设备制造业,主板,13.112499999999978,12.927499999999997,12.60250000000002,12.166250000000005,12.286808510638297
2376,2020-02-24,13.38,13.64,13.87,13.33,13.49,279751.0,382385000.0,13.22,12.94,12.274999999999997,12.37,12.18,63.86,0.34,0.16,0.18,新北洋,计算机、通信和其他电子设备制造业,主板,13.25249999999998,13.002499999999998,12.834166666666684,12.285000000000004,12.316595744680848
2376,2020-02-25,13.24,13.23,13.45,12.74,13.64,274987.0,360831000.0,13.25,13.03,12.310999999999998,12.39,12.21,58.06,0.33,0.19,0.14,新北洋,计算机、通信和其他电子设备制造业,主板,13.359999999999982,13.087499999999999,12.940833333333352,12.451250000000003,12.334468085106382
2376,2020-02-26,13.0,12.6,13.16,12.58,13.23,206235.0,265199000.0,13.21,12.98,12.3235,12.39,12.23,50.48,0.29,0.21,0.08,新北洋,计算机、通信和其他电子设备制造业,主板,13.23999999999998,13.113749999999998,12.93750000000002,12.583125000000003,12.343404255319149
2376,2020-02-27,12.64,12.68,12.97,12.41,12.6,189394.0,240688000.0,13.13,13.0,12.340499999999999,12.39,12.25,51.35,0.25,0.22,0.03,新北洋,计算机、通信和其他电子设备制造业,主板,13.037499999999982,13.074999999999998,12.964166666666685,12.711250000000003,12.354042553191489
2376,2020-02-28,12.38,11.91,12.46,11.86,12.68,192816.0,235257000.0,12.81,12.95,12.348999999999998,12.37,12.26,43.44,0.16,0.21,-0.05,新北洋,计算机、通信和其他电子设备制造业,主板,12.604999999999983,12.928749999999997,12.870000000000019,12.776875000000004,12.343617021276595
2376,2020-03-02,12.0,12.19,12.3,11.88,11.91,146011.0,177016000.0,12.52,12.87,12.429999999999998,12.36,12.27,46.66,0.11,0.19,-0.08,新北洋,计算机、通信和其他电子设备制造业,主板,12.344999999999981,12.852499999999997,12.840000000000018,12.791875000000005,12.336382978723405
2376,2020-03-03,12.33,12.28,12.66,12.15,12.19,156909.0,194652000.0,12.33,12.79,12.519499999999997,12.34,12.28,47.69,0.07,0.17,-0.1,新北洋,计算机、通信和其他电子设备制造业,主板,12.264999999999981,12.752499999999998,12.83083333333335,12.769375000000004,12.333191489361704
2376,2020-03-04,12.32,12.24,12.5,12.04,12.28,132555.0,162668000.0,12.26,12.73,12.599999999999998,12.33,12.29,47.25,0.04,0.14,-0.1,新北洋,计算机、通信和其他电子设备制造业,主板,12.154999999999982,12.596249999999998,12.76833333333335,12.761875000000003,12.32808510638298
2376,2020-03-05,12.4,12.39,12.45,12.19,12.24,162931.0,200812000.0,12.2,12.66,12.676499999999995,12.33,12.3,49.13,0.03,0.12,-0.09,新北洋,计算机、通信和其他电子设备制造业,主板,12.27499999999998,12.439999999999998,12.710833333333348,12.721250000000003,12.331914893617022
2376,2020-03-06,12.32,12.38,12.56,12.21,12.39,126598.0,156677000.0,12.3,12.55,12.697999999999997,12.32,12.31,49.01,0.02,0.1,-0.08,新北洋,计算机、通信和其他电子设备制造业,主板,12.322499999999982,12.333749999999997,12.675833333333346,12.710625000000002,12.341914893617023
2376,2020-03-09,12.11,12.03,12.38,12.02,12.38,117589.0,142941000.0,12.26,12.39,12.667499999999995,12.31,12.31,44.7,-0.01,0.08,-0.09,新北洋,计算机、通信和其他电子设备制造业,主板,12.259999999999982,12.262499999999998,12.588333333333345,12.688125000000003,12.342978723404256
2376,2020-03-10,11.93,12.2,12.24,11.82,12.03,113521.0,136645000.0,12.25,12.29,12.659499999999994,12.3,12.32,47.13,-0.03,0.06,-0.09,新北洋,计算机、通信和其他电子设备制造业,主板,12.24999999999998,12.202499999999997,12.480833333333344,12.638750000000002,12.347234042553193
2376,2020-03-11,12.22,12.0,12.36,12.0,12.2,107532.0,131009000.0,12.2,12.23,12.607499999999995,12.29,12.32,44.65,-0.06,0.03,-0.09,新北洋,计算机、通信和其他电子设备制造业,主板,12.15249999999998,12.213749999999997,12.344166666666675,12.571250000000001,12.34404255319149
2376,2020-03-12,11.82,11.61,11.88,11.5,12.0,105155.0,122993000.0,12.04,12.12,12.560499999999994,12.27,12.31,40.2,-0.11,0.0,-0.11,新北洋,计算机、通信和其他电子设备制造业,主板,11.95999999999998,12.141249999999998,12.209166666666677,12.496875,12.335106382978726
2376,2020-03-13,11.0,11.45,11.61,10.89,11.61,99594.6,111884000.0,11.86,12.08,12.513499999999993,12.26,12.29,38.5,-0.17,-0.03,-0.14,新北洋,计算机、通信和其他电子设备制造业,主板,11.81499999999998,12.037499999999998,12.113333333333344,12.394999999999998,12.323617021276599
2376,2020-03-16,11.6,11.0,11.7,10.97,11.45,87448.4,99073900.0,11.65,11.96,12.413999999999993,12.27,12.28,34.14,-0.24,-0.07,-0.17,新北洋,计算机、通信和其他电子设备制造业,主板,11.51499999999998,11.882499999999999,11.973333333333343,12.239374999999997,12.300212765957449
2376,2020-03-17,11.2,11.15,11.21,10.89,11.0,63384.1,70112100.0,11.44,11.84,12.317499999999992,12.29,12.26,36.72,-0.29,-0.12,-0.17,新北洋,计算机、通信和其他电子设备制造业,主板,11.302499999999979,11.7275,11.91000000000001,12.083749999999998,12.274255319148939
2376,2020-03-18,11.2,11.05,11.42,11.02,11.15,61611.6,69108800.0,11.25,11.73,12.22999999999999,12.31,12.24,35.72,-0.32,-0.16,-0.16,新北洋,计算机、通信和其他电子设备制造业,主板,11.16249999999998,11.56125,11.815000000000012,11.9475,12.245531914893618
2376,2020-03-19,11.04,11.27,11.3,10.95,11.05,70153.8,77940900.0,11.18,11.61,12.13949999999999,12.32,12.21,39.62,-0.34,-0.19,-0.15,新北洋,计算机、通信和其他电子设备制造业,主板,11.117499999999978,11.466249999999999,11.730833333333345,11.864375,12.216808510638298
2376,2020-03-20,11.35,11.31,11.4,11.09,11.27,56365.7,63384300.0,11.16,11.51,12.03049999999999,12.3,12.2,40.33,-0.33,-0.22,-0.11,新北洋,计算机、通信和其他电子设备制造业,主板,11.194999999999979,11.354999999999999,11.653333333333345,11.77875,12.188510638297872
2376,2020-03-23,11.08,10.91,11.12,10.9,11.31,60755.4,66820800.0,11.14,11.4,11.893999999999988,12.24,12.17,35.8,-0.36,-0.25,-0.11,新北洋,计算机、通信和其他电子设备制造业,主板,11.134999999999978,11.218749999999998,11.53000000000001,11.71625,12.153191489361701
2376,2020-03-24,11.08,11.08,11.17,10.87,10.91,60081.0,66290200.0,11.12,11.28,11.78649999999999,12.2,12.15,38.94,-0.37,-0.27,-0.1,新北洋,计算机、通信和其他电子设备制造业,主板,11.142499999999977,11.152499999999998,11.42166666666668,11.646875000000001,12.118936170212764
2376,2020-03-25,11.28,11.24,11.31,11.14,11.08,58282.9,65487800.0,11.16,11.21,11.71849999999999,12.14,12.14,41.82,-0.35,-0.29,-0.06,新北洋,计算机、通信和其他电子设备制造业,主板,11.134999999999977,11.126249999999997,11.355833333333345,11.581875000000002,12.090638297872339
2376,2020-03-26,11.11,11.26,11.33,11.08,11.24,79445.0,89018800.0,11.16,11.17,11.64749999999999,12.1,12.13,42.19,-0.33,-0.3,-0.03,新北洋,计算机、通信和其他电子设备制造业,主板,11.122499999999976,11.158749999999998,11.277500000000012,11.520625,12.061063829787232
2376,2020-03-27,11.33,11.22,11.38,11.21,11.26,46982.6,53096000.0,11.14,11.15,11.612999999999989,12.06,12.11,41.62,-0.33,-0.3,-0.03,新北洋,计算机、通信和其他电子设备制造业,主板,11.199999999999974,11.167499999999997,11.212500000000013,11.447500000000002,12.033404255319148
2376,2020-03-30,11.04,10.97,11.08,10.77,11.22,57155.3,62326300.0,11.15,11.15,11.551999999999989,11.99,12.09,38.17,-0.33,-0.31,-0.02,新北洋,计算机、通信和其他电子设备制造业,主板,11.172499999999975,11.157499999999997,11.159166666666678,11.359375000000002,11.998723404255317
2376,2020-03-31,11.03,10.87,11.07,10.86,10.97,39771.4,43521200.0,11.11,11.12,11.48149999999999,11.92,12.08,36.86,-0.34,-0.31,-0.03,新北洋,计算机、通信和其他电子设备制造业,主板,11.079999999999973,11.107499999999998,11.110833333333346,11.286875000000002,11.964680851063829
2376,2020-04-01,10.87,10.64,10.9,10.63,10.87,59907.5,64584400.0,10.99,11.08,11.40149999999999,11.85,12.05,33.96,-0.36,-0.32,-0.04,新北洋,计算机、通信和其他电子设备制造业,主板,10.924999999999974,11.023749999999998,11.080833333333345,11.189375000000002,11.928936170212763
2376,2020-04-02,10.59,10.82,10.83,10.57,10.64,57686.1,61673800.0,10.9,11.03,11.32299999999999,11.77,12.03,38.06,-0.36,-0.33,-0.03,新北洋,计算机、通信和其他电子设备制造业,主板,10.824999999999974,11.0125,11.053333333333343,11.115625000000001,11.892978723404253
2376,2020-04-03,10.8,10.74,10.84,10.7,10.82,35008.0,37712400.0,10.81,10.98,11.24099999999999,11.68,12.0,36.96,-0.36,-0.34,-0.02,新北洋,计算机、通信和其他电子设备制造业,主板,10.767499999999975,10.969999999999999,11.02750000000001,11.061250000000001,11.858723404255317
2376,2020-04-07,10.9,10.99,11.04,10.88,10.74,51772.1,56695400.0,10.81,10.98,11.188999999999991,11.59,11.98,42.55,-0.33,-0.34,0.01,新北洋,计算机、通信和其他电子设备制造业,主板,10.797499999999976,10.938749999999999,11.004166666666677,11.032500000000002,11.829999999999997
2376,2020-04-08,10.97,11.0,11.05,10.91,10.99,42513.5,46732900.0,10.84,10.98,11.128999999999992,11.52,11.95,42.77,-0.31,-0.33,0.02,新北洋,计算机、通信和其他电子设备制造业,主板,10.887499999999976,10.906249999999998,10.978333333333344,11.032500000000002,11.814255319148934
2376,2020-04-09,11.08,11.03,11.1,11.01,11.0,40503.4,44744900.0,10.92,10.95,11.080499999999992,11.46,11.93,43.46,-0.29,-0.32,0.03,新北洋,计算机、通信和其他电子设备制造业,主板,10.939999999999976,10.882499999999999,10.988333333333344,11.025000000000002,11.824042553191484
2376,2020-04-10,11.03,10.62,11.05,10.55,11.03,85859.1,92185500.0,10.88,10.89,11.030999999999992,11.4,11.89,36.88,-0.3,-0.32,0.02,新北洋,计算机、通信和其他电子设备制造业,主板,10.909999999999975,10.83875,10.95000000000001,10.998125000000002,11.826808510638294
2376,2020-04-13,10.48,10.23,10.48,10.19,10.62,82155.1,84589900.0,10.77,10.79,10.969999999999992,11.34,11.85,31.92,-0.33,-0.32,-0.01,新北洋,计算机、通信和其他电子设备制造业,主板,10.719999999999976,10.75875,10.865833333333342,10.933125,11.818297872340422
2376,2020-04-14,10.3,10.38,10.44,10.24,10.23,79986.8,82885300.0,10.65,10.73,10.938999999999991,11.28,11.82,35.51,-0.34,-0.32,-0.02,新北洋,计算机、通信和其他电子设备制造业,主板,10.564999999999976,10.726249999999999,10.79250000000001,10.875,11.808085106382974
2376,2020-04-15,10.37,10.35,10.44,10.31,10.38,41904.6,43419800.0,10.52,10.68,10.89899999999999,11.21,11.78,35.11,-0.36,-0.33,-0.03,新北洋,计算机、通信和其他电子设备制造业,主板,10.394999999999976,10.667499999999997,10.720000000000008,10.84,11.774042553191485
2376,2020-04-16,10.3,10.32,10.34,10.19,10.35,56915.7,58377000.0,10.38,10.65,10.86249999999999,11.15,11.74,34.69,-0.36,-0.34,-0.02,新北洋,计算机、通信和其他电子设备制造业,主板,10.319999999999977,10.614999999999997,10.66583333333334,10.792499999999999,11.724680851063827
2376,2020-04-17,10.36,10.35,10.54,10.33,10.32,94239.6,98375900.0,10.33,10.6,10.816499999999989,11.08,11.7,35.52,-0.36,-0.34,-0.02,新北洋,计算机、通信和其他电子设备制造业,主板,10.349999999999977,10.534999999999997,10.622500000000008,10.736874999999998,11.681914893617018
2376,2020-04-20,10.44,10.6,10.6,10.38,10.35,75683.8,79544700.0,10.4,10.59,10.780999999999988,11.02,11.67,42.12,-0.34,-0.34,0.0,新北洋,计算机、通信和其他电子设备制造业,主板,10.404999999999976,10.484999999999996,10.619166666666674,10.695624999999998,11.629999999999997
2376,2020-04-21,10.53,10.44,10.53,10.35,10.6,43898.8,45825400.0,10.41,10.53,10.75749999999999,10.97,11.64,39.35,-0.32,-0.34,0.02,新北洋,计算机、通信和其他电子设备制造业,主板,10.427499999999975,10.411249999999995,10.587500000000007,10.646874999999998,11.585106382978724
2376,2020-04-22,10.45,10.46,10.46,10.35,10.44,41197.5,42900600.0,10.43,10.48,10.726499999999989,10.91,11.61,39.88,-0.31,-0.33,0.02,新北洋,计算机、通信和其他电子设备制造业,主板,10.462499999999975,10.391249999999996,10.564166666666676,10.614999999999998,11.54404255319149
2376,2020-04-23,10.55,10.17,10.55,10.17,10.46,130658.0,134092000.0,10.4,10.39,10.672999999999988,10.85,11.57,35.06,-0.32,-0.33,0.01,新北洋,计算机、通信和其他电子设备制造业,主板,10.417499999999976,10.383749999999996,10.495833333333342,10.571249999999997,11.48404255319149
2376,2020-04-24,10.16,10.01,10.22,9.96,10.17,81231.3,81732000.0,10.34,10.33,10.610499999999988,10.8,11.53,32.72,-0.34,-0.33,-0.01,新北洋,计算机、通信和其他电子设备制造业,主板,10.269999999999975,10.337499999999997,10.413333333333343,10.531874999999996,11.418723404255319
2376,2020-04-27,10.05,9.97,10.14,9.92,10.01,45158.8,45302600.0,10.21,10.31,10.547999999999988,10.75,11.5,32.14,-0.35,-0.34,-0.01,新北洋,计算机、通信和其他电子设备制造业,主板,10.152499999999975,10.289999999999997,10.32500000000001,10.478749999999996,11.358510638297872
2376,2020-04-28,9.9,9.71,9.96,9.46,9.97,81731.3,79282500.0,10.06,10.24,10.484999999999989,10.71,11.49,28.6,-0.36,-0.34,-0.02,新北洋,计算机、通信和其他电子设备制造业,主板,9.964999999999975,10.213749999999997,10.249166666666676,10.414374999999996,11.286808510638298
2376,2020-04-29,9.73,9.69,9.78,9.64,9.71,33571.0,32589200.0,9.91,10.17,10.425999999999988,10.66,11.48,28.34,-0.38,-0.35,-0.03,新北洋,计算机、通信和其他电子设备制造业,主板,9.844999999999974,10.131249999999998,10.204166666666676,10.333124999999995,11.205957446808512
2376,2020-04-30,9.74,9.98,9.98,9.74,9.69,63164.4,62612300.0,9.87,10.14,10.392999999999986,10.62,11.46,37.21,-0.37,-0.35,-0.02,新北洋,计算机、通信和其他电子设备制造业,主板,9.837499999999975,10.053749999999999,10.170833333333343,10.269374999999995,11.128085106382981
2376,2020-05-06,9.89,10.12,10.15,9.87,9.98,84372.2,84708800.0,9.89,10.12,10.357999999999986,10.58,11.45,41.01,-0.34,-0.35,0.01,新北洋,计算机、通信和其他电子设备制造业,主板,9.874999999999975,10.01375,10.151666666666678,10.212499999999995,11.061914893617024
2376,2020-05-07,10.12,10.03,10.17,10.02,10.12,47191.4,47615800.0,9.91,10.06,10.322499999999987,10.54,11.42,39.36,-0.33,-0.35,0.02,新北洋,计算机、通信和其他电子设备制造业,主板,9.954999999999975,9.96,10.127500000000012,10.175624999999995,11.007234042553192
2376,2020-05-08,10.05,10.15,10.22,10.05,10.03,48803.8,49549400.0,9.99,10.03,10.280499999999986,10.51,11.38,42.67,-0.31,-0.34,0.03,新北洋,计算机、通信和其他电子设备制造业,主板,10.069999999999975,9.957500000000001,10.110833333333346,10.170624999999996,10.95340425531915
2376,2020-05-11,10.1,9.97,10.15,9.92,10.15,73868.2,74137600.0,10.05,9.98,10.228999999999987,10.48,11.34,39.21,-0.29,-0.33,0.04,新北洋,计算机、通信和其他电子设备制造业,主板,10.067499999999974,9.9525,10.058333333333346,10.144999999999996,10.912127659574471
2376,2020-05-12,9.98,9.91,9.99,9.78,9.97,46048.9,45470400.0,10.04,9.95,10.172999999999986,10.43,11.29,38.1,-0.29,-0.32,0.03,新北洋,计算机、通信和其他电子设备制造业,主板,10.014999999999974,9.945,10.01416666666668,10.117499999999996,10.863617021276598
2376,2020-05-13,9.85,10.08,10.2,9.85,9.91,65227.0,65709000.0,10.03,9.96,10.145999999999987,10.39,11.25,43.02,-0.27,-0.31,0.04,新北洋,计算机、通信和其他电子设备制造业,主板,10.027499999999973,9.99125,9.982500000000014,10.102499999999997,10.8168085106383
2376,2020-05-14,10.01,9.95,10.07,9.92,10.08,41543.1,41480600.0,10.01,9.96,10.131999999999987,10.35,11.21,40.38,-0.26,-0.3,0.04,新北洋,计算机、通信和其他电子设备制造业,主板,9.977499999999973,10.023750000000001,9.96416666666668,10.077499999999997,10.768085106382982
2376,2020-05-15,9.97,9.94,10.04,9.93,9.95,33968.3,33918500.0,9.97,9.98,10.109999999999987,10.32,11.15,40.17,-0.24,-0.29,0.05,新北洋,计算机、通信和其他电子设备制造业,主板,9.969999999999972,10.01875,9.958333333333346,10.036249999999997,10.715957446808515
2376,2020-05-18,9.93,9.83,9.99,9.8,9.94,39305.6,38831700.0,9.94,10.0,10.083999999999987,10.28,11.1,37.9,-0.25,-0.28,0.03,新北洋,计算机、通信和其他电子设备制造业,主板,9.94999999999997,9.9825,9.94666666666668,9.998124999999998,10.661702127659579
2376,2020-05-19,9.92,10.08,10.14,9.84,9.83,57124.0,57053800.0,9.98,10.01,10.071999999999989,10.26,11.05,45.45,-0.22,-0.27,0.05,新北洋,计算机、通信和其他电子设备制造业,主板,9.94999999999997,9.98875,9.977500000000013,9.974374999999998,10.620212765957453
2376,2020-05-20,10.05,10.07,10.24,9.9,10.08,58942.8,59511000.0,9.97,10.0,10.05799999999999,10.24,11.0,45.21,-0.2,-0.25,0.05,新北洋,计算机、通信和其他电子设备制造业,主板,9.979999999999972,9.978749999999998,10.00916666666668,9.968124999999999,10.574893617021282
2376,2020-05-21,10.14,10.08,10.2,10.04,10.07,44190.0,44688400.0,10.0,10.01,10.03199999999999,10.22,10.95,45.52,-0.18,-0.24,0.06,新北洋,计算机、通信和其他电子设备制造业,主板,10.014999999999972,9.992499999999998,10.017500000000014,9.9725,10.534042553191494
2376,2020-05-22,10.05,9.95,10.13,9.89,10.08,34681.3,34745400.0,10.0,9.99,10.00749999999999,10.18,10.89,42.22,-0.17,-0.23,0.06,新北洋,计算机、通信和其他电子设备制造业,主板,10.044999999999973,9.997499999999999,10.003333333333346,9.97125,10.498723404255324
2376,2020-05-25,9.96,10.45,10.5,9.96,9.95,123430.0,127087000.0,10.13,10.03,10.006999999999987,10.16,10.84,55.55,-0.12,-0.2,0.08,新北洋,计算机、通信和其他电子设备制造业,主板,10.137499999999974,10.04375,10.038333333333346,10.017499999999998,10.477446808510644
2376,2020-05-26,10.36,10.42,10.5,10.26,10.45,77258.3,80164100.0,10.19,10.08,10.019499999999988,10.14,10.8,54.74,-0.09,-0.18,0.09,新北洋,计算机、通信和其他电子设备制造业,主板,10.224999999999975,10.1025,10.060833333333344,10.063124999999998,10.465106382978728
2376,2020-05-27,10.31,10.13,10.31,10.08,10.42,51840.1,52607300.0,10.21,10.09,10.025499999999989,10.13,10.76,47.48,-0.08,-0.16,0.08,新北洋,计算机、通信和其他电子设备制造业,主板,10.237499999999976,10.126249999999999,10.074166666666677,10.072499999999998,10.443404255319155
2376,2020-05-28,10.13,10.12,10.28,10.0,10.13,48774.7,49363800.0,10.21,10.11,10.032999999999989,10.12,10.73,47.24,-0.08,-0.15,0.07,新北洋,计算机、通信和其他电子设备制造业,主板,10.279999999999976,10.1625,10.091666666666677,10.072499999999998,10.423617021276602
2376,2020-05-29,10.07,10.04,10.17,9.99,10.12,60309.0,60701100.0,10.23,10.12,10.049499999999988,10.11,10.7,45.33,-0.08,-0.13,0.05,新北洋,计算机、通信和其他电子设备制造业,主板,10.177499999999977,10.1575,10.088333333333344,10.073124999999997,10.397446808510644
2376,2020-06-01,10.1,10.33,10.38,10.09,10.04,75426.7,77414000.0,10.21,10.17,10.081499999999988,10.11,10.66,52.8,-0.06,-0.12,0.06,新北洋,计算机、通信和其他电子设备制造业,主板,10.154999999999976,10.190000000000001,10.12000000000001,10.084374999999998,10.376595744680857
2376,2020-06-02,10.35,10.39,10.43,10.27,10.33,56741.4,58834700.0,10.2,10.2,10.101999999999988,10.11,10.63,54.19,-0.03,-0.1,0.07,新北洋,计算机、通信和其他电子设备制造业,主板,10.219999999999976,10.228750000000002,10.157500000000011,10.110624999999997,10.365531914893621
2376,2020-06-03,10.37,10.22,10.47,10.2,10.39,72621.4,74886400.0,10.22,10.21,10.106999999999989,10.11,10.6,49.71,-0.03,-0.09,0.06,新北洋,计算机、通信和其他电子设备制造业,主板,10.244999999999976,10.262500000000001,10.19000000000001,10.129999999999997,10.347234042553197
2376,2020-06-04,10.27,10.18,10.3,10.04,10.22,58074.2,58946700.0,10.23,10.22,10.114499999999989,10.1,10.56,48.69,-0.03,-0.07,0.04,新北洋,计算机、通信和其他电子设备制造业,主板,10.279999999999976,10.22875,10.198333333333343,10.136249999999997,10.324680851063835
2376,2020-06-05,10.25,10.13,10.31,10.03,10.18,69087.7,70038500.0,10.25,10.24,10.113499999999988,10.09,10.53,47.38,-0.03,-0.07,0.04,新北洋,计算机、通信和其他电子设备制造业,主板,10.229999999999977,10.192499999999999,10.203333333333346,10.147499999999997,10.300638297872347
2376,2020-06-08,10.16,10.15,10.3,10.13,10.13,46051.4,46977000.0,10.21,10.21,10.122499999999988,10.07,10.49,47.98,-0.03,-0.06,0.03,新北洋,计算机、通信和其他电子设备制造业,主板,10.169999999999977,10.195,10.209166666666679,10.160624999999998,10.277872340425537
2376,2020-06-09,10.17,10.39,10.45,10.11,10.15,100581.0,103476000.0,10.21,10.21,10.146499999999987,10.08,10.47,54.69,-0.01,-0.05,0.04,新北洋,计算机、通信和其他电子设备制造业,主板,10.212499999999977,10.22875,10.245833333333346,10.195624999999998,10.265531914893621
2376,2020-06-10,10.44,10.33,10.44,10.27,10.39,56067.5,57910700.0,10.24,10.23,10.158999999999988,10.09,10.45,52.85,0.0,-0.04,0.04,新北洋,计算机、通信和其他电子设备制造业,主板,10.249999999999977,10.265,10.235833333333344,10.211249999999998,10.254042553191493
2376,2020-06-11,10.35,10.35,10.52,10.27,10.33,76954.8,79989400.0,10.27,10.25,10.178999999999988,10.11,10.43,53.41,0.01,-0.03,0.04,新北洋,计算机、通信和其他电子设备制造业,主板,10.304999999999977,10.2675,10.230000000000013,10.228749999999998,10.247872340425536
2376,2020-06-12,10.16,10.16,10.25,10.09,10.35,79937.6,81346900.0,10.28,10.26,10.189999999999987,10.12,10.41,47.62,0.0,-0.02,0.02,新北洋,计算机、通信和其他电子设备制造业,主板,10.307499999999978,10.23875,10.232500000000014,10.233749999999997,10.233829787234047
2376,2020-06-15,10.13,10.15,10.27,10.08,10.16,51185.1,52214300.0,10.28,10.24,10.205999999999987,10.14,10.4,47.33,-0.01,-0.02,0.01,新北洋,计算机、通信和其他电子设备制造业,主板,10.247499999999977,10.23,10.235000000000014,10.246249999999998,10.221276595744685
2376,2020-06-16,10.24,10.4,10.42,10.17,10.15,81394.7,83819900.0,10.28,10.25,10.221999999999987,10.15,10.39,54.77,0.01,-0.01,0.02,新北洋,计算机、通信和其他电子设备制造业,主板,10.264999999999977,10.2575,10.265000000000015,10.243125,10.208723404255323
2376,2020-06-17,10.49,10.47,10.57,10.37,10.4,88110.9,92151200.0,10.31,10.27,10.241999999999987,10.16,10.37,56.62,0.02,-0.01,0.03,新北洋,计算机、通信和其他电子设备制造业,主板,10.294999999999977,10.3,10.276666666666681,10.24625,10.197446808510643
2376,2020-06-18,10.49,10.45,10.53,10.37,10.47,61132.1,63853800.0,10.33,10.3,10.260499999999986,10.18,10.36,55.91,0.04,0.0,0.04,新北洋,计算机、通信和其他电子设备制造业,主板,10.367499999999978,10.3375,10.281666666666682,10.26625,10.185106382978727
2376,2020-06-19,10.44,10.5,10.5,10.4,10.45,53131.8,55562100.0,10.39,10.34,10.287999999999986,10.19,10.35,57.34,0.05,0.01,0.04,新北洋,计算机、通信和其他电子设备制造业,主板,10.454999999999979,10.35125,10.305000000000014,10.29,10.182553191489367
2376,2020-06-22,10.47,10.51,10.57,10.47,10.5,68730.3,72334500.0,10.47,10.37,10.290999999999986,10.21,10.34,57.64,0.06,0.02,0.04,新北洋,计算机、通信和其他电子设备制造业,主板,10.482499999999979,10.373750000000001,10.332500000000012,10.319374999999999,10.188510638297876
2376,2020-06-23,10.59,10.34,10.66,10.33,10.51,78926.1,82361800.0,10.45,10.37,10.286999999999988,10.22,10.33,51.16,0.05,0.03,0.02,新北洋,计算机、通信和其他电子设备制造业,主板,10.449999999999978,10.372500000000002,10.350000000000014,10.319999999999999,10.18765957446809
2376,2020-06-24,10.35,10.31,10.43,10.3,10.34,49412.3,51118300.0,10.42,10.36,10.295999999999989,10.23,10.31,50.09,0.04,0.03,0.01,新北洋,计算机、通信和其他电子设备制造业,主板,10.414999999999978,10.391250000000003,10.363333333333346,10.314999999999998,10.1868085106383
2376,2020-06-29,10.28,10.11,10.28,10.08,10.31,62165.7,63106500.0,10.35,10.34,10.295499999999986,10.23,10.29,43.55,0.03,0.03,0.0,新北洋,计算机、通信和其他电子设备制造业,主板,10.317499999999978,10.386250000000002,10.340000000000012,10.308124999999999,10.182340425531919
2376,2020-06-30,10.16,10.19,10.23,10.16,10.11,45592.1,46468600.0,10.29,10.34,10.302999999999987,10.24,10.28,46.55,0.01,0.03,-0.02,新北洋,计算机、通信和其他电子设备制造业,主板,10.237499999999978,10.360000000000001,10.328333333333346,10.308749999999998,10.178936170212769
2376,2020-07-01,10.19,10.24,10.3,10.12,10.19,48870.3,49819300.0,10.24,10.35,10.298499999999986,10.25,10.27,48.4,0.01,0.02,-0.01,新北洋,计算机、通信和其他电子设备制造业,主板,10.212499999999977,10.33125,10.31916666666668,10.315624999999999,10.171276595744683
2376,2020-07-02,10.23,10.4,10.42,10.11,10.24,80782.6,83252800.0,10.25,10.35,10.298999999999987,10.27,10.26,53.9,0.01,0.02,-0.01,新北洋,计算机、通信和其他电子设备制造业,主板,10.234999999999976,10.325000000000001,10.33916666666668,10.331249999999999,10.170425531914896
2376,2020-07-03,10.49,10.55,10.74,10.45,10.4,118023.0,124825000.0,10.3,10.36,10.315499999999988,10.28,10.26,58.38,0.03,0.02,0.01,新北洋,计算机、通信和其他电子设备制造业,主板,10.344999999999978,10.33125,10.372500000000015,10.341249999999999,10.172340425531917
2376,2020-07-06,10.73,10.98,11.08,10.72,10.55,163792.0,179028000.0,10.47,10.41,10.355499999999987,10.31,10.26,67.98,0.08,0.03,0.05,新北洋,计算机、通信和其他电子设备制造业,主板,10.542499999999979,10.39,10.420833333333347,10.381874999999997,10.189574468085109
2376,2020-07-07,11.07,10.89,11.23,10.84,10.98,174862.0,192325000.0,10.61,10.45,10.393499999999985,10.34,10.26,64.62,0.11,0.05,0.06,新北洋,计算机、通信和其他电子设备制造业,主板,10.704999999999979,10.45875,10.455833333333347,10.415624999999997,10.20829787234043
2376,2020-07-08,10.92,11.25,11.27,10.91,10.89,148981.0,165572000.0,10.81,10.53,10.448499999999985,10.37,10.27,70.83,0.16,0.07,0.09,新北洋,计算机、通信和其他电子设备制造业,主板,10.917499999999979,10.57625,10.522500000000013,10.483749999999997,10.235531914893619
2376,2020-07-09,11.25,11.35,11.42,11.12,11.25,145317.0,164004000.0,11.0,10.63,10.496499999999987,10.4,10.27,72.28,0.21,0.1,0.11,新北洋,计算机、通信和其他电子设备制造业,主板,11.117499999999978,10.73125,10.593333333333348,10.558749999999996,10.270425531914897
2376,2020-07-10,11.32,11.14,11.41,11.11,11.35,128549.0,144255000.0,11.12,10.71,10.536999999999985,10.43,10.28,64.96,0.23,0.13,0.1,新北洋,计算机、通信和其他电子设备制造业,主板,11.157499999999978,10.85,10.645833333333346,10.604999999999995,10.301276595744683
2376,2020-07-13,11.12,11.54,11.64,11.07,11.14,157501.0,179532000.0,11.23,10.85,10.596499999999985,10.48,10.3,70.99,0.27,0.15,0.12,新北洋,计算机、通信和其他电子设备制造业,主板,11.319999999999977,11.012500000000001,10.745833333333346,10.671874999999995,10.334468085106385
2376,2020-07-14,11.55,11.47,11.81,11.3,11.54,138707.0,159838000.0,11.35,10.98,10.661999999999985,10.53,10.32,68.76,0.29,0.18,0.11,新北洋,计算机、通信和其他电子设备制造业,主板,11.374999999999977,11.14625,10.842500000000014,10.735624999999995,10.363191489361705
2376,2020-07-15,11.52,11.0,11.53,10.98,11.47,150841.0,168713000.0,11.3,11.06,10.704499999999985,10.55,10.33,56.03,0.27,0.2,0.07,新北洋,计算机、通信和其他电子设备制造业,主板,11.287499999999977,11.2025,10.91666666666668,10.766874999999995,10.383829787234047
2376,2020-07-16,11.05,10.68,11.16,10.65,11.0,125027.0,136449000.0,11.17,11.08,10.718499999999985,10.56,10.34,49.33,0.23,0.21,0.02,新北洋,计算机、通信和其他电子设备制造业,主板,11.172499999999976,11.165000000000001,10.957500000000016,10.777499999999996,10.395106382978728
2376,2020-07-17,10.73,10.67,10.82,10.56,10.68,68275.0,72982300.0,11.07,11.1,10.728499999999984,10.58,10.34,49.13,0.19,0.2,-0.01,新北洋,计算机、通信和其他电子设备制造业,主板,10.954999999999977,11.137500000000001,10.993333333333347,10.798124999999995,10.410000000000004
2376,2020-07-20,10.69,10.94,10.94,10.67,10.67,71618.4,77392800.0,10.95,11.09,10.752999999999984,10.6,10.35,54.44,0.17,0.2,-0.03,新北洋,计算机、通信和其他电子设备制造业,主板,10.822499999999977,11.09875,11.038333333333346,10.837499999999995,10.431914893617025
2376,2020-07-21,10.92,10.96,11.1,10.9,10.94,69853.3,76827100.0,10.85,11.1,10.775999999999986,10.63,10.36,54.82,0.17,0.19,-0.02,新北洋,计算机、通信和其他电子设备制造业,主板,10.812499999999977,11.05,11.072500000000012,10.890624999999996,10.450638297872343
2376,2020-07-22,10.94,10.95,11.08,10.81,10.96,88481.7,97199200.0,10.84,11.07,10.797999999999984,10.66,10.37,54.57,0.15,0.18,-0.03,新北洋,计算机、通信和其他电子设备制造业,主板,10.879999999999976,11.026250000000001,11.070000000000013,10.938124999999996,10.471914893617026
2376,2020-07-23,10.88,10.68,10.92,10.59,10.95,114850.0,123012000.0,10.84,11.0,10.814999999999985,10.67,10.37,48.35,0.13,0.17,-0.04,新北洋,计算机、通信和其他电子设备制造业,主板,10.882499999999975,10.918750000000003,11.052500000000014,10.965624999999996,10.48765957446809
2376,2020-07-24,10.66,10.2,10.74,10.2,10.68,141357.0,148167000.0,10.75,10.91,10.809499999999984,10.66,10.38,39.69,0.06,0.15,-0.09,新北洋,计算机、通信和其他电子设备制造业,主板,10.697499999999977,10.760000000000003,10.965000000000012,10.953124999999995,10.495531914893622
2376,2020-07-27,10.26,10.07,10.3,9.95,10.2,75580.6,76048800.0,10.57,10.76,10.807499999999985,10.65,10.38,37.72,0.0,0.12,-0.12,新北洋,计算机、通信和其他电子设备制造业,主板,10.474999999999977,10.643750000000004,10.858333333333347,10.923124999999994,10.495319148936174
2376,2020-07-28,10.12,10.17,10.19,10.06,10.07,39843.6,40348100.0,10.41,10.63,10.806499999999984,10.65,10.39,40.18,-0.04,0.09,-0.13,新北洋,计算机、通信和其他电子设备制造业,主板,10.279999999999976,10.580000000000005,10.777500000000012,10.872499999999993,10.497446808510643
2376,2020-07-29,10.12,10.37,10.38,10.06,10.17,56856.5,58304200.0,10.3,10.57,10.812999999999985,10.66,10.4,44.87,-0.05,0.06,-0.11,新北洋,计算机、通信和其他电子设备制造业,主板,10.202499999999976,10.542500000000006,10.680000000000014,10.839999999999993,10.5036170212766
2376,2020-07-30,10.36,10.26,10.44,10.21,10.37,69836.7,71854300.0,10.21,10.53,10.805999999999983,10.65,10.4,42.88,-0.08,0.03,-0.11,新北洋,计算机、通信和其他电子设备制造业,主板,10.217499999999976,10.457500000000007,10.57916666666668,10.778124999999992,10.510212765957451
2376,2020-07-31,10.25,10.42,10.45,10.21,10.26,67340.6,69785200.0,10.26,10.5,10.799499999999982,10.65,10.41,46.59,-0.08,0.01,-0.09,新北洋,计算机、通信和其他电子设备制造业,主板,10.304999999999977,10.390000000000008,10.530833333333346,10.719999999999992,10.509574468085113
2376,2020-08-03,10.47,10.73,10.76,10.47,10.42,90224.3,96185700.0,10.39,10.48,10.786999999999981,10.66,10.42,52.97,-0.06,0.0,-0.06,新北洋,计算机、通信和其他电子设备制造业,主板,10.444999999999975,10.362500000000008,10.53500000000001,10.69437499999999,10.516170212765964
2376,2020-08-04,10.77,10.81,11.06,10.77,10.73,105064.0,114414000.0,10.52,10.47,10.782999999999982,10.67,10.43,54.48,-0.02,-0.01,-0.01,新北洋,计算机、通信和其他电子设备制造业,主板,10.554999999999977,10.378750000000007,10.546666666666678,10.64874999999999,10.530638297872347
2376,2020-08-05,10.85,10.97,11.05,10.8,10.81,78932.0,86304900.0,10.64,10.47,10.76899999999998,10.69,10.45,57.43,0.01,0.0,0.01,新北洋,计算机、通信和其他电子设备制造业,主板,10.732499999999977,10.475000000000007,10.549166666666679,10.61749999999999,10.548723404255325
2376,2020-08-06,10.97,10.98,11.03,10.77,10.97,69002.5,75355600.0,10.78,10.5,10.750499999999981,10.71,10.46,57.61,0.03,0.0,0.03,新北洋,计算机、通信和其他电子设备制造业,主板,10.872499999999977,10.588750000000008,10.550833333333344,10.61624999999999,10.568723404255326
2376,2020-08-07,10.93,10.76,10.95,10.6,10.98,67439.4,72554500.0,10.85,10.55,10.73149999999998,10.72,10.48,52.24,0.04,0.01,0.03,新北洋,计算机、通信和其他电子设备制造业,主板,10.879999999999978,10.662500000000009,10.535000000000009,10.62124999999999,10.577872340425538
2376,2020-08-10,10.74,10.96,11.13,10.72,10.76,100855.0,110770000.0,10.9,10.64,10.702499999999981,10.75,10.49,56.24,0.05,0.02,0.03,新北洋,计算机、通信和其他电子设备制造业,主板,10.917499999999977,10.736250000000009,10.558333333333342,10.63937499999999,10.590000000000007
2376,2020-08-11,10.97,10.75,11.02,10.74,10.96,79378.2,86462700.0,10.88,10.7,10.666499999999981,10.77,10.51,51.38,0.05,0.02,0.03,新北洋,计算机、通信和其他电子设备制造业,主板,10.862499999999978,10.797500000000008,10.604166666666675,10.62749999999999,10.601276595744686
2376,2020-08-12,10.74,10.76,10.85,10.64,10.75,77436.5,83181800.0,10.84,10.74,10.654499999999981,10.79,10.52,51.59,0.04,0.03,0.01,新北洋,计算机、通信和其他电子设备制造业,主板,10.807499999999976,10.840000000000009,10.661666666666676,10.61499999999999,10.613617021276601
2376,2020-08-13,10.8,10.85,10.9,10.75,10.76,55929.2,60564200.0,10.82,10.8,10.662999999999979,10.8,10.53,53.58,0.05,0.03,0.02,新北洋,计算机、通信和其他电子设备制造业,主板,10.829999999999977,10.855000000000008,10.718333333333343,10.60874999999999,10.628936170212771
2376,2020-08-14,10.83,10.93,10.95,10.73,10.85,56662.0,61474000.0,10.85,10.85,10.67599999999998,10.82,10.55,55.33,0.07,0.04,0.03,新北洋,计算机、通信和其他电子设备制造业,主板,10.822499999999977,10.870000000000008,10.76500000000001,10.62437499999999,10.645531914893624
2376,2020-08-17,10.96,10.98,11.12,10.93,10.93,81906.7,90268300.0,10.85,10.88,10.67799999999998,10.82,10.56,56.44,0.08,0.05,0.03,新北洋,计算机、通信和其他电子设备制造业,主板,10.879999999999978,10.871250000000009,10.82500000000001,10.67312499999999,10.658085106382986
2376,2020-08-18,10.97,10.96,11.03,10.92,10.98,57352.7,62974400.0,10.9,10.89,10.67799999999998,10.82,10.58,55.84,0.08,0.05,0.03,新北洋,计算机、通信和其他电子设备制造业,主板,10.929999999999978,10.868750000000007,10.870000000000012,10.728749999999991,10.671489361702134
2376,2020-08-19,10.97,10.73,10.97,10.69,10.96,63747.6,68983600.0,10.89,10.87,10.66699999999998,10.8,10.59,49.38,0.06,0.06,0.0,新北洋,计算机、通信和其他电子设备制造业,主板,10.899999999999979,10.865000000000007,10.870000000000012,10.763749999999991,10.679574468085113
2376,2020-08-20,10.73,10.69,10.81,10.63,10.73,37661.9,40350700.0,10.86,10.84,10.667499999999979,10.78,10.59,48.33,0.05,0.05,0.0,新北洋,计算机、通信和其他电子设备制造业,主板,10.839999999999979,10.831250000000008,10.860000000000012,10.78374999999999,10.690851063829793
2376,2020-08-21,10.73,10.71,10.85,10.67,10.69,39436.2,42449400.0,10.81,10.83,10.69299999999998,10.76,10.6,48.92,0.04,0.05,-0.01,新北洋,计算机、通信和其他电子设备制造业,主板,10.77249999999998,10.826250000000009,10.838333333333345,10.811874999999992,10.702765957446815
2376,2020-08-24,10.76,10.99,11.0,10.62,10.71,76370.7,82979400.0,10.82,10.84,10.738999999999981,10.75,10.61,56.35,0.05,0.05,0.0,新北洋,计算机、通信和其他电子设备制造业,主板,10.77999999999998,10.855000000000008,10.83916666666668,10.847499999999993,10.715319148936178
2376,2020-08-25,11.01,10.97,11.24,10.94,10.99,94813.5,104960000.0,10.82,10.86,10.778999999999982,10.73,10.63,55.73,0.06,0.05,0.01,新北洋,计算机、通信和其他电子设备制造业,主板,10.839999999999979,10.870000000000008,10.856666666666682,10.862499999999994,10.725957446808518
2376,2020-08-26,10.96,10.74,11.07,10.72,10.97,78352.6,84971500.0,10.82,10.86,10.797499999999982,10.72,10.64,49.01,0.05,0.05,0.0,新北洋,计算机、通信和其他电子设备制造业,主板,10.85249999999998,10.846250000000008,10.838333333333347,10.858124999999994,10.732127659574475
2376,2020-08-27,10.79,10.8,10.85,10.64,10.74,51946.8,55820000.0,10.84,10.85,10.824499999999983,10.73,10.64,50.68,0.04,0.05,-0.01,新北洋,计算机、通信和其他电子设备制造业,主板,10.87499999999998,10.823750000000008,10.842500000000015,10.847499999999995,10.73851063829788
2376,2020-08-28,10.68,10.71,10.79,10.55,10.8,89673.3,95455200.0,10.84,10.83,10.838999999999984,10.73,10.65,48.13,0.03,0.05,-0.02,新北洋,计算机、通信和其他电子设备制造业,主板,10.80499999999998,10.792500000000008,10.83833333333335,10.830624999999996,10.742765957446817
2376,2020-08-31,10.76,10.79,11.05,10.73,10.71,92970.8,101344000.0,10.8,10.81,10.841999999999985,10.72,10.66,50.51,0.02,0.04,-0.02,新北洋,计算机、通信和其他电子设备制造业,主板,10.75999999999998,10.800000000000006,10.83333333333335,10.832499999999996,10.752340425531923
2376,2020-09-01,10.78,10.82,10.88,10.72,10.79,49774.6,53759200.0,10.77,10.8,10.842499999999983,10.72,10.67,51.41,0.03,0.04,-0.01,新北洋,计算机、通信和其他电子设备制造业,主板,10.77999999999998,10.816250000000007,10.824166666666683,10.823749999999995,10.763191489361711
2376,2020-09-02,10.82,10.85,10.89,10.76,10.82,56517.3,61138100.0,10.79,10.81,10.836499999999983,10.71,10.68,52.35,0.03,0.04,-0.01,新北洋,计算机、通信和其他电子设备制造业,主板,10.792499999999979,10.833750000000006,10.813333333333349,10.829999999999995,10.778936170212774
2376,2020-09-03,10.85,10.89,10.89,10.75,10.85,57167.8,61893200.0,10.81,10.83,10.831999999999983,10.72,10.69,53.63,0.03,0.04,-0.01,新北洋,计算机、通信和其他电子设备制造业,主板,10.837499999999979,10.821250000000006,10.807500000000017,10.838124999999994,10.79382978723405
2376,2020-09-04,10.74,10.74,10.81,10.69,10.89,67882.9,72889000.0,10.82,10.83,10.830999999999985,10.74,10.7,48.38,0.02,0.03,-0.01,新北洋,计算机、通信和其他电子设备制造业,主板,10.82499999999998,10.792500000000006,10.808333333333351,10.831249999999995,10.80446808510639
2376,2020-09-07,10.74,10.52,10.81,10.5,10.74,78576.1,83846700.0,10.76,10.78,10.808999999999985,10.75,10.7,41.9,0.0,0.03,-0.03,新北洋,计算机、通信和其他电子设备制造业,主板,10.74999999999998,10.765000000000006,10.794166666666685,10.805624999999996,10.807021276595751
2376,2020-09-08,10.57,10.6,10.64,10.46,10.52,47544.3,50198200.0,10.72,10.75,10.801499999999985,10.77,10.71,44.8,-0.02,0.02,-0.04,新北洋,计算机、通信和其他电子设备制造业,主板,10.68749999999998,10.740000000000006,10.785000000000018,10.781874999999996,10.808085106382984
2376,2020-09-09,10.52,10.4,10.68,10.31,10.6,59028.6,62098100.0,10.63,10.71,10.783499999999986,10.77,10.71,39.5,-0.04,0.01,-0.05,新北洋,计算机、通信和其他电子设备制造业,主板,10.56499999999998,10.701250000000005,10.735833333333352,10.746874999999996,10.79574468085107
2376,2020-09-10,10.55,10.04,10.55,9.93,10.4,87685.5,89682300.0,10.46,10.64,10.742999999999984,10.76,10.71,32.13,-0.09,-0.01,-0.08,新北洋,计算机、通信和其他电子设备制造业,主板,10.38999999999998,10.607500000000005,10.658333333333351,10.703749999999996,10.77765957446809
2376,2020-09-11,10.03,10.06,10.08,9.91,10.04,45167.7,45224400.0,10.32,10.57,10.699499999999984,10.75,10.7,32.88,-0.12,-0.03,-0.09,新北洋,计算机、通信和其他电子设备制造业,主板,10.27499999999998,10.512500000000006,10.601666666666684,10.664374999999996,10.75234042553192
2376,2020-09-14,10.08,10.07,10.18,9.98,10.06,41226.6,41474900.0,10.23,10.5,10.653999999999986,10.73,10.7,33.28,-0.15,-0.06,-0.09,新北洋,计算机、通信和其他电子设备制造业,主板,10.14249999999998,10.415000000000006,10.540833333333351,10.624374999999995,10.72510638297873
2376,2020-09-15,10.06,9.98,10.07,9.95,10.07,40887.7,40845800.0,10.11,10.42,10.604999999999984,10.7,10.69,31.48,-0.18,-0.08,-0.1,新北洋,计算机、通信和其他电子设备制造业,主板,10.037499999999982,10.301250000000007,10.480000000000018,10.561249999999994,10.7004255319149
2376,2020-09-16,10.0,9.94,10.04,9.89,9.98,33890.9,33746800.0,10.02,10.32,10.565499999999984,10.67,10.68,30.68,-0.2,-0.11,-0.09,新北洋,计算机、通信和其他电子设备制造业,主板,10.012499999999982,10.201250000000007,10.409166666666685,10.496874999999994,10.666382978723412
2376,2020-09-17,9.94,10.07,10.13,9.87,9.94,36782.6,36750400.0,10.02,10.24,10.534499999999984,10.64,10.67,36.31,-0.2,-0.12,-0.08,新北洋,计算机、通信和其他电子设备制造业,主板,10.014999999999981,10.145000000000008,10.346666666666685,10.454999999999993,10.636595744680857
2376,2020-09-18,10.1,10.13,10.15,10.02,10.07,27250.2,27485600.0,10.04,10.18,10.505499999999984,10.61,10.67,38.78,-0.19,-0.14,-0.05,新北洋,计算机、通信和其他电子设备制造业,主板,10.029999999999982,10.086250000000009,10.286666666666685,10.413124999999992,10.618085106382985
2376,2020-09-21,10.14,10.07,10.21,10.05,10.13,28065.6,28390600.0,10.04,10.14,10.459499999999982,10.58,10.67,37.23,-0.2,-0.15,-0.05,新北洋,计算机、通信和其他电子设备制造业,主板,10.05249999999998,10.045000000000009,10.218333333333351,10.373124999999991,10.605106382978729
2376,2020-09-22,10.01,9.99,10.07,9.94,10.07,22458.0,22455200.0,10.04,10.07,10.410499999999983,10.56,10.67,35.2,-0.2,-0.16,-0.04,新北洋,计算机、通信和其他电子设备制造业,主板,10.064999999999982,10.038750000000007,10.155833333333351,10.323124999999992,10.590638297872346
2376,2020-09-23,9.99,9.98,10.04,9.95,9.99,20297.4,20276200.0,10.05,10.03,10.372499999999983,10.53,10.66,34.94,-0.2,-0.17,-0.03,新北洋,计算机、通信和其他电子设备制造业,主板,10.04249999999998,10.028750000000008,10.110833333333352,10.270624999999992,10.570212765957454
2376,2020-09-24,9.94,9.86,9.96,9.85,9.98,29219.0,28913400.0,10.01,10.02,10.325499999999982,10.5,10.65,31.94,-0.21,-0.18,-0.03,新北洋,计算机、通信和其他电子设备制造业,主板,9.97499999999998,10.002500000000008,10.049166666666686,10.208749999999993,10.546808510638305
2376,2020-09-25,9.91,9.94,9.97,9.87,9.86,21659.5,21486200.0,9.97,10.0,10.286999999999981,10.47,10.64,35.9,-0.21,-0.18,-0.03,新北洋,计算机、通信和其他电子设备制造业,主板,9.94249999999998,9.997500000000008,10.010833333333352,10.149374999999992,10.525319148936177
2376,2020-09-28,9.97,9.9,10.01,9.9,9.94,21424.6,21316900.0,9.93,9.99,10.242499999999982,10.43,10.62,34.81,-0.21,-0.19,-0.02,新北洋,计算机、通信和其他电子设备制造业,主板,9.919999999999979,9.992500000000009,9.999166666666687,10.096874999999992,10.508723404255326
2376,2020-09-29,9.94,10.01,10.09,9.91,9.9,21304.3,21335900.0,9.94,9.99,10.201999999999982,10.4,10.61,40.18,-0.19,-0.19,0.0,新北洋,计算机、通信和其他电子设备制造业,主板,9.927499999999977,9.98500000000001,9.995000000000019,10.06499999999999,10.504680851063837
2376,2020-09-30,10.02,9.98,10.05,9.87,10.01,25535.0,25459100.0,9.94,9.99,10.158499999999982,10.37,10.59,39.23,-0.18,-0.19,0.01,新北洋,计算机、通信和其他电子设备制造业,主板,9.957499999999978,9.966250000000011,9.987500000000018,10.02624999999999,10.502765957446815
2376,2020-10-09,10.06,10.07,10.15,10.02,9.98,27242.0,27460900.0,9.98,9.99,10.117499999999982,10.35,10.57,43.55,-0.17,-0.18,0.01,新北洋,计算机、通信和其他电子设备制造业,主板,9.989999999999979,9.966250000000013,9.995000000000017,10.00562499999999,10.500638297872348
2376,2020-10-12,10.16,10.43,10.45,10.16,10.07,65407.0,67447800.0,10.08,10.02,10.10199999999998,10.34,10.55,56.77,-0.13,-0.17,0.04,新北洋,计算机、通信和其他电子设备制造业,主板,10.12249999999998,10.021250000000014,10.03583333333335,10.02999999999999,10.501914893617029
2376,2020-10-13,10.36,10.38,10.39,10.26,10.43,31717.5,32765700.0,10.17,10.05,10.094999999999981,10.32,10.54,54.85,-0.1,-0.16,0.06,新北洋,计算机、通信和其他电子设备制造业,主板,10.21499999999998,10.071250000000013,10.061666666666683,10.04999999999999,10.50446808510639
2376,2020-10-14,10.38,10.33,10.38,10.26,10.38,16206.0,16691700.0,10.24,10.09,10.08149999999998,10.3,10.52,52.92,-0.08,-0.14,0.06,新北洋,计算机、通信和其他电子设备制造业,主板,10.30249999999998,10.130000000000013,10.078333333333353,10.066249999999991,10.502553191489367
2376,2020-10-15,10.28,10.23,10.34,10.21,10.33,24495.4,25126800.0,10.29,10.11,10.07299999999998,10.29,10.5,49.19,-0.06,-0.13,0.07,新北洋,计算机、通信和其他电子设备制造业,主板,10.342499999999982,10.166250000000014,10.091666666666685,10.081874999999991,10.491914893617027
2376,2020-10-16,10.22,10.28,10.3,10.16,10.23,21989.2,22487700.0,10.33,10.16,10.084999999999981,10.27,10.5,51.05,-0.05,-0.11,0.06,新北洋,计算机、通信和其他电子设备制造业,主板,10.304999999999982,10.213750000000013,10.115833333333352,10.103124999999991,10.480638297872346
2376,2020-10-19,10.26,10.28,10.44,10.26,10.28,25142.7,25950000.0,10.3,10.19,10.09599999999998,10.25,10.49,51.05,-0.04,-0.1,0.06,新北洋,计算机、通信和其他电子设备制造业,主板,10.279999999999982,10.247500000000013,10.140833333333351,10.116249999999992,10.465957446808515
2376,2020-10-20,10.31,10.28,10.34,10.22,10.28,23167.6,23827700.0,10.28,10.23,10.106499999999981,10.24,10.48,51.05,-0.03,-0.08,0.05,新北洋,计算机、通信和其他电子设备制造业,主板,10.267499999999982,10.285000000000013,10.17583333333335,10.125624999999992,10.451063829787238
2376,2020-10-21,10.29,10.15,10.32,10.1,10.28,25589.5,26058800.0,10.24,10.24,10.114999999999982,10.22,10.47,45.64,-0.03,-0.07,0.04,新北洋,计算机、通信和其他电子设备制造业,主板,10.247499999999981,10.295000000000012,10.19333333333335,10.130624999999993,10.438085106382982
2376,2020-10-22,10.12,10.12,10.16,10.06,10.15,20515.6,20728800.0,10.22,10.26,10.123999999999983,10.19,10.45,44.46,-0.04,-0.07,0.03,新北洋,计算机、通信和其他电子设备制造业,主板,10.20749999999998,10.256250000000012,10.211666666666682,10.138749999999993,10.42021276595745
2376,2020-10-23,10.14,10.0,10.21,9.98,10.12,24102.0,24292500.0,10.17,10.25,10.120499999999982,10.16,10.44,40.04,-0.05,-0.06,0.01,新北洋,计算机、通信和其他电子设备制造业,主板,10.13749999999998,10.208750000000013,10.21083333333335,10.139999999999993,10.40425531914894
2376,2020-10-26,9.98,9.94,10.0,9.88,10.0,29493.3,29303300.0,10.1,10.2,10.110999999999983,10.13,10.44,38.0,-0.07,-0.06,-0.01,新北洋,计算机、通信和其他电子设备制造业,主板,10.052499999999979,10.160000000000013,10.207500000000016,10.144999999999992,10.386808510638302
2376,2020-10-27,9.91,9.87,9.95,9.8,9.94,40035.4,39551700.0,10.02,10.15,10.100999999999983,10.11,10.43,35.71,-0.08,-0.07,-0.01,新北洋,计算机、通信和其他电子设备制造业,主板,9.982499999999979,10.115000000000013,10.19083333333335,10.140624999999993,10.365957446808514
2376,2020-10-28,9.87,9.88,9.94,9.76,9.87,30205.7,29737000.0,9.96,10.1,10.095499999999983,10.09,10.43,36.3,-0.09,-0.07,-0.02,新北洋,计算机、通信和其他电子设备制造业,主板,9.92249999999998,10.065000000000012,10.145000000000016,10.139374999999992,10.343617021276598
2376,2020-10-29,9.76,9.62,9.82,9.6,9.88,58237.6,56403900.0,9.86,10.04,10.077499999999983,10.06,10.42,28.89,-0.12,-0.08,-0.04,新北洋,计算机、通信和其他电子设备制造业,主板,9.82749999999998,9.982500000000012,10.081666666666683,10.114999999999993,10.314680851063832
2376,2020-10-30,9.66,9.35,9.69,9.27,9.62,67542.3,63933200.0,9.73,9.95,10.051999999999984,10.04,10.4,23.52,-0.17,-0.1,-0.07,新北洋,计算机、通信和其他电子设备制造业,主板,9.67999999999998,9.866250000000012,10.000000000000016,10.075624999999993,10.280425531914897
2376,2020-11-02,9.35,9.0,9.35,8.97,9.35,82314.7,74732300.0,9.54,9.82,10.004999999999985,10.0,10.38,18.68,-0.22,-0.12,-0.1,新北洋,计算机、通信和其他电子设备制造业,主板,9.46249999999998,9.72250000000001,9.897500000000013,10.008749999999994,10.243617021276599
2376,2020-11-03,9.03,9.12,9.18,8.94,9.0,41658.6,37872200.0,9.39,9.71,9.965999999999983,9.97,10.35,24.42,-0.25,-0.15,-0.1,新北洋,计算机、通信和其他电子设备制造业,主板,9.27249999999998,9.59750000000001,9.800833333333347,9.926874999999994,10.21021276595745
2376,2020-11-04,9.11,9.03,9.15,9.02,9.12,31538.1,28611500.0,9.22,9.59,9.916999999999984,9.94,10.32,23.11,-0.29,-0.18,-0.11,新北洋,计算机、通信和其他电子设备制造业,主板,9.12499999999998,9.476250000000011,9.696666666666681,9.842499999999994,10.174468085106387
2376,2020-11-05,9.06,9.2,9.22,9.06,9.03,32568.3,29819100.0,9.14,9.5,9.877999999999984,9.92,10.29,30.72,-0.29,-0.2,-0.09,新北洋,计算机、通信和其他电子设备制造业,主板,9.087499999999979,9.383750000000012,9.606666666666682,9.771874999999993,10.136382978723407
2376,2020-11-06,9.26,9.15,9.28,9.13,9.2,31306.9,28732900.0,9.1,9.42,9.831999999999985,9.89,10.26,29.78,-0.3,-0.22,-0.08,新北洋,计算机、通信和其他电子设备制造业,主板,9.124999999999979,9.293750000000012,9.523333333333348,9.704374999999994,10.097659574468087
2376,2020-11-09,9.19,9.26,9.33,9.16,9.15,43435.0,40258700.0,9.15,9.35,9.773499999999984,9.86,10.24,34.5,-0.3,-0.24,-0.06,新北洋,计算机、通信和其他电子设备制造业,主板,9.159999999999979,9.216250000000013,9.45166666666668,9.640624999999993,10.06617021276596
2376,2020-11-10,9.29,9.21,9.31,9.18,9.26,27561.6,25455000.0,9.17,9.28,9.714999999999986,9.83,10.21,33.4,-0.29,-0.25,-0.04,新北洋,计算机、通信和其他电子设备制造业,主板,9.204999999999979,9.165000000000013,9.385833333333347,9.573749999999993,10.032340425531915
2376,2020-11-11,9.24,9.12,9.24,9.11,9.21,20627.8,18882100.0,9.19,9.21,9.654499999999985,9.8,10.18,31.46,-0.29,-0.26,-0.03,新北洋,计算机、通信和其他电子设备制造业,主板,9.184999999999977,9.136250000000015,9.317500000000015,9.501249999999994,9.998510638297875
2376,2020-11-12,9.13,9.15,9.21,9.13,9.12,17681.9,16207300.0,9.18,9.16,9.600499999999986,9.77,10.15,32.86,-0.28,-0.26,-0.02,新北洋,计算机、通信和其他电子设备制造业,主板,9.184999999999977,9.155000000000015,9.257500000000014,9.438749999999994,9.963617021276596
2376,2020-11-13,9.17,9.32,9.35,9.1,9.15,60556.6,55880400.0,9.21,9.16,9.552499999999984,9.75,10.13,40.31,-0.26,-0.26,0.0,新北洋,计算机、通信和其他电子设备制造业,主板,9.199999999999978,9.180000000000014,9.210833333333348,9.388749999999993,9.931702127659575
2376,2020-11-16,9.4,9.57,9.67,9.37,9.32,72461.0,68924400.0,9.27,9.21,9.516999999999985,9.74,10.1,49.23,-0.22,-0.25,0.03,新北洋,计算机、通信和其他电子设备制造业,主板,9.289999999999978,9.247500000000013,9.20666666666668,9.361874999999992,9.904468085106382
2376,2020-11-17,9.63,9.46,9.66,9.42,9.57,51170.0,48735300.0,9.32,9.25,9.475999999999985,9.73,10.08,45.97,-0.2,-0.24,0.04,新北洋,计算机、通信和其他电子设备制造业,主板,9.374999999999979,9.280000000000014,9.215833333333348,9.331874999999993,9.874042553191488
2376,2020-11-18,9.49,9.46,9.57,9.41,9.46,27529.7,26022200.0,9.39,9.29,9.441499999999985,9.71,10.05,45.97,-0.17,-0.23,0.06,新北洋,计算机、通信和其他电子设备制造业,主板,9.45249999999998,9.318750000000012,9.254166666666682,9.306249999999993,9.846808510638297
2376,2020-11-19,9.42,9.46,9.5,9.39,9.46,21836.7,20653200.0,9.45,9.32,9.408499999999986,9.69,10.03,45.97,-0.15,-0.21,0.06,新北洋,计算机、通信和其他电子设备制造业,主板,9.48749999999998,9.343750000000012,9.282500000000015,9.279999999999994,9.824255319148936
2376,2020-11-20,9.44,9.43,9.51,9.41,9.46,21699.4,20515500.0,9.48,9.34,9.379999999999985,9.67,10.01,44.96,-0.15,-0.2,0.05,新北洋,计算机、通信和其他电子设备制造业,主板,9.45249999999998,9.37125000000001,9.31583333333335,9.268124999999994,9.799361702127658
2376,2020-11-23,9.43,9.42,9.48,9.32,9.43,35293.5,33177500.0,9.45,9.36,9.353999999999985,9.64,9.99,44.61,-0.14,-0.19,0.05,新北洋,计算机、通信和其他电子设备制造业,主板,9.44249999999998,9.40875000000001,9.334166666666682,9.272499999999994,9.778510638297872
2376,2020-11-24,9.4,9.42,9.46,9.37,9.42,25599.0,24099400.0,9.44,9.38,9.331499999999984,9.6,9.96,44.61,-0.12,-0.17,0.05,新北洋,计算机、通信和其他电子设备制造业,主板,9.43249999999998,9.44250000000001,9.356666666666682,9.298749999999993,9.76531914893617
2376,2020-11-25,9.41,9.3,9.43,9.3,9.42,21430.0,20068900.0,9.41,9.4,9.302499999999984,9.57,9.94,40.22,-0.12,-0.16,0.04,新北洋,计算机、通信和其他电子设备制造业,主板,9.392499999999979,9.440000000000008,9.360000000000015,9.309999999999993,9.749148936170211
2376,2020-11-26,9.3,9.19,9.34,9.15,9.3,31490.8,29022300.0,9.35,9.4,9.280999999999985,9.53,9.91,36.66,-0.13,-0.16,0.03,新北洋,计算机、通信和其他电子设备制造业,主板,9.332499999999978,9.392500000000009,9.358333333333348,9.319999999999993,9.730425531914893
2376,2020-11-27,9.16,9.2,9.25,9.16,9.19,27169.2,24980200.0,9.31,9.39,9.273499999999984,9.5,9.88,37.2,-0.13,-0.15,0.02,新北洋,计算机、通信和其他电子设备制造业,主板,9.277499999999979,9.36000000000001,9.365000000000014,9.319999999999993,9.713829787234042
2376,2020-11-30,9.23,9.21,9.3,9.17,9.2,24961.2,23039800.0,9.26,9.36,9.283999999999985,9.46,9.86,37.78,-0.13,-0.15,0.02,新北洋,计算机、通信和其他电子设备制造业,主板,9.224999999999978,9.32875000000001,9.370000000000013,9.323749999999993,9.698297872340424
2376,2020-12-01,9.24,9.26,9.28,9.21,9.21,29409.4,27208900.0,9.23,9.33,9.290999999999984,9.43,9.83,40.7,-0.12,-0.14,0.02,新北洋,计算机、通信和其他电子设备制造业,主板,9.214999999999979,9.303750000000012,9.365000000000014,9.323749999999993,9.681063829787233
2376,2020-12-02,9.27,9.34,9.36,9.22,9.26,33138.4,30800700.0,9.24,9.32,9.306499999999984,9.4,9.81,45.15,-0.12,-0.14,0.02,新北洋,计算机、通信和其他电子设备制造业,主板,9.25249999999998,9.292500000000011,9.345833333333347,9.331874999999993,9.664255319148934
2376,2020-12-03,9.33,9.31,9.41,9.3,9.34,25917.7,24202600.0,9.26,9.31,9.311999999999985,9.38,9.78,43.82,-0.11,-0.13,0.02,新北洋,计算机、通信和其他电子设备制造业,主板,9.27999999999998,9.278750000000011,9.333333333333348,9.343749999999993,9.648085106382977
2376,2020-12-04,9.32,9.34,9.39,9.27,9.31,21627.3,20211600.0,9.29,9.3,9.321499999999984,9.35,9.76,45.55,-0.09,-0.12,0.03,新北洋,计算机、通信和其他电子设备制造业,主板,9.31249999999998,9.268750000000011,9.323333333333347,9.355624999999993,9.634255319148934
2376,2020-12-07,9.35,9.35,9.35,9.2,9.34,35480.1,32868300.0,9.32,9.29,9.325999999999985,9.33,9.73,46.14,-0.09,-0.12,0.03,新北洋,计算机、通信和其他电子设备制造业,主板,9.334999999999981,9.275000000000011,9.31416666666668,9.357499999999993,9.620851063829784
2376,2020-12-08,9.32,9.22,9.34,9.22,9.35,25715.1,23802700.0,9.31,9.27,9.326499999999985,9.31,9.71,40.03,-0.08,-0.11,0.03,新北洋,计算机、通信和其他电子设备制造业,主板,9.304999999999982,9.278750000000011,9.29666666666668,9.335624999999993,9.60723404255319
2376,2020-12-09,9.21,9.07,9.23,9.07,9.22,25859.0,23673800.0,9.26,9.25,9.323999999999984,9.28,9.69,34.38,-0.1,-0.11,0.01,新北洋,计算机、通信和其他电子设备制造业,主板,9.244999999999981,9.262500000000012,9.26750000000001,9.311249999999992,9.588723404255317
2376,2020-12-10,9.03,9.07,9.13,9.03,9.07,21129.8,19187500.0,9.21,9.24,9.319999999999983,9.27,9.66,34.38,-0.11,-0.11,0.0,新北洋,计算机、通信和其他电子设备制造业,主板,9.17749999999998,9.245000000000012,9.238333333333346,9.286874999999991,9.571063829787231
2376,2020-12-11,9.08,9.04,9.12,8.95,9.07,33505.3,30183600.0,9.15,9.22,9.305999999999983,9.26,9.65,33.29,-0.11,-0.11,0.0,新北洋,计算机、通信和其他电子设备制造业,主板,9.09999999999998,9.21750000000001,9.21666666666668,9.26062499999999,9.550425531914893
2376,2020-12-14,9.09,9.05,9.13,8.98,9.04,20141.3,18230600.0,9.09,9.2,9.279999999999983,9.26,9.63,34.04,-0.12,-0.11,-0.01,新北洋,计算机、通信和其他电子设备制造业,主板,9.05749999999998,9.18125000000001,9.205000000000013,9.23687499999999,9.53063829787234
2376,2020-12-15,9.03,9.0,9.05,8.98,9.05,15482.2,13955800.0,9.05,9.18,9.256999999999984,9.25,9.61,32.09,-0.12,-0.11,-0.01,新北洋,计算机、通信和其他电子设备制造业,主板,9.03999999999998,9.142500000000009,9.188333333333345,9.210624999999991,9.50787234042553
2376,2020-12-16,9.02,8.92,9.04,8.92,9.0,20268.3,18188900.0,9.02,9.14,9.229999999999983,9.25,9.6,29.22,-0.13,-0.12,-0.01,新北洋,计算机、通信和其他电子设备制造业,主板,9.00249999999998,9.090000000000009,9.164166666666679,9.179374999999991,9.475744680851063
2376,2020-12-17,8.95,8.87,8.95,8.66,8.92,37013.5,32592300.0,8.98,9.09,9.200499999999982,9.24,9.58,27.55,-0.15,-0.12,-0.03,新北洋,计算机、通信和其他电子设备制造业,主板,8.95999999999998,9.03000000000001,9.131666666666678,9.152499999999991,9.443617021276594
2376,2020-12-18,8.87,9.12,9.15,8.83,8.87,59328.1,53685200.0,8.99,9.07,9.184999999999983,9.24,9.56,44.55,-0.13,-0.12,-0.01,新北洋,计算机、通信和其他电子设备制造业,主板,8.977499999999978,9.01750000000001,9.113333333333346,9.148124999999991,9.417872340425532
2376,2020-12-21,9.15,9.21,9.25,9.1,9.12,37536.3,34469000.0,9.02,9.06,9.174499999999984,9.24,9.55,49.17,-0.11,-0.12,0.01,新北洋,计算机、通信和其他电子设备制造业,主板,9.029999999999978,9.03500000000001,9.105000000000011,9.148749999999993,9.396170212765956
2376,2020-12-22,9.16,9.08,9.17,9.03,9.21,27752.0,25217800.0,9.04,9.04,9.157499999999985,9.23,9.53,43.53,-0.11,-0.12,0.01,新北洋,计算机、通信和其他电子设备制造业,主板,9.069999999999977,9.03625000000001,9.083333333333345,9.140624999999993,9.37063829787234
2376,2020-12-23,9.07,9.22,9.27,9.07,9.08,35069.9,32250800.0,9.1,9.06,9.153499999999983,9.24,9.52,50.16,-0.09,-0.11,0.02,新北洋,计算机、通信和其他电子设备制造业,主板,9.157499999999978,9.05875000000001,9.07250000000001,9.138124999999993,9.348085106382978
2376,2020-12-24,9.22,9.09,9.22,9.06,9.22,19631.0,17935700.0,9.14,9.06,9.148499999999984,9.23,9.5,44.89,-0.08,-0.11,0.03,新北洋,计算机、通信和其他电子设备制造业,主板,9.149999999999979,9.063750000000011,9.061666666666678,9.122499999999993,9.322765957446808
2376,2020-12-25,9.12,9.14,9.18,9.05,9.09,18057.0,16486100.0,9.15,9.07,9.145499999999984,9.23,9.49,47.19,-0.08,-0.1,0.02,新北洋,计算机、通信和其他电子设备制造业,主板,9.132499999999979,9.081250000000011,9.067500000000011,9.111874999999994,9.301276595744682
2376,2020-12-28,9.13,9.07,9.15,8.94,9.14,34407.1,31065500.0,9.12,9.07,9.138499999999983,9.21,9.48,44.39,-0.08,-0.1,0.02,新北洋,计算机、通信和其他电子设备制造业,主板,9.12999999999998,9.10000000000001,9.067500000000011,9.094999999999994,9.278936170212766
2376,2020-12-29,9.07,9.17,9.22,9.05,9.07,33231.1,30437900.0,9.14,9.09,9.133999999999983,9.2,9.46,49.04,-0.06,-0.09,0.03,新北洋,计算机、通信和其他电子设备制造业,主板,9.11749999999998,9.13750000000001,9.078333333333346,9.083749999999993,9.26127659574468
2376,2020-12-30,9.17,9.37,9.38,9.13,9.17,47184.7,43831000.0,9.17,9.13,9.135499999999983,9.2,9.45,56.8,-0.04,-0.08,0.04,新北洋,计算机、通信和其他电子设备制造业,主板,9.187499999999979,9.16875000000001,9.105000000000013,9.093124999999993,9.249148936170213
2376,2020-12-31,9.37,9.42,9.45,9.3,9.37,40260.9,37783800.0,9.23,9.19,9.140999999999982,9.2,9.44,58.5,-0.01,-0.07,0.06,新北洋,计算机、通信和其他电子设备制造业,主板,9.257499999999979,9.195000000000011,9.140000000000013,9.114999999999993,9.239574468085108
2376,2021-01-04,9.4,9.39,9.45,9.29,9.42,29755.3,27933600.0,9.28,9.22,9.143499999999982,9.2,9.43,57.05,0.0,-0.05,0.05,新北洋,计算机、通信和其他电子设备制造业,主板,9.337499999999979,9.233750000000011,9.17916666666668,9.134999999999994,9.229148936170214
2376,2021-01-05,9.35,9.37,9.5,9.34,9.39,33429.5,31395300.0,9.34,9.23,9.144499999999983,9.19,9.41,56.05,0.01,-0.04,0.05,新北洋,计算机、通信和其他电子设备制造业,主板,9.387499999999978,9.252500000000012,9.220833333333346,9.155624999999995,9.223829787234044
2376,2021-01-06,9.34,9.2,9.37,9.15,9.37,35435.3,32730500.0,9.35,9.24,9.143499999999982,9.19,9.4,48.31,0.0,-0.03,0.03,新北洋,计算机、通信和其他电子设备制造业,主板,9.34499999999998,9.266250000000012,9.227500000000012,9.164999999999994,9.220638297872341
2376,2021-01-07,9.2,9.0,9.24,8.94,9.2,45564.1,41289100.0,9.28,9.22,9.139999999999983,9.18,9.37,41.11,-0.01,-0.03,0.02,新北洋,计算机、通信和其他电子设备制造业,主板,9.239999999999979,9.248750000000012,9.210000000000013,9.164999999999994,9.220638297872341
2376,2021-01-08,8.99,9.25,9.32,8.79,9.0,43415.5,39457900.0,9.24,9.24,9.148999999999983,9.18,9.36,50.95,-0.01,-0.02,0.01,新北洋,计算机、通信和其他电子设备制造业,主板,9.204999999999979,9.271250000000013,9.22416666666668,9.185624999999995,9.22340425531915
2376,2021-01-11,9.25,9.15,9.33,9.06,9.25,26319.5,24244800.0,9.19,9.24,9.154499999999983,9.18,9.34,47.53,-0.02,-0.02,0.0,新北洋,计算机、通信和其他电子设备制造业,主板,9.149999999999979,9.268750000000013,9.218333333333346,9.203124999999995,9.225957446808511
2376,2021-01-12,9.15,9.44,9.57,9.02,9.15,69981.4,65965300.0,9.21,9.28,9.173999999999982,9.18,9.32,56.62,0.01,-0.02,0.03,新北洋,计算机、通信和其他电子设备制造业,主板,9.20999999999998,9.277500000000012,9.247500000000013,9.223124999999994,9.231063829787235
2376,2021-01-13,9.44,9.4,9.47,9.28,9.44,36053.9,33683200.0,9.25,9.3,9.193999999999983,9.19,9.31,55.2,0.02,-0.01,0.03,新北洋,计算机、通信和其他电子设备制造业,主板,9.30999999999998,9.275000000000013,9.26916666666668,9.234999999999994,9.236382978723405
2376,2021-01-14,9.36,9.54,9.59,9.36,9.4,58340.5,55550800.0,9.36,9.32,9.224999999999984,9.2,9.3,59.07,0.04,0.0,0.04,新北洋,计算机、通信和其他电子设备制造业,主板,9.382499999999979,9.293750000000012,9.308333333333346,9.263749999999993,9.242340425531916
2376,2021-01-15,9.49,9.51,9.62,9.43,9.54,36949.0,35148400.0,9.41,9.32,9.256999999999982,9.2,9.29,57.92,0.06,0.01,0.05,新北洋,计算机、通信和其他电子设备制造业,主板,9.472499999999979,9.311250000000012,9.33666666666668,9.281874999999992,9.24872340425532
2376,2021-01-18,9.51,9.37,9.51,9.3,9.51,51623.2,48511400.0,9.45,9.32,9.269499999999983,9.2,9.28,52.73,0.05,0.02,0.03,新北洋,计算机、通信和其他电子设备制造业,主板,9.454999999999979,9.332500000000012,9.33666666666668,9.299374999999992,9.254042553191491
2376,2021-01-19,9.36,9.18,9.36,9.15,9.37,49979.5,46254800.0,9.4,9.3,9.267999999999983,9.2,9.27,46.64,0.04,0.02,0.02,新北洋,计算机、通信和其他电子设备制造业,主板,9.399999999999979,9.355000000000011,9.31666666666668,9.301874999999992,9.254680851063831
2376,2021-01-20,9.15,8.99,9.16,8.97,9.18,58813.0,53119100.0,9.32,9.28,9.263499999999983,9.19,9.25,41.47,0.01,0.02,-0.01,新北洋,计算机、通信和其他电子设备制造业,主板,9.26249999999998,9.32250000000001,9.283333333333347,9.296874999999993,9.247659574468088
2376,2021-01-21,9.04,9.63,9.83,8.99,8.99,178046.0,170242000.0,9.34,9.35,9.283999999999981,9.21,9.25,58.25,0.03,0.02,0.01,新北洋,计算机、通信和其他电子设备制造业,主板,9.29249999999998,9.38250000000001,9.305000000000012,9.325624999999993,9.248936170212769
2376,2021-01-22,9.56,9.38,9.56,9.29,9.63,78817.0,74073400.0,9.31,9.36,9.298499999999981,9.22,9.24,51.98,0.04,0.03,0.01,新北洋,计算机、通信和其他电子设备制造业,主板,9.294999999999982,9.375000000000009,9.320000000000013,9.326249999999993,9.247234042553194
2376,2021-01-25,9.38,9.78,9.87,9.32,9.38,143096.0,139077000.0,9.39,9.42,9.330499999999981,9.24,9.25,59.49,0.07,0.04,0.03,新北洋,计算机、通信和其他电子设备制造业,主板,9.444999999999983,9.422500000000008,9.385000000000012,9.348749999999994,9.254042553191491
2376,2021-01-26,9.81,9.82,9.94,9.7,9.78,110442.0,108304000.0,9.52,9.46,9.36799999999998,9.27,9.26,60.16,0.1,0.05,0.05,新北洋,计算机、通信和其他电子设备制造业,主板,9.652499999999982,9.45750000000001,9.432500000000012,9.375624999999992,9.261702127659577
2376,2021-01-27,9.79,10.01,10.05,9.72,9.82,93689.4,92951000.0,9.72,9.52,9.40999999999998,9.3,9.28,63.27,0.14,0.07,0.07,新北洋,计算机、通信和其他电子设备制造业,主板,9.747499999999981,9.52000000000001,9.504166666666679,9.415624999999991,9.274042553191492
2376,2021-01-28,9.9,10.09,10.3,9.82,10.01,135001.0,137029000.0,9.82,9.58,9.44599999999998,9.34,9.3,64.53,0.17,0.09,0.08,新北洋,计算机、通信和其他电子设备制造业,主板,9.924999999999981,9.61000000000001,9.558333333333346,9.471249999999992,9.288297872340427
2376,2021-01-29,10.3,10.09,10.3,9.85,10.09,101570.0,102059000.0,9.96,9.63,9.479499999999982,9.38,9.31,64.53,0.19,0.11,0.08,新北洋,计算机、通信和其他电子设备制造业,主板,10.00249999999998,9.72375000000001,9.615833333333345,9.539374999999993,9.302553191489363
2376,2021-02-01,10.11,9.88,10.28,9.85,10.09,87118.5,87388800.0,9.98,9.68,9.503999999999982,9.41,9.32,58.44,0.19,0.12,0.07,新北洋,计算机、通信和其他电子设备制造业,主板,10.01749999999998,9.83500000000001,9.644166666666678,9.578749999999992,9.314893617021276
2376,2021-02-02,9.85,9.96,10.09,9.74,9.88,72243.2,71663100.0,10.01,9.76,9.533499999999982,9.43,9.33,59.99,0.2,0.14,0.06,新北洋,计算机、通信和其他电子设备制造业,主板,10.004999999999981,9.87625000000001,9.681666666666677,9.629374999999992,9.331276595744681
2376,2021-02-03,10.05,9.99,10.17,9.88,9.96,72486.8,72693100.0,10.0,9.86,9.572999999999983,9.46,9.35,60.58,0.2,0.15,0.05,新北洋,计算机、通信和其他电子设备制造业,主板,9.979999999999983,9.95250000000001,9.733333333333343,9.663749999999993,9.348085106382978
2376,2021-02-04,9.97,9.6,10.01,9.58,9.99,86873.4,84421700.0,9.9,9.86,9.602999999999984,9.48,9.36,50.17,0.17,0.16,0.01,新北洋,计算机、通信和其他电子设备制造业,主板,9.857499999999984,9.930000000000009,9.768333333333343,9.676249999999992,9.356382978723406
2376,2021-02-05,9.62,9.89,10.23,9.61,9.6,104977.0,104792000.0,9.86,9.91,9.634999999999982,9.5,9.37,56.2,0.17,0.16,0.01,新北洋,计算机、通信和其他电子设备制造业,主板,9.859999999999983,9.93875000000001,9.843333333333343,9.698124999999992,9.369787234042555
2376,2021-02-08,9.79,9.83,9.95,9.67,9.89,46070.4,45223300.0,9.85,9.92,9.668999999999983,9.53,9.38,54.73,0.15,0.16,-0.01,新北洋,计算机、通信和其他电子设备制造业,主板,9.827499999999983,9.916250000000009,9.86000000000001,9.718124999999993,9.380212765957449
2376,2021-02-09,9.73,9.8,9.91,9.72,9.83,47275.0,46451600.0,9.82,9.91,9.686999999999983,9.55,9.38,53.96,0.15,0.16,-0.01,新北洋,计算机、通信和其他电子设备制造业,主板,9.779999999999982,9.880000000000008,9.89500000000001,9.744999999999994,9.390638297872341
2376,2021-02-10,9.77,9.82,9.92,9.72,9.8,38284.6,37535900.0,9.79,9.9,9.707999999999982,9.57,9.39,54.42,0.14,0.15,-0.01,新北洋,计算机、通信和其他电子设备制造业,主板,9.834999999999981,9.846250000000008,9.898333333333342,9.784999999999993,9.400851063829789
2376,2021-02-18,9.98,9.9,10.13,9.86,9.82,59546.1,59374700.0,9.85,9.88,9.725999999999983,9.59,9.39,56.28,0.13,0.15,-0.02,新北洋,计算机、通信和其他电子设备制造业,主板,9.83749999999998,9.84875000000001,9.90500000000001,9.841874999999993,9.412553191489362
2376,2021-02-19,9.92,10.09,10.09,9.8,9.9,54637.7,54605500.0,9.89,9.88,9.754999999999985,9.61,9.4,60.43,0.15,0.15,0.0,新北洋,计算机、通信和其他电子设备制造业,主板,9.902499999999982,9.865000000000009,9.911666666666678,9.870624999999993,9.431063829787234
2376,2021-02-22,10.09,10.03,10.39,10.03,10.09,89841.0,91834500.0,9.93,9.89,9.787999999999984,9.63,9.41,58.54,0.15,0.15,0.0,新北洋,计算机、通信和其他电子设备制造业,主板,9.959999999999983,9.87000000000001,9.906666666666675,9.911249999999994,9.451489361702127
2376,2021-02-23,10.03,10.07,10.13,9.94,10.03,46957.5,47042300.0,9.98,9.9,9.832499999999984,9.66,9.43,59.45,0.15,0.15,0.0,新北洋,计算机、通信和其他电子设备制造业,主板,10.022499999999983,9.928750000000012,9.905000000000008,9.929374999999993,9.472765957446807
2376,2021-02-24,10.05,10.09,10.28,10.01,10.07,61453.9,62260700.0,10.04,9.91,9.887499999999983,9.69,9.44,59.92,0.16,0.15,0.01,新北洋,计算机、通信和其他电子设备制造业,主板,10.069999999999984,9.953750000000012,9.922500000000008,9.946249999999994,9.495106382978722
2376,2021-02-25,10.14,10.48,10.55,10.02,10.09,117928.0,122460000.0,10.15,10.0,9.929999999999982,9.74,9.46,67.81,0.19,0.16,0.03,新北洋,计算机、通信和其他电子设备制造业,主板,10.167499999999983,10.035000000000013,9.965833333333341,9.975624999999994,9.525531914893616
2376,2021-02-26,10.38,10.45,10.56,10.33,10.48,108693.0,113732000.0,10.22,10.06,9.983499999999982,9.78,9.48,66.72,0.21,0.17,0.04,新北洋,计算机、通信和其他电子设备制造业,主板,10.272499999999983,10.116250000000013,10.004166666666674,9.998124999999993,9.556382978723402
2376,2021-03-01,10.49,10.38,10.52,10.27,10.45,74962.9,77815000.0,10.29,10.11,10.013499999999983,9.82,9.5,64.14,0.21,0.18,0.03,新北洋,计算机、通信和其他电子设备制造业,主板,10.349999999999984,10.186250000000012,10.069166666666675,10.016249999999992,9.587446808510636
2376,2021-03-02,10.39,10.32,10.42,10.2,10.38,53929.6,55452300.0,10.34,10.16,10.038499999999981,9.85,9.51,61.92,0.21,0.18,0.03,新北洋,计算机、通信和其他电子设备制造业,主板,10.407499999999985,10.23875000000001,10.105000000000008,10.043749999999992,9.618297872340424
2376,2021-03-03,10.32,10.36,10.47,10.26,10.32,59073.2,61290600.0,10.4,10.22,10.055999999999983,9.88,9.53,62.84,0.21,0.19,0.02,新北洋,计算机、通信和其他电子设备制造业,主板,10.377499999999984,10.27250000000001,10.149166666666675,10.068749999999993,9.644680851063828
2376,2021-03-04,10.3,10.08,10.4,10.06,10.36,69429.1,70633300.0,10.32,10.24,10.055499999999984,9.9,9.55,53.15,0.19,0.19,0.0,新北洋,计算机、通信和其他电子设备制造业,主板,10.284999999999982,10.27875000000001,10.172500000000008,10.074374999999993,9.6631914893617
2376,2021-03-05,10.05,10.13,10.21,10.04,10.08,38885.0,39364000.0,10.25,10.24,10.057499999999983,9.92,9.56,54.5,0.17,0.19,-0.02,新北洋,计算机、通信和其他电子设备制造业,主板,10.222499999999982,10.28625000000001,10.198333333333343,10.107499999999993,9.685531914893614
2376,2021-03-08,10.2,10.02,10.3,9.96,10.13,49858.9,50643100.0,10.18,10.24,10.064499999999985,9.94,9.57,51.02,0.15,0.18,-0.03,新北洋,计算机、通信和其他电子设备制造业,主板,10.147499999999981,10.277500000000009,10.208333333333343,10.115624999999994,9.70255319148936
2376,2021-03-09,10.02,9.88,10.07,9.7,10.02,59459.8,59192900.0,10.09,10.22,10.060499999999983,9.96,9.58,46.91,0.11,0.16,-0.05,新北洋,计算机、通信和其他电子设备制造业,主板,10.027499999999982,10.202500000000008,10.190833333333343,10.118749999999993,9.719361702127657
2376,2021-03-10,9.94,9.65,9.97,9.65,9.88,36768.8,35854600.0,9.95,10.18,10.043499999999984,9.98,9.59,41.06,0.07,0.15,-0.08,新北洋,计算机、通信和其他电子设备制造业,主板,9.919999999999982,10.102500000000008,10.159166666666676,10.109374999999993,9.730212765957445
2376,2021-03-11,9.65,9.77,9.78,9.63,9.65,25778.8,25053200.0,9.89,10.1,10.051999999999984,9.99,9.6,44.92,0.04,0.12,-0.08,新北洋,计算机、通信和其他电子设备制造业,主板,9.829999999999982,10.026250000000008,10.134166666666678,10.106249999999994,9.74510638297872
2376,2021-03-12,9.78,9.69,9.8,9.65,9.77,22450.5,21797600.0,9.8,10.03,10.041999999999984,10.0,9.61,42.9,0.02,0.1,-0.08,新北洋,计算机、通信和其他电子设备制造业,主板,9.747499999999981,9.947500000000009,10.100833333333343,10.093124999999993,9.756170212765955
2376,2021-03-15,9.63,9.73,9.75,9.63,9.69,28735.6,27881200.0,9.74,9.96,10.036999999999983,10.0,9.62,44.25,-0.01,0.08,-0.09,新北洋,计算机、通信和其他电子设备制造业,主板,9.709999999999981,9.86875000000001,10.038333333333343,10.070624999999993,9.76382978723404
2376,2021-03-16,9.73,9.73,9.79,9.63,9.73,27553.8,26699100.0,9.71,9.9,10.033499999999982,9.99,9.63,44.25,-0.01,0.06,-0.07,新北洋,计算机、通信和其他电子设备制造业,主板,9.72999999999998,9.82500000000001,9.978333333333342,10.051874999999992,9.77042553191489
2376,2021-03-17,9.74,9.75,9.79,9.71,9.73,21089.9,20536500.0,9.73,9.84,10.029999999999983,9.99,9.64,45.0,-0.03,0.04,-0.07,新北洋,计算机、通信和其他电子设备制造业,主板,9.72499999999998,9.77750000000001,9.925833333333344,10.031874999999992,9.778085106382976
2376,2021-03-18,9.7,9.74,9.76,9.64,9.75,30778.1,29827900.0,9.73,9.81,10.021999999999982,9.97,9.66,44.68,-0.03,0.03,-0.06,新北洋,计算机、通信和其他电子设备制造业,主板,9.737499999999981,9.74250000000001,9.877500000000012,10.009999999999993,9.785957446808508
2376,2021-03-19,9.68,9.46,9.75,9.46,9.74,40487.8,38925900.0,9.68,9.74,9.990499999999983,9.95,9.67,36.69,-0.06,0.01,-0.07,新北洋,计算机、通信和其他电子设备制造业,主板,9.66999999999998,9.690000000000012,9.802500000000013,9.946249999999994,9.791489361702125
2376,2021-03-22,9.5,9.51,9.54,9.41,9.46,29674.8,28137900.0,9.64,9.69,9.964499999999983,9.94,9.67,38.8,-0.08,-0.01,-0.07,新北洋,计算机、通信和其他电子设备制造业,主板,9.61499999999998,9.672500000000012,9.755000000000013,9.887499999999994,9.802340425531913
2376,2021-03-23,9.54,9.41,9.55,9.39,9.51,26345.4,24914000.0,9.57,9.64,9.931499999999982,9.92,9.68,36.2,-0.1,-0.03,-0.07,新北洋,计算机、通信和其他电子设备制造业,主板,9.52999999999998,9.627500000000012,9.695000000000013,9.826874999999994,9.805744680851062
2376,2021-03-24,9.41,9.24,9.41,9.2,9.41,29489.7,27397600.0,9.47,9.6,9.888999999999983,9.9,9.68,32.26,-0.13,-0.05,-0.08,新北洋,计算机、通信和其他电子设备制造业,主板,9.40499999999998,9.571250000000012,9.630000000000013,9.759374999999995,9.807659574468083
2376,2021-03-25,9.21,9.3,9.37,9.21,9.24,24469.1,22771700.0,9.38,9.56,9.829999999999984,9.89,9.68,34.95,-0.15,-0.07,-0.08,新北洋,计算机、通信和其他电子设备制造业,主板,9.364999999999979,9.51750000000001,9.58166666666668,9.693124999999995,9.804680851063829
2376,2021-03-26,9.35,9.48,9.53,9.33,9.3,30855.1,29184900.0,9.39,9.54,9.781499999999983,9.87,9.69,42.36,-0.14,-0.08,-0.06,新北洋,计算机、通信和其他电子设备制造业,主板,9.357499999999979,9.48625000000001,9.567500000000013,9.655624999999993,9.806382978723404
2376,2021-03-29,9.48,9.44,9.53,9.41,9.48,21062.7,19902200.0,9.37,9.51,9.734499999999985,9.86,9.69,41.24,-0.14,-0.09,-0.05,新北洋,计算机、通信和其他电子设备制造业,主板,9.364999999999977,9.44750000000001,9.540000000000013,9.612499999999994,9.804255319148934
2376,2021-03-30,9.44,9.41,9.46,9.27,9.44,28588.2,26782000.0,9.37,9.47,9.688999999999984,9.85,9.7,40.37,-0.14,-0.1,-0.04,新北洋,计算机、通信和其他电子设备制造业,主板,9.407499999999976,9.40625000000001,9.51666666666668,9.574374999999993,9.802127659574468
2376,2021-03-31,9.37,9.46,9.51,9.36,9.41,21790.3,20587600.0,9.42,9.44,9.643999999999986,9.84,9.7,42.53,-0.14,-0.11,-0.03,新北洋,计算机、通信和其他电子设备制造业,主板,9.447499999999977,9.40625000000001,9.49416666666668,9.548124999999994,9.804042553191488
2376,2021-04-01,9.45,9.51,9.54,9.39,9.46,21423.4,20333100.0,9.46,9.42,9.615499999999985,9.82,9.71,44.7,-0.13,-0.11,-0.02,新北洋,计算机、通信和其他电子设备制造业,主板,9.454999999999977,9.40625000000001,9.475833333333346,9.539374999999993,9.811063829787233
2376,2021-04-02,9.55,9.48,9.55,9.45,9.51,15745.0,14926000.0,9.46,9.42,9.582999999999984,9.8,9.71,43.64,-0.11,-0.11,0.0,新北洋,计算机、通信和其他电子设备制造业,主板,9.464999999999979,9.415000000000012,9.453333333333347,9.521249999999991,9.821489361702127
2376,2021-04-06,9.49,9.54,9.56,9.47,9.48,16489.9,15695200.0,9.48,9.43,9.558999999999983,9.79,9.71,46.37,-0.11,-0.11,0.0,新北洋,计算机、通信和其他电子设备制造业,主板,9.497499999999977,9.452500000000013,9.43666666666668,9.511874999999991,9.819574468085106
2376,2021-04-07,9.54,9.55,9.56,9.42,9.54,24174.0,22938600.0,9.51,9.44,9.542499999999984,9.77,9.71,46.84,-0.09,-0.11,0.02,新北洋,计算机、通信和其他电子设备制造业,主板,9.519999999999976,9.483750000000013,9.44416666666668,9.500624999999992,9.823191489361703
2376,2021-04-08,9.52,9.43,9.56,9.42,9.55,17699.9,16778200.0,9.5,9.46,9.531499999999983,9.75,9.72,42.13,-0.1,-0.11,0.01,新北洋,计算机、通信和其他电子设备制造业,主板,9.499999999999977,9.477500000000012,9.437500000000012,9.481874999999993,9.815744680851065
2376,2021-04-09,9.42,9.35,9.45,9.32,9.43,23488.4,21980500.0,9.47,9.46,9.510499999999983,9.71,9.72,39.29,-0.1,-0.11,0.01,新北洋,计算机、通信和其他电子设备制造业,主板,9.467499999999976,9.466250000000011,9.432500000000013,9.456874999999993,9.805744680851065
2376,2021-04-12,9.34,9.28,9.39,9.26,9.35,17193.5,16037600.0,9.43,9.44,9.489999999999984,9.67,9.72,36.95,-0.11,-0.11,0.0,新北洋,计算机、通信和其他电子设备制造业,主板,9.402499999999977,9.450000000000012,9.435833333333347,9.428124999999993,9.790212765957447
2376,2021-04-13,9.26,9.18,9.27,9.17,9.28,23515.3,21642800.0,9.36,9.42,9.462499999999984,9.63,9.72,33.84,-0.12,-0.11,-0.01,新北洋,计算机、通信和其他电子设备制造业,主板,9.309999999999977,9.41500000000001,9.425833333333347,9.410624999999992,9.770851063829788
2376,2021-04-14,9.24,9.28,9.29,9.16,9.18,16502.3,15254900.0,9.3,9.41,9.439999999999985,9.59,9.72,39.34,-0.12,-0.11,-0.01,新北洋,计算机、通信和其他电子设备制造业,主板,9.272499999999978,9.38625000000001,9.40916666666668,9.396249999999993,9.753617021276597
2376,2021-04-15,9.3,9.29,9.31,9.22,9.28,11312.2,10488900.0,9.28,9.39,9.416999999999984,9.56,9.72,39.87,-0.13,-0.11,-0.02,新北洋,计算机、通信和其他电子设备制造业,主板,9.257499999999977,9.36250000000001,9.39666666666668,9.388749999999993,9.741063829787237
2376,2021-04-16,9.27,9.43,9.46,9.27,9.29,18439.4,17342300.0,9.29,9.38,9.401499999999984,9.54,9.72,46.96,-0.11,-0.11,0.0,新北洋,计算机、通信和其他电子设备制造业,主板,9.294999999999977,9.34875000000001,9.398333333333348,9.400624999999993,9.729787234042556
2376,2021-04-19,9.41,9.49,9.53,9.4,9.43,26831.6,25447400.0,9.33,9.38,9.402999999999984,9.52,9.72,49.69,-0.09,-0.11,0.02,新北洋,计算机、通信和其他电子设备制造业,主板,9.372499999999977,9.34125000000001,9.400833333333347,9.412499999999993,9.719148936170216
2376,2021-04-20,9.48,9.45,9.53,9.42,9.49,19029.4,18024700.0,9.39,9.37,9.399999999999984,9.5,9.72,47.92,-0.08,-0.1,0.02,新北洋,计算机、通信和其他电子设备制造业,主板,9.414999999999978,9.34375000000001,9.395833333333348,9.410624999999992,9.715957446808513
2376,2021-04-21,9.43,9.34,9.46,9.33,9.45,26760.9,25114900.0,9.4,9.35,9.396499999999985,9.48,9.72,43.34,-0.08,-0.1,0.02,新北洋,计算机、通信和其他电子设备制造业,主板,9.427499999999979,9.342500000000012,9.384166666666681,9.404374999999993,9.704255319148938
2376,2021-04-22,9.35,9.43,9.57,9.35,9.34,31197.4,29488300.0,9.43,9.35,9.405999999999985,9.47,9.73,47.74,-0.07,-0.09,0.02,新北洋,计算机、通信和其他电子设备制造业,主板,9.427499999999979,9.361250000000013,9.375000000000014,9.405624999999993,9.695744680851066
2376,2021-04-23,9.47,9.28,9.5,9.24,9.43,27525.3,25671500.0,9.4,9.34,9.404999999999983,9.46,9.72,41.9,-0.08,-0.09,0.01,新北洋,计算机、通信和其他电子设备制造业,主板,9.374999999999979,9.373750000000012,9.352500000000015,9.394374999999993,9.684680851063831
2376,2021-04-26,9.29,9.25,9.35,9.25,9.28,15242.8,14188700.0,9.35,9.34,9.393499999999985,9.44,9.72,40.82,-0.08,-0.09,0.01,新北洋,计算机、通信和其他电子设备制造业,主板,9.324999999999978,9.370000000000012,9.337500000000015,9.378124999999994,9.672553191489364
2376,2021-04-27,9.25,9.07,9.25,9.01,9.25,28253.2,25753600.0,9.27,9.33,9.374999999999984,9.42,9.71,35.01,-0.1,-0.09,-0.01,新北洋,计算机、通信和其他电子设备制造业,主板,9.257499999999979,9.342500000000012,9.314166666666681,9.352499999999994,9.654893617021278
2376,2021-04-28,9.09,9.15,9.25,9.01,9.07,19785.4,18113600.0,9.24,9.32,9.361999999999984,9.4,9.7,39.15,-0.11,-0.09,-0.02,新北洋,计算机、通信和其他电子设备制造业,主板,9.187499999999979,9.307500000000012,9.303333333333349,9.328124999999995,9.634893617021278
2376,2021-04-29,9.15,9.1,9.22,9.09,9.15,28329.5,25818600.0,9.17,9.3,9.343999999999983,9.38,9.68,37.54,-0.11,-0.1,-0.01,新北洋,计算机、通信和其他电子设备制造业,主板,9.142499999999979,9.258750000000012,9.296666666666681,9.299999999999994,9.615106382978727
2376,2021-04-30,9.14,9.1,9.18,9.05,9.1,20657.6,18839100.0,9.13,9.27,9.323499999999985,9.36,9.66,37.54,-0.11,-0.1,-0.01,新北洋,计算机、通信和其他电子设备制造业,主板,9.104999999999979,9.21500000000001,9.28166666666668,9.279374999999993,9.594468085106387
2376,2021-05-06,9.1,9.1,9.18,9.06,9.1,17446.2,15914500.0,9.1,9.23,9.304499999999985,9.34,9.65,37.54,-0.12,-0.1,-0.02,新北洋,计算机、通信和其他电子设备制造业,主板,9.11249999999998,9.18500000000001,9.265833333333347,9.263749999999993,9.573404255319154
2376,2021-05-07,9.11,9.03,9.15,9.02,9.1,19150.8,17409600.0,9.1,9.18,9.278999999999986,9.33,9.63,35.02,-0.12,-0.11,-0.01,新北洋,计算机、通信和其他电子设备制造业,主板,9.08249999999998,9.135000000000009,9.232500000000014,9.248124999999993,9.542553191489365
2376,2021-05-10,9.03,8.92,9.1,8.9,9.03,35395.9,31760900.0,9.05,9.14,9.247499999999985,9.31,9.62,31.45,-0.13,-0.11,-0.02,新北洋,计算机、通信和其他电子设备制造业,主板,9.03749999999998,9.090000000000009,9.185000000000015,9.231874999999992,9.510000000000003
2376,2021-05-11,8.92,9.11,9.11,8.82,8.92,32071.7,28744400.0,9.05,9.11,9.231499999999983,9.31,9.6,42.38,-0.13,-0.12,-0.01,新北洋,计算机、通信和其他电子设备制造业,主板,9.03999999999998,9.072500000000009,9.15666666666668,9.221249999999992,9.48297872340426
2376,2021-05-12,9.05,9.15,9.18,9.0,9.11,18917.2,17178100.0,9.06,9.1,9.221499999999983,9.3,9.59,44.4,-0.12,-0.12,0.0,新北洋,计算机、通信和其他电子设备制造业,主板,9.052499999999979,9.08250000000001,9.140833333333347,9.212499999999993,9.458085106382983
2376,2021-05-13,9.11,9.12,9.18,9.09,9.15,20252.2,18482200.0,9.07,9.09,9.213499999999984,9.29,9.58,43.18,-0.11,-0.12,0.01,新北洋,计算机、通信和其他电子设备制造业,主板,9.074999999999978,9.07875000000001,9.115000000000014,9.193124999999993,9.431702127659578
2376,2021-05-14,9.13,9.18,9.2,9.06,9.12,21458.7,19621500.0,9.1,9.1,9.213499999999984,9.28,9.57,46.35,-0.1,-0.11,0.01,新北洋,计算机、通信和其他电子设备制造业,主板,9.139999999999977,9.088750000000012,9.106666666666682,9.173749999999993,9.412553191489366
2376,2021-05-17,9.13,9.16,9.21,9.08,9.18,27489.1,25122900.0,9.14,9.1,9.207499999999984,9.27,9.56,45.44,-0.09,-0.11,0.02,新北洋,计算机、通信和其他电子设备制造业,主板,9.152499999999979,9.096250000000012,9.099166666666681,9.155624999999993,9.391914893617026
2376,2021-05-18,9.17,9.07,9.17,9.0,9.16,25337.2,22948900.0,9.14,9.09,9.196499999999983,9.26,9.55,41.49,-0.09,-0.1,0.01,新北洋,计算机、通信和其他电子设备制造业,主板,9.132499999999979,9.092500000000012,9.099166666666681,9.138749999999993,9.37170212765958
2376,2021-05-19,9.06,9.01,9.06,8.99,9.07,18739.6,16900200.0,9.11,9.08,9.175499999999982,9.24,9.53,39.06,-0.09,-0.1,0.01,新北洋,计算机、通信和其他电子设备制造业,主板,9.104999999999979,9.090000000000012,9.087500000000015,9.112499999999992,9.353191489361707
2376,2021-05-20,9.0,8.98,9.06,8.93,9.01,18671.0,16777200.0,9.08,9.07,9.14999999999998,9.23,9.51,37.86,-0.09,-0.1,0.01,新北洋,计算机、通信和其他电子设备制造业,主板,9.05499999999998,9.097500000000013,9.077500000000015,9.093749999999991,9.338936170212772
2376,2021-05-21,8.98,8.98,9.05,8.96,8.98,14409.8,12964400.0,9.04,9.07,9.126499999999982,9.21,9.5,37.86,-0.1,-0.1,0.0,新北洋,计算机、通信和其他电子设备制造业,主板,9.00999999999998,9.081250000000013,9.067500000000015,9.07687499999999,9.322127659574475
2376,2021-05-24,8.98,9.24,9.36,8.88,8.98,49990.9,45748800.0,9.06,9.1,9.121499999999982,9.2,9.48,52.49,-0.08,-0.1,0.02,新北洋,计算机、通信和其他电子设备制造业,主板,9.05249999999998,9.092500000000012,9.079166666666682,9.087499999999991,9.31255319148937
2376,2021-05-25,9.15,9.21,9.26,9.08,9.24,41633.1,38198100.0,9.08,9.11,9.110499999999982,9.19,9.47,51.0,-0.06,-0.09,0.03,新北洋,计算机、通信和其他电子设备制造业,主板,9.102499999999981,9.103750000000012,9.094166666666682,9.091249999999992,9.301489361702133
2376,2021-05-26,9.17,9.19,9.28,9.16,9.21,21807.3,20058200.0,9.12,9.11,9.105999999999982,9.19,9.45,49.98,-0.06,-0.08,0.02,新北洋,计算机、通信和其他电子设备制造业,主板,9.15499999999998,9.105000000000011,9.116666666666683,9.096874999999992,9.290000000000006
2376,2021-05-27,9.18,9.24,9.25,9.18,9.19,24239.0,22344700.0,9.17,9.13,9.105499999999981,9.18,9.43,52.53,-0.04,-0.07,0.03,新北洋,计算机、通信和其他电子设备制造业,主板,9.219999999999981,9.11500000000001,9.127500000000015,9.105624999999993,9.27914893617022
2376,2021-05-28,9.25,9.19,9.3,9.17,9.24,26747.6,24706400.0,9.21,9.13,9.111499999999982,9.18,9.41,49.79,-0.04,-0.07,0.03,新北洋,计算机、通信和其他电子设备制造业,主板,9.20749999999998,9.13000000000001,9.130833333333348,9.111249999999993,9.267446808510645
2376,2021-05-31,9.18,9.27,9.28,9.16,9.19,21581.5,19916700.0,9.22,9.14,9.117499999999982,9.18,9.39,53.93,-0.03,-0.06,0.03,新北洋,计算机、通信和其他电子设备制造业,主板,9.22249999999998,9.162500000000009,9.143333333333347,9.126249999999994,9.263404255319156
2376,2021-06-01,9.28,9.32,9.32,9.2,9.27,35480.2,32864200.0,9.24,9.16,9.128499999999983,9.19,9.37,56.36,-0.01,-0.05,0.04,新北洋,计算机、通信和其他电子设备制造业,主板,9.254999999999981,9.205000000000007,9.155000000000014,9.151249999999994,9.259361702127666
2376,2021-06-02,9.3,9.21,9.31,9.17,9.32,31972.4,29484700.0,9.25,9.18,9.133999999999983,9.18,9.36,50.11,0.0,-0.04,0.04,新北洋,计算机、通信和其他电子设备制造业,主板,9.247499999999981,9.233750000000006,9.15916666666668,9.157499999999995,9.25510638297873
2376,2021-06-03,9.2,9.21,9.26,9.18,9.21,28889.9,26614300.0,9.24,9.21,9.139499999999984,9.17,9.34,50.11,-0.01,-0.03,0.02,新北洋,计算机、通信和其他电子设备制造业,主板,9.252499999999982,9.230000000000006,9.170833333333348,9.161249999999995,9.254468085106387
2376,2021-06-04,9.15,9.09,9.23,8.98,9.21,49416.7,44867700.0,9.22,9.22,9.142499999999984,9.16,9.33,43.95,-0.02,-0.03,0.01,新北洋,计算机、通信和其他电子设备制造业,主板,9.207499999999982,9.215000000000007,9.177500000000014,9.159374999999995,9.250000000000004
2376,2021-06-07,9.12,9.08,9.12,9.0,9.09,29077.1,26317700.0,9.18,9.2,9.150499999999985,9.15,9.31,43.47,-0.02,-0.03,0.01,新北洋,计算机、通信和其他电子设备制造业,主板,9.147499999999981,9.201250000000007,9.185833333333347,9.153124999999996,9.241489361702131
2376,2021-06-08,9.07,9.1,9.25,9.03,9.08,37124.7,33809100.0,9.14,9.19,9.149999999999986,9.14,9.3,44.77,-0.02,-0.03,0.01,新北洋,计算机、通信和其他电子设备制造业,主板,9.119999999999981,9.183750000000007,9.195833333333347,9.149374999999996,9.23425531914894
2376,2021-06-09,9.05,9.08,9.22,9.04,9.1,27195.9,24731300.0,9.11,9.18,9.146499999999985,9.13,9.29,43.69,-0.03,-0.03,0.0,新北洋,计算机、通信和其他电子设备制造业,主板,9.08749999999998,9.170000000000007,9.182500000000013,9.149999999999997,9.227234042553194
2376,2021-06-10,9.05,9.23,9.26,9.05,9.08,44358.4,40716800.0,9.12,9.18,9.151999999999985,9.13,9.29,52.88,-0.02,-0.03,0.01,新北洋,计算机、通信和其他电子设备制造业,主板,9.122499999999981,9.165000000000008,9.184166666666682,9.163749999999997,9.222340425531918
2376,2021-06-11,9.23,9.17,9.28,9.13,9.23,36170.4,33242300.0,9.13,9.18,9.151499999999984,9.13,9.28,49.4,-0.02,-0.02,0.0,新北洋,计算机、通信和其他电子设备制造业,主板,9.144999999999982,9.146250000000009,9.182500000000015,9.175624999999997,9.215106382978727
2376,2021-06-15,9.18,9.27,9.33,9.17,9.17,39806.9,36861200.0,9.17,9.18,9.156999999999986,9.14,9.27,54.74,0.0,-0.02,0.02,新北洋,计算机、通信和其他电子设备制造业,主板,9.18749999999998,9.15375000000001,9.185000000000015,9.193749999999998,9.210638297872343
2376,2021-06-16,9.27,9.29,9.31,9.22,9.27,32160.9,29802800.0,9.21,9.17,9.167999999999985,9.14,9.26,55.74,0.0,-0.02,0.02,新北洋,计算机、通信和其他电子设备制造业,主板,9.23999999999998,9.163750000000007,9.19333333333335,9.196874999999997,9.205319148936173
2376,2021-06-17,9.29,9.27,9.34,9.22,9.29,31807.3,29484600.0,9.25,9.18,9.180999999999987,9.15,9.25,54.44,0.01,-0.01,0.02,新北洋,计算机、通信和其他电子设备制造业,主板,9.249999999999979,9.186250000000006,9.19333333333335,9.200624999999997,9.199361702127662
2376,2021-06-18,9.22,9.36,9.39,9.21,9.27,43652.9,40733700.0,9.27,9.19,9.199999999999987,9.16,9.25,59.07,0.02,0.0,0.02,新北洋,计算机、通信和其他电子设备制造业,主板,9.297499999999978,9.221250000000007,9.196666666666681,9.211249999999996,9.197872340425535
2376,2021-06-21,9.34,9.36,9.43,9.31,9.36,50282.5,47047500.0,9.31,9.22,9.218999999999987,9.17,9.25,59.07,0.03,0.0,0.03,新北洋,计算机、通信和其他电子设备制造业,主板,9.319999999999979,9.253750000000007,9.209166666666682,9.218749999999996,9.198085106382981
2376,2021-06-22,9.39,9.34,9.4,9.26,9.36,31027.3,28858300.0,9.32,9.25,9.223999999999986,9.18,9.25,57.56,0.03,0.01,0.02,新北洋,计算机、通信和其他电子设备制造业,主板,9.33249999999998,9.286250000000008,9.220000000000015,9.228124999999997,9.199361702127662
2376,2021-06-23,9.34,9.32,9.37,9.26,9.34,33833.3,31563400.0,9.33,9.27,9.229499999999986,9.19,9.25,56.02,0.03,0.01,0.02,新北洋,计算机、通信和其他电子设备制造业,主板,9.344999999999981,9.297500000000008,9.239166666666682,9.231249999999996,9.202340425531917
2376,2021-06-24,9.31,9.2,9.34,9.15,9.32,50620.6,46722500.0,9.32,9.28,9.229999999999986,9.19,9.25,47.77,0.03,0.02,0.01,新北洋,计算机、通信和其他电子设备制造业,主板,9.304999999999982,9.301250000000008,9.249166666666682,9.223749999999995,9.200638297872343
2376,2021-06-25,9.21,9.22,9.29,9.18,9.2,45318.0,41820900.0,9.29,9.28,9.228999999999985,9.19,9.24,49.11,0.02,0.02,0.0,新北洋,计算机、通信和其他电子设备制造业,主板,9.269999999999982,9.295000000000009,9.259166666666681,9.224374999999995,9.199148936170216
2376,2021-06-28,9.27,9.23,9.27,9.16,9.22,20037.2,18452600.0,9.26,9.29,9.230999999999984,9.2,9.24,49.81,0.02,0.02,0.0,新北洋,计算机、通信和其他电子设备制造业,主板,9.242499999999982,9.287500000000009,9.271666666666682,9.225624999999994,9.194893617021279
2376,2021-06-29,9.23,9.13,9.26,9.1,9.23,33891.9,31085900.0,9.22,9.27,9.223999999999984,9.2,9.23,43.41,0.0,0.01,-0.01,新北洋,计算机、通信和其他电子设备制造业,主板,9.194999999999983,9.270000000000008,9.263333333333348,9.228124999999993,9.187234042553195
2376,2021-06-30,9.13,9.14,9.18,9.03,9.13,40645.5,36970300.0,9.18,9.26,9.214999999999984,9.2,9.23,44.18,0.0,0.01,-0.01,新北洋,计算机、通信和其他电子设备制造业,主板,9.179999999999982,9.242500000000009,9.260833333333348,9.231874999999993,9.180638297872344
2376,2021-07-01,9.14,9.04,9.21,9.04,9.14,26232.1,23892600.0,9.15,9.23,9.206499999999982,9.2,9.22,38.52,-0.02,0.0,-0.02,新北洋,计算机、通信和其他电子设备制造业,主板,9.134999999999982,9.20250000000001,9.241666666666683,9.228124999999993,9.174255319148939
2376,2021-07-02,9.01,8.96,9.03,8.89,9.04,27672.6,24800800.0,9.1,9.19,9.193999999999983,9.2,9.21,34.69,-0.03,0.0,-0.03,新北洋,计算机、通信和其他电子设备制造业,主板,9.067499999999981,9.155000000000008,9.214166666666683,9.220624999999993,9.164255319148939
2376,2021-07-05,8.97,8.93,9.03,8.86,8.96,33042.9,29458200.0,9.04,9.15,9.185999999999982,9.2,9.2,33.35,-0.05,-0.01,-0.04,新北洋,计算机、通信和其他电子设备制造业,主板,9.01749999999998,9.10625000000001,9.18583333333335,9.201874999999994,9.156808510638301
2376,2021-07-06,8.9,8.89,8.95,8.83,8.93,34008.1,30181500.0,8.99,9.11,9.176499999999983,9.18,9.19,31.6,-0.06,-0.02,-0.04,新北洋,计算机、通信和其他电子设备制造业,主板,8.95499999999998,9.06750000000001,9.146666666666684,9.184374999999994,9.149148936170215
2376,2021-07-07,8.87,8.97,9.01,8.85,8.89,42913.8,38299100.0,8.96,9.07,9.169999999999984,9.18,9.18,38.55,-0.06,-0.03,-0.03,新北洋,计算机、通信和其他电子设备制造业,主板,8.93749999999998,9.03625000000001,9.114166666666684,9.165624999999993,9.14702127659575
2376,2021-07-08,8.95,8.94,9.06,8.92,8.97,26178.0,23470200.0,8.94,9.04,9.162999999999982,9.17,9.18,37.03,-0.07,-0.04,-0.03,新北洋,计算机、通信和其他电子设备制造业,主板,8.93249999999998,9.000000000000009,9.08083333333335,9.143749999999994,9.142553191489366
2376,2021-07-09,8.93,9.19,9.2,8.85,8.94,108832.0,98168600.0,8.98,9.04,9.160999999999984,9.17,9.18,53.49,-0.06,-0.04,-0.02,新北洋,计算机、通信和其他电子设备制造业,主板,8.99749999999998,9.00750000000001,9.070000000000016,9.138749999999993,9.144468085106388
2376,2021-07-12,9.18,9.23,9.47,9.17,9.19,91012.5,84647900.0,9.04,9.04,9.163999999999984,9.17,9.18,55.49,-0.04,-0.04,0.0,新北洋,计算机、通信和其他电子设备制造业,主板,9.082499999999978,9.01875000000001,9.072500000000018,9.130624999999991,9.147234042553196
2376,2021-07-13,9.24,9.24,9.32,9.21,9.23,49481.3,45783500.0,9.11,9.05,9.162499999999984,9.17,9.18,56.0,-0.02,-0.04,0.02,新北洋,计算机、通信和其他电子设备制造业,主板,9.149999999999979,9.04375000000001,9.074166666666683,9.123124999999991,9.15021276595745
2376,2021-07-14,9.3,9.15,9.32,9.12,9.24,46742.1,42955400.0,9.15,9.05,9.155499999999984,9.16,9.17,50.4,-0.02,-0.03,0.01,新北洋,计算机、通信和其他电子设备制造业,主板,9.20249999999998,9.06750000000001,9.067500000000017,9.111249999999991,9.152765957446812
2376,2021-07-15,9.2,9.02,9.2,8.94,9.15,52687.6,47480600.0,9.17,9.05,9.142999999999983,9.15,9.17,43.61,-0.02,-0.03,0.01,新北洋,计算机、通信和其他电子设备制造业,主板,9.159999999999979,9.07875000000001,9.05833333333335,9.092499999999992,9.15489361702128
2376,2021-07-16,9.02,8.97,9.06,8.96,9.02,38703.8,34779800.0,9.12,9.05,9.123499999999984,9.15,9.16,41.31,-0.03,-0.03,0.0,新北洋,计算机、通信和其他电子设备制造业,主板,9.094999999999978,9.08875000000001,9.044166666666683,9.078124999999993,9.151914893617025
2376,2021-07-19,8.95,8.93,8.98,8.87,8.97,34926.2,31104200.0,9.06,9.05,9.101999999999984,9.14,9.15,39.51,-0.05,-0.03,-0.02,新北洋,计算机、通信和其他电子设备制造业,主板,9.017499999999977,9.083750000000009,9.035000000000018,9.059999999999993,9.147234042553196
2376,2021-07-20,8.99,9.02,9.2,8.92,8.93,50479.0,45426600.0,9.02,9.07,9.085999999999984,9.14,9.14,45.28,-0.05,-0.04,-0.01,新北洋,计算机、通信和其他电子设备制造业,主板,8.984999999999976,9.093750000000009,9.040000000000019,9.046874999999995,9.145106382978726
2376,2021-07-21,9.01,9.12,9.17,8.97,9.02,63525.1,57653300.0,9.01,9.08,9.075999999999985,9.14,9.14,50.89,-0.04,-0.04,0.0,新北洋,计算机、通信和其他电子设备制造业,主板,9.009999999999977,9.08500000000001,9.055833333333352,9.046249999999995,9.143829787234045
2376,2021-07-22,9.12,9.13,9.16,9.05,9.12,49172.1,44753900.0,9.03,9.1,9.072499999999986,9.14,9.14,51.43,-0.03,-0.04,0.01,新北洋,计算机、通信和其他电子设备制造业,主板,9.049999999999978,9.072500000000009,9.075833333333351,9.045624999999994,9.143191489361705
2376,2021-07-23,9.11,8.98,9.12,8.94,9.13,48474.4,43698000.0,9.04,9.08,9.060499999999985,9.13,9.13,43.72,-0.03,-0.04,0.01,新北洋,计算机、通信和其他电子设备制造业,主板,9.062499999999977,9.04000000000001,9.076666666666684,9.041874999999994,9.141276595744683
2376,2021-07-26,8.95,8.89,9.0,8.75,8.98,53390.0,47351300.0,9.03,9.04,9.043499999999984,9.12,9.13,39.86,-0.05,-0.04,-0.01,新北洋,计算机、通信和其他电子设备制造业,主板,9.029999999999976,9.00750000000001,9.072500000000018,9.037499999999993,9.138723404255323
2376,2021-07-27,8.95,8.95,9.13,8.91,8.89,73431.4,66177300.0,9.01,9.02,9.034499999999984,9.11,9.13,43.44,-0.05,-0.04,-0.01,新北洋,计算机、通信和其他电子设备制造业,主板,8.987499999999978,8.99875000000001,9.052500000000018,9.038749999999991,9.13808510638298
2376,2021-07-28,8.86,8.82,9.0,8.67,8.95,52489.9,46282400.0,8.95,8.98,9.018499999999984,9.1,9.12,38.14,-0.06,-0.04,-0.02,新北洋,计算机、通信和其他电子设备制造业,主板,8.909999999999977,8.980000000000011,9.01833333333335,9.03437499999999,9.134680851063832
2376,2021-07-29,8.86,8.88,9.0,8.71,8.82,59397.0,52518200.0,8.9,8.97,9.010499999999983,9.09,9.12,41.68,-0.07,-0.05,-0.02,新北洋,计算机、通信和其他电子设备制造业,主板,8.884999999999977,8.97375000000001,8.988333333333351,9.02874999999999,9.127021276595746
2376,2021-07-30,8.84,8.56,8.84,8.44,8.88,113749.0,97784900.0,8.82,8.93,8.990499999999983,9.06,9.11,31.37,-0.09,-0.06,-0.03,新北洋,计算机、通信和其他电子设备制造业,主板,8.802499999999977,8.91625000000001,8.939166666666685,9.00499999999999,9.113191489361704
2376,2021-08-02,8.51,8.62,8.67,8.37,8.56,60242.3,51625200.0,8.77,8.9,8.974999999999984,9.03,9.1,34.63,-0.1,-0.07,-0.03,新北洋,计算机、通信和其他电子设备制造业,主板,8.719999999999978,8.85375000000001,8.905833333333351,8.96937499999999,9.101063829787236
2376,2021-08-03,8.62,8.59,8.71,8.54,8.62,50860.0,43930000.0,8.69,8.85,8.959999999999983,9.01,9.1,33.77,-0.13,-0.08,-0.05,新北洋,计算机、通信和其他电子设备制造业,主板,8.662499999999978,8.786250000000011,8.874166666666685,8.929374999999991,9.087234042553193
2376,2021-08-04,8.63,8.54,8.63,8.5,8.59,53819.8,46034800.0,8.64,8.8,8.938499999999982,8.98,9.09,32.32,-0.14,-0.09,-0.05,新北洋,计算机、通信和其他电子设备制造业,主板,8.577499999999977,8.731250000000012,8.841666666666685,8.88562499999999,9.07340425531915
2376,2021-08-05,8.52,8.45,8.52,8.4,8.54,37563.9,31779100.0,8.55,8.73,8.913999999999982,8.96,9.07,29.84,-0.15,-0.1,-0.05,新北洋,计算机、通信和其他电子设备制造业,主板,8.549999999999976,8.676250000000012,8.794166666666685,8.84187499999999,9.055957446808513
2376,2021-08-06,8.44,8.4,8.45,8.26,8.45,50231.8,41978900.0,8.52,8.67,8.874499999999982,8.93,9.06,28.53,-0.17,-0.12,-0.05,新北洋,计算机、通信和其他电子设备制造业,主板,8.494999999999976,8.607500000000012,8.734166666666686,8.803124999999989,9.036382978723406
2376,2021-08-09,8.42,8.46,8.53,8.39,8.4,31578.1,26775900.0,8.49,8.63,8.835999999999983,8.9,9.05,32.37,-0.18,-0.13,-0.05,新北洋,计算机、通信和其他电子设备制造业,主板,8.462499999999977,8.562500000000014,8.678333333333354,8.77124999999999,9.020425531914896
2376,2021-08-10,8.45,8.51,8.52,8.39,8.46,35756.0,30308100.0,8.47,8.58,8.799499999999982,8.88,9.04,35.48,-0.17,-0.14,-0.03,新北洋,计算机、通信和其他电子设备制造业,主板,8.454999999999977,8.516250000000015,8.639166666666688,8.744999999999989,9.00553191489362
2376,2021-08-11,8.53,8.49,8.54,8.45,8.51,35231.5,29904800.0,8.46,8.55,8.766499999999983,8.86,9.03,34.79,-0.17,-0.14,-0.03,新北洋,计算机、通信和其他电子设备制造业,主板,8.464999999999979,8.507500000000014,8.605833333333353,8.711874999999988,8.992765957446812
2376,2021-08-12,8.46,8.49,8.57,8.46,8.49,36177.9,30800600.0,8.47,8.51,8.739999999999982,8.84,9.02,34.79,-0.16,-0.15,-0.01,新北洋,计算机、通信和其他电子设备制造业,主板,8.48749999999998,8.491250000000013,8.567500000000019,8.672499999999989,8.98021276595745
2376,2021-08-13,8.49,8.49,8.52,8.45,8.49,25509.3,21627300.0,8.49,8.5,8.715999999999983,8.83,9.01,34.79,-0.16,-0.15,-0.01,新北洋,计算机、通信和其他电子设备制造业,主板,8.49499999999998,8.478750000000012,8.540000000000019,8.63249999999999,8.967234042553194
2376,2021-08-16,8.48,8.47,8.52,8.44,8.49,27448.8,23280000.0,8.49,8.49,8.692999999999982,8.81,9.0,33.96,-0.15,-0.15,0.0,新北洋,计算机、通信和其他电子设备制造业,主板,8.48499999999998,8.470000000000013,8.505833333333351,8.60062499999999,8.95425531914894
2376,2021-08-17,8.47,8.32,8.48,8.28,8.47,54974.3,46059600.0,8.45,8.46,8.657999999999982,8.79,8.99,28.51,-0.16,-0.15,-0.01,新北洋,计算机、通信和其他电子设备制造业,主板,8.44249999999998,8.453750000000012,8.485833333333352,8.56499999999999,8.934893617021281
2376,2021-08-18,8.33,8.35,8.36,8.25,8.32,33326.5,27674900.0,8.42,8.44,8.61949999999998,8.77,8.98,30.9,-0.17,-0.16,-0.01,新北洋,计算机、通信和其他电子设备制造业,主板,8.40749999999998,8.44750000000001,8.46333333333335,8.527499999999991,8.917446808510642
2376,2021-08-19,8.37,8.36,8.41,8.34,8.35,21304.8,17837800.0,8.4,8.43,8.58099999999998,8.75,8.96,31.72,-0.17,-0.16,-0.01,新北洋,计算机、通信和其他电子设备制造业,主板,8.374999999999979,8.43500000000001,8.444166666666684,8.49874999999999,8.898085106382982
2376,2021-08-20,8.36,8.34,8.36,8.26,8.36,31807.5,26342900.0,8.37,8.43,8.548999999999982,8.73,8.95,30.93,-0.16,-0.16,0.0,新北洋,计算机、通信和其他电子设备制造业,主板,8.34249999999998,8.41375000000001,8.427500000000016,8.464999999999991,8.877872340425535
2376,2021-08-23,8.26,8.47,8.48,8.26,8.34,46158.3,38869400.0,8.37,8.43,8.527999999999981,8.7,8.93,41.18,-0.14,-0.15,0.01,新北洋,计算机、通信和其他电子设备制造业,主板,8.37999999999998,8.41125000000001,8.429166666666683,8.45937499999999,8.860851063829791
2376,2021-08-24,8.42,8.37,8.45,8.34,8.47,36425.0,30542700.0,8.38,8.42,8.498999999999981,8.67,8.92,36.67,-0.15,-0.15,0.0,新北洋,计算机、通信和其他电子设备制造业,主板,8.384999999999978,8.39625000000001,8.426666666666682,8.44374999999999,8.839787234042557
2376,2021-08-25,8.37,8.41,8.41,8.32,8.37,20894.5,17495000.0,8.39,8.41,8.47849999999998,8.65,8.9,39.53,-0.13,-0.15,0.02,新北洋,计算机、通信和其他电子设备制造业,主板,8.39749999999998,8.386250000000011,8.422500000000015,8.43249999999999,8.819574468085111
2376,2021-08-26,8.38,8.37,8.43,8.35,8.41,35265.5,29591400.0,8.39,8.4,8.452999999999982,8.62,8.89,37.7,-0.13,-0.15,0.02,新北洋,计算机、通信和其他电子设备制造业,主板,8.40499999999998,8.373750000000012,8.410833333333349,8.421874999999991,8.798936170212771
2376,2021-08-27,8.38,8.26,8.38,8.25,8.37,39145.1,32440300.0,8.38,8.37,8.437999999999981,8.6,8.87,33.15,-0.14,-0.14,0.0,新北洋,计算机、通信和其他电子设备制造业,主板,8.35249999999998,8.366250000000012,8.391666666666683,8.409999999999991,8.77638297872341
2376,2021-08-30,8.28,8.29,8.4,8.24,8.26,31477.0,26097200.0,8.34,8.35,8.42149999999998,8.58,8.86,35.44,-0.14,-0.14,0.0,新北洋,计算机、通信和其他电子设备制造业,主板,8.33249999999998,8.358750000000011,8.375000000000018,8.40312499999999,8.75702127659575
2376,2021-08-31,8.3,8.28,8.31,8.23,8.29,29761.5,24588900.0,8.32,8.35,8.405999999999981,8.56,8.85,35.01,-0.13,-0.14,0.01,新北洋,计算机、通信和其他电子设备制造业,主板,8.29999999999998,8.348750000000011,8.357500000000018,8.39187499999999,8.73702127659575
2376,2021-09-01,8.28,8.35,8.37,8.24,8.28,34296.5,28483500.0,8.31,8.35,8.39649999999998,8.53,8.84,40.45,-0.12,-0.14,0.02,新北洋,计算机、通信和其他电子设备制造业,主板,8.29499999999998,8.35000000000001,8.347500000000018,8.38187499999999,8.71829787234043
2376,2021-09-02,8.33,8.33,8.35,8.27,8.35,30959.5,25730200.0,8.3,8.35,8.390499999999982,8.5,8.82,39.44,-0.12,-0.13,0.01,新北洋,计算机、通信和其他电子设备制造业,主板,8.31249999999998,8.33250000000001,8.34833333333335,8.37187499999999,8.701276595744686
2376,2021-09-03,8.33,8.44,8.5,8.32,8.33,52476.5,44226200.0,8.34,8.36,8.39249999999998,8.49,8.81,47.28,-0.1,-0.13,0.03,新北洋,计算机、通信和其他电子设备制造业,主板,8.34999999999998,8.34125000000001,8.35583333333335,8.36874999999999,8.686382978723408
2376,2021-09-06,8.43,8.5,8.56,8.43,8.44,55698.1,47393600.0,8.38,8.36,8.394499999999981,8.47,8.8,51.01,-0.09,-0.12,0.03,新北洋,计算机、通信和其他电子设备制造业,主板,8.40499999999998,8.35250000000001,8.367500000000017,8.36937499999999,8.674893617021281
2376,2021-09-07,8.51,8.52,8.56,8.48,8.5,40572.2,34548000.0,8.43,8.37,8.394999999999982,8.46,8.79,52.22,-0.07,-0.11,0.04,新北洋,计算机、通信和其他电子设备制造业,主板,8.447499999999978,8.371250000000009,8.382500000000016,8.37249999999999,8.665531914893622
2376,2021-09-08,8.53,8.61,8.62,8.5,8.52,44300.0,38017600.0,8.48,8.4,8.400999999999982,8.45,8.77,57.34,-0.05,-0.1,0.05,新北洋,计算机、通信和其他电子设备制造业,主板,8.517499999999979,8.415000000000008,8.394166666666683,8.39062499999999,8.658723404255323
2376,2021-09-09,8.63,8.6,8.63,8.54,8.61,39289.0,33709000.0,8.53,8.42,8.406499999999982,8.44,8.76,56.61,-0.03,-0.08,0.05,新北洋,计算机、通信和其他电子设备制造业,主板,8.55749999999998,8.453750000000007,8.41333333333335,8.40624999999999,8.652553191489368
2376,2021-09-10,8.59,8.51,8.6,8.47,8.6,51724.4,44144100.0,8.55,8.44,8.407499999999981,8.44,8.75,50.43,-0.03,-0.07,0.04,新北洋,计算机、通信和其他电子设备制造业,主板,8.55999999999998,8.482500000000007,8.421666666666683,8.415624999999988,8.642765957446812
2376,2021-09-13,8.51,8.5,8.57,8.45,8.51,52261.0,44376000.0,8.55,8.46,8.408999999999981,8.44,8.73,49.78,-0.02,-0.06,0.04,新北洋,计算机、通信和其他电子设备制造业,主板,8.554999999999978,8.501250000000008,8.432500000000017,8.425624999999988,8.633404255319153
2376,2021-09-14,8.48,8.43,8.58,8.41,8.5,57273.8,48630800.0,8.53,8.48,8.41449999999998,8.43,8.72,45.36,-0.02,-0.05,0.03,新北洋,计算机、通信和其他电子设备制造业,主板,8.509999999999978,8.513750000000007,8.446666666666683,8.423124999999988,8.617234042553196
2376,2021-09-15,8.4,8.37,8.41,8.3,8.43,32225.3,26926600.0,8.48,8.48,8.415499999999982,8.42,8.7,41.93,-0.03,-0.05,0.02,新北洋,计算机、通信和其他电子设备制造业,主板,8.452499999999977,8.505000000000008,8.45333333333335,8.423124999999988,8.59893617021277
2376,2021-09-16,8.34,8.31,8.44,8.29,8.37,37253.0,31139800.0,8.42,8.48,8.412999999999982,8.42,8.69,38.77,-0.04,-0.05,0.01,新北洋,计算机、通信和其他电子设备制造业,主板,8.402499999999979,8.481250000000008,8.45583333333335,8.416874999999989,8.579148936170217
2376,2021-09-17,8.37,8.34,8.37,8.3,8.31,35281.1,29384300.0,8.39,8.47,8.412999999999982,8.42,8.67,41.16,-0.04,-0.05,0.01,新北洋,计算机、通信和其他电子设备制造业,主板,8.36249999999998,8.458750000000009,8.455000000000018,8.414999999999988,8.561914893617026
2376,2021-09-22,8.12,8.37,8.38,8.12,8.34,35817.9,29642100.0,8.36,8.46,8.407999999999983,8.41,8.66,43.53,-0.04,-0.04,0.0,新北洋,计算机、通信和其他电子设备制造业,主板,8.347499999999979,8.42875000000001,8.458333333333352,8.42187499999999,8.548085106382983
2376,2021-09-23,8.37,8.38,8.48,8.29,8.37,43547.0,36493900.0,8.35,8.44,8.408499999999982,8.41,8.65,44.34,-0.04,-0.04,0.0,新北洋,计算机、通信和其他电子设备制造业,主板,8.34999999999998,8.40125000000001,8.453333333333351,8.42749999999999,8.535531914893621
2376,2021-09-24,8.39,8.25,8.4,8.25,8.38,47062.0,39106800.0,8.33,8.41,8.400499999999983,8.4,8.63,36.96,-0.05,-0.05,0.0,新北洋,计算机、通信和其他电子设备制造业,主板,8.33499999999998,8.36875000000001,8.432500000000017,8.42562499999999,8.521063829787238
2376,2021-09-27,8.26,8.11,8.3,8.07,8.25,48858.6,39870300.0,8.29,8.36,8.387499999999983,8.39,8.62,30.98,-0.07,-0.05,-0.02,新北洋,计算机、通信和其他电子设备制造业,主板,8.277499999999979,8.32000000000001,8.398333333333351,8.41062499999999,8.501702127659579
2376,2021-09-28,8.1,8.05,8.11,7.99,8.11,36575.7,29454500.0,8.23,8.31,8.376999999999985,8.38,8.6,28.83,-0.08,-0.06,-0.02,新北洋,计算机、通信和其他电子设备制造业,主板,8.197499999999978,8.272500000000008,8.351666666666684,8.39312499999999,8.478936170212771
2376,2021-09-29,8.02,7.82,8.02,7.8,8.05,46418.9,36624300.0,8.12,8.24,8.353499999999984,8.35,8.58,22.41,-0.12,-0.07,-0.05,新北洋,计算机、通信和其他电子设备制造业,主板,8.057499999999978,8.203750000000007,8.286666666666685,8.35437499999999,8.45106382978724
2376,2021-09-30,7.83,7.91,7.95,7.82,7.82,23451.9,18478600.0,8.03,8.19,8.334999999999983,8.34,8.57,29.07,-0.14,-0.08,-0.06,新北洋,计算机、通信和其他电子设备制造业,主板,7.972499999999979,8.153750000000006,8.236666666666684,8.31749999999999,8.42829787234043
2376,2021-10-08,7.95,8.07,8.12,7.93,7.91,24895.3,20036700.0,7.99,8.16,8.320999999999984,8.33,8.55,39.08,-0.13,-0.09,-0.04,新北洋,计算机、通信和其他电子设备制造业,主板,7.962499999999979,8.120000000000005,8.200833333333351,8.289374999999989,8.410851063829792
2376,2021-10-11,8.05,8.07,8.13,8.05,8.07,18912.2,15294900.0,7.98,8.14,8.307999999999982,8.32,8.54,39.08,-0.14,-0.1,-0.04,新北洋,计算机、通信和其他电子设备制造业,主板,7.967499999999979,8.082500000000003,8.17083333333335,8.255624999999988,8.392127659574474
2376,2021-10-12,8.04,7.98,8.11,7.91,8.07,22836.6,18250800.0,7.97,8.1,8.284999999999982,8.31,8.52,35.78,-0.13,-0.11,-0.02,新北洋,计算机、通信和其他电子设备制造业,主板,8.007499999999979,8.032500000000004,8.138333333333351,8.216874999999987,8.374255319148942
2376,2021-10-13,7.96,8.02,8.03,7.94,7.98,11779.0,9415090.0,8.01,8.07,8.260999999999983,8.29,8.5,38.28,-0.14,-0.11,-0.03,新北洋,计算机、通信和其他电子设备制造业,主板,8.034999999999979,8.003750000000004,8.114166666666684,8.186249999999989,8.355957446808516
2376,2021-10-14,8.2,8.15,8.29,8.11,8.02,47026.6,38573400.0,8.06,8.04,8.242499999999982,8.29,8.48,45.65,-0.12,-0.12,0.0,新北洋,计算机、通信和其他电子设备制造业,主板,8.054999999999978,8.008750000000004,8.09833333333335,8.164374999999989,8.347234042553197
2376,2021-10-15,8.11,8.1,8.15,8.08,8.15,17890.9,14517100.0,8.06,8.03,8.216999999999981,8.28,8.46,43.5,-0.11,-0.11,0.0,新北洋,计算机、通信和其他电子设备制造业,主板,8.062499999999979,8.015000000000004,8.07583333333335,8.143749999999988,8.336170212765962
2376,2021-10-18,8.1,8.11,8.13,8.01,8.1,16832.3,13605600.0,8.07,8.03,8.192499999999983,8.27,8.45,44.07,-0.1,-0.11,0.01,新北洋,计算机、通信和其他电子设备制造业,主板,8.094999999999978,8.051250000000003,8.05333333333335,8.127499999999987,8.325957446808516
2376,2021-10-19,8.1,8.1,8.14,8.08,8.11,16217.0,13148400.0,8.1,8.03,8.171999999999983,8.26,8.43,43.6,-0.09,-0.11,0.02,新北洋,计算机、通信和其他电子设备制造业,主板,8.114999999999977,8.075000000000003,8.04083333333335,8.114374999999987,8.316595744680857
2376,2021-10-20,8.11,8.12,8.16,8.06,8.1,14421.0,11711700.0,8.12,8.06,8.152999999999983,8.26,8.42,44.87,-0.09,-0.1,0.01,新北洋,计算机、通信和其他电子设备制造业,主板,8.107499999999977,8.081250000000004,8.041666666666684,8.100624999999987,8.309574468085113
2376,2021-10-21,8.06,8.09,8.17,8.06,8.12,13407.0,10874400.0,8.1,8.08,8.135999999999983,8.25,8.4,43.29,-0.08,-0.1,0.02,新北洋,计算机、通信和其他电子设备制造业,主板,8.104999999999977,8.083750000000006,8.045000000000018,8.083124999999987,8.302978723404262
2376,2021-10-22,8.1,8.08,8.13,8.07,8.09,13920.6,11278600.0,8.1,8.08,8.121499999999983,8.24,8.39,42.75,-0.08,-0.1,0.02,新北洋,计算机、通信和其他电子设备制造业,主板,8.097499999999977,8.096250000000005,8.066666666666684,8.064374999999988,8.294893617021282
2376,2021-10-25,8.07,8.01,8.07,7.95,8.08,23075.0,18476400.0,8.08,8.08,8.106499999999983,8.23,8.37,39.08,-0.08,-0.09,0.01,新北洋,计算机、通信和其他电子设备制造业,主板,8.074999999999976,8.095000000000006,8.075000000000019,8.049374999999987,8.284255319148942
2376,2021-10-26,8.01,7.94,8.01,7.9,8.01,28863.3,22905300.0,8.05,8.07,8.086499999999983,8.21,8.35,35.77,-0.08,-0.09,0.01,新北洋,计算机、通信和其他电子设备制造业,主板,8.029999999999976,8.068750000000005,8.064166666666685,8.038749999999986,8.272553191489369
2376,2021-10-27,7.96,7.87,7.96,7.85,7.94,23082.0,18218300.0,8.0,8.06,8.061499999999983,8.19,8.33,32.78,-0.09,-0.09,0.0,新北洋,计算机、通信和其他电子设备制造业,主板,7.974999999999976,8.040000000000006,8.047500000000019,8.027499999999986,8.259361702127666
2376,2021-10-28,7.89,7.75,7.89,7.72,7.87,29096.1,22583600.0,7.93,8.02,8.029999999999983,8.17,8.31,28.4,-0.11,-0.09,-0.02,新北洋,计算机、通信和其他电子设备制造业,主板,7.892499999999977,7.995000000000006,8.028333333333352,8.023124999999986,8.243617021276602
2376,2021-10-29,7.74,7.77,7.85,7.73,7.75,28446.6,22197400.0,7.87,7.98,8.005999999999982,8.14,8.3,30.08,-0.12,-0.1,-0.02,新北洋,计算机、通信和其他电子设备制造业,主板,7.8324999999999765,7.953750000000006,8.007500000000018,8.014374999999987,8.228723404255325
2376,2021-11-01,7.8,7.91,7.93,7.72,7.77,32492.9,25513100.0,7.85,7.96,7.995999999999984,8.12,8.28,40.57,-0.12,-0.1,-0.02,新北洋,计算机、通信和其他电子设备制造业,主板,7.824999999999977,7.927500000000006,7.987500000000018,8.004374999999987,8.220000000000006
2376,2021-11-02,7.85,7.8,7.93,7.76,7.91,39727.0,31128600.0,7.82,7.93,7.983499999999983,8.09,8.27,36.0,-0.12,-0.11,-0.01,新北洋,计算机、通信和其他电子设备制造业,主板,7.807499999999977,7.8912500000000065,7.962500000000017,7.987499999999988,8.208297872340431
2376,2021-11-03,7.81,7.9,7.92,7.81,7.8,26766.6,21091900.0,7.83,7.91,7.987499999999985,8.07,8.25,42.36,-0.12,-0.11,-0.01,新北洋,计算机、通信和其他电子设备制造业,主板,7.8449999999999775,7.8687500000000075,7.945000000000018,7.982499999999988,8.198510638297877
2376,2021-11-04,7.92,8.1,8.11,7.9,7.9,38544.5,30914000.0,7.9,7.91,7.996999999999984,8.06,8.25,52.52,-0.09,-0.11,0.02,新北洋,计算机、通信和其他电子设备制造业,主板,7.927499999999978,7.880000000000007,7.945000000000018,7.987499999999989,8.193404255319155
2376,2021-11-05,8.1,8.12,8.17,8.06,8.1,30190.1,24517000.0,7.97,7.92,7.999499999999985,8.05,8.24,53.41,-0.07,-0.1,0.03,新北洋,计算机、通信和其他电子设备制造业,主板,7.979999999999978,7.902500000000007,7.945000000000018,7.985624999999988,8.185957446808516
2376,2021-11-08,8.12,8.07,8.18,8.05,8.12,31593.0,25572400.0,8.0,7.92,7.999499999999985,8.05,8.23,50.85,-0.06,-0.09,0.03,新北洋,计算机、通信和其他电子设备制造业,主板,8.047499999999978,7.927500000000006,7.943333333333352,7.983749999999988,8.17957446808511
2376,2021-11-09,8.08,8.14,8.14,8.07,8.07,24492.0,19869100.0,8.07,7.94,8.007499999999986,8.04,8.23,54.16,-0.04,-0.08,0.04,新北洋,计算机、通信和其他电子设备制造业,主板,8.107499999999979,7.976250000000007,7.948333333333352,7.985624999999989,8.173829787234046
2376,2021-11-10,8.1,8.34,8.38,8.1,8.14,73356.9,60643800.0,8.15,7.99,8.023499999999986,8.04,8.23,62.01,-0.02,-0.07,0.05,新北洋,计算机、通信和其他电子设备制造业,主板,8.167499999999977,8.047500000000008,7.975833333333352,8.000624999999989,8.173191489361706
2376,2021-11-11,8.33,8.65,8.73,8.31,8.34,130991.0,112599000.0,8.26,8.08,8.048499999999986,8.05,8.23,70.46,0.03,-0.05,0.08,新北洋,计算机、通信和其他电子设备制造业,主板,8.299999999999978,8.14000000000001,8.03500000000002,8.033749999999989,8.18148936170213
2376,2021-11-12,8.64,8.68,8.71,8.56,8.65,51336.4,44419300.0,8.38,8.17,8.077499999999986,8.06,8.23,71.13,0.07,-0.02,0.09,新北洋,计算机、通信和其他电子设备制造业,主板,8.452499999999977,8.250000000000009,8.102500000000019,8.070624999999989,8.189787234042557
2376,2021-11-15,8.68,8.77,8.83,8.67,8.68,64649.5,56630400.0,8.52,8.26,8.110499999999988,8.08,8.24,73.09,0.11,0.0,0.11,新北洋,计算机、通信和其他电子设备制造业,主板,8.609999999999978,8.358750000000008,8.187500000000018,8.113749999999989,8.200212765957449
2376,2021-11-16,8.75,8.7,8.82,8.65,8.77,47438.6,41422100.0,8.63,8.35,8.140499999999987,8.1,8.24,69.15,0.14,0.03,0.11,新北洋,计算机、通信和其他电子设备制造业,主板,8.699999999999978,8.433750000000009,8.265000000000018,8.156874999999989,8.207659574468087
2376,2021-11-17,8.73,8.73,8.77,8.66,8.7,38027.1,33110000.0,8.71,8.43,8.170999999999987,8.14,8.24,69.9,0.15,0.05,0.1,新北洋,计算机、通信和其他电子设备制造业,主板,8.71999999999998,8.510000000000009,8.333333333333352,8.206249999999988,8.216170212765961
2376,2021-11-18,8.67,8.6,8.78,8.6,8.73,40141.1,34805900.0,8.7,8.48,8.196499999999986,8.16,8.25,62.77,0.16,0.07,0.09,新北洋,计算机、通信和其他电子设备制造业,主板,8.69999999999998,8.576250000000009,8.400000000000018,8.251874999999988,8.21957446808511
2376,2021-11-19,8.57,8.8,8.85,8.56,8.6,64122.9,56174600.0,8.72,8.55,8.232499999999986,8.18,8.26,68.15,0.17,0.09,0.08,新北洋,计算机、通信和其他电子设备制造业,主板,8.707499999999982,8.658750000000008,8.475000000000017,8.317499999999988,8.225957446808515
2376,2021-11-22,8.78,8.95,9.01,8.71,8.8,70016.0,62122000.0,8.76,8.64,8.279499999999986,8.21,8.27,71.48,0.2,0.12,0.08,新北洋,计算机、通信和其他电子设备制造业,主板,8.769999999999982,8.735000000000008,8.545833333333352,8.391249999999987,8.235106382978728
2376,2021-11-23,8.95,9.05,9.1,8.91,8.95,55447.0,49928800.0,8.83,8.73,8.334999999999987,8.25,8.28,73.47,0.22,0.14,0.08,新北洋,计算机、通信和其他电子设备制造业,主板,8.84999999999998,8.785000000000007,8.62333333333335,8.462499999999988,8.244468085106387
2376,2021-11-24,9.05,9.04,9.08,9.0,9.05,33598.3,30383900.0,8.89,8.8,8.393499999999985,8.28,8.29,72.92,0.23,0.15,0.08,新北洋,计算机、通信和其他电子设备制造业,主板,8.95999999999998,8.830000000000005,8.704166666666685,8.539999999999987,8.253829787234046
2376,2021-11-25,9.01,9.05,9.14,8.97,9.04,34607.1,31348800.0,8.98,8.84,8.458499999999987,8.31,8.3,73.14,0.24,0.17,0.07,新北洋,计算机、通信和其他电子设备制造业,主板,9.02249999999998,8.865000000000006,8.780000000000017,8.611874999999987,8.265319148936175
2376,2021-11-26,9.06,8.98,9.06,8.9,9.05,53916.4,48461400.0,9.01,8.87,8.518999999999986,8.34,8.31,68.99,0.25,0.19,0.06,新北洋,计算机、通信和其他电子设备制造业,主板,9.02999999999998,8.900000000000006,8.833333333333352,8.666874999999987,8.275531914893621
2376,2021-11-29,8.89,8.89,8.98,8.81,8.98,49205.7,43737900.0,9.0,8.88,8.567999999999985,8.37,8.32,63.97,0.23,0.2,0.03,新北洋,计算机、通信和其他电子设备制造业,主板,8.98999999999998,8.920000000000005,8.853333333333351,8.714999999999986,8.285319148936175
2376,2021-11-30,8.95,9.01,9.07,8.89,8.89,57542.6,51849700.0,8.99,8.91,8.628499999999985,8.4,8.33,67.38,0.23,0.2,0.03,新北洋,计算机、通信和其他电子设备制造业,主板,8.98249999999998,8.971250000000007,8.880833333333351,8.773749999999986,8.29893617021277
2376,2021-12-01,8.95,9.05,9.05,8.95,9.01,34568.3,31123500.0,9.0,8.94,8.685999999999984,8.43,8.34,68.45,0.23,0.21,0.02,新北洋,计算机、通信和其他电子设备制造业,主板,8.98249999999998,9.002500000000007,8.904166666666685,8.830624999999987,8.314680851063834
2376,2021-12-02,9.0,8.84,9.05,8.81,9.05,48255.7,42906300.0,8.95,8.97,8.722999999999985,8.45,8.35,57.73,0.21,0.21,0.0,新北洋,计算机、通信和其他电子设备制造业,主板,8.94749999999998,8.988750000000007,8.915833333333351,8.861874999999987,8.325319148936174
2376,2021-12-03,8.86,8.8,8.91,8.76,8.84,36360.2,32083700.0,8.92,8.97,8.756999999999985,8.48,8.36,55.93,0.19,0.2,-0.01,新北洋,计算机、通信和其他电子设备制造业,主板,8.92499999999998,8.957500000000007,8.921666666666685,8.871249999999987,8.334468085106387
2376,2021-12-06,8.78,8.73,8.83,8.7,8.8,35407.4,31024800.0,8.89,8.94,8.789999999999985,8.5,8.37,52.83,0.17,0.2,-0.03,新北洋,计算机、通信和其他电子设备制造业,主板,8.85499999999998,8.918750000000006,8.932500000000019,8.874374999999986,8.341914893617027
2376,2021-12-07,8.82,8.63,8.82,8.54,8.73,42745.2,36920000.0,8.81,8.9,8.814499999999985,8.52,8.37,48.68,0.14,0.19,-0.05,新北洋,计算机、通信和其他电子设备制造业,主板,8.749999999999982,8.866250000000006,8.918333333333353,8.865624999999985,8.350000000000005
2376,2021-12-08,8.69,8.66,8.74,8.63,8.63,25596.8,22208400.0,8.73,8.86,8.830499999999983,8.55,8.37,49.95,0.11,0.17,-0.06,新北洋,计算机、通信和其他电子设备制造业,主板,8.70499999999998,8.826250000000005,8.894166666666685,8.863124999999986,8.36170212765958
2376,2021-12-09,8.67,8.66,8.81,8.63,8.66,40181.2,34981500.0,8.7,8.82,8.830999999999984,8.58,8.37,49.95,0.09,0.15,-0.06,新北洋,计算机、通信和其他电子设备制造业,主板,8.66999999999998,8.797500000000005,8.861666666666684,8.858749999999986,8.374680851063834
2376,2021-12-10,8.69,8.44,8.69,8.44,8.66,63905.0,54708000.0,8.62,8.77,8.818999999999983,8.6,8.37,41.27,0.06,0.14,-0.08,新北洋,计算机、通信和其他电子设备制造业,主板,8.597499999999979,8.726250000000004,8.811666666666683,8.848749999999987,8.387872340425536
2376,2021-12-13,8.58,8.65,8.73,8.52,8.44,45071.4,38787100.0,8.61,8.75,8.812999999999983,8.63,8.37,50.17,0.05,0.12,-0.07,新北洋,计算机、通信和其他电子设备制造业,主板,8.602499999999978,8.676250000000005,8.778333333333352,8.839374999999986,8.4036170212766
2376,2021-12-14,8.65,8.58,8.68,8.56,8.65,29768.2,25640800.0,8.6,8.7,8.806999999999984,8.65,8.37,47.58,0.04,0.1,-0.06,新北洋,计算机、通信和其他电子设备制造业,主板,8.582499999999978,8.643750000000004,8.745000000000017,8.816249999999988,8.414468085106387
2376,2021-12-15,8.58,8.71,8.77,8.56,8.58,47114.8,40967700.0,8.61,8.67,8.805999999999985,8.68,8.38,52.49,0.04,0.09,-0.05,新北洋,计算机、通信和其他电子设备制造业,主板,8.594999999999978,8.632500000000006,8.730000000000016,8.794999999999987,8.428085106382982
2376,2021-12-16,8.71,8.75,8.77,8.68,8.71,25562.4,22329800.0,8.63,8.66,8.813499999999985,8.7,8.38,53.92,0.04,0.08,-0.04,新北洋,计算机、通信和其他电子设备制造业,主板,8.672499999999978,8.635000000000005,8.70833333333335,8.776874999999988,8.444468085106386
2376,2021-12-17,8.72,8.68,8.77,8.6,8.75,29718.2,25784900.0,8.67,8.65,8.807499999999985,8.72,8.39,51.03,0.04,0.07,-0.03,新北洋,计算机、通信和其他电子设备制造业,主板,8.679999999999978,8.641250000000007,8.677500000000018,8.753749999999988,8.458510638297875
2376,2021-12-20,8.64,8.53,8.69,8.52,8.68,28322.2,24369100.0,8.65,8.63,8.786499999999986,8.74,8.39,45.4,0.02,0.06,-0.04,新北洋,计算机、通信和其他电子设备制造业,主板,8.667499999999979,8.625000000000007,8.651666666666683,8.725624999999988,8.466595744680856
2376,2021-12-21,8.57,8.68,8.73,8.54,8.53,22962.0,19856200.0,8.67,8.63,8.767999999999985,8.75,8.4,51.19,0.02,0.05,-0.03,新北洋,计算机、通信和其他电子设备制造业,主板,8.659999999999979,8.627500000000008,8.641666666666683,8.712499999999988,8.47893617021277
2376,2021-12-22,8.68,8.71,8.75,8.62,8.68,30123.5,26261100.0,8.67,8.64,8.751499999999986,8.77,8.4,52.28,0.02,0.05,-0.03,新北洋,计算机、通信和其他电子设备制造业,主板,8.649999999999979,8.66125000000001,8.640000000000017,8.693749999999989,8.491702127659577
2376,2021-12-23,8.7,8.64,8.74,8.62,8.71,25415.7,22011400.0,8.65,8.64,8.730999999999986,8.77,8.41,49.51,0.01,0.04,-0.03,新北洋,计算机、通信和其他电子设备制造业,主板,8.63999999999998,8.660000000000009,8.64083333333335,8.66812499999999,8.503191489361704
2376,2021-12-24,8.64,8.57,8.69,8.55,8.64,32335.0,27742600.0,8.63,8.65,8.710499999999985,8.76,8.41,46.83,0.01,0.03,-0.02,新北洋,计算机、通信和其他电子设备制造业,主板,8.649999999999979,8.65875000000001,8.633333333333349,8.651249999999989,8.51276595744681
2376,2021-12-27,8.57,9.26,9.28,8.52,8.57,148654.0,134378000.0,8.77,8.71,8.728999999999985,8.78,8.43,66.23,0.06,0.04,0.02,新北洋,计算机、通信和其他电子设备制造业,主板,8.794999999999979,8.72750000000001,8.68333333333335,8.679999999999987,8.537659574468087
2376,2021-12-28,9.26,9.46,10.05,9.2,9.26,346800.0,335851000.0,8.93,8.8,8.751499999999986,8.8,8.45,69.68,0.11,0.05,0.06,新北洋,计算机、通信和其他电子设备制造业,主板,8.982499999999979,8.81625000000001,8.76833333333335,8.725624999999988,8.567021276595746
2376,2021-12-29,9.57,9.3,9.59,9.23,9.46,125511.0,117676000.0,9.05,8.86,8.763999999999985,8.82,8.48,64.04,0.14,0.07,0.07,新北洋,计算机、通信和其他电子设备制造业,主板,9.14749999999998,8.893750000000011,8.822500000000016,8.76749999999999,8.594468085106385
2376,2021-12-30,9.3,9.5,9.59,9.18,9.3,126701.0,118990000.0,9.22,8.93,8.796999999999986,8.85,8.51,67.58,0.17,0.09,0.08,新北洋,计算机、通信和其他电子设备制造业,主板,9.37999999999998,9.015000000000011,8.899166666666682,8.81999999999999,8.627659574468087
2376,2021-12-31,9.58,9.43,9.58,9.35,9.5,67588.2,63840600.0,9.39,9.01,8.828499999999986,8.87,8.53,65.16,0.19,0.11,0.08,新北洋,计算机、通信和其他电子设备制造业,主板,9.42249999999998,9.108750000000011,8.959166666666682,8.86812499999999,8.66085106382979
2376,2022-01-04,9.43,9.45,9.48,9.35,9.43,48139.7,45358200.0,9.43,9.1,8.864499999999985,8.89,8.55,65.54,0.21,0.13,0.08,新北洋,计算机、通信和其他电子设备制造业,主板,9.419999999999979,9.201250000000012,9.017500000000016,8.93124999999999,8.697021276595747
2376,2022-01-05,9.43,9.34,9.56,9.31,9.45,51461.0,48465100.0,9.4,9.17,8.899999999999986,8.9,8.57,61.58,0.21,0.15,0.06,新北洋,计算机、通信和其他电子设备制造业,主板,9.429999999999978,9.288750000000013,9.072500000000018,8.97437499999999,8.730425531914896
2376,2022-01-06,9.32,9.36,9.39,9.28,9.34,33866.0,31629600.0,9.42,9.23,8.934999999999986,8.91,8.6,62.03,0.21,0.16,0.05,新北洋,计算机、通信和其他电子设备制造业,主板,9.394999999999978,9.387500000000014,9.141666666666683,9.023124999999988,8.761276595744683
2376,2022-01-07,9.4,9.22,9.51,9.2,9.36,50381.0,47046700.0,9.36,9.29,8.962999999999987,8.92,8.61,57.0,0.19,0.17,0.02,新北洋,计算机、通信和其他电子设备制造业,主板,9.342499999999978,9.382500000000013,9.186666666666683,9.054999999999987,8.79148936170213
2376,2022-01-10,9.26,9.22,9.28,9.11,9.22,35273.6,32501900.0,9.32,9.35,9.001999999999986,8.93,8.63,57.0,0.18,0.17,0.01,新北洋,计算机、通信和其他电子设备制造业,主板,9.284999999999979,9.352500000000013,9.229166666666684,9.084374999999987,8.81957446808511
2376,2022-01-11,9.22,9.17,9.31,9.16,9.22,35118.9,32385100.0,9.26,9.35,9.027999999999986,8.93,8.65,55.14,0.17,0.17,0.0,新北洋,计算机、通信和其他电子设备制造业,主板,9.242499999999978,9.336250000000014,9.27333333333335,9.114999999999986,8.842340425531917
2376,2022-01-12,9.21,9.27,9.29,9.17,9.17,29332.0,27155000.0,9.25,9.33,9.062499999999986,8.94,8.67,58.08,0.16,0.17,-0.01,新北洋,计算机、通信和其他电子设备制造业,主板,9.219999999999978,9.307500000000013,9.331666666666683,9.161249999999987,8.8668085106383
2376,2022-01-13,9.3,9.19,9.3,9.19,9.27,25206.0,23250700.0,9.21,9.32,9.086499999999985,8.95,8.69,54.98,0.15,0.16,-0.01,新北洋,计算机、通信和其他电子设备制造业,主板,9.212499999999977,9.277500000000014,9.325833333333348,9.193124999999986,8.890638297872343
2376,2022-01-14,9.25,9.19,9.25,9.12,9.19,30927.0,28451100.0,9.21,9.28,9.108499999999985,8.96,8.71,54.98,0.13,0.16,-0.03,新北洋,计算机、通信和其他电子设备制造业,主板,9.204999999999977,9.245000000000013,9.303333333333349,9.223124999999985,8.912978723404258
2376,2022-01-17,9.22,9.48,9.51,9.17,9.19,79785.1,75116000.0,9.26,9.29,9.148499999999984,8.98,8.73,63.23,0.15,0.16,-0.01,新北洋,计算机、通信和其他电子设备制造业,主板,9.282499999999978,9.262500000000014,9.31833333333335,9.275624999999984,8.937234042553195
2376,2022-01-18,9.48,9.31,9.52,9.29,9.48,49701.6,46588600.0,9.29,9.28,9.187499999999984,9.0,8.75,56.67,0.14,0.15,-0.01,新北洋,计算机、通信和其他电子设备制造业,主板,9.292499999999979,9.256250000000014,9.302500000000016,9.321874999999984,8.951276595744686
2376,2022-01-19,9.31,9.36,9.41,9.22,9.31,33674.3,31415200.0,9.31,9.28,9.221499999999983,9.03,8.77,58.05,0.14,0.15,-0.01,新北洋,计算机、通信和其他电子设备制造业,主板,9.33499999999998,9.273750000000014,9.296666666666683,9.328124999999986,8.965744680851069
2376,2022-01-20,9.28,9.03,9.38,9.0,9.36,61587.5,56360600.0,9.27,9.24,9.237499999999983,9.04,8.79,47.35,0.1,0.14,-0.04,新北洋,计算机、通信和其他电子设备制造业,主板,9.29499999999998,9.250000000000014,9.261666666666683,9.301249999999985,8.971276595744685
2376,2022-01-21,9.04,9.08,9.26,9.01,9.03,42941.4,39127200.0,9.25,9.23,9.259499999999983,9.05,8.82,48.89,0.09,0.13,-0.04,新北洋,计算机、通信和其他电子设备制造业,主板,9.194999999999979,9.238750000000014,9.240000000000016,9.287499999999985,8.979361702127663
2376,2022-01-24,9.1,9.16,9.52,9.05,9.08,93749.7,87550800.0,9.19,9.22,9.288999999999984,9.08,8.84,51.34,0.07,0.12,-0.05,新北洋,计算机、通信和其他电子设备制造业,主板,9.157499999999978,9.225000000000014,9.223333333333349,9.266249999999985,8.988510638297877
2376,2022-01-25,9.03,8.77,9.2,8.66,9.16,90519.1,80729600.0,9.08,9.18,9.264499999999984,9.08,8.85,41.02,0.04,0.1,-0.06,新北洋,计算机、通信和其他电子设备制造业,主板,9.009999999999977,9.172500000000014,9.185833333333349,9.224999999999985,8.992127659574471
2376,2022-01-26,8.76,8.72,8.85,8.57,8.77,56546.1,49255200.0,8.95,9.13,9.227499999999983,9.08,8.87,39.91,0.0,0.08,-0.08,新北洋,计算机、通信和其他电子设备制造业,主板,8.932499999999976,9.113750000000014,9.144166666666683,9.179374999999986,8.990425531914898
2376,2022-01-27,8.73,8.21,8.73,8.2,8.72,73298.0,61325500.0,8.79,9.03,9.172999999999984,9.07,8.87,30.78,-0.07,0.05,-0.12,新北洋,计算机、通信和其他电子设备制造业,主板,8.714999999999977,8.955000000000014,9.064166666666683,9.108749999999986,8.974680851063834
2376,2022-01-28,8.3,8.54,8.65,8.21,8.21,51026.7,43231900.0,8.68,8.97,9.124999999999982,9.06,8.88,40.3,-0.09,0.02,-0.11,新北洋,计算机、通信和其他电子设备制造业,主板,8.559999999999977,8.858750000000015,9.00333333333335,9.057499999999987,8.963829787234046
2376,2022-02-07,8.71,8.42,8.71,8.4,8.54,40105.2,34055700.0,8.53,8.86,9.074499999999983,9.05,8.89,38.24,-0.12,-0.01,-0.11,新北洋,计算机、通信和其他电子设备制造业,主板,8.472499999999979,8.741250000000015,8.939166666666685,9.007499999999986,8.950638297872343
2376,2022-02-08,8.45,8.74,8.75,8.32,8.42,45460.5,38889000.0,8.53,8.8,9.038999999999984,9.06,8.9,46.14,-0.12,-0.03,-0.09,新北洋,计算机、通信和其他电子设备制造业,主板,8.47749999999998,8.705000000000014,8.901666666666683,8.977499999999987,8.944042553191492
2376,2022-02-09,8.68,9.12,9.18,8.67,8.74,80922.0,72446500.0,8.61,8.78,9.027999999999983,9.07,8.91,53.71,-0.08,-0.04,-0.04,新北洋,计算机、通信和其他电子设备制造业,主板,8.704999999999979,8.710000000000015,8.871666666666684,8.974374999999988,8.947021276595748
2376,2022-02-10,9.03,8.99,9.11,8.95,9.12,46516.0,41873700.0,8.76,8.78,9.009499999999983,9.08,8.93,51.07,-0.07,-0.04,-0.03,新北洋,计算机、通信和其他电子设备制造业,主板,8.81749999999998,8.688750000000015,8.845000000000017,8.956874999999988,8.949148936170216
2376,2022-02-11,9.04,8.69,9.04,8.62,8.99,57548.4,50462100.0,8.79,8.74,8.982999999999983,9.09,8.93,45.5,-0.08,-0.05,-0.03,新北洋,计算机、通信和其他电子设备制造业,主板,8.884999999999978,8.678750000000015,8.789166666666683,8.925624999999988,8.942340425531919
2376,2022-02-14,8.63,8.54,8.72,8.46,8.69,48069.2,41113400.0,8.82,8.67,8.948999999999982,9.08,8.92,42.98,-0.09,-0.06,-0.03,新北洋,计算机、通信和其他电子设备制造业,主板,8.834999999999978,8.656250000000014,8.748333333333349,8.884999999999987,8.931489361702132
2376,2022-02-15,8.55,8.42,8.65,8.37,8.54,44600.4,37788400.0,8.75,8.64,8.911499999999982,9.06,8.92,41.02,-0.12,-0.07,-0.05,新北洋,计算机、通信和其他电子设备制造业,主板,8.659999999999979,8.682500000000015,8.69333333333335,8.818749999999987,8.922553191489367
2376,2022-02-16,8.54,8.54,8.55,8.45,8.42,35458.0,30163500.0,8.64,8.62,8.874999999999982,9.03,8.91,43.78,-0.12,-0.08,-0.04,新北洋,计算机、通信和其他电子设备制造业,主板,8.547499999999978,8.682500000000015,8.641666666666682,8.770624999999987,8.91702127659575
2376,2022-02-17,8.55,8.39,8.55,8.39,8.54,42685.0,36018400.0,8.52,8.64,8.834999999999983,9.0,8.91,41.18,-0.14,-0.09,-0.05,新北洋,计算机、通信和其他电子设备制造业,主板,8.472499999999979,8.678750000000015,8.610000000000015,8.709999999999987,8.909787234042557
2376,2022-02-18,8.39,8.4,8.46,8.36,8.39,65513.6,55059000.0,8.46,8.62,8.795499999999983,8.96,8.91,41.43,-0.15,-0.1,-0.05,新北洋,计算机、通信和其他电子设备制造业,主板,8.437499999999979,8.636250000000016,8.58333333333335,8.670624999999987,8.904893617021282
2376,2022-02-21,8.42,9.24,9.24,8.42,8.4,274086.0,249084000.0,8.6,8.71,8.783499999999984,8.95,8.91,57.66,-0.09,-0.1,0.01,新北洋,计算机、通信和其他电子设备制造业,主板,8.642499999999979,8.651250000000015,8.669166666666683,8.680624999999987,8.917234042553195
2376,2022-02-22,9.3,9.19,9.39,8.96,9.24,273835.0,250710000.0,8.75,8.75,8.777499999999984,8.94,8.92,56.66,-0.04,-0.09,0.05,新北洋,计算机、通信和其他电子设备制造业,主板,8.804999999999978,8.676250000000016,8.72333333333335,8.682499999999987,8.928510638297876
2376,2022-02-23,9.17,9.23,9.27,9.06,9.19,120760.0,110836000.0,8.89,8.76,8.770999999999983,8.94,8.92,57.3,0.0,-0.07,0.07,新北洋,计算机、通信和其他电子设备制造业,主板,9.01499999999998,8.743750000000016,8.790833333333351,8.711249999999986,8.945319148936173
2376,2022-02-24,9.15,9.04,9.35,8.91,9.23,125668.0,114816000.0,9.02,8.77,8.771499999999984,8.93,8.92,53.26,0.0,-0.06,0.06,新北洋,计算机、通信和其他电子设备制造业,主板,9.17499999999998,8.806250000000016,8.81583333333335,8.731249999999985,8.953617021276601
2376,2022-02-25,9.09,8.93,9.13,8.91,9.04,70576.1,63454400.0,9.13,8.79,8.763999999999983,8.92,8.92,51.02,0.01,-0.04,0.05,新北洋,计算机、通信和其他电子设备制造业,主板,9.097499999999979,8.870000000000017,8.800000000000017,8.776249999999985,8.96106382978724
2376,2022-02-28,8.98,9.09,9.11,8.83,8.93,79030.0,71016000.0,9.1,8.85,8.760499999999983,8.91,8.92,54.05,0.02,-0.03,0.05,新北洋,计算机、通信和其他电子设备制造业,主板,9.07249999999998,8.938750000000017,8.80833333333335,8.810624999999986,8.969148936170217
2376,2022-03-01,9.03,9.01,9.14,8.93,9.09,60227.5,54332000.0,9.06,8.91,8.772499999999983,8.91,8.92,52.31,0.04,-0.02,0.06,新北洋,计算机、通信和其他电子设备制造业,主板,9.01749999999998,9.016250000000017,8.835000000000017,8.847499999999986,8.974680851063834
2376,2022-03-02,8.98,9.18,9.29,8.96,9.01,150292.0,138068000.0,9.05,8.97,8.795499999999983,8.91,8.92,55.58,0.05,0.0,0.05,新北洋,计算机、通信和其他电子设备制造业,主板,9.05249999999998,9.113750000000017,8.888333333333351,8.874999999999986,8.985319148936176
2376,2022-03-03,9.23,8.98,9.24,8.97,9.18,82383.0,74632300.0,9.04,9.03,8.833999999999982,8.9,8.92,51.13,0.04,0.01,0.03,新北洋,计算机、通信和其他电子设备制造业,主板,9.064999999999982,9.081250000000018,8.935000000000018,8.866249999999985,8.994893617021283
2376,2022-03-04,9.0,8.94,9.07,8.91,8.98,55941.1,50276100.0,9.04,9.08,8.853999999999981,8.89,8.93,50.27,0.04,0.01,0.03,新北洋,计算机、通信和其他电子设备制造业,主板,9.027499999999982,9.050000000000018,8.968333333333353,8.863124999999984,9.0004255319149
2376,2022-03-07,8.88,8.68,8.88,8.6,8.94,64814.3,56702000.0,8.96,9.03,8.866999999999983,8.86,8.92,44.94,0.01,0.01,0.0,新北洋,计算机、通信和其他电子设备制造业,主板,8.944999999999983,8.981250000000019,8.99250000000002,8.862499999999985,8.999787234042559
2376,2022-03-08,8.68,8.48,8.76,8.42,8.68,56747.9,48810900.0,8.85,8.96,8.853999999999981,8.84,8.92,41.31,-0.02,0.01,-0.03,新北洋,计算机、通信和其他电子设备制造业,主板,8.769999999999984,8.91125000000002,8.999166666666687,8.858749999999985,8.99638297872341
2376,2022-03-09,8.59,8.23,8.64,7.85,8.48,82922.7,68498300.0,8.66,8.86,8.809499999999982,8.8,8.91,37.26,-0.07,-0.01,-0.06,新北洋,计算机、通信和其他电子设备制造业,主板,8.582499999999982,8.823750000000022,8.91500000000002,8.846874999999985,8.98914893617022
2376,2022-03-10,8.43,8.29,8.49,8.28,8.23,39426.1,32999300.0,8.52,8.78,8.77449999999998,8.77,8.91,38.81,-0.1,-0.03,-0.07,新北洋,计算机、通信和其他电子设备制造业,主板,8.419999999999982,8.72375000000002,8.84000000000002,8.831249999999985,8.96851063829788
2376,2022-03-11,8.13,8.47,8.54,8.09,8.29,48260.7,40013700.0,8.43,8.74,8.763499999999981,8.75,8.9,43.33,-0.12,-0.05,-0.07,新北洋,计算机、通信和其他电子设备制造业,主板,8.367499999999982,8.65625000000002,8.776666666666687,8.836249999999986,8.947446808510648
2376,2022-03-14,8.4,8.21,8.44,8.15,8.47,51257.3,42620500.0,8.34,8.65,8.746999999999982,8.72,8.9,38.86,-0.14,-0.06,-0.08,新北洋,计算机、通信和其他电子设备制造业,主板,8.299999999999983,8.535000000000018,8.70750000000002,8.824374999999986,8.924255319148944
2376,2022-03-15,8.26,7.83,8.47,7.8,8.21,83592.2,68034700.0,8.21,8.53,8.717499999999983,8.69,8.89,33.43,-0.19,-0.09,-0.1,新北洋,计算机、通信和其他电子设备制造业,主板,8.199999999999982,8.391250000000017,8.615833333333354,8.736249999999986,8.888723404255327
2376,2022-03-16,8.1,8.18,8.2,7.72,7.83,59178.9,47082800.0,8.2,8.43,8.699499999999983,8.67,8.88,41.53,-0.2,-0.11,-0.09,新北洋,计算机、通信和其他电子设备制造业,主板,8.172499999999982,8.296250000000018,8.54000000000002,8.673124999999986,8.862127659574476
2376,2022-03-17,8.3,8.12,8.3,8.1,8.18,48349.5,39622800.0,8.16,8.34,8.685999999999984,8.67,8.87,40.62,-0.21,-0.13,-0.08,新北洋,计算机、通信和其他电子设备制造业,主板,8.084999999999981,8.226250000000018,8.465833333333354,8.603749999999987,8.83382978723405
2376,2022-03-18,8.12,8.2,8.23,8.06,8.12,38253.8,31189500.0,8.11,8.27,8.675999999999984,8.66,8.86,42.44,-0.21,-0.15,-0.06,新北洋,计算机、通信和其他电子设备制造业,主板,8.08249999999998,8.191250000000018,8.384166666666687,8.551249999999987,8.809574468085115
2376,2022-03-21,8.2,8.25,8.41,8.16,8.2,52300.8,43235100.0,8.12,8.23,8.626499999999982,8.65,8.85,43.6,-0.2,-0.16,-0.04,新北洋,计算机、通信和其他电子设备制造业,主板,8.18749999999998,8.193750000000017,8.323333333333354,8.508749999999987,8.785957446808519
2376,2022-03-22,8.27,8.27,8.29,8.2,8.25,32764.0,27001600.0,8.2,8.2,8.580499999999983,8.64,8.85,44.09,-0.19,-0.16,-0.03,新北洋,计算机、通信和其他电子设备制造业,主板,8.209999999999981,8.191250000000018,8.26750000000002,8.457499999999987,8.765744680851071
2376,2022-03-23,8.24,8.28,8.32,8.22,8.27,28511.4,23586600.0,8.22,8.21,8.532999999999983,8.61,8.84,44.34,-0.18,-0.17,-0.01,新北洋,计算机、通信和其他电子设备制造业,主板,8.249999999999982,8.167500000000018,8.234166666666686,8.411874999999988,8.74574468085107
2376,2022-03-24,8.21,8.08,8.28,8.05,8.28,34984.0,28561500.0,8.22,8.19,8.484999999999985,8.58,8.83,40.33,-0.19,-0.17,-0.02,新北洋,计算机、通信和其他电子设备制造业,主板,8.219999999999981,8.151250000000019,8.200833333333351,8.343124999999988,8.722553191489368
2376,2022-03-25,8.12,8.16,8.27,8.09,8.08,31308.2,25556700.0,8.21,8.16,8.446499999999984,8.56,8.82,42.57,-0.18,-0.17,-0.01,新北洋,计算机、通信和其他电子设备制造业,主板,8.19749999999998,8.192500000000019,8.195000000000018,8.291874999999989,8.698936170212772
2376,2022-03-28,8.08,8.13,8.21,8.0,8.16,29698.3,24089800.0,8.18,8.15,8.398499999999984,8.55,8.82,41.94,-0.18,-0.17,-0.01,新北洋,计算机、通信和其他电子设备制造业,主板,8.16249999999998,8.186250000000019,8.181666666666684,8.241249999999988,8.67638297872341
2376,2022-03-29,8.13,8.0,8.17,8.0,8.13,29164.7,23517000.0,8.13,8.17,8.347999999999985,8.53,8.79,39.21,-0.18,-0.18,0.0,新北洋,计算机、通信和其他电子设备制造业,主板,8.09249999999998,8.171250000000018,8.142500000000018,8.198749999999988,8.65106382978724
2376,2022-03-30,8.04,8.18,8.18,8.02,8.0,29994.0,24288000.0,8.11,8.17,8.297999999999984,8.52,8.77,44.58,-0.17,-0.17,0.0,新北洋,计算机、通信和其他电子设备制造业,主板,8.11749999999998,8.168750000000019,8.140000000000017,8.179999999999989,8.623404255319155
2376,2022-03-31,7.98,8.38,8.4,7.9,8.18,90275.1,74351600.0,8.17,8.19,8.267999999999985,8.52,8.76,49.89,-0.14,-0.17,0.03,新北洋,计算机、通信和其他电子设备制造业,主板,8.172499999999982,8.185000000000018,8.18583333333335,8.18937499999999,8.603617021276602
2376,2022-04-01,8.36,8.09,8.36,8.08,8.38,69993.3,57065000.0,8.16,8.18,8.225499999999986,8.51,8.73,43.4,-0.14,-0.16,0.02,新北洋,计算机、通信和其他电子设备制造业,主板,8.162499999999982,8.16250000000002,8.17833333333335,8.17687499999999,8.576595744680857
2376,2022-04-06,8.08,8.13,8.19,8.07,8.09,48760.0,39659600.0,8.16,8.17,8.197999999999984,8.47,8.71,44.47,-0.14,-0.16,0.02,新北洋,计算机、通信和其他电子设备制造业,主板,8.194999999999983,8.143750000000018,8.179166666666683,8.15562499999999,8.557446808510644
2376,2022-04-07,8.11,7.96,8.16,7.95,8.13,43507.0,34992500.0,8.15,8.14,8.171999999999986,8.43,8.69,40.92,-0.15,-0.16,0.01,新北洋,计算机、通信和其他电子设备制造业,主板,8.139999999999983,8.128750000000018,8.159166666666684,8.13999999999999,8.533617021276601
2376,2022-04-08,7.97,7.84,7.99,7.81,7.96,36638.9,28869100.0,8.08,8.1,8.152499999999986,8.39,8.66,38.58,-0.16,-0.16,0.0,新北洋,计算机、通信和其他电子设备制造业,主板,8.004999999999983,8.088750000000019,8.125000000000016,8.14062499999999,8.505531914893622
2376,2022-04-11,7.85,7.66,8.04,7.65,7.84,58348.5,45642800.0,7.94,8.05,8.120999999999986,8.34,8.64,35.32,-0.19,-0.16,-0.03,新北洋,计算机、通信和其他电子设备制造业,主板,7.897499999999984,8.030000000000019,8.074166666666683,8.108124999999989,8.481914893617027
2376,2022-04-12,7.69,7.71,7.72,7.48,7.66,41536.0,31569300.0,7.86,8.01,8.082999999999988,8.3,8.61,36.92,-0.2,-0.17,-0.03,新北洋,计算机、通信和其他电子设备制造业,主板,7.792499999999983,7.993750000000018,8.026666666666683,8.082499999999989,8.460425531914899
2376,2022-04-13,7.67,7.78,7.91,7.63,7.71,56279.9,44012100.0,7.79,7.97,8.061499999999986,8.26,8.59,39.18,-0.2,-0.18,-0.02,新北洋,计算机、通信和其他电子设备制造业,主板,7.747499999999983,7.943750000000018,8.001666666666683,8.05624999999999,8.451276595744686
2376,2022-04-14,7.75,7.69,7.83,7.68,7.78,57233.9,44289800.0,7.74,7.94,8.054499999999987,8.21,8.56,37.32,-0.21,-0.18,-0.03,新北洋,计算机、通信和其他电子设备制造业,主板,7.709999999999982,7.857500000000019,7.962500000000016,8.02124999999999,8.433191489361706
2376,2022-04-15,7.65,7.48,7.7,7.48,7.69,39219.9,29629200.0,7.66,7.87,8.019499999999985,8.16,8.53,33.36,-0.23,-0.19,-0.04,新北洋,计算机、通信和其他电子设备制造业,主板,7.664999999999982,7.781250000000018,7.90833333333335,7.971874999999989,8.413191489361706
2376,2022-04-18,7.48,7.41,7.56,7.33,7.48,37978.7,28329500.0,7.61,7.78,7.983999999999985,8.1,8.5,32.13,-0.25,-0.2,-0.05,新北洋,计算机、通信和其他电子设备制造业,主板,7.589999999999982,7.691250000000017,7.859166666666684,7.91749999999999,8.38489361702128
2376,2022-04-19,7.42,7.38,7.47,7.31,7.41,26178.7,19351500.0,7.55,7.7,7.942999999999985,8.05,8.47,31.6,-0.26,-0.22,-0.04,新北洋,计算机、通信和其他电子设备制造业,主板,7.4899999999999824,7.618750000000017,7.7925000000000155,7.87374999999999,8.347872340425535
2376,2022-04-20,7.48,7.28,7.5,7.27,7.38,42793.0,31564500.0,7.45,7.62,7.894499999999985,8.01,8.43,29.81,-0.28,-0.23,-0.05,新北洋,计算机、通信和其他电子设备制造业,主板,7.387499999999982,7.548750000000016,7.70083333333335,7.818749999999989,8.311489361702131
2376,2022-04-21,7.26,7.03,7.37,7.02,7.28,59974.1,43255500.0,7.32,7.53,7.8324999999999845,7.96,8.4,25.88,-0.3,-0.24,-0.06,新北洋,计算机、通信和其他电子设备制造业,主板,7.274999999999982,7.470000000000017,7.612500000000016,7.749999999999989,8.27617021276596
2376,2022-04-22,7.06,6.85,7.07,6.85,7.03,41241.2,28633400.0,7.19,7.43,7.760999999999984,7.91,8.36,23.47,-0.34,-0.26,-0.08,新北洋,计算机、通信和其他电子设备制造业,主板,7.134999999999981,7.362500000000016,7.505833333333349,7.678124999999989,8.24021276595745
2376,2022-04-25,6.78,6.23,6.79,6.22,6.85,81680.9,52888000.0,6.95,7.28,7.668499999999983,7.84,8.31,17.46,-0.41,-0.29,-0.12,新北洋,计算机、通信和其他电子设备制造业,主板,6.8474999999999815,7.168750000000015,7.361666666666683,7.556249999999988,8.193617021276598
2376,2022-04-26,6.23,6.03,6.27,6.03,6.23,49142.0,30221800.0,6.68,7.12,7.561999999999983,7.76,8.26,16.03,-0.48,-0.33,-0.15,新北洋,计算机、通信和其他电子设备制造业,主板,6.534999999999981,6.961250000000016,7.21083333333335,7.409374999999988,8.140212765957449
2376,2022-04-27,6.0,6.32,6.48,5.9,6.03,83336.6,51124400.0,6.49,6.97,7.471499999999983,7.7,8.21,25.54,-0.5,-0.36,-0.14,新北洋,计算机、通信和其他电子设备制造业,主板,6.35749999999998,6.816250000000016,7.099166666666683,7.298749999999988,8.09617021276596
2376,2022-04-28,6.23,6.25,6.4,6.19,6.32,58445.5,36570500.0,6.34,6.83,7.3839999999999835,7.64,8.17,24.81,-0.52,-0.39,-0.13,新北洋,计算机、通信和其他电子设备制造业,主板,6.20749999999998,6.6712500000000166,6.977500000000017,7.181249999999988,8.050425531914897
2376,2022-04-29,6.25,6.4,6.43,6.25,6.25,40643.0,25823700.0,6.25,6.72,7.294999999999983,7.59,8.13,29.46,-0.52,-0.42,-0.1,新北洋,计算机、通信和其他电子设备制造业,主板,6.24999999999998,6.548750000000016,6.862500000000018,7.083749999999989,7.990000000000002
2376,2022-05-05,6.41,6.85,7.04,6.33,6.4,104351.0,69615800.0,6.37,6.66,7.218499999999983,7.54,8.11,41.21,-0.47,-0.43,-0.04,新北洋,计算机、通信和其他电子设备制造业,主板,6.454999999999979,6.495000000000016,6.792500000000017,7.021874999999988,7.940212765957449
2376,2022-05-06,6.69,6.57,6.95,6.56,6.85,47279.7,31612200.0,6.48,6.58,7.142499999999982,7.49,8.07,37.07,-0.45,-0.43,-0.02,新北洋,计算机、通信和其他电子设备制造业,主板,6.517499999999979,6.437500000000016,6.716666666666684,6.953749999999989,7.8836170212765975
2376,2022-05-09,6.57,6.51,6.62,6.43,6.57,44283.2,28857400.0,6.52,6.5,7.061499999999983,7.43,8.04,36.23,-0.44,-0.44,0.0,新北洋,计算机、通信和其他电子设备制造业,主板,6.582499999999978,6.395000000000016,6.641666666666684,6.8787499999999895,7.829787234042555
2376,2022-05-10,6.46,6.51,6.54,6.41,6.51,38766.0,25155500.0,6.57,6.45,6.988999999999981,7.37,8.0,36.23,-0.42,-0.43,0.01,新北洋,计算机、通信和其他电子设备制造业,主板,6.609999999999978,6.430000000000016,6.5691666666666855,6.79937499999999,7.778297872340427
2376,2022-05-11,6.58,6.47,6.63,6.46,6.51,40918.6,26819800.0,6.58,6.41,6.920499999999981,7.31,7.96,35.61,-0.41,-0.43,0.02,新北洋,计算机、通信和其他电子设备制造业,主板,6.5149999999999775,6.485000000000015,6.501666666666686,6.72312499999999,7.7225531914893635
2376,2022-05-12,6.4,6.56,6.63,6.37,6.47,37718.8,24627600.0,6.52,6.45,6.865499999999981,7.26,7.92,38.19,-0.39,-0.42,0.03,新北洋,计算机、通信和其他电子设备制造业,主板,6.512499999999978,6.515000000000016,6.462500000000019,6.66562499999999,7.670425531914896
2376,2022-05-13,6.56,6.59,6.69,6.56,6.56,29504.0,19509900.0,6.53,6.5,6.809499999999981,7.21,7.89,39.06,-0.37,-0.41,0.04,新北洋,计算机、通信和其他电子设备制造业,主板,6.532499999999979,6.557500000000015,6.4408333333333525,6.61437499999999,7.615319148936171
2376,2022-05-16,6.61,6.46,6.63,6.42,6.59,38834.3,25256400.0,6.52,6.52,6.743499999999981,7.15,7.85,36.64,-0.36,-0.4,0.04,新北洋,计算机、通信和其他电子设备制造业,主板,6.51999999999998,6.5650000000000155,6.460000000000019,6.55687499999999,7.561702127659575
2376,2022-05-17,6.46,6.49,6.51,6.32,6.46,44257.0,28242700.0,6.51,6.54,6.683499999999983,7.1,7.82,37.6,-0.33,-0.39,0.06,新北洋,计算机、通信和其他电子设备制造业,主板,6.524999999999981,6.520000000000016,6.498333333333352,6.50749999999999,7.509574468085107
2376,2022-05-18,6.46,6.61,6.64,6.46,6.49,34529.6,22746100.0,6.54,6.56,6.639999999999984,7.05,7.79,41.43,-0.31,-0.37,0.06,新北洋,计算机、通信和其他电子设备制造业,主板,6.537499999999981,6.5250000000000155,6.522500000000018,6.4812499999999895,7.465531914893618
2376,2022-05-19,6.5,6.67,6.7,6.48,6.61,32663.0,21630100.0,6.56,6.54,6.602999999999983,6.99,7.76,43.3,-0.28,-0.35,0.07,新北洋,计算机、通信和其他电子设备制造业,主板,6.557499999999981,6.545000000000016,6.557500000000018,6.46999999999999,7.427021276595746
2376,2022-05-20,6.7,6.69,6.76,6.65,6.67,43483.0,29129000.0,6.58,6.56,6.568499999999983,6.95,7.73,43.95,-0.25,-0.33,0.08,新北洋,计算机、通信和其他电子设备制造业,主板,6.614999999999981,6.567500000000016,6.581666666666684,6.49874999999999,7.394255319148937
2376,2022-05-23,6.72,6.79,6.82,6.62,6.69,32120.6,21711100.0,6.65,6.58,6.543999999999983,6.9,7.69,47.18,-0.22,-0.31,0.09,新北洋,计算机、通信和其他电子设备制造业,主板,6.68999999999998,6.607500000000016,6.576666666666685,6.54624999999999,7.362340425531915
2376,2022-05-24,6.85,6.51,6.85,6.51,6.79,32643.2,21666600.0,6.65,6.58,6.517999999999982,6.85,7.64,40.19,-0.22,-0.29,0.07,新北洋,计算机、通信和其他电子设备制造业,主板,6.66499999999998,6.601250000000015,6.571666666666684,6.55812499999999,7.32063829787234
2376,2022-05-25,6.52,6.58,6.62,6.52,6.51,16131.4,10601400.0,6.65,6.6,6.504499999999983,6.81,7.6,42.49,-0.2,-0.27,0.07,新北洋,计算机、通信和其他电子设备制造业,主板,6.642499999999979,6.600000000000016,6.577500000000017,6.57874999999999,7.285957446808511
2376,2022-05-26,6.57,6.64,6.68,6.5,6.58,20587.2,13591400.0,6.64,6.6,6.524999999999983,6.78,7.56,44.45,-0.18,-0.25,0.07,新北洋,计算机、通信和其他电子设备制造业,主板,6.629999999999979,6.622500000000016,6.58833333333335,6.593749999999989,7.26063829787234
2376,2022-05-27,6.67,6.6,6.69,6.56,6.64,18050.8,11939500.0,6.62,6.6,6.553499999999983,6.74,7.52,43.39,-0.17,-0.24,0.07,新北洋,计算机、通信和其他电子设备制造业,主板,6.582499999999978,6.6362500000000155,6.599166666666683,6.578124999999989,7.227021276595745
2376,2022-05-30,6.62,6.62,6.65,6.58,6.6,18429.0,12186600.0,6.59,6.62,6.568499999999983,6.7,7.48,44.11,-0.16,-0.22,0.06,新北洋,计算机、通信和其他电子设备制造业,主板,6.609999999999978,6.637500000000015,6.604166666666683,6.58124999999999,7.195106382978723
2376,2022-05-31,6.63,6.76,6.77,6.59,6.62,31741.8,21235500.0,6.64,6.65,6.5939999999999825,6.67,7.44,49.0,-0.13,-0.2,0.07,新北洋,计算机、通信和其他电子设备制造业,主板,6.654999999999978,6.648750000000015,6.61833333333335,6.59687499999999,7.1644680851063836
2376,2022-06-01,6.7,7.07,7.29,6.7,6.76,90481.7,63941200.0,6.74,6.69,6.627499999999982,6.66,7.41,57.81,-0.09,-0.18,0.09,新北洋,计算机、通信和其他电子设备制造业,主板,6.762499999999978,6.696250000000015,6.669166666666684,6.631874999999989,7.13936170212766
2376,2022-06-02,7.05,7.0,7.09,6.88,7.07,53225.8,37158300.0,6.81,6.73,6.634999999999982,6.64,7.37,55.48,-0.06,-0.16,0.1,新北洋,计算机、通信和其他电子设备制造业,主板,6.862499999999978,6.722500000000015,6.711666666666685,6.664999999999989,7.112340425531915
2376,2022-06-06,6.9,7.09,7.13,6.9,7.0,29342.8,20721100.0,6.91,6.77,6.660999999999983,6.63,7.34,57.83,-0.03,-0.13,0.1,新北洋,计算机、通信和其他电子设备制造业,主板,6.9799999999999764,6.795000000000015,6.751666666666686,6.6981249999999894,7.087021276595745
2376,2022-06-07,7.11,7.11,7.15,6.98,7.09,32577.3,22973400.0,7.01,6.8,6.690999999999984,6.63,7.32,58.36,0.0,-0.11,0.11,新北洋,计算机、通信和其他电子设备制造业,主板,7.067499999999978,6.861250000000015,6.788333333333352,6.730624999999989,7.066382978723405
2376,2022-06-08,7.0,6.99,7.04,6.87,7.11,31409.9,21835900.0,7.05,6.85,6.714999999999985,6.63,7.29,54.0,0.01,-0.08,0.09,新北洋,计算机、通信和其他电子设备制造业,主板,7.047499999999978,6.905000000000015,6.813333333333351,6.763749999999989,7.041489361702129
2376,2022-06-09,6.96,6.85,6.99,6.81,6.99,21721.3,14959700.0,7.01,6.87,6.733999999999985,6.63,7.27,49.37,0.01,-0.06,0.07,新北洋,计算机、通信和其他电子设备制造业,主板,7.0099999999999785,6.936250000000015,6.81833333333335,6.786249999999989,7.014255319148938
2376,2022-06-10,6.84,6.9,6.93,6.79,6.85,19792.0,13616000.0,6.99,6.9,6.750999999999985,6.65,7.25,50.98,0.01,-0.05,0.06,新北洋,计算机、通信和其他电子设备制造业,主板,6.962499999999978,6.9712500000000155,6.850833333333351,6.80437499999999,6.990851063829789
2376,2022-06-13,6.87,6.94,6.95,6.8,6.9,20769.0,14292200.0,6.96,6.93,6.768499999999984,6.68,7.22,52.3,0.01,-0.04,0.05,新北洋,计算机、通信和其他电子设备制造业,主板,6.919999999999979,6.9937500000000155,6.88083333333335,6.821249999999989,6.964468085106384
2376,2022-06-14,6.9,6.92,6.92,6.74,6.94,21451.0,14626400.0,6.92,6.96,6.791499999999983,6.7,7.2,51.55,0.02,-0.03,0.05,新北洋,计算机、通信和其他电子设备制造业,主板,6.9024999999999785,6.975000000000016,6.904166666666684,6.83562499999999,6.93340425531915
2376,2022-06-15,6.94,6.93,7.01,6.9,6.92,26135.0,18198800.0,6.91,6.98,6.8134999999999835,6.72,7.18,51.92,0.02,-0.02,0.04,新北洋,计算机、通信和其他电子设备制造业,主板,6.922499999999978,6.966250000000016,6.9316666666666835,6.84437499999999,6.908723404255321
2376,2022-06-16,6.9,6.91,6.98,6.9,6.93,15042.0,10432500.0,6.92,6.96,6.828499999999982,6.74,7.16,51.09,0.02,-0.01,0.03,新北洋,计算机、通信和其他电子设备制造业,主板,6.924999999999978,6.943750000000016,6.9558333333333495,6.869374999999989,6.882765957446811
2376,2022-06-17,6.89,6.95,6.98,6.79,6.91,24684.3,17013700.0,6.93,6.96,6.8424999999999825,6.74,7.14,52.72,0.02,0.0,0.02,新北洋,计算机、通信和其他电子设备制造业,主板,6.927499999999978,6.923750000000016,6.971666666666683,6.892499999999989,6.861276595744684
2376,2022-06-20,6.96,7.04,7.06,6.89,6.95,20357.7,14227400.0,6.95,6.95,6.859999999999983,6.76,7.12,56.28,0.03,0.0,0.03,新北洋,计算机、通信和其他电子设备制造业,主板,6.957499999999978,6.930000000000016,6.969166666666683,6.91749999999999,6.84425531914894
2376,2022-06-21,7.08,7.0,7.08,6.96,7.04,15981.3,11204800.0,6.97,6.94,6.870499999999983,6.78,7.1,54.32,0.04,0.01,0.03,新北洋,计算机、通信和其他电子设备制造业,主板,6.974999999999978,6.9487500000000155,6.969166666666683,6.94249999999999,6.83021276595745
2376,2022-06-22,7.02,6.79,7.03,6.75,7.0,42305.0,29061100.0,6.94,6.92,6.884499999999983,6.78,7.08,45.41,0.01,0.01,0.0,新北洋,计算机、通信和其他电子设备制造业,主板,6.944999999999978,6.935000000000016,6.944166666666683,6.95312499999999,6.8106382978723445
2376,2022-06-23,6.83,6.9,6.91,6.77,6.79,27234.0,18650700.0,6.94,6.93,6.900499999999982,6.8,7.06,50.04,0.01,0.01,0.0,新北洋,计算机、通信和其他电子设备制造业,主板,6.932499999999979,6.930000000000016,6.926666666666684,6.96187499999999,6.791914893617025
2376,2022-06-24,6.9,6.96,7.05,6.89,6.9,36973.3,25804300.0,6.94,6.93,6.916499999999983,6.81,7.04,52.4,0.02,0.01,0.01,新北洋,计算机、通信和其他电子设备制造业,主板,6.912499999999978,6.935000000000016,6.924166666666683,6.954999999999989,6.776382978723408
2376,2022-06-27,7.02,7.03,7.05,6.92,6.96,33176.6,23266800.0,6.94,6.94,6.937999999999984,6.83,7.02,55.08,0.03,0.02,0.01,新北洋,计算机、通信和其他电子设备制造业,主板,6.919999999999979,6.947500000000016,6.939166666666684,6.9568749999999895,6.766808510638301
2376,2022-06-28,7.03,7.15,7.17,7.02,7.03,31915.6,22704900.0,6.97,6.97,6.964499999999984,6.85,7.0,59.3,0.04,0.02,0.02,新北洋,计算机、通信和其他电子设备制造业,主板,7.0099999999999785,6.977500000000015,6.960000000000018,6.96062499999999,6.7612765957446825
2376,2022-06-29,7.15,7.03,7.19,7.03,7.15,27996.7,19910500.0,7.01,6.98,6.977999999999985,6.87,6.99,53.85,0.04,0.02,0.02,新北洋,计算机、通信和其他电子设备制造业,主板,7.042499999999979,6.987500000000015,6.967500000000018,6.95562499999999,6.753829787234044
2376,2022-06-30,7.1,7.73,7.73,7.04,7.03,195990.0,148600000.0,7.18,7.06,7.010999999999984,6.9,6.98,70.74,0.1,0.04,0.06,新北洋,计算机、通信和其他电子设备制造业,主板,7.23499999999998,7.0737500000000155,7.035000000000018,7.00187499999999,6.763404255319151
2376,2022-07-01,8.0,8.5,8.5,7.97,7.73,511817.0,431330000.0,7.49,7.21,7.085999999999984,6.97,6.98,79.59,0.2,0.07,0.13,新北洋,计算机、通信和其他电子设备制造业,主板,7.60249999999998,7.261250000000015,7.16583333333335,7.104999999999991,6.794680851063832
2376,2022-07-04,8.65,7.78,8.65,7.65,8.5,641550.0,509260000.0,7.64,7.29,7.120499999999984,7.0,6.97,61.01,0.22,0.1,0.12,新北洋,计算机、通信和其他电子设备制造业,主板,7.75999999999998,7.385000000000015,7.238333333333351,7.15999999999999,6.814468085106385
2376,2022-07-05,7.55,7.53,7.64,7.23,7.78,369725.0,275291000.0,7.71,7.34,7.141499999999984,7.03,6.96,56.11,0.23,0.13,0.1,新北洋,计算机、通信和其他电子设备制造业,主板,7.88499999999998,7.463750000000014,7.286666666666684,7.196874999999991,6.842127659574469
2376,2022-07-06,7.34,7.6,7.8,7.22,7.53,287165.0,215905000.0,7.83,7.42,7.171999999999983,7.06,6.96,57.15,0.23,0.15,0.08,新北洋,计算机、通信和其他电子设备制造业,主板,7.8524999999999805,7.543750000000014,7.33333333333335,7.23937499999999,6.875531914893619
2376,2022-07-07,7.46,7.28,7.52,7.04,7.6,190671.0,139001000.0,7.74,7.46,7.193499999999983,7.09,6.95,51.19,0.19,0.16,0.03,新北洋,计算机、通信和其他电子设备制造业,主板,7.54749999999998,7.5750000000000135,7.356666666666683,7.26124999999999,6.895957446808512
2376,2022-07-08,7.24,7.3,7.35,7.2,7.28,117217.0,85338700.0,7.5,7.49,7.213499999999984,7.11,6.94,51.53,0.16,0.16,0.0,新北洋,计算机、通信和其他电子设备制造业,主板,7.427499999999979,7.593750000000013,7.399166666666683,7.28562499999999,6.918297872340427
2376,2022-07-11,7.26,7.39,7.39,7.11,7.3,101298.0,73487900.0,7.42,7.53,7.235999999999983,7.14,6.94,53.11,0.15,0.16,-0.01,新北洋,计算机、通信和其他电子设备制造业,主板,7.392499999999979,7.638750000000012,7.4400000000000155,7.31312499999999,6.939361702127662
2376,2022-07-12,7.36,7.11,7.36,7.1,7.39,99146.3,71549100.0,7.34,7.52,7.245499999999984,7.15,6.93,47.88,0.12,0.15,-0.03,新北洋,计算机、通信和其他电子设备制造业,主板,7.269999999999978,7.561250000000012,7.452500000000016,7.317499999999989,6.944893617021278
2376,2022-07-13,7.07,7.11,7.16,6.95,7.11,81652.4,57630700.0,7.24,7.53,7.254499999999984,7.16,6.92,47.88,0.09,0.14,-0.05,新北洋,计算机、通信和其他电子设备制造业,主板,7.227499999999978,7.387500000000012,7.4591666666666825,7.324374999999989,6.956382978723407
2376,2022-07-14,7.09,7.17,7.24,7.02,7.11,70485.4,50291800.0,7.22,7.48,7.267499999999984,7.17,6.91,49.12,0.07,0.12,-0.05,新北洋,计算机、通信和其他电子设备制造业,主板,7.194999999999978,7.311250000000012,7.4608333333333485,7.348124999999989,6.970425531914897
2376,2022-07-15,7.2,6.92,7.2,6.91,7.17,68134.0,48057700.0,7.14,7.32,7.265999999999984,7.16,6.9,44.36,0.04,0.11,-0.07,新北洋,计算机、通信和其他电子设备制造业,主板,7.0774999999999775,7.235000000000012,7.451666666666682,7.349374999999989,6.979148936170216
2376,2022-07-18,6.95,7.1,7.12,6.92,6.92,55857.0,39412400.0,7.08,7.25,7.268999999999984,7.16,6.9,48.25,0.02,0.09,-0.07,新北洋,计算机、通信和其他电子设备制造业,主板,7.074999999999978,7.172500000000011,7.399166666666681,7.358124999999989,6.992553191489365
2376,2022-07-19,7.14,7.19,7.22,7.06,7.1,68913.5,49280400.0,7.1,7.22,7.278499999999984,7.17,6.9,50.13,0.02,0.08,-0.06,新北洋,计算机、通信和其他电子设备制造业,主板,7.0949999999999775,7.161250000000011,7.290000000000014,7.3681249999999885,7.005957446808513
2376,2022-07-20,7.24,7.28,7.29,7.17,7.19,68317.5,49485000.0,7.13,7.18,7.302999999999985,7.18,6.9,52.0,0.03,0.07,-0.04,新北洋,计算机、通信和其他电子设备制造业,主板,7.122499999999977,7.158750000000012,7.248333333333348,7.376249999999988,7.020638297872344
2376,2022-07-21,7.27,7.21,7.52,7.21,7.28,88214.2,64471100.0,7.14,7.18,7.318499999999984,7.19,6.91,50.42,0.02,0.06,-0.04,新北洋,计算机、通信和其他电子设备制造业,主板,7.194999999999977,7.136250000000011,7.221666666666681,7.387499999999988,7.036595744680854
2376,2022-07-22,7.17,7.22,7.32,7.12,7.21,58058.4,42002200.0,7.2,7.17,7.331499999999984,7.2,6.92,50.65,0.02,0.05,-0.03,新北洋,计算机、通信和其他电子设备制造业,主板,7.2249999999999766,7.150000000000011,7.190000000000015,7.355624999999987,7.052127659574471
2376,2022-07-25,7.16,7.31,7.49,7.16,7.22,92813.7,68339100.0,7.24,7.16,7.345499999999984,7.21,6.95,52.79,0.02,0.04,-0.02,新北洋,计算机、通信和其他电子设备制造业,主板,7.254999999999977,7.175000000000011,7.192500000000014,7.281249999999988,7.067021276595748
2376,2022-07-26,7.31,7.46,7.53,7.21,7.31,77961.3,57621100.0,7.3,7.2,7.360999999999985,7.23,6.96,56.2,0.05,0.05,0.0,新北洋,计算机、通信和其他电子设备制造业,主板,7.299999999999976,7.21125000000001,7.205833333333348,7.261249999999987,7.083829787234045
2376,2022-07-27,7.46,7.5,7.52,7.36,7.46,67644.0,50259000.0,7.34,7.24,7.384499999999984,7.25,6.99,57.09,0.06,0.05,0.01,新北洋,计算机、通信和其他电子设备制造业,主板,7.372499999999976,7.28375000000001,7.215000000000014,7.259374999999987,7.101063829787236
2376,2022-07-28,7.56,7.74,7.99,7.52,7.5,201191.0,156624000.0,7.45,7.29,7.384999999999986,7.28,7.01,62.06,0.09,0.06,0.03,新北洋,计算机、通信和其他电子设备制造业,主板,7.502499999999976,7.363750000000009,7.267500000000013,7.268124999999987,7.121276595744683
2376,2022-07-29,7.8,7.88,8.25,7.74,7.74,225654.0,181258000.0,7.58,7.39,7.353999999999985,7.31,7.02,64.64,0.12,0.07,0.05,新北洋,计算机、通信和其他电子设备制造业,主板,7.644999999999977,7.45000000000001,7.33166666666668,7.305624999999987,7.1504255319148955
2376,2022-08-01,7.91,8.0,8.24,7.81,7.88,208695.0,167917000.0,7.72,7.48,7.364999999999985,7.34,7.05,66.73,0.15,0.09,0.06,新北洋,计算机、通信和其他电子设备制造业,主板,7.779999999999978,7.54000000000001,7.400833333333346,7.349374999999987,7.180638297872343
2376,2022-08-02,7.9,7.91,8.19,7.57,8.0,223571.0,176976000.0,7.81,7.55,7.383999999999984,7.37,7.07,63.69,0.17,0.1,0.07,新北洋,计算机、通信和其他电子设备制造业,主板,7.882499999999979,7.627500000000009,7.483333333333346,7.381874999999987,7.207659574468089
2376,2022-08-03,8.03,7.69,8.15,7.65,7.91,167967.0,131777000.0,7.84,7.59,7.3884999999999845,7.4,7.09,56.88,0.17,0.12,0.05,新北洋,计算机、通信和其他电子设备制造业,主板,7.869999999999978,7.68625000000001,7.532500000000013,7.4181249999999865,7.23085106382979
2376,2022-08-04,7.69,7.8,7.87,7.55,7.69,98232.0,75994100.0,7.86,7.65,7.414499999999985,7.43,7.11,59.23,0.18,0.13,0.05,新北洋,计算机、通信和其他电子设备制造业,主板,7.849999999999977,7.747500000000009,7.583333333333346,7.461249999999986,7.255957446808513
2376,2022-08-05,7.73,7.9,7.98,7.64,7.8,102061.0,79678100.0,7.86,7.72,7.4444999999999855,7.46,7.14,61.29,0.18,0.14,0.04,新北洋,计算机、通信和其他电子设备制造业,主板,7.824999999999978,7.80250000000001,7.635000000000013,7.506874999999987,7.280212765957449
2376,2022-08-08,7.86,7.8,7.89,7.69,7.9,71994.8,55846500.0,7.82,7.77,7.4649999999999865,7.49,7.16,58.12,0.18,0.15,0.03,新北洋,计算机、通信和其他电子设备制造业,主板,7.797499999999977,7.8400000000000105,7.68416666666668,7.561874999999986,7.295744680851067
2376,2022-08-09,7.75,7.83,7.96,7.65,7.8,84876.2,66380500.0,7.8,7.8,7.500999999999986,7.51,7.18,58.81,0.18,0.15,0.03,新北洋,计算机、通信和其他电子设备制造业,主板,7.832499999999977,7.85125000000001,7.735000000000014,7.6074999999999875,7.313404255319152
2376,2022-08-10,7.79,7.7,7.83,7.66,7.83,62639.3,48325100.0,7.81,7.82,7.530499999999985,7.53,7.2,54.62,0.16,0.15,0.01,新北洋,计算机、通信和其他电子设备制造业,主板,7.807499999999977,7.828750000000009,7.767500000000013,7.639374999999987,7.326382978723407
2376,2022-08-11,7.8,7.86,7.88,7.73,7.7,76328.0,59747600.0,7.82,7.84,7.564999999999986,7.54,7.22,58.54,0.16,0.16,0.0,新北洋,计算机、通信和其他电子设备制造业,主板,7.797499999999978,7.81125000000001,7.8008333333333475,7.675624999999988,7.342340425531918
2376,2022-08-12,7.86,7.7,7.87,7.69,7.86,69652.3,53853500.0,7.78,7.82,7.603999999999987,7.51,7.24,53.56,0.15,0.15,0.0,新北洋,计算机、通信和其他电子设备制造业,主板,7.772499999999979,7.785000000000011,7.817500000000014,7.706249999999987,7.357446808510641
2376,2022-08-15,7.73,7.63,7.73,7.53,7.7,53106.7,40298700.0,7.74,7.78,7.630499999999986,7.5,7.25,51.5,0.13,0.15,-0.02,新北洋,计算机、通信和其他电子设备制造业,主板,7.722499999999979,7.7775000000000105,7.808333333333348,7.731874999999988,7.374042553191491
2376,2022-08-16,7.64,7.84,8.03,7.64,7.63,111925.0,87838900.0,7.75,7.78,7.662999999999987,7.51,7.27,56.87,0.12,0.14,-0.02,新北洋,计算机、通信和其他电子设备制造业,主板,7.75749999999998,7.782500000000011,7.805000000000015,7.764999999999988,7.3940425531914915
2376,2022-08-17,7.85,7.76,7.92,7.7,7.84,65568.0,50825200.0,7.76,7.78,7.686999999999986,7.52,7.29,54.4,0.12,0.14,-0.02,新北洋,计算机、通信和其他电子设备制造业,主板,7.73249999999998,7.765000000000012,7.785000000000015,7.783749999999988,7.411489361702129
2376,2022-08-18,7.71,8.13,8.17,7.71,7.76,168798.0,135709000.0,7.81,7.82,7.732999999999985,7.55,7.32,62.5,0.14,0.14,0.0,新北洋,计算机、通信和其他电子设备制造业,主板,7.839999999999981,7.806250000000013,7.803333333333349,7.823124999999989,7.437234042553193
2376,2022-08-19,8.03,8.05,8.19,7.98,8.13,119188.0,96077900.0,7.88,7.83,7.774499999999986,7.57,7.34,60.02,0.15,0.14,0.01,新北洋,计算机、通信和其他电子设备制造业,主板,7.944999999999982,7.833750000000013,7.833333333333349,7.84249999999999,7.461063829787236
2376,2022-08-22,8.0,8.22,8.23,7.95,8.05,132719.0,107992000.0,8.0,7.87,7.819999999999986,7.6,7.37,63.35,0.18,0.15,0.03,新北洋,计算机、通信和其他电子设备制造业,主板,8.039999999999981,7.898750000000012,7.868333333333349,7.863749999999991,7.488936170212767
2376,2022-08-23,8.22,8.11,8.31,7.74,8.22,226424.0,183224000.0,8.05,7.9,7.852499999999985,7.63,7.39,59.87,0.18,0.16,0.02,新北洋,计算机、通信和其他电子设备制造业,主板,8.127499999999982,7.930000000000012,7.885833333333348,7.87062499999999,7.513617021276598
2376,2022-08-24,8.1,8.01,8.35,7.98,8.11,184501.0,150350000.0,8.1,7.93,7.877999999999984,7.66,7.41,56.82,0.17,0.16,0.01,新北洋,计算机、通信和其他电子设备制造业,主板,8.09749999999998,7.968750000000012,7.903333333333349,7.876874999999989,7.534255319148937
2376,2022-08-25,8.1,7.78,8.11,7.7,8.01,123447.0,96279200.0,8.03,7.92,7.879999999999984,7.68,7.43,50.45,0.15,0.16,-0.01,新北洋,计算机、通信和其他电子设备制造业,主板,8.02999999999998,7.987500000000012,7.899166666666683,7.88249999999999,7.550851063829788
2376,2022-08-26,7.72,8.01,8.13,7.72,7.78,140562.0,112753000.0,8.03,7.95,7.886499999999984,7.72,7.44,55.79,0.14,0.15,-0.01,新北洋,计算机、通信和其他电子设备制造业,主板,7.97749999999998,8.008750000000012,7.925000000000016,7.895624999999989,7.5768085106382985
2376,2022-08-29,7.88,8.03,8.04,7.78,8.01,119134.0,94228100.0,7.99,7.99,7.887999999999984,7.75,7.46,56.23,0.14,0.15,-0.01,新北洋,计算机、通信和其他电子设备制造业,主板,7.95749999999998,8.042500000000011,7.939166666666683,7.903749999999988,7.600851063829787
2376,2022-08-30,7.96,8.04,8.22,7.95,8.03,103985.0,83988200.0,7.97,8.01,7.894499999999984,7.78,7.47,56.46,0.13,0.15,-0.02,新北洋,计算机、通信和其他电子设备制造业,主板,7.96499999999998,8.03125000000001,7.967500000000016,7.918749999999988,7.623829787234044
2376,2022-08-31,8.0,7.8,8.06,7.78,8.04,104676.0,82406500.0,7.93,8.02,7.899999999999984,7.8,7.49,49.6,0.12,0.14,-0.02,新北洋,计算机、通信和其他电子设备制造业,主板,7.969999999999979,8.00000000000001,7.981666666666683,7.916874999999988,7.640212765957449
2376,2022-09-01,7.8,7.74,7.99,7.73,7.8,82260.8,64707800.0,7.92,7.98,7.896999999999984,7.82,7.5,48.03,0.09,0.13,-0.04,新北洋,计算机、通信和其他电子设备制造业,主板,7.90249999999998,7.94000000000001,7.97333333333335,7.919374999999987,7.652765957446811
2376,2022-09-02,7.75,7.97,8.01,7.71,7.74,88902.0,70366300.0,7.92,7.97,7.900499999999984,7.84,7.52,54.04,0.09,0.12,-0.03,新北洋,计算机、通信和其他电子设备制造业,主板,7.88749999999998,7.92250000000001,7.990833333333349,7.926249999999988,7.672765957446813
2376,2022-09-05,8.0,7.9,8.04,7.86,7.97,55074.1,43540900.0,7.89,7.94,7.905499999999984,7.86,7.54,52.07,0.08,0.11,-0.03,新北洋,计算机、通信和其他电子设备制造业,主板,7.85249999999998,7.908750000000011,7.971666666666683,7.938749999999987,7.6763829787234075
2376,2022-09-06,7.98,8.06,8.08,7.89,7.9,61327.1,48980600.0,7.89,7.93,7.916999999999983,7.88,7.55,56.02,0.09,0.11,-0.02,新北洋,计算机、通信和其他电子设备制造业,主板,7.91749999999998,7.94375000000001,7.972500000000017,7.965624999999987,7.667021276595747
2376,2022-09-07,8.03,7.78,8.04,7.77,8.06,89758.0,70721000.0,7.89,7.91,7.920999999999983,7.89,7.57,48.48,0.06,0.1,-0.04,新北洋,计算机、通信和其他电子设备制造业,主板,7.927499999999979,7.915000000000011,7.93583333333335,7.961874999999987,7.667021276595747
2376,2022-09-08,7.78,7.86,7.95,7.75,7.78,65647.5,51601000.0,7.91,7.92,7.920999999999983,7.89,7.58,50.53,0.05,0.09,-0.04,新北洋,计算机、通信和其他电子设备制造业,主板,7.899999999999979,7.893750000000011,7.915000000000017,7.968124999999987,7.6740425531914935
2376,2022-09-09,7.84,7.7,7.84,7.65,7.86,67704.4,52258400.0,7.86,7.89,7.920999999999983,7.89,7.6,46.55,0.03,0.08,-0.05,新北洋,计算机、通信和其他电子设备制造业,主板,7.84999999999998,7.851250000000012,7.889166666666683,7.941249999999988,7.67617021276596
2376,2022-09-13,7.7,7.74,7.86,7.7,7.7,35172.6,27324000.0,7.83,7.86,7.926499999999985,7.88,7.61,47.66,0.02,0.07,-0.05,新北洋,计算机、通信和其他电子设备制造业,主板,7.76999999999998,7.843750000000012,7.885833333333349,7.9218749999999885,7.685957446808515
2376,2022-09-14,7.65,7.6,7.68,7.55,7.74,42226.0,32142700.0,7.74,7.82,7.914499999999984,7.87,7.62,44.19,0.0,0.05,-0.05,新北洋,计算机、通信和其他电子设备制造业,主板,7.72499999999998,7.8262500000000115,7.851666666666682,7.883124999999989,7.692340425531919
2376,2022-09-15,7.63,7.38,7.67,7.29,7.6,59538.6,44208800.0,7.66,7.77,7.895499999999984,7.86,7.63,39.35,-0.03,0.04,-0.07,新北洋,计算机、通信和其他电子设备制造业,主板,7.604999999999981,7.752500000000012,7.7975000000000145,7.837499999999989,7.6921276595744725
2376,2022-09-16,7.38,7.36,7.55,7.31,7.38,55181.7,41103900.0,7.56,7.74,7.856999999999985,7.84,7.64,38.94,-0.06,0.02,-0.08,新北洋,计算机、通信和其他电子设备制造业,主板,7.519999999999981,7.685000000000012,7.740833333333349,7.7968749999999885,7.697446808510643
2376,2022-09-19,7.42,7.27,7.42,7.15,7.36,44273.4,32153200.0,7.47,7.66,7.817999999999985,7.82,7.64,37.03,-0.09,0.0,-0.09,新北洋,计算机、通信和其他电子设备制造业,主板,7.40249999999998,7.586250000000012,7.696666666666682,7.764999999999988,7.7008510638297905
2376,2022-09-20,7.22,7.31,7.35,7.22,7.27,23299.2,16990700.0,7.38,7.61,7.772499999999985,7.81,7.65,38.47,-0.11,-0.03,-0.08,新北洋,计算机、通信和其他电子设备制造业,主板,7.3299999999999805,7.527500000000012,7.66083333333335,7.721249999999988,7.703829787234046
2376,2022-09-21,7.27,7.32,7.36,7.14,7.31,25272.0,18350100.0,7.33,7.53,7.7329999999999846,7.79,7.65,38.85,-0.12,-0.04,-0.08,新北洋,计算机、通信和其他电子设备制造业,主板,7.314999999999981,7.460000000000013,7.606666666666683,7.676874999999988,7.7123404255319175
2376,2022-09-22,7.3,7.23,7.38,7.19,7.32,31267.6,22777100.0,7.3,7.48,7.693999999999984,7.77,7.65,36.67,-0.13,-0.06,-0.07,新北洋,计算机、通信和其他电子设备制造业,主板,7.282499999999981,7.401250000000013,7.55083333333335,7.626249999999988,7.7151063829787265
2376,2022-09-23,7.23,7.1,7.26,7.04,7.23,34848.6,24855500.0,7.25,7.4,7.659999999999984,7.75,7.64,33.74,-0.16,-0.08,-0.08,新北洋,计算机、通信和其他电子设备制造业,主板,7.239999999999982,7.3212500000000125,7.470833333333349,7.582499999999988,7.713191489361705
2376,2022-09-26,7.1,6.88,7.1,6.88,7.1,32061.0,22294500.0,7.17,7.32,7.603499999999984,7.72,7.61,29.44,-0.19,-0.1,-0.09,新北洋,计算机、通信和其他电子设备制造业,主板,7.132499999999982,7.231250000000013,7.395833333333349,7.528749999999989,7.704680851063833
2376,2022-09-27,6.98,7.15,7.15,6.92,6.88,41581.6,29357800.0,7.14,7.26,7.559499999999984,7.7,7.6,39.61,-0.2,-0.12,-0.08,新北洋,计算机、通信和其他电子设备制造业,主板,7.089999999999982,7.202500000000012,7.336666666666683,7.477499999999989,7.703404255319152
2376,2022-09-28,7.1,6.91,7.18,6.9,7.15,32715.1,22901700.0,7.05,7.19,7.502999999999984,7.67,7.59,34.81,-0.21,-0.14,-0.07,新北洋,计算机、通信和其他电子设备制造业,主板,7.009999999999981,7.146250000000013,7.270833333333349,7.415624999999989,7.696808510638301
2376,2022-09-29,7.07,6.9,7.08,6.87,6.91,32043.3,22337200.0,6.99,7.14,7.457999999999984,7.64,7.58,34.62,-0.22,-0.16,-0.06,新北洋,计算机、通信和其他电子设备制造业,主板,6.959999999999981,7.100000000000014,7.20083333333335,7.343124999999989,7.688085106382982
2376,2022-09-30,6.91,6.82,7.07,6.82,6.9,24274.0,16745600.0,6.93,7.09,7.411999999999983,7.6,7.57,33.08,-0.24,-0.17,-0.07,新北洋,计算机、通信和其他电子设备制造业,主板,6.944999999999982,7.038750000000014,7.135833333333349,7.283124999999989,7.674468085106386
2376,2022-10-10,6.82,6.95,7.05,6.78,6.82,42849.3,29845400.0,6.95,7.06,7.360999999999983,7.56,7.57,37.91,-0.23,-0.18,-0.05,新北洋,计算机、通信和其他电子设备制造业,主板,6.894999999999982,6.992500000000014,7.1000000000000165,7.22624999999999,7.662765957446812
2376,2022-10-11,6.79,6.92,6.98,6.79,6.95,33460.0,23013000.0,6.9,7.02,7.311999999999982,7.52,7.56,37.25,-0.23,-0.19,-0.04,新北洋,计算机、通信和其他电子设备制造业,主板,6.897499999999982,6.953750000000014,7.06333333333335,7.1774999999999896,7.645319148936173
2376,2022-10-12,6.91,7.28,7.29,6.86,6.92,55891.8,39495700.0,6.97,7.01,7.272999999999982,7.49,7.56,48.9,-0.2,-0.19,-0.01,新北洋,计算机、通信和其他电子设备制造业,主板,6.992499999999982,6.976250000000014,7.064166666666684,7.14874999999999,7.6325531914893645
2376,2022-10-13,7.26,7.48,7.76,7.21,7.28,85509.0,64130700.0,7.09,7.04,7.257999999999981,7.48,7.57,54.01,-0.15,-0.19,0.04,新北洋,计算机、通信和其他电子设备制造业,主板,7.157499999999983,7.051250000000013,7.078333333333351,7.1412499999999905,7.621489361702131
2376,2022-10-14,7.53,7.77,7.95,7.49,7.48,121207.0,94350500.0,7.28,7.11,7.253499999999981,7.48,7.58,60.22,-0.1,-0.17,0.07,新北洋,计算机、通信和其他电子设备制造业,主板,7.362499999999984,7.1287500000000135,7.115833333333351,7.165624999999991,7.618510638297875
2376,2022-10-17,7.71,7.87,8.08,7.68,7.77,146010.0,115453000.0,7.46,7.21,7.261999999999982,7.47,7.6,62.12,-0.04,-0.14,0.1,新北洋,计算机、通信和其他电子设备制造业,主板,7.599999999999984,7.248750000000014,7.169166666666684,7.197499999999991,7.622340425531918
2376,2022-10-18,7.89,7.95,8.0,7.79,7.87,101838.0,80591000.0,7.67,7.29,7.272499999999981,7.47,7.61,63.62,0.02,-0.11,0.13,新北洋,计算机、通信和其他电子设备制造业,主板,7.767499999999984,7.380000000000014,7.240000000000019,7.239999999999991,7.625531914893619
2376,2022-10-19,7.94,8.05,8.18,7.84,7.95,131813.0,105819000.0,7.82,7.4,7.294999999999982,7.47,7.62,65.46,0.06,-0.08,0.14,新北洋,计算机、通信和其他电子设备制造业,主板,7.909999999999983,7.533750000000015,7.337500000000019,7.286249999999991,7.628723404255322
2376,2022-10-20,7.97,8.1,8.26,7.92,8.05,141391.0,114476000.0,7.95,7.52,7.330999999999982,7.48,7.64,66.37,0.1,-0.04,0.14,新北洋,计算机、通信和其他电子设备制造业,主板,7.992499999999983,7.677500000000014,7.416666666666685,7.33499999999999,7.6351063829787265
2376,2022-10-21,8.05,8.1,8.16,8.01,8.1,80971.5,65537000.0,8.01,7.65,7.367999999999981,7.49,7.65,66.37,0.13,-0.01,0.14,新北洋,计算机、通信和其他电子设备制造业,主板,8.049999999999983,7.8250000000000135,7.515833333333351,7.38937499999999,7.640851063829791
2376,2022-10-24,8.09,7.92,8.15,7.86,8.1,124206.0,99467000.0,8.02,7.74,7.40049999999998,7.49,7.66,59.77,0.14,0.02,0.12,新北洋,计算机、通信和其他电子设备制造业,主板,8.042499999999983,7.905000000000014,7.600833333333351,7.44062499999999,7.645531914893621
2376,2022-10-25,7.92,7.83,7.97,7.74,7.92,70238.3,54900100.0,8.0,7.83,7.42649999999998,7.49,7.67,56.72,0.14,0.05,0.09,新北洋,计算机、通信和其他电子设备制造业,主板,7.987499999999982,7.948750000000013,7.6850000000000165,7.49999999999999,7.64489361702128
2376,2022-10-26,7.84,7.97,8.01,7.8,7.83,70348.0,55870200.0,7.98,7.9,7.45899999999998,7.48,7.68,60.12,0.14,0.06,0.08,新北洋,计算机、通信和其他电子设备制造业,主板,7.954999999999982,7.973750000000013,7.7700000000000164,7.55124999999999,7.650638297872345
2376,2022-10-27,7.97,8.06,8.14,7.94,7.97,73214.7,59113100.0,7.98,7.96,7.500499999999981,7.49,7.69,62.18,0.15,0.08,0.07,新北洋,计算机、通信和其他电子设备制造业,主板,7.9449999999999825,7.997500000000014,7.865000000000016,7.623124999999989,7.6597872340425575
2376,2022-10-28,8.15,7.83,8.35,7.82,8.06,82240.8,65913300.0,7.92,7.97,7.536999999999982,7.49,7.69,54.45,0.15,0.1,0.05,新北洋,计算机、通信和其他电子设备制造业,主板,7.922499999999982,7.982500000000014,7.91083333333335,7.68124999999999,7.659574468085111
2376,2022-10-31,7.44,7.68,7.79,7.36,7.83,115485.0,88573500.0,7.87,7.95,7.576999999999982,7.49,7.69,50.08,0.12,0.1,0.02,新北洋,计算机、通信和其他电子设备制造业,主板,7.884999999999982,7.936250000000014,7.927500000000015,7.7349999999999905,7.657872340425537
2376,2022-11-01,7.75,7.47,7.82,7.39,7.68,103684.0,77912400.0,7.8,7.9,7.592999999999982,7.48,7.68,44.67,0.08,0.1,-0.02,新北洋,计算机、通信和其他电子设备制造业,主板,7.759999999999982,7.857500000000013,7.902500000000015,7.76749999999999,7.643829787234049
2376,2022-11-02,7.51,7.33,7.55,7.29,7.47,101572.0,74884900.0,7.67,7.83,7.613999999999983,7.47,7.67,41.46,0.05,0.09,-0.04,新北洋,计算机、通信和其他电子设备制造业,主板,7.577499999999981,7.761250000000014,7.857500000000015,7.79312499999999,7.628510638297878
2376,2022-11-03,7.29,7.15,7.3,7.09,7.33,87613.0,62714600.0,7.49,7.73,7.626499999999983,7.47,7.66,37.7,0.0,0.07,-0.07,新北洋,计算机、通信和其他电子设备制造业,主板,7.407499999999981,7.665000000000013,7.790833333333349,7.7849999999999895,7.6057446808510685
2376,2022-11-04,7.18,7.28,7.3,7.12,7.15,76846.4,55502400.0,7.38,7.65,7.649499999999984,7.46,7.65,41.8,-0.03,0.05,-0.08,新北洋,计算机、通信和其他电子设备制造业,主板,7.3074999999999815,7.596250000000014,7.726666666666682,7.772499999999989,7.588085106382982
2376,2022-11-07,7.26,7.3,7.41,7.22,7.28,83322.4,60907000.0,7.31,7.59,7.666999999999985,7.46,7.64,42.43,-0.04,0.03,-0.07,新北洋,计算机、通信和其他电子设备制造业,主板,7.264999999999981,7.5125000000000135,7.660000000000015,7.743124999999989,7.572978723404259
2376,2022-11-08,7.3,7.34,7.35,7.15,7.3,79054.7,57316400.0,7.28,7.54,7.6879999999999855,7.46,7.64,43.74,-0.05,0.02,-0.07,新北洋,计算机、通信和其他电子设备制造业,主板,7.2674999999999805,7.422500000000014,7.596666666666683,7.709999999999988,7.5636170212766
2376,2022-11-09,7.25,7.3,7.4,7.25,7.34,62017.2,45415400.0,7.27,7.47,7.688999999999986,7.46,7.63,42.69,-0.07,0.0,-0.07,新北洋,计算机、通信和其他电子设备制造业,主板,7.30499999999998,7.3562500000000135,7.545000000000016,7.669374999999989,7.548510638297876
2376,2022-11-10,7.25,7.32,7.36,7.2,7.3,69185.3,50349600.0,7.31,7.4,7.680999999999986,7.47,7.62,43.42,-0.07,-0.02,-0.05,新北洋,计算机、通信和其他电子设备制造业,主板,7.31499999999998,7.311250000000013,7.5025000000000155,7.62374999999999,7.533404255319153
2376,2022-11-11,7.4,7.25,7.57,7.25,7.32,117985.0,87089800.0,7.3,7.34,7.654999999999985,7.47,7.61,41.44,-0.08,-0.03,-0.05,新北洋,计算机、通信和其他电子设备制造业,主板,7.30249999999998,7.283750000000012,7.442500000000016,7.570624999999991,7.516595744680855
2376,2022-11-14,7.21,7.35,7.41,7.15,7.25,71551.4,52266100.0,7.31,7.31,7.628999999999985,7.49,7.6,45.28,-0.08,-0.04,-0.04,新北洋,计算机、通信和其他电子设备制造业,主板,7.304999999999979,7.286250000000011,7.383333333333348,7.523749999999991,7.507021276595749
2376,2022-11-15,7.34,7.5,7.54,7.28,7.35,106287.0,78812800.0,7.34,7.31,7.606499999999985,7.5,7.6,50.53,-0.06,-0.04,-0.02,新北洋,计算机、通信和其他电子设备制造业,主板,7.354999999999978,7.330000000000012,7.355833333333348,7.497499999999991,7.501914893617026
2376,2022-11-16,7.51,7.49,7.58,7.39,7.5,108587.0,81110900.0,7.38,7.33,7.578499999999986,7.52,7.6,50.18,-0.05,-0.04,-0.01,新北洋,计算机、通信和其他电子设备制造业,主板,7.397499999999978,7.356250000000012,7.340000000000015,7.4762499999999905,7.491702127659578
2376,2022-11-17,7.48,7.63,7.64,7.41,7.49,86531.3,65157700.0,7.44,7.38,7.5549999999999855,7.54,7.59,54.83,-0.03,-0.04,0.01,新北洋,计算机、通信和其他电子设备制造业,主板,7.492499999999978,7.3975000000000115,7.353333333333349,7.45499999999999,7.485957446808515
2376,2022-11-18,7.63,7.44,7.67,7.44,7.63,71424.5,53965400.0,7.48,7.39,7.521999999999986,7.56,7.58,48.25,-0.03,-0.04,0.01,新北洋,计算机、通信和其他电子设备制造业,主板,7.5149999999999775,7.410000000000011,7.362500000000015,7.41624999999999,7.472765957446812
2376,2022-11-21,7.42,7.45,7.49,7.35,7.44,61814.0,45845400.0,7.5,7.41,7.498499999999986,7.58,7.57,48.6,-0.04,-0.04,0.0,新北洋,计算机、通信和其他电子设备制造业,主板,7.502499999999978,7.4287500000000115,7.387500000000014,7.39249999999999,7.465744680851069
2376,2022-11-22,7.42,7.28,7.44,7.26,7.45,72108.0,53036300.0,7.46,7.4,7.470999999999985,7.59,7.56,43.24,-0.04,-0.04,0.0,新北洋,计算机、通信和其他电子设备制造业,主板,7.449999999999978,7.423750000000012,7.387500000000014,7.367499999999991,7.453404255319152
2376,2022-11-23,7.27,7.12,7.3,7.02,7.28,76261.7,54359800.0,7.38,7.38,7.4284999999999854,7.59,7.54,38.9,-0.07,-0.05,-0.02,新北洋,计算机、通信和其他电子设备制造业,主板,7.322499999999978,7.407500000000011,7.372500000000016,7.345624999999991,7.441063829787238
2376,2022-11-24,7.13,7.07,7.18,7.04,7.12,47952.0,34006400.0,7.27,7.36,7.378999999999985,7.57,7.52,37.63,-0.09,-0.05,-0.04,新北洋,计算机、通信和其他电子设备制造业,主板,7.229999999999978,7.372500000000012,7.350000000000016,7.329374999999991,7.426808510638302
2376,2022-11-25,7.08,7.08,7.1,7.02,7.07,50376.2,35592700.0,7.2,7.34,7.341499999999985,7.55,7.51,38.06,-0.1,-0.06,-0.04,新北洋,计算机、通信和其他电子设备制造业,主板,7.137499999999979,7.320000000000013,7.331666666666682,7.32499999999999,7.415744680851066
2376,2022-11-28,6.99,6.95,7.04,6.88,7.08,68303.2,47316900.0,7.1,7.3,7.304999999999984,7.52,7.5,34.67,-0.12,-0.07,-0.05,新北洋,计算机、通信和其他电子设备制造业,主板,7.054999999999978,7.252500000000013,7.300833333333348,7.3043749999999905,7.406595744680854
2376,2022-11-29,6.96,7.16,7.2,6.95,6.95,54933.6,38922100.0,7.08,7.27,7.289499999999984,7.49,7.48,43.44,-0.11,-0.08,-0.03,新北洋,计算机、通信和其他电子设备制造业,主板,7.064999999999977,7.193750000000013,7.293333333333348,7.2956249999999905,7.402340425531918
2376,2022-11-30,7.14,7.14,7.18,7.1,7.16,34807.2,24830300.0,7.08,7.23,7.2799999999999825,7.46,7.47,42.85,-0.12,-0.09,-0.03,新北洋,计算机、通信和其他电子设备制造业,主板,7.0824999999999765,7.156250000000012,7.275833333333349,7.28312499999999,7.39957446808511
2376,2022-12-01,7.19,7.19,7.24,7.13,7.14,38710.0,27772200.0,7.1,7.19,7.281999999999982,7.43,7.46,44.87,-0.11,-0.09,-0.02,新北洋,计算机、通信和其他电子设备制造业,主板,7.109999999999976,7.123750000000012,7.250000000000015,7.27624999999999,7.397021276595748
2376,2022-12-02,7.17,7.23,7.3,7.15,7.19,48275.2,35045000.0,7.13,7.17,7.279499999999982,7.4,7.45,46.5,-0.1,-0.09,-0.01,新北洋,计算机、通信和其他电子设备制造业,主板,7.179999999999976,7.117500000000012,7.2283333333333495,7.27062499999999,7.395106382978727
2376,2022-12-05,7.25,7.27,7.39,7.24,7.23,42600.0,31105800.0,7.2,7.15,7.277999999999982,7.38,7.44,48.14,-0.09,-0.09,0.0,新北洋,计算机、通信和其他电子设备制造业,主板,7.207499999999976,7.136250000000012,7.198333333333349,7.27187499999999,7.395957446808513
2376,2022-12-06,7.28,7.3,7.36,7.24,7.27,48585.1,35507300.0,7.23,7.15,7.275999999999982,7.36,7.43,49.4,-0.08,-0.09,0.01,新北洋,计算机、通信和其他电子设备制造业,主板,7.247499999999976,7.1650000000000125,7.1866666666666825,7.26874999999999,7.400212765957449
2376,2022-12-07,7.31,7.27,7.33,7.22,7.3,43025.9,31284900.0,7.25,7.17,7.274499999999982,7.34,7.41,48.15,-0.07,-0.09,0.02,新北洋,计算机、通信和其他电子设备制造业,主板,7.267499999999976,7.188750000000013,7.171666666666682,7.25437499999999,7.408510638297875
2376,2022-12-08,7.28,7.17,7.3,7.16,7.27,37508.2,27004900.0,7.25,7.18,7.266999999999982,7.31,7.4,44.11,-0.07,-0.08,0.01,新北洋,计算机、通信和其他电子设备制造业,主板,7.2524999999999755,7.216250000000013,7.162500000000016,7.23437499999999,7.408936170212769
2376,2022-12-09,7.16,7.07,7.21,7.06,7.17,60168.4,42735100.0,7.22,7.18,7.257999999999981,7.29,7.39,40.46,-0.08,-0.08,0.0,新北洋,计算机、通信和其他电子设备制造业,主板,7.202499999999975,7.2050000000000125,7.158333333333348,7.199374999999991,7.412340425531918
2376,2022-12-12,7.08,7.09,7.14,7.01,7.07,42765.0,30197100.0,7.18,7.19,7.2449999999999815,7.27,7.38,41.5,-0.08,-0.08,0.0,新北洋,计算机、通信和其他电子设备制造业,主板,7.149999999999975,7.198750000000013,7.160000000000015,7.177499999999991,7.416382978723407
2376,2022-12-13,7.07,6.97,7.1,6.96,7.09,48055.8,33713200.0,7.11,7.17,7.218499999999982,7.25,7.37,37.28,-0.09,-0.08,-0.01,新北洋,计算机、通信和其他电子设备制造业,主板,7.074999999999975,7.171250000000013,7.150833333333349,7.147499999999991,7.419574468085109
2376,2022-12-14,7.03,6.97,7.06,6.94,6.97,42334.8,29607700.0,7.05,7.15,7.192499999999981,7.24,7.36,37.28,-0.09,-0.09,0.0,新北洋,计算机、通信和其他电子设备制造业,主板,7.0249999999999755,7.138750000000012,7.152500000000015,7.128124999999991,7.4200000000000035
2376,2022-12-15,6.94,7.02,7.05,6.92,6.97,28736.0,20125400.0,7.02,7.14,7.161999999999982,7.23,7.35,40.22,-0.1,-0.09,-0.01,新北洋,计算机、通信和其他电子设备制造业,主板,7.012499999999976,7.107500000000012,7.140833333333348,7.12187499999999,7.422127659574471
2376,2022-12-16,6.98,7.08,7.15,6.95,7.02,46997.4,33023600.0,7.03,7.12,7.143999999999982,7.23,7.34,43.63,-0.1,-0.09,-0.01,新北洋,计算机、通信和其他电子设备制造业,主板,7.009999999999976,7.0800000000000125,7.135833333333348,7.12249999999999,7.417872340425535
2376,2022-12-19,7.08,6.89,7.13,6.86,7.08,52622.4,36565700.0,6.99,7.08,7.115999999999983,7.21,7.34,36.52,-0.11,-0.09,-0.02,新北洋,计算机、通信和其他电子设备制造业,主板,6.989999999999975,7.032500000000013,7.110833333333349,7.11062499999999,7.405319148936173
2376,2022-12-20,6.89,6.78,6.92,6.75,6.89,40451.5,27581700.0,6.95,7.03,7.090999999999982,7.19,7.33,33.16,-0.12,-0.1,-0.02,新北洋,计算机、通信和其他电子设备制造业,主板,6.942499999999976,6.983750000000013,7.073333333333348,7.09999999999999,7.384255319148939
2376,2022-12-21,6.78,6.75,6.83,6.72,6.78,23429.4,15854700.0,6.9,6.98,7.072499999999982,7.18,7.32,32.28,-0.14,-0.11,-0.03,新北洋,计算机、通信和其他电子设备制造业,主板,6.874999999999976,6.943750000000013,7.030000000000015,7.07437499999999,7.360425531914896
2376,2022-12-22,6.79,6.67,6.79,6.6,6.75,26881.7,18005200.0,6.83,6.93,7.0524999999999824,7.15,7.31,30.01,-0.14,-0.11,-0.03,新北洋,计算机、通信和其他电子设备制造业,主板,6.772499999999976,6.891250000000014,6.977500000000016,7.04499999999999,7.333191489361705
2376,2022-12-23,6.61,6.72,6.76,6.6,6.67,18274.2,12197700.0,6.76,6.89,7.034499999999982,7.14,7.3,33.18,-0.16,-0.12,-0.04,新北洋,计算机、通信和其他电子设备制造业,主板,6.729999999999976,6.860000000000014,6.931666666666683,7.01562499999999,7.30489361702128
2376,2022-12-26,6.72,6.68,6.76,6.67,6.72,21605.0,14501900.0,6.72,6.85,7.020999999999982,7.11,7.3,31.93,-0.16,-0.13,-0.03,新北洋,计算机、通信和其他电子设备制造业,主板,6.704999999999975,6.823750000000014,6.890833333333348,6.9812499999999895,7.274680851063833
2376,2022-12-27,6.88,6.81,6.94,6.71,6.68,38233.0,25966500.0,6.73,6.84,7.003499999999983,7.09,7.3,39.83,-0.15,-0.13,-0.02,新北洋,计算机、通信和其他电子设备制造业,主板,6.719999999999976,6.797500000000014,6.869166666666682,6.95249999999999,7.247234042553194
2376,2022-12-28,6.8,6.67,6.81,6.66,6.81,25913.8,17345300.0,6.71,6.81,6.979999999999983,7.06,7.29,35.11,-0.16,-0.14,-0.02,新北洋,计算机、通信和其他电子设备制造业,主板,6.719999999999976,6.746250000000014,6.834166666666682,6.91312499999999,7.220638297872343
2376,2022-12-29,6.69,6.63,6.71,6.61,6.67,18021.6,11992100.0,6.7,6.77,6.951999999999982,7.03,7.29,33.87,-0.16,-0.14,-0.02,新北洋,计算机、通信和其他电子设备制造业,主板,6.697499999999977,6.713750000000014,6.805833333333347,6.87312499999999,7.195106382978726
2376,2022-12-30,6.67,6.69,6.71,6.63,6.63,13851.0,9253880.0,6.7,6.73,6.924999999999983,7.01,7.28,37.43,-0.16,-0.15,-0.01,新北洋,计算机、通信和其他电子设备制造业,主板,6.699999999999976,6.702500000000014,6.782500000000014,6.84312499999999,7.167872340425534
2376,2023-01-03,6.7,6.89,6.9,6.65,6.69,32326.4,22045100.0,6.74,6.73,6.905999999999982,6.99,7.28,47.56,-0.14,-0.15,0.01,新北洋,计算机、通信和其他电子设备制造业,主板,6.719999999999977,6.720000000000014,6.771666666666682,6.8318749999999895,7.142978723404257
2376,2023-01-04,6.9,6.97,6.99,6.86,6.89,34700.0,24100200.0,6.77,6.75,6.889499999999981,6.98,7.28,50.98,-0.11,-0.14,0.03,新北洋,计算机、通信和其他电子设备制造业,主板,6.794999999999977,6.757500000000014,6.762500000000014,6.824374999999989,7.124680851063832
2376,2023-01-05,6.98,6.94,6.98,6.9,6.97,22588.0,15658800.0,6.82,6.77,6.872999999999981,6.97,7.28,49.67,-0.1,-0.13,0.03,新北洋,计算机、通信和其他电子设备制造业,主板,6.8724999999999765,6.7850000000000135,6.766666666666681,6.822499999999989,7.108936170212768
2376,2023-01-06,6.94,6.89,6.95,6.88,6.94,21283.4,14715100.0,6.88,6.79,6.8589999999999804,6.96,7.27,47.49,-0.09,-0.12,0.03,新北洋,计算机、通信和其他电子设备制造业,主板,6.9224999999999755,6.811250000000014,6.775833333333348,6.817499999999989,7.096595744680853
2376,2023-01-09,6.89,6.9,6.98,6.89,6.89,21077.2,14594800.0,6.92,6.81,6.850499999999981,6.96,7.25,47.98,-0.07,-0.11,0.04,新北洋,计算机、通信和其他电子设备制造业,主板,6.924999999999976,6.822500000000013,6.788333333333348,6.80999999999999,7.08744680851064
2376,2023-01-10,6.9,6.86,6.92,6.83,6.9,19914.7,13683000.0,6.91,6.82,6.838999999999982,6.96,7.24,46.11,-0.07,-0.1,0.03,新北洋,计算机、通信和其他电子设备制造业,主板,6.897499999999976,6.846250000000013,6.804166666666681,6.79624999999999,7.081276595744683
2376,2023-01-11,6.86,6.81,6.91,6.8,6.86,18818.8,12895900.0,6.88,6.82,6.830999999999982,6.94,7.22,43.82,-0.07,-0.1,0.03,新北洋,计算机、通信和其他电子设备制造业,主板,6.864999999999976,6.868750000000013,6.811666666666682,6.79124999999999,7.071276595744684
2376,2023-01-12,6.84,6.83,6.89,6.78,6.81,19497.0,13331000.0,6.86,6.84,6.823999999999982,6.93,7.2,45.0,-0.06,-0.09,0.03,新北洋,计算机、通信和其他电子设备制造业,主板,6.8499999999999766,6.886250000000013,6.824166666666682,6.79437499999999,7.061276595744683
2376,2023-01-13,6.86,6.85,6.87,6.78,6.83,16431.2,11217000.0,6.85,6.86,6.8154999999999815,6.92,7.18,46.21,-0.06,-0.08,0.02,新北洋,计算机、通信和其他电子设备制造业,主板,6.837499999999977,6.881250000000013,6.827500000000015,6.8006249999999895,7.050851063829791
2376,2023-01-16,6.82,6.93,6.95,6.82,6.85,36101.0,24976000.0,6.86,6.89,6.807999999999981,6.91,7.16,50.89,-0.05,-0.08,0.03,新北洋,计算机、通信和其他电子设备制造业,主板,6.854999999999977,6.876250000000013,6.849166666666682,6.81687499999999,7.042978723404259
2376,2023-01-17,6.96,6.9,6.96,6.89,6.93,17912.4,12395200.0,6.86,6.89,6.808499999999983,6.9,7.14,49.16,-0.04,-0.07,0.03,新北洋,计算机、通信和其他电子设备制造业,主板,6.877499999999977,6.871250000000013,6.871666666666683,6.82812499999999,7.034042553191492
2376,2023-01-18,6.9,7.0,7.03,6.89,6.9,33468.0,23403500.0,6.9,6.89,6.819499999999982,6.89,7.13,54.68,-0.03,-0.06,0.03,新北洋,计算机、通信和其他电子设备制造业,主板,6.919999999999977,6.885000000000013,6.897500000000016,6.848124999999991,7.028723404255322
2376,2023-01-19,7.0,7.05,7.07,6.99,7.0,24081.5,16943100.0,6.95,6.9,6.8344999999999825,6.88,7.11,57.18,-0.02,-0.05,0.03,新北洋,计算机、通信和其他电子设备制造业,主板,6.969999999999976,6.903750000000013,6.91083333333335,6.86312499999999,7.022340425531918
2376,2023-01-20,7.05,7.08,7.15,6.99,7.05,36654.0,25873600.0,6.99,6.92,6.854999999999984,6.88,7.1,58.65,0.0,-0.04,0.04,新北洋,计算机、通信和其他电子设备制造业,主板,7.007499999999975,6.931250000000013,6.920000000000016,6.88874999999999,7.013404255319151
2376,2023-01-30,7.14,7.19,7.27,7.14,7.08,61155.0,44011400.0,7.04,6.95,6.878499999999984,6.88,7.08,63.6,0.02,-0.03,0.05,新北洋,计算机、通信和其他电子设备制造业,主板,7.079999999999975,6.978750000000012,6.940833333333349,6.92374999999999,7.007021276595747
2376,2023-01-31,7.1,7.14,7.2,7.08,7.19,36148.0,25787400.0,7.09,6.98,6.901499999999983,6.89,7.08,60.08,0.03,-0.02,0.05,新北洋,计算机、通信和其他电子设备制造业,主板,7.114999999999975,7.0175000000000125,6.961666666666683,6.9518749999999905,6.996595744680853
2376,2023-02-01,7.15,7.39,7.41,7.15,7.14,103689.0,76080000.0,7.17,7.04,6.930499999999983,6.9,7.07,69.25,0.06,0.0,0.06,新北洋,计算机、通信和其他电子设备制造业,主板,7.199999999999975,7.085000000000012,7.0025000000000155,6.9831249999999905,6.995531914893618
2376,2023-02-02,7.41,7.39,7.44,7.33,7.39,52161.5,38465400.0,7.24,7.09,6.966499999999982,6.91,7.08,69.25,0.08,0.01,0.07,新北洋,计算机、通信和其他电子设备制造业,主板,7.277499999999975,7.142500000000012,7.046666666666682,7.009374999999991,6.994255319148937
2376,2023-02-03,7.39,7.4,7.45,7.32,7.39,55403.4,40894300.0,7.3,7.15,7.004999999999983,6.93,7.08,69.57,0.1,0.03,0.07,新北洋,计算机、通信和其他电子设备制造业,主板,7.329999999999974,7.205000000000012,7.095833333333349,7.038124999999991,6.996808510638299
2376,2023-02-06,7.4,7.4,7.45,7.33,7.4,49350.6,36498100.0,7.34,7.19,7.040499999999983,6.94,7.08,69.57,0.11,0.05,0.06,新北洋,计算机、通信和其他电子设备制造业,主板,7.394999999999975,7.255000000000011,7.1433333333333495,7.069999999999991,7.00276595744681
2376,2023-02-07,7.39,7.43,7.44,7.37,7.4,38348.0,28407300.0,7.4,7.25,7.067499999999984,6.95,7.08,70.65,0.12,0.06,0.06,新北洋,计算机、通信和其他电子设备制造业,主板,7.4049999999999745,7.302500000000011,7.191666666666684,7.1031249999999915,7.010425531914895
2376,2023-02-08,7.43,7.38,7.52,7.37,7.43,36933.0,27465400.0,7.4,7.29,7.087999999999984,6.97,7.08,66.43,0.12,0.07,0.05,新北洋,计算机、通信和其他电子设备制造业,主板,7.402499999999975,7.3400000000000105,7.229166666666683,7.135624999999991,7.0168085106383
2376,2023-02-09,7.38,7.49,7.5,7.32,7.38,50026.0,37213400.0,7.42,7.33,7.115499999999985,7.0,7.09,70.59,0.14,0.09,0.05,新北洋,计算机、通信和其他电子设备制造业,主板,7.424999999999976,7.37750000000001,7.278333333333349,7.178124999999991,7.028297872340428
2376,2023-02-10,7.57,7.46,7.57,7.44,7.49,45810.0,34371400.0,7.43,7.37,7.143999999999986,7.03,7.09,68.11,0.14,0.1,0.04,新北洋,计算机、通信和其他电子设备制造业,主板,7.439999999999976,7.417500000000009,7.3166666666666815,7.2174999999999905,7.034680851063831
2376,2023-02-13,7.46,7.47,7.5,7.42,7.46,28903.0,21565300.0,7.45,7.4,7.172499999999985,7.05,7.09,68.51,0.14,0.11,0.03,新北洋,计算机、通信和其他电子设备制造业,主板,7.449999999999976,7.427500000000009,7.351666666666682,7.256249999999991,7.041702127659576
2376,2023-02-14,7.48,7.44,7.51,7.42,7.47,30321.7,22589100.0,7.45,7.42,7.201499999999984,7.08,7.1,65.86,0.14,0.11,0.03,新北洋,计算机、通信和其他电子设备制造业,主板,7.464999999999976,7.433750000000009,7.381666666666682,7.28812499999999,7.047021276595746
2376,2023-02-15,7.46,7.51,7.54,7.41,7.44,57317.5,42961900.0,7.47,7.44,7.2364999999999835,7.1,7.1,68.88,0.14,0.12,0.02,新北洋,计算机、通信和其他电子设备制造业,主板,7.469999999999976,7.44750000000001,7.408333333333349,7.32624999999999,7.052978723404257
2376,2023-02-16,7.5,7.4,7.61,7.34,7.51,67204.0,50436200.0,7.46,7.44,7.264999999999984,7.12,7.09,59.91,0.13,0.12,0.01,新北洋,计算机、通信和其他电子设备制造业,主板,7.454999999999975,7.44750000000001,7.430000000000017,7.3512499999999905,7.055744680851065
2376,2023-02-17,7.41,7.23,7.44,7.22,7.4,40335.0,29471300.0,7.41,7.42,7.283999999999983,7.14,7.09,49.23,0.11,0.12,-0.01,新北洋,计算机、通信和其他电子设备制造业,主板,7.394999999999975,7.422500000000009,7.416666666666683,7.362499999999991,7.054255319148938
2376,2023-02-20,7.25,7.39,7.4,7.21,7.23,41030.0,29956900.0,7.39,7.42,7.306999999999983,7.17,7.09,57.0,0.1,0.11,-0.01,新北洋,计算机、通信和其他电子设备制造业,主板,7.3824999999999745,7.423750000000008,7.416666666666683,7.381874999999991,7.0568085106383
2376,2023-02-21,7.38,7.36,7.44,7.31,7.39,34815.5,25692900.0,7.38,7.41,7.329999999999982,7.18,7.08,55.29,0.09,0.11,-0.02,新北洋,计算机、通信和其他电子设备制造业,主板,7.344999999999976,7.407500000000009,7.413333333333349,7.392499999999991,7.060851063829789
2376,2023-02-22,7.31,7.41,7.42,7.29,7.36,29438.0,21654600.0,7.36,7.42,7.3504999999999825,7.2,7.09,57.57,0.09,0.11,-0.02,新北洋,计算机、通信和其他电子设备制造业,主板,7.347499999999977,7.401250000000009,7.414166666666682,7.409374999999991,7.068085106382981
2376,2023-02-23,7.45,7.32,7.45,7.28,7.41,29133.4,21378200.0,7.34,7.4,7.363999999999981,7.21,7.09,52.39,0.08,0.1,-0.02,新北洋,计算机、通信和其他电子设备制造业,主板,7.369999999999977,7.382500000000009,7.405000000000015,7.404999999999991,7.072978723404258
2376,2023-02-24,7.32,7.4,7.42,7.29,7.32,42327.0,31202800.0,7.38,7.39,7.379999999999981,7.23,7.1,56.17,0.08,0.1,-0.02,新北洋,计算机、通信和其他电子设备制造业,主板,7.372499999999977,7.37750000000001,7.406666666666683,7.405624999999992,7.0821276595744695
2376,2023-02-27,7.37,7.26,7.39,7.23,7.4,48360.8,35270000.0,7.35,7.37,7.383499999999981,7.24,7.1,48.86,0.06,0.09,-0.03,新北洋,计算机、通信和其他电子设备制造业,主板,7.347499999999977,7.346250000000011,7.387500000000017,7.396874999999992,7.088297872340426
2376,2023-02-28,7.31,7.5,7.54,7.3,7.26,86544.6,64630200.0,7.38,7.38,7.401499999999982,7.26,7.11,58.76,0.07,0.09,-0.02,新北洋,计算机、通信和其他电子设备制造业,主板,7.369999999999977,7.358750000000012,7.390833333333351,7.403124999999991,7.098510638297873
2376,2023-03-01,7.47,7.61,7.61,7.45,7.5,53928.3,40858700.0,7.42,7.39,7.412499999999983,7.29,7.12,62.36,0.08,0.08,0.0,新北洋,计算机、通信和其他电子设备制造业,主板,7.442499999999978,7.406250000000012,7.402500000000018,7.414374999999991,7.109787234042555
2376,2023-03-02,7.61,7.57,7.65,7.54,7.61,35205.0,26737100.0,7.47,7.4,7.421499999999983,7.31,7.12,60.3,0.1,0.09,0.01,新北洋,计算机、通信和其他电子设备制造业,主板,7.484999999999978,7.428750000000013,7.413333333333351,7.426249999999991,7.124255319148938
2376,2023-03-03,7.56,7.55,7.61,7.48,7.57,34923.0,26332400.0,7.5,7.44,7.428999999999983,7.34,7.13,59.25,0.09,0.09,0.0,新北洋,计算机、通信和其他电子设备制造业,主板,7.557499999999978,7.452500000000013,7.416666666666683,7.429999999999991,7.140638297872343
2376,2023-03-06,7.55,7.53,7.63,7.5,7.55,37918.0,28681600.0,7.55,7.45,7.435499999999983,7.36,7.13,58.15,0.09,0.09,0.0,新北洋,计算机、通信和其他电子设备制造业,主板,7.564999999999978,7.467500000000014,7.427500000000016,7.434374999999991,7.157234042553194
2376,2023-03-07,7.54,7.36,7.58,7.34,7.53,37580.1,27985600.0,7.52,7.45,7.4319999999999835,7.37,7.14,49.74,0.08,0.09,-0.01,新北洋,计算机、通信和其他电子设备制造业,主板,7.502499999999978,7.4725000000000135,7.4383333333333495,7.427499999999991,7.171914893617023
2376,2023-03-08,7.35,7.5,7.5,7.34,7.36,29658.1,22121200.0,7.5,7.46,7.437999999999984,7.39,7.14,55.45,0.08,0.09,-0.01,新北洋,计算机、通信和其他电子设备制造业,主板,7.484999999999978,7.4850000000000145,7.447500000000016,7.4312499999999915,7.188510638297874
2376,2023-03-09,7.5,7.59,7.61,7.45,7.5,37011.2,27880500.0,7.51,7.49,7.442999999999984,7.4,7.14,58.71,0.08,0.08,0.0,新北洋,计算机、通信和其他电子设备制造业,主板,7.494999999999979,7.526250000000014,7.466666666666683,7.436249999999991,7.207872340425533
2376,2023-03-10,7.53,7.46,7.59,7.44,7.59,31788.3,23843900.0,7.49,7.49,7.442999999999984,7.42,7.15,52.72,0.07,0.08,-0.01,新北洋,计算机、通信和其他电子设备制造业,主板,7.477499999999978,7.521250000000014,7.470833333333349,7.439999999999991,7.221702127659575
2376,2023-03-13,7.45,7.59,7.62,7.4,7.46,46378.2,34952400.0,7.5,7.53,7.448999999999984,7.43,7.16,57.4,0.08,0.08,0.0,新北洋,计算机、通信和其他电子设备制造业,主板,7.534999999999979,7.518750000000015,7.493333333333349,7.462499999999991,7.24127659574468
2376,2023-03-14,7.6,7.47,7.6,7.41,7.59,39613.8,29646800.0,7.52,7.52,7.450499999999984,7.44,7.16,52.26,0.07,0.08,-0.01,新北洋,计算机、通信和其他电子设备制造业,主板,7.5274999999999785,7.506250000000015,7.499166666666682,7.4674999999999905,7.259148936170213
2376,2023-03-15,7.49,7.45,7.55,7.44,7.47,38380.0,28747000.0,7.51,7.51,7.447499999999984,7.44,7.17,51.43,0.06,0.08,-0.02,新北洋,计算机、通信和其他电子设备制造业,主板,7.492499999999979,7.493750000000015,7.515000000000015,7.473124999999991,7.275319148936171
2376,2023-03-16,7.48,7.35,7.5,7.31,7.45,48950.0,36155800.0,7.46,7.49,7.444999999999983,7.44,7.18,47.4,0.04,0.07,-0.03,新北洋,计算机、通信和其他电子设备制造业,主板,7.4649999999999785,7.471250000000014,7.502500000000015,7.4693749999999905,7.285106382978724
2376,2023-03-17,7.4,7.53,7.57,7.38,7.35,50762.9,38132800.0,7.48,7.48,7.459999999999984,7.45,7.19,54.34,0.05,0.06,-0.01,新北洋,计算机、通信和其他电子设备制造业,主板,7.449999999999979,7.492500000000014,7.495833333333348,7.482499999999991,7.2970212765957445
2376,2023-03-20,7.59,7.52,7.64,7.48,7.53,40759.9,30756100.0,7.46,7.48,7.466499999999985,7.45,7.19,53.92,0.05,0.06,-0.01,新北洋,计算机、通信和其他电子设备制造业,主板,7.462499999999979,7.495000000000013,7.491666666666681,7.48999999999999,7.309361702127659
2376,2023-03-21,7.54,7.67,7.69,7.45,7.52,61090.2,46639200.0,7.5,7.51,7.481999999999983,7.46,7.21,59.1,0.06,0.06,0.0,新北洋,计算机、通信和其他电子设备制造业,主板,7.51749999999998,7.505000000000013,7.501666666666682,7.51562499999999,7.325957446808511
2376,2023-03-22,7.69,7.75,7.76,7.66,7.67,46782.3,36135200.0,7.56,7.54,7.498999999999984,7.47,7.22,61.58,0.08,0.07,0.01,新北洋,计算机、通信和其他电子设备制造业,主板,7.61749999999998,7.541250000000013,7.520000000000015,7.53124999999999,7.34404255319149
2376,2023-03-23,7.74,7.78,7.8,7.65,7.75,47512.4,36778500.0,7.65,7.56,7.521999999999984,7.48,7.24,62.49,0.09,0.07,0.02,新北洋,计算机、通信和其他电子设备制造业,主板,7.67999999999998,7.565000000000012,7.555000000000015,7.5418749999999894,7.363617021276595
2376,2023-03-24,7.77,7.88,7.9,7.73,7.78,54422.4,42573400.0,7.72,7.6,7.545999999999983,7.5,7.26,65.46,0.11,0.08,0.03,新北洋,计算机、通信和其他电子设备制造业,主板,7.769999999999981,7.6162500000000115,7.586666666666681,7.5612499999999905,7.386382978723404
2376,2023-03-27,7.91,8.0,8.09,7.83,7.88,98293.0,78304200.0,7.82,7.64,7.582999999999984,7.51,7.28,68.66,0.13,0.09,0.04,新北洋,计算机、通信和其他电子设备制造业,主板,7.852499999999981,7.685000000000011,7.620833333333348,7.589374999999991,7.41127659574468
2376,2023-03-28,8.03,7.99,8.09,7.94,8.0,74553.1,59801500.0,7.88,7.69,7.607499999999985,7.53,7.3,68.09,0.14,0.1,0.04,新北洋,计算机、通信和其他电子设备制造业,主板,7.912499999999982,7.76500000000001,7.665000000000014,7.61812499999999,7.435531914893616
2376,2023-03-29,7.98,8.01,8.21,7.81,7.99,95801.6,76962000.0,7.93,7.75,7.6274999999999835,7.55,7.32,68.65,0.15,0.11,0.04,新北洋,计算机、通信和其他电子设备制造业,主板,7.969999999999981,7.82500000000001,7.700000000000014,7.65874999999999,7.458510638297871
2376,2023-03-30,8.04,7.9,8.07,7.83,8.01,63406.3,50330800.0,7.96,7.8,7.643999999999984,7.56,7.34,62.22,0.15,0.12,0.03,新北洋,计算机、通信和其他电子设备制造业,主板,7.974999999999981,7.872500000000011,7.735833333333349,7.683749999999989,7.479787234042552
2376,2023-03-31,7.95,8.06,8.07,7.78,7.9,61367.7,48764900.0,7.99,7.86,7.669499999999983,7.59,7.37,67.05,0.17,0.13,0.04,新北洋,计算机、通信和其他电子设备制造业,主板,7.989999999999981,7.921250000000011,7.786666666666682,7.713124999999989,7.502340425531914
2376,2023-04-03,8.06,8.1,8.21,7.95,8.06,72699.6,58757300.0,8.01,7.91,7.6979999999999835,7.62,7.39,68.15,0.18,0.14,0.04,新北洋,计算机、通信和其他电子设备制造业,主板,8.01749999999998,7.9650000000000105,7.849166666666682,7.753124999999989,7.524680851063829
2376,2023-04-04,8.07,8.03,8.17,7.96,8.1,65796.5,53016500.0,8.02,7.95,7.731499999999983,7.64,7.41,64.12,0.17,0.14,0.03,新北洋,计算机、通信和其他电子设备制造业,主板,8.022499999999981,7.9962500000000105,7.890833333333348,7.780624999999988,7.544893617021276
2376,2023-04-06,8.03,7.96,8.03,7.9,8.03,46683.0,37135600.0,8.01,7.97,7.754499999999983,7.66,7.43,60.29,0.16,0.15,0.01,新北洋,计算机、通信和其他电子设备制造业,主板,8.037499999999982,8.00625000000001,7.927500000000015,7.811249999999989,7.56127659574468
2376,2023-04-07,8.02,8.08,8.09,7.9,7.96,47848.0,38269500.0,8.05,8.0,7.778999999999984,7.68,7.45,64.24,0.17,0.15,0.02,新北洋,计算机、通信和其他电子设备制造业,主板,8.04249999999998,8.01625000000001,7.961666666666681,7.850624999999989,7.581276595744679
2376,2023-04-10,8.08,8.0,8.39,8.0,8.08,145063.0,118531000.0,8.03,8.01,7.805999999999983,7.7,7.46,59.96,0.16,0.15,0.01,新北洋,计算机、通信和其他电子设备制造业,主板,8.01749999999998,8.01750000000001,7.982500000000015,7.8912499999999905,7.594255319148935
2376,2023-04-11,8.0,8.02,8.08,7.9,8.0,67894.0,54253600.0,8.02,8.02,7.827499999999984,7.73,7.48,60.66,0.16,0.15,0.01,新北洋,计算机、通信和其他电子设备制造业,主板,8.01499999999998,8.01875000000001,8.002500000000014,7.921874999999991,7.607659574468084
2376,2023-04-12,8.05,8.19,8.2,8.01,8.02,54412.5,44210100.0,8.05,8.04,7.863499999999983,7.75,7.51,66.13,0.16,0.16,0.0,新北洋,计算机、通信和其他电子设备制造业,主板,8.072499999999978,8.055000000000009,8.028333333333348,7.963749999999991,7.624468085106383
2376,2023-04-13,8.15,8.11,8.23,8.09,8.19,47809.0,38936600.0,8.08,8.04,7.896499999999984,7.77,7.53,61.78,0.16,0.16,0.0,新北洋,计算机、通信和其他电子设备制造业,主板,8.079999999999979,8.061250000000008,8.037500000000014,7.991249999999991,7.639574468085106
2376,2023-04-14,8.11,8.11,8.21,8.04,8.11,43832.6,35603600.0,8.09,8.07,7.934499999999984,7.78,7.55,61.78,0.16,0.16,0.0,新北洋,计算机、通信和其他电子设备制造业,主板,8.107499999999979,8.062500000000009,8.047500000000015,8.013749999999991,7.6540425531914895
2376,2023-04-17,8.06,7.93,8.1,7.91,8.11,48838.0,38880600.0,8.07,8.05,7.954499999999984,7.8,7.57,52.73,0.13,0.15,-0.02,新北洋,计算机、通信和其他电子设备制造业,主板,8.08499999999998,8.050000000000008,8.040833333333348,8.023124999999991,7.6657446808510645
2376,2023-04-18,7.93,7.91,8.01,7.85,7.93,51080.1,40541500.0,8.05,8.03,7.973999999999984,7.81,7.58,51.82,0.12,0.15,-0.03,新北洋,计算机、通信和其他电子设备制造业,主板,8.01499999999998,8.043750000000008,8.04166666666668,8.024999999999991,7.6746808510638305
2376,2023-04-19,7.91,7.93,8.07,7.91,7.91,42494.9,33971100.0,8.0,8.02,7.986999999999985,7.83,7.6,52.7,0.11,0.14,-0.03,新北洋,计算机、通信和其他电子设备制造业,主板,7.969999999999979,8.025000000000007,8.030833333333346,8.020624999999992,7.684680851063831
2376,2023-04-20,7.92,7.93,7.98,7.85,7.93,33205.0,26301300.0,7.96,8.02,7.995999999999985,7.84,7.62,52.7,0.09,0.13,-0.04,新北洋,计算机、通信和其他电子设备制造业,主板,7.924999999999979,8.016250000000007,8.01666666666668,8.016874999999992,7.694468085106384
2376,2023-04-21,7.96,7.58,7.98,7.55,7.93,64291.0,49508100.0,7.86,7.97,7.9859999999999856,7.84,7.62,38.48,0.06,0.12,-0.06,新北洋,计算机、通信和其他电子设备制造业,主板,7.837499999999979,7.961250000000007,7.979166666666679,7.989999999999992,7.697446808510639
2376,2023-04-24,7.57,7.57,7.75,7.49,7.58,48184.7,36652100.0,7.78,7.93,7.970499999999985,7.85,7.63,38.16,0.02,0.1,-0.08,新北洋,计算机、通信和其他电子设备制造业,主板,7.752499999999979,7.883750000000006,7.9466666666666805,7.969374999999992,7.69872340425532
2376,2023-04-25,7.51,7.42,7.54,7.32,7.57,47489.9,35267900.0,7.69,7.87,7.941499999999985,7.84,7.64,33.68,-0.02,0.07,-0.09,新北洋,计算机、通信和其他电子设备制造业,主板,7.624999999999979,7.7975000000000065,7.891666666666681,7.929374999999991,7.699148936170214
2376,2023-04-26,7.39,7.33,7.58,7.32,7.42,64729.0,48134500.0,7.57,7.78,7.908499999999985,7.84,7.64,31.3,-0.06,0.05,-0.11,新北洋,计算机、通信和其他电子设备制造业,主板,7.474999999999978,7.700000000000006,7.835833333333348,7.8812499999999925,7.701276595744682
2376,2023-04-27,7.34,7.28,7.41,7.24,7.33,52289.9,38249400.0,7.44,7.7,7.871999999999986,7.83,7.64,30.04,-0.09,0.02,-0.11,新北洋,计算机、通信和其他电子设备制造业,主板,7.399999999999979,7.618750000000007,7.774166666666681,7.8343749999999925,7.698936170212766
2376,2023-04-28,7.32,7.48,7.51,7.25,7.28,45974.2,34086600.0,7.42,7.64,7.850999999999985,7.84,7.64,40.43,-0.09,0.0,-0.09,新北洋,计算机、通信和其他电子设备制造业,主板,7.377499999999978,7.565000000000007,7.715000000000015,7.804374999999992,7.701489361702128
2376,2023-05-04,7.45,7.47,7.56,7.33,7.48,71668.9,53351500.0,7.4,7.59,7.821499999999984,7.83,7.64,40.11,-0.1,-0.02,-0.08,新北洋,计算机、通信和其他电子设备制造业,主板,7.3899999999999775,7.5075000000000065,7.661666666666682,7.766249999999993,7.702765957446809
2376,2023-05-05,7.47,7.44,7.51,7.36,7.47,41310.4,30707900.0,7.4,7.54,7.788499999999985,7.83,7.64,39.1,-0.1,-0.04,-0.06,新北洋,计算机、通信和其他电子设备制造业,主板,7.417499999999977,7.446250000000007,7.605833333333348,7.731249999999994,7.705319148936171
2376,2023-05-08,7.46,7.52,7.55,7.42,7.44,37088.4,27778600.0,7.44,7.5,7.762999999999986,7.83,7.64,43.18,-0.1,-0.05,-0.05,新北洋,计算机、通信和其他电子设备制造业,主板,7.477499999999978,7.438750000000008,7.571666666666682,7.699999999999995,7.707872340425533
2376,2023-05-09,7.45,7.4,7.55,7.38,7.52,36466.4,27228300.0,7.46,7.45,7.734999999999985,7.81,7.64,38.97,-0.11,-0.06,-0.05,新北洋,计算机、通信和其他电子设备制造业,主板,7.457499999999977,7.417500000000008,7.529166666666683,7.6506249999999945,7.710851063829788
2376,2023-05-10,7.4,7.44,7.53,7.37,7.4,34067.0,25361400.0,7.45,7.44,7.702999999999984,7.8,7.64,41.03,-0.1,-0.07,-0.03,新北洋,计算机、通信和其他电子设备制造业,主板,7.449999999999978,7.420000000000009,7.488333333333348,7.608749999999994,7.709574468085107
2376,2023-05-11,7.43,7.42,7.51,7.37,7.44,32870.6,24446100.0,7.44,7.42,7.6739999999999835,7.79,7.64,40.3,-0.11,-0.08,-0.03,新北洋,计算机、通信和其他电子设备制造业,主板,7.444999999999978,7.431250000000009,7.44583333333335,7.5656249999999945,7.705531914893617
2376,2023-05-12,7.47,7.41,7.47,7.38,7.42,26041.4,19318600.0,7.44,7.42,7.6434999999999835,7.77,7.64,39.91,-0.1,-0.08,-0.02,新北洋,计算机、通信和其他电子设备制造业,主板,7.417499999999978,7.447500000000009,7.431666666666683,7.533124999999995,7.70212765957447
2376,2023-05-15,7.38,7.39,7.41,7.24,7.41,42452.4,31102800.0,7.41,7.42,7.603499999999983,7.75,7.64,39.11,-0.11,-0.09,-0.02,新北洋,计算机、通信和其他电子设备制造业,主板,7.414999999999978,7.436250000000008,7.416666666666683,7.500624999999995,7.69872340425532
2376,2023-05-16,7.37,7.3,7.42,7.29,7.39,29032.0,21329900.0,7.39,7.43,7.562999999999983,7.72,7.64,35.63,-0.12,-0.09,-0.03,新北洋,计算机、通信和其他电子设备制造业,主板,7.379999999999977,7.415000000000008,7.406666666666683,7.461249999999994,7.693829787234044
2376,2023-05-17,7.27,7.39,7.4,7.27,7.3,23578.0,17325200.0,7.38,7.42,7.5269999999999815,7.71,7.64,41.26,-0.11,-0.1,-0.01,新北洋,计算机、通信和其他电子设备制造业,主板,7.372499999999976,7.408750000000008,7.411666666666683,7.427499999999995,7.694468085106384
2376,2023-05-18,7.4,8.13,8.13,7.38,7.39,148850.0,117691000.0,7.52,7.48,7.53699999999998,7.71,7.65,66.89,-0.05,-0.09,0.04,新北洋,计算机、通信和其他电子设备制造业,主板,7.552499999999976,7.485000000000008,7.482500000000016,7.461874999999995,7.707872340425533
2376,2023-05-19,8.1,7.98,8.2,7.96,8.13,182114.0,146485000.0,7.64,7.54,7.54049999999998,7.7,7.66,61.07,-0.01,-0.07,0.06,新北洋,计算机、通信和其他电子设备制造业,主板,7.699999999999976,7.557500000000009,7.524166666666683,7.487499999999995,7.7161702127659595
2376,2023-05-22,7.98,7.86,8.1,7.77,7.98,122395.0,96195600.0,7.73,7.57,7.53699999999998,7.7,7.67,56.81,0.01,-0.06,0.07,新北洋,计算机、通信和其他电子设备制造业,主板,7.839999999999976,7.61000000000001,7.556666666666683,7.514999999999995,7.724680851063832
2376,2023-05-23,7.85,7.95,8.04,7.75,7.86,138939.0,110678000.0,7.86,7.63,7.53799999999998,7.7,7.68,59.12,0.04,-0.04,0.08,新北洋,计算机、通信和其他电子设备制造业,主板,7.979999999999976,7.67625000000001,7.599166666666683,7.553749999999995,7.732340425531918
2376,2023-05-24,7.97,8.0,8.05,7.83,7.95,106814.0,84976700.0,7.98,7.68,7.558999999999979,7.7,7.69,60.38,0.05,-0.02,0.07,新北洋,计算机、通信和其他电子设备制造业,主板,7.947499999999975,7.750000000000011,7.639166666666683,7.598749999999994,7.743617021276598
2376,2023-05-25,7.99,7.93,8.04,7.76,8.0,92394.0,72861800.0,7.94,7.73,7.5769999999999795,7.69,7.7,57.69,0.06,0.0,0.06,新北洋,计算机、通信和其他电子设备制造业,主板,7.934999999999975,7.817500000000011,7.683333333333349,7.626874999999994,7.753829787234045
2376,2023-05-26,7.93,7.95,8.04,7.9,7.93,53453.0,42596500.0,7.94,7.79,7.60349999999998,7.69,7.71,58.26,0.07,0.01,0.06,新北洋,计算机、通信和其他电子设备制造业,主板,7.957499999999975,7.898750000000012,7.725833333333349,7.656874999999994,7.766595744680853
2376,2023-05-29,8.01,7.9,8.02,7.87,7.95,52199.3,41344300.0,7.95,7.84,7.631999999999979,7.68,7.72,56.22,0.08,0.02,0.06,新北洋,计算机、通信和其他电子设备制造业,主板,7.9449999999999745,7.962500000000013,7.76583333333335,7.685624999999995,7.774468085106385
2376,2023-05-30,7.91,7.97,7.97,7.8,7.9,48598.4,38370600.0,7.95,7.91,7.66649999999998,7.68,7.72,58.42,0.08,0.04,0.04,新北洋,计算机、通信和其他电子设备制造业,主板,7.937499999999975,7.942500000000012,7.812500000000017,7.713749999999995,7.784042553191492
2376,2023-05-31,7.88,8.0,8.03,7.88,7.97,49394.9,39360000.0,7.95,7.97,7.6924999999999795,7.67,7.73,59.36,0.09,0.05,0.04,新北洋,计算机、通信和其他电子设备制造业,主板,7.954999999999975,7.945000000000013,7.86333333333335,7.7512499999999935,7.7910638297872365
2376,2023-06-01,7.94,8.04,8.1,7.88,8.0,71777.5,57512300.0,7.97,7.96,7.72099999999998,7.68,7.74,60.64,0.1,0.06,0.04,新北洋,计算机、通信和其他电子设备制造业,主板,7.977499999999975,7.967500000000014,7.925000000000018,7.788749999999993,7.797234042553194
2376,2023-06-02,8.04,8.07,8.14,7.91,8.04,93601.7,75399300.0,8.0,7.97,7.752499999999979,7.68,7.75,61.62,0.11,0.07,0.04,新北洋,计算机、通信和其他电子设备制造业,主板,8.019999999999976,7.982500000000014,7.981666666666684,7.829374999999993,7.803404255319152
2376,2023-06-05,8.08,8.16,8.19,8.04,8.07,58425.6,47555100.0,8.05,8.0,7.784499999999978,7.69,7.76,64.47,0.12,0.08,0.04,新北洋,计算机、通信和其他电子设备制造业,主板,8.067499999999978,8.002500000000014,7.984166666666685,7.8762499999999935,7.809361702127664
2376,2023-06-06,8.14,7.99,8.14,7.97,8.16,54463.9,43857800.0,8.05,8.0,7.813999999999979,7.69,7.77,56.01,0.11,0.08,0.03,新北洋,计算机、通信和其他电子设备制造业,主板,8.064999999999978,8.010000000000012,7.985000000000017,7.913749999999994,7.809148936170217
2376,2023-06-07,8.0,8.1,8.17,7.95,7.99,45699.9,36985100.0,8.07,8.01,7.846999999999978,7.71,7.78,59.7,0.11,0.09,0.02,新北洋,计算机、通信和其他电子设备制造业,主板,8.079999999999979,8.028750000000011,8.005000000000017,7.963749999999995,7.811489361702132
2376,2023-06-08,8.02,7.88,8.02,7.83,8.1,43724.8,34463700.0,8.04,8.01,7.869999999999979,7.72,7.78,50.57,0.1,0.09,0.01,新北洋,计算机、通信和其他电子设备制造业,主板,8.03249999999998,8.02625000000001,7.9991666666666825,7.994374999999995,7.808723404255324
2376,2023-06-09,7.88,7.92,7.98,7.81,7.88,33439.3,26392400.0,8.01,8.0,7.895499999999979,7.74,7.79,52.01,0.09,0.09,0.0,新北洋,计算机、通信和其他电子设备制造业,主板,7.97249999999998,8.02000000000001,7.992500000000017,7.981249999999996,7.809148936170218
2376,2023-06-12,7.9,7.84,7.98,7.82,7.92,46760.0,36825600.0,7.95,8.0,7.91799999999998,7.75,7.8,48.94,0.07,0.09,-0.02,新北洋,计算机、通信和其他电子设备制造业,主板,7.934999999999979,8.00000000000001,7.985000000000016,7.972499999999996,7.804468085106388
2376,2023-06-13,7.88,8.01,8.03,7.82,7.84,70695.0,56287000.0,7.95,8.0,7.953499999999979,7.78,7.8,55.01,0.07,0.08,-0.01,新北洋,计算机、通信和其他电子设备制造业,主板,7.912499999999978,7.996250000000011,7.990000000000016,7.981874999999996,7.802553191489366
2376,2023-06-14,8.03,7.98,8.08,7.93,8.01,36254.2,28958400.0,7.93,8.0,7.982999999999978,7.79,7.81,53.79,0.07,0.08,-0.01,新北洋,计算机、通信和其他电子设备制造业,主板,7.937499999999978,7.985000000000011,7.996666666666683,7.983749999999996,7.801489361702133
2376,2023-06-15,7.98,7.9,8.14,7.85,7.98,66919.0,53223400.0,7.93,7.98,7.971499999999979,7.81,7.82,50.59,0.06,0.08,-0.02,新北洋,计算机、通信和其他电子设备制造业,主板,7.932499999999978,7.952500000000011,7.99083333333335,7.977499999999996,7.800212765957452
2376,2023-06-16,7.89,7.96,8.02,7.79,7.9,49240.7,39091400.0,7.94,7.97,7.97049999999998,7.83,7.83,52.86,0.06,0.07,-0.01,新北洋,计算机、通信和其他电子设备制造业,主板,7.962499999999978,7.94875000000001,7.987500000000016,7.979374999999996,7.79765957446809
2376,2023-06-19,7.96,7.98,8.05,7.9,7.96,32982.0,26323900.0,7.97,7.96,7.976499999999978,7.84,7.83,53.62,0.05,0.07,-0.02,新北洋,计算机、通信和其他电子设备制造业,主板,7.954999999999979,7.93375000000001,7.982500000000016,7.981249999999995,7.797234042553197
2376,2023-06-20,8.0,8.16,8.17,7.94,7.98,106258.0,86073300.0,8.0,7.97,7.986999999999979,7.87,7.84,59.92,0.07,0.07,0.0,新北洋,计算机、通信和其他电子设备制造业,主板,7.99999999999998,7.96875000000001,7.990000000000016,7.997499999999995,7.800212765957453
2376,2023-06-21,8.16,8.07,8.29,8.05,8.16,110476.0,90036600.0,8.01,7.97,7.990499999999979,7.89,7.85,55.84,0.07,0.07,0.0,新北洋,计算机、通信和其他电子设备制造业,主板,8.04249999999998,7.98750000000001,7.982500000000016,8.003749999999995,7.797659574468091
2376,2023-06-26,8.01,7.72,8.02,7.7,8.07,81555.0,63961100.0,7.98,7.95,7.979999999999978,7.9,7.84,43.43,0.04,0.06,-0.02,新北洋,计算机、通信和其他电子设备制造业,主板,7.98249999999998,7.972500000000009,7.960000000000016,7.986249999999995,7.789361702127666
2376,2023-06-27,7.71,7.88,7.95,7.66,7.72,44601.0,34991800.0,7.96,7.95,7.976499999999978,7.91,7.84,49.01,0.03,0.06,-0.03,新北洋,计算机、通信和其他电子设备制造业,主板,7.957499999999981,7.956250000000009,7.941666666666683,7.976249999999995,7.784468085106389
2376,2023-06-28,7.92,7.82,7.95,7.59,7.88,63236.3,48913500.0,7.93,7.95,7.972499999999978,7.93,7.84,47.13,0.02,0.05,-0.03,新北洋,计算机、通信和其他电子设备制造业,主板,7.87249999999998,7.936250000000008,7.936666666666684,7.960624999999995,7.782127659574474
2376,2023-06-29,7.79,8.17,8.35,7.79,7.82,111869.0,90901600.0,7.93,7.96,7.982499999999978,7.96,7.84,57.38,0.03,0.05,-0.02,新北洋,计算机、通信和其他电子设备制造业,主板,7.8974999999999795,7.970000000000009,7.957500000000017,7.961249999999994,7.7876595744680905
2376,2023-06-30,8.18,8.07,8.21,8.06,8.17,53974.0,43772800.0,7.93,7.97,7.985999999999978,7.98,7.84,54.15,0.04,0.04,0.0,新北洋,计算机、通信和其他电子设备制造业,主板,7.98499999999998,7.983750000000009,7.9766666666666834,7.966249999999994,7.790638297872346
2376,2023-07-03,8.07,8.08,8.14,7.93,8.07,68550.7,55125900.0,8.0,7.99,7.987999999999978,7.98,7.84,54.43,0.04,0.04,0.0,新北洋,计算机、通信和其他电子设备制造业,主板,8.034999999999979,7.996250000000009,7.982500000000016,7.9649999999999945,7.793829787234047
2376,2023-07-04,8.06,8.14,8.15,8.01,8.08,44630.2,36129300.0,8.06,8.01,7.991499999999979,7.98,7.84,56.14,0.06,0.05,0.01,新北洋,计算机、通信和其他电子设备制造业,主板,8.114999999999979,7.993750000000009,7.995833333333349,7.981249999999996,7.805744680851069
2376,2023-07-05,8.11,8.06,8.21,8.04,8.14,57565.1,46818800.0,8.1,8.02,7.98649999999998,7.99,7.84,53.27,0.05,0.05,0.0,新北洋,计算机、通信和其他电子设备制造业,主板,8.087499999999979,7.9925000000000095,8.009166666666681,7.989999999999996,7.816170212765963
2376,2023-07-06,8.07,8.06,8.18,7.95,8.06,38716.6,31312700.0,8.08,8.01,7.989999999999979,7.99,7.85,53.27,0.05,0.05,0.0,新北洋,计算机、通信和其他电子设备制造业,主板,8.08499999999998,8.035000000000009,8.017500000000016,8.003749999999995,7.829787234042558
2376,2023-07-07,8.05,7.89,8.05,7.82,8.06,47925.0,37867900.0,8.05,7.99,7.9794999999999785,7.99,7.84,47.32,0.04,0.05,-0.01,新北洋,计算机、通信和其他电子设备制造业,主板,8.03749999999998,8.03625000000001,8.010000000000016,7.996249999999994,7.8417021276595795
2376,2023-07-10,7.97,7.83,7.97,7.8,7.89,36613.6,28757900.0,8.0,8.0,7.97699999999998,7.99,7.84,45.39,0.02,0.04,-0.02,新北洋,计算机、通信和其他电子设备制造业,主板,7.9599999999999795,8.037500000000009,7.982500000000016,7.986874999999993,7.853404255319154
2376,2023-07-11,7.85,7.97,8.01,7.81,7.83,36334.2,28850700.0,7.96,8.01,7.97949999999998,7.99,7.84,50.46,0.02,0.04,-0.02,新北洋,计算机、通信和其他电子设备制造业,主板,7.937499999999979,8.012500000000008,7.974166666666683,7.991249999999994,7.863829787234048
2376,2023-07-12,7.96,7.86,8.12,7.84,7.97,53180.0,42376700.0,7.92,8.01,7.980499999999981,7.99,7.83,46.78,0.01,0.03,-0.02,新北洋,计算机、通信和其他电子设备制造业,主板,7.887499999999978,7.986250000000008,7.98583333333335,7.984999999999995,7.872127659574473
2376,2023-07-13,7.98,8.01,8.05,7.85,7.86,40302.0,32041200.0,7.91,8.0,7.980499999999981,7.99,7.83,51.93,0.01,0.03,-0.02,新北洋,计算机、通信和其他电子设备制造业,主板,7.917499999999977,7.977500000000008,7.996666666666684,7.986874999999995,7.884255319148941
2376,2023-07-14,7.99,8.08,8.21,7.99,8.01,70019.5,56936400.0,7.95,8.0,7.985499999999982,7.99,7.83,54.16,0.02,0.03,-0.01,新北洋,计算机、通信和其他电子设备制造业,主板,7.979999999999977,7.970000000000008,8.01833333333335,7.981874999999995,7.896170212765963
2376,2023-07-17,8.08,8.17,8.19,8.03,8.08,77320.2,63060400.0,8.02,8.01,7.998999999999981,7.99,7.84,56.92,0.03,0.03,0.0,新北洋,计算机、通信和其他电子设备制造业,主板,8.029999999999978,7.983750000000008,8.01833333333335,7.988124999999995,7.912553191489367
2376,2023-07-18,8.2,8.22,8.4,8.12,8.17,78246.4,64712500.0,8.07,8.02,8.011999999999981,8.0,7.84,58.42,0.05,0.03,0.02,新北洋,计算机、通信和其他电子设备制造业,主板,8.119999999999978,8.003750000000007,8.03083333333335,8.019374999999995,7.929148936170219
2376,2023-07-19,8.22,8.13,8.3,8.08,8.22,76054.8,62021000.0,8.12,8.02,8.019499999999981,8.0,7.84,54.73,0.05,0.04,0.01,新北洋,计算机、通信和其他电子设备制造业,主板,8.149999999999979,8.033750000000007,8.035000000000016,8.034999999999995,7.944255319148942
2376,2023-07-20,8.13,7.92,8.16,7.9,8.13,69094.0,55338400.0,8.1,8.01,8.00749999999998,8.0,7.84,47.22,0.04,0.04,0.0,新北洋,计算机、通信和其他电子设备制造业,主板,8.10999999999998,8.045000000000007,8.016666666666683,8.041249999999994,7.955106382978729
2376,2023-07-21,7.91,7.88,8.01,7.86,7.92,54164.0,42871900.0,8.06,8.01,7.997999999999981,7.99,7.85,45.93,0.02,0.03,-0.01,新北洋,计算机、通信和其他电子设备制造业,主板,8.03749999999998,8.033750000000007,8.001666666666683,8.023124999999995,7.965531914893623
2376,2023-07-24,7.87,8.04,8.13,7.84,7.88,49680.0,39894600.0,8.04,8.03,8.01399999999998,7.99,7.86,51.63,0.02,0.03,-0.01,新北洋,计算机、通信和其他电子设备制造业,主板,7.99249999999998,8.056250000000007,8.000000000000016,8.021249999999995,7.981276595744687
2376,2023-07-25,8.1,8.08,8.1,7.96,8.04,49806.0,40130900.0,8.01,8.04,8.023999999999981,8.0,7.87,52.97,0.03,0.03,0.0,新北洋,计算机、通信和其他电子设备制造业,主板,7.979999999999979,8.065000000000007,8.01583333333335,8.021249999999995,7.995957446808517
2376,2023-07-26,8.1,7.93,8.1,7.91,8.08,47769.0,38039800.0,7.97,8.05,8.029499999999981,8.0,7.88,47.66,0.01,0.03,-0.02,新北洋,计算机、通信和其他电子设备制造业,主板,7.982499999999979,8.046250000000006,8.024166666666684,8.008124999999996,7.991702127659581
2376,2023-07-27,7.96,7.78,7.98,7.75,7.93,61828.9,48510700.0,7.94,8.02,8.009999999999982,7.99,7.89,43.01,0.0,0.02,-0.02,新北洋,计算机、通信和其他电子设备制造业,主板,7.957499999999979,7.997500000000006,8.00833333333335,7.990624999999996,7.987446808510644
2376,2023-07-28,7.84,7.98,7.99,7.74,7.78,61013.1,48179300.0,7.96,8.01,8.005499999999982,7.99,7.89,50.01,0.0,0.02,-0.02,新北洋,计算机、通信和其他电子设备制造业,主板,7.9424999999999795,7.9675000000000065,8.01833333333335,7.985624999999995,7.9900000000000055
2376,2023-07-31,7.98,7.93,8.01,7.9,7.98,39796.0,31648300.0,7.94,7.99,7.997999999999982,8.0,7.9,48.41,-0.01,0.01,-0.02,新北洋,计算机、通信和其他电子设备制造业,主板,7.90499999999998,7.942500000000005,8.011666666666683,7.988124999999996,7.989574468085112
2376,2023-08-01,7.93,7.93,7.94,7.86,7.93,32719.0,25865100.0,7.91,7.96,7.987499999999983,7.99,7.91,48.41,-0.01,0.01,-0.02,新北洋,计算机、通信和其他电子设备制造业,主板,7.90499999999998,7.943750000000005,7.9991666666666825,7.994374999999995,7.988085106382985
2376,2023-08-02,7.93,7.99,8.0,7.87,7.93,39216.7,31140500.0,7.92,7.95,7.983999999999983,8.0,7.92,50.61,0.0,0.01,-0.01,新北洋,计算机、通信和其他电子设备制造业,主板,7.95749999999998,7.957500000000004,7.984166666666682,7.995624999999995,7.989361702127666
2376,2023-08-03,7.97,8.03,8.07,7.89,7.99,43153.7,34515400.0,7.97,7.96,7.982499999999983,7.99,7.93,52.07,0.0,0.0,0.0,新北洋,计算机、通信和其他电子设备制造业,主板,7.96999999999998,7.956250000000003,7.968333333333349,8.006249999999994,7.991063829787239
2376,2023-08-04,8.18,8.51,8.83,8.06,8.03,431548.0,372425000.0,8.08,8.02,8.013499999999983,8.01,7.95,65.36,0.04,0.01,0.03,新北洋,计算机、通信和其他电子设备制造业,主板,8.11499999999998,8.010000000000003,8.000000000000016,8.037499999999994,8.004042553191494
2376,2023-08-07,8.42,8.51,8.69,8.41,8.51,301799.0,258202000.0,8.19,8.07,8.047499999999982,8.03,7.96,65.36,0.08,0.03,0.05,新北洋,计算机、通信和其他电子设备制造业,主板,8.25999999999998,8.082500000000003,8.049166666666684,8.064374999999993,8.015531914893621
2376,2023-08-08,8.53,8.28,8.55,8.22,8.51,184455.0,153089000.0,8.26,8.09,8.062999999999983,8.04,7.98,56.64,0.08,0.04,0.04,新北洋,计算机、通信和其他电子设备制造业,主板,8.33249999999998,8.145000000000003,8.082500000000017,8.071249999999994,8.021489361702132
2376,2023-08-09,8.24,8.2,8.41,8.15,8.28,156251.0,129002000.0,8.31,8.11,8.07999999999998,8.06,7.99,53.94,0.08,0.05,0.03,新北洋,计算机、通信和其他电子设备制造业,主板,8.374999999999979,8.172500000000003,8.095833333333351,8.069999999999993,8.02489361702128
2376,2023-08-10,8.21,7.78,8.22,7.68,8.2,263623.0,206665000.0,8.26,8.11,8.068499999999982,8.04,8.0,42.49,0.04,0.04,0.0,新北洋,计算机、通信和其他电子设备制造业,主板,8.19249999999998,8.153750000000002,8.07083333333335,8.048124999999994,8.018723404255322
2376,2023-08-11,7.77,7.51,7.77,7.5,7.78,175792.0,132911000.0,8.06,8.07,8.039999999999981,8.03,8.0,37.05,-0.01,0.03,-0.04,新北洋,计算机、通信和其他电子设备制造业,主板,7.9424999999999795,8.101250000000004,8.03583333333335,8.022499999999994,8.00489361702128
2376,2023-08-14,7.41,7.66,7.69,7.33,7.51,137370.0,103382000.0,7.89,8.04,8.01449999999998,8.01,8.0,41.53,-0.03,0.02,-0.05,新北洋,计算机、通信和其他电子设备制造业,主板,7.78749999999998,8.060000000000004,8.02583333333335,8.008749999999994,7.997872340425535
2376,2023-08-15,7.64,7.63,7.72,7.54,7.66,73977.6,56369500.0,7.76,8.01,7.984999999999981,8.0,7.99,40.9,-0.05,0.01,-0.06,新北洋,计算机、通信和其他电子设备制造业,主板,7.644999999999981,8.010000000000003,7.996666666666683,7.983124999999994,7.987872340425534
2376,2023-08-16,7.58,7.55,7.66,7.49,7.63,58598.6,44387000.0,7.63,7.97,7.955999999999982,7.98,7.98,39.2,-0.08,-0.01,-0.07,新北洋,计算机、通信和其他电子设备制造业,主板,7.587499999999981,7.890000000000003,7.965000000000015,7.949999999999995,7.98085106382979
2376,2023-08-17,7.51,7.55,7.57,7.44,7.55,91275.0,68587800.0,7.58,7.92,7.937499999999983,7.96,7.98,39.2,-0.11,-0.03,-0.08,新北洋,计算机、通信和其他电子设备制造业,主板,7.597499999999981,7.770000000000004,7.933333333333349,7.926249999999994,7.972978723404258
2376,2023-08-18,7.53,7.4,7.62,7.4,7.55,79285.8,59207500.0,7.56,7.81,7.913499999999983,7.94,7.97,35.95,-0.13,-0.05,-0.08,新北洋,计算机、通信和其他电子设备制造业,主板,7.53249999999998,7.660000000000004,7.884166666666683,7.9024999999999945,7.963617021276598
2376,2023-08-21,7.38,7.48,7.58,7.34,7.4,77490.5,58111900.0,7.52,7.7,7.8854999999999835,7.93,7.96,38.86,-0.14,-0.07,-0.07,新北洋,计算机、通信和其他电子设备制造业,主板,7.494999999999981,7.570000000000004,7.83833333333335,7.871249999999994,7.9523404255319186
2376,2023-08-22,7.47,7.59,7.6,7.45,7.48,63866.9,48082100.0,7.51,7.64,7.860999999999983,7.92,7.95,42.72,-0.14,-0.08,-0.06,新北洋,计算机、通信和其他电子设备制造业,主板,7.50499999999998,7.546250000000004,7.761666666666684,7.8499999999999925,7.944042553191492
2376,2023-08-23,7.58,7.47,7.6,7.46,7.59,42827.6,32267400.0,7.5,7.56,7.837999999999982,7.91,7.95,39.77,-0.14,-0.09,-0.05,新北洋,计算机、通信和其他电子设备制造业,主板,7.484999999999981,7.541250000000004,7.675000000000016,7.821249999999992,7.93489361702128
2376,2023-08-24,7.49,7.42,7.59,7.41,7.47,58404.0,43806900.0,7.47,7.53,7.819999999999982,7.89,7.94,38.58,-0.15,-0.11,-0.04,新北洋,计算机、通信和其他电子设备制造业,主板,7.489999999999981,7.511250000000004,7.6033333333333495,7.785624999999992,7.923404255319153
2376,2023-08-25,7.38,7.16,7.4,7.12,7.42,78193.8,56657500.0,7.42,7.49,7.778999999999982,7.86,7.92,33.03,-0.17,-0.12,-0.05,新北洋,计算机、通信和其他电子设备制造业,主板,7.40999999999998,7.452500000000003,7.516666666666683,7.731249999999992,7.905957446808515
2376,2023-08-28,7.47,7.17,7.49,7.11,7.16,96192.2,69563100.0,7.36,7.44,7.740999999999981,7.82,7.91,33.42,-0.19,-0.13,-0.06,新北洋,计算机、通信和其他电子设备制造业,主板,7.304999999999979,7.405000000000003,7.465833333333349,7.647499999999991,7.884893617021281
2376,2023-08-29,7.17,7.32,7.34,7.12,7.17,81330.1,59081000.0,7.31,7.41,7.71049999999998,7.79,7.9,39.24,-0.19,-0.14,-0.05,新北洋,计算机、通信和其他电子设备制造业,主板,7.2674999999999805,7.376250000000004,7.450000000000016,7.573124999999991,7.868936170212771
2376,2023-08-30,7.32,7.47,7.49,7.31,7.32,61434.2,45710300.0,7.31,7.4,7.68449999999998,7.77,7.88,44.46,-0.18,-0.15,-0.03,新北洋,计算机、通信和其他电子设备制造业,主板,7.27999999999998,7.385000000000004,7.434166666666683,7.522499999999992,7.8636170212766
2376,2023-08-31,7.47,7.46,7.49,7.39,7.47,42134.0,31359000.0,7.32,7.39,7.65599999999998,7.76,7.88,44.19,-0.17,-0.16,-0.01,新北洋,计算机、通信和其他电子设备制造业,主板,7.35499999999998,7.382500000000004,7.420000000000016,7.476249999999991,7.854680851063834
2376,2023-09-01,7.46,7.39,7.54,7.35,7.46,50505.0,37455100.0,7.36,7.39,7.59999999999998,7.74,7.86,42.24,-0.16,-0.16,0.0,新北洋,计算机、通信和其他电子设备制造业,主板,7.409999999999979,7.3575000000000035,7.406666666666683,7.451874999999991,7.845531914893621
2376,2023-09-04,7.44,7.51,7.51,7.39,7.39,39673.6,29525800.0,7.43,7.4,7.54999999999998,7.72,7.86,46.6,-0.14,-0.15,0.01,新北洋,计算机、通信和其他电子设备制造业,主板,7.457499999999978,7.362500000000004,7.40333333333335,7.451874999999991,7.831489361702131
2376,2023-09-05,7.49,7.49,7.52,7.44,7.51,31076.2,23240300.0,7.46,7.39,7.510499999999981,7.7,7.85,45.97,-0.12,-0.15,0.03,新北洋,计算机、通信和其他电子设备制造业,主板,7.462499999999979,7.371250000000003,7.41083333333335,7.441249999999991,7.819148936170216
2376,2023-09-06,7.45,7.61,7.64,7.42,7.49,48462.0,36656600.0,7.49,7.4,7.480999999999982,7.69,7.85,50.27,-0.11,-0.14,0.03,新北洋,计算机、通信和其他电子设备制造业,主板,7.499999999999979,7.427500000000004,7.421666666666682,7.4399999999999915,7.809148936170217
2376,2023-09-07,7.59,7.56,7.65,7.54,7.61,31380.9,23833900.0,7.51,7.41,7.469999999999982,7.68,7.84,48.54,-0.09,-0.13,0.04,新北洋,计算机、通信和其他电子设备制造业,主板,7.542499999999979,7.476250000000004,7.4191666666666825,7.440624999999992,7.796808510638303
2376,2023-09-08,7.53,7.59,7.65,7.49,7.56,49750.1,37742900.0,7.55,7.46,7.473999999999982,7.67,7.83,49.66,-0.08,-0.12,0.04,新北洋,计算机、通信和其他电子设备制造业,主板,7.5624999999999805,7.510000000000004,7.429166666666682,7.443124999999992,7.786808510638302
2376,2023-09-11,7.59,7.6,7.62,7.51,7.59,34155.0,25855700.0,7.57,7.5,7.470999999999982,7.66,7.83,50.05,-0.06,-0.11,0.05,新北洋,计算机、通信和其他电子设备制造业,主板,7.58999999999998,7.5262500000000045,7.444166666666682,7.4556249999999915,7.777021276595749
2376,2023-09-12,7.61,7.62,7.66,7.56,7.6,32383.6,24689900.0,7.6,7.53,7.470499999999983,7.65,7.82,50.87,-0.06,-0.1,0.04,新北洋,计算机、通信和其他电子设备制造业,主板,7.59249999999998,7.546250000000005,7.482500000000016,7.4643749999999915,7.771276595744686
2376,2023-09-13,7.63,7.56,7.65,7.5,7.62,43958.5,33194700.0,7.59,7.54,7.470999999999982,7.64,7.82,48.3,-0.05,-0.09,0.04,新北洋,计算机、通信和其他电子设备制造业,主板,7.592499999999981,7.567500000000004,7.515000000000016,7.4624999999999915,7.765531914893622
2376,2023-09-14,7.54,7.53,7.64,7.49,7.56,37560.0,28396500.0,7.58,7.55,7.469999999999982,7.62,7.81,47.03,-0.05,-0.08,0.03,新北洋,计算机、通信和其他电子设备制造业,主板,7.57749999999998,7.570000000000005,7.532500000000016,7.466249999999992,7.756170212765961
2376,2023-09-15,7.51,7.48,7.55,7.44,7.53,35006.7,26146100.0,7.56,7.56,7.473999999999981,7.58,7.8,44.9,-0.05,-0.07,0.02,新北洋,计算机、通信和其他电子设备制造业,主板,7.54749999999998,7.568750000000004,7.533333333333349,7.469999999999992,7.748085106382983
2376,2023-09-18,7.48,7.47,7.5,7.38,7.48,30267.5,22608600.0,7.53,7.55,7.473499999999982,7.55,7.79,44.47,-0.05,-0.07,0.02,新北洋,计算机、通信和其他电子设备制造业,主板,7.509999999999979,7.551250000000005,7.534166666666683,7.489374999999992,7.736595744680856
2376,2023-09-19,7.47,7.38,7.48,7.36,7.47,33523.5,24798000.0,7.48,7.54,7.462999999999981,7.52,7.78,40.66,-0.06,-0.07,0.01,新北洋,计算机、通信和其他电子设备制造业,主板,7.464999999999979,7.528750000000004,7.533333333333349,7.5024999999999915,7.721702127659579
2376,2023-09-20,7.33,7.34,7.45,7.32,7.38,34871.0,25741400.0,7.44,7.51,7.4564999999999815,7.49,7.77,39.06,-0.06,-0.07,0.01,新北洋,计算机、通信和其他电子设备制造业,主板,7.417499999999979,7.497500000000004,7.519166666666682,7.503749999999991,7.704042553191494
2376,2023-09-21,7.36,7.43,7.43,7.3,7.34,43516.2,32172300.0,7.42,7.5,7.456999999999982,7.48,7.76,44.37,-0.06,-0.06,0.0,新北洋,计算机、通信和其他电子设备制造业,主板,7.404999999999979,7.476250000000003,7.514166666666683,7.501249999999992,7.687234042553196
2376,2023-09-22,7.4,7.56,7.56,7.37,7.43,51312.5,38356800.0,7.44,7.5,7.4769999999999825,7.48,7.75,51.0,-0.06,-0.06,0.0,新北洋,计算机、通信和其他电子设备制造业,主板,7.427499999999979,7.468750000000003,7.510000000000017,7.507499999999992,7.675106382978727
2376,2023-09-25,7.55,7.52,7.63,7.5,7.56,30591.0,23108500.0,7.45,7.49,7.4944999999999835,7.48,7.74,49.06,-0.04,-0.06,0.02,新北洋,计算机、通信和其他电子设备制造业,主板,7.46249999999998,7.463750000000003,7.506666666666683,7.515624999999992,7.666595744680854
2376,2023-09-26,7.56,7.65,7.73,7.52,7.52,89212.0,68184300.0,7.5,7.49,7.510999999999984,7.48,7.74,55.04,-0.03,-0.05,0.02,新北洋,计算机、通信和其他电子设备制造业,主板,7.5399999999999805,7.478750000000003,7.511666666666684,7.524374999999992,7.661702127659577
2376,2023-09-27,7.56,7.46,7.63,7.46,7.65,76888.5,57721000.0,7.52,7.48,7.510499999999984,7.47,7.73,46.46,-0.03,-0.05,0.02,新北洋,计算机、通信和其他电子设备制造业,主板,7.54749999999998,7.476250000000002,7.500000000000017,7.522499999999992,7.649361702127662
2376,2023-09-28,7.51,7.58,7.62,7.49,7.46,61091.0,46194500.0,7.55,7.49,7.516499999999985,7.48,7.72,51.59,-0.02,-0.04,0.02,新北洋,计算机、通信和其他电子设备制造业,主板,7.55249999999998,7.490000000000002,7.496666666666683,7.520624999999992,7.638723404255321
2376,2023-10-09,7.58,7.57,7.62,7.51,7.58,49778.0,37679300.0,7.56,7.5,7.525499999999985,7.48,7.71,51.15,-0.02,-0.04,0.02,新北洋,计算机、通信和其他电子设备制造业,主板,7.564999999999979,7.513750000000001,7.4975000000000165,7.521249999999991,7.6310638297872355
2376,2023-10-10,7.61,7.69,7.72,7.56,7.57,56607.0,43455500.0,7.59,7.52,7.534499999999985,7.49,7.71,56.0,0.0,-0.03,0.03,新北洋,计算机、通信和其他电子设备制造业,主板,7.57499999999998,7.557500000000001,7.510833333333349,7.527499999999991,7.629148936170215
2376,2023-10-11,7.68,7.66,7.73,7.59,7.69,44153.5,33872800.0,7.59,7.55,7.542999999999985,7.49,7.71,54.55,0.01,-0.02,0.03,新北洋,计算机、通信和其他电子设备制造业,主板,7.6249999999999805,7.586250000000001,7.525833333333349,7.531249999999991,7.622340425531918
2376,2023-10-12,7.69,7.68,7.73,7.65,7.66,37067.0,28480000.0,7.64,7.58,7.546499999999985,7.5,7.7,55.38,0.01,-0.02,0.03,新北洋,计算机、通信和其他电子设备制造业,主板,7.649999999999981,7.60125,7.543333333333348,7.534999999999991,7.6170212765957475
2376,2023-10-13,7.64,7.67,7.72,7.61,7.68,33918.1,26033400.0,7.65,7.6,7.551999999999984,7.51,7.7,54.84,0.02,-0.01,0.03,新北洋,计算机、通信和其他电子设备制造业,主板,7.674999999999981,7.620000000000001,7.567500000000016,7.54187499999999,7.61148936170213
2376,2023-10-16,7.69,7.65,7.7,7.6,7.67,33419.0,25531800.0,7.67,7.61,7.554999999999984,7.52,7.69,53.71,0.03,0.0,0.03,新北洋,计算机、通信和其他电子设备制造业,主板,7.6649999999999805,7.620000000000002,7.593333333333349,7.549374999999991,7.604255319148938
2376,2023-10-17,7.68,7.73,7.74,7.6,7.65,51113.5,39303600.0,7.68,7.63,7.561499999999984,7.54,7.68,57.49,0.03,0.01,0.02,新北洋,计算机、通信和其他电子设备制造业,主板,7.682499999999981,7.653750000000001,7.618333333333349,7.56499999999999,7.597872340425535
2376,2023-10-18,7.72,7.59,7.72,7.55,7.73,35844.4,27231100.0,7.66,7.63,7.559999999999984,7.55,7.67,49.82,0.03,0.01,0.02,新北洋,计算机、通信和其他电子设备制造业,主板,7.659999999999981,7.655000000000001,7.620833333333349,7.572499999999989,7.578297872340428
2376,2023-10-19,7.57,7.52,7.69,7.52,7.59,39059.0,29740400.0,7.63,7.63,7.557999999999984,7.55,7.66,46.48,0.01,0.01,0.0,新北洋,计算机、通信和其他电子设备制造业,主板,7.622499999999981,7.648750000000001,7.620833333333349,7.58124999999999,7.557234042553194
2376,2023-10-20,7.48,7.37,7.62,7.37,7.52,48208.0,35975500.0,7.57,7.61,7.549999999999985,7.55,7.65,40.25,0.0,0.01,-0.01,新北洋,计算机、通信和其他电子设备制造业,主板,7.552499999999981,7.608750000000001,7.597500000000015,7.58312499999999,7.537872340425535
2376,2023-10-23,7.36,7.15,7.38,7.12,7.37,49059.8,35477600.0,7.47,7.57,7.533499999999985,7.54,7.64,33.23,-0.04,0.0,-0.04,新北洋,计算机、通信和其他电子设备制造业,主板,7.40749999999998,7.545000000000002,7.571666666666683,7.56562499999999,7.51553191489362
2376,2023-10-24,7.2,7.18,7.25,7.08,7.15,45184.5,32359700.0,7.36,7.52,7.518999999999986,7.53,7.63,34.89,-0.06,-0.01,-0.05,新北洋,计算机、通信和其他电子设备制造业,主板,7.304999999999979,7.482500000000003,7.538333333333349,7.54187499999999,7.502765957446812
2376,2023-10-25,7.17,7.36,7.42,7.17,7.18,56396.0,41394100.0,7.32,7.49,7.5179999999999865,7.53,7.61,43.95,-0.06,-0.02,-0.04,新北洋,计算机、通信和其他电子设备制造业,主板,7.26499999999998,7.443750000000003,7.52083333333335,7.531874999999991,7.49957446808511
2376,2023-10-26,7.32,7.48,7.49,7.3,7.36,44163.8,32789000.0,7.31,7.47,7.524999999999986,7.52,7.61,49.04,-0.05,-0.03,-0.02,新北洋,计算机、通信和其他电子设备制造业,主板,7.29249999999998,7.422500000000004,7.503333333333351,7.521249999999991,7.495744680851067
2376,2023-10-27,7.46,7.48,7.55,7.39,7.48,43584.0,32516700.0,7.33,7.45,7.527499999999985,7.52,7.6,49.04,-0.05,-0.03,-0.02,新北洋,计算机、通信和其他电子设备制造业,主板,7.3749999999999805,7.391250000000003,7.488333333333351,7.522499999999992,7.492553191489366
2376,2023-10-30,7.41,7.49,7.51,7.38,7.48,47711.3,35578800.0,7.4,7.44,7.523999999999985,7.52,7.59,49.48,-0.04,-0.03,-0.01,新北洋,计算机、通信和其他电子设备制造业,主板,7.452499999999981,7.378750000000002,7.472500000000018,7.516874999999992,7.491276595744685
2376,2023-10-31,7.49,7.42,7.51,7.37,7.49,42226.0,31328300.0,7.45,7.4,7.518999999999984,7.51,7.58,46.44,-0.04,-0.04,0.0,新北洋,计算机、通信和其他电子设备制造业,主板,7.467499999999982,7.366250000000003,7.451666666666685,7.507499999999991,7.4885106382978766
2376,2023-11-01,7.42,7.44,7.48,7.36,7.42,33244.0,24682100.0,7.46,7.39,7.508499999999984,7.5,7.58,47.43,-0.04,-0.04,0.0,新北洋,计算机、通信和其他电子设备制造业,主板,7.457499999999981,7.375000000000003,7.434166666666684,7.491874999999991,7.489361702127664
2376,2023-11-02,7.44,7.37,7.47,7.37,7.44,36775.0,27252900.0,7.44,7.37,7.503999999999984,7.5,7.57,44.33,-0.04,-0.04,0.0,新北洋,计算机、通信和其他电子设备制造业,主板,7.429999999999981,7.4025000000000025,7.404166666666684,7.473749999999992,7.487021276595749
2376,2023-11-03,7.37,7.54,7.57,7.36,7.37,51672.3,38812900.0,7.45,7.39,7.501999999999983,7.5,7.56,52.46,-0.03,-0.04,0.01,新北洋,计算机、通信和其他电子设备制造业,主板,7.442499999999981,7.4475000000000025,7.400000000000017,7.464999999999993,7.485957446808516
2376,2023-11-06,7.56,7.67,7.7,7.56,7.54,60552.0,46157400.0,7.49,7.44,7.506999999999982,7.5,7.54,57.57,-0.01,-0.03,0.02,新北洋,计算机、通信和其他电子设备制造业,主板,7.504999999999981,7.486250000000002,7.412500000000018,7.464999999999993,7.490212765957452
2376,2023-11-07,7.66,7.73,7.74,7.62,7.67,44708.8,34423800.0,7.55,7.5,7.508999999999982,7.51,7.53,59.72,0.0,-0.02,0.02,新北洋,计算机、通信和其他电子设备制造业,主板,7.577499999999982,7.517500000000002,7.442500000000018,7.469999999999993,7.496808510638303
2376,2023-11-08,7.76,7.77,7.81,7.72,7.73,53321.1,41392300.0,7.62,7.54,7.514499999999982,7.52,7.52,61.14,0.03,-0.01,0.04,新北洋,计算机、通信和其他电子设备制造业,主板,7.677499999999982,7.553750000000001,7.4941666666666835,7.472499999999992,7.509787234042558
2376,2023-11-09,7.76,7.73,7.82,7.64,7.77,60033.1,46428300.0,7.69,7.56,7.516999999999982,7.54,7.51,58.91,0.04,0.0,0.04,新北洋,计算机、通信和其他电子设备制造业,主板,7.724999999999982,7.583750000000001,7.540000000000018,7.481249999999992,7.521702127659579
2376,2023-11-10,7.74,7.73,7.79,7.69,7.73,43406.3,33620100.0,7.73,7.59,7.519999999999982,7.55,7.51,58.91,0.05,0.01,0.04,新北洋,计算机、通信和其他电子设备制造业,主板,7.739999999999981,7.6225000000000005,7.5708333333333515,7.494374999999993,7.530425531914899
2376,2023-11-13,7.73,7.85,7.86,7.7,7.73,53384.0,41813700.0,7.76,7.62,7.529999999999982,7.56,7.52,63.53,0.07,0.02,0.05,新北洋,计算机、通信和其他电子设备制造业,主板,7.769999999999981,7.67375,7.601666666666684,7.524374999999992,7.538510638297877
2376,2023-11-14,7.85,7.94,7.98,7.83,7.85,60831.7,48193200.0,7.8,7.68,7.540499999999982,7.57,7.52,66.57,0.08,0.03,0.05,新北洋,计算机、通信和其他电子设备制造业,主板,7.812499999999981,7.745,7.640000000000017,7.5737499999999915,7.548723404255324
2376,2023-11-15,7.96,7.89,7.99,7.88,7.94,60082.0,47678000.0,7.83,7.72,7.555499999999981,7.58,7.53,63.41,0.09,0.04,0.05,新北洋,计算机、通信和其他电子设备制造业,主板,7.8524999999999805,7.788749999999999,7.673333333333351,7.61812499999999,7.5593617021276645
2376,2023-11-16,7.91,7.92,7.99,7.89,7.89,59819.8,47528500.0,7.87,7.78,7.5754999999999795,7.6,7.53,64.5,0.1,0.05,0.05,新北洋,计算机、通信和其他电子设备制造业,主板,7.89999999999998,7.8199999999999985,7.715000000000018,7.6531249999999895,7.568085106382984
2376,2023-11-17,7.92,7.98,7.98,7.88,7.92,37426.0,29675900.0,7.92,7.82,7.6059999999999786,7.61,7.54,66.64,0.11,0.07,0.04,新北洋,计算机、通信和其他电子设备制造业,主板,7.93249999999998,7.8512499999999985,7.760000000000018,7.6843749999999895,7.578510638297878
2376,2023-11-20,7.97,7.98,8.03,7.93,7.98,48491.0,38739000.0,7.94,7.85,7.647499999999978,7.62,7.55,66.64,0.12,0.08,0.04,新北洋,计算机、通信和其他电子设备制造业,主板,7.94249999999998,7.8774999999999995,7.810833333333352,7.7156249999999895,7.58638297872341
2376,2023-11-21,8.03,7.92,8.03,7.9,7.98,38603.9,30673000.0,7.94,7.87,7.684499999999977,7.63,7.56,62.29,0.11,0.08,0.03,新北洋,计算机、通信和其他电子设备制造业,主板,7.94999999999998,7.901249999999999,7.842500000000018,7.74249999999999,7.594042553191496
2376,2023-11-22,7.89,7.88,7.99,7.87,7.92,39436.5,31308100.0,7.94,7.88,7.710499999999977,7.64,7.56,59.5,0.11,0.09,0.02,新北洋,计算机、通信和其他电子设备制造业,主板,7.93999999999998,7.919999999999998,7.860000000000017,7.77124999999999,7.600212765957454
2376,2023-11-23,7.86,7.97,7.98,7.84,7.88,31340.4,24827500.0,7.95,7.91,7.734999999999976,7.65,7.57,63.46,0.11,0.09,0.02,新北洋,计算机、通信和其他电子设备制造业,主板,7.93749999999998,7.934999999999998,7.880000000000017,7.804374999999991,7.608085106382986
2376,2023-11-24,7.99,7.85,7.99,7.81,7.97,31874.0,25060600.0,7.92,7.92,7.753499999999977,7.65,7.58,55.64,0.11,0.1,0.01,新北洋,计算机、通信和其他电子设备制造业,主板,7.904999999999979,7.923749999999998,7.886666666666684,7.834374999999991,7.612978723404263
2376,2023-11-27,7.85,7.88,7.95,7.8,7.85,48049.5,37806200.0,7.9,7.92,7.772999999999977,7.66,7.59,57.06,0.1,0.1,0.0,新北洋,计算机、通信和其他电子设备制造业,主板,7.894999999999978,7.922499999999998,7.899166666666683,7.85562499999999,7.61978723404256
2376,2023-11-28,7.86,7.89,7.95,7.83,7.88,35538.2,28028300.0,7.89,7.92,7.796499999999976,7.67,7.6,57.55,0.1,0.1,0.0,新北洋,计算机、通信和其他电子设备制造业,主板,7.897499999999979,7.9187499999999975,7.912500000000016,7.86937499999999,7.627446808510646
2376,2023-11-29,7.91,7.89,7.92,7.85,7.89,36005.0,28399100.0,7.9,7.92,7.818999999999976,7.68,7.61,57.55,0.09,0.1,-0.01,新北洋,计算机、通信和其他电子设备制造业,主板,7.877499999999978,7.907499999999997,7.9158333333333495,7.87937499999999,7.636170212765964
2376,2023-11-30,7.91,7.82,7.92,7.73,7.89,47174.0,36833800.0,7.87,7.91,7.841499999999975,7.69,7.62,52.68,0.08,0.09,-0.01,新北洋,计算机、通信和其他电子设备制造业,主板,7.869999999999978,7.8874999999999975,7.905833333333351,7.8824999999999905,7.643617021276602
2376,2023-12-01,7.82,7.91,7.92,7.76,7.82,43155.0,33911100.0,7.88,7.9,7.8599999999999755,7.7,7.63,57.65,0.08,0.09,-0.01,新北洋,计算机、通信和其他电子设备制造业,主板,7.877499999999979,7.886249999999997,7.907500000000017,7.893749999999991,7.654893617021283
2376,2023-12-04,7.94,7.95,7.98,7.88,7.91,46076.0,36613400.0,7.89,7.9,7.873999999999976,7.73,7.64,59.67,0.08,0.09,-0.01,新北洋,计算机、通信和其他电子设备制造业,主板,7.892499999999979,7.894999999999997,7.910000000000017,7.907499999999991,7.6678723404255384
2376,2023-12-05,7.96,7.86,8.6,7.79,7.95,220161.0,177893000.0,7.89,7.89,7.8804999999999765,7.75,7.64,53.47,0.07,0.08,-0.01,新北洋,计算机、通信和其他电子设备制造业,主板,7.8849999999999785,7.881249999999998,7.900000000000016,7.908124999999991,7.6770212765957515
2376,2023-12-06,7.88,7.83,7.97,7.76,7.86,193243.0,151365000.0,7.87,7.89,7.883499999999977,7.77,7.65,51.55,0.06,0.08,-0.02,新北洋,计算机、通信和其他电子设备制造业,主板,7.887499999999978,7.8787499999999975,7.887500000000016,7.901249999999992,7.682765957446815
2376,2023-12-07,7.79,7.85,7.92,7.74,7.83,128924.0,101131000.0,7.88,7.87,7.889499999999977,7.78,7.65,52.77,0.06,0.08,-0.02,新北洋,计算机、通信和其他电子设备制造业,主板,7.872499999999978,7.874999999999997,7.881666666666682,7.898749999999992,7.68978723404256
2376,2023-12-08,7.87,7.88,8.0,7.82,7.85,113417.0,89789500.0,7.87,7.88,7.896999999999977,7.79,7.66,54.62,0.05,0.07,-0.02,新北洋,计算机、通信和其他电子设备制造业,主板,7.854999999999978,7.873749999999998,7.881666666666682,7.896249999999992,7.694680851063838
2376,2023-12-11,7.82,7.86,7.88,7.69,7.88,112980.0,87940500.0,7.86,7.87,7.897499999999978,7.81,7.66,53.13,0.05,0.07,-0.02,新北洋,计算机、通信和其他电子设备制造业,主板,7.854999999999979,7.869999999999997,7.872500000000016,7.888749999999992,7.703191489361711
2376,2023-12-12,7.91,8.0,8.0,7.86,7.86,115415.0,91785500.0,7.88,7.89,7.900499999999978,7.83,7.67,61.12,0.06,0.07,-0.01,新北洋,计算机、通信和其他电子设备制造业,主板,7.8974999999999795,7.892499999999997,7.885000000000016,7.889999999999991,7.712127659574477
2376,2023-12-13,7.98,7.95,8.05,7.94,8.0,83859.0,67093800.0,7.91,7.89,7.903499999999978,7.84,7.67,57.36,0.06,0.06,0.0,新北洋,计算机、通信和其他电子设备制造业,主板,7.92249999999998,7.897499999999997,7.89083333333335,7.891874999999991,7.720212765957456
2376,2023-12-14,7.98,7.91,8.02,7.9,7.95,55922.8,44541900.0,7.92,7.9,7.902999999999979,7.86,7.68,54.47,0.05,0.06,-0.01,新北洋,计算机、通信和其他电子设备制造业,主板,7.929999999999981,7.8924999999999965,7.892500000000016,7.893749999999992,7.724893617021286
2376,2023-12-15,7.89,7.83,7.93,7.76,7.91,66873.4,52425100.0,7.91,7.89,7.89549999999998,7.87,7.68,49.14,0.04,0.06,-0.02,新北洋,计算机、通信和其他电子设备制造业,主板,7.922499999999982,7.888749999999996,7.887500000000016,7.884999999999993,7.728510638297881
2376,2023-12-18,7.8,7.73,7.87,7.69,7.83,64819.0,50407300.0,7.88,7.87,7.88299999999998,7.87,7.69,43.42,0.02,0.05,-0.03,新北洋,计算机、通信和其他电子设备制造业,主板,7.854999999999983,7.876249999999997,7.880000000000017,7.877499999999992,7.729574468085115
2376,2023-12-19,7.72,7.77,7.8,7.67,7.73,42009.9,32515200.0,7.84,7.86,7.875499999999981,7.87,7.69,46.12,0.02,0.04,-0.02,新北洋,计算机、通信和其他电子设备制造业,主板,7.809999999999982,7.866249999999996,7.86833333333335,7.870624999999993,7.731702127659583
2376,2023-12-20,7.76,7.68,7.81,7.66,7.77,47250.0,36569300.0,7.78,7.85,7.865499999999981,7.87,7.7,41.34,0.0,0.03,-0.03,新北洋,计算机、通信和其他电子设备制造业,主板,7.752499999999983,7.841249999999996,7.845833333333349,7.857499999999994,7.732340425531924
2376,2023-12-21,7.66,7.61,7.68,7.46,7.68,56911.6,43078800.0,7.72,7.82,7.847499999999982,7.87,7.7,38.04,-0.02,0.02,-0.04,新北洋,计算机、通信和其他电子设备制造业,主板,7.697499999999984,7.809999999999997,7.825000000000016,7.839999999999994,7.729787234042562
2376,2023-12-22,7.63,7.51,7.65,7.45,7.61,59315.1,44697100.0,7.66,7.78,7.830499999999982,7.86,7.7,33.87,-0.03,0.01,-0.04,新北洋,计算机、通信和其他电子设备制造业,主板,7.642499999999983,7.748749999999998,7.79833333333335,7.820624999999994,7.728085106382988
2376,2023-12-25,7.48,7.44,7.53,7.34,7.51,48473.6,35950800.0,7.6,7.74,7.808499999999983,7.85,7.7,31.29,-0.06,0.0,-0.06,新北洋,计算机、通信和其他电子设备制造业,主板,7.559999999999984,7.684999999999997,7.764166666666683,7.7912499999999945,7.7263829787234135
2376,2023-12-26,7.47,7.25,7.47,7.21,7.44,42330.0,30845300.0,7.5,7.67,7.776499999999983,7.82,7.7,25.59,-0.09,-0.02,-0.07,新北洋,计算机、通信和其他电子设备制造业,主板,7.452499999999985,7.602499999999997,7.711666666666684,7.747499999999994,7.723829787234052
2376,2023-12-27,7.25,7.33,7.34,7.21,7.25,37541.0,27359400.0,7.43,7.61,7.748499999999984,7.8,7.69,31.27,-0.11,-0.04,-0.07,新北洋,计算机、通信和其他电子设备制造业,主板,7.382499999999984,7.539999999999997,7.667500000000017,7.714374999999994,7.7276595744680945
2376,2023-12-28,7.34,7.4,7.45,7.21,7.33,46985.5,34506400.0,7.39,7.56,7.727499999999985,7.79,7.69,35.88,-0.11,-0.05,-0.06,新北洋,计算机、通信和其他电子设备制造业,主板,7.354999999999984,7.498749999999998,7.6175000000000175,7.687499999999994,7.732340425531924
2376,2023-12-29,7.39,7.62,7.63,7.34,7.4,57646.2,43385700.0,7.41,7.53,7.712999999999985,7.78,7.69,47.75,-0.1,-0.06,-0.04,新北洋,计算机、通信和其他电子设备制造业,主板,7.3999999999999835,7.479999999999999,7.590000000000018,7.6731249999999935,7.7378723404255405
2376,2024-01-02,7.66,7.7,7.74,7.62,7.62,48514.1,37326800.0,7.46,7.53,7.700499999999986,7.77,7.69,51.28,-0.08,-0.07,-0.01,新北洋,计算机、通信和其他电子设备制造业,主板,7.512499999999983,7.482499999999999,7.572500000000018,7.661874999999993,7.742553191489369
2376,2024-01-03,7.67,7.61,7.72,7.56,7.7,44706.0,34094000.0,7.53,7.52,7.6879999999999855,7.76,7.69,47.4,-0.07,-0.07,0.0,新北洋,计算机、通信和其他电子设备制造业,主板,7.582499999999984,7.4825,7.554166666666685,7.646249999999994,7.745319148936178
2376,2024-01-04,7.65,7.59,7.65,7.52,7.61,57322.0,43512400.0,7.58,7.51,7.675999999999985,7.75,7.69,46.55,-0.07,-0.07,0.0,新北洋,计算机、通信和其他电子设备制造业,主板,7.629999999999983,7.492500000000001,7.542500000000018,7.620624999999993,7.747446808510645
2376,2024-01-05,7.59,7.46,7.64,7.44,7.59,54575.3,41136400.0,7.6,7.49,7.656499999999985,7.73,7.69,41.4,-0.07,-0.07,0.0,新北洋,计算机、通信和其他电子设备制造业,主板,7.589999999999983,7.495000000000001,7.516666666666684,7.589999999999994,7.748297872340432
2376,2024-01-08,7.51,7.35,7.51,7.35,7.46,61632.5,45567200.0,7.54,7.48,7.629999999999986,7.71,7.68,37.6,-0.08,-0.07,-0.01,新北洋,计算机、通信和其他电子设备制造业,主板,7.502499999999983,7.5075,7.489166666666684,7.554999999999994,7.746382978723411
2376,2024-01-09,7.42,7.26,7.43,7.18,7.35,68141.0,49756900.0,7.45,7.46,7.5999999999999845,7.69,7.68,34.79,-0.11,-0.08,-0.03,新北洋,计算机、通信和其他电子设备制造业,主板,7.414999999999983,7.498750000000001,7.460000000000018,7.519374999999994,7.744042553191496
2376,2024-01-10,7.24,7.05,7.26,7.03,7.26,59863.0,42570600.0,7.34,7.44,7.552499999999985,7.66,7.66,29.29,-0.13,-0.09,-0.04,新北洋,计算机、通信和其他电子设备制造业,主板,7.2799999999999825,7.455000000000001,7.421666666666684,7.4768749999999935,7.733617021276602
2376,2024-01-11,7.09,7.26,7.28,7.08,7.05,56187.5,40406700.0,7.28,7.43,7.517999999999985,7.64,7.66,39.58,-0.13,-0.1,-0.03,新北洋,计算机、通信和其他电子设备制造业,主板,7.229999999999983,7.410000000000001,7.406666666666684,7.444999999999994,7.724893617021283
2376,2024-01-12,7.25,7.11,7.28,7.1,7.26,41218.5,29595900.0,7.21,7.4,7.4779999999999855,7.62,7.65,35.6,-0.14,-0.11,-0.03,新北洋,计算机、通信和其他电子设备制造业,主板,7.169999999999982,7.3362500000000015,7.395000000000017,7.409374999999994,7.7117021276595805
2376,2024-01-15,7.1,7.09,7.15,7.06,7.11,44583.0,31653400.0,7.15,7.35,7.440999999999986,7.59,7.65,35.09,-0.16,-0.12,-0.04,新北洋,计算机、通信和其他电子设备制造业,主板,7.127499999999982,7.271250000000002,7.375000000000018,7.376874999999994,7.697234042553197
2376,2024-01-16,7.09,7.05,7.13,6.94,7.09,45593.0,31950100.0,7.11,7.28,7.406999999999987,7.56,7.65,34.04,-0.17,-0.13,-0.04,新北洋,计算机、通信和其他电子设备制造业,主板,7.127499999999981,7.203750000000001,7.34583333333335,7.348124999999993,7.682765957446814
2376,2024-01-17,7.04,6.88,7.07,6.88,7.05,53033.1,37009800.0,7.08,7.21,7.362499999999986,7.53,7.64,29.96,-0.19,-0.14,-0.05,新北洋,计算机、通信和其他电子设备制造业,主板,7.032499999999981,7.1312500000000005,7.284166666666683,7.313124999999993,7.664680851063835
2376,2024-01-18,6.9,6.8,6.9,6.63,6.88,70769.0,47720300.0,6.99,7.13,7.318499999999986,7.49,7.63,28.25,-0.2,-0.15,-0.05,新北洋,计算机、通信和其他电子设备制造业,主板,6.9549999999999805,7.0625,7.2091666666666825,7.284999999999993,7.64234042553192
2376,2024-01-19,6.82,6.65,6.82,6.64,6.8,52149.7,34919700.0,6.89,7.05,7.270499999999986,7.45,7.62,25.32,-0.23,-0.17,-0.06,新北洋,计算机、通信和其他电子设备制造业,主板,6.84499999999998,6.98625,7.129166666666683,7.2424999999999935,7.614893617021281
2376,2024-01-22,6.65,6.16,6.7,6.11,6.65,92269.3,59058100.0,6.71,6.93,7.202999999999986,7.4,7.6,18.55,-0.29,-0.19,-0.1,新北洋,计算机、通信和其他电子设备制造业,主板,6.62249999999998,6.875,7.010000000000016,7.164999999999993,7.578085106382984
2376,2024-01-23,6.24,6.11,6.25,6.0,6.16,98839.8,60335600.0,6.52,6.82,7.1364999999999865,7.34,7.57,18.02,-0.33,-0.22,-0.11,新北洋,计算机、通信和其他电子设备制造业,主板,6.429999999999981,6.73125,6.897500000000016,7.070624999999993,7.539574468085111
2376,2024-01-24,6.14,6.21,6.24,5.95,6.11,93825.0,57241600.0,6.39,6.73,7.084499999999987,7.28,7.55,22.77,-0.36,-0.25,-0.11,新北洋,计算机、通信和其他电子设备制造业,主板,6.282499999999981,6.61875,6.802500000000016,6.977499999999992,7.501914893617026
2376,2024-01-25,6.22,6.44,6.45,6.17,6.21,88900.0,56415000.0,6.31,6.65,7.039999999999987,7.23,7.54,32.45,-0.35,-0.27,-0.08,新北洋,计算机、通信和其他电子设备制造业,主板,6.229999999999981,6.5375,6.734166666666682,6.904374999999992,7.469148936170217
2376,2024-01-26,6.43,6.52,6.61,6.41,6.44,85895.9,56112800.0,6.29,6.59,6.995999999999986,7.18,7.52,35.48,-0.33,-0.28,-0.05,新北洋,计算机、通信和其他电子设备制造业,主板,6.319999999999981,6.4712499999999995,6.6900000000000155,6.8374999999999915,7.439361702127663
2376,2024-01-29,6.52,6.27,6.54,6.26,6.52,62342.0,39741300.0,6.31,6.51,6.928499999999987,7.13,7.5,30.83,-0.34,-0.29,-0.05,新北洋,计算机、通信和其他电子设备制造业,主板,6.359999999999981,6.394999999999999,6.607500000000015,6.763124999999992,7.405106382978726
2376,2024-01-30,6.28,6.13,6.43,6.12,6.27,70481.0,44128000.0,6.31,6.42,6.849999999999987,7.08,7.47,28.57,-0.35,-0.3,-0.05,新北洋,计算机、通信和其他电子设备制造业,主板,6.33999999999998,6.311249999999999,6.525833333333348,6.686874999999992,7.365957446808513
2376,2024-01-31,6.16,5.82,6.16,5.81,6.13,95290.0,56671600.0,6.24,6.31,6.760499999999986,7.01,7.44,24.32,-0.38,-0.32,-0.06,新北洋,计算机、通信和其他电子设备制造业,主板,6.18499999999998,6.2075,6.420000000000013,6.596874999999991,7.32276595744681
2376,2024-02-01,5.76,5.71,5.81,5.55,5.82,95705.7,54443500.0,6.09,6.2,6.666499999999987,6.95,7.41,23.01,-0.41,-0.34,-0.07,新北洋,计算机、通信和其他电子设备制造业,主板,5.98249999999998,6.151249999999999,6.308333333333347,6.513124999999991,7.2765957446808525
2376,2024-02-02,5.7,5.25,5.81,5.14,5.71,163074.0,88181900.0,5.84,6.06,6.555999999999986,6.87,7.37,18.52,-0.46,-0.36,-0.1,新北洋,计算机、通信和其他电子设备制造业,主板,5.7274999999999805,6.043749999999999,6.172500000000014,6.38749999999999,7.220425531914895
2376,2024-02-05,5.24,4.73,5.27,4.73,5.25,200530.0,97032600.0,5.53,5.92,6.424999999999986,6.78,7.32,14.97,-0.55,-0.4,-0.15,新北洋,计算机、通信和其他电子设备制造业,主板,5.377499999999981,5.85875,6.000000000000014,6.238749999999991,7.153191489361705
2376,2024-02-06,4.59,4.73,4.86,4.3,4.73,205628.0,93636100.0,5.25,5.78,6.298499999999985,6.68,7.27,14.97,-0.6,-0.44,-0.16,新北洋,计算机、通信和其他电子设备制造业,主板,5.104999999999981,5.645,5.840000000000014,6.091249999999991,7.087446808510641
2376,2024-02-07,4.99,4.86,5.0,4.6,4.73,264668.0,127601000.0,5.06,5.65,6.188999999999985,6.6,7.21,19.45,-0.62,-0.48,-0.14,新北洋,计算机、通信和其他电子设备制造业,主板,4.8924999999999805,5.4375,5.731666666666681,5.954374999999991,7.022553191489364
2376,2024-02-08,4.82,5.13,5.15,4.65,4.86,198572.0,96750400.0,4.94,5.52,6.082499999999985,6.53,7.17,27.94,-0.62,-0.5,-0.12,新北洋,计算机、通信和其他电子设备制造业,主板,4.86249999999998,5.295,5.650000000000014,5.844999999999991,6.962553191489365
2376,2024-02-19,5.23,5.51,5.53,5.17,5.13,160794.0,86911400.0,4.99,5.41,6.002499999999985,6.47,7.13,37.87,-0.57,-0.52,-0.05,新北洋,计算机、通信和其他电子设备制造业,主板,5.057499999999981,5.217499999999999,5.591666666666682,5.764374999999991,6.912553191489364
2376,2024-02-20,5.5,5.63,5.65,5.38,5.51,90185.8,50201600.0,5.17,5.35,5.929499999999985,6.4,7.09,40.65,-0.52,-0.52,0.0,新北洋,计算机、通信和其他电子设备制造业,主板,5.28249999999998,5.19375,5.524166666666681,5.700624999999991,6.8657446808510665
2376,2024-02-21,5.55,5.72,5.86,5.53,5.63,86516.5,49670300.0,5.37,5.31,5.862999999999985,6.34,7.05,42.73,-0.47,-0.51,0.04,新北洋,计算机、通信和其他电子设备制造业,主板,5.49749999999998,5.194999999999999,5.457500000000015,5.673124999999991,6.820425531914896
2376,2024-02-22,5.72,5.77,5.89,5.7,5.72,65080.3,37624100.0,5.55,5.3,5.807499999999985,6.28,7.02,43.9,-0.42,-0.49,0.07,新北洋,计算机、通信和其他电子设备制造业,主板,5.65749999999998,5.26,5.415833333333349,5.651874999999991,6.7755319148936195
2376,2024-02-23,5.8,5.91,5.94,5.74,5.77,78097.1,45780100.0,5.71,5.32,5.762999999999986,6.22,6.98,47.16,-0.36,-0.46,0.1,新北洋,计算机、通信和其他电子设备制造业,主板,5.757499999999981,5.407499999999999,5.397500000000015,5.633124999999991,6.734042553191491
2376,2024-02-26,6.16,6.23,6.34,6.09,5.91,151904.0,94615400.0,5.85,5.42,5.741999999999985,6.18,6.95,53.77,-0.29,-0.43,0.14,新北洋,计算机、通信和其他电子设备制造业,主板,5.907499999999981,5.594999999999999,5.431666666666682,5.619999999999991,6.696382978723407
2376,2024-02-27,6.16,6.3,6.3,6.03,6.23,90124.6,55994300.0,5.99,5.58,5.7489999999999855,6.14,6.93,55.09,-0.22,-0.39,0.17,新北洋,计算机、通信和其他电子设备制造业,主板,6.052499999999982,5.774999999999999,5.480833333333348,5.606249999999991,6.661276595744684
2376,2024-02-28,6.3,5.69,6.43,5.67,6.3,179028.0,108400000.0,5.98,5.68,5.7279999999999855,6.09,6.89,43.42,-0.22,-0.35,0.13,新北洋,计算机、通信和其他电子设备制造业,主板,6.032499999999982,5.844999999999998,5.517500000000015,5.569999999999991,6.614042553191492
2376,2024-02-29,5.6,5.94,5.95,5.6,5.69,94733.4,55510400.0,6.01,5.78,5.714499999999985,6.05,6.86,48.26,-0.19,-0.32,0.13,新北洋,计算机、通信和其他电子设备制造业,主板,6.039999999999982,5.898749999999998,5.618333333333347,5.5581249999999915,6.573829787234046
2376,2024-03-01,5.99,6.17,6.18,5.98,5.94,96304.0,58818400.0,6.07,5.89,5.700999999999985,6.02,6.83,52.3,-0.15,-0.29,0.14,新北洋,计算机、通信和其他电子设备制造业,主板,6.024999999999982,5.966249999999998,5.7383333333333475,5.579999999999991,6.540638297872343
2376,2024-03-04,6.18,6.2,6.25,6.1,6.17,90761.2,56038700.0,6.06,5.96,5.684999999999986,5.99,6.8,52.82,-0.11,-0.25,0.14,新北洋,计算机、通信和其他电子设备制造业,主板,5.999999999999981,6.026249999999998,5.850000000000015,5.610624999999992,6.507234042553194
2376,2024-03-05,6.14,6.03,6.18,6.01,6.2,63711.1,38769200.0,6.01,6.0,5.672999999999986,5.95,6.77,49.54,-0.1,-0.22,0.12,新北洋,计算机、通信和其他电子设备制造业,主板,6.084999999999981,6.058749999999998,5.925000000000015,5.659374999999992,6.47212765957447
2376,2024-03-06,6.04,6.12,6.18,5.97,6.03,70406.2,42776500.0,6.09,6.04,5.672499999999987,5.92,6.74,51.26,-0.07,-0.19,0.12,新北洋,计算机、通信和其他电子设备制造业,主板,6.129999999999981,6.084999999999997,5.975833333333348,5.746249999999992,6.4404255319148955
2376,2024-03-07,6.11,6.0,6.17,5.99,6.12,61553.0,37428100.0,6.1,6.06,5.681499999999987,5.89,6.71,48.86,-0.06,-0.16,0.1,新北洋,计算机、通信和其他电子设备制造业,主板,6.087499999999981,6.056249999999997,6.006666666666682,5.825624999999992,6.408297872340428
2376,2024-03-08,6.01,6.03,6.09,5.93,6.0,58430.0,35050300.0,6.08,6.07,5.697499999999987,5.87,6.68,49.5,-0.06,-0.14,0.08,新北洋,计算机、通信和其他电子设备制造业,主板,6.044999999999981,6.022499999999997,6.032500000000016,5.898749999999992,6.378297872340427
2376,2024-03-11,6.06,6.14,6.14,6.01,6.03,63226.0,38405700.0,6.06,6.06,5.741999999999988,5.85,6.65,51.86,-0.04,-0.12,0.08,新北洋,计算机、通信和其他电子设备制造业,主板,6.072499999999981,6.078749999999998,6.0633333333333495,5.961874999999992,6.354680851063831
2376,2024-03-12,6.15,6.19,6.2,6.07,6.14,68051.0,41828200.0,6.1,6.05,5.814999999999987,5.85,6.62,52.94,-0.02,-0.1,0.08,新北洋,计算机、通信和其他电子设备制造业,主板,6.089999999999981,6.109999999999998,6.086666666666683,6.004374999999992,6.330425531914895
2376,2024-03-13,6.19,6.23,6.35,6.12,6.19,67939.0,42304700.0,6.12,6.1,5.889999999999987,5.85,6.6,53.83,0.0,-0.08,0.08,新北洋,计算机、通信和其他电子设备制造业,主板,6.147499999999981,6.117499999999998,6.086666666666683,6.041874999999992,6.30553191489362
2376,2024-03-14,6.2,6.15,6.29,6.06,6.23,59311.0,36625200.0,6.15,6.13,5.954499999999987,5.85,6.57,51.72,0.0,-0.07,0.07,新北洋,计算机、通信和其他电子设备制造业,主板,6.177499999999981,6.111249999999997,6.074166666666684,6.0687499999999925,6.2742553191489385
2376,2024-03-15,6.25,6.77,6.77,6.23,6.15,412680.0,273658000.0,6.3,6.19,6.036499999999988,5.86,6.55,63.62,0.05,-0.04,0.09,新北洋,计算机、通信和其他电子设备制造业,主板,6.33499999999998,6.203749999999998,6.1641666666666834,6.1312499999999925,6.254468085106385
2376,2024-03-18,6.7,6.64,6.84,6.52,6.77,494594.0,327015000.0,6.4,6.23,6.0929999999999875,5.87,6.52,60.27,0.08,-0.02,0.1,新北洋,计算机、通信和其他电子设备制造业,主板,6.44749999999998,6.268749999999998,6.222500000000017,6.176874999999993,6.233829787234044
2376,2024-03-19,6.6,6.55,6.78,6.53,6.64,321528.0,212715000.0,6.47,6.28,6.138999999999987,5.88,6.5,57.99,0.11,0.01,0.1,新北洋,计算机、通信和其他电子设备制造业,主板,6.527499999999979,6.337499999999998,6.254166666666683,6.196874999999992,6.211702127659577
2376,2024-03-20,6.55,6.59,6.6,6.52,6.55,220367.0,144662000.0,6.54,6.33,6.182499999999988,5.89,6.48,58.74,0.12,0.03,0.09,新北洋,计算机、通信和其他电子设备制造业,主板,6.63749999999998,6.407499999999997,6.286666666666683,6.214999999999993,6.193191489361705
2376,2024-03-21,6.63,6.58,6.77,6.52,6.59,203257.0,134309000.0,6.63,6.39,6.222999999999988,5.92,6.46,58.46,0.13,0.05,0.08,新北洋,计算机、通信和其他电子设备制造业,主板,6.589999999999979,6.462499999999997,6.3325000000000164,6.270624999999993,6.176808510638299
2376,2024-03-22,6.58,6.56,6.63,6.45,6.58,139867.0,91615100.0,6.58,6.44,6.255499999999988,5.94,6.45,57.86,0.14,0.07,0.07,新北洋,计算机、通信和其他电子设备制造业,主板,6.569999999999979,6.508749999999997,6.369166666666683,6.309374999999993,6.1619148936170225
2376,2024-03-25,6.54,6.33,6.56,6.32,6.56,127903.0,82795500.0,6.52,6.46,6.260499999999988,5.98,6.42,51.4,0.12,0.08,0.04,新北洋,计算机、通信和其他电子设备制造业,主板,6.514999999999978,6.521249999999997,6.3966666666666825,6.319374999999993,6.146595744680852
2376,2024-03-26,6.3,6.43,6.48,6.29,6.33,141711.0,90747100.0,6.5,6.48,6.266999999999988,6.04,6.41,53.81,0.11,0.08,0.03,新北洋,计算机、通信和其他电子设备制造业,主板,6.474999999999977,6.556249999999997,6.430000000000017,6.333749999999992,6.128936170212767
2376,2024-03-27,6.47,6.19,6.47,6.15,6.43,100821.0,63558500.0,6.42,6.48,6.291999999999989,6.09,6.39,47.69,0.09,0.09,0.0,新北洋,计算机、通信和其他电子设备制造业,主板,6.377499999999978,6.483749999999997,6.434166666666683,6.343749999999992,6.109361702127661
2376,2024-03-28,6.22,6.55,6.78,6.18,6.19,212260.0,137419000.0,6.41,6.52,6.322499999999989,6.14,6.37,55.81,0.1,0.09,0.01,新北洋,计算机、通信和其他电子设备制造业,主板,6.374999999999978,6.472499999999997,6.464166666666682,6.3706249999999915,6.097872340425534
2376,2024-03-29,6.48,6.39,6.52,6.28,6.55,164473.0,104701000.0,6.38,6.48,6.333499999999988,6.18,6.36,51.95,0.09,0.09,0.0,新北洋,计算机、通信和其他电子设备制造业,主板,6.3899999999999775,6.452499999999997,6.477500000000016,6.394999999999992,6.083829787234044
2376,2024-04-01,6.43,6.43,6.46,6.35,6.39,124537.0,79648300.0,6.4,6.46,6.344999999999988,6.22,6.34,52.83,0.08,0.09,-0.01,新北洋,计算机、通信和其他电子设备制造业,主板,6.3899999999999775,6.432499999999997,6.5008333333333495,6.419999999999991,6.0742553191489375
2376,2024-04-02,6.42,6.33,6.42,6.21,6.43,108366.0,68415800.0,6.38,6.44,6.359999999999988,6.24,6.32,50.35,0.07,0.08,-0.01,新北洋,计算机、通信和其他电子设备制造业,主板,6.424999999999977,6.401249999999997,6.464166666666682,6.431874999999991,6.064255319148937
2376,2024-04-03,6.3,6.13,6.31,6.08,6.33,103329.0,63541500.0,6.37,6.39,6.360499999999988,6.25,6.29,45.73,0.05,0.08,-0.03,新北洋,计算机、通信和其他电子设备制造业,主板,6.319999999999976,6.3474999999999975,6.421666666666682,6.428124999999991,6.053191489361703
2376,2024-04-08,6.13,6.03,6.17,6.01,6.13,78502.5,47715800.0,6.26,6.34,6.361999999999988,6.26,6.27,43.57,0.02,0.07,-0.05,新北洋,计算机、通信和其他电子设备制造业,主板,6.2299999999999764,6.309999999999998,6.378333333333349,6.415624999999991,6.050425531914894
2376,2024-04-09,6.0,6.09,6.1,6.0,6.03,49755.0,30167300.0,6.2,6.29,6.364999999999988,6.27,6.24,45.24,0.0,0.05,-0.05,新北洋,计算机、通信和其他电子设备制造业,主板,6.1449999999999765,6.267499999999997,6.336666666666683,6.41187499999999,6.049999999999999
2376,2024-04-10,6.08,5.95,6.09,5.89,6.09,68106.7,40694100.0,6.11,6.25,6.355499999999987,6.26,6.22,42.11,-0.03,0.04,-0.07,新北洋,计算机、通信和其他电子设备制造业,主板,6.049999999999976,6.237499999999998,6.284166666666683,6.360624999999991,6.044468085106383
2376,2024-04-11,5.9,5.94,6.05,5.87,5.95,48968.5,29300800.0,6.03,6.2,6.3429999999999875,6.25,6.19,41.89,-0.04,0.02,-0.06,新北洋,计算机、通信和其他电子设备制造业,主板,6.002499999999976,6.161249999999998,6.232500000000016,6.316874999999991,6.033829787234042
2376,2024-04-12,5.93,5.88,6.03,5.85,5.94,53387.5,31651000.0,5.98,6.17,6.3254999999999875,6.25,6.17,40.51,-0.07,0.0,-0.07,新北洋,计算机、通信和其他电子设备制造业,主板,5.964999999999976,6.097499999999998,6.195000000000015,6.274999999999991,6.020212765957447
2376,2024-04-15,5.86,5.64,5.93,5.54,5.88,97664.5,55382400.0,5.9,6.08,6.299999999999987,6.24,6.15,35.46,-0.1,-0.02,-0.08,新北洋,计算机、通信和其他电子设备制造业,主板,5.852499999999976,5.9987499999999985,6.1291666666666815,6.21562499999999,6.006808510638297
2376,2024-04-16,5.61,5.25,5.64,5.22,5.64,118894.0,63264000.0,5.73,5.97,6.223999999999988,6.21,6.11,29.11,-0.16,-0.05,-0.11,新北洋,计算机、通信和其他电子设备制造业,主板,5.677499999999976,5.863749999999999,6.050833333333348,6.1324999999999905,5.988085106382979
2376,2024-04-17,5.32,5.78,5.78,5.31,5.25,153825.0,87163100.0,5.7,5.9,6.180999999999987,6.2,6.09,43.83,-0.16,-0.07,-0.09,新北洋,计算机、通信和其他电子设备制造业,主板,5.637499999999976,5.8199999999999985,5.986666666666682,6.08374999999999,5.987234042553191
2376,2024-04-18,5.87,5.61,5.87,5.57,5.78,112308.0,64198800.0,5.63,5.83,6.133999999999987,6.18,6.07,40.9,-0.17,-0.09,-0.08,新北洋,计算机、通信和其他电子设备制造业,主板,5.569999999999976,5.767499999999998,5.921666666666682,6.0387499999999905,5.985106382978723
2376,2024-04-19,5.55,5.49,5.58,5.45,5.61,60109.7,33119200.0,5.55,5.77,6.078999999999986,6.16,6.04,38.92,-0.18,-0.11,-0.07,新北洋,计算机、通信和其他电子设备制造业,主板,5.532499999999976,5.692499999999999,5.843333333333348,5.97999999999999,5.990212765957447
2376,2024-04-22,5.46,5.51,5.56,5.29,5.49,70600.0,38605100.0,5.53,5.71,6.025499999999987,6.15,6.02,39.44,-0.2,-0.13,-0.07,新北洋,计算机、通信和其他电子设备制造业,主板,5.597499999999975,5.637499999999998,5.7750000000000155,5.93749999999999,6.006808510638297
2376,2024-04-23,5.52,5.62,5.66,5.51,5.51,51512.0,28847400.0,5.6,5.67,5.978499999999987,6.13,6.0,42.38,-0.19,-0.14,-0.05,新北洋,计算机、通信和其他电子设备制造业,主板,5.557499999999975,5.597499999999998,5.732500000000016,5.879374999999991,6.025744680851063
2376,2024-04-24,5.65,5.83,5.83,5.62,5.62,65772.0,37920900.0,5.61,5.66,5.953499999999987,6.12,5.99,47.61,-0.17,-0.14,-0.03,新北洋,计算机、通信和其他电子设备制造业,主板,5.612499999999976,5.591249999999998,5.715833333333349,5.8443749999999905,6.046382978723403
2376,2024-04-25,5.83,5.99,6.2,5.82,5.83,113656.0,68251900.0,5.69,5.66,5.931499999999987,6.12,5.98,51.24,-0.14,-0.14,0.0,新北洋,计算机、通信和其他电子设备制造业,主板,5.737499999999976,5.634999999999998,5.707500000000015,5.816874999999991,6.064680851063829
2376,2024-04-26,5.97,5.96,6.01,5.84,5.99,88154.8,52295200.0,5.78,5.67,5.919999999999987,6.11,5.98,50.53,-0.11,-0.14,0.03,新北洋,计算机、通信和其他电子设备制造业,主板,5.8499999999999766,5.723749999999998,5.708333333333347,5.79374999999999,6.074255319148935
2376,2024-04-29,5.92,6.2,6.22,5.91,5.96,105655.0,64311400.0,5.92,5.72,5.902499999999987,6.11,5.98,55.79,-0.08,-0.13,0.05,新北洋,计算机、通信和其他电子设备制造业,主板,5.994999999999976,5.776249999999998,5.730000000000015,5.798124999999991,6.086382978723403
2376,2024-04-30,6.16,6.2,6.28,6.09,6.2,84450.4,52315900.0,6.04,5.82,5.892999999999987,6.09,5.98,55.79,-0.05,-0.11,0.06,新北洋,计算机、通信和其他电子设备制造业,主板,6.0874999999999755,5.849999999999999,5.756666666666682,5.808749999999991,6.096595744680849
2376,2024-05-06,6.24,6.2,6.32,6.14,6.2,69940.6,43386200.0,6.11,5.86,5.881499999999987,6.07,5.97,55.79,-0.02,-0.09,0.07,新北洋,计算机、通信和其他电子设备制造业,主板,6.139999999999976,5.938749999999999,5.803333333333349,5.815624999999991,6.105744680851062
2376,2024-05-07,6.22,6.2,6.24,6.13,6.2,57679.8,35698200.0,6.15,5.92,5.874999999999988,6.06,5.97,55.79,0.0,-0.07,0.07,新北洋,计算机、通信和其他电子设备制造业,主板,6.199999999999975,6.0249999999999995,5.882500000000015,5.831249999999991,6.111914893617018
2376,2024-05-08,6.2,6.1,6.21,6.1,6.2,41046.5,25215600.0,6.18,5.98,5.8734999999999875,6.05,5.97,52.65,0.01,-0.06,0.07,新北洋,计算机、通信和其他电子设备制造业,主板,6.174999999999975,6.085,5.909166666666682,5.841249999999991,6.10914893617021
2376,2024-05-09,6.12,6.11,6.17,6.08,6.1,41833.0,25636200.0,6.16,6.04,5.877499999999987,6.03,5.97,52.94,0.01,-0.04,0.05,新北洋,计算机、通信和其他电子设备制造业,主板,6.152499999999975,6.12,5.950833333333349,5.855624999999991,6.105106382978721
2376,2024-05-10,6.15,6.06,6.17,6.03,6.11,49419.0,30073200.0,6.13,6.08,5.875999999999987,6.01,5.98,51.28,0.02,-0.03,0.05,新北洋,计算机、通信和其他电子设备制造业,主板,6.117499999999975,6.12875,5.998333333333349,5.881874999999991,6.112978723404253
2376,2024-05-13,6.02,5.94,6.04,5.91,6.06,44402.0,26451700.0,6.08,6.1,5.875499999999986,6.0,5.99,47.43,0.01,-0.02,0.03,新北洋,计算机、通信和其他电子设备制造业,主板,6.052499999999975,6.12625,6.034166666666682,5.924999999999991,6.112978723404253
2376,2024-05-14,5.97,6.03,6.07,5.93,5.94,38573.0,23150900.0,6.05,6.1,5.879999999999987,5.99,6.01,50.43,0.0,-0.02,0.02,新北洋,计算机、通信和其他电子设备制造业,主板,6.034999999999975,6.1049999999999995,6.0683333333333485,5.940624999999991,6.109999999999997
2376,2024-05-15,6.01,5.95,6.05,5.92,6.03,28352.9,16964800.0,6.02,6.1,5.883499999999987,5.98,6.03,47.82,0.0,-0.01,0.01,新北洋,计算机、通信和其他电子设备制造业,主板,5.994999999999975,6.0737499999999995,6.078333333333348,5.961874999999991,6.104680851063827
2376,2024-05-16,5.96,6.01,6.06,5.96,5.95,35997.0,21676700.0,6.0,6.08,5.901999999999988,5.96,6.05,49.92,0.0,-0.01,0.01,新北洋,计算机、通信和其他电子设备制造业,主板,5.982499999999976,6.049999999999999,6.080000000000016,5.994374999999992,6.104255319148933
2376,2024-05-17,6.01,6.11,6.11,5.96,6.01,47157.3,28574300.0,6.01,6.07,5.944999999999988,5.95,6.07,53.29,0.01,-0.01,0.02,新北洋,计算机、通信和其他电子设备制造业,主板,6.0249999999999755,6.0387499999999985,6.092500000000016,6.031874999999991,6.104042553191487
2376,2024-05-20,6.1,6.13,6.15,6.06,6.11,49111.0,30034200.0,6.05,6.06,5.962499999999987,5.94,6.08,53.95,0.01,0.0,0.01,新北洋,计算机、通信和其他电子设备制造业,主板,6.049999999999975,6.042499999999999,6.086666666666683,6.063749999999991,6.106808510638295
2376,2024-05-21,6.1,6.07,6.15,6.05,6.13,35090.0,21368900.0,6.05,6.05,5.985499999999987,5.93,6.09,51.57,0.02,0.0,0.02,新北洋,计算机、通信和其他电子设备制造业,主板,6.079999999999975,6.037499999999999,6.075833333333349,6.078749999999991,6.107659574468083
2376,2024-05-22,6.08,6.09,6.11,6.06,6.07,26976.0,16415900.0,6.08,6.05,6.015499999999987,5.93,6.09,52.33,0.02,0.0,0.02,新北洋,计算机、通信和其他电子设备制造业,主板,6.099999999999975,6.041249999999998,6.0666666666666815,6.084999999999992,6.106595744680848
2376,2024-05-23,6.09,5.92,6.09,5.9,6.09,43402.8,25943400.0,6.06,6.03,6.035999999999987,5.93,6.09,45.79,0.0,0.0,0.0,新北洋,计算机、通信和其他电子设备制造业,主板,6.052499999999975,6.0387499999999985,6.043333333333348,6.0824999999999925,6.100851063829785
2376,2024-05-24,5.91,5.86,5.99,5.86,5.92,33428.0,19762100.0,6.01,6.01,6.047999999999987,5.92,6.09,43.72,0.0,0.0,0.0,新北洋,计算机、通信和其他电子设备制造业,主板,5.9849999999999755,6.017499999999998,6.0233333333333485,6.061249999999992,6.092978723404253
2376,2024-05-27,5.89,5.88,5.94,5.75,5.86,31868.0,18531000.0,5.96,6.0,6.050499999999987,5.92,6.09,44.62,-0.01,0.0,-0.01,新北洋,计算机、通信和其他电子设备制造业,主板,5.937499999999975,6.008749999999998,6.0041666666666815,6.041249999999992,6.08723404255319
2376,2024-05-28,5.89,5.83,5.96,5.81,5.88,36194.0,21273500.0,5.92,5.98,6.042499999999987,5.92,6.08,42.78,-0.03,-0.01,-0.02,新北洋,计算机、通信和其他电子设备制造业,主板,5.872499999999975,5.986249999999998,5.9850000000000145,6.0181249999999915,6.067234042553189
2376,2024-05-29,5.82,5.82,5.9,5.79,5.83,33092.1,19338900.0,5.86,5.97,6.0354999999999865,5.91,6.08,42.4,-0.04,-0.01,-0.03,新北洋,计算机、通信和其他电子设备制造业,主板,5.847499999999975,5.949999999999998,5.975000000000016,5.994374999999992,6.049787234042552
2376,2024-05-30,5.8,5.77,5.81,5.71,5.82,39298.3,22671600.0,5.83,5.95,6.013999999999987,5.92,6.08,40.48,-0.05,-0.02,-0.03,新北洋,计算机、通信和其他电子设备制造业,主板,5.824999999999975,5.9049999999999985,5.953333333333348,5.973749999999992,6.0331914893617
2376,2024-05-31,5.65,5.79,5.82,5.64,5.77,51025.7,29344000.0,5.82,5.92,5.993499999999987,5.94,6.07,41.62,-0.05,-0.03,-0.02,新北洋,计算机、通信和其他电子设备制造业,主板,5.802499999999975,5.869999999999998,5.9400000000000155,5.953749999999992,6.016170212765956
2376,2024-06-03,5.85,5.63,5.86,5.57,5.79,63021.0,35741900.0,5.77,5.87,5.9649999999999865,5.93,6.06,35.72,-0.08,-0.04,-0.04,新北洋,计算机、通信和其他电子设备制造业,主板,5.752499999999975,5.812499999999998,5.908333333333348,5.926874999999992,5.995957446808509
2376,2024-06-04,5.63,5.51,5.64,5.45,5.63,59729.3,32902200.0,5.7,5.81,5.930499999999986,5.93,6.06,32.05,-0.1,-0.05,-0.05,新北洋,计算机、通信和其他电子设备制造业,主板,5.674999999999974,5.761249999999998,5.8583333333333485,5.899999999999992,5.973617021276595
2376,2024-06-05,5.51,5.44,5.52,5.44,5.51,43610.0,23925400.0,5.63,5.74,5.897499999999987,5.93,6.04,30.11,-0.11,-0.06,-0.05,新北洋,计算机、通信和其他电子设备制造业,主板,5.5924999999999745,5.7087499999999975,5.800833333333348,5.863124999999992,5.954680851063829
2376,2024-06-06,5.43,5.19,5.51,5.15,5.44,74243.5,39134800.0,5.51,5.67,5.851499999999986,5.91,6.03,24.42,-0.15,-0.08,-0.07,新北洋,计算机、通信和其他电子设备制造业,主板,5.442499999999975,5.622499999999997,5.727500000000016,5.815624999999992,5.9282978723404245
2376,2024-06-07,5.28,5.33,5.41,5.22,5.19,50475.3,26847000.0,5.42,5.62,5.814999999999986,5.9,6.02,32.15,-0.17,-0.1,-0.07,新北洋,计算机、通信和其他电子设备制造业,主板,5.367499999999976,5.559999999999997,5.664166666666682,5.773124999999991,5.909999999999998
2376,2024-06-11,5.32,5.38,5.4,5.22,5.33,41464.0,22065800.0,5.37,5.57,5.786999999999987,5.89,6.01,34.72,-0.18,-0.11,-0.07,新北洋,计算机、通信和其他电子设备制造业,主板,5.334999999999976,5.504999999999997,5.619166666666682,5.727499999999991,5.885106382978721
2376,2024-06-12,5.38,5.46,5.51,5.32,5.38,29899.0,16319900.0,5.36,5.53,5.7584999999999855,5.87,5.99,38.72,-0.17,-0.13,-0.04,新北洋,计算机、通信和其他电子设备制造业,主板,5.339999999999976,5.466249999999997,5.585833333333348,5.685624999999991,5.865319148936168
2376,2024-06-13,5.47,5.44,5.51,5.41,5.46,32884.0,17919400.0,5.36,5.49,5.732999999999985,5.86,5.98,38.09,-0.16,-0.13,-0.03,新北洋,计算机、通信和其他电子设备制造业,主板,5.402499999999976,5.422499999999997,5.5491666666666815,5.646249999999991,5.8442553191489335
2376,2024-06-14,5.45,5.54,5.55,5.37,5.44,46881.0,25689500.0,5.43,5.47,5.709499999999986,5.83,5.97,43.06,-0.15,-0.14,-0.01,新北洋,计算机、通信和其他电子设备制造业,主板,5.454999999999975,5.411249999999996,5.5250000000000155,5.6118749999999915,5.827446808510637
2376,2024-06-17,5.5,5.51,5.64,5.48,5.54,35094.0,19460800.0,5.47,5.44,5.679499999999986,5.81,5.95,41.98,-0.15,-0.14,-0.01,新北洋,计算机、通信和其他电子设备制造业,主板,5.487499999999975,5.411249999999996,5.499166666666682,5.586249999999992,5.814255319148935
2376,2024-06-18,5.54,5.65,5.67,5.48,5.51,38368.0,21538500.0,5.52,5.44,5.655499999999987,5.79,5.93,48.52,-0.13,-0.14,0.01,新北洋,计算机、通信和其他电子设备制造业,主板,5.534999999999975,5.4374999999999964,5.489166666666683,5.573124999999992,5.806170212765956
2376,2024-06-19,5.63,5.7,5.73,5.63,5.65,38020.0,21645600.0,5.57,5.46,5.636999999999986,5.78,5.92,50.66,-0.11,-0.13,0.02,新北洋,计算机、通信和其他电子设备制造业,主板,5.599999999999975,5.501249999999997,5.4816666666666825,5.561874999999993,5.79787234042553
2376,2024-06-20,5.7,5.51,5.73,5.51,5.7,44835.0,25135300.0,5.58,5.47,5.607999999999986,5.76,5.9,43.29,-0.11,-0.13,0.02,新北洋,计算机、通信和其他电子设备制造业,主板,5.5924999999999745,5.523749999999997,5.471666666666683,5.541874999999993,5.788510638297871
2376,2024-06-21,5.51,5.52,5.56,5.36,5.51,33566.0,18427000.0,5.58,5.5,5.587999999999986,5.74,5.88,43.76,-0.1,-0.12,0.02,新北洋,计算机、通信和其他电子设备制造业,主板,5.594999999999974,5.541249999999997,5.472500000000015,5.523124999999993,5.779574468085105
2376,2024-06-24,5.47,5.25,5.47,5.2,5.52,48254.4,25582800.0,5.53,5.5,5.557499999999986,5.71,5.86,35.35,-0.12,-0.12,0.0,新北洋,计算机、通信和其他电子设备制造业,主板,5.494999999999974,5.514999999999997,5.456666666666682,5.490624999999993,5.766170212765956
2376,2024-06-25,5.23,5.18,5.34,5.14,5.25,55653.0,29080800.0,5.43,5.48,5.522499999999987,5.68,5.84,33.56,-0.13,-0.12,-0.01,新北洋,计算机、通信和其他电子设备制造业,主板,5.3649999999999745,5.482499999999997,5.4558333333333495,5.452499999999993,5.756382978723403
2376,2024-06-26,5.16,5.47,5.5,5.13,5.18,52147.7,27874100.0,5.39,5.48,5.504499999999987,5.66,5.83,45.85,-0.12,-0.12,0.0,新北洋,计算机、通信和其他电子设备制造业,主板,5.354999999999974,5.473749999999997,5.467500000000016,5.442499999999993,5.761063829787234
2376,2024-06-27,5.5,5.42,5.54,5.41,5.47,44928.0,24570800.0,5.37,5.48,5.484499999999987,5.65,5.81,44.33,-0.12,-0.12,0.0,新北洋,计算机、通信和其他电子设备制造业,主板,5.329999999999974,5.462499999999998,5.47083333333335,5.436874999999993,5.75340425531915
2376,2024-06-28,5.41,5.39,5.52,5.36,5.42,39644.7,21623900.0,5.34,5.46,5.465499999999987,5.63,5.79,43.4,-0.12,-0.12,0.0,新北洋,计算机、通信和其他电子设备制造业,主板,5.3649999999999745,5.429999999999998,5.465000000000018,5.433749999999993,5.748723404255319
2376,2024-07-01,5.38,5.41,5.42,5.26,5.39,51037.0,27307800.0,5.37,5.45,5.446499999999987,5.6,5.78,44.24,-0.11,-0.12,0.01,新北洋,计算机、通信和其他电子设备制造业,主板,5.422499999999975,5.393749999999997,5.462500000000017,5.447499999999993,5.747021276595745
2376,2024-07-02,5.38,5.48,5.54,5.38,5.41,44306.0,24324400.0,5.43,5.43,5.438999999999988,5.58,5.76,47.19,-0.09,-0.11,0.02,新北洋,计算机、通信和其他电子设备制造业,主板,5.424999999999975,5.389999999999998,5.457500000000017,5.456874999999993,5.746382978723405
2376,2024-07-03,5.47,5.36,5.53,5.35,5.48,48045.6,26054900.0,5.41,5.4,5.431499999999987,5.56,5.75,42.99,-0.1,-0.11,0.01,新北洋,计算机、通信和其他电子设备制造业,主板,5.409999999999975,5.369999999999997,5.445000000000017,5.455624999999993,5.740851063829789
2376,2024-07-04,5.37,5.16,5.39,5.16,5.36,48339.7,25382000.0,5.36,5.36,5.417499999999987,5.53,5.73,37.05,-0.11,-0.11,0.0,新北洋,计算机、通信和其他电子设备制造业,主板,5.352499999999975,5.358749999999997,5.404166666666683,5.4368749999999935,5.726595744680853
2376,2024-07-05,5.16,5.19,5.23,5.08,5.16,34553.8,17856300.0,5.32,5.33,5.417499999999987,5.5,5.72,38.43,-0.12,-0.11,-0.01,新北洋,计算机、通信和其他电子设备制造业,主板,5.2974999999999755,5.359999999999997,5.361666666666682,5.4212499999999935,5.709574468085108
2376,2024-07-08,5.15,5.03,5.18,4.99,5.19,51759.0,26227800.0,5.24,5.31,5.402499999999987,5.47,5.7,34.15,-0.13,-0.12,-0.01,新北洋,计算机、通信和其他电子设备制造业,主板,5.184999999999976,5.304999999999997,5.321666666666682,5.389374999999993,5.689787234042555
2376,2024-07-09,5.0,5.13,5.14,4.94,5.03,40639.9,20544900.0,5.17,5.3,5.389999999999987,5.45,5.68,38.74,-0.14,-0.12,-0.02,新北洋,计算机、通信和其他电子设备制造业,主板,5.1274999999999755,5.268749999999997,5.2891666666666834,5.3656249999999925,5.667021276595746
2376,2024-07-10,5.09,5.01,5.16,4.99,5.13,45233.0,22868900.0,5.1,5.26,5.367499999999987,5.42,5.67,35.54,-0.15,-0.13,-0.02,新北洋,计算机、通信和其他电子设备制造业,主板,5.089999999999976,5.221249999999997,5.269166666666684,5.3256249999999925,5.641702127659576
2376,2024-07-11,5.26,5.34,5.4,5.21,5.01,113557.0,60130900.0,5.14,5.25,5.362499999999988,5.41,5.66,48.21,-0.13,-0.13,0.0,新北洋,计算机、通信和其他电子设备制造业,主板,5.1274999999999755,5.212499999999997,5.2825000000000175,5.3031249999999925,5.623404255319151
2376,2024-07-12,5.33,5.26,5.4,5.24,5.34,73545.0,39008100.0,5.15,5.24,5.348499999999988,5.39,5.65,45.86,-0.12,-0.13,0.01,新北洋,计算机、通信和其他电子设备制造业,主板,5.184999999999976,5.184999999999997,5.265000000000017,5.2874999999999925,5.60340425531915
2376,2024-07-15,5.24,5.18,5.27,5.15,5.26,51223.0,26570600.0,5.18,5.21,5.331999999999987,5.37,5.65,43.57,-0.12,-0.12,0.0,新北洋,计算机、通信和其他电子设备制造业,主板,5.197499999999976,5.162499999999997,5.245000000000018,5.266249999999993,5.583829787234044
2376,2024-07-16,5.16,5.21,5.25,5.15,5.18,45670.2,23750700.0,5.2,5.19,5.309999999999986,5.36,5.64,44.68,-0.11,-0.12,0.01,新北洋,计算机、通信和其他电子设备制造业,主板,5.247499999999976,5.1687499999999975,5.230000000000017,5.263749999999993,5.56468085106383
2376,2024-07-17,5.2,5.12,5.24,5.11,5.21,57453.0,29655400.0,5.22,5.16,5.280999999999986,5.34,5.63,42.0,-0.11,-0.12,0.01,新北洋,计算机、通信和其他电子设备制造业,主板,5.192499999999976,5.1599999999999975,5.205833333333351,5.259999999999993,5.544680851063831
2376,2024-07-18,5.06,5.04,5.08,4.91,5.12,66662.0,33207300.0,5.16,5.15,5.257499999999987,5.33,5.63,39.72,-0.12,-0.12,0.0,新北洋,计算机、通信和其他电子设备制造业,主板,5.137499999999976,5.161249999999997,5.169166666666684,5.233124999999993,5.525531914893618
2376,2024-07-19,5.04,5.13,5.18,5.01,5.04,43708.2,22354000.0,5.14,5.14,5.237999999999987,5.33,5.62,43.44,-0.12,-0.12,0.0,新北洋,计算机、通信和其他电子设备制造业,主板,5.124999999999976,5.161249999999997,5.150000000000017,5.214999999999993,5.506382978723406
2376,2024-07-22,5.14,5.25,5.29,5.13,5.13,55770.0,29167900.0,5.15,5.17,5.237999999999987,5.32,5.61,48.05,-0.11,-0.12,0.01,新北洋,计算机、通信和其他电子设备制造业,主板,5.134999999999976,5.1912499999999975,5.1575000000000175,5.206249999999993,5.491489361702129
2376,2024-07-23,5.25,5.25,5.32,5.18,5.25,56561.1,29770300.0,5.16,5.18,5.241499999999986,5.32,5.6,48.05,-0.09,-0.11,0.02,新北洋,计算机、通信和其他电子设备制造业,主板,5.167499999999976,5.179999999999998,5.162500000000018,5.196249999999993,5.475319148936172
2376,2024-07-24,5.11,5.13,5.37,5.06,5.25,99439.2,51745100.0,5.16,5.19,5.224499999999987,5.31,5.59,43.9,-0.09,-0.11,0.02,新北洋,计算机、通信和其他电子设备制造业,主板,5.1899999999999755,5.1637499999999985,5.170833333333351,5.174374999999992,5.4544680851063845
2376,2024-07-25,5.05,5.07,5.15,5.0,5.13,69064.0,34953000.0,5.17,5.16,5.206999999999986,5.3,5.58,41.95,-0.09,-0.1,0.01,新北洋,计算机、通信和其他电子设备制造业,主板,5.174999999999976,5.149999999999999,5.16583333333335,5.156249999999992,5.431914893617023
2376,2024-07-26,5.08,5.16,5.18,5.07,5.07,42384.0,21809700.0,5.17,5.15,5.195499999999986,5.28,5.56,45.84,-0.09,-0.1,0.01,新北洋,计算机、通信和其他电子设备制造业,主板,5.152499999999976,5.143749999999998,5.1783333333333506,5.156249999999992,5.412553191489364
2376,2024-07-29,5.16,5.2,5.22,5.08,5.16,50258.7,26060500.0,5.16,5.16,5.184999999999986,5.27,5.54,47.52,-0.07,-0.1,0.03,新北洋,计算机、通信和其他电子设备制造业,主板,5.139999999999976,5.153749999999999,5.166666666666683,5.156874999999992,5.393617021276597
2376,2024-07-30,5.15,5.28,5.3,5.14,5.2,50286.0,26409900.0,5.17,5.16,5.174999999999986,5.26,5.53,50.81,-0.06,-0.09,0.03,新北洋,计算机、通信和其他电子设备制造业,主板,5.177499999999976,5.183749999999999,5.16833333333335,5.172499999999992,5.380000000000002
2376,2024-07-31,5.28,5.47,5.49,5.23,5.28,76721.5,41369200.0,5.24,5.2,5.180499999999986,5.25,5.51,57.61,-0.04,-0.08,0.04,新北洋,计算机、通信和其他电子设备制造业,主板,5.277499999999976,5.2262499999999985,5.192500000000018,5.1937499999999925,5.371702127659576
2376,2024-08-01,5.48,5.46,5.5,5.42,5.47,63686.0,34775400.0,5.31,5.24,5.195499999999986,5.25,5.5,57.16,-0.01,-0.06,0.05,新北洋,计算机、通信和其他电子设备制造业,主板,5.352499999999976,5.252499999999999,5.213333333333351,5.221874999999992,5.36276595744681
2376,2024-08-02,5.42,5.36,5.47,5.35,5.46,46819.0,25352600.0,5.35,5.26,5.2039999999999855,5.25,5.49,52.75,-0.01,-0.05,0.04,新北洋,计算机、通信和其他电子设备制造业,主板,5.392499999999976,5.2662499999999985,5.233333333333351,5.223124999999992,5.35276595744681
2376,2024-08-05,5.33,5.16,5.42,5.15,5.36,49170.0,25994200.0,5.35,5.25,5.2104999999999855,5.24,5.48,45.22,-0.02,-0.05,0.03,新北洋,计算机、通信和其他电子设备制造业,主板,5.362499999999976,5.269999999999999,5.243333333333352,5.216874999999991,5.338723404255321
2376,2024-08-06,5.2,5.29,5.3,5.17,5.16,42804.2,22377000.0,5.35,5.26,5.218499999999986,5.25,5.47,50.19,-0.01,-0.04,0.03,新北洋,计算机、通信和其他电子设备制造业,主板,5.317499999999976,5.2974999999999985,5.256666666666685,5.223749999999992,5.328510638297874
2376,2024-08-07,5.26,5.32,5.36,5.26,5.29,32107.9,17075200.0,5.32,5.28,5.233999999999986,5.24,5.45,51.29,0.0,-0.03,0.03,新北洋,计算机、通信和其他电子设备制造业,主板,5.282499999999976,5.317499999999999,5.262500000000018,5.230624999999992,5.318510638297874
2376,2024-08-08,5.31,5.24,5.33,5.18,5.32,69140.7,36333200.0,5.27,5.29,5.228999999999985,5.24,5.44,48.24,-0.01,-0.03,0.02,新北洋,计算机、通信和其他电子设备制造业,主板,5.252499999999976,5.322499999999999,5.2616666666666845,5.238124999999991,5.3102127659574485
2376,2024-08-09,5.26,5.21,5.3,5.21,5.24,36220.0,18987200.0,5.24,5.3,5.226499999999985,5.23,5.43,47.1,-0.02,-0.03,0.01,新北洋,计算机、通信和其他电子设备制造业,主板,5.264999999999977,5.313749999999999,5.26833333333335,5.2487499999999905,5.303829787234045
2376,2024-08-12,5.2,5.19,5.26,5.17,5.21,44586.2,23248700.0,5.25,5.3,5.226999999999984,5.22,5.41,46.32,-0.02,-0.02,0.0,新北洋,计算机、通信和其他电子设备制造业,主板,5.239999999999977,5.278749999999999,5.278333333333351,5.252499999999991,5.298510638297874
2376,2024-08-13,5.2,5.24,5.25,5.14,5.19,34084.0,17750600.0,5.24,5.29,5.228499999999984,5.21,5.4,48.62,-0.02,-0.02,0.0,新北洋,计算机、通信和其他电子设备制造业,主板,5.2199999999999775,5.251249999999999,5.285000000000018,5.25187499999999,5.299574468085109
2376,2024-08-14,5.21,5.24,5.29,5.21,5.24,33793.0,17764200.0,5.22,5.27,5.234499999999984,5.21,5.38,48.62,-0.02,-0.02,0.0,新北洋,计算机、通信和其他电子设备制造业,主板,5.2199999999999775,5.236249999999999,5.288333333333351,5.25124999999999,5.297659574468088
2376,2024-08-15,5.24,5.39,5.4,5.22,5.24,52636.0,28093200.0,5.25,5.26,5.251999999999983,5.22,5.37,55.27,0.0,-0.02,0.02,新北洋,计算机、通信和其他电子设备制造业,主板,5.2649999999999775,5.264999999999999,5.297500000000017,5.26749999999999,5.297872340425534
2376,2024-08-16,5.39,5.41,5.44,5.37,5.39,45053.5,24373400.0,5.29,5.27,5.265999999999983,5.23,5.36,56.09,0.01,-0.01,0.02,新北洋,计算机、通信和其他电子设备制造业,主板,5.319999999999977,5.2799999999999985,5.292500000000017,5.28874999999999,5.2968085106383
2376,2024-08-19,5.39,5.46,5.49,5.37,5.41,49972.0,27209600.0,5.35,5.3,5.276499999999983,5.24,5.36,58.14,0.02,-0.01,0.03,新北洋,计算机、通信和其他电子设备制造业,主板,5.374999999999977,5.2974999999999985,5.292500000000016,5.3074999999999894,5.297234042553194
2376,2024-08-20,5.45,5.34,5.46,5.31,5.46,40386.0,21682100.0,5.37,5.3,5.280999999999983,5.25,5.35,51.87,0.02,0.0,0.02,新北洋,计算机、通信和其他电子设备制造业,主板,5.399999999999977,5.309999999999998,5.2908333333333495,5.3162499999999895,5.292978723404258
2376,2024-08-22,5.35,5.13,5.37,5.11,5.35,57642.1,30073500.0,5.35,5.28,5.280999999999983,5.25,5.34,43.09,0.0,0.0,0.0,新北洋,计算机、通信和其他电子设备制造业,主板,5.334999999999977,5.299999999999998,5.288333333333349,5.306874999999989,5.28489361702128
2376,2024-08-23,5.1,5.19,5.23,5.05,5.13,51735.1,26643800.0,5.31,5.28,5.286999999999983,5.25,5.33,45.91,0.0,0.0,0.0,新北洋,计算机、通信和其他电子设备制造业,主板,5.279999999999977,5.299999999999998,5.280000000000016,5.289374999999989,5.275106382978726
2376,2024-08-26,5.2,5.22,5.27,5.11,5.19,59019.0,30715700.0,5.27,5.28,5.289999999999983,5.24,5.32,47.31,-0.01,0.0,-0.01,新北洋,计算机、通信和其他电子设备制造业,主板,5.219999999999977,5.297499999999998,5.271666666666683,5.274374999999989,5.264893617021279
2376,2024-08-27,5.2,5.06,5.28,5.05,5.22,59438.9,30500400.0,5.19,5.27,5.2829999999999835,5.24,5.3,41.18,-0.02,-0.01,-0.01,新北洋,计算机、通信和其他电子设备制造业,主板,5.149999999999976,5.274999999999998,5.256666666666683,5.2556249999999896,5.255319148936173
2376,2024-08-28,5.01,5.16,5.21,5.0,5.06,52763.0,26994200.0,5.15,5.26,5.276999999999983,5.24,5.3,45.9,-0.03,-0.01,-0.02,新北洋,计算机、通信和其他电子设备制造业,主板,5.157499999999977,5.246249999999998,5.252500000000016,5.2556249999999896,5.247659574468088
2376,2024-08-29,5.12,5.34,5.36,5.11,5.16,55695.5,29281500.0,5.19,5.27,5.270499999999983,5.25,5.29,53.18,-0.02,-0.01,-0.01,新北洋,计算机、通信和其他电子设备制造业,主板,5.194999999999976,5.237499999999999,5.265000000000016,5.258749999999989,5.249574468085109
2376,2024-08-30,5.33,5.46,5.61,5.32,5.34,80443.8,43958800.0,5.25,5.28,5.270499999999983,5.26,5.29,57.31,0.01,-0.01,0.02,新北洋,计算机、通信和其他电子设备制造业,主板,5.254999999999977,5.237499999999999,5.283333333333348,5.267499999999989,5.25553191489362
2376,2024-09-02,5.45,5.5,5.57,5.43,5.46,71300.1,39360200.0,5.3,5.29,5.277499999999984,5.27,5.3,58.62,0.02,0.0,0.02,新北洋,计算机、通信和其他电子设备制造业,主板,5.364999999999977,5.2574999999999985,5.305000000000015,5.28374999999999,5.25617021276596
2376,2024-09-03,5.47,5.55,5.57,5.45,5.5,69843.0,38559200.0,5.4,5.3,5.296999999999984,5.28,5.3,60.26,0.04,0.01,0.03,新北洋,计算机、通信和其他电子设备制造业,主板,5.462499999999977,5.309999999999998,5.3183333333333485,5.30499999999999,5.2589361702127695
2376,2024-09-04,5.52,5.45,5.57,5.42,5.55,51621.0,28262800.0,5.46,5.31,5.304999999999984,5.29,5.3,55.52,0.04,0.01,0.03,新北洋,计算机、通信和其他电子设备制造业,主板,5.489999999999977,5.3424999999999985,5.321666666666682,5.32124999999999,5.2602127659574505
2376,2024-09-05,5.52,5.55,5.59,5.48,5.45,55401.0,30708500.0,5.5,5.35,5.316499999999984,5.3,5.31,58.99,0.05,0.02,0.03,新北洋,计算机、通信和其他电子设备制造业,主板,5.512499999999977,5.383749999999998,5.329166666666682,5.34062499999999,5.263191489361706
2376,2024-09-06,5.52,5.47,5.61,5.45,5.55,58006.1,32123700.0,5.5,5.38,5.327999999999983,5.32,5.31,55.27,0.05,0.03,0.02,新北洋,计算机、通信和其他电子设备制造业,主板,5.504999999999977,5.434999999999998,5.340000000000015,5.354999999999991,5.2629787234042595
2376,2024-09-09,5.43,5.47,5.53,5.39,5.47,48576.0,26554400.0,5.5,5.4,5.340999999999984,5.33,5.31,55.27,0.05,0.03,0.02,新北洋,计算机、通信和其他电子设备制造业,主板,5.484999999999976,5.473749999999997,5.368333333333349,5.3599999999999905,5.2653191489361735
2376,2024-09-10,5.47,5.58,5.6,5.41,5.47,50579.8,27781900.0,5.5,5.45,5.360499999999984,5.34,5.31,59.36,0.07,0.04,0.03,新北洋,计算机、通信和其他电子设备制造业,主板,5.517499999999976,5.503749999999997,5.400833333333349,5.370624999999991,5.27425531914894
2376,2024-09-11,5.55,5.5,5.61,5.46,5.58,50126.7,27770900.0,5.51,5.49,5.373499999999984,5.35,5.3,55.4,0.07,0.05,0.02,新北洋,计算机、通信和其他电子设备制造业,主板,5.504999999999976,5.5087499999999965,5.424166666666682,5.373124999999991,5.280851063829791
2376,2024-09-12,5.52,5.56,5.61,5.48,5.5,56563.2,31392100.0,5.52,5.51,5.389499999999985,5.35,5.3,57.68,0.07,0.05,0.02,新北洋,计算机、通信和其他电子设备制造业,主板,5.527499999999976,5.516249999999997,5.465833333333349,5.386874999999991,5.292127659574472
2376,2024-09-13,5.57,5.49,5.58,5.47,5.56,49445.7,27207100.0,5.52,5.51,5.394499999999985,5.35,5.3,54.19,0.07,0.05,0.02,新北洋,计算机、通信和其他电子设备制造业,主板,5.532499999999976,5.508749999999997,5.493333333333349,5.409374999999991,5.299787234042557
2376,2024-09-18,5.48,5.55,5.58,5.45,5.49,53672.6,29604500.0,5.54,5.52,5.401499999999984,5.36,5.3,56.61,0.07,0.06,0.01,新北洋,计算机、通信和其他电子设备制造业,主板,5.5249999999999755,5.521249999999997,5.510833333333348,5.431874999999991,5.311276595744686
2376,2024-09-19,5.57,5.63,5.65,5.56,5.55,77932.7,43734400.0,5.55,5.52,5.409999999999984,5.37,5.31,59.67,0.07,0.06,0.01,新北洋,计算机、通信和其他电子设备制造业,主板,5.557499999999975,5.531249999999997,5.5250000000000155,5.457499999999991,5.317446808510643
2376,2024-09-20,5.64,5.63,5.73,5.57,5.63,118127.0,66712100.0,5.57,5.54,5.424499999999984,5.38,5.32,59.67,0.08,0.06,0.02,新北洋,计算机、通信和其他电子设备制造业,主板,5.574999999999975,5.551249999999998,5.535833333333348,5.49312499999999,5.325319148936175
2376,2024-09-23,5.6,5.69,5.75,5.59,5.63,84329.1,48034900.0,5.6,5.56,5.452499999999985,5.4,5.32,62.0,0.09,0.07,0.02,新北洋,计算机、通信和其他电子设备制造业,主板,5.624999999999975,5.578749999999998,5.5475000000000145,5.52624999999999,5.336170212765962
2376,2024-09-24,5.72,5.77,5.77,5.62,5.69,93167.0,53260500.0,5.65,5.59,5.4814999999999845,5.41,5.33,64.91,0.09,0.07,0.02,新北洋,计算机、通信和其他电子设备制造业,主板,5.679999999999975,5.602499999999997,5.574166666666681,5.55312499999999,5.3480851063829835
2376,2024-09-25,5.78,5.74,5.88,5.72,5.77,97420.5,56658800.0,5.69,5.61,5.507499999999984,5.43,5.33,62.97,0.11,0.08,0.03,新北洋,计算机、通信和其他电子设备制造业,主板,5.707499999999976,5.632499999999998,5.590000000000014,5.57062499999999,5.361276595744685
2376,2024-09-26,5.77,5.85,5.86,5.74,5.74,89505.4,51960800.0,5.74,5.64,5.546999999999984,5.45,5.34,66.89,0.11,0.09,0.02,新北洋,计算机、通信和其他电子设备制造业,主板,5.762499999999975,5.6687499999999975,5.62166666666668,5.59249999999999,5.378510638297877
2376,2024-09-27,6.13,6.33,6.35,6.06,5.85,223304.0,138703000.0,5.88,5.72,5.605499999999983,5.49,5.35,77.9,0.16,0.1,0.06,新北洋,计算机、通信和其他电子设备制造业,主板,5.9224999999999755,5.773749999999997,5.693333333333347,5.64124999999999,5.404042553191494
2376,2024-09-30,6.57,6.86,6.95,6.43,6.33,341388.0,229023000.0,6.11,5.85,5.681499999999984,5.54,5.38,84.16,0.24,0.13,0.11,新北洋,计算机、通信和其他电子设备制造业,主板,6.194999999999975,5.937499999999997,5.800000000000014,5.7293749999999894,5.4382978723404305
2376,2024-10-08,7.55,7.55,7.55,7.0,6.86,357676.0,263891000.0,6.47,6.06,5.785999999999984,5.62,5.42,88.66,0.35,0.17,0.18,新北洋,计算机、通信和其他电子设备制造业,主板,6.647499999999974,6.177499999999997,5.9708333333333465,5.8543749999999894,5.487234042553197
2376,2024-10-09,7.55,7.1,7.57,7.09,7.55,348622.0,256165000.0,6.74,6.22,5.865999999999984,5.67,5.45,73.91,0.39,0.22,0.17,新北洋,计算机、通信和其他电子设备制造业,主板,6.959999999999974,6.3612499999999965,6.0991666666666795,5.956249999999989,5.529148936170219
2376,2024-10-10,7.11,6.95,7.27,6.85,7.1,242068.0,170334000.0,6.96,6.35,5.935999999999984,5.72,5.48,69.74,0.42,0.26,0.16,新北洋,计算机、通信和其他电子设备制造业,主板,7.114999999999975,6.518749999999997,6.2208333333333465,6.048749999999989,5.569148936170219
2376,2024-10-11,6.99,6.69,6.99,6.64,6.95,151599.0,102765000.0,7.03,6.45,5.997999999999983,5.77,5.51,63.1,0.41,0.29,0.12,新北洋,计算机、通信和其他电子设备制造业,主板,7.072499999999975,6.633749999999997,6.315833333333347,6.118124999999989,5.60170212765958
2376,2024-10-14,6.68,6.92,6.92,6.59,6.69,142308.0,96529300.0,7.04,6.58,6.066499999999984,5.83,5.54,66.17,0.42,0.31,0.11,新北洋,计算机、通信和其他电子设备制造业,主板,6.914999999999975,6.781249999999997,6.423333333333347,6.2068749999999895,5.638297872340432
2376,2024-10-15,6.88,6.86,7.04,6.77,6.92,159312.0,110276000.0,6.9,6.68,6.135999999999984,5.88,5.56,64.66,0.42,0.34,0.08,新北洋,计算机、通信和其他电子设备制造业,主板,6.854999999999976,6.907499999999997,6.525833333333348,6.288124999999989,5.6719148936170285
2376,2024-10-16,6.78,6.82,6.86,6.72,6.86,94795.6,64498300.0,6.85,6.79,6.203499999999984,5.94,5.59,63.61,0.41,0.35,0.06,新北洋,计算机、通信和其他电子设备制造业,主板,6.822499999999976,6.968749999999997,6.620000000000014,6.37124999999999,5.700638297872347
2376,2024-10-17,6.83,6.84,7.01,6.83,6.82,127062.0,88124200.0,6.83,6.89,6.266499999999985,6.0,5.62,63.93,0.39,0.36,0.03,新北洋,计算机、通信和其他电子设备制造业,主板,6.8599999999999755,6.966249999999997,6.709166666666682,6.4518749999999905,5.730000000000006
2376,2024-10-18,6.83,7.01,7.14,6.78,6.84,152891.0,106488000.0,6.89,6.96,6.3419999999999845,6.06,5.65,66.56,0.39,0.36,0.03,新北洋,计算机、通信和其他电子设备制造业,主板,6.882499999999975,6.898749999999997,6.8150000000000155,6.538124999999991,5.765106382978729
2376,2024-10-21,7.07,7.24,7.34,7.05,7.01,195248.0,140778000.0,6.95,7.0,6.425999999999985,6.12,5.68,69.78,0.41,0.37,0.04,新北洋,计算机、通信和其他电子设备制造业,主板,6.977499999999976,6.916249999999997,6.930833333333349,6.638749999999991,5.8093617021276645
2376,2024-10-22,7.13,6.99,7.18,6.96,7.24,190415.0,134114000.0,6.98,6.94,6.500999999999985,6.17,5.72,62.72,0.39,0.38,0.01,新北洋,计算机、通信和其他电子设备制造业,主板,7.0199999999999765,6.921249999999997,6.985833333333349,6.719999999999991,5.8455319148936224
2376,2024-10-23,7.01,7.06,7.17,6.97,6.99,162832.0,115397000.0,7.03,6.94,6.576499999999984,6.22,5.75,63.82,0.38,0.38,0.0,新北洋,计算机、通信和其他电子设备制造业,主板,7.074999999999977,6.967499999999998,7.0025000000000155,6.800624999999991,5.882553191489367
2376,2024-10-24,7.06,6.94,7.06,6.9,7.06,115149.0,80084000.0,7.05,6.94,6.641999999999984,6.27,5.78,60.51,0.36,0.37,-0.01,新北洋,计算机、通信和其他电子设备制造业,主板,7.057499999999978,6.969999999999997,6.951666666666682,6.875624999999991,5.918723404255324
2376,2024-10-25,6.97,6.99,7.03,6.94,6.94,101229.0,70628700.0,7.04,6.97,6.709999999999985,6.32,5.81,61.41,0.34,0.37,-0.03,新北洋,计算机、通信和其他电子设备制造业,主板,6.994999999999978,6.986249999999997,6.942500000000016,6.9468749999999915,5.956595744680857
2376,2024-10-28,7.0,7.27,7.38,6.99,6.99,259626.0,186930000.0,7.05,7.0,6.7889999999999855,6.38,5.84,66.06,0.35,0.36,-0.01,新北洋,计算机、通信和其他电子设备制造业,主板,7.064999999999978,7.042499999999998,6.969166666666681,7.005624999999991,6.000851063829793
2376,2024-10-29,7.17,7.06,7.28,7.04,7.27,233283.0,166753000.0,7.06,7.02,6.853499999999985,6.43,5.87,60.2,0.33,0.36,-0.03,新北洋,计算机、通信和其他电子设备制造业,主板,7.064999999999979,7.0699999999999985,7.000000000000015,7.0181249999999915,6.039574468085111
2376,2024-10-30,7.06,6.97,7.13,6.9,7.06,210561.0,147288000.0,7.05,7.04,6.914999999999985,6.48,5.9,57.83,0.3,0.35,-0.05,新北洋,计算机、通信和其他电子设备制造业,主板,7.072499999999979,7.064999999999999,7.0041666666666815,6.981874999999992,6.07638297872341
2376,2024-10-31,6.97,7.05,7.12,6.94,6.97,204675.0,144202000.0,7.07,7.06,6.974999999999985,6.53,5.94,59.36,0.29,0.33,-0.04,新北洋,计算机、通信和其他电子设备制造业,主板,7.087499999999979,7.041249999999998,7.020000000000015,6.978749999999992,6.111702127659581
2376,2024-11-01,7.07,6.6,7.07,6.59,7.05,273864.0,184975000.0,6.99,7.02,6.988499999999985,6.57,5.96,48.66,0.24,0.32,-0.08,新北洋,计算机、通信和其他电子设备制造业,主板,6.9199999999999795,6.992499999999998,7.001666666666682,6.956874999999991,6.137021276595751
2376,2024-11-04,6.65,6.88,6.94,6.62,6.6,209609.0,143204000.0,6.91,6.98,6.989499999999984,6.61,5.98,54.2,0.21,0.29,-0.08,新北洋,计算机、通信和其他电子设备制造业,主板,6.87499999999998,6.969999999999998,7.005000000000014,6.968749999999991,6.167234042553198
2376,2024-11-05,6.88,7.01,7.04,6.88,6.88,179420.0,125333000.0,6.9,6.98,6.962499999999983,6.66,6.01,56.54,0.21,0.28,-0.07,新北洋,计算机、通信和其他电子设备制造业,主板,6.88499999999998,6.978749999999998,7.005000000000014,6.974374999999991,6.2027659574468155
2376,2024-11-06,7.05,6.98,7.11,6.93,7.01,196500.0,138107000.0,6.9,6.98,6.956499999999982,6.71,6.03,55.83,0.2,0.26,-0.06,新北洋,计算机、通信和其他电子设备制造业,主板,6.867499999999981,6.977499999999998,6.9833333333333485,6.981874999999992,6.242127659574475
2376,2024-11-07,6.94,7.08,7.08,6.92,6.98,171617.0,120245000.0,6.91,6.99,6.962999999999984,6.76,6.07,57.73,0.2,0.25,-0.05,新北洋,计算机、通信和其他电子设备制造业,主板,6.987499999999981,6.953749999999998,6.990833333333349,6.998124999999991,6.282340425531922
2376,2024-11-08,7.15,7.1,7.22,7.08,7.08,261959.0,187411000.0,7.01,7.0,6.983499999999983,6.81,6.1,58.12,0.19,0.24,-0.05,新北洋,计算机、通信和其他电子设备制造业,主板,7.042499999999982,6.9587499999999975,6.994166666666682,7.0143749999999905,6.322340425531921
2376,2024-11-11,7.05,7.2,7.25,7.05,7.1,217639.0,156196000.0,7.07,6.99,6.997499999999984,6.86,6.13,60.1,0.19,0.23,-0.04,新北洋,计算机、通信和其他电子设备制造业,主板,7.089999999999982,6.987499999999998,7.015833333333348,7.02624999999999,6.367872340425539
2376,2024-11-12,7.2,7.1,7.27,7.01,7.2,262932.0,188119000.0,7.09,7.0,7.009499999999983,6.9,6.16,57.19,0.19,0.22,-0.03,新北洋,计算机、通信和其他电子设备制造业,主板,7.119999999999982,6.993749999999999,7.0250000000000155,7.01749999999999,6.40914893617022
2376,2024-11-13,7.0,7.06,7.13,6.89,7.1,170063.0,119264000.0,7.11,7.01,7.021499999999984,6.95,6.19,56.02,0.17,0.21,-0.04,新北洋,计算机、通信和其他电子设备制造业,主板,7.1149999999999824,7.051249999999999,7.007500000000015,7.021874999999991,6.445744680851071
2376,2024-11-14,7.03,6.85,7.08,6.83,7.06,154933.0,107571000.0,7.06,6.99,7.0219999999999825,6.98,6.22,50.23,0.14,0.2,-0.06,新北洋,计算机、通信和其他电子设备制造业,主板,7.0524999999999824,7.0474999999999985,6.990000000000015,7.00874999999999,6.475319148936178
2376,2024-11-15,6.8,6.8,7.04,6.79,6.85,155991.0,108174000.0,7.0,7.01,7.011499999999984,6.99,6.24,48.93,0.12,0.18,-0.06,新北洋,计算机、通信和其他电子设备制造业,主板,6.952499999999982,7.021249999999998,6.975833333333348,6.99999999999999,6.502978723404263
2376,2024-11-18,6.82,6.54,6.93,6.5,6.8,195017.0,128988000.0,6.87,6.97,6.976499999999983,6.98,6.26,42.75,0.08,0.16,-0.08,新北洋,计算机、通信和其他电子设备制造业,主板,6.812499999999982,6.966249999999999,6.933333333333349,6.971874999999991,6.524042553191498
2376,2024-11-19,6.54,6.73,6.74,6.54,6.54,120837.0,80186200.0,6.8,6.94,6.963499999999982,6.96,6.29,47.93,0.06,0.14,-0.08,新北洋,计算机、通信和其他电子设备制造业,主板,6.7299999999999836,6.922499999999999,6.944166666666683,6.938124999999991,6.55127659574469
2376,2024-11-20,6.69,6.96,7.0,6.68,6.73,172604.0,118558000.0,6.78,6.94,6.958499999999982,6.95,6.31,53.42,0.06,0.12,-0.06,新北洋,计算机、通信和其他电子设备制造业,主板,6.7574999999999825,6.904999999999999,6.95083333333335,6.931874999999991,6.581276595744689
2376,2024-11-21,6.91,6.96,7.02,6.87,6.96,136267.0,94775000.0,6.8,6.93,6.9594999999999825,6.95,6.34,53.42,0.06,0.11,-0.05,新北洋,计算机、通信和其他电子设备制造业,主板,6.797499999999983,6.874999999999999,6.946666666666682,6.931249999999991,6.612978723404263
2376,2024-11-22,6.95,6.77,7.15,6.75,6.96,206908.0,144589000.0,6.79,6.9,6.948499999999983,6.95,6.36,48.52,0.04,0.1,-0.06,新北洋,计算机、通信和其他电子设备制造业,主板,6.854999999999983,6.833749999999999,6.929166666666681,6.9137499999999905,6.640638297872346
2376,2024-11-25,6.74,6.82,6.85,6.61,6.77,191398.0,128358000.0,6.85,6.86,6.925999999999982,6.95,6.39,49.82,0.04,0.09,-0.05,新北洋,计算机、通信和其他电子设备制造业,主板,6.877499999999983,6.803749999999999,6.907500000000014,6.927499999999991,6.667021276595751
2376,2024-11-26,6.79,6.88,7.14,6.78,6.82,232123.0,160708000.0,6.88,6.84,6.916999999999982,6.95,6.42,51.41,0.03,0.07,-0.04,新北洋,计算机、通信和其他电子设备制造业,主板,6.857499999999982,6.807499999999999,6.889166666666681,6.927499999999991,6.696382978723411
2376,2024-11-27,6.8,7.05,7.07,6.62,6.88,283198.0,194851000.0,6.9,6.84,6.9209999999999825,6.96,6.45,55.7,0.05,0.07,-0.02,新北洋,计算机、通信和其他电子设备制造业,主板,6.879999999999981,6.838749999999999,6.87666666666668,6.929999999999991,6.728085106382985
2376,2024-11-28,7.1,7.12,7.28,7.08,7.05,581261.0,418145000.0,6.93,6.86,6.924499999999982,6.97,6.48,57.37,0.06,0.07,-0.01,新北洋,计算机、通信和其他电子设备制造业,主板,6.967499999999981,6.911249999999999,6.878333333333348,6.938749999999991,6.762765957446815
2376,2024-11-29,7.04,7.25,7.37,6.96,7.12,564008.0,405552000.0,7.02,6.91,6.956999999999982,6.98,6.52,60.36,0.08,0.07,0.01,新北洋,计算机、通信和其他电子设备制造业,主板,7.07499999999998,6.9762499999999985,6.894166666666681,6.949374999999991,6.798936170212772
2376,2024-12-02,7.4,7.62,7.98,7.31,7.25,980298.0,749468000.0,7.18,7.02,6.993999999999983,6.99,6.56,67.36,0.13,0.08,0.05,新北洋,计算机、通信和其他电子设备制造业,主板,7.259999999999979,7.058749999999998,6.958333333333349,6.981874999999992,6.841276595744687
2376,2024-12-03,7.5,7.44,7.72,7.38,7.62,689724.0,517849000.0,7.3,7.09,7.015499999999983,7.0,6.59,61.65,0.15,0.1,0.05,新北洋,计算机、通信和其他电子设备制造业,主板,7.3574999999999795,7.118749999999998,7.011666666666682,6.996874999999991,6.87978723404256
2376,2024-12-04,7.4,7.24,7.48,7.18,7.44,400839.0,293224000.0,7.33,7.12,7.028499999999984,7.01,6.62,55.98,0.14,0.1,0.04,新北洋,计算机、通信和其他电子设备制造业,主板,7.387499999999979,7.177499999999998,7.0700000000000145,7.005624999999991,6.912765957446815
2376,2024-12-05,7.29,7.33,7.47,7.24,7.24,370668.0,272019000.0,7.38,7.15,7.040999999999984,7.02,6.65,57.86,0.15,0.11,0.04,新北洋,计算机、通信和其他电子设备制造业,主板,7.407499999999979,7.241249999999998,7.120000000000014,7.022499999999991,6.945957446808517
2376,2024-12-06,7.39,7.19,7.41,7.15,7.33,432469.0,312384000.0,7.36,7.19,7.0454999999999846,7.03,6.68,53.99,0.14,0.12,0.02,新北洋,计算机、通信和其他电子设备制造业,主板,7.2999999999999785,7.2799999999999985,7.139166666666681,7.043749999999991,6.976808510638304
2376,2024-12-09,7.14,7.09,7.19,7.0,7.19,341385.0,242083000.0,7.26,7.22,7.039999999999985,7.02,6.7,51.36,0.12,0.12,0.0,新北洋,计算机、通信和其他电子设备制造业,主板,7.212499999999978,7.284999999999998,7.1500000000000155,7.061874999999992,7.003191489361708
2376,2024-12-10,7.26,7.2,7.35,7.17,7.09,457147.0,331512000.0,7.21,7.25,7.044999999999985,7.03,6.73,54.02,0.11,0.12,-0.01,新北洋,计算机、通信和其他电子设备制造业,主板,7.2024999999999775,7.294999999999999,7.185833333333349,7.1031249999999915,7.02170212765958
2376,2024-12-11,7.18,7.44,7.6,7.15,7.2,585986.0,434238000.0,7.25,7.29,7.063999999999984,7.04,6.76,59.26,0.12,0.12,0.0,新北洋,计算机、通信和其他电子设备制造业,主板,7.229999999999977,7.31875,7.237500000000016,7.147499999999991,7.034042553191495
2376,2024-12-12,7.45,7.76,7.76,7.34,7.44,770858.0,583567000.0,7.34,7.36,7.109499999999985,7.07,6.8,64.98,0.16,0.13,0.03,新北洋,计算机、通信和其他电子设备制造业,主板,7.3724999999999765,7.336250000000001,7.31083333333335,7.197499999999992,7.038510638297877
2376,2024-12-13,7.69,7.5,7.69,7.48,7.76,475990.0,360413000.0,7.4,7.38,7.144499999999984,7.1,6.83,57.87,0.17,0.14,0.03,新北洋,计算机、通信和其他电子设备制造业,主板,7.474999999999977,7.34375,7.3483333333333505,7.231249999999992,7.047021276595749
2376,2024-12-16,7.51,7.39,7.62,7.33,7.5,313992.0,233946000.0,7.46,7.36,7.186999999999983,7.12,6.86,55.11,0.16,0.14,0.02,新北洋,计算机、通信和其他电子设备制造业,主板,7.522499999999977,7.3625,7.3708333333333504,7.2699999999999925,7.056382978723408
2376,2024-12-17,7.37,6.94,7.39,6.93,7.39,363762.0,258009000.0,7.41,7.31,7.197499999999984,7.11,6.89,45.57,0.12,0.14,-0.02,新北洋,计算机、通信和其他电子设备制造业,主板,7.397499999999977,7.313750000000001,7.345000000000017,7.277499999999993,7.061702127659578
2376,2024-12-18,6.99,7.13,7.26,6.82,6.94,347010.0,245925000.0,7.34,7.3,7.2059999999999835,7.12,6.91,49.54,0.09,0.13,-0.04,新北洋,计算机、通信和其他电子设备制造业,主板,7.239999999999977,7.30625,7.304166666666682,7.293124999999993,7.066170212765962
2376,2024-12-19,7.04,7.45,7.5,7.01,7.13,479464.0,349798000.0,7.28,7.31,7.230499999999982,7.13,6.94,55.44,0.1,0.12,-0.02,新北洋,计算机、通信和其他电子设备制造业,主板,7.227499999999978,7.35125,7.305000000000017,7.318124999999993,7.078723404255323
2376,2024-12-20,7.41,7.42,7.5,7.34,7.45,339207.0,252048000.0,7.27,7.33,7.262999999999981,7.14,6.97,54.8,0.11,0.12,-0.01,新北洋,计算机、通信和其他电子设备制造业,主板,7.234999999999978,7.37875,7.320000000000017,7.336874999999993,7.0914893617021315
2376,2024-12-23,7.39,6.95,7.44,6.93,7.42,384794.0,274527000.0,7.18,7.32,7.269499999999981,7.13,6.99,45.78,0.07,0.11,-0.04,新北洋,计算机、通信和其他电子设备制造业,主板,7.2374999999999785,7.317500000000001,7.288333333333351,7.318124999999993,7.093829787234046
2376,2024-12-24,6.99,7.07,7.11,6.86,6.95,259016.0,181524000.0,7.2,7.3,7.27899999999998,7.13,7.02,48.13,0.05,0.1,-0.05,新北洋,计算机、通信和其他电子设备制造业,主板,7.222499999999978,7.231250000000002,7.27833333333335,7.283749999999992,7.095106382978727
2376,2024-12-25,7.01,6.68,7.02,6.57,7.07,355225.0,238275000.0,7.11,7.23,7.260499999999981,7.12,7.03,41.8,0.0,0.08,-0.08,新北洋,计算机、通信和其他电子设备制造业,主板,7.029999999999977,7.128750000000002,7.2441666666666835,7.236249999999993,7.083191489361706
2376,2024-12-26,6.68,6.74,6.88,6.66,6.68,206512.0,139986000.0,6.97,7.13,7.241499999999981,7.12,7.05,43.04,-0.03,0.06,-0.09,新北洋,计算机、通信和其他电子设备制造业,主板,6.859999999999976,7.047500000000002,7.2058333333333495,7.204999999999993,7.077872340425536
2376,2024-12-27,6.78,6.84,7.0,6.73,6.74,218567.0,150483000.0,6.86,7.06,7.2209999999999805,7.12,7.06,45.14,-0.05,0.04,-0.09,新北洋,计算机、通信和其他电子设备制造业,主板,6.832499999999976,7.035000000000002,7.155833333333351,7.174374999999993,7.073191489361705
2376,2024-12-30,6.84,6.76,6.87,6.6,6.84,170980.0,115178000.0,6.82,7.0,7.17799999999998,7.12,7.05,43.75,-0.06,0.02,-0.08,新北洋,计算机、通信和其他电子设备制造业,主板,6.754999999999976,6.988750000000001,7.072500000000017,7.147499999999994,7.069361702127663
2376,2024-12-31,6.75,6.52,6.85,6.51,6.76,210102.0,139510000.0,6.71,6.96,7.131999999999981,7.12,7.04,39.79,-0.1,-0.01,-0.09,新北洋,计算机、通信和其他电子设备制造业,主板,6.714999999999977,6.8725000000000005,6.99083333333335,7.111874999999993,7.059361702127663
2376,2025-01-02,6.52,6.36,6.57,6.27,6.52,209884.0,135333000.0,6.64,6.88,7.087999999999981,7.1,7.02,37.37,-0.13,-0.03,-0.1,新北洋,计算机、通信和其他电子设备制造业,主板,6.619999999999976,6.74,6.905000000000016,7.059374999999993,7.040000000000004
2376,2025-01-03,6.38,6.04,6.44,6.02,6.36,208345.0,128977000.0,6.5,6.74,7.02349999999998,7.07,7.01,33.03,-0.19,-0.06,-0.13,新北洋,计算机、通信和其他电子设备制造业,主板,6.419999999999976,6.62625,6.830000000000017,6.971874999999994,7.01829787234043
2376,2025-01-06,6.04,5.87,6.05,5.78,6.04,230981.0,136283000.0,6.31,6.58,6.95749999999998,7.04,7.0,30.97,-0.25,-0.1,-0.15,新北洋,计算机、通信和其他电子设备制造业,主板,6.197499999999977,6.476249999999999,6.725000000000018,6.853749999999994,6.99489361702128
2376,2025-01-07,5.9,6.1,6.1,5.9,5.87,201122.0,120340000.0,6.18,6.5,6.90799999999998,7.01,6.98,36.72,-0.26,-0.13,-0.13,新北洋,计算机、通信和其他电子设备制造业,主板,6.092499999999977,6.40375,6.612500000000018,6.766249999999993,6.974680851063834
2376,2025-01-08,6.05,6.02,6.13,5.81,6.1,204933.0,122416000.0,6.08,6.39,6.848999999999981,6.98,6.97,35.61,-0.29,-0.16,-0.13,新北洋,计算机、通信和其他电子设备制造业,主板,6.007499999999977,6.31375,6.4958333333333504,6.680624999999993,6.9623404255319175
2376,2025-01-09,5.96,6.04,6.11,5.93,6.02,152258.0,92203400.0,6.01,6.33,6.77899999999998,6.95,6.95,36.13,-0.3,-0.19,-0.11,新北洋,计算机、通信和其他电子设备制造业,主板,6.007499999999977,6.213749999999999,6.420000000000017,6.6243749999999935,6.9444680851063865
2376,2025-01-10,6.03,5.89,6.21,5.88,6.04,214901.0,129883000.0,5.98,6.24,6.685499999999981,6.91,6.94,33.92,-0.31,-0.21,-0.1,新北洋,计算机、通信和其他电子设备制造业,主板,6.012499999999977,6.1049999999999995,6.321666666666684,6.546874999999994,6.920638297872344
2376,2025-01-13,5.8,5.92,5.95,5.69,5.89,157244.0,91788300.0,5.99,6.15,6.60649999999998,6.86,6.92,34.77,-0.32,-0.24,-0.08,新北洋,计算机、通信和其他电子设备制造业,主板,5.967499999999976,6.029999999999999,6.2583333333333515,6.451249999999994,6.898085106382982
2376,2025-01-14,5.97,6.29,6.3,5.95,5.92,215483.0,132668000.0,6.03,6.1,6.55149999999998,6.82,6.9,44.38,-0.29,-0.25,-0.04,新北洋,计算机、通信和其他电子设备制造业,主板,6.034999999999976,6.021249999999999,6.220833333333353,6.380624999999994,6.881276595744684
2376,2025-01-15,6.33,6.31,6.4,6.23,6.29,165131.0,104266000.0,6.09,6.08,6.51999999999998,6.78,6.89,44.86,-0.26,-0.25,-0.01,新北洋,计算机、通信和其他电子设备制造业,主板,6.102499999999976,6.055,6.176666666666686,6.340624999999994,6.864468085106386
2376,2025-01-16,6.36,6.28,6.43,6.21,6.31,149393.0,94310600.0,6.14,6.08,6.4774999999999805,6.75,6.88,44.25,-0.24,-0.25,0.01,新北洋,计算机、通信和其他电子设备制造业,主板,6.199999999999976,6.10625,6.136666666666685,6.2912499999999945,6.84489361702128
2376,2025-01-17,6.3,6.27,6.31,6.22,6.28,115206.0,72281800.0,6.21,6.1,6.418499999999982,6.72,6.87,44.04,-0.23,-0.24,0.01,新北洋,计算机、通信和其他电子设备制造业,主板,6.2874999999999766,6.1275,6.115833333333352,6.265624999999995,6.827234042553194
2376,2025-01-20,6.36,6.39,6.43,6.27,6.27,142936.0,91102700.0,6.31,6.15,6.366999999999981,6.69,6.86,47.33,-0.2,-0.24,0.04,新北洋,计算机、通信和其他电子设备制造业,主板,6.312499999999977,6.17375,6.118333333333353,6.243749999999995,6.812978723404258
2376,2025-01-21,6.41,6.39,6.48,6.3,6.39,116110.0,74136300.0,6.33,6.18,6.338999999999981,6.67,6.84,47.33,-0.17,-0.22,0.05,新北洋,计算机、通信和其他电子设备制造业,主板,6.332499999999977,6.2175,6.147500000000019,6.215624999999995,6.803191489361703
2376,2025-01-22,6.4,6.42,6.5,6.34,6.39,208152.0,133668000.0,6.35,6.22,6.306499999999981,6.64,6.83,48.21,-0.15,-0.21,0.06,新北洋,计算机、通信和其他电子设备制造业,主板,6.367499999999977,6.28375,6.193333333333352,6.194374999999995,6.795106382978725
2376,2025-01-23,6.47,6.35,6.59,6.34,6.42,241862.0,156875000.0,6.36,6.25,6.2899999999999805,6.6,6.82,46.26,-0.14,-0.19,0.05,新北洋,计算机、通信和其他电子设备制造业,主板,6.387499999999977,6.3375,6.214166666666685,6.1837499999999945,6.791063829787236
2376,2025-01-24,6.31,6.51,6.52,6.31,6.35,175003.0,112336000.0,6.41,6.31,6.278499999999981,6.56,6.81,51.13,-0.11,-0.18,0.07,新北洋,计算机、通信和其他电子设备制造业,主板,6.417499999999977,6.365,6.255000000000019,6.193124999999995,6.786382978723405
2376,2025-01-27,6.55,6.45,6.61,6.45,6.51,178064.0,116401000.0,6.42,6.37,6.258999999999981,6.53,6.81,49.33,-0.09,-0.16,0.07,新北洋,计算机、通信和其他电子设备制造业,主板,6.432499999999978,6.3825,6.289166666666685,6.218749999999995,6.775531914893618
2376,2025-02-05,6.5,6.6,6.62,6.5,6.45,159505.0,105009000.0,6.47,6.4,6.25099999999998,6.5,6.81,53.72,-0.07,-0.14,0.07,新北洋,计算机、通信和其他电子设备制造业,主板,6.477499999999978,6.4225,6.348333333333351,6.264374999999994,6.767872340425534
2376,2025-02-06,6.57,6.8,6.8,6.53,6.6,199413.0,133454000.0,6.54,6.45,6.26499999999998,6.5,6.8,58.85,-0.04,-0.12,0.08,新北洋,计算机、通信和其他电子设备制造业,主板,6.589999999999977,6.48875,6.421666666666685,6.308124999999994,6.768510638297875
2376,2025-02-07,6.8,6.88,6.96,6.74,6.8,280452.0,192455000.0,6.65,6.51,6.290999999999981,6.49,6.8,60.73,0.0,-0.1,0.1,新北洋,计算机、通信和其他电子设备制造业,主板,6.682499999999978,6.55,6.47083333333335,6.361874999999994,6.769787234042556
2376,2025-02-10,6.88,7.0,7.0,6.86,6.88,213086.0,148310000.0,6.75,6.58,6.338999999999979,6.47,6.8,63.42,0.04,-0.07,0.11,新北洋,计算机、通信和其他电子设备制造业,主板,6.819999999999978,6.62625,6.52833333333335,6.421874999999994,6.772340425531918
2376,2025-02-11,7.0,7.12,7.2,6.9,7.0,277922.0,196345000.0,6.88,6.65,6.401499999999979,6.46,6.8,65.93,0.08,-0.04,0.12,新北洋,计算机、通信和其他电子设备制造业,主板,6.949999999999978,6.713749999999999,6.5983333333333505,6.498749999999994,6.773829787234045
2376,2025-02-12,7.08,7.08,7.16,7.04,7.12,209136.0,148227000.0,6.98,6.72,6.4504999999999795,6.47,6.8,64.34,0.1,-0.01,0.11,新北洋,计算机、通信和其他电子设备制造业,主板,7.019999999999977,6.804999999999999,6.66583333333335,6.571249999999994,6.7729787234042576
2376,2025-02-13,7.08,6.98,7.12,6.9,7.08,203749.0,142358000.0,7.01,6.78,6.498499999999979,6.46,6.8,60.43,0.12,0.01,0.11,新北洋,计算机、通信和其他电子设备制造业,主板,7.044999999999978,6.863749999999999,6.715000000000018,6.614374999999994,6.767234042553194
2376,2025-02-14,6.99,7.03,7.04,6.89,6.98,154180.0,107724000.0,7.04,6.85,6.547999999999979,6.48,6.8,61.68,0.13,0.04,0.09,新北洋,计算机、通信和其他电子设备制造业,主板,7.052499999999977,6.9362499999999985,6.768333333333351,6.659374999999994,6.754680851063831
2376,2025-02-17,7.07,7.03,7.12,6.97,7.03,151228.0,106695000.0,7.05,6.9,6.60499999999998,6.48,6.8,61.68,0.13,0.06,0.07,新北洋,计算机、通信和其他电子设备制造业,主板,7.029999999999977,6.989999999999998,6.819166666666685,6.706249999999994,6.745957446808512
2376,2025-02-18,7.05,6.85,7.1,6.83,7.03,174887.0,121806000.0,6.99,6.94,6.65149999999998,6.48,6.8,54.46,0.12,0.07,0.05,新北洋,计算机、通信和其他电子设备制造业,主板,6.972499999999977,6.996249999999999,6.860833333333351,6.7424999999999935,6.737659574468086
2376,2025-02-19,6.89,7.02,7.03,6.86,6.85,143085.0,99649500.0,6.98,6.98,6.687999999999981,6.49,6.81,59.31,0.13,0.08,0.05,新北洋,计算机、通信和其他电子设备制造业,主板,6.982499999999978,7.013749999999999,6.90333333333335,6.781874999999993,6.731063829787235
2376,2025-02-20,7.04,7.15,7.16,7.0,7.02,260919.0,185626000.0,7.02,7.01,6.729999999999981,6.51,6.82,62.59,0.14,0.09,0.05,新北洋,计算机、通信和其他电子设备制造业,主板,7.012499999999978,7.032499999999999,6.961666666666684,6.8293749999999935,6.7302127659574476
2376,2025-02-21,7.16,7.23,7.28,7.1,7.15,266477.0,191991000.0,7.06,7.05,6.77749999999998,6.54,6.82,64.48,0.16,0.11,0.05,新北洋,计算机、通信和其他电子设备制造业,主板,7.062499999999979,7.04625,7.014166666666685,6.879999999999994,6.733191489361704
2376,2025-02-24,7.22,7.25,7.3,7.15,7.23,228309.0,165099000.0,7.1,7.07,6.82649999999998,6.58,6.83,64.96,0.17,0.12,0.05,新北洋,计算机、通信和其他电子设备制造业,主板,7.162499999999978,7.0675,7.0516666666666845,6.936249999999994,6.7342553191489385
2376,2025-02-25,7.13,7.16,7.27,7.09,7.25,159170.0,114221000.0,7.16,7.08,6.864999999999981,6.63,6.83,60.98,0.16,0.13,0.03,新北洋,计算机、通信和其他电子设备制造业,主板,7.197499999999979,7.09,7.075000000000018,6.9768749999999935,6.728297872340429
2376,2025-02-26,7.16,7.25,7.28,7.13,7.16,187161.0,134904000.0,7.21,7.1,6.907999999999982,6.67,6.84,63.4,0.18,0.14,0.04,新北洋,计算机、通信和其他电子设备制造业,主板,7.222499999999981,7.1175,7.095833333333352,7.026874999999993,6.717446808510641
2376,2025-02-27,7.27,7.17,7.33,7.06,7.25,214248.0,153560000.0,7.21,7.11,6.945499999999981,6.7,6.84,59.85,0.16,0.14,0.02,新北洋,计算机、通信和其他电子设备制造业,主板,7.207499999999981,7.135,7.100000000000018,7.062499999999994,6.710425531914897
2376,2025-02-28,7.11,6.88,7.15,6.83,7.17,185414.0,129226000.0,7.14,7.1,6.971999999999982,6.73,6.84,49.13,0.14,0.14,0.0,新北洋,计算机、通信和其他电子设备制造业,主板,7.114999999999981,7.13875,7.083333333333351,7.067499999999994,6.6995744680851095
2376,2025-03-03,6.95,6.91,7.07,6.84,6.88,174196.0,121198000.0,7.07,7.09,6.991999999999981,6.77,6.84,50.12,0.12,0.14,-0.02,新北洋,计算机、通信和其他电子设备制造业,主板,7.05249999999998,7.125,7.077500000000017,7.069374999999994,6.69893617021277
2376,2025-03-04,6.91,7.15,7.2,6.88,6.91,223292.0,158244000.0,7.07,7.12,7.026999999999982,6.81,6.84,57.32,0.12,0.13,-0.01,新北洋,计算机、通信和其他电子设备制造业,主板,7.02749999999998,7.125000000000001,7.087500000000017,7.078749999999994,6.699361702127663
2376,2025-03-05,7.14,7.19,7.2,7.08,7.15,204555.0,146488000.0,7.06,7.13,7.056499999999983,6.84,6.83,58.4,0.12,0.13,-0.01,新北洋,计算机、通信和其他电子设备制造业,主板,7.032499999999979,7.120000000000001,7.100833333333351,7.083124999999994,6.693829787234047
2376,2025-03-06,7.21,7.26,7.3,7.16,7.19,248473.0,179867000.0,7.08,7.14,7.079499999999982,6.87,6.83,60.29,0.13,0.13,0.0,新北洋,计算机、通信和其他电子设备制造业,主板,7.127499999999979,7.121250000000002,7.135000000000018,7.094374999999994,6.690425531914897
2376,2025-03-07,7.25,7.14,7.28,7.08,7.26,175917.0,126502000.0,7.13,7.14,7.092499999999982,6.9,6.82,55.62,0.13,0.13,0.0,新北洋,计算机、通信和其他电子设备制造业,主板,7.184999999999978,7.118750000000002,7.145000000000018,7.104374999999994,6.6944680851063865
2376,2025-03-10,7.12,7.09,7.15,7.02,7.14,139953.0,99019000.0,7.17,7.12,7.096999999999982,6.92,6.82,53.76,0.11,0.13,-0.02,新北洋,计算机、通信和其他电子设备制造业,主板,7.169999999999979,7.098750000000003,7.140000000000018,7.108124999999994,6.69489361702128
2376,2025-03-11,7.0,7.14,7.35,6.96,7.09,258783.0,184739000.0,7.16,7.12,7.09799999999998,6.95,6.82,55.37,0.11,0.12,-0.01,新北洋,计算机、通信和其他电子设备制造业,主板,7.157499999999978,7.095000000000002,7.132500000000018,7.114999999999994,6.7046808510638325
2376,2025-03-12,7.17,7.33,7.39,7.14,7.14,331172.0,241161000.0,7.19,7.13,7.1104999999999805,6.98,6.82,60.94,0.11,0.12,-0.01,新北洋,计算机、通信和其他电子设备制造业,主板,7.174999999999979,7.151250000000002,7.139166666666685,7.144999999999994,6.717234042553193
2376,2025-03-13,7.33,7.22,7.41,7.06,7.33,292753.0,210870000.0,7.18,7.13,7.122499999999981,7.01,6.82,56.54,0.11,0.12,-0.01,新北洋,计算机、通信和其他电子设备制造业,主板,7.194999999999979,7.190000000000003,7.144166666666685,7.157499999999994,6.725319148936173
2376,2025-03-14,7.18,7.22,7.24,7.07,7.22,216037.0,154960000.0,7.2,7.17,7.131999999999981,7.04,6.82,56.54,0.1,0.11,-0.01,新北洋,计算机、通信和其他电子设备制造业,主板,7.227499999999979,7.198750000000003,7.141666666666684,7.161874999999994,6.735106382978727
2376,2025-03-17,7.23,7.16,7.27,7.14,7.22,174272.0,125049000.0,7.21,7.19,7.138499999999981,7.06,6.81,54.07,0.1,0.11,-0.01,新北洋,计算机、通信和其他电子设备制造业,主板,7.232499999999979,7.195000000000004,7.140833333333351,7.1574999999999935,6.748723404255324
2376,2025-03-18,7.17,7.16,7.2,7.11,7.16,142943.0,102247000.0,7.22,7.19,7.15399999999998,7.08,6.8,54.07,0.09,0.11,-0.02,新北洋,计算机、通信和其他电子设备制造业,主板,7.18999999999998,7.182500000000004,7.164166666666684,7.151874999999993,6.765744680851069
2376,2025-03-19,7.16,7.14,7.3,7.11,7.16,210285.0,150905000.0,7.18,7.19,7.15999999999998,7.1,6.8,53.17,0.08,0.1,-0.02,新北洋,计算机、通信和其他电子设备制造业,主板,7.16999999999998,7.182500000000003,7.183333333333351,7.150624999999994,6.789148936170217
2376,2025-03-20,7.14,7.35,7.48,7.09,7.14,450420.0,330250000.0,7.21,7.2,7.169999999999979,7.12,6.81,60.58,0.09,0.1,-0.01,新北洋,计算机、通信和其他电子设备制造业,主板,7.202499999999981,7.215000000000002,7.200000000000017,7.156874999999993,6.820638297872345
2376,2025-03-21,7.36,7.26,7.42,7.17,7.35,377824.0,274166000.0,7.21,7.21,7.171499999999979,7.13,6.81,56.46,0.09,0.1,-0.01,新北洋,计算机、通信和其他电子设备制造业,主板,7.2274999999999805,7.230000000000002,7.205833333333351,7.162499999999993,6.845319148936174
2376,2025-03-24,7.25,6.81,7.25,6.61,7.26,496794.0,341055000.0,7.14,7.18,7.149499999999979,7.12,6.8,41.32,0.05,0.09,-0.04,新北洋,计算机、通信和其他电子设备制造业,主板,7.13999999999998,7.165000000000003,7.168333333333351,7.158124999999994,6.8621276595744725
2376,2025-03-25,6.8,6.81,6.93,6.77,6.81,242575.0,166231000.0,7.07,7.15,7.131999999999979,7.11,6.79,41.32,0.02,0.07,-0.05,新北洋,计算机、通信和其他电子设备制造业,主板,7.05749999999998,7.113750000000003,7.140833333333351,7.151874999999994,6.878510638297876
