code,timestamps,open,close,high,low,ycp,vol,amount,MA5,MA10,MA20,MA30,MA60,MSI,DIF,DEA,MACD_Hist,name,industry,block,MA4,MA8,MA12,MA16,MA47
2792,2018-04-02,26.91,28.16,28.49,26.68,26.88,42593.5,118681000.0,,,28.16,,,,0.0,0.0,0.0,通宇通讯,计算机、通信和其他电子设备制造业,主板,28.16,28.16,28.16,28.16,28.16
2792,2018-04-03,27.65,27.75,27.9,26.84,28.16,29841.5,81784900.0,,,27.955,,,,-0.03,-0.01,-0.02,通宇通讯,计算机、通信和其他电子设备制造业,主板,27.955,27.955,27.955,27.955,27.955
2792,2018-04-04,27.68,27.64,28.19,27.22,27.75,28136.4,77864100.0,,,27.849999999999998,,,,-0.06,-0.02,-0.04,通宇通讯,计算机、通信和其他电子设备制造业,主板,27.849999999999998,27.849999999999998,27.849999999999998,27.849999999999998,27.849999999999998
2792,2018-04-09,27.48,27.66,27.66,26.45,27.64,28462.0,77187000.0,,,27.8025,,,,-0.09,-0.03,-0.06,通宇通讯,计算机、通信和其他电子设备制造业,主板,27.8025,27.8025,27.8025,27.8025,27.8025
2792,2018-04-10,27.89,28.05,28.15,27.27,27.66,34270.0,94951900.0,27.85,,27.851999999999997,,,,-0.08,-0.04,-0.04,通宇通讯,计算机、通信和其他电子设备制造业,主板,27.775,27.851999999999997,27.851999999999997,27.851999999999997,27.851999999999997
2792,2018-04-11,28.3,28.17,28.34,27.86,28.05,32448.5,91254700.0,27.85,,27.905,,,,-0.06,-0.04,-0.02,通宇通讯,计算机、通信和其他电子设备制造业,主板,27.879999999999995,27.905,27.905,27.905,27.905
2792,2018-04-12,27.92,28.47,28.7,27.6,28.17,36114.9,101728000.0,28.0,,27.985714285714288,,,,-0.02,-0.04,0.02,通宇通讯,计算机、通信和其他电子设备制造业,主板,28.087499999999995,27.985714285714288,27.985714285714288,27.985714285714288,27.985714285714288
2792,2018-04-13,28.88,28.33,28.88,28.22,28.47,22923.5,65228700.0,28.14,,28.028750000000002,,,,0.0,-0.03,0.03,通宇通讯,计算机、通信和其他电子设备制造业,主板,28.254999999999995,28.028750000000002,28.028750000000002,28.028750000000002,28.028750000000002
2792,2018-04-16,28.2,28.28,28.77,27.88,28.33,22475.8,63495900.0,28.26,,28.05666666666667,,,,0.01,-0.02,0.03,通宇通讯,计算机、通信和其他电子设备制造业,主板,28.312499999999996,28.043750000000003,28.05666666666667,28.05666666666667,28.05666666666667
2792,2018-04-17,28.3,29.15,30.29,28.05,28.28,74128.4,214791000.0,28.48,28.17,28.166000000000004,,,,0.1,0.0,0.1,通宇通讯,计算机、通信和其他电子设备制造业,主板,28.557499999999994,28.218750000000004,28.166000000000004,28.166000000000004,28.166000000000004
2792,2018-04-18,28.99,29.85,30.15,27.77,29.15,89431.6,259028000.0,28.82,28.34,28.319090909090914,,,,0.21,0.04,0.17,通宇通讯,计算机、通信和其他电子设备制造业,主板,28.902499999999996,28.495000000000005,28.319090909090914,28.319090909090914,28.319090909090914
2792,2018-04-19,29.01,29.09,29.49,28.76,29.85,52067.1,151718000.0,28.94,28.47,28.383333333333336,,,,0.24,0.08,0.16,通宇通讯,计算机、通信和其他电子设备制造业,主板,29.092499999999998,28.673750000000002,28.383333333333336,28.383333333333336,28.383333333333336
2792,2018-04-20,28.81,28.65,29.09,28.28,29.09,32010.2,91668200.0,29.0,28.57,28.403846153846153,,,,0.23,0.11,0.12,通宇通讯,计算机、通信和其他电子设备制造业,主板,29.184999999999995,28.74875,28.424166666666665,28.403846153846153,28.403846153846153
2792,2018-04-23,28.65,28.58,28.92,28.08,28.65,28860.8,82405600.0,29.06,28.66,28.416428571428572,,,52.97,0.2,0.13,0.07,通宇通讯,计算机、通信和其他电子设备制造业,主板,29.042499999999997,28.799999999999997,28.49333333333333,28.416428571428572,28.416428571428572
2792,2018-04-24,28.65,29.14,29.3,28.11,28.58,34497.5,99329700.0,29.06,28.77,28.464666666666666,,,60.56,0.23,0.15,0.08,通宇通讯,计算机、通信和其他电子设备制造业,主板,28.865000000000002,28.883749999999996,28.61833333333333,28.464666666666666,28.464666666666666
2792,2018-04-25,28.95,30.35,30.99,28.93,29.14,85588.8,257857000.0,29.16,28.99,28.5825,,,71.32,0.34,0.19,0.15,通宇通讯,计算机、通信和其他电子设备制造业,主板,29.18,29.136249999999997,28.842499999999998,28.5825,28.5825
2792,2018-04-26,29.98,29.88,30.68,29.54,30.35,45679.0,136578000.0,29.32,29.13,28.658823529411762,,,64.01,0.4,0.23,0.17,通宇通讯,计算机、通信和其他电子设备制造业,主板,29.487499999999997,29.336249999999996,28.994999999999994,28.689999999999998,28.658823529411762
2792,2018-04-27,29.3,29.62,30.28,29.3,29.88,31681.2,93972200.0,29.51,29.26,28.71222222222222,,,60.33,0.41,0.27,0.14,通宇通讯,计算机、通信和其他电子设备制造业,主板,29.7475,29.394999999999992,29.115833333333327,28.806874999999998,28.71222222222222
2792,2018-05-02,29.35,28.98,29.7,28.67,29.62,28029.8,81877900.0,29.59,29.33,28.72631578947368,,,52.35,0.36,0.28,0.08,通宇通讯,计算机、通信和其他电子设备制造业,主板,29.7075,29.286249999999992,29.15833333333333,28.890625,28.72631578947368
2792,2018-05-03,29.29,29.0,29.58,28.46,28.98,23051.9,66481500.0,29.57,29.31,28.74,,,52.56,0.32,0.29,0.03,通宇通讯,计算机、通信和其他电子设备制造业,主板,29.369999999999997,29.274999999999995,29.214166666666667,28.974375,28.74
2792,2018-05-04,28.76,29.04,29.75,28.52,29.0,24123.3,70183600.0,29.3,29.23,28.784,,,53.01,0.29,0.29,0.0,通宇通讯,计算机、通信和其他电子设备制造业,主板,29.159999999999997,29.323749999999993,29.277500000000003,29.03625,28.75428571428571
2792,2018-05-07,28.9,29.34,29.45,28.9,29.04,19726.4,57726100.0,29.2,29.26,28.8635,,,56.34,0.29,0.29,0.0,通宇通讯,计算机、通信和其他电子设备制造业,主板,29.089999999999996,29.418749999999996,29.293333333333337,29.109374999999996,28.780909090909088
2792,2018-05-08,29.37,29.63,29.78,29.17,29.34,25398.2,74792200.0,29.2,29.36,28.963,,,59.35,0.3,0.29,0.01,通宇通讯,计算机、通信和其他电子设备制造业,主板,29.252499999999994,29.479999999999997,29.275000000000002,29.181874999999998,28.81782608695652
2792,2018-05-09,29.76,29.66,29.99,29.4,29.63,24684.1,73327200.0,29.33,29.46,29.063,,,59.66,0.32,0.3,0.02,通宇通讯,计算机、通信和其他电子设备制造业,主板,29.417499999999997,29.39375,29.322500000000005,29.265,28.852916666666662
2792,2018-05-10,29.66,29.85,30.46,29.42,29.66,27128.0,81167800.0,29.5,29.54,29.153000000000002,,,61.65,0.33,0.3,0.03,通宇通讯,计算机、通信和其他电子设备制造业,主板,29.619999999999997,29.39,29.42250000000001,29.363125000000004,28.892799999999998
2792,2018-05-11,29.85,29.81,30.27,29.55,29.85,23173.6,69073100.0,29.66,29.48,29.235000000000003,,,60.96,0.35,0.31,0.04,通宇通讯,计算机、通信和其他电子设备制造业,主板,29.737499999999997,29.41375,29.52500000000001,29.404375000000005,28.92807692307692
2792,2018-05-14,29.84,29.51,30.19,29.37,29.81,35055.6,104606000.0,29.69,29.44,29.287,,,55.97,0.33,0.32,0.01,通宇通讯,计算机、通信和其他电子设备制造业,主板,29.707499999999996,29.48,29.555833333333343,29.383125000000003,28.949629629629626
2792,2018-05-15,29.6,29.05,29.97,28.37,29.51,38050.4,109619000.0,29.58,29.39,29.322999999999997,,,49.29,0.27,0.31,-0.04,通宇通讯,计算机、通信和其他电子设备制造业,主板,29.555,29.48625,29.44750000000001,29.380625000000006,28.953214285714278
2792,2018-05-16,28.9,28.74,29.1,28.51,29.05,17556.5,50497600.0,29.39,29.36,29.345999999999997,,,45.37,0.2,0.29,-0.09,通宇通讯,计算机、通信和其他电子设备制造业,主板,29.277500000000003,29.44875,29.35250000000001,29.386250000000008,28.94586206896551
2792,2018-05-17,28.75,28.58,28.98,28.33,28.74,16002.6,45708200.0,29.14,29.32,29.317500000000003,28.93,,43.44,0.13,0.25,-0.12,通宇通讯,计算机、通信和其他电子设备制造业,主板,28.97,29.35375,29.265833333333344,29.386250000000008,28.933666666666664
2792,2018-05-18,28.7,28.65,28.87,28.46,28.58,12374.5,35458100.0,28.91,29.28,29.2575,28.95,,44.55,0.08,0.22,-0.14,通宇通讯,计算机、通信和其他电子设备制造业,主板,28.755,29.231250000000003,29.23833333333334,29.355625000000007,28.924516129032252
2792,2018-05-21,28.9,29.05,29.35,28.72,28.65,22458.6,65309500.0,28.81,29.25,29.255499999999994,28.99,,50.51,0.07,0.19,-0.12,通宇通讯,计算机、通信和其他电子设备制造业,主板,28.755,29.155000000000005,29.242500000000007,29.274375000000006,28.928437499999994
2792,2018-05-22,29.3,30.35,30.8,29.3,29.05,65635.0,198566000.0,29.07,29.32,29.3405,29.08,,64.05,0.17,0.19,-0.02,通宇通讯,计算机、通信和其他电子设备制造业,主板,29.157500000000002,29.217500000000005,29.351666666666674,29.303750000000008,28.971515151515145
2792,2018-05-23,29.65,29.78,30.49,29.54,30.35,36366.0,108638000.0,29.28,29.34,29.400499999999994,29.15,,56.72,0.19,0.19,0.0,通宇通讯,计算机、通信和其他电子设备制造业,主板,29.457500000000007,29.213750000000005,29.388333333333346,29.313750000000006,28.995294117647052
2792,2018-05-24,30.05,29.51,30.05,29.48,29.78,20150.5,59740600.0,29.47,29.3,29.418999999999993,29.2,,53.6,0.18,0.19,-0.01,通宇通讯,计算机、通信和其他电子设备制造业,主板,29.672500000000007,29.213750000000005,29.378333333333345,29.346875000000004,29.009999999999994
2792,2018-05-25,29.55,28.7,29.68,28.55,29.51,24341.6,70220100.0,29.48,29.19,29.336499999999994,29.22,,45.49,0.12,0.17,-0.05,通宇通讯,计算机、通信和其他电子设备制造业,主板,29.585000000000004,29.17,29.298333333333343,29.328125000000004,29.001388888888883
2792,2018-05-28,28.55,28.39,28.93,28.08,28.7,21742.6,61833100.0,29.35,29.08,29.261999999999993,29.22,,42.83,0.04,0.15,-0.11,通宇通讯,计算机、通信和其他电子设备制造业,主板,29.095000000000006,29.12625,29.176666666666673,29.2875,28.98486486486486
2792,2018-05-29,28.38,28.17,28.65,27.86,28.39,22252.5,62765800.0,28.91,28.99,29.189499999999992,29.21,,40.99,-0.04,0.11,-0.15,通宇通讯,计算机、通信和其他电子设备制造业,主板,28.692500000000003,29.075000000000003,29.040000000000006,29.214375000000004,28.963421052631578
2792,2018-05-30,27.99,27.02,28.25,26.02,28.17,28524.0,77472500.0,28.36,28.82,29.09149999999999,29.17,,33.01,-0.19,0.05,-0.24,通宇通讯,计算机、通信和其他电子设备制造业,主板,28.070000000000004,28.87125,28.832500000000007,29.051250000000003,28.91358974358974
2792,2018-05-31,27.11,27.15,27.53,27.05,27.02,16092.1,43771600.0,27.89,28.68,28.998999999999988,29.1,,34.56,-0.31,-0.02,-0.29,通宇通讯,计算机、通信和其他电子设备制造业,主板,27.6825,28.63375,28.674166666666668,28.894375,28.8695
2792,2018-06-01,27.15,26.85,27.35,26.6,27.15,15221.0,40870100.0,27.52,28.5,28.88949999999999,29.0,,32.69,-0.4,-0.1,-0.3,通宇通讯,计算机、通信和其他电子设备制造业,主板,27.297500000000003,28.19625,28.51666666666667,28.706875,28.82024390243902
2792,2018-06-04,27.15,26.86,27.15,26.18,26.85,13681.0,36618000.0,27.21,28.28,28.765499999999992,28.93,,32.82,-0.48,-0.17,-0.31,通宇通讯,计算机、通信和其他电子设备制造业,主板,26.970000000000002,27.83125,28.37333333333334,28.5225,28.773571428571422
2792,2018-06-05,26.86,27.19,27.47,26.75,26.86,17872.2,48338100.0,27.01,27.96,28.643499999999996,28.88,,37.17,-0.52,-0.24,-0.28,通宇通讯,计算机、通信和其他电子设备制造业,主板,27.012500000000006,27.54125,28.251666666666676,28.3775,28.736744186046508
2792,2018-06-06,27.22,27.15,27.49,27.01,27.19,16707.5,45363900.0,27.04,27.7,28.517999999999994,28.83,,36.85,-0.54,-0.3,-0.24,通宇通讯,计算机、通信和其他电子设备制造业,主板,27.012500000000003,27.347500000000004,28.093333333333337,28.25875,28.700681818181817
2792,2018-06-07,27.15,27.17,27.58,26.96,27.15,14599.0,39607200.0,27.04,27.47,28.383999999999993,28.77,,37.14,-0.54,-0.35,-0.19,通宇通讯,计算机、通信和其他电子设备制造业,主板,27.09250000000001,27.195000000000007,27.828333333333337,28.160625,28.666666666666668
2792,2018-06-08,27.15,27.18,27.36,26.9,27.17,24989.4,67782900.0,27.11,27.31,28.25249999999999,28.66,,37.29,-0.54,-0.39,-0.15,通宇通讯,计算机、通信和其他电子设备制造业,主板,27.17250000000001,27.071250000000006,27.611666666666668,28.073125,28.63434782608696
2792,2018-06-11,27.15,27.45,27.45,26.64,27.18,17044.0,46280700.0,27.23,27.22,28.149499999999996,28.58,,41.4,-0.52,-0.41,-0.11,通宇通讯,计算机、通信和其他电子设备制造业,主板,27.23750000000001,27.125000000000004,27.44,27.998125,28.609148936170214
2792,2018-06-12,27.45,27.65,27.8,27.27,27.45,23098.5,63569500.0,27.32,27.17,28.079499999999996,28.52,,44.31,-0.46,-0.42,-0.04,通宇通讯,计算机、通信和其他电子设备制造业,主板,27.36250000000001,27.187500000000004,27.352500000000003,27.910625,28.598297872340428
2792,2018-06-13,27.64,27.34,27.95,27.1,27.65,20360.5,55851700.0,27.36,27.2,28.009499999999996,28.46,,40.92,-0.45,-0.43,-0.02,通宇通讯,计算机、通信和其他电子设备制造业,主板,27.405000000000012,27.248750000000005,27.265,27.722499999999997,28.589574468085107
2792,2018-06-14,27.24,27.38,27.5,26.95,27.34,21068.5,57326600.0,27.4,27.22,27.949499999999993,28.41,,41.54,-0.44,-0.43,-0.01,通宇通讯,计算机、通信和其他电子设备制造业,主板,27.455000000000013,27.313750000000006,27.199166666666667,27.572499999999998,28.58404255319149
2792,2018-06-15,27.55,27.15,27.7,26.64,27.38,30672.0,83336700.0,27.39,27.25,27.874499999999994,28.34,,39.0,-0.44,-0.43,-0.01,通宇通讯,计算机、通信和其他电子设备制造业,主板,27.380000000000013,27.308750000000007,27.209999999999997,27.424999999999997,28.573191489361704
2792,2018-06-19,26.88,26.35,26.88,24.51,27.15,39927.0,103868000.0,27.17,27.2,27.7395,28.24,,31.72,-0.49,-0.44,-0.05,通宇通讯,计算机、通信和其他电子设备制造业,主板,27.055000000000014,27.208750000000006,27.143333333333334,27.278125,28.537021276595745
2792,2018-06-20,26.15,26.2,26.4,25.71,26.35,20296.5,52893600.0,26.88,27.1,27.532,28.13,,30.57,-0.54,-0.46,-0.08,通宇通讯,计算机、通信和其他电子设备制造业,主板,26.77000000000001,27.087500000000006,27.089166666666667,27.14125,28.495106382978722
2792,2018-06-21,26.1,25.45,26.32,25.09,26.2,26574.6,68526900.0,26.51,26.93,27.315500000000004,27.99,,25.57,-0.63,-0.5,-0.13,通宇通讯,计算机、通信和其他电子设备制造业,主板,26.28750000000001,26.871250000000003,26.971666666666664,26.971249999999998,28.430851063829788
2792,2018-06-22,25.3,25.16,25.5,24.71,25.45,17968.0,45066200.0,26.06,26.73,27.098000000000003,27.83,,23.94,-0.73,-0.54,-0.19,通宇通讯,计算机、通信和其他电子设备制造业,主板,25.790000000000006,26.585000000000004,26.8025,26.855,28.363404255319153
2792,2018-06-25,25.18,25.0,25.46,24.85,25.16,17602.0,44118100.0,25.63,26.51,26.913,27.67,,23.07,-0.79,-0.59,-0.2,通宇通讯,计算机、通信和其他电子设备制造业,主板,25.452500000000008,26.253750000000004,26.623333333333335,26.720625000000002,28.2936170212766
2792,2018-06-26,24.8,24.43,24.8,24.1,25.0,21159.0,51727200.0,25.25,26.21,26.714999999999996,27.5,,20.23,-0.89,-0.65,-0.24,通宇通讯,计算机、通信和其他电子设备制造业,主板,25.01000000000001,25.890000000000004,26.395,26.569375,28.193191489361705
2792,2018-06-27,24.25,24.19,24.6,24.1,24.43,17591.5,42708900.0,24.85,25.86,26.516000000000002,27.34,,19.17,-0.98,-0.72,-0.26,通宇通讯,计算机、通信和其他电子设备制造业,主板,24.695000000000007,25.491250000000004,26.145833333333332,26.4025,28.072765957446816
2792,2018-06-28,24.19,24.09,24.45,23.84,24.19,17751.5,42876000.0,24.57,25.54,26.369500000000006,27.19,,18.72,-1.04,-0.78,-0.26,通宇通讯,计算机、通信和其他电子设备制造业,主板,24.42750000000001,25.108750000000004,25.86583333333333,26.20875,27.96638297872341
2792,2018-06-29,23.98,24.51,24.64,23.81,24.09,31729.0,76859600.0,24.44,25.25,26.237500000000004,27.05,27.99,26.42,-1.04,-0.83,-0.21,通宇通讯,计算机、通信和其他电子设备制造业,主板,24.30500000000001,24.878750000000004,25.604166666666668,26.04375,27.87829787234043
2792,2018-07-02,24.49,24.19,24.69,24.12,24.51,17754.0,43105500.0,24.28,24.96,26.10450000000001,26.9,27.93,24.51,-1.06,-0.88,-0.18,通宇通讯,计算机、通信和其他电子设备制造业,主板,24.24500000000001,24.627500000000005,25.34166666666667,25.857499999999998,27.784893617021282
2792,2018-07-03,24.26,24.6,24.6,24.02,24.19,26343.0,64167200.0,24.32,24.78,25.99150000000001,26.75,27.87,31.34,-1.02,-0.91,-0.11,通宇通讯,计算机、通信和其他电子设备制造业,主板,24.34750000000001,24.521250000000006,25.110000000000003,25.69625,27.688297872340428
2792,2018-07-04,24.71,24.94,25.9,24.7,24.6,43962.7,110839000.0,24.47,24.66,25.87900000000001,26.57,27.83,36.48,-0.96,-0.92,-0.04,通宇通讯,计算机、通信和其他电子设备制造业,主板,24.56000000000001,24.493750000000006,24.92583333333334,25.539375,27.573191489361708
2792,2018-07-05,24.45,24.0,25.24,23.91,24.94,24584.1,60192700.0,24.45,24.51,25.72150000000001,26.38,27.77,29.84,-0.98,-0.93,-0.05,通宇通讯,计算机、通信和其他电子设备制造业,主板,24.432500000000008,24.368750000000006,24.730000000000004,25.31125,27.448085106382983
2792,2018-07-06,24.13,22.48,24.2,21.6,24.0,52087.9,118138000.0,24.04,24.24,25.48700000000001,26.15,27.67,22.65,-1.1,-0.96,-0.14,通宇通讯,计算机、通信和其他电子设备制造业,主板,24.00500000000001,24.125000000000004,24.420000000000005,25.007500000000004,27.296170212765965
2792,2018-07-09,22.15,22.23,22.4,21.93,22.48,19842.5,44037900.0,23.65,23.97,25.239500000000007,25.93,27.58,21.73,-1.19,-1.01,-0.18,通宇通讯,计算机、通信和其他电子设备制造业,主板,23.41250000000001,23.880000000000003,24.151666666666674,24.685625000000005,27.152553191489368
2792,2018-07-10,22.3,22.55,22.96,22.21,22.23,21694.6,48862300.0,23.24,23.78,24.99450000000001,25.74,27.48,25.9,-1.24,-1.06,-0.18,通宇通讯,计算机、通信和其他电子设备制造业,主板,22.81500000000001,23.687500000000004,23.934166666666673,24.398125000000007,27.015319148936175
2792,2018-07-11,22.2,22.03,22.68,21.8,22.55,18610.0,41104900.0,22.66,23.56,24.71350000000001,25.53,27.37,23.69,-1.3,-1.1,-0.2,通宇通讯,计算机、通信和其他电子设备制造业,主板,22.32250000000001,23.377500000000005,23.686666666666678,24.128125000000004,26.86617021276596
2792,2018-07-12,22.31,22.69,22.87,22.31,22.03,29168.5,65943000.0,22.4,23.42,24.481000000000016,25.39,27.28,31.67,-1.28,-1.14,-0.14,通宇通讯,计算机、通信和其他电子设备制造业,主板,22.375000000000007,23.190000000000005,23.541666666666675,23.908750000000005,26.724680851063837
2792,2018-07-13,22.57,22.85,22.87,22.4,22.69,19198.0,43392200.0,22.47,23.26,24.254500000000014,25.24,27.17,33.48,-1.23,-1.16,-0.07,通宇通讯,计算机、通信和其他电子设备制造业,主板,22.530000000000005,22.971250000000005,23.43000000000001,23.746250000000007,26.580425531914898
2792,2018-07-16,22.83,23.11,23.39,22.68,22.85,24017.1,55538600.0,22.65,23.15,24.052500000000016,25.12,27.06,36.44,-1.16,-1.16,0.0,通宇通讯,计算机、通信和其他电子设备制造业,主板,22.670000000000005,22.742500000000007,23.348333333333347,23.618125000000006,26.441063829787236
2792,2018-07-17,23.06,23.18,23.29,22.81,23.11,19714.0,45505900.0,22.77,23.01,23.894000000000013,25.0,26.96,37.25,-1.09,-1.14,0.05,通宇通讯,计算机、通信和其他电子设备制造业,主板,22.957500000000003,22.640000000000008,23.237500000000015,23.504375000000007,26.299148936170216
2792,2018-07-18,23.3,23.48,23.6,22.98,23.18,25301.4,58661900.0,23.06,22.86,23.758000000000017,24.87,26.88,40.73,-0.99,-1.11,0.12,通宇通讯,计算机、通信和其他电子设备制造业,主板,23.155000000000005,22.765000000000008,23.178333333333352,23.445000000000007,26.16446808510639
2792,2018-07-19,23.66,23.49,24.43,23.24,23.48,38778.5,91839400.0,23.22,22.81,23.660000000000018,24.75,26.79,40.84,-0.91,-1.07,0.16,通宇通讯,计算机、通信和其他电子设备制造业,主板,23.315000000000005,22.92250000000001,23.08583333333335,23.401250000000008,26.03638297872341
2792,2018-07-20,23.18,23.18,23.59,22.9,23.49,19868.5,45963100.0,23.29,22.88,23.561000000000014,24.62,26.69,38.3,-0.86,-1.03,0.17,通宇通讯,计算机、通信和其他电子设备制造业,主板,23.332500000000007,23.00125000000001,22.939166666666683,23.34437500000001,25.911489361702134
2792,2018-07-23,22.98,23.35,23.4,22.88,23.18,14927.2,34641200.0,23.34,22.99,23.478500000000018,24.49,26.58,40.49,-0.8,-0.98,0.18,通宇通讯,计算机、通信和其他电子设备制造业,主板,23.375000000000007,23.16625000000001,22.88500000000002,23.271875000000012,25.796808510638304
2792,2018-07-24,23.34,23.62,23.72,23.15,23.35,16818.0,39556900.0,23.42,23.1,23.438000000000017,24.36,26.47,43.89,-0.72,-0.93,0.21,通宇通讯,计算机、通信和其他电子设备制造业,主板,23.410000000000007,23.28250000000001,22.980000000000018,23.236250000000013,25.691276595744686
2792,2018-07-25,23.68,23.59,24.15,23.46,23.62,18453.5,43820600.0,23.45,23.25,23.408000000000015,24.23,26.37,43.59,-0.64,-0.87,0.23,通宇通讯,计算机、通信和其他电子设备制造业,主板,23.43500000000001,23.37500000000001,23.093333333333348,23.17312500000001,25.5836170212766
2792,2018-07-26,23.55,23.27,23.63,23.1,23.59,10952.0,25457800.0,23.4,23.31,23.367000000000015,24.09,26.28,40.44,-0.61,-0.82,0.21,通宇通讯,计算机、通信和其他电子设备制造业,主板,23.45750000000001,23.39500000000001,23.153333333333347,23.06875000000001,25.460638297872343
2792,2018-07-27,23.12,23.3,23.79,23.1,23.27,10737.0,25115300.0,23.43,23.36,23.306500000000018,23.96,26.18,40.87,-0.57,-0.77,0.2,通宇通讯,计算机、通信和其他电子设备制造业,主板,23.445000000000007,23.41000000000001,23.259166666666676,23.02500000000001,25.310638297872345
2792,2018-07-30,23.29,22.75,23.56,22.52,23.3,15429.5,35449100.0,23.31,23.32,23.23450000000002,23.81,26.08,35.75,-0.58,-0.73,0.15,通宇通讯,计算机、通信和其他电子设备制造业,主板,23.227500000000006,23.318750000000012,23.26416666666668,23.041875000000008,25.16106382978724
2792,2018-07-31,22.75,22.68,22.89,22.33,22.75,8872.0,20046600.0,23.12,23.27,23.138500000000015,23.69,25.97,35.15,-0.58,-0.7,0.12,通宇通讯,计算机、通信和其他电子设备制造业,主板,23.000000000000007,23.217500000000012,23.25000000000001,23.070000000000007,25.015744680851068
2792,2018-08-01,22.67,22.56,22.97,22.32,22.68,11863.0,26770500.0,22.91,23.18,23.019500000000015,23.56,25.85,34.09,-0.59,-0.68,0.09,通宇通讯,计算机、通信和其他电子设备制造业,主板,22.82250000000001,23.14000000000001,23.204166666666676,23.070625000000007,24.885106382978726
2792,2018-08-02,22.49,21.66,22.74,21.01,22.56,14877.1,32216700.0,22.59,23.0,22.902500000000018,23.44,25.71,27.4,-0.66,-0.68,0.02,通宇通讯,计算机、通信和其他电子设备制造业,主板,22.41250000000001,22.92875000000001,23.07750000000001,23.047500000000007,24.741914893617025
2792,2018-08-03,21.65,21.52,21.76,21.16,21.66,8522.0,18210400.0,22.23,22.83,22.854500000000016,23.32,25.58,26.53,-0.72,-0.68,-0.04,通宇通讯,计算机、通信和其他电子设备制造业,主板,22.105000000000008,22.666250000000012,22.914166666666674,22.974375000000006,24.600425531914894
2792,2018-08-06,21.45,21.33,21.45,20.83,21.52,12277.5,25886700.0,21.95,22.63,22.809500000000014,23.2,25.43,25.35,-0.77,-0.7,-0.07,通宇通讯,计算机、通信和其他电子设备制造业,主板,21.767500000000005,22.38375000000001,22.73416666666667,22.879375000000003,24.479361702127658
2792,2018-08-07,21.38,21.48,21.5,20.9,21.33,15090.6,32193900.0,21.71,22.41,22.756000000000014,23.1,25.3,28.07,-0.79,-0.72,-0.07,通宇通讯,计算机、通信和其他电子设备制造业,主板,21.497500000000006,22.160000000000007,22.592500000000005,22.777500000000003,24.35872340425532
2792,2018-08-08,22.99,22.04,23.63,21.92,21.48,41584.1,94943400.0,21.61,22.26,22.756500000000017,23.02,25.18,37.25,-0.75,-0.73,-0.02,通宇通讯,计算机、通信和其他电子设备制造业,主板,21.59250000000001,22.002500000000005,22.483333333333338,22.706250000000004,24.256382978723405
2792,2018-08-09,21.5,22.71,23.48,21.39,22.04,45496.6,102465000.0,21.82,22.2,22.757500000000014,22.98,25.08,46.11,-0.66,-0.71,0.05,通宇通讯,计算机、通信和其他电子设备制造业,主板,21.89000000000001,21.997500000000006,22.407500000000002,22.658125000000002,24.168085106382982
2792,2018-08-10,22.42,22.36,22.56,22.04,22.71,30487.1,67914900.0,21.98,22.11,22.733000000000015,22.91,24.98,42.72,-0.61,-0.69,0.08,通宇通讯,计算机、通信和其他电子设备制造业,主板,22.14750000000001,21.957500000000003,22.305000000000007,22.587500000000002,24.06531914893617
2792,2018-08-13,22.07,23.99,24.0,21.95,22.36,63721.1,147727000.0,22.52,22.23,22.777000000000015,22.9,24.9,58.17,-0.44,-0.64,0.2,通宇通讯,计算机、通信和其他电子设备制造业,主板,22.77500000000001,22.136250000000004,22.36500000000001,22.638125000000002,23.998085106382977
2792,2018-08-14,23.5,23.3,23.87,23.19,23.99,40527.1,95171400.0,22.88,22.3,22.783000000000015,22.86,24.81,51.8,-0.35,-0.58,0.23,通宇通讯,计算机、通信和其他电子设备制造业,主板,23.09000000000001,22.341250000000006,22.36500000000001,22.635,23.91574468085106
2792,2018-08-15,23.25,24.4,25.15,23.25,23.3,82339.6,201025000.0,23.35,22.48,22.829000000000015,22.84,24.71,59.42,-0.19,-0.5,0.31,通宇通讯,计算机、通信和其他电子设备制造业,主板,23.51250000000001,22.701250000000005,22.50250000000001,22.68375,23.856595744680845
2792,2018-08-16,23.9,24.84,26.57,23.78,24.4,70902.3,179192000.0,23.78,22.8,22.89650000000001,22.87,24.62,62.01,-0.03,-0.41,0.38,通宇通讯,计算机、通信和其他电子设备制造业,主板,24.13250000000001,23.140000000000008,22.682500000000005,22.761875,23.801063829787225
2792,2018-08-17,25.5,25.15,26.15,24.91,24.84,44712.3,113506000.0,24.34,23.16,22.99500000000001,22.96,24.55,63.77,0.13,-0.3,0.43,通宇通讯,计算机、通信和其他电子设备制造业,主板,24.42250000000001,23.59875000000001,22.898333333333337,22.879375,23.747872340425523
2792,2018-08-20,25.39,27.18,27.41,25.1,25.15,72773.5,190680000.0,24.97,23.74,23.18650000000001,23.12,24.53,72.67,0.41,-0.16,0.57,通宇通讯,计算机、通信和其他电子设备制造业,主板,25.39250000000001,24.24125000000001,23.358333333333334,23.121875,23.74446808510638
2792,2018-08-21,26.8,27.18,28.37,26.46,27.18,66559.6,181621000.0,25.75,24.32,23.36450000000001,23.28,24.51,72.67,0.63,0.0,0.63,通宇通讯,计算机、通信和其他电子设备制造业,主板,26.087500000000006,24.80000000000001,23.830000000000002,23.39875,23.74021276595744
2792,2018-08-22,26.7,27.5,28.1,26.6,27.18,53520.6,147238000.0,26.37,24.86,23.56000000000001,23.46,24.49,73.84,0.82,0.16,0.66,通宇通讯,计算机、通信和其他电子设备制造业,主板,26.752500000000005,25.44250000000001,24.34416666666667,23.7,23.747659574468077
2792,2018-08-23,27.49,27.55,28.19,27.01,27.5,40883.9,113284000.0,26.91,25.34,23.77400000000001,23.62,24.5,74.03,0.95,0.32,0.63,通宇通讯,计算机、通信和其他电子设备制造业,主板,27.352500000000006,25.88750000000001,24.850000000000005,24.011875,23.773191489361697
2792,2018-08-24,27.2,26.9,27.98,26.76,27.55,47017.9,128458000.0,27.26,25.8,23.95400000000001,23.76,24.5,67.27,1.0,0.46,0.54,通宇通讯,计算机、通信和其他电子设备制造业,主板,27.282500000000006,26.33750000000001,25.255,24.339374999999997,23.788085106382972
2792,2018-08-27,27.3,29.2,29.43,27.27,26.9,67829.2,195039000.0,27.67,26.32,24.27650000000001,23.96,24.54,75.72,1.21,0.61,0.6,通宇通讯,计算机、通信和其他电子设备制造业,主板,27.7875,26.937500000000007,25.795833333333334,24.819374999999997,23.867872340425528
2792,2018-08-28,29.25,28.8,29.96,28.63,29.2,48530.7,141039000.0,27.99,26.87,24.582500000000007,24.15,24.57,72.23,1.33,0.75,0.58,通宇通讯,计算机、通信和其他电子设备制造业,主板,28.112500000000004,27.432500000000008,26.3325,25.28625,23.94531914893616
2792,2018-08-29,29.07,29.08,29.47,28.6,28.8,31456.0,91390800.0,28.31,27.34,24.908500000000007,24.33,24.6,73.16,1.42,0.89,0.53,通宇通讯,计算机、通信和其他电子设备制造业,主板,28.495000000000008,27.92375000000001,26.756666666666664,25.761249999999997,24.03212765957446
2792,2018-08-30,28.89,28.4,29.08,27.69,29.08,47969.3,136178000.0,28.48,27.69,25.245500000000007,24.5,24.62,67.25,1.43,0.99,0.44,通宇通讯,计算机、通信和其他电子设备制造业,主板,28.870000000000005,28.07625000000001,27.18166666666666,26.158749999999994,24.116595744680843
2792,2018-08-31,28.15,28.36,28.9,28.02,28.4,29212.3,83315600.0,28.77,28.01,25.587500000000006,24.67,24.64,66.91,1.42,1.08,0.34,通宇通讯,计算机、通信和其他电子设备制造业,主板,28.660000000000007,28.22375000000001,27.511666666666667,26.511874999999996,24.20531914893616
2792,2018-09-03,27.6,28.0,28.24,26.6,28.36,40962.7,112020000.0,28.53,28.1,25.921000000000003,24.82,24.66,63.76,1.37,1.14,0.23,通宇通讯,计算机、通信和其他电子设备制造业,主板,28.46000000000001,28.28625000000001,27.775000000000002,26.864374999999995,24.28851063829786
2792,2018-09-04,28.1,29.57,30.58,27.95,28.0,55445.5,163721000.0,28.68,28.34,26.325500000000005,25.02,24.69,70.32,1.43,1.2,0.23,通宇通讯,计算机、通信和其他电子设备制造业,主板,28.582500000000014,28.538750000000007,28.143333333333334,27.213124999999994,24.396170212765945
2792,2018-09-05,29.65,29.1,30.34,29.0,29.57,52764.8,156751000.0,28.69,28.5,26.678500000000007,25.21,24.72,66.44,1.43,1.24,0.19,通宇通讯,计算机、通信和其他电子设备制造业,主板,28.757500000000014,28.81375000000001,28.303333333333338,27.575624999999995,24.500638297872325
2792,2018-09-06,28.92,29.85,30.5,28.9,29.1,48601.5,145038000.0,28.98,28.73,27.035500000000006,25.42,24.76,69.35,1.47,1.29,0.18,通宇通讯,计算机、通信和其他电子设备制造业,主板,29.130000000000013,28.89500000000001,28.52583333333334,27.916249999999998,24.6123404255319
2792,2018-09-07,29.85,28.9,30.18,27.88,29.85,34483.7,100737000.0,29.08,28.93,27.362500000000004,25.61,24.78,62.03,1.41,1.31,0.1,通宇通讯,计算机、通信和其他电子设备制造业,主板,29.35500000000001,28.907500000000006,28.642500000000002,28.169999999999998,24.696595744680838
2792,2018-09-10,28.6,28.38,29.38,28.11,28.9,24692.3,70995400.0,29.16,28.84,27.582000000000004,25.8,24.8,58.39,1.31,1.31,0.0,通宇通讯,计算机、通信和其他电子设备制造业,主板,29.05750000000001,28.820000000000007,28.71166666666667,28.371875,24.789787234042542
2792,2018-09-11,28.5,29.8,30.26,28.33,28.38,40559.7,119861000.0,29.21,28.94,27.907000000000004,26.04,24.86,64.51,1.32,1.31,0.01,通宇通讯,计算机、通信和其他电子设备制造业,主板,29.232500000000016,28.995000000000008,28.953333333333337,28.535625,24.945531914893603
2792,2018-09-12,29.79,29.77,30.48,29.29,29.8,24962.1,73986600.0,29.34,29.01,28.175500000000007,26.28,24.92,64.29,1.33,1.32,0.01,通宇通讯,计算机、通信和其他电子设备制造业,主板,29.21250000000002,29.171250000000008,29.000833333333336,28.697499999999998,25.105957446808496
2792,2018-09-13,30.3,29.81,30.85,28.88,29.77,41704.3,123778000.0,29.33,29.15,28.424,26.55,24.99,64.46,1.3,1.31,-0.01,通宇通讯,计算机、通信和其他电子设备制造业,主板,29.44000000000002,29.397500000000008,29.085000000000004,28.841874999999998,25.26042553191488
2792,2018-09-14,29.8,28.2,29.8,27.95,29.81,38836.1,111716000.0,29.19,29.14,28.576500000000003,26.77,25.04,53.43,1.15,1.28,-0.13,通宇通讯,计算机、通信和其他电子设备制造业,主板,29.395000000000017,29.226250000000007,29.01166666666667,28.882499999999997,25.391702127659563
2792,2018-09-17,27.49,28.93,29.3,27.36,28.2,32188.5,92303300.0,29.3,29.23,28.664000000000005,27.02,25.11,57.02,1.08,1.24,-0.16,通宇通讯,计算机、通信和其他电子设备制造业,主板,29.17750000000002,29.20500000000001,29.05583333333334,29.009375,25.52446808510637
2792,2018-09-18,28.75,29.3,29.49,28.13,28.93,24937.7,71948400.0,29.2,29.2,28.770000000000003,27.28,25.19,58.76,1.03,1.2,-0.17,通宇通讯,计算机、通信和其他电子设备制造业,主板,29.06000000000002,29.136250000000008,29.134166666666673,29.015625,25.661702127659563
2792,2018-09-19,29.29,28.96,29.55,28.52,29.3,28115.4,81654600.0,29.04,29.19,28.843000000000007,27.52,25.27,56.5,0.96,1.15,-0.19,通宇通讯,计算机、通信和其他电子设备制造业,主板,28.847500000000018,29.143750000000008,29.21416666666667,29.025624999999998,25.78617021276595
2792,2018-09-20,28.7,28.77,29.79,28.66,28.96,18469.5,53901500.0,28.83,29.08,28.904000000000007,27.72,25.35,55.22,0.87,1.09,-0.22,通宇通讯,计算机、通信和其他电子设备制造业,主板,28.99000000000002,29.19250000000001,29.147500000000004,29.006249999999998,25.905106382978712
2792,2018-09-21,28.8,28.75,28.98,28.13,28.77,26224.8,74846000.0,28.94,29.07,28.996500000000008,27.93,25.42,55.08,0.8,1.04,-0.24,通宇通讯,计算机、通信和其他电子设备制造业,主板,28.94500000000002,29.06125000000001,29.118333333333336,29.028125,26.01723404255318
2792,2018-09-25,28.75,28.68,29.2,28.34,28.75,17671.0,50713200.0,28.89,29.1,28.970500000000005,28.09,25.49,54.56,0.72,0.97,-0.25,通宇通讯,计算机、通信和其他电子设备制造业,主板,28.790000000000024,28.925000000000008,29.020833333333332,29.048125,26.127659574468076
2792,2018-09-26,28.68,28.0,29.0,27.9,28.68,29822.2,84426400.0,28.63,28.92,28.930500000000006,28.24,25.55,49.6,0.6,0.9,-0.3,通宇通讯,计算机、通信和其他电子设备制造业,主板,28.55000000000002,28.69875000000001,28.945833333333336,29.048125,26.230212765957436
2792,2018-09-27,27.98,28.0,28.82,27.78,28.0,30721.5,86962300.0,28.44,28.74,28.876500000000004,28.36,25.6,49.6,0.5,0.82,-0.32,通宇通讯,计算机、通信和其他电子设备制造业,主板,28.35750000000002,28.673750000000013,28.91416666666667,28.95,26.329148936170203
2792,2018-09-28,28.15,27.25,28.18,26.85,28.0,22872.3,62452800.0,28.14,28.48,28.819000000000006,28.44,25.66,44.44,0.36,0.73,-0.37,通宇通讯,计算机、通信和其他电子设备制造业,主板,27.982500000000016,28.46375000000001,28.701666666666668,28.834374999999998,26.406382978723396
2792,2018-10-08,26.68,25.31,26.68,25.23,27.25,27138.5,70334100.0,27.45,28.2,28.666500000000003,28.45,25.7,34.46,0.08,0.6,-0.52,通宇通讯,计算机、通信和其他电子设备制造业,主板,27.140000000000015,27.96500000000001,28.330000000000002,28.550624999999997,26.44297872340425
2792,2018-10-09,25.33,25.0,25.53,24.68,25.31,21676.7,54440900.0,26.71,27.8,28.5165,28.38,25.75,33.18,-0.16,0.45,-0.61,通宇通讯,计算机、通信和其他电子设备制造业,主板,26.390000000000015,27.47000000000001,27.92916666666667,28.306874999999998,26.479787234042547
2792,2018-10-10,25.0,24.83,25.27,24.24,25.0,21967.6,54460400.0,26.08,27.36,28.279500000000002,28.3,25.79,32.46,-0.36,0.28,-0.64,通宇通讯,计算机、通信和其他电子设备制造业,主板,25.59750000000001,26.97750000000001,27.648333333333337,28.084999999999997,26.51234042553191
2792,2018-10-11,23.85,22.42,24.24,22.35,24.83,30980.0,72200100.0,24.96,26.7,27.9455,28.13,25.79,24.44,-0.7,0.09,-0.79,通宇通讯,计算机、通信和其他电子设备制造业,主板,24.39000000000001,26.18625000000001,27.105833333333337,27.623749999999998,26.505319148936167
2792,2018-10-12,22.3,23.24,23.4,21.84,22.42,27280.7,61999500.0,24.16,26.15,27.615,27.99,25.8,30.71,-0.9,-0.11,-0.79,通宇通讯,计算机、通信和其他电子设备制造业,主板,23.87250000000001,25.50625000000001,26.600833333333338,27.215625,26.517234042553184
2792,2018-10-15,23.25,23.4,24.2,23.03,23.24,27841.4,65824100.0,23.78,25.61,27.339999999999996,27.87,25.81,31.9,-1.03,-0.29,-0.74,通宇通讯,计算机、通信和其他电子设备制造业,主板,23.47250000000001,24.93125000000001,26.137500000000003,26.814999999999998,26.53510638297872
2792,2018-10-16,23.41,22.75,23.57,22.02,23.4,24432.3,55716900.0,23.33,25.02,27.0585,27.65,25.81,29.67,-1.17,-0.47,-0.7,通宇通讯,计算机、通信和其他电子设备制造业,主板,22.95250000000001,24.27500000000001,25.635833333333338,26.474375,26.55829787234042
2792,2018-10-17,23.09,23.28,23.39,21.7,22.75,35791.1,81701800.0,23.02,24.55,26.732499999999998,27.47,25.81,33.74,-1.23,-0.62,-0.61,通宇通讯,计算机、通信和其他电子设备制造业,主板,23.16750000000001,23.77875000000001,25.180000000000007,26.12125,26.59574468085106
2792,2018-10-18,22.88,22.16,22.9,22.11,23.28,22036.3,49503100.0,22.97,23.96,26.351999999999997,27.24,25.79,29.82,-1.34,-0.76,-0.58,通宇通讯,计算机、通信和其他电子设备制造业,主板,22.89750000000001,23.38500000000001,24.636666666666674,25.675,26.613404255319146
2792,2018-10-19,21.58,22.98,23.3,21.36,22.16,29140.9,65569900.0,22.91,23.54,26.0105,27.06,25.78,35.71,-1.36,-0.88,-0.48,通宇通讯,计算机、通信和其他电子设备制造业,主板,22.79250000000001,23.132500000000007,24.218333333333344,25.301250000000003,26.645319148936167
2792,2018-10-22,23.52,24.42,24.65,23.52,22.98,41036.9,98993700.0,23.12,23.45,25.821499999999997,26.93,25.8,44.51,-1.24,-0.96,-0.28,通宇通讯,计算机、通信和其他电子设备制造业,主板,23.21000000000001,23.08125000000001,23.920000000000012,25.029375000000005,26.69595744680851
2792,2018-10-23,24.45,23.7,24.49,23.43,24.42,24803.8,59431200.0,23.31,23.32,25.56,26.78,25.8,41.46,-1.19,-1.0,-0.19,通宇通讯,计算机、通信和其他电子设备制造业,主板,23.315000000000012,23.241250000000008,23.624166666666678,24.713750000000005,26.717021276595744
2792,2018-10-24,23.75,23.8,24.18,23.51,23.7,16238.0,38768100.0,23.41,23.22,25.285,26.59,25.81,42.05,-1.12,-1.03,-0.09,通宇通讯,计算机、通信和其他电子设备制造业,主板,23.725000000000012,23.31125000000001,23.498333333333346,24.408750000000005,26.747659574468088
2792,2018-10-25,22.48,22.54,22.66,21.6,23.8,55974.9,123947000.0,23.49,23.23,24.964000000000002,26.37,25.79,36.95,-1.17,-1.05,-0.12,通宇通讯,计算机、通信和其他电子设备制造业,主板,23.615000000000013,23.203750000000007,23.293333333333347,24.067500000000006,26.716808510638298
2792,2018-10-26,22.73,22.66,23.2,22.14,22.54,32954.0,74898300.0,23.42,23.17,24.658500000000004,26.13,25.78,37.73,-1.17,-1.08,-0.09,通宇通讯,计算机、通信和其他电子设备制造业,主板,23.17500000000001,23.192500000000006,23.112500000000015,23.733750000000008,26.703191489361707
2792,2018-10-29,22.55,23.46,23.95,22.25,22.66,40294.4,93791700.0,23.23,23.18,24.394000000000005,25.95,25.78,42.77,-1.1,-1.08,-0.02,通宇通讯,计算机、通信和其他电子设备制造业,主板,23.115000000000013,23.215000000000007,23.19916666666668,23.496875000000006,26.683191489361704
2792,2018-10-30,23.21,24.74,24.86,22.21,23.46,53626.0,126803000.0,23.44,23.37,24.197000000000006,25.83,25.81,49.79,-0.93,-1.05,0.12,通宇通讯,计算机、通信和其他电子设备制造业,主板,23.350000000000012,23.53750000000001,23.32416666666668,23.461250000000007,26.681063829787238
2792,2018-10-31,24.32,25.2,25.33,24.26,24.74,35574.5,88562200.0,23.72,23.57,24.057000000000006,25.68,25.86,52.06,-0.75,-0.99,0.24,通宇通讯,计算机、通信和其他电子设备制造业,主板,24.015000000000015,23.81500000000001,23.47416666666668,23.473750000000006,26.682127659574473
2792,2018-11-01,25.02,25.66,25.84,24.82,25.2,43024.2,109299000.0,24.34,23.92,23.940000000000005,25.54,25.91,54.29,-0.56,-0.91,0.35,通宇通讯,计算机、通信和其他电子设备制造业,主板,24.765000000000015,23.970000000000006,23.716666666666683,23.52562500000001,26.649787234042556
2792,2018-11-02,26.46,26.48,26.73,25.63,25.66,50480.0,132361000.0,25.11,24.27,23.901500000000006,25.43,25.99,58.03,-0.35,-0.79,0.44,通宇通讯,计算机、通信和其他电子设备制造业,主板,25.520000000000017,24.317500000000006,23.98333333333335,23.77937500000001,26.63489361702128
2792,2018-11-05,26.24,25.47,26.47,25.22,26.48,41369.5,106275000.0,25.51,24.37,23.909500000000005,25.34,26.05,52.34,-0.25,-0.69,0.44,通宇通讯,计算机、通信和其他电子设备制造业,主板,25.70250000000002,24.526250000000005,24.259166666666683,23.91875000000001,26.591702127659577
2792,2018-11-06,25.3,25.32,25.4,24.71,25.47,35673.5,89365000.0,25.63,24.53,23.925500000000007,25.22,26.12,51.54,-0.19,-0.59,0.4,通宇通讯,计算机、通信和其他电子设备制造业,主板,25.73250000000002,24.873750000000005,24.45416666666668,24.03875000000001,26.544255319148938
2792,2018-11-07,25.5,26.08,26.7,25.35,25.32,56288.4,146549000.0,25.8,24.76,23.988000000000007,25.11,26.2,55.3,-0.08,-0.48,0.4,通宇通讯,计算机、通信和其他电子设备制造业,主板,25.83750000000002,25.301250000000007,24.592500000000012,24.24687500000001,26.526808510638297
2792,2018-11-08,26.08,25.68,26.2,25.28,26.08,26322.5,67811900.0,25.81,25.08,24.151000000000003,25.0,26.26,52.97,-0.02,-0.39,0.37,通宇通讯,计算机、通信和其他电子设备制造业,主板,25.63750000000002,25.578750000000007,24.75750000000001,24.39687500000001,26.451914893617023
2792,2018-11-09,25.4,26.39,27.4,25.32,25.68,47802.3,126759000.0,25.79,25.45,24.308500000000002,24.92,26.32,56.48,0.09,-0.3,0.39,通宇通讯,计算机、通信和其他电子设备制造业,主板,25.86750000000002,25.785000000000004,24.973333333333343,24.661250000000006,26.400638297872344
2792,2018-11-12,26.41,26.9,27.28,26.26,26.39,41796.9,112749000.0,26.07,25.79,24.483500000000003,24.86,26.4,58.85,0.2,-0.2,0.4,通宇通讯,计算机、通信和其他电子设备制造业,主板,26.262500000000024,25.997500000000006,25.336666666666673,24.906250000000004,26.354255319148944
2792,2018-11-13,26.6,26.65,27.2,26.28,26.9,34222.8,91541500.0,26.34,25.98,24.678500000000003,24.79,26.44,57.2,0.28,-0.1,0.38,通宇通讯,计算机、通信和其他电子设备制造业,主板,26.405000000000026,26.121250000000007,25.66916666666667,25.045625,26.317021276595753
2792,2018-11-14,26.26,26.3,26.89,26.21,26.65,21934.8,58207400.0,26.38,26.09,24.829500000000003,24.74,26.49,54.89,0.31,-0.02,0.33,通宇通讯,计算机、通信和其他电子设备制造业,主板,26.560000000000024,26.09875000000001,25.905833333333337,25.208125000000003,26.27319148936171
2792,2018-11-15,26.05,27.08,27.08,26.05,26.3,33197.9,88403900.0,26.66,26.23,25.0755,24.7,26.53,58.88,0.38,0.06,0.32,通宇通讯,计算机、通信和其他电子设备制造业,主板,26.732500000000027,26.300000000000008,26.100833333333338,25.413125,26.253617021276604
2792,2018-11-16,27.08,27.24,27.29,26.8,27.08,23334.0,63123900.0,26.83,26.31,25.2885,24.7,26.57,59.67,0.45,0.14,0.31,通宇通讯,计算机、通信和其他电子设备制造业,主板,26.817500000000024,26.54000000000001,26.27083333333334,25.706875,26.204042553191496
2792,2018-11-19,27.02,27.3,27.79,26.9,27.24,35092.6,96312600.0,26.91,26.49,25.432499999999997,24.77,26.61,59.98,0.51,0.21,0.3,通宇通讯,计算机、通信和其他电子设备制造业,主板,26.980000000000025,26.69250000000001,26.407500000000002,25.996875,26.165744680851073
2792,2018-11-20,26.87,26.0,26.87,25.99,27.3,40503.8,106532000.0,26.78,26.56,25.547499999999992,24.8,26.59,50.86,0.44,0.26,0.18,通宇通讯,计算机、通信和其他电子设备制造业,主板,26.905000000000026,26.73250000000001,26.367500000000003,26.155625,26.083829787234052
2792,2018-11-21,25.74,26.28,26.35,25.71,26.0,15615.0,40767600.0,26.78,26.58,25.671499999999998,24.85,26.58,52.53,0.41,0.29,0.12,通宇通讯,计算机、通信和其他电子设备制造业,主板,26.705000000000023,26.718750000000007,26.435000000000002,26.251875,26.02808510638299
2792,2018-11-22,26.29,26.87,27.33,26.2,26.28,30275.8,81321800.0,26.74,26.7,25.887999999999998,25.0,26.56,55.94,0.41,0.31,0.1,通宇通讯,计算机、通信和其他电子设备制造业,主板,26.612500000000022,26.715000000000007,26.56416666666667,26.35625,25.995957446808514
2792,2018-11-23,26.86,25.78,27.2,25.28,26.87,32983.3,86319900.0,26.45,26.64,26.044,25.09,26.54,48.95,0.34,0.32,0.02,通宇通讯,计算机、通信和其他电子设备制造业,主板,26.23250000000002,26.606250000000006,26.539166666666674,26.36375,25.910425531914896
2792,2018-11-26,25.53,26.19,26.55,25.3,25.78,25687.2,66901800.0,26.22,26.57,26.180500000000002,25.18,26.52,51.41,0.3,0.31,-0.01,通宇通讯,计算机、通信和其他电子设备制造业,主板,26.280000000000022,26.592500000000005,26.581666666666674,26.345625,25.83425531914894
2792,2018-11-27,26.11,26.86,27.2,26.11,26.19,56526.5,151988000.0,26.4,26.59,26.2865,25.32,26.48,55.21,0.33,0.32,0.01,通宇通讯,计算机、通信和其他电子设备制造业,主板,26.42500000000002,26.565000000000005,26.62083333333334,26.432499999999997,25.771489361702134
2792,2018-11-28,26.99,27.1,27.56,26.78,26.86,66759.0,181964000.0,26.56,26.67,26.3815,25.44,26.46,56.52,0.36,0.33,0.03,通宇通讯,计算机、通信和其他电子设备制造业,主板,26.482500000000016,26.547500000000003,26.637500000000014,26.54375,25.74808510638298
2792,2018-11-29,27.02,25.45,27.65,25.4,27.1,60462.7,160151000.0,26.28,26.51,26.371000000000002,25.55,26.4,46.45,0.25,0.31,-0.06,通宇通讯,计算机、通信和其他电子设备制造业,主板,26.400000000000013,26.31625,26.537500000000012,26.504375,25.67404255319149
2792,2018-11-30,24.99,25.02,25.26,24.13,25.45,43795.8,108729000.0,26.12,26.29,26.298000000000002,25.62,26.34,44.24,0.13,0.27,-0.14,通宇通讯,计算机、通信和其他电子设备制造业,主板,26.107500000000016,26.19375,26.430833333333343,26.463124999999998,25.582978723404256
2792,2018-12-03,26.18,27.12,27.35,25.75,25.02,71476.5,189298000.0,26.31,26.27,26.3805,25.71,26.32,55.41,0.2,0.26,-0.06,通宇通讯,计算机、通信和其他电子设备制造业,主板,26.172500000000017,26.298750000000002,26.43416666666668,26.50875,25.543829787234042
2792,2018-12-04,26.9,27.95,28.33,26.89,27.12,68432.8,190575000.0,26.53,26.46,26.512,25.85,26.32,58.91,0.31,0.27,0.04,通宇通讯,计算机、通信和其他电子设备制造业,主板,26.38500000000002,26.43375,26.493333333333343,26.574375,25.526382978723404
2792,2018-12-05,27.38,28.68,29.21,27.21,27.95,71883.3,205743000.0,26.84,26.7,26.641999999999996,26.02,26.3,61.75,0.46,0.31,0.15,通宇通讯,计算机、通信和其他电子设备制造业,主板,27.19250000000002,26.79625,26.608333333333345,26.70125,25.524893617021277
2792,2018-12-06,27.52,26.55,28.0,26.2,28.68,88805.3,241331000.0,27.06,26.67,26.685499999999998,26.15,26.26,50.72,0.41,0.33,0.08,通宇通讯,计算机、通信和其他电子设备制造业,主板,27.57500000000002,26.841250000000002,26.65416666666668,26.716875,25.479574468085104
2792,2018-12-07,27.3,27.88,28.37,27.23,26.55,72430.1,202134000.0,27.64,26.88,26.759999999999998,26.32,26.23,56.01,0.46,0.35,0.11,通宇通讯,计算机、通信和其他电子设备制造业,主板,27.765000000000022,26.96875,26.787500000000012,26.766875000000002,25.477021276595746
2792,2018-12-10,27.92,28.25,29.51,27.8,27.88,79775.1,228553000.0,27.86,27.09,26.827499999999997,26.48,26.22,57.38,0.53,0.39,0.14,通宇通讯,计算机、通信和其他电子设备制造业,主板,27.84000000000002,27.1125,26.902500000000014,26.830000000000002,25.482340425531916
2792,2018-12-11,28.86,29.18,29.94,28.5,28.25,81579.9,237571000.0,28.11,27.32,26.953999999999997,26.63,26.23,60.69,0.65,0.44,0.21,通宇通讯,计算机、通信和其他电子设备制造业,主板,27.965000000000018,27.578750000000003,27.185833333333346,26.9475,25.523404255319154
2792,2018-12-12,29.12,29.0,29.2,28.32,29.18,51332.7,147656000.0,28.17,27.51,27.089,26.76,26.22,59.72,0.72,0.5,0.22,通宇通讯,计算机、通信和其他电子设备制造业,主板,28.57750000000002,28.07625,27.420000000000012,27.135,25.601914893617025
2792,2018-12-13,28.97,29.52,30.11,28.83,29.0,69788.2,205328000.0,28.77,27.92,27.210999999999995,26.89,26.21,61.62,0.81,0.56,0.25,通宇通讯,计算机、通信和其他电子设备制造业,主板,28.98750000000002,28.376250000000002,27.641666666666676,27.3375,25.698085106382983
2792,2018-12-14,29.17,28.5,29.4,28.29,29.52,45480.1,131076000.0,28.89,28.26,27.273999999999994,26.95,26.19,56.03,0.79,0.61,0.18,通宇通讯,计算机、通信和其他电子设备制造业,主板,29.05000000000002,28.445000000000004,27.75833333333334,27.439375,25.77617021276596
2792,2018-12-17,28.0,28.78,29.06,27.5,28.5,41030.2,116292000.0,29.0,28.43,27.347999999999995,27.06,26.2,57.18,0.79,0.64,0.15,通宇通讯,计算机、通信和其他电子设备制造业,主板,28.950000000000017,28.457500000000003,28.035833333333343,27.626875,25.91148936170213
2792,2018-12-18,28.42,28.09,28.85,27.58,28.78,38606.8,108552000.0,28.78,28.44,27.452499999999997,27.16,26.19,53.47,0.73,0.66,0.07,通宇通讯,计算机、通信和其他电子设备制造业,主板,28.722500000000018,28.650000000000002,28.291666666666675,27.745624999999997,26.01468085106383
2792,2018-12-19,28.2,27.78,28.65,27.64,28.09,29274.3,82352900.0,28.53,28.35,27.527499999999996,27.21,26.16,51.84,0.64,0.66,-0.02,通宇通讯,计算机、通信和其他电子设备制造业,主板,28.28750000000002,28.637500000000003,28.346666666666675,27.803124999999994,26.10787234042553
2792,2018-12-20,27.65,28.9,28.92,27.52,27.78,47666.8,135474000.0,28.41,28.59,27.628999999999998,27.32,26.16,56.94,0.66,0.66,0.0,通宇通讯,计算机、通信和其他电子设备制造业,主板,28.387500000000017,28.71875,28.42583333333334,27.91562499999999,26.23872340425532
2792,2018-12-21,28.65,29.05,29.3,28.65,28.9,44554.1,129176000.0,28.52,28.7,27.792499999999997,27.41,26.16,57.59,0.68,0.66,0.02,通宇通讯,计算机、通信和其他电子设备制造业,主板,28.45500000000002,28.7025,28.456666666666674,28.140624999999993,26.361489361702127
2792,2018-12-24,29.54,29.99,30.3,29.3,29.05,66746.6,199545000.0,28.76,28.88,27.982499999999995,27.51,26.19,61.5,0.76,0.68,0.08,通宇通讯,计算机、通信和其他电子设备制造业,主板,28.93000000000002,28.82625,28.74333333333334,28.451249999999995,26.528085106382978
2792,2018-12-25,29.48,32.11,32.9,29.31,29.99,103272.0,320179000.0,29.57,29.17,28.244999999999994,27.69,26.24,68.54,0.98,0.74,0.24,通宇通讯,计算机、通信和其他电子设备制造业,主板,30.012500000000024,29.150000000000002,29.095833333333342,28.763124999999995,26.72234042553191
2792,2018-12-26,31.66,30.96,32.25,30.88,32.11,76642.0,241550000.0,30.2,29.37,28.437999999999995,27.85,26.29,61.92,1.05,0.8,0.25,通宇通讯,计算机、通信和其他电子设备制造业,主板,30.527500000000025,29.457500000000003,29.321666666666673,28.951249999999995,26.861489361702123
2792,2018-12-27,31.3,30.95,32.2,30.67,30.96,67039.9,210857000.0,30.61,29.51,28.712999999999994,27.98,26.34,61.87,1.09,0.86,0.23,通宇通讯,计算机、通信和其他电子设备制造业,主板,31.002500000000023,29.72875,29.46916666666667,29.093124999999993,27.01574468085106
2792,2018-12-28,31.03,30.62,31.4,30.34,30.95,46024.8,141707000.0,30.93,29.72,28.992999999999995,28.09,26.4,59.94,1.09,0.91,0.18,通宇通讯,计算机、通信和其他电子设备制造业,主板,31.16000000000002,30.044999999999998,29.60416666666667,29.347499999999993,27.16085106382978
2792,2019-01-02,30.82,32.46,32.84,30.6,30.62,78265.5,248912000.0,31.42,30.09,29.259999999999998,28.26,26.52,66.25,1.22,0.97,0.25,通宇通讯,计算机、通信和其他电子设备制造业,主板,31.24750000000002,30.63,29.849166666666672,29.633749999999992,27.371914893617017
2792,2019-01-03,32.0,30.61,32.2,30.4,32.46,66184.1,205881000.0,31.12,30.34,29.392999999999994,28.42,26.61,56.6,1.16,1.01,0.15,通宇通讯,计算机、通信和其他电子设备制造业,主板,31.160000000000018,30.843749999999996,30.025000000000006,29.781249999999993,27.541063829787227
2792,2019-01-04,29.85,31.01,31.46,29.55,30.61,44370.3,136376000.0,31.13,30.67,29.509499999999996,28.57,26.71,58.03,1.13,1.03,0.1,通宇通讯,计算机、通信和其他电子设备制造业,主板,31.175000000000015,31.088749999999997,30.21083333333334,29.895624999999992,27.701702127659566
2792,2019-01-07,31.17,32.49,33.43,31.17,31.01,79823.3,258800000.0,31.44,31.02,29.8065,28.76,26.88,62.87,1.21,1.07,0.14,通宇通讯,计算机、通信和其他电子设备制造业,主板,31.642500000000013,31.401249999999997,30.57750000000001,30.113749999999992,27.866595744680843
2792,2019-01-08,32.5,32.23,33.38,31.8,32.49,53399.9,173124000.0,31.76,31.34,30.024,28.98,27.03,61.53,1.25,1.1,0.15,通宇通讯,计算机、通信和其他电子设备制造业,主板,31.585000000000008,31.416249999999998,30.94833333333334,30.28312499999999,28.016170212765946
2792,2019-01-09,32.0,32.3,33.38,31.59,32.23,64897.7,211963000.0,31.73,31.57,30.226499999999998,29.18,27.18,61.77,1.26,1.14,0.12,通宇通讯,计算机、通信和其他电子设备制造业,主板,32.00750000000001,31.58375,31.23166666666668,30.52062499999999,28.157446808510624
2792,2019-01-10,32.35,33.79,34.29,32.28,32.3,69947.8,233512000.0,32.36,31.74,30.457,29.41,27.36,66.5,1.38,1.18,0.2,通宇通讯,计算机、通信和其他电子设备制造业,主板,32.70250000000001,31.93875,31.62666666666668,30.833749999999988,28.312978723404242
2792,2019-01-11,33.8,33.21,35.79,33.18,33.79,76886.8,263973000.0,32.8,31.97,30.6675,29.61,27.53,63.22,1.41,1.23,0.18,通宇通讯,计算机、通信和其他电子设备制造业,主板,32.88250000000001,32.262499999999996,31.89500000000001,31.15374999999999,28.47765957446807
2792,2019-01-14,33.47,33.85,33.98,32.81,33.21,50918.7,170330000.0,33.08,32.26,30.884000000000004,29.89,27.72,65.26,1.47,1.28,0.19,通宇通讯,计算机、通信和其他电子设备制造业,主板,33.28750000000001,32.43625,32.04000000000001,31.53312499999999,28.659148936170197
2792,2019-01-15,33.2,33.55,33.82,32.81,33.85,44863.9,149596000.0,33.34,32.55,31.1365,30.18,27.9,63.48,1.48,1.32,0.16,通宇通讯,计算机、通信和其他电子设备制造业,主板,33.60000000000001,32.80375,32.25583333333335,31.82374999999999,28.818085106382966
2792,2019-01-16,33.44,33.42,34.47,33.16,33.55,37049.2,125375000.0,33.56,32.65,31.3685,30.39,28.05,62.69,1.45,1.34,0.11,通宇通讯,计算机、通信和其他电子设备制造业,主板,33.507500000000014,33.105000000000004,32.46166666666668,32.09687499999999,28.982765957446794
2792,2019-01-17,33.2,32.36,33.38,32.15,33.42,48194.7,157679000.0,33.28,32.82,31.582,30.54,28.19,56.47,1.33,1.34,-0.01,通宇通讯,计算机、通信和其他电子设备制造业,主板,33.29500000000001,33.088750000000005,32.60666666666668,32.24499999999999,29.109787234042535
2792,2019-01-18,32.41,32.67,33.1,31.88,32.36,39779.5,129533000.0,33.17,32.99,31.8265,30.67,28.34,57.79,1.25,1.32,-0.07,通宇通讯,计算机、通信和其他电子设备制造业,主板,33.00000000000001,33.143750000000004,32.62416666666669,32.27999999999999,29.232553191489345
2792,2019-01-21,32.5,34.0,34.3,32.5,32.67,56494.7,191216000.0,33.2,33.14,32.0815,30.92,28.53,62.97,1.27,1.31,-0.04,通宇通讯,计算机、通信和其他电子设备制造业,主板,33.11250000000001,33.35625,32.90666666666669,32.469999999999985,29.388936170212745
2792,2019-01-22,33.93,33.33,33.94,33.06,34.0,32306.8,108257000.0,33.16,33.25,32.295500000000004,31.1,28.71,59.04,1.22,1.29,-0.07,通宇通讯,计算机、通信和其他电子设备制造业,主板,33.09,33.29875,33.100000000000016,32.618749999999984,29.53851063829785
2792,2019-01-23,33.3,33.4,33.57,32.76,33.33,20828.8,69034400.0,33.15,33.36,32.466,31.27,28.88,59.32,1.18,1.27,-0.09,通宇通讯,计算机、通信和其他电子设备制造业,主板,33.35000000000001,33.3225,33.17583333333335,32.79249999999998,29.67297872340424
2792,2019-01-24,33.45,33.47,33.79,32.8,33.4,28776.1,96163100.0,33.37,33.33,32.534000000000006,31.41,29.02,59.63,1.14,1.24,-0.1,通宇通讯,计算机、通信和其他电子设备制造业,主板,33.55000000000001,33.27499999999999,33.279166666666676,32.85562499999998,29.8055319148936
2792,2019-01-25,33.7,32.74,33.7,32.68,33.47,29651.9,98447900.0,33.39,33.28,32.623000000000005,31.54,29.15,55.02,1.03,1.2,-0.17,通宇通讯,计算机、通信和其他电子设备制造业,主板,33.235000000000014,33.17374999999999,33.315833333333345,32.98874999999998,29.921276595744665
2792,2019-01-28,32.7,30.86,32.98,30.86,32.74,57495.5,181598000.0,32.76,32.98,32.6185,31.58,29.23,45.31,0.78,1.12,-0.34,通宇通讯,计算机、通信和其他电子设备制造业,主板,32.61750000000002,32.85374999999999,33.07166666666668,32.97937499999998,30.024680851063813
2792,2019-01-29,30.7,31.43,31.65,30.06,30.86,36120.8,112327000.0,32.38,32.77,32.659,31.68,29.32,48.29,0.63,1.02,-0.39,通宇通讯,计算机、通信和其他电子设备制造业,主板,32.12500000000002,32.73749999999999,32.923333333333346,32.91312499999998,30.13425531914892
2792,2019-01-30,31.08,30.22,31.58,30.19,31.43,27900.6,86128600.0,31.74,32.45,32.547,31.73,29.4,42.94,0.41,0.9,-0.49,通宇通讯,计算机、通信和其他电子设备制造业,主板,31.31250000000002,32.431249999999984,32.620833333333344,32.78749999999998,30.205531914893605
2792,2019-01-31,30.3,30.77,31.48,30.3,30.22,33359.4,103378000.0,31.2,32.29,32.55499999999999,31.82,29.49,45.88,0.26,0.77,-0.51,通宇通讯,计算机、通信和其他电子设备制造业,主板,30.82000000000002,32.02749999999998,32.389166666666675,32.69187499999998,30.31170212765956
2792,2019-02-01,30.8,31.82,31.88,30.8,30.77,27815.1,87657600.0,31.02,32.2,32.5955,31.95,29.58,51.05,0.24,0.66,-0.42,通宇通讯,计算机、通信和其他电子设备制造业,主板,31.06000000000002,31.838749999999983,32.25583333333334,32.56874999999999,30.431489361702113
2792,2019-02-11,32.01,32.98,33.15,31.66,31.82,40616.1,132466000.0,31.44,32.1,32.62,32.09,29.7,56.05,0.31,0.59,-0.28,通宇通讯,计算机、通信和其他电子设备制造业,主板,31.44750000000002,31.786249999999985,32.30750000000001,32.554374999999986,30.56170212765956
2792,2019-02-12,32.79,32.9,33.43,32.49,32.98,33496.6,110399000.0,31.74,32.06,32.653499999999994,32.22,29.81,55.63,0.36,0.55,-0.19,通宇通讯,计算机、通信和其他电子设备制造业,主板,32.11750000000002,31.714999999999986,32.326666666666675,32.49499999999998,30.685106382978713
2792,2019-02-13,32.88,33.65,33.98,32.64,32.9,49486.3,165966000.0,32.42,32.08,32.721,32.34,29.92,58.76,0.44,0.53,-0.09,通宇通讯,计算机、通信和其他电子设备制造业,主板,32.83750000000002,31.828749999999985,32.29750000000001,32.501249999999985,30.8595744680851
2792,2019-02-14,33.47,33.38,33.56,32.94,33.65,35039.4,116339000.0,32.95,32.08,32.7005,32.38,30.04,57.2,0.49,0.52,-0.03,通宇通讯,计算机、通信和其他电子设备制造业,主板,33.22750000000002,32.14374999999998,32.30166666666667,32.49874999999999,31.037446808510634
2792,2019-02-15,33.33,33.91,35.01,33.33,33.38,49161.0,168370000.0,33.36,32.19,32.735499999999995,32.48,30.16,59.48,0.56,0.53,0.03,通宇通讯,计算机、通信和其他电子设备制造业,主板,33.46000000000002,32.45374999999998,32.34416666666667,32.595624999999984,31.18191489361702
2792,2019-02-18,34.2,34.82,34.94,34.16,33.91,55766.4,192418000.0,33.73,32.59,32.784,32.61,30.29,63.12,0.68,0.56,0.12,通宇通讯,计算机、通信和其他电子设备制造业,主板,33.94000000000002,33.028749999999974,32.45666666666668,32.72999999999999,31.328085106382975
2792,2019-02-19,34.85,34.12,34.9,33.7,34.82,46356.7,158706000.0,33.98,32.86,32.8125,32.72,30.41,58.75,0.71,0.59,0.12,通宇通讯,计算机、通信和其他电子设备制造业,主板,34.05750000000002,33.44749999999998,32.57166666666668,32.73749999999999,31.443829787234037
2792,2019-02-20,34.15,34.25,34.65,33.16,34.12,44942.9,152686000.0,34.1,33.26,32.854,32.78,30.52,59.31,0.74,0.62,0.12,通宇通讯,计算机、通信和其他电子设备制造业,主板,34.27500000000002,33.75124999999998,32.85416666666668,32.79499999999999,31.60765957446808
2792,2019-02-21,34.0,34.98,36.55,33.91,34.25,101398.0,358362000.0,34.42,33.68,32.985,32.93,30.67,62.42,0.81,0.66,0.15,通宇通讯,计算机、通信和其他电子设备制造业,主板,34.54250000000002,34.00124999999998,33.15000000000001,32.89374999999999,31.75872340425531
2792,2019-02-22,34.9,36.48,36.68,34.51,34.98,71736.9,257285000.0,34.93,34.15,33.17550000000001,33.11,30.84,67.84,0.98,0.72,0.26,通宇通讯,计算机、通信和其他电子设备制造业,主板,34.95750000000002,34.44874999999998,33.67166666666668,33.08187499999999,31.933829787234036
2792,2019-02-25,37.31,37.85,38.56,36.69,36.48,100254.0,377637000.0,35.54,34.63,33.36800000000001,33.29,31.03,71.84,1.21,0.82,0.39,通宇通讯,计算机、通信和其他电子设备制造业,主板,35.890000000000015,34.97374999999999,34.261666666666684,33.40124999999999,32.11829787234041
2792,2019-02-26,37.2,36.28,37.77,35.23,37.85,134404.0,486940000.0,35.97,34.97,33.5155,33.43,31.2,62.28,1.25,0.91,0.34,通宇通讯,计算机、通信和其他电子设备制造业,主板,36.397500000000015,35.33624999999999,34.63333333333335,33.73999999999999,32.27319148936169
2792,2019-02-27,36.0,35.19,36.0,34.9,36.28,66330.4,235248000.0,36.16,35.13,33.605000000000004,33.52,31.35,56.65,1.18,0.96,0.22,通宇通讯,计算机、通信和其他电子设备制造业,主板,36.45000000000002,35.49624999999999,34.81750000000002,33.97499999999999,32.39382978723403
2792,2019-02-28,34.55,34.8,35.47,34.34,35.19,41299.9,143943000.0,36.12,35.27,33.671499999999995,33.56,31.48,54.74,1.08,0.98,0.1,通宇通讯,计算机、通信和其他电子设备制造业,主板,36.03000000000002,35.49374999999999,34.97583333333335,34.26124999999998,32.527872340425525
2792,2019-03-01,34.9,35.0,35.1,33.81,34.8,47685.3,163886000.0,35.82,35.38,33.784499999999994,33.62,31.62,55.56,1.0,0.99,0.01,通宇通讯,计算机、通信和其他电子设备制造业,主板,35.317500000000024,35.60374999999999,35.08833333333335,34.525624999999984,32.66021276595744
2792,2019-03-04,35.7,35.3,35.95,35.06,35.0,69801.4,248178000.0,35.31,35.42,34.006499999999996,33.66,31.78,56.84,0.95,0.98,-0.03,通宇通讯,计算机、通信和其他电子设备制造业,主板,35.072500000000026,35.73499999999999,35.248333333333356,34.74312499999998,32.813617021276585
2792,2019-03-05,35.0,36.01,36.01,34.6,35.3,60690.9,215579000.0,35.26,35.61,34.235499999999995,33.75,31.96,59.78,0.97,0.98,-0.01,通宇通讯,计算机、通信和其他电子设备制造业,主板,35.277500000000025,35.86374999999999,35.42333333333335,34.932499999999976,32.98872340425531
2792,2019-03-06,36.0,35.41,36.0,34.97,36.01,64723.4,228836000.0,35.3,35.73,34.49499999999999,33.81,32.1,56.29,0.92,0.97,-0.05,通宇通讯,计算机、通信和其他电子设备制造业,主板,35.43000000000002,35.72999999999999,35.47250000000002,35.089374999999976,33.127234042553184
2792,2019-03-07,35.45,34.6,35.49,34.2,35.41,65777.0,227996000.0,35.26,35.69,34.686499999999995,33.89,32.21,51.89,0.8,0.93,-0.13,通宇通讯,计算机、通信和其他电子设备制造业,主板,35.33000000000002,35.32374999999999,35.512500000000024,35.14874999999998,33.24531914893616
2792,2019-03-08,33.98,34.0,34.98,33.15,34.6,57997.3,199071000.0,35.06,35.44,34.79549999999999,33.93,32.3,48.84,0.65,0.88,-0.23,通宇通讯,计算机、通信和其他电子设备制造业,主板,35.005000000000024,35.03874999999999,35.49166666666669,35.18749999999998,33.33063829787233
2792,2019-03-11,34.0,35.32,35.49,34.0,34.0,52296.2,181610000.0,35.07,35.19,34.912499999999994,33.98,32.45,55.09,0.64,0.83,-0.19,通宇通讯,计算机、通信和其他电子设备制造业,主板,34.832500000000024,35.05499999999999,35.52000000000002,35.275624999999984,33.39893617021276
2792,2019-03-12,35.43,35.11,35.94,34.76,35.32,63100.2,222435000.0,34.89,35.07,35.022999999999996,34.03,32.57,53.96,0.6,0.78,-0.18,通宇通讯,计算机、通信和其他电子设备制造业,主板,34.75750000000003,35.09374999999999,35.405833333333355,35.29374999999998,33.487234042553176
2792,2019-03-13,35.23,33.69,35.25,33.53,35.11,47523.9,162814000.0,34.54,34.92,35.02499999999999,34.04,32.66,46.95,0.45,0.72,-0.27,通宇通讯,计算机、通信和其他电子设备制造业,主板,34.53000000000003,34.92999999999999,35.059166666666684,35.26687499999998,33.5455319148936
2792,2019-03-14,33.22,33.25,33.99,32.81,33.69,28711.0,95682000.0,34.27,34.77,35.018499999999996,34.04,32.73,45.0,0.3,0.63,-0.33,通宇通讯,计算机、通信和其他电子设备制造业,主板,34.34250000000003,34.67374999999999,34.80666666666668,35.20437499999998,33.601489361702114
2792,2019-03-15,33.69,33.35,33.77,32.92,33.25,26644.2,88960200.0,34.14,34.6,34.9905,34.06,32.8,45.56,0.17,0.54,-0.37,通宇通讯,计算机、通信和其他电子设备制造业,主板,33.85000000000003,34.341249999999995,34.65333333333335,35.10249999999998,33.62042553191488
2792,2019-03-18,33.52,34.33,34.38,33.14,33.35,33492.0,113768000.0,33.95,34.51,34.965999999999994,34.17,32.88,50.78,0.16,0.46,-0.3,通宇通讯,计算机、通信和其他电子设备制造业,主板,33.65500000000003,34.20625,34.614166666666684,34.96812499999998,33.699574468085096
2792,2019-03-19,34.03,33.9,34.46,33.77,34.33,26520.1,90308800.0,33.7,34.3,34.955,34.26,32.97,48.58,0.11,0.39,-0.28,通宇通讯,计算机、通信和其他电子设备制造业,主板,33.70750000000003,34.11874999999999,34.522500000000015,34.721249999999976,33.761063829787226
2792,2019-03-20,33.9,33.63,34.19,33.3,33.9,23479.8,79020800.0,33.69,34.12,34.92399999999999,34.37,33.05,47.19,0.05,0.32,-0.27,通宇通讯,计算机、通信和其他电子设备制造业,主板,33.80250000000003,34.07249999999999,34.38333333333335,34.55562499999998,33.78531914893616
2792,2019-03-21,33.63,34.12,34.64,33.61,33.63,38916.1,133484000.0,33.87,34.07,34.88099999999999,34.48,33.15,49.98,0.03,0.27,-0.24,通宇通讯,计算机、通信和其他电子设备制造业,主板,33.99500000000003,33.92249999999999,34.22583333333335,34.48874999999998,33.82553191489361
2792,2019-03-22,33.89,34.21,34.43,33.66,34.12,29520.8,100411000.0,34.04,34.09,34.7675,34.56,33.26,50.5,0.04,0.22,-0.18,通宇通讯,计算机、通信和其他电子设备制造业,主板,33.96500000000003,33.80999999999999,34.12583333333334,34.45187499999999,33.86617021276595
2792,2019-03-25,33.9,32.46,33.9,32.1,34.21,54149.3,178388000.0,33.66,33.8,34.498,34.54,33.32,41.52,-0.11,0.15,-0.26,通宇通讯,计算机、通信和其他电子设备制造业,主板,33.60500000000003,33.656249999999986,33.947500000000005,34.29312499999999,33.83787234042553
2792,2019-03-26,32.45,30.84,33.29,30.75,32.46,48057.1,151459000.0,33.05,33.38,34.226,34.47,33.35,35.26,-0.34,0.06,-0.4,通宇通讯,计算机、通信和其他电子设备制造业,主板,32.907500000000034,33.35499999999998,33.68416666666667,34.014374999999994,33.78744680851063
2792,2019-03-27,31.0,30.69,31.14,29.93,30.84,35504.1,108040000.0,32.46,33.08,34.001,34.38,33.36,34.74,-0.54,-0.06,-0.48,通宇通讯,计算机、通信和其他电子设备制造业,主板,32.05000000000003,33.02249999999998,33.29833333333334,33.681875,33.72021276595744
2792,2019-03-28,30.77,32.18,32.76,30.66,30.69,51686.3,165390000.0,32.08,32.97,33.87,34.34,33.36,43.66,-0.57,-0.16,-0.41,通宇通讯,计算机、通信和其他电子设备制造业,主板,31.542500000000032,32.75374999999998,33.05416666666667,33.48,33.69106382978723
2792,2019-03-29,32.0,32.34,32.68,31.67,32.18,39025.2,125528000.0,31.7,32.87,33.737,34.28,33.38,44.54,-0.57,-0.25,-0.32,通宇通讯,计算机、通信和其他电子设备制造业,主板,31.51250000000003,32.55874999999999,32.94166666666667,33.33875,33.66808510638297
2792,2019-04-01,31.94,32.82,32.95,31.68,32.34,60564.1,196279000.0,31.77,32.72,33.61300000000001,34.22,33.41,47.19,-0.52,-0.3,-0.22,通宇通讯,计算机、通信和其他电子设备制造业,主板,32.00750000000003,32.45749999999999,32.905833333333334,33.265,33.67787234042552
2792,2019-04-02,32.89,32.28,32.89,32.16,32.82,43030.4,139564000.0,32.06,32.56,33.426500000000004,34.16,33.44,44.6,-0.53,-0.35,-0.18,通宇通讯,计算机、通信和其他电子设备制造业,主板,32.40500000000003,32.22749999999999,32.81666666666666,33.074999999999996,33.669574468085095
2792,2019-04-03,32.0,31.93,32.15,31.2,32.28,31836.8,100986000.0,32.31,32.39,33.252500000000005,34.08,33.43,42.96,-0.55,-0.39,-0.16,通宇通讯,计算机、通信和其他电子设备制造业,主板,32.34250000000003,31.942499999999992,32.61666666666667,32.87624999999999,33.62553191489361
2792,2019-04-04,31.99,31.93,32.23,31.68,31.93,27909.7,89176600.0,32.26,32.17,33.119,33.98,33.45,42.96,-0.57,-0.42,-0.15,通宇通讯,计算机、通信和其他电子设备制造业,主板,32.24000000000003,31.876249999999988,32.4525,32.766249999999985,33.59574468085106
2792,2019-04-08,32.0,31.28,32.39,30.84,31.93,29248.3,92359400.0,32.05,31.88,32.983,33.8,33.46,39.8,-0.62,-0.46,-0.16,通宇通讯,计算机、通信和其他电子设备制造业,主板,31.855000000000032,31.931249999999988,32.25666666666667,32.64312499999998,33.55063829787233
2792,2019-04-09,31.33,32.93,33.35,31.13,31.28,67092.6,219200000.0,32.07,31.92,32.863499999999995,33.64,33.47,49.88,-0.52,-0.47,-0.05,通宇通讯,计算机、通信和其他电子设备制造业,主板,32.017500000000034,32.211249999999986,32.157500000000006,32.61687499999998,33.53914893617021
2792,2019-04-10,33.09,32.9,33.3,32.42,32.93,39007.1,128052000.0,32.19,32.13,32.75299999999999,33.53,33.48,49.71,-0.45,-0.47,0.02,通宇通讯,计算机、通信和其他电子设备制造业,主板,32.26000000000003,32.30124999999998,32.04833333333334,32.527499999999975,33.542553191489354
2792,2019-04-11,32.9,31.85,32.9,31.83,32.9,27614.3,89036800.0,32.18,32.24,32.66099999999999,33.42,33.47,44.26,-0.46,-0.47,0.01,通宇通讯,计算机、通信和其他电子设备制造业,主板,32.24000000000003,32.23999999999998,31.997500000000006,32.39937499999998,33.56361702127659
2792,2019-04-12,31.8,31.57,32.27,31.28,31.85,19125.0,60499000.0,32.11,32.18,32.57699999999999,33.31,33.43,42.91,-0.5,-0.47,-0.03,通宇通讯,计算机、通信和其他电子设备制造业,主板,32.31250000000003,32.08374999999998,32.058333333333344,32.27062499999998,33.566595744680846
2792,2019-04-15,32.0,32.59,33.9,32.0,31.57,53299.8,176233000.0,32.37,32.21,32.538999999999994,33.23,33.42,49.02,-0.43,-0.47,0.04,通宇通讯,计算机、通信和其他电子设备制造业,主板,32.22750000000003,32.12249999999999,32.216666666666676,32.17499999999998,33.617021276595736
2792,2019-04-16,33.0,35.85,35.85,32.7,32.59,115233.0,400229000.0,32.95,32.51,32.614999999999995,33.25,33.46,62.73,-0.11,-0.39,0.28,通宇通讯,计算机、通信和其他电子设备制造业,主板,32.965000000000025,32.61249999999999,32.52250000000001,32.27749999999998,33.725106382978716
2792,2019-04-17,36.99,35.25,37.28,35.07,35.85,131883.0,478286000.0,33.42,32.81,32.68249999999999,33.22,33.48,59.56,0.08,-0.3,0.38,通宇通讯,计算机、通信和其他电子设备制造业,主板,33.815000000000026,33.02749999999999,32.76500000000001,32.45187499999998,33.79808510638297
2792,2019-04-18,34.86,35.04,36.07,34.2,35.25,78163.0,273737000.0,34.06,33.12,32.75299999999999,33.21,33.51,58.44,0.22,-0.2,0.42,通宇通讯,计算机、通信和其他电子设备制造业,主板,34.682500000000026,33.49749999999999,32.95000000000001,32.714374999999976,33.84191489361701
2792,2019-04-19,34.7,35.27,35.78,34.1,35.04,58835.9,205384000.0,34.8,33.45,32.81049999999999,33.23,33.56,59.34,0.35,-0.09,0.44,通宇通讯,计算机、通信和其他电子设备制造业,主板,35.35250000000003,33.789999999999985,33.19916666666668,33.00062499999997,33.8923404255319
2792,2019-04-22,35.26,34.72,36.54,34.63,35.27,61464.1,218312000.0,35.23,33.8,32.83599999999999,33.25,33.59,56.21,0.39,0.01,0.38,通宇通讯,计算机、通信和其他电子设备制造业,主板,35.07000000000003,34.017499999999984,33.43166666666668,33.159374999999976,33.915106382978706
2792,2019-04-23,34.72,33.81,34.72,33.58,34.72,41622.7,142297000.0,34.82,33.89,32.90349999999999,33.2,33.59,51.39,0.35,0.08,0.27,通宇通讯,计算机、通信和其他电子设备制造业,主板,34.71000000000003,34.26249999999998,33.588333333333345,33.25124999999998,33.92425531914892
2792,2019-04-24,33.87,34.07,34.67,33.65,33.81,35878.2,122495000.0,34.58,34.0,33.06499999999998,33.17,33.6,52.64,0.34,0.13,0.21,通宇通讯,计算机、通信和其他电子设备制造业,主板,34.46750000000003,34.57499999999998,33.82083333333335,33.32937499999998,33.927659574468066
2792,2019-04-25,33.55,33.7,34.97,33.21,34.07,56658.6,193911000.0,34.31,34.19,33.215499999999984,33.17,33.61,50.64,0.3,0.16,0.14,通宇通讯,计算机、通信和其他电子设备制造业,主板,34.075000000000024,34.713749999999976,33.88500000000001,33.41812499999998,33.903829787234024
2792,2019-04-26,33.5,32.95,33.6,32.0,33.7,40225.7,133076000.0,33.85,34.33,33.25399999999999,33.16,33.6,46.77,0.2,0.17,0.03,通宇通讯,计算机、通信和其他电子设备制造业,主板,33.63250000000003,34.35124999999997,33.889166666666675,33.48187499999999,33.878936170212754
2792,2019-04-29,33.5,31.99,33.66,31.71,32.95,36102.8,117411000.0,33.3,34.26,33.23649999999999,33.11,33.59,42.3,0.05,0.15,-0.1,通宇通讯,计算机、通信和其他电子设备制造业,主板,33.17750000000003,33.94374999999997,33.900833333333345,33.48562499999999,33.83085106382977
2792,2019-04-30,32.0,31.11,32.58,30.7,31.99,30807.8,97581000.0,32.76,33.79,33.15099999999999,33.01,33.59,38.66,-0.15,0.09,-0.24,通宇通讯,计算机、通信和其他电子设备制造业,主板,32.43750000000003,33.45249999999997,33.86250000000001,33.474999999999994,33.74851063829785
2792,2019-05-06,29.9,28.0,29.9,28.0,31.11,40156.8,115343000.0,31.55,33.07,32.93699999999999,32.81,33.53,29.12,-0.54,-0.04,-0.5,通宇通讯,计算机、通信和其他电子设备制造业,主板,31.012500000000028,32.543749999999974,33.48000000000001,33.166875,33.56808510638296
2792,2019-05-07,28.0,28.13,28.6,27.21,28.0,22715.9,63680300.0,30.44,32.38,32.74699999999999,32.63,33.5,29.9,-0.84,-0.2,-0.64,通宇通讯,计算机、通信和其他电子设备制造业,主板,29.80750000000003,31.719999999999974,32.83666666666667,32.86875,33.36127659574467
2792,2019-05-08,27.55,28.17,28.88,27.43,28.13,23157.6,65846100.0,29.48,31.67,32.55899999999999,32.43,33.45,30.16,-1.06,-0.37,-0.69,通宇通讯,计算机、通信和其他电子设备制造业,主板,28.85250000000003,31.014999999999972,32.24666666666668,32.638749999999995,33.188723404255306
2792,2019-05-09,28.11,28.42,28.8,27.6,28.17,21758.4,61857900.0,28.77,31.04,32.41599999999999,32.24,33.4,31.82,-1.2,-0.54,-0.66,通宇通讯,计算机、通信和其他电子设备制造业,主板,28.18000000000003,30.308749999999975,31.695000000000007,32.44187499999999,33.044680851063816
2792,2019-05-10,28.67,29.6,29.75,28.0,28.42,37315.1,109104000.0,28.46,30.61,32.2495,32.14,33.34,39.19,-1.2,-0.67,-0.53,通宇通讯,计算机、通信和其他电子设备制造业,主板,28.580000000000034,29.79624999999998,31.22250000000001,32.25499999999999,32.934042553191475
2792,2019-05-13,29.23,29.73,30.11,29.1,29.6,21989.9,65189500.0,28.81,30.18,32.090999999999994,32.1,33.29,39.96,-1.18,-0.77,-0.41,通宇通讯,计算机、通信和其他电子设备制造业,主板,28.980000000000032,29.393749999999983,30.806666666666683,31.872499999999988,32.821914893617006
2792,2019-05-14,29.35,29.89,30.5,29.2,29.73,22556.4,67443300.0,29.16,29.8,31.992999999999995,32.08,33.23,40.95,-1.13,-0.84,-0.29,通宇通讯,计算机、通信和其他电子设备制造业,主板,29.41000000000003,29.13124999999998,30.480000000000015,31.537499999999987,32.70680851063829
2792,2019-05-15,30.3,30.08,30.52,29.88,29.89,22843.8,68921700.0,29.54,29.51,31.918499999999995,32.01,33.17,42.17,-1.07,-0.89,-0.18,通宇通讯,计算机、通信和其他电子设备制造业,主板,29.825000000000028,29.002499999999976,30.14750000000001,31.22749999999999,32.58063829787233
2792,2019-05-16,30.08,29.83,30.2,29.41,30.08,19964.0,59375300.0,29.83,29.3,31.780499999999996,31.92,33.1,40.97,-1.02,-0.91,-0.11,通宇通讯,计算机、通信和其他电子设备制造业,主板,29.88250000000003,29.231249999999974,29.825000000000014,30.88749999999999,32.461914893617006
2792,2019-05-17,30.0,28.89,30.69,28.6,29.83,28134.0,83802000.0,29.68,29.07,31.432499999999994,31.79,33.0,36.74,-1.06,-0.94,-0.12,通宇通讯,计算机、通信和其他电子设备制造业,主板,29.67250000000003,29.326249999999973,29.48666666666668,30.523124999999986,32.34042553191488
2792,2019-05-20,28.88,28.6,29.16,27.5,28.89,36455.2,103029000.0,29.46,29.13,31.099999999999994,31.67,32.91,35.52,-1.09,-0.97,-0.12,通宇通讯,计算机、通信和其他电子设备制造业,主板,29.350000000000033,29.379999999999974,29.20416666666668,30.197499999999987,32.22553191489361
2792,2019-05-21,28.39,29.11,29.68,28.01,28.6,29583.7,85919400.0,29.3,29.23,30.803499999999996,31.58,32.83,39.33,-1.06,-0.99,-0.07,通宇通讯,计算机、通信和其他电子设备制造业,主板,29.107500000000034,29.466249999999974,29.037500000000012,29.887499999999985,32.093404255319136
2792,2019-05-22,29.07,29.53,30.24,28.98,29.11,34153.2,101403000.0,29.19,29.37,30.516499999999997,31.5,32.74,42.35,-1.0,-0.99,-0.01,通宇通讯,计算机、通信和其他电子设备制造业,主板,29.032500000000038,29.45749999999997,29.16500000000001,29.626874999999988,31.97468085106382
2792,2019-05-23,29.3,27.95,29.3,27.7,29.53,35217.2,99861800.0,28.82,29.32,30.177999999999997,31.38,32.59,35.24,-1.06,-1.01,-0.05,通宇通讯,计算机、通信和其他电子设备制造业,主板,28.79750000000004,29.234999999999975,29.15000000000001,29.314374999999988,31.85255319148935
2792,2019-05-24,27.91,27.38,28.28,27.11,27.95,24428.0,67540200.0,28.51,29.1,29.856499999999993,31.2,32.42,33.08,-1.15,-1.03,-0.12,通宇通讯,计算机、通信和其他电子设备制造业,主板,28.492500000000042,28.92124999999998,29.084166666666675,29.026249999999987,31.727659574468078
2792,2019-05-27,27.37,28.6,28.8,27.37,27.38,25969.3,73171400.0,28.51,28.99,29.58299999999999,31.06,32.29,41.36,-1.1,-1.05,-0.05,通宇通讯,计算机、通信和其他电子设备制造业,主板,28.36500000000004,28.736249999999984,29.099166666666676,28.869374999999987,31.62659574468084
2792,2019-05-28,28.65,28.5,29.0,28.4,28.6,25160.2,72428300.0,28.39,28.85,29.32299999999999,30.94,32.18,40.91,-1.06,-1.05,-0.01,通宇通讯,计算机、通信和其他电子设备制造业,主板,28.107500000000037,28.569999999999986,29.007500000000007,28.900624999999987,31.502553191489355
2792,2019-05-29,28.9,29.43,29.54,28.67,28.5,30375.7,88685700.0,28.37,28.78,29.146999999999984,30.87,32.09,46.68,-0.95,-1.03,0.08,通宇通讯,计算机、通信和其他电子设备制造业,主板,28.47750000000004,28.63749999999999,28.982500000000005,28.981874999999988,31.40744680851063
2792,2019-05-30,29.3,28.9,29.3,28.37,29.43,26234.5,75517900.0,28.56,28.69,28.992499999999986,30.75,31.99,44.04,-0.88,-1.0,0.12,通宇通讯,计算机、通信和其他电子设备制造业,主板,28.857500000000037,28.674999999999986,28.900000000000006,29.027499999999986,31.30680851063829
2792,2019-05-31,28.9,28.7,29.38,28.65,28.9,22459.7,64993000.0,28.83,28.67,28.871999999999986,30.51,31.88,43.05,-0.84,-0.97,0.13,通宇通讯,计算机、通信和其他电子设备制造业,主板,28.882500000000036,28.623749999999987,28.785000000000007,29.044999999999984,31.19148936170212
2792,2019-06-03,28.76,30.09,31.1,28.22,28.7,57320.9,170641000.0,29.12,28.82,28.976499999999987,30.34,31.78,51.25,-0.68,-0.91,0.23,通宇通讯,计算机、通信和其他电子设备制造业,主板,29.280000000000037,28.693749999999984,28.806666666666672,29.07562499999998,31.103829787234034
2792,2019-06-04,30.88,31.39,31.67,30.4,30.09,72203.1,224643000.0,29.7,29.05,29.139499999999988,30.22,31.71,57.42,-0.46,-0.82,0.36,通宇通讯,计算机、通信和其他电子设备制造业,主板,29.77000000000004,29.123749999999987,29.015000000000004,29.17937499999998,31.08106382978723
2792,2019-06-05,31.88,31.43,32.26,30.68,31.39,70464.6,222082000.0,30.1,29.24,29.302499999999988,30.09,31.66,57.6,-0.26,-0.71,0.45,通宇通讯,计算机、通信和其他电子设备制造业,主板,30.40250000000004,29.62999999999999,29.250833333333336,29.27562499999998,31.093617021276593
2792,2019-06-06,31.79,30.5,31.81,29.73,31.43,45735.0,139768000.0,30.42,29.49,29.406499999999987,29.95,31.6,52.14,-0.19,-0.6,0.41,通宇通讯,计算机、通信和其他电子设备制造业,主板,30.85250000000004,29.86749999999999,29.36666666666667,29.30187499999998,31.089574468085104
2792,2019-06-10,30.58,31.6,32.26,30.51,30.5,57197.9,181179000.0,31.0,29.91,29.50649999999999,29.88,31.54,57.29,-0.04,-0.49,0.45,通宇通讯,计算机、通信和其他电子设备制造业,主板,31.23000000000004,30.25499999999999,29.53916666666667,29.412499999999984,31.077234042553183
2792,2019-06-11,31.77,32.66,32.69,31.06,31.6,65269.1,208622000.0,31.52,30.32,29.652999999999984,29.83,31.5,61.59,0.17,-0.36,0.53,通宇通讯,计算机、通信和其他电子设备制造业,主板,31.54750000000004,30.65874999999999,29.93166666666667,29.648124999999986,31.084042553191484
2792,2019-06-12,32.4,32.6,33.27,32.12,32.66,54558.4,178414000.0,31.76,30.73,29.78849999999999,29.79,31.48,61.21,0.31,-0.23,0.54,通宇通讯,计算机、通信和其他电子设备制造业,主板,31.84000000000004,31.121249999999993,30.36666666666667,29.898124999999986,31.079361702127656
2792,2019-06-13,32.1,32.22,32.99,31.85,32.6,37115.9,119841000.0,31.92,31.01,29.895499999999988,29.77,31.46,58.77,0.4,-0.1,0.5,通宇通讯,计算机、通信和其他电子设备制造业,主板,32.27000000000004,31.561249999999994,30.668333333333333,30.092499999999987,31.078085106382975
2792,2019-06-14,32.25,31.37,32.48,31.08,32.22,35697.9,112651000.0,32.09,31.26,29.972499999999986,29.75,31.43,53.62,0.4,0.0,0.4,通宇通讯,计算机、通信和其他电子设备制造业,主板,32.21250000000004,31.721249999999994,30.9075,30.20749999999999,31.06617021276595
2792,2019-06-17,31.3,31.21,31.68,30.78,31.37,23022.7,71872800.0,32.01,31.51,30.08849999999999,29.75,31.38,52.69,0.38,0.08,0.3,通宇通讯,计算机、通信和其他电子设备制造业,主板,31.850000000000044,31.698749999999997,31.05583333333333,30.411249999999992,31.05085106382978
2792,2019-06-18,20.78,20.69,21.14,20.42,31.21,29597.6,61512000.0,29.62,30.57,29.69299999999999,29.51,31.16,23.57,-0.49,-0.04,-0.45,通宇通讯,计算机、通信和其他电子设备制造业,主板,28.872500000000045,30.356249999999996,30.371666666666666,29.993124999999992,30.82553191489361
2792,2019-06-19,21.6,21.14,21.63,21.0,20.69,57342.4,122521000.0,27.33,29.54,29.29449999999999,29.27,30.95,25.46,-1.12,-0.25,-0.87,通宇通讯,计算机、通信和其他电子设备制造业,主板,26.102500000000042,29.186249999999994,29.741666666666664,29.52687499999999,30.574680851063825
2792,2019-06-20,20.87,21.5,21.65,20.33,21.14,61328.3,129314000.0,25.18,28.55,28.89299999999999,29.05,30.74,27.03,-1.57,-0.52,-1.05,通宇通讯,计算机、通信和其他电子设备制造业,主板,23.63500000000004,27.923749999999995,29.025833333333335,29.08937499999999,30.33212765957446
2792,2019-06-21,21.55,21.54,22.0,21.36,21.5,65266.4,140940000.0,23.22,27.65,28.572499999999984,28.82,30.53,27.21,-1.9,-0.79,-1.11,通宇通讯,计算机、通信和其他电子设备制造业,主板,21.217500000000037,26.533749999999994,28.205000000000002,28.59624999999999,30.112765957446804
2792,2019-06-24,21.5,21.11,21.5,20.85,21.54,39371.8,83145400.0,21.2,26.6,28.258999999999986,28.54,30.34,26.44,-2.18,-1.07,-1.11,通宇通讯,计算机、通信和其他电子设备制造业,主板,21.322500000000037,25.097499999999993,27.345000000000002,28.109374999999993,29.89021276595744
2792,2019-06-25,21.25,22.11,22.82,21.12,21.11,110310.0,243086000.0,21.48,25.55,27.934499999999986,28.29,30.19,31.28,-2.29,-1.31,-0.98,通宇通讯,计算机、通信和其他电子设备制造业,主板,21.565000000000037,23.83374999999999,26.64583333333334,27.697499999999994,29.667234042553183
2792,2019-06-26,21.9,23.38,24.25,21.79,22.11,138425.0,322594000.0,21.93,24.63,27.678499999999985,28.07,30.07,36.96,-2.25,-1.5,-0.75,通宇通讯,计算机、通信和其他电子设备制造业,主板,22.035000000000036,22.83499999999999,25.960833333333337,27.278124999999996,29.40191489361702
2792,2019-06-27,23.01,23.46,23.85,23.01,23.38,124415.0,290978000.0,22.32,23.75,27.37999999999999,27.85,29.93,37.31,-2.19,-1.64,-0.55,通宇通讯,计算机、通信和其他电子设备制造业,主板,22.515000000000036,21.86624999999999,25.19416666666667,26.782499999999995,29.151063829787233
2792,2019-06-28,23.27,22.97,23.45,22.73,23.46,70000.5,160752000.0,22.61,22.91,27.083499999999994,27.62,29.77,35.99,-2.15,-1.74,-0.41,通宇通讯,计算机、通信和其他电子设备制造业,主板,22.980000000000036,22.15124999999999,24.39166666666667,26.253749999999993,28.894255319148936
2792,2019-07-01,23.97,23.57,24.18,23.4,22.97,99769.1,236580000.0,23.1,22.15,26.82699999999999,27.44,29.62,38.84,-2.05,-1.8,-0.25,通宇通讯,计算机、通信和其他电子设备制造业,主板,23.345000000000038,22.45499999999999,23.670833333333338,25.820624999999993,28.645319148936167
2792,2019-07-02,23.43,22.88,23.45,22.84,23.57,63669.2,146528000.0,23.25,22.37,26.46649999999999,27.25,29.46,36.81,-2.01,-1.84,-0.17,通宇通讯,计算机、通信和其他电子设备制造业,主板,23.220000000000038,22.62749999999999,22.96333333333334,25.27562499999999,28.393404255319147
2792,2019-07-03,22.87,23.03,23.6,22.61,22.88,51270.5,118667000.0,23.18,22.56,26.04849999999999,27.05,29.31,37.57,-1.94,-1.86,-0.08,通宇通讯,计算机、通信和其他电子设备制造业,主板,23.11250000000004,22.81374999999999,22.28166666666667,24.67374999999999,28.16404255319149
2792,2019-07-04,23.02,22.4,23.11,22.26,23.03,47729.2,107656000.0,22.97,22.64,25.596999999999987,26.81,29.15,35.62,-1.91,-1.87,-0.04,通宇通讯,计算机、通信和其他电子设备制造业,主板,22.97000000000004,22.974999999999994,22.424166666666668,24.03624999999999,27.915744680851066
2792,2019-07-05,22.9,23.07,23.33,22.73,22.4,61547.0,142051000.0,22.99,22.8,25.22549999999999,26.65,29.02,39.24,-1.8,-1.86,0.06,通宇通讯,计算机、通信和其他电子设备制造业,主板,22.84500000000004,23.09499999999999,22.585000000000004,23.46437499999999,27.68957446808511
2792,2019-07-08,23.0,22.23,23.0,21.9,23.07,53780.8,120241000.0,22.72,22.91,24.756999999999987,26.48,28.84,36.47,-1.77,-1.84,0.07,通宇通讯,计算机、通信和其他电子设备制造业,主板,22.682500000000044,22.95124999999999,22.64583333333334,22.89312499999999,27.461489361702128
2792,2019-07-09,22.06,22.48,22.65,22.06,22.23,36534.3,81792700.0,22.64,22.95,24.24799999999999,26.27,28.66,37.88,-1.72,-1.82,0.1,通宇通讯,计算机、通信和其他电子设备制造业,主板,22.545000000000044,22.82874999999999,22.724166666666672,22.347499999999993,27.259148936170213
2792,2019-07-10,22.61,22.23,22.72,21.88,22.48,34521.9,76688300.0,22.48,22.83,23.72949999999999,26.06,28.5,37.0,-1.67,-1.79,0.12,通宇通讯,计算机、通信和其他电子设备制造业,主板,22.502500000000047,22.736249999999988,22.817500000000006,22.443749999999994,27.07021276595745
2792,2019-07-11,22.8,22.41,23.15,22.18,22.23,43911.3,99225200.0,22.48,22.73,23.238999999999994,25.83,28.35,38.11,-1.59,-1.75,0.16,通宇通讯,计算机、通信和其他电子设备制造业,主板,22.33750000000005,22.591249999999988,22.842500000000005,22.523124999999997,26.951276595744687
2792,2019-07-12,22.35,22.5,22.65,22.05,22.41,32606.7,73218100.0,22.37,22.68,22.795499999999993,25.62,28.18,38.69,-1.51,-1.7,0.19,通宇通讯,计算机、通信和其他电子设备制造业,主板,22.405000000000047,22.54374999999999,22.769166666666674,22.585624999999997,26.831489361702133
2792,2019-07-15,22.48,23.41,23.76,22.07,22.5,83275.6,193374000.0,22.61,22.66,22.405499999999996,25.44,27.98,44.41,-1.35,-1.63,0.28,通宇通讯,计算机、通信和其他电子设备制造业,主板,22.637500000000045,22.591249999999988,22.76500000000001,22.702499999999997,26.73021276595745
2792,2019-07-16,23.45,23.49,23.96,23.35,23.41,67599.9,159826000.0,22.81,22.72,22.545499999999997,25.22,27.78,44.9,-1.21,-1.55,0.34,通宇通讯,计算机、通信和其他电子设备制造业,主板,22.952500000000043,22.72749999999999,22.808333333333348,22.851249999999997,26.62531914893617
2792,2019-07-17,23.66,23.5,24.14,23.47,23.49,60226.8,143059000.0,23.06,22.77,22.663499999999996,24.96,27.59,44.96,-1.09,-1.45,0.36,通宇通讯,计算机、通信和其他电子设备制造业,主板,23.225000000000044,22.78124999999999,22.802500000000013,22.938124999999996,26.495531914893622
2792,2019-07-18,23.2,23.81,24.28,23.1,23.5,92292.3,219941000.0,23.34,22.91,22.778999999999996,24.7,27.4,47.04,-0.96,-1.36,0.4,通宇通讯,计算机、通信和其他电子设备制造业,主板,23.552500000000045,22.97874999999999,22.880000000000013,22.964999999999996,26.36957446808511
2792,2019-07-19,23.8,23.22,24.02,23.2,23.81,69171.9,163009000.0,23.49,22.93,22.862999999999996,24.46,27.2,43.66,-0.89,-1.26,0.37,通宇通讯,计算机、通信和其他电子设备制造业,主板,23.505000000000045,23.071249999999992,22.895833333333353,22.95,26.227659574468085
2792,2019-07-22,23.3,22.64,23.39,22.4,23.22,49142.8,112288000.0,23.33,22.97,22.939499999999995,24.16,27.02,40.57,-0.87,-1.18,0.31,通宇通讯,计算机、通信和其他电子设备制造业,主板,23.292500000000047,23.12249999999999,22.915833333333353,22.929375,26.069361702127665
2792,2019-07-23,22.82,23.12,23.18,22.7,22.64,46150.7,105772000.0,23.26,23.03,22.989999999999995,23.84,26.84,44.1,-0.8,-1.11,0.31,通宇通讯,计算机、通信和其他电子设备制造业,主板,23.197500000000048,23.211249999999993,22.92000000000002,22.90125,25.926595744680856
2792,2019-07-24,23.13,24.18,24.18,22.95,23.12,105960.0,252120000.0,23.39,23.23,23.029999999999994,23.56,26.68,51.0,-0.66,-1.02,0.36,通宇通讯,计算机、通信和其他电子设备制造业,主板,23.29000000000005,23.421249999999993,23.08250000000002,22.9825,25.82638297872341
2792,2019-07-25,24.01,24.35,24.6,23.9,24.18,95562.8,232343000.0,23.5,23.42,23.074499999999997,23.3,26.53,52.03,-0.52,-0.92,0.4,通宇通讯,计算机、通信和其他电子设备制造业,主板,23.572500000000048,23.538749999999993,23.238333333333355,23.065000000000005,25.735957446808513
2792,2019-07-26,24.3,24.68,25.2,24.23,24.35,95457.6,236761000.0,23.79,23.64,23.159999999999997,23.08,26.41,54.04,-0.39,-0.81,0.42,通宇通讯,计算机、通信和其他电子设备制造业,主板,24.08250000000005,23.687499999999993,23.44250000000002,23.207500000000007,25.64170212765958
2792,2019-07-29,24.61,25.33,25.47,24.56,24.68,99144.5,249154000.0,24.33,23.83,23.247999999999998,22.88,26.32,57.78,-0.23,-0.7,0.47,通宇通讯,计算机、通信和其他电子设备制造业,主板,24.635000000000048,23.91624999999999,23.68583333333335,23.348750000000006,25.55234042553192
2792,2019-07-30,25.16,24.95,25.76,24.86,25.33,94877.0,239353000.0,24.7,23.98,23.351499999999994,23.02,26.26,54.96,-0.13,-0.58,0.45,通宇通讯,计算机、通信和其他电子设备制造业,主板,24.82750000000005,24.05874999999999,23.890000000000015,23.518750000000004,25.48851063829788
2792,2019-07-31,25.08,24.95,25.57,24.82,24.95,71610.1,180574000.0,24.85,24.12,23.447499999999998,23.15,26.21,54.96,-0.05,-0.48,0.43,通宇通讯,计算机、通信和其他电子设备制造业,主板,24.97750000000005,24.274999999999988,24.018333333333345,23.673125000000002,25.4368085106383
2792,2019-08-01,24.82,25.33,25.45,24.76,24.95,74069.8,186033000.0,25.05,24.28,23.593999999999998,23.28,26.16,57.38,0.04,-0.37,0.41,通宇通讯,计算机、通信和其他电子设备制造业,主板,25.14000000000005,24.61124999999999,24.171666666666678,23.866875,25.367234042553196
2792,2019-08-02,24.32,24.84,25.19,24.12,25.33,70729.6,175117000.0,25.08,24.44,23.682499999999997,23.39,26.1,53.4,0.09,-0.28,0.37,通宇通讯,计算机、通信和其他电子设备制造业,主板,25.01750000000005,24.82624999999999,24.283333333333342,24.018749999999997,25.289361702127664
2792,2019-08-05,24.86,24.55,25.48,24.45,24.84,69525.9,173507000.0,24.92,24.63,23.798499999999997,23.5,26.02,51.14,0.08,-0.21,0.29,通宇通讯,计算机、通信和其他电子设备制造业,主板,24.91750000000005,24.87249999999999,24.34500000000001,24.146874999999998,25.185531914893616
2792,2019-08-06,23.98,24.71,24.9,23.76,24.55,78496.8,190751000.0,24.88,24.79,23.909999999999993,23.59,25.94,52.34,0.1,-0.15,0.25,通宇通讯,计算机、通信和其他电子设备制造业,主板,24.857500000000048,24.917499999999993,24.469166666666677,24.228124999999995,25.096382978723405
2792,2019-08-07,25.0,24.05,25.08,24.0,24.71,69149.0,168540000.0,24.7,24.77,24.000999999999994,23.61,25.84,47.2,0.05,-0.11,0.16,通宇通讯,计算机、通信和其他电子设备制造业,主板,24.537500000000048,24.838749999999994,24.586666666666677,24.263124999999995,24.997446808510634
2792,2019-08-08,24.0,24.53,24.68,23.72,24.05,59627.6,144412000.0,24.54,24.79,24.106999999999992,23.65,25.75,50.97,0.06,-0.07,0.13,通宇通讯,计算机、通信和其他电子设备制造业,主板,24.460000000000047,24.738749999999996,24.70416666666668,24.327499999999993,24.87914893617021
2792,2019-08-09,24.7,23.5,24.96,23.07,24.53,78013.7,188768000.0,24.27,24.67,24.15699999999999,23.66,25.64,43.75,-0.02,-0.06,0.04,通宇通讯,计算机、通信和其他电子设备制造业,主板,24.197500000000048,24.557499999999997,24.64750000000001,24.308124999999993,24.71127659574468
2792,2019-08-12,23.8,25.2,25.28,23.5,23.5,97034.8,236767000.0,24.4,24.66,24.24649999999999,23.72,25.58,55.07,0.05,-0.04,0.09,通宇通讯,计算机、通信和其他电子设备制造业,主板,24.32000000000005,24.588749999999997,24.718333333333344,24.43187499999999,24.578723404255314
2792,2019-08-13,24.99,25.74,25.74,24.7,25.2,105429.0,266355000.0,24.6,24.74,24.358999999999988,23.81,25.53,57.96,0.15,0.0,0.15,通宇通讯,计算机、通信和其他电子设备制造业,主板,24.74250000000005,24.64,24.806666666666676,24.625624999999992,24.477446808510635
2792,2019-08-14,26.3,25.11,26.48,24.92,25.74,119157.0,305152000.0,24.82,24.76,24.43949999999999,23.88,25.47,53.62,0.18,0.03,0.15,通宇通讯,计算机、通信和其他电子设备制造业,主板,24.88750000000005,24.673750000000002,24.788333333333345,24.749999999999993,24.339361702127654
2792,2019-08-15,24.21,25.6,25.6,24.01,25.11,94356.2,233914000.0,25.03,24.78,24.52899999999999,23.99,25.4,56.36,0.24,0.08,0.16,通宇通讯,计算机、通信和其他电子设备制造业,主板,25.41250000000005,24.805,24.842500000000015,24.838749999999994,24.189148936170206
2792,2019-08-16,25.6,25.4,25.93,25.2,25.6,80336.4,205079000.0,25.41,24.84,24.637999999999987,24.07,25.36,54.93,0.26,0.11,0.15,通宇通讯,计算机、通信和其他电子设备制造业,主板,25.462500000000052,24.89125,24.880000000000013,24.90437499999999,24.035957446808506
2792,2019-08-19,25.77,26.43,26.56,25.42,25.4,111416.0,290670000.0,25.66,25.03,24.827499999999986,24.21,25.34,60.47,0.36,0.16,0.2,通宇通讯,计算机、通信和其他电子设备制造业,主板,25.63500000000005,25.18875,24.971666666666682,25.01374999999999,23.912765957446805
2792,2019-08-20,26.44,26.07,26.77,25.86,26.43,87670.7,229666000.0,25.72,25.16,24.974999999999987,24.33,25.3,57.8,0.41,0.21,0.2,通宇通讯,计算机、通信和其他电子设备制造业,主板,25.875000000000053,25.381249999999998,25.074166666666684,25.05999999999999,23.799999999999997
2792,2019-08-21,25.98,26.9,26.96,25.65,26.07,105516.0,278485000.0,26.08,25.45,25.110999999999986,24.48,25.27,61.97,0.51,0.27,0.24,通宇通讯,计算机、通信和其他电子设备制造业,主板,26.200000000000053,25.80625,25.270000000000014,25.18187499999999,23.708297872340424
2792,2019-08-22,27.12,27.88,28.49,26.75,26.9,135446.0,375264000.0,26.54,25.78,25.287499999999987,24.67,25.25,66.22,0.66,0.35,0.31,通宇通讯,计算机、通信和其他电子设备制造业,主板,26.82000000000005,26.14125,25.534166666666682,25.36499999999999,23.86127659574468
2792,2019-08-23,27.71,27.88,28.3,27.28,27.88,93097.1,258368000.0,27.03,26.22,25.447499999999987,24.85,25.23,66.22,0.76,0.43,0.33,通宇通讯,计算机、通信和其他电子设备制造业,主板,27.182500000000047,26.408749999999998,25.85333333333335,25.524374999999992,24.00468085106383
2792,2019-08-26,27.2,27.53,27.9,27.15,27.88,69761.2,192216000.0,27.25,26.45,25.55749999999999,24.98,25.21,63.29,0.81,0.51,0.3,通宇通讯,计算机、通信和其他电子设备制造业,主板,27.54750000000005,26.71125,26.103333333333353,25.692499999999992,24.132978723404257
2792,2019-08-27,27.7,27.17,28.2,27.02,27.53,96886.2,266654000.0,27.47,26.6,25.668499999999987,25.1,25.16,60.34,0.81,0.57,0.24,通宇通讯,计算机、通信和其他电子设备制造业,主板,27.615000000000045,26.907500000000002,26.40916666666669,25.856249999999992,24.25276595744681
2792,2019-08-28,26.78,26.92,27.34,26.71,27.17,67433.0,182111000.0,27.48,26.78,25.766999999999985,25.22,25.09,58.3,0.78,0.61,0.17,通宇通讯,计算机、通信和其他电子设备制造业,主板,27.375000000000043,27.0975,26.552500000000023,25.994374999999994,24.37638297872341
2792,2019-08-29,27.14,26.71,27.51,26.5,26.92,86085.5,232213000.0,27.24,26.89,25.835999999999984,25.32,25.01,56.57,0.74,0.64,0.1,通宇通讯,计算机、通信和其他电子设备制造业,主板,27.082500000000046,27.1325,26.633333333333354,26.160624999999992,24.474255319148945
2792,2019-08-30,26.09,25.04,26.36,24.89,26.71,172456.0,443838000.0,26.67,26.85,25.845999999999982,25.38,24.92,45.12,0.56,0.62,-0.06,通宇通讯,计算机、通信和其他电子设备制造业,主板,26.460000000000043,27.00375,26.627500000000023,26.192499999999995,24.509574468085113
2792,2019-09-02,25.2,25.39,25.69,24.84,25.04,90307.0,228383000.0,26.25,26.75,25.887999999999984,25.47,24.81,47.52,0.44,0.58,-0.14,通宇通讯,计算机、通信和其他电子设备制造业,主板,26.015000000000047,26.815,26.610000000000017,26.310624999999995,24.550638297872347
2792,2019-09-03,25.39,26.02,26.48,25.38,25.39,102558.0,266572000.0,26.02,26.74,25.95349999999998,25.56,24.7,51.62,0.39,0.55,-0.16,通宇通讯,计算机、通信和其他电子设备制造业,主板,25.790000000000045,26.582500000000003,26.661666666666687,26.361874999999994,24.615531914893623
2792,2019-09-04,26.2,26.66,26.98,26.17,26.02,100419.0,267013000.0,25.96,26.72,26.083999999999982,25.65,24.6,55.42,0.4,0.52,-0.12,通宇通讯,计算机、通信和其他电子设备制造业,主板,25.777500000000046,26.430000000000003,26.680833333333354,26.419374999999995,24.68127659574469
2792,2019-09-05,26.63,27.21,28.08,26.53,26.66,134062.0,365199000.0,26.06,26.65,26.217999999999982,25.74,24.52,58.45,0.45,0.5,-0.05,通宇通讯,计算机、通信和其他电子设备制造业,主板,26.32000000000005,26.390000000000004,26.775833333333352,26.550624999999993,24.773404255319157
2792,2019-09-06,27.3,27.79,28.28,27.3,27.21,119257.0,331852000.0,26.61,26.64,26.432499999999983,25.85,24.46,61.42,0.52,0.51,0.01,通宇通讯,计算机、通信和其他电子设备制造业,主板,26.920000000000048,26.4675,26.850000000000023,26.687499999999993,24.874680851063836
2792,2019-09-09,28.11,29.91,29.93,28.1,27.79,166604.0,481859000.0,27.52,26.88,26.667999999999978,26.0,24.44,69.9,0.74,0.55,0.19,通宇通讯,计算机、通信和其他电子设备制造业,主板,27.89250000000005,26.841250000000002,27.019166666666692,26.969374999999996,25.03446808510639
2792,2019-09-10,29.98,28.82,29.98,28.38,29.91,138959.0,401307000.0,28.08,27.05,26.82199999999998,26.13,24.58,62.32,0.83,0.61,0.22,通宇通讯,计算机、通信和其他电子设备制造业,主板,28.432500000000054,27.105,27.097500000000025,27.118749999999995,25.156808510638307
2792,2019-09-11,28.91,28.01,28.94,27.74,28.82,106354.0,300001000.0,28.35,27.16,26.966999999999977,26.23,24.69,57.34,0.81,0.65,0.16,通宇通讯,计算机、通信和其他电子设备制造业,主板,28.63250000000005,27.47625,27.137500000000028,27.239999999999995,25.27978723404256
2792,2019-09-12,28.26,28.04,28.38,27.72,28.01,75130.8,210486000.0,28.51,27.29,27.088999999999977,26.32,24.8,57.48,0.8,0.68,0.12,通宇通讯,计算机、通信和其他电子设备制造业,主板,28.69500000000005,27.807499999999997,27.210000000000026,27.311249999999998,25.398085106382986
2792,2019-09-16,28.25,28.24,28.52,27.64,28.04,84220.3,237474000.0,28.6,27.61,27.230999999999977,26.43,24.91,58.42,0.79,0.7,0.09,通宇通讯,计算机、通信和其他电子设备制造业,主板,28.277500000000053,28.084999999999997,27.320000000000025,27.33375,25.525957446808516
2792,2019-09-17,28.09,27.79,28.26,27.38,28.24,77142.3,214827000.0,28.18,27.85,27.298999999999978,26.54,25.02,55.43,0.74,0.71,0.03,通宇通讯,计算机、通信和其他电子设备制造业,主板,28.020000000000053,28.226249999999997,27.41000000000003,27.328125,25.640425531914897
2792,2019-09-18,28.11,28.33,28.63,27.87,27.79,93256.0,263520000.0,28.08,28.08,27.411999999999978,26.66,25.13,58.2,0.74,0.72,0.02,通宇通讯,计算机、通信和其他电子设备制造业,主板,28.100000000000048,28.366249999999997,27.684166666666695,27.378124999999997,25.764468085106383
2792,2019-09-19,28.34,28.23,28.47,27.77,28.33,71233.3,199837000.0,28.13,28.24,27.47849999999998,26.8,25.21,57.49,0.72,0.72,0.0,通宇通讯,计算机、通信和其他电子设备制造业,主板,28.14750000000005,28.421249999999997,27.920833333333363,27.444374999999997,25.867021276595743
2792,2019-09-20,28.3,28.25,28.6,27.98,28.23,83467.3,236122000.0,28.17,28.34,27.49699999999998,26.93,25.29,57.6,0.7,0.71,-0.01,通宇通讯,计算机、通信和其他电子设备制造业,主板,28.150000000000052,28.213749999999997,28.106666666666698,27.527499999999996,25.968297872340425
2792,2019-09-23,28.18,28.64,28.65,27.52,28.25,92653.1,262173000.0,28.25,28.43,27.53499999999998,27.1,25.38,59.82,0.71,0.71,0.0,通宇通讯,计算机、通信和其他电子设备制造业,主板,28.362500000000054,28.191249999999997,28.271666666666693,27.648124999999997,26.077659574468086
2792,2019-09-24,28.64,29.08,29.38,28.4,28.64,121453.0,351748000.0,28.51,28.34,27.612499999999983,27.23,25.47,62.22,0.74,0.72,0.02,通宇通讯,计算机、通信和其他电子设备制造业,主板,28.55000000000005,28.324999999999996,28.427500000000027,27.900624999999994,26.189787234042555
2792,2019-09-25,28.52,27.22,28.53,27.01,29.08,112866.0,312776000.0,28.28,28.18,27.614999999999988,27.28,25.54,48.91,0.6,0.69,-0.09,通宇通讯,计算机、通信和其他电子设备制造业,主板,28.297500000000046,28.222499999999997,28.380000000000027,28.014999999999993,26.274893617021277
2792,2019-09-26,27.25,26.09,27.4,26.0,27.22,74304.3,198285000.0,27.86,27.99,27.57349999999999,27.31,25.6,42.9,0.4,0.64,-0.24,通宇通讯,计算机、通信和其他电子设备制造业,主板,27.757500000000043,27.953749999999996,28.061666666666692,28.019374999999993,26.348297872340424
2792,2019-09-27,26.33,26.51,27.0,26.03,26.09,65719.6,174700000.0,27.51,27.84,27.563499999999987,27.34,25.66,45.58,0.27,0.56,-0.29,通宇通讯,计算机、通信和其他电子设备制造业,主板,27.22500000000004,27.793749999999996,27.86916666666669,28.00999999999999,26.420425531914894
2792,2019-09-30,26.65,26.45,27.05,26.35,26.51,41086.4,109564000.0,27.07,27.66,27.633999999999993,27.37,25.72,45.25,0.17,0.48,-0.31,通宇通讯,计算机、通信和其他电子设备制造业,主板,26.56750000000004,27.558749999999996,27.73916666666669,27.96249999999999,26.468723404255318
2792,2019-10-08,26.57,25.9,26.7,25.82,26.45,36761.8,96203200.0,26.43,27.47,27.65949999999999,27.36,25.78,42.27,0.03,0.39,-0.36,通宇通讯,计算机、通信和其他电子设备制造业,主板,26.23750000000004,27.2675,27.560833333333353,27.84437499999999,26.501702127659577
2792,2019-10-09,25.91,26.31,26.36,25.38,25.9,37177.1,96926100.0,26.25,27.27,27.67399999999999,27.36,25.85,45.17,-0.04,0.31,-0.35,通宇通讯,计算机、通信和其他电子设备制造业,主板,26.29250000000004,27.025,27.40000000000002,27.619374999999987,26.536382978723406
2792,2019-10-10,26.31,27.18,27.27,26.14,26.31,65821.6,177485000.0,26.47,27.16,27.69999999999999,27.37,25.93,50.82,-0.02,0.24,-0.26,通宇通讯,计算机、通信和其他电子设备制造业,主板,26.46000000000004,26.8425,27.349166666666687,27.516874999999988,26.575744680851066
2792,2019-10-11,27.14,27.1,27.38,26.75,27.18,52325.4,141565000.0,26.59,27.05,27.694499999999987,27.35,26.01,50.31,-0.01,0.19,-0.2,通宇通讯,计算机、通信和其他电子设备制造业,主板,26.62250000000004,26.595,27.246666666666687,27.45999999999999,26.621489361702128
2792,2019-10-14,27.45,28.17,28.19,27.06,27.1,80923.6,224003000.0,26.93,27.0,27.71349999999999,27.36,26.1,56.62,0.08,0.17,-0.09,通宇通讯,计算机、通信和其他电子设备制造业,主板,27.19000000000004,26.71375,27.24166666666669,27.46812499999999,26.69
2792,2019-10-15,27.68,26.62,27.68,26.55,28.17,82772.6,223578000.0,27.08,26.76,27.54899999999999,27.33,26.15,47.26,0.02,0.14,-0.12,通宇通讯,计算机、通信和其他电子设备制造业,主板,27.26750000000004,26.78,27.105833333333354,27.36687499999999,26.71744680851064
2792,2019-10-16,26.88,26.51,27.25,26.48,26.62,37077.0,99449000.0,27.12,26.68,27.433499999999988,27.3,26.2,46.67,-0.03,0.11,-0.14,通宇通讯,计算机、通信和其他电子设备制造业,主板,27.100000000000037,26.78,26.928333333333356,27.286874999999988,26.752978723404258
2792,2019-10-17,26.62,26.65,26.84,26.36,26.51,28146.9,74976000.0,27.01,26.74,27.365499999999987,27.3,26.26,47.56,-0.06,0.07,-0.13,通宇通讯,计算机、通信和其他电子设备制造业,主板,26.98750000000004,26.805000000000003,26.725833333333355,27.181874999999987,26.79765957446809
2792,2019-10-18,26.75,25.99,26.98,25.91,26.65,40847.8,107951000.0,26.79,26.69,27.262999999999987,27.27,26.29,43.82,-0.13,0.03,-0.16,通宇通讯,计算机、通信和其他电子设备制造业,主板,26.44250000000004,26.816250000000004,26.623333333333353,27.041874999999987,26.82489361702128
2792,2019-10-21,26.35,25.42,26.35,25.1,25.99,39107.4,99494200.0,26.24,26.58,27.121999999999986,27.28,26.33,40.83,-0.23,-0.02,-0.21,通宇通讯,计算机、通信和其他电子设备制造业,主板,26.14250000000004,26.705000000000005,26.567500000000024,26.864999999999988,26.854042553191498
2792,2019-10-22,25.6,25.92,25.95,25.46,25.42,31471.3,80929500.0,26.1,26.59,27.028499999999987,27.3,26.38,44.41,-0.28,-0.07,-0.21,通宇通讯,计算机、通信和其他电子设备制造业,主板,25.995000000000044,26.547500000000007,26.51833333333336,26.69499999999999,26.883617021276606
2792,2019-10-23,25.9,25.88,26.23,25.63,25.92,29502.4,76563600.0,25.97,26.54,26.905999999999985,27.3,26.43,44.18,-0.3,-0.12,-0.18,通宇通讯,计算机、通信和其他电子设备制造业,主板,25.802500000000045,26.395000000000007,26.47083333333336,26.49499999999999,26.93425531914895
2792,2019-10-24,25.63,25.7,26.06,25.15,25.88,29514.9,75546000.0,25.78,26.4,26.779499999999985,27.27,26.46,43.1,-0.33,-0.16,-0.17,通宇通讯,计算机、通信和其他电子设备制造业,主板,25.730000000000043,26.086250000000007,26.454166666666694,26.39999999999999,26.94489361702129
2792,2019-10-25,25.56,26.06,26.25,25.36,25.7,33730.5,87275400.0,25.8,26.29,26.66999999999998,27.23,26.48,45.95,-0.33,-0.19,-0.14,通宇通讯,计算机、通信和其他电子设备制造业,主板,25.89000000000004,26.016250000000007,26.433333333333362,26.398124999999993,26.951702127659583
2792,2019-10-28,26.01,26.57,26.72,26.01,26.06,44300.4,117293000.0,26.03,26.13,26.566499999999984,27.19,26.52,49.8,-0.28,-0.21,-0.07,通宇通讯,计算机、通信和其他电子设备制造业,主板,26.05250000000004,26.023750000000007,26.382500000000025,26.401874999999993,26.98276595744682
2792,2019-10-29,26.6,26.15,26.89,26.14,26.57,50259.4,133096000.0,26.07,26.08,26.41999999999998,27.06,26.53,46.84,-0.28,-0.23,-0.05,通宇通讯,计算机、通信和其他电子设备制造业,主板,26.12000000000004,25.961250000000007,26.303333333333356,26.383124999999993,26.994468085106398
2792,2019-10-30,26.06,26.21,26.6,25.76,26.15,43086.0,112928000.0,26.14,26.06,26.36949999999998,26.97,26.55,47.32,-0.26,-0.23,-0.03,通宇通讯,计算机、通信和其他电子设备制造业,主板,26.24750000000004,25.988750000000007,26.14000000000002,26.402499999999993,27.01170212765959
2792,2019-10-31,26.22,26.27,26.72,26.16,26.21,44125.9,116709000.0,26.25,26.02,26.37849999999998,26.92,26.57,47.83,-0.24,-0.23,-0.01,通宇通讯,计算机、通信和其他电子设备制造业,主板,26.30000000000004,26.095000000000006,26.11083333333335,26.39999999999999,27.00829787234044
2792,2019-11-01,26.4,27.21,27.25,26.21,26.27,77518.7,208075000.0,26.48,26.14,26.41349999999998,26.89,26.6,55.13,-0.14,-0.21,0.07,通宇通讯,计算机、通信和其他电子设备制造业,主板,26.460000000000043,26.25625000000001,26.169166666666683,26.40187499999999,27.032553191489377
2792,2019-11-04,27.5,26.94,27.5,26.86,27.21,73432.3,199158000.0,26.56,26.29,26.43799999999998,26.85,26.64,52.85,-0.09,-0.19,0.1,通宇通讯,计算机、通信和其他电子设备制造业,主板,26.65750000000004,26.38875000000001,26.193333333333353,26.391874999999988,27.033404255319162
2792,2019-11-05,27.04,26.93,27.19,26.72,26.94,44280.1,119395000.0,26.71,26.39,26.489499999999982,26.82,26.68,52.76,-0.06,-0.16,0.1,通宇通讯,计算机、通信和其他电子设备制造业,主板,26.83750000000004,26.54250000000001,26.271666666666686,26.314374999999988,27.013191489361713
2792,2019-11-06,26.86,26.01,26.95,25.69,26.93,64368.1,168990000.0,26.67,26.4,26.474499999999985,26.74,26.7,45.34,-0.09,-0.15,0.06,通宇通讯,计算机、通信和其他电子设备制造业,主板,26.77250000000004,26.53625000000001,26.32083333333335,26.276249999999987,26.97340425531916
2792,2019-11-07,26.1,26.06,26.17,25.78,26.01,37192.8,96497700.0,26.63,26.44,26.418499999999984,26.67,26.73,45.78,-0.12,-0.14,0.02,通宇通讯,计算机、通信和其他电子设备制造业,主板,26.485000000000035,26.47250000000001,26.332500000000014,26.248124999999987,26.942127659574478
2792,2019-11-08,26.2,25.94,26.46,25.86,26.06,41679.4,108947000.0,26.38,26.43,26.360499999999984,26.59,26.76,44.84,-0.15,-0.14,-0.01,通宇通讯,计算机、通信和其他电子设备制造业,主板,26.235000000000035,26.44625000000001,26.337500000000016,26.20374999999999,26.91595744680852
2792,2019-11-11,25.73,24.7,25.73,24.5,25.94,52987.4,133274000.0,25.93,26.24,26.18699999999999,26.46,26.78,36.45,-0.27,-0.17,-0.1,通宇通讯,计算机、通信和其他电子设备制造业,主板,25.67750000000003,26.257500000000007,26.25416666666668,26.123124999999987,26.868723404255327
2792,2019-11-12,24.84,24.8,24.96,24.36,24.7,34351.0,84668400.0,25.5,26.11,26.095999999999986,26.32,26.77,37.47,-0.35,-0.21,-0.14,通宇通讯,计算机、通信和其他电子设备制造业,主板,25.37500000000003,26.073750000000008,26.149166666666684,26.084374999999987,26.828085106382986
2792,2019-11-13,24.74,24.7,24.99,24.56,24.8,26554.3,65740900.0,25.24,25.96,26.00549999999999,26.23,26.75,36.83,-0.42,-0.25,-0.17,通宇通讯,计算机、通信和其他电子设备制造业,主板,25.03500000000003,25.760000000000005,25.99333333333335,26.008124999999986,26.820851063829796
2792,2019-11-14,24.74,25.16,25.25,24.37,24.7,36901.5,91919100.0,25.06,25.84,25.93099999999999,26.2,26.75,41.72,-0.44,-0.29,-0.15,通宇通讯,计算机、通信和其他电子设备制造业,主板,24.84000000000003,25.537500000000005,25.910833333333354,25.963124999999987,26.81595744680852
2792,2019-11-15,25.15,25.03,25.45,24.92,25.16,29263.7,73732700.0,24.88,25.63,25.88299999999999,26.15,26.74,40.76,-0.45,-0.32,-0.13,通宇通讯,计算机、通信和其他电子设备制造业,主板,24.922500000000028,25.300000000000004,25.812500000000025,25.92124999999999,26.794893617021284
2792,2019-11-18,24.95,25.06,25.35,24.84,25.03,21274.9,53311600.0,24.95,25.44,25.864999999999988,26.1,26.74,41.1,-0.45,-0.35,-0.1,通宇通讯,计算机、通信和其他电子设备制造业,主板,24.98750000000003,25.181250000000006,25.71166666666669,25.85874999999999,26.760851063829794
2792,2019-11-19,25.08,25.56,25.68,24.95,25.06,36133.9,91801600.0,25.1,25.3,25.846999999999987,26.09,26.72,46.55,-0.42,-0.36,-0.06,通宇通讯,计算机、通信和其他电子设备制造业,主板,25.20250000000003,25.118750000000006,25.574166666666695,25.79562499999999,26.725744680851065
2792,2019-11-20,25.57,25.08,25.6,25.07,25.56,26981.6,68377200.0,25.18,25.21,25.806999999999988,26.05,26.71,42.48,-0.42,-0.37,-0.05,通宇通讯,计算机、通信和其他电子设备制造业,主板,25.18250000000003,25.011250000000004,25.419166666666694,25.72874999999999,26.668085106382982
2792,2019-11-21,25.08,24.7,25.2,24.54,25.08,32411.8,80620800.0,25.09,25.07,25.756999999999987,25.97,26.67,39.54,-0.44,-0.39,-0.05,通宇通讯,计算机、通信和其他电子设备制造业,主板,25.10000000000003,25.011250000000004,25.23333333333336,25.63437499999999,26.557234042553194
2792,2019-11-22,24.89,24.5,25.28,24.15,24.7,41667.0,103087000.0,24.98,24.93,25.67899999999999,25.88,26.62,38.04,-0.47,-0.4,-0.07,通宇通讯,计算机、通信和其他电子设备制造业,主板,24.96000000000003,24.973750000000003,25.107500000000027,25.523749999999993,26.46531914893617
2792,2019-11-25,24.35,23.92,24.6,23.6,24.5,34167.7,81630100.0,24.75,24.85,25.546499999999988,25.74,26.55,34.03,-0.53,-0.43,-0.1,通宇通讯,计算机、通信和其他电子设备制造业,主板,24.55000000000003,24.876250000000006,24.929166666666692,25.318124999999995,26.37829787234043
2792,2019-11-26,23.99,23.78,24.18,23.7,23.92,18794.1,44933900.0,24.4,24.75,25.42799999999999,25.65,26.49,33.12,-0.59,-0.46,-0.13,通宇通讯,计算机、通信和其他电子设备制造业,主板,24.22500000000003,24.703750000000007,24.749166666666692,25.120624999999993,26.28765957446809
2792,2019-11-27,23.9,24.0,24.2,23.69,23.78,23677.0,56840900.0,24.18,24.68,25.317499999999992,25.56,26.43,36.01,-0.61,-0.49,-0.12,通宇通讯,计算机、通信和其他电子设备制造业,主板,24.05000000000003,24.575000000000006,24.69083333333336,24.937499999999993,26.19744680851064
2792,2019-11-28,24.0,24.29,24.32,23.8,24.0,21552.6,52174800.0,24.1,24.59,25.218499999999995,25.48,26.39,39.71,-0.6,-0.51,-0.09,通宇通讯,计算机、通信和其他电子设备制造业,主板,23.99750000000003,24.478750000000005,24.64833333333336,24.829999999999995,26.12297872340426
2792,2019-11-29,24.3,24.3,24.44,24.06,24.29,20115.0,48787000.0,24.06,24.52,25.072999999999993,25.43,26.35,39.84,-0.58,-0.53,-0.05,通宇通讯,计算机、通信和其他电子设备制造业,主板,24.09250000000003,24.321250000000006,24.615000000000027,24.719999999999995,26.037234042553198
2792,2019-12-02,24.48,24.62,24.75,24.25,24.3,23863.1,58757100.0,24.2,24.48,24.95699999999999,25.4,26.34,43.98,-0.53,-0.53,0.0,通宇通讯,计算机、通信和其他电子设备制造业,主板,24.30250000000003,24.26375000000001,24.570000000000025,24.637499999999996,25.960425531914897
2792,2019-12-03,24.4,25.26,25.35,24.4,24.62,44065.2,110532000.0,24.49,24.44,24.873499999999993,25.38,26.34,51.21,-0.44,-0.51,0.07,通宇通讯,计算机、通信和其他电子设备制造业,主板,24.61750000000003,24.33375000000001,24.58916666666669,24.672499999999996,25.8968085106383
2792,2019-12-04,24.99,25.54,25.66,24.9,25.26,43575.4,110870000.0,24.8,24.49,24.849999999999994,25.37,26.33,54.0,-0.34,-0.48,0.14,通宇通讯,计算机、通信和其他电子设备制造业,主板,24.930000000000035,24.463750000000008,24.62916666666669,24.718749999999996,25.830851063829787
2792,2019-12-05,25.59,25.72,25.88,25.35,25.54,56195.1,144444000.0,25.09,24.59,24.832999999999995,25.37,26.32,55.76,-0.24,-0.43,0.19,通宇通讯,计算机、通信和其他电子设备制造业,主板,25.285000000000036,24.688750000000006,24.642500000000027,24.782499999999995,25.75936170212766
2792,2019-12-06,25.8,26.03,26.18,25.59,25.72,47226.0,122561000.0,25.43,24.75,24.8375,25.37,26.3,58.68,-0.14,-0.37,0.23,通宇通讯,计算机、通信和其他电子设备制造业,主板,25.637500000000035,24.970000000000006,24.721666666666696,24.836874999999996,25.73404255319149
2792,2019-12-09,26.18,26.35,26.53,26.0,26.03,46063.6,121302000.0,25.78,24.99,24.919999999999995,25.36,26.27,61.51,-0.03,-0.3,0.27,通宇通讯,计算机、通信和其他电子设备制造业,主板,25.910000000000036,25.263750000000005,24.8591666666667,24.919374999999995,25.739574468085106
2792,2019-12-10,26.31,26.27,26.43,25.83,26.35,49426.2,129494000.0,25.98,25.24,24.993499999999997,25.36,26.21,60.4,0.05,-0.23,0.28,通宇通讯,计算机、通信和其他电子设备制造业,主板,26.092500000000037,25.511250000000008,25.0066666666667,24.994999999999994,25.734468085106382
2792,2019-12-11,26.21,25.95,26.45,25.9,26.27,49174.4,128424000.0,26.06,25.43,25.055999999999997,25.36,26.17,56.03,0.08,-0.17,0.25,通宇通讯,计算机、通信和其他电子设备制造业,主板,26.150000000000034,25.717500000000005,25.17583333333336,25.019374999999993,25.723829787234042
2792,2019-12-12,26.07,25.92,26.39,25.85,25.95,44501.5,116117000.0,26.1,25.6,25.093999999999998,25.34,26.13,55.62,0.11,-0.11,0.22,通宇通讯,计算机、通信和其他电子设备制造业,主板,26.122500000000038,25.880000000000003,25.354166666666696,25.071874999999995,25.724255319148934
2792,2019-12-13,26.12,25.91,26.44,25.64,25.92,56108.2,145686000.0,26.08,25.76,25.137999999999998,25.3,26.09,55.48,0.13,-0.06,0.19,通宇通讯,计算机、通信和其他电子设备制造业,主板,26.01250000000004,25.961250000000003,25.513333333333364,25.147499999999997,25.715744680851067
2792,2019-12-16,25.96,26.72,26.76,25.93,25.91,78853.5,209033000.0,26.15,25.97,25.221,25.29,26.07,63.7,0.21,-0.01,0.22,通宇通讯,计算机、通信和其他电子设备制造业,主板,26.12500000000004,26.108750000000004,25.71583333333336,25.286249999999995,25.70595744680851
2792,2019-12-17,26.65,26.7,26.97,26.52,26.72,62310.6,166568000.0,26.24,26.11,25.278,25.29,26.05,63.39,0.26,0.04,0.22,通宇通讯,计算机、通信和其他电子设备制造业,主板,26.31250000000004,26.231250000000003,25.915833333333357,25.459999999999994,25.69744680851064
2792,2019-12-18,26.8,26.89,27.19,26.6,26.7,73362.1,197874000.0,26.43,26.25,25.368500000000004,25.32,26.03,65.13,0.32,0.1,0.22,通宇通讯,计算机、通信和其他电子设备制造业,主板,26.55500000000004,26.33875,26.10500000000002,25.654374999999995,25.67021276595745
2792,2019-12-19,26.69,27.21,27.4,26.65,26.89,63229.8,171769000.0,26.69,26.4,25.494000000000003,25.35,26.01,67.9,0.38,0.16,0.22,通宇通讯,计算机、通信和其他电子设备制造业,主板,26.880000000000038,26.446250000000003,26.267500000000023,25.854999999999993,25.682765957446815
2792,2019-12-20,27.21,26.39,27.21,26.36,27.21,51109.8,136501000.0,26.78,26.43,25.588500000000003,25.37,25.98,55.69,0.36,0.2,0.16,通宇通讯,计算机、通信和其他电子设备制造业,主板,26.797500000000035,26.461250000000003,26.338333333333352,25.98624999999999,25.680212765957457
2792,2019-12-23,26.16,25.9,26.69,25.79,26.39,45336.6,119156000.0,26.62,26.39,25.687500000000007,25.41,25.93,49.91,0.3,0.22,0.08,通宇通讯,计算机、通信和其他电子设备制造业,主板,26.597500000000036,26.455000000000005,26.353333333333353,26.08624999999999,25.664255319148946
2792,2019-12-24,26.1,26.41,26.41,25.94,25.9,27318.3,71584500.0,26.56,26.4,25.819000000000006,25.46,25.89,55.13,0.3,0.23,0.07,通宇通讯,计算机、通信和其他电子设备制造业,主板,26.47750000000004,26.516250000000007,26.38500000000002,26.19812499999999,25.673191489361713
2792,2019-12-25,26.42,26.61,26.86,26.22,26.41,41995.8,111899000.0,26.5,26.47,25.949500000000008,25.53,25.88,57.02,0.31,0.25,0.06,通宇通讯,计算机、通信和其他电子设备制造业,主板,26.327500000000036,26.60375000000001,26.406666666666684,26.28249999999999,25.69851063829788
2792,2019-12-26,26.53,26.65,26.88,26.38,26.61,32314.3,85802100.0,26.39,26.54,26.067500000000006,25.58,25.89,57.41,0.31,0.26,0.05,通宇通讯,计算机、通信和其他电子设备制造业,主板,26.392500000000037,26.59500000000001,26.43833333333335,26.35187499999999,25.714042553191497
2792,2019-12-27,26.77,25.99,26.86,25.98,26.65,53451.1,141346000.0,26.31,26.55,26.152000000000008,25.61,25.88,49.5,0.26,0.26,0.0,通宇通讯,计算机、通信和其他电子设备制造业,主板,26.415000000000035,26.506250000000012,26.441666666666688,26.36874999999999,25.71638297872341
2792,2019-12-30,25.69,26.0,26.25,25.08,25.99,45183.1,116236000.0,26.33,26.48,26.22100000000001,25.64,25.87,49.61,0.22,0.25,-0.03,通宇通讯,计算机、通信和其他电子设备制造业,主板,26.312500000000036,26.39500000000001,26.448333333333352,26.366874999999993,25.722765957446814
2792,2019-12-31,26.05,26.72,26.91,26.05,26.0,62760.9,166908000.0,26.39,26.48,26.29400000000001,25.68,25.89,57.08,0.24,0.25,-0.01,通宇通讯,计算机、通信和其他电子设备制造业,主板,26.340000000000035,26.33375000000001,26.51583333333335,26.389999999999993,25.736808510638305
2792,2020-01-02,26.87,27.1,27.3,26.72,26.72,52898.8,143204000.0,26.49,26.5,26.372000000000014,25.74,25.9,60.41,0.28,0.26,0.02,通宇通讯,计算机、通信和其他电子设备制造业,主板,26.452500000000036,26.422500000000007,26.547500000000024,26.441874999999996,25.748085106382984
2792,2020-01-03,27.3,26.97,27.42,26.84,27.1,40296.7,109037000.0,26.56,26.47,26.434500000000014,25.82,25.9,58.73,0.3,0.26,0.04,通宇通讯,计算机、通信和其他电子设备制造业,主板,26.697500000000037,26.556250000000006,26.570000000000025,26.505625,25.76553191489362
2792,2020-01-06,26.77,27.2,27.66,26.76,26.97,65736.5,178854000.0,26.8,26.56,26.493000000000016,25.91,25.9,60.81,0.33,0.28,0.05,通宇通讯,计算机、通信和其他电子设备制造业,主板,26.997500000000038,26.655000000000005,26.59583333333336,26.585624999999997,25.786595744680856
2792,2020-01-07,27.33,27.18,27.38,26.9,27.2,42229.7,114616000.0,27.03,26.68,26.534500000000016,26.02,25.88,60.52,0.36,0.29,0.07,通宇通讯,计算机、通信和其他电子设备制造业,主板,27.11250000000004,26.726250000000007,26.593333333333362,26.664999999999996,25.805957446808517
2792,2020-01-08,26.8,26.37,26.99,26.31,27.18,58732.5,156679000.0,26.96,26.68,26.539500000000015,26.11,25.88,50.24,0.3,0.3,0.0,通宇通讯,计算机、通信和其他电子设备制造业,主板,26.930000000000042,26.691250000000007,26.591666666666697,26.643124999999998,25.788085106382983
2792,2020-01-09,26.78,27.75,27.76,26.78,26.37,96635.2,265521000.0,27.09,26.79,26.629500000000014,26.23,25.9,62.06,0.36,0.31,0.05,通宇通讯,计算机、通信和其他电子设备制造业,主板,27.125000000000043,26.911250000000006,26.745833333333366,26.70875,25.805319148936174
2792,2020-01-10,27.76,27.79,28.1,27.45,27.75,71433.8,198508000.0,27.26,26.91,26.723000000000013,26.35,25.92,62.34,0.42,0.33,0.09,通宇通讯,计算机、通信和其他电子设备制造业,主板,27.27250000000004,27.135000000000005,26.860833333333364,26.765,25.823617021276597
2792,2020-01-13,27.79,28.22,28.3,27.5,27.79,68240.2,190933000.0,27.46,27.13,26.838500000000018,26.48,25.95,65.3,0.48,0.36,0.12,通宇通讯,计算机、通信和其他电子设备制造业,主板,27.53250000000004,27.322500000000005,26.995000000000033,26.828125000000004,25.870638297872343
2792,2020-01-14,28.15,27.61,28.45,27.5,28.22,68093.9,189221000.0,27.55,27.29,26.883000000000017,26.58,25.99,58.31,0.48,0.38,0.1,通宇通讯,计算机、通信和其他电子设备制造业,主板,27.842500000000044,27.386250000000008,27.075000000000035,26.904375000000005,25.903617021276595
2792,2020-01-15,27.69,27.61,27.9,27.35,27.61,45507.2,125494000.0,27.8,27.38,26.928500000000014,26.66,26.02,58.31,0.47,0.4,0.07,通宇通讯,计算机、通信和其他电子设备制造业,主板,27.807500000000047,27.466250000000006,27.210000000000036,27.011250000000008,25.93914893617021
2792,2020-01-16,27.61,27.36,28.13,27.28,27.61,61422.9,169510000.0,27.72,27.41,26.952000000000016,26.72,26.04,55.48,0.44,0.41,0.03,通宇通讯,计算机、通信和其他电子设备制造业,主板,27.700000000000053,27.486250000000005,27.32333333333337,27.070625000000007,25.995744680851057
2792,2020-01-17,27.5,27.73,28.58,27.41,27.36,143553.0,402126000.0,27.71,27.48,26.978000000000016,26.78,26.08,58.67,0.45,0.42,0.03,通宇通讯,计算机、通信和其他电子设备制造业,主板,27.57750000000005,27.555000000000003,27.407500000000038,27.140625000000007,26.058085106382975
2792,2020-01-20,27.9,29.01,29.37,27.74,27.73,141614.0,407361000.0,27.86,27.66,27.109000000000016,26.88,26.13,67.38,0.54,0.44,0.1,通宇通讯,计算机、通信和其他电子设备制造业,主板,27.927500000000048,27.885,27.566666666666702,27.288125000000008,26.14978723404255
2792,2020-01-21,28.55,28.31,28.74,28.21,29.01,89425.7,254057000.0,28.0,27.78,27.229500000000012,26.95,26.15,59.94,0.56,0.47,0.09,通宇通讯,计算机、通信和其他电子设备制造业,主板,28.102500000000045,27.955000000000002,27.67833333333337,27.433125000000008,26.21680851063829
2792,2020-01-22,28.03,28.53,28.95,27.1,28.31,99006.2,277081000.0,28.19,27.99,27.335500000000014,27.02,26.19,61.39,0.58,0.49,0.09,通宇通讯,计算机、通信和其他电子设备制造业,主板,28.395000000000042,28.047500000000003,27.789166666666702,27.59125000000001,26.291276595744673
2792,2020-01-23,28.0,27.13,28.5,26.5,28.53,89898.8,248098000.0,28.14,27.93,27.361500000000014,27.06,26.21,49.23,0.48,0.49,-0.01,通宇通讯,计算机、通信和其他电子设备制造业,主板,28.245000000000044,27.911250000000003,27.785000000000036,27.616875000000007,26.335319148936165
2792,2020-02-03,24.42,24.42,24.42,24.42,27.13,15405.0,37619000.0,27.48,27.59,27.25000000000001,27.01,26.18,34.84,0.18,0.43,-0.25,通宇通讯,计算机、通信和其他电子设备制造业,主板,27.097500000000043,27.512500000000003,27.622500000000034,27.449375000000007,26.311063829787233
2792,2020-02-04,22.2,23.5,23.96,22.2,24.42,110028.0,258137000.0,26.38,27.12,27.12550000000001,26.93,26.12,31.48,-0.13,0.31,-0.44,通宇通讯,计算机、通信和其他电子设备制造业,主板,25.89500000000004,26.99875,27.26833333333337,27.23250000000001,26.27744680851064
2792,2020-02-05,23.68,23.61,24.44,23.54,23.5,89799.9,214772000.0,25.44,26.72,27.00600000000001,26.83,26.06,32.32,-0.36,0.18,-0.54,通宇通讯,计算机、通信和其他电子设备制造业,主板,24.66500000000004,26.53,26.920000000000034,27.00812500000001,26.254255319148932
2792,2020-02-06,23.61,23.78,23.9,23.24,23.61,93714.3,220997000.0,24.49,26.34,26.85900000000001,26.73,26.01,33.68,-0.53,0.04,-0.57,通宇通讯,计算机、通信和其他电子设备制造业,主板,23.82750000000004,26.036250000000003,26.55000000000003,26.795625000000012,26.23893617021276
2792,2020-02-07,23.56,23.95,23.95,23.16,23.78,102761.0,241524000.0,23.85,26.0,26.70150000000001,26.63,25.97,35.08,-0.64,-0.1,-0.54,通宇通讯,计算机、通信和其他电子设备制造业,主板,23.71000000000004,25.403750000000002,26.24500000000003,26.64437500000001,26.239574468085102
2792,2020-02-10,23.67,24.71,24.75,23.5,23.95,101714.0,247675000.0,23.91,25.7,26.58850000000001,26.55,25.95,41.07,-0.66,-0.21,-0.45,通宇通讯,计算机、通信和其他电子设备制造业,主板,24.01250000000004,24.953750000000003,26.00333333333336,26.45437500000001,26.259361702127656
2792,2020-02-11,25.01,24.76,25.65,24.6,24.71,105777.0,264559000.0,24.16,25.27,26.466500000000007,26.5,25.93,41.45,-0.66,-0.3,-0.36,通宇通讯,计算机、通信和其他电子设备制造业,主板,24.30000000000004,24.4825,25.78666666666669,26.265000000000008,26.275531914893612
2792,2020-02-12,24.73,25.06,25.14,24.43,24.76,84227.5,208854000.0,24.45,24.94,26.36050000000001,26.47,25.94,43.81,-0.63,-0.37,-0.26,通宇通讯,计算机、通信和其他电子设备制造业,主板,24.62000000000004,24.223750000000003,25.56416666666669,26.06750000000001,26.291914893617015
2792,2020-02-13,25.05,24.71,25.05,24.52,25.06,61913.9,153269000.0,24.64,24.56,26.27750000000001,26.41,25.94,41.7,-0.63,-0.42,-0.21,通宇通讯,计算机、通信和其他电子设备制造业,主板,24.81000000000004,24.260000000000005,25.205833333333356,25.886250000000008,26.30063829787234
2792,2020-02-14,24.51,24.97,25.24,24.51,24.71,69542.9,173581000.0,24.84,24.35,26.13850000000001,26.36,25.94,43.86,-0.6,-0.46,-0.14,通宇通讯,计算机、通信和其他电子设备制造业,主板,24.875000000000043,24.443750000000005,24.927500000000023,25.721250000000005,26.30808510638298
2792,2020-02-17,25.3,26.14,26.15,25.28,24.97,99863.1,257672000.0,25.13,24.52,26.05600000000001,26.34,25.96,52.41,-0.48,-0.46,-0.02,通宇通讯,计算机、通信和其他电子设备制造业,主板,25.22000000000004,24.760000000000005,24.728333333333353,25.645000000000003,26.3268085106383
2792,2020-02-18,26.18,26.58,26.6,26.0,26.14,110476.0,290938000.0,25.49,24.83,25.97400000000001,26.36,25.98,55.18,-0.34,-0.44,0.1,通宇通讯,计算机、通信和其他电子设备制造业,主板,25.60000000000004,25.110000000000003,24.68250000000002,25.573125,26.348936170212767
2792,2020-02-19,26.65,26.36,27.13,26.09,26.58,102897.0,273409000.0,25.75,25.1,25.91150000000001,26.37,26.01,53.5,-0.24,-0.4,0.16,通宇通讯,计算机、通信和其他电子设备制造业,主板,26.01250000000004,25.411250000000003,24.844166666666684,25.407500000000002,26.36255319148936
2792,2020-02-20,26.3,26.9,27.05,26.21,26.36,104145.0,278039000.0,26.19,25.41,25.876000000000012,26.38,26.03,56.96,-0.12,-0.34,0.22,通宇通讯,计算机、通信和其他电子设备制造业,主板,26.49500000000004,25.685000000000002,25.127500000000015,25.319375,26.381063829787237
2792,2020-02-21,26.95,27.73,27.96,26.91,26.9,126306.0,348192000.0,26.74,25.79,25.89450000000001,26.4,26.07,61.67,0.04,-0.27,0.31,通宇通讯,计算机、通信和其他电子设备制造业,主板,26.892500000000037,26.056250000000002,25.47083333333335,25.269375000000004,26.410425531914896
2792,2020-02-24,28.84,30.5,30.5,28.84,27.73,208374.0,626147000.0,27.61,26.37,26.03300000000001,26.52,26.17,72.49,0.38,-0.14,0.52,通宇通讯,计算机、通信和其他电子设备制造业,主板,27.87250000000004,26.736250000000002,26.03083333333335,25.480000000000004,26.5004255319149
2792,2020-02-25,31.48,33.22,33.55,29.5,30.5,371786.0,1186000000.0,28.94,27.22,26.24350000000001,26.72,26.31,78.82,0.87,0.07,0.8,通宇通讯,计算机、通信和其他电子设备制造业,主板,29.587500000000038,27.8,26.803333333333356,26.030000000000005,26.655106382978726
2792,2020-02-26,31.88,32.05,33.45,31.24,33.22,258074.0,834826000.0,30.08,27.92,26.430500000000013,26.88,26.45,71.23,1.15,0.28,0.87,通宇通讯,计算机、通信和其他电子设备制造业,主板,30.875000000000036,28.685,27.415000000000024,26.564375000000005,26.785531914893618
2792,2020-02-27,32.58,31.03,32.86,30.6,32.05,195976.0,618838000.0,30.91,28.55,26.555500000000013,27.03,26.57,65.33,1.27,0.48,0.79,通宇通讯,计算机、通信和其他电子设备制造业,主板,31.700000000000035,29.29625,27.93750000000003,27.028125000000003,26.894468085106382
2792,2020-02-28,27.93,27.93,28.84,27.93,31.03,214141.0,602668000.0,30.95,28.84,26.59550000000001,27.04,26.64,51.39,1.1,0.6,0.5,通宇通讯,计算机、通信和其他电子设备制造业,主板,31.057500000000033,29.465000000000003,28.176666666666694,27.2875,26.920212765957448
2792,2020-03-02,28.0,29.62,30.55,27.77,27.93,225661.0,655070000.0,30.77,29.19,26.855500000000013,27.1,26.72,56.8,1.09,0.7,0.39,通宇通讯,计算机、通信和其他电子设备制造业,主板,30.157500000000034,29.872500000000002,28.585833333333365,27.641875000000002,26.982340425531913
2792,2020-03-03,30.96,30.46,32.56,30.0,29.62,232121.0,726887000.0,30.22,29.58,27.203500000000012,27.18,26.83,59.23,1.14,0.79,0.35,通宇通讯,计算机、通信和其他电子设备制造业,主板,29.760000000000037,30.3175,29.04333333333336,28.001250000000002,27.05829787234042
2792,2020-03-04,30.15,31.15,31.8,30.1,30.46,162407.0,505274000.0,30.04,30.06,27.58050000000001,27.29,26.94,61.16,1.22,0.88,0.34,通宇通讯,计算机、通信和其他电子设备制造业,主板,29.790000000000035,30.745,29.46083333333336,28.400625,27.142127659574463
2792,2020-03-05,33.5,31.39,33.5,31.25,31.15,219796.0,710503000.0,30.11,30.51,27.961000000000013,27.42,27.04,61.84,1.29,0.96,0.33,通宇通讯,计算机、通信和其他电子设备制造业,主板,30.65500000000003,30.856250000000003,29.861666666666693,28.79625,27.24851063829787
2792,2020-03-06,30.61,32.1,32.99,30.56,31.39,176158.0,564325000.0,30.94,30.94,28.36850000000001,27.58,27.15,63.85,1.38,1.04,0.34,通宇通讯,计算机、通信和其他电子设备制造业,主板,31.275000000000027,30.716250000000006,30.34000000000003,29.258125000000003,27.380425531914888
2792,2020-03-09,32.86,33.87,35.31,32.38,32.1,291446.0,1002080000.0,31.79,31.28,28.82650000000001,27.78,27.28,68.32,1.58,1.15,0.43,通宇通讯,计算机、通信和其他电子设备制造业,主板,32.127500000000026,30.94375,30.920833333333363,29.814375000000005,27.5391489361702
2792,2020-03-10,33.63,36.67,36.67,32.31,33.87,331895.0,1158060000.0,33.04,31.63,29.422000000000008,28.04,27.46,73.84,1.95,1.31,0.64,通宇通讯,计算机、通信和其他电子设备制造业,主板,33.50750000000003,31.648750000000003,31.665833333333364,30.472500000000004,27.753191489361694
2792,2020-03-11,36.86,34.98,38.0,34.52,36.67,266943.0,972630000.0,33.8,31.92,29.918000000000013,28.26,27.6,66.33,2.07,1.46,0.61,通宇通讯,计算机、通信和其他电子设备制造业,主板,34.40500000000003,32.53,32.039166666666695,30.997500000000006,27.930425531914885
2792,2020-03-12,33.42,34.1,34.51,33.24,34.98,159635.0,539696000.0,34.34,32.23,30.38750000000001,28.45,27.73,62.75,2.07,1.58,0.49,通宇通讯,计算机、通信和其他电子设备制造业,主板,34.90500000000003,33.09,32.11250000000003,31.481250000000003,28.102978723404245
2792,2020-03-13,31.48,33.32,34.36,31.46,34.1,152557.0,505612000.0,34.59,32.77,30.805000000000014,28.65,27.86,59.68,1.99,1.66,0.33,通宇通讯,计算机、通信和其他电子设备制造业,主板,34.76750000000003,33.447500000000005,32.21833333333336,31.882500000000007,28.258723404255306
2792,2020-03-16,33.0,29.99,33.0,29.99,33.32,183103.0,567041000.0,33.81,32.8,30.997500000000013,28.84,27.93,48.71,1.64,1.66,-0.02,通宇通讯,计算机、通信和其他电子设备制造业,主板,33.097500000000025,33.30250000000001,32.131666666666696,32.02375000000001,28.32829787234041
2792,2020-03-17,30.2,29.03,31.03,27.68,29.99,139352.0,405495000.0,32.28,32.66,31.12000000000001,29.02,27.98,46.08,1.27,1.58,-0.31,通宇通讯,计算机、通信和其他电子设备制造业,主板,31.610000000000028,33.00750000000001,32.223333333333365,31.931875000000005,28.369361702127648
2792,2020-03-18,29.5,28.39,30.12,28.36,29.03,132086.0,388518000.0,30.97,32.38,31.22150000000001,29.18,28.01,44.36,0.91,1.45,-0.54,通宇通讯,计算机、通信和其他电子设备制造业,主板,30.182500000000026,32.54375,32.12083333333336,31.630000000000003,28.399574468085095
2792,2020-03-19,28.72,30.2,30.6,28.3,28.39,149523.0,438786000.0,30.19,32.26,31.386500000000012,29.4,28.06,50.04,0.77,1.31,-0.54,通宇通讯,计算机、通信和其他电子设备制造业,主板,29.402500000000025,32.085,32.0991666666667,31.514375000000005,28.463404255319137
2792,2020-03-20,30.31,30.33,30.8,29.77,30.2,116777.0,353637000.0,29.59,32.09,31.516500000000015,29.61,28.12,50.43,0.66,1.18,-0.52,通宇通讯,计算机、通信和其他电子设备制造业,主板,29.48750000000003,31.292499999999997,32.03083333333336,31.470625000000005,28.53042553191488
2792,2020-03-23,29.26,30.25,31.59,29.0,30.33,145136.0,446403000.0,29.64,31.73,31.504000000000012,29.79,28.17,50.17,0.55,1.06,-0.51,通宇通讯,计算机、通信和其他电子设备制造业,主板,29.792500000000025,30.701249999999998,31.935833333333363,31.615625000000005,28.612978723404243
2792,2020-03-24,31.51,31.33,31.8,28.93,30.25,153060.0,470269000.0,30.1,31.19,31.409500000000016,30.01,28.25,53.65,0.55,0.95,-0.4,通宇通讯,计算机、通信和其他电子设备制造业,主板,30.52750000000003,30.355,31.871666666666695,31.722500000000004,28.689148936170202
2792,2020-03-25,32.33,31.23,32.33,31.2,31.33,121051.0,382857000.0,30.67,30.82,31.36850000000002,30.22,28.34,53.28,0.54,0.87,-0.33,通宇通讯,计算机、通信和其他电子设备制造业,主板,30.78500000000003,30.09375,31.651666666666696,31.770625000000006,28.762340425531903
2792,2020-03-26,30.72,30.22,31.25,30.1,31.23,80360.7,246352000.0,30.67,30.43,31.32800000000002,30.4,28.41,49.55,0.44,0.79,-0.35,通宇通讯,计算机、通信和其他电子设备制造业,主板,30.757500000000032,30.122500000000002,31.11416666666669,31.712500000000006,28.804893617021264
2792,2020-03-27,30.74,29.48,31.11,29.35,30.22,89772.0,270513000.0,30.5,30.04,31.405500000000025,30.55,28.45,46.96,0.31,0.69,-0.38,通宇通讯,计算机、通信和其他电子设备制造业,主板,30.565000000000033,30.178750000000004,30.65583333333336,31.593125000000008,28.84468085106382
2792,2020-03-30,28.81,27.4,28.82,27.33,29.48,109926.0,306574000.0,29.93,29.79,31.29450000000002,30.59,28.47,40.54,0.02,0.56,-0.54,通宇通讯,计算机、通信和其他电子设备制造业,主板,29.582500000000035,30.055000000000007,30.09750000000002,31.299375000000005,28.840212765957443
2792,2020-03-31,28.03,27.0,28.13,26.7,27.4,79159.0,216764000.0,29.07,29.58,31.12150000000002,30.61,28.48,39.42,-0.23,0.4,-0.63,通宇通讯,计算机、通信和其他电子设备制造业,主板,28.525000000000038,29.65500000000001,29.570833333333354,30.870000000000005,28.83255319148936
2792,2020-04-01,26.95,26.62,27.69,26.56,27.0,71793.1,194700000.0,28.14,29.41,30.89500000000002,30.62,28.49,38.34,-0.45,0.23,-0.68,通宇通讯,计算机、通信和其他电子设备制造业,主板,27.625000000000036,29.19125000000001,29.29000000000002,30.241875000000004,28.80893617021276
2792,2020-04-02,27.0,27.9,27.93,26.66,26.62,97614.2,266520000.0,27.68,29.18,30.720500000000023,30.65,28.51,43.92,-0.53,0.08,-0.61,通宇通讯,计算机、通信和其他电子设备制造业,主板,27.230000000000036,28.897500000000008,29.195833333333354,29.799375,28.785319148936168
2792,2020-04-03,27.61,27.22,27.96,27.17,27.9,70133.3,192824000.0,27.23,28.86,30.476500000000023,30.63,28.52,41.76,-0.63,-0.06,-0.57,通宇通讯,计算机、通信和其他电子设备制造业,主板,27.185000000000038,28.383750000000013,29.098333333333358,29.369374999999998,28.762127659574467
2792,2020-04-07,27.89,27.88,28.15,27.66,27.22,76064.1,212206000.0,27.32,28.63,30.17700000000002,30.55,28.53,44.6,-0.65,-0.18,-0.47,通宇通讯,计算机、通信和其他电子设备制造业,主板,27.405000000000037,27.965000000000014,28.905000000000026,29.029374999999998,28.748297872340427
2792,2020-04-08,27.9,27.82,28.28,27.5,27.88,81652.3,228478000.0,27.49,28.28,29.734500000000025,30.37,28.54,44.39,-0.65,-0.28,-0.37,通宇通讯,计算机、通信和其他电子设备制造业,主板,27.705000000000034,27.665000000000013,28.695833333333358,28.893749999999997,28.762978723404252
2792,2020-04-09,27.95,28.12,28.59,27.94,27.82,68619.8,193358000.0,27.79,27.97,29.391500000000025,30.23,28.56,45.78,-0.64,-0.35,-0.29,通宇通讯,计算机、通信和其他电子设备制造业,主板,27.760000000000034,27.495000000000015,28.51833333333336,28.836875,28.84170212765957
2792,2020-04-10,27.79,26.68,27.79,26.58,28.12,95479.6,258269000.0,27.54,27.61,29.02050000000002,30.09,28.56,40.54,-0.72,-0.42,-0.3,通宇通讯,计算机、通信和其他电子设备制造业,主板,27.625000000000036,27.405000000000015,28.13083333333336,28.73,28.909361702127654
2792,2020-04-13,26.24,25.9,26.5,25.84,26.68,51936.5,135527000.0,27.28,27.25,28.649500000000018,30.02,28.53,38.0,-0.85,-0.51,-0.34,通宇通讯,计算机、通信和其他电子设备制造业,主板,27.130000000000038,27.267500000000016,27.686666666666692,28.46125,28.958085106382978
2792,2020-04-14,26.35,26.45,26.48,26.01,25.9,46429.0,121869000.0,26.99,27.16,28.472500000000018,29.92,28.51,40.82,-0.9,-0.59,-0.31,通宇通讯,计算机、通信和其他电子设备制造业,主板,26.787500000000037,27.246250000000014,27.37250000000002,28.21875,29.01489361702128
2792,2020-04-15,26.0,26.0,26.8,25.51,26.45,62883.4,165501000.0,26.63,27.06,28.32100000000002,29.77,28.47,39.25,-0.96,-0.66,-0.3,通宇通讯,计算机、通信和其他电子设备制造业,主板,26.257500000000036,27.008750000000013,27.08250000000002,27.953125,29.05851063829787
2792,2020-04-16,26.14,26.3,26.42,25.4,26.0,55687.1,144988000.0,26.27,27.03,28.216500000000018,29.61,28.45,40.88,-0.97,-0.72,-0.25,通宇通讯,计算机、通信和其他电子设备制造业,主板,26.162500000000037,26.893750000000015,26.990833333333356,27.63875,29.092340425531912
2792,2020-04-17,26.52,26.35,26.88,26.21,26.3,65846.2,174899000.0,26.2,26.87,28.02400000000002,29.44,28.43,41.16,-0.96,-0.77,-0.19,通宇通讯,计算机、通信和其他电子设备制造业,主板,26.275000000000034,26.702500000000015,26.936666666666692,27.333750000000002,29.126170212765953
2792,2020-04-20,26.35,26.73,26.74,26.31,26.35,45377.6,120489000.0,26.37,26.82,27.844000000000015,29.26,28.42,43.39,-0.92,-0.8,-0.12,通宇通讯,计算机、通信和其他电子设备制造业,主板,26.34500000000003,26.566250000000014,26.945833333333358,27.115625,29.161702127659574
2792,2020-04-21,26.71,26.8,27.02,26.31,26.73,49386.3,131926000.0,26.44,26.72,27.671500000000016,29.02,28.4,43.81,-0.86,-0.81,-0.05,通宇通讯,计算机、通信和其他电子设备制造业,主板,26.54500000000003,26.401250000000015,26.854166666666696,26.948125,29.206170212765954
2792,2020-04-22,26.46,27.0,27.02,26.46,26.8,36442.1,97829200.0,26.64,26.63,27.455000000000013,28.7,28.37,45.07,-0.8,-0.81,0.01,通宇通讯,计算机、通信和其他电子设备制造业,主板,26.72000000000003,26.441250000000014,26.83583333333336,26.923125000000002,29.249361702127654
2792,2020-04-23,27.05,26.23,27.17,26.22,27.0,46409.5,123315000.0,26.62,26.44,27.205000000000013,28.41,28.33,41.24,-0.81,-0.81,0.0,通宇通讯,计算机、通信和其他电子设备制造业,主板,26.690000000000033,26.482500000000012,26.698333333333363,26.875000000000004,29.251276595744674
2792,2020-04-24,26.23,25.89,26.96,25.7,26.23,50033.5,131540000.0,26.53,26.36,26.98850000000001,28.14,28.29,39.64,-0.83,-0.81,-0.02,通宇通讯,计算机、通信和其他电子设备制造业,主板,26.480000000000036,26.412500000000016,26.537500000000026,26.829375000000002,29.236595744680848
2792,2020-04-27,25.89,26.05,26.5,25.69,25.89,44000.4,115086000.0,26.39,26.38,26.817000000000007,27.89,28.27,40.8,-0.82,-0.82,0.0,通宇通讯,计算机、通信和其他电子设备制造业,主板,26.292500000000036,26.418750000000017,26.365000000000027,26.713750000000005,29.23
2792,2020-04-28,26.07,25.42,26.18,24.55,26.05,59146.4,150027000.0,26.12,26.28,26.718000000000007,27.74,28.29,37.72,-0.85,-0.82,-0.03,通宇通讯,计算机、通信和其他电子设备制造业,主板,25.897500000000036,26.308750000000018,26.26000000000003,26.601250000000007,29.198510638297872
2792,2020-04-29,25.09,24.78,25.45,24.77,25.42,44472.9,111496000.0,25.67,26.16,26.607000000000006,27.6,28.31,34.84,-0.91,-0.84,-0.07,通宇通讯,计算机、通信和其他电子设备制造业,主板,25.535000000000036,26.11250000000002,26.166666666666696,26.407500000000006,29.13574468085106
2792,2020-04-30,24.91,25.93,26.13,24.91,24.78,65521.2,168396000.0,25.61,26.12,26.5725,27.52,28.35,43.23,-0.87,-0.85,-0.02,通宇通讯,计算机、通信和其他电子设备制造业,主板,25.545000000000034,26.01250000000002,26.123333333333363,26.289375000000007,29.038510638297872
2792,2020-05-06,25.94,26.66,26.68,25.69,25.93,64296.7,168919000.0,25.77,26.15,26.5105,27.4,28.4,47.82,-0.76,-0.83,0.07,通宇通讯,计算机、通信和其他电子设备制造业,主板,25.697500000000037,25.99500000000002,26.178333333333367,26.198125000000008,28.898936170212767
2792,2020-05-07,27.8,27.14,28.37,27.0,26.66,117379.0,324027000.0,25.99,26.19,26.5065,27.29,28.45,50.65,-0.63,-0.79,0.16,通宇通讯,计算机、通信和其他电子设备制造业,主板,26.127500000000037,26.012500000000017,26.248333333333363,26.226875000000007,28.794468085106384
2792,2020-05-08,27.3,27.12,27.61,27.1,27.14,74448.3,203248000.0,26.33,26.22,26.4685,27.19,28.49,50.53,-0.52,-0.74,0.22,通宇通讯,计算机、通信和其他电子设备制造业,主板,26.712500000000034,26.12375000000002,26.31250000000003,26.30312500000001,28.711276595744682
2792,2020-05-11,27.39,26.8,27.47,26.6,27.12,58319.1,157318000.0,26.73,26.2,26.417499999999997,27.04,28.52,48.5,-0.46,-0.68,0.22,通宇通讯,计算机、通信和其他电子设备制造业,主板,26.930000000000035,26.23750000000002,26.31833333333336,26.32500000000001,28.68723404255319
2792,2020-05-12,26.8,26.59,26.91,26.04,26.8,42879.2,113377000.0,26.86,26.24,26.340999999999998,26.88,28.55,47.16,-0.42,-0.63,0.21,通宇通讯,计算机、通信和其他电子设备制造业,主板,26.912500000000037,26.305000000000017,26.300833333333358,26.36187500000001,28.62276595744681
2792,2020-05-13,26.17,26.44,26.63,26.17,26.59,30489.5,80557000.0,26.82,26.29,26.329,26.76,28.58,46.18,-0.4,-0.58,0.18,通宇通讯,计算机、通信和其他电子设备制造业,主板,26.737500000000036,26.43250000000002,26.25416666666669,26.370625000000008,28.53723404255319
2792,2020-05-14,26.4,26.1,26.4,25.99,26.44,35790.5,93777400.0,26.61,26.3,26.339000000000006,26.64,28.6,43.95,-0.4,-0.55,0.15,通宇通讯,计算机、通信和其他电子设备制造业,主板,26.482500000000037,26.597500000000018,26.243333333333357,26.355000000000008,28.42978723404255
2792,2020-05-15,26.2,26.09,26.46,25.96,26.1,37624.3,98585300.0,26.4,26.36,26.321000000000005,26.6,28.6,43.89,-0.4,-0.52,0.12,通宇通讯,计算机、通信和其他电子设备制造业,主板,26.30500000000004,26.617500000000017,26.260000000000023,26.315000000000005,28.317021276595735
2792,2020-05-18,26.0,24.85,26.08,24.78,26.09,68260.5,172082000.0,26.01,26.37,26.263500000000004,26.53,28.57,36.46,-0.5,-0.51,0.01,通宇通讯,计算机、通信和其他电子设备制造业,主板,25.87000000000004,26.391250000000017,26.160000000000025,26.193125000000006,28.1627659574468
2792,2020-05-19,25.1,25.16,25.27,24.85,24.85,32978.6,82593700.0,25.73,26.3,26.206500000000005,26.48,28.55,39.23,-0.54,-0.52,-0.02,通宇通讯,计算机、通信和其他电子设备制造业,主板,25.55000000000004,26.14375000000002,26.13833333333336,26.078125000000007,27.977446808510635
2792,2020-05-20,25.2,24.66,25.2,24.64,25.16,37849.7,94018900.0,25.37,26.1,26.122000000000003,26.37,28.51,36.47,-0.61,-0.54,-0.07,通宇通讯,计算机、通信和其他电子设备制造业,主板,25.19000000000004,25.836250000000017,26.12833333333336,25.980000000000008,27.72191489361702
2792,2020-05-21,24.92,24.56,24.92,24.4,24.66,28505.5,70257900.0,25.06,25.84,26.0135,26.28,28.46,35.92,-0.66,-0.56,-0.1,通宇通讯,计算机、通信和其他电子设备制造业,主板,24.80750000000004,25.556250000000016,26.014166666666693,25.89687500000001,27.500212765957443
2792,2020-05-22,24.5,24.62,24.95,24.4,24.56,32493.2,80325300.0,24.77,25.59,25.904500000000002,26.17,28.36,36.53,-0.69,-0.59,-0.1,通宇通讯,计算机、通信和其他电子设备制造业,主板,24.750000000000043,25.310000000000016,25.84416666666669,25.807500000000008,27.298510638297866
2792,2020-05-25,24.44,23.78,24.62,23.66,24.62,32228.1,77358400.0,24.56,25.28,25.7435,26.04,28.2,31.93,-0.77,-0.62,-0.15,通宇通讯,计算机、通信和其他电子设备制造业,主板,24.405000000000044,24.977500000000017,25.564166666666694,25.70500000000001,27.095531914893613
2792,2020-05-26,23.95,24.19,24.22,23.9,23.78,24659.8,59339600.0,24.36,25.04,25.6415,25.91,28.07,36.16,-0.8,-0.66,-0.14,通宇通讯,计算机、通信和其他电子设备制造业,主板,24.287500000000044,24.738750000000017,25.320000000000025,25.66812500000001,26.972127659574465
2792,2020-05-27,24.4,24.59,24.68,24.08,24.19,33944.6,82883300.0,24.35,24.86,25.576500000000003,25.84,27.96,40.07,-0.78,-0.68,-0.1,通宇通讯,计算机、通信和其他电子设备制造业,主板,24.295000000000044,24.551250000000017,25.135833333333355,25.58437500000001,26.87765957446808
2792,2020-05-28,24.58,24.14,24.62,23.86,24.59,30118.5,72845700.0,24.26,24.66,25.481,25.78,27.9,37.3,-0.78,-0.7,-0.08,通宇通讯,计算机、通信和其他电子设备制造业,主板,24.175000000000043,24.462500000000016,24.93166666666669,25.426875000000006,26.787234042553187
2792,2020-05-29,23.99,23.68,24.12,23.66,24.14,30282.2,72198100.0,24.08,24.42,25.394000000000002,25.69,27.8,34.67,-0.81,-0.72,-0.09,通宇通讯,计算机、通信和其他电子设备制造业,主板,24.15000000000004,24.277500000000018,24.701666666666693,25.210625000000007,26.648510638297868
2792,2020-06-01,23.83,24.71,24.78,23.83,23.68,54087.0,132213000.0,24.26,24.41,25.390500000000003,25.65,27.71,44.18,-0.76,-0.73,-0.03,通宇通讯,计算机、通信和其他电子设备制造业,主板,24.280000000000044,24.28375000000002,24.585833333333355,25.060000000000006,26.528936170212763
2792,2020-06-02,24.75,24.86,25.04,24.58,24.71,46360.0,115216000.0,24.4,24.38,25.337000000000003,25.6,27.6,45.42,-0.68,-0.72,0.04,通宇通讯,计算机、通信和其他电子设备制造业,主板,24.347500000000043,24.32125000000002,24.48333333333336,24.938750000000006,26.414255319148932
2792,2020-06-03,24.9,24.58,25.09,24.39,24.86,59500.4,146816000.0,24.39,24.37,25.233,25.54,27.49,43.47,-0.65,-0.71,0.06,通宇通讯,计算机、通信和其他电子设备制造业,主板,24.457500000000042,24.316250000000018,24.460833333333355,24.813125000000007,26.270638297872335
2792,2020-06-04,24.62,24.31,24.75,24.3,24.58,32277.1,78808600.0,24.43,24.35,25.091500000000003,25.46,27.36,41.62,-0.62,-0.69,0.07,通宇通讯,计算机、通信和其他电子设备制造业,主板,24.615000000000045,24.382500000000018,24.39000000000002,24.680000000000007,26.123404255319144
2792,2020-06-05,24.25,24.35,24.49,24.07,24.31,27600.4,66994600.0,24.56,24.32,24.953000000000003,25.38,27.2,42.01,-0.6,-0.67,0.07,通宇通讯,计算机、通信和其他电子设备制造业,主板,24.52500000000004,24.402500000000018,24.364166666666687,24.570625000000007,25.998510638297866
2792,2020-06-08,24.62,24.78,25.27,24.5,24.35,53793.8,134245000.0,24.58,24.42,24.852,25.3,27.0,46.22,-0.54,-0.65,0.11,通宇通讯,计算机、通信和其他电子设备制造业,主板,24.50500000000004,24.426250000000017,24.382500000000018,24.488750000000007,25.898510638297864
2792,2020-06-09,24.74,24.62,24.78,24.36,24.78,32981.7,80888600.0,24.53,24.46,24.7535,25.25,26.83,44.92,-0.5,-0.62,0.12,通宇通讯,计算机、通信和其他电子设备制造业,主板,24.515000000000043,24.48625000000002,24.382500000000018,24.474375000000006,25.839361702127647
2792,2020-06-10,24.68,24.33,24.68,24.27,24.62,27239.4,66455200.0,24.48,24.44,24.648,25.2,26.67,42.57,-0.49,-0.59,0.1,通宇通讯,计算机、通信和其他电子设备制造业,主板,24.520000000000042,24.567500000000017,24.428333333333352,24.422500000000003,25.782553191489345
2792,2020-06-11,24.48,24.33,24.8,24.26,24.33,34605.1,84850500.0,24.48,24.46,24.559499999999996,25.14,26.52,42.57,-0.47,-0.57,0.1,通宇通讯,计算机、通信和其他电子设备制造业,主板,24.515000000000043,24.520000000000014,24.440000000000015,24.401875,25.73382978723403
2792,2020-06-12,23.66,23.99,24.17,23.61,24.33,32612.1,78075100.0,24.41,24.49,24.4545,25.09,26.42,39.74,-0.48,-0.55,0.07,通宇通讯,计算机、通信和其他电子设备制造业,主板,24.31750000000004,24.411250000000017,24.39000000000002,24.36625,25.650638297872323
2792,2020-06-15,23.88,23.67,24.12,23.64,23.99,28538.1,68054600.0,24.19,24.38,24.3955,25.05,26.33,37.23,-0.5,-0.54,0.04,通宇通讯,计算机、通信和其他电子设备制造业,主板,24.08000000000004,24.29750000000002,24.350833333333355,24.306875,25.57510638297871
2792,2020-06-16,24.03,24.66,24.69,24.03,23.67,53615.8,131404000.0,24.2,24.36,24.370499999999996,25.01,26.26,48.13,-0.44,-0.52,0.08,通宇通讯,计算机、通信和其他电子设备制造业,主板,24.16250000000004,24.34125000000002,24.432500000000022,24.361875000000005,25.506595744680837
2792,2020-06-17,24.75,24.54,24.88,24.42,24.66,36718.8,90247800.0,24.24,24.36,24.364499999999996,24.94,26.17,47.07,-0.39,-0.49,0.1,通宇通讯,计算机、通信和其他电子设备制造业,主板,24.215000000000042,24.36500000000002,24.41833333333336,24.383750000000006,25.436808510638283
2792,2020-06-18,24.58,25.14,25.24,24.3,24.54,73923.0,184278000.0,24.4,24.44,24.393499999999996,24.87,26.08,52.71,-0.31,-0.46,0.15,通宇通讯,计算机、通信和其他电子设备制造业,主板,24.502500000000044,24.41000000000002,24.44166666666669,24.418125000000007,25.373404255319137
2792,2020-06-19,24.98,24.87,25.07,24.6,25.14,53579.7,133070000.0,24.58,24.49,24.405999999999995,24.8,25.99,50.12,-0.26,-0.42,0.16,通宇通讯,计算机、通信和其他电子设备制造业,主板,24.802500000000045,24.44125000000002,24.46583333333336,24.463750000000008,25.33489361702126
2792,2020-06-22,24.87,24.88,25.12,24.72,24.87,51294.9,127672000.0,24.82,24.5,24.460999999999995,24.74,25.89,50.22,-0.21,-0.38,0.17,通宇通讯,计算机、通信和其他电子设备制造业,主板,24.857500000000044,24.51000000000002,24.51333333333336,24.538750000000007,25.31319148936169
2792,2020-06-23,24.76,24.66,24.9,24.43,24.88,38509.5,94694200.0,24.82,24.51,24.484499999999993,24.67,25.78,47.99,-0.19,-0.34,0.15,通宇通讯,计算机、通信和其他电子设备制造业,主板,24.887500000000045,24.551250000000017,24.53916666666669,24.53562500000001,25.27510638297871
2792,2020-06-24,24.66,24.88,25.08,24.55,24.66,40903.2,101639000.0,24.89,24.56,24.499,24.62,25.69,50.36,-0.15,-0.3,0.15,通宇通讯,计算机、通信和其他电子设备制造业,主板,24.822500000000044,24.662500000000016,24.547500000000024,24.53687500000001,25.25127659574467
2792,2020-06-29,24.53,24.2,24.88,24.03,24.88,37809.5,91967100.0,24.7,24.55,24.502,24.56,25.6,43.73,-0.19,-0.28,0.09,通宇通讯,计算机、通信和其他电子设备制造业,主板,24.655000000000044,24.728750000000012,24.51250000000002,24.51312500000001,25.206595744680843
2792,2020-06-30,24.2,24.58,24.76,24.2,24.2,42852.6,105463000.0,24.64,24.61,24.547,24.51,25.55,47.86,-0.17,-0.26,0.09,通宇通讯,计算机、通信和其他电子设备制造业,主板,24.580000000000044,24.71875000000001,24.533333333333356,24.53000000000001,25.168936170212756
2792,2020-07-01,24.8,24.74,25.15,24.63,24.58,44495.0,110496000.0,24.61,24.71,24.548499999999997,24.5,25.52,49.54,-0.15,-0.24,0.09,通宇通讯,计算机、通信和其他电子设备制造业,主板,24.600000000000044,24.743750000000013,24.567500000000024,24.554375000000007,25.12659574468084
2792,2020-07-02,24.82,25.11,25.16,24.82,24.74,54815.3,137180000.0,24.7,24.76,24.560999999999996,24.5,25.49,53.29,-0.1,-0.21,0.11,通宇通讯,计算机、通信和其他电子设备制造业,主板,24.657500000000045,24.740000000000016,24.660833333333358,24.57500000000001,25.09063829787233
2792,2020-07-03,25.27,25.19,25.28,24.99,25.11,53726.4,135020000.0,24.76,24.82,24.5915,24.52,25.44,54.08,-0.05,-0.18,0.13,通宇通讯,计算机、通信和其他电子设备制造业,主板,24.905000000000044,24.780000000000015,24.787500000000023,24.61062500000001,25.05212765957446
2792,2020-07-06,25.5,26.81,26.86,25.5,25.19,98027.4,257924000.0,25.29,24.99,24.7165,24.59,25.44,66.5,0.12,-0.12,0.24,通宇通讯,计算机、通信和其他电子设备制造业,主板,25.462500000000045,25.021250000000016,24.966666666666686,24.76562500000001,25.064468085106373
2792,2020-07-07,27.5,26.8,27.51,26.41,26.81,117743.0,319045000.0,25.73,25.18,24.839,24.67,25.42,66.38,0.25,-0.04,0.29,通宇通讯,计算机、通信和其他电子设备制造业,主板,25.977500000000045,25.288750000000018,25.15500000000002,24.920000000000012,25.08382978723403
2792,2020-07-08,26.61,27.21,27.3,26.48,26.8,77843.8,210428000.0,26.22,25.42,24.960500000000003,24.78,25.41,68.85,0.37,0.04,0.33,通宇通讯,计算机、通信和其他电子设备制造业,主板,26.502500000000044,25.58000000000002,25.32750000000002,25.12125000000001,25.10851063829786
2792,2020-07-09,27.19,28.28,28.35,27.02,27.21,114682.0,320544000.0,26.86,25.78,25.1435,24.92,25.41,74.17,0.56,0.14,0.42,通宇通讯,计算机、通信和其他电子设备制造业,主板,27.27500000000005,26.09000000000002,25.61166666666669,25.409375000000008,25.169361702127645
2792,2020-07-10,28.14,27.41,28.25,27.3,28.28,97411.8,269810000.0,27.3,26.03,25.2975,25.01,25.42,64.51,0.63,0.24,0.39,通宇通讯,计算机、通信和其他电子设备制造业,主板,27.425000000000047,26.443750000000023,25.822500000000023,25.581250000000008,25.22531914893616
2792,2020-07-13,27.32,27.87,27.96,27.21,27.41,83223.1,230105000.0,27.51,26.4,25.4745,25.13,25.46,66.96,0.71,0.33,0.38,通宇通讯,计算机、通信和其他电子设备制造业,主板,27.69250000000005,26.835000000000022,26.09000000000002,25.789375000000007,25.266595744680835
2792,2020-07-14,27.75,27.17,28.06,26.66,27.87,90477.3,247476000.0,27.59,26.66,25.633499999999998,25.25,25.47,60.16,0.71,0.41,0.3,通宇通讯,计算机、通信和其他电子设备制造业,主板,27.682500000000047,27.092500000000022,26.28083333333336,25.91625000000001,25.27744680851062
2792,2020-07-15,27.29,25.92,27.53,25.83,27.17,85065.0,225918000.0,27.33,26.78,25.746,25.29,25.47,50.32,0.61,0.45,0.16,通宇通讯,计算机、通信和其他电子设备制造业,主板,27.09250000000005,27.183750000000025,26.424166666666693,25.98187500000001,25.251489361702113
2792,2020-07-16,25.94,24.75,26.16,24.69,25.92,67986.3,173138000.0,26.62,26.74,25.7505,25.29,25.44,43.2,0.42,0.44,-0.02,通宇通讯,计算机、通信和其他电子设备制造业,主板,26.42750000000005,26.926250000000024,26.43833333333336,25.97375000000001,25.20106382978722
2792,2020-07-17,24.78,24.47,25.0,24.15,24.75,50961.1,125275000.0,26.04,26.67,25.747000000000003,25.28,25.41,41.68,0.25,0.4,-0.15,通宇通讯,计算机、通信和其他电子设备制造业,主板,25.57750000000005,26.635000000000023,26.415833333333364,25.96187500000001,25.151489361702115
2792,2020-07-20,24.57,25.03,25.07,24.36,24.47,40871.4,101235000.0,25.47,26.49,25.741500000000002,25.31,25.38,45.79,0.16,0.36,-0.2,通宇通讯,计算机、通信和其他电子设备制造业,主板,25.04250000000005,26.362500000000022,26.409166666666692,25.971250000000012,25.118297872340413
2792,2020-07-21,25.03,24.81,25.3,24.66,25.03,36656.5,91280900.0,25.0,26.29,25.7385,25.32,25.35,44.46,0.06,0.3,-0.24,通宇通讯,计算机、通信和其他电子设备制造业,主板,24.76500000000005,25.928750000000022,26.377500000000026,26.009375000000013,25.083617021276584
2792,2020-07-22,24.84,24.76,25.16,24.55,24.81,33505.5,83362800.0,24.76,26.05,25.732499999999998,25.32,25.31,44.15,-0.02,0.23,-0.25,通宇通讯,计算机、通信和其他电子设备制造业,主板,24.76750000000005,25.59750000000002,26.206666666666692,26.020625000000013,25.05510638297871
2792,2020-07-23,24.62,24.28,24.62,23.75,24.76,49953.2,120391000.0,24.67,25.65,25.7135,25.31,25.28,41.16,-0.11,0.16,-0.27,通宇通讯,计算机、通信和其他电子设备制造业,主板,24.720000000000052,25.14875000000002,25.996666666666695,25.991875000000014,25.016595744680842
2792,2020-07-24,24.28,23.81,24.71,23.69,24.28,43670.6,105109000.0,24.54,25.29,25.659999999999997,25.29,25.25,38.41,-0.22,0.09,-0.31,通宇通讯,计算机、通信和其他电子设备制造业,主板,24.415000000000052,24.72875000000002,25.713333333333363,25.910625000000014,24.994468085106373
2792,2020-07-27,24.0,23.93,24.12,23.67,23.81,24759.8,59146700.0,24.32,24.89,25.646499999999993,25.28,25.21,39.52,-0.3,0.01,-0.31,通宇通讯,计算机、通信和其他电子设备制造业,主板,24.19500000000005,24.480000000000018,25.350833333333366,25.831875000000014,24.968297872340415
2792,2020-07-28,24.11,23.94,24.21,23.81,23.93,19818.6,47572100.0,24.14,24.57,25.614499999999992,25.28,25.19,39.62,-0.35,-0.06,-0.29,通宇通讯,计算机、通信和其他电子设备制造业,主板,23.990000000000048,24.378750000000018,25.061666666666696,25.652500000000014,24.952978723404247
2792,2020-07-29,23.94,24.36,24.39,23.83,23.94,29861.4,72184800.0,24.06,24.41,25.595499999999994,25.3,25.18,43.73,-0.37,-0.12,-0.25,通宇通讯,计算机、通信和其他电子设备制造业,主板,24.010000000000048,24.36500000000002,24.769166666666695,25.500000000000014,24.948723404255308
2792,2020-07-30,24.62,24.4,25.03,24.36,24.36,36098.6,88997400.0,24.09,24.38,25.55999999999999,25.29,25.15,44.12,-0.36,-0.17,-0.19,通宇通讯,计算机、通信和其他电子设备制造业,主板,24.15750000000005,24.28625000000002,24.53833333333336,25.324375000000014,24.944042553191483
2792,2020-07-31,24.55,24.55,24.74,24.24,24.4,29486.1,72256800.0,24.24,24.39,25.527999999999988,25.29,25.12,45.64,-0.34,-0.2,-0.14,通宇通讯,计算机、通信和其他电子设备制造业,主板,24.31250000000005,24.25375000000002,24.424166666666693,25.091250000000016,24.960425531914886
2792,2020-08-03,24.68,24.86,24.97,24.68,24.55,39305.2,97644200.0,24.42,24.37,25.430499999999988,25.28,25.08,48.74,-0.3,-0.22,-0.08,通宇通讯,计算机、通信和其他电子设备制造业,主板,24.54250000000005,24.26625000000002,24.433333333333362,24.931875000000016,24.97468085106382
2792,2020-08-04,24.86,24.95,25.11,24.59,24.86,35143.7,86920300.0,24.62,24.38,25.337999999999987,25.29,25.04,49.64,-0.25,-0.23,-0.02,通宇通讯,计算机、通信和其他电子设备制造业,主板,24.69000000000005,24.35000000000002,24.473333333333358,24.749375000000015,24.982340425531905
2792,2020-08-05,24.95,24.81,25.21,24.64,24.95,29650.2,73625900.0,24.71,24.39,25.217999999999986,25.28,25.01,48.23,-0.23,-0.23,0.0,通宇通讯,计算机、通信和其他电子设备制造业,主板,24.792500000000054,24.47500000000002,24.455000000000023,24.601875000000014,24.99659574468084
2792,2020-08-06,24.75,24.35,24.75,24.28,24.81,37732.3,92185000.0,24.7,24.4,25.021499999999985,25.27,24.97,43.8,-0.24,-0.23,-0.01,通宇通讯,计算机、通信和其他电子设备制造业,主板,24.742500000000053,24.527500000000018,24.41666666666669,24.503750000000014,25.010851063829772
2792,2020-08-07,24.35,24.06,24.67,23.9,24.35,34699.4,84087100.0,24.61,24.42,24.85399999999998,25.25,24.93,41.23,-0.27,-0.24,-0.03,通宇通讯,计算机、通信和其他电子设备制造业,主板,24.542500000000054,24.542500000000018,24.35833333333336,24.460625000000014,24.997021276595728
2792,2020-08-10,24.04,24.15,24.35,23.93,24.06,26015.0,62841300.0,24.46,24.44,24.667999999999985,25.25,24.9,42.36,-0.29,-0.25,-0.04,通宇通讯,计算机、通信和其他电子设备制造业,主板,24.342500000000054,24.51625000000002,24.347500000000025,24.44062500000001,24.98191489361701
2792,2020-08-11,24.15,23.93,24.35,23.82,24.15,28978.0,69734100.0,24.26,24.44,24.50599999999998,25.22,24.86,40.32,-0.32,-0.26,-0.06,通宇通讯,计算机、通信和其他电子设备制造业,主板,24.122500000000052,24.45750000000002,24.357500000000027,24.37187500000001,24.96808510638297
2792,2020-08-12,23.98,23.68,23.98,23.52,23.93,29309.7,69426400.0,24.03,24.37,24.39399999999998,25.19,24.85,38.08,-0.35,-0.28,-0.07,通宇通讯,计算机、通信和其他电子设备制造业,主板,23.955000000000055,24.34875000000002,24.33666666666669,24.30125000000001,24.954680851063824
2792,2020-08-13,23.69,23.68,23.95,23.61,23.68,17726.3,42058300.0,23.9,24.3,24.34049999999998,25.14,24.82,38.08,-0.37,-0.3,-0.07,通宇通讯,计算机、通信和其他电子设备制造业,主板,23.860000000000056,24.201250000000023,24.315000000000026,24.23375000000001,24.94042553191489
2792,2020-08-14,23.68,23.75,23.89,23.53,23.68,20950.8,49652600.0,23.84,24.22,24.30449999999998,25.09,24.81,39.17,-0.38,-0.31,-0.07,通宇通讯,计算机、通信和其他电子设备制造业,主板,23.760000000000055,24.051250000000024,24.264166666666693,24.20062500000001,24.918510638297867
2792,2020-08-17,23.9,24.06,24.07,23.71,23.75,29365.3,70347000.0,23.82,24.14,24.25599999999998,25.0,24.8,43.92,-0.36,-0.32,-0.04,通宇通讯,计算机、通信和其他电子设备制造业,主板,23.792500000000054,23.957500000000024,24.23583333333336,24.21625000000001,24.90659574468085
2792,2020-08-18,24.16,23.93,24.21,23.9,24.06,23165.9,55611200.0,23.82,24.04,24.21199999999998,24.91,24.79,42.43,-0.35,-0.33,-0.02,通宇通讯,计算机、通信和其他电子设备制造业,主板,23.855000000000054,23.905000000000026,24.184166666666695,24.21625000000001,24.89808510638298
2792,2020-08-19,23.85,23.62,23.88,23.55,23.93,26311.8,62355500.0,23.81,23.92,24.15499999999998,24.79,24.78,39.02,-0.37,-0.34,-0.03,通宇通讯,计算机、通信和其他电子设备制造业,主板,23.840000000000053,23.850000000000026,24.08083333333336,24.19625000000001,24.882978723404257
2792,2020-08-20,23.55,23.5,23.66,23.15,23.62,17176.3,40301300.0,23.77,23.84,24.11599999999998,24.63,24.77,37.75,-0.38,-0.35,-0.03,通宇通讯,计算机、通信和其他电子设备制造业,主板,23.777500000000053,23.768750000000026,23.960000000000026,24.14250000000001,24.872553191489363
2792,2020-08-21,23.51,23.3,23.74,23.26,23.5,20314.3,47660500.0,23.68,23.76,24.09049999999998,24.49,24.75,35.67,-0.4,-0.36,-0.04,通宇通讯,计算机、通信和其他电子设备制造业,主板,23.587500000000052,23.690000000000026,23.834166666666693,24.07375000000001,24.864680851063827
2792,2020-08-24,23.32,23.41,23.58,23.08,23.3,19237.1,44875300.0,23.55,23.69,24.06449999999998,24.34,24.74,37.7,-0.4,-0.37,-0.03,通宇通讯,计算机、通信和其他电子设备制造业,主板,23.457500000000053,23.656250000000025,23.75583333333336,24.002500000000012,24.838085106382977
2792,2020-08-25,23.42,23.22,23.56,23.2,23.41,19592.8,45760400.0,23.41,23.62,24.028499999999983,24.21,24.73,35.61,-0.42,-0.38,-0.04,通宇通讯,计算机、通信和其他电子设备制造业,主板,23.35750000000005,23.598750000000024,23.68583333333336,23.900000000000013,24.81
2792,2020-08-26,23.21,22.51,23.37,22.51,23.22,38719.2,88280000.0,23.19,23.5,23.935999999999982,24.1,24.69,29.11,-0.48,-0.4,-0.08,通宇通讯,计算机、通信和其他电子设备制造业,主板,23.110000000000053,23.443750000000023,23.549166666666693,23.747500000000013,24.754042553191486
2792,2020-08-27,22.51,22.39,22.8,22.03,22.51,27729.2,61961200.0,22.97,23.37,23.835499999999982,24.02,24.65,28.18,-0.53,-0.42,-0.11,通宇通讯,计算机、通信和其他电子设备制造业,主板,22.882500000000054,23.23500000000002,23.42083333333336,23.596250000000012,24.70127659574468
2792,2020-08-28,22.4,22.58,22.69,22.22,22.39,19509.7,43910400.0,22.82,23.25,23.73699999999998,23.95,24.62,31.91,-0.56,-0.45,-0.11,通宇通讯,计算机、通信和其他电子设备制造业,主板,22.675000000000054,23.066250000000018,23.32916666666669,23.48562500000001,24.65234042553191
2792,2020-08-31,22.7,22.86,23.25,22.58,22.58,29020.7,66491900.0,22.71,23.13,23.63699999999998,23.88,24.59,37.1,-0.54,-0.47,-0.07,通宇通讯,计算机、通信和其他电子设备制造业,主板,22.585000000000054,22.97125000000002,23.260833333333355,23.41062500000001,24.61404255319148
2792,2020-09-01,22.87,22.71,23.02,22.62,22.86,17718.2,40321000.0,22.61,23.01,23.52499999999998,23.81,24.57,35.54,-0.54,-0.48,-0.06,通宇通讯,计算机、通信和其他电子设备制造业,主板,22.63500000000005,22.87250000000002,23.17416666666669,23.32062500000001,24.567872340425524
2792,2020-09-02,22.92,22.99,23.0,22.66,22.71,19505.1,44535800.0,22.71,22.95,23.43399999999998,23.75,24.54,40.57,-0.51,-0.49,-0.02,通宇通讯,计算机、通信和其他电子设备制造业,主板,22.78500000000005,22.83375000000002,23.085000000000022,23.26187500000001,24.542127659574458
2792,2020-09-03,23.03,23.0,23.16,22.8,22.99,21586.0,49620100.0,22.83,22.9,23.36649999999998,23.71,24.51,40.74,-0.47,-0.48,0.01,通宇通讯,计算机、通信和其他电子设备制造业,主板,22.89000000000005,22.78250000000002,23.00750000000002,23.21937500000001,24.508510638297864
2792,2020-09-04,22.77,22.93,23.19,22.7,23.0,21526.1,49514500.0,22.9,22.86,23.30999999999998,23.68,24.49,39.84,-0.45,-0.48,0.03,通宇通讯,计算机、通信和其他电子设备制造业,主板,22.907500000000052,22.74625000000002,22.95000000000002,23.17250000000001,24.46999999999999
2792,2020-09-07,23.0,22.72,23.19,22.6,22.93,19972.5,45844800.0,22.87,22.79,23.23849999999998,23.64,24.46,37.19,-0.44,-0.47,0.03,通宇通讯,计算机、通信和其他电子设备制造业,主板,22.910000000000053,22.772500000000022,22.88500000000002,23.10812500000001,24.41914893617021
2792,2020-09-08,22.85,22.78,22.93,22.56,22.72,16542.6,37659300.0,22.88,22.75,23.18099999999998,23.6,24.44,38.45,-0.43,-0.46,0.03,通宇通讯,计算机、通信和其他电子设备制造业,主板,22.857500000000055,22.82125000000002,22.841666666666683,23.028125000000006,24.367872340425528
2792,2020-09-09,22.61,22.08,22.75,22.08,22.78,26070.7,58205500.0,22.7,22.7,23.100999999999978,23.53,24.41,30.71,-0.47,-0.46,-0.01,通宇通讯,计算机、通信和其他电子设备制造业,主板,22.627500000000055,22.75875000000002,22.730833333333347,22.912500000000005,24.267234042553184
2792,2020-09-10,22.35,21.0,22.4,20.99,22.08,34084.7,73527400.0,22.3,22.56,22.966999999999977,23.41,24.35,23.02,-0.58,-0.49,-0.09,通宇通讯,计算机、通信和其他电子设备制造业,主板,22.145000000000053,22.52625000000002,22.54583333333335,22.748750000000005,24.143829787234036
2792,2020-09-11,21.02,20.94,21.19,20.59,21.0,20766.7,43218700.0,21.9,22.4,22.826499999999978,23.29,24.29,22.68,-0.66,-0.52,-0.14,通宇通讯,计算机、通信和其他电子设备制造业,主板,21.700000000000053,22.305000000000017,22.415000000000017,22.588750000000005,24.01042553191489
2792,2020-09-14,21.29,21.32,21.45,20.96,20.94,17254.7,36703800.0,21.62,22.25,22.689499999999978,23.17,24.23,29.75,-0.69,-0.56,-0.13,通宇通讯,计算机、通信和其他电子设备制造业,主板,21.33500000000005,22.096250000000015,22.32583333333335,22.465000000000003,23.862340425531908
2792,2020-09-15,21.33,21.14,21.38,21.11,21.32,11202.0,23730300.0,21.3,22.09,22.549999999999976,23.05,24.17,28.43,-0.73,-0.59,-0.14,通宇通讯,计算机、通信和其他电子设备制造业,主板,21.10000000000005,21.863750000000017,22.20583333333335,22.323125,23.728936170212762
2792,2020-09-16,21.08,21.16,21.27,20.91,21.14,15651.5,32987800.0,21.11,21.91,22.42699999999998,22.92,24.1,28.81,-0.74,-0.62,-0.12,通宇通讯,计算机、通信和其他电子设备制造业,主板,21.14000000000005,21.642500000000016,22.064166666666683,22.194375,23.586170212765957
2792,2020-09-17,21.1,21.31,21.48,21.01,21.16,12270.8,26057400.0,21.17,21.74,22.317499999999978,22.82,24.05,31.73,-0.72,-0.64,-0.08,通宇通讯,计算机、通信和其他电子设备制造业,主板,21.23250000000005,21.466250000000016,21.94750000000002,22.119375,23.461489361702125
2792,2020-09-18,22.41,23.44,23.44,22.3,21.31,56733.7,130862000.0,21.67,21.79,22.32449999999998,22.8,24.02,58.09,-0.54,-0.62,0.08,通宇通讯,计算机、通信和其他电子设备制造业,主板,21.762500000000053,21.548750000000016,21.985000000000017,22.185000000000002,23.408723404255316
2792,2020-09-21,23.21,22.79,23.62,22.7,23.44,65091.6,149667000.0,21.97,21.8,22.293499999999977,22.76,24.0,51.55,-0.44,-0.58,0.14,通宇通讯,计算机、通信和其他电子设备制造业,主板,22.17500000000005,21.637500000000017,21.96750000000002,22.198125000000005,23.36702127659574
2792,2020-09-22,22.5,22.5,22.72,22.23,22.79,25126.7,56522000.0,22.24,21.77,22.257499999999975,22.71,23.97,48.9,-0.38,-0.54,0.16,通宇通讯,计算机、通信和其他电子设备制造业,主板,22.51000000000005,21.825000000000017,21.931666666666686,22.175625000000004,23.325106382978717
2792,2020-09-23,22.5,22.07,22.63,22.07,22.5,27217.8,60608200.0,22.42,21.77,22.235499999999977,22.66,23.92,45.2,-0.37,-0.51,0.14,通宇通讯,计算机、通信和其他电子设备制造业,主板,22.700000000000053,21.966250000000016,21.877500000000015,22.135625000000005,23.26212765957446
2792,2020-09-24,22.2,21.74,22.57,21.72,22.07,25480.5,56363700.0,22.51,21.84,22.202999999999978,22.59,23.87,42.54,-0.37,-0.48,0.11,通宇通讯,计算机、通信和其他电子设备制造业,主板,22.275000000000052,22.01875000000002,21.790833333333353,22.057500000000005,23.19680851063829
2792,2020-09-25,21.75,21.39,22.09,21.33,21.74,18166.5,39092700.0,22.1,21.89,22.143499999999978,22.51,23.8,39.86,-0.4,-0.46,0.06,通宇通讯,计算机、通信和其他电子设备制造业,主板,21.925000000000054,22.05000000000002,21.733333333333352,21.956875000000004,23.12510638297872
2792,2020-09-28,21.4,21.03,21.54,21.0,21.39,12246.6,25967200.0,21.75,21.86,22.051999999999975,22.41,23.71,37.25,-0.45,-0.46,0.01,通宇通讯,计算机、通信和其他电子设备制造业,主板,21.557500000000054,22.03375000000002,21.735833333333357,21.838125,23.05595744680851
2792,2020-09-29,21.05,21.14,21.46,21.05,21.03,13617.1,28946400.0,21.47,21.86,21.973499999999976,22.32,23.61,38.57,-0.48,-0.47,-0.01,通宇通讯,计算机、通信和其他电子设备制造业,主板,21.325000000000053,22.012500000000017,21.752500000000023,21.739375000000003,22.999148936170215
2792,2020-09-30,21.05,21.23,21.37,20.89,21.14,14735.4,31242800.0,21.31,21.86,21.885499999999976,22.24,23.51,39.69,-0.47,-0.47,0.0,通宇通讯,计算机、通信和其他电子设备制造业,主板,21.197500000000055,21.736250000000016,21.745000000000022,21.642500000000005,22.941702127659575
2792,2020-10-09,21.51,21.45,21.83,21.42,21.23,22042.7,47539700.0,21.25,21.88,21.807999999999975,22.17,23.4,42.45,-0.46,-0.47,0.01,通宇通讯,计算机、通信和其他电子设备制造业,主板,21.212500000000055,21.568750000000016,21.770833333333357,21.603125000000006,22.88872340425532
2792,2020-10-12,21.59,22.06,22.1,21.59,21.45,25608.5,56042100.0,21.38,21.74,21.764499999999977,22.13,23.31,49.36,-0.39,-0.45,0.06,通宇通讯,计算机、通信和其他电子设备制造业,主板,21.470000000000056,21.513750000000016,21.845833333333356,21.669375000000006,22.839787234042554
2792,2020-10-13,21.94,21.95,22.18,21.82,22.06,14133.8,31005000.0,21.57,21.66,21.725999999999978,22.08,23.21,48.23,-0.34,-0.43,0.09,通宇通讯,计算机、通信和其他电子设备制造业,主板,21.672500000000056,21.498750000000015,21.899166666666687,21.732500000000005,22.787659574468083
2792,2020-10-14,21.81,21.73,21.94,21.66,21.95,13384.5,29150500.0,21.68,21.58,21.67349999999998,22.03,23.12,45.98,-0.31,-0.4,0.09,通宇通讯,计算机、通信和其他电子设备制造业,主板,21.797500000000056,21.497500000000013,21.75666666666669,21.758125000000007,22.727659574468085
2792,2020-10-15,21.67,21.73,22.02,21.62,21.73,13756.2,30031900.0,21.78,21.54,21.65599999999998,22.01,23.05,45.98,-0.3,-0.38,0.08,通宇通讯,计算机、通信和其他电子设备制造业,主板,21.867500000000057,21.540000000000013,21.668333333333354,21.79500000000001,22.66106382978724
2792,2020-10-16,21.67,21.45,21.76,21.32,21.73,13669.2,29366700.0,21.78,21.52,21.67849999999998,21.97,23.0,43.01,-0.3,-0.37,0.07,通宇通讯,计算机、通信和其他电子设备制造业,主板,21.715000000000057,21.592500000000012,21.580833333333356,21.813125000000007,22.586595744680853
2792,2020-10-19,21.75,21.6,22.2,21.59,21.45,16424.8,35921000.0,21.69,21.54,21.71149999999998,21.94,22.95,45.05,-0.28,-0.35,0.07,通宇通讯,计算机、通信和其他电子设备制造业,主板,21.627500000000058,21.650000000000013,21.54166666666669,21.831250000000008,22.51829787234043
2792,2020-10-20,21.51,21.73,21.79,21.35,21.6,12088.5,26167700.0,21.65,21.61,21.73199999999998,21.9,22.89,46.84,-0.25,-0.33,0.08,通宇通讯,计算机、通信和其他电子设备制造业,主板,21.627500000000058,21.712500000000013,21.540833333333357,21.72437500000001,22.462553191489366
2792,2020-10-21,21.74,21.36,21.78,21.33,21.73,11795.2,25301300.0,21.57,21.63,21.742999999999984,21.86,22.83,42.6,-0.26,-0.32,0.06,通宇通讯,计算机、通信和其他电子设备制造业,主板,21.535000000000057,21.701250000000016,21.53833333333336,21.63500000000001,22.405106382978726
2792,2020-10-22,21.25,21.38,21.63,21.05,21.36,10182.5,21789600.0,21.5,21.64,21.753999999999984,21.8,22.78,42.9,-0.26,-0.3,0.04,通宇通讯,计算机、通信和其他电子设备制造业,主板,21.517500000000055,21.616250000000015,21.567500000000024,21.56500000000001,22.346170212765962
2792,2020-10-23,21.42,21.27,21.6,21.18,21.38,8926.0,19055000.0,21.47,21.63,21.75199999999998,21.75,22.73,41.61,-0.27,-0.3,0.03,通宇通讯,计算机、通信和其他电子设备制造业,主板,21.435000000000052,21.531250000000018,21.578333333333358,21.515000000000008,22.28957446808511
2792,2020-10-26,21.19,21.22,21.46,20.99,21.27,8280.16,17522400.0,21.39,21.54,21.640999999999984,21.69,22.69,41.01,-0.27,-0.29,0.02,通宇通讯,计算机、通信和其他电子设备制造业,主板,21.30750000000005,21.46750000000002,21.577500000000025,21.48250000000001,22.237234042553194
2792,2020-10-27,21.18,21.12,21.27,20.91,21.22,12886.2,27177600.0,21.27,21.46,21.557499999999983,21.64,22.64,39.76,-0.28,-0.29,0.01,通宇通讯,计算机、通信和其他电子设备制造业,主板,21.247500000000052,21.39125000000002,21.550000000000026,21.46562500000001,22.182765957446808
2792,2020-10-28,21.34,21.04,21.34,20.79,21.12,10830.3,22687600.0,21.21,21.39,21.484499999999983,21.58,22.59,38.75,-0.29,-0.29,0.0,通宇通讯,计算机、通信和其他电子设备制造业,主板,21.16250000000005,21.34000000000002,21.46500000000003,21.46625000000001,22.12510638297872
2792,2020-10-29,20.79,20.96,21.06,20.66,21.04,12951.4,27099100.0,21.12,21.31,21.42899999999998,21.54,22.53,37.72,-0.31,-0.29,-0.02,通宇通讯,计算机、通信和其他电子设备制造业,主板,21.085000000000054,21.260000000000023,21.382500000000025,21.45500000000001,22.059148936170214
2792,2020-10-30,20.94,20.25,21.37,20.25,20.96,21412.3,44476400.0,20.92,21.19,21.35449999999998,21.52,22.46,30.05,-0.37,-0.31,-0.06,通宇通讯,计算机、通信和其他电子设备制造业,主板,20.842500000000054,21.075000000000024,21.259166666666694,21.393750000000008,21.980851063829785
2792,2020-11-02,20.23,19.39,20.28,19.23,20.25,29648.4,57800200.0,20.55,20.97,21.254499999999982,21.46,22.38,23.76,-0.48,-0.34,-0.14,通宇通讯,计算机、通信和其他电子设备制造业,主板,20.410000000000053,20.82875000000002,21.064166666666697,21.265000000000008,21.89085106382979
2792,2020-11-03,19.32,19.82,19.95,19.27,19.39,16046.5,31670000.0,20.29,20.78,21.19399999999998,21.42,22.29,31.49,-0.53,-0.38,-0.15,通宇通讯,计算机、通信和其他电子设备制造业,主板,20.105000000000054,20.63375000000002,20.928333333333367,21.125000000000007,21.812553191489364
2792,2020-11-04,19.83,19.73,20.0,19.53,19.82,12318.9,24300400.0,20.03,20.62,21.123499999999986,21.37,22.21,30.78,-0.57,-0.42,-0.15,通宇通讯,计算机、通信和其他电子设备制造业,主板,19.797500000000056,20.441250000000018,20.772500000000033,20.98625000000001,21.736595744680855
2792,2020-11-05,19.93,20.86,21.36,19.79,19.73,35985.2,73821500.0,20.01,20.57,21.104999999999983,21.36,22.14,46.84,-0.5,-0.43,-0.07,通宇通讯,计算机、通信和其他电子设备制造业,主板,19.950000000000056,20.39625000000002,20.700000000000035,20.93187500000001,21.682340425531915
2792,2020-11-06,21.0,20.85,21.2,20.65,20.86,26291.6,54961900.0,20.13,20.52,21.074999999999985,21.34,22.08,46.74,-0.44,-0.44,0.0,通宇通讯,计算机、通信和其他电子设备制造业,主板,20.315000000000058,20.36250000000002,20.65750000000003,20.87687500000001,21.631914893617022
2792,2020-11-09,21.0,21.32,21.55,20.97,20.85,30709.4,65387500.0,20.52,20.53,21.037999999999986,21.27,22.04,52.09,-0.36,-0.42,0.06,通宇通讯,计算机、通信和其他电子设备制造业,主板,20.69000000000006,20.39750000000002,20.652500000000032,20.86875000000001,21.606595744680853
2792,2020-11-10,21.37,21.06,21.41,20.98,21.32,17357.9,36743900.0,20.76,20.53,20.993499999999987,21.21,21.99,49.15,-0.31,-0.4,0.09,通宇通讯,计算机、通信和其他电子设备制造业,主板,21.02250000000006,20.410000000000018,20.63500000000003,20.835000000000008,21.578297872340425
2792,2020-11-11,21.07,20.55,21.12,20.55,21.06,14453.2,29946700.0,20.93,20.48,20.934499999999986,21.15,21.93,43.91,-0.31,-0.38,0.07,通宇通讯,计算机、通信和其他电子设备制造业,主板,20.94500000000006,20.44750000000002,20.579166666666698,20.761250000000008,21.53510638297872
2792,2020-11-12,20.55,20.51,20.79,20.4,20.55,9865.53,20268600.0,20.86,20.43,20.873499999999986,21.1,21.88,43.52,-0.3,-0.36,0.06,通宇通讯,计算机、通信和其他电子设备制造业,主板,20.860000000000063,20.58750000000002,20.528333333333364,20.708125000000006,21.485106382978724
2792,2020-11-13,20.51,20.34,20.58,20.22,20.51,10255.1,20897200.0,20.76,20.44,20.817999999999984,21.05,21.82,41.81,-0.31,-0.35,0.04,通宇通讯,计算机、通信和其他电子设备制造业,主板,20.615000000000066,20.65250000000002,20.47000000000003,20.643125000000005,21.43468085106383
2792,2020-11-16,20.61,20.31,20.63,20.26,20.34,9228.57,18800200.0,20.55,20.54,20.75349999999998,21.01,21.76,41.5,-0.32,-0.35,0.03,通宇通讯,计算机、通信和其他电子设备制造业,主板,20.427500000000066,20.725000000000023,20.41583333333336,20.583125000000006,21.377659574468087
2792,2020-11-17,20.41,20.17,20.42,19.93,20.31,14556.9,29220800.0,20.38,20.57,20.675499999999982,20.99,21.7,40.01,-0.33,-0.34,0.01,通宇通讯,计算机、通信和其他电子设备制造业,主板,20.332500000000067,20.638750000000023,20.409166666666692,20.517500000000005,21.31744680851064
2792,2020-11-18,20.16,20.17,20.35,20.05,20.17,8663.61,17512900.0,20.3,20.61,20.615999999999982,20.95,21.64,40.01,-0.34,-0.34,0.0,通宇通讯,计算机、通信和其他电子设备制造业,主板,20.247500000000066,20.553750000000026,20.474166666666694,20.458125000000006,21.25872340425532
2792,2020-11-19,20.16,20.17,20.34,19.96,20.17,9926.23,20041100.0,20.23,20.54,20.555499999999984,20.92,21.58,40.01,-0.33,-0.34,0.01,通宇通讯,计算机、通信和其他电子设备制造业,主板,20.205000000000066,20.410000000000025,20.503333333333362,20.403750000000006,21.204468085106384
2792,2020-11-20,20.16,20.2,20.31,20.05,20.17,7791.54,15705500.0,20.2,20.48,20.501999999999985,20.88,21.52,40.58,-0.33,-0.34,0.01,通宇通讯,计算机、通信和其他电子设备制造业,主板,20.177500000000066,20.302500000000023,20.54250000000003,20.356250000000006,21.14957446808511
2792,2020-11-23,20.19,20.24,20.3,19.96,20.2,15118.7,30431300.0,20.19,20.37,20.452999999999985,20.82,21.47,41.38,-0.32,-0.33,0.01,通宇通讯,计算机、通信和其他电子设备制造业,主板,20.195000000000064,20.263750000000023,20.49083333333336,20.355625000000007,21.110425531914895
2792,2020-11-24,20.38,20.21,20.38,20.15,20.24,12492.8,25316400.0,20.2,20.29,20.407499999999985,20.76,21.42,40.94,-0.31,-0.33,0.02,通宇通讯,计算机、通信和其他电子设备制造业,主板,20.205000000000066,20.226250000000025,20.437500000000025,20.406875000000007,21.093617021276597
2792,2020-11-25,20.21,20.68,20.97,20.08,20.21,35862.0,73855600.0,20.3,20.3,20.389499999999984,20.72,21.38,50.01,-0.26,-0.32,0.06,通宇通讯,计算机、通信和其他电子设备制造业,主板,20.332500000000064,20.268750000000026,20.38416666666669,20.460625000000007,21.08808510638298
2792,2020-11-26,20.55,20.88,21.2,20.48,20.68,24279.4,50673000.0,20.44,20.34,20.385499999999986,20.69,21.35,53.3,-0.2,-0.29,0.09,通宇通讯,计算机、通信和其他电子设备制造业,主板,20.50250000000006,20.340000000000025,20.36916666666669,20.532500000000006,21.078723404255317
2792,2020-11-27,20.98,20.8,21.17,20.59,20.88,17568.8,36508600.0,20.56,20.38,20.412999999999986,20.67,21.32,51.83,-0.16,-0.27,0.11,通宇通讯,计算机、通信和其他电子设备制造业,主板,20.642500000000062,20.418750000000024,20.390000000000025,20.528750000000006,21.071489361702124
2792,2020-11-30,20.81,20.64,20.95,20.47,20.8,16871.6,34876800.0,20.64,20.42,20.475499999999986,20.64,21.29,48.93,-0.14,-0.24,0.1,通宇通讯,计算机、通信和其他电子设备制造业,主板,20.750000000000064,20.47750000000002,20.400833333333356,20.515625000000004,21.06042553191489
2792,2020-12-01,20.6,20.67,20.71,20.52,20.64,12859.2,26526400.0,20.73,20.47,20.517999999999986,20.61,21.25,49.5,-0.12,-0.22,0.1,通宇通讯,计算机、通信和其他电子设备制造业,主板,20.747500000000066,20.54000000000002,20.42833333333336,20.475000000000005,21.046808510638296
2792,2020-12-02,20.69,21.08,21.3,20.61,20.67,24407.7,51203000.0,20.81,20.56,20.585499999999985,20.6,21.23,56.64,-0.07,-0.19,0.12,通宇通讯,计算机、通信和其他电子设备制造业,主板,20.797500000000067,20.65000000000002,20.492500000000025,20.476250000000004,20.99659574468085
2792,2020-12-03,21.14,20.95,21.28,20.91,21.08,14940.5,31465300.0,20.83,20.64,20.589999999999982,20.58,21.19,54.03,-0.04,-0.16,0.12,通宇通讯,计算机、通信和其他电子设备制造业,主板,20.83500000000007,20.738750000000017,20.557500000000022,20.501250000000002,20.95744680851064
2792,2020-12-04,20.95,20.88,21.07,20.7,20.95,13576.7,28258300.0,20.84,20.7,20.591499999999982,20.57,21.16,52.62,-0.02,-0.13,0.11,通宇通讯,计算机、通信和其他电子设备制造业,主板,20.895000000000067,20.822500000000016,20.61666666666669,20.524375000000003,20.922978723404256
2792,2020-12-07,20.88,20.68,20.9,20.66,20.88,10977.5,22811800.0,20.85,20.75,20.559499999999982,20.55,21.12,48.73,-0.02,-0.11,0.09,通宇通讯,计算机、通信和其他电子设备制造业,主板,20.89750000000007,20.822500000000016,20.65916666666669,20.545625000000005,20.893404255319147
2792,2020-12-08,20.68,20.59,20.8,20.51,20.68,9236.37,19045500.0,20.84,20.78,20.53599999999998,20.53,21.09,47.04,-0.03,-0.09,0.06,通宇通讯,计算机、通信和其他电子设备制造业,主板,20.77500000000007,20.786250000000017,20.691666666666688,20.563125000000003,20.868936170212763
2792,2020-12-09,20.65,20.15,20.66,20.13,20.59,15208.0,30918900.0,20.65,20.73,20.51599999999998,20.5,21.04,39.78,-0.07,-0.09,0.02,通宇通讯,计算机、通信和其他电子设备制造业,主板,20.57500000000007,20.705000000000016,20.684166666666684,20.561875,20.84255319148936
2792,2020-12-10,20.14,20.1,20.3,19.96,20.15,10639.5,21357200.0,20.48,20.65,20.495499999999982,20.48,21.01,39.04,-0.11,-0.09,-0.02,通宇通讯,计算机、通信和其他电子设备制造业,主板,20.380000000000074,20.637500000000017,20.67500000000002,20.5575,20.82276595744681
2792,2020-12-11,20.08,19.61,20.08,19.38,20.1,18374.4,36095300.0,20.23,20.54,20.458999999999982,20.45,20.99,32.65,-0.17,-0.11,-0.06,通宇通讯,计算机、通信和其他电子设备制造业,主板,20.112500000000075,20.505000000000017,20.58583333333335,20.5225,20.790212765957445
2792,2020-12-14,19.59,19.65,19.71,19.4,19.61,8576.92,16796400.0,20.02,20.44,20.42599999999998,20.46,20.96,33.61,-0.21,-0.13,-0.08,通宇通讯,计算机、通信和其他电子设备制造业,主板,19.877500000000076,20.326250000000016,20.48333333333335,20.488125,20.75659574468085
2792,2020-12-15,19.6,19.85,20.13,19.57,19.65,11705.8,23224300.0,19.87,20.35,20.409999999999982,20.46,20.94,38.32,-0.24,-0.15,-0.09,通宇通讯,计算机、通信和其他电子设备制造业,主板,19.802500000000073,20.188750000000017,20.404166666666683,20.46375,20.72255319148936
2792,2020-12-16,19.98,19.37,19.98,19.35,19.85,11402.5,22248100.0,19.72,20.18,20.369999999999983,20.45,20.91,32.38,-0.29,-0.18,-0.11,通宇通讯,计算机、通信和其他电子设备制造业,主板,19.620000000000076,20.000000000000018,20.29833333333335,20.411250000000003,20.66531914893617
2792,2020-12-17,19.32,19.0,19.32,18.58,19.37,23801.8,44982500.0,19.5,19.99,20.31149999999998,20.39,20.87,28.69,-0.36,-0.21,-0.15,通宇通讯,计算机、通信和其他电子设备制造业,主板,19.467500000000076,19.790000000000017,20.159166666666682,20.306250000000002,20.60255319148936
2792,2020-12-18,18.98,18.75,19.09,18.74,19.0,12780.6,24096200.0,19.32,19.77,20.238999999999983,20.32,20.83,26.49,-0.41,-0.25,-0.16,通宇通讯,计算机、通信和其他电子设备制造业,主板,19.242500000000078,19.560000000000016,19.965000000000018,20.173125000000002,20.53914893617021
2792,2020-12-21,18.7,18.77,18.89,18.55,18.75,10949.2,20554000.0,19.15,19.58,20.16549999999998,20.23,20.75,26.98,-0.46,-0.3,-0.16,通宇通讯,计算机、通信和其他电子设备制造业,主板,18.972500000000075,19.387500000000017,19.78333333333335,20.04625,20.476170212765954
2792,2020-12-22,18.77,17.9,18.77,17.82,18.77,29415.0,53504200.0,18.76,19.31,20.04999999999998,20.13,20.67,20.64,-0.56,-0.35,-0.21,通宇通讯,计算机、通信和其他电子设备制造业,主板,18.605000000000075,19.11250000000002,19.535000000000018,19.875,20.400638297872337
2792,2020-12-23,17.87,17.85,17.98,17.52,17.9,19699.8,34948500.0,18.45,19.08,19.908499999999982,20.04,20.59,20.34,-0.64,-0.41,-0.23,通宇通讯,计算机、通信和其他电子设备制造业,主板,18.317500000000074,18.89250000000002,19.299166666666682,19.69875,20.32085106382978
2792,2020-12-24,17.94,17.3,17.94,17.18,17.85,14979.0,26142600.0,18.11,18.8,19.72949999999998,19.93,20.51,17.39,-0.74,-0.47,-0.27,通宇通讯,计算机、通信和其他电子设备制造业,主板,17.955000000000073,18.59875000000002,19.025000000000016,19.462500000000002,20.226595744680846
2792,2020-12-25,17.3,17.38,17.6,17.24,17.3,11389.3,19839600.0,17.84,18.58,19.55849999999998,19.83,20.44,19.23,-0.8,-0.54,-0.26,通宇通讯,计算机、通信和其他电子设备制造业,主板,17.607500000000073,18.29000000000002,18.794166666666683,19.239375000000003,20.141914893617017
2792,2020-12-28,17.38,16.6,17.49,16.55,17.38,21310.5,35753000.0,17.41,18.28,19.356499999999983,19.71,20.36,15.59,-0.9,-0.61,-0.29,通宇通讯,计算机、通信和其他电子设备制造业,主板,17.28250000000007,17.94375000000002,18.502500000000015,18.971875000000004,20.040212765957442
2792,2020-12-29,17.18,17.86,18.2,16.85,16.6,46478.0,82502000.0,17.4,18.08,19.215999999999983,19.63,20.31,36.49,-0.86,-0.66,-0.2,通宇通讯,计算机、通信和其他电子设备制造业,主板,17.285000000000068,17.801250000000017,18.356666666666683,18.795625000000005,19.96765957446808
2792,2020-12-30,17.8,17.67,17.8,17.29,17.86,25013.0,43857400.0,17.36,17.91,19.045499999999983,19.55,20.25,35.08,-0.85,-0.7,-0.15,通宇通讯,计算机、通信和其他电子设备制造业,主板,17.37750000000007,17.66625000000002,18.191666666666684,18.613125000000007,19.892127659574463
2792,2020-12-31,17.6,18.05,18.18,17.38,17.67,32208.5,57678200.0,17.51,17.81,18.900499999999987,19.48,20.2,40.07,-0.79,-0.72,-0.07,通宇通讯,计算机、通信和其他电子设备制造业,主板,17.54500000000007,17.57625000000002,18.041666666666686,18.48187500000001,19.82680851063829
2792,2021-01-04,17.9,18.12,18.33,17.7,18.05,25119.3,45206200.0,17.66,17.75,18.762499999999985,19.41,20.14,40.97,-0.73,-0.72,-0.01,通宇通讯,计算机、通信和其他电子设备制造业,主板,17.925000000000068,17.60375000000002,17.937500000000018,18.35812500000001,19.764680851063822
2792,2021-01-05,18.13,18.08,18.3,17.92,18.12,19047.5,34410900.0,17.96,17.68,18.632499999999986,19.34,20.08,40.6,-0.68,-0.71,0.03,通宇通讯,计算机、通信和其他电子设备制造业,主板,17.980000000000068,17.632500000000018,17.86083333333335,18.262500000000006,19.703404255319143
2792,2021-01-06,18.08,17.68,18.11,17.6,18.08,20700.7,36714100.0,17.92,17.66,18.486999999999988,19.25,20.01,36.95,-0.67,-0.7,0.03,通宇通讯,计算机、通信和其他电子设备制造业,主板,17.98250000000007,17.680000000000017,17.771666666666686,18.13937500000001,19.64872340425531
2792,2021-01-07,17.65,17.06,17.65,16.8,17.68,29385.1,50212900.0,17.8,17.58,18.33249999999999,19.13,19.93,32.14,-0.69,-0.7,0.01,通宇通讯,计算机、通信和其他电子设备制造业,主板,17.73500000000007,17.64000000000002,17.629166666666684,17.965000000000007,19.599148936170206
2792,2021-01-08,17.06,17.56,17.81,16.9,17.06,23210.0,40653700.0,17.7,17.61,18.205499999999986,19.02,19.86,39.04,-0.67,-0.69,0.02,通宇通讯,计算机、通信和其他电子设备制造业,主板,17.59500000000007,17.76000000000002,17.60083333333335,17.851875000000007,19.551063829787225
2792,2021-01-11,17.56,17.35,17.93,17.23,17.56,19561.2,34359800.0,17.55,17.6,18.092499999999987,18.91,19.79,37.32,-0.66,-0.69,0.03,通宇通讯,计算机、通信和其他电子设备制造业,主板,17.41250000000007,17.69625000000002,17.559166666666684,17.74875000000001,19.500425531914882
2792,2021-01-12,17.18,17.37,17.59,17.05,17.35,12895.2,22318400.0,17.4,17.68,17.97849999999999,18.8,19.72,37.6,-0.64,-0.68,0.04,通宇通讯,计算机、通信和其他电子设备制造业,主板,17.335000000000072,17.65875000000002,17.565000000000015,17.66250000000001,19.426170212765946
2792,2021-01-13,17.9,17.11,18.08,16.95,17.37,31815.7,55386800.0,17.29,17.6,17.84149999999999,18.68,19.64,35.38,-0.64,-0.67,0.03,通宇通讯,计算机、通信和其他电子设备制造业,主板,17.34750000000007,17.54125000000002,17.542500000000018,17.55875000000001,19.34659574468084
2792,2021-01-14,16.93,17.43,17.7,16.9,17.11,24256.1,42105300.0,17.36,17.58,17.744499999999988,18.56,19.58,40.08,-0.61,-0.66,0.05,通宇通讯,计算机、通信和其他电子设备制造业,主板,17.31500000000007,17.45500000000002,17.611666666666686,17.529375000000012,19.26382978723403
2792,2021-01-15,17.36,17.34,17.56,17.17,17.43,13355.2,23206100.0,17.32,17.51,17.661499999999986,18.44,19.51,39.21,-0.59,-0.64,0.05,通宇通讯,计算机、通信和其他电子设备制造业,主板,17.31250000000007,17.36250000000002,17.568333333333353,17.49750000000001,19.18468085106382
2792,2021-01-18,17.42,17.46,17.64,17.18,17.34,17783.8,31063800.0,17.34,17.44,17.596999999999987,18.32,19.45,41.04,-0.55,-0.63,0.08,通宇通讯,计算机、通信和其他电子设备制造业,主板,17.335000000000072,17.33500000000002,17.550833333333355,17.507500000000007,19.118936170212756
2792,2021-01-19,17.55,17.66,17.75,17.37,17.46,23778.6,41874500.0,17.4,17.4,17.54149999999999,18.22,19.39,44.05,-0.49,-0.6,0.11,通宇通讯,计算机、通信和其他电子设备制造业,主板,17.47250000000007,17.410000000000018,17.518333333333352,17.52500000000001,19.058297872340415
2792,2021-01-20,17.64,17.31,17.64,17.19,17.66,17621.6,30540200.0,17.44,17.37,17.51199999999999,18.11,19.32,40.18,-0.48,-0.57,0.09,通宇通讯,计算机、通信和其他电子设备制造业,主板,17.442500000000074,17.378750000000018,17.450833333333353,17.569375000000008,18.99382978723403
2792,2021-01-21,17.3,17.09,17.41,17.04,17.31,23182.8,39813900.0,17.37,17.37,17.473999999999986,18.01,19.26,37.92,-0.48,-0.56,0.08,通宇通讯,计算机、通信和其他电子设备制造业,主板,17.380000000000074,17.34625000000002,17.368333333333354,17.521250000000006,18.92531914893616
2792,2021-01-22,17.96,17.34,17.96,17.33,17.09,42185.5,74244400.0,17.37,17.35,17.475999999999985,17.92,19.2,41.91,-0.46,-0.54,0.08,通宇通讯,计算机、通信和其他电子设备制造业,主板,17.350000000000072,17.34250000000002,17.34000000000002,17.500625000000003,18.865106382978716
2792,2021-01-25,17.01,16.78,17.11,16.74,17.34,26464.8,44629200.0,17.24,17.29,17.445999999999987,17.82,19.14,36.29,-0.48,-0.53,0.05,通宇通讯,计算机、通信和其他电子设备制造业,主板,17.130000000000074,17.301250000000017,17.316666666666688,17.421250000000004,18.792978723404246
2792,2021-01-26,16.78,16.68,17.02,16.64,16.78,14094.0,23673700.0,17.04,17.22,17.449999999999985,17.73,19.09,35.38,-0.49,-0.52,0.03,通宇通讯,计算机、通信和其他电子设备制造业,主板,16.972500000000075,17.207500000000017,17.243333333333354,17.331250000000004,18.71872340425531
2792,2021-01-27,16.91,16.82,17.05,16.73,16.68,13323.5,22538700.0,16.94,17.19,17.397999999999985,17.62,19.04,37.74,-0.49,-0.51,0.02,通宇通讯,计算机、通信和其他电子设备制造业,主板,16.905000000000072,17.142500000000016,17.199166666666688,17.252500000000005,18.64680851063829
2792,2021-01-28,16.7,16.67,16.88,16.52,16.82,12735.0,21279400.0,16.86,17.12,17.347999999999985,17.53,18.99,36.21,-0.49,-0.51,0.02,通宇通讯,计算机、通信和其他电子设备制造业,主板,16.73750000000007,17.043750000000014,17.14083333333335,17.189375000000005,18.570851063829778
2792,2021-01-29,17.1,16.9,17.15,16.61,16.67,19967.7,33683900.0,16.77,17.07,17.290499999999984,17.46,18.93,40.21,-0.47,-0.5,0.03,通宇通讯,计算机、通信和其他电子设备制造业,主板,16.76750000000007,16.948750000000015,17.123333333333353,17.179375000000004,18.500425531914882
2792,2021-02-01,16.88,16.87,17.09,16.61,16.9,14802.8,24831600.0,16.79,17.01,17.227999999999984,17.4,18.86,39.86,-0.45,-0.49,0.04,通宇通讯,计算机、通信和其他电子设备制造业,主板,16.81500000000007,16.893750000000015,17.076666666666686,17.136250000000004,18.419361702127652
2792,2021-02-02,16.89,16.62,16.93,16.53,16.87,13982.1,23259400.0,16.78,16.91,17.154999999999983,17.33,18.78,36.96,-0.45,-0.48,0.03,通宇通讯,计算机、通信和其他电子设备制造业,主板,16.76500000000007,16.835000000000015,17.016666666666687,17.090625000000003,18.32872340425531
2792,2021-02-03,16.62,15.73,16.62,15.7,16.62,28944.4,46358500.0,16.56,16.75,17.057499999999983,17.26,18.69,28.91,-0.51,-0.49,-0.02,通宇通讯,计算机、通信和其他电子设备制造业,主板,16.530000000000072,16.633750000000013,16.87250000000002,16.988125000000004,18.22085106382978
2792,2021-02-04,15.78,15.08,15.78,14.91,15.73,28929.0,43891700.0,16.24,16.55,16.958499999999983,17.17,18.6,24.69,-0.61,-0.51,-0.1,通宇通讯,计算机、通信和其他电子设备制造业,主板,16.075000000000074,16.421250000000015,16.65750000000002,16.861250000000002,18.102553191489356
2792,2021-02-05,15.3,15.0,15.8,14.94,15.08,15120.1,23104100.0,15.86,16.32,16.830499999999983,17.09,18.51,24.22,-0.69,-0.55,-0.14,通宇通讯,计算机、通信和其他电子设备制造业,主板,15.607500000000073,16.211250000000014,16.46500000000002,16.709375,17.981914893617017
2792,2021-02-08,15.05,14.85,15.35,14.83,15.0,13109.5,19611000.0,15.46,16.12,16.705499999999983,17.0,18.42,23.32,-0.75,-0.59,-0.16,通宇通讯,计算机、通信和其他电子设备制造业,主板,15.16500000000007,15.965000000000014,16.278333333333354,16.553750000000004,17.849361702127656
2792,2021-02-09,14.9,15.1,15.13,14.78,14.85,12361.0,18549200.0,15.15,15.96,16.591999999999985,16.95,18.33,28.09,-0.77,-0.62,-0.15,通宇通讯,计算机、通信和其他电子设备制造业,主板,15.007500000000068,15.768750000000013,16.091666666666686,16.406250000000007,17.72489361702127
2792,2021-02-10,15.11,15.31,15.47,14.98,15.1,12593.0,19207600.0,15.07,15.81,16.501999999999985,16.87,18.25,31.93,-0.77,-0.65,-0.12,通宇通讯,计算机、通信和其他电子设备制造业,主板,15.065000000000069,15.570000000000011,15.969166666666686,16.259375000000006,17.606382978723396
2792,2021-02-18,15.34,15.94,16.14,15.34,15.31,18508.0,29311300.0,15.24,15.74,16.427499999999984,16.81,18.18,41.92,-0.7,-0.66,-0.04,通宇通讯,计算机、通信和其他电子设备制造业,主板,15.300000000000068,15.45375000000001,15.907500000000018,16.173750000000005,17.505531914893613
2792,2021-02-19,15.84,16.29,16.32,15.8,15.94,16185.8,26194800.0,15.5,15.68,16.374999999999986,16.75,18.12,46.61,-0.61,-0.65,0.04,通宇通讯,计算机、通信和其他电子设备制造业,主板,15.660000000000066,15.412500000000009,15.863333333333351,16.12375000000001,17.414042553191482
2792,2021-02-22,16.41,16.65,17.07,16.41,16.29,29478.4,49473500.0,15.86,15.66,16.334499999999984,16.7,18.06,51.0,-0.51,-0.62,0.11,通宇通讯,计算机、通信和其他电子设备制造业,主板,16.047500000000067,15.527500000000009,15.861666666666684,16.08062500000001,17.3395744680851
2792,2021-02-23,16.66,16.35,16.74,16.32,16.65,15855.7,26060100.0,16.11,15.63,16.268999999999984,16.65,17.99,47.5,-0.45,-0.59,0.14,通宇通讯,计算机、通信和其他电子设备制造业,主板,16.30750000000007,15.68625000000001,15.81583333333335,16.053750000000008,17.259787234042548
2792,2021-02-24,16.25,16.43,16.63,16.25,16.35,12609.8,20775500.0,16.33,15.7,16.224999999999987,16.6,17.93,48.51,-0.38,-0.55,0.17,通宇通讯,计算机、通信和其他电子设备制造业,主板,16.43000000000007,15.865000000000009,15.779166666666683,16.038125000000008,17.19212765957446
2792,2021-02-25,16.47,16.37,16.62,16.19,16.43,13998.7,22903400.0,16.42,15.83,16.188999999999986,16.58,17.86,47.77,-0.33,-0.5,0.17,通宇通讯,计算机、通信和其他电子设备制造业,主板,16.450000000000074,16.05500000000001,15.758333333333349,16.01000000000001,17.122340425531906
2792,2021-02-26,16.21,16.38,16.74,16.2,16.37,16717.0,27633700.0,16.44,15.97,16.140999999999988,16.54,17.78,47.91,-0.29,-0.46,0.17,通宇通讯,计算机、通信和其他电子设备制造业,主板,16.38250000000007,16.21500000000001,15.812500000000016,15.991875000000007,17.048510638297863
2792,2021-03-01,16.41,16.7,16.75,16.31,16.38,15671.6,25966400.0,16.45,16.15,16.13699999999999,16.52,17.71,52.42,-0.23,-0.41,0.18,通宇通讯,计算机、通信和其他电子设备制造业,主板,16.47000000000007,16.38875000000001,15.947500000000014,15.979375000000006,16.99170212765957
2792,2021-03-02,16.73,16.56,16.79,16.42,16.7,11866.5,19624000.0,16.49,16.3,16.13099999999999,16.49,17.65,50.37,-0.19,-0.37,0.18,通宇通讯,计算机、通信和其他电子设备制造业,主板,16.50250000000007,16.46625000000001,16.077500000000015,15.960000000000004,16.939787234042544
2792,2021-03-03,16.56,16.58,16.68,16.37,16.56,9204.3,15186700.0,16.52,16.42,16.11899999999999,16.48,17.58,50.67,-0.16,-0.33,0.17,通宇通讯,计算机、通信和其他电子设备制造业,主板,16.555000000000067,16.50250000000001,16.221666666666682,15.957500000000003,16.89361702127659
2792,2021-03-04,16.58,16.38,16.66,16.35,16.58,10809.2,17843000.0,16.52,16.47,16.104499999999987,16.44,17.5,47.59,-0.15,-0.29,0.14,通宇通讯,计算机、通信和其他电子设备制造业,主板,16.555000000000067,16.468750000000007,16.328333333333347,15.998125000000003,16.8427659574468
2792,2021-03-05,16.33,16.5,16.58,16.3,16.38,8178.5,13475100.0,16.54,16.49,16.084499999999988,16.41,17.43,49.57,-0.12,-0.26,0.14,通宇通讯,计算机、通信和其他电子设备制造业,主板,16.505000000000067,16.487500000000008,16.427500000000013,16.086875000000003,16.81297872340425
2792,2021-03-08,16.57,16.32,16.74,16.3,16.5,14560.2,24033200.0,16.47,16.46,16.056999999999988,16.38,17.35,46.72,-0.12,-0.23,0.11,通宇通讯,计算机、通信和其他电子设备制造业,主板,16.445000000000064,16.473750000000006,16.45916666666668,16.169375000000002,16.780425531914887
2792,2021-03-09,16.26,15.73,16.39,15.5,16.32,16604.0,26328400.0,16.3,16.4,16.01249999999999,16.31,17.27,38.85,-0.16,-0.22,0.06,通宇通讯,计算机、通信和其他电子设备制造业,主板,16.232500000000066,16.393750000000004,16.412500000000012,16.224375000000002,16.74702127659574
2792,2021-03-10,15.88,15.42,16.09,15.4,15.73,10054.5,15627300.0,16.07,16.29,15.99699999999999,16.25,17.18,35.46,-0.22,-0.22,0.0,通宇通讯,计算机、通信和其他电子设备制造业,主板,15.992500000000067,16.273750000000003,16.310000000000013,16.244375,16.705319148936166
2792,2021-03-11,15.43,15.68,15.7,15.06,15.42,10302.3,15949500.0,15.93,16.23,16.02699999999999,16.2,17.11,40.17,-0.24,-0.22,-0.02,通宇通讯,计算机、通信和其他电子设备制造业,主板,15.787500000000065,16.146250000000006,16.25416666666668,16.267500000000002,16.685744680851055
2792,2021-03-12,15.65,15.47,15.73,15.35,15.68,9196.07,14221400.0,15.72,16.13,16.050499999999992,16.14,17.03,37.77,-0.27,-0.23,-0.04,通宇通讯,计算机、通信和其他电子设备制造业,主板,15.575000000000065,16.010000000000005,16.17416666666668,16.238125000000004,16.63489361702127
2792,2021-03-15,15.47,15.19,15.57,15.11,15.47,11693.6,17868700.0,15.5,15.98,16.06749999999999,16.09,16.96,34.79,-0.31,-0.25,-0.06,通宇通讯,计算机、通信和其他电子设备制造业,主板,15.440000000000065,15.836250000000005,16.075833333333346,16.169375000000002,16.582127659574464
2792,2021-03-16,15.21,15.45,15.55,15.16,15.19,11550.4,17716200.0,15.44,15.87,16.084999999999987,16.04,16.89,39.56,-0.32,-0.26,-0.06,通宇通讯,计算机、通信和其他电子设备制造业,主板,15.447500000000066,15.720000000000006,15.998333333333344,16.094375000000003,16.526808510638297
2792,2021-03-17,15.45,15.66,15.77,15.44,15.45,10831.0,16917000.0,15.49,15.78,16.10249999999999,16.01,16.82,43.18,-0.31,-0.27,-0.04,通宇通讯,计算机、通信和其他电子设备制造业,主板,15.442500000000065,15.615000000000006,15.911666666666678,16.051250000000003,16.47446808510638
2792,2021-03-18,15.66,15.39,15.66,15.33,15.66,9699.5,14990000.0,15.43,15.68,16.07499999999999,15.96,16.75,39.87,-0.31,-0.28,-0.03,通宇通讯,计算机、通信和其他电子设备制造业,主板,15.422500000000063,15.498750000000008,15.81416666666668,15.986250000000002,16.417234042553186
2792,2021-03-19,15.25,15.43,15.55,15.1,15.39,8727.49,13438400.0,15.42,15.57,16.03199999999999,15.91,16.69,40.6,-0.32,-0.29,-0.03,通宇通讯,计算机、通信和其他电子设备制造业,主板,15.482500000000066,15.461250000000009,15.718333333333348,15.927500000000002,16.369361702127655
2792,2021-03-22,15.42,15.67,15.74,15.4,15.43,9186.5,14344900.0,15.52,15.51,15.98299999999999,15.87,16.64,44.89,-0.29,-0.29,0.0,通宇通讯,计算机、通信和其他电子设备制造业,主板,15.537500000000065,15.492500000000009,15.65916666666668,15.883125000000003,16.33978723404255
2792,2021-03-23,15.69,15.68,15.8,15.5,15.67,11672.0,18300700.0,15.57,15.5,15.94949999999999,15.84,16.59,45.07,-0.27,-0.28,0.01,通宇通讯,计算机、通信和其他电子设备制造业,主板,15.542500000000068,15.492500000000007,15.590833333333348,15.819375000000004,16.299787234042547
2792,2021-03-24,15.66,15.65,15.79,15.58,15.68,8703.49,13650500.0,15.56,15.53,15.910499999999988,15.84,16.55,44.6,-0.25,-0.28,0.03,通宇通讯,计算机、通信和其他电子设备制造业,主板,15.60750000000007,15.515000000000008,15.535000000000016,15.762500000000003,16.26361702127659
2792,2021-03-25,15.63,15.57,15.77,15.53,15.65,8495.25,13297600.0,15.6,15.52,15.870499999999987,15.86,16.51,43.32,-0.24,-0.27,0.03,通宇通讯,计算机、通信和其他电子设备制造业,主板,15.642500000000071,15.562500000000007,15.521666666666682,15.699375000000003,16.225319148936165
2792,2021-03-26,15.57,15.59,15.68,15.36,15.57,9532.5,14810600.0,15.63,15.53,15.830999999999985,15.88,16.48,43.75,-0.23,-0.26,0.03,通宇通讯,计算机、通信和其他电子设备制造业,主板,15.62250000000007,15.580000000000007,15.53583333333335,15.650000000000002,16.192978723404252
2792,2021-03-29,15.59,15.42,15.77,15.35,15.59,12408.1,19246100.0,15.58,15.55,15.766999999999987,15.9,16.45,40.87,-0.23,-0.26,0.03,通宇通讯,计算机、通信和其他电子设备制造业,主板,15.55750000000007,15.550000000000008,15.514166666666682,15.582500000000003,16.150212765957445
2792,2021-03-30,15.36,15.13,15.37,15.04,15.42,17344.1,26299300.0,15.47,15.52,15.695499999999987,15.9,16.43,36.46,-0.25,-0.25,0.0,通宇通讯,计算机、通信和其他电子设备制造业,主板,15.427500000000071,15.517500000000007,15.485833333333348,15.508125000000003,16.1031914893617
2792,2021-03-31,15.19,15.08,15.23,15.01,15.13,8326.53,12603300.0,15.36,15.46,15.620499999999987,15.89,16.38,35.75,-0.26,-0.26,0.0,通宇通讯,计算机、通信和其他电子设备制造业,主板,15.305000000000073,15.473750000000006,15.476666666666683,15.467500000000003,16.05255319148936
2792,2021-04-01,15.06,15.39,15.5,15.02,15.08,10033.2,15314400.0,15.32,15.46,15.570999999999987,15.87,16.34,43.2,-0.26,-0.26,0.0,通宇通讯,计算机、通信和其他电子设备制造业,主板,15.255000000000074,15.438750000000008,15.471666666666684,15.465625000000005,16.004255319148932
2792,2021-04-02,15.35,15.39,15.49,15.29,15.39,9486.75,14596700.0,15.28,15.46,15.515499999999985,15.84,16.3,43.2,-0.24,-0.25,0.01,通宇通讯,计算机、通信和其他电子设备制造业,主板,15.247500000000073,15.402500000000007,15.449166666666683,15.447500000000005,15.963404255319146
2792,2021-04-06,15.46,15.42,15.47,15.33,15.39,6555.0,10094400.0,15.28,15.43,15.470499999999987,15.8,16.25,43.93,-0.22,-0.25,0.03,通宇通讯,计算机、通信和其他电子设备制造业,主板,15.320000000000073,15.373750000000005,15.451666666666682,15.444375000000006,15.927872340425527
2792,2021-04-07,15.41,15.56,15.59,15.28,15.42,14382.7,22257100.0,15.37,15.42,15.461999999999986,15.77,16.21,47.33,-0.2,-0.24,0.04,通宇通讯,计算机、通信和其他电子设备制造业,主板,15.440000000000072,15.372500000000006,15.462500000000015,15.467500000000005,15.889999999999993
2792,2021-04-08,15.5,15.41,15.66,15.41,15.56,9157.98,14220500.0,15.43,15.4,15.461499999999987,15.74,16.17,44.23,-0.19,-0.23,0.04,通宇通讯,计算机、通信和其他电子设备制造业,主板,15.445000000000071,15.350000000000005,15.44083333333335,15.465000000000007,15.86085106382978
2792,2021-04-09,15.31,15.22,15.38,15.2,15.41,7616.95,11610400.0,15.4,15.36,15.438499999999987,15.7,16.14,40.61,-0.19,-0.22,0.03,通宇通讯,计算机、通信和其他电子设备制造业,主板,15.402500000000071,15.325000000000005,15.402500000000016,15.437500000000009,15.829787234042549
2792,2021-04-12,15.23,15.06,15.28,15.02,15.22,8256.91,12497200.0,15.33,15.31,15.417999999999987,15.66,16.1,37.8,-0.21,-0.22,0.01,通宇通讯,计算机、通信和其他电子设备制造业,主板,15.312500000000071,15.316250000000004,15.353333333333348,15.416875000000008,15.792340425531908
2792,2021-04-13,15.04,14.9,15.13,14.86,15.06,13712.2,20494500.0,15.23,15.26,15.403499999999985,15.6,16.06,35.18,-0.23,-0.22,-0.01,通宇通讯,计算机、通信和其他电子设备制造业,主板,15.147500000000072,15.293750000000005,15.297500000000015,15.383750000000006,15.754680851063823
2792,2021-04-14,14.91,14.95,15.01,14.8,14.9,10183.1,15193600.0,15.11,15.24,15.378499999999985,15.54,16.02,36.66,-0.24,-0.22,-0.02,通宇通讯,计算机、通信和其他电子设备制造业,主板,15.032500000000073,15.238750000000005,15.24416666666668,15.338750000000006,15.713191489361696
2792,2021-04-15,14.98,15.09,15.27,14.98,14.95,9486.33,14356300.0,15.04,15.24,15.349999999999984,15.49,15.98,40.73,-0.23,-0.23,0.0,通宇通讯,计算机、通信和其他电子设备制造业,主板,15.000000000000075,15.201250000000003,15.216666666666683,15.301875000000006,15.675319148936165
2792,2021-04-16,15.08,15.4,15.48,15.08,15.09,14732.2,22582200.0,15.08,15.24,15.350499999999982,15.46,15.95,48.61,-0.2,-0.22,0.02,通宇通讯,计算机、通信和其他电子设备制造业,主板,15.085000000000075,15.198750000000002,15.239166666666684,15.286250000000004,15.649361702127655
2792,2021-04-19,15.4,15.56,15.61,15.36,15.4,17373.1,26924000.0,15.18,15.26,15.356999999999982,15.43,15.92,52.15,-0.16,-0.21,0.05,通宇通讯,计算机、通信和其他电子设备制造业,主板,15.250000000000076,15.19875,15.279166666666683,15.285625000000003,15.645744680851058
2792,2021-04-20,15.56,15.41,15.64,15.39,15.56,11262.0,17474800.0,15.28,15.26,15.343999999999983,15.4,15.89,48.76,-0.14,-0.19,0.05,通宇通讯,计算机、通信和其他电子设备制造业,主板,15.365000000000077,15.19875,15.280833333333348,15.274375000000004,15.6527659574468
2792,2021-04-21,15.4,15.26,15.45,15.23,15.41,9091.5,13935600.0,15.34,15.23,15.322999999999983,15.38,15.85,45.57,-0.14,-0.18,0.04,通宇通讯,计算机、通信和其他电子设备制造业,主板,15.407500000000077,15.20375,15.270000000000016,15.264375000000006,15.658297872340418
2792,2021-04-22,15.26,15.46,15.58,15.23,15.26,12337.7,19003200.0,15.42,15.23,15.313499999999982,15.38,15.82,50.24,-0.11,-0.17,0.06,通宇通讯,计算机、通信和其他电子设备制造业,主板,15.42250000000008,15.25375,15.27333333333335,15.285000000000007,15.671276595744672
2792,2021-04-23,15.48,15.15,15.48,15.1,15.46,11699.0,17789600.0,15.37,15.22,15.29249999999998,15.37,15.78,43.95,-0.12,-0.16,0.04,通宇通讯,计算机、通信和其他电子设备制造业,主板,15.320000000000078,15.285,15.239166666666684,15.289375000000005,15.672340425531905
2792,2021-04-26,15.15,15.04,15.35,14.94,15.15,21104.2,31852000.0,15.26,15.22,15.264999999999983,15.35,15.75,41.94,-0.13,-0.15,0.02,通宇通讯,计算机、通信和其他电子设备制造业,主板,15.227500000000077,15.296249999999999,15.20833333333335,15.267500000000005,15.666595744680842
2792,2021-04-27,15.03,15.28,15.29,14.81,15.04,18552.3,27854400.0,15.24,15.26,15.257999999999981,15.36,15.72,47.57,-0.12,-0.15,0.03,通宇通讯,计算机、通信和其他电子设备制造业,主板,15.232500000000078,15.319999999999997,15.21333333333335,15.260625000000005,15.652553191489352
2792,2021-04-28,15.32,15.19,15.35,15.14,15.28,12030.2,18332700.0,15.22,15.28,15.260999999999981,15.35,15.7,45.78,-0.12,-0.14,0.02,通宇通讯,计算机、通信和其他电子设备制造业,主板,15.165000000000079,15.293749999999996,15.224166666666683,15.246250000000005,15.629148936170203
2792,2021-04-29,15.26,15.23,15.38,15.02,15.19,12176.2,18577300.0,15.18,15.3,15.268499999999984,15.33,15.67,46.74,-0.11,-0.14,0.03,通宇通讯,计算机、通信和其他电子设备制造业,主板,15.185000000000079,15.252499999999994,15.251666666666681,15.225625000000004,15.598936170212758
2792,2021-04-30,15.18,14.94,15.26,14.86,15.23,16685.4,25005000.0,15.14,15.25,15.245999999999984,15.32,15.64,41.06,-0.12,-0.13,0.01,通宇通讯,计算机、通信和其他电子设备制造业,主板,15.16000000000008,15.193749999999994,15.250833333333349,15.196250000000004,15.568936170212758
2792,2021-05-06,14.94,14.94,15.08,14.9,14.94,9437.0,14106400.0,15.12,15.19,15.223499999999984,15.3,15.61,41.06,-0.14,-0.13,-0.01,通宇通讯,计算机、通信和其他电子设备制造业,主板,15.075000000000081,15.153749999999993,15.23833333333335,15.178750000000006,15.537234042553187
2792,2021-05-07,14.99,15.01,15.04,14.88,14.94,9068.25,13558400.0,15.06,15.15,15.202999999999983,15.28,15.58,43.0,-0.14,-0.13,-0.01,通宇通讯,计算机、通信和其他电子设备制造业,主板,15.030000000000083,15.097499999999993,15.205833333333347,15.175625000000007,15.508297872340421
2792,2021-05-10,15.0,14.96,15.13,14.87,15.01,8190.29,12271000.0,15.02,15.12,15.172999999999982,15.26,15.55,41.94,-0.14,-0.14,0.0,通宇通讯,计算机、通信和其他电子设备制造业,主板,14.96250000000008,15.073749999999993,15.155833333333348,15.179375000000006,15.478085106382974
2792,2021-05-11,14.97,15.07,15.1,14.9,14.96,8867.34,13305200.0,14.98,15.08,15.155999999999981,15.24,15.54,45.14,-0.14,-0.14,0.0,通宇通讯,计算机、通信和其他电子设备制造业,主板,14.995000000000083,15.077499999999993,15.127500000000014,15.186875000000008,15.443404255319145
2792,2021-05-12,15.07,15.16,15.16,14.96,15.07,12644.6,19101800.0,15.03,15.08,15.152999999999981,15.22,15.54,47.69,-0.12,-0.13,0.01,通宇通讯,计算机、通信和其他电子设备制造业,主板,15.050000000000082,15.062499999999993,15.11916666666668,15.191250000000009,15.413617021276592
2792,2021-05-13,15.11,15.33,15.43,15.11,15.16,18558.6,28442000.0,15.11,15.11,15.16649999999998,15.21,15.54,52.2,-0.09,-0.12,0.03,通宇通讯,计算机、通信和其他电子设备制造业,主板,15.130000000000082,15.079999999999995,15.108333333333348,15.18687500000001,15.38702127659574
2792,2021-05-14,15.47,15.92,16.25,15.47,15.33,44027.7,69730600.0,15.29,15.18,15.217499999999982,15.23,15.56,63.86,-0.02,-0.1,0.08,通宇通讯,计算机、通信和其他电子设备制造业,主板,15.370000000000081,15.166249999999993,15.172500000000014,15.209375000000009,15.377234042553187
2792,2021-05-17,15.72,16.29,16.35,15.72,15.92,37109.1,60036800.0,15.55,15.28,15.284499999999984,15.27,15.58,68.97,0.06,-0.07,0.13,通宇通讯,计算机、通信和其他电子设备制造业,主板,15.67500000000008,15.334999999999994,15.27666666666668,15.26437500000001,15.372765957446804
2792,2021-05-18,16.35,16.13,16.45,16.03,16.29,22283.7,35943900.0,15.77,15.38,15.336499999999983,15.3,15.6,64.71,0.11,-0.03,0.14,通宇通讯,计算机、通信和其他电子设备制造业,主板,15.917500000000082,15.483749999999993,15.347500000000013,15.318750000000012,15.368723404255313
2792,2021-05-19,16.0,15.86,16.1,15.8,16.13,21631.5,34387000.0,15.91,15.47,15.359499999999986,15.32,15.6,58.18,0.13,0.0,0.13,通宇通讯,计算机、通信和其他电子设备制造业,主板,16.050000000000082,15.589999999999995,15.403333333333345,15.343750000000012,15.371489361702121
2792,2021-05-20,15.81,16.41,16.53,15.8,15.86,39084.6,63617700.0,16.12,15.61,15.401999999999987,15.35,15.6,65.76,0.19,0.04,0.15,通宇通讯,计算机、通信和其他电子设备制造业,主板,16.17250000000008,15.771249999999995,15.50166666666668,15.422500000000012,15.392553191489355
2792,2021-05-21,16.6,17.89,18.0,16.16,16.41,55555.9,93640900.0,16.52,15.9,15.525999999999986,15.44,15.62,77.55,0.34,0.1,0.24,通宇通讯,计算机、通信和其他电子设备制造业,主板,16.572500000000083,16.123749999999994,15.747500000000011,15.600625000000013,15.439574468085102
2792,2021-05-24,17.67,18.21,18.88,16.81,17.89,98800.8,175812000.0,16.9,16.23,15.673499999999985,15.52,15.65,79.22,0.49,0.18,0.31,通宇通讯,计算机、通信和其他电子设备制造业,主板,17.092500000000086,16.504999999999995,16.020000000000014,15.783750000000014,15.497872340425527
2792,2021-05-25,17.91,18.51,19.1,17.83,18.21,70766.4,129464000.0,17.38,16.57,15.825999999999985,15.63,15.68,80.67,0.63,0.27,0.36,通宇通讯,计算机、通信和其他电子设备制造业,主板,17.755000000000088,16.902499999999993,16.311666666666678,15.991250000000015,15.568510638297866
2792,2021-05-26,18.19,17.54,18.45,17.52,18.51,61955.9,111555000.0,17.71,16.81,15.945499999999987,15.71,15.7,64.91,0.64,0.34,0.3,通宇通讯,计算机、通信和其他电子设备制造业,主板,18.037500000000087,17.104999999999993,16.526666666666678,16.135625000000015,15.612978723404247
2792,2021-05-27,17.38,17.29,17.45,17.05,17.54,33592.8,58074500.0,17.89,17.01,16.057999999999986,15.78,15.72,61.57,0.63,0.4,0.23,通宇通讯,计算机、通信和其他电子设备制造业,主板,17.887500000000085,17.229999999999993,16.711666666666677,16.282500000000017,15.647659574468076
2792,2021-05-28,17.15,17.2,17.42,17.13,17.29,25962.1,44730100.0,17.75,17.13,16.15399999999999,15.86,15.73,60.37,0.61,0.44,0.17,通宇通讯,计算机、通信和其他电子设备制造业,主板,17.635000000000083,17.363749999999992,16.88166666666668,16.423750000000016,15.68617021276595
2792,2021-05-31,17.2,17.3,17.4,17.04,17.2,21101.4,36306500.0,17.57,17.23,16.25949999999999,15.93,15.74,61.27,0.59,0.47,0.12,通宇通讯,计算机、通信和其他电子设备制造业,主板,17.33250000000008,17.543749999999996,17.045833333333345,16.566875000000017,15.725957446808504
2792,2021-06-01,17.24,17.52,17.79,17.15,17.3,25986.5,45520400.0,17.37,17.37,16.373999999999988,16.02,15.75,63.26,0.59,0.49,0.1,通宇通讯,计算机、通信和其他电子设备制造业,主板,17.32750000000008,17.682499999999997,17.179166666666678,16.726875000000017,15.765319148936163
2792,2021-06-02,17.48,17.49,17.58,16.88,17.52,32542.3,55974000.0,17.36,17.54,16.501499999999986,16.08,15.77,62.79,0.58,0.51,0.07,通宇通讯,计算机、通信和其他电子设备制造业,主板,17.377500000000076,17.6325,17.27916666666668,16.87812500000002,15.803829787234037
2792,2021-06-03,17.36,17.48,17.86,17.21,17.49,31823.2,56142000.0,17.4,17.64,16.62849999999999,16.15,15.79,62.62,0.57,0.52,0.05,通宇通讯,计算机、通信和其他电子设备制造业,主板,17.447500000000076,17.541249999999998,17.39166666666668,17.023125000000018,15.842765957446804
2792,2021-06-04,17.44,17.29,17.65,17.29,17.48,19591.8,34192900.0,17.42,17.58,16.74249999999999,16.21,15.81,59.36,0.53,0.52,0.01,通宇通讯,计算机、通信和其他电子设备制造业,主板,17.445000000000075,17.388749999999998,17.51083333333335,17.14562500000002,15.879361702127653
2792,2021-06-07,17.2,17.05,17.26,16.61,17.29,45233.6,76235200.0,17.37,17.47,16.84699999999999,16.27,15.83,55.44,0.48,0.52,-0.04,通宇通讯,计算机、通信和其他电子设备制造业,主板,17.327500000000075,17.3275,17.564166666666683,17.21625000000002,15.910425531914886
2792,2021-06-08,16.94,16.95,17.15,16.78,17.05,25963.6,44049600.0,17.25,17.31,16.940999999999992,16.32,15.85,53.84,0.42,0.5,-0.08,通宇通讯,计算机、通信和其他电子设备制造业,主板,17.192500000000077,17.285,17.485833333333346,17.257500000000018,15.942978723404249
2792,2021-06-09,17.01,16.61,17.14,16.6,16.95,25524.2,43033700.0,17.08,17.22,17.01349999999999,16.37,15.87,48.71,0.35,0.47,-0.12,通宇通讯,计算机、通信和其他电子设备制造业,主板,16.975000000000076,17.21125,17.352500000000013,17.28750000000002,15.974468085106377
2792,2021-06-10,16.7,16.78,16.89,16.46,16.61,29831.7,49802000.0,16.94,17.17,17.08599999999999,16.43,15.89,51.21,0.3,0.43,-0.13,通宇通讯,计算机、通信和其他电子设备制造业,主板,16.847500000000075,17.14625,17.208333333333346,17.34500000000002,16.010638297872333
2792,2021-06-11,16.85,16.3,16.88,16.16,16.78,38009.1,62508500.0,16.74,17.08,17.104999999999993,16.46,15.91,44.59,0.22,0.39,-0.17,通宇通讯,计算机、通信和其他电子设备制造业,主板,16.660000000000075,16.99375,17.105000000000015,17.33812500000002,16.02999999999999
2792,2021-06-15,16.29,16.33,16.55,16.19,16.3,21273.2,34833400.0,16.59,16.98,17.106999999999992,16.5,15.92,45.07,0.15,0.34,-0.19,通宇通讯,计算机、通信和其他电子设备制造业,主板,16.505000000000074,16.848749999999995,17.025000000000016,17.24062500000002,16.049999999999994
2792,2021-06-16,16.26,16.45,16.76,16.26,16.33,25539.2,42306800.0,16.49,16.87,17.12299999999999,16.54,15.94,47.04,0.11,0.3,-0.19,通宇通讯,计算机、通信和其他电子设备制造业,主板,16.465000000000074,16.719999999999995,16.962500000000016,17.13062500000002,16.071914893617016
2792,2021-06-17,16.52,16.94,16.96,16.52,16.45,34422.4,57973100.0,16.56,16.82,17.17699999999999,16.61,15.96,54.25,0.12,0.26,-0.14,通宇通讯,计算机、通信和其他电子设备制造业,主板,16.505000000000074,16.676249999999996,16.932500000000015,17.03250000000002,16.10127659574468
2792,2021-06-18,16.94,16.8,16.95,16.7,16.94,24573.8,41353400.0,16.56,16.75,17.19649999999999,16.67,15.99,52.07,0.11,0.23,-0.12,通宇通讯,计算机、通信和其他电子设备制造业,主板,16.630000000000074,16.644999999999996,16.872500000000016,16.98625000000002,16.130851063829784
2792,2021-06-21,16.94,16.83,16.94,16.6,16.8,21267.6,35695700.0,16.67,16.7,17.14349999999999,16.73,16.0,52.51,0.11,0.21,-0.1,通宇通讯,计算机、通信和其他电子设备制造业,主板,16.755000000000074,16.629999999999995,16.817500000000013,16.957500000000017,16.16510638297872
2792,2021-06-22,16.73,16.55,16.83,16.46,16.83,22310.9,36971200.0,16.71,16.65,17.06049999999999,16.78,16.02,48.07,0.08,0.18,-0.1,通宇通讯,计算机、通信和其他电子设备制造业,主板,16.780000000000072,16.622499999999995,16.740000000000016,16.91687500000002,16.196808510638295
2792,2021-06-23,16.48,16.83,16.94,16.36,16.55,29646.3,49458400.0,16.79,16.64,16.97649999999999,16.84,16.04,52.4,0.08,0.16,-0.08,通宇通讯,计算机、通信和其他电子设备制造业,主板,16.752500000000072,16.628749999999993,16.701666666666686,16.887500000000017,16.237872340425533
2792,2021-06-24,16.84,16.73,16.91,16.41,16.83,25594.8,42558700.0,16.75,16.65,16.93599999999999,16.89,16.06,50.77,0.07,0.14,-0.07,通宇通讯,计算机、通信和其他电子设备制造业,主板,16.735000000000074,16.68249999999999,16.675000000000015,16.83812500000002,16.275744680851062
2792,2021-06-25,16.72,16.57,16.72,16.45,16.73,15128.0,25015000.0,16.7,16.63,16.899999999999988,16.93,16.07,48.19,0.04,0.12,-0.08,通宇通讯,计算机、通信和其他电子设备制造业,主板,16.670000000000076,16.71249999999999,16.64333333333335,16.78062500000002,16.30723404255319
2792,2021-06-28,16.51,16.58,16.74,16.5,16.57,14539.0,24135800.0,16.65,16.66,16.86899999999999,16.96,16.09,48.37,0.03,0.1,-0.07,通宇通讯,计算机、通信和其他电子设备制造业,主板,16.677500000000077,16.72874999999999,16.640833333333347,16.724375000000016,16.332340425531914
2792,2021-06-29,16.56,16.1,16.56,16.08,16.58,24413.8,39665200.0,16.56,16.64,16.80899999999999,16.95,16.11,41.11,-0.01,0.08,-0.09,通宇通讯,计算机、通信和其他电子设备制造业,主板,16.49500000000008,16.62374999999999,16.58416666666668,16.650000000000016,16.343829787234043
2792,2021-06-30,16.1,16.33,16.5,16.08,16.1,15185.7,24756100.0,16.46,16.63,16.74949999999999,16.96,16.13,45.34,-0.04,0.06,-0.1,通宇通讯,计算机、通信和其他电子设备制造业,主板,16.395000000000078,16.56499999999999,16.586666666666677,16.605000000000015,16.363404255319153
2792,2021-07-01,16.38,15.87,16.45,15.84,16.33,21536.8,34706300.0,16.29,16.52,16.668499999999987,16.96,16.14,39.27,-0.1,0.03,-0.13,通宇通讯,计算机、通信和其他电子设备制造业,主板,16.220000000000077,16.444999999999993,16.548333333333346,16.537500000000016,16.37638297872341
2792,2021-07-02,15.87,15.82,16.04,15.72,15.87,12013.0,19061500.0,16.14,16.42,16.58549999999999,16.94,16.15,38.66,-0.13,-0.01,-0.12,通宇通讯,计算机、通信和其他电子设备制造业,主板,16.030000000000076,16.35374999999999,16.495833333333348,16.488125000000014,16.38404255319149
2792,2021-07-05,15.78,15.9,15.98,15.77,15.82,9661.25,15310800.0,16.0,16.33,16.515999999999984,16.87,16.15,40.25,-0.17,-0.04,-0.13,通宇通讯,计算机、通信和其他电子设备制造业,主板,15.980000000000077,16.23749999999999,16.409166666666682,16.43312500000001,16.400000000000002
2792,2021-07-06,15.91,15.89,16.02,15.76,15.9,11884.5,18873000.0,15.96,16.26,16.457999999999984,16.79,16.16,40.11,-0.19,-0.07,-0.12,通宇通讯,计算机、通信和其他电子设备制造业,主板,15.87000000000008,16.13249999999999,16.333333333333346,16.40750000000001,16.418085106382982
2792,2021-07-07,15.88,15.6,15.98,15.52,15.89,22654.8,35468600.0,15.82,16.14,16.390499999999985,16.7,16.16,36.18,-0.23,-0.1,-0.13,通宇通讯,计算机、通信和其他电子设备制造业,主板,15.802500000000078,16.01124999999999,16.230833333333347,16.361875000000012,16.424893617021283
2792,2021-07-08,15.6,15.62,15.67,15.43,15.6,17231.7,26789200.0,15.77,16.03,16.340999999999987,16.63,16.17,36.64,-0.24,-0.13,-0.11,通宇通讯,计算机、通信和其他电子设备制造业,主板,15.752500000000078,15.89124999999999,16.153333333333347,16.310000000000013,16.434042553191492
2792,2021-07-09,15.58,15.82,15.86,15.58,15.62,18534.0,29215500.0,15.77,15.95,16.292999999999985,16.58,16.18,41.21,-0.25,-0.15,-0.1,通宇通讯,计算机、通信和其他电子设备制造业,主板,15.732500000000078,15.856249999999992,16.06916666666668,16.240000000000013,16.446595744680856
2792,2021-07-12,15.89,17.06,17.19,15.88,15.82,77751.4,130270000.0,16.0,16.0,16.33099999999998,16.58,16.22,60.33,-0.14,-0.15,0.01,通宇通讯,计算机、通信和其他电子设备制造业,主板,16.025000000000077,15.947499999999993,16.096666666666682,16.256250000000012,16.491702127659575
2792,2021-07-13,17.14,16.7,17.14,16.66,17.06,42786.6,71862100.0,16.16,16.06,16.349499999999985,16.56,16.25,54.76,-0.09,-0.14,0.05,通宇通讯,计算机、通信和其他电子设备制造业,主板,16.30000000000008,16.051249999999992,16.107500000000012,16.248125000000012,16.529148936170216
2792,2021-07-14,17.11,16.88,17.45,16.82,16.7,58158.3,99519400.0,16.42,16.12,16.370999999999984,16.54,16.28,56.9,-0.04,-0.12,0.08,通宇通讯,计算机、通信和其他电子设备制造业,主板,16.615000000000077,16.183749999999993,16.13250000000001,16.26875000000001,16.56893617021277
2792,2021-07-15,16.92,16.92,17.23,16.83,16.88,37839.0,64223600.0,16.68,16.22,16.369999999999983,16.52,16.3,57.39,0.01,-0.09,0.1,通宇通讯,计算机、通信和其他电子设备制造业,主板,16.89000000000008,16.31124999999999,16.200833333333346,16.274375000000013,16.61063829787234
2792,2021-07-16,17.08,16.81,17.08,16.6,16.92,34582.9,58357700.0,16.87,16.32,16.370499999999986,16.5,16.32,55.54,0.04,-0.07,0.11,通宇通讯,计算机、通信和其他电子设备制造业,主板,16.82750000000008,16.42624999999999,16.240833333333345,16.279375000000012,16.647659574468083
2792,2021-07-19,16.67,17.65,17.79,16.56,16.81,74715.5,129479000.0,16.99,16.49,16.411499999999982,16.51,16.36,64.83,0.13,-0.03,0.16,通宇通讯,计算机、通信和其他电子设备制造业,主板,17.06500000000008,16.68249999999999,16.38916666666668,16.34687500000001,16.700638297872338
2792,2021-07-20,17.42,17.57,17.88,17.3,17.65,47012.1,82587900.0,17.17,16.66,16.462499999999984,16.53,16.4,63.47,0.19,0.02,0.17,通宇通讯,计算机、通信和其他电子设备制造业,主板,17.237500000000082,16.92624999999999,16.535000000000014,16.408750000000012,16.748297872340423
2792,2021-07-21,17.42,17.68,17.85,17.4,17.57,39763.0,70126100.0,17.33,16.87,16.504999999999985,16.55,16.44,64.57,0.25,0.06,0.19,通宇通讯,计算机、通信和其他电子设备制造业,主板,17.427500000000084,17.15874999999999,16.683333333333348,16.50750000000001,16.785744680851064
2792,2021-07-22,17.69,17.5,17.7,17.41,17.68,29894.7,52401200.0,17.44,17.06,16.543499999999984,16.58,16.48,61.32,0.27,0.1,0.17,通宇通讯,计算机、通信和其他电子设备制造业,主板,17.600000000000083,17.21374999999999,16.817500000000013,16.580625000000012,16.811489361702126
2792,2021-07-23,17.48,17.48,17.67,17.32,17.5,27934.5,48770000.0,17.58,17.22,16.588999999999984,16.6,16.52,60.95,0.29,0.14,0.15,通宇通讯,计算机、通信和其他电子设备制造业,主板,17.557500000000083,17.31124999999999,16.97416666666668,16.681250000000013,16.840212765957446
2792,2021-07-26,17.54,17.26,17.71,17.1,17.48,35228.8,61307300.0,17.5,17.24,16.622999999999983,16.64,16.55,56.91,0.28,0.17,0.11,通宇通讯,计算机、通信和其他电子设备制造业,主板,17.480000000000082,17.35874999999999,17.110833333333346,16.771250000000013,16.87
2792,2021-07-27,17.38,17.45,18.15,17.31,17.26,64883.5,115446000.0,17.47,17.32,16.690499999999982,16.67,16.59,59.41,0.29,0.19,0.1,通宇通讯,计算机、通信和其他电子设备制造业,主板,17.422500000000085,17.42499999999999,17.24666666666668,16.868125000000013,16.89212765957447
2792,2021-07-28,17.55,17.87,18.05,16.75,17.45,78162.5,138211000.0,17.51,17.42,16.767499999999984,16.72,16.63,64.34,0.32,0.22,0.1,通宇通讯,计算机、通信和其他电子设备制造业,主板,17.515000000000086,17.55749999999999,17.31416666666668,16.991875000000014,16.891702127659578
2792,2021-07-29,18.15,18.48,18.66,17.88,17.87,96533.5,177175000.0,17.71,17.58,16.897999999999985,16.77,16.69,70.04,0.39,0.25,0.14,通宇通讯,计算机、通信和其他电子设备制造业,主板,17.765000000000086,17.66124999999999,17.462500000000013,17.171875000000014,16.89744680851064
2792,2021-07-30,18.28,18.11,18.76,18.06,18.48,76795.5,140988000.0,17.83,17.71,17.012499999999985,16.82,16.74,63.42,0.42,0.29,0.13,通宇通讯,计算机、通信和其他电子设备制造业,主板,17.977500000000084,17.72874999999999,17.565000000000012,17.327500000000015,16.88893617021277
2792,2021-08-02,18.05,18.59,18.68,18.05,18.11,69654.4,128733000.0,18.1,17.8,17.146999999999984,16.87,16.8,67.68,0.46,0.32,0.14,通宇通讯,计算机、通信和其他电子设备制造业,主板,18.262500000000085,17.84249999999999,17.70416666666668,17.500625000000014,16.911276595744685
2792,2021-08-03,18.5,18.61,19.23,18.39,18.59,81917.0,154011000.0,18.33,17.9,17.282999999999987,16.94,16.86,67.85,0.5,0.36,0.14,通宇通讯,计算机、通信和其他电子设备制造业,主板,18.447500000000083,17.98124999999999,17.854166666666682,17.597500000000014,16.939361702127663
2792,2021-08-04,18.7,18.75,18.91,18.49,18.61,57281.5,106976000.0,18.51,18.01,17.440499999999986,17.01,16.92,69.07,0.54,0.39,0.15,通宇通讯,计算机、通信和其他电子设备制造业,主板,18.515000000000082,18.13999999999999,17.945833333333347,17.725625000000015,16.972340425531918
2792,2021-08-05,18.69,18.31,18.7,18.2,18.75,45151.1,82895200.0,18.47,18.09,17.574999999999985,17.06,16.98,61.24,0.52,0.42,0.1,通宇通讯,计算机、通信和其他电子设备制造业,主板,18.565000000000083,18.27124999999999,18.007500000000014,17.815000000000015,16.993829787234045
2792,2021-08-06,18.25,18.31,18.48,17.9,18.31,44001.0,80039300.0,18.51,18.17,17.699499999999986,17.12,17.03,61.24,0.51,0.44,0.07,通宇通讯,计算机、通信和其他电子设备制造业,主板,18.495000000000083,18.378749999999993,18.060000000000013,17.901875000000015,17.010638297872344
2792,2021-08-09,18.29,18.14,18.59,18.07,18.31,36017.4,65838800.0,18.42,18.26,17.753499999999985,17.17,17.06,58.28,0.47,0.44,0.03,通宇通讯,计算机、通信和其他电子设备制造业,主板,18.377500000000083,18.412499999999994,18.113333333333347,17.985000000000014,17.024468085106385
2792,2021-08-10,18.24,18.1,18.3,17.89,18.14,33304.5,60020800.0,18.32,18.33,17.82349999999999,17.24,17.09,57.58,0.43,0.44,-0.01,通宇通讯,计算机、通信和其他电子设备制造业,主板,18.21500000000008,18.364999999999995,18.165000000000017,18.013125000000016,17.037659574468087
2792,2021-08-11,18.12,17.72,18.12,17.55,18.1,42980.2,76169000.0,18.12,18.31,17.865499999999987,17.28,17.12,51.24,0.38,0.43,-0.05,通宇通讯,计算机、通信和其他电子设备制造业,主板,18.06750000000008,18.316249999999997,18.20333333333335,18.02250000000002,17.0468085106383
2792,2021-08-12,17.7,17.62,17.92,17.6,17.72,32975.1,58462000.0,17.98,18.23,17.900499999999987,17.34,17.15,49.69,0.31,0.4,-0.09,通宇通讯,计算机、通信和其他电子设备制造业,主板,17.89500000000008,18.194999999999997,18.21750000000002,18.01875000000002,17.05893617021277
2792,2021-08-13,17.63,17.41,17.67,17.28,17.62,36134.3,63028700.0,17.8,18.16,17.930499999999988,17.39,17.17,46.51,0.25,0.37,-0.12,通宇通讯,计算机、通信和其他电子设备制造业,主板,17.71250000000008,18.044999999999995,18.179166666666685,18.01312500000002,17.068723404255323
2792,2021-08-16,17.36,17.32,17.58,17.24,17.41,33015.6,57479900.0,17.63,18.03,17.913999999999987,17.44,17.16,45.17,0.18,0.34,-0.16,通宇通讯,计算机、通信和其他电子设备制造业,主板,17.517500000000084,17.866249999999994,18.082500000000017,18.00312500000002,17.083829787234045
2792,2021-08-17,17.32,16.74,17.36,16.68,17.32,40593.7,69089100.0,17.36,17.84,17.872499999999988,17.47,17.13,37.66,0.09,0.29,-0.2,通宇通讯,计算机、通信和其他电子设备制造业,主板,17.272500000000083,17.669999999999995,17.96833333333335,17.97062500000002,17.08297872340426
2792,2021-08-18,16.74,17.01,17.01,16.58,16.74,27571.5,46257500.0,17.22,17.67,17.838999999999988,17.52,17.11,42.46,0.03,0.23,-0.2,通宇通讯,计算机、通信和其他电子设备制造业,主板,17.120000000000083,17.507499999999993,17.836666666666684,17.94312500000002,17.098085106382985
2792,2021-08-19,17.02,17.22,17.36,16.9,17.01,34115.0,58661300.0,17.14,17.56,17.82499999999999,17.57,17.1,45.94,0.0,0.19,-0.19,通宇通讯,计算机、通信和其他电子设备制造业,主板,17.072500000000083,17.39249999999999,17.72083333333335,17.902500000000018,17.11702127659575
2792,2021-08-20,17.2,16.92,17.2,16.73,17.22,24594.7,41592700.0,17.04,17.42,17.79699999999999,17.61,17.1,42.03,-0.05,0.14,-0.19,通宇通讯,计算机、通信和其他电子设备制造业,主板,16.972500000000082,17.244999999999994,17.568333333333353,17.805000000000017,17.127021276595748
2792,2021-08-23,16.93,17.28,17.39,16.76,16.92,26543.3,45649300.0,17.03,17.33,17.79799999999999,17.61,17.1,47.78,-0.06,0.1,-0.16,通宇通讯,计算机、通信和其他电子设备制造业,主板,17.107500000000083,17.189999999999994,17.48250000000002,17.75312500000002,17.134255319148938
2792,2021-08-24,17.27,16.99,17.28,16.93,17.28,26857.1,45842300.0,17.08,17.22,17.77499999999999,17.62,17.09,43.99,-0.08,0.06,-0.14,通宇通讯,计算机、通信和其他电子设备制造业,主板,17.10250000000008,17.111249999999995,17.37250000000002,17.65312500000002,17.138297872340427
2792,2021-08-25,17.08,17.06,17.23,16.93,16.99,20674.8,35241500.0,17.09,17.16,17.73449999999999,17.63,17.08,45.12,-0.1,0.03,-0.13,通宇通讯,计算机、通信和其他电子设备制造业,主板,17.06250000000008,17.067499999999995,17.282500000000017,17.55625000000002,17.1431914893617
2792,2021-08-26,17.04,16.59,17.17,16.53,17.06,33181.7,55618800.0,16.97,17.05,17.63999999999999,17.62,17.07,39.38,-0.14,0.0,-0.14,通宇通讯,计算机、通信和其他电子设备制造业,主板,16.980000000000082,16.976249999999997,17.156666666666684,17.42125000000002,17.14404255319149
2792,2021-08-27,16.62,16.47,16.73,16.29,16.59,26393.2,43487800.0,16.88,16.96,17.557999999999986,17.61,17.05,38.05,-0.19,-0.04,-0.15,通宇通讯,计算机、通信和其他电子设备制造业,主板,16.77750000000008,16.942499999999995,17.05250000000002,17.306250000000016,17.136382978723407
2792,2021-08-30,16.58,16.28,16.72,16.21,16.47,25314.8,41677400.0,16.68,16.86,17.44249999999999,17.56,17.04,35.97,-0.23,-0.08,-0.15,通宇通讯,计算机、通信和其他电子设备制造业,主板,16.600000000000083,16.851249999999997,16.94083333333335,17.179375000000018,17.1268085106383
2792,2021-08-31,16.23,16.21,16.36,15.94,16.28,21336.1,34373500.0,16.52,16.8,17.322499999999984,17.52,17.02,35.21,-0.28,-0.12,-0.16,通宇通讯,计算机、通信和其他电子设备制造业,主板,16.38750000000008,16.724999999999998,16.840833333333354,17.058750000000018,17.119148936170212
2792,2021-09-01,16.25,16.46,16.52,16.17,16.21,29360.5,48083100.0,16.4,16.75,17.207999999999984,17.48,17.01,40.09,-0.28,-0.15,-0.13,通宇通讯,计算机、通信和其他电子设备制造业,主板,16.355000000000082,16.667499999999997,16.76916666666669,16.956250000000015,17.11659574468085
2792,2021-09-02,16.54,16.29,16.61,16.28,16.46,24611.3,40346000.0,16.34,16.66,17.106999999999985,17.43,17.01,37.99,-0.31,-0.18,-0.13,通宇通讯,计算机、通信和其他电子设备制造业,主板,16.31000000000008,16.543749999999996,16.731666666666687,16.866875000000014,17.12063829787234
2792,2021-09-03,16.21,16.77,16.8,16.19,16.29,32768.8,54231400.0,16.4,16.64,17.029999999999983,17.41,17.01,46.5,-0.28,-0.2,-0.08,通宇通讯,计算机、通信和其他电子设备制造业,主板,16.43250000000008,16.516249999999996,16.711666666666687,16.813750000000013,17.13
2792,2021-09-06,16.77,16.8,16.87,16.55,16.77,29480.1,49423200.0,16.51,16.59,16.962999999999987,17.4,17.02,46.99,-0.25,-0.21,-0.04,通宇通讯,计算机、通信和其他电子设备制造业,主板,16.580000000000076,16.483749999999997,16.676666666666687,16.775625000000012,17.14978723404255
2792,2021-09-07,16.85,16.74,16.88,16.61,16.8,26424.1,44094400.0,16.61,16.57,16.894999999999985,17.37,17.02,46.08,-0.23,-0.22,-0.01,通宇通讯,计算机、通信和其他电子设备制造业,主板,16.650000000000077,16.502499999999998,16.66166666666669,16.739375000000013,17.169361702127656
2792,2021-09-08,16.7,16.91,16.95,16.65,16.74,27880.8,46903900.0,16.7,16.55,16.854499999999984,17.34,17.03,49.08,-0.19,-0.21,0.02,通宇通讯,计算机、通信和其他电子设备制造业,主板,16.805000000000078,16.557499999999997,16.630833333333356,16.750000000000014,17.190851063829783
2792,2021-09-09,16.91,16.94,17.25,16.82,16.91,33902.6,57721300.0,16.83,16.59,16.820499999999985,17.29,17.03,49.61,-0.17,-0.2,0.03,通宇通讯,计算机、通信和其他电子设备制造业,主板,16.84750000000008,16.639999999999997,16.62666666666669,16.745625000000015,17.213191489361698
2792,2021-09-10,16.94,16.84,17.02,16.71,16.94,23220.4,39192000.0,16.85,16.62,16.79199999999998,17.25,17.03,47.82,-0.15,-0.19,0.04,通宇通讯,计算机、通信和其他电子设备制造业,主板,16.85750000000008,16.718749999999996,16.608333333333356,16.72187500000001,17.239574468085102
2792,2021-09-13,16.75,16.61,16.79,16.55,16.84,21995.0,36664900.0,16.81,16.66,16.75649999999998,17.18,17.03,43.88,-0.16,-0.19,0.03,通宇通讯,计算机、通信和其他电子设备制造业,主板,16.82500000000008,16.737499999999994,16.61000000000002,16.70250000000001,17.260638297872337
2792,2021-09-14,16.66,16.47,16.99,16.44,16.61,28965.9,48532800.0,16.75,16.68,16.742999999999984,17.11,17.03,41.63,-0.17,-0.18,0.01,通宇通讯,计算机、通信和其他电子设备制造业,主板,16.71500000000008,16.759999999999994,16.61000000000002,16.65187500000001,17.27446808510638
2792,2021-09-15,16.41,16.51,16.65,16.2,16.47,16310.9,26846800.0,16.67,16.69,16.717999999999982,17.03,17.02,42.54,-0.17,-0.18,0.01,通宇通讯,计算机、通信和其他电子设备制造业,主板,16.607500000000083,16.727499999999992,16.629166666666688,16.62187500000001,17.262765957446806
2792,2021-09-16,16.6,16.07,16.62,16.03,16.51,21738.6,35411100.0,16.5,16.67,16.660499999999985,16.96,17.01,35.94,-0.21,-0.19,-0.02,通宇通讯,计算机、通信和其他电子设备制造业,主板,16.415000000000084,16.63624999999999,16.617500000000017,16.56000000000001,17.249361702127658
2792,2021-09-17,16.07,15.82,16.1,15.7,16.07,22213.0,35276100.0,16.3,16.57,16.605499999999985,16.88,17.0,32.82,-0.26,-0.2,-0.06,通宇通讯,计算机、通信和其他电子设备制造业,主板,16.217500000000083,16.521249999999988,16.564166666666683,16.51187500000001,17.226808510638296
2792,2021-09-22,15.7,15.84,15.9,15.61,15.82,12258.2,19336700.0,16.14,16.48,16.533499999999982,16.8,16.98,33.32,-0.28,-0.22,-0.06,通宇通讯,计算机、通信和其他电子设备制造业,主板,16.060000000000084,16.38749999999999,16.526666666666685,16.47250000000001,17.203829787234042
2792,2021-09-23,15.84,16.29,16.34,15.84,15.84,20151.0,32549200.0,16.11,16.43,16.498499999999982,16.74,16.99,43.48,-0.27,-0.23,-0.04,通宇通讯,计算机、通信和其他电子设备制造业,主板,16.005000000000084,16.306249999999988,16.486666666666682,16.47312500000001,17.19276595744681
2792,2021-09-24,16.4,16.14,16.4,16.07,16.29,12066.8,19550200.0,16.03,16.35,16.45249999999998,16.69,16.98,41.22,-0.27,-0.24,-0.03,通宇通讯,计算机、通信和其他电子设备制造业,主板,16.022500000000086,16.21874999999999,16.431666666666683,16.46875000000001,17.160638297872342
2792,2021-09-27,16.25,15.89,16.52,15.82,16.14,18013.8,28988900.0,16.0,16.25,16.417499999999983,16.63,16.99,37.71,-0.29,-0.25,-0.04,通宇通讯,计算机、通信和其他电子设备制造业,主板,16.040000000000084,16.12874999999999,16.360833333333346,16.43312500000001,17.124893617021275
2792,2021-09-28,15.8,15.9,16.03,15.75,15.89,11120.2,17662100.0,16.01,16.15,16.38899999999998,16.58,16.99,37.94,-0.29,-0.26,-0.03,通宇通讯,计算机、通信和其他电子设备制造业,主板,16.055000000000085,16.05749999999999,16.27666666666668,16.40875000000001,17.087021276595745
2792,2021-09-29,15.76,15.56,15.94,15.52,15.9,14042.9,22004000.0,15.96,16.05,16.35299999999998,16.52,16.98,33.46,-0.32,-0.27,-0.05,通宇通讯,计算机、通信和其他电子设备制造业,主板,15.872500000000086,15.93874999999999,16.16166666666668,16.33312500000001,17.04574468085106
2792,2021-09-30,15.57,15.75,15.87,15.57,15.56,8986.22,14167100.0,15.85,15.98,16.32999999999998,16.49,16.98,37.87,-0.33,-0.28,-0.05,通宇通讯,计算机、通信和其他电子设备制造业,主板,15.775000000000087,15.898749999999993,16.070833333333347,16.26750000000001,17.008936170212767
2792,2021-10-08,15.96,16.09,16.19,15.85,15.75,13525.4,21745500.0,15.84,15.93,16.31149999999998,16.46,16.99,44.91,-0.3,-0.28,-0.02,通宇通讯,计算机、通信和其他电子设备制造业,主板,15.825000000000088,15.932499999999994,16.027500000000014,16.226875000000007,16.98404255319149
2792,2021-10-11,16.18,16.36,16.42,15.88,16.09,24272.1,39292900.0,15.93,15.96,16.31499999999998,16.43,17.0,49.78,-0.26,-0.28,0.02,通宇通讯,计算机、通信和其他电子设备制造业,主板,15.940000000000088,15.997499999999992,16.01833333333335,16.192500000000006,16.960851063829786
2792,2021-10-12,16.27,16.27,16.67,16.18,16.36,23141.6,37904300.0,16.01,16.01,16.28999999999998,16.41,17.01,48.25,-0.22,-0.27,0.05,通宇通讯,计算机、通信和其他电子设备制造业,主板,16.11750000000009,15.994999999999994,15.998333333333349,16.150625000000005,16.926808510638296
2792,2021-10-13,16.14,16.59,16.65,16.12,16.27,26982.1,44598500.0,16.21,16.08,16.279499999999977,16.38,17.0,53.7,-0.17,-0.25,0.08,通宇通讯,计算机、通信和其他电子设备制造业,主板,16.32750000000009,16.051249999999996,16.041666666666682,16.135000000000005,16.88659574468085
2792,2021-10-14,16.45,16.58,16.78,16.45,16.59,15622.5,25911600.0,16.38,16.11,16.27149999999998,16.37,17.0,53.51,-0.12,-0.22,0.1,通宇通讯,计算机、通信和其他电子设备制造业,主板,16.450000000000088,16.137499999999996,16.105000000000018,16.133125000000003,16.85404255319149
2792,2021-10-15,16.61,16.54,16.72,16.34,16.58,22822.0,37662200.0,16.47,16.15,16.25299999999998,16.35,16.99,52.71,-0.1,-0.2,0.1,通宇通讯,计算机、通信和其他电子设备制造业,主板,16.495000000000086,16.217499999999994,16.16333333333335,16.137500000000003,16.81042553191489
2792,2021-10-18,16.42,16.15,16.42,16.12,16.54,19097.7,30940900.0,16.43,16.18,16.213499999999975,16.34,16.98,45.54,-0.1,-0.18,0.08,通宇通讯,计算机、通信和其他电子设备制造业,主板,16.465000000000085,16.291249999999994,16.151666666666685,16.115000000000002,16.758085106382975
2792,2021-10-19,16.39,16.16,16.42,16.1,16.15,12278.4,19886600.0,16.4,16.2,16.17949999999998,16.33,16.97,45.75,-0.1,-0.16,0.06,通宇通讯,计算机、通信和其他电子设备制造业,主板,16.357500000000083,16.342499999999994,16.15333333333335,16.120625000000004,16.702978723404254
2792,2021-10-20,16.17,15.82,16.24,15.81,16.16,17784.3,28338600.0,16.25,16.23,16.13999999999998,16.31,16.94,40.24,-0.13,-0.16,0.03,通宇通讯,计算机、通信和其他电子设备制造业,主板,16.167500000000086,16.308749999999993,16.14750000000002,16.120625000000004,16.65
2792,2021-10-21,15.82,15.46,15.82,15.4,15.82,24575.7,38245200.0,16.03,16.2,16.089499999999976,16.29,16.9,35.38,-0.18,-0.16,-0.02,通宇通讯,计算机、通信和其他电子设备制造业,主板,15.897500000000084,16.196249999999992,16.11083333333335,16.096875000000004,16.58936170212766
2792,2021-10-22,15.56,15.42,15.63,15.4,15.46,12769.5,19785200.0,15.8,16.13,16.034999999999975,16.25,16.86,34.87,-0.22,-0.17,-0.05,通宇通讯,计算机、通信和其他电子设备制造业,主板,15.715000000000083,16.08999999999999,16.099166666666683,16.042500000000004,16.53148936170213
2792,2021-10-25,15.42,15.19,15.43,15.08,15.42,16596.2,25160000.0,15.61,16.02,15.990999999999977,16.22,16.83,32.05,-0.26,-0.19,-0.07,通宇通讯,计算机、通信和其他电子设备制造业,主板,15.472500000000085,15.914999999999988,16.052500000000016,15.983125000000005,16.469574468085106
2792,2021-10-26,15.23,15.39,15.45,15.11,15.19,17459.7,26707300.0,15.46,15.93,15.969499999999977,16.17,16.79,36.84,-0.28,-0.21,-0.07,通宇通讯,计算机、通信和其他电子设备制造业,主板,15.365000000000085,15.76624999999999,15.994166666666684,15.951875000000005,16.42
2792,2021-10-27,15.38,14.9,15.38,14.8,15.39,22793.6,34123900.0,15.27,15.76,15.922499999999976,16.11,16.75,31.06,-0.33,-0.23,-0.1,通宇通讯,计算机、通信和其他电子设备制造业,主板,15.225000000000085,15.56124999999999,15.872500000000016,15.889375000000003,16.36212765957447
2792,2021-10-28,14.85,14.87,14.94,14.77,14.9,9816.58,14574500.0,15.15,15.59,15.851499999999977,16.04,16.71,30.74,-0.37,-0.26,-0.11,通宇通讯,计算机、通信和其他电子设备制造业,主板,15.087500000000084,15.40124999999999,15.75583333333335,15.846250000000001,16.30808510638298
2792,2021-10-29,14.98,14.97,15.1,14.83,14.87,11301.9,16931300.0,15.06,15.43,15.792999999999978,15.98,16.66,33.2,-0.39,-0.29,-0.1,通宇通讯,计算机、通信和其他电子设备制造业,主板,15.032500000000084,15.25249999999999,15.62083333333335,15.797500000000003,16.25808510638298
2792,2021-11-01,14.99,15.15,15.18,14.78,14.97,13517.5,20365700.0,15.06,15.33,15.755999999999977,15.92,16.6,37.49,-0.38,-0.3,-0.08,通宇通讯,计算机、通信和其他电子设备制造业,主板,14.972500000000085,15.168749999999992,15.501666666666685,15.738750000000001,16.224255319148934
2792,2021-11-02,15.14,15.09,15.33,14.92,15.15,13328.2,20165200.0,15.0,15.23,15.715499999999977,15.86,16.55,36.65,-0.38,-0.32,-0.06,通宇通讯,计算机、通信和其他电子设备制造业,主板,15.020000000000087,15.122499999999992,15.380833333333351,15.659375,16.18340425531915
2792,2021-11-03,15.08,15.12,15.15,14.93,15.09,8006.0,12046900.0,15.04,15.16,15.693499999999977,15.81,16.5,37.41,-0.36,-0.33,-0.03,通宇通讯,计算机、通信和其他电子设备制造业,主板,15.082500000000087,15.084999999999992,15.295000000000018,15.5875,16.13872340425532
2792,2021-11-04,15.12,15.46,15.51,15.1,15.12,21463.5,33052600.0,15.16,15.16,15.678999999999977,15.78,16.44,45.41,-0.33,-0.33,0.0,通宇通讯,计算机、通信和其他电子设备制造业,主板,15.205000000000087,15.118749999999991,15.236666666666686,15.516875,16.107659574468087
2792,2021-11-05,15.53,15.39,15.6,15.35,15.46,14619.3,22615800.0,15.24,15.15,15.643999999999977,15.74,16.39,44.16,-0.3,-0.32,0.02,通宇通讯,计算机、通信和其他电子设备制造业,主板,15.265000000000088,15.11874999999999,15.200833333333355,15.442500000000003,16.06744680851064
2792,2021-11-08,15.34,15.39,15.47,15.18,15.39,10741.3,16430700.0,15.29,15.17,15.595499999999976,15.72,16.34,44.16,-0.28,-0.31,0.03,通宇通讯,计算机、通信和其他电子设备制造业,主板,15.340000000000089,15.179999999999989,15.19500000000002,15.370625000000002,16.03340425531915
2792,2021-11-09,15.43,15.48,15.57,15.28,15.39,11580.8,17904300.0,15.37,15.18,15.555999999999978,15.71,16.29,46.36,-0.25,-0.3,0.05,通宇通讯,计算机、通信和其他电子设备制造业,主板,15.43000000000009,15.256249999999987,15.200000000000019,15.328750000000001,15.999787234042556
2792,2021-11-10,15.56,15.55,15.65,15.4,15.48,13626.4,21129200.0,15.45,15.25,15.50399999999998,15.7,16.25,48.08,-0.21,-0.28,0.07,通宇通讯,计算机、通信和其他电子设备制造业,主板,15.452500000000091,15.328749999999989,15.23000000000002,15.290625,15.977659574468086
2792,2021-11-11,15.42,15.75,15.75,15.42,15.55,18163.2,28424200.0,15.51,15.34,15.46249999999998,15.68,16.21,52.73,-0.17,-0.26,0.09,通宇通讯,计算机、通信和其他电子设备制造业,主板,15.542500000000093,15.403749999999988,15.26000000000002,15.286249999999999,15.962340425531915
2792,2021-11-12,15.74,15.76,15.78,15.58,15.75,12989.1,20399500.0,15.59,15.41,15.42349999999998,15.67,16.18,52.96,-0.13,-0.23,0.1,通宇通讯,计算机、通信和其他电子设备制造业,主板,15.635000000000094,15.487499999999986,15.331666666666685,15.304999999999998,15.951276595744682
2792,2021-11-15,15.76,15.88,15.93,15.72,15.76,13361.0,21161700.0,15.68,15.49,15.409999999999979,15.67,16.15,55.71,-0.09,-0.21,0.12,通宇通讯,计算机、通信和其他电子设备制造业,主板,15.735000000000092,15.582499999999985,15.415833333333351,15.33375,15.944255319148937
2792,2021-11-16,15.88,15.77,15.96,15.74,15.88,17143.0,27122000.0,15.74,15.55,15.390499999999978,15.66,16.12,52.67,-0.07,-0.18,0.11,通宇通讯,计算机、通信和其他电子设备制造业,主板,15.790000000000092,15.621249999999986,15.482500000000018,15.370000000000001,15.929574468085105
2792,2021-11-17,15.68,15.85,15.88,15.6,15.77,18042.9,28361400.0,15.8,15.63,15.391999999999978,15.67,16.1,54.61,-0.04,-0.15,0.11,通宇通讯,计算机、通信和其他电子设备制造业,主板,15.81500000000009,15.678749999999985,15.540833333333351,15.398750000000003,15.920212765957446
2792,2021-11-18,15.82,15.5,15.95,15.46,15.85,20082.2,31480200.0,15.75,15.63,15.39399999999998,15.66,16.08,45.77,-0.05,-0.13,0.08,通宇通讯,计算机、通信和其他电子设备制造业,主板,15.75000000000009,15.692499999999987,15.575000000000017,15.436250000000003,15.893191489361703
2792,2021-11-19,15.5,15.88,15.93,15.5,15.5,19834.2,31342600.0,15.78,15.68,15.416999999999978,15.66,16.06,54.4,-0.03,-0.11,0.08,通宇通讯,计算机、通信和其他电子设备制造业,主板,15.75000000000009,15.742499999999987,15.63833333333335,15.499375000000004,15.873617021276598
2792,2021-11-22,15.93,16.18,16.25,15.77,15.88,21451.0,34592400.0,15.84,15.76,15.466499999999979,15.65,16.04,59.83,0.02,-0.08,0.1,通宇通讯,计算机、通信和其他电子设备制造业,主板,15.852500000000092,15.821249999999987,15.69833333333335,15.575000000000005,15.861702127659575
2792,2021-11-23,16.07,16.16,16.3,16.0,16.18,17897.6,28980700.0,15.91,15.83,15.504999999999981,15.65,16.03,59.32,0.05,-0.06,0.11,通宇通讯,计算机、通信和其他电子设备制造业,主板,15.93000000000009,15.872499999999988,15.762500000000017,15.638125000000004,15.845744680851064
2792,2021-11-24,16.29,17.09,17.4,16.14,16.16,82120.1,138508000.0,16.16,15.98,15.614499999999982,15.66,16.02,71.45,0.15,-0.02,0.17,通宇通讯,计算机、通信和其他电子设备制造业,主板,16.32750000000009,16.03874999999999,15.904166666666683,15.763125000000004,15.848936170212765
2792,2021-11-25,17.02,16.79,17.21,16.72,17.09,50167.4,84936900.0,16.42,16.09,15.710499999999982,15.67,16.02,64.75,0.2,0.03,0.17,通宇通讯,计算机、通信和其他电子设备制造业,主板,16.555000000000092,16.15249999999999,16.01333333333335,15.867500000000003,15.84787234042553
2792,2021-11-26,17.0,16.43,17.0,16.37,16.79,31268.2,51613300.0,16.53,16.15,15.78349999999998,15.67,16.01,57.74,0.22,0.07,0.15,通宇通讯,计算机、通信和其他电子设备制造业,主板,16.617500000000092,16.23499999999999,16.086666666666684,15.928125000000003,15.844042553191485
2792,2021-11-29,16.22,15.95,16.26,15.8,16.43,30218.8,48392500.0,16.48,16.16,15.823499999999981,15.66,16.0,49.98,0.18,0.09,0.09,通宇通讯,计算机、通信和其他电子设备制造业,主板,16.565000000000094,16.247499999999988,16.10333333333335,15.963125000000005,15.832978723404253
2792,2021-11-30,15.98,17.21,17.44,15.98,15.95,96422.4,162966000.0,16.69,16.3,15.929499999999981,15.7,16.01,63.75,0.25,0.12,0.13,通宇通讯,计算机、通信和其他电子设备制造业,主板,16.59500000000009,16.46124999999999,16.224166666666683,16.076875000000005,15.84787234042553
2792,2021-12-01,17.33,16.91,17.38,16.75,17.21,59165.1,100186000.0,16.66,16.41,16.018999999999984,15.73,16.02,59.55,0.28,0.15,0.13,通宇通讯,计算机、通信和其他电子设备制造业,主板,16.625000000000092,16.58999999999999,16.310000000000016,16.166250000000005,15.86574468085106
2792,2021-12-02,16.77,16.69,16.93,16.54,16.91,28197.5,47075900.0,16.64,16.53,16.080499999999983,15.77,16.03,56.6,0.29,0.18,0.11,通宇通讯,计算机、通信和其他电子设备制造业,主板,16.69000000000009,16.653749999999988,16.38666666666668,16.237500000000004,15.884255319148933
2792,2021-12-03,16.62,16.71,16.9,16.56,16.69,25541.4,42643300.0,16.69,16.61,16.146499999999982,15.82,16.03,56.81,0.28,0.2,0.08,通宇通讯,计算机、通信和其他电子设备制造业,主板,16.88000000000009,16.72249999999999,16.45833333333335,16.297500000000003,15.902765957446805
2792,2021-12-06,16.8,16.34,16.8,16.25,16.71,24587.6,40392500.0,16.77,16.63,16.19399999999998,15.85,16.03,51.83,0.25,0.21,0.04,通宇通讯,计算机、通信和其他电子设备制造业,主板,16.662500000000094,16.62874999999999,16.52833333333335,16.333750000000002,15.90382978723404
2792,2021-12-07,16.36,16.12,16.59,15.92,16.34,25230.5,40650100.0,16.55,16.62,16.22599999999998,15.88,16.02,49.08,0.21,0.21,0.0,通宇通讯,计算机、通信和其他电子设备制造业,主板,16.465000000000096,16.54499999999999,16.54833333333335,16.348750000000003,15.903404255319147
2792,2021-12-08,16.15,16.24,16.36,16.06,16.12,17151.4,27831500.0,16.42,16.54,16.260499999999983,15.92,16.01,50.62,0.18,0.2,-0.02,通宇通讯,计算机、通信和其他电子设备制造业,主板,16.352500000000095,16.52124999999999,16.553333333333352,16.378125000000004,15.910851063829787
2792,2021-12-09,16.15,16.07,16.24,15.98,16.24,25315.4,40775000.0,16.3,16.47,16.27649999999998,15.96,16.0,48.38,0.14,0.19,-0.05,通宇通讯,计算机、通信和其他电子设备制造业,主板,16.192500000000095,16.536249999999992,16.545833333333352,16.391875000000002,15.914468085106384
2792,2021-12-10,16.07,16.02,16.19,15.82,16.07,24601.0,39344900.0,16.16,16.43,16.289499999999983,16.0,15.99,47.71,0.11,0.18,-0.07,通宇通讯,计算机、通信和其他电子设备制造业,主板,16.112500000000093,16.387499999999992,16.456666666666685,16.424375,15.924255319148937
2792,2021-12-13,16.13,16.27,16.32,16.02,16.02,22324.4,36177900.0,16.14,16.46,16.30899999999998,16.04,15.98,51.33,0.09,0.16,-0.07,通宇通讯,计算机、通信和其他电子设备制造业,主板,16.15000000000009,16.307499999999994,16.41333333333335,16.44875,15.935319148936172
2792,2021-12-14,16.15,16.31,16.36,16.15,16.27,15109.3,24592600.0,16.18,16.37,16.33599999999998,16.08,15.97,51.9,0.09,0.14,-0.05,通宇通讯,计算机、通信和其他电子设备制造业,主板,16.167500000000093,16.259999999999994,16.403333333333354,16.456875,15.94
2792,2021-12-15,16.3,16.4,16.7,16.14,16.31,32204.3,52853900.0,16.21,16.32,16.36349999999998,16.12,15.97,53.24,0.09,0.13,-0.04,通宇通讯,计算机、通信和其他电子设备制造业,主板,16.250000000000092,16.221249999999994,16.440833333333355,16.471874999999997,15.940851063829786
2792,2021-12-16,16.31,16.7,16.7,16.26,16.4,34511.1,57092800.0,16.34,16.32,16.42349999999998,16.16,15.97,57.47,0.12,0.13,-0.01,通宇通讯,计算机、通信和其他电子设备制造业,主板,16.420000000000094,16.266249999999992,16.39833333333335,16.447499999999998,15.95
2792,2021-12-17,16.69,16.45,16.69,16.4,16.7,19883.6,32833400.0,16.43,16.29,16.451999999999977,16.2,15.97,53.15,0.12,0.13,-0.01,通宇通讯,计算机、通信和其他电子设备制造业,主板,16.465000000000096,16.30749999999999,16.360000000000017,16.426249999999996,15.947021276595745
2792,2021-12-20,16.47,16.1,16.61,16.08,16.45,17302.3,28067400.0,16.39,16.27,16.44799999999998,16.22,15.97,47.74,0.09,0.12,-0.03,通宇通讯,计算机、通信和其他电子设备制造业,主板,16.412500000000094,16.28999999999999,16.310833333333353,16.405624999999997,15.936808510638297
2792,2021-12-21,16.08,16.27,16.32,16.01,16.1,10312.7,16754400.0,16.38,16.28,16.453499999999977,16.24,15.98,50.38,0.08,0.11,-0.03,通宇通讯,计算机、通信和其他电子设备制造业,主板,16.380000000000095,16.31499999999999,16.274166666666684,16.425624999999997,15.931063829787234
2792,2021-12-22,16.21,16.24,16.43,16.16,16.27,14563.0,23698200.0,16.35,16.28,16.41099999999998,16.27,15.98,49.9,0.06,0.1,-0.04,通宇通讯,计算机、通信和其他电子设备制造业,主板,16.265000000000093,16.34249999999999,16.26583333333335,16.365,15.932978723404256
2792,2021-12-23,16.13,16.02,16.3,16.0,16.24,16911.5,27254100.0,16.22,16.28,16.372499999999977,16.28,15.98,46.42,0.04,0.09,-0.05,通宇通讯,计算机、通信和其他电子设备制造业,主板,16.15750000000009,16.31124999999999,16.257500000000018,16.309374999999996,15.930000000000001
2792,2021-12-24,16.03,15.65,16.13,15.58,16.02,21894.8,34478500.0,16.06,16.24,16.333499999999976,16.27,15.97,41.2,-0.02,0.07,-0.09,通宇通讯,计算机、通信和其他电子设备制造业,主板,16.045000000000094,16.22874999999999,16.208333333333353,16.244374999999994,15.926382978723403
2792,2021-12-27,15.66,15.56,15.84,15.45,15.65,17403.2,27182300.0,15.95,16.17,16.313999999999975,16.26,15.96,40.02,-0.06,0.04,-0.1,通宇通讯,计算机、通信和其他电子设备制造业,主板,15.867500000000096,16.12374999999999,16.165833333333353,16.172499999999996,15.928510638297869
2792,2021-12-28,15.57,15.71,15.87,15.57,15.56,14998.5,23618100.0,15.84,16.11,16.238999999999976,16.26,15.96,42.95,-0.09,0.02,-0.11,通宇通讯,计算机、通信和其他电子设备制造业,主板,15.735000000000095,15.999999999999991,16.14000000000002,16.133124999999996,15.93468085106383
2792,2021-12-29,15.75,15.78,15.86,15.56,15.71,8689.5,13649100.0,15.74,16.05,16.182499999999973,16.26,15.96,44.32,-0.11,-0.01,-0.1,通宇通讯,计算机、通信和其他电子设备制造业,主板,15.675000000000097,15.91624999999999,16.099166666666687,16.111874999999994,15.94723404255319
2792,2021-12-30,15.79,15.93,15.97,15.7,15.78,12653.7,20127900.0,15.73,15.97,16.144499999999972,16.27,15.97,47.23,-0.1,-0.03,-0.07,通宇通讯,计算机、通信和其他电子设备制造业,主板,15.745000000000099,15.894999999999989,16.06750000000002,16.092499999999994,15.958723404255316
2792,2021-12-31,15.98,16.0,16.06,15.82,15.93,11707.5,18701100.0,15.8,15.93,16.108999999999973,16.28,15.97,48.59,-0.09,-0.04,-0.05,通宇通讯,计算机、通信和其他电子设备制造业,主板,15.855000000000096,15.86124999999999,16.034166666666685,16.088124999999994,15.982127659574465
2792,2022-01-04,15.99,16.2,16.26,15.99,16.0,15196.1,24565300.0,15.92,15.94,16.101999999999975,16.28,15.96,52.35,-0.07,-0.05,-0.02,通宇通讯,计算机、通信和其他电子设备制造业,主板,15.977500000000097,15.85624999999999,15.99250000000002,16.099374999999995,16.01042553191489
2792,2022-01-05,16.15,15.98,16.28,15.87,16.2,19506.7,31153300.0,15.98,15.91,16.094999999999978,16.27,15.96,48.17,-0.06,-0.05,-0.01,通宇通讯,计算机、通信和其他电子设备制造业,主板,16.027500000000096,15.851249999999991,15.953333333333353,16.081249999999997,16.031914893617017
2792,2022-01-06,15.83,15.94,16.08,15.83,15.98,13244.2,21136600.0,16.01,15.88,16.079999999999977,16.23,15.95,47.43,-0.06,-0.05,-0.01,通宇通讯,计算机、通信和其他电子设备制造业,主板,16.030000000000094,15.887499999999992,15.940000000000019,16.058124999999997,16.04872340425532
2792,2022-01-07,16.0,15.76,16.15,15.7,15.94,17846.2,28377100.0,15.98,15.85,16.064499999999974,16.2,15.93,44.14,-0.08,-0.06,-0.02,通宇通讯,计算机、通信和其他电子设备制造业,主板,15.970000000000095,15.91249999999999,15.897500000000017,16.018124999999998,16.062978723404253
2792,2022-01-10,15.76,15.92,15.95,15.53,15.76,14267.2,22558900.0,15.96,15.88,16.05949999999998,16.18,15.92,47.62,-0.08,-0.06,-0.02,通宇通讯,计算机、通信和其他电子设备制造业,主板,15.900000000000095,15.938749999999988,15.87083333333335,15.969375,16.08
2792,2022-01-11,15.92,15.91,16.05,15.84,15.92,10735.8,17119900.0,15.9,15.91,16.041499999999978,16.18,15.92,47.42,-0.07,-0.06,-0.01,通宇通讯,计算机、通信和其他电子设备制造业,主板,15.882500000000093,15.954999999999988,15.86166666666668,15.935625000000002,16.089574468085104
2792,2022-01-12,15.91,16.02,16.12,15.9,15.91,15617.8,25024500.0,15.91,15.94,16.02699999999998,16.14,15.92,49.9,-0.06,-0.06,0.0,通宇通讯,计算机、通信和其他电子设备制造业,主板,15.902500000000092,15.966249999999988,15.892500000000014,15.930625000000001,16.102978723404252
2792,2022-01-13,16.15,16.16,16.33,16.05,16.02,27740.3,44911300.0,15.95,15.98,16.01499999999998,16.12,15.92,52.93,-0.04,-0.06,0.02,通宇通讯,计算机、通信和其他电子设备制造业,主板,16.00250000000009,15.986249999999988,15.942500000000015,15.92375,16.119361702127655
2792,2022-01-14,16.0,15.99,16.24,15.96,16.16,13902.6,22371300.0,16.0,15.99,15.979499999999982,16.09,15.93,49.05,-0.04,-0.05,0.01,通宇通讯,计算机、通信和其他电子设备制造业,主板,16.02000000000009,15.959999999999988,15.965833333333348,15.908124999999998,16.13021276595744
2792,2022-01-17,15.99,16.49,16.5,15.99,15.99,33250.5,54429500.0,16.11,16.04,15.981499999999983,16.08,15.95,58.66,0.01,-0.04,0.05,通宇通讯,计算机、通信和其他电子设备制造业,主板,16.165000000000088,16.02374999999999,16.025000000000016,15.937499999999998,16.150212765957445
2792,2022-01-18,16.54,16.4,16.56,16.3,16.49,24251.6,39795500.0,16.21,16.06,15.99649999999998,16.09,15.97,56.59,0.03,-0.03,0.06,通宇通讯,计算机、通信和其他电子设备制造业,主板,16.260000000000087,16.08124999999999,16.064166666666683,15.984374999999998,16.164042553191486
2792,2022-01-19,16.38,16.41,16.52,16.29,16.4,15897.9,26049600.0,16.29,16.1,16.00349999999998,16.1,15.99,56.78,0.05,-0.01,0.06,通宇通讯,计算机、通信和其他电子设备制造业,主板,16.322500000000087,16.16249999999999,16.098333333333347,16.037499999999998,16.177872340425527
2792,2022-01-20,16.37,16.07,16.46,16.03,16.41,18372.2,29687000.0,16.27,16.11,15.994999999999981,16.09,16.01,49.2,0.04,0.0,0.04,通宇通讯,计算机、通信和其他电子设备制造业,主板,16.34250000000009,16.18124999999999,16.087500000000016,16.06,16.18191489361702
2792,2022-01-21,16.04,15.99,16.25,15.88,16.07,16487.0,26475200.0,16.27,16.14,15.993499999999983,16.09,16.03,47.59,0.02,0.0,0.02,通宇通讯,计算机、通信和其他电子设备制造业,主板,16.21750000000009,16.191249999999993,16.08833333333335,16.073125,16.186595744680847
2792,2022-01-24,15.95,16.14,16.28,15.9,15.99,14124.6,22746400.0,16.2,16.16,16.017999999999983,16.09,16.05,50.84,0.03,0.01,0.02,通宇通讯,计算机、通信和其他电子设备制造业,主板,16.15250000000009,16.206249999999994,16.105000000000018,16.08625,16.192765957446806
2792,2022-01-25,16.03,14.97,16.19,14.97,16.14,46256.7,70905000.0,15.92,16.06,15.988499999999984,16.05,16.04,33.44,-0.07,-0.01,-0.06,通宇通讯,计算机、通信和其他电子设备制造业,主板,15.79250000000009,16.057499999999994,16.039166666666684,16.021875,16.181489361702123
2792,2022-01-26,14.92,15.1,15.21,14.79,14.97,13978.8,20986500.0,15.65,15.97,15.957999999999988,16.01,16.04,36.06,-0.13,-0.03,-0.1,通宇通讯,计算机、通信和其他电子设备制造业,主板,15.550000000000088,15.946249999999994,15.970833333333353,15.953125000000004,16.164893617021274
2792,2022-01-27,15.18,14.66,15.18,14.6,15.1,17597.8,25971400.0,15.37,15.82,15.90199999999999,15.95,16.03,31.53,-0.22,-0.07,-0.15,通宇通讯,计算机、通信和其他电子设备制造业,主板,15.217500000000088,15.717499999999996,15.866666666666687,15.870625000000006,16.13255319148936
2792,2022-01-28,14.8,14.82,14.96,14.66,14.66,10425.6,15461600.0,15.14,15.71,15.846499999999988,15.89,16.02,34.74,-0.27,-0.11,-0.16,通宇通讯,计算机、通信和其他电子设备制造业,主板,14.887500000000088,15.519999999999996,15.766666666666685,15.800625000000007,16.10404255319149
2792,2022-02-07,15.0,15.07,15.14,15.0,14.82,7647.25,11508600.0,14.92,15.56,15.799999999999988,15.84,16.02,39.5,-0.28,-0.14,-0.14,通宇通讯,计算机、通信和其他电子设备制造业,主板,14.912500000000087,15.352499999999996,15.675833333333351,15.757500000000007,16.061063829787233
2792,2022-02-08,15.09,15.26,15.26,15.03,15.07,8017.72,12165200.0,14.98,15.45,15.75299999999999,15.81,16.02,42.92,-0.27,-0.17,-0.1,通宇通讯,计算机、通信和其他电子设备制造业,主板,14.952500000000088,15.251249999999995,15.615000000000016,15.716250000000008,16.028510638297874
2792,2022-02-09,15.23,15.75,15.8,15.21,15.26,26129.0,40676900.0,15.11,15.38,15.741499999999988,15.8,16.02,50.65,-0.23,-0.18,-0.05,通宇通讯,计算机、通信和其他电子设备制造业,主板,15.225000000000087,15.221249999999996,15.553333333333349,15.70625000000001,16.01404255319149
2792,2022-02-10,15.77,15.63,15.78,15.48,15.75,15705.9,24519800.0,15.31,15.34,15.725999999999988,15.78,16.02,48.9,-0.2,-0.18,-0.02,通宇通讯,计算机、通信和其他电子设备制造业,主板,15.427500000000085,15.157499999999997,15.489166666666682,15.68187500000001,16.007234042553193
2792,2022-02-11,15.63,15.45,15.69,15.33,15.63,13903.8,21520400.0,15.43,15.28,15.710499999999987,15.76,16.02,46.32,-0.18,-0.18,0.0,通宇通讯,计算机、通信和其他电子设备制造业,主板,15.522500000000084,15.217499999999998,15.40916666666668,15.637500000000012,15.969787234042554
2792,2022-02-14,15.41,15.53,15.74,15.33,15.45,11906.0,18546900.0,15.52,15.22,15.690999999999985,15.75,16.01,47.64,-0.17,-0.18,0.01,通宇通讯,计算机、通信和其他电子设备制造业,主板,15.590000000000083,15.271249999999998,15.364166666666682,15.608750000000011,15.940425531914894
2792,2022-02-15,15.49,15.53,15.71,15.4,15.53,10028.9,15601100.0,15.58,15.28,15.671999999999983,15.75,16.01,47.64,-0.15,-0.17,0.02,通宇通讯,计算机、通信和其他电子设备制造业,主板,15.535000000000082,15.379999999999999,15.325833333333348,15.548750000000009,15.915744680851063
2792,2022-02-16,15.66,15.61,15.76,15.55,15.53,8671.25,13553900.0,15.55,15.33,15.651499999999984,15.75,16.0,49.1,-0.13,-0.17,0.04,通宇通讯,计算机、通信和其他电子设备制造业,主板,15.530000000000081,15.478749999999998,15.28166666666668,15.49937500000001,15.892340425531915
2792,2022-02-17,15.48,15.48,15.71,15.4,15.61,8916.41,13871100.0,15.52,15.41,15.617499999999984,15.74,16.0,46.82,-0.13,-0.16,0.03,通宇通讯,计算机、通信和其他电子设备制造业,主板,15.53750000000008,15.529999999999998,15.32416666666668,15.441250000000009,15.874042553191488
2792,2022-02-18,15.47,15.61,15.64,15.41,15.48,10086.7,15709300.0,15.55,15.49,15.598499999999984,15.73,16.0,49.35,-0.11,-0.15,0.04,通宇通讯,计算机、通信和其他电子设备制造业,主板,15.55750000000008,15.573749999999995,15.366666666666681,15.412500000000009,15.8631914893617
2792,2022-02-21,15.7,15.89,15.98,15.7,15.61,15572.1,24729200.0,15.62,15.57,15.568499999999982,15.72,16.0,54.38,-0.07,-0.13,0.06,通宇通讯,计算机、通信和其他电子设备制造业,主板,15.647500000000079,15.591249999999995,15.469166666666682,15.406250000000007,15.855744680851062
2792,2022-02-22,15.78,15.88,15.95,15.63,15.89,15535.9,24537500.0,15.69,15.64,15.542499999999984,15.71,16.0,54.17,-0.04,-0.11,0.07,通宇通讯,计算机、通信和其他电子设备制造业,主板,15.715000000000078,15.622499999999995,15.557500000000017,15.390000000000008,15.851702127659571
2792,2022-02-23,15.8,16.17,16.22,15.78,15.88,22842.3,36735300.0,15.81,15.68,15.530499999999984,15.72,16.0,59.04,0.0,-0.09,0.09,通宇通讯,计算机、通信和其他电子设备制造业,主板,15.887500000000077,15.712499999999997,15.649166666666682,15.465000000000009,15.854893617021274
2792,2022-02-24,16.23,15.79,16.27,15.5,16.17,29604.7,47080200.0,15.87,15.69,15.516499999999985,15.72,15.97,51.34,0.01,-0.07,0.08,通宇通讯,计算机、通信和其他电子设备制造业,主板,15.93250000000008,15.744999999999997,15.69333333333335,15.508125000000009,15.844680851063826
2792,2022-02-25,15.9,15.8,16.06,15.79,15.79,16490.8,26267500.0,15.91,15.73,15.506999999999985,15.72,15.96,51.52,0.02,-0.05,0.07,通宇通讯,计算机、通信和其他电子设备制造业,主板,15.910000000000078,15.778749999999999,15.697500000000018,15.579375000000008,15.83382978723404
2792,2022-02-28,15.8,15.87,15.93,15.56,15.8,14126.3,22321100.0,15.9,15.76,15.493499999999987,15.72,15.95,52.83,0.03,-0.04,0.07,通宇通讯,计算机、通信和其他电子设备制造业,主板,15.907500000000079,15.81125,15.717500000000017,15.645000000000007,15.822553191489359
2792,2022-03-01,15.87,15.94,16.0,15.72,15.87,13273.6,21112500.0,15.91,15.8,15.541999999999984,15.72,15.95,54.17,0.03,-0.02,0.05,通宇通讯,计算机、通信和其他电子设备制造业,主板,15.85000000000008,15.86875,15.758333333333352,15.699375000000007,15.806382978723402
2792,2022-03-02,16.06,16.76,16.99,15.72,15.94,87826.2,145107000.0,16.03,15.92,15.624999999999982,15.74,15.94,66.21,0.11,0.0,0.11,通宇通讯,计算机、通信和其他电子设备制造业,主板,16.09250000000008,16.012500000000003,15.860833333333352,15.793125000000007,15.812978723404251
2792,2022-03-03,16.41,16.47,16.65,16.18,16.76,69331.6,113614000.0,16.17,16.02,15.715499999999983,15.75,15.93,60.19,0.15,0.03,0.12,通宇通讯,计算机、通信和其他电子设备制造业,主板,16.26000000000008,16.085,15.939166666666685,15.838125000000005,15.820851063829783
2792,2022-03-04,16.53,16.08,16.58,16.08,16.47,33865.2,55259100.0,16.22,16.07,15.778499999999983,15.75,15.92,53.18,0.14,0.05,0.09,通宇通讯,计算机、通信和其他电子设备制造业,主板,16.312500000000078,16.11,15.978333333333348,15.866250000000004,15.816808510638294
2792,2022-03-07,15.99,15.53,16.07,15.52,16.08,32970.4,51703500.0,16.16,16.03,15.801499999999981,15.72,15.9,45.19,0.09,0.06,0.03,通宇通讯,计算机、通信和其他电子设备制造业,主板,16.21000000000008,16.03,15.982500000000016,15.871250000000003,15.80170212765957
2792,2022-03-08,15.52,15.27,15.68,15.26,15.53,21388.8,33068900.0,16.02,15.97,15.801999999999982,15.68,15.89,41.98,0.03,0.06,-0.03,通宇通讯,计算机、通信和其他电子设备制造业,主板,15.837500000000077,15.965000000000003,15.954166666666685,15.855000000000002,15.78574468085106
2792,2022-03-09,15.27,15.07,15.4,14.41,15.27,23857.3,35657800.0,15.68,15.86,15.767999999999981,15.64,15.87,39.64,-0.03,0.04,-0.07,通宇通讯,计算机、通信和其他电子设备制造业,主板,15.487500000000075,15.873750000000003,15.885833333333352,15.826250000000003,15.773404255319146
2792,2022-03-10,15.31,15.12,15.49,15.1,15.07,15217.6,23316100.0,15.41,15.79,15.742499999999982,15.61,15.85,40.53,-0.08,0.01,-0.09,通宇通讯,计算机、通信和其他电子设备制造业,主板,15.247500000000077,15.780000000000001,15.82250000000002,15.795625000000001,15.764042553191489
2792,2022-03-11,15.04,15.27,15.31,14.74,15.12,10603.8,15893800.0,15.25,15.74,15.733499999999982,15.58,15.84,43.24,-0.1,-0.01,-0.09,通宇通讯,计算机、通信和其他电子设备制造业,主板,15.182500000000076,15.696250000000003,15.747500000000022,15.7825,15.754680851063828
2792,2022-03-14,15.2,14.91,15.2,14.91,15.27,9169.0,13784700.0,15.13,15.64,15.702499999999983,15.54,15.82,38.69,-0.15,-0.04,-0.11,通宇通讯,计算机、通信和其他电子设备制造业,主板,15.092500000000076,15.465000000000002,15.674166666666688,15.73875,15.736170212765956
2792,2022-03-15,14.91,14.45,14.91,14.42,14.91,16969.0,24820800.0,14.96,15.49,15.648499999999984,15.53,15.79,33.8,-0.22,-0.07,-0.15,通宇通讯,计算机、通信和其他电子设备制造业,主板,14.937500000000076,15.212500000000002,15.561666666666687,15.64875,15.70468085106383
2792,2022-03-16,14.6,14.74,14.85,14.14,14.45,14653.2,21317400.0,14.9,15.29,15.604999999999984,15.51,15.76,39.03,-0.25,-0.11,-0.14,通宇通讯,计算机、通信和其他电子设备制造业,主板,14.842500000000078,15.045000000000003,15.46750000000002,15.5775,15.677872340425532
2792,2022-03-17,14.86,14.8,15.06,14.77,14.74,14520.8,21649100.0,14.83,15.12,15.570999999999984,15.52,15.73,40.09,-0.27,-0.14,-0.13,通宇通讯,计算机、通信和其他电子设备制造业,主板,14.72500000000008,14.953750000000003,15.372500000000022,15.491875,15.648085106382977
2792,2022-03-18,14.76,14.94,15.04,14.73,14.8,9306.04,13863600.0,14.77,15.01,15.537499999999984,15.52,15.71,42.59,-0.26,-0.16,-0.1,通宇通讯,计算机、通信和其他电子设备制造业,主板,14.73250000000008,14.912500000000003,15.220833333333355,15.43875,15.62595744680851
2792,2022-03-21,15.0,14.99,15.09,14.8,14.94,6269.03,9368790.0,14.78,14.96,15.492499999999984,15.52,15.68,43.49,-0.25,-0.18,-0.07,通宇通讯,计算机、通信和其他电子设备制造业,主板,14.867500000000078,14.902500000000003,15.097500000000023,15.388124999999999,15.605744680851062
2792,2022-03-22,14.99,14.99,15.09,14.83,14.99,10072.0,15073700.0,14.89,14.93,15.447999999999984,15.51,15.66,43.49,-0.24,-0.19,-0.05,通宇通讯,计算机、通信和其他电子设备制造业,主板,14.930000000000076,14.886250000000004,15.006666666666689,15.333124999999999,15.589361702127658
2792,2022-03-23,14.99,15.41,15.62,14.97,14.99,26059.8,39989200.0,15.03,14.96,15.409999999999986,15.5,15.65,51.02,-0.2,-0.19,-0.01,通宇通讯,计算机、通信和其他电子设备制造业,主板,15.082500000000078,14.903750000000004,14.99666666666669,15.3,15.578510638297871
2792,2022-03-24,15.47,15.08,15.48,15.06,15.41,14339.6,21775400.0,15.08,14.96,15.374499999999983,15.48,15.63,45.85,-0.19,-0.19,0.0,通宇通讯,计算机、通信和其他电子设备制造业,主板,15.117500000000078,14.925000000000004,14.980833333333356,15.195,15.560851063829787
2792,2022-03-25,15.02,14.91,15.18,14.91,15.08,8742.0,13116300.0,15.08,14.92,15.329999999999984,15.46,15.61,43.41,-0.19,-0.19,0.0,通宇通讯,计算机、通信和其他电子设备制造业,主板,15.097500000000077,14.982500000000003,14.967500000000022,15.097500000000002,15.537234042553191
2792,2022-03-28,14.85,15.12,15.19,14.5,14.91,10670.5,15931000.0,15.1,14.94,15.292499999999984,15.45,15.6,47.15,-0.18,-0.19,0.01,通宇通讯,计算机、通信和其他电子设备制造业,主板,15.130000000000075,15.030000000000003,14.967500000000022,15.037500000000001,15.515106382978724
2792,2022-03-29,15.18,14.9,15.19,14.85,15.12,7555.0,11338700.0,15.08,14.99,15.240499999999983,15.43,15.59,43.88,-0.18,-0.19,0.01,通宇通讯,计算机、通信和其他电子设备制造业,主板,15.002500000000076,15.042500000000002,14.936666666666689,14.998125000000002,15.491914893617022
2792,2022-03-30,14.85,14.99,15.04,14.85,14.9,8333.0,12451100.0,15.0,15.01,15.151999999999983,15.41,15.58,45.54,-0.17,-0.18,0.01,通宇通讯,计算机、通信和其他电子设备制造业,主板,14.980000000000075,15.048750000000002,14.943333333333356,14.980625000000002,15.46
2792,2022-03-31,15.0,14.91,15.04,14.83,14.99,7829.75,11691300.0,14.97,15.02,15.073999999999984,15.39,15.56,44.29,-0.18,-0.18,0.0,通宇通讯,计算机、通信和其他电子设备制造业,主板,14.980000000000075,15.038750000000002,14.98166666666669,14.970625000000002,15.428297872340426
2792,2022-04-01,14.91,14.84,14.93,14.75,14.91,5206.91,7727510.0,14.95,15.01,15.011999999999983,15.36,15.55,43.16,-0.18,-0.18,0.0,通宇通讯,计算机、通信和其他电子设备制造业,主板,14.910000000000077,15.020000000000001,14.990000000000023,14.953125000000002,15.394893617021278
2792,2022-04-06,14.99,15.02,15.28,14.89,14.84,9766.68,14761000.0,14.93,15.02,14.986499999999984,15.33,15.53,46.89,-0.16,-0.18,0.02,通宇通讯,计算机、通信和其他电子设备制造业,主板,14.940000000000078,14.971250000000001,15.008333333333356,14.937500000000002,15.372553191489361
2792,2022-04-07,15.01,14.72,15.07,14.72,15.02,7564.0,11246500.0,14.9,14.99,14.958999999999985,15.3,15.5,41.95,-0.17,-0.18,0.01,通宇通讯,计算机、通信和其他电子设备制造业,主板,14.872500000000079,14.926250000000001,14.990000000000023,14.925625000000002,15.345531914893618
2792,2022-04-08,14.74,14.46,14.86,14.4,14.72,10434.4,15167500.0,14.79,14.9,14.928499999999985,15.24,15.48,38.19,-0.19,-0.18,-0.01,通宇通讯,计算机、通信和其他电子设备制造业,主板,14.76000000000008,14.870000000000001,14.945833333333356,14.926250000000003,15.309787234042554
2792,2022-04-11,14.51,13.85,14.51,13.82,14.46,15644.1,22057800.0,14.58,14.77,14.864999999999986,15.17,15.44,31.15,-0.26,-0.2,-0.06,通宇通讯,计算机、通信和其他电子设备制造业,主板,14.512500000000077,14.71125,14.850833333333355,14.870625000000002,15.285957446808512
2792,2022-04-12,13.84,13.97,14.02,13.7,13.85,9909.77,13741000.0,14.4,14.68,14.799999999999988,15.11,15.41,33.74,-0.31,-0.22,-0.09,通宇通讯,计算机、通信和其他电子设备制造业,主板,14.250000000000078,14.594999999999999,14.730833333333356,14.818750000000001,15.261914893617023
2792,2022-04-13,13.97,13.64,13.97,13.6,13.97,10303.0,14097800.0,14.13,14.53,14.736499999999987,15.04,15.38,30.36,-0.36,-0.25,-0.11,通宇通讯,计算机、通信和其他电子设备制造业,主板,13.980000000000079,14.426249999999998,14.610833333333353,14.7375,15.240212765957448
2792,2022-04-14,13.72,13.71,13.86,13.68,13.64,6729.0,9244780.0,13.93,14.41,14.699499999999986,14.96,15.34,31.91,-0.39,-0.28,-0.11,通宇通讯,计算机、通信和其他电子设备制造业,主板,13.792500000000077,14.276249999999997,14.510833333333354,14.6575,15.216595744680852
2792,2022-04-15,13.71,13.21,13.71,13.0,13.71,16359.8,21748600.0,13.68,14.23,14.622999999999985,14.85,15.29,27.23,-0.46,-0.31,-0.15,通宇通讯,计算机、通信和其他电子设备制造业,主板,13.632500000000077,14.072499999999998,14.351666666666688,14.54625,15.177021276595745
2792,2022-04-18,13.21,13.27,13.37,12.82,13.21,7629.5,10057600.0,13.56,14.07,14.546499999999984,14.74,15.24,28.58,-0.5,-0.35,-0.15,通宇通讯,计算机、通信和其他电子设备制造业,主板,13.457500000000078,13.853749999999998,14.215833333333356,14.412500000000001,15.13468085106383
2792,2022-04-19,13.33,13.41,13.57,13.27,13.27,6925.5,9298340.0,13.45,13.93,14.469999999999985,14.65,15.2,31.78,-0.5,-0.38,-0.12,通宇通讯,计算机、通信和其他电子设备制造业,主板,13.400000000000077,13.689999999999998,14.084166666666688,14.308125,15.084893617021276
2792,2022-04-20,13.3,13.2,13.62,13.2,13.41,7404.25,9926650.0,13.36,13.74,14.380499999999984,14.57,15.15,29.63,-0.53,-0.41,-0.12,通宇通讯,计算机、通信和其他电子设备制造业,主板,13.272500000000077,13.532499999999999,13.941666666666686,14.20125,15.033191489361704
2792,2022-04-21,13.3,12.75,13.67,12.71,13.2,12508.1,16265900.0,13.17,13.55,14.268499999999984,14.49,15.09,25.65,-0.57,-0.44,-0.13,通宇通讯,计算机、通信和其他电子设备制造业,主板,13.157500000000079,13.395,13.76750000000002,14.053125,14.975744680851063
2792,2022-04-22,12.77,12.56,12.87,12.55,12.75,8721.21,11061900.0,13.04,13.36,14.125999999999982,14.4,15.02,24.17,-0.62,-0.48,-0.14,通宇通讯,计算机、通信和其他电子设备制造业,主板,12.980000000000079,13.21875,13.56250000000002,13.906875,14.912553191489362
2792,2022-04-25,12.15,11.3,12.38,11.3,12.56,22984.5,26449700.0,12.64,13.1,13.936999999999983,14.28,14.94,17.12,-0.75,-0.53,-0.22,通宇通讯,计算机、通信和其他电子设备制造业,主板,12.452500000000079,12.92625,13.27750000000002,13.67625,14.82255319148936
2792,2022-04-26,11.03,10.17,11.11,10.17,11.3,29678.4,31290500.0,12.0,12.72,13.699999999999983,14.11,14.85,13.36,-0.93,-0.61,-0.32,通宇通讯,计算机、通信和其他电子设备制造业,主板,11.695000000000078,12.48375,12.920000000000018,13.379999999999999,14.706808510638297
2792,2022-04-27,10.05,10.44,10.59,9.79,10.17,26098.3,26586500.0,11.44,12.4,13.465999999999983,13.96,14.75,17.99,-1.04,-0.7,-0.34,通宇通讯,计算机、通信和其他电子设备制造业,主板,11.117500000000078,12.1375,12.635833333333352,13.104999999999999,14.599574468085105
2792,2022-04-28,10.44,10.43,10.69,10.22,10.44,15391.0,16086700.0,10.98,12.07,13.242499999999984,13.82,14.68,17.96,-1.12,-0.78,-0.34,通宇通讯,计算机、通信和其他电子设备制造业,主板,10.585000000000077,11.7825,12.340833333333352,12.818124999999998,14.489361702127658
2792,2022-04-29,10.44,10.9,10.97,10.44,10.43,18657.7,20076100.0,10.65,11.84,13.037999999999982,13.7,14.6,25.94,-1.13,-0.85,-0.28,通宇通讯,计算机、通信和其他电子设备制造业,主板,10.485000000000078,11.468750000000002,12.11250000000002,12.579374999999999,14.3831914893617
2792,2022-05-05,10.91,11.11,11.24,10.81,10.9,15101.5,16761700.0,10.61,11.63,12.847999999999981,13.57,14.55,29.26,-1.1,-0.9,-0.2,通宇通讯,计算机、通信和其他电子设备制造业,主板,10.720000000000077,11.207500000000001,11.895833333333355,12.37,14.281702127659573
2792,2022-05-06,11.0,11.22,11.25,10.83,11.11,12756.5,14179700.0,10.82,11.41,12.666999999999984,13.45,14.49,31.0,-1.07,-0.93,-0.14,通宇通讯,计算机、通信和其他电子设备制造业,主板,10.915000000000077,11.016250000000001,11.73000000000002,12.205625,14.176382978723403
2792,2022-05-09,11.21,11.34,11.44,11.08,11.22,10702.0,12140700.0,11.0,11.22,12.482999999999983,13.33,14.42,32.94,-1.02,-0.95,-0.07,通宇通讯,计算机、通信和其他电子设备制造业,主板,11.142500000000078,10.863750000000001,11.569166666666687,12.04125,14.081702127659575
2792,2022-05-10,11.22,11.44,11.52,11.1,11.34,9186.9,10477700.0,11.2,11.09,12.318999999999985,13.21,14.36,34.59,-0.96,-0.95,-0.01,通宇通讯,计算机、通信和其他电子设备制造业,主板,11.277500000000078,10.881250000000001,11.40500000000002,11.903749999999999,13.988936170212769
2792,2022-05-11,11.46,11.32,11.78,11.31,11.44,15670.3,18176000.0,11.29,10.97,12.161999999999985,13.07,14.29,33.52,-0.91,-0.94,0.03,通宇通讯,计算机、通信和其他电子设备制造业,主板,11.330000000000078,11.025,11.248333333333354,11.754374999999998,13.892127659574472
2792,2022-05-12,11.31,11.55,11.66,11.22,11.32,13933.5,16087000.0,11.37,10.99,12.046999999999986,12.96,14.22,37.5,-0.84,-0.92,0.08,通宇通讯,计算机、通信和其他电子设备制造业,主板,11.41250000000008,11.16375,11.148333333333355,11.650624999999998,13.798723404255322
2792,2022-05-13,11.56,11.7,11.79,11.5,11.55,11968.1,13962400.0,11.47,11.14,11.933499999999984,12.85,14.16,40.02,-0.77,-0.89,0.12,通宇通讯,计算机、通信和其他电子设备制造业,主板,11.50250000000008,11.322500000000002,11.076666666666688,11.552499999999997,13.691063829787236
2792,2022-05-16,11.8,11.68,11.85,11.64,11.7,10829.8,12725700.0,11.54,11.27,11.835499999999985,12.73,14.09,39.79,-0.7,-0.85,0.15,通宇通讯,计算机、通信和其他电子设备制造业,主板,11.56250000000008,11.420000000000002,11.108333333333354,11.444374999999997,13.589148936170213
2792,2022-05-17,11.6,11.55,11.67,11.42,11.68,8548.19,9861120.0,11.56,11.38,11.727499999999985,12.62,14.03,38.25,-0.65,-0.81,0.16,通宇通讯,计算机、通信和其他电子设备制造业,主板,11.620000000000081,11.475000000000001,11.223333333333356,11.341249999999999,13.492765957446808
2792,2022-05-18,11.63,11.63,11.78,11.52,11.55,7726.75,9026910.0,11.62,11.45,11.648499999999984,12.51,13.96,39.79,-0.6,-0.77,0.17,通宇通讯,计算机、通信和其他电子设备制造业,主板,11.640000000000082,11.526250000000001,11.322500000000021,11.271249999999998,13.409787234042552
2792,2022-05-19,11.5,11.66,11.71,11.36,11.63,6592.0,7664610.0,11.64,11.51,11.567999999999984,12.4,13.9,40.39,-0.55,-0.73,0.18,通宇通讯,计算机、通信和其他电子设备制造业,主板,11.63000000000008,11.56625,11.42500000000002,11.214999999999998,13.332978723404254
2792,2022-05-20,11.66,11.71,11.9,11.6,11.66,8996.58,10570700.0,11.65,11.56,11.482999999999985,12.3,13.83,41.44,-0.5,-0.68,0.18,通宇通讯,计算机、通信和其他电子设备制造业,主板,11.637500000000081,11.600000000000001,11.492500000000021,11.240624999999998,13.261489361702127
2792,2022-05-23,11.75,11.8,11.85,11.73,11.71,7758.28,9148600.0,11.67,11.6,11.412999999999986,12.19,13.76,43.38,-0.44,-0.63,0.19,通宇通讯,计算机、通信和其他电子设备制造业,主板,11.700000000000081,11.66,11.55000000000002,11.3425,13.190851063829786
2792,2022-05-24,11.79,11.25,11.88,11.23,11.8,15216.5,17533800.0,11.61,11.58,11.337999999999985,12.07,13.68,35.63,-0.44,-0.59,0.15,通宇通讯,计算机、通信和其他电子设备制造业,主板,11.60500000000008,11.6225,11.552500000000022,11.393125,13.105319148936168
2792,2022-05-25,11.38,11.55,11.59,11.21,11.25,9790.22,11238000.0,11.59,11.61,11.287499999999985,11.98,13.61,41.74,-0.42,-0.56,0.14,通宇通讯,计算机、通信和其他电子设备制造业,主板,11.577500000000082,11.60375,11.570000000000022,11.463125,13.03382978723404
2792,2022-05-26,11.6,11.72,11.83,11.35,11.55,13584.8,15793600.0,11.61,11.62,11.308499999999984,11.91,13.54,44.94,-0.38,-0.52,0.14,通宇通讯,计算机、通信和其他电子设备制造业,主板,11.580000000000082,11.60875,11.593333333333355,11.514375,12.975744680851061
2792,2022-05-27,11.8,11.7,11.93,11.54,11.72,10906.3,12804700.0,11.6,11.62,11.384999999999986,11.83,13.47,44.63,-0.34,-0.49,0.15,通宇通讯,计算机、通信和其他电子设备制造业,主板,11.555000000000081,11.627500000000001,11.625000000000021,11.55125,12.911063829787233
2792,2022-05-30,11.74,11.78,11.8,11.58,11.7,8573.75,10051400.0,11.6,11.64,11.451999999999986,11.77,13.4,46.22,-0.3,-0.45,0.15,通宇通讯,计算机、通信和其他电子设备制造业,主板,11.687500000000082,11.646250000000002,11.644166666666687,11.58625,12.846808510638297
2792,2022-05-31,11.81,11.91,11.94,11.67,11.78,12293.0,14572200.0,11.73,11.67,11.525999999999986,11.71,13.34,48.81,-0.26,-0.41,0.15,通宇通讯,计算机、通信和其他电子设备制造业,主板,11.777500000000082,11.677500000000002,11.661666666666688,11.621875,12.782340425531912
2792,2022-06-01,11.98,12.01,12.23,11.86,11.91,16149.8,19436000.0,11.82,11.71,11.581499999999984,11.67,13.26,50.77,-0.22,-0.37,0.15,通宇通讯,计算机、通信和其他电子设备制造业,主板,11.850000000000081,11.715000000000003,11.689166666666686,11.657499999999999,12.718936170212762
2792,2022-06-02,12.04,12.2,12.28,11.88,12.01,13952.9,16912400.0,11.92,11.76,11.635999999999985,11.63,13.19,54.34,-0.15,-0.33,0.18,通宇通讯,计算机、通信和其他电子设备制造业,主板,11.97500000000008,11.765000000000004,11.743333333333352,11.712499999999999,12.659574468085104
2792,2022-06-06,12.2,12.28,12.93,12.19,12.2,17972.6,22164400.0,12.04,11.82,11.688999999999984,11.6,13.12,55.8,-0.11,-0.28,0.17,通宇通讯,计算机、通信和其他电子设备制造业,主板,12.10000000000008,11.893750000000004,11.797500000000019,11.758124999999998,12.592978723404253
2792,2022-06-07,12.38,12.15,12.38,12.06,12.28,15101.9,18401100.0,12.11,11.86,11.729499999999984,11.56,13.07,52.85,-0.08,-0.24,0.16,通宇通讯,计算机、通信和其他电子设备制造业,主板,12.160000000000078,11.968750000000005,11.838333333333352,11.786249999999999,12.530638297872336
2792,2022-06-08,12.3,12.04,12.3,11.83,12.15,12241.5,14738500.0,12.14,11.93,11.759499999999985,11.54,13.01,50.42,-0.06,-0.21,0.15,通宇通讯,计算机、通信和其他电子设备制造业,主板,12.167500000000079,12.008750000000006,11.86583333333335,11.808749999999998,12.469574468085103
2792,2022-06-09,12.03,11.66,12.03,11.61,12.04,14074.5,16573400.0,12.07,11.94,11.776499999999984,11.51,12.96,43.06,-0.08,-0.18,0.1,通宇通讯,计算机、通信和其他电子设备制造业,主板,12.032500000000077,12.003750000000005,11.854166666666684,11.815624999999997,12.395957446808506
2792,2022-06-10,11.51,11.95,11.98,11.51,11.66,12954.0,15392000.0,12.02,11.97,11.796499999999984,11.53,12.9,49.16,-0.08,-0.16,0.08,通宇通讯,计算机、通信和其他电子设备制造业,主板,11.950000000000077,12.025000000000006,11.912500000000016,11.835624999999997,12.333191489361699
2792,2022-06-13,12.0,10.98,12.0,10.8,11.95,123508.0,138238000.0,11.76,11.9,11.760499999999983,11.56,12.83,35.47,-0.14,-0.16,0.02,通宇通讯,计算机、通信和其他电子设备制造业,主板,11.657500000000079,11.908750000000007,11.865000000000014,11.793124999999996,12.247872340425529
2792,2022-06-14,10.9,10.91,10.94,10.58,10.98,78861.4,84573300.0,11.51,11.81,11.721999999999984,11.57,12.76,34.72,-0.2,-0.17,-0.03,通宇通讯,计算机、通信和其他电子设备制造业,主板,11.37500000000008,11.771250000000006,11.797500000000014,11.743124999999996,12.162765957446805
2792,2022-06-15,10.91,10.97,11.32,10.88,10.91,63060.2,70094900.0,11.29,11.72,11.692999999999982,11.59,12.71,35.97,-0.23,-0.18,-0.05,通宇通讯,计算机、通信和其他电子设备制造业,主板,11.202500000000079,11.617500000000005,11.73666666666668,11.691249999999995,12.08042553191489
2792,2022-06-16,10.96,11.15,11.3,10.96,10.97,53138.1,59388900.0,11.19,11.63,11.668999999999983,11.6,12.65,39.71,-0.25,-0.19,-0.06,通宇通讯,计算机、通信和其他电子设备制造业,主板,11.00250000000008,11.476250000000006,11.684166666666682,11.684999999999995,11.998085106382975
2792,2022-06-17,11.18,11.13,11.24,10.89,11.15,36647.3,40618700.0,11.03,11.52,11.642499999999982,11.6,12.59,39.43,-0.26,-0.21,-0.05,通宇通讯,计算机、通信和其他电子设备制造业,主板,11.04000000000008,11.348750000000004,11.61916666666668,11.658749999999994,11.92170212765957
2792,2022-06-20,11.21,11.2,11.36,11.14,11.13,37568.0,42147000.0,11.07,11.41,11.616999999999981,11.6,12.52,40.97,-0.26,-0.22,-0.04,通宇通讯,计算机、通信和其他电子设备制造业,主板,11.112500000000082,11.243750000000006,11.551666666666682,11.626249999999994,11.852340425531912
2792,2022-06-21,11.27,11.17,11.33,11.08,11.2,34344.9,38485400.0,11.12,11.32,11.58549999999998,11.59,12.46,40.5,-0.26,-0.23,-0.03,通宇通讯,计算机、通信和其他电子设备制造业,主板,11.162500000000083,11.182500000000006,11.465833333333348,11.593124999999993,11.795319148936166
2792,2022-06-22,11.25,10.95,11.25,10.9,11.17,25685.8,28402000.0,11.12,11.21,11.57049999999998,11.58,12.39,37.1,-0.27,-0.23,-0.04,通宇通讯,计算机、通信和其他电子设备制造业,主板,11.112500000000084,11.057500000000006,11.355000000000013,11.541249999999993,11.73106382978723
2792,2022-06-23,10.96,11.15,11.15,10.93,10.95,23581.0,26109400.0,11.12,11.16,11.55049999999998,11.57,12.32,41.88,-0.26,-0.24,-0.02,通宇通讯,计算机、通信和其他电子设备制造业,主板,11.117500000000083,11.078750000000007,11.27166666666668,11.493749999999993,11.678085106382975
2792,2022-06-24,11.18,11.24,11.32,11.14,11.15,28839.6,32422700.0,11.14,11.08,11.52649999999998,11.56,12.26,43.94,-0.25,-0.24,-0.01,通宇通讯,计算机、通信和其他电子设备制造业,主板,11.127500000000083,11.120000000000006,11.205000000000014,11.445624999999994,11.625531914893612
2792,2022-06-27,11.26,11.25,11.34,11.16,11.24,36327.5,40737900.0,11.15,11.11,11.50399999999998,11.54,12.2,44.18,-0.23,-0.24,0.01,通宇通讯,计算机、通信和其他电子设备制造业,主板,11.147500000000083,11.155000000000006,11.170833333333348,11.386249999999995,11.583829787234036
2792,2022-06-28,11.24,11.59,11.62,11.21,11.25,51176.5,58723400.0,11.24,11.18,11.49449999999998,11.54,12.14,51.67,-0.18,-0.23,0.05,通宇通讯,计算机、通信和其他电子设备制造业,主板,11.307500000000083,11.210000000000006,11.14083333333335,11.343124999999995,11.548085106382974
2792,2022-06-29,11.59,12.0,12.55,11.54,11.59,142168.0,171891000.0,11.45,11.28,11.498999999999981,11.56,12.09,58.84,-0.11,-0.2,0.09,通宇通讯,计算机、通信和其他电子设备制造业,主板,11.520000000000083,11.318750000000007,11.22583333333335,11.333749999999995,11.518085106382975
2792,2022-06-30,12.0,12.06,12.35,11.88,12.0,79492.7,96107700.0,11.63,11.37,11.501499999999982,11.57,12.04,59.78,-0.05,-0.17,0.12,通宇通讯,计算机、通信和其他电子设备制造业,主板,11.725000000000083,11.426250000000007,11.321666666666685,11.334999999999996,11.493829787234036
2792,2022-07-01,12.04,12.29,12.47,12.0,12.06,71602.8,87762100.0,11.84,11.49,11.505999999999982,11.59,12.0,63.25,0.02,-0.13,0.15,通宇通讯,计算机、通信和其他电子设备制造业,主板,11.985000000000083,11.566250000000005,11.431666666666684,11.374374999999995,11.484042553191482
2792,2022-07-04,12.22,12.0,12.26,11.94,12.29,51511.6,62021200.0,11.99,11.57,11.491999999999981,11.6,11.95,56.62,0.04,-0.1,0.14,通宇通讯,计算机、通信和其他电子设备制造业,主板,12.087500000000084,11.697500000000005,11.502500000000017,11.377499999999996,11.472127659574461
2792,2022-07-05,12.0,11.81,12.09,11.64,12.0,40872.8,48225900.0,12.03,11.63,11.474999999999982,11.6,11.9,52.72,0.05,-0.07,0.12,通宇通讯,计算机、通信和其他电子设备制造业,主板,12.040000000000084,11.780000000000005,11.559166666666684,11.429374999999997,11.48297872340425
2792,2022-07-06,11.79,11.82,11.97,11.65,11.81,25027.9,29540000.0,12.0,11.72,11.46399999999998,11.62,11.85,52.91,0.05,-0.05,0.1,通宇通讯,计算机、通信和其他电子设备制造业,主板,11.980000000000084,11.852500000000004,11.610833333333352,11.486249999999997,11.518085106382975
2792,2022-07-07,11.69,12.01,12.22,11.69,11.82,46608.7,55769400.0,11.99,11.81,11.481499999999981,11.64,11.81,56.38,0.07,-0.02,0.09,通宇通讯,计算机、通信和其他电子设备制造业,主板,11.910000000000084,11.947500000000005,11.680833333333352,11.551249999999996,11.551489361702123
2792,2022-07-08,11.91,11.96,12.12,11.87,12.01,35341.0,42370000.0,11.92,11.88,11.481999999999982,11.64,11.78,55.22,0.08,0.0,0.08,通宇通讯,计算机、通信和其他电子设备制造业,主板,11.900000000000084,11.993750000000006,11.76500000000002,11.601874999999996,11.584042553191486
2792,2022-07-11,11.9,11.95,12.1,11.71,11.96,30055.8,35841600.0,11.91,11.95,11.530499999999982,11.65,11.74,54.98,0.08,0.01,0.07,通宇通讯,计算机、通信和其他电子设备制造业,主板,11.935000000000084,11.987500000000006,11.831666666666685,11.653124999999996,11.606382978723401
2792,2022-07-12,11.95,11.67,11.95,11.62,11.95,41405.4,48524200.0,11.88,11.96,11.568499999999982,11.65,11.71,48.56,0.07,0.03,0.04,通宇通讯,计算机、通信和其他电子设备制造业,主板,11.897500000000084,11.938750000000006,11.867500000000016,11.682499999999996,11.618297872340422
2792,2022-07-13,11.65,12.03,12.09,11.62,11.67,47240.1,56468800.0,11.92,11.96,11.621499999999982,11.65,11.68,55.72,0.08,0.04,0.04,通宇通讯,计算机、通信和其他电子设备制造业,主板,11.902500000000085,11.906250000000007,11.932500000000017,11.736249999999997,11.635531914893612
2792,2022-07-14,12.01,12.15,12.18,11.9,12.03,39685.1,47933200.0,11.95,11.97,11.671499999999982,11.66,11.66,57.83,0.1,0.05,0.05,通宇通讯,计算机、通信和其他电子设备制造业,主板,11.950000000000085,11.925000000000008,11.979166666666684,11.811249999999998,11.652765957446803
2792,2022-07-15,12.08,11.77,12.14,11.77,12.15,35560.6,42531200.0,11.91,11.92,11.703499999999982,11.64,11.64,49.75,0.09,0.06,0.03,通宇通讯,计算机、通信和其他电子设备制造业,主板,11.905000000000083,11.920000000000007,11.960000000000017,11.849999999999998,11.659787234042545
2792,2022-07-18,11.79,12.15,12.23,11.71,11.77,65469.0,79264000.0,11.95,11.93,11.750999999999983,11.64,11.62,56.32,0.1,0.07,0.03,通宇通讯,计算机、通信和其他电子设备制造业,主板,12.025000000000082,11.961250000000007,11.967500000000017,11.906874999999998,11.677446808510629
2792,2022-07-19,12.21,12.38,12.48,12.08,12.15,71547.8,87769700.0,12.1,11.99,11.811499999999985,11.65,11.6,59.75,0.13,0.08,0.05,通宇通讯,计算机、通信和其他电子设备制造业,主板,12.112500000000082,12.007500000000006,11.975000000000017,11.977499999999997,11.695106382978715
2792,2022-07-20,12.35,12.43,12.58,12.28,12.38,44996.9,55752000.0,12.18,12.05,11.885499999999984,11.66,11.6,60.48,0.16,0.09,0.07,通宇通讯,计算机、通信和其他电子设备制造业,主板,12.182500000000083,12.066250000000004,12.010833333333352,12.029999999999998,11.71063829787233
2792,2022-07-21,12.36,12.3,12.51,12.3,12.43,37144.6,46017000.0,12.21,12.08,11.942999999999985,11.68,11.59,57.57,0.17,0.11,0.06,通宇通讯,计算机、通信和其他电子设备制造业,主板,12.315000000000083,12.110000000000003,12.051666666666685,12.048749999999998,11.723829787234033
2792,2022-07-22,12.32,12.36,12.51,12.2,12.3,33903.5,41856700.0,12.32,12.12,11.998999999999985,11.69,11.61,58.56,0.17,0.12,0.05,通宇通讯,计算机、通信和其他电子设备制造业,主板,12.367500000000083,12.196250000000003,12.096666666666687,12.067499999999999,11.741063829787226
2792,2022-07-25,12.58,12.24,12.58,12.12,12.36,27567.5,33859000.0,12.34,12.15,12.048499999999985,11.74,11.65,55.75,0.17,0.13,0.04,通宇通讯,计算机、通信和其他电子设备制造业,主板,12.332500000000083,12.222500000000002,12.115833333333356,12.064375,11.75404255319148
2792,2022-07-26,12.23,12.28,12.3,12.07,12.24,22307.0,27191200.0,12.32,12.21,12.082999999999984,11.78,11.68,56.5,0.17,0.14,0.03,通宇通讯,计算机、通信和其他电子设备制造业,主板,12.295000000000083,12.238750000000001,12.142500000000021,12.081875,11.767234042553183
2792,2022-07-27,12.21,12.49,12.49,12.21,12.28,31279.9,38720700.0,12.33,12.26,12.107499999999984,11.83,11.71,60.3,0.18,0.15,0.03,通宇通讯,计算机、通信和其他电子设备制造业,主板,12.342500000000083,12.328750000000001,12.187500000000023,12.124375,11.783829787234033
2792,2022-07-28,12.49,12.64,12.85,12.49,12.49,43903.9,55714700.0,12.4,12.3,12.136499999999984,11.88,11.74,62.79,0.2,0.16,0.04,通宇通讯,计算机、通信和其他电子设备制造业,主板,12.412500000000083,12.39,12.268333333333358,12.175625,11.801702127659565
2792,2022-07-29,12.6,12.46,12.72,12.42,12.64,28904.2,36233200.0,12.42,12.37,12.144999999999985,11.93,11.76,58.07,0.2,0.17,0.03,通宇通讯,计算机、通信和其他电子设备制造业,主板,12.467500000000083,12.400000000000002,12.30416666666669,12.203750000000001,11.827446808510631
2792,2022-08-01,12.41,12.6,12.62,12.3,12.46,27545.8,34526500.0,12.49,12.42,12.174999999999985,11.97,11.79,60.56,0.2,0.17,0.03,通宇通讯,计算机、通信和其他电子设备制造业,主板,12.547500000000083,12.42125,12.34166666666669,12.24375,11.849787234042546
2792,2022-08-02,12.5,11.98,12.58,11.9,12.6,53404.7,64584900.0,12.43,12.38,12.183499999999984,12.0,11.8,47.22,0.17,0.17,0.0,通宇通讯,计算机、通信和其他电子设备制造业,主板,12.420000000000082,12.381250000000001,12.359166666666688,12.245625,11.855319148936164
2792,2022-08-03,12.01,12.08,12.53,12.0,11.98,42542.2,52410400.0,12.35,12.34,12.196499999999984,12.04,11.81,49.17,0.13,0.16,-0.03,通宇通讯,计算机、通信和其他电子设备制造业,主板,12.280000000000081,12.346250000000001,12.353333333333355,12.271250000000002,11.863404255319143
2792,2022-08-04,12.15,12.45,12.52,12.14,12.08,34342.6,42433500.0,12.31,12.36,12.218499999999986,12.08,11.83,55.67,0.14,0.16,-0.02,通宇通讯,计算机、通信和其他电子设备制造业,主板,12.27750000000008,12.372500000000002,12.359166666666688,12.297500000000001,11.87765957446808
2792,2022-08-05,12.5,12.78,12.8,12.46,12.45,43729.2,55465800.0,12.38,12.4,12.259499999999985,12.13,11.85,60.53,0.17,0.16,0.01,通宇通讯,计算机、通信和其他电子设备制造业,主板,12.32250000000008,12.435000000000002,12.388333333333355,12.336875000000001,11.896170212765952
2792,2022-08-08,12.8,12.8,12.99,12.67,12.78,44991.8,57554400.0,12.42,12.46,12.301999999999984,12.18,11.86,60.81,0.19,0.17,0.02,通宇通讯,计算机、通信和其他电子设备制造业,主板,12.527500000000078,12.473750000000003,12.430000000000021,12.401250000000001,11.91297872340425
2792,2022-08-09,12.87,12.9,12.94,12.62,12.8,39711.1,50875900.0,12.6,12.52,12.363499999999984,12.23,11.88,62.25,0.22,0.18,0.04,通宇通讯,计算机、通信和其他电子设备制造业,主板,12.732500000000078,12.506250000000003,12.475000000000023,12.448125000000001,11.927872340425525
2792,2022-08-10,12.9,12.94,12.99,12.75,12.9,39615.5,51101200.0,12.77,12.56,12.408999999999985,12.26,11.91,62.84,0.23,0.19,0.04,通宇通讯,计算机、通信和其他电子设备制造业,主板,12.855000000000079,12.566250000000004,12.533333333333355,12.483125000000001,11.941914893617016
2792,2022-08-11,12.95,13.11,13.21,12.91,12.94,57412.5,75107600.0,12.91,12.61,12.456999999999983,12.29,11.93,65.32,0.26,0.2,0.06,通宇通讯,计算机、通信和其他电子设备制造业,主板,12.937500000000078,12.630000000000004,12.602500000000022,12.525625000000002,11.962340425531911
2792,2022-08-12,13.08,12.85,13.23,12.82,13.11,47796.8,62116000.0,12.92,12.65,12.510999999999983,12.31,11.95,58.85,0.26,0.21,0.05,通宇通讯,计算机、通信和其他电子设备制造业,主板,12.950000000000077,12.738750000000003,12.632500000000022,12.56,11.979574468085103
2792,2022-08-15,12.83,12.68,12.87,12.65,12.85,32914.6,41796700.0,12.9,12.66,12.537499999999982,12.34,11.97,55.02,0.23,0.22,0.01,通宇通讯,计算机、通信和其他电子设备制造业,主板,12.895000000000076,12.813750000000004,12.635833333333357,12.580000000000002,12.001276595744677
2792,2022-08-16,12.66,12.66,12.85,12.62,12.68,31718.5,40288800.0,12.85,12.72,12.551499999999981,12.36,11.98,54.57,0.21,0.22,-0.01,通宇通讯,计算机、通信和其他电子设备制造业,主板,12.825000000000077,12.840000000000003,12.652500000000023,12.606250000000001,12.0163829787234
2792,2022-08-17,12.65,12.75,12.77,12.6,12.66,26696.8,33893000.0,12.81,12.79,12.567499999999981,12.4,12.01,56.3,0.2,0.21,-0.01,通宇通讯,计算机、通信和其他电子设备制造业,主板,12.735000000000078,12.836250000000003,12.665000000000022,12.635625000000001,12.054042553191485
2792,2022-08-18,12.76,14.03,14.03,12.65,12.75,157505.0,215053000.0,12.99,12.95,12.653999999999979,12.46,12.05,72.42,0.3,0.23,0.07,通宇通讯,计算机、通信和其他电子设备制造业,主板,13.030000000000078,12.990000000000004,12.835833333333357,12.731875,12.120425531914888
2792,2022-08-19,14.03,13.21,14.1,13.21,14.03,222021.0,300850000.0,13.07,12.99,12.696499999999977,12.5,12.07,57.73,0.3,0.24,0.06,通宇通讯,计算机、通信和其他电子设备制造业,主板,13.162500000000078,13.028750000000002,12.930000000000023,12.767500000000002,12.168085106382973
2792,2022-08-22,13.36,13.54,13.79,13.13,13.21,155339.0,210393000.0,13.24,13.07,12.761499999999979,12.56,12.1,61.15,0.33,0.26,0.07,通宇通讯,计算机、通信和其他电子设备制造业,主板,13.382500000000078,13.103750000000002,13.020833333333357,12.835,12.21893617021276
2792,2022-08-23,13.23,13.61,13.66,13.01,13.54,107544.0,144134000.0,13.43,13.14,12.82799999999998,12.62,12.14,61.85,0.34,0.28,0.06,通宇通讯,计算机、通信和其他电子设备制造业,主板,13.597500000000078,13.166250000000002,13.090000000000025,12.898125000000002,12.27170212765957
2792,2022-08-24,13.54,12.88,13.54,12.77,13.61,110754.0,144747000.0,13.45,13.13,12.847499999999979,12.65,12.15,51.39,0.3,0.28,0.02,通宇通讯,计算机、通信和其他电子设备制造业,主板,13.310000000000077,13.170000000000002,13.09666666666669,12.954375000000002,12.307446808510631
2792,2022-08-25,12.88,12.28,12.94,12.13,12.88,99912.2,123375000.0,13.1,13.05,12.829499999999978,12.65,12.16,44.7,0.21,0.27,-0.06,通宇通讯,计算机、通信和其他电子设备制造业,主板,13.077500000000077,13.120000000000001,13.045000000000023,12.966875000000002,12.331063829787228
2792,2022-08-26,12.21,12.32,12.77,12.21,12.28,54634.3,68088700.0,12.93,13.0,12.82249999999998,12.67,12.16,45.21,0.14,0.24,-0.1,通宇通讯,计算机、通信和其他电子设备制造业,主板,12.772500000000077,13.0775,12.993333333333355,12.958750000000002,12.36021276595744
2792,2022-08-29,12.09,12.06,12.19,11.92,12.32,52582.1,63302800.0,12.63,12.93,12.79549999999998,12.67,12.15,42.46,0.07,0.21,-0.14,通宇通讯,计算机、通信和其他电子设备制造业,主板,12.385000000000078,12.99125,12.905833333333357,12.913750000000002,12.3795744680851
2792,2022-08-30,11.98,12.42,12.52,11.98,12.06,69291.1,85328500.0,12.39,12.91,12.817499999999978,12.67,12.16,47.25,0.04,0.17,-0.13,通宇通讯,计算机、通信和其他电子设备制造业,主板,12.270000000000078,12.790000000000001,12.870000000000024,12.89,12.404680851063823
2792,2022-08-31,12.42,13.66,13.66,12.42,12.42,83722.5,113312000.0,12.55,13.0,12.89649999999998,12.71,12.19,59.69,0.12,0.16,-0.04,通宇通讯,计算机、通信和其他电子设备制造业,主板,12.615000000000077,12.846250000000001,12.95166666666669,12.9375,12.455957446808503
2792,2022-09-01,13.32,13.46,13.62,13.04,13.66,215097.0,286563000.0,12.78,12.94,12.94699999999998,12.75,12.22,57.34,0.16,0.16,0.0,通宇通讯,计算机、通信和其他电子设备制造业,主板,12.900000000000077,12.836250000000003,13.018333333333358,12.97,12.495744680851056
2792,2022-09-02,13.19,14.81,14.81,13.18,13.46,375243.0,545352000.0,13.28,13.1,13.048499999999981,12.83,12.26,66.83,0.29,0.19,0.1,通宇通讯,计算机、通信和其他电子设备制造业,主板,13.587500000000077,12.986250000000004,13.190000000000024,13.076250000000002,12.555531914893608
2792,2022-09-05,15.68,14.54,16.29,14.37,14.81,522289.0,809705000.0,13.78,13.2,13.135499999999983,12.91,12.32,63.78,0.38,0.23,0.15,通宇通讯,计算机、通信和其他电子设备制造业,主板,14.117500000000074,13.193750000000005,13.232500000000023,13.181875000000002,12.608297872340417
2792,2022-09-06,14.16,15.62,15.99,14.1,14.54,602272.0,937202000.0,14.42,13.4,13.271499999999984,13.02,12.4,69.74,0.52,0.29,0.23,通宇通讯,计算机、通信和其他电子设备制造业,主板,14.607500000000076,13.611250000000005,13.433333333333357,13.365625000000001,12.679148936170204
2792,2022-09-07,14.5,14.06,14.59,14.06,15.62,405754.0,574659000.0,14.5,13.52,13.327499999999983,13.07,12.45,55.52,0.51,0.33,0.18,通宇通讯,计算机、通信和其他电子设备制造业,主板,14.757500000000077,13.828750000000007,13.47666666666669,13.453125000000002,12.722978723404246
2792,2022-09-08,13.4,12.97,13.6,12.97,14.06,315407.0,418307000.0,14.4,13.59,13.320499999999985,13.08,12.48,48.14,0.4,0.34,0.06,通宇通讯,计算机、通信和其他电子设备制造业,主板,14.297500000000078,13.942500000000006,13.423333333333355,13.466875000000002,12.747659574468077
2792,2022-09-09,13.04,12.99,13.16,12.83,12.97,157661.0,204736000.0,14.04,13.66,13.327499999999983,13.1,12.51,48.28,0.32,0.34,-0.02,通宇通讯,计算机、通信和其他电子设备制造业,主板,13.910000000000077,14.013750000000005,13.432500000000024,13.401875000000002,12.772553191489353
2792,2022-09-13,12.99,12.8,13.08,12.68,12.99,119782.0,153785000.0,13.69,13.73,13.333499999999983,13.11,12.54,47.02,0.24,0.32,-0.08,通宇通讯,计算机、通信和其他电子设备制造业,主板,13.205000000000078,13.906250000000005,13.475833333333357,13.376250000000002,12.78936170212765
2792,2022-09-14,12.6,12.73,12.78,12.53,12.8,86053.8,109040000.0,13.11,13.76,13.336999999999984,13.13,12.57,46.53,0.16,0.29,-0.13,通宇通讯,计算机、通信和其他电子设备制造业,主板,12.872500000000077,13.815000000000005,13.510000000000025,13.325625000000002,12.805744680851054
2792,2022-09-15,12.74,12.26,12.84,12.11,12.73,120636.0,149526000.0,12.75,13.62,13.312499999999982,13.14,12.59,43.32,0.06,0.24,-0.18,通宇通讯,计算机、通信和其他电子设备制造业,主板,12.695000000000077,13.496250000000005,13.52666666666669,13.24125,12.812340425531904
2792,2022-09-16,12.26,12.27,12.46,12.19,12.26,78169.1,96483700.0,12.61,13.5,13.224499999999983,13.13,12.61,43.41,-0.01,0.19,-0.2,通宇通讯,计算机、通信和其他电子设备制造业,主板,12.515000000000077,13.212500000000006,13.514166666666691,13.203125000000002,12.825106382978714
2792,2022-09-19,12.21,12.01,12.29,11.96,12.27,57174.1,69060600.0,12.41,13.22,13.164499999999984,13.11,12.62,41.57,-0.1,0.13,-0.23,通宇通讯,计算机、通信和其他电子设备制造业,主板,12.317500000000077,12.761250000000006,13.376666666666692,13.186250000000001,12.82468085106382
2792,2022-09-20,12.1,12.12,12.26,12.02,12.01,52985.6,64255900.0,12.28,12.98,13.093499999999983,13.08,12.63,42.68,-0.15,0.08,-0.23,通宇通讯,计算机、通信和其他电子设备制造业,主板,12.165000000000077,12.518750000000006,13.265000000000024,13.173750000000002,12.82404255319148
2792,2022-09-21,12.1,11.9,12.1,11.63,12.12,56661.5,67113400.0,12.11,12.61,13.007999999999981,13.05,12.64,41.01,-0.21,0.02,-0.23,通宇通讯,计算机、通信和其他电子设备制造业,主板,12.075000000000077,12.385000000000007,13.022500000000024,13.163750000000002,12.826808510638289
2792,2022-09-22,11.89,11.65,12.02,11.61,11.9,63450.5,74990700.0,11.99,12.37,12.94649999999998,13.01,12.63,39.13,-0.27,-0.04,-0.23,通宇通讯,计算机、通信和其他电子设备制造业,主板,11.920000000000076,12.217500000000008,12.781666666666693,13.115625000000003,12.816170212765948
2792,2022-09-23,11.64,11.23,11.7,11.14,11.65,87607.1,99546700.0,11.78,12.2,12.893999999999982,12.95,12.62,36.14,-0.35,-0.1,-0.25,通宇通讯,计算机、通信和其他电子设备制造业,主板,11.725000000000078,12.021250000000009,12.415833333333358,12.963750000000003,12.791702127659565
2792,2022-09-26,11.11,10.87,11.2,10.81,11.23,53367.3,58688300.0,11.55,11.98,12.821499999999983,12.88,12.6,33.76,-0.44,-0.17,-0.27,通宇通讯,计算机、通信和其他电子设备制造业,主板,11.412500000000078,11.78875000000001,12.150000000000025,12.801875000000003,12.758510638297865
2792,2022-09-27,10.9,11.06,11.09,10.86,10.87,48669.6,53503600.0,11.34,11.81,12.771499999999984,12.83,12.58,36.15,-0.49,-0.23,-0.26,通宇通讯,计算机、通信和其他电子设备制造业,主板,11.202500000000079,11.638750000000009,11.990833333333358,12.567500000000003,12.732127659574461
2792,2022-09-28,11.0,10.76,11.04,10.66,11.06,53941.1,58203300.0,11.11,11.61,12.688499999999983,12.76,12.56,34.06,-0.54,-0.29,-0.25,通宇通讯,计算机、通信和其他电子设备制造业,主板,10.980000000000079,11.45000000000001,11.805000000000023,12.331250000000002,12.69808510638297
2792,2022-09-29,10.82,10.54,10.86,10.44,10.76,47315.6,50338700.0,10.89,11.44,12.532499999999983,12.69,12.54,32.57,-0.6,-0.36,-0.24,通宇通讯,计算机、通信和其他电子设备制造业,主板,10.80750000000008,11.266250000000008,11.616666666666688,12.013750000000002,12.661914893617013
2792,2022-09-30,10.56,10.43,10.64,10.37,10.54,36764.0,38476000.0,10.73,11.26,12.380999999999982,12.57,12.52,31.82,-0.64,-0.41,-0.23,通宇通讯,计算机、通信和其他电子设备制造业,主板,10.69750000000008,11.055000000000007,11.425000000000024,11.786875000000002,12.622553191489352
2792,2022-10-10,10.58,10.18,10.58,10.09,10.43,33418.6,34349100.0,10.59,11.07,12.14949999999998,12.47,12.49,30.13,-0.7,-0.47,-0.23,通宇通讯,计算机、通信和其他电子设备制造业,主板,10.477500000000079,10.840000000000007,11.251666666666692,11.612500000000002,12.573404255319138
2792,2022-10-11,10.22,10.27,10.33,10.12,10.18,28841.7,29533700.0,10.44,10.89,11.935999999999982,12.36,12.46,31.54,-0.72,-0.52,-0.2,通宇通讯,计算机、通信和其他电子设备制造业,主板,10.35500000000008,10.667500000000006,11.085000000000024,11.442500000000003,12.522978723404243
2792,2022-10-12,10.44,10.77,10.98,10.31,10.27,93691.9,99962500.0,10.44,10.78,11.693499999999982,12.26,12.44,38.93,-0.68,-0.55,-0.13,通宇通讯,计算机、通信和其他电子设备制造业,主板,10.412500000000081,10.610000000000005,10.981666666666692,11.315625000000002,12.487021276595732
2792,2022-10-13,10.69,10.99,11.14,10.65,10.77,83047.2,90812100.0,10.53,10.71,11.539999999999981,12.2,12.43,41.9,-0.63,-0.57,-0.06,通宇通讯,计算机、通信和其他电子设备制造业,主板,10.552500000000082,10.625000000000004,10.887500000000026,11.206875000000004,12.452765957446795
2792,2022-10-14,11.01,11.09,11.17,11.0,10.99,61731.8,68417000.0,10.66,10.7,11.445999999999982,12.16,12.41,43.26,-0.58,-0.57,-0.01,通宇通讯,计算机、通信和其他电子设备制造业,主板,10.780000000000081,10.628750000000004,10.820000000000027,11.133750000000004,12.43382978723403
2792,2022-10-17,11.02,11.25,11.3,11.0,11.09,52508.8,58909400.0,10.87,10.73,11.358999999999982,12.13,12.4,45.44,-0.52,-0.56,0.04,通宇通讯,计算机、通信和其他电子设备制造业,主板,11.02500000000008,10.690000000000003,10.786666666666692,11.070000000000004,12.416170212765945
2792,2022-10-18,11.22,11.4,11.45,11.14,11.25,51454.1,58290700.0,11.1,10.77,11.288999999999982,12.1,12.39,47.49,-0.45,-0.54,0.09,通宇通讯,计算机、通信和其他电子设备制造业,主板,11.18250000000008,10.797500000000003,10.80083333333336,11.031875000000005,12.393829787234028
2792,2022-10-19,11.52,11.53,11.7,11.32,11.4,66272.7,76425100.0,11.25,10.84,11.228999999999981,12.07,12.37,49.26,-0.39,-0.51,0.12,通宇通讯,计算机、通信和其他电子设备制造业,主板,11.317500000000079,10.935000000000002,10.85583333333336,10.995000000000005,12.367234042553177
2792,2022-10-20,11.36,11.37,11.57,11.25,11.53,50876.7,58094100.0,11.33,10.93,11.184499999999982,12.0,12.35,47.15,-0.34,-0.47,0.13,通宇通讯,计算机、通信和其他电子设备制造业,主板,11.387500000000077,11.083750000000002,10.881666666666694,10.961875000000004,12.336808510638285
2792,2022-10-21,11.5,11.47,11.6,11.35,11.37,37959.8,43548800.0,11.4,11.03,11.144499999999983,11.93,12.34,48.63,-0.3,-0.44,0.14,通宇通讯,计算机、通信和其他电子设备制造业,主板,11.442500000000077,11.233750000000002,10.94083333333336,10.950625000000004,12.306382978723391
2792,2022-10-24,11.52,11.41,11.78,11.33,11.47,53130.7,61628000.0,11.44,11.16,11.114499999999982,11.82,12.33,47.77,-0.26,-0.4,0.14,通宇通讯,计算机、通信和其他电子设备制造业,主板,11.445000000000077,11.313750000000002,11.013333333333362,10.961875000000004,12.273829787234028
2792,2022-10-25,11.33,11.27,11.55,11.1,11.41,43759.8,49506000.0,11.41,11.26,11.071999999999983,11.71,12.31,45.72,-0.24,-0.37,0.13,通宇通讯,计算机、通信和其他电子设备制造业,主板,11.380000000000077,11.348750000000003,11.083333333333362,10.986875000000005,12.234680851063814
2792,2022-10-26,11.22,11.62,11.69,11.19,11.27,46461.1,53673300.0,11.43,11.34,11.057999999999982,11.58,12.3,51.33,-0.2,-0.34,0.14,通宇通讯,计算机、通信和其他电子设备制造业,主板,11.442500000000077,11.415000000000003,11.203333333333362,11.021875000000005,12.208510638297858
2792,2022-10-27,11.7,12.28,12.77,11.59,11.62,161402.0,198497000.0,11.61,11.47,11.089499999999983,11.52,12.29,59.77,-0.1,-0.29,0.19,通宇通讯,计算机、通信和其他电子设备制造业,主板,11.645000000000078,11.543750000000003,11.37083333333336,11.116875000000006,12.199999999999985
2792,2022-10-28,12.11,11.45,12.2,11.41,12.28,114874.0,135218000.0,11.61,11.5,11.100499999999982,11.47,12.27,48.4,-0.1,-0.25,0.15,通宇通讯,计算机、通信和其他电子设备制造业,主板,11.65500000000008,11.550000000000002,11.427500000000025,11.173750000000005,12.174255319148923
2792,2022-10-31,11.4,11.66,11.79,11.32,11.45,54159.6,63141800.0,11.66,11.55,11.139999999999983,11.42,12.26,50.94,-0.07,-0.22,0.15,通宇通讯,计算机、通信和其他电子设备制造业,主板,11.75250000000008,11.566250000000002,11.483333333333357,11.250625000000005,12.15106382978722
2792,2022-11-01,11.69,12.01,12.15,11.51,11.66,91867.8,109411000.0,11.8,11.61,11.187499999999982,11.4,12.25,54.93,-0.02,-0.18,0.16,通宇通讯,计算机、通信和其他电子设备制造业,主板,11.85000000000008,11.646250000000002,11.560000000000024,11.365000000000004,12.108085106382966
2792,2022-11-02,11.96,12.16,12.22,11.81,12.01,83546.7,100648000.0,11.91,11.67,11.257499999999983,11.38,12.25,56.56,0.02,-0.14,0.16,通宇通讯,计算机、通信和其他电子设备制造业,主板,11.820000000000078,11.732500000000002,11.635833333333357,11.483125000000003,12.085744680851048
2792,2022-11-03,12.01,12.03,12.13,11.9,12.16,43405.5,52058600.0,11.86,11.74,11.331999999999983,11.37,12.25,54.71,0.05,-0.1,0.15,通宇通讯,计算机、通信和其他电子设备制造业,主板,11.965000000000078,11.810000000000002,11.688333333333356,11.561875000000002,12.053617021276581
2792,2022-11-04,11.99,12.05,12.1,11.93,12.03,56092.0,67493500.0,11.98,11.79,11.412999999999982,11.36,12.25,54.96,0.07,-0.07,0.14,通宇通讯,计算机、通信和其他电子设备制造业,主板,12.062500000000078,11.907500000000002,11.73166666666669,11.628125000000002,12.020425531914878
2792,2022-11-07,12.05,11.95,12.1,11.88,12.05,46685.1,55899100.0,12.04,11.85,11.501499999999982,11.36,12.23,53.41,0.08,-0.04,0.12,通宇通讯,计算机、通信和其他电子设备制造业,主板,12.04750000000008,11.948750000000002,11.780000000000022,11.681875000000002,12.000638297872325
2792,2022-11-08,11.93,11.95,11.98,11.72,11.95,35574.6,42112900.0,12.03,11.92,11.58549999999998,11.35,12.22,53.41,0.08,-0.01,0.09,通宇通讯,计算机、通信和其他电子设备制造业,主板,11.99500000000008,11.907500000000002,11.820000000000022,11.725625,11.993617021276583
2792,2022-11-09,11.95,11.75,12.0,11.75,11.95,37931.3,44829400.0,11.95,11.93,11.63449999999998,11.35,12.2,50.14,0.07,0.0,0.07,通宇通讯,计算机、通信和其他电子设备制造业,主板,11.925000000000079,11.945000000000002,11.848333333333356,11.7475,11.981489361702113
2792,2022-11-10,11.7,11.67,11.94,11.65,11.75,35475.9,41720900.0,11.87,11.87,11.668499999999979,11.35,12.18,48.85,0.06,0.01,0.05,通宇通讯,计算机、通信和其他电子设备制造业,主板,11.83000000000008,11.946250000000003,11.881666666666687,11.75625,11.973191489361687
2792,2022-11-11,11.87,11.56,12.03,11.54,11.67,64815.7,76579500.0,11.78,11.88,11.691999999999979,11.36,12.15,47.06,0.03,0.02,0.01,通宇通讯,计算机、通信和其他电子设备制造业,主板,11.73250000000008,11.890000000000002,11.876666666666686,11.768125,11.954893617021263
2792,2022-11-14,11.57,11.66,11.79,11.38,11.56,49995.6,58061600.0,11.72,11.88,11.712499999999979,11.39,12.13,48.89,0.02,0.02,0.0,通宇通讯,计算机、通信和其他电子设备制造业,主板,11.660000000000078,11.827500000000002,11.825000000000019,11.78,11.9123404255319
2792,2022-11-15,11.68,11.9,11.91,11.56,11.66,48912.2,57723400.0,11.71,11.87,11.73749999999998,11.41,12.12,53.1,0.03,0.02,0.01,通宇通讯,计算机、通信和其他电子设备制造业,主板,11.697500000000078,11.811250000000003,11.86250000000002,11.810625,11.879148936170196
2792,2022-11-16,11.9,12.0,12.05,11.88,11.9,56282.5,67407800.0,11.76,11.85,11.760999999999978,11.46,12.11,54.76,0.05,0.03,0.02,通宇通讯,计算机、通信和其他电子设备制造业,主板,11.780000000000078,11.805000000000003,11.890833333333354,11.85625,11.819361702127646
2792,2022-11-17,12.06,12.11,12.15,11.87,12.0,61943.8,74387300.0,11.85,11.86,11.797999999999979,11.51,12.1,56.59,0.07,0.04,0.03,通宇通讯,计算机、通信和其他电子设备制造业,主板,11.917500000000077,11.825000000000003,11.899166666666687,11.886875,11.767659574468071
2792,2022-11-18,12.19,12.06,12.38,12.05,12.11,69420.0,84884300.0,11.95,11.86,11.82749999999998,11.56,12.07,55.5,0.08,0.04,0.04,通宇通讯,计算机、通信和其他电子设备制造业,主板,12.017500000000076,11.838750000000003,11.890833333333354,11.873125,11.691914893617007
2792,2022-11-21,12.0,11.92,12.08,11.81,12.06,43025.2,51269200.0,12.0,11.86,11.852999999999978,11.62,12.04,52.43,0.08,0.05,0.03,通宇通讯,计算机、通信和其他电子设备制造业,主板,12.022500000000077,11.860000000000003,11.881666666666687,11.9025,11.64638297872339
2792,2022-11-22,11.88,11.98,12.23,11.85,11.92,57222.3,68849800.0,12.01,11.86,11.888499999999977,11.68,12.02,53.61,0.08,0.06,0.02,通宇通讯,计算机、通信和其他电子设备制造业,主板,12.017500000000076,11.898750000000003,11.875833333333352,11.9225,11.625319148936155
2792,2022-11-23,11.87,11.62,11.96,11.5,11.98,59248.0,69032600.0,11.94,11.85,11.888499999999977,11.71,11.98,46.18,0.06,0.06,0.0,通宇通讯,计算机、通信和其他电子设备制造业,主板,11.895000000000076,11.906250000000004,11.848333333333352,11.898125,11.596170212765943
2792,2022-11-24,11.59,11.61,11.85,11.56,11.62,34901.1,40654600.0,11.84,11.84,11.854999999999977,11.73,11.96,45.99,0.03,0.05,-0.02,通宇通讯,计算机、通信和其他电子设备制造业,主板,11.782500000000075,11.900000000000004,11.820000000000022,11.863750000000001,11.570851063829773
2792,2022-11-25,11.7,11.42,11.73,11.4,11.61,35276.1,40631400.0,11.71,11.83,11.853499999999977,11.74,11.95,42.41,0.0,0.04,-0.04,通宇通讯,计算机、通信和其他电子设备制造业,主板,11.657500000000075,11.840000000000003,11.79250000000002,11.825625,11.542978723404241
2792,2022-11-28,11.42,11.16,11.42,11.06,11.42,36900.2,41269200.0,11.56,11.78,11.828499999999977,11.73,11.93,38.04,-0.05,0.02,-0.07,通宇通讯,计算机、通信和其他电子设备制造业,主板,11.452500000000075,11.735000000000003,11.750000000000021,11.77,11.519574468085091
2792,2022-11-29,11.15,11.4,11.4,11.15,11.16,28933.2,32686300.0,11.44,11.73,11.797999999999977,11.73,11.92,43.8,-0.06,0.01,-0.07,通宇通讯,计算机、通信和其他电子设备制造业,主板,11.397500000000075,11.646250000000004,11.736666666666688,11.735625,11.501063829787219
2792,2022-11-30,11.33,11.32,11.42,11.28,11.4,25887.9,29352300.0,11.38,11.66,11.755999999999977,11.73,11.9,42.38,-0.09,-0.01,-0.08,通宇通讯,计算机、通信和其他电子设备制造业,主板,11.325000000000076,11.553750000000004,11.708333333333355,11.696250000000001,11.48638297872339
2792,2022-12-01,11.38,11.59,11.64,11.38,11.32,41503.4,47862700.0,11.38,11.61,11.733999999999977,11.73,11.87,48.43,-0.08,-0.03,-0.05,通宇通讯,计算机、通信和其他电子设备制造业,主板,11.367500000000074,11.512500000000005,11.68250000000002,11.686250000000001,11.47510638297871
2792,2022-12-02,11.59,11.67,11.78,11.54,11.59,32409.2,37885000.0,11.43,11.57,11.714999999999977,11.74,11.84,50.1,-0.07,-0.03,-0.04,通宇通讯,计算机、通信和其他电子设备制造业,主板,11.495000000000076,11.473750000000004,11.65500000000002,11.686250000000001,11.470212765957433
2792,2022-12-05,11.75,11.89,11.97,11.69,11.67,41340.7,48903400.0,11.57,11.57,11.711999999999978,11.76,11.79,54.47,-0.04,-0.04,0.0,通宇通讯,计算机、通信和其他电子设备制造业,主板,11.617500000000076,11.507500000000004,11.636666666666684,11.706875,11.475319148936157
2792,2022-12-06,11.97,11.87,12.09,11.8,11.89,47650.7,56891100.0,11.67,11.56,11.707999999999979,11.78,11.74,54.01,-0.02,-0.03,0.01,通宇通讯,计算机、通信和其他电子设备制造业,主板,11.755000000000075,11.540000000000004,11.620833333333351,11.72,11.488936170212751
2792,2022-12-07,11.87,11.75,11.9,11.72,11.87,26979.6,31772900.0,11.75,11.57,11.707999999999979,11.78,11.68,51.19,-0.01,-0.03,0.02,通宇通讯,计算机、通信和其他电子设备制造业,主板,11.795000000000076,11.581250000000004,11.606666666666685,11.710625,11.507659574468072
2792,2022-12-08,11.71,11.54,11.75,11.54,11.75,29447.1,34186600.0,11.74,11.56,11.701499999999978,11.76,11.64,46.62,-0.03,-0.03,0.0,通宇通讯,计算机、通信和其他电子设备制造业,主板,11.762500000000076,11.628750000000004,11.57000000000002,11.681875,11.517872340425518
2792,2022-12-09,11.61,11.4,11.65,11.39,11.54,36731.6,42119200.0,11.69,11.56,11.693499999999979,11.76,11.61,43.81,-0.04,-0.03,-0.01,通宇通讯,计算机、通信和其他电子设备制造业,主板,11.640000000000075,11.628750000000004,11.551666666666685,11.6375,11.531489361702114
2792,2022-12-12,11.4,11.47,11.52,11.38,11.4,20012.0,22927500.0,11.61,11.59,11.68399999999998,11.75,11.59,45.58,-0.05,-0.03,-0.02,通宇通讯,计算机、通信和其他电子设备制造业,主板,11.540000000000076,11.647500000000004,11.54000000000002,11.600624999999999,11.551276595744667
2792,2022-12-13,11.5,11.31,11.5,11.31,11.47,22622.1,25709600.0,11.49,11.58,11.65449999999998,11.73,11.56,42.3,-0.06,-0.04,-0.02,通宇通讯,计算机、通信和其他电子设备制造业,主板,11.430000000000076,11.612500000000004,11.530833333333355,11.5625,11.569999999999988
2792,2022-12-14,11.35,11.27,11.45,11.25,11.31,19472.5,22106900.0,11.4,11.58,11.617999999999979,11.7,11.54,41.5,-0.09,-0.05,-0.04,通宇通讯,计算机、通信和其他电子设备制造业,主板,11.362500000000077,11.562500000000004,11.540000000000022,11.518125000000001,11.59319148936169
2792,2022-12-15,11.26,11.37,11.45,11.21,11.27,18317.8,20843500.0,11.36,11.55,11.58099999999998,11.67,11.52,44.34,-0.09,-0.06,-0.03,通宇通讯,计算机、通信和其他电子设备制造业,主板,11.355000000000077,11.497500000000004,11.537500000000023,11.502500000000001,11.61659574468084
2792,2022-12-16,11.31,11.11,11.35,11.09,11.37,30125.7,33654500.0,11.31,11.5,11.53349999999998,11.64,11.5,39.03,-0.12,-0.07,-0.05,通宇通讯,计算机、通信和其他电子设备制造业,主板,11.265000000000077,11.402500000000003,11.520000000000024,11.471250000000001,11.623829787234031
2792,2022-12-19,11.18,10.82,11.18,10.8,11.11,23555.2,25706100.0,11.18,11.39,11.47849999999998,11.6,11.48,34.12,-0.15,-0.09,-0.06,通宇通讯,计算机、通信和其他电子设备制造业,主板,11.142500000000076,11.286250000000003,11.455833333333358,11.433750000000002,11.620212765957437
2792,2022-12-20,10.75,10.84,10.93,10.72,10.82,15157.5,16426600.0,11.08,11.29,11.421499999999982,11.57,11.46,34.73,-0.18,-0.1,-0.08,通宇通讯,计算机、通信和其他电子设备制造业,主板,11.035000000000078,11.198750000000004,11.386666666666692,11.413750000000002,11.614893617021266
2792,2022-12-21,10.9,10.7,10.9,10.65,10.84,18225.5,19585200.0,10.97,11.18,11.375499999999981,11.53,11.44,32.47,-0.22,-0.13,-0.09,通宇通讯,计算机、通信和其他电子设备制造业,主板,10.86750000000008,11.111250000000004,11.287500000000023,11.370000000000001,11.603191489361693
2792,2022-12-22,10.76,10.54,10.79,10.51,10.7,20438.8,21759400.0,10.8,11.08,11.32199999999998,11.5,11.42,30.06,-0.25,-0.15,-0.1,通宇通讯,计算机、通信和其他电子设备制造业,主板,10.72500000000008,10.995000000000005,11.176666666666689,11.321250000000001,11.584893617021267
2792,2022-12-23,10.5,10.55,10.67,10.42,10.54,14657.2,15484200.0,10.69,11.0,11.278499999999982,11.46,11.41,30.4,-0.27,-0.18,-0.09,通宇通讯,计算机、通信和其他电子设备制造业,主板,10.657500000000079,10.900000000000004,11.07666666666669,11.256250000000001,11.564042553191479
2792,2022-12-26,10.56,10.7,10.73,10.55,10.55,14997.2,16022400.0,10.67,10.92,11.25549999999998,11.43,11.41,35.58,-0.28,-0.2,-0.08,通宇通讯,计算机、通信和其他电子设备制造业,主板,10.622500000000077,10.828750000000005,11.006666666666689,11.195625000000001,11.549787234042544
2792,2022-12-27,10.72,10.75,10.77,10.61,10.7,14897.4,15931400.0,10.65,10.86,11.222999999999981,11.39,11.4,37.26,-0.27,-0.21,-0.06,通宇通讯,计算机、通信和其他电子设备制造业,主板,10.635000000000076,10.751250000000004,10.952500000000022,11.124375,11.534468085106374
2792,2022-12-28,10.72,10.61,10.72,10.51,10.75,14332.3,15178500.0,10.63,10.8,11.18749999999998,11.34,11.4,34.55,-0.28,-0.23,-0.05,通宇通讯,计算机、通信和其他电子设备制造业,主板,10.652500000000076,10.688750000000004,10.880833333333355,11.045625000000001,11.51744680851063
2792,2022-12-29,10.55,10.54,10.68,10.51,10.61,11609.5,12294400.0,10.63,10.72,11.13499999999998,11.29,11.4,33.25,-0.28,-0.24,-0.04,通宇通讯,计算机、通信和其他电子设备制造业,主板,10.650000000000077,10.653750000000006,10.816666666666686,10.97,11.501914893617013
2792,2022-12-30,10.63,10.62,10.64,10.53,10.54,11412.6,12098900.0,10.64,10.67,11.08249999999998,11.24,11.4,36.21,-0.28,-0.24,-0.04,通宇通讯,计算机、通信和其他电子设备制造业,主板,10.630000000000077,10.626250000000006,10.762500000000019,10.912500000000001,11.480638297872332
2792,2023-01-03,10.62,10.99,11.02,10.55,10.62,28626.0,31128600.0,10.7,10.68,11.03749999999998,11.21,11.42,47.74,-0.24,-0.24,0.0,通宇通讯,计算机、通信和其他电子设备制造业,主板,10.690000000000078,10.662500000000005,10.730833333333353,10.886875000000002,11.453191489361695
2792,2023-01-04,11.0,11.16,11.19,10.96,10.99,25502.0,28379200.0,10.78,10.72,11.00199999999998,11.19,11.43,52.04,-0.2,-0.24,0.04,通宇通讯,计算机、通信和其他电子设备制造业,主板,10.827500000000079,10.740000000000006,10.735000000000019,10.867500000000001,11.447021276595734
2792,2023-01-05,11.21,11.16,11.24,11.1,11.16,18434.0,20591900.0,10.89,10.76,10.972499999999979,11.17,11.44,52.04,-0.16,-0.22,0.06,通宇通讯,计算机、通信和其他电子设备制造业,主板,10.982500000000078,10.816250000000005,10.763333333333351,10.858125000000001,11.436382978723394
2792,2023-01-06,11.16,11.03,11.21,11.01,11.16,19164.5,21277600.0,10.99,10.81,10.94699999999998,11.15,11.44,48.5,-0.14,-0.2,0.06,通宇通讯,计算机、通信和其他电子设备制造业,主板,11.085000000000079,10.857500000000005,10.779166666666685,10.843125,11.415531914893608
2792,2023-01-09,11.14,11.07,11.23,11.03,11.03,16756.0,18629900.0,11.08,10.86,10.930499999999979,11.14,11.44,49.64,-0.11,-0.19,0.08,通宇通讯,计算机、通信和其他电子设备制造业,主板,11.105000000000079,10.897500000000004,10.810000000000018,10.824375,11.392340425531906
2792,2023-01-10,11.1,11.06,11.1,10.96,11.07,13655.0,15075400.0,11.1,10.9,10.909999999999979,11.14,11.44,49.34,-0.1,-0.17,0.07,通宇通讯,计算机、通信和其他电子设备制造业,主板,11.08000000000008,10.953750000000005,10.853333333333353,10.82125,11.371702127659566
2792,2023-01-11,11.02,10.99,11.16,10.97,11.06,12939.0,14283300.0,11.06,10.92,10.89399999999998,11.12,11.43,47.25,-0.1,-0.15,0.05,通宇通讯,计算机、通信和其他电子设备制造业,主板,11.03750000000008,11.010000000000005,10.89000000000002,10.831875,11.349148936170204
2792,2023-01-12,11.2,11.08,11.28,11.04,10.99,28902.5,32222300.0,11.05,10.97,10.88449999999998,11.12,11.42,50.18,-0.08,-0.14,0.06,通宇通讯,计算机、通信和其他电子设备制造业,主板,11.050000000000079,11.067500000000004,10.921666666666688,10.846875,11.330638297872332
2792,2023-01-13,11.4,11.3,11.47,11.19,11.08,45709.5,51547500.0,11.1,11.05,10.88099999999998,11.11,11.42,56.54,-0.04,-0.12,0.08,通宇通讯,计算机、通信和其他电子设备制造业,主板,11.107500000000078,11.106250000000005,10.967500000000022,10.884375000000002,11.316808510638287
2792,2023-01-16,11.19,11.33,11.39,11.14,11.3,30468.7,34502300.0,11.15,11.12,10.891999999999982,11.09,11.42,57.34,-0.02,-0.1,0.08,通宇通讯,计算机、通信和其他电子设备制造业,主板,11.175000000000077,11.127500000000005,11.027500000000023,10.933750000000003,11.307872340425522
2792,2023-01-17,11.48,11.65,11.92,11.48,11.33,84662.1,99056600.0,11.27,11.18,10.933499999999983,11.09,11.42,64.78,0.03,-0.07,0.1,通宇通讯,计算机、通信和其他电子设备制造业,主板,11.340000000000076,11.188750000000006,11.120000000000024,11.002500000000003,11.30744680851063
2792,2023-01-18,11.56,11.67,11.8,11.56,11.65,52146.1,61112500.0,11.41,11.23,10.974999999999982,11.08,11.43,65.19,0.07,-0.05,0.12,通宇通讯,计算机、通信和其他电子设备制造业,主板,11.487500000000077,11.268750000000006,11.207500000000023,11.063125000000003,11.309787234042545
2792,2023-01-19,11.73,11.72,11.78,11.62,11.67,37966.2,44425800.0,11.53,11.29,11.025999999999982,11.08,11.43,66.25,0.1,-0.02,0.12,通宇通讯,计算机、通信和其他电子设备制造业,主板,11.592500000000076,11.350000000000005,11.268333333333354,11.123750000000003,11.311063829787226
2792,2023-01-20,11.71,11.73,11.8,11.62,11.72,28843.3,33826600.0,11.62,11.36,11.085499999999982,11.08,11.42,66.46,0.12,0.01,0.11,通宇通讯,计算机、通信和其他电子设备制造业,主板,11.692500000000077,11.433750000000005,11.315833333333353,11.193750000000001,11.307446808510631
2792,2023-01-30,11.87,11.81,11.9,11.77,11.73,35302.7,41767400.0,11.72,11.43,11.14849999999998,11.1,11.43,68.24,0.15,0.04,0.11,通宇通讯,计算机、通信和其他电子设备制造业,主板,11.732500000000078,11.536250000000006,11.37000000000002,11.273125000000002,11.303404255319142
2792,2023-01-31,11.81,11.8,11.84,11.67,11.81,25684.7,30138700.0,11.75,11.51,11.203499999999982,11.11,11.43,67.76,0.16,0.06,0.1,通宇通讯,计算机、通信和其他电子设备制造业,主板,11.765000000000079,11.626250000000006,11.43416666666669,11.346875000000002,11.29680851063829
2792,2023-02-01,11.91,12.12,12.14,11.86,11.8,57716.7,69333400.0,11.84,11.62,11.271999999999982,11.14,11.43,74.08,0.21,0.09,0.12,通宇通讯,计算机、通信和其他电子设备制造业,主板,11.865000000000078,11.728750000000007,11.52166666666669,11.417500000000002,11.298085106382972
2792,2023-02-02,12.05,12.08,12.5,12.05,12.12,46034.2,56001900.0,11.91,11.72,11.345499999999983,11.16,11.43,72.17,0.22,0.12,0.1,通宇通讯,计算机、通信和其他电子设备制造业,主板,11.952500000000079,11.822500000000007,11.60666666666669,11.475000000000003,11.301489361702123
2792,2023-02-03,12.16,12.2,12.22,12.0,12.08,41317.1,50135800.0,12.0,11.81,11.428499999999984,11.19,11.43,74.31,0.25,0.14,0.11,通宇通讯,计算机、通信和其他电子设备制造业,主板,12.050000000000079,11.891250000000007,11.707500000000023,11.540000000000003,11.306170212765952
2792,2023-02-06,12.19,12.54,13.18,12.1,12.2,110383.0,139400000.0,12.15,11.93,11.524499999999984,11.24,11.44,79.18,0.29,0.17,0.12,通宇通讯,计算机、通信和其他电子设备制造业,主板,12.235000000000078,12.000000000000005,11.829166666666687,11.634375000000002,11.325744680851058
2792,2023-02-07,12.49,13.79,13.79,12.36,12.54,98886.7,132939000.0,12.55,12.15,11.664499999999983,11.34,11.47,88.11,0.43,0.22,0.21,通宇通讯,计算机、通信和其他电子设备制造业,主板,12.652500000000078,12.258750000000006,12.036666666666685,11.804375000000002,11.372127659574462
2792,2023-02-08,15.17,14.66,15.17,14.23,13.79,592465.0,879302000.0,13.05,12.44,11.839499999999983,11.46,11.52,91.0,0.59,0.3,0.29,通宇通讯,计算机、通信和其他电子设备制造业,主板,13.297500000000078,12.625000000000005,12.314166666666685,12.029375000000002,11.441063829787227
2792,2023-02-09,13.66,14.86,15.51,13.41,14.66,578411.0,837870000.0,13.61,12.76,12.024499999999982,11.6,11.57,91.51,0.74,0.39,0.35,通宇通讯,计算机、通信和其他电子设备制造业,主板,13.962500000000077,13.006250000000005,12.581666666666685,12.271250000000002,11.519787234042548
2792,2023-02-10,15.21,15.02,15.95,14.86,14.86,588254.0,908421000.0,14.17,13.09,12.223999999999982,11.75,11.62,91.91,0.85,0.48,0.37,通宇通讯,计算机、通信和其他电子设备制造业,主板,14.582500000000076,13.408750000000005,12.860833333333353,12.517500000000002,11.596808510638292
2792,2023-02-13,14.4,14.8,15.15,14.4,15.02,380190.0,561248000.0,14.63,13.39,12.410499999999981,11.89,11.68,85.97,0.91,0.57,0.34,通宇通讯,计算机、通信和其他电子设备制造业,主板,14.835000000000077,13.743750000000004,13.117500000000021,12.736250000000002,11.67085106382978
2792,2023-02-14,16.28,16.28,16.28,16.28,14.8,290548.0,473012000.0,15.12,13.84,12.671499999999984,12.08,11.76,90.44,1.07,0.67,0.4,通宇通讯,计算机、通信和其他电子设备制造业,主板,15.24000000000008,14.268750000000004,13.49666666666669,13.045625000000001,11.770638297872331
2792,2023-02-15,17.86,17.91,17.91,17.45,16.28,312390.0,558370000.0,15.77,14.41,13.017499999999984,12.32,11.86,93.06,1.31,0.79,0.52,通宇通讯,计算机、通信和其他电子设备制造业,主板,16.00250000000008,14.982500000000003,14.005000000000022,13.436875,11.90340425531914
2792,2023-02-16,17.2,16.12,17.44,16.12,17.91,747260.0,1236340000.0,16.03,14.82,13.269499999999985,12.5,11.92,70.26,1.34,0.9,0.44,通宇通讯,计算机、通信和其他电子设备制造业,主板,16.27750000000008,15.430000000000003,14.365000000000022,13.715000000000002,11.99340425531914
2792,2023-02-17,15.29,14.51,15.29,14.51,16.12,569395.0,842211000.0,15.92,15.05,13.429999999999984,12.64,11.96,56.79,1.22,0.97,0.25,通宇通讯,计算机、通信和其他电子设备制造业,主板,16.205000000000084,15.520000000000003,14.564166666666686,13.889375000000001,12.049574468085098
2792,2023-02-20,14.08,14.38,14.48,14.08,14.51,298658.0,425712000.0,15.84,15.23,13.582499999999985,12.76,12.0,55.85,1.1,0.99,0.11,通宇通讯,计算机、通信和其他电子设备制造业,主板,15.730000000000082,15.485000000000003,14.755833333333351,14.055000000000001,12.105531914893609
2792,2023-02-21,14.3,14.14,14.51,14.04,14.38,267406.0,381400000.0,15.41,15.27,13.706999999999985,12.87,12.04,54.09,0.97,0.99,-0.02,通宇通讯,计算机、通信和其他电子设备制造业,主板,14.787500000000083,15.395000000000005,14.917500000000018,14.200625000000002,12.160851063829778
2792,2023-02-22,14.05,14.24,14.27,13.88,14.14,195443.0,275728000.0,14.68,15.23,13.835499999999985,12.97,12.08,54.73,0.88,0.97,-0.09,通宇通讯,计算机、通信和其他电子设备制造业,主板,14.31750000000008,15.297500000000005,15.059166666666686,14.353125000000002,12.221276595744673
2792,2023-02-23,14.18,13.7,14.2,13.66,14.24,248076.0,345083000.0,14.19,15.11,13.934499999999982,13.05,12.11,50.62,0.75,0.92,-0.17,通宇通讯,计算机、通信和其他电子设备制造业,主板,14.115000000000082,15.160000000000005,15.051666666666685,14.451875000000001,12.268723404255311
2792,2023-02-24,13.72,13.9,14.09,13.68,13.7,222339.0,310100000.0,14.07,15.0,14.042999999999981,13.15,12.15,52.06,0.65,0.87,-0.22,通宇通讯,计算机、通信和其他电子设备制造业,主板,13.995000000000081,14.862500000000004,14.988333333333353,14.565625,12.323829787234036
2792,2023-02-27,13.89,13.83,14.19,13.78,13.9,181282.0,253699000.0,13.96,14.9,14.14399999999998,13.24,12.19,51.49,0.56,0.81,-0.25,通宇通讯,计算机、通信和其他电子设备制造业,主板,13.917500000000082,14.352500000000006,14.902500000000023,14.667500000000002,12.37829787234042
2792,2023-02-28,14.04,13.92,14.17,13.75,13.83,159243.0,221789000.0,13.92,14.66,14.24999999999998,13.34,12.24,52.21,0.49,0.74,-0.25,通宇通讯,计算机、通信和其他电子设备制造业,主板,13.837500000000082,14.077500000000004,14.810833333333354,14.753750000000002,12.432553191489355
2792,2023-03-01,14.09,14.77,14.8,14.02,13.92,412654.0,595953000.0,14.02,14.35,14.382499999999979,13.46,12.29,58.46,0.5,0.7,-0.2,通宇通讯,计算机、通信和其他电子设备制造业,主板,14.105000000000082,14.110000000000003,14.808333333333353,14.815000000000003,12.510425531914887
2792,2023-03-02,14.78,15.3,15.94,14.67,14.77,513693.0,787819000.0,14.34,14.27,14.54349999999998,13.6,12.36,61.82,0.55,0.67,-0.12,通宇通讯,计算机、通信和其他电子设备制造业,主板,14.455000000000082,14.225000000000005,14.726666666666688,14.855000000000004,12.605744680851055
2792,2023-03-03,15.25,15.62,16.36,14.85,15.3,489722.0,768969000.0,14.69,14.38,14.714499999999981,13.75,12.43,63.72,0.6,0.65,-0.05,通宇通讯,计算机、通信和其他电子设备制造业,主板,14.902500000000082,14.410000000000005,14.535833333333356,14.902500000000003,12.707446808510628
2792,2023-03-06,15.46,15.91,16.37,15.3,15.62,462564.0,739204000.0,15.1,14.53,14.882999999999981,13.9,12.5,65.41,0.65,0.65,0.0,通宇通讯,计算机、通信和其他电子设备制造业,主板,15.40000000000008,14.618750000000007,14.518333333333354,14.958125000000003,12.818297872340414
2792,2023-03-07,14.93,15.0,15.4,14.91,15.91,380499.0,574341000.0,15.32,14.62,14.94349999999998,14.01,12.55,56.54,0.62,0.65,-0.03,通宇通讯,计算机、通信和其他电子设备制造业,主板,15.457500000000081,14.781250000000005,14.55916666666669,14.970625000000002,12.913191489361692
2792,2023-03-08,14.7,15.55,15.84,14.69,15.0,368972.0,569098000.0,15.48,14.75,14.98799999999998,14.14,12.61,60.06,0.63,0.64,-0.01,通宇通讯,计算机、通信和其他电子设备制造业,主板,15.520000000000081,14.987500000000004,14.65666666666669,14.925000000000002,13.019574468085096
2792,2023-03-09,15.45,15.2,15.5,14.96,15.55,273952.0,415489000.0,15.46,14.9,15.004999999999978,14.26,12.67,56.9,0.61,0.64,-0.03,通宇通讯,计算机、通信和其他电子设备制造业,主板,15.415000000000083,15.158750000000003,14.745000000000024,14.755625000000002,13.115319148936159
2792,2023-03-10,15.01,14.7,15.38,14.66,15.2,223296.0,334151000.0,15.27,14.98,14.98899999999998,14.36,12.72,52.63,0.54,0.62,-0.08,通宇通讯,计算机、通信和其他电子设备制造业,主板,15.112500000000082,15.256250000000003,14.783333333333355,14.666875000000001,13.19936170212765
2792,2023-03-13,14.61,15.18,15.2,14.61,14.7,202792.0,304544000.0,15.13,15.11,15.007999999999978,14.47,12.78,56.04,0.52,0.6,-0.08,通宇通讯,计算机、通信和其他电子设备制造业,主板,15.157500000000084,15.307500000000003,14.90666666666669,14.708750000000002,13.29659574468084
2792,2023-03-14,15.1,14.82,15.14,14.51,15.18,175555.0,260662000.0,15.09,15.21,14.93499999999998,14.57,12.84,52.96,0.46,0.57,-0.11,通宇通讯,计算机、通信和其他电子设备制造业,主板,14.975000000000083,15.247500000000004,14.983333333333356,14.736250000000002,13.387659574468076
2792,2023-03-15,14.86,14.58,14.98,14.49,14.82,146626.0,214737000.0,14.9,15.19,14.768499999999978,14.65,12.89,50.96,0.4,0.54,-0.14,通宇通讯,计算机、通信和其他电子设备制造业,主板,14.820000000000082,15.117500000000003,15.045833333333356,14.763750000000002,13.471914893617013
2792,2023-03-16,14.54,14.27,14.68,14.21,14.58,140153.0,202407000.0,14.71,15.08,14.675999999999977,14.72,12.94,48.4,0.31,0.49,-0.18,通宇通讯,计算机、通信和其他电子设备制造业,主板,14.71250000000008,14.912500000000005,15.075000000000024,14.765625000000002,13.541702127659565
2792,2023-03-17,14.52,14.84,14.97,14.37,14.27,174633.0,256967000.0,14.74,15.0,14.692499999999976,14.81,13.0,53.06,0.3,0.45,-0.15,通宇通讯,计算机、通信和其他电子设备制造业,主板,14.627500000000081,14.892500000000005,15.080833333333358,14.836875000000003,13.619999999999992
2792,2023-03-20,14.8,14.94,15.2,14.66,14.84,211217.0,315736000.0,14.69,14.91,14.720499999999976,14.89,13.06,53.85,0.29,0.42,-0.13,通宇通讯,计算机、通信和其他电子设备制造业,主板,14.657500000000082,14.816250000000005,15.050833333333356,14.901875000000002,13.700425531914888
2792,2023-03-21,14.69,14.89,15.04,14.32,14.94,138594.0,204375000.0,14.7,14.9,14.757999999999976,14.93,13.13,53.36,0.27,0.39,-0.12,通宇通讯,计算机、通信和其他电子设备制造业,主板,14.735000000000081,14.777500000000005,14.990000000000023,14.968125000000002,13.782553191489356
2792,2023-03-22,14.8,15.45,15.45,14.52,14.89,293704.0,445791000.0,14.88,14.89,14.818499999999975,14.95,13.21,57.91,0.3,0.37,-0.07,通宇通讯,计算机、通信和其他电子设备制造业,主板,15.030000000000083,14.871250000000005,14.95166666666669,15.063750000000002,13.875744680851058
2792,2023-03-23,15.3,15.58,15.61,15.05,15.45,320675.0,492360000.0,15.14,14.92,14.912499999999975,14.98,13.29,58.91,0.33,0.36,-0.03,通宇通讯,计算机、通信和其他电子设备制造业,主板,15.215000000000082,14.921250000000004,15.000000000000023,15.114375,13.971914893617019
2792,2023-03-24,15.38,15.3,15.45,14.92,15.58,264987.0,403307000.0,15.23,14.98,14.982499999999977,14.99,13.37,55.83,0.32,0.35,-0.03,通宇通讯,计算机、通信和其他电子设备制造业,主板,15.305000000000081,14.981250000000006,14.979166666666691,15.114374999999999,14.063617021276592
2792,2023-03-27,15.22,15.12,15.5,14.93,15.3,196756.0,298723000.0,15.27,14.98,15.046999999999978,15.0,13.45,53.88,0.3,0.34,-0.04,通宇通讯,计算机、通信和其他电子设备制造业,主板,15.362500000000082,15.048750000000007,14.972500000000025,15.083124999999999,14.1495744680851
2792,2023-03-28,14.99,14.65,14.99,14.57,15.12,149137.0,219784000.0,15.22,14.96,15.083499999999976,14.94,13.51,49.06,0.24,0.32,-0.08,通宇通讯,计算机、通信和其他电子设备制造业,主板,15.162500000000083,15.096250000000007,14.96833333333336,15.004375,14.220851063829782
2792,2023-03-29,14.59,15.41,15.58,14.58,14.65,304446.0,464735000.0,15.21,15.04,15.115499999999978,14.86,13.59,55.92,0.27,0.31,-0.04,通宇通讯,计算机、通信和其他电子设备制造业,主板,15.120000000000083,15.167500000000008,14.987500000000026,15.03,14.30765957446808
2792,2023-03-30,15.56,14.85,15.61,14.63,15.41,247428.0,371280000.0,15.07,15.1,15.092999999999979,14.82,13.66,50.52,0.22,0.29,-0.07,通宇通讯,计算机、通信和其他电子设备制造业,主板,15.007500000000082,15.156250000000007,14.990000000000025,14.986249999999998,14.375744680851058
2792,2023-03-31,14.85,15.18,15.24,14.46,14.85,191417.0,287094000.0,15.04,15.14,15.070999999999978,14.84,13.74,53.38,0.22,0.28,-0.06,通宇通讯,计算机、通信和其他电子设备制造业,主板,15.02250000000008,15.192500000000008,15.040000000000026,14.985,14.450425531914888
2792,2023-04-03,15.12,15.78,15.78,15.05,15.18,338155.0,524690000.0,15.17,15.22,15.064499999999976,14.89,13.82,58.12,0.26,0.28,-0.02,通宇通讯,计算机、通信和其他电子设备制造业,主板,15.30500000000008,15.233750000000006,15.165833333333358,15.0525,14.536808510638291
2792,2023-04-04,15.65,15.66,15.9,15.42,15.78,308291.0,482571000.0,15.38,15.3,15.097499999999977,14.94,13.9,56.87,0.28,0.28,0.0,通宇通讯,计算机、通信和其他电子设备制造业,主板,15.367500000000081,15.243750000000007,15.23416666666669,15.0825,14.620425531914886
2792,2023-04-06,15.5,15.9,16.1,15.45,15.66,316954.0,501663000.0,15.47,15.34,15.114999999999975,14.99,13.98,58.77,0.31,0.28,0.03,通宇通讯,计算机、通信和其他电子设备制造业,主板,15.630000000000082,15.318750000000007,15.314166666666692,15.149999999999999,14.707446808510632
2792,2023-04-07,16.14,15.67,16.14,15.41,15.9,194191.0,304307000.0,15.64,15.35,15.138499999999976,15.06,14.06,56.22,0.32,0.29,0.03,通宇通讯,计算机、通信和其他电子设备制造业,主板,15.752500000000081,15.387500000000006,15.379166666666691,15.218124999999999,14.789787234042546
2792,2023-04-10,15.67,15.12,15.76,15.05,15.67,160532.0,246720000.0,15.63,15.33,15.159499999999976,15.1,14.12,50.55,0.26,0.28,-0.02,通宇通讯,计算机、通信和其他电子设备制造业,主板,15.58750000000008,15.446250000000006,15.351666666666693,15.271249999999997,14.85361702127659
2792,2023-04-11,15.1,15.2,15.32,14.81,15.12,114563.0,172708000.0,15.51,15.34,15.160499999999976,15.15,14.19,51.32,0.23,0.27,-0.04,通宇通讯,计算机、通信和其他电子设备制造业,主板,15.472500000000082,15.420000000000005,15.320000000000023,15.293749999999998,14.919999999999993
2792,2023-04-12,15.1,15.61,15.67,14.94,15.2,167583.0,259280000.0,15.5,15.44,15.199999999999978,15.2,14.27,55.17,0.24,0.27,-0.03,通宇通讯,计算机、通信和其他电子设备制造业,主板,15.400000000000082,15.515000000000004,15.345833333333355,15.335624999999997,14.992553191489353
2792,2023-04-13,15.6,14.64,15.6,14.58,15.61,216953.0,324077000.0,15.25,15.36,15.202999999999978,15.2,14.33,45.92,0.16,0.25,-0.09,通宇通讯,计算机、通信和其他电子设备制造业,主板,15.14250000000008,15.447500000000005,15.305833333333354,15.319999999999997,15.037234042553184
2792,2023-04-14,14.65,15.63,16.1,14.65,14.64,371533.0,583803000.0,15.24,15.44,15.270999999999978,15.21,14.41,54.33,0.18,0.23,-0.05,通宇通讯,计算机、通信和其他电子设备制造业,主板,15.27000000000008,15.428750000000004,15.387500000000019,15.331249999999997,15.076382978723398
2792,2023-04-17,15.65,15.01,15.72,14.9,15.63,226193.0,341677000.0,15.22,15.42,15.27949999999998,15.19,14.47,49.17,0.14,0.21,-0.07,通宇通讯,计算机、通信和其他电子设备制造业,主板,15.222500000000078,15.347500000000004,15.354166666666686,15.295624999999996,15.083829787234036
2792,2023-04-18,14.9,16.51,16.51,14.9,15.01,443455.0,726052000.0,15.48,15.5,15.35799999999998,15.21,14.55,59.25,0.23,0.22,0.01,通宇通讯,计算机、通信和其他电子设备制造业,主板,15.44750000000008,15.423750000000002,15.49250000000002,15.371249999999996,15.11893617021276
2792,2023-04-19,17.06,16.65,17.63,16.61,16.51,731398.0,1257660000.0,15.69,15.59,15.445999999999978,15.26,14.64,60.05,0.31,0.24,0.07,通宇通讯,计算机、通信和其他电子设备制造业,主板,15.950000000000077,15.546250000000002,15.615000000000018,15.466874999999995,15.15361702127659
2792,2023-04-20,16.83,17.12,17.45,16.78,16.65,483517.0,824943000.0,16.18,15.72,15.52949999999998,15.32,14.73,62.69,0.4,0.27,0.13,通宇通讯,计算机、通信和其他电子设备制造业,主板,16.32250000000008,15.79625,15.726666666666686,15.621249999999995,15.20297872340425
2792,2023-04-21,16.81,17.53,18.61,16.51,17.12,598912.0,1058490000.0,16.56,15.9,15.626999999999978,15.39,14.82,64.86,0.51,0.32,0.19,通宇通讯,计算机、通信和其他电子设备制造业,主板,16.95250000000008,16.087500000000002,15.88250000000002,15.753749999999995,15.2295744680851
2792,2023-04-24,17.27,19.28,19.28,17.27,17.53,557992.0,1038400000.0,17.42,16.32,15.82599999999998,15.55,14.95,72.3,0.72,0.4,0.32,通宇通讯,计算机、通信和其他电子设备制造业,主板,17.645000000000078,16.54625,16.164166666666684,16.030624999999993,15.258723404255313
2792,2023-04-25,19.58,18.75,20.26,18.34,19.28,674148.0,1293620000.0,17.87,16.67,16.00749999999998,15.66,15.07,67.63,0.84,0.49,0.35,通宇通讯,计算机、通信和其他电子设备制造业,主板,18.17000000000008,17.060000000000002,16.420833333333352,16.253749999999993,15.314680851063825
2792,2023-04-26,18.0,16.88,18.75,16.88,18.75,537430.0,945169000.0,17.91,16.8,16.11899999999998,15.73,15.15,54.31,0.77,0.54,0.23,通宇通讯,计算机、通信和其他电子设备制造业,主板,18.110000000000078,17.216250000000002,16.56750000000002,16.322499999999994,15.365106382978718
2792,2023-04-27,16.32,15.25,16.48,15.21,16.88,451870.0,710337000.0,17.54,16.86,16.11099999999998,15.76,15.2,45.84,0.58,0.55,0.03,通宇通讯,计算机、通信和其他电子设备制造业,主板,17.540000000000077,17.246250000000003,16.571666666666687,16.296874999999993,15.38361702127659
2792,2023-04-28,15.25,15.99,16.3,15.15,15.25,336364.0,535859000.0,17.23,16.9,16.167999999999978,15.81,15.27,49.68,0.48,0.54,-0.06,通宇通讯,计算机、通信和其他电子设备制造业,主板,16.717500000000076,17.181250000000006,16.603333333333353,16.302499999999995,15.42297872340425
2792,2023-05-04,15.99,15.69,16.17,15.44,15.99,227509.0,356393000.0,16.51,16.96,16.19349999999998,15.84,15.33,48.18,0.37,0.5,-0.13,通宇通讯,计算机、通信和其他电子设备制造业,主板,15.952500000000075,17.061250000000005,16.690833333333355,16.303749999999994,15.453829787234039
2792,2023-05-05,15.7,14.5,15.7,14.35,15.69,343577.0,507711000.0,15.66,16.76,16.12949999999998,15.83,15.36,42.71,0.2,0.44,-0.24,通宇通讯,计算机、通信和其他电子设备制造业,主板,15.357500000000076,16.733750000000004,16.59666666666669,16.264999999999993,15.470851063829782
2792,2023-05-08,14.53,14.68,14.82,14.13,14.5,204157.0,296829000.0,15.22,16.57,16.08049999999998,15.82,15.37,43.75,0.06,0.37,-0.31,通宇通讯,计算机、通信和其他电子设备制造业,主板,15.215000000000074,16.377500000000005,16.56916666666669,16.232499999999995,15.487446808510633
2792,2023-05-09,14.59,13.95,14.79,13.93,14.68,233992.0,335802000.0,14.96,16.25,15.98299999999998,15.77,15.36,40.53,-0.1,0.27,-0.37,通宇通讯,计算机、通信和其他电子设备制造业,主板,14.705000000000075,15.711250000000003,16.355833333333354,16.128749999999993,15.489999999999995
2792,2023-05-10,14.02,14.12,14.45,13.91,13.95,185691.0,262453000.0,14.59,15.91,15.905499999999979,15.72,15.35,41.61,-0.21,0.18,-0.39,通宇通讯,计算机、通信和其他电子设备制造业,主板,14.312500000000075,15.132500000000004,16.14500000000002,16.096249999999994,15.494255319148932
2792,2023-05-11,14.04,13.74,14.04,13.63,14.12,154335.0,213089000.0,14.2,15.36,15.836499999999978,15.67,15.33,39.87,-0.32,0.08,-0.4,通宇通讯,计算机、通信和其他电子设备制造业,主板,14.122500000000073,14.740000000000006,15.863333333333356,15.978124999999995,15.472340425531911
2792,2023-05-12,13.73,13.76,13.91,13.63,13.74,116281.0,160156000.0,14.05,14.86,15.764499999999979,15.62,15.31,40.01,-0.41,-0.02,-0.39,通宇通讯,计算机、通信和其他电子设备制造业,主板,13.892500000000075,14.553750000000004,15.549166666666688,15.899999999999995,15.439574468085103
2792,2023-05-15,13.81,13.69,13.91,13.28,13.76,141277.0,191211000.0,13.85,14.54,15.668499999999977,15.59,15.27,39.66,-0.48,-0.11,-0.37,通宇通讯,计算机、通信和其他电子设备制造业,主板,13.827500000000075,14.266250000000005,15.083333333333355,15.723749999999995,15.39851063829787
2792,2023-05-16,13.69,13.3,13.69,13.21,13.69,118871.0,158669000.0,13.72,14.34,15.601499999999978,15.52,15.19,37.66,-0.55,-0.2,-0.35,通宇通讯,计算机、通信和其他电子设备制造业,主板,13.622500000000075,13.967500000000005,14.62916666666669,15.514374999999996,15.342978723404253
2792,2023-05-17,13.21,13.53,13.53,13.17,13.3,107569.0,144546000.0,13.6,14.1,15.496499999999978,15.48,15.15,39.59,-0.59,-0.28,-0.31,通宇通讯,计算机、通信和其他电子设备制造业,主板,13.570000000000073,13.846250000000005,14.350000000000023,15.289999999999996,15.311702127659572
2792,2023-05-18,13.55,14.28,14.37,13.55,13.53,282012.0,397665000.0,13.71,13.96,15.459999999999976,15.45,15.14,45.52,-0.55,-0.33,-0.22,通宇通讯,计算机、通信和其他电子设备制造业,主板,13.700000000000072,13.796250000000004,14.26916666666669,15.086874999999994,15.284680851063827
2792,2023-05-19,14.09,14.01,14.15,13.84,14.28,176428.0,246565000.0,13.76,13.91,15.334999999999976,15.39,15.14,43.85,-0.55,-0.38,-0.17,通宇通讯,计算机、通信和其他电子设备制造业,主板,13.780000000000072,13.803750000000004,14.104166666666687,14.757499999999993,15.259361702127656
2792,2023-05-22,14.0,13.76,14.0,13.61,14.01,104823.0,143767000.0,13.78,13.81,15.190499999999977,15.32,15.13,42.3,-0.55,-0.41,-0.14,通宇通讯,计算机、通信和其他电子设备制造业,主板,13.895000000000074,13.758750000000004,13.943333333333355,14.445624999999993,15.239361702127654
2792,2023-05-23,13.76,13.45,13.78,13.42,13.76,96481.8,130770000.0,13.81,13.76,15.006999999999977,15.24,15.12,40.4,-0.56,-0.44,-0.12,通宇通讯,计算机、通信和其他电子设备制造业,主板,13.875000000000075,13.722500000000005,13.855833333333353,14.231249999999992,15.20255319148936
2792,2023-05-24,13.45,13.96,13.97,13.43,13.45,166161.0,229344000.0,13.89,13.75,14.828499999999973,15.19,15.12,44.8,-0.54,-0.46,-0.08,通宇通讯,计算机、通信和其他电子设备制造业,主板,13.795000000000073,13.747500000000004,13.795833333333354,14.150624999999993,15.184255319148933
2792,2023-05-25,13.96,14.08,14.44,13.61,13.96,165434.0,231554000.0,13.85,13.78,14.568499999999972,15.15,15.13,45.81,-0.49,-0.47,-0.02,通宇通讯,计算机、通信和其他电子设备制造业,主板,13.812500000000073,13.796250000000004,13.806666666666688,14.031249999999993,15.173617021276593
2792,2023-05-26,13.91,14.3,14.35,13.91,14.08,186887.0,265285000.0,13.91,13.84,14.345999999999972,15.12,15.13,47.7,-0.44,-0.46,0.02,通宇通讯,计算机、通信和其他电子设备制造业,主板,13.947500000000074,13.921250000000004,13.821666666666689,13.944374999999994,15.174255319148932
2792,2023-05-29,14.34,14.43,14.71,14.22,14.3,200886.0,291436000.0,14.04,13.91,14.223499999999973,15.08,15.14,48.84,-0.38,-0.44,0.06,通宇通讯,计算机、通信和其他电子设备制造业,主板,14.192500000000074,14.033750000000005,13.87916666666669,13.939999999999994,15.165531914893611
2792,2023-05-30,14.45,14.84,14.88,14.19,14.43,205566.0,299135000.0,14.32,14.06,14.202999999999971,15.09,15.14,52.36,-0.3,-0.42,0.12,通宇通讯,计算机、通信和其他电子设备制造业,主板,14.412500000000074,14.103750000000005,13.96916666666669,13.949999999999994,15.163404255319143
2792,2023-05-31,14.9,14.72,14.96,14.55,14.84,163530.0,240446000.0,14.47,14.18,14.139499999999973,15.06,15.13,51.25,-0.24,-0.38,0.14,通宇通讯,计算机、通信和其他电子设备制造业,主板,14.572500000000076,14.192500000000004,14.055000000000023,13.998124999999995,15.159787234042549
2792,2023-06-01,14.64,15.01,15.01,14.53,14.72,219574.0,325349000.0,14.66,14.26,14.105499999999973,15.06,15.12,53.8,-0.17,-0.34,0.17,通宇通讯,计算机、通信和其他电子设备制造业,主板,14.750000000000078,14.348750000000004,14.197500000000021,14.053749999999994,15.150425531914888
2792,2023-06-02,14.9,14.95,15.33,14.81,15.01,178045.0,268185000.0,14.79,14.35,14.127999999999972,15.01,15.11,53.18,-0.11,-0.29,0.18,通宇通讯,计算机、通信和其他电子设备制造业,主板,14.880000000000079,14.536250000000004,14.315833333333353,14.129374999999992,15.137021276595739
2792,2023-06-05,15.04,15.68,15.79,15.02,14.95,291210.0,452121000.0,15.04,14.54,14.177999999999972,14.97,15.12,59.33,-0.01,-0.24,0.23,通宇通讯,计算机、通信和其他电子设备制造业,主板,15.090000000000078,14.751250000000002,14.43250000000002,14.249374999999993,15.145106382978717
2792,2023-06-06,15.48,14.91,15.58,14.85,15.68,220232.0,335170000.0,15.05,14.69,14.225999999999974,14.9,15.11,51.63,0.01,-0.19,0.2,通宇通讯,计算机、通信和其他电子设备制造业,主板,15.137500000000077,14.855000000000002,14.507500000000022,14.325624999999993,15.140638297872334
2792,2023-06-07,15.13,15.4,15.65,14.85,14.91,220845.0,338347000.0,15.19,14.83,14.289999999999973,14.83,15.11,55.58,0.06,-0.14,0.2,通宇通讯,计算机、通信和其他电子设备制造业,主板,15.23500000000008,14.992500000000001,14.64416666666669,14.456874999999993,15.156595744680844
2792,2023-06-08,15.25,15.25,15.48,14.96,15.4,141596.0,215008000.0,15.24,14.95,14.365499999999972,14.7,15.12,54.12,0.09,-0.09,0.18,通宇通讯,计算机、通信和其他电子设备制造业,主板,15.310000000000077,15.094999999999999,14.79416666666669,14.564374999999993,15.153191489361696
2792,2023-06-09,15.38,16.12,16.76,15.15,15.25,368446.0,587739000.0,15.47,15.13,14.483499999999973,14.61,15.14,60.58,0.17,-0.04,0.21,通宇通讯,计算机、通信和其他电子设备制造业,主板,15.420000000000078,15.254999999999999,14.97416666666669,14.679374999999993,15.18021276595744
2792,2023-06-12,16.21,16.24,16.69,16.1,16.12,331620.0,542909000.0,15.58,15.31,14.610999999999972,14.59,15.16,61.38,0.25,0.02,0.23,通宇通讯,计算机、通信和其他电子设备制造业,主板,15.75250000000008,15.445,15.15416666666669,14.818749999999994,15.202765957446804
2792,2023-06-13,16.02,16.19,16.44,15.87,16.24,225985.0,364867000.0,15.84,15.45,14.755499999999973,14.62,15.19,60.82,0.32,0.08,0.24,通宇通讯,计算机、通信和其他电子设备制造业,主板,15.95000000000008,15.5925,15.311666666666689,14.970624999999995,15.211489361702125
2792,2023-06-14,16.15,17.17,17.23,16.06,16.19,387998.0,651366000.0,16.19,15.69,14.937499999999975,14.66,15.24,67.14,0.43,0.15,0.28,通宇通讯,计算机、通信和其他电子设备制造业,主板,16.430000000000078,15.87,15.54000000000002,15.203124999999996,15.243617021276592
2792,2023-06-15,17.07,16.67,17.6,16.55,17.17,374174.0,636858000.0,16.48,15.86,15.056999999999977,14.69,15.27,61.68,0.48,0.22,0.26,通宇通讯,计算机、通信和其他电子设备制造业,主板,16.567500000000077,15.993749999999999,15.692500000000022,15.372499999999997,15.259999999999996
2792,2023-06-16,16.37,16.97,17.08,16.1,16.67,270904.0,452906000.0,16.65,16.06,15.204999999999979,14.77,15.3,63.59,0.53,0.28,0.25,通宇通讯,计算机、通信和其他电子设备制造业,主板,16.750000000000078,16.25125,15.880000000000022,15.553124999999996,15.287659574468082
2792,2023-06-19,16.84,17.36,17.43,16.62,16.97,324141.0,553271000.0,16.87,16.23,15.38499999999998,14.86,15.34,65.97,0.6,0.34,0.26,通宇通讯,计算机、通信和其他电子设备制造业,主板,17.04250000000008,16.49625,16.075833333333353,15.744374999999994,15.335319148936168
2792,2023-06-20,17.2,17.19,17.33,16.93,17.36,221039.0,378137000.0,17.07,16.46,15.57199999999998,14.97,15.37,64.01,0.63,0.4,0.23,通宇通讯,计算机、通信和其他电子设备制造业,主板,17.047500000000078,16.73875,16.26250000000002,15.916874999999994,15.377659574468083
2792,2023-06-21,17.29,16.72,17.35,16.41,17.19,197872.0,332923000.0,16.98,16.59,15.709999999999983,15.06,15.39,58.8,0.62,0.44,0.18,通宇通讯,计算机、通信和其他电子设备制造业,主板,17.060000000000077,16.81375,16.349166666666687,16.034374999999994,15.40127659574468
2792,2023-06-26,16.36,15.8,16.79,15.77,16.72,231827.0,374643000.0,16.81,16.64,15.795999999999983,15.12,15.4,50.19,0.52,0.46,0.06,通宇通讯,计算机、通信和其他电子设备制造业,主板,16.767500000000076,16.75875,16.423333333333357,16.101874999999993,15.425957446808507
2792,2023-06-27,15.93,17.38,17.38,15.83,15.8,341892.0,584866000.0,16.89,16.77,15.949999999999983,15.25,15.43,60.8,0.57,0.48,0.09,通宇通讯,计算机、通信和其他电子设备制造业,主板,16.772500000000075,16.9075,16.588333333333356,16.249999999999993,15.4631914893617
2792,2023-06-28,17.38,18.32,19.12,17.1,17.38,751658.0,1356930000.0,17.08,16.98,16.144499999999983,15.4,15.5,65.51,0.67,0.52,0.15,通宇通讯,计算机、通信和其他电子设备制造业,主板,17.055000000000078,17.051249999999996,16.844166666666688,16.460624999999993,15.533617021276594
2792,2023-06-29,17.52,17.81,18.1,17.26,18.32,505244.0,890604000.0,17.21,17.14,16.292999999999985,15.55,15.54,61.21,0.71,0.56,0.15,通宇通讯,计算机、通信和其他电子设备制造业,主板,17.32750000000008,17.193749999999994,16.98500000000002,16.593749999999993,15.561276595744678
2792,2023-06-30,17.59,18.82,19.59,17.5,17.81,556201.0,1026380000.0,17.63,17.3,16.497999999999983,15.73,15.6,65.98,0.8,0.61,0.19,通宇通讯,计算机、通信和其他电子设备制造业,主板,18.082500000000078,17.424999999999994,17.20000000000002,16.83812499999999,15.607446808510637
2792,2023-07-03,18.67,18.17,18.78,17.8,18.82,350983.0,639033000.0,18.1,17.45,16.655999999999985,15.86,15.65,60.8,0.82,0.65,0.17,通宇通讯,计算机、通信和其他电子设备制造业,主板,18.28000000000008,17.52624999999999,17.36500000000002,17.011249999999993,15.629787234042551
2792,2023-07-04,17.88,18.06,18.15,17.58,18.17,265837.0,475041000.0,18.24,17.56,16.811499999999985,15.99,15.69,59.95,0.81,0.68,0.13,通宇通讯,计算机、通信和其他电子设备制造业,主板,18.21500000000008,17.63499999999999,17.439166666666683,17.186874999999993,15.641063829787232
2792,2023-07-05,17.86,17.2,17.87,17.08,18.06,257479.0,448538000.0,18.01,17.55,16.88749999999998,16.11,15.72,53.59,0.73,0.69,0.04,通宇通讯,计算机、通信和其他电子设备制造业,主板,18.06250000000008,17.69499999999999,17.48333333333335,17.254374999999992,15.596808510638297
2792,2023-07-06,16.89,17.07,17.58,16.8,17.2,195861.0,338179000.0,17.86,17.54,16.995499999999982,16.23,15.73,52.68,0.65,0.68,-0.03,通宇通讯,计算机、通信和其他电子设备制造业,主板,17.625000000000085,17.853749999999987,17.49166666666668,17.30624999999999,15.561063829787233
2792,2023-07-07,16.97,16.56,17.38,16.25,17.07,198128.0,330678000.0,17.41,17.52,17.053499999999982,16.31,15.75,49.16,0.54,0.65,-0.11,通宇通讯,计算机、通信和其他电子设备制造业,主板,17.222500000000085,17.751249999999988,17.425000000000015,17.32937499999999,15.554255319148934
2792,2023-07-10,16.81,16.55,16.87,16.24,16.56,126530.0,207933000.0,17.09,17.59,17.118499999999983,16.4,15.77,49.09,0.44,0.61,-0.17,通宇通讯,计算机、通信和其他电子设备制造业,主板,16.845000000000084,17.52999999999999,17.371666666666684,17.29062499999999,15.58191489361702
2792,2023-07-11,16.56,16.68,16.9,16.46,16.55,133157.0,222339000.0,16.81,17.52,17.146499999999982,16.47,15.8,50.07,0.37,0.56,-0.19,通宇通讯,计算机、通信和其他电子设备制造业,主板,16.715000000000085,17.38874999999999,17.36833333333335,17.29124999999999,15.596595744680847
2792,2023-07-12,16.63,15.8,16.92,15.77,16.68,223491.0,363509000.0,16.53,17.27,17.124499999999983,16.52,15.8,43.88,0.25,0.5,-0.25,通宇通讯,计算机、通信和其他电子设备制造业,主板,16.397500000000086,17.011249999999993,17.36833333333335,17.218124999999993,15.598936170212761
2792,2023-07-13,15.81,15.99,16.09,15.7,15.8,149506.0,237924000.0,16.32,17.09,17.114499999999985,16.56,15.82,45.45,0.15,0.43,-0.28,通宇通讯,计算机、通信和其他电子设备制造业,主板,16.255000000000084,16.738749999999996,17.25250000000002,17.132499999999993,15.630638297872336
2792,2023-07-14,16.04,16.24,16.44,16.0,15.99,133767.0,217750000.0,16.25,16.83,17.067999999999984,16.61,15.83,47.53,0.1,0.36,-0.26,通宇通讯,计算机、通信和其他电子设备制造业,主板,16.177500000000084,16.511249999999997,17.079166666666687,17.073124999999994,15.66382978723404
2792,2023-07-17,16.23,16.21,16.44,16.02,16.24,89382.9,144941000.0,16.18,16.64,17.04499999999998,16.65,15.85,47.3,0.06,0.3,-0.24,通宇通讯,计算机、通信和其他电子设备制造业,主板,16.06000000000008,16.3875,16.945833333333354,17.04124999999999,15.711914893617017
2792,2023-07-18,16.18,15.77,16.2,15.7,16.21,107802.0,171228000.0,16.0,16.41,16.984999999999978,16.68,15.84,43.9,-0.01,0.24,-0.25,通宇通讯,计算机、通信和其他电子设备制造业,主板,16.05250000000008,16.225,16.691666666666688,17.03937499999999,15.74702127659574
2792,2023-07-19,15.7,15.54,15.86,15.46,15.77,84253.9,131459000.0,15.95,16.24,16.89399999999998,16.67,15.82,42.19,-0.09,0.17,-0.26,通宇通讯,计算机、通信和其他电子设备制造业,主板,15.940000000000078,16.0975,16.47250000000002,16.92437499999999,15.785319148936164
2792,2023-07-20,15.6,14.97,15.62,14.93,15.54,106257.0,161360000.0,15.75,16.03,16.78299999999998,16.67,15.79,38.23,-0.18,0.1,-0.28,通宇通讯,计算机、通信和其他电子设备制造业,主板,15.62250000000008,15.9,16.21500000000002,16.714999999999993,15.81106382978723
2792,2023-07-21,15.03,14.8,15.1,14.67,14.97,67283.5,100074000.0,15.46,15.86,16.686999999999983,16.65,15.74,37.11,-0.28,0.03,-0.31,通宇通讯,计算机、通信和其他电子设备制造业,主板,15.27000000000008,15.665,16.015000000000022,16.526874999999993,15.834680851063823
2792,2023-07-24,14.73,14.91,15.1,14.71,14.8,55156.8,82338100.0,15.2,15.69,16.642499999999984,16.64,15.67,38.36,-0.34,-0.05,-0.29,通宇通讯,计算机、通信和其他电子设备制造业,主板,15.055000000000081,15.553749999999999,15.835000000000022,16.282499999999995,15.86893617021276
2792,2023-07-25,15.08,15.16,15.22,14.88,14.91,71913.0,108715000.0,15.08,15.54,16.531499999999987,16.61,15.61,41.24,-0.36,-0.11,-0.25,通宇通讯,计算机、通信和其他电子设备制造业,主板,14.96000000000008,15.450000000000001,15.718333333333355,16.094374999999996,15.90361702127659
2792,2023-07-26,15.11,14.82,15.17,14.75,15.16,61900.1,91969200.0,14.93,15.44,16.356499999999986,16.56,15.57,38.6,-0.4,-0.17,-0.23,通宇通讯,计算机、通信和其他电子设备制造业,主板,14.922500000000081,15.272500000000003,15.574166666666686,15.891874999999995,15.915106382978719
2792,2023-07-27,14.84,14.58,14.92,14.55,14.82,55361.1,81401300.0,14.85,15.3,16.194999999999986,16.51,15.56,36.81,-0.45,-0.22,-0.23,通宇通讯,计算机、通信和其他电子设备制造业,主板,14.867500000000081,15.068750000000001,15.399166666666687,15.728124999999995,15.927234042553188
2792,2023-07-28,14.58,14.68,14.72,14.42,14.58,50632.2,73969200.0,14.83,15.14,15.987999999999985,16.43,15.54,38.1,-0.47,-0.27,-0.2,通宇通讯,计算机、通信和其他电子设备制造业,主板,14.81000000000008,14.932500000000003,15.305833333333354,15.578749999999996,15.946808510638293
2792,2023-07-31,14.68,14.88,14.95,14.56,14.68,52068.1,77296200.0,14.82,15.01,15.823499999999985,16.37,15.53,40.7,-0.47,-0.31,-0.16,通宇通讯,计算机、通信和其他电子设备制造业,主板,14.74000000000008,14.850000000000005,15.213333333333352,15.473749999999995,15.977234042553185
2792,2023-08-01,14.78,14.83,14.96,14.56,14.88,62580.5,92274400.0,14.76,14.92,15.661999999999983,16.3,15.53,40.25,-0.46,-0.34,-0.12,通宇通讯,计算机、通信和其他电子设备制造业,主板,14.74250000000008,14.832500000000007,15.095833333333353,15.366249999999994,15.995744680851057
2792,2023-08-02,14.89,14.94,15.04,14.71,14.83,62100.0,92493900.0,14.78,14.86,15.548999999999984,16.22,15.54,41.79,-0.44,-0.36,-0.08,通宇通讯,计算机、通信和其他电子设备制造业,主板,14.832500000000081,14.850000000000007,14.990000000000018,15.257499999999993,16.014042553191484
2792,2023-08-03,14.87,14.76,15.02,14.71,14.94,62423.2,92492700.0,14.82,14.84,15.433499999999984,16.13,15.55,39.97,-0.44,-0.38,-0.06,通宇通讯,计算机、通信和其他电子设备制造业,主板,14.852500000000083,14.831250000000008,14.90583333333335,15.192499999999992,16.02382978723404
2792,2023-08-04,14.65,15.09,15.09,14.65,14.76,94670.9,141719000.0,14.9,14.86,15.359999999999982,16.08,15.57,44.73,-0.41,-0.38,-0.03,通宇通讯,计算机、通信和其他电子设备制造业,主板,14.905000000000081,14.822500000000009,14.868333333333352,15.13624999999999,16.03787234042553
2792,2023-08-07,15.1,15.35,15.45,15.09,15.09,120220.0,183972000.0,14.99,14.91,15.299999999999983,16.06,15.59,48.21,-0.36,-0.38,0.02,通宇通讯,计算机、通信和其他电子设备制造业,主板,15.035000000000082,14.888750000000009,14.900000000000018,15.08062499999999,16.048723404255316
2792,2023-08-08,15.34,15.54,15.63,15.19,15.35,118185.0,183084000.0,15.14,14.95,15.242999999999984,16.0,15.62,50.65,-0.3,-0.36,0.06,通宇通讯,计算机、通信和其他电子设备制造业,主板,15.18500000000008,15.008750000000008,14.961666666666682,15.038749999999991,16.066170212765954
2792,2023-08-09,15.46,14.95,15.46,14.94,15.54,81966.5,124149000.0,15.14,14.96,15.200499999999982,15.89,15.65,43.75,-0.3,-0.35,0.05,通宇通讯,计算机、通信和其他电子设备制造业,主板,15.232500000000082,15.042500000000008,14.965000000000016,14.98749999999999,16.064893617021273
2792,2023-08-10,14.85,14.91,15.03,14.74,14.95,43396.8,64666900.0,15.17,14.99,15.146499999999984,15.79,15.67,43.31,-0.29,-0.34,0.05,通宇通讯,计算机、通信和其他电子设备制造业,主板,15.187500000000082,15.046250000000008,14.944166666666682,14.94812499999999,16.064042553191484
2792,2023-08-11,14.94,14.41,14.98,14.39,14.91,69361.5,101567000.0,15.03,14.97,15.054999999999984,15.65,15.69,38.24,-0.32,-0.33,0.01,通宇通讯,计算机、通信和其他电子设备制造业,主板,14.95250000000008,14.993750000000007,14.910000000000016,14.91312499999999,16.03702127659574
2792,2023-08-14,14.38,14.63,14.63,14.24,14.41,41605.2,60150400.0,14.89,14.94,14.975999999999985,15.53,15.69,41.49,-0.33,-0.33,0.0,通宇通讯,计算机、通信和其他电子设备制造业,主板,14.725000000000081,14.955000000000009,14.91416666666668,14.90249999999999,16.03106382978723
2792,2023-08-15,14.73,14.43,14.87,14.34,14.63,43515.1,63418000.0,14.67,14.9,14.908999999999986,15.41,15.7,39.46,-0.34,-0.34,0.0,通宇通讯,计算机、通信和其他电子设备制造业,主板,14.59500000000008,14.91375000000001,14.893333333333347,14.87249999999999,16.01042553191489
2792,2023-08-16,14.38,14.03,14.41,14.0,14.43,61532.1,87101100.0,14.48,14.81,14.833499999999983,15.3,15.7,35.69,-0.38,-0.34,-0.04,通宇通讯,计算机、通信和其他电子设备制造业,主板,14.375000000000082,14.781250000000007,14.822500000000014,14.80187499999999,15.984468085106379
2792,2023-08-17,14.09,14.3,14.38,13.86,14.03,51468.9,73061200.0,14.36,14.76,14.799999999999983,15.21,15.72,39.86,-0.39,-0.35,-0.04,通宇通讯,计算机、通信和其他电子设备制造业,主板,14.347500000000082,14.65000000000001,14.778333333333348,14.769374999999991,15.945744680851057
2792,2023-08-18,14.28,13.86,14.38,13.83,14.3,56493.0,79626100.0,14.25,14.64,14.752999999999982,15.12,15.72,35.79,-0.43,-0.37,-0.06,通宇通讯,计算机、通信和其他电子设备制造业,主板,14.155000000000081,14.440000000000008,14.688333333333347,14.72437499999999,15.895106382978717
2792,2023-08-21,13.84,14.09,14.33,13.81,13.86,54662.0,77411000.0,14.14,14.51,14.71199999999998,15.04,15.72,39.28,-0.44,-0.38,-0.06,通宇通讯,计算机、通信和其他电子设备制造业,主板,14.07000000000008,14.332500000000008,14.632500000000014,14.68749999999999,15.850425531914887
2792,2023-08-22,14.11,14.53,14.56,14.09,14.09,81798.2,117480000.0,14.16,14.41,14.680499999999977,14.97,15.72,45.4,-0.4,-0.39,-0.01,通宇通讯,计算机、通信和其他电子设备制造业,主板,14.195000000000078,14.285000000000007,14.585833333333348,14.66562499999999,15.79425531914893
2792,2023-08-23,14.36,13.92,14.36,13.84,14.53,79973.2,112066000.0,14.14,14.31,14.635499999999979,14.9,15.71,39.46,-0.41,-0.39,-0.02,通宇通讯,计算机、通信和其他电子设备制造业,主板,14.10000000000008,14.223750000000006,14.466666666666681,14.608749999999988,15.735744680851058
2792,2023-08-24,13.98,13.85,14.11,13.7,13.92,58534.6,81478100.0,14.05,14.21,14.59899999999998,14.83,15.7,38.84,-0.43,-0.4,-0.03,通宇通讯,计算机、通信和其他电子设备制造业,主板,14.097500000000078,14.126250000000006,14.325833333333348,14.540624999999988,15.669361702127652
2792,2023-08-25,13.7,13.3,13.72,13.18,13.85,71460.0,96011800.0,13.94,14.09,14.529999999999982,14.73,15.67,34.23,-0.47,-0.41,-0.06,通宇通讯,计算机、通信和其他电子设备制造业,主板,13.900000000000077,13.985000000000007,14.188333333333349,14.44937499999999,15.582978723404247
2792,2023-08-28,13.98,13.61,14.13,13.58,13.3,70874.6,97956500.0,13.84,13.99,14.466499999999982,14.65,15.65,38.65,-0.49,-0.43,-0.06,通宇通讯,计算机、通信和其他电子设备制造业,主板,13.670000000000076,13.932500000000006,14.080000000000014,14.35687499999999,15.506808510638288
2792,2023-08-29,13.53,14.16,14.25,13.53,13.61,71355.2,99739900.0,13.77,13.96,14.432999999999984,14.59,15.64,45.62,-0.44,-0.43,-0.01,通宇通讯,计算机、通信和其他电子设备制造业,主板,13.730000000000075,13.915000000000006,14.059166666666682,14.28249999999999,15.452340425531904
2792,2023-08-30,14.35,14.72,14.85,14.2,14.16,120345.0,175780000.0,13.93,14.03,14.421999999999986,14.57,15.62,51.65,-0.36,-0.42,0.06,通宇通讯,计算机、通信和其他电子设备制造业,主板,13.947500000000074,14.022500000000006,14.066666666666682,14.23124999999999,15.429361702127652
2792,2023-08-31,14.54,14.57,14.75,14.47,14.72,59156.2,86343300.0,14.07,14.06,14.412499999999985,14.55,15.61,50.05,-0.3,-0.39,0.09,通宇通讯,计算机、通信和其他电子设备制造业,主板,14.265000000000075,14.082500000000007,14.078333333333347,14.20749999999999,15.3695744680851
2792,2023-09-01,14.5,14.37,14.6,14.27,14.57,44776.0,64447400.0,14.29,14.11,14.376499999999988,14.54,15.6,47.92,-0.27,-0.37,0.1,通宇通讯,计算机、通信和其他电子设备制造业,主板,14.455000000000076,14.062500000000007,14.106666666666682,14.173749999999991,15.285531914893609
2792,2023-09-04,14.5,14.82,14.85,14.38,14.37,81954.8,120000000.0,14.53,14.18,14.349999999999985,14.54,15.59,52.79,-0.2,-0.33,0.13,通宇通讯,计算机、通信和其他电子设备制造业,主板,14.620000000000076,14.175000000000006,14.150000000000013,14.199374999999991,15.221914893617015
2792,2023-09-05,14.93,14.9,15.11,14.74,14.82,107288.0,160050000.0,14.68,14.22,14.317999999999984,14.53,15.57,53.63,-0.15,-0.3,0.15,通宇通讯,计算机、通信和其他电子设备制造业,主板,14.665000000000077,14.306250000000006,14.236666666666679,14.216249999999992,15.138510638297864
2792,2023-09-06,14.75,15.2,15.23,14.69,14.9,125571.0,189297000.0,14.77,14.35,14.330499999999983,14.54,15.55,56.7,-0.07,-0.25,0.18,通宇通讯,计算机、通信和其他电子设备制造业,主板,14.822500000000078,14.543750000000005,14.329166666666678,14.26437499999999,15.075319148936165
2792,2023-09-07,15.19,14.79,15.2,14.77,15.2,88598.1,132694000.0,14.82,14.44,14.324499999999983,14.55,15.53,51.66,-0.05,-0.21,0.16,通宇通讯,计算机、通信和其他电子设备制造业,主板,14.927500000000078,14.691250000000005,14.350833333333343,14.31187499999999,15.005744680851059
2792,2023-09-08,14.8,15.34,15.41,14.72,14.79,126339.0,191070000.0,15.01,14.65,14.370999999999981,14.57,15.5,57.16,0.01,-0.17,0.18,通宇通讯,计算机、通信和其他电子设备制造业,主板,15.057500000000077,14.838750000000005,14.469166666666679,14.37687499999999,14.966170212765952
2792,2023-09-11,15.41,16.3,16.59,15.23,15.34,317876.0,505314000.0,15.31,14.92,14.454499999999982,14.62,15.49,64.72,0.14,-0.11,0.25,通宇通讯,计算机、通信和其他电子设备制造业,主板,15.407500000000079,15.036250000000006,14.673333333333346,14.529374999999991,14.949787234042546
2792,2023-09-12,16.0,16.12,16.37,15.85,16.3,212259.0,342738000.0,15.55,15.11,14.538999999999982,14.66,15.48,62.49,0.23,-0.04,0.27,通宇通讯,计算机、通信和其他电子设备制造业,主板,15.637500000000077,15.230000000000008,14.908333333333346,14.656249999999991,14.940425531914887
2792,2023-09-13,15.95,16.91,17.71,15.22,16.12,439228.0,714500000.0,15.89,15.33,14.682999999999984,14.73,15.47,67.74,0.35,0.04,0.31,通宇通讯,计算机、通信和其他电子设备制造业,主板,16.167500000000075,15.547500000000007,15.183333333333346,14.80499999999999,14.948085106382972
2792,2023-09-14,18.6,18.6,18.6,17.89,16.91,376931.0,698620000.0,16.65,15.74,14.897999999999985,14.85,15.49,75.6,0.58,0.15,0.43,通宇通讯,计算机、通信和其他电子设备制造业,主板,16.982500000000073,16.020000000000007,15.553333333333347,15.097499999999991,14.988936170212762
2792,2023-09-15,18.6,17.13,19.14,17.13,18.6,692751.0,1264330000.0,17.01,16.01,15.061499999999985,14.92,15.5,61.55,0.64,0.25,0.39,通宇通讯,计算机、通信和其他电子设备制造业,主板,17.190000000000072,16.298750000000005,15.754166666666679,15.302499999999993,15.017234042553188
2792,2023-09-18,16.5,15.96,16.98,15.93,17.13,468853.0,770654000.0,16.94,16.12,15.154999999999983,14.94,15.5,53.09,0.58,0.31,0.27,通宇通讯,计算机、通信和其他电子设备制造业,主板,17.15000000000007,16.393750000000008,15.870000000000013,15.468749999999993,15.016595744680847
2792,2023-09-19,16.51,16.29,17.22,16.22,15.96,439840.0,733858000.0,16.98,16.26,15.242999999999986,14.97,15.48,54.97,0.55,0.36,0.19,通宇通讯,计算机、通信和其他电子设备制造业,主板,16.99500000000007,16.581250000000008,16.030000000000012,15.636249999999993,15.01765957446808
2792,2023-09-20,15.87,15.64,16.43,15.64,16.29,318187.0,506395000.0,16.72,16.31,15.328999999999985,14.99,15.44,50.67,0.48,0.38,0.1,通宇通讯,计算机、通信和其他电子设备制造业,主板,16.255000000000067,16.61875000000001,16.098333333333347,15.728749999999993,15.005531914893613
2792,2023-09-21,15.5,15.9,16.31,15.42,15.64,284322.0,453728000.0,16.18,16.42,15.431499999999982,15.02,15.41,52.28,0.43,0.39,0.04,通宇通讯,计算机、通信和其他电子设备制造业,主板,15.947500000000069,16.56875000000001,16.181666666666683,15.802499999999993,15.008297872340421
2792,2023-09-22,15.85,16.45,16.45,15.75,15.9,317829.0,515547000.0,16.05,16.53,15.58899999999998,15.09,15.37,55.58,0.44,0.4,0.04,通宇通讯,计算机、通信和其他电子设备制造业,主板,16.07000000000007,16.610000000000007,16.285833333333347,15.919999999999995,15.027659574468082
2792,2023-09-25,16.4,16.57,16.85,16.24,16.45,303718.0,502193000.0,16.17,16.56,15.73699999999998,15.16,15.34,56.29,0.44,0.41,0.03,通宇通讯,计算机、通信和其他电子设备制造业,主板,16.14000000000007,16.567500000000006,16.43416666666668,16.057499999999994,15.061702127659572
2792,2023-09-26,16.21,15.86,16.34,15.85,16.57,231762.0,371704000.0,16.08,16.53,15.82199999999998,15.2,15.31,51.08,0.39,0.41,-0.02,通宇通讯,计算机、通信和其他电子设备制造业,主板,16.19500000000007,16.225000000000005,16.477500000000013,16.122499999999995,15.084255319148934
2792,2023-09-27,15.86,15.4,15.89,15.37,15.86,182966.0,284221000.0,16.04,16.38,15.855999999999977,15.25,15.28,47.99,0.3,0.38,-0.08,通宇通讯,计算机、通信和其他电子设备制造业,主板,16.07000000000007,16.008750000000006,16.402500000000014,16.153749999999995,15.094680851063828
2792,2023-09-28,15.5,16.33,16.48,15.46,15.4,258083.0,414088000.0,16.12,16.15,15.943999999999978,15.32,15.26,54.05,0.3,0.37,-0.07,通宇通讯,计算机、通信和其他电子设备制造业,主板,16.04000000000007,16.055000000000003,16.420000000000012,16.224374999999995,15.119574468085107
2792,2023-10-09,16.88,17.11,17.53,16.43,16.33,350531.0,594117000.0,16.25,16.15,16.080999999999978,15.42,15.27,58.43,0.36,0.37,-0.01,通宇通讯,计算机、通信和其他电子设备制造业,主板,16.175000000000068,16.157500000000002,16.436666666666678,16.369374999999994,15.168297872340425
2792,2023-10-10,17.1,17.23,17.48,16.94,17.11,267204.0,460321000.0,16.39,16.28,16.201499999999978,15.53,15.28,59.08,0.42,0.38,0.04,通宇通讯,计算机、通信和其他电子设备制造业,主板,16.51750000000007,16.356250000000003,16.322500000000012,16.487499999999997,15.224680851063829
2792,2023-10-11,17.3,18.95,18.95,17.15,17.23,472521.0,863548000.0,17.0,16.54,16.40399999999998,15.68,15.32,67.0,0.6,0.42,0.18,通宇通讯,计算机、通信和其他电子设备制造业,主板,17.40500000000007,16.7375,16.47416666666668,16.653124999999996,15.315531914893619
2792,2023-10-12,19.31,18.74,20.23,18.06,18.95,726781.0,1376000000.0,17.67,16.85,16.58099999999998,15.84,15.37,65.33,0.71,0.48,0.23,通宇通讯,计算机、通信和其他电子设备制造业,主板,18.007500000000068,17.023750000000003,16.705833333333345,16.816874999999996,15.397659574468086
2792,2023-10-13,18.78,20.61,20.61,18.59,18.74,573633.0,1140870000.0,18.53,17.32,16.87199999999998,16.06,15.45,72.0,0.93,0.57,0.36,通宇通讯,计算机、通信和其他电子设备制造业,主板,18.882500000000068,17.528750000000002,17.065833333333348,17.048124999999995,15.520638297872342
2792,2023-10-16,21.3,20.99,22.67,20.6,20.61,914451.0,1989570000.0,19.3,17.78,17.15449999999998,16.32,15.53,73.13,1.13,0.68,0.45,通宇通讯,计算机、通信和其他电子设备制造业,主板,19.822500000000066,18.17,17.51166666666668,17.197499999999994,15.64936170212766
2792,2023-10-17,18.89,19.28,20.2,18.89,20.99,614071.0,1199850000.0,19.71,18.05,17.303499999999982,16.51,15.58,61.16,1.14,0.77,0.37,通宇通讯,计算机、通信和其他电子设备制造业,主板,19.905000000000065,18.655,17.793333333333347,17.331874999999997,15.745531914893617
2792,2023-10-18,19.28,19.0,19.35,18.27,19.28,443692.0,835628000.0,19.72,18.36,17.447499999999984,16.67,15.63,59.45,1.12,0.84,0.28,通宇通讯,计算机、通信和其他电子设备制造业,主板,19.970000000000066,18.988750000000003,18.005833333333346,17.521874999999998,15.828723404255317
2792,2023-10-19,18.7,17.96,19.5,17.89,19.0,465829.0,862069000.0,19.57,18.62,17.49999999999998,16.78,15.67,53.45,1.0,0.87,0.13,通宇通讯,计算机、通信和其他电子设备制造业,主板,19.307500000000065,19.095000000000006,18.12166666666668,17.626249999999995,15.884255319148934
2792,2023-10-20,17.6,17.5,18.48,17.48,17.96,299833.0,534343000.0,18.95,18.74,17.44499999999998,16.88,15.71,51.0,0.86,0.87,-0.01,通宇通讯,计算机、通信和其他电子设备制造业,主板,18.435000000000066,19.128750000000007,18.25833333333335,17.742499999999996,15.92595744680851
2792,2023-10-23,18.0,19.25,19.25,18.0,17.5,131194.0,249096000.0,18.6,18.95,17.55099999999998,17.04,15.79,58.75,0.88,0.87,0.01,通宇通讯,计算机、通信和其他电子设备制造业,主板,18.427500000000066,19.16625000000001,18.579166666666683,17.951874999999998,16.017446808510638
2792,2023-10-24,20.26,19.18,20.48,19.02,19.25,624230.0,1227670000.0,18.58,19.15,17.711999999999982,17.18,15.86,58.35,0.87,0.87,0.0,通宇通讯,计算机、通信和其他电子设备制造业,主板,18.472500000000068,19.22125000000001,18.81666666666668,18.1225,16.108297872340422
2792,2023-10-25,18.98,19.8,20.24,18.66,19.18,523082.0,1021750000.0,18.74,19.23,17.88749999999998,17.35,15.94,60.88,0.91,0.88,0.03,通宇通讯,计算机、通信和其他电子设备制造业,主板,18.93250000000007,19.12000000000001,19.04083333333335,18.324375,16.222978723404253
2792,2023-10-26,19.24,20.77,21.6,19.24,19.8,589617.0,1207310000.0,19.3,19.43,18.14399999999998,17.53,16.04,64.5,1.01,0.91,0.1,通宇通讯,计算机、通信和其他电子设备制造业,主板,19.750000000000068,19.092500000000012,19.33583333333335,18.631249999999998,16.353617021276595
2792,2023-10-27,20.28,20.08,20.57,19.51,20.77,367060.0,734194000.0,19.82,19.38,18.35299999999998,17.71,16.13,60.23,1.02,0.93,0.09,通宇通讯,计算机、通信和其他电子设备制造业,主板,19.957500000000067,19.192500000000013,19.430000000000017,18.92375,16.473829787234042
2792,2023-10-30,19.5,20.0,20.07,18.98,20.08,314244.0,611297000.0,19.97,19.28,18.530499999999982,17.86,16.22,59.73,1.01,0.95,0.06,通宇通讯,计算机、通信和其他电子设备制造业,主板,20.162500000000065,19.317500000000013,19.535000000000014,19.153125,16.600851063829786
2792,2023-10-31,19.95,19.05,19.97,18.7,20.0,296789.0,573469000.0,19.94,19.26,18.65449999999998,17.96,16.29,54.06,0.92,0.94,-0.02,通宇通讯,计算机、通信和其他电子设备制造业,主板,19.975000000000065,19.453750000000014,19.405000000000015,19.274375,16.701914893617023
2792,2023-11-01,19.01,18.53,19.37,18.4,19.05,234436.0,439085000.0,19.69,19.21,18.787999999999982,18.04,16.35,51.19,0.78,0.91,-0.13,通宇通讯,计算机、通信和其他电子设备制造业,主板,19.415000000000067,19.582500000000014,19.200000000000014,19.355624999999996,16.80127659574468
2792,2023-11-02,18.45,17.73,18.58,17.68,18.53,271710.0,488534000.0,19.08,19.19,18.904499999999985,18.06,16.39,47.06,0.61,0.85,-0.24,通宇通讯,计算机、通信和其他电子设备制造业,主板,18.827500000000068,19.392500000000013,19.070833333333347,19.279374999999998,16.878723404255318
2792,2023-11-03,17.85,17.89,18.06,17.51,17.73,194278.0,346735000.0,18.64,19.23,18.982499999999984,18.04,16.45,47.96,0.48,0.77,-0.29,通宇通讯,计算机、通信和其他电子设备制造业,主板,18.300000000000068,19.23125000000001,18.97833333333335,19.226249999999997,16.950212765957446
2792,2023-11-06,18.08,18.51,18.56,17.8,17.89,240566.0,438539000.0,18.34,19.15,19.052499999999984,18.09,16.5,51.43,0.43,0.71,-0.28,通宇通讯,计算机、通信和其他电子设备制造业,主板,18.16500000000007,19.070000000000007,19.02416666666668,19.094999999999995,17.04787234042553
2792,2023-11-07,18.4,18.86,18.94,18.22,18.51,258758.0,481343000.0,18.3,19.12,19.133999999999983,18.18,16.56,53.32,0.4,0.64,-0.24,通宇通讯,计算机、通信和其他电子设备制造业,主板,18.24750000000007,18.831250000000008,19.137500000000014,18.961874999999996,17.154468085106384
2792,2023-11-08,18.66,18.6,18.86,18.23,18.86,249745.0,463378000.0,18.32,19.0,19.116499999999984,18.26,16.61,51.71,0.37,0.59,-0.22,通宇通讯,计算机、通信和其他电子设备制造业,主板,18.46500000000007,18.64625000000001,19.083333333333346,18.919374999999995,17.26723404255319
2792,2023-11-09,18.46,18.33,18.78,18.21,18.6,165560.0,304515000.0,18.44,18.76,19.095999999999982,18.35,16.67,50.02,0.31,0.53,-0.22,通宇通讯,计算机、通信和其他电子设备制造业,主板,18.57500000000007,18.437500000000007,19.012500000000014,18.877499999999994,17.367659574468085
2792,2023-11-10,18.39,18.03,18.49,17.99,18.33,145507.0,264436000.0,18.47,18.55,18.966999999999985,18.42,16.72,48.14,0.23,0.47,-0.24,通宇通讯,计算机、通信和其他电子设备制造业,主板,18.45500000000007,18.310000000000006,18.865000000000013,18.881874999999997,17.450000000000003
2792,2023-11-13,18.1,18.65,18.68,18.08,18.03,203898.0,376456000.0,18.49,18.42,18.849999999999984,18.49,16.79,52.14,0.22,0.42,-0.2,通宇通讯,计算机、通信和其他电子设备制造业,主板,18.40250000000007,18.325000000000006,18.688333333333343,18.953749999999996,17.533617021276598
2792,2023-11-14,18.69,19.3,19.3,18.6,18.65,304297.0,581901000.0,18.58,18.44,18.85099999999998,18.58,16.87,55.98,0.26,0.39,-0.13,通宇通讯,计算机、通信和其他电子设备制造业,主板,18.57750000000007,18.52125000000001,18.623333333333346,18.956874999999997,17.634255319148934
2792,2023-11-15,19.48,19.16,19.54,18.86,19.3,213567.0,407720000.0,18.69,18.51,18.858999999999984,18.69,16.95,54.96,0.28,0.37,-0.09,通宇通讯,计算机、通信和其他电子设备制造业,主板,18.78500000000007,18.680000000000007,18.553333333333345,18.955624999999998,17.736170212765956
2792,2023-11-16,19.1,19.0,19.28,18.91,19.16,146059.0,278686000.0,18.83,18.63,18.910999999999984,18.81,17.03,53.75,0.28,0.35,-0.07,通宇通讯,计算机、通信和其他电子设备制造业,主板,19.02750000000007,18.741250000000008,18.549166666666675,18.905624999999997,17.82510638297872
2792,2023-11-17,19.03,19.03,19.06,18.6,19.0,150961.0,284310000.0,19.03,18.75,18.987499999999983,18.9,17.11,53.96,0.28,0.34,-0.06,通宇通讯,计算机、通信和其他电子设备制造业,主板,19.122500000000073,18.76250000000001,18.590833333333343,18.796875,17.91297872340425
2792,2023-11-20,19.03,18.71,19.04,18.56,19.03,145787.0,273004000.0,19.04,18.77,18.960499999999982,18.96,17.19,51.35,0.25,0.32,-0.07,通宇通讯,计算机、通信和其他电子设备制造业,主板,18.975000000000076,18.77625000000001,18.67250000000001,18.71125,17.987659574468083
2792,2023-11-21,18.84,19.47,19.83,18.8,18.71,390867.0,755436000.0,19.07,18.83,18.97499999999998,19.03,17.28,56.7,0.28,0.31,-0.03,通宇通讯,计算机、通信和其他电子设备制造业,主板,19.052500000000077,18.91875000000001,18.804166666666678,18.678125,18.087234042553188
2792,2023-11-22,19.13,18.5,19.13,18.15,19.47,232322.0,435433000.0,18.94,18.82,18.90999999999998,19.02,17.35,49.25,0.22,0.29,-0.07,通宇通讯,计算机、通信和其他电子设备制造业,主板,18.927500000000077,18.97750000000001,18.803333333333345,18.64375,18.15446808510638
2792,2023-11-23,18.58,18.1,18.62,17.8,18.5,169133.0,306350000.0,18.76,18.8,18.77649999999998,19.0,17.42,46.54,0.15,0.26,-0.11,通宇通讯,计算机、通信和其他电子设备制造业,主板,18.69500000000008,18.90875000000001,18.740000000000013,18.616875,18.192765957446806
2792,2023-11-24,18.4,17.72,18.52,17.56,18.1,148725.0,266061000.0,18.5,18.76,18.658499999999982,18.9,17.48,44.06,0.06,0.22,-0.16,通宇通讯,计算机、通信和其他电子设备制造业,主板,18.447500000000076,18.711250000000007,18.666666666666682,18.61625,18.226808510638296
2792,2023-11-27,17.54,17.88,17.93,17.46,17.72,107318.0,190374000.0,18.33,18.69,18.552499999999984,18.8,17.56,45.38,-0.01,0.18,-0.19,通宇通讯,计算机、通信和其他电子设备制造业,主板,18.050000000000075,18.551250000000007,18.62916666666668,18.615625,18.247446808510638
2792,2023-11-28,17.87,17.25,18.02,17.03,17.88,189715.0,329571000.0,17.89,18.48,18.462499999999984,18.73,17.62,41.25,-0.11,0.12,-0.23,通宇通讯,计算机、通信和其他电子设备制造业,主板,17.737500000000075,18.332500000000007,18.564166666666683,18.536875000000002,18.218723404255318
2792,2023-11-29,17.16,17.25,17.38,17.02,17.25,94384.6,162734000.0,17.64,18.29,18.398499999999984,18.67,17.67,41.25,-0.17,0.06,-0.23,通宇通讯,计算机、通信和其他电子设备制造业,主板,17.525000000000077,18.110000000000007,18.447500000000016,18.43625,18.22127659574468
2792,2023-11-30,17.37,17.33,17.45,16.97,17.25,101950.0,175631000.0,17.49,18.12,18.37849999999998,18.65,17.71,42.02,-0.23,0.0,-0.23,通宇通讯,计算机、通信和其他电子设备制造业,主板,17.427500000000077,17.937500000000004,18.283333333333346,18.356875,18.250425531914892
2792,2023-12-01,17.16,18.01,18.06,17.16,17.33,192633.0,343395000.0,17.54,18.02,18.38449999999998,18.67,17.77,48.29,-0.21,-0.04,-0.17,通宇通讯,计算机、通信和其他电子设备制造业,主板,17.46000000000008,17.755000000000003,18.18750000000001,18.336875,18.287021276595745
2792,2023-12-04,17.94,17.74,18.09,17.59,18.01,137887.0,244857000.0,17.52,17.92,18.345999999999982,18.62,17.83,46.15,-0.22,-0.08,-0.14,通宇通讯,计算机、通信和其他电子设备制造业,主板,17.582500000000078,17.660000000000004,18.082500000000014,18.31875,18.331702127659575
2792,2023-12-05,17.66,16.94,17.66,16.94,17.74,134115.0,230609000.0,17.45,17.67,18.249999999999982,18.54,17.86,40.45,-0.28,-0.12,-0.16,通宇通讯,计算机、通信和其他电子设备制造业,主板,17.505000000000077,17.515000000000004,17.908333333333346,18.211875000000003,18.353829787234044
2792,2023-12-06,16.85,16.74,16.95,16.6,16.94,99919.7,167263000.0,17.35,17.5,18.156999999999982,18.44,17.89,39.15,-0.35,-0.16,-0.19,通宇通讯,计算机、通信和其他电子设备制造业,主板,17.357500000000076,17.392500000000005,17.74416666666668,18.051875000000003,18.360000000000003
2792,2023-12-07,16.71,16.9,17.08,16.62,16.74,89094.0,150643000.0,17.27,17.38,18.085499999999982,18.31,17.92,40.79,-0.38,-0.21,-0.17,通宇通讯,计算机、通信和其他电子设备制造业,主板,17.080000000000073,17.270000000000007,17.530000000000012,17.910625,18.367021276595743
2792,2023-12-08,16.83,17.3,17.46,16.83,16.9,135875.0,234790000.0,17.12,17.33,18.048999999999985,18.22,17.96,44.8,-0.37,-0.24,-0.13,通宇通讯,计算机、通信和其他电子设备制造业,主板,16.970000000000073,17.276250000000008,17.430000000000014,17.804375,18.397659574468083
2792,2023-12-11,17.35,17.18,17.35,16.77,17.3,113277.0,192400000.0,17.01,17.26,17.975499999999986,18.12,17.99,43.84,-0.37,-0.27,-0.1,通宇通讯,计算机、通信和其他电子设备制造业,主板,17.030000000000072,17.26750000000001,17.35333333333335,17.68875,18.435531914893616
2792,2023-12-12,17.25,17.29,17.56,17.17,17.18,84528.4,146486000.0,17.08,17.27,17.874999999999986,18.06,18.01,45.01,-0.35,-0.28,-0.07,通宇通讯,计算机、通信和其他电子设备制造业,主板,17.16750000000007,17.26250000000001,17.317500000000013,17.6,18.455957446808508
2792,2023-12-13,17.25,16.93,17.38,16.92,17.29,72318.8,123202000.0,17.12,17.24,17.763499999999986,18.01,18.02,41.95,-0.36,-0.3,-0.06,通宇通讯,计算机、通信和其他电子设备制造业,主板,17.175000000000068,17.127500000000012,17.238333333333347,17.441250000000004,18.45212765957446
2792,2023-12-14,17.06,16.94,17.3,16.91,16.93,73302.0,125399000.0,17.13,17.2,17.660499999999985,17.98,18.02,42.06,-0.37,-0.31,-0.06,通宇通讯,计算机、通信和其他电子设备制造业,主板,17.08500000000007,17.02750000000001,17.212500000000016,17.343750000000004,18.445957446808507
2792,2023-12-15,16.94,16.63,17.06,16.6,16.94,81360.9,135953000.0,16.99,17.06,17.540499999999987,17.94,17.99,39.39,-0.4,-0.33,-0.07,通宇通讯,计算机、通信和其他电子设备制造业,主板,16.94750000000007,16.98875000000001,17.160833333333347,17.251875000000002,18.396595744680845
2792,2023-12-18,16.58,16.35,16.66,16.3,16.63,63529.8,104548000.0,16.83,16.92,17.42249999999999,17.87,17.98,37.1,-0.44,-0.35,-0.09,通宇通讯,计算机、通信和其他电子设备制造业,主板,16.71250000000007,16.94000000000001,17.07916666666668,17.166250000000005,18.34574468085106
2792,2023-12-19,16.31,16.44,16.47,16.17,16.35,54123.0,88426100.0,16.66,16.87,17.270999999999987,17.79,17.99,38.34,-0.45,-0.37,-0.08,通宇通讯,计算机、通信和其他电子设备制造业,主板,16.590000000000067,16.882500000000007,16.94833333333335,17.076250000000005,18.25702127659574
2792,2023-12-20,16.44,16.03,16.53,16.0,16.44,62954.6,102093000.0,16.48,16.8,17.147499999999987,17.7,17.98,34.96,-0.49,-0.4,-0.09,通宇通讯,计算机、通信和其他电子设备制造业,主板,16.362500000000068,16.723750000000006,16.805833333333347,17.000000000000007,18.151489361702122
2792,2023-12-21,16.01,16.22,16.41,15.8,16.03,68320.5,109899000.0,16.33,16.73,17.053499999999985,17.63,17.99,37.7,-0.5,-0.42,-0.08,通宇通讯,计算机、通信和其他电子设备制造业,主板,16.26000000000007,16.603750000000005,16.745833333333348,16.93562500000001,18.0863829787234
2792,2023-12-22,16.2,15.93,16.38,15.86,16.22,61546.8,99164300.0,16.19,16.59,16.963999999999988,17.56,17.99,35.26,-0.53,-0.44,-0.09,通宇通讯,计算机、通信和其他电子设备制造业,主板,16.155000000000072,16.433750000000007,16.678333333333345,16.84812500000001,18.02106382978723
2792,2023-12-25,16.06,15.98,16.14,15.77,15.93,42026.0,66909300.0,16.12,16.47,16.86899999999999,17.48,17.98,36.03,-0.53,-0.46,-0.07,通宇通讯,计算机、通信和其他电子设备制造业,主板,16.040000000000074,16.315000000000005,16.601666666666677,16.721250000000012,17.978936170212762
2792,2023-12-26,16.1,15.61,16.11,15.54,15.98,47525.0,74641200.0,15.95,16.31,16.78699999999999,17.35,17.97,32.91,-0.57,-0.48,-0.09,通宇通讯,计算机、通信和其他电子设备制造业,主板,15.935000000000073,16.148750000000007,16.460833333333344,16.588125000000012,17.938723404255313
2792,2023-12-27,15.67,16.18,16.25,15.62,15.61,76254.0,122026000.0,15.98,16.23,16.73349999999999,17.25,17.97,41.34,-0.54,-0.49,-0.05,通宇通讯,计算机、通信和其他电子设备制造业,主板,15.925000000000075,16.09250000000001,16.377500000000012,16.540625000000013,17.873404255319144
2792,2023-12-28,16.17,16.37,16.5,15.98,16.18,76573.0,124846000.0,16.01,16.17,16.68549999999999,17.16,17.99,43.87,-0.5,-0.49,-0.01,通宇通讯,计算机、通信和其他电子设备制造业,主板,16.035000000000075,16.09500000000001,16.300833333333347,16.517500000000013,17.813617021276592
2792,2023-12-29,16.37,16.76,16.79,16.21,16.37,82284.6,137066000.0,16.18,16.19,16.62299999999999,17.09,18.0,48.76,-0.43,-0.48,0.05,通宇通讯,计算机、通信和其他电子设备制造业,主板,16.230000000000075,16.13500000000001,16.28666666666668,16.508750000000013,17.74893617021276
2792,2024-01-02,16.67,16.59,16.9,16.56,16.76,72767.5,121154000.0,16.3,16.21,16.56549999999999,17.02,17.99,46.84,-0.38,-0.46,0.08,通宇通讯,计算机、通信和其他电子设备制造业,主板,16.475000000000076,16.20500000000001,16.25750000000001,16.46437500000001,17.659999999999997
2792,2024-01-03,16.55,16.42,16.6,16.23,16.59,59135.0,96926600.0,16.46,16.21,16.53949999999999,16.92,17.97,44.94,-0.36,-0.44,0.08,通宇通讯,计算机、通信和其他电子设备制造业,主板,16.535000000000075,16.230000000000008,16.240000000000013,16.41687500000001,17.582127659574464
2792,2024-01-04,16.53,16.47,16.73,16.31,16.42,70687.3,116952000.0,16.52,16.25,16.52599999999999,16.85,17.93,45.64,-0.33,-0.42,0.09,通宇通讯,计算机、通信和其他电子设备制造业,主板,16.560000000000073,16.297500000000007,16.250000000000014,16.365625000000012,17.50702127659574
2792,2024-01-05,16.48,15.81,16.49,15.71,16.47,79043.3,126665000.0,16.41,16.21,16.47149999999999,16.77,17.88,38.67,-0.36,-0.41,0.05,通宇通讯,计算机、通信和其他电子设备制造业,主板,16.322500000000073,16.276250000000008,16.197500000000016,16.295625000000012,17.438085106382974
2792,2024-01-08,15.88,15.38,15.88,15.38,15.81,52416.9,81491300.0,16.13,16.16,16.375499999999988,16.7,17.8,34.92,-0.41,-0.41,0.0,通宇通讯,计算机、通信和其他电子设备制造业,主板,16.02000000000007,16.24750000000001,16.14333333333335,16.19812500000001,17.37106382978723
2792,2024-01-09,15.42,15.39,15.7,15.31,15.38,45655.1,70728700.0,15.89,16.1,16.285999999999987,16.61,17.7,35.08,-0.44,-0.41,-0.03,通宇通讯,计算机、通信和其他电子设备制造业,主板,15.76250000000007,16.148750000000007,16.07416666666668,16.12062500000001,17.321276595744678
2792,2024-01-10,15.37,15.06,15.39,14.88,15.39,44658.8,67529100.0,15.62,16.04,16.174499999999988,16.54,17.63,32.3,-0.48,-0.43,-0.05,通宇通讯,计算机、通信和其他电子设备制造业,主板,15.410000000000071,15.985000000000007,16.001666666666683,16.04000000000001,17.26106382978723
2792,2024-01-11,15.09,15.54,15.59,14.98,15.06,60610.9,93403300.0,15.44,15.98,16.104999999999986,16.48,17.58,39.77,-0.48,-0.44,-0.04,通宇通讯,计算机、通信和其他电子设备制造业,主板,15.342500000000072,15.832500000000005,15.965000000000016,15.983750000000011,17.197872340425526
2792,2024-01-12,15.45,15.26,15.57,15.2,15.54,47802.0,73350100.0,15.33,15.87,16.020999999999987,16.41,17.53,37.19,-0.49,-0.45,-0.04,通宇通讯,计算机、通信和其他电子设备制造业,主板,15.312500000000073,15.666250000000005,15.935833333333349,15.93562500000001,17.121276595744675
2792,2024-01-15,15.25,15.25,15.4,15.09,15.26,28783.0,43899700.0,15.3,15.72,15.951999999999988,16.32,17.49,37.1,-0.49,-0.46,-0.03,通宇通讯,计算机、通信和其他电子设备制造业,主板,15.277500000000071,15.520000000000005,15.858333333333348,15.875000000000009,17.049999999999994
2792,2024-01-16,15.25,15.07,15.25,14.86,15.25,45325.5,67954600.0,15.24,15.56,15.887999999999986,16.23,17.42,35.39,-0.51,-0.47,-0.04,通宇通讯,计算机、通信和其他电子设备制造业,主板,15.280000000000072,15.345000000000006,15.750000000000014,15.82125000000001,16.980638297872336
2792,2024-01-17,15.16,14.73,15.16,14.73,15.07,36997.9,55292000.0,15.17,15.4,15.802499999999986,16.16,17.35,32.37,-0.54,-0.48,-0.06,通宇通讯,计算机、通信和其他电子设备制造业,主板,15.077500000000073,15.210000000000004,15.580833333333347,15.743125000000012,16.91042553191489
2792,2024-01-18,14.71,14.88,14.9,14.39,14.73,65737.5,96198700.0,15.04,15.24,15.744999999999987,16.1,17.27,35.01,-0.55,-0.5,-0.05,通宇通讯,计算机、通信和其他电子设备制造业,主板,14.982500000000075,15.147500000000004,15.438333333333347,15.697500000000012,16.83021276595744
2792,2024-01-19,14.89,14.59,15.04,14.59,14.88,45139.7,66630300.0,14.9,15.12,15.663499999999988,16.02,17.16,32.38,-0.57,-0.51,-0.06,通宇通讯,计算机、通信和其他电子设备制造业,主板,14.817500000000074,15.047500000000005,15.285833333333349,15.59812500000001,16.729999999999997
2792,2024-01-22,14.59,13.74,14.75,13.61,14.59,74413.9,105446000.0,14.6,14.95,15.553999999999988,15.9,17.06,26.16,-0.64,-0.54,-0.1,通宇通讯,计算机、通信和其他电子设备制造业,主板,14.485000000000072,14.882500000000004,15.05833333333335,15.43375000000001,16.614680851063827
2792,2024-01-23,13.63,14.02,14.19,13.63,13.74,59290.7,82696200.0,14.39,14.81,15.455999999999985,15.8,16.96,30.87,-0.68,-0.57,-0.11,通宇通讯,计算机、通信和其他电子设备制造业,主板,14.307500000000072,14.692500000000006,14.909166666666684,15.26250000000001,16.508723404255317
2792,2024-01-24,14.05,14.15,14.2,13.53,14.02,64726.0,90056700.0,14.28,14.72,15.382999999999985,15.69,16.88,33.0,-0.69,-0.59,-0.1,通宇通讯,计算机、通信和其他电子设备制造业,主板,14.125000000000073,14.553750000000006,14.806666666666684,15.110000000000008,16.404893617021273
2792,2024-01-25,14.27,14.64,14.7,13.97,14.15,84619.7,122774000.0,14.23,14.63,15.305999999999983,15.61,16.81,40.47,-0.64,-0.6,-0.04,通宇通讯,计算机、通信和其他电子设备制造业,主板,14.137500000000074,14.477500000000006,14.744166666666686,14.998750000000008,16.31829787234042
2792,2024-01-26,14.55,14.41,14.74,14.38,14.64,65060.0,94639200.0,14.19,14.55,15.207999999999984,15.53,16.76,38.31,-0.62,-0.6,-0.02,通宇通讯,计算机、通信和其他电子设备制造业,主板,14.305000000000073,14.395000000000007,14.690000000000019,14.870000000000008,16.210638297872336
2792,2024-01-29,14.37,13.78,14.43,13.75,14.41,68294.8,95291500.0,14.2,14.4,15.058999999999983,15.44,16.69,33.1,-0.64,-0.61,-0.03,通宇通讯,计算机、通信和其他电子设备制造业,主板,14.245000000000072,14.276250000000006,14.543333333333353,14.743125000000008,16.110212765957442
2792,2024-01-30,13.65,13.25,13.94,13.21,13.78,52341.1,70852700.0,14.05,14.22,14.891999999999985,15.33,16.6,29.48,-0.7,-0.63,-0.07,通宇通讯,计算机、通信和其他电子设备制造业,主板,14.020000000000072,14.072500000000007,14.375833333333354,14.610000000000008,16.00702127659574
2792,2024-01-31,13.24,12.45,13.34,12.39,13.25,78935.6,101074000.0,13.71,13.99,14.693499999999982,15.2,16.49,25.02,-0.8,-0.66,-0.14,通宇通讯,计算机、通信和其他电子设备制造业,主板,13.472500000000071,13.805000000000007,14.14250000000002,14.426250000000007,15.894893617021271
2792,2024-02-01,12.37,12.5,12.86,12.15,12.45,76778.3,96152500.0,13.28,13.75,14.494999999999981,15.08,16.39,25.77,-0.86,-0.7,-0.16,通宇通讯,计算机、通信和其他电子设备制造业,主板,12.995000000000072,13.650000000000007,13.928333333333354,14.266250000000007,15.780425531914888
2792,2024-02-02,12.42,11.79,12.85,11.3,12.5,98644.6,118266000.0,12.75,13.47,14.293999999999983,14.93,16.28,22.33,-0.97,-0.76,-0.21,通宇通讯,计算机、通信和其他电子设备制造业,主板,12.497500000000072,13.371250000000009,13.683333333333353,14.031875000000007,15.66425531914893
2792,2024-02-05,11.65,10.61,11.7,10.61,11.79,100177.0,108751000.0,12.12,13.16,14.055499999999984,14.76,16.16,18.03,-1.12,-0.83,-0.29,通宇通讯,计算机、通信和其他电子设备制造业,主板,11.837500000000071,12.928750000000008,13.32750000000002,13.741250000000008,15.522978723404249
2792,2024-02-06,10.19,10.63,10.97,9.55,10.61,152380.0,154583000.0,11.6,12.82,13.817499999999985,14.58,16.03,18.31,-1.23,-0.91,-0.32,通宇通讯,计算机、通信和其他电子设备制造业,主板,11.382500000000071,12.427500000000007,12.997500000000018,13.452500000000008,15.380425531914886
2792,2024-02-07,10.5,10.25,10.91,9.99,10.63,165277.0,173146000.0,11.16,12.43,13.576999999999984,14.4,15.88,17.09,-1.34,-1.0,-0.34,通宇通讯,计算机、通信和其他电子设备制造业,主板,10.820000000000071,11.907500000000008,12.706666666666685,13.151250000000008,15.215319148936164
2792,2024-02-08,10.38,11.28,11.28,10.25,10.25,150673.0,162986000.0,10.91,12.1,13.363999999999981,14.24,15.74,30.65,-1.32,-1.06,-0.26,通宇通讯,计算机、通信和其他电子设备制造业,主板,10.692500000000072,11.595000000000008,12.478333333333351,12.935625000000009,15.077872340425523
2792,2024-02-19,11.7,12.41,12.41,11.61,11.28,151401.0,181259000.0,11.04,11.9,13.221499999999983,14.1,15.63,41.88,-1.2,-1.09,-0.11,通宇通讯,计算机、通信和其他电子设备制造业,主板,11.142500000000073,11.490000000000007,12.33333333333335,12.781250000000009,14.981489361702119
2792,2024-02-20,12.39,12.66,12.86,11.91,12.41,180272.0,223630000.0,11.45,11.78,13.091999999999985,13.97,15.53,44.03,-1.08,-1.09,0.01,通宇通讯,计算机、通信和其他电子设备制造业,主板,11.650000000000071,11.516250000000007,12.16833333333335,12.660625000000008,14.89468085106382
2792,2024-02-21,12.41,12.58,13.1,12.41,12.66,163479.0,208729000.0,11.84,11.72,12.967499999999983,13.83,15.43,43.48,-0.97,-1.06,0.09,通宇通讯,计算机、通信和其他电子设备制造业,主板,12.232500000000071,11.526250000000006,12.015833333333353,12.588125000000009,14.8027659574468
2792,2024-02-22,12.88,13.38,13.5,12.75,12.58,191059.0,251091000.0,12.46,11.81,12.899999999999983,13.73,15.32,50.25,-0.81,-1.01,0.2,通宇通讯,计算机、通信和其他电子设备制造业,主板,12.757500000000071,11.725000000000005,11.982500000000018,12.548125000000008,14.719361702127651
2792,2024-02-23,13.78,14.46,14.72,13.51,13.38,288901.0,410276000.0,13.1,12.0,12.878999999999982,13.66,15.26,57.63,-0.6,-0.93,0.33,通宇通讯,计算机、通信和其他电子设备制造业,主板,13.270000000000074,12.206250000000006,12.083333333333352,12.567500000000008,14.66148936170212
2792,2024-02-26,13.94,14.38,14.8,13.83,14.46,259137.0,371852000.0,13.49,12.26,12.868499999999983,13.62,15.2,56.96,-0.42,-0.83,0.41,通宇通讯,计算机、通信和其他电子设备制造业,主板,13.700000000000074,12.675000000000006,12.244166666666686,12.551250000000007,14.5995744680851
2792,2024-02-27,14.32,15.5,15.5,14.15,14.38,280364.0,417672000.0,14.06,12.75,12.956499999999982,13.62,15.16,63.41,-0.19,-0.7,0.51,通宇通讯,计算机、通信和其他电子设备制造业,主板,14.430000000000074,13.331250000000006,12.494166666666686,12.619375000000007,14.569148936170208
2792,2024-02-28,15.84,14.17,16.18,13.99,15.5,345263.0,528529000.0,14.38,13.11,12.963999999999984,13.58,15.1,53.21,-0.12,-0.58,0.46,通宇通讯,计算机、通信和其他电子设备制造业,主板,14.627500000000074,13.692500000000006,12.692500000000019,12.643750000000006,14.51021276595744
2792,2024-02-29,14.01,15.04,15.2,14.01,14.17,242532.0,359511000.0,14.71,13.59,13.008499999999987,13.58,15.06,57.97,0.01,-0.47,0.48,通宇通讯,计算机、通信和其他电子设备制造业,主板,14.772500000000074,14.021250000000006,13.061666666666687,12.755625000000006,14.476382978723397
2792,2024-03-01,15.0,15.2,15.35,14.89,15.04,185056.0,280037000.0,14.86,13.98,13.036499999999986,13.57,15.03,58.8,0.12,-0.35,0.47,通宇通讯,计算机、通信和其他电子设备制造业,主板,14.977500000000072,14.338750000000006,13.442500000000019,12.927500000000006,14.451914893617014
2792,2024-03-04,15.2,15.19,15.53,14.81,15.2,201414.0,305516000.0,15.02,14.26,13.075499999999986,13.57,14.99,58.72,0.22,-0.23,0.45,通宇通讯,计算机、通信和其他电子设备制造业,主板,14.900000000000073,14.665000000000008,13.854166666666686,13.095625000000005,14.425319148936163
2792,2024-03-05,14.91,14.96,15.35,14.83,15.19,158285.0,238911000.0,14.91,14.49,13.134499999999985,13.56,14.94,56.85,0.26,-0.14,0.4,通宇通讯,计算机、通信和其他电子设备制造业,主板,15.097500000000071,14.862500000000008,14.160833333333352,13.293750000000006,14.402553191489355
2792,2024-03-06,14.83,15.62,16.46,14.79,14.96,363572.0,572388000.0,15.2,14.79,13.252999999999986,13.58,14.9,60.72,0.34,-0.04,0.38,通宇通讯,计算机、通信和其他电子设备制造业,主板,15.242500000000073,15.007500000000007,14.428333333333354,13.606875000000006,14.389787234042547
2792,2024-03-07,15.71,15.0,15.78,14.89,15.62,232552.0,355215000.0,15.19,14.95,13.380499999999987,13.58,14.87,55.67,0.36,0.04,0.32,通宇通讯,计算机、通信和其他电子设备制造业,主板,15.19250000000007,15.085000000000008,14.623333333333354,13.880000000000006,14.369999999999996
2792,2024-03-08,15.12,15.74,16.18,15.12,15.0,263261.0,411375000.0,15.3,15.08,13.542499999999986,13.61,14.85,59.95,0.43,0.12,0.31,通宇通讯,计算机、通信和其他电子设备制造业,主板,15.33000000000007,15.115000000000009,14.886666666666686,14.223125000000007,14.364893617021272
2792,2024-03-11,15.44,15.74,15.79,15.32,15.74,169190.0,263216000.0,15.41,15.22,13.739999999999986,13.65,14.84,59.95,0.47,0.19,0.28,通宇通讯,计算机、通信和其他电子设备制造业,主板,15.525000000000068,15.31125000000001,15.083333333333355,14.501875000000007,14.36765957446808
2792,2024-03-12,15.7,15.57,15.78,15.38,15.74,129588.0,201472000.0,15.53,15.22,13.987999999999985,13.71,14.81,58.45,0.5,0.25,0.25,通宇通讯,计算机、通信和其他电子设备制造业,主板,15.512500000000069,15.377500000000012,15.175833333333353,14.699375000000007,14.354680851063826
2792,2024-03-13,15.57,15.51,15.75,15.42,15.57,136097.0,212395000.0,15.51,15.36,14.231999999999985,13.76,14.78,57.9,0.49,0.3,0.19,通宇通讯,计算机、通信和其他电子设备制造业,主板,15.640000000000068,15.41625000000001,15.27000000000002,14.877500000000007,14.336382978723401
2792,2024-03-14,15.45,15.62,16.22,15.23,15.51,185238.0,288787000.0,15.64,15.42,14.500499999999985,13.81,14.75,58.67,0.51,0.34,0.17,通宇通讯,计算机、通信和其他电子设备制造业,主板,15.610000000000069,15.47000000000001,15.28000000000002,15.067500000000006,14.312127659574465
2792,2024-03-15,15.69,16.11,16.28,15.2,15.62,249161.0,394858000.0,15.71,15.51,14.741999999999987,13.86,14.74,62.0,0.54,0.38,0.16,通宇通讯,计算机、通信和其他电子设备制造业,主板,15.702500000000066,15.613750000000007,15.44166666666669,15.238125000000007,14.301914893617017
2792,2024-03-18,16.0,16.1,16.12,15.86,16.11,206458.0,330372000.0,15.78,15.6,14.926499999999987,13.92,14.72,61.89,0.56,0.42,0.14,通宇通讯,计算机、通信和其他电子设备制造业,主板,15.835000000000067,15.673750000000005,15.530000000000022,15.340625000000008,14.295106382978721
2792,2024-03-19,16.11,16.58,16.73,15.9,16.1,264319.0,431654000.0,15.98,15.76,15.122499999999985,14.01,14.72,65.09,0.61,0.46,0.15,通宇通讯,计算机、通信和其他电子设备制造业,主板,16.102500000000067,15.871250000000003,15.645000000000024,15.47812500000001,14.297446808510637
2792,2024-03-20,16.5,17.29,17.38,16.4,16.58,333603.0,567412000.0,16.34,15.93,15.357999999999986,14.14,14.74,69.2,0.7,0.5,0.2,通宇通讯,计算机、通信和其他电子设备制造业,主板,16.520000000000067,16.065,15.820000000000023,15.59000000000001,14.328936170212764
2792,2024-03-21,17.11,16.83,17.14,16.7,17.29,205228.0,346364000.0,16.58,16.11,15.530499999999986,14.29,14.74,63.94,0.73,0.55,0.18,通宇通讯,计算机、通信和其他电子设备制造业,主板,16.700000000000067,16.20125,15.975833333333357,15.75625000000001,14.359787234042553
2792,2024-03-22,16.7,16.92,17.22,16.2,16.83,245178.0,410905000.0,16.74,16.23,15.653499999999989,14.44,14.76,64.51,0.74,0.59,0.15,通宇通讯,计算机、通信和其他电子设备制造业,主板,16.905000000000065,16.370000000000005,16.08416666666669,15.87375000000001,14.392340425531915
2792,2024-03-25,16.98,16.19,17.6,16.15,16.92,229649.0,389005000.0,16.76,16.27,15.74399999999999,14.58,14.76,56.71,0.69,0.61,0.08,通宇通讯,计算机、通信和其他电子设备制造业,主板,16.807500000000065,16.455000000000005,16.183333333333355,15.935625000000012,14.416382978723405
2792,2024-03-26,15.76,15.75,16.49,15.63,16.19,171979.0,274789000.0,16.6,16.29,15.756499999999988,14.76,14.76,52.58,0.61,0.61,0.0,通宇通讯,计算机、通信和其他电子设备制造业,主板,16.422500000000063,16.471250000000005,16.184166666666687,15.970625000000013,14.420851063829788
2792,2024-03-27,15.65,14.8,15.75,14.78,15.75,159405.0,241518000.0,16.1,16.22,15.787999999999988,14.89,14.74,44.97,0.46,0.58,-0.12,通宇通讯,计算机、通信和其他电子设备制造业,主板,15.915000000000063,16.307500000000005,16.105833333333354,15.960625000000013,14.411063829787235
2792,2024-03-28,14.95,16.28,16.28,14.95,14.8,240832.0,387436000.0,15.99,16.28,15.849999999999985,15.1,14.75,55.72,0.46,0.55,-0.09,通宇通讯,计算机、通信和其他电子设备制造业,主板,15.755000000000063,16.330000000000005,16.165000000000024,16.001875000000013,14.432978723404256
2792,2024-03-29,16.45,17.91,17.91,16.45,16.28,445643.0,763651000.0,16.19,16.46,15.985499999999988,15.32,14.78,64.05,0.58,0.56,0.02,通宇通讯,计算机、通信和其他电子设备制造业,主板,16.185000000000063,16.496250000000003,16.365000000000023,16.183750000000014,14.493404255319147
2792,2024-04-01,19.59,17.83,19.66,17.62,17.91,714490.0,1322550000.0,16.51,16.64,16.117499999999986,15.5,14.8,63.42,0.66,0.58,0.08,通宇通讯,计算机、通信和其他电子设备制造业,主板,16.705000000000062,16.563750000000002,16.54916666666669,16.314375000000013,14.559361702127658
2792,2024-04-02,17.62,17.44,18.28,17.12,17.83,481919.0,853685000.0,16.85,16.72,16.241499999999988,15.66,14.81,60.31,0.68,0.6,0.08,通宇通讯,计算机、通信和其他电子设备制造业,主板,17.365000000000062,16.64,16.66000000000002,16.420625000000012,14.613829787234042
2792,2024-04-03,17.02,16.65,17.39,16.39,17.44,303064.0,506340000.0,17.22,16.66,16.292999999999985,15.79,14.81,54.46,0.63,0.61,0.02,通宇通讯,计算机、通信和其他电子设备制造业,主板,17.45750000000006,16.606250000000003,16.705833333333356,16.48812500000001,14.657659574468084
2792,2024-04-08,16.5,17.37,17.83,16.5,16.65,351378.0,603066000.0,17.44,16.71,16.411499999999986,15.92,14.83,58.42,0.65,0.61,0.04,通宇通讯,计算机、通信和其他电子设备制造业,主板,17.322500000000062,16.753750000000004,16.77166666666669,16.60437500000001,14.734893617021276
2792,2024-04-09,17.0,16.4,17.1,16.0,17.37,284725.0,465828000.0,17.14,16.66,16.444499999999984,15.99,14.83,51.88,0.57,0.61,-0.04,通宇通讯,计算机、通信和其他电子设备制造业,主板,16.965000000000064,16.835000000000004,16.697500000000023,16.65312500000001,14.785531914893616
2792,2024-04-10,16.15,15.37,16.2,15.2,16.4,217242.0,337874000.0,16.65,16.58,16.425999999999984,16.02,14.82,46.0,0.43,0.57,-0.14,通宇通讯,计算机、通信和其他电子设备制造业,主板,16.447500000000066,16.906250000000004,16.57583333333336,16.60687500000001,14.811489361702128
2792,2024-04-11,15.1,15.29,15.77,15.01,15.37,142027.0,219698000.0,16.22,16.53,16.411999999999985,16.02,14.82,45.57,0.29,0.51,-0.22,通宇通讯,计算机、通信和其他电子设备制造业,主板,16.107500000000066,16.782500000000002,16.440000000000026,16.55625000000001,14.825319148936169
2792,2024-04-12,15.22,15.5,15.8,15.21,15.29,165578.0,257847000.0,15.99,16.6,16.411499999999986,16.06,14.82,46.98,0.21,0.45,-0.24,通宇通讯,计算机、通信和其他电子设备制造业,主板,15.640000000000065,16.481250000000003,16.382500000000025,16.48875000000001,14.848510638297872
2792,2024-04-15,15.27,14.46,15.43,14.2,15.5,199357.0,293561000.0,15.4,16.42,16.353499999999986,16.04,14.81,41.28,0.05,0.37,-0.32,通宇通讯,计算机、通信和其他电子设备制造业,主板,15.155000000000067,16.060000000000002,16.275000000000027,16.311875000000008,14.862978723404257
2792,2024-04-16,14.37,13.01,14.71,13.01,14.46,192967.0,258308000.0,14.73,15.93,16.198499999999985,15.97,14.77,34.92,-0.18,0.26,-0.44,通宇通讯,计算机、通信和其他电子设备制造业,主板,14.565000000000067,15.506250000000001,16.125833333333357,16.073125000000008,14.857872340425534
2792,2024-04-17,13.14,14.31,14.31,13.13,13.01,143618.0,200026000.0,14.51,15.58,16.108999999999984,15.94,14.75,43.35,-0.26,0.16,-0.42,通宇通讯,计算机、通信和其他电子设备制造业,主板,14.320000000000066,15.213750000000001,15.961666666666693,15.910000000000007,14.897446808510637
2792,2024-04-18,14.41,14.51,14.85,14.28,14.31,213448.0,310748000.0,14.36,15.29,16.005499999999984,15.92,14.74,44.54,-0.31,0.06,-0.37,通宇通讯,计算机、通信和其他电子设备制造业,主板,14.072500000000066,14.85625,15.678333333333358,15.805000000000007,14.940212765957446
2792,2024-04-19,14.41,14.16,14.59,14.05,14.51,120286.0,171638000.0,14.09,15.04,15.848999999999984,15.87,14.72,42.84,-0.36,-0.02,-0.34,通宇通讯,计算机、通信和其他电子设备制造业,主板,13.997500000000064,14.576249999999998,15.372500000000025,15.705625000000008,14.990638297872339
2792,2024-04-22,13.8,13.85,13.95,13.02,14.16,106855.0,145581000.0,13.97,14.69,15.699999999999985,15.84,14.71,41.34,-0.43,-0.1,-0.33,通宇通讯,计算机、通信和其他电子设备制造业,主板,14.207500000000065,14.386249999999997,15.073333333333359,15.646250000000009,15.059574468085106
2792,2024-04-23,13.99,13.85,14.18,13.81,13.85,81610.9,114107000.0,14.14,14.43,15.546499999999986,15.77,14.69,41.34,-0.47,-0.18,-0.29,通宇通讯,计算机、通信和其他电子设备制造业,主板,14.092500000000065,14.206249999999997,14.840000000000025,15.49437500000001,15.128085106382978
2792,2024-04-24,13.96,14.58,14.6,13.92,13.85,133184.0,191950000.0,14.19,14.35,15.465999999999985,15.73,14.69,46.46,-0.45,-0.23,-0.22,通宇通讯,计算机、通信和其他电子设备制造业,主板,14.110000000000065,14.091249999999999,14.607500000000025,15.286250000000011,15.220212765957447
2792,2024-04-25,14.45,14.37,14.66,14.34,14.58,93352.0,135159000.0,14.16,14.26,15.396999999999986,15.69,14.7,45.24,-0.44,-0.27,-0.17,通宇通讯,计算机、通信和其他电子设备制造业,主板,14.162500000000065,14.079999999999998,14.43833333333336,15.070000000000011,15.285957446808512
2792,2024-04-26,14.22,14.98,15.15,14.22,14.37,158244.0,235939000.0,14.33,14.21,15.405999999999986,15.68,14.72,49.41,-0.38,-0.29,-0.09,通宇通讯,计算机、通信和其他电子设备制造业,主板,14.445000000000066,14.326249999999998,14.405833333333357,14.916250000000012,15.340638297872342
2792,2024-04-29,15.2,15.27,15.31,15.07,14.98,118857.0,180838000.0,14.61,14.29,15.355499999999983,15.67,14.74,51.31,-0.3,-0.3,0.0,通宇通讯,计算机、通信和其他电子设备制造业,主板,14.800000000000066,14.44625,14.404166666666692,14.830000000000013,15.39617021276596
2792,2024-04-30,15.38,15.17,15.49,14.95,15.27,96044.5,145976000.0,14.87,14.5,15.218499999999983,15.63,14.75,50.6,-0.25,-0.29,0.04,通宇通讯,计算机、通信和其他电子设备制造业,主板,14.947500000000066,14.528749999999997,14.376666666666692,14.692500000000011,15.451276595744682
2792,2024-05-06,15.22,15.37,15.57,15.21,15.17,88400.8,135866000.0,15.03,14.61,15.095499999999983,15.61,14.76,52.02,-0.19,-0.27,0.08,通宇通讯,计算机、通信和其他电子设备制造业,主板,15.197500000000067,14.679999999999996,14.452500000000024,14.628125000000011,15.493617021276597
2792,2024-05-07,15.37,15.43,15.53,15.16,15.37,109911.0,169229000.0,15.24,14.7,14.994999999999985,15.57,14.79,52.46,-0.14,-0.24,0.1,通宇通讯,计算机、通信和其他电子设备制造业,主板,15.310000000000066,14.877499999999998,14.654166666666692,14.631875000000012,15.514255319148935
2792,2024-05-08,15.26,15.12,15.64,15.04,15.43,92482.5,141231000.0,15.27,14.8,14.918499999999986,15.5,14.82,49.91,-0.12,-0.22,0.1,通宇通讯,计算机、通信和其他电子设备制造业,主板,15.272500000000068,15.036249999999999,14.721666666666692,14.621250000000012,15.53
2792,2024-05-09,15.24,15.18,15.33,15.13,15.12,69775.1,106082000.0,15.25,14.93,14.808999999999987,15.44,14.87,50.41,-0.09,-0.19,0.1,通宇通讯,计算机、通信和其他电子设备制造业,主板,15.275000000000066,15.11125,14.777500000000027,14.601250000000013,15.5231914893617
2792,2024-05-10,15.29,14.89,15.31,14.82,15.18,72283.5,108132000.0,15.2,15.04,14.733499999999987,15.38,14.91,47.91,-0.09,-0.17,0.08,通宇通讯,计算机、通信和其他电子设备制造业,主板,15.155000000000067,15.17625,14.83833333333336,14.628125000000013,15.538510638297872
2792,2024-05-13,14.7,14.31,14.73,14.25,14.89,87531.1,126360000.0,14.99,15.01,14.680499999999986,15.31,14.95,43.27,-0.14,-0.17,0.03,通宇通讯,计算机、通信和其他电子设备制造业,主板,14.875000000000066,15.0925,14.876666666666694,14.709375000000014,15.522978723404254
2792,2024-05-14,14.47,14.4,14.65,14.22,14.31,61335.5,88568700.0,14.78,15.01,14.635999999999985,15.27,15.01,44.17,-0.17,-0.17,0.0,通宇通讯,计算机、通信和其他电子设备制造业,主板,14.695000000000066,14.983749999999999,14.922500000000028,14.715000000000014,15.505957446808507
2792,2024-05-15,14.37,14.32,14.63,14.21,14.4,54163.7,78140100.0,14.62,14.95,14.576999999999984,15.25,15.07,43.51,-0.2,-0.17,-0.03,通宇通讯,计算机、通信和其他电子设备制造业,主板,14.480000000000066,14.8775,14.90083333333336,14.703125000000014,15.487446808510635
2792,2024-05-16,14.45,14.52,14.9,14.4,14.32,96476.4,141132000.0,14.49,14.87,14.579999999999984,15.19,15.14,45.7,-0.2,-0.18,-0.02,通宇通讯,计算机、通信和其他电子设备制造业,主板,14.387500000000067,14.771249999999998,14.91333333333336,14.725625000000015,15.478085106382974
2792,2024-05-17,14.5,15.0,15.27,14.46,14.52,150898.0,225312000.0,14.51,14.85,14.679499999999985,15.1,15.21,50.65,-0.17,-0.18,0.01,通宇通讯,计算机、通信和其他电子设备制造业,主板,14.560000000000066,14.717499999999998,14.915000000000028,14.797500000000015,15.464893617021271
2792,2024-05-20,14.83,14.91,14.97,14.59,15.0,106142.0,157313000.0,14.63,14.81,14.709499999999986,15.0,15.25,49.74,-0.15,-0.17,0.02,通宇通讯,计算机、通信和其他电子设备制造业,主板,14.687500000000066,14.691249999999997,14.885000000000026,14.863750000000016,15.46297872340425
2792,2024-05-21,14.85,14.99,15.21,14.75,14.91,99194.3,148320000.0,14.75,14.76,14.733499999999987,14.92,15.29,50.59,-0.12,-0.16,0.04,通宇通讯,计算机、通信和其他电子设备制造业,主板,14.855000000000066,14.667499999999997,14.870000000000028,14.889375000000015,15.44702127659574
2792,2024-05-22,14.8,15.02,15.21,14.69,14.99,91064.9,136235000.0,14.89,14.75,14.776499999999984,14.86,15.33,50.93,-0.09,-0.15,0.06,通宇通讯,计算机、通信和其他电子设备制造业,主板,14.980000000000068,14.683749999999998,14.840833333333363,14.930000000000016,15.43170212765957
2792,2024-05-23,14.99,14.9,15.25,14.86,15.02,131665.0,198216000.0,14.96,14.73,14.828999999999983,14.78,15.35,49.48,-0.08,-0.13,0.05,通宇通讯,计算机、通信和其他电子设备制造业,主板,14.95500000000007,14.757499999999997,14.796666666666695,14.925000000000017,15.41744680851063
2792,2024-05-24,14.7,14.48,15.06,14.41,14.9,124811.0,183101000.0,14.86,14.69,14.860499999999982,14.72,15.35,44.67,-0.1,-0.13,0.03,通宇通讯,计算机、通信和其他电子设备制造业,主板,14.847500000000071,14.767499999999995,14.74333333333336,14.875625000000015,15.39553191489361
2792,2024-05-27,14.42,14.39,14.58,13.95,14.48,93961.0,133032000.0,14.76,14.69,14.850999999999981,14.68,15.35,43.69,-0.13,-0.13,0.0,通宇通讯,计算机、通信和其他电子设备制造业,主板,14.69750000000007,14.776249999999997,14.677500000000029,14.826875000000017,15.369361702127653
2792,2024-05-28,14.29,14.04,14.39,14.0,14.39,62910.8,88835700.0,14.57,14.66,14.834499999999982,14.64,15.33,40.02,-0.17,-0.14,-0.03,通宇通讯,计算机、通信和其他电子设备制造业,主板,14.452500000000072,14.716249999999997,14.606666666666692,14.743750000000016,15.325319148936162
2792,2024-05-29,14.29,13.9,14.42,13.84,14.04,68973.5,97129600.0,14.34,14.62,14.78049999999998,14.59,15.32,38.62,-0.22,-0.15,-0.07,通宇通讯,计算机、通信和其他电子设备制造业,主板,14.202500000000073,14.578749999999996,14.572500000000026,14.648125000000016,15.278510638297863
2792,2024-05-30,13.79,14.02,14.25,13.53,13.9,82656.0,116066000.0,14.17,14.57,14.71799999999998,14.58,15.31,40.54,-0.24,-0.17,-0.07,通宇通讯,计算机、通信和其他电子设备制造业,主板,14.087500000000073,14.467499999999998,14.54083333333336,14.579375000000017,15.22404255319148
2792,2024-05-31,13.9,14.32,14.5,13.9,14.02,98202.0,140363000.0,14.13,14.5,14.67549999999998,14.62,15.29,45.15,-0.24,-0.18,-0.06,通宇通讯,计算机、通信和其他电子设备制造业,主板,14.070000000000075,14.383749999999997,14.54083333333336,14.525625000000016,15.160851063829778
2792,2024-06-03,14.29,15.09,15.16,14.19,14.32,236420.0,349804000.0,14.27,14.52,14.661499999999979,14.64,15.29,54.84,-0.17,-0.18,0.01,通宇通讯,计算机、通信和其他电子设备制造业,主板,14.332500000000076,14.392499999999997,14.58833333333336,14.538125000000015,15.123829787234033
2792,2024-06-04,14.8,14.67,15.06,14.31,15.09,181120.0,264572000.0,14.4,14.48,14.623499999999979,14.65,15.29,49.69,-0.14,-0.17,0.03,通宇通讯,计算机、通信和其他电子设备制造业,主板,14.525000000000075,14.363749999999996,14.560833333333358,14.560625000000014,15.075957446808502
2792,2024-06-05,14.65,14.32,14.87,14.2,14.67,113049.0,164666000.0,14.48,14.41,14.583499999999978,14.66,15.26,45.82,-0.15,-0.17,0.02,通宇通讯,计算机、通信和其他电子设备制造业,主板,14.600000000000076,14.343749999999995,14.511666666666692,14.555625000000013,15.03617021276595
2792,2024-06-06,14.22,13.63,14.58,13.61,14.32,122867.0,171811000.0,14.41,14.29,14.505999999999977,14.65,15.24,39.32,-0.2,-0.17,-0.03,通宇通讯,计算机、通信和其他电子设备制造业,主板,14.427500000000075,14.248749999999996,14.398333333333357,14.512500000000014,14.991063829787226
2792,2024-06-07,13.75,13.82,14.06,13.45,13.63,83395.5,114847000.0,14.31,14.22,14.452499999999977,14.65,15.21,41.77,-0.24,-0.19,-0.05,通宇通讯,计算机、通信和其他电子设备制造业,主板,14.110000000000074,14.221249999999998,14.298333333333355,14.468750000000012,14.97021276595744
2792,2024-06-11,13.75,13.93,13.97,13.4,13.82,65292.5,89820600.0,14.07,14.17,14.433499999999977,14.63,15.18,43.2,-0.25,-0.2,-0.05,通宇通讯,计算机、通信和其他电子设备制造业,主板,13.925000000000072,14.224999999999998,14.217500000000022,14.401875000000013,14.920212765957439
2792,2024-06-12,13.98,14.18,14.27,13.93,13.93,74060.2,104806000.0,13.98,14.19,14.42249999999998,14.62,15.16,46.42,-0.23,-0.21,-0.02,通宇通讯,计算机、通信和其他电子设备制造业,主板,13.89000000000007,14.245,14.192500000000024,14.356250000000014,14.84085106382978
2792,2024-06-13,14.18,14.19,14.35,14.13,14.18,61593.9,87626500.0,13.95,14.22,14.415999999999979,14.59,15.13,46.55,-0.22,-0.21,-0.01,通宇通讯,计算机、通信和其他电子设备制造业,主板,14.03000000000007,14.228750000000002,14.175833333333358,14.306250000000013,14.763404255319141
2792,2024-06-14,14.09,14.49,14.55,14.09,14.19,97260.6,140149000.0,14.12,14.26,14.41449999999998,14.57,15.12,50.45,-0.18,-0.2,0.02,通宇通讯,计算机、通信和其他电子设备制造业,主板,14.19750000000007,14.153750000000002,14.21333333333336,14.273125000000013,14.700638297872333
2792,2024-06-17,14.33,14.31,14.56,14.21,14.49,83038.6,118981000.0,14.22,14.26,14.379999999999981,14.54,15.09,48.18,-0.16,-0.19,0.03,通宇通讯,计算机、通信和其他电子设备制造业,主板,14.29250000000007,14.108750000000002,14.247500000000025,14.236250000000013,14.650851063829778
2792,2024-06-18,10.88,11.18,11.25,10.78,14.31,149335.0,165925000.0,13.67,13.87,14.19349999999998,14.4,15.0,26.14,-0.4,-0.24,-0.16,通宇通讯,计算机、通信和其他电子设备制造业,主板,13.54250000000007,13.716250000000002,14.010833333333359,14.030000000000014,14.519148936170202
2792,2024-06-19,11.18,11.08,11.29,11.07,11.18,106800.0,119138000.0,13.05,13.51,13.99799999999998,14.25,14.91,25.74,-0.58,-0.3,-0.28,通宇通讯,计算机、通信和其他电子设备制造业,主板,12.765000000000072,13.397500000000003,13.740833333333361,13.823125000000015,14.405957446808502
2792,2024-06-20,11.0,10.6,11.06,10.56,11.08,105700.0,113656000.0,12.33,13.14,13.776999999999981,14.1,14.8,23.83,-0.76,-0.4,-0.36,通宇通讯,计算机、通信和其他电子设备制造业,主板,11.792500000000071,12.995000000000001,13.366666666666694,13.608125000000015,14.304468085106375
2792,2024-06-21,10.57,10.72,10.96,10.29,10.6,102516.0,108411000.0,11.58,12.85,13.567999999999984,13.95,14.7,25.32,-0.88,-0.49,-0.39,通宇通讯,计算机、通信和其他电子设备制造业,主板,10.89500000000007,12.59375,13.037500000000028,13.409375000000015,14.207234042553184
2792,2024-06-24,10.6,10.11,10.62,10.08,10.72,98260.8,101331000.0,10.74,12.48,13.349499999999983,13.79,14.59,22.87,-1.02,-0.6,-0.42,通宇通讯,计算机、通信和其他电子设备制造业,主板,10.62750000000007,12.085,12.686666666666696,13.165000000000015,14.092553191489355
2792,2024-06-25,10.21,10.01,10.31,9.84,10.11,81989.4,82277500.0,10.5,12.09,13.130499999999984,13.65,14.48,22.49,-1.12,-0.7,-0.42,通宇通讯,计算机、通信和其他电子设备制造业,主板,10.36000000000007,11.562500000000002,12.385000000000028,12.895625000000015,13.997872340425523
2792,2024-06-26,10.01,10.42,10.47,9.9,10.01,86550.9,88568100.0,10.37,11.71,12.949499999999983,13.52,14.39,27.84,-1.15,-0.79,-0.36,通宇通讯,计算机、通信和其他电子设备制造业,主板,10.31500000000007,11.053750000000003,12.101666666666695,12.603750000000014,13.9427659574468
2792,2024-06-27,10.38,10.18,10.51,10.16,10.42,71899.0,74269100.0,10.29,11.31,12.763499999999983,13.38,14.32,26.68,-1.19,-0.87,-0.32,通宇通讯,计算机、通信和其他电子设备制造业,主板,10.18000000000007,10.537500000000001,11.789166666666695,12.323125000000015,13.854893617021268
2792,2024-06-28,10.16,10.44,10.62,10.12,10.18,101734.0,106632000.0,10.23,10.9,12.584499999999984,13.24,14.22,30.08,-1.17,-0.93,-0.24,通宇通讯,计算机、通信和其他电子设备制造业,主板,10.26250000000007,10.445,11.477500000000028,12.080625000000015,13.768297872340419
2792,2024-07-01,10.5,10.45,10.58,10.23,10.44,71446.5,74247500.0,10.3,10.52,12.390999999999986,13.09,14.1,30.21,-1.16,-0.98,-0.18,通宇通讯,计算机、通信和其他电子设备制造业,主板,10.372500000000072,10.36625,11.16583333333336,11.881875000000015,13.689361702127654
2792,2024-07-02,10.4,10.34,10.54,10.25,10.45,56179.8,58440700.0,10.37,10.43,12.153499999999983,12.94,13.97,29.54,-1.13,-1.01,-0.12,通宇通讯,计算机、通信和其他电子设备制造业,主板,10.35250000000007,10.333750000000002,10.820000000000027,11.664375000000016,13.614680851063826
2792,2024-07-03,10.46,10.27,10.65,10.14,10.34,87340.0,90185200.0,10.34,10.35,11.933499999999984,12.78,13.85,29.1,-1.11,-1.03,-0.08,通宇通讯,计算机、通信和其他电子设备制造业,主板,10.37500000000007,10.277500000000002,10.483333333333361,11.435625000000016,13.538510638297867
2792,2024-07-04,10.18,10.0,10.43,9.98,10.27,70699.2,71777200.0,10.3,10.29,11.717499999999985,12.62,13.74,27.39,-1.1,-1.04,-0.06,通宇通讯,计算机、通信和其他电子设备制造业,主板,10.26500000000007,10.263750000000002,10.385000000000026,11.174375000000015,13.441063829787227
2792,2024-07-05,9.92,10.04,10.12,9.82,10.0,54737.0,54564900.0,10.22,10.23,11.537999999999986,12.45,13.62,28.07,-1.07,-1.05,-0.02,通宇通讯,计算机、通信和其他电子设备制造业,主板,10.162500000000069,10.2675,10.298333333333359,10.915000000000015,13.348936170212758
2792,2024-07-08,10.02,9.6,10.03,9.58,10.04,69233.1,67342100.0,10.05,10.18,11.326999999999986,12.29,13.5,25.29,-1.09,-1.06,-0.03,通宇通讯,计算机、通信和其他电子设备制造业,主板,9.97750000000007,10.165,10.215000000000027,10.609375000000014,13.234468085106375
2792,2024-07-09,9.58,10.24,10.32,9.55,9.6,119892.0,119426000.0,10.03,10.2,11.142499999999986,12.15,13.42,35.32,-1.02,-1.05,0.03,通宇通讯,计算机、通信和其他电子设备制造业,主板,9.97000000000007,10.1725,10.175000000000027,10.355000000000015,13.127446808510632
2792,2024-07-10,10.2,10.1,10.29,10.06,10.24,61071.2,62164400.0,10.0,10.17,10.938499999999985,12.02,13.33,34.23,-0.98,-1.04,0.06,通宇通讯,计算机、通信和其他电子设备制造业,主板,9.99500000000007,10.129999999999999,10.174166666666695,10.287500000000014,13.0195744680851
2792,2024-07-11,10.33,10.33,10.44,10.21,10.1,73844.1,76136300.0,10.06,10.18,10.745499999999986,11.9,13.25,37.62,-0.91,-1.01,0.1,通宇通讯,计算机、通信和其他电子设备制造业,主板,10.06750000000007,10.114999999999998,10.20083333333336,10.240625000000014,12.91234042553191
2792,2024-07-12,10.43,10.24,10.44,10.2,10.33,57077.6,58618600.0,10.1,10.16,10.532999999999985,11.78,13.18,36.82,-0.85,-0.98,0.13,通宇通讯,计算机、通信和其他电子设备制造业,主板,10.22750000000007,10.102499999999997,10.18583333333336,10.218125000000015,12.801914893617017
2792,2024-07-15,10.15,10.04,10.28,10.01,10.24,53453.3,53962800.0,10.19,10.12,10.319499999999985,11.63,13.13,35.04,-0.81,-0.94,0.13,通宇通讯,计算机、通信和其他电子设备制造业,主板,10.17750000000007,10.073749999999999,10.174166666666693,10.175625000000014,12.693829787234039
2792,2024-07-16,10.04,10.29,10.38,9.96,10.04,74320.8,75748200.0,10.2,10.12,10.274999999999984,11.47,13.06,39.01,-0.76,-0.91,0.15,通宇通讯,计算机、通信和其他电子设备制造业,主板,10.225000000000069,10.11,10.161666666666692,10.186875000000015,12.589787234042548
2792,2024-07-17,10.29,9.9,10.29,9.9,10.29,76909.7,77119200.0,10.16,10.08,10.215999999999983,11.32,12.98,35.38,-0.73,-0.87,0.14,通宇通讯,计算机、通信和其他电子设备制造业,主板,10.117500000000069,10.092500000000001,10.11583333333336,10.180000000000016,12.483617021276592
2792,2024-07-18,9.77,9.79,9.91,9.48,9.9,81900.0,78904700.0,10.05,10.06,10.175499999999984,11.16,12.91,34.4,-0.72,-0.84,0.12,通宇通讯,计算机、通信和其他电子设备制造业,主板,10.005000000000068,10.11625,10.070000000000027,10.140625000000016,12.387446808510635
2792,2024-07-19,9.8,9.85,9.92,9.71,9.79,47612.1,46830300.0,9.97,10.04,10.131999999999984,11.04,12.84,35.45,-0.69,-0.81,0.12,通宇通讯,计算机、通信和其他电子设备制造业,主板,9.957500000000069,10.0675,10.035000000000027,10.120000000000015,12.290638297872338
2792,2024-07-22,9.76,10.02,10.13,9.76,9.85,66152.6,66185500.0,9.97,10.08,10.127499999999984,10.91,12.78,38.43,-0.65,-0.78,0.13,通宇通讯,计算机、通信和其他电子设备制造业,主板,9.89000000000007,10.057500000000001,10.036666666666692,10.093750000000016,12.199148936170209
2792,2024-07-23,10.05,9.74,10.11,9.74,10.02,53887.6,53349800.0,9.86,10.03,10.113999999999985,10.77,12.7,35.52,-0.63,-0.75,0.12,通宇通讯,计算机、通信和其他电子设备制造业,主板,9.85000000000007,9.98375,10.011666666666693,10.049375000000017,12.097446808510634
2792,2024-07-24,9.74,9.83,10.16,9.68,9.74,99785.3,99175500.0,9.85,10.0,10.084499999999986,10.63,12.62,37.17,-0.6,-0.72,0.12,通宇通讯,计算机、通信和其他电子设备制造业,主板,9.86000000000007,9.932500000000001,10.030833333333362,10.017500000000018,11.987446808510635
2792,2024-07-25,9.7,9.75,9.93,9.54,9.83,70306.8,68268200.0,9.84,9.94,10.062999999999985,10.48,12.54,36.28,-0.58,-0.69,0.11,通宇通讯,计算机、通信和其他电子设备制造业,主板,9.83500000000007,9.896250000000002,9.990000000000029,9.985000000000017,11.877659574468083
2792,2024-07-26,9.73,9.95,10.04,9.7,9.75,68155.8,67772000.0,9.86,9.92,10.038499999999985,10.33,12.45,40.13,-0.54,-0.66,0.12,通宇通讯,计算机、通信和其他电子设备制造业,主板,9.81750000000007,9.853750000000002,9.97750000000003,9.981875000000016,11.770425531914892
2792,2024-07-29,9.99,10.22,10.41,9.9,9.95,121357.0,124399000.0,9.9,9.93,10.026999999999985,10.19,12.36,44.97,-0.48,-0.62,0.14,通宇通讯,计算机、通信和其他电子设备制造业,主板,9.93750000000007,9.89375,9.968333333333364,9.993125000000017,11.668297872340425
2792,2024-07-30,10.13,10.32,10.43,10.08,10.22,100558.0,103487000.0,10.01,9.94,10.025999999999986,10.16,12.28,46.68,-0.42,-0.58,0.16,通宇通讯,计算机、通信和其他电子设备制造业,主板,10.06000000000007,9.96,9.975000000000032,10.038125000000017,11.570851063829789
2792,2024-07-31,10.3,10.47,10.5,10.27,10.32,112995.0,117600000.0,10.14,9.99,10.035999999999984,10.14,12.2,49.24,-0.36,-0.54,0.18,通宇通讯,计算机、通信和其他电子设备制造业,主板,10.24000000000007,10.037500000000001,10.010833333333366,10.052500000000016,11.485531914893619
2792,2024-08-01,10.47,10.56,10.63,10.43,10.47,99800.0,105282000.0,10.3,10.07,10.063999999999984,10.14,12.12,50.77,-0.29,-0.49,0.2,通宇通讯,计算机、通信和其他电子设备制造业,主板,10.39250000000007,10.105000000000002,10.033333333333367,10.081250000000017,11.40404255319149
2792,2024-08-02,10.55,10.35,10.76,10.29,10.56,94595.2,99024600.0,10.38,10.12,10.079499999999985,10.13,12.04,47.2,-0.26,-0.44,0.18,通宇通讯,计算机、通信和其他电子设备制造业,主板,10.42500000000007,10.181250000000002,10.070833333333367,10.082500000000016,11.325531914893618
2792,2024-08-05,10.2,9.85,10.35,9.85,10.35,99107.0,99911000.0,10.31,10.1,10.091999999999985,10.12,11.96,39.99,-0.27,-0.41,0.14,通宇通讯,计算机、通信和其他电子设备制造业,主板,10.30750000000007,10.183750000000002,10.075833333333366,10.058125000000015,11.239361702127662
2792,2024-08-06,9.98,10.01,10.13,9.88,9.85,65101.2,65004900.0,10.25,10.13,10.080499999999983,10.12,11.89,42.99,-0.26,-0.38,0.12,通宇通讯,计算机、通信和其他电子设备制造业,主板,10.19250000000007,10.216250000000002,10.0891666666667,10.056250000000015,11.154042553191491
2792,2024-08-07,10.14,11.01,11.01,10.14,10.01,274020.0,295129000.0,10.36,10.25,10.125999999999983,10.14,11.83,57.34,-0.17,-0.34,0.17,通宇通讯,计算机、通信和其他电子设备制造业,主板,10.305000000000069,10.348750000000003,10.171666666666699,10.101250000000014,11.083617021276597
2792,2024-08-08,11.01,10.84,11.54,10.79,11.01,487748.0,543104000.0,10.41,10.36,10.151499999999983,10.16,11.77,54.82,-0.11,-0.29,0.18,通宇通讯,计算机、通信和其他电子设备制造业,主板,10.427500000000068,10.426250000000003,10.263333333333366,10.160000000000014,10.993191489361703
2792,2024-08-09,10.73,11.4,11.8,10.73,10.84,496048.0,562577000.0,10.62,10.5,10.209499999999982,10.19,11.72,60.93,-0.02,-0.24,0.22,通宇通讯,计算机、通信和其他电子设备制造业,主板,10.815000000000067,10.561250000000005,10.394166666666697,10.260625000000015,10.923617021276597
2792,2024-08-12,11.2,10.96,11.25,10.86,11.4,264430.0,290412000.0,10.84,10.58,10.255499999999984,10.21,11.65,54.67,0.02,-0.19,0.21,通宇通讯,计算机、通信和其他电子设备制造业,主板,11.052500000000068,10.622500000000006,10.495000000000031,10.330000000000016,10.852127659574471
2792,2024-08-13,10.84,10.78,10.95,10.6,10.96,171337.0,184106000.0,11.0,10.62,10.279999999999983,10.22,11.58,52.31,0.03,-0.14,0.17,通宇通讯,计算机、通信和其他电子设备制造业,主板,10.995000000000068,10.650000000000006,10.564166666666697,10.377500000000015,10.791489361702132
2792,2024-08-14,10.94,11.21,11.29,10.66,10.78,318611.0,352047000.0,11.04,10.7,10.345499999999983,10.26,11.52,57.08,0.08,-0.1,0.18,通宇通讯,计算机、通信和其他电子设备制造业,主板,11.08750000000007,10.757500000000007,10.646666666666697,10.469375000000015,10.735957446808515
2792,2024-08-15,11.05,11.45,11.75,10.95,11.21,356496.0,406570000.0,11.16,10.79,10.428499999999984,10.3,11.46,59.52,0.13,-0.05,0.18,通宇通讯,计算机、通信和其他电子设备制造业,主板,11.10000000000007,10.957500000000008,10.740833333333363,10.570625000000014,10.683191489361706
2792,2024-08-16,11.34,11.16,11.55,11.15,11.45,262993.0,296975000.0,11.11,10.87,10.493999999999984,10.34,11.4,55.43,0.14,-0.01,0.15,通宇通讯,计算机、通信和其他电子设备制造业,主板,11.150000000000071,11.101250000000007,10.798333333333362,10.658750000000014,10.61893617021277
2792,2024-08-19,11.13,11.01,11.36,10.93,11.16,178416.0,197657000.0,11.12,10.98,10.543499999999984,10.39,11.34,53.38,0.14,0.02,0.12,通宇通讯,计算机、通信和其他电子设备制造业,主板,11.20750000000007,11.101250000000007,10.835833333333362,10.725000000000014,10.551276595744685
2792,2024-08-20,10.95,10.73,11.05,10.65,11.01,137827.0,148396000.0,11.11,11.06,10.592999999999982,10.41,11.28,49.69,0.12,0.04,0.08,通宇通讯,计算机、通信和其他电子设备制造业,主板,11.087500000000071,11.087500000000007,10.867500000000028,10.756875000000013,10.471276595744685
2792,2024-08-22,10.61,10.22,10.75,10.16,10.67,176068.0,182838000.0,10.91,10.98,10.612499999999981,10.41,11.22,43.76,0.06,0.04,0.02,通宇通讯,计算机、通信和其他电子设备制造业,主板,10.780000000000072,10.940000000000007,10.898333333333362,10.750625000000014,10.384255319148942
2792,2024-08-23,10.22,10.31,10.44,10.0,10.22,123057.0,126233000.0,10.69,10.92,10.640499999999982,10.41,11.16,45.01,0.02,0.04,-0.02,通宇通讯,计算机、通信和其他电子设备制造业,主板,10.567500000000074,10.858750000000008,10.923333333333362,10.740625000000014,10.36574468085107
2792,2024-08-26,10.31,10.43,10.63,10.17,10.31,118749.0,123435000.0,10.54,10.83,10.664499999999983,10.42,11.1,46.71,0.0,0.03,-0.03,通宇通讯,计算机、通信和其他电子设备制造业,主板,10.422500000000074,10.815000000000008,10.87500000000003,10.732500000000014,10.351914893617026
2792,2024-08-27,10.36,9.98,10.38,9.95,10.43,107168.0,107958000.0,10.33,10.73,10.652499999999982,10.41,11.02,41.53,-0.06,0.01,-0.07,通宇通讯,计算机、通信和其他电子设备制造业,主板,10.235000000000074,10.66125000000001,10.803333333333363,10.709375000000014,10.338723404255324
2792,2024-08-28,9.9,9.97,10.09,9.79,9.98,68300.8,67894700.0,10.18,10.65,10.634999999999982,10.4,10.94,41.42,-0.1,-0.01,-0.09,通宇通讯,计算机、通信和其他电子设备制造业,主板,10.172500000000074,10.47625000000001,10.684166666666696,10.716875000000014,10.322765957446814
2792,2024-08-29,9.94,10.1,10.19,9.8,9.97,73301.4,73618400.0,10.16,10.54,10.616499999999983,10.41,10.86,43.51,-0.12,-0.03,-0.09,通宇通讯,计算机、通信和其他电子设备制造业,主板,10.120000000000074,10.343750000000009,10.612500000000027,10.722500000000014,10.322553191489368
2792,2024-08-30,10.16,10.69,11.0,10.02,10.1,208232.0,222090000.0,10.23,10.46,10.622999999999982,10.44,10.8,51.91,-0.09,-0.04,-0.05,通宇通讯,计算机、通信和其他电子设备制造业,主板,10.185000000000073,10.303750000000008,10.605000000000027,10.702500000000015,10.33702127659575
2792,2024-09-02,10.65,10.35,10.73,10.32,10.69,107134.0,112801000.0,10.22,10.38,10.622999999999982,10.46,10.75,47.52,-0.09,-0.05,-0.04,通宇通讯,计算机、通信和其他电子设备制造业,主板,10.277500000000074,10.256250000000007,10.53333333333336,10.671875000000014,10.335531914893624
2792,2024-09-03,10.35,10.68,10.7,10.3,10.35,144852.0,152737000.0,10.36,10.35,10.664499999999983,10.48,10.69,51.78,-0.07,-0.06,-0.01,通宇通讯,计算机、通信和其他电子设备制造业,主板,10.455000000000075,10.313750000000006,10.469166666666693,10.626875000000014,10.346170212765964
2792,2024-09-04,10.55,10.53,10.7,10.42,10.68,97599.0,102797000.0,10.47,10.33,10.690499999999982,10.5,10.64,49.8,-0.06,-0.06,0.0,通宇通讯,计算机、通信和其他电子设备制造业,主板,10.562500000000075,10.341250000000006,10.416666666666693,10.600000000000014,10.348085106382984
2792,2024-09-05,10.49,10.59,10.65,10.41,10.53,79949.9,84218200.0,10.57,10.36,10.669499999999983,10.53,10.58,50.61,-0.04,-0.05,0.01,通宇通讯,计算机、通信和其他电子设备制造业,主板,10.537500000000076,10.361250000000005,10.381666666666693,10.588125000000014,10.35106382978724
2792,2024-09-06,10.51,10.25,10.6,10.25,10.59,83279.0,86297800.0,10.48,10.36,10.639999999999983,10.55,10.51,46.07,-0.06,-0.05,-0.01,通宇通讯,计算机、通信和其他电子设备制造业,主板,10.512500000000076,10.395000000000005,10.341666666666693,10.528125000000014,10.349148936170218
2792,2024-09-09,10.3,10.24,10.43,10.11,10.25,70640.9,72492500.0,10.46,10.34,10.581999999999983,10.56,10.44,45.94,-0.07,-0.06,-0.01,通宇通讯,计算机、通信和其他电子设备制造业,主板,10.402500000000076,10.428750000000004,10.34333333333336,10.452500000000015,10.348510638297878
2792,2024-09-10,10.3,10.86,11.25,10.05,10.24,216347.0,231624000.0,10.49,10.43,10.576999999999982,10.58,10.38,54.55,-0.04,-0.05,0.01,通宇通讯,计算机、通信和其他电子设备制造业,主板,10.485000000000076,10.523750000000005,10.389166666666691,10.433750000000016,10.366808510638304
2792,2024-09-11,10.86,10.79,11.0,10.66,10.86,132392.0,143273000.0,10.55,10.51,10.577499999999983,10.59,10.38,53.51,0.0,-0.04,0.04,通宇通讯,计算机、通信和其他电子设备制造业,主板,10.535000000000075,10.536250000000006,10.41916666666669,10.420000000000016,10.382765957446814
2792,2024-09-12,10.84,10.58,11.09,10.55,10.79,114573.0,122751000.0,10.54,10.56,10.545999999999982,10.6,10.37,50.42,0.0,-0.03,0.03,通宇通讯,计算机、通信和其他电子设备制造业,主板,10.617500000000074,10.565000000000007,10.469166666666691,10.410625000000017,10.4036170212766
2792,2024-09-13,10.63,10.4,10.81,10.4,10.58,100997.0,106522000.0,10.57,10.53,10.493499999999983,10.59,10.37,47.86,-0.02,-0.03,0.01,通宇通讯,计算机、通信和其他电子设备制造业,主板,10.657500000000073,10.530000000000008,10.505000000000024,10.421875000000018,10.40702127659575
2792,2024-09-18,10.45,10.63,10.75,10.24,10.4,137631.0,145089000.0,10.65,10.56,10.466999999999983,10.6,10.36,51.26,0.0,-0.03,0.03,通宇通讯,计算机、通信和其他电子设备制造业,主板,10.600000000000074,10.542500000000008,10.549166666666691,10.441875000000017,10.41829787234043
2792,2024-09-19,10.68,10.75,10.84,10.5,10.63,161619.0,173074000.0,10.63,10.56,10.453999999999983,10.63,10.38,52.98,0.01,-0.02,0.03,通宇通讯,计算机、通信和其他电子设备制造业,主板,10.590000000000074,10.562500000000007,10.55416666666669,10.461875000000017,10.427234042553197
2792,2024-09-20,10.77,10.9,10.97,10.71,10.75,194629.0,211199000.0,10.65,10.6,10.462499999999984,10.66,10.39,55.12,0.04,-0.01,0.05,通宇通讯,计算机、通信和其他电子设备制造业,主板,10.670000000000075,10.643750000000008,10.600000000000025,10.519375000000018,10.441276595744684
2792,2024-09-23,10.9,10.84,11.05,10.77,10.9,167076.0,182079000.0,10.7,10.62,10.493499999999985,10.65,10.4,54.06,0.06,0.01,0.05,通宇通讯,计算机、通信和其他电子设备制造业,主板,10.780000000000074,10.718750000000009,10.613333333333358,10.573750000000018,10.45829787234043
2792,2024-09-24,10.8,11.02,11.02,10.6,10.84,204569.0,222196000.0,10.83,10.7,10.528999999999986,10.66,10.41,56.74,0.08,0.02,0.06,通宇通讯,计算机、通信和其他电子设备制造业,主板,10.877500000000074,10.738750000000008,10.654166666666692,10.63125000000002,10.473829787234045
2792,2024-09-25,11.1,11.12,11.26,10.87,11.02,268793.0,298323000.0,10.93,10.79,10.563499999999985,10.65,10.42,58.2,0.1,0.04,0.06,通宇通讯,计算机、通信和其他电子设备制造业,主板,10.970000000000073,10.780000000000008,10.698333333333359,10.65812500000002,10.499787234042556
2792,2024-09-26,10.99,11.23,11.23,10.91,11.12,200011.0,222041000.0,11.02,10.83,10.625999999999985,10.66,10.44,59.81,0.13,0.06,0.07,通宇通讯,计算机、通信和其他电子设备制造业,主板,11.052500000000075,10.861250000000009,10.780000000000024,10.71312500000002,10.530425531914895
2792,2024-09-27,11.27,11.71,11.85,11.2,11.23,301422.0,347270000.0,11.18,10.92,10.712999999999985,10.69,10.46,65.96,0.19,0.08,0.11,通宇通讯,计算机、通信和其他电子设备制造业,主板,11.270000000000074,11.02500000000001,10.902500000000025,10.77750000000002,10.570000000000002
2792,2024-09-30,12.15,12.77,12.84,11.81,11.71,405589.0,501902000.0,11.57,11.14,10.846499999999986,10.74,10.5,75.04,0.32,0.13,0.19,通宇通讯,计算机、通信和其他电子设备制造业,主板,11.707500000000074,11.29250000000001,11.06166666666669,10.91750000000002,10.628510638297874
2792,2024-10-08,14.04,13.8,14.04,12.69,12.77,464305.0,627884000.0,12.13,11.48,11.001999999999986,10.82,10.56,80.49,0.51,0.21,0.3,通宇通讯,计算机、通信和其他电子设备制造业,主板,12.377500000000074,11.673750000000009,11.312500000000027,11.11812500000002,10.714893617021277
2792,2024-10-09,13.13,13.01,13.86,12.83,13.8,390424.0,515443000.0,12.5,11.72,11.134999999999987,10.88,10.61,68.19,0.58,0.28,0.3,通宇通讯,计算机、通信和其他电子设备制造业,主板,12.822500000000073,11.937500000000009,11.515000000000024,11.29062500000002,10.782553191489363
2792,2024-10-10,13.2,12.65,13.34,12.6,13.01,205540.0,264795000.0,12.79,11.9,11.233499999999987,10.94,10.66,63.44,0.6,0.34,0.26,通宇通讯,计算机、通信和其他电子设备制造业,主板,13.057500000000072,12.16375000000001,11.702500000000024,11.44125000000002,10.844255319148937
2792,2024-10-11,12.58,11.87,12.58,11.66,12.65,163908.0,198054000.0,12.82,12.0,11.300499999999987,10.98,10.69,54.56,0.54,0.38,0.16,通宇通讯,计算机、通信和其他电子设备制造业,主板,12.832500000000074,12.27000000000001,11.805833333333359,11.504375000000021,10.885106382978725
2792,2024-10-14,11.81,12.14,12.18,11.78,11.87,138679.0,166695000.0,12.69,12.13,11.377999999999988,11.04,10.72,56.81,0.52,0.41,0.11,通宇通讯,计算机、通信和其他电子设备制造业,主板,12.417500000000075,12.39750000000001,11.92166666666669,11.58875000000002,10.925957446808512
2792,2024-10-15,12.2,12.0,12.5,11.99,12.14,160643.0,197092000.0,12.33,12.23,11.465499999999988,11.1,10.75,55.28,0.48,0.42,0.06,通宇通讯,计算机、通信和其他电子设备制造业,主板,12.165000000000076,12.49375000000001,12.013333333333357,11.67750000000002,10.961702127659576
2792,2024-10-16,11.72,11.91,12.06,11.71,12.0,95898.4,113984000.0,12.11,12.31,11.548999999999987,11.15,10.78,54.27,0.44,0.43,0.01,通宇通讯,计算机、通信和其他电子设备制造业,主板,11.980000000000077,12.518750000000008,12.102500000000022,11.77187500000002,10.992340425531914
2792,2024-10-17,11.99,12.06,12.33,11.99,11.91,146528.0,178127000.0,12.0,12.39,11.608999999999986,11.21,10.81,55.73,0.41,0.42,-0.01,通宇通讯,计算机、通信和其他电子设备制造业,主板,12.027500000000078,12.430000000000009,12.189166666666688,11.86125000000002,11.024255319148937
2792,2024-10-18,11.94,12.42,12.68,11.88,12.06,217082.0,269244000.0,12.11,12.46,11.690499999999986,11.3,10.85,59.09,0.42,0.42,0.0,通宇通讯,计算机、通信和其他电子设备制造业,主板,12.097500000000078,12.25750000000001,12.29750000000002,11.965625000000019,11.068297872340423
2792,2024-10-21,12.45,12.88,13.1,12.45,12.42,249306.0,319709000.0,12.25,12.47,11.805499999999984,11.39,10.9,62.96,0.45,0.43,0.02,通宇通讯,计算机、通信和其他电子设备制造业,主板,12.317500000000079,12.241250000000008,12.435000000000022,12.089375000000018,11.132765957446805
2792,2024-10-22,13.1,12.82,13.19,12.64,12.88,199240.0,255974000.0,12.42,12.38,11.926499999999985,11.46,10.95,62.14,0.47,0.44,0.03,通宇通讯,计算机、通信和其他电子设备制造业,主板,12.54500000000008,12.262500000000006,12.52750000000002,12.213125000000018,11.192553191489361
2792,2024-10-23,12.73,13.55,14.07,12.67,12.82,460276.0,620331000.0,12.75,12.43,12.072499999999986,11.57,11.01,67.69,0.54,0.46,0.08,通宇通讯,计算机、通信和其他电子设备制造业,主板,12.917500000000079,12.472500000000005,12.59250000000002,12.371250000000018,11.24659574468085
2792,2024-10-24,13.56,13.44,13.93,13.3,13.55,405201.0,551078000.0,13.02,12.51,12.206999999999985,11.66,11.07,66.12,0.57,0.48,0.09,通宇通讯,计算机、通信和其他电子设备制造业,主板,13.172500000000078,12.635000000000005,12.56250000000002,12.516250000000017,11.30191489361702
2792,2024-10-25,13.44,13.6,13.96,13.43,13.44,299272.0,410221000.0,13.26,12.68,12.341999999999986,11.76,11.13,67.31,0.6,0.5,0.1,通宇通讯,计算机、通信和其他电子设备制造业,主板,13.352500000000076,12.835000000000004,12.611666666666686,12.664375000000017,11.348723404255319
2792,2024-10-28,13.64,13.9,13.98,13.6,13.6,270801.0,373848000.0,13.46,12.86,12.494999999999987,11.87,11.2,69.47,0.65,0.53,0.12,通宇通讯,计算机、通信和其他电子设备制造业,主板,13.622500000000075,13.083750000000006,12.715833333333352,12.801250000000017,11.41127659574468
2792,2024-10-29,13.98,13.43,14.0,13.42,13.9,261522.0,356160000.0,13.58,13.0,12.615499999999985,11.98,11.26,62.49,0.64,0.55,0.09,通宇通讯,计算机、通信和其他电子设备制造业,主板,13.592500000000076,13.255000000000006,12.845833333333353,12.842500000000017,11.467659574468083
2792,2024-10-30,13.42,13.75,13.9,13.32,13.43,248621.0,341374000.0,13.62,13.18,12.746999999999986,12.09,11.32,65.06,0.65,0.57,0.08,通宇通讯,计算机、通信和其他电子设备制造业,主板,13.670000000000076,13.421250000000006,12.980000000000018,12.839375000000016,11.521702127659571
2792,2024-10-31,13.94,13.87,14.23,13.6,13.75,284509.0,395838000.0,13.71,13.37,12.878999999999985,12.19,11.39,66.01,0.67,0.59,0.08,通宇通讯,计算机、通信和其他电子设备制造业,主板,13.737500000000077,13.545000000000007,13.135833333333352,12.893125000000017,11.5731914893617
2792,2024-11-01,13.7,12.8,13.75,12.75,13.87,276365.0,363222000.0,13.55,13.4,12.933499999999986,12.26,11.43,52.42,0.58,0.59,-0.01,通宇通讯,计算机、通信和其他电子设备制造业,主板,13.462500000000079,13.542500000000008,13.21000000000002,12.902500000000018,11.608085106382974
2792,2024-11-04,12.8,13.31,13.53,12.75,12.8,172471.0,227298000.0,13.43,13.45,12.960499999999987,12.35,11.47,56.97,0.55,0.58,-0.03,通宇通讯,计算机、通信和其他电子设备制造业,主板,13.432500000000077,13.512500000000008,13.314166666666686,12.992500000000017,11.65702127659574
2792,2024-11-05,13.2,13.6,13.69,13.15,13.31,184864.0,249179000.0,13.47,13.52,12.950499999999987,12.46,11.53,59.35,0.54,0.57,-0.03,通宇通讯,计算机、通信和其他电子设备制造业,主板,13.395000000000078,13.532500000000008,13.412500000000021,13.083750000000016,11.718085106382974
2792,2024-11-06,13.74,13.66,13.86,13.4,13.6,199911.0,273053000.0,13.45,13.54,12.98299999999999,12.56,11.58,59.84,0.53,0.57,-0.04,通宇通讯,计算机、通信和其他电子设备制造业,主板,13.342500000000078,13.540000000000008,13.47750000000002,13.187500000000016,11.791276595744675
2792,2024-11-07,13.58,13.82,13.96,13.39,13.66,179185.0,246049000.0,13.44,13.57,13.04149999999999,12.66,11.65,61.2,0.53,0.56,-0.03,通宇通讯,计算机、通信和其他电子设备制造业,主板,13.597500000000078,13.530000000000008,13.560833333333354,13.306875000000016,11.865957446808507
2792,2024-11-08,14.12,15.2,15.2,14.05,13.82,433614.0,648818000.0,13.92,13.73,13.20799999999999,12.81,11.73,70.46,0.64,0.57,0.07,通宇通讯,计算机、通信和其他电子设备制造业,主板,14.070000000000078,13.75125000000001,13.698333333333352,13.503125000000015,11.967446808510637
2792,2024-11-11,15.2,16.72,16.72,14.83,15.2,864354.0,1365570000.0,14.6,14.02,13.436999999999989,13.0,11.83,76.98,0.83,0.63,0.2,通宇通讯,计算机、通信和其他电子设备制造业,主板,14.850000000000078,14.12250000000001,13.971666666666685,13.771875000000016,12.110851063829786
2792,2024-11-12,17.21,16.3,18.07,15.98,16.72,822526.0,1405770000.0,15.14,14.3,13.65199999999999,13.18,11.92,72.24,0.94,0.69,0.25,通宇通讯,计算机、通信和其他电子设备制造业,主板,15.51000000000008,14.42625000000001,14.196666666666687,13.985625000000017,12.245531914893613
2792,2024-11-13,16.38,16.56,17.53,16.29,16.3,526213.0,886787000.0,15.72,14.58,13.884499999999989,13.36,12.01,73.33,1.04,0.76,0.28,通宇通讯,计算机、通信和其他电子设备制造业,主板,16.19500000000008,14.89625000000001,14.418333333333353,14.219375000000017,12.38297872340425
2792,2024-11-14,16.1,15.36,16.39,15.29,16.56,386805.0,610305000.0,16.03,14.73,14.04949999999999,13.5,12.08,61.31,1.0,0.81,0.19,通宇通讯,计算机、通信和其他电子设备制造业,主板,16.235000000000078,15.15250000000001,14.579166666666685,14.332500000000017,12.482340425531909
2792,2024-11-15,15.58,15.53,16.12,15.3,15.36,371995.0,584958000.0,16.09,15.01,14.204999999999988,13.62,12.16,62.25,0.98,0.84,0.14,通宇通讯,计算机、通信和其他电子设备制造业,主板,15.937500000000078,15.393750000000011,14.727500000000019,14.463125000000018,12.592553191489355
2792,2024-11-18,15.54,14.92,15.65,14.38,15.53,282537.0,420905000.0,15.73,15.17,14.306999999999988,13.7,12.22,56.89,0.9,0.85,0.05,通宇通讯,计算机、通信和其他电子设备制造业,主板,15.59250000000008,15.55125000000001,14.815000000000017,14.545625000000017,12.682765957446803
2792,2024-11-19,14.94,15.23,15.24,14.6,14.92,215766.0,323014000.0,15.52,15.33,14.42749999999999,13.74,12.28,58.83,0.86,0.85,0.01,通宇通讯,计算机、通信和其他电子设备制造业,主板,15.26000000000008,15.72750000000001,15.017500000000014,14.628750000000016,12.782765957446802
2792,2024-11-20,15.4,16.75,16.75,15.3,15.23,447901.0,725788000.0,15.56,15.64,14.587499999999988,13.87,12.38,66.74,0.93,0.87,0.06,通宇通讯,计算机、通信和其他电子设备制造业,主板,15.60750000000008,15.92125000000001,15.304166666666681,14.836250000000016,12.913829787234036
2792,2024-11-21,17.39,18.43,18.43,16.9,16.75,844989.0,1482320000.0,16.17,16.1,14.836999999999989,14.06,12.5,72.93,1.11,0.92,0.19,通宇通讯,计算机、通信和其他电子设备制造业,主板,16.33250000000008,16.13500000000001,15.706666666666683,15.128750000000016,13.087872340425525
2792,2024-11-22,18.07,17.65,18.37,17.1,18.43,581162.0,1024630000.0,16.6,16.34,15.039499999999986,14.25,12.61,66.72,1.18,0.97,0.21,通宇通讯,计算机、通信和其他电子设备制造业,主板,17.015000000000082,16.303750000000008,16.039166666666684,15.365000000000016,13.24553191489361
2792,2024-11-25,17.15,16.57,17.28,16.0,17.65,373899.0,612172000.0,16.93,16.33,15.172999999999988,14.4,12.72,59.2,1.13,1.0,0.13,通宇通讯,计算机、通信和其他电子设备制造业,主板,17.350000000000083,16.305000000000007,16.26833333333335,15.600625000000015,13.367021276595738
2792,2024-11-26,17.08,17.1,17.19,16.57,16.57,373995.0,631717000.0,17.3,16.41,15.356499999999988,14.57,12.83,61.5,1.13,1.03,0.1,通宇通讯,计算机、通信和其他电子设备制造业,主板,17.437500000000085,16.522500000000008,16.426666666666684,15.837500000000016,13.501276595744676
2792,2024-11-27,16.6,17.07,17.08,15.91,17.1,308044.0,511063000.0,17.36,16.46,15.522499999999988,14.74,12.94,61.29,1.1,1.04,0.06,通宇通讯,计算机、通信和其他电子设备制造业,主板,17.097500000000082,16.715000000000007,16.45583333333335,16.054375000000014,13.639361702127653
2792,2024-11-28,17.26,17.03,17.38,16.7,17.07,271079.0,459691000.0,17.08,16.63,15.68049999999999,14.91,13.06,60.99,1.08,1.05,0.03,通宇通讯,计算机、通信和其他电子设备制造业,主板,16.94250000000008,16.97875000000001,16.516666666666683,16.26500000000001,13.780425531914888
2792,2024-11-29,16.93,16.53,16.95,16.31,17.03,277985.0,462146000.0,16.86,16.73,15.866999999999987,15.05,13.17,57.23,0.99,1.04,-0.05,通宇通讯,计算机、通信和其他电子设备制造业,主板,16.932500000000083,17.14125000000001,16.514166666666682,16.434375000000014,13.905957446808504
2792,2024-12-02,16.56,16.86,17.0,16.45,16.53,235370.0,393586000.0,16.92,16.92,16.04449999999999,15.18,13.28,59.02,0.95,1.02,-0.07,通宇通讯,计算机、通信和其他电子设备制造业,主板,16.87250000000008,17.15500000000001,16.639166666666682,16.538125000000015,14.035957446808505
2792,2024-12-03,16.96,16.43,16.97,16.2,16.86,209686.0,345079000.0,16.78,17.04,16.185999999999986,15.3,13.38,55.74,0.87,0.99,-0.12,通宇通讯,计算机、通信和其他电子设备制造业,主板,16.712500000000084,16.90500000000001,16.71416666666668,16.520000000000017,14.15361702127659
2792,2024-12-04,16.31,16.32,16.52,16.0,16.43,162950.0,264306000.0,16.63,17.0,16.318999999999985,15.39,13.48,54.9,0.79,0.95,-0.16,通宇通讯,计算机、通信和其他电子设备制造业,主板,16.535000000000082,16.738750000000007,16.83083333333335,16.521250000000016,14.27021276595744
2792,2024-12-05,16.2,16.37,16.48,16.06,16.32,148417.0,241466000.0,16.5,16.79,16.446499999999986,15.49,13.57,55.23,0.72,0.9,-0.18,通宇通讯,计算机、通信和其他电子设备制造业,主板,16.495000000000083,16.713750000000008,16.92583333333335,16.509375000000016,14.384042553191483
2792,2024-12-06,16.39,16.37,16.65,16.29,16.37,165493.0,272286000.0,16.47,16.67,16.50499999999999,15.58,13.67,55.23,0.66,0.86,-0.2,通宇通讯,计算机、通信和其他电子设备制造业,主板,16.372500000000084,16.62250000000001,16.894166666666685,16.572500000000016,14.495744680851057
2792,2024-12-09,16.37,16.03,16.37,15.72,16.37,168344.0,268607000.0,16.3,16.61,16.470499999999987,15.65,13.76,52.21,0.57,0.8,-0.23,通宇通讯,计算机、通信和其他电子设备制造业,主板,16.272500000000086,16.49250000000001,16.694166666666685,16.60375000000002,14.597872340425525
2792,2024-12-10,16.5,16.35,16.73,16.09,16.03,233690.0,382653000.0,16.29,16.54,16.47299999999999,15.75,13.86,54.72,0.53,0.74,-0.21,通宇通讯,计算机、通信和其他电子设备制造业,主板,16.280000000000086,16.40750000000001,16.58583333333335,16.69312500000002,14.696595744680844
2792,2024-12-11,16.2,16.38,16.56,16.15,16.35,162032.0,264523000.0,16.3,16.47,16.463999999999988,15.84,13.97,54.96,0.49,0.69,-0.2,通宇通讯,计算机、通信和其他电子设备制造业,主板,16.282500000000084,16.38875000000001,16.570000000000018,16.76500000000002,14.773404255319143
2792,2024-12-12,16.38,16.37,16.55,16.09,16.38,159842.0,261007000.0,16.3,16.4,16.514499999999988,15.92,14.06,54.86,0.45,0.64,-0.19,通宇通讯,计算机、通信和其他电子设备制造业,主板,16.282500000000084,16.327500000000008,16.509166666666683,16.74125000000002,14.828085106382973
2792,2024-12-13,16.25,16.08,16.5,15.92,16.37,167442.0,269764000.0,16.24,16.36,16.541999999999987,16.03,14.15,51.8,0.39,0.59,-0.2,通宇通讯,计算机、通信和其他电子设备制造业,主板,16.295000000000083,16.283750000000005,16.426666666666687,16.594375000000017,14.893404255319144
2792,2024-12-16,15.83,15.61,16.0,15.35,16.08,172207.0,268920000.0,16.16,16.23,16.57649999999999,16.11,14.23,47.21,0.31,0.54,-0.23,通宇通讯,计算机、通信和其他电子设备制造业,主板,16.110000000000085,16.195000000000007,16.308333333333355,16.46687500000002,14.9563829787234
2792,2024-12-17,15.51,15.26,15.88,15.03,15.61,143509.0,220398000.0,15.94,16.11,16.577999999999985,16.16,14.31,44.08,0.21,0.47,-0.26,通宇通讯,计算机、通信和其他电子设备制造业,主板,15.830000000000087,16.056250000000006,16.20250000000002,16.38500000000002,15.028510638297869
2792,2024-12-18,15.29,15.3,15.41,14.9,15.26,119066.0,180829000.0,15.72,16.01,16.505499999999987,16.22,14.39,44.53,0.13,0.4,-0.27,通宇通讯,计算机、通信和其他电子设备制造业,主板,15.562500000000085,15.922500000000007,16.07250000000002,16.27250000000002,15.095744680851059
2792,2024-12-19,15.08,15.4,15.5,15.04,15.3,143170.0,219422000.0,15.53,15.91,16.353999999999985,16.27,14.47,45.72,0.07,0.34,-0.27,通宇通讯,计算机、通信和其他电子设备制造业,主板,15.392500000000087,15.843750000000007,15.986666666666686,16.168125000000018,15.168085106382973
2792,2024-12-20,15.3,15.65,15.93,15.13,15.4,163958.0,255515000.0,15.44,15.84,16.253999999999984,16.28,14.55,48.67,0.05,0.28,-0.23,通宇通讯,计算机、通信和其他电子设备制造业,主板,15.402500000000089,15.756250000000009,15.930833333333354,16.081875000000018,15.24765957446808
2792,2024-12-23,15.65,15.1,15.75,14.91,15.65,146918.0,223823000.0,15.34,15.75,16.180499999999988,16.23,14.62,43.11,-0.01,0.22,-0.23,通宇通讯,计算机、通信和其他电子设备制造业,主板,15.362500000000088,15.596250000000008,15.825000000000019,15.99250000000002,15.31234042553191
2792,2024-12-24,15.08,15.13,15.19,14.7,15.1,133363.0,199901000.0,15.32,15.63,16.081999999999987,16.19,14.68,43.49,-0.06,0.17,-0.23,通宇通讯,计算机、通信和其他电子设备制造业,主板,15.320000000000089,15.441250000000007,15.721666666666685,15.88437500000002,15.369999999999997
2792,2024-12-25,15.03,14.93,15.04,14.63,15.13,109754.0,162548000.0,15.24,15.48,15.974999999999985,16.14,14.75,41.51,-0.11,0.11,-0.22,通宇通讯,计算机、通信和其他电子设备制造业,主板,15.202500000000088,15.297500000000008,15.630000000000019,15.79062500000002,15.413617021276592
2792,2024-12-26,14.87,15.4,15.45,14.8,14.93,228118.0,348514000.0,15.24,15.39,15.893499999999984,16.14,14.82,47.56,-0.11,0.07,-0.18,通宇通讯,计算机、通信和其他电子设备制造业,主板,15.140000000000088,15.271250000000007,15.550833333333353,15.733125000000019,15.468510638297866
2792,2024-12-27,15.42,16.09,16.11,15.27,15.4,360869.0,568911000.0,15.33,15.39,15.87149999999998,16.16,14.89,54.93,-0.05,0.04,-0.09,通宇通讯,计算机、通信和其他电子设备制造业,主板,15.387500000000086,15.375000000000005,15.526666666666687,15.715625000000017,15.522553191489358
2792,2024-12-30,15.8,15.72,16.01,15.47,16.09,200642.0,315577000.0,15.45,15.4,15.814499999999981,16.18,14.94,50.81,-0.05,0.02,-0.07,通宇通讯,计算机、通信和其他电子设备制造业,主板,15.535000000000087,15.427500000000007,15.47250000000002,15.675000000000018,15.57106382978723
2792,2024-12-31,15.72,14.88,15.8,14.71,15.72,175807.0,266239000.0,15.4,15.36,15.73699999999998,16.17,14.96,42.93,-0.1,0.0,-0.1,通宇通讯,计算机、通信和其他电子设备制造业,主板,15.522500000000088,15.362500000000008,15.372500000000022,15.603125000000018,15.59829787234042
2792,2025-01-02,14.72,14.26,14.99,14.01,14.88,149714.0,216105000.0,15.27,15.26,15.63399999999998,16.09,14.98,38.22,-0.19,-0.04,-0.15,通宇通讯,计算机、通信和其他电子设备制造业,主板,15.237500000000088,15.188750000000006,15.26000000000002,15.47250000000002,15.605957446808507
2792,2025-01-03,14.19,13.17,14.36,13.15,14.26,153388.0,208493000.0,14.82,15.03,15.47399999999998,15.91,14.99,31.64,-0.35,-0.1,-0.25,通宇通讯,计算机、通信和其他电子设备制造业,主板,14.507500000000086,14.947500000000005,15.085833333333353,15.27187500000002,15.600425531914889
2792,2025-01-06,13.4,13.37,13.89,13.15,13.17,126131.0,169527000.0,14.28,14.81,15.32399999999998,15.77,15.01,33.89,-0.45,-0.17,-0.28,通宇通讯,计算机、通信和其他电子设备制造业,主板,13.920000000000087,14.727500000000006,14.925000000000018,15.08437500000002,15.59234042553191
2792,2025-01-07,13.5,13.74,13.76,13.28,13.37,114689.0,154976000.0,13.88,14.67,15.20949999999998,15.68,15.04,37.95,-0.5,-0.24,-0.26,通宇通讯,计算机、通信和其他电子设备制造业,主板,13.635000000000085,14.578750000000007,14.786666666666685,14.93812500000002,15.589574468085102
2792,2025-01-08,13.71,13.82,13.96,13.05,13.74,148131.0,200708000.0,13.67,14.54,15.082999999999979,15.57,15.07,38.83,-0.52,-0.29,-0.23,通宇通讯,计算机、通信和其他电子设备制造业,主板,13.525000000000086,14.381250000000005,14.634166666666685,14.82625000000002,15.611276595744679
2792,2025-01-09,13.65,14.27,14.28,13.62,13.82,159533.0,224224000.0,13.67,14.47,14.977499999999978,15.47,15.11,43.65,-0.5,-0.33,-0.17,通宇通讯,计算机、通信和其他电子设备制造业,主板,13.800000000000086,14.153750000000006,14.565000000000019,14.76437500000002,15.631702127659572
2792,2025-01-10,14.13,13.87,14.26,13.67,14.27,121832.0,169842000.0,13.81,14.32,14.852499999999978,15.37,15.14,40.59,-0.5,-0.37,-0.13,通宇通讯,计算机、通信和其他电子设备制造业,主板,13.925000000000088,13.922500000000007,14.46000000000002,14.67500000000002,15.637446808510637
2792,2025-01-13,13.46,13.59,13.78,13.23,13.87,70393.8,95218300.0,13.86,14.07,14.727999999999977,15.27,15.16,38.55,-0.53,-0.4,-0.13,通宇通讯,计算机、通信和其他电子设备制造业,主板,13.887500000000086,13.761250000000008,14.348333333333352,14.56187500000002,15.63595744680851
2792,2025-01-14,13.63,14.14,14.18,13.47,13.59,178360.0,247469000.0,13.94,13.91,14.654499999999976,15.18,15.18,44.45,-0.49,-0.42,-0.07,通宇通讯,计算机、通信和其他电子设备制造业,主板,13.967500000000085,13.746250000000007,14.243333333333352,14.46750000000002,15.642765957446807
2792,2025-01-15,14.05,13.95,14.26,13.89,14.14,110413.0,155302000.0,13.96,13.82,14.588999999999976,15.1,15.2,42.92,-0.48,-0.43,-0.05,通宇通讯,计算机、通信和其他电子设备制造业,主板,13.887500000000085,13.843750000000007,14.065000000000017,14.39562500000002,15.616170212765956
2792,2025-01-16,14.01,14.01,14.2,13.75,13.95,103654.0,144802000.0,13.91,13.79,14.524499999999975,15.02,15.21,43.58,-0.46,-0.44,-0.02,通宇通讯,计算机、通信和其他电子设备制造业,主板,13.922500000000086,13.923750000000007,13.922500000000015,14.32562500000002,15.55851063829787
2792,2025-01-17,14.01,14.28,14.64,13.9,14.01,171468.0,245543000.0,13.99,13.9,14.468499999999974,14.95,15.22,46.58,-0.41,-0.43,0.02,通宇通讯,计算机、通信和其他电子设备制造业,主板,14.095000000000084,13.991250000000008,13.872500000000016,14.28500000000002,15.515531914893614
2792,2025-01-20,14.35,14.66,14.87,14.27,14.28,171495.0,250149000.0,14.21,14.03,14.418999999999977,14.89,15.24,50.56,-0.34,-0.41,0.07,通宇通讯,计算机、通信和其他电子设备制造业,主板,14.225000000000083,14.096250000000008,13.90583333333335,14.23875000000002,15.475106382978721
2792,2025-01-21,14.63,14.48,14.7,14.18,14.66,138418.0,199331000.0,14.28,14.11,14.387999999999977,14.84,15.25,48.71,-0.3,-0.39,0.09,通宇通讯,计算机、通信和其他电子设备制造业,主板,14.357500000000083,14.12250000000001,14.015000000000017,14.138125000000018,15.456382978723402
2792,2025-01-22,14.38,14.6,15.1,14.38,14.48,182174.0,269283000.0,14.41,14.18,14.361499999999978,14.78,15.27,50.02,-0.25,-0.36,0.11,通宇通讯,计算机、通信和其他电子设备制造业,主板,14.505000000000082,14.213750000000008,14.117500000000016,14.068125000000018,15.43659574468085
2792,2025-01-23,14.7,14.4,15.05,14.4,14.6,137873.0,203108000.0,14.48,14.2,14.334999999999976,14.72,15.28,47.82,-0.23,-0.34,0.11,通宇通讯,计算机、通信和其他电子设备制造业,主板,14.535000000000082,14.315000000000008,14.172500000000015,14.038125000000019,15.425531914893616
2792,2025-01-24,14.28,14.8,14.8,14.2,14.4,136120.0,199618000.0,14.59,14.29,14.304999999999978,14.67,15.29,52.34,-0.18,-0.3,0.12,通宇通讯,计算机、通信和其他电子设备制造业,主板,14.570000000000082,14.39750000000001,14.254166666666684,14.07187500000002,15.416382978723403
2792,2025-01-27,14.81,14.31,14.81,14.28,14.8,103924.0,150365000.0,14.52,14.36,14.21599999999998,14.61,15.32,46.98,-0.17,-0.28,0.11,通宇通讯,计算机、通信和其他电子设备制造业,主板,14.527500000000082,14.442500000000008,14.257500000000016,14.14312500000002,15.364468085106381
2792,2025-02-05,14.19,14.58,14.94,14.01,14.31,114619.0,165993000.0,14.54,14.41,14.158999999999978,14.57,15.34,50.02,-0.15,-0.25,0.1,通宇通讯,计算机、通信和其他电子设备制造业,主板,14.52250000000008,14.513750000000007,14.316666666666684,14.218750000000021,15.282553191489361
2792,2025-02-06,14.58,15.27,15.28,14.45,14.58,182128.0,273077000.0,14.67,14.54,14.178499999999977,14.57,15.37,56.83,-0.07,-0.22,0.15,通宇通讯,计算机、通信和其他电子设备制造业,主板,14.740000000000082,14.637500000000006,14.456666666666685,14.314375000000021,15.23191489361702
2792,2025-02-07,15.14,15.1,15.29,14.83,15.27,242746.0,366898000.0,14.81,14.65,14.220499999999978,14.57,15.39,54.84,-0.01,-0.17,0.16,通宇通讯,计算机、通信和其他电子设备制造业,主板,14.815000000000083,14.692500000000006,14.536666666666685,14.394375000000021,15.20063829787234
2792,2025-02-10,15.09,15.22,15.26,14.97,15.1,146709.0,221937000.0,14.9,14.74,14.322999999999979,14.56,15.41,56.01,0.03,-0.13,0.16,通宇通讯,计算机、通信和其他电子设备制造业,主板,15.042500000000082,14.785000000000005,14.64250000000002,14.45375000000002,15.160638297872339
2792,2025-02-11,15.24,15.11,15.32,15.01,15.22,126796.0,192092000.0,15.06,14.79,14.409999999999979,14.54,15.41,54.62,0.06,-0.09,0.15,通宇通讯,计算机、通信和其他电子设备制造业,主板,15.175000000000082,14.848750000000006,14.734166666666686,14.531250000000021,15.118936170212764
2792,2025-02-12,15.11,15.36,15.37,15.05,15.11,149069.0,226809000.0,15.21,14.88,14.49099999999998,14.55,15.39,57.22,0.1,-0.06,0.16,通宇通讯,计算机、通信和其他电子设备制造业,主板,15.197500000000083,14.968750000000004,14.824166666666686,14.641875000000022,15.083404255319149
2792,2025-02-13,15.36,15.0,15.36,14.95,15.36,105313.0,158982000.0,15.16,14.91,14.54999999999998,14.55,15.37,52.55,0.1,-0.02,0.12,通宇通讯,计算机、通信和其他电子设备制造业,主板,15.172500000000083,14.993750000000004,14.85250000000002,14.695625000000021,15.050851063829787
2792,2025-02-14,14.89,15.03,15.13,14.81,15.0,91778.4,137281000.0,15.14,14.98,14.58799999999998,14.55,15.34,52.89,0.11,0.0,0.11,通宇通讯,计算机、通信和其他电子设备制造业,主板,15.125000000000082,15.083750000000002,14.898333333333355,14.763125000000022,15.01191489361702
2792,2025-02-17,15.06,15.03,15.2,14.9,15.03,109264.0,164641000.0,15.11,15.0,14.645999999999978,14.54,15.34,52.89,0.11,0.02,0.09,通宇通讯,计算机、通信和其他电子设备制造业,主板,15.105000000000082,15.140000000000002,14.93416666666669,14.826875000000022,14.982127659574468
2792,2025-02-18,14.96,14.32,15.08,14.32,15.03,124739.0,183234000.0,14.95,15.0,14.68249999999998,14.48,15.32,44.08,0.05,0.03,0.02,通宇通讯,计算机、通信和其他电子设备制造业,主板,14.84500000000008,15.021250000000004,14.927500000000022,14.829375000000022,14.939574468085105
2792,2025-02-19,14.44,14.77,14.77,14.37,14.32,101172.0,147919000.0,14.83,15.02,14.713999999999979,14.45,15.32,49.79,0.04,0.03,0.01,通宇通讯,计算机、通信和其他电子设备制造业,主板,14.78750000000008,14.980000000000004,14.92500000000002,14.836250000000023,14.905531914893617
2792,2025-02-20,14.8,15.32,15.82,14.67,14.77,273110.0,418829000.0,14.89,15.03,14.78249999999998,14.46,15.32,55.74,0.07,0.04,0.03,通宇通讯,计算机、通信和其他电子设备制造业,主板,14.860000000000078,14.992500000000003,15.009166666666687,14.888750000000023,14.883191489361701
2792,2025-02-21,15.34,15.48,15.52,15.1,15.32,200610.0,307767000.0,14.98,15.06,14.85599999999998,14.5,15.3,57.32,0.12,0.06,0.06,通宇通讯,计算机、通信和其他电子设备制造业,主板,14.972500000000078,15.038750000000002,15.084166666666684,14.943750000000023,14.871489361702128
2792,2025-02-24,15.54,15.51,15.8,15.21,15.48,157537.0,243829000.0,15.08,15.09,14.91749999999998,14.58,15.25,57.63,0.15,0.07,0.08,通宇通讯,计算机、通信和其他电子设备制造业,主板,15.27000000000008,15.057500000000003,15.104166666666684,15.013125000000022,14.853617021276596
2792,2025-02-25,15.25,15.88,16.25,15.21,15.51,325720.0,518591000.0,15.39,15.17,14.978499999999979,14.66,15.22,61.31,0.21,0.1,0.11,通宇通讯,计算机、通信和其他电子设备制造业,主板,15.547500000000081,15.167500000000004,15.169166666666683,15.080625000000023,14.842978723404256
2792,2025-02-26,15.99,15.82,16.05,15.7,15.88,205665.0,325007000.0,15.6,15.22,15.04549999999998,14.73,15.2,60.4,0.24,0.13,0.11,通宇通讯,计算机、通信和其他电子设备制造业,主板,15.672500000000083,15.266250000000003,15.219166666666682,15.175000000000022,14.831276595744681
2792,2025-02-27,16.11,15.77,16.11,15.53,15.82,193732.0,306485000.0,15.69,15.29,15.103999999999976,14.8,15.18,59.6,0.26,0.16,0.1,通宇通讯,计算机、通信和其他电子设备制造业,主板,15.745000000000083,15.358750000000004,15.274166666666682,15.24937500000002,14.82468085106383
2792,2025-02-28,15.63,14.97,15.68,14.91,15.77,143623.0,219093000.0,15.59,15.29,15.132499999999979,14.82,15.15,48.52,0.2,0.16,0.04,通宇通讯,计算机、通信和其他电子设备制造业,主板,15.610000000000083,15.440000000000005,15.241666666666683,15.23062500000002,14.811063829787233
2792,2025-03-03,15.07,14.72,15.2,14.62,14.97,116206.0,173135000.0,15.43,15.26,15.12849999999998,14.85,15.11,45.66,0.14,0.16,-0.02,通宇通讯,计算机、通信和其他电子设备制造业,主板,15.320000000000084,15.433750000000005,15.21833333333335,15.20687500000002,14.799574468085106
2792,2025-03-04,14.6,14.8,14.87,14.55,14.72,89673.8,132476000.0,15.22,15.3,15.152999999999981,14.89,15.08,46.74,0.1,0.15,-0.05,通宇通讯,计算机、通信和其他电子设备制造业,主板,15.065000000000085,15.368750000000006,15.199166666666684,15.180625000000019,14.788936170212766
2792,2025-03-05,15.09,15.66,15.77,15.09,14.8,289349.0,446921000.0,15.18,15.39,15.206999999999983,14.94,15.06,56.71,0.14,0.15,-0.01,通宇通讯,计算机、通信和其他电子设备制造业,主板,15.037500000000087,15.391250000000005,15.251666666666685,15.215000000000018,14.794468085106384
2792,2025-03-06,15.67,15.82,16.0,15.6,15.66,284674.0,451166000.0,15.19,15.44,15.234499999999983,15.0,15.05,58.27,0.17,0.15,0.02,通宇通讯,计算机、通信和其他电子设备制造业,主板,15.250000000000085,15.430000000000005,15.376666666666685,15.243750000000016,14.798085106382981
2792,2025-03-07,15.88,15.6,15.96,15.48,15.82,172002.0,270630000.0,15.32,15.45,15.259499999999983,15.06,15.04,55.31,0.18,0.16,0.02,通宇通讯,计算机、通信和其他电子设备制造业,主板,15.470000000000084,15.395000000000007,15.445833333333349,15.281250000000018,14.808723404255321
2792,2025-03-10,15.5,15.48,15.68,15.36,15.6,119321.0,184887000.0,15.47,15.45,15.272499999999983,15.1,15.02,53.71,0.18,0.16,0.02,通宇通讯,计算机、通信和其他电子设备制造业,主板,15.640000000000086,15.352500000000006,15.459166666666682,15.309375000000019,14.816170212765961
2792,2025-03-11,15.18,15.49,15.53,15.15,15.48,96332.3,147854000.0,15.61,15.41,15.291499999999981,15.12,15.01,53.83,0.18,0.17,0.01,通宇通讯,计算机、通信和其他电子设备制造业,主板,15.597500000000085,15.317500000000008,15.460000000000017,15.338125000000018,14.828085106382982
2792,2025-03-12,15.55,15.63,15.9,15.49,15.49,138400.0,216883000.0,15.6,15.39,15.304999999999982,15.16,15.0,55.57,0.18,0.17,0.01,通宇通讯,计算机、通信和其他电子设备制造业,主板,15.550000000000084,15.40000000000001,15.470000000000018,15.42000000000002,14.83297872340426
2792,2025-03-13,15.87,15.65,16.08,15.35,15.63,189282.0,297554000.0,15.57,15.38,15.33749999999998,15.2,14.99,55.82,0.19,0.17,0.02,通宇通讯,计算机、通信和其他电子设备制造业,主板,15.562500000000083,15.51625000000001,15.450833333333351,15.475000000000017,14.823617021276599
2792,2025-03-14,15.6,15.77,15.86,15.35,15.65,148916.0,233169000.0,15.6,15.46,15.37449999999998,15.24,14.98,57.41,0.19,0.18,0.01,通宇通讯,计算机、通信和其他电子设备制造业,主板,15.635000000000083,15.637500000000012,15.446666666666687,15.503125000000018,14.824680851063832
2792,2025-03-17,15.78,16.0,16.16,15.69,15.77,203423.0,325578000.0,15.71,15.59,15.422999999999982,15.28,14.97,60.34,0.22,0.18,0.04,通宇通讯,计算机、通信和其他电子设备制造业,主板,15.762500000000083,15.68000000000001,15.465833333333352,15.53562500000002,14.848510638297874
2792,2025-03-18,16.03,15.84,16.05,15.73,16.0,125141.0,198534000.0,15.78,15.69,15.498999999999981,15.33,14.97,57.38,0.22,0.19,0.03,通宇通讯,计算机、通信和其他电子设备制造业,主板,15.815000000000081,15.682500000000012,15.538333333333354,15.55625000000002,14.882127659574472
2792,2025-03-19,15.99,16.08,17.42,15.9,15.84,584263.0,962798000.0,15.87,15.74,15.564499999999981,15.38,14.98,60.51,0.24,0.2,0.04,通宇通讯,计算机、通信和其他电子设备制造业,主板,15.92250000000008,15.74250000000001,15.651666666666687,15.56875000000002,14.944042553191494
2792,2025-03-20,15.65,15.65,15.94,15.36,16.08,335092.0,525199000.0,15.87,15.72,15.58099999999998,15.4,14.98,53.0,0.22,0.21,0.01,通宇通讯,计算机、通信和其他电子设备制造业,主板,15.89250000000008,15.76375000000001,15.72250000000002,15.558125000000018,14.992553191489366
2792,2025-03-21,15.42,15.74,16.24,15.23,15.65,333336.0,527084000.0,15.86,15.73,15.59399999999998,15.42,14.99,54.28,0.21,0.21,0.0,通宇通讯,计算机、通信和其他电子设备制造业,主板,15.827500000000079,15.79500000000001,15.729166666666687,15.556250000000018,15.035106382978729
2792,2025-03-24,15.74,15.16,15.98,14.77,15.74,263611.0,403301000.0,15.69,15.7,15.576499999999982,15.42,14.99,45.65,0.14,0.19,-0.05,通宇通讯,计算机、通信和其他电子设备制造业,主板,15.657500000000077,15.736250000000013,15.674166666666688,15.568125000000018,15.063617021276599
2792,2025-03-25,15.18,14.71,15.38,14.63,15.16,153502.0,229561000.0,15.47,15.62,15.517999999999981,15.4,14.97,40.3,0.07,0.17,-0.1,通宇通讯,计算机、通信和其他电子设备制造业,主板,15.31500000000008,15.618750000000013,15.600000000000023,15.567500000000019,15.072978723404258
