code,timestamps,open,close,high,low,ycp,vol,amount,MA5,MA10,MA20,MA30,MA60,MSI,DIF,DEA,MACD_Hist,name,industry,block,MA4,MA8,MA12,MA16,MA47
2992,2020-11-02,30.5,29.45,30.64,29.1,30.29,11655.2,34638000.0,,,29.45,,,,0.0,0.0,0.0,宝明科技,计算机、通信和其他电子设备制造业,主板,29.45,29.45,29.45,29.45,29.45
2992,2020-11-03,29.4,30.01,30.3,29.4,29.45,7670.51,22968100.0,,,29.73,,,,0.05,0.01,0.04,宝明科技,计算机、通信和其他电子设备制造业,主板,29.73,29.73,29.73,29.73,29.73
2992,2020-11-04,30.07,30.16,30.28,29.83,30.01,5893.73,17742600.0,,,29.873333333333335,,,,0.09,0.03,0.06,宝明科技,计算机、通信和其他电子设备制造业,主板,29.873333333333335,29.873333333333335,29.873333333333335,29.873333333333335,29.873333333333335
2992,2020-11-05,30.3,30.69,30.95,30.21,30.16,9744.56,29762100.0,,,30.0775,,,,0.16,0.05,0.11,宝明科技,计算机、通信和其他电子设备制造业,主板,30.0775,30.0775,30.0775,30.0775,30.0775
2992,2020-11-06,30.74,30.28,30.75,30.09,30.69,7970.92,24218500.0,30.12,,30.118000000000002,,,,0.2,0.08,0.12,宝明科技,计算机、通信和其他电子设备制造业,主板,30.285,30.118000000000002,30.118000000000002,30.118000000000002,30.118000000000002
2992,2020-11-09,30.32,31.04,31.08,30.32,30.28,13231.5,40842400.0,30.44,,30.271666666666665,,,,0.27,0.12,0.15,宝明科技,计算机、通信和其他电子设备制造业,主板,30.5425,30.271666666666665,30.271666666666665,30.271666666666665,30.271666666666665
2992,2020-11-10,31.22,31.09,31.7,31.01,31.04,16625.3,51992300.0,30.65,,30.388571428571428,,,,0.34,0.16,0.18,宝明科技,计算机、通信和其他电子设备制造业,主板,30.775,30.388571428571428,30.388571428571428,30.388571428571428,30.388571428571428
2992,2020-11-11,31.29,30.59,31.29,30.5,31.09,10342.7,31738600.0,30.74,,30.41375,,,,0.34,0.2,0.14,宝明科技,计算机、通信和其他电子设备制造业,主板,30.75,30.41375,30.41375,30.41375,30.41375
2992,2020-11-12,30.57,30.23,30.84,30.21,30.59,6235.75,18987800.0,30.65,,30.393333333333334,,,,0.31,0.22,0.09,宝明科技,计算机、通信和其他电子设备制造业,主板,30.737499999999997,30.511250000000004,30.393333333333334,30.393333333333334,30.393333333333334
2992,2020-11-13,30.22,30.11,30.28,29.83,30.23,7039.07,21125300.0,30.61,30.36,30.365000000000002,,,,0.28,0.23,0.05,宝明科技,计算机、通信和其他电子设备制造业,主板,30.505000000000003,30.523750000000007,30.365000000000002,30.365000000000002,30.365000000000002
2992,2020-11-16,30.29,30.45,30.59,30.06,30.11,7924.11,24036900.0,30.49,30.47,30.372727272727275,,,,0.27,0.24,0.03,宝明科技,计算机、通信和其他电子设备制造业,主板,30.345,30.560000000000006,30.372727272727275,30.372727272727275,30.372727272727275
2992,2020-11-17,30.58,30.12,30.58,29.91,30.45,8037.92,24205900.0,30.3,30.48,30.35166666666667,,,,0.24,0.24,0.0,宝明科技,计算机、通信和其他电子设备制造业,主板,30.2275,30.488750000000003,30.35166666666667,30.35166666666667,30.35166666666667
2992,2020-11-18,30.04,30.22,30.35,29.98,30.12,7137.54,21550600.0,30.23,30.48,30.341538461538466,,,,0.22,0.24,-0.02,宝明科技,计算机、通信和其他电子设备制造业,主板,30.224999999999998,30.48125,30.41583333333334,30.341538461538466,30.341538461538466
2992,2020-11-19,30.25,30.26,30.39,30.01,30.22,8657.16,26177600.0,30.23,30.44,30.33571428571429,,,54.9,0.21,0.23,-0.02,宝明科技,计算机、通信和其他电子设备制造业,主板,30.2625,30.383750000000003,30.43666666666667,30.33571428571429,30.33571428571429
2992,2020-11-20,30.3,30.92,31.3,30.15,30.26,16107.7,49399000.0,30.39,30.5,30.37466666666667,,,64.71,0.25,0.23,0.02,宝明科技,计算机、通信和其他电子设备制造业,主板,30.38,30.3625,30.500000000000004,30.37466666666667,30.37466666666667
2992,2020-11-23,30.8,30.92,31.01,30.39,30.92,11910.8,36583600.0,30.49,30.49,30.408750000000005,,,64.71,0.27,0.24,0.03,宝明科技,计算机、通信和其他电子设备制造业,主板,30.58,30.40375,30.519166666666674,30.408750000000005,30.408750000000005
2992,2020-11-24,30.92,31.68,31.98,30.92,30.92,28621.3,89995800.0,30.8,30.55,30.483529411764707,,,72.65,0.35,0.26,0.09,宝明科技,计算机、通信和其他电子设备制造业,主板,30.945,30.584999999999997,30.63583333333334,30.548125000000002,30.483529411764707
2992,2020-11-25,31.8,30.86,32.1,30.84,31.68,16427.9,51491100.0,30.93,30.58,30.504444444444445,,,57.59,0.34,0.28,0.06,宝明科技,计算机、通信和其他电子设备制造业,主板,31.094999999999995,30.678749999999994,30.62083333333334,30.60125,30.504444444444445
2992,2020-11-26,30.86,30.48,31.04,30.42,30.86,9751.85,29899300.0,30.97,30.6,30.503157894736844,,,52.19,0.31,0.29,0.02,宝明科技,计算机、通信和其他电子设备制造业,主板,30.984999999999996,30.682499999999997,30.57000000000001,30.62125,30.503157894736844
2992,2020-11-27,30.48,30.55,30.7,30.36,30.48,7533.31,22992300.0,30.9,30.65,30.5055,,,53.07,0.27,0.28,-0.01,宝明科技,计算机、通信和其他电子设备制造业,主板,30.892499999999995,30.73625,30.56666666666668,30.6125,30.5055
2992,2020-11-30,30.52,30.58,30.7,30.4,30.55,6809.32,20804200.0,30.83,30.66,30.562,,,53.46,0.25,0.28,-0.03,宝明科技,计算机、通信和其他电子设备制造业,主板,30.617499999999993,30.781249999999996,30.595833333333346,30.63125,30.50904761904762
2992,2020-12-01,30.57,31.05,31.23,30.56,30.58,9799.63,30270900.0,30.7,30.75,30.613999999999997,,,59.21,0.26,0.27,-0.01,宝明科技,计算机、通信和其他电子设备制造业,主板,30.664999999999996,30.879999999999995,30.67416666666668,30.631874999999997,30.533636363636365
2992,2020-12-02,31.2,31.77,31.9,31.05,31.05,17099.6,54003600.0,30.89,30.91,30.694499999999998,,,66.12,0.33,0.28,0.05,宝明科技,计算机、通信和其他电子设备制造业,主板,30.987499999999994,30.98624999999999,30.78416666666668,30.674375,30.587391304347825
2992,2020-12-03,31.61,31.38,31.8,31.13,31.77,11480.5,36137900.0,31.07,31.02,30.728999999999996,,,60.17,0.35,0.3,0.05,宝明科技,计算机、通信和其他电子设备制造业,主板,31.194999999999997,31.04374999999999,30.88916666666668,30.723750000000006,30.620416666666667
2992,2020-12-04,31.2,31.29,31.42,31.05,31.38,13966.5,43563400.0,31.21,31.06,30.779499999999995,,,58.86,0.36,0.31,0.05,宝明科技,计算机、通信和其他电子设备制造业,主板,31.3725,30.99499999999999,30.978333333333342,30.790000000000006,30.647199999999998
2992,2020-12-07,31.47,30.52,31.47,30.52,31.29,10983.5,33931900.0,31.2,31.02,30.753499999999995,,,48.99,0.29,0.31,-0.02,宝明科技,计算机、通信和其他电子设备制造业,主板,31.24,30.952499999999986,31.00000000000001,30.815625000000004,30.64230769230769
2992,2020-12-08,30.46,29.96,30.65,29.91,30.52,10719.5,32388200.0,30.98,30.84,30.696999999999996,,,43.31,0.19,0.28,-0.09,宝明科技,计算机、通信和其他电子设备制造业,主板,30.787499999999998,30.887499999999985,30.920000000000005,30.785000000000007,30.617037037037036
2992,2020-12-09,29.9,32.96,32.96,29.79,29.96,41665.1,133354000.0,31.22,31.05,30.815499999999997,,,66.04,0.36,0.3,0.06,宝明科技,计算机、通信和其他电子设备制造业,主板,31.182499999999997,31.188749999999985,31.090000000000003,30.962500000000006,30.700714285714287
2992,2020-12-10,32.2,33.15,33.66,31.89,32.96,61782.6,202126000.0,31.58,31.32,30.961499999999994,,,66.95,0.49,0.34,0.15,宝明科技,计算机、通信和其他电子设备制造业,主板,31.6475,31.509999999999984,31.212500000000002,31.145625000000003,30.785172413793102
2992,2020-12-11,32.9,31.61,32.91,31.4,33.15,38154.5,122407000.0,31.64,31.43,31.036499999999997,30.81,,54.32,0.47,0.36,0.11,宝明科技,计算机、通信和其他电子设备制造业,主板,31.919999999999998,31.579999999999984,31.275000000000002,31.230000000000004,30.812666666666665
2992,2020-12-14,32.09,32.49,33.28,32.03,31.61,33738.8,109759000.0,32.03,31.62,31.138499999999993,30.91,,59.07,0.52,0.39,0.13,宝明科技,计算机、通信和其他电子设备制造业,主板,32.552499999999995,31.669999999999984,31.4425,31.328125000000004,30.866774193548387
2992,2020-12-15,32.1,33.25,33.25,31.74,32.49,36339.6,118495000.0,32.69,31.84,31.294999999999995,31.02,,62.68,0.61,0.44,0.17,宝明科技,计算机、通信和其他电子设备制造业,主板,32.62499999999999,31.903749999999988,31.6675,31.47375,30.94125
2992,2020-12-16,32.86,32.62,33.6,32.33,33.25,35406.4,116998000.0,32.62,31.92,31.414999999999992,31.1,,58.11,0.63,0.48,0.15,宝明科技,计算机、通信和其他电子设备制造业,主板,32.49249999999999,32.069999999999986,31.837500000000002,31.532499999999995,30.992121212121212
2992,2020-12-17,32.65,32.05,32.67,31.15,32.62,22026.7,70130700.0,32.4,31.99,31.50449999999999,31.15,,54.25,0.59,0.5,0.09,宝明科技,计算机、通信和其他电子设备制造业,主板,32.60249999999999,32.26124999999999,31.920833333333334,31.606874999999995,31.023235294117647
2992,2020-12-18,31.79,30.52,31.88,30.44,32.05,22832.2,71244200.0,32.19,31.91,31.48449999999999,31.16,,45.52,0.42,0.48,-0.06,宝明科技,计算机、通信和其他电子设备制造业,主板,32.10999999999999,32.33124999999999,31.816666666666666,31.609374999999993,31.008857142857142
2992,2020-12-21,30.39,30.22,30.4,29.8,30.52,15580.0,46920300.0,31.73,31.88,31.449499999999993,31.13,,44.02,0.27,0.44,-0.17,宝明科技,计算机、通信和其他电子设备制造业,主板,31.352499999999992,31.988749999999985,31.72,31.588749999999994,30.986944444444443
2992,2020-12-22,29.99,29.39,30.48,29.28,30.22,14550.0,43571500.0,30.96,31.83,31.334999999999997,31.07,,40.09,0.08,0.37,-0.29,宝明科技,计算机、通信和其他电子设备制造业,主板,30.544999999999987,31.518749999999986,31.561666666666664,31.514374999999998,30.943783783783786
2992,2020-12-23,29.39,28.08,29.44,27.7,29.39,26830.1,76123900.0,30.05,31.34,31.195999999999998,30.99,,34.81,-0.17,0.26,-0.43,宝明科技,计算机、通信和其他电子设备制造业,主板,29.552499999999984,31.077499999999986,31.35833333333333,31.328749999999996,30.86842105263158
2992,2020-12-24,28.09,27.08,28.18,27.0,28.08,14084.9,38512700.0,29.06,30.73,31.026,30.88,,31.41,-0.45,0.12,-0.57,宝明科技,计算机、通信和其他电子设备制造业,主板,28.692499999999985,30.401249999999983,31.11833333333333,31.035624999999996,30.77128205128205
2992,2020-12-25,27.43,27.4,27.77,27.0,27.08,11079.3,30352800.0,28.43,30.31,30.8685,30.79,,33.65,-0.64,-0.03,-0.61,宝明科技,计算机、通信和其他电子设备制造业,主板,27.987499999999983,29.66999999999998,30.654999999999998,30.786874999999995,30.687
2992,2020-12-28,27.59,26.33,27.59,26.32,27.4,12574.6,33591600.0,27.66,29.69,30.656,30.66,,30.11,-0.86,-0.2,-0.66,宝明科技,计算机、通信和其他电子设备制造业,主板,27.22249999999998,28.883749999999978,30.086666666666662,30.476874999999996,30.58073170731707
2992,2020-12-29,26.34,26.5,26.79,26.09,26.33,7221.62,19137700.0,27.08,29.02,30.428500000000003,30.54,,31.35,-1.02,-0.36,-0.66,宝明科技,计算机、通信和其他电子设备制造业,主板,26.827499999999983,28.189999999999976,29.66083333333333,30.225624999999994,30.483571428571427
2992,2020-12-30,26.4,26.62,26.69,26.22,26.5,6389.92,16930200.0,26.79,28.42,30.171000000000003,30.42,,32.26,-1.11,-0.51,-0.6,宝明科技,计算机、通信和其他电子设备制造业,主板,26.71249999999998,27.702499999999976,29.171666666666663,30.016874999999995,30.393720930232554
2992,2020-12-31,26.61,26.82,27.27,26.61,26.62,7064.16,19038100.0,26.73,27.9,29.943000000000005,30.3,,33.83,-1.16,-0.64,-0.52,宝明科技,计算机、通信和其他电子设备制造业,主板,26.56749999999998,27.277499999999975,28.635833333333327,29.633124999999996,30.312499999999996
2992,2021-01-04,27.1,27.0,27.13,26.67,26.82,7520.74,20241900.0,26.65,27.54,29.728500000000007,30.17,,35.28,-1.17,-0.75,-0.42,宝明科技,计算机、通信和其他电子设备制造业,主板,26.73499999999998,26.978749999999977,28.167499999999993,29.248749999999998,30.238888888888884
2992,2021-01-05,26.81,26.69,26.99,26.49,27.0,8859.82,23670300.0,26.73,27.19,29.537000000000013,30.03,,33.9,-1.19,-0.84,-0.35,宝明科技,计算机、通信和其他电子设备制造业,主板,26.782499999999985,26.80499999999998,27.720833333333328,28.941249999999997,30.16173913043478
2992,2021-01-06,26.69,25.77,26.79,25.35,26.69,16566.9,42879500.0,26.58,26.83,29.327500000000008,29.83,,30.13,-1.27,-0.92,-0.35,宝明科技,计算机、通信和其他电子设备制造业,主板,26.569999999999986,26.641249999999978,27.324999999999992,28.521249999999995,30.06829787234042
2992,2021-01-07,25.84,24.19,25.85,24.1,25.77,14220.3,35302100.0,26.09,26.44,28.88900000000001,29.61,,24.98,-1.44,-1.03,-0.41,宝明科技,计算机、通信和其他电子设备制造业,主板,25.912499999999987,26.239999999999977,26.82249999999999,27.954999999999995,29.9563829787234
2992,2021-01-08,24.17,24.37,24.95,23.51,24.19,10630.9,25795800.0,25.6,26.17,28.45000000000001,29.41,,26.52,-1.54,-1.13,-0.41,宝明科技,计算机、通信和其他电子设备制造业,主板,25.25499999999999,25.994999999999976,26.404166666666658,27.439374999999995,29.8363829787234
2992,2021-01-11,24.37,23.25,24.41,23.25,24.37,11820.5,28018200.0,24.85,25.75,28.03200000000001,29.16,,23.32,-1.7,-1.24,-0.46,宝明科技,计算机、通信和其他电子设备制造业,主板,24.39499999999999,25.588749999999976,26.00166666666666,26.889374999999994,29.689361702127652
2992,2021-01-12,23.14,23.5,23.94,22.99,23.25,7591.97,17897300.0,24.22,25.47,27.58250000000001,28.93,,25.48,-1.77,-1.35,-0.42,宝明科技,计算机、通信和其他电子设备制造业,主板,23.82749999999999,25.198749999999976,25.70333333333333,26.450624999999995,29.536382978723395
2992,2021-01-13,23.59,22.55,23.59,22.46,23.5,12685.2,28825900.0,23.57,25.08,27.047500000000007,28.64,,22.84,-1.89,-1.46,-0.43,宝明科技,计算机、通信和其他电子设备制造业,主板,23.41749999999999,24.664999999999978,25.299166666666665,25.971249999999998,29.371914893617014
2992,2021-01-14,22.55,23.1,23.2,22.42,22.55,10057.3,23124600.0,23.35,24.72,26.571500000000007,28.36,,27.52,-1.92,-1.55,-0.37,宝明科技,计算机、通信和其他电子设备制造业,主板,23.099999999999987,24.177499999999977,25.03,25.578125,29.202978723404247
2992,2021-01-15,23.0,24.05,24.5,22.92,23.1,16835.8,40254900.0,23.29,24.45,26.17150000000001,28.11,,34.87,-1.84,-1.61,-0.23,宝明科技,计算机、通信和其他电子设备制造业,主板,23.299999999999986,23.84749999999998,24.825833333333335,25.32625,29.05319148936169
2992,2021-01-18,24.0,24.01,24.22,23.81,24.05,7827.83,18782200.0,23.44,24.15,25.84600000000001,27.87,,34.71,-1.77,-1.64,-0.13,宝明科技,计算机、通信和其他电子设备制造业,主板,23.427499999999988,23.627499999999976,24.608333333333334,25.134375000000002,28.913191489361694
2992,2021-01-19,24.16,24.22,24.39,23.9,24.01,7469.12,18072200.0,23.59,23.9,25.54600000000001,27.66,,36.36,-1.67,-1.65,-0.02,宝明科技,计算机、通信和其他电子设备制造业,主板,23.844999999999988,23.631249999999977,24.391666666666666,24.935625,28.78531914893616
2992,2021-01-20,24.22,24.49,24.56,24.0,24.22,8140.78,19847000.0,23.97,23.77,25.30100000000001,27.48,,38.51,-1.55,-1.63,0.08,宝明科技,计算机、通信和其他电子设备制造业,主板,24.19249999999999,23.646249999999977,24.1825,24.820625000000003,28.66574468085106
2992,2021-01-21,24.49,24.07,24.6,23.9,24.49,8940.78,21609000.0,24.17,23.76,25.100500000000014,27.18,,36.45,-1.48,-1.6,0.12,宝明科技,计算机、通信和其他电子设备制造业,主板,24.197499999999987,23.748749999999976,23.964166666666667,24.668750000000003,28.52999999999999
2992,2021-01-22,24.07,24.11,24.95,23.71,24.07,11932.4,28847500.0,24.18,23.74,24.952000000000012,26.88,,36.79,-1.39,-1.56,0.17,宝明科技,计算机、通信和其他电子设备制造业,主板,24.222499999999986,23.824999999999974,23.825833333333335,24.511875000000003,28.40212765957446
2992,2021-01-25,24.0,23.33,24.12,23.11,24.11,8845.5,20749200.0,24.04,23.74,24.748500000000014,26.6,28.71,33.01,-1.38,-1.52,0.14,宝明科技,计算机、通信和其他电子设备制造业,主板,23.999999999999986,23.92249999999997,23.754166666666666,24.293750000000003,28.255531914893606
2992,2021-01-26,23.35,23.92,24.5,23.27,23.33,10417.8,24955600.0,23.98,23.79,24.62800000000001,26.32,28.62,38.19,-1.3,-1.48,0.18,宝明科技,计算机、通信和其他电子设备制造业,主板,23.857499999999987,24.024999999999974,23.71666666666667,24.101250000000004,28.120638297872333
2992,2021-01-27,23.95,23.8,24.1,23.52,23.92,6510.99,15479500.0,23.85,23.91,24.493000000000013,26.0,28.51,37.55,-1.24,-1.43,0.19,宝明科技,计算机、通信和其他电子设备制造业,主板,23.789999999999985,23.993749999999974,23.762500000000003,23.920625000000005,27.969148936170203
2992,2021-01-28,23.61,23.34,24.09,23.34,23.8,6352.48,15075200.0,23.7,23.93,24.329000000000015,25.69,28.4,35.14,-1.21,-1.39,0.18,宝明科技,计算机、通信和其他电子设备制造业,主板,23.597499999999986,23.909999999999975,23.749166666666667,23.768750000000004,27.80787234042552
2992,2021-01-29,22.78,22.09,22.99,21.78,23.34,20622.6,45956900.0,23.3,23.74,24.092500000000012,25.36,28.25,29.57,-1.28,-1.36,0.08,宝明科技,计算机、通信和其他电子设备制造业,主板,23.287499999999987,23.643749999999976,23.71083333333333,23.637500000000003,27.603829787234027
2992,2021-02-01,22.0,22.24,22.5,21.6,22.09,9269.42,20511800.0,23.08,23.56,23.854500000000012,25.08,28.12,30.98,-1.3,-1.35,0.05,宝明科技,计算机、通信和其他电子设备制造业,主板,22.867499999999986,23.362499999999976,23.639166666666664,23.504375000000003,27.42042553191488
2992,2021-02-02,22.31,22.15,22.5,22.02,22.24,5537.0,12304600.0,22.72,23.35,23.627500000000012,24.82,27.97,30.59,-1.31,-1.34,0.03,宝明科技,计算机、通信和其他电子设备制造业,主板,22.454999999999988,23.122499999999977,23.480833333333326,23.435625,27.24319148936169
2992,2021-02-03,22.15,21.71,22.4,21.63,22.15,6878.0,15042200.0,22.31,23.08,23.424500000000013,24.56,27.82,28.66,-1.34,-1.34,0.0,宝明科技,计算机、通信和其他电子设备制造业,主板,22.047499999999985,22.822499999999977,23.28916666666666,23.32375,27.05510638297871
2992,2021-02-04,21.4,20.71,21.69,20.4,21.71,10255.2,21433400.0,21.78,22.74,23.25050000000001,24.31,27.65,24.82,-1.42,-1.36,-0.06,宝明科技,计算机、通信和其他电子设备制造业,主板,21.702499999999986,22.494999999999976,22.99666666666666,23.20875,26.845106382978713
2992,2021-02-05,20.59,20.43,21.05,20.43,20.71,5118.85,10618100.0,21.45,22.37,23.05350000000001,24.09,27.49,23.86,-1.5,-1.39,-0.11,宝明科技,计算机、通信和其他电子设备制造业,主板,21.24999999999999,22.058749999999975,22.658333333333328,23.041874999999997,26.619148936170205
2992,2021-02-08,20.5,20.2,20.73,20.13,20.43,5986.49,12229000.0,21.04,22.06,22.90100000000001,23.85,27.32,23.07,-1.56,-1.42,-0.14,宝明科技,计算机、通信和其他电子设备制造业,主板,20.76249999999999,21.608749999999972,22.335833333333326,22.801249999999996,26.37297872340425
2992,2021-02-09,20.2,20.35,20.46,20.0,20.2,5266.9,10692200.0,20.68,21.7,22.74350000000001,23.65,27.15,24.82,-1.58,-1.45,-0.13,宝明科技,计算机、通信和其他电子设备制造业,主板,20.422499999999985,21.23499999999997,22.022499999999994,22.572499999999998,26.138297872340416
2992,2021-02-10,20.39,20.79,20.85,20.31,20.35,6118.81,12575400.0,20.5,21.4,22.65550000000001,23.46,27.0,29.86,-1.53,-1.47,-0.06,宝明科技,计算机、通信和其他电子设备制造业,主板,20.44249999999998,21.07249999999997,21.81083333333333,22.358125,25.914893617021267
2992,2021-02-18,21.1,21.3,21.35,20.91,20.79,7316.58,15514600.0,20.61,21.2,22.56550000000001,23.29,26.85,35.28,-1.45,-1.46,0.01,宝明科技,计算机、通信和其他电子设备制造业,主板,20.659999999999982,20.95499999999997,21.592499999999998,22.15875,25.718723404255307
2992,2021-02-19,21.1,21.71,21.79,21.1,21.3,6611.75,14234900.0,20.87,21.16,22.44850000000001,23.11,26.71,39.34,-1.33,-1.44,0.11,宝明科技,计算机、通信和其他电子设备制造业,主板,21.037499999999984,20.89999999999997,21.418333333333326,22.01125,25.543191489361693
2992,2021-02-22,21.73,21.6,22.33,21.6,21.71,9264.67,20375000.0,21.15,21.1,22.32800000000001,22.93,26.55,38.64,-1.23,-1.4,0.17,宝明科技,计算机、通信和其他电子设备制造业,主板,21.349999999999987,20.88624999999997,21.27333333333333,21.854375,25.301489361702114
2992,2021-02-23,21.6,21.71,22.04,21.52,21.6,6095.32,13264700.0,21.42,21.05,22.202500000000008,22.77,26.4,39.8,-1.13,-1.34,0.21,宝明科技,计算机、通信和其他电子设备制造业,主板,21.57999999999999,21.01124999999997,21.241666666666664,21.753125,25.058085106382965
2992,2021-02-24,22.08,21.95,22.43,21.71,21.71,9182.49,20295100.0,21.65,21.08,22.07550000000001,22.64,26.24,42.34,-1.01,-1.28,0.27,宝明科技,计算机、通信和其他电子设备制造业,主板,21.742499999999993,21.201249999999966,21.217499999999998,21.63,24.85255319148935
2992,2021-02-25,22.25,21.54,22.25,21.2,21.95,6911.83,14923900.0,21.7,21.16,21.94900000000001,22.55,26.08,39.28,-0.95,-1.21,0.26,宝明科技,计算机、通信和其他电子设备制造业,主板,21.69999999999999,21.368749999999967,21.166666666666664,21.48875,24.619574468085094
2992,2021-02-26,21.45,21.65,21.76,21.21,21.54,4662.66,10073400.0,21.69,21.28,21.826000000000008,22.46,25.93,40.53,-0.88,-1.14,0.26,宝明科技,计算机、通信和其他电子设备制造业,主板,21.71249999999999,21.531249999999968,21.161666666666665,21.383125,24.3727659574468
2992,2021-03-01,21.82,22.17,22.2,21.82,21.65,8246.41,18178700.0,21.8,21.48,21.768000000000008,22.43,25.8,46.13,-0.77,-1.07,0.3,宝明科技,计算机、通信和其他电子设备制造业,主板,21.827499999999993,21.703749999999967,21.283333333333328,21.388125000000002,24.150425531914888
2992,2021-03-02,22.59,22.25,22.65,22.04,22.17,7100.17,15808100.0,21.91,21.67,21.684500000000007,22.38,25.66,46.96,-0.68,-0.99,0.31,宝明科技,计算机、通信和其他电子设备制造业,主板,21.902499999999993,21.822499999999966,21.435,21.38875,23.941914893617017
2992,2021-03-03,22.27,22.28,22.46,22.06,22.25,5213.92,11595600.0,21.98,21.82,21.608500000000006,22.38,25.51,47.29,-0.58,-0.91,0.33,宝明科技,计算机、通信和其他电子设备制造业,主板,22.08749999999999,21.893749999999965,21.608333333333334,21.396875,23.766595744680846
2992,2021-03-04,22.38,21.85,22.45,21.84,22.28,6519.76,14392200.0,22.04,21.87,21.53400000000001,22.33,25.34,43.17,-0.55,-0.84,0.29,宝明科技,计算机、通信和其他电子设备制造业,主板,22.13749999999999,21.924999999999965,21.733333333333334,21.405625000000004,23.588510638297866
2992,2021-03-05,21.89,22.33,22.49,21.89,21.85,6742.48,14978000.0,22.18,21.93,21.54600000000001,22.28,25.19,48.55,-0.47,-0.76,0.29,宝明科技,计算机、通信和其他电子设备制造业,主板,22.177499999999988,22.002499999999966,21.861666666666665,21.506875000000004,23.438297872340414
2992,2021-03-08,22.4,22.82,23.11,22.4,22.33,12652.7,28883800.0,22.31,22.06,21.57500000000001,22.24,25.05,53.4,-0.36,-0.68,0.32,宝明科技,计算机、通信和其他电子设备制造业,主板,22.319999999999986,22.111249999999966,21.98833333333333,21.656250000000004,23.326382978723395
2992,2021-03-09,22.82,22.51,22.9,22.08,22.82,10304.8,23148800.0,22.36,22.14,21.59300000000001,22.18,24.92,50.18,-0.31,-0.61,0.3,宝明科技,计算机、通信和其他电子设备制造业,主板,22.377499999999987,22.232499999999966,22.054999999999996,21.800625000000004,23.2291489361702
2992,2021-03-10,22.82,22.39,22.9,21.95,22.51,8492.92,18995400.0,22.38,22.18,21.62700000000001,22.11,24.79,48.95,-0.26,-0.54,0.28,宝明科技,计算机、通信和其他电子设备制造业,主板,22.51249999999999,22.324999999999964,22.120833333333326,21.928125,23.122553191489352
2992,2021-03-11,22.37,22.51,22.6,22.11,22.39,5387.83,12070300.0,22.51,22.28,21.71700000000001,22.06,24.62,50.26,-0.22,-0.48,0.26,宝明科技,计算机、通信和其他电子设备制造业,主板,22.55749999999999,22.367499999999964,22.187499999999996,22.035625,23.041276595744673
2992,2021-03-12,22.52,23.2,24.76,22.23,22.51,36114.3,85287800.0,22.69,22.43,21.85550000000001,22.03,24.45,57.1,-0.12,-0.4,0.28,宝明科技,计算机、通信和其他电子设备制造业,主板,22.65249999999999,22.486249999999963,22.29166666666666,22.154374999999998,22.971063829787226
2992,2021-03-15,23.0,23.11,23.35,22.77,23.2,12508.7,28822500.0,22.74,22.52,22.001000000000012,22.02,24.31,56.02,-0.06,-0.34,0.28,宝明科技,计算机、通信和其他电子设备制造业,主板,22.802499999999988,22.589999999999964,22.422499999999996,22.241875,22.8963829787234
2992,2021-03-16,23.12,22.96,23.24,22.73,23.11,7341.3,16831000.0,22.83,22.6,22.13150000000001,21.99,24.15,54.18,-0.01,-0.27,0.26,宝明科技,计算机、通信和其他电子设备制造业,主板,22.94499999999999,22.728749999999966,22.531666666666663,22.326874999999998,22.81425531914893
2992,2021-03-17,22.96,23.13,23.19,22.71,22.96,9415.16,21626000.0,22.98,22.68,22.248500000000007,21.97,23.98,55.95,0.03,-0.21,0.24,宝明科技,计算机、通信和其他电子设备制造业,主板,23.099999999999987,22.828749999999964,22.61166666666666,22.415625,22.73191489361702
2992,2021-03-18,23.4,23.57,24.73,23.38,23.13,15928.8,38065900.0,23.19,22.85,22.362000000000005,21.97,23.83,60.22,0.1,-0.15,0.25,宝明科技,计算机、通信和其他电子设备制造业,主板,23.192499999999985,22.922499999999964,22.72166666666666,22.516875,22.665531914893613
2992,2021-03-19,23.48,24.17,24.4,23.2,23.57,18348.2,43995000.0,23.39,23.04,22.485000000000007,22.04,23.7,65.19,0.21,-0.08,0.29,宝明科技,计算机、通信和其他电子设备制造业,主板,23.457499999999985,23.129999999999967,22.879166666666663,22.68125,22.631489361702123
2992,2021-03-22,24.44,24.17,24.47,23.82,24.17,15306.7,36989700.0,23.6,23.17,22.61350000000001,22.11,23.6,65.19,0.28,-0.01,0.29,宝明科技,计算机、通信和其他电子设备制造业,主板,23.759999999999984,23.35249999999997,23.072499999999994,22.83875,22.63106382978723
2992,2021-03-23,24.12,24.21,24.8,23.96,24.17,14249.8,34592700.0,23.85,23.34,22.73850000000001,22.18,23.5,65.52,0.34,0.06,0.28,宝明科技,计算机、通信和其他电子设备制造业,主板,24.029999999999987,23.564999999999973,23.22916666666666,22.96625,22.627659574468087
2992,2021-03-24,24.03,23.81,24.15,23.65,24.21,10664.5,25450100.0,23.99,23.48,22.83150000000001,22.25,23.4,59.41,0.35,0.12,0.23,宝明科技,计算机、通信和其他电子设备制造业,主板,24.08999999999999,23.641249999999975,23.311666666666664,23.06375,22.639574468085105
2992,2021-03-25,23.73,23.56,23.77,23.35,23.81,7675.0,18089900.0,23.98,23.59,22.932500000000008,22.34,23.33,55.9,0.35,0.17,0.18,宝明科技,计算机、通信和其他电子设备制造业,主板,23.93749999999999,23.697499999999977,23.399166666666662,23.143749999999997,22.640851063829786
2992,2021-03-26,23.55,24.86,25.85,23.3,23.56,25118.9,61601900.0,24.12,23.76,23.09300000000001,22.49,23.29,66.86,0.43,0.22,0.21,宝明科技,计算机、通信和其他电子设备制造业,主板,24.10999999999999,23.934999999999977,23.605,23.331874999999997,22.689999999999998
2992,2021-03-29,24.6,24.87,25.0,24.24,24.86,19864.6,48998900.0,24.26,23.93,23.22800000000001,22.64,23.25,66.93,0.49,0.27,0.22,宝明科技,计算机、通信和其他电子设备制造业,主板,24.27499999999999,24.15249999999998,23.801666666666666,23.490624999999998,22.72765957446808
2992,2021-03-30,24.41,24.41,24.69,24.26,24.87,11534.9,28169600.0,24.3,24.08,23.33600000000001,22.78,23.22,60.75,0.5,0.32,0.18,宝明科技,计算机、通信和其他电子设备制造业,主板,24.42499999999999,24.25749999999998,23.902500000000003,23.59,22.73531914893617
2992,2021-03-31,24.6,26.85,26.85,24.6,24.41,63468.7,168316000.0,24.91,24.45,23.56450000000001,22.98,23.22,74.31,0.7,0.4,0.3,宝明科技,计算机、通信和其他电子设备制造业,主板,25.247499999999988,24.59249999999998,24.21416666666667,23.861250000000002,22.79574468085106
2992,2021-04-01,29.4,29.54,29.54,28.2,26.85,37206.4,109378000.0,26.11,25.04,23.94900000000001,23.26,23.27,81.78,1.06,0.53,0.53,宝明科技,计算机、通信和其他电子设备制造业,主板,26.417499999999986,25.26374999999998,24.762500000000006,24.308125000000004,22.908936170212762
2992,2021-04-02,27.81,32.49,32.49,27.34,29.54,136733.0,424833000.0,27.63,25.88,24.45700000000001,23.62,23.37,86.44,1.57,0.74,0.83,宝明科技,计算机、通信和其他电子设备制造业,主板,28.322499999999984,26.29874999999998,25.542500000000008,24.931875000000005,23.07914893617021
2992,2021-04-06,35.09,30.03,35.14,29.86,32.49,166368.0,535943000.0,28.66,26.46,24.81750000000001,23.9,23.42,70.3,1.74,0.94,0.8,宝明科技,计算机、通信和其他电子设备制造业,主板,29.727499999999985,27.07624999999998,26.08083333333334,25.358750000000004,23.205957446808508
2992,2021-04-07,28.0,28.93,29.39,27.44,30.03,114567.0,323982000.0,29.57,26.94,25.13850000000001,24.14,23.45,64.5,1.78,1.11,0.67,宝明科技,计算机、通信和其他电子设备制造业,主板,30.247499999999988,27.74749999999998,26.477500000000006,25.722500000000004,23.30851063829787
2992,2021-04-08,28.08,26.74,28.3,26.7,28.93,90592.0,249273000.0,29.55,27.23,25.356000000000012,24.3,23.47,54.8,1.61,1.21,0.4,宝明科技,计算机、通信和其他电子设备制造业,主板,29.547499999999992,27.98249999999998,26.691666666666674,25.958750000000006,23.381063829787237
2992,2021-04-09,26.37,26.57,27.39,26.37,26.74,41840.8,112045000.0,28.95,27.53,25.559000000000015,24.46,23.51,54.12,1.45,1.26,0.19,宝明科技,计算机、通信和其他电子设备制造业,主板,28.06749999999999,28.19499999999998,26.88833333333334,26.173750000000005,23.437446808510636
2992,2021-04-12,26.5,25.78,26.65,25.55,26.57,40394.6,104738000.0,27.61,27.62,25.68800000000001,24.6,23.53,50.96,1.24,1.25,-0.01,宝明科技,计算机、通信和其他电子设备制造业,主板,27.00499999999999,28.36624999999998,27.052500000000006,26.311875000000004,23.479574468085104
2992,2021-04-13,25.7,24.79,25.94,24.6,25.78,41175.1,103582000.0,26.56,27.61,25.77200000000001,24.69,23.56,47.23,0.99,1.2,-0.21,宝明科技,计算机、通信和其他电子设备制造业,主板,25.969999999999985,28.10874999999998,27.155000000000005,26.350625000000004,23.510425531914894
2992,2021-04-14,22.85,22.49,23.22,22.31,24.79,65319.4,147267000.0,25.27,27.42,25.748500000000007,24.7,23.54,39.92,0.6,1.08,-0.48,宝明科技,计算机、通信和其他电子设备制造业,主板,24.907499999999985,27.22749999999998,26.957500000000007,26.245625000000004,23.51893617021277
2992,2021-04-15,22.22,22.41,22.6,22.01,22.49,30641.8,68110900.0,24.41,26.98,25.712500000000006,24.7,23.54,39.69,0.27,0.92,-0.65,宝明科技,计算机、通信和其他电子设备制造业,主板,23.867499999999986,25.96749999999998,26.75250000000001,26.133125000000007,23.522553191489365
2992,2021-04-16,22.16,22.42,22.65,22.15,22.41,22767.0,50955600.0,23.58,26.26,25.655,24.72,23.53,39.74,0.01,0.74,-0.73,宝明科技,计算机、通信和其他电子设备制造业,主板,23.027499999999986,25.01624999999998,26.586666666666673,26.046250000000008,23.528297872340428
2992,2021-04-19,22.46,22.69,22.82,22.1,22.42,26328.4,59284600.0,22.96,25.28,25.581000000000003,24.73,23.5,41.07,-0.17,0.56,-0.73,宝明科技,计算机、通信和其他电子设备制造业,主板,22.502499999999984,24.23624999999998,26.240000000000006,25.991875000000007,23.549148936170216
2992,2021-04-20,22.75,22.74,23.47,22.65,22.69,25484.0,58414400.0,22.55,24.56,25.5095,24.73,23.48,41.33,-0.3,0.38,-0.68,宝明科技,计算机、通信和其他电子设备制造业,主板,22.564999999999984,23.73624999999998,25.673333333333336,25.859375000000007,23.59234042553192
2992,2021-04-21,22.37,22.43,22.7,22.25,22.74,17251.7,38653600.0,22.54,23.91,25.4205,24.73,23.45,40.15,-0.43,0.22,-0.65,宝明科技,计算机、通信和其他电子设备制造业,主板,22.569999999999986,23.218749999999982,24.835000000000004,25.706875000000007,23.63489361702128
2992,2021-04-22,22.45,22.72,22.9,22.45,22.43,17389.1,39468700.0,22.6,23.5,25.366,24.74,23.42,41.82,-0.49,0.08,-0.57,宝明科技,计算机、通信和其他电子设备制造业,主板,22.644999999999985,22.836249999999982,24.225833333333338,25.601250000000004,23.688510638297874
2992,2021-04-23,22.72,22.24,22.74,22.22,22.72,16181.0,36117500.0,22.56,23.07,25.299999999999997,24.73,23.39,39.84,-0.58,-0.05,-0.53,宝明科技,计算机、通信和其他电子设备制造业,主板,22.532499999999985,22.517499999999984,23.668333333333337,25.313125000000003,23.728723404255323
2992,2021-04-26,22.17,21.83,22.28,21.81,22.24,17131.8,37623700.0,22.39,22.68,25.148499999999995,24.68,23.36,38.18,-0.68,-0.18,-0.5,宝明科技,计算机、通信和其他电子设备制造业,主板,22.304999999999986,22.43499999999998,23.25916666666667,24.83125,23.750851063829792
2992,2021-04-27,21.7,21.41,21.7,21.03,21.83,14625.0,31175400.0,22.13,22.34,24.975499999999993,24.63,23.32,36.51,-0.78,-0.3,-0.48,宝明科技,计算机、通信和其他电子设备制造业,主板,22.049999999999983,22.30999999999998,22.82916666666667,24.13875,23.753191489361708
2992,2021-04-28,21.54,20.97,21.54,20.94,21.41,13142.5,27777100.0,21.83,22.19,24.803499999999993,24.56,23.27,34.79,-0.89,-0.42,-0.47,宝明科技,计算机、通信和其他电子设备制造业,主板,21.612499999999983,22.128749999999982,22.42833333333334,23.572500000000005,23.737446808510644
2992,2021-04-29,21.09,20.74,21.19,20.71,20.97,10902.7,22757200.0,21.44,22.02,24.49799999999999,24.48,23.22,33.88,-0.98,-0.53,-0.45,宝明科技,计算机、通信和其他电子设备制造业,主板,21.237499999999983,21.884999999999984,22.09083333333334,23.060625000000005,23.71914893617022
2992,2021-04-30,20.69,20.34,20.69,20.25,20.74,12609.7,25663100.0,21.06,21.81,24.03799999999999,24.37,23.17,32.32,-1.06,-0.64,-0.42,宝明科技,计算机、通信和其他电子设备制造业,主板,20.864999999999984,21.584999999999983,21.911666666666672,22.660625000000003,23.690000000000005
2992,2021-05-06,20.37,20.38,20.61,20.21,20.34,7714.5,15714600.0,20.77,21.58,23.432499999999987,24.25,23.15,32.65,-1.12,-0.73,-0.39,宝明科技,计算机、通信和其他电子设备制造业,主板,20.607499999999984,21.32874999999998,21.742500000000003,22.273750000000003,23.65659574468086
2992,2021-05-07,20.88,22.42,22.42,20.56,20.38,22195.2,48574000.0,20.97,21.55,23.051999999999985,24.19,23.15,47.06,-0.99,-0.78,-0.21,宝明科技,计算机、通信和其他电子设备制造业,主板,20.969999999999985,21.29124999999998,21.742500000000003,22.063750000000006,23.67531914893618
2992,2021-05-10,22.42,22.19,23.2,21.9,22.42,45529.5,102463000.0,21.21,21.52,22.714999999999986,24.12,23.15,45.87,-0.9,-0.81,-0.09,宝明科技,计算机、通信和其他电子设备制造业,主板,21.332499999999985,21.28499999999998,21.700833333333335,21.901250000000005,23.686808510638308
2992,2021-05-11,21.95,21.69,22.2,21.4,22.19,24171.2,52390000.0,21.4,21.42,22.462499999999984,24.05,23.15,43.3,-0.85,-0.82,-0.03,宝明科技,计算机、通信和其他电子设备制造业,主板,21.669999999999984,21.267499999999977,21.613333333333333,21.851250000000004,23.67659574468086
2992,2021-05-12,21.69,21.51,21.72,21.0,21.69,17719.7,37713000.0,21.64,21.35,22.209499999999984,23.98,23.16,42.38,-0.82,-0.82,0.0,宝明科技,计算机、通信和其他电子设备制造业,主板,21.952499999999986,21.279999999999976,21.536666666666665,21.795,23.660851063829796
2992,2021-05-13,21.34,21.27,22.08,21.22,21.51,17949.8,38749600.0,21.82,21.29,21.983999999999988,23.86,23.18,41.13,-0.81,-0.82,0.01,宝明科技,计算机、通信和其他电子设备制造业,主板,21.664999999999985,21.317499999999978,21.415833333333335,21.723125,23.63936170212767
2992,2021-05-14,21.5,21.44,21.68,21.23,21.27,12643.0,27040800.0,21.62,21.3,21.816499999999984,23.75,23.2,42.43,-0.77,-0.81,0.04,宝明科技,计算机、通信和其他电子设备制造业,主板,21.477499999999985,21.404999999999976,21.349166666666665,21.645,23.630638297872352
2992,2021-05-17,21.37,21.94,22.17,21.02,21.44,19096.8,41206600.0,21.57,21.39,21.788999999999984,23.67,23.22,46.19,-0.69,-0.78,0.09,宝明科技,计算机、通信和其他电子设备制造业,主板,21.539999999999985,21.604999999999976,21.358333333333334,21.595,23.62234042553193
2992,2021-05-18,21.9,21.49,21.9,21.44,21.94,11530.7,24854100.0,21.53,21.47,21.742999999999984,23.49,23.23,43.44,-0.66,-0.76,0.1,宝明科技,计算机、通信和其他电子设备制造业,主板,21.534999999999982,21.743749999999977,21.365,21.53625,23.594042553191507
2992,2021-05-19,21.5,21.15,21.56,21.15,21.49,10455.9,22238400.0,21.46,21.55,21.679499999999983,23.21,23.23,41.43,-0.66,-0.74,0.08,宝明科技,计算机、通信和其他电子设备制造业,主板,21.504999999999985,21.58499999999998,21.379999999999995,21.438125,23.56510638297874
2992,2021-05-20,21.31,21.37,21.55,21.25,21.15,7912.83,16919200.0,21.48,21.65,21.61349999999998,22.84,23.23,43.26,-0.63,-0.72,0.09,宝明科技,计算机、通信和其他电子设备制造业,主板,21.487499999999986,21.48249999999998,21.432499999999994,21.38375,23.543404255319164
2992,2021-05-21,21.39,21.48,21.64,21.31,21.37,7310.47,15685000.0,21.49,21.55,21.550499999999982,22.55,23.22,44.2,-0.59,-0.69,0.1,宝明科技,计算机、通信和其他电子设备制造业,主板,21.372499999999988,21.45624999999998,21.5275,21.361875,23.52148936170214
2992,2021-05-24,21.56,21.54,21.56,21.32,21.48,5972.53,12805900.0,21.41,21.49,21.505999999999982,22.31,23.22,44.73,-0.55,-0.66,0.11,宝明科技,计算机、通信和其他电子设备制造业,主板,21.384999999999987,21.45999999999998,21.624166666666667,21.37,23.48617021276597
2992,2021-05-25,21.55,21.79,21.98,21.48,21.54,9821.0,21337600.0,21.47,21.5,21.459499999999984,22.14,23.22,47.02,-0.49,-0.63,0.14,宝明科技,计算机、通信和其他电子设备制造业,主板,21.544999999999987,21.524999999999977,21.57166666666667,21.42125,23.458085106382992
2992,2021-05-26,21.8,21.93,21.95,21.66,21.79,9354.27,20468300.0,21.62,21.54,21.443999999999985,21.99,23.23,48.31,-0.43,-0.59,0.16,宝明科技,计算机、通信和其他电子设备制造业,主板,21.684999999999988,21.58624999999998,21.55,21.495625,23.436170212765973
2992,2021-05-27,21.98,22.47,22.92,21.82,21.93,21659.4,48742200.0,21.84,21.66,21.475999999999985,21.88,23.24,53.05,-0.33,-0.54,0.21,宝明科技,计算机、通信和其他电子设备制造业,主板,21.932499999999987,21.65249999999998,21.615000000000006,21.62875,23.422127659574482
2992,2021-05-28,17.0,16.45,17.08,16.38,22.47,22353.3,37081700.0,20.84,21.16,21.227999999999984,21.6,23.14,25.24,-0.73,-0.58,-0.15,宝明科技,计算机、通信和其他电子设备制造业,主板,20.65999999999999,21.022499999999976,21.19333333333334,21.383125,23.270638297872356
2992,2021-05-31,16.46,16.27,16.5,16.05,16.45,14817.8,24033600.0,19.78,20.59,20.992999999999984,21.39,23.04,24.82,-1.05,-0.67,-0.38,宝明科技,计算机、通信和其他电子设备制造业,主板,19.279999999999987,20.412499999999977,20.776666666666667,20.998749999999998,23.102553191489374
2992,2021-06-01,16.25,16.44,16.58,16.11,16.27,10232.2,16793300.0,18.71,20.09,20.777999999999984,21.19,22.95,26.07,-1.28,-0.79,-0.49,宝明科技,计算机、通信和其他电子设备制造业,主板,17.907499999999985,19.796249999999976,20.360000000000003,20.639374999999998,22.938085106382992
2992,2021-06-02,16.42,16.56,16.7,16.38,16.44,13546.7,22398700.0,17.64,19.63,20.588999999999984,21.0,22.86,26.99,-1.42,-0.92,-0.5,宝明科技,计算机、通信和其他电子设备制造业,主板,16.429999999999986,19.181249999999977,19.911666666666672,20.318749999999998,22.77531914893618
2992,2021-06-03,16.56,16.8,16.95,16.45,16.56,20823.5,34838900.0,16.5,19.17,20.409999999999986,20.8,22.77,28.9,-1.51,-1.04,-0.47,宝明科技,计算机、通信和其他电子设备制造业,主板,16.517499999999984,18.58874999999998,19.52083333333334,20.024375,22.626170212765967
2992,2021-06-04,16.67,16.79,17.08,16.6,16.8,17803.0,29886800.0,16.57,18.7,20.128499999999985,20.6,22.67,28.87,-1.56,-1.14,-0.42,宝明科技,计算机、通信和其他电子设备制造业,主板,16.647499999999983,17.96374999999998,19.157500000000002,19.744375,22.48212765957448
2992,2021-06-07,16.85,16.85,17.06,16.76,16.79,11586.1,19548300.0,16.69,18.24,19.861499999999985,20.42,22.57,29.4,-1.57,-1.23,-0.34,宝明科技,计算机、通信和其他电子设备制造业,主板,16.749999999999986,17.328749999999978,18.780833333333337,19.457500000000003,22.311702127659586
2992,2021-06-08,16.97,16.9,16.97,16.64,16.85,11808.7,19814000.0,16.78,17.75,19.621999999999986,20.22,22.48,29.87,-1.57,-1.3,-0.27,宝明科技,计算机、通信和其他电子设备制造业,主板,16.834999999999987,16.63249999999998,18.39916666666667,19.142500000000002,22.142127659574484
2992,2021-06-09,16.94,17.02,17.31,16.9,16.9,20325.5,34699100.0,16.87,17.26,19.397499999999987,20.05,22.39,31.07,-1.53,-1.34,-0.19,宝明科技,计算机、通信和其他电子设备制造业,主板,16.889999999999986,16.70374999999998,18.022500000000004,18.863125,21.98489361702129
2992,2021-06-10,16.91,17.0,17.01,16.72,17.02,11647.8,19667200.0,16.91,16.71,19.183999999999987,19.89,22.29,30.97,-1.49,-1.37,-0.12,宝明科技,计算机、通信和其他电子设备制造业,主板,16.94249999999999,16.79499999999998,17.62333333333334,18.60375,21.775319148936184
2992,2021-06-11,17.01,16.83,17.15,16.76,17.0,10176.0,17188300.0,16.92,16.75,18.953499999999984,19.73,22.18,30.13,-1.45,-1.39,-0.06,宝明科技,计算机、通信和其他电子设备制造业,主板,16.937499999999986,16.84374999999998,17.198333333333338,18.32,21.504893617021292
2992,2021-06-15,16.8,17.16,17.9,16.44,16.83,24151.5,41422000.0,16.98,16.84,18.714499999999987,19.61,22.08,33.88,-1.38,-1.39,0.01,宝明科技,计算机、通信和其他电子设备制造业,主板,17.002499999999984,16.918749999999978,16.75583333333334,18.05,21.178723404255337
2992,2021-06-16,17.0,17.12,17.47,16.87,17.16,19174.1,32880100.0,17.03,16.9,18.495999999999988,19.49,21.98,33.64,-1.31,-1.37,0.06,宝明科技,计算机、通信和其他电子设备制造业,主板,17.027499999999986,16.958749999999977,16.81166666666667,17.77375,20.904042553191506
2992,2021-06-17,16.99,16.91,17.05,16.73,17.12,12835.8,21668600.0,17.0,16.94,18.28399999999999,19.37,21.87,32.37,-1.26,-1.35,0.09,宝明科技,计算机、通信和其他电子设备制造业,主板,17.004999999999985,16.973749999999978,16.865000000000006,17.46875,20.648297872340443
2992,2021-06-18,16.91,16.97,17.17,16.73,16.91,11033.3,18772500.0,17.0,16.95,18.063999999999986,19.26,21.75,33.15,-1.2,-1.32,0.12,宝明科技,计算机、通信和其他电子设备制造业,主板,17.039999999999985,16.98874999999998,16.90916666666667,17.15875,20.44042553191491
2992,2021-06-21,16.97,16.85,17.08,16.77,16.97,10153.4,17202700.0,17.0,16.96,17.83249999999999,19.07,21.63,32.35,-1.15,-1.29,0.14,宝明科技,计算机、通信和其他电子设备制造业,主板,16.962499999999984,16.982499999999977,16.933333333333337,16.807500000000005,20.23361702127661
2992,2021-06-22,16.85,16.76,16.97,16.72,16.85,13091.6,21983000.0,16.92,16.95,17.593499999999985,18.89,21.51,31.73,-1.11,-1.25,0.14,宝明科技,计算机、通信和其他电子设备制造业,主板,16.872499999999985,16.949999999999974,16.930000000000003,16.826875000000005,20.041702127659594
2992,2021-06-23,16.83,16.9,16.99,16.68,16.76,12753.9,21440600.0,16.88,16.95,17.348999999999982,18.73,21.39,33.85,-1.04,-1.21,0.17,宝明科技,计算机、通信和其他电子设备制造业,主板,16.869999999999983,16.937499999999975,16.93916666666667,16.866250000000004,19.87382978723406
2992,2021-06-24,16.91,16.84,16.97,16.75,16.9,8402.4,14151000.0,16.86,16.93,17.094499999999982,18.58,21.28,33.37,-0.99,-1.16,0.17,宝明科技,计算机、通信和其他电子设备制造业,主板,16.837499999999984,16.938749999999978,16.938333333333336,16.891250000000003,19.753617021276614
2992,2021-06-25,16.81,16.7,16.86,16.66,16.84,9879.2,16546800.0,16.81,16.9,16.805999999999983,18.42,21.14,32.23,-0.94,-1.12,0.18,宝明科技,计算机、通信和其他电子设备制造业,主板,16.799999999999983,16.881249999999977,16.92166666666667,16.900000000000002,19.63212765957449
2992,2021-06-28,16.7,16.8,16.89,16.6,16.7,9886.44,16567600.0,16.8,16.9,16.823499999999985,18.27,21.01,33.97,-0.9,-1.08,0.18,宝明科技,计算机、通信和其他电子设备制造业,主板,16.80999999999998,16.841249999999977,16.903333333333336,16.900000000000002,19.51255319148938
2992,2021-06-29,16.82,16.52,16.84,16.52,16.8,9839.8,16352500.0,16.75,16.84,16.835999999999984,18.09,20.88,31.52,-0.87,-1.03,0.16,宝明科技,计算机、通信和其他电子设备制造业,主板,16.714999999999982,16.79249999999998,16.863333333333337,16.883125,19.381276595744698
2992,2021-06-30,16.5,16.55,16.68,16.49,16.52,7313.18,12118600.0,16.68,16.78,16.841499999999986,17.92,20.71,32.09,-0.83,-0.99,0.16,宝明科技,计算机、通信和其他电子设备制造业,主板,16.64249999999998,16.73999999999998,16.840000000000003,16.864375,19.249574468085125
2992,2021-07-01,16.52,16.41,16.7,16.35,16.55,9060.51,14973300.0,16.6,16.73,16.833999999999985,17.77,20.49,30.81,-0.81,-0.96,0.15,宝明科技,计算机、通信和其他电子设备制造业,主板,16.56999999999998,16.68499999999998,16.777500000000003,16.833750000000002,19.121489361702146
2992,2021-07-02,16.36,15.76,16.36,15.76,16.41,12140.2,19383500.0,16.41,16.61,16.781999999999986,17.58,20.21,25.7,-0.83,-0.93,0.1,宝明科技,计算机、通信和其他电子设备制造业,主板,16.30999999999998,16.55999999999998,16.66416666666667,16.755000000000003,18.973404255319167
2992,2021-07-05,15.77,16.73,17.34,15.76,15.76,36667.9,62240000.0,16.39,16.6,16.778999999999986,17.42,19.99,41.34,-0.76,-0.9,0.14,宝明科技,计算机、通信和其他电子设备制造业,主板,16.362499999999983,16.53874999999998,16.64916666666667,16.738125000000004,18.856170212765974
2992,2021-07-06,16.3,16.11,16.5,15.98,16.73,22039.8,35777900.0,16.31,16.53,16.741999999999983,17.24,19.77,36.11,-0.74,-0.87,0.13,宝明科技,计算机、通信和其他电子设备制造业,主板,16.252499999999984,16.44749999999998,16.577500000000004,16.693125000000006,18.7344680851064
2992,2021-07-07,16.13,15.98,16.28,15.94,16.11,11793.6,18932400.0,16.2,16.44,16.695999999999987,17.05,19.59,35.1,-0.73,-0.84,0.11,宝明科技,计算机、通信和其他电子设备制造业,主板,16.144999999999985,16.35749999999998,16.505000000000003,16.619375000000005,18.618936170212784
2992,2021-07-08,15.93,15.8,16.0,15.8,15.98,8971.28,14227400.0,16.08,16.34,16.634999999999987,16.84,19.41,33.71,-0.74,-0.82,0.08,宝明科技,计算机、通信和其他电子设备制造业,主板,16.154999999999983,16.23249999999998,16.425000000000004,16.536875000000006,18.50893617021278
2992,2021-07-09,15.76,15.79,15.93,15.63,15.8,6939.28,10943500.0,16.08,16.24,16.57449999999999,16.62,19.25,33.63,-0.73,-0.8,0.07,宝明科技,计算机、通信和其他电子设备制造业,主板,15.919999999999984,16.141249999999978,16.332500000000003,16.466875000000005,18.40361702127661
2992,2021-07-12,15.86,15.89,15.94,15.8,15.79,6186.68,9820940.0,15.91,16.15,16.52749999999999,16.6,19.1,35.28,-0.71,-0.78,0.07,宝明科技,计算机、通信和其他电子设备制造业,主板,15.864999999999984,16.058749999999975,16.253333333333337,16.399375000000006,18.30893617021278
2992,2021-07-13,15.95,15.83,15.95,15.7,15.89,5369.3,8479880.0,15.86,16.08,16.460999999999988,16.59,18.99,34.72,-0.69,-0.76,0.07,宝明科技,计算机、通信和其他电子设备制造业,主板,15.827499999999983,15.986249999999977,16.18083333333334,16.335625000000004,18.212127659574485
2992,2021-07-14,15.89,15.77,16.14,15.72,15.83,8204.4,12998100.0,15.82,16.01,16.393499999999985,16.56,18.88,34.14,-0.67,-0.75,0.08,宝明科技,计算机、通信和其他电子设备制造业,主板,15.819999999999983,15.987499999999978,16.095000000000006,16.273750000000003,18.070638297872357
2992,2021-07-15,15.5,15.0,15.5,14.9,15.77,19999.1,30200500.0,15.66,15.87,16.297999999999984,16.51,18.75,27.71,-0.71,-0.74,0.03,宝明科技,计算机、通信和其他电子设备制造业,主板,15.622499999999983,15.771249999999975,15.968333333333339,16.155000000000005,17.9176595744681
2992,2021-07-16,14.99,15.02,15.16,14.92,15.0,7523.89,11311900.0,15.5,15.79,16.200499999999984,16.45,18.63,28.09,-0.73,-0.74,0.01,宝明科技,计算机、通信和其他电子设备制造业,主板,15.404999999999983,15.634999999999975,15.840833333333338,16.041250000000005,17.775744680851076
2992,2021-07-19,15.02,14.87,15.1,14.82,15.02,6676.6,9957560.0,15.3,15.61,16.10149999999998,16.39,18.49,26.95,-0.74,-0.74,0.0,宝明科技,计算机、通信和其他电子设备制造业,主板,15.164999999999985,15.496249999999973,15.712500000000006,15.926875000000006,17.634468085106395
2992,2021-07-20,14.88,14.82,14.88,14.51,14.87,8887.28,13015400.0,15.1,15.48,16.004499999999982,16.32,18.37,26.56,-0.76,-0.74,-0.02,宝明科技,计算机、通信和其他电子设备制造业,主板,14.927499999999984,15.373749999999974,15.634166666666673,15.803125000000005,17.497234042553206
2992,2021-07-21,14.82,15.05,15.3,14.82,14.82,7838.33,11825100.0,14.95,15.38,15.911999999999983,16.26,18.24,31.44,-0.74,-0.74,0.0,宝明科技,计算机、通信和其他电子设备制造业,主板,14.939999999999984,15.281249999999975,15.494166666666674,15.711250000000005,17.361276595744695
2992,2021-07-22,15.05,15.73,16.07,14.94,15.05,18996.6,29607100.0,15.1,15.38,15.856499999999986,16.22,18.13,43.41,-0.66,-0.73,0.07,宝明科技,计算机、通信和其他电子设备制造业,主板,15.117499999999986,15.261249999999974,15.462500000000006,15.660000000000004,17.229148936170226
2992,2021-07-23,15.77,15.26,15.77,15.21,15.73,11050.2,17075500.0,15.15,15.32,15.784499999999985,16.16,18.02,38.42,-0.63,-0.71,0.08,宝明科技,计算机、通信和其他电子设备制造业,主板,15.214999999999987,15.189999999999975,15.402500000000005,15.588125000000003,17.09659574468086
2992,2021-07-26,15.28,15.35,15.84,14.7,15.26,12480.3,19090900.0,15.24,15.27,15.711999999999986,16.11,17.92,39.85,-0.59,-0.68,0.09,宝明科技,计算机、通信和其他电子设备制造业,主板,15.347499999999988,15.137499999999976,15.365000000000004,15.562500000000004,16.973191489361714
2992,2021-07-27,15.35,15.55,15.99,15.13,15.35,17722.1,27599000.0,15.39,15.24,15.663499999999988,16.05,17.83,43.01,-0.54,-0.65,0.11,宝明科技,计算机、通信和其他电子设备制造业,主板,15.47249999999999,15.206249999999976,15.345000000000006,15.488750000000005,16.84936170212767
2992,2021-07-28,15.4,15.0,15.43,14.77,15.55,12428.0,18679600.0,15.38,15.16,15.585999999999988,15.98,17.74,37.22,-0.53,-0.63,0.1,宝明科技,计算机、通信和其他电子设备制造业,主板,15.289999999999988,15.203749999999976,15.270833333333337,15.419375000000002,16.71148936170214
2992,2021-07-29,15.0,14.99,15.2,14.91,15.0,9008.48,13551000.0,15.23,15.16,15.514999999999986,15.92,17.65,37.12,-0.52,-0.61,0.09,宝明科技,计算机、通信和其他电子设备制造业,主板,15.222499999999988,15.218749999999975,15.200833333333337,15.357500000000003,16.57212765957448
2992,2021-07-30,15.05,14.83,15.08,14.71,14.99,7690.98,11411100.0,15.14,15.15,15.468499999999986,15.85,17.55,35.51,-0.53,-0.59,0.06,宝明科技,计算机、通信和其他电子设备制造业,主板,15.092499999999989,15.219999999999978,15.122500000000004,15.296875000000004,16.4240425531915
2992,2021-08-02,14.76,15.0,15.31,14.72,14.83,8073.4,12074300.0,15.07,15.16,15.381999999999985,15.79,17.43,38.56,-0.51,-0.58,0.07,宝明科技,计算机、通信和其他电子设备制造业,主板,14.954999999999988,15.213749999999978,15.122500000000004,15.247500000000004,16.276595744680865
2992,2021-08-03,15.03,14.93,15.16,14.88,15.0,7610.5,11427000.0,14.95,15.17,15.322999999999984,15.73,17.31,37.77,-0.49,-0.56,0.07,宝明科技,计算机、通信和其他电子设备制造业,主板,14.937499999999986,15.113749999999976,15.115000000000004,15.187500000000004,16.11617021276597
2992,2021-08-04,14.93,14.84,14.95,14.78,14.93,8038.3,11943400.0,14.92,15.15,15.265999999999982,15.66,17.19,36.72,-0.48,-0.54,0.06,宝明科技,计算机、通信和其他电子设备制造业,主板,14.899999999999986,15.061249999999974,15.112500000000004,15.125625000000001,16.081914893617032
2992,2021-08-05,14.77,14.6,14.8,14.6,14.84,10377.6,15222900.0,14.84,15.04,15.205999999999984,15.58,17.08,34.02,-0.49,-0.53,0.04,宝明科技,计算机、通信和其他电子设备制造业,主板,14.842499999999987,14.967499999999976,15.094166666666672,15.0525,16.04638297872342
2992,2021-08-06,14.71,14.52,14.71,14.44,14.6,6645.6,9658420.0,14.78,14.96,15.14249999999998,15.51,16.97,33.15,-0.49,-0.52,0.03,宝明科技,计算机、通信和其他电子设备制造业,主板,14.722499999999986,14.838749999999978,15.050000000000004,15.0225,16.00553191489363
2992,2021-08-09,14.52,14.66,14.74,14.46,14.52,9812.8,14331700.0,14.71,14.89,15.080999999999984,15.44,16.85,36.24,-0.48,-0.52,0.04,宝明科技,计算机、通信和其他电子设备制造业,主板,14.654999999999985,14.79624999999998,14.960833333333339,15.0,15.965106382978735
2992,2021-08-10,14.7,14.8,14.8,14.55,14.66,10153.1,14929300.0,14.68,14.82,15.029499999999985,15.38,16.74,39.26,-0.45,-0.5,0.05,宝明科技,计算机、通信和其他电子设备制造业,主板,14.644999999999985,14.772499999999981,14.922500000000007,14.995625,15.922553191489374
2992,2021-08-11,14.81,14.73,14.83,14.68,14.8,6709.4,9880720.0,14.66,14.79,14.977499999999987,15.32,16.62,38.28,-0.43,-0.49,0.06,宝明科技,计算机、通信和其他电子设备制造业,主板,14.677499999999986,14.759999999999982,14.870833333333339,14.99,15.878723404255332
2992,2021-08-12,14.85,14.69,14.86,14.68,14.73,8754.8,12919000.0,14.68,14.76,14.961999999999986,15.26,16.51,37.71,-0.42,-0.47,0.05,宝明科技,计算机、通信和其他电子设备制造业,主板,14.719999999999988,14.721249999999984,14.799166666666672,14.9675,15.832765957446822
2992,2021-08-13,14.71,14.53,14.72,14.42,14.69,11401.0,16568300.0,14.68,14.73,14.937499999999986,15.22,16.4,35.4,-0.41,-0.46,0.05,宝明科技,计算机、通信和其他电子设备制造业,主板,14.68749999999999,14.671249999999983,14.760000000000005,14.8925,15.78234042553193
2992,2021-08-16,14.53,14.62,14.64,14.45,14.53,7002.36,10199400.0,14.67,14.69,14.924999999999986,15.15,16.29,37.71,-0.39,-0.45,0.06,宝明科技,计算机、通信和其他电子设备制造业,主板,14.642499999999991,14.643749999999983,14.729166666666671,14.852500000000001,15.731276595744696
2992,2021-08-17,14.67,14.59,14.78,14.45,14.62,13765.3,20061400.0,14.63,14.66,14.913499999999985,15.1,16.17,37.23,-0.38,-0.43,0.05,宝明科技,计算机、通信和其他电子设备制造业,主板,14.607499999999991,14.642499999999984,14.70916666666667,14.805000000000001,15.680000000000016
2992,2021-08-18,14.71,14.61,14.71,14.53,14.59,9027.64,13186800.0,14.61,14.64,14.891499999999985,15.06,16.05,37.79,-0.36,-0.42,0.06,宝明科技,计算机、通信和其他电子设备制造业,主板,14.587499999999991,14.653749999999986,14.676666666666671,14.74625,15.632765957446823
2992,2021-08-19,14.55,14.7,14.8,14.42,14.61,12762.6,18623300.0,14.61,14.64,14.839999999999984,15.02,15.93,40.39,-0.33,-0.4,0.07,宝明科技,计算机、通信和其他电子设备制造业,主板,14.629999999999992,14.658749999999987,14.657500000000004,14.7275,15.58042553191491
2992,2021-08-20,14.55,14.85,15.0,14.5,14.7,18919.0,27941600.0,14.67,14.68,14.819499999999985,14.99,15.8,44.55,-0.3,-0.38,0.08,宝明科技,计算机、通信和其他电子设备制造业,主板,14.687499999999991,14.664999999999987,14.658333333333337,14.718749999999998,15.532127659574485
2992,2021-08-23,14.84,15.03,15.03,14.7,14.85,16590.6,24736500.0,14.76,14.72,14.803499999999982,14.96,15.78,49.13,-0.26,-0.36,0.1,宝明科技,计算机、通信和其他电子设备制造业,主板,14.797499999999989,14.702499999999985,14.69416666666667,14.731249999999998,15.492127659574486
2992,2021-08-24,15.0,15.5,15.65,14.89,15.03,15919.6,24054500.0,14.94,14.78,14.800999999999982,14.95,15.77,58.72,-0.18,-0.32,0.14,宝明科技,计算机、通信和其他电子设备制造业,主板,15.019999999999989,14.803749999999987,14.775833333333336,14.762499999999998,15.460851063829804
2992,2021-08-25,15.88,15.48,16.05,15.35,15.5,43286.6,68148400.0,15.11,14.86,14.824999999999983,14.94,15.75,58.22,-0.12,-0.28,0.16,宝明科技,计算机、通信和其他电子设备制造业,主板,15.21499999999999,14.922499999999985,14.844166666666668,14.796874999999996,15.431702127659591
2992,2021-08-26,15.3,14.7,15.3,14.67,15.48,24911.6,37057800.0,15.11,14.86,14.810499999999982,14.93,15.72,42.81,-0.13,-0.25,0.12,宝明科技,计算机、通信和其他电子设备制造业,主板,15.17749999999999,14.932499999999983,14.835833333333333,14.788124999999996,15.387872340425549
2992,2021-08-27,14.6,14.52,14.79,14.47,14.7,9773.74,14249500.0,15.05,14.86,14.794999999999982,14.91,15.68,40.17,-0.15,-0.23,0.08,宝明科技,计算机、通信和其他电子设备制造业,主板,15.04999999999999,14.923749999999984,14.818333333333335,14.783124999999997,15.33723404255321
2992,2021-08-30,14.58,14.38,14.68,14.35,14.52,10385.2,14999600.0,14.92,14.84,14.763999999999982,14.9,15.64,38.2,-0.18,-0.22,0.04,宝明科技,计算机、通信和其他电子设备制造业,主板,14.769999999999989,14.894999999999984,14.792500000000002,14.774374999999996,15.284893617021293
2992,2021-08-31,14.5,14.33,14.5,14.27,14.38,7125.34,10200100.0,14.68,14.81,14.73399999999998,14.88,15.6,37.49,-0.2,-0.22,0.02,宝明科技,计算机、通信和其他电子设备制造业,主板,14.482499999999987,14.848749999999983,14.775833333333336,14.753749999999997,15.2344680851064
2992,2021-09-01,14.33,14.39,14.42,14.23,14.33,6007.06,8617300.0,14.46,14.79,14.711499999999981,14.86,15.56,38.95,-0.22,-0.22,0.0,宝明科技,计算机、通信和其他电子设备制造业,主板,14.404999999999987,14.791249999999984,14.75666666666667,14.728124999999995,15.18319148936172
2992,2021-09-02,14.39,14.43,14.48,14.3,14.39,5106.06,7357520.0,14.41,14.76,14.70299999999998,14.81,15.51,39.96,-0.22,-0.22,0.0,宝明科技,计算机、通信和其他电子设备制造业,主板,14.38249999999999,14.716249999999985,14.743333333333338,14.709374999999996,15.138723404255336
2992,2021-09-03,14.31,14.43,14.51,14.3,14.43,7950.9,11448900.0,14.39,14.72,14.698499999999981,14.79,15.47,39.96,-0.22,-0.22,0.0,宝明科技,计算机、通信和其他电子设备制造业,主板,14.394999999999987,14.582499999999985,14.728333333333339,14.693124999999997,15.093617021276613
2992,2021-09-06,14.44,14.46,14.49,14.34,14.43,5991.56,8647640.0,14.41,14.66,14.68849999999998,14.76,15.43,40.81,-0.22,-0.22,0.0,宝明科技,计算机、通信和其他电子设备制造业,主板,14.427499999999988,14.454999999999986,14.708333333333341,14.688749999999997,15.052127659574486
2992,2021-09-07,14.46,14.59,14.62,14.42,14.46,7482.94,10888500.0,14.46,14.57,14.677999999999978,14.72,15.39,44.49,-0.21,-0.22,0.01,宝明科技,计算机、通信和其他电子设备制造业,主板,14.477499999999988,14.441249999999984,14.686666666666675,14.686874999999997,15.02723404255321
2992,2021-09-08,14.55,14.81,14.82,14.49,14.59,11903.0,17458500.0,14.54,14.5,14.681999999999977,14.72,15.35,50.13,-0.17,-0.21,0.04,宝明科技,计算机、通信和其他电子设备制造业,主板,14.57249999999999,14.477499999999983,14.668333333333342,14.700624999999997,14.986382978723421
2992,2021-09-09,14.72,14.67,14.78,14.62,14.81,6298.21,9237900.0,14.59,14.5,14.680999999999978,14.71,15.31,46.86,-0.15,-0.2,0.05,宝明科技,计算机、通信和其他电子设备制造业,主板,14.632499999999988,14.513749999999984,14.599166666666674,14.704374999999995,14.95574468085108
2992,2021-09-10,14.67,14.67,14.7,14.61,14.67,5602.95,8214240.0,14.64,14.52,14.68799999999998,14.7,15.28,46.86,-0.14,-0.18,0.04,宝明科技,计算机、通信和其他电子设备制造业,主板,14.684999999999986,14.556249999999983,14.531666666666673,14.702499999999995,14.927872340425546
2992,2021-09-13,14.76,14.53,14.76,14.49,14.67,5732.0,8336890.0,14.65,14.53,14.683499999999977,14.69,15.24,43.57,-0.13,-0.17,0.04,宝明科技,计算机、通信和其他电子设备制造业,主板,14.669999999999984,14.57374999999998,14.517500000000007,14.682499999999996,14.900851063829803
2992,2021-09-14,14.57,14.27,14.57,14.26,14.53,7979.3,11485900.0,14.59,14.52,14.667499999999979,14.66,15.2,38.21,-0.16,-0.17,0.01,宝明科技,计算机、通信和其他电子设备制造业,主板,14.534999999999982,14.55374999999998,14.496666666666675,14.634999999999996,14.868510638297888
2992,2021-09-15,14.27,14.32,14.35,14.26,14.27,4908.19,7021250.0,14.49,14.52,14.652999999999977,14.65,15.15,39.75,-0.16,-0.17,0.01,宝明科技,计算机、通信和其他电子设备制造业,主板,14.44749999999998,14.539999999999978,14.491666666666674,14.561249999999996,14.83510638297874
2992,2021-09-16,14.3,14.28,14.4,14.25,14.32,5055.6,7235660.0,14.41,14.5,14.631999999999977,14.64,15.11,38.91,-0.17,-0.17,0.0,宝明科技,计算机、通信和其他电子设备制造业,主板,14.34999999999998,14.517499999999977,14.487500000000006,14.486249999999997,14.802127659574484
2992,2021-09-17,14.28,14.3,14.38,14.23,14.28,4234.1,6049490.0,14.34,14.49,14.604499999999977,14.63,15.07,39.59,-0.17,-0.17,0.0,宝明科技,计算机、通信和其他电子设备制造业,主板,14.292499999999979,14.481249999999978,14.48000000000001,14.461249999999998,14.770851063829802
2992,2021-09-22,14.29,14.33,14.34,14.2,14.3,4113.71,5885820.0,14.3,14.48,14.569499999999977,14.62,15.03,40.66,-0.17,-0.17,0.0,宝明科技,计算机、通信和其他电子设备制造业,主板,14.30749999999998,14.42124999999998,14.471666666666676,14.449374999999998,14.756595744680867
2992,2021-09-23,14.4,14.45,14.46,14.32,14.33,5768.1,8310730.0,14.34,14.46,14.516999999999976,14.61,14.99,44.87,-0.16,-0.17,0.01,宝明科技,计算机、通信和其他电子设备制造业,主板,14.33999999999998,14.393749999999978,14.473333333333342,14.453749999999998,14.7444680851064
2992,2021-09-24,14.48,14.32,14.53,14.28,14.45,4691.91,6739560.0,14.34,14.41,14.458999999999975,14.59,14.96,41.44,-0.16,-0.17,0.01,宝明科技,计算机、通信和其他电子设备制造业,主板,14.34999999999998,14.349999999999978,14.461666666666673,14.453124999999996,14.732765957446826
2992,2021-09-27,14.3,13.83,14.33,13.73,14.32,8804.6,12318900.0,14.25,14.33,14.415499999999975,14.56,14.91,31.63,-0.19,-0.17,-0.02,宝明科技,计算机、通信和其他电子设备制造业,主板,14.23249999999998,14.262499999999978,14.39833333333334,14.418124999999996,14.711702127659592
2992,2021-09-28,13.88,13.69,13.88,13.66,13.83,5464.98,7481080.0,14.12,14.23,14.373999999999976,14.54,14.88,29.49,-0.23,-0.18,-0.05,宝明科技,计算机、通信和其他电子设备制造业,主板,14.07249999999998,14.189999999999978,14.305000000000007,14.371874999999996,14.68276595744683
2992,2021-09-29,13.67,13.57,13.7,13.57,13.69,5041.6,6868050.0,13.97,14.14,14.333499999999976,14.5,14.83,27.75,-0.26,-0.2,-0.06,宝明科技,计算机、通信和其他电子设备制造业,主板,13.852499999999981,14.09624999999998,14.21333333333334,14.318124999999995,14.63680851063832
2992,2021-09-30,13.57,13.64,13.68,13.57,13.57,2992.6,4086230.0,13.81,14.07,14.298999999999975,14.47,14.79,30.33,-0.28,-0.21,-0.07,宝明科技,计算机、通信和其他电子设备制造业,主板,13.682499999999981,14.01624999999998,14.12750000000001,14.266874999999994,14.602340425531935
2992,2021-10-08,13.79,13.82,13.92,13.73,13.64,4939.69,6833170.0,13.71,14.02,14.270499999999975,14.44,14.75,36.6,-0.28,-0.23,-0.05,宝明科技,计算机、通信和其他电子设备制造业,主板,13.679999999999982,13.956249999999981,14.068333333333342,14.218749999999993,14.569787234042574
2992,2021-10-11,13.83,13.95,13.95,13.75,13.82,5092.36,7042820.0,13.73,13.99,14.246499999999974,14.42,14.72,40.75,-0.26,-0.23,-0.03,宝明科技,计算机、通信和其他电子设备制造业,主板,13.744999999999983,13.908749999999982,14.041666666666673,14.164999999999992,14.535744680851087
2992,2021-10-12,13.95,14.27,14.52,13.78,13.95,13174.6,18659000.0,13.85,13.99,14.238499999999974,14.4,14.69,49.51,-0.22,-0.23,0.01,宝明科技,计算机、通信和其他电子设备制造业,主板,13.919999999999982,13.88624999999998,14.037500000000009,14.139999999999993,14.520212765957469
2992,2021-10-13,14.27,13.92,14.45,13.6,14.27,8281.6,11541600.0,13.92,13.95,14.211499999999976,14.36,14.66,42.17,-0.22,-0.23,0.01,宝明科技,计算机、通信和其他电子设备制造业,主板,13.98999999999998,13.836249999999982,14.007500000000007,14.093124999999993,14.49744680851066
2992,2021-10-14,13.92,13.79,13.93,13.72,13.92,4814.09,6644510.0,13.95,13.88,14.171499999999977,14.3,14.63,39.8,-0.22,-0.23,0.01,宝明科技,计算机、通信和其他电子设备制造业,主板,13.982499999999979,13.831249999999981,13.965000000000005,14.046874999999993,14.47531914893619
2992,2021-10-15,13.55,13.31,13.58,13.2,13.79,9158.4,12250700.0,13.85,13.78,14.096499999999978,14.23,14.59,32.56,-0.26,-0.23,-0.03,宝明科技,计算机、通信和其他电子设备制造业,主板,13.822499999999977,13.783749999999982,13.880000000000004,13.986874999999992,14.439361702127679
2992,2021-10-18,13.3,13.41,13.45,13.26,13.31,3960.0,5284070.0,13.74,13.74,14.033499999999979,14.19,14.56,35.2,-0.28,-0.24,-0.04,宝明科技,计算机、通信和其他电子设备制造业,主板,13.607499999999977,13.76374999999998,13.793333333333338,13.929999999999993,14.407021276595763
2992,2021-10-19,13.5,13.87,13.93,13.4,13.41,12720.6,17438500.0,13.66,13.76,13.993499999999978,14.17,14.54,45.75,-0.26,-0.25,-0.01,宝明科技,计算机、通信和其他电子设备制造业,主板,13.594999999999978,13.79249999999998,13.75583333333334,13.904374999999993,14.386382978723423
2992,2021-10-20,13.78,13.84,13.85,13.6,13.87,8630.4,11847100.0,13.64,13.78,13.958999999999978,14.15,14.52,45.23,-0.23,-0.24,0.01,宝明科技,计算机、通信和其他电子设备制造业,主板,13.607499999999979,13.79499999999998,13.756666666666673,13.875624999999992,14.370212765957465
2992,2021-10-21,13.84,14.15,14.3,13.82,13.84,12332.7,17360500.0,13.72,13.83,13.952999999999978,14.14,14.51,51.35,-0.18,-0.23,0.05,宝明科技,计算机、通信和其他电子设备制造业,主板,13.817499999999978,13.81999999999998,13.795000000000007,13.864374999999992,14.362340425531933
2992,2021-10-22,14.14,13.76,14.49,13.67,14.15,20557.0,29071400.0,13.81,13.83,13.924999999999978,14.12,14.49,44.6,-0.18,-0.22,0.04,宝明科技,计算机、通信和其他电子设备制造业,主板,13.90499999999998,13.756249999999982,13.81083333333334,13.821249999999992,14.343191489361722
2992,2021-10-25,13.55,13.33,13.74,13.27,13.76,8312.7,11117000.0,13.79,13.76,13.877499999999978,14.09,14.45,38.58,-0.21,-0.22,0.01,宝明科技,计算机、通信和其他电子设备制造业,主板,13.76999999999998,13.682499999999981,13.785000000000005,13.759374999999993,14.311914893617041
2992,2021-10-26,13.3,12.94,13.39,12.94,13.33,10170.4,13337800.0,13.6,13.63,13.809499999999977,14.04,14.41,34.08,-0.26,-0.23,-0.03,宝明科技,计算机、通信和其他电子设备制造业,主板,13.54499999999998,13.57624999999998,13.711666666666673,13.703749999999992,14.273829787234064
2992,2021-10-27,12.92,12.61,12.99,12.6,12.94,7207.1,9146440.0,13.36,13.5,13.723499999999978,13.97,14.37,30.81,-0.33,-0.25,-0.08,宝明科技,计算机、通信和其他电子设备制造业,主板,13.15999999999998,13.48874999999998,13.600000000000009,13.636249999999993,14.229574468085127
2992,2021-10-28,12.55,12.1,12.58,12.1,12.61,7618.2,9298350.0,12.95,13.33,13.60599999999998,13.89,14.31,26.57,-0.42,-0.28,-0.14,宝明科技,计算机、通信和其他电子设备制造业,主板,12.744999999999981,13.32499999999998,13.419166666666674,13.544374999999993,14.177872340425553
2992,2021-10-29,12.1,12.24,12.26,12.03,12.1,4676.5,5697340.0,12.64,13.22,13.501999999999981,13.81,14.26,29.44,-0.46,-0.32,-0.14,宝明科技,计算机、通信和其他电子设备制造业,主板,12.472499999999982,13.121249999999979,13.279166666666676,13.456874999999993,14.127234042553214
2992,2021-11-01,12.28,12.36,12.42,12.15,12.24,4603.46,5670170.0,12.45,13.12,13.428499999999982,13.73,14.22,31.9,-0.49,-0.35,-0.14,宝明科技,计算机、通信和其他电子设备制造业,主板,12.327499999999983,12.936249999999978,13.160000000000009,13.365624999999994,14.079787234042575
2992,2021-11-02,12.44,12.0,12.44,12.0,12.36,7009.16,8534630.0,12.26,12.93,13.343999999999983,13.64,14.17,28.67,-0.53,-0.39,-0.14,宝明科技,计算机、通信和其他电子设备制造业,主板,12.174999999999983,12.667499999999977,13.050833333333342,13.243749999999995,14.024255319148958
2992,2021-11-03,12.02,12.43,12.56,11.92,12.0,12432.7,15361100.0,12.23,12.79,13.286999999999983,13.57,14.13,36.89,-0.53,-0.42,-0.11,宝明科技,计算机、通信和其他电子设备制造业,主板,12.257499999999983,12.501249999999976,12.969166666666675,13.128749999999995,13.97595744680853
2992,2021-11-04,12.43,12.37,12.53,12.27,12.43,5822.1,7181000.0,12.28,12.61,13.223499999999984,13.51,14.09,36.26,-0.52,-0.44,-0.08,宝明科技,计算机、通信和其他电子设备制造业,主板,12.289999999999981,12.381249999999977,12.844166666666675,13.031874999999996,13.923191489361722
2992,2021-11-05,12.4,12.56,12.79,12.32,12.37,11232.2,14150600.0,12.34,12.49,13.160499999999985,13.45,14.05,39.76,-0.5,-0.45,-0.05,宝明科技,计算机、通信和其他电子设备制造业,主板,12.339999999999982,12.333749999999977,12.73750000000001,12.954999999999997,13.87063829787236
2992,2021-11-08,12.43,12.43,12.71,12.2,12.56,8733.22,10827500.0,12.36,12.4,13.084499999999986,13.39,14.01,38.21,-0.48,-0.46,-0.02,宝明科技,计算机、通信和其他电子设备制造业,主板,12.447499999999982,12.311249999999978,12.594166666666675,12.899999999999997,13.805319148936187
2992,2021-11-09,12.5,12.5,12.62,12.37,12.43,9211.2,11496900.0,12.46,12.36,12.995999999999986,13.33,13.98,39.57,-0.46,-0.46,0.0,宝明科技,计算机、通信和其他电子设备制造业,主板,12.464999999999982,12.361249999999979,12.489166666666677,12.843124999999997,13.741914893617038
2992,2021-11-10,12.47,13.75,13.75,12.41,12.5,31528.4,41703400.0,12.72,12.47,12.987499999999986,13.31,13.96,57.56,-0.34,-0.43,0.09,宝明科技,计算机、通信和其他电子设备制造业,主板,12.809999999999983,12.54999999999998,12.524166666666675,12.835624999999997,13.72170212765959
2992,2021-11-11,13.49,13.99,14.6,13.4,13.75,56168.3,79300100.0,13.05,12.66,12.997499999999985,13.29,13.95,60.02,-0.22,-0.39,0.17,宝明科技,计算机、通信和其他电子设备制造业,主板,13.167499999999983,12.753749999999979,12.611666666666677,12.844999999999997,13.710425531914911
2992,2021-11-12,13.92,14.33,14.58,13.6,13.99,47719.8,67580100.0,13.4,12.87,13.048499999999985,13.29,13.94,63.27,-0.09,-0.33,0.24,宝明科技,计算机、通信和其他电子设备制造业,主板,13.642499999999982,13.044999999999979,12.75500000000001,12.856249999999998,13.709361702127676
2992,2021-11-15,14.43,14.48,14.76,14.11,14.33,37759.6,54742800.0,13.81,13.08,13.101999999999984,13.31,13.94,64.63,0.02,-0.26,0.28,宝明科技,计算机、通信和其他电子设备制造业,主板,14.137499999999982,13.301249999999978,12.953333333333342,12.901249999999997,13.712553191489379
2992,2021-11-16,14.48,14.3,14.54,14.22,14.48,18538.2,26578200.0,14.17,13.31,13.123499999999984,13.33,13.93,61.67,0.09,-0.19,0.28,宝明科技,计算机、通信和其他电子设备制造业,主板,14.27499999999998,13.542499999999977,13.125000000000009,12.961874999999997,13.710638297872357
2992,2021-11-17,14.3,14.24,14.34,14.1,14.3,15935.5,22604100.0,14.27,13.5,13.143499999999985,13.36,13.93,60.67,0.14,-0.12,0.26,宝明科技,计算机、通信和其他电子设备制造业,主板,14.337499999999979,13.752499999999976,13.281666666666675,13.043124999999998,13.706595744680868
2992,2021-11-18,14.23,13.92,14.48,13.92,14.24,16861.1,23906000.0,14.25,13.65,13.131999999999987,13.37,13.92,55.51,0.15,-0.07,0.22,宝明科技,计算机、通信和其他电子设备制造业,主板,14.234999999999978,13.938749999999978,13.441666666666675,13.124999999999996,13.695744680851082
2992,2021-11-19,14.0,15.31,15.31,13.93,13.92,56183.2,84279100.0,14.45,13.92,13.209499999999988,13.42,13.93,68.17,0.27,0.0,0.27,宝明科技,计算机、通信和其他电子设备制造业,主板,14.442499999999978,14.289999999999978,13.681666666666674,13.325624999999997,13.713829787234058
2992,2021-11-22,15.64,15.42,16.2,15.03,15.31,97098.6,151585000.0,14.64,14.22,13.31399999999999,13.46,13.94,68.93,0.37,0.07,0.3,宝明科技,计算机、通信和其他电子设备制造业,主板,14.722499999999979,14.498749999999976,13.93583333333334,13.524374999999996,13.731489361702142
2992,2021-11-23,15.43,15.0,15.5,14.89,15.42,58436.5,88100700.0,14.78,14.47,13.416999999999991,13.49,13.94,62.81,0.41,0.14,0.27,宝明科技,计算机、通信和其他电子设备制造业,主板,14.912499999999978,14.624999999999977,14.139166666666673,13.689374999999995,13.735531914893633
2992,2021-11-24,14.9,15.0,15.12,14.83,15.0,24710.9,37017700.0,14.93,14.6,13.53649999999999,13.52,13.94,62.81,0.44,0.2,0.24,宝明科技,计算机、通信和其他电子设备制造业,主板,15.18249999999998,14.708749999999979,14.353333333333339,13.876874999999995,13.742553191489378
2992,2021-11-25,14.86,14.88,14.97,14.77,15.0,20003.6,29708200.0,15.12,14.69,13.675499999999989,13.56,13.93,61.02,0.44,0.25,0.19,宝明科技,计算机、通信和其他电子设备制造业,主板,15.074999999999978,14.75874999999998,14.551666666666671,14.029999999999994,13.747021276595762
2992,2021-11-26,14.91,14.61,15.07,14.58,14.88,20890.6,30705500.0,14.98,14.72,13.793999999999988,13.6,13.92,57.07,0.41,0.28,0.13,宝明科技,计算机、通信和其他电子设备制造业,主板,14.872499999999977,14.79749999999998,14.62333333333334,14.169999999999995,13.748723404255337
2992,2021-11-29,14.58,14.61,14.73,14.42,14.61,14389.7,21000600.0,14.82,14.73,13.906499999999989,13.64,13.92,57.07,0.39,0.3,0.09,宝明科技,计算机、通信和其他电子设备制造业,主板,14.774999999999977,14.84374999999998,14.675000000000006,14.298124999999995,13.75595744680853
2992,2021-11-30,14.85,14.64,15.04,14.53,14.61,17565.7,25913000.0,14.75,14.76,14.038499999999988,13.67,13.92,57.42,0.38,0.32,0.06,宝明科技,计算机、通信和其他电子设备制造业,主板,14.684999999999977,14.93374999999998,14.700833333333337,14.436249999999994,13.762765957446826
2992,2021-12-01,14.56,14.71,14.73,14.44,14.64,13011.8,18985400.0,14.69,14.81,14.152499999999986,13.7,13.92,58.29,0.36,0.33,0.03,宝明科技,计算机、通信和其他电子设备制造业,主板,14.642499999999975,14.85874999999998,14.720000000000006,14.574374999999995,13.77191489361704
2992,2021-12-02,14.71,14.21,14.74,14.2,14.71,19243.3,27672800.0,14.56,14.84,14.244499999999984,13.7,13.92,50.39,0.31,0.32,-0.01,宝明科技,计算机、通信和其他电子设备制造业,主板,14.542499999999976,14.70749999999998,14.712500000000006,14.603124999999995,13.770000000000021
2992,2021-12-03,14.33,14.35,14.54,14.21,14.21,11540.9,16660100.0,14.5,14.74,14.333999999999985,13.72,13.92,52.34,0.27,0.31,-0.04,宝明科技,计算机、通信和其他电子设备制造业,主板,14.477499999999974,14.626249999999981,14.721666666666671,14.625624999999994,13.770425531914913
2992,2021-12-06,14.31,14.05,14.4,14.02,14.35,15321.6,21661900.0,14.39,14.61,14.414999999999987,13.74,13.92,47.99,0.22,0.29,-0.07,宝明科技,计算机、通信和其他电子设备制造业,主板,14.329999999999973,14.507499999999983,14.732500000000007,14.608124999999994,13.761914893617039
2992,2021-12-07,14.15,13.85,14.2,13.79,14.05,11088.8,15435000.0,14.23,14.49,14.482499999999987,13.78,13.91,45.29,0.16,0.27,-0.11,宝明科技,计算机、通信和其他电子设备制造业,主板,14.114999999999972,14.378749999999982,14.61083333333334,14.568749999999994,13.75191489361704
2992,2021-12-08,13.85,13.87,13.97,13.83,13.85,8751.82,12158700.0,14.07,14.38,14.488499999999988,13.82,13.9,45.62,0.11,0.24,-0.13,宝明科技,计算机、通信和其他电子设备制造业,主板,14.029999999999971,14.286249999999983,14.481666666666674,14.541874999999994,13.752765957446826
2992,2021-12-09,13.87,14.31,14.65,13.84,13.87,22939.7,32884700.0,14.09,14.32,14.504499999999988,13.89,13.89,52.41,0.11,0.21,-0.1,宝明科技,计算机、通信和其他电子设备制造业,主板,14.01999999999997,14.248749999999982,14.424166666666673,14.546249999999993,13.765957446808525
2992,2021-12-10,14.19,14.13,14.23,14.07,14.31,11764.3,16625900.0,14.04,14.27,14.494499999999988,13.95,13.88,49.68,0.08,0.18,-0.1,宝明科技,计算机、通信和其他电子设备制造业,主板,14.03999999999997,14.184999999999983,14.351666666666674,14.559374999999994,13.777872340425546
2992,2021-12-13,14.13,14.26,14.35,14.06,14.13,10721.1,15227200.0,14.08,14.24,14.483499999999987,14.02,13.87,51.64,0.08,0.16,-0.08,宝明科技,计算机、通信和其他电子设备制造业,主板,14.142499999999972,14.128749999999982,14.300000000000006,14.493749999999993,13.791063829787248
2992,2021-12-14,14.15,14.2,14.29,14.04,14.26,17878.5,25318700.0,14.15,14.19,14.478499999999986,14.09,13.87,50.66,0.07,0.14,-0.07,宝明科技,计算机、通信和其他电子设备制造业,主板,14.224999999999971,14.127499999999984,14.265833333333338,14.417499999999993,13.799148936170226
2992,2021-12-15,14.22,14.97,15.12,14.22,14.2,60184.1,89041700.0,14.37,14.22,14.514999999999986,14.18,13.87,60.92,0.12,0.14,-0.02,宝明科技,计算机、通信和其他电子设备制造业,主板,14.389999999999972,14.204999999999984,14.29583333333334,14.415624999999993,13.8208510638298
2992,2021-12-16,14.56,14.83,15.15,14.56,14.97,37998.4,56444300.0,14.48,14.28,14.560499999999985,14.26,13.88,58.54,0.16,0.14,0.02,宝明科技,计算机、通信和其他电子设备制造业,主板,14.564999999999971,14.302499999999986,14.311666666666673,14.404999999999994,13.832765957446822
2992,2021-12-17,14.83,14.46,14.83,14.46,14.83,18683.8,27184800.0,14.54,14.29,14.517999999999983,14.32,13.88,52.67,0.14,0.14,0.0,宝明科技,计算机、通信和其他电子设备制造业,主板,14.614999999999972,14.378749999999986,14.290833333333339,14.378749999999995,13.844255319148951
2992,2021-12-20,14.41,14.51,14.6,14.3,14.46,16331.3,23685700.0,14.59,14.34,14.472499999999982,14.39,13.89,53.35,0.14,0.14,0.0,宝明科技,计算机、通信和其他电子设备制造业,主板,14.69249999999997,14.458749999999984,14.315833333333337,14.372499999999995,13.859574468085123
2992,2021-12-21,14.51,14.85,14.96,14.51,14.51,19091.2,28179600.0,14.72,14.44,14.464999999999984,14.47,13.9,57.8,0.17,0.15,0.02,宝明科技,计算机、通信和其他电子设备制造业,主板,14.66249999999997,14.526249999999983,14.357500000000003,14.387499999999996,13.892340425531932
2992,2021-12-22,14.85,14.56,14.88,14.53,14.85,14283.4,20931600.0,14.64,14.51,14.442999999999984,14.5,13.9,53.15,0.15,0.15,0.0,宝明科技,计算机、通信和其他电子设备制造业,主板,14.59499999999997,14.579999999999984,14.400000000000004,14.382499999999997,13.916808510638315
2992,2021-12-23,14.45,13.22,14.45,13.11,14.56,54915.7,74515600.0,14.32,14.4,14.359999999999985,14.47,13.88,37.95,0.05,0.13,-0.08,宝明科技,计算机、通信和其他电子设备制造业,主板,14.28499999999997,14.449999999999983,14.347500000000004,14.289374999999996,13.902978723404273
2992,2021-12-24,13.19,13.11,13.45,13.06,13.22,18814.7,24872900.0,14.05,14.3,14.284999999999986,14.43,13.86,37.02,-0.06,0.09,-0.15,宝明科技,计算机、通信和其他电子设备制造业,主板,13.934999999999972,14.313749999999983,14.28416666666667,14.220624999999997,13.887446808510656
2992,2021-12-27,13.17,13.18,13.24,12.62,13.11,15639.8,20332500.0,13.78,14.19,14.213499999999986,14.39,13.85,38.06,-0.13,0.05,-0.18,宝明科技,计算机、通信和其他电子设备制造业,主板,13.517499999999972,14.089999999999982,14.190000000000003,14.147499999999997,13.866808510638315
2992,2021-12-28,13.26,13.38,13.42,13.14,13.18,14327.6,19106900.0,13.49,14.11,14.150499999999985,14.35,13.84,41.08,-0.17,0.0,-0.17,宝明科技,计算机、通信和其他电子设备制造业,主板,13.222499999999972,13.908749999999982,14.127500000000003,14.105624999999996,13.858723404255336
2992,2021-12-29,13.36,13.31,13.37,13.09,13.38,9074.4,12037800.0,13.24,13.94,14.080499999999986,14.32,13.84,40.34,-0.2,-0.04,-0.16,宝明科技,计算机、通信和其他电子设备制造业,主板,13.244999999999973,13.764999999999983,14.048333333333337,14.071874999999997,13.85829787234044
2992,2021-12-30,13.31,13.46,13.62,13.3,13.31,11347.5,15273700.0,13.29,13.8,14.042999999999987,14.31,13.84,42.72,-0.21,-0.07,-0.14,宝明科技,计算机、通信和其他电子设备制造业,主板,13.332499999999971,13.633749999999983,13.986666666666672,14.046249999999997,13.869361702127675
2992,2021-12-31,13.47,13.42,13.49,13.27,13.46,10111.3,13551100.0,13.35,13.7,13.996499999999987,14.25,13.83,42.23,-0.22,-0.1,-0.12,宝明科技,计算机、通信和其他电子设备制造业,主板,13.392499999999972,13.454999999999984,13.857500000000003,13.990624999999996,13.886595744680864
2992,2022-01-04,13.48,13.71,13.92,13.4,13.42,15635.3,21391900.0,13.46,13.62,13.979499999999984,14.19,13.83,46.92,-0.21,-0.12,-0.09,宝明科技,计算机、通信和其他电子设备制造业,主板,13.474999999999971,13.348749999999985,13.76416666666667,13.964374999999997,13.9208510638298
2992,2022-01-05,13.68,13.66,13.76,13.5,13.71,9851.5,13400300.0,13.51,13.5,13.969999999999985,14.14,13.82,46.23,-0.2,-0.14,-0.06,宝明科技,计算机、通信和其他电子设备制造业,主板,13.562499999999972,13.403749999999985,13.697500000000003,13.926874999999997,13.951063829787246
2992,2022-01-06,13.57,13.76,13.82,13.56,13.66,9604.5,13214500.0,13.6,13.42,13.964499999999983,14.1,13.81,47.89,-0.18,-0.15,-0.03,宝明科技,计算机、通信和其他电子设备制造业,主板,13.637499999999973,13.484999999999985,13.635000000000003,13.899374999999997,13.9808510638298
2992,2022-01-07,13.76,13.5,13.87,13.45,13.76,10283.2,14031700.0,13.61,13.45,13.923999999999984,14.06,13.81,44.07,-0.18,-0.15,-0.03,宝明科技,计算机、通信和其他电子设备制造业,主板,13.657499999999974,13.524999999999984,13.522500000000003,13.807499999999997,14.01276595744682
2992,2022-01-10,13.47,13.62,13.7,13.37,13.5,10058.1,13659000.0,13.65,13.5,13.898499999999984,14.02,13.81,46.2,-0.17,-0.16,-0.01,宝明科技,计算机、通信和其他电子设备制造业,主板,13.634999999999975,13.554999999999986,13.44416666666667,13.731874999999997,14.038085106382992
2992,2022-01-11,13.62,13.6,13.8,13.58,13.62,6498.2,8887730.0,13.63,13.54,13.865499999999987,13.99,13.82,45.89,-0.17,-0.16,-0.01,宝明科技,计算机、通信和其他电子设备制造业,主板,13.619999999999976,13.591249999999985,13.475833333333336,13.678124999999996,14.06425531914895
2992,2022-01-12,13.57,13.71,13.78,13.57,13.6,6979.4,9573850.0,13.64,13.58,13.840999999999985,13.96,13.81,47.99,-0.15,-0.16,0.01,宝明科技,计算机、通信和其他电子设备制造业,主板,13.607499999999979,13.622499999999985,13.525833333333338,13.628124999999997,14.088723404255335
2992,2022-01-13,13.83,13.63,13.83,13.62,13.71,8924.8,12239900.0,13.61,13.61,13.773999999999983,13.92,13.81,46.57,-0.14,-0.15,0.01,宝明科技,计算机、通信和其他电子设备制造业,主板,13.63999999999998,13.648749999999984,13.563333333333338,13.551874999999997,14.114255319148953
2992,2022-01-14,13.63,13.4,13.74,13.36,13.63,11624.2,15716600.0,13.59,13.6,13.702499999999983,13.9,13.8,42.68,-0.15,-0.15,0.0,宝明科技,计算机、通信和其他电子设备制造业,主板,13.584999999999981,13.609999999999985,13.565000000000005,13.479374999999997,14.133404255319165
2992,2022-01-17,13.47,13.77,13.87,13.4,13.4,14339.6,19704700.0,13.62,13.64,13.667999999999983,13.88,13.8,49.93,-0.13,-0.15,0.02,宝明科技,计算机、通信和其他电子设备制造业,主板,13.627499999999982,13.623749999999985,13.603333333333339,13.513749999999998,14.133829787234058
2992,2022-01-18,13.77,13.5,13.9,13.43,13.77,12658.6,17179200.0,13.6,13.62,13.617499999999984,13.86,13.8,45.42,-0.13,-0.14,0.01,宝明科技,计算机、通信和其他电子设备制造业,主板,13.574999999999983,13.591249999999985,13.606666666666671,13.538124999999997,14.123404255319166
2992,2022-01-19,13.45,13.75,13.75,13.44,13.5,14353.2,19609600.0,13.61,13.62,13.562499999999982,13.85,13.81,49.93,-0.11,-0.14,0.03,宝明科技,计算机、通信和其他电子设备制造业,主板,13.60499999999998,13.622499999999985,13.634166666666673,13.573749999999997,14.111063829787248
2992,2022-01-20,13.73,13.15,13.74,13.13,13.75,16381.4,21896300.0,13.51,13.56,13.491999999999981,13.83,13.82,41.14,-0.14,-0.14,0.0,宝明科技,计算机、通信和其他电子设备制造业,主板,13.54249999999998,13.563749999999985,13.587500000000006,13.559374999999998,14.082765957446822
2992,2022-01-21,13.15,13.01,13.28,12.88,13.15,7011.18,9144910.0,13.44,13.51,13.48149999999998,13.79,13.84,39.39,-0.17,-0.14,-0.03,宝明科技,计算机、通信和其他电子设备制造业,主板,13.352499999999981,13.489999999999986,13.533333333333339,13.540624999999997,14.055319148936185
2992,2022-01-24,12.6,12.3,12.6,12.1,13.01,17700.9,21884600.0,13.14,13.38,13.44099999999998,13.73,13.84,31.99,-0.25,-0.17,-0.08,宝明科技,计算机、通信和其他电子设备制造业,主板,13.05249999999998,13.313749999999985,13.411666666666674,13.468124999999997,14.014042553191503
2992,2022-01-25,12.34,11.83,12.41,11.81,12.3,14133.7,17033400.0,12.81,13.21,13.373499999999979,13.65,13.83,28.21,-0.35,-0.2,-0.15,宝明科技,计算机、通信和其他电子设备制造业,主板,12.57249999999998,13.088749999999985,13.272500000000008,13.368749999999999,13.969574468085122
2992,2022-01-26,11.87,11.93,12.12,11.87,11.83,5283.51,6342040.0,12.44,13.03,13.300999999999979,13.57,13.83,30.1,-0.41,-0.24,-0.17,宝明科技,计算机、通信和其他电子设备制造业,主板,12.26749999999998,12.904999999999983,13.131666666666675,13.257499999999999,13.8976595744681
2992,2022-01-27,11.94,11.46,11.94,11.45,11.93,9863.2,11460900.0,12.11,12.81,13.208499999999978,13.45,13.81,26.56,-0.5,-0.3,-0.2,宝明科技,计算机、通信和其他电子设备制造业,主板,11.879999999999981,12.616249999999985,12.953333333333342,13.12,13.813404255319167
2992,2022-01-28,11.48,11.87,11.94,11.48,11.46,7356.56,8655530.0,11.88,12.66,13.12899999999998,13.35,13.81,33.87,-0.53,-0.34,-0.19,宝明科技,计算机、通信和其他电子设备制造业,主板,11.77249999999998,12.412499999999985,12.80000000000001,13.001875,13.746808510638315
2992,2022-02-07,11.97,12.28,12.4,11.97,11.87,10308.1,12622900.0,11.87,12.51,13.071999999999978,13.28,13.8,40.28,-0.51,-0.38,-0.13,宝明科技,计算机、通信和其他电子设备制造业,主板,11.88499999999998,12.228749999999986,12.687500000000009,12.925625,13.688936170212783
2992,2022-02-08,12.45,12.54,12.63,12.28,12.28,8531.3,10662100.0,12.02,12.41,13.01349999999998,13.22,13.8,43.98,-0.47,-0.39,-0.08,宝明科技,计算机、通信和其他电子设备制造业,主板,12.03749999999998,12.152499999999986,12.615833333333342,12.858125,13.639148936170228
2992,2022-02-09,12.59,12.54,12.61,12.47,12.54,7325.9,9193180.0,12.14,12.29,12.957499999999978,13.14,13.8,43.98,-0.43,-0.4,-0.03,宝明科技,计算机、通信和其他电子设备制造业,主板,12.30749999999998,12.093749999999984,12.51333333333334,12.791875,13.595106382978738
2992,2022-02-10,12.58,12.5,12.65,12.41,12.54,6597.7,8255970.0,12.35,12.23,12.89449999999998,13.07,13.78,43.5,-0.4,-0.4,0.0,宝明科技,计算机、通信和其他电子设备制造业,主板,12.46499999999998,12.118749999999984,12.430000000000007,12.716249999999999,13.550212765957461
2992,2022-02-11,12.55,12.32,12.55,12.26,12.5,7376.26,9107270.0,12.44,12.16,12.835499999999978,13.04,13.75,41.31,-0.38,-0.4,0.02,宝明科技,计算机、通信和其他电子设备制造业,主板,12.47499999999998,12.179999999999984,12.31083333333334,12.634374999999999,13.500851063829803
2992,2022-02-14,12.29,12.38,12.54,12.24,12.32,6838.28,8484100.0,12.46,12.16,12.773499999999979,13.02,13.72,42.35,-0.37,-0.39,0.02,宝明科技,计算机、通信和其他电子设备制造业,主板,12.434999999999981,12.236249999999984,12.246666666666671,12.570624999999998,13.451276595744696
2992,2022-02-15,12.38,12.28,12.43,12.2,12.38,6410.05,7898300.0,12.4,12.21,12.707499999999978,12.99,13.69,41.04,-0.36,-0.39,0.03,宝明科技,计算机、通信和其他电子设备制造业,主板,12.369999999999981,12.338749999999983,12.18583333333334,12.477499999999997,13.41021276595746
2992,2022-02-16,12.36,12.46,12.5,12.28,12.28,5699.4,7071230.0,12.39,12.26,12.644999999999978,12.96,13.65,44.37,-0.33,-0.37,0.04,宝明科技,计算机、通信和其他电子设备制造业,主板,12.359999999999982,12.412499999999984,12.199166666666672,12.412499999999998,13.370000000000013
2992,2022-02-17,12.46,12.4,12.55,12.38,12.46,5220.9,6506540.0,12.37,12.36,12.583499999999978,12.92,13.62,43.49,-0.3,-0.36,0.06,宝明科技,计算机、通信和其他电子设备制造业,主板,12.379999999999981,12.427499999999984,12.246666666666671,12.328124999999998,13.334893617021292
2992,2022-02-18,12.32,12.46,12.5,12.3,12.4,4274.7,5295120.0,12.4,12.42,12.536499999999977,12.89,13.6,44.68,-0.28,-0.34,0.06,宝明科技,计算机、通信和其他电子设备制造业,主板,12.39999999999998,12.417499999999986,12.290833333333339,12.284999999999998,13.305319148936185
2992,2022-02-21,12.51,12.57,12.59,12.42,12.46,5330.6,6689520.0,12.43,12.44,12.476499999999977,12.86,13.55,46.88,-0.25,-0.32,0.07,宝明科技,计算机、通信和其他电子设备制造业,主板,12.47249999999998,12.421249999999986,12.383333333333338,12.257499999999999,13.277659574468101
2992,2022-02-22,12.57,12.42,12.64,12.33,12.57,6476.4,8034250.0,12.46,12.43,12.422499999999976,12.82,13.5,44.29,-0.24,-0.31,0.07,宝明科技,计算机、通信和其他电子设备制造业,主板,12.46249999999998,12.411249999999987,12.429166666666669,12.264999999999997,13.237446808510654
2992,2022-02-23,12.41,12.64,12.65,12.41,12.42,6453.0,8111520.0,12.5,12.44,12.366999999999976,12.79,13.46,48.75,-0.21,-0.29,0.08,宝明科技,计算机、通信和其他电子设备制造业,主板,12.522499999999981,12.451249999999987,12.459166666666668,12.315624999999995,13.20574468085108
2992,2022-02-24,12.65,13.43,13.9,12.58,12.64,78115.8,106866000.0,12.7,12.54,12.380999999999975,12.78,13.44,60.88,-0.11,-0.25,0.14,宝明科技,计算机、通信和其他电子设备制造业,主板,12.764999999999981,12.582499999999989,12.533333333333337,12.409374999999995,13.188085106382994
2992,2022-02-25,13.17,13.15,13.97,13.04,13.43,57219.5,76964400.0,12.84,12.62,12.387999999999977,12.76,13.41,55.84,-0.06,-0.21,0.15,宝明科技,计算机、通信和其他电子设备制造业,主板,12.90999999999998,12.69124999999999,12.58416666666667,12.514999999999995,13.165744680851077
2992,2022-02-28,13.11,12.65,13.26,12.6,13.15,28654.7,36728700.0,12.86,12.65,12.405499999999975,12.73,13.38,48.16,-0.06,-0.18,0.12,宝明科技,计算机、通信和其他电子设备制造业,主板,12.96749999999998,12.71499999999999,12.596666666666671,12.563749999999995,13.116382978723417
2992,2022-03-01,12.69,12.88,12.9,12.66,12.65,15955.5,20362800.0,12.95,12.71,12.457999999999974,12.71,13.35,51.47,-0.04,-0.15,0.11,宝明科技,计算机、通信和其他电子设备制造业,主板,13.027499999999979,12.774999999999988,12.643333333333338,12.601249999999995,13.074893617021289
2992,2022-03-02,12.87,13.17,13.26,12.76,12.88,19740.1,25798100.0,13.06,12.78,12.519999999999973,12.69,13.32,55.33,0.0,-0.12,0.12,宝明科技,计算机、通信和其他电子设备制造业,主板,12.962499999999979,12.863749999999989,12.70916666666667,12.640624999999995,13.047446808510648
2992,2022-03-03,13.22,13.25,13.34,13.1,13.17,13530.8,17872900.0,13.02,12.86,12.609499999999972,12.68,13.3,56.36,0.04,-0.09,0.13,宝明科技,计算机、通信和其他电子设备制造业,主板,12.987499999999978,12.94874999999999,12.790000000000004,12.684999999999995,13.02063829787235
2992,2022-03-04,13.15,13.03,13.26,12.97,13.25,8306.4,10859900.0,13.0,12.92,12.667499999999972,12.66,13.28,52.75,0.04,-0.06,0.1,宝明科技,计算机、通信和其他电子设备制造业,主板,13.082499999999976,13.02499999999999,12.837500000000004,12.718124999999995,12.98191489361703
2992,2022-03-07,12.87,13.3,13.61,12.87,13.03,24027.9,32130500.0,13.13,12.99,12.718499999999974,12.65,13.26,56.44,0.07,-0.04,0.11,宝明科技,计算机、通信和其他电子设备制造业,主板,13.187499999999977,13.10749999999999,12.912500000000003,12.779374999999996,12.955106382978732
2992,2022-03-08,13.29,13.27,13.45,12.88,13.3,18334.1,24174800.0,13.2,13.08,12.754999999999974,12.64,13.25,55.92,0.09,-0.01,0.1,宝明科技,计算机、通信和其他电子设备制造业,主板,13.212499999999977,13.087499999999988,12.980000000000004,12.834999999999997,12.956170212765965
2992,2022-03-09,13.26,13.3,13.66,12.7,13.27,18415.2,24354900.0,13.23,13.14,12.792999999999974,12.63,13.24,56.35,0.11,0.01,0.1,宝明科技,计算机、通信和其他电子设备制造业,主板,13.224999999999977,13.106249999999987,13.040833333333339,12.898749999999998,12.960212765957454
2992,2022-03-10,13.41,13.16,13.56,13.13,13.3,13468.4,17909400.0,13.21,13.12,12.825999999999974,12.63,13.23,53.69,0.11,0.03,0.08,宝明科技,计算机、通信和其他电子设备制造业,主板,13.257499999999975,13.169999999999986,13.102500000000006,12.942499999999997,12.95978723404256
2992,2022-03-11,13.1,13.24,13.24,12.78,13.16,11353.2,14696700.0,13.25,13.12,12.871999999999975,12.63,13.21,55.0,0.11,0.05,0.06,宝明科技,计算机、通信和其他电子设备制造业,主板,13.242499999999975,13.214999999999986,13.152500000000009,12.994999999999997,12.956808510638306
2992,2022-03-14,13.33,12.79,13.33,12.77,13.24,10420.1,13482900.0,13.15,13.14,12.892499999999975,12.65,13.19,46.96,0.09,0.06,0.03,宝明科技,计算机、通信和其他电子设备制造业,主板,13.122499999999977,13.167499999999984,13.099166666666674,13.015624999999996,12.945744680851073
2992,2022-03-15,12.85,11.9,12.86,11.9,12.79,17168.6,21120200.0,12.88,13.04,12.873499999999975,12.65,13.15,35.81,-0.01,0.04,-0.05,宝明科技,计算机、通信和其他电子设备制造业,主板,12.77249999999998,12.998749999999985,12.995000000000006,12.973749999999997,12.91255319148937
2992,2022-03-16,12.18,12.16,12.25,11.61,11.9,13158.4,15739800.0,12.65,12.94,12.858499999999978,12.66,13.11,40.28,-0.07,0.02,-0.09,宝明科技,计算机、通信和其他电子设备制造业,主板,12.52249999999998,12.889999999999985,12.954166666666673,12.957499999999998,12.88574468085107
2992,2022-03-17,12.36,12.6,12.91,12.17,12.16,18192.7,22982500.0,12.54,12.88,12.86849999999998,12.7,13.08,46.99,-0.07,0.0,-0.07,宝明科技,计算机、通信和其他电子设备制造业,主板,12.36249999999998,12.802499999999984,12.93083333333334,12.954999999999998,12.862127659574474
2992,2022-03-18,12.71,12.86,12.9,12.5,12.6,10128.2,12942700.0,12.46,12.86,12.888499999999983,12.73,13.04,50.53,-0.07,-0.01,-0.06,宝明科技,计算机、通信和其他电子设备制造业,主板,12.37999999999998,12.751249999999985,12.905000000000008,12.919374999999999,12.84510638297873
2992,2022-03-21,12.92,13.08,13.13,12.81,12.86,10432.2,13586400.0,12.52,12.84,12.913999999999982,12.76,13.02,53.36,-0.04,-0.02,-0.02,宝明科技,计算机、通信和其他电子设备制造业,主板,12.67499999999998,12.723749999999985,12.890833333333342,12.915,12.83063829787235
2992,2022-03-22,13.09,13.02,13.17,12.87,13.08,6634.4,8617160.0,12.74,12.81,12.94399999999998,12.77,12.99,52.48,-0.01,-0.02,0.01,宝明科技,计算机、通信和其他电子设备制造业,主板,12.88999999999998,12.706249999999985,12.89000000000001,12.938125,12.820425531914902
2992,2022-03-23,13.04,13.0,13.17,12.97,13.02,6577.19,8592300.0,12.91,12.78,12.96199999999998,12.79,12.96,52.17,0.0,-0.01,0.01,宝明科技,计算机、通信和其他电子设备制造业,主板,12.989999999999979,12.676249999999985,12.865000000000009,12.945625,12.8072340425532
2992,2022-03-24,12.93,12.91,12.98,12.81,13.0,5197.08,6696970.0,12.97,12.76,12.935999999999982,12.8,12.94,50.72,0.01,-0.01,0.02,宝明科技,计算机、通信和其他电子设备制造业,主板,13.00249999999998,12.691249999999986,12.835000000000008,12.929375,12.792553191489368
2992,2022-03-25,12.89,12.99,13.13,12.87,12.91,7367.07,9601810.0,13.0,12.73,12.927999999999983,12.82,12.93,52.0,0.02,0.0,0.02,宝明科技,计算机、通信和其他电子设备制造业,主板,12.979999999999979,12.827499999999985,12.809166666666675,12.913125,12.777234042553198
2992,2022-03-28,13.05,13.03,13.13,12.81,12.99,6117.8,7952630.0,12.99,12.76,12.946999999999983,12.85,12.93,52.66,0.02,0.0,0.02,宝明科技,计算机、通信和其他电子设备制造业,主板,12.98249999999998,12.936249999999985,12.798333333333341,12.913125,12.764468085106389
2992,2022-03-29,13.05,12.69,13.05,12.65,13.03,9779.4,12516000.0,12.92,12.83,12.937499999999982,12.86,12.92,46.76,0.01,0.0,0.01,宝明科技,计算机、通信和其他电子设备制造业,主板,12.90499999999998,12.947499999999986,12.752500000000007,12.875,12.749361702127667
2992,2022-03-30,12.83,12.78,12.96,12.63,12.69,8298.2,10618100.0,12.88,12.9,12.917999999999981,12.87,12.91,48.41,0.0,0.0,0.0,宝明科技,计算机、通信和其他电子设备制造业,主板,12.872499999999981,12.937499999999986,12.751666666666674,12.844375,12.728297872340432
2992,2022-03-31,12.79,12.78,13.08,12.68,12.78,9544.7,12315900.0,12.85,12.91,12.89449999999998,12.88,12.9,48.41,-0.01,0.0,-0.01,宝明科技,计算机、通信和其他电子设备制造业,主板,12.81999999999998,12.899999999999986,12.825000000000008,12.811874999999999,12.712978723404262
2992,2022-04-01,12.75,12.44,12.76,12.32,12.78,13249.1,16549900.0,12.74,12.87,12.86499999999998,12.88,12.89,42.62,-0.04,-0.01,-0.03,宝明科技,计算机、通信和其他电子设备制造业,主板,12.67249999999998,12.827499999999986,12.848333333333342,12.766874999999999,12.685106382978732
2992,2022-04-06,12.55,12.93,13.29,12.4,12.44,19851.6,25763200.0,12.72,12.86,12.846499999999981,12.9,12.88,51.6,-0.02,-0.01,-0.01,宝明科技,计算机、通信和其他电子设备制造业,主板,12.73249999999998,12.818749999999987,12.875833333333341,12.747499999999999,12.680425531914901
2992,2022-04-07,13.06,12.66,13.2,12.66,12.93,10789.2,13815000.0,12.72,12.82,12.815999999999983,12.9,12.86,47.22,-0.03,-0.01,-0.02,宝明科技,计算机、通信和其他电子设备制造业,主板,12.70249999999998,12.787499999999987,12.859166666666676,12.739374999999999,12.672978723404263
2992,2022-04-08,12.66,12.57,12.81,12.4,12.66,7994.68,10073400.0,12.68,12.78,12.779499999999981,12.9,12.84,45.82,-0.05,-0.02,-0.03,宝明科技,计算机、通信和其他电子设备制造业,主板,12.649999999999979,12.734999999999987,12.816666666666675,12.781249999999998,12.678723404255328
2992,2022-04-11,12.5,12.13,12.57,12.09,12.57,7738.1,9510290.0,12.55,12.7,12.727999999999982,12.86,12.82,39.64,-0.09,-0.04,-0.05,宝明科技,计算机、通信和其他电子设备制造业,主板,12.57249999999998,12.622499999999986,12.742500000000007,12.779374999999998,12.685106382978732
2992,2022-04-12,12.13,12.45,12.5,11.95,12.13,6312.39,7745340.0,12.55,12.65,12.688499999999982,12.83,12.8,45.41,-0.11,-0.05,-0.06,宝明科技,计算机、通信和其他电子设备制造业,主板,12.452499999999981,12.592499999999987,12.696666666666673,12.769999999999998,12.696170212765967
2992,2022-04-13,12.55,12.26,12.55,12.19,12.45,4484.0,5525070.0,12.41,12.57,12.661999999999981,12.82,12.78,42.79,-0.13,-0.07,-0.06,宝明科技,计算机、通信和其他电子设备制造业,主板,12.352499999999981,12.527499999999987,12.642500000000005,12.732499999999998,12.713191489361712
2992,2022-04-14,12.26,12.27,12.49,12.25,12.26,4471.4,5537980.0,12.34,12.53,12.680499999999983,12.8,12.75,42.98,-0.14,-0.08,-0.06,宝明科技,计算机、通信和其他电子设备制造业,主板,12.27749999999998,12.463749999999987,12.582500000000005,12.681874999999998,12.721702127659583
2992,2022-04-15,12.22,11.93,12.33,11.91,12.27,7097.2,8527000.0,12.21,12.44,12.668999999999981,12.76,12.72,38.41,-0.18,-0.1,-0.08,宝明科技,计算机、通信和其他电子设备制造业,主板,12.22749999999998,12.399999999999988,12.49083333333334,12.613749999999998,12.714255319148945
2992,2022-04-18,11.95,12.21,12.35,11.7,11.93,7217.3,8741040.0,12.22,12.38,12.649499999999982,12.72,12.7,43.72,-0.18,-0.12,-0.06,宝明科技,计算机、通信和其他电子设备制造业,主板,12.167499999999979,12.309999999999988,12.45083333333334,12.564374999999998,12.707234042553202
2992,2022-04-19,12.21,12.23,12.26,12.08,12.21,3960.3,4821170.0,12.18,12.36,12.61799999999998,12.7,12.68,44.09,-0.18,-0.13,-0.05,宝明科技,计算机、通信和其他电子设备制造业,主板,12.15999999999998,12.256249999999989,12.405000000000006,12.521874999999998,12.700638297872352
2992,2022-04-20,12.27,12.45,12.55,12.22,12.23,11234.9,13987600.0,12.22,12.32,12.58649999999998,12.67,12.66,48.14,-0.17,-0.14,-0.03,宝明科技,计算机、通信和其他电子设备制造业,主板,12.20499999999998,12.24124999999999,12.377500000000005,12.488124999999997,12.69957446808512
2992,2022-04-21,12.41,12.24,12.57,12.14,12.45,10167.7,12630000.0,12.21,12.27,12.547499999999978,12.64,12.64,44.8,-0.16,-0.14,-0.02,宝明科技,计算机、通信和其他电子设备制造业,主板,12.282499999999981,12.25499999999999,12.36083333333334,12.438749999999997,12.697872340425542
2992,2022-04-22,12.19,12.06,12.48,11.89,12.24,10745.3,13088900.0,12.24,12.22,12.500499999999978,12.59,12.61,42.11,-0.17,-0.15,-0.02,宝明科技,计算机、通信和其他电子设备制造业,主板,12.244999999999981,12.20624999999999,12.28833333333334,12.399374999999997,12.691063829787245
2992,2022-04-25,11.75,11.11,11.93,11.09,12.06,11873.0,13769600.0,12.02,12.12,12.410499999999978,12.53,12.58,31.39,-0.26,-0.17,-0.09,宝明科技,计算机、通信和其他电子设备制造业,主板,11.964999999999982,12.06249999999999,12.159166666666671,12.294999999999996,12.666170212765968
2992,2022-04-26,11.28,10.22,11.28,10.2,11.11,12307.4,13064300.0,11.62,11.9,12.271999999999977,12.42,12.53,24.98,-0.39,-0.21,-0.18,宝明科技,计算机、通信和其他电子设备制造业,主板,11.407499999999981,11.80624999999999,11.963333333333338,12.134999999999996,12.618510638297883
2992,2022-04-27,10.42,10.63,10.75,9.88,10.22,13548.5,13897800.0,11.25,11.74,12.151999999999976,12.35,12.5,31.88,-0.46,-0.26,-0.2,宝明科技,计算机、通信和其他电子设备制造业,主板,11.004999999999981,11.64374999999999,11.838333333333338,12.021874999999996,12.5808510638298
2992,2022-04-28,10.6,10.55,10.68,10.35,10.63,6271.0,6561260.0,10.91,11.56,12.044999999999977,12.31,12.48,31.28,-0.51,-0.31,-0.2,宝明科技,计算机、通信和其他电子设备制造业,主板,10.62749999999998,11.43624999999999,11.680000000000007,11.873124999999996,12.540212765957456
2992,2022-04-29,10.34,10.98,11.1,10.34,10.55,7880.5,8610310.0,10.7,11.47,11.954999999999977,12.27,12.46,38.08,-0.52,-0.35,-0.17,宝明科技,计算机、通信和其他电子设备制造业,主板,10.594999999999981,11.27999999999999,11.57333333333334,11.768124999999996,12.506382978723414
2992,2022-05-05,10.99,11.26,11.33,10.89,10.98,13176.3,14748000.0,10.73,11.37,11.878999999999976,12.22,12.46,42.1,-0.49,-0.38,-0.11,宝明科技,计算机、通信和其他电子设备制造业,主板,10.85499999999998,11.13124999999999,11.489166666666671,11.686249999999996,12.481702127659585
2992,2022-05-06,11.11,11.43,11.7,10.92,11.26,13790.4,15725500.0,10.97,11.29,11.828499999999977,12.18,12.45,44.45,-0.45,-0.39,-0.06,宝明科技,计算机、通信和其他电子设备制造业,主板,11.05499999999998,11.029999999999992,11.447500000000005,11.642499999999997,12.455957446808519
2992,2022-05-09,11.44,11.41,11.64,11.27,11.43,8980.2,10259900.0,11.13,11.19,11.752499999999976,12.12,12.44,44.23,-0.42,-0.4,-0.02,宝明科技,计算机、通信和其他电子设备制造业,主板,11.269999999999982,10.948749999999992,11.380833333333337,11.577499999999997,12.412978723404263
2992,2022-05-10,11.38,11.55,11.55,11.26,11.41,8295.25,9504490.0,11.33,11.12,11.696999999999978,12.07,12.42,46.3,-0.37,-0.39,0.02,宝明科技,计算机、通信和其他电子设备制造业,主板,11.41249999999998,11.003749999999991,11.324166666666672,11.533124999999998,12.378936170212775
2992,2022-05-11,11.58,11.52,11.7,11.48,11.55,7757.65,9006350.0,11.43,11.07,11.644499999999978,12.02,12.41,45.91,-0.34,-0.38,0.04,宝明科技,计算机、通信和其他电子设备制造业,主板,11.47749999999998,11.166249999999991,11.246666666666675,11.486249999999998,12.354893617021284
2992,2022-05-12,11.42,11.64,11.72,11.37,11.52,8208.2,9525750.0,11.51,11.12,11.61999999999998,11.98,12.39,47.82,-0.3,-0.37,0.07,宝明科技,计算机、通信和其他电子设备制造业,主板,11.52999999999998,11.292499999999992,11.196666666666673,11.468124999999997,12.32851063829788
2992,2022-05-13,11.62,11.86,11.93,11.62,11.64,12856.1,15163000.0,11.6,11.28,11.590499999999981,11.94,12.38,51.23,-0.23,-0.34,0.11,宝明科技,计算机、通信和其他电子设备制造业,主板,11.64249999999998,11.456249999999992,11.180000000000007,11.446249999999997,12.30063829787235
2992,2022-05-16,12.01,11.8,12.01,11.7,11.86,8901.4,10561200.0,11.67,11.4,11.567499999999981,11.9,12.37,50.27,-0.2,-0.31,0.11,宝明科技,计算机、通信和其他电子设备制造业,主板,11.70499999999998,11.558749999999991,11.237500000000006,11.419374999999999,12.269787234042562
2992,2022-05-17,11.7,11.82,11.91,11.63,11.8,8331.7,9808340.0,11.73,11.53,11.54499999999998,11.87,12.37,50.6,-0.16,-0.28,0.12,宝明科技,计算机、通信和其他电子设备制造业,主板,11.77999999999998,11.628749999999991,11.370833333333339,11.379999999999999,12.2440425531915
2992,2022-05-18,11.82,12.0,12.05,11.72,11.82,5698.06,6809190.0,11.82,11.63,11.54849999999998,11.85,12.36,53.62,-0.12,-0.25,0.13,宝明科技,计算机、通信和其他电子设备制造业,主板,11.86999999999998,11.699999999999992,11.485000000000007,11.364999999999998,12.216382978723415
2992,2022-05-19,11.99,12.08,12.18,11.66,12.0,7638.21,9175970.0,11.91,11.71,11.54199999999998,11.82,12.35,54.94,-0.08,-0.22,0.14,宝明科技,计算机、通信和其他电子设备制造业,主板,11.92499999999998,11.783749999999992,11.612500000000006,11.366249999999999,12.191063829787247
2992,2022-05-20,12.02,12.06,12.2,12.0,12.08,8339.75,10089700.0,11.95,11.77,11.53349999999998,11.81,12.35,54.52,-0.05,-0.18,0.13,宝明科技,计算机、通信和其他电子设备制造业,主板,11.98999999999998,11.847499999999993,11.702500000000008,11.425625,12.164680851063842
2992,2022-05-23,12.03,12.18,12.2,11.91,12.06,7993.4,9643630.0,12.03,11.85,11.519999999999982,11.79,12.34,56.65,-0.01,-0.15,0.14,宝明科技,计算机、通信和其他电子设备制造业,主板,12.07999999999998,11.929999999999994,11.779166666666676,11.548125,12.143829787234054
2992,2022-05-24,12.15,11.8,12.22,11.8,12.18,9800.9,11725800.0,12.02,11.88,11.497999999999982,11.76,12.33,48.86,-0.01,-0.12,0.11,宝明科技,计算机、通信和其他电子设备制造业,主板,12.02999999999998,11.949999999999994,11.81000000000001,11.621250000000002,12.113191489361713
2992,2022-05-25,11.82,12.03,12.04,11.82,11.8,6607.68,7905880.0,12.03,11.93,11.496499999999982,11.74,12.32,53.06,0.01,-0.09,0.1,宝明科技,计算机、通信和其他电子设备制造业,主板,12.01749999999998,11.971249999999994,11.861666666666677,11.713750000000001,12.097021276595756
2992,2022-05-26,11.99,12.09,12.13,11.84,12.03,7726.5,9272650.0,12.03,11.97,11.545499999999981,11.74,12.3,54.12,0.02,-0.07,0.09,宝明科技,计算机、通信和其他电子设备制造业,主板,12.02499999999998,12.007499999999995,11.906666666666675,11.783125000000002,12.101063829787247
2992,2022-05-27,12.12,11.98,12.17,11.87,12.09,8164.98,9778660.0,12.02,11.98,11.63349999999998,11.72,12.28,51.81,0.02,-0.05,0.07,宝明科技,计算机、通信和其他电子设备制造业,主板,11.974999999999982,12.027499999999996,11.945000000000007,11.828125000000002,12.097234042553204
2992,2022-05-30,12.06,11.84,12.06,11.67,11.98,13640.6,16083200.0,11.95,11.99,11.693999999999981,11.71,12.26,48.95,0.02,-0.04,0.06,宝明科技,计算机、通信和其他电子设备制造业,主板,11.984999999999982,12.007499999999997,11.961666666666673,11.853750000000002,12.081063829787247
2992,2022-05-31,11.94,11.87,11.94,11.66,11.84,8749.61,10315300.0,11.96,11.99,11.75999999999998,11.69,12.25,49.59,0.02,-0.03,0.05,宝明科技,计算机、通信和其他电子设备制造业,主板,11.94499999999998,11.981249999999998,11.962500000000006,11.882500000000002,12.060000000000013
2992,2022-06-01,11.84,12.04,12.18,11.81,11.87,13217.4,15911000.0,11.96,12.0,11.812999999999981,11.7,12.23,53.19,0.03,-0.02,0.05,宝明科技,计算机、通信和其他电子设备制造业,主板,11.93249999999998,11.978749999999998,11.982500000000003,11.913125,12.037872340425544
2992,2022-06-02,12.25,12.26,12.34,11.97,12.04,11840.9,14452000.0,12.0,12.02,11.862999999999982,11.7,12.21,57.43,0.05,0.0,0.05,宝明科技,计算机、通信和其他电子设备制造业,主板,12.00249999999998,11.98875,12.01916666666667,11.959375,12.021702127659585
2992,2022-06-06,12.26,12.43,12.47,12.12,12.26,11184.7,13836400.0,12.09,12.05,11.91299999999998,11.71,12.2,60.41,0.08,0.01,0.07,宝明科技,计算机、通信和其他电子设备制造业,主板,12.14999999999998,12.0675,12.055000000000005,12.00875,12.009574468085116
2992,2022-06-07,12.43,12.25,12.5,12.06,12.43,7018.01,8592800.0,12.17,12.06,11.95499999999998,11.7,12.18,55.94,0.09,0.03,0.06,宝明科技,计算机、通信和其他电子设备制造业,主板,12.244999999999981,12.095,12.06916666666667,12.033124999999998,11.995531914893629
2992,2022-06-08,12.16,12.08,12.35,11.93,12.25,8478.6,10236800.0,12.21,12.09,11.981499999999981,11.69,12.16,52.03,0.08,0.04,0.04,宝明科技,计算机、通信和其他电子设备制造业,主板,12.254999999999981,12.09375,12.070833333333338,12.050624999999998,11.97617021276597
2992,2022-06-09,12.06,11.81,12.14,11.78,12.08,10342.5,12300600.0,12.17,12.06,11.995999999999981,11.69,12.14,46.47,0.05,0.04,0.01,宝明科技,计算机、通信和其他电子设备制造业,主板,12.142499999999982,12.0725,12.040000000000004,12.049999999999999,11.950212765957458
2992,2022-06-10,11.82,11.81,11.99,11.77,11.81,11359.0,13442200.0,12.08,12.04,12.004499999999982,11.71,12.12,46.47,0.04,0.04,0.0,宝明科技,计算机、通信和其他电子设备制造业,主板,11.987499999999983,12.06875,12.040833333333337,12.038124999999999,11.931489361702138
2992,2022-06-13,11.84,11.72,11.96,11.7,11.81,9310.6,10959700.0,11.93,12.01,11.997499999999983,11.76,12.09,44.62,0.02,0.04,-0.02,宝明科技,计算机、通信和其他电子设备制造业,主板,11.854999999999983,12.049999999999999,12.015000000000002,12.015624999999998,11.908936170212776
2992,2022-06-14,12.0,11.81,12.2,11.61,11.72,23804.6,28169400.0,11.85,12.01,11.997999999999982,11.8,12.08,46.89,0.0,0.03,-0.03,宝明科技,计算机、通信和其他电子设备制造业,主板,11.787499999999984,12.021249999999998,11.991666666666669,11.999999999999998,11.888297872340436
2992,2022-06-15,11.83,11.98,12.25,11.83,11.81,17547.1,21170600.0,11.83,12.02,12.005999999999982,11.85,12.08,50.98,0.0,0.02,-0.02,宝明科技,计算机、通信和其他电子设备制造业,主板,11.829999999999984,11.986249999999998,11.991666666666669,11.987499999999997,11.87851063829788
2992,2022-06-16,11.94,12.08,12.17,11.86,11.98,15526.9,18685000.0,11.88,12.02,12.009999999999982,11.88,12.08,53.26,0.01,0.02,-0.01,宝明科技,计算机、通信和其他电子设备制造业,主板,11.897499999999983,11.942499999999999,12.01166666666667,12.004999999999997,11.860425531914904
2992,2022-06-17,12.21,12.22,12.3,11.91,12.08,17045.1,20745200.0,11.96,12.02,12.016999999999982,11.92,12.07,56.32,0.03,0.02,0.01,宝明科技,计算机、通信和其他电子设备制造业,主板,12.022499999999983,11.938749999999999,12.040833333333337,12.016874999999997,11.851063829787247
2992,2022-06-20,12.1,13.44,13.44,12.1,12.22,42166.1,55504600.0,12.31,12.12,12.08599999999998,11.98,12.08,72.94,0.14,0.05,0.09,宝明科技,计算机、通信和其他电子设备制造业,主板,12.429999999999982,12.108749999999999,12.157500000000004,12.101249999999997,11.86957446808512
2992,2022-06-21,14.0,13.48,14.0,13.06,13.44,90170.5,121401000.0,12.64,12.24,12.15099999999998,12.05,12.09,73.3,0.24,0.08,0.16,宝明科技,计算机、通信和其他电子设备制造业,主板,12.804999999999982,12.317499999999999,12.25916666666667,12.194999999999997,11.898297872340438
2992,2022-06-22,13.42,13.4,13.88,13.3,13.48,40247.5,54165300.0,12.92,12.38,12.23099999999998,12.11,12.09,71.27,0.3,0.13,0.17,宝明科技,计算机、通信和其他电子设备制造业,主板,13.134999999999984,12.51625,12.340000000000003,12.292499999999997,11.918510638297883
2992,2022-06-23,13.33,13.4,13.54,13.27,13.4,27864.0,37339600.0,13.19,12.53,12.299499999999979,12.18,12.1,71.27,0.34,0.17,0.17,宝明科技,计算机、通信和其他电子设备制造业,主板,13.429999999999986,12.72625,12.435833333333337,12.388124999999997,11.94276595744682
2992,2022-06-24,13.49,14.02,14.24,13.41,13.4,47974.6,66816900.0,13.55,12.76,12.39599999999998,12.25,12.12,77.01,0.42,0.22,0.2,宝明科技,计算机、通信和其他电子设备制造业,主板,13.574999999999985,13.0025,12.597500000000004,12.511874999999998,11.980000000000011
2992,2022-06-27,13.88,13.97,14.19,13.86,14.02,30080.5,42084300.0,13.65,12.98,12.49549999999998,12.32,12.13,75.69,0.47,0.27,0.2,宝明科技,计算机、通信和其他电子设备制造业,主板,13.697499999999984,13.251249999999999,12.777500000000003,12.618749999999999,12.02340425531916
2992,2022-06-28,14.06,14.43,14.65,13.92,13.97,36407.8,52237600.0,13.84,13.24,12.624999999999979,12.41,12.16,79.21,0.54,0.32,0.22,宝明科技,计算机、通信和其他电子设备制造业,主板,13.954999999999986,13.545,12.995833333333337,12.743749999999999,12.070638297872351
2992,2022-06-29,14.46,14.45,15.45,14.39,14.43,42620.1,63043300.0,14.05,13.49,12.75399999999998,12.5,12.19,79.34,0.61,0.38,0.23,宝明科技,计算机、通信和其他电子设备制造业,主板,14.217499999999985,13.82375,13.223333333333336,12.881249999999998,12.117872340425544
2992,2022-06-30,14.48,14.41,14.76,14.08,14.45,35411.7,50926700.0,14.26,13.72,12.87249999999998,12.58,12.21,78.21,0.63,0.43,0.2,宝明科技,计算机、通信和其他电子设备制造业,主板,14.314999999999987,13.945,13.440000000000003,13.026874999999997,12.159574468085117
2992,2022-07-01,14.59,14.83,15.07,14.43,14.41,31981.8,47321000.0,14.42,13.98,13.00099999999998,12.67,12.25,81.24,0.68,0.48,0.2,宝明科技,计算机、通信和其他电子设备制造业,主板,14.529999999999987,14.11375,13.677500000000004,13.215624999999998,12.21468085106384
2992,2022-07-04,14.76,15.69,15.95,14.72,14.83,62375.8,96664900.0,14.76,14.21,13.163999999999978,12.79,12.3,85.64,0.78,0.54,0.24,宝明科技,计算机、通信和其他电子设备制造业,主板,14.844999999999986,14.399999999999999,13.978333333333337,13.458124999999997,12.291914893617035
2992,2022-07-05,15.6,15.85,15.89,15.52,15.69,41334.6,64879500.0,15.05,14.45,13.34399999999998,12.92,12.35,86.28,0.87,0.61,0.26,宝明科技,计算机、通信和其他电子设备制造业,主板,15.194999999999986,14.706249999999997,14.280833333333335,13.716249999999997,12.392765957446821
2992,2022-07-06,15.75,17.44,17.44,15.75,15.85,68964.0,118215000.0,15.64,14.85,13.61199999999998,13.1,12.43,90.73,1.05,0.7,0.35,宝明科技,计算机、通信和其他电子设备制造业,主板,15.952499999999986,15.133749999999997,14.61416666666667,14.068124999999997,12.546382978723418
2992,2022-07-07,19.18,19.18,19.18,19.18,17.44,13767.4,26405800.0,16.6,15.43,13.980499999999981,13.34,12.54,93.3,1.32,0.82,0.5,宝明科技,计算机、通信和其他电子设备制造业,主板,17.03999999999999,15.784999999999997,15.08916666666667,14.518124999999998,12.728297872340438
2992,2022-07-08,21.1,21.1,21.1,21.1,19.18,66403.4,140111000.0,17.85,16.13,14.444999999999983,13.64,12.69,94.96,1.67,0.99,0.68,宝明科技,计算机、通信和其他电子设备制造业,主板,18.39249999999999,16.618749999999995,15.730833333333337,15.081874999999997,12.952765957446822
2992,2022-07-11,22.2,23.21,23.21,21.25,21.1,349620.0,790558000.0,19.36,17.06,15.01949999999998,14.02,12.87,96.1,2.09,1.21,0.88,宝明科技,计算机、通信和其他电子设备制造业,主板,20.232499999999995,17.713749999999997,16.548333333333336,15.768749999999995,13.21297872340427
2992,2022-07-12,23.21,22.33,25.25,21.5,23.21,351326.0,819881000.0,20.65,17.85,15.54549999999998,14.37,13.04,87.23,2.33,1.43,0.9,宝明科技,计算机、通信和其他电子设备制造业,主板,21.454999999999995,18.703749999999996,17.240833333333335,16.324374999999996,13.448510638297888
2992,2022-07-13,23.31,23.19,24.56,22.56,22.33,299767.0,703766000.0,21.8,18.72,16.105999999999977,14.74,13.22,88.36,2.55,1.66,0.89,宝明科技,计算机、通信和其他电子设备制造业,主板,22.457499999999996,19.748749999999994,18.00916666666667,16.931249999999995,13.698723404255336
2992,2022-07-14,22.48,23.9,24.19,21.55,23.19,311692.0,720728000.0,22.75,19.67,16.696999999999978,15.14,13.42,89.21,2.77,1.88,0.89,宝明科技,计算机、通信和其他电子设备制造业,主板,23.1575,20.774999999999995,18.798333333333336,17.587499999999995,13.9644680851064
2992,2022-07-15,23.9,24.51,26.29,22.67,23.9,321102.0,778750000.0,23.43,20.64,17.311499999999974,15.55,13.62,89.89,2.94,2.09,0.85,宝明科技,计算机、通信和其他电子设备制造业,主板,23.4825,21.857499999999995,19.636666666666667,18.281874999999996,14.240212765957466
2992,2022-07-18,25.55,26.96,26.96,24.49,24.51,271444.0,712099000.0,24.18,21.77,17.987499999999976,16.03,13.87,92.06,3.25,2.32,0.93,宝明科技,计算机、通信和其他电子设备制造业,主板,24.640000000000004,23.047499999999996,20.6825,19.090624999999996,14.568723404255339
2992,2022-07-19,28.84,27.3,29.66,26.5,26.96,376549.0,1080570000.0,25.17,22.91,18.678499999999975,16.53,14.12,92.31,3.47,2.55,0.92,宝明科技,计算机、通信和其他电子设备制造业,主板,25.667500000000004,24.062499999999996,21.721666666666668,19.923749999999995,14.90191489361704
2992,2022-07-20,28.0,28.23,28.9,26.21,27.3,284275.0,789728000.0,26.18,23.99,19.419999999999977,17.07,14.38,92.95,3.68,2.78,0.9,宝明科技,计算机、通信和其他电子设备制造业,主板,26.75,24.953749999999996,22.76666666666667,20.786249999999995,15.250212765957466
2992,2022-07-21,28.0,29.3,29.9,26.25,28.23,273097.0,769820000.0,27.26,25.0,20.21499999999998,17.65,14.67,93.62,3.89,3.0,0.89,宝明科技,计算机、通信和其他电子设备制造业,主板,27.9475,25.714999999999996,23.887500000000003,21.714374999999997,15.62255319148938
2992,2022-07-22,30.0,29.4,30.2,28.25,29.3,207309.0,608498000.0,28.24,25.83,20.983999999999977,18.24,14.98,93.68,4.02,3.2,0.82,宝明科技,计算机、通信和其他电子设备制造业,主板,28.557499999999997,26.598749999999995,24.88416666666667,22.651249999999994,15.996595744680869
2992,2022-07-25,29.4,26.46,29.4,26.46,29.4,148663.0,404157000.0,28.14,26.16,21.608499999999975,18.73,15.25,72.2,3.84,3.33,0.51,宝明科技,计算机、通信和其他电子设备制造业,主板,28.3475,27.007499999999997,25.49083333333333,23.378124999999994,16.304255319148954
2992,2022-07-26,25.5,28.19,28.39,25.11,26.46,223489.0,604046000.0,28.32,26.74,22.296499999999973,19.28,15.54,75.73,3.79,3.42,0.37,宝明科技,计算机、通信和其他电子设备制造业,主板,28.337500000000002,27.543749999999996,26.081666666666663,24.159374999999994,16.647021276595762
2992,2022-07-27,28.2,28.98,29.05,27.5,28.19,174194.0,491438000.0,28.47,27.32,23.022999999999975,19.85,15.85,77.15,3.78,3.49,0.29,宝明科技,计算机、通信和其他电子设备制造业,主板,28.257500000000004,28.102499999999996,26.5625,24.979999999999993,17.007021276595765
2992,2022-07-28,29.0,29.59,31.88,27.0,28.98,232708.0,684591000.0,28.52,27.89,23.781999999999975,20.43,16.16,78.22,3.76,3.55,0.21,宝明科技,计算机、通信和其他电子设备制造业,主板,28.305,28.431249999999995,27.1675,25.739374999999992,17.377446808510662
2992,2022-07-29,29.81,29.5,31.13,29.38,29.59,170541.0,513121000.0,28.54,28.39,24.515499999999975,21.0,16.46,77.64,3.71,3.58,0.13,宝明科技,计算机、通信和其他电子设备制造业,主板,29.064999999999998,28.70624999999999,27.69333333333333,26.38437499999999,17.754042553191514
2992,2022-08-01,29.45,27.09,29.88,26.55,29.5,230170.0,631821000.0,28.67,28.4,25.085499999999975,21.46,16.72,64.08,3.44,3.55,-0.11,宝明科技,计算机、通信和其他电子设备制造业,主板,28.79,28.563749999999988,27.959166666666665,26.75874999999999,18.074468085106407
2992,2022-08-02,26.86,27.8,28.44,26.18,27.09,179379.0,494749000.0,28.59,28.45,25.682999999999975,21.94,16.99,65.96,3.23,3.49,-0.26,宝明科技,计算机、通信和其他电子设备制造业,主板,28.495,28.376249999999985,28.233333333333334,27.04562499999999,18.40872340425534
2992,2022-08-03,28.0,25.02,28.14,25.02,27.8,182073.0,474540000.0,27.8,28.13,26.061999999999973,22.32,17.22,54.0,2.82,3.35,-0.53,宝明科技,计算机、通信和其他电子设备制造业,主板,27.3525,27.828749999999985,28.07166666666667,27.21374999999999,18.68617021276598
2992,2022-08-04,24.22,24.8,25.99,23.6,25.02,169080.0,421077000.0,26.84,27.68,26.34299999999997,22.7,17.44,53.18,2.44,3.17,-0.73,宝明科技,计算机、通信和其他电子设备制造业,主板,26.177500000000002,27.621249999999986,27.863333333333333,27.31437499999999,18.961914893617042
2992,2022-08-05,25.31,24.98,25.5,23.9,24.8,142537.0,349447000.0,25.94,27.24,26.53699999999997,23.07,17.66,53.8,2.13,2.96,-0.83,宝明科技,计算机、通信和其他电子设备制造业,主板,25.65,27.219999999999985,27.5925,27.381874999999994,19.24085106382981
2992,2022-08-08,25.23,27.48,27.48,24.87,24.98,104644.0,274698000.0,26.02,27.34,26.75049999999997,23.52,17.92,61.43,2.07,2.78,-0.71,宝明科技,计算机、通信和其他电子设备制造业,主板,25.569999999999997,27.032499999999985,27.440833333333334,27.567499999999995,19.569361702127683
2992,2022-08-09,27.51,29.21,29.4,27.17,27.48,128063.0,363575000.0,26.3,27.45,27.09449999999997,24.01,18.21,65.66,2.13,2.65,-0.52,宝明科技,计算机、通信和其他电子设备制造业,主板,26.617499999999996,26.984999999999985,27.425,27.708124999999995,19.93000000000002
2992,2022-08-10,29.21,29.11,29.9,27.8,29.21,92067.2,265227000.0,27.12,27.46,27.390499999999967,24.5,18.5,65.22,2.15,2.55,-0.4,宝明科技,计算机、通信和其他电子设备制造业,主板,27.694999999999997,26.936249999999987,27.64583333333334,27.821249999999996,20.2848936170213
2992,2022-08-11,29.02,28.2,30.32,27.99,29.11,96910.7,280671000.0,27.8,27.32,27.60549999999997,24.96,18.77,61.15,2.06,2.45,-0.39,宝明科技,计算机、通信和其他电子设备制造业,主板,28.499999999999996,27.074999999999985,27.646666666666672,27.819374999999994,20.62425531914896
2992,2022-08-12,28.24,30.6,31.02,28.24,28.2,88829.6,269065000.0,28.92,27.43,27.909999999999975,25.49,19.08,66.99,2.16,2.4,-0.24,宝明科技,计算机、通信和其他电子设备制造业,主板,29.279999999999998,27.424999999999983,27.78166666666667,27.900624999999994,21.01829787234045
2992,2022-08-15,31.02,33.66,33.66,30.66,30.6,102356.0,336185000.0,30.16,28.09,28.24499999999997,26.09,19.44,72.64,2.47,2.41,0.06,宝明科技,计算机、通信和其他电子设备制造业,主板,30.39249999999999,28.50499999999998,28.12083333333334,28.166874999999997,21.483191489361726
2992,2022-08-16,33.59,35.79,36.99,32.5,33.66,169197.0,587378000.0,31.47,28.88,28.66949999999997,26.75,19.83,75.75,2.84,2.5,0.34,宝明科技,计算机、通信和其他电子设备制造业,主板,32.062499999999986,29.878749999999982,28.64500000000001,28.75,21.993404255319174
2992,2022-08-17,35.86,35.0,36.13,33.91,35.79,115993.0,408243000.0,32.65,29.88,29.00799999999997,27.34,20.22,72.46,3.04,2.61,0.43,宝明科技,计算机、通信和其他电子设备制造业,主板,33.76249999999999,31.131249999999984,29.304166666666678,29.175625,22.488723404255342
2992,2022-08-18,34.9,35.43,36.57,34.59,35.0,89966.2,319528000.0,34.1,30.95,29.31449999999997,27.88,20.61,73.14,3.2,2.72,0.48,宝明科技,计算机、通信和其他电子设备制造业,主板,34.96999999999999,32.12499999999998,29.940000000000012,29.57875,22.991276595744708
2992,2022-08-19,35.55,36.43,38.04,35.55,35.43,96696.8,356072000.0,35.26,32.09,29.66599999999997,28.39,21.02,74.72,3.36,2.85,0.51,宝明科技,计算机、通信和其他电子设备制造业,主板,35.662499999999994,33.02749999999998,30.890833333333347,30.00625,23.511489361702157
2992,2022-08-22,35.87,35.99,39.17,34.99,36.43,119813.0,440432000.0,35.73,32.94,30.142499999999966,28.81,21.42,72.7,3.42,2.96,0.46,宝明科技,计算机、通信和其他电子设备制造业,主板,35.7125,33.88749999999998,31.82333333333335,30.411875000000002,24.020212765957478
2992,2022-08-23,36.04,37.0,37.87,35.5,35.99,84378.2,309711000.0,35.97,33.72,30.582999999999963,29.3,21.83,74.41,3.5,3.07,0.43,宝明科技,计算机、通信和其他电子设备制造业,主板,36.2125,34.98749999999998,32.82500000000001,31.031250000000004,24.547446808510667
2992,2022-08-24,37.0,34.88,37.7,34.41,37.0,97372.9,349444000.0,35.95,34.3,30.877999999999965,29.69,22.22,65.19,3.36,3.13,0.23,宝明科技,计算机、通信和其他电子设备制造业,主板,36.074999999999996,35.52249999999998,33.44166666666668,31.473750000000006,25.003617021276625
2992,2022-08-25,35.67,33.86,35.67,33.01,34.88,79900.1,272212000.0,35.63,34.86,31.09149999999996,30.02,22.58,61.26,3.14,3.13,0.01,宝明科技,计算机、通信和其他电子设备制造业,主板,35.43249999999999,35.547499999999985,33.82916666666668,32.026250000000005,25.437234042553218
2992,2022-08-26,34.5,35.58,37.25,33.54,33.86,110264.0,397750000.0,35.46,35.36,31.395499999999963,30.39,22.97,65.08,3.05,3.12,-0.07,宝明科技,计算机、通信和其他电子设备制造业,主板,35.329999999999984,35.52124999999998,34.36833333333335,32.70000000000001,25.909148936170237
2992,2022-08-29,35.22,34.5,35.31,32.02,35.58,81837.8,278876000.0,35.16,35.45,31.765999999999963,30.65,23.34,61.01,2.87,3.07,-0.2,宝明科技,计算机、通信和其他电子设备制造业,主板,34.704999999999984,35.45874999999998,34.893333333333345,33.29500000000001,26.358085106383
2992,2022-08-30,37.25,34.13,37.75,33.5,34.5,109969.0,393804000.0,34.59,35.28,32.08249999999997,30.87,23.7,59.63,2.67,2.99,-0.32,宝明科技,计算机、通信和其他电子设备制造业,主板,34.517499999999984,35.29624999999998,35.18750000000001,33.71062500000001,26.785957446808535
2992,2022-08-31,34.15,30.72,34.78,30.72,34.13,88741.6,280984000.0,33.76,34.85,32.367499999999964,30.96,24.01,48.72,2.2,2.83,-0.63,宝明科技,计算机、通信和其他电子设备制造业,主板,33.73249999999999,34.582499999999975,34.94250000000002,33.80500000000001,27.14234042553194
2992,2022-09-01,30.53,31.69,33.0,30.4,30.72,55263.1,175343000.0,33.32,34.48,32.711999999999975,31.04,24.35,51.44,1.89,2.64,-0.75,宝明科技,计算机、通信和其他电子设备制造业,主板,32.75999999999999,34.04499999999997,34.60083333333335,33.96625000000001,27.50957446808513
2992,2022-09-02,32.11,34.19,34.86,30.74,31.69,103587.0,350969000.0,33.05,34.25,33.17249999999997,31.2,24.72,57.68,1.82,2.48,-0.66,宝明科技,计算机、通信和其他电子设备制造业,主板,32.68249999999999,33.69374999999997,34.533333333333346,34.340625,27.929574468085132
2992,2022-09-05,34.88,34.67,35.96,33.1,34.19,107039.0,370600000.0,33.08,34.12,33.53199999999997,31.47,25.1,58.77,1.79,2.34,-0.55,宝明科技,计算机、通信和其他电子设备制造业,主板,32.817499999999995,33.667499999999976,34.47000000000001,34.595,28.360638297872367
2992,2022-09-06,34.26,38.14,38.14,33.55,34.67,87075.2,314170000.0,33.88,34.24,33.97849999999996,31.8,25.54,65.68,2.02,2.28,-0.26,宝明科技,计算机、通信和其他电子设备制造业,主板,34.67249999999999,34.20249999999997,34.61250000000001,34.875,28.85659574468088
2992,2022-09-07,39.1,38.9,39.84,37.5,38.14,114446.0,445815000.0,35.52,34.64,34.46799999999996,32.13,25.99,66.99,2.23,2.27,-0.04,宝明科技,计算机、通信和其他电子设备制造业,主板,36.474999999999994,34.61749999999997,34.85500000000001,35.069375,29.350425531914922
2992,2022-09-08,38.89,37.55,39.28,37.02,38.9,58063.0,220250000.0,36.69,35.01,34.935499999999955,32.4,26.41,62.45,2.28,2.27,0.01,宝明科技,计算机、通信和其他电子设备制造业,主板,37.315,34.99874999999997,34.900833333333345,35.22875,29.8121276595745
2992,2022-09-09,37.88,36.2,38.15,35.3,37.55,52232.1,189506000.0,37.09,35.07,35.215499999999956,32.62,26.81,58.2,2.17,2.25,-0.08,宝明科技,计算机、通信和其他电子设备制造业,主板,37.69749999999999,35.25749999999997,35.010833333333345,35.276875000000004,30.21127659574471
2992,2022-09-13,36.2,36.51,37.22,34.8,36.2,41048.5,148170000.0,37.46,35.27,35.35799999999996,32.93,27.2,58.89,2.09,2.22,-0.13,宝明科技,计算机、通信和其他电子设备制造业,主板,37.28999999999999,35.981249999999974,35.231666666666676,35.28187500000001,30.58000000000003
2992,2022-09-14,35.93,37.55,38.85,35.93,36.51,77909.0,292931000.0,37.34,35.61,35.445999999999955,33.26,27.6,61.21,2.08,2.19,-0.11,宝明科技,计算机、通信和其他电子设备制造业,主板,36.95249999999999,36.713749999999976,35.39583333333334,35.379375,30.930000000000028
2992,2022-09-15,37.55,33.8,39.99,33.8,37.55,83110.1,296275000.0,36.32,35.92,35.38599999999995,33.55,27.94,50.21,1.76,2.1,-0.34,宝明科技,计算机、通信和其他电子设备制造业,主板,36.014999999999986,36.66499999999998,35.33750000000001,35.179375,31.155319148936197
2992,2022-09-16,33.48,31.91,34.35,31.8,33.8,86366.1,284447000.0,35.19,35.94,35.20999999999996,33.79,28.25,45.74,1.33,1.95,-0.62,宝明科技,计算机、通信和其他电子设备制造业,主板,34.94249999999998,36.31999999999998,35.15250000000001,34.99375,31.359148936170243
2992,2022-09-19,31.62,31.69,32.5,30.86,31.91,62510.2,197737000.0,34.29,35.69,34.97299999999996,34.01,28.54,45.24,0.96,1.75,-0.79,宝明科技,计算机、通信和其他电子设备制造业,主板,33.73749999999998,35.51374999999998,35.23333333333335,34.858125,31.54000000000003
2992,2022-09-20,31.6,33.2,34.31,31.5,31.69,56839.7,188428000.0,33.63,35.54,34.833499999999965,34.2,28.86,49.36,0.78,1.56,-0.78,宝明科技,计算机、通信和其他电子设备制造业,主板,32.64999999999998,34.80124999999998,35.35916666666668,34.709375,31.73787234042556
2992,2022-09-21,33.12,34.32,35.22,32.86,33.2,67168.6,230419000.0,32.98,35.16,34.699499999999965,34.37,29.19,52.24,0.73,1.39,-0.66,宝明科技,计算机、通信和其他电子设备制造业,主板,32.77999999999997,34.39749999999998,35.37000000000001,34.698125000000005,31.94659574468088
2992,2022-09-22,33.77,34.16,35.79,32.68,34.32,64479.8,221176000.0,33.06,34.69,34.663499999999964,34.54,29.52,51.79,0.65,1.24,-0.59,宝明科技,计算机、通信和其他电子设备制造业,主板,33.34249999999997,34.14249999999998,35.32750000000001,34.7,32.09978723404258
2992,2022-09-23,34.06,32.2,34.69,31.5,34.16,59411.6,195007000.0,33.11,34.15,34.580499999999965,34.67,29.82,46.48,0.44,1.08,-0.64,宝明科技,计算机、通信和其他电子设备制造业,主板,33.46999999999997,33.60374999999998,34.83250000000001,34.792500000000004,32.20404255319152
2992,2022-09-26,32.21,33.53,34.85,31.7,32.2,76350.2,253539000.0,33.48,33.89,34.477999999999966,34.77,30.13,50.21,0.37,0.94,-0.57,宝明科技,计算机、通信和其他电子设备制造业,主板,33.55249999999997,33.10124999999997,34.38500000000001,34.9075,32.31680851063833
2992,2022-09-27,33.67,35.03,35.07,33.0,33.53,66363.9,225781000.0,33.85,33.74,34.504499999999965,34.82,30.45,54.09,0.43,0.84,-0.41,宝明科技,计算机、通信和其他电子设备制造业,主板,33.72999999999997,33.254999999999974,34.175000000000004,34.959999999999994,32.43872340425535
2992,2022-09-28,34.98,32.96,36.48,32.6,35.03,82093.6,283961000.0,33.58,33.28,34.44599999999996,34.72,30.74,48.47,0.31,0.73,-0.42,宝明科技,计算机、通信和其他电子设备制造业,主板,33.42999999999997,33.38624999999997,33.90500000000001,34.853125,32.514468085106415
2992,2022-09-29,33.66,31.95,33.93,31.08,32.96,70964.0,228907000.0,33.13,33.1,34.507499999999965,34.62,30.98,45.96,0.13,0.61,-0.48,宝明科技,计算机、通信和其他电子设备制造业,主板,33.367499999999964,33.41874999999997,33.525000000000006,34.46625,32.63127659574471
2992,2022-09-30,31.68,29.02,32.47,29.02,31.95,99821.1,301121000.0,32.5,32.81,34.37399999999996,34.41,31.14,39.56,-0.25,0.44,-0.69,宝明科技,计算机、通信和其他电子设备制造业,主板,32.23999999999997,32.89624999999997,32.81416666666667,33.84875,32.64893617021279
2992,2022-10-10,28.5,28.25,30.0,27.88,29.02,53168.6,153434000.0,31.44,32.46,34.07699999999996,34.14,31.26,38.06,-0.59,0.23,-0.82,宝明科技,计算机、通信和其他电子设备制造业,主板,30.544999999999966,32.13749999999997,32.35166666666667,33.267500000000005,32.63340425531918
2992,2022-10-11,28.25,29.2,29.65,27.7,28.25,41601.8,119289000.0,30.28,32.06,33.80349999999997,33.91,31.36,41.03,-0.79,0.03,-0.82,宝明科技,计算机、通信和其他电子设备制造业,主板,29.60499999999996,31.517499999999966,32.12583333333333,32.830000000000005,32.62510638297876
2992,2022-10-12,28.8,31.1,31.59,27.88,29.2,57179.0,169355000.0,29.9,31.74,33.45149999999997,33.71,31.51,46.55,-0.78,-0.13,-0.65,宝明科技,计算机、通信和其他电子设备制造业,主板,29.39249999999996,31.379999999999967,32.07666666666667,32.49187500000001,32.65914893617024
2992,2022-10-13,30.79,30.32,31.66,30.28,31.1,48386.5,149212000.0,29.58,31.36,33.02249999999997,33.56,31.63,44.7,-0.83,-0.27,-0.56,宝明科技,计算机、通信和其他电子设备制造业,主板,29.717499999999962,30.978749999999966,31.83666666666667,32.04000000000001,32.72787234042556
2992,2022-10-14,30.33,29.62,30.85,28.6,30.32,55339.9,164019000.0,29.7,31.1,32.625999999999976,33.42,31.72,43.05,-0.91,-0.4,-0.51,宝明科技,计算机、通信和其他电子设备制造业,主板,30.05999999999996,30.302499999999963,31.445000000000004,31.778750000000013,32.76659574468088
2992,2022-10-17,29.67,29.62,30.13,28.8,29.62,47668.5,140752000.0,29.97,30.71,32.296999999999976,33.22,31.81,43.05,-0.96,-0.51,-0.45,宝明科技,计算机、通信和其他电子设备制造业,主板,30.16499999999996,29.88499999999996,31.066666666666674,31.635625000000008,32.86446808510641
2992,2022-10-18,29.63,30.02,31.0,29.41,29.62,50749.7,153011000.0,30.14,30.21,31.972499999999975,33.07,31.86,44.41,-0.96,-0.6,-0.36,宝明科技,计算机、通信和其他电子设备制造业,主板,29.89499999999996,29.64374999999996,30.885000000000005,31.53125000000001,32.975531914893644
2992,2022-10-19,29.58,29.66,31.3,29.4,30.02,53084.8,161314000.0,29.85,29.88,31.577999999999975,32.92,31.9,43.41,-0.98,-0.68,-0.3,宝明科技,计算机、通信和其他电子设备制造业,主板,29.72999999999996,29.723749999999963,30.56250000000001,31.310000000000013,33.07510638297875
2992,2022-10-20,29.32,29.27,30.27,28.0,29.66,34314.4,100195000.0,29.64,29.61,31.351499999999977,32.87,31.92,42.29,-1.02,-0.75,-0.27,宝明科技,计算机、通信和其他电子设备制造业,主板,29.642499999999963,29.851249999999965,30.08250000000001,30.994375000000016,33.11319148936173
2992,2022-10-21,29.26,29.66,29.96,28.56,29.27,30431.9,89593300.0,29.65,29.67,31.238999999999976,32.81,31.92,43.85,-1.0,-0.8,-0.2,宝明科技,计算机、通信和其他电子设备制造业,主板,29.65249999999996,29.90874999999997,29.807500000000015,30.71312500000002,33.12276595744684
2992,2022-10-24,29.9,32.63,32.63,29.9,29.66,114886.0,371516000.0,30.25,30.11,31.285999999999973,32.75,31.98,54.02,-0.74,-0.79,0.05,宝明科技,计算机、通信和其他电子设备制造业,主板,30.30499999999996,30.09999999999997,29.86416666666668,30.74000000000002,33.19765957446812
2992,2022-10-25,32.0,35.89,35.89,31.98,32.63,143423.0,499612000.0,31.42,30.78,31.42049999999997,32.8,32.13,62.14,-0.27,-0.68,0.41,宝明科技,计算机、通信和其他电子设备制造业,主板,31.86249999999996,30.796249999999972,30.43666666666668,30.887500000000024,33.36127659574471
2992,2022-10-26,35.24,35.94,36.88,34.32,35.89,103176.0,365462000.0,32.68,31.26,31.50149999999997,32.72,32.26,62.25,0.11,-0.52,0.63,宝明科技,计算机、通信和其他电子设备制造业,主板,33.52999999999996,31.58624999999997,31.077500000000015,30.944375000000022,33.474893617021316
2992,2022-10-27,36.31,35.55,37.7,35.0,35.94,72729.6,261707000.0,33.93,31.79,31.57099999999997,32.61,32.37,60.76,0.38,-0.34,0.72,宝明科技,计算机、通信和其他电子设备制造业,主板,35.00249999999996,32.32749999999997,31.606666666666683,31.10625000000002,33.51510638297876
2992,2022-10-28,35.01,35.7,36.54,34.0,35.55,58065.1,206220000.0,35.14,32.39,31.74599999999997,32.55,32.47,61.15,0.58,-0.16,0.74,宝明科技,计算机、通信和其他电子设备制造业,主板,35.76999999999997,33.03749999999997,31.990000000000013,31.34062500000002,33.51319148936174
2992,2022-10-31,36.0,37.56,39.27,35.35,35.7,71707.0,266532000.0,36.13,33.19,31.94749999999997,32.59,32.61,65.63,0.9,0.05,0.85,宝明科技,计算机、通信和其他电子设备制造业,主板,36.18749999999997,34.02499999999997,32.59333333333335,31.874375000000022,33.567659574468124
2992,2022-11-01,37.57,41.32,41.32,37.1,37.56,100817.0,405871000.0,37.21,34.32,32.26199999999997,32.75,32.84,72.53,1.43,0.33,1.1,宝明科技,计算机、通信和其他电子设备制造业,主板,37.53249999999997,35.53124999999997,33.56833333333335,32.691250000000025,33.69297872340429
2992,2022-11-02,41.5,45.45,45.45,40.6,41.32,110075.0,476144000.0,39.12,35.9,32.88649999999997,33.02,33.14,77.81,2.16,0.69,1.47,宝明科技,计算机、通信和其他电子设备制造业,主板,40.007499999999965,37.50499999999997,34.88750000000001,33.706875000000025,33.88489361702131
2992,2022-11-03,44.36,46.12,49.08,44.01,45.45,132472.0,613296000.0,41.23,37.58,33.59499999999997,33.43,33.49,78.53,2.76,1.11,1.65,宝明科技,计算机、通信和其他电子设备制造业,主板,42.61249999999997,39.19124999999997,36.22916666666668,34.645625000000024,34.10042553191492
2992,2022-11-04,45.5,47.15,48.5,44.7,46.12,103378.0,475919000.0,43.52,39.33,34.50149999999997,33.94,33.86,79.62,3.28,1.54,1.74,宝明科技,计算机、通信和其他电子设备制造业,主板,45.00999999999997,40.59874999999997,37.686666666666675,35.69750000000002,34.31638297872344
2992,2022-11-07,47.66,48.95,49.79,47.35,47.15,80439.3,392060000.0,45.8,40.96,35.536499999999975,34.51,34.26,81.41,3.8,1.99,1.81,宝明科技,计算机、通信和其他电子设备制造业,主板,46.917499999999976,42.224999999999966,39.326666666666675,36.90562500000002,34.615744680851094
2992,2022-11-08,47.99,48.58,48.9,46.2,48.95,57238.2,273285000.0,47.25,42.23,36.50549999999997,35.02,34.61,79.86,4.13,2.42,1.71,宝明科技,计算机、通信和其他电子设备制造业,主板,47.699999999999974,43.85374999999996,40.90333333333334,38.090625000000024,34.92893617021279
2992,2022-11-09,48.56,50.7,52.01,47.85,48.58,78022.8,392955000.0,48.3,43.71,37.48549999999997,35.57,34.97,81.97,4.51,2.84,1.67,宝明科技,计算机、通信和其他电子设备制造业,主板,48.84499999999997,45.72874999999996,42.40916666666667,39.38312500000003,35.25063829787237
2992,2022-11-10,51.04,52.96,54.15,50.5,50.7,78546.4,413350000.0,49.67,45.45,38.61749999999997,36.2,35.37,83.91,4.93,3.26,1.67,宝明科技,计算机、通信和其他电子设备制造业,主板,50.29749999999997,47.65374999999996,43.83166666666668,40.83937500000003,35.64340425531918
2992,2022-11-11,53.01,49.85,53.8,48.0,52.96,99690.3,504128000.0,50.21,46.86,39.62899999999998,36.79,35.73,72.37,4.97,3.6,1.37,宝明科技,计算机、通信和其他电子设备制造业,主板,50.522499999999965,48.71999999999996,44.99083333333334,42.125625000000035,35.97787234042556
2992,2022-11-14,47.5,49.7,50.63,47.5,49.85,54798.1,269394000.0,50.36,48.08,40.632999999999974,37.32,36.05,71.86,4.92,3.86,1.06,宝明科技,计算机、通信和其他电子设备制造业,主板,50.80249999999997,49.25124999999996,46.170000000000016,43.37812500000004,36.38170212765961
2992,2022-11-15,49.2,54.67,54.67,48.7,49.7,63625.2,338520000.0,51.58,49.41,41.865499999999976,37.98,36.4,77.54,5.22,4.13,1.09,宝明科技,计算机、通信和其他电子设备制造业,主板,51.79499999999997,50.319999999999965,47.75083333333334,44.75562500000004,36.87063829787237
2992,2022-11-16,56.05,55.6,56.79,53.89,54.67,64763.9,357247000.0,52.56,50.43,43.16249999999998,38.73,36.73,78.42,5.48,4.4,1.08,宝明科技,计算机、通信和其他电子设备制造业,主板,52.45499999999998,51.37624999999997,49.254166666666684,45.98750000000004,37.32617021276599
2992,2022-11-17,55.0,59.44,60.0,53.39,55.6,62170.9,349746000.0,53.85,51.76,44.67099999999998,39.65,37.14,81.62,5.93,4.71,1.22,宝明科技,计算机、通信和其他电子设备制造业,主板,54.85249999999997,52.68749999999997,50.76416666666668,47.45625000000004,37.85319148936173
2992,2022-11-18,59.43,58.83,60.74,58.1,59.44,55678.3,331172000.0,55.65,52.93,46.129499999999986,40.64,37.53,79.6,6.16,5.0,1.16,宝明科技,计算机、通信和其他电子设备制造业,主板,57.13499999999998,53.96874999999997,51.879166666666684,48.911250000000045,38.293404255319174
2992,2022-11-21,58.29,64.71,64.71,58.02,58.83,69183.8,425240000.0,58.65,54.5,47.733499999999985,41.86,38.0,83.77,6.74,5.35,1.39,宝明科技,计算机、通信和其他电子设备制造业,主板,59.64499999999997,55.71999999999997,53.42833333333335,50.724375000000045,38.84255319148939
2992,2022-11-22,64.88,66.66,69.4,63.2,64.71,80034.3,528963000.0,61.05,56.31,49.271999999999984,43.11,38.51,84.87,7.27,5.73,1.54,宝明科技,计算机、通信和其他电子设备制造业,主板,62.409999999999975,57.43249999999997,55.05416666666668,52.543125000000046,39.46191489361705
2992,2022-11-23,65.7,67.87,70.7,65.11,66.66,79131.0,535074000.0,63.5,58.03,50.86849999999998,44.33,39.02,85.53,7.7,6.13,1.57,宝明科技,计算机、通信和其他电子设备制造业,主板,64.51749999999997,59.68499999999996,56.63083333333335,54.20250000000004,40.13574468085109
2992,2022-11-24,66.6,66.58,68.0,62.66,67.87,65864.7,429866000.0,64.93,59.39,52.41999999999998,45.54,39.55,81.46,7.85,6.47,1.38,宝明科技,计算机、通信和其他电子设备制造业,主板,66.45499999999997,61.794999999999966,58.13083333333335,55.52312500000004,40.77553191489364
2992,2022-11-25,64.8,62.7,66.65,62.23,66.58,60758.2,387072000.0,65.7,60.68,53.76999999999998,46.64,40.03,70.6,7.56,6.69,0.87,宝明科技,计算机、通信和其他电子设备制造业,主板,65.95249999999997,62.79874999999996,59.13083333333335,56.559375000000045,41.310638297872366
2992,2022-11-28,64.11,68.97,68.97,62.4,62.7,80176.9,527440000.0,66.56,62.6,55.340499999999984,47.96,40.59,76.14,7.75,6.9,0.85,宝明科技,计算机、通信和其他电子设备制造业,主板,66.52999999999997,64.46999999999996,60.46500000000001,57.92312500000005,42.058936170212796
2992,2022-11-29,68.98,67.7,71.71,65.0,68.97,81701.9,556767000.0,66.76,63.91,56.659499999999994,49.21,41.14,73.13,7.72,7.06,0.66,宝明科技,计算机、通信和其他电子设备制造业,主板,66.48749999999997,65.50249999999997,61.952500000000015,59.09500000000005,42.82042553191492
2992,2022-11-30,67.85,61.79,68.3,61.79,67.7,73618.9,474892000.0,65.55,64.53,57.47649999999999,50.28,41.6,61.06,7.13,7.08,0.05,宝明科技,计算机、通信和其他电子设备制造业,主板,65.28999999999998,65.87249999999996,62.96000000000001,59.920625000000044,43.460851063829814
2992,2022-12-01,62.97,62.73,63.99,59.66,61.79,64268.9,400187000.0,64.78,64.85,58.306999999999995,51.4,42.14,62.13,6.65,6.99,-0.34,宝明科技,计算机、通信和其他电子设备制造业,主板,65.29749999999999,65.62499999999996,63.63166666666668,60.67250000000004,44.08914893617024
2992,2022-12-02,61.9,62.04,64.88,60.5,62.73,64369.9,400731000.0,64.65,65.18,59.05149999999999,52.48,42.64,60.81,6.15,6.82,-0.67,宝明科技,计算机、通信和其他电子设备制造业,主板,63.56499999999999,65.04749999999996,64.16833333333334,61.24000000000004,44.67893617021279
2992,2022-12-05,62.1,59.58,62.5,57.27,62.04,85779.9,509839000.0,62.77,64.66,59.582999999999984,53.38,43.07,56.21,5.5,6.56,-1.06,宝明科技,计算机、通信和其他电子设备制造业,主板,61.535,64.01124999999996,64.18,61.84812500000003,45.21978723404258
2992,2022-12-06,59.88,60.16,60.62,58.1,59.58,53439.3,319213000.0,61.26,64.01,60.16199999999999,54.19,43.49,57.04,4.97,6.24,-1.27,宝明科技,计算机、通信和其他电子设备制造业,主板,61.12749999999999,63.20874999999996,64.29083333333334,62.50187500000003,45.814680851063855
2992,2022-12-07,60.17,59.4,62.87,58.68,60.16,56331.2,341041000.0,60.78,63.16,60.596999999999994,54.97,43.84,55.56,4.44,5.88,-1.44,宝明科技,计算机、通信和其他电子设备制造业,主板,60.294999999999995,62.796249999999965,63.84833333333333,62.797500000000035,46.36510638297875
2992,2022-12-08,58.6,59.98,61.5,58.6,59.4,44961.3,269250000.0,60.23,62.51,60.94799999999999,55.78,44.2,56.49,4.01,5.51,-1.5,宝明科技,计算机、通信和其他电子设备制造业,主板,59.779999999999994,61.67249999999996,63.291666666666664,63.07125000000003,46.89595744680853
2992,2022-12-09,59.26,59.15,62.42,58.31,59.98,58271.3,350622000.0,59.65,62.15,61.413,56.56,44.56,54.73,3.57,5.12,-1.55,宝明科技,计算机、通信和其他电子设备制造业,主板,59.6725,60.603749999999955,62.565,63.05312500000002,47.45319148936173
2992,2022-12-12,58.1,59.88,60.38,57.48,59.15,38211.6,225128000.0,59.71,61.24,61.922000000000004,57.31,44.95,56.02,3.25,4.75,-1.5,宝明科技,计算机、通信和其他电子设备制造业,主板,59.6025,60.36499999999996,62.00666666666666,63.11875000000003,48.04744680851067
2992,2022-12-13,59.6,57.8,61.56,56.45,59.88,55060.1,325947000.0,59.24,60.25,62.0785,57.86,45.31,51.5,2.78,4.35,-1.57,宝明科技,计算机、通信和其他电子设备制造业,主板,59.20249999999999,59.74874999999996,61.59833333333332,62.68687500000003,48.65978723404259
2992,2022-12-14,57.79,57.66,59.1,56.45,57.8,34153.3,196677000.0,58.89,59.84,62.18150000000001,58.26,45.64,51.21,2.38,3.96,-1.58,宝明科技,计算机、通信和其他电子设备制造业,主板,58.622499999999995,59.20124999999995,60.65583333333331,62.124375000000036,49.285531914893646
2992,2022-12-15,57.68,58.15,58.59,56.02,57.66,25783.3,148753000.0,58.53,59.38,62.117000000000004,58.66,46.05,52.25,2.07,3.58,-1.51,宝明科技,计算机、通信和其他电子设备制造业,主板,58.372499999999995,59.02249999999996,59.85999999999998,61.516875000000034,49.90148936170216
2992,2022-12-16,58.2,55.25,58.88,55.18,58.15,37307.6,212396000.0,57.75,58.7,61.93800000000001,58.93,46.44,45.97,1.58,3.18,-1.6,宝明科技,计算机、通信和其他电子设备制造业,主板,57.215,58.408749999999955,59.314999999999976,60.808750000000025,50.415319148936206
2992,2022-12-19,55.25,54.48,56.36,53.71,55.25,52499.0,287218000.0,56.67,58.19,61.42650000000001,59.12,46.82,44.44,1.11,2.77,-1.66,宝明科技,计算机、通信和其他电子设备制造业,主板,56.385000000000005,57.79374999999996,58.627499999999976,60.295000000000016,50.92936170212769
2992,2022-12-20,55.63,54.14,55.8,53.1,54.48,30683.6,165548000.0,55.94,57.59,60.800500000000014,59.3,47.16,43.75,0.71,2.35,-1.64,宝明科技,计算机、通信和其他电子设备制造业,主板,55.505,57.063749999999956,57.969166666666645,59.36812500000001,51.451063829787266
2992,2022-12-21,54.14,52.55,54.14,51.37,54.14,42351.8,221834000.0,54.91,56.9,60.0345,59.37,47.47,40.57,0.26,1.94,-1.68,宝明科技,计算机、通信和其他电子设备制造业,主板,54.105,56.23874999999996,57.383333333333304,58.42125000000001,51.938936170212806
2992,2022-12-22,52.6,51.3,53.15,50.99,52.55,25234.0,130454000.0,53.54,56.04,59.270500000000006,59.31,47.75,38.22,-0.19,1.51,-1.7,宝明科技,计算机、通信和其他电子设备制造业,主板,53.11749999999999,55.16624999999996,56.644999999999975,57.76562500000001,52.39170212765962
2992,2022-12-23,50.99,51.46,51.99,49.88,51.3,23370.9,118787000.0,52.79,55.27,58.7085,59.36,48.07,38.71,-0.54,1.1,-1.64,宝明科技,计算机、通信和其他电子设备制造业,主板,52.36249999999999,54.37374999999996,55.98333333333331,57.06125000000001,52.85553191489367
2992,2022-12-26,51.11,56.61,56.61,50.77,51.46,45137.3,247416000.0,53.21,54.94,58.0905,59.59,48.46,51.92,-0.4,0.8,-1.2,宝明科技,计算机、通信和其他电子设备制造业,主板,52.97999999999999,54.242499999999964,55.70249999999998,56.72187500000001,53.43723404255324
2992,2022-12-27,58.21,58.6,60.75,56.49,56.61,94517.1,554758000.0,54.1,55.02,57.63549999999999,59.73,48.85,55.88,-0.11,0.62,-0.73,宝明科技,计算机、通信和其他电子设备制造业,主板,54.49249999999999,54.29874999999997,55.656666666666645,56.66062500000001,54.05297872340431
2992,2022-12-28,58.47,55.6,58.47,54.77,58.6,60351.0,337797000.0,54.71,54.81,57.325999999999986,59.73,49.23,49.29,-0.14,0.47,-0.61,宝明科技,计算机、通信和其他电子设备制造业,主板,55.567499999999995,54.34249999999997,55.29999999999998,56.375625000000014,54.541702127659626
2992,2022-12-29,55.69,56.5,58.58,55.33,55.6,44293.5,253220000.0,55.75,54.65,57.014499999999984,59.63,49.64,51.15,-0.07,0.36,-0.43,宝明科技,计算机、通信和其他电子设备制造业,主板,56.82749999999999,54.59499999999997,55.191666666666656,56.194375000000015,54.980212765957496
2992,2022-12-30,56.52,55.5,57.5,55.1,56.5,32848.9,184246000.0,56.56,54.67,56.687499999999986,59.52,50.08,49.0,-0.11,0.27,-0.38,宝明科技,计算机、通信和其他电子设备制造业,主板,56.54999999999998,54.76499999999997,55.011666666666656,55.914375000000014,55.39638297872345
2992,2023-01-03,55.71,57.11,58.37,54.42,55.5,32986.7,186588000.0,56.66,54.94,56.563999999999986,59.26,50.56,52.46,0.0,0.21,-0.21,宝明科技,计算机、通信和其他电子设备制造业,主板,56.17749999999999,55.33499999999997,54.92499999999999,55.786875000000016,55.855106382978775
2992,2023-01-04,57.27,60.42,61.45,57.0,57.11,54782.9,326627000.0,57.03,55.56,56.576999999999984,59.06,51.08,58.68,0.34,0.24,0.1,宝明科技,计算机、通信和其他电子设备制造业,主板,57.382499999999986,56.47499999999997,55.35583333333332,55.820625000000014,56.38106382978729
2992,2023-01-05,60.3,60.96,61.77,59.03,60.42,42025.1,254834000.0,58.1,56.41,56.65499999999999,58.82,51.58,59.61,0.65,0.32,0.33,宝明科技,计算机、通信和其他电子设备制造业,主板,58.49749999999999,57.66249999999997,55.89583333333332,56.01812500000002,56.878936170212825
2992,2023-01-06,60.65,61.99,63.38,60.44,60.96,42247.1,263272000.0,59.2,57.48,56.755499999999984,58.67,52.11,61.39,0.97,0.45,0.52,宝明科技,计算机、通信和其他电子设备制造业,主板,60.11999999999999,58.334999999999965,56.54999999999999,56.28875000000002,57.318723404255365
2992,2023-01-09,60.21,60.57,62.35,59.62,61.99,33063.7,200658000.0,60.21,58.39,56.826499999999974,58.6,52.62,57.62,1.09,0.58,0.51,宝明科技,计算机、通信和其他电子设备制造业,主板,60.984999999999985,58.58124999999997,57.218333333333334,56.440000000000026,57.64042553191495
2992,2023-01-10,60.0,61.88,62.5,59.18,60.57,28306.8,172910000.0,61.16,58.91,56.926499999999976,58.36,53.16,60.06,1.28,0.72,0.56,宝明科技,计算机、通信和其他电子设备制造业,主板,61.34999999999998,59.366249999999965,58.1,56.854375000000026,57.97574468085112
2992,2023-01-11,61.88,58.59,61.88,58.59,61.88,31891.2,190858000.0,60.8,58.91,56.96599999999997,58.06,53.64,51.97,1.16,0.81,0.35,宝明科技,计算机、通信和其他电子设备制造业,主板,60.75749999999997,59.62749999999997,58.69416666666667,57.11125000000003,58.21914893617028
2992,2023-01-12,59.2,57.09,59.28,56.17,58.59,43379.2,249257000.0,60.02,59.06,56.937499999999964,57.9,54.09,48.75,0.92,0.83,0.09,宝明科技,计算机、通信和其他电子设备制造业,主板,59.53249999999997,59.82624999999997,58.734166666666674,57.29562500000003,58.392340425531984
2992,2023-01-13,56.66,54.99,57.36,54.5,57.09,39675.2,219205000.0,58.62,58.91,56.77949999999996,57.65,54.52,44.58,0.56,0.78,-0.22,宝明科技,计算机、通信和其他电子设备制造业,主板,58.137499999999974,59.56124999999997,58.43333333333334,57.44812500000003,58.52872340425539
2992,2023-01-16,55.24,55.99,56.61,54.64,54.99,39782.2,220973000.0,57.71,58.96,56.81649999999996,57.44,54.96,46.91,0.35,0.69,-0.34,宝明科技,计算机、通信和其他电子设备制造业,主板,56.66499999999998,59.00749999999997,58.465833333333336,57.741250000000036,58.64127659574475
2992,2023-01-17,55.98,50.39,55.98,50.39,55.99,62721.2,327980000.0,55.41,58.29,56.611999999999966,57.14,55.26,37.42,-0.26,0.5,-0.76,宝明科技,计算机、通信和其他电子设备制造业,主板,54.614999999999974,57.68624999999998,57.95666666666667,57.67437500000003,58.58659574468091
2992,2023-01-18,50.0,50.08,50.7,47.82,50.39,52674.6,260314000.0,53.71,57.25,56.408999999999956,56.8,55.49,36.98,-0.77,0.25,-1.02,宝明科技,计算机、通信和其他电子设备制造业,主板,52.862499999999976,56.19749999999998,57.505,57.266250000000035,58.59148936170219
2992,2023-01-19,50.18,49.29,50.31,48.93,50.08,26145.4,129940000.0,52.15,56.09,56.24599999999996,56.47,55.72,35.81,-1.22,-0.05,-1.17,宝明科技,计算机、通信和其他电子设备制造业,主板,51.43749999999997,54.78749999999998,56.85333333333333,56.68437500000003,58.582765957446874
2992,2023-01-20,49.05,49.0,50.2,47.68,49.29,32159.9,156685000.0,50.95,54.79,56.13099999999996,56.1,55.94,35.37,-1.58,-0.35,-1.23,宝明科技,计算机、通信和其他电子设备制造业,主板,49.68999999999997,53.17749999999998,55.90166666666667,56.27187500000003,58.462127659574534
2992,2023-01-30,49.5,49.4,50.33,48.51,49.0,42541.8,210159000.0,49.63,53.67,56.02799999999996,55.77,56.17,36.53,-1.81,-0.64,-1.17,宝明科技,计算机、通信和其他电子设备制造业,主板,49.44249999999997,52.028749999999974,54.93833333333333,55.82812500000003,58.33021276595751
2992,2023-01-31,48.9,48.37,49.49,47.37,49.4,33862.6,164094000.0,49.23,52.32,55.615999999999964,55.39,56.35,34.79,-2.05,-0.93,-1.12,宝明科技,计算机、通信和其他电子设备制造业,主板,49.01499999999997,50.93874999999997,53.803333333333335,55.38250000000003,58.09468085106389
2992,2023-02-01,48.37,53.21,53.21,48.15,48.37,45996.5,234437000.0,49.85,51.78,55.34649999999997,55.24,56.55,47.45,-1.83,-1.11,-0.72,宝明科技,计算机、通信和其他电子设备制造业,主板,49.994999999999976,50.71624999999997,53.19,55.13875000000003,57.97510638297879
2992,2023-02-02,53.9,53.48,55.08,52.26,53.21,65675.7,352674000.0,50.69,51.42,55.240499999999976,55.1,56.68,48.06,-1.62,-1.21,-0.41,宝明科技,计算机、通信和其他电子设备制造业,主板,51.114999999999974,50.40249999999997,52.49,54.705000000000034,57.73617021276603
2992,2023-02-03,53.19,52.5,53.98,51.4,53.48,32392.1,168821000.0,51.39,51.17,55.04049999999997,54.91,56.79,45.98,-1.52,-1.27,-0.25,宝明科技,计算机、通信和其他电子设备制造业,主板,51.88999999999998,50.66624999999997,51.982499999999995,54.17625000000003,57.434893617021345
2992,2023-02-06,51.58,48.78,51.58,48.5,52.5,43410.5,215302000.0,51.27,50.45,54.704499999999975,54.69,56.81,39.09,-1.71,-1.36,-0.35,宝明科技,计算机、通信和其他电子设备制造业,主板,51.99249999999998,50.503749999999975,51.28999999999999,53.35062500000003,57.028723404255395
2992,2023-02-07,48.9,46.65,50.2,46.33,48.78,53035.1,252150000.0,50.92,50.08,54.181499999999986,54.43,56.78,35.79,-2.01,-1.49,-0.52,宝明科技,计算机、通信和其他电子设备制造业,主板,50.35249999999998,50.17374999999997,50.59499999999999,52.480625000000025,56.60468085106391
2992,2023-02-08,46.9,48.42,49.05,45.53,46.65,50051.3,239539000.0,49.97,49.91,53.581499999999984,54.24,56.77,40.31,-2.09,-1.61,-0.48,宝明科技,计算机、通信和其他电子设备制造业,主板,49.087499999999984,50.10124999999997,49.96416666666665,51.63937500000002,56.300851063829874
2992,2023-02-09,47.6,48.86,50.36,46.91,48.42,44929.1,219200000.0,49.04,49.87,52.97649999999997,54.12,56.74,41.41,-2.08,-1.7,-0.38,宝明科技,计算机、通信和其他电子设备制造业,主板,48.17749999999998,50.033749999999976,49.83666666666665,51.03125000000002,55.872978723404344
2992,2023-02-10,49.0,47.71,49.99,46.71,48.86,48415.5,232342000.0,48.08,49.74,52.262499999999974,54.0,56.66,39.36,-2.15,-1.79,-0.36,宝明科技,计算机、通信和其他电子设备制造业,主板,47.90999999999998,49.95124999999997,49.639166666666654,50.44500000000002,55.44765957446818
2992,2023-02-13,47.71,47.41,48.16,46.71,47.71,21868.1,103734000.0,47.81,49.54,51.60449999999999,53.86,56.61,38.82,-2.21,-1.88,-0.33,宝明科技,计算机、通信和其他电子设备制造业,主板,48.09999999999998,49.22624999999997,49.48249999999999,49.97125000000002,55.14170212765967
2992,2023-02-14,47.76,47.94,48.49,46.82,47.41,30174.8,143905000.0,48.07,49.5,50.907499999999985,53.58,56.59,40.38,-2.18,-1.94,-0.24,宝明科技,计算机、通信和其他电子设备制造业,主板,47.979999999999976,48.53374999999997,49.39416666666665,49.468125000000015,54.827021276595836
2992,2023-02-15,47.68,47.16,48.25,46.66,47.94,31130.5,146921000.0,47.82,48.89,50.335999999999984,53.19,56.46,38.81,-2.19,-1.99,-0.2,宝明科技,计算机、通信和其他电子设备制造业,主板,47.55499999999998,47.866249999999965,49.20749999999998,49.266250000000014,54.51042553191498
2992,2023-02-16,47.12,46.9,48.22,46.46,47.16,33411.2,158339000.0,47.42,48.23,49.82649999999998,52.9,56.32,38.28,-2.2,-2.03,-0.17,宝明科技,计算机、通信和其他电子设备制造业,主板,47.35249999999998,47.631249999999966,49.08499999999998,49.06750000000001,54.24063829787244
2992,2023-02-17,46.6,45.89,47.2,45.4,46.9,24198.5,111208000.0,47.06,47.57,49.37149999999998,52.55,56.09,36.2,-2.27,-2.08,-0.19,宝明科技,计算机、通信和其他电子设备制造业,主板,46.972499999999975,47.53624999999997,48.47499999999997,48.85500000000001,53.93702127659584
2992,2023-02-20,45.5,44.97,45.89,44.5,45.89,30654.1,137987000.0,46.57,47.19,48.82049999999998,52.2,55.86,34.37,-2.36,-2.13,-0.23,宝明科技,计算机、通信和其他电子设备制造业,主板,46.229999999999976,47.10499999999997,47.76583333333331,48.60312500000001,53.63000000000009
2992,2023-02-21,44.98,46.12,46.75,44.54,44.97,33387.8,152395000.0,46.21,47.14,48.606999999999985,51.83,55.55,38.55,-2.32,-2.17,-0.15,宝明科技,计算机、通信和其他电子设备制造业,主板,45.96999999999998,46.76249999999997,47.234166666666646,48.398125000000014,53.33510638297881
2992,2023-02-22,45.87,46.03,46.5,45.36,46.12,15604.5,71852000.0,45.98,46.9,48.40449999999998,51.35,55.2,38.35,-2.26,-2.19,-0.07,宝明科技,计算机、通信和其他电子设备制造业,主板,45.752499999999976,46.552499999999974,47.004999999999974,48.25187500000001,53.0559574468086
2992,2023-02-23,46.1,48.29,49.8,45.99,46.03,59257.8,284356000.0,46.26,46.84,48.35449999999998,50.93,54.88,46.13,-2.02,-2.16,0.14,宝明科技,计算机、通信和其他电子设备制造业,主板,46.35249999999998,46.66249999999998,47.141666666666644,47.94437500000001,52.809361702127745
2992,2023-02-24,48.51,49.52,50.55,48.01,48.29,54351.5,269502000.0,46.99,47.02,48.38049999999998,50.52,54.59,49.83,-1.7,-2.06,0.36,宝明科技,计算机、通信和其他电子设备制造业,主板,47.48999999999998,46.85999999999998,47.23333333333331,47.696875000000006,52.633191489361785
2992,2023-02-27,50.2,47.14,50.2,46.93,49.52,41354.4,198622000.0,47.42,47.0,48.26749999999998,50.07,54.33,43.58,-1.62,-1.98,0.36,宝明科技,计算机、通信和其他电子设备制造业,主板,47.744999999999976,46.85749999999997,47.089999999999975,47.361875000000005,52.40936170212774
2992,2023-02-28,46.85,46.21,47.78,46.0,47.14,26401.0,122968000.0,47.44,46.82,48.15949999999998,49.55,53.96,41.4,-1.62,-1.9,0.28,宝明科技,计算机、通信和其他电子设备制造业,主板,47.78999999999998,46.771249999999974,46.964999999999975,47.20125000000001,52.15531914893625
2992,2023-03-01,46.21,45.49,46.76,45.08,46.21,29248.7,133726000.0,47.33,46.66,47.77349999999998,49.11,53.59,39.73,-1.66,-1.86,0.2,宝明科技,计算机、通信和其他电子设备制造业,主板,47.08999999999998,46.721249999999976,46.80499999999998,47.12875000000001,51.94765957446816
2992,2023-03-02,45.05,43.55,45.42,43.0,45.49,42253.8,185849000.0,46.38,46.32,47.27699999999997,48.66,53.28,35.59,-1.82,-1.85,0.03,宝明科技,计算机、通信和其他电子设备制造业,主板,45.597499999999975,46.543749999999974,46.439166666666644,46.82437500000001,51.7151063829788
2992,2023-03-03,43.54,44.02,44.5,43.12,43.55,20953.0,91862800.0,45.28,46.13,46.85299999999997,48.29,52.97,37.3,-1.9,-1.86,-0.04,宝明科技,计算机、通信和其他电子设备制造业,主板,44.81749999999998,46.28124999999997,46.17749999999998,46.52187500000001,51.499787234042635
2992,2023-03-06,43.99,46.24,46.34,42.8,44.02,46938.4,209246000.0,45.1,46.26,46.72599999999998,47.97,52.71,44.74,-1.75,-1.84,0.09,宝明科技,计算机、通信和其他电子设备制造业,主板,44.82499999999998,46.307499999999976,46.12249999999998,46.43000000000001,51.365531914893694
2992,2023-03-07,46.01,43.62,46.24,43.58,46.24,34224.3,152375000.0,44.58,46.01,46.57449999999998,47.74,52.44,38.88,-1.83,-1.84,0.01,宝明科技,计算机、通信和其他电子设备制造业,主板,44.35749999999998,45.723749999999974,45.933333333333316,46.19312500000001,51.202127659574536
2992,2023-03-08,43.25,43.19,44.44,42.85,43.62,22674.8,98217700.0,44.12,45.73,46.31299999999998,47.51,52.16,37.99,-1.9,-1.85,-0.05,宝明科技,计算机、通信和其他电子设备制造业,主板,44.267499999999984,44.932499999999976,45.78499999999999,45.89625000000001,51.026170212766026
2992,2023-03-09,43.29,42.5,43.5,42.09,43.19,21652.9,92461400.0,43.91,45.15,45.99499999999998,47.29,51.88,36.56,-1.98,-1.87,-0.11,宝明科技,计算机、通信和其他电子设备制造业,主板,43.88749999999998,44.35249999999998,45.48333333333332,45.60500000000001,50.72595744680858
2992,2023-03-10,42.33,40.72,42.33,40.0,42.5,50908.8,207976000.0,43.25,44.27,45.645499999999984,47.01,51.55,33.1,-2.18,-1.94,-0.24,宝明科技,计算机、通信和其他电子设备制造业,主板,42.50749999999998,43.666249999999984,45.040833333333325,45.218750000000014,50.34553191489368
2992,2023-03-13,40.59,41.0,41.44,40.05,40.72,27849.5,113993000.0,42.21,43.65,45.32499999999998,46.73,51.25,34.16,-2.28,-2.0,-0.28,宝明科技,计算机、通信和其他电子设备制造业,主板,41.85249999999998,43.10499999999998,44.43333333333333,44.913125000000015,50.03489361702134
2992,2023-03-14,41.0,40.46,41.3,39.61,41.0,25606.5,103395000.0,41.57,43.08,44.950999999999986,46.47,50.93,33.07,-2.38,-2.08,-0.3,宝明科技,计算机、通信和其他电子设备制造业,主板,41.16999999999998,42.71874999999998,43.678333333333335,44.631250000000016,49.69361702127666
2992,2023-03-15,40.85,39.28,41.29,39.06,40.46,32392.9,129230000.0,40.79,42.46,44.55699999999999,46.0,50.62,30.77,-2.52,-2.17,-0.35,宝明科技,计算机、通信和其他电子设备制造业,主板,40.36499999999998,42.126249999999985,43.02333333333333,44.203750000000014,49.348510638297945
2992,2023-03-16,38.93,38.2,39.49,37.91,39.28,37989.5,146447000.0,39.93,41.92,44.12199999999999,45.49,50.3,28.8,-2.69,-2.27,-0.42,宝明科技,计算机、通信和其他电子设备制造业,主板,39.73499999999998,41.12124999999998,42.35583333333334,43.71437500000002,48.94617021276602
2992,2023-03-17,38.66,38.26,38.98,38.06,38.2,23997.2,92284400.0,39.44,41.35,43.74049999999999,45.02,49.96,29.07,-2.79,-2.38,-0.41,宝明科技,计算机、通信和其他电子设备制造业,主板,39.049999999999976,40.45124999999998,41.75333333333334,43.08750000000002,48.474680851063894
2992,2023-03-20,38.26,38.8,39.9,37.35,38.26,29340.5,113641000.0,39.0,40.6,43.43199999999999,44.68,49.69,31.6,-2.79,-2.46,-0.33,宝明科技,计算机、通信和其他电子设备制造业,主板,38.63499999999997,39.90249999999998,41.3575,42.41750000000002,48.003191489361775
2992,2023-03-21,38.75,38.99,39.0,37.81,38.8,29346.8,112463000.0,38.71,40.14,43.07549999999999,44.43,49.43,32.52,-2.74,-2.51,-0.23,宝明科技,计算机、通信和其他电子设备制造业,主板,38.56249999999997,39.46374999999998,40.93833333333333,41.90812500000002,47.513829787234116
2992,2023-03-22,39.35,39.12,39.59,38.46,38.99,24873.1,96889800.0,38.67,39.73,42.72999999999999,44.12,49.18,33.18,-2.67,-2.55,-0.12,宝明科技,计算机、通信和其他电子设备制造业,主板,38.792499999999976,39.26374999999999,40.345,41.46500000000002,47.057446808510704
2992,2023-03-23,39.35,38.3,39.4,38.03,39.12,24357.9,93867000.0,38.69,39.31,42.23049999999999,43.77,48.94,31.11,-2.64,-2.56,-0.08,宝明科技,计算机、通信和其他电子设备制造业,主板,38.80249999999998,38.92624999999999,39.901666666666664,41.015625000000014,46.55574468085113
2992,2023-03-24,38.3,38.79,39.12,37.8,38.3,26928.0,103955000.0,38.8,39.12,41.69399999999999,43.47,48.74,33.76,-2.55,-2.56,0.01,宝明科技,计算机、通信和其他电子设备制造业,主板,38.79999999999998,38.717499999999994,39.53499999999999,40.718125000000015,46.13446808510644
2992,2023-03-27,38.81,38.55,39.59,38.24,38.79,26040.3,101057000.0,38.75,38.88,41.264499999999984,43.18,48.52,33.09,-2.47,-2.54,0.07,宝明科技,计算机、通信和其他电子设备制造业,主板,38.68999999999998,38.62625,39.205833333333324,40.37625000000001,45.74000000000006
2992,2023-03-28,38.67,38.2,39.5,38.18,38.55,29431.0,113808000.0,38.59,38.65,40.86399999999999,42.85,48.21,32.09,-2.4,-2.51,0.11,宝明科技,计算机、通信和其他电子设备制造业,主板,38.45999999999998,38.62625,38.99583333333333,39.873750000000015,45.38276595744687
2992,2023-03-29,37.85,37.9,38.65,37.8,38.2,19592.3,74859500.0,38.35,38.51,40.48449999999998,42.54,47.87,31.22,-2.36,-2.48,0.12,宝明科技,计算机、通信和其他电子设备制造业,主板,38.359999999999985,38.58125,38.73749999999999,39.516250000000014,44.9978723404256
2992,2023-03-30,37.79,37.72,38.4,37.51,37.9,21031.0,79697300.0,38.23,38.46,40.19299999999999,42.24,47.57,30.68,-2.3,-2.45,0.15,宝明科技,计算机、通信和其他电子设备制造业,主板,38.09249999999999,38.44625,38.509166666666665,39.17437500000001,44.72829787234049
2992,2023-03-31,38.2,41.49,41.49,38.2,37.72,46214.5,186241000.0,38.77,38.79,40.06649999999999,42.09,47.32,50.1,-1.94,-2.35,0.41,宝明科技,计算机、通信和其他电子设备制造业,主板,38.827499999999986,38.75875,38.69333333333333,39.11125000000001,44.54553191489368
2992,2023-04-03,42.73,42.21,43.17,40.41,41.49,97668.8,408320000.0,39.5,39.13,39.864999999999995,42.0,47.1,52.82,-1.56,-2.19,0.63,宝明科技,计算机、通信和其他电子设备制造业,主板,39.829999999999984,39.144999999999996,39.027499999999996,39.20437500000001,44.394893617021346
2992,2023-04-04,41.61,41.63,42.63,41.26,42.21,52294.2,218490000.0,40.19,39.39,39.76549999999999,41.85,46.84,50.44,-1.3,-2.01,0.71,宝明科技,计算机、通信和其他电子设备制造业,主板,40.76249999999998,39.561249999999994,39.30833333333333,39.24375000000001,44.238085106383046
2992,2023-04-06,41.63,42.43,43.1,41.18,41.63,51737.7,218494000.0,41.1,39.72,39.727499999999985,41.73,46.54,53.55,-1.02,-1.81,0.79,宝明科技,计算机、通信和其他电子设备制造业,主板,41.93999999999998,40.01624999999999,39.610833333333325,39.36687500000001,44.08978723404262
2992,2023-04-07,42.68,42.09,43.75,41.9,42.43,36334.7,154200000.0,41.97,40.1,39.70699999999999,41.52,46.23,52.05,-0.81,-1.61,0.8,宝明科技,计算机、通信和其他电子设备制造业,主板,42.08999999999998,40.45874999999999,39.86916666666665,39.54250000000001,43.956170212766025
2992,2023-04-10,42.0,44.52,45.38,41.73,42.09,68781.2,301413000.0,42.58,40.67,39.896999999999984,41.35,45.93,60.54,-0.45,-1.38,0.93,宝明科技,计算机、通信和其他电子设备制造业,主板,42.66749999999998,41.24874999999999,40.31916666666665,39.93750000000001,43.77127659574475
2992,2023-04-11,43.97,42.61,44.02,42.21,44.52,57432.1,245986000.0,42.66,41.08,39.977499999999985,41.2,45.64,52.65,-0.31,-1.17,0.86,宝明科技,计算机、通信和其他电子设备制造业,主板,42.91249999999998,41.83749999999999,40.67833333333332,40.20937500000001,43.54000000000007
2992,2023-04-12,42.48,41.98,42.95,41.4,42.61,35744.4,150135000.0,42.73,41.46,40.053499999999985,41.06,45.3,50.32,-0.25,-0.98,0.73,宝明科技,计算机、通信和其他电子设备制造业,主板,42.799999999999976,42.36999999999999,40.944166666666646,40.40812500000001,43.316170212766025
2992,2023-04-13,41.67,40.73,41.9,40.53,41.98,30114.3,123351000.0,42.39,41.74,40.12599999999999,40.9,45.01,45.97,-0.3,-0.85,0.55,宝明科技,计算机、通信和其他电子设备制造业,主板,42.45999999999997,42.27499999999999,41.12583333333331,40.51687500000001,43.144893617021346
2992,2023-04-14,40.7,40.92,41.18,40.3,40.73,18410.8,75082700.0,42.15,42.06,40.261999999999986,40.82,44.74,46.73,-0.32,-0.74,0.42,宝明科技,计算机、通信和其他电子设备制造业,主板,41.55999999999997,42.113749999999996,41.35249999999998,40.62937500000001,43.02297872340432
2992,2023-04-17,40.5,39.13,41.45,39.01,40.92,31930.2,128065000.0,41.07,41.82,40.30549999999998,40.65,44.47,40.94,-0.47,-0.69,0.22,宝明科技,计算机、通信和其他电子设备制造业,主板,40.68999999999997,41.801249999999996,41.454999999999984,40.68125000000001,42.82531914893624
2992,2023-04-18,38.84,38.6,39.37,37.72,39.13,27035.9,103656000.0,40.27,41.46,40.29549999999999,40.4,44.18,39.38,-0.63,-0.68,0.05,宝明科技,计算机、通信和其他电子设备制造业,主板,39.84499999999997,41.3225,41.528333333333315,40.66937500000002,42.60702127659581
2992,2023-04-19,38.38,36.27,38.59,36.27,38.6,44084.2,162911000.0,39.13,40.93,40.15949999999999,40.15,43.95,33.37,-0.94,-0.73,-0.21,宝明科技,计算机、通信和其他电子设备制造业,主板,38.729999999999976,40.595,41.09333333333331,40.52687500000002,42.36361702127666
2992,2023-04-20,36.51,35.67,36.53,34.81,36.27,40528.9,143844000.0,38.12,40.25,39.98699999999998,39.9,43.71,32.02,-1.21,-0.82,-0.39,宝明科技,计算机、通信和其他电子设备制造业,主板,37.417499999999976,39.48875,40.54833333333331,40.36875000000001,42.11382978723411
2992,2023-04-21,35.77,33.79,35.77,33.74,35.67,31291.7,107698000.0,36.69,39.42,39.761499999999984,39.61,43.45,28.16,-1.56,-0.97,-0.59,宝明科技,计算机、通信和其他电子设备制造业,主板,36.082499999999975,38.386250000000004,39.89499999999998,40.11187500000001,41.81276595744687
2992,2023-04-24,33.79,33.14,33.94,32.8,33.79,27719.5,92296400.0,35.49,38.28,39.478999999999985,39.36,43.18,26.95,-1.87,-1.15,-0.72,宝明科技,计算机、通信和其他电子设备制造业,主板,34.71749999999998,37.28125,39.120833333333316,39.82562500000001,41.51446808510645
2992,2023-04-25,32.86,30.68,33.0,30.26,33.14,47114.5,146177000.0,33.91,37.09,39.08549999999998,39.02,42.87,22.94,-2.29,-1.38,-0.91,宝明科技,计算机、通信和其他电子设备制造业,主板,33.31999999999998,36.025,38.16999999999998,39.150000000000006,41.16936170212772
2992,2023-04-26,30.7,33.75,33.75,30.7,30.68,51664.0,169922000.0,33.41,36.27,38.862999999999985,38.79,42.63,35.79,-2.34,-1.57,-0.77,宝明科技,计算机、通信和其他电子设备制造业,主板,32.839999999999975,35.12875,37.27249999999998,38.62125,40.911063829787295
2992,2023-04-27,33.9,33.68,35.08,33.2,33.75,65268.8,223257000.0,33.01,35.56,38.65199999999998,38.61,42.3,35.64,-2.36,-1.73,-0.63,宝明科技,计算机、通信和其他电子设备制造业,主板,32.81249999999998,34.4475,36.528333333333315,38.124375,40.67085106382985
2992,2023-04-28,33.54,35.55,36.49,33.0,33.68,51453.0,181610000.0,33.36,35.03,38.54349999999998,38.52,42.0,42.4,-2.2,-1.82,-0.38,宝明科技,计算机、通信和其他电子设备制造业,主板,33.41499999999998,34.06625,35.99249999999998,37.694375,40.44595744680858
2992,2023-05-04,35.12,36.15,37.15,34.8,35.55,34709.0,125840000.0,33.96,34.73,38.27649999999998,38.45,41.73,44.42,-2.01,-1.86,-0.15,宝明科技,计算机、通信和其他电子设备制造业,主板,34.78249999999998,34.051249999999996,35.61083333333331,37.323125,40.23574468085113
2992,2023-05-05,36.26,37.61,39.5,35.78,36.15,52314.0,196349000.0,35.35,34.63,38.04649999999997,38.41,41.55,49.09,-1.72,-1.83,0.11,宝明科技,计算机、通信和其他电子设备制造业,主板,35.747499999999974,34.293749999999996,35.33499999999997,36.89125,40.008510638297935
2992,2023-05-08,37.61,38.85,39.45,36.5,37.61,48179.5,184181000.0,36.37,34.89,37.90749999999998,38.4,41.42,52.72,-1.36,-1.74,0.38,宝明科技,计算机、通信和其他电子设备制造业,主板,37.03999999999997,34.926249999999996,35.311666666666646,36.65625,39.78148936170219
2992,2023-05-09,39.63,42.74,42.74,39.0,38.85,40569.9,170218000.0,38.18,35.59,37.92299999999998,38.52,41.32,61.91,-0.77,-1.54,0.77,宝明科技,计算机、通信和其他电子设备制造业,主板,38.83749999999998,36.12625,35.656666666666645,36.70375,39.68787234042559
2992,2023-05-10,43.0,47.01,47.01,42.9,42.74,77833.9,353603000.0,40.47,36.92,38.168999999999976,38.81,41.29,69.02,0.05,-1.23,1.28,宝明科技,计算机、通信和其他电子设备制造业,主板,41.552499999999974,38.1675,36.55166666666664,37.09625,39.704893617021334
2992,2023-05-11,50.42,51.71,51.71,48.52,47.01,130845.0,665144000.0,43.58,38.77,38.52849999999998,39.24,41.36,74.64,1.07,-0.77,1.84,宝明科技,计算机、通信和其他电子设备制造业,主板,45.07749999999997,40.412499999999994,37.88833333333331,37.770625,39.837234042553256
2992,2023-05-12,52.0,49.82,52.8,49.2,51.71,118230.0,598397000.0,46.03,40.69,38.88899999999998,39.62,41.4,69.2,1.7,-0.27,1.97,宝明科技,计算机、通信和其他电子设备制造业,主板,47.81999999999997,42.42999999999999,39.22416666666664,38.438750000000006,39.9706382978724
2992,2023-05-15,49.05,54.8,54.8,48.18,49.82,116553.0,604604000.0,49.22,42.79,39.52999999999998,40.17,41.51,74.48,2.58,0.3,2.28,宝明科技,计算机、通信和其他电子设备制造业,主板,50.834999999999965,44.83624999999999,41.02916666666664,39.45125,40.20000000000006
2992,2023-05-16,56.0,57.36,58.58,53.4,54.8,139955.0,775053000.0,52.14,45.16,40.36149999999998,40.82,41.68,76.69,3.43,0.92,2.51,宝明科技,计算机、通信和其他电子设备制造业,主板,53.42249999999997,47.4875,43.252499999999976,40.769375000000004,40.43659574468091
2992,2023-05-17,55.0,55.75,57.4,54.38,57.36,102811.0,573411000.0,53.89,47.18,41.10299999999998,41.42,41.83,72.44,3.94,1.53,2.41,宝明科技,计算机、通信和其他电子设备制造业,主板,54.43249999999997,49.754999999999995,45.08583333333331,42.024375000000006,40.69468085106389
2992,2023-05-18,56.55,53.26,56.99,51.5,55.75,118136.0,636004000.0,54.2,48.89,41.80949999999998,41.81,41.95,66.32,4.09,2.04,2.05,宝明科技,计算机、通信和其他电子设备制造业,主板,55.292499999999976,51.55624999999999,46.71749999999998,43.24125000000001,40.908936170212826
2992,2023-05-19,53.55,54.33,55.83,51.9,53.26,80839.7,436525000.0,55.1,50.56,42.59599999999998,42.22,42.11,67.59,4.25,2.48,1.77,宝明科技,计算机、通信和其他电子设备制造业,主板,55.17499999999997,53.00499999999999,48.28249999999999,44.56562500000001,41.160638297872396
2992,2023-05-22,54.34,54.69,55.8,53.31,54.33,57620.5,314306000.0,55.08,52.15,43.51699999999998,42.65,42.25,68.02,4.35,2.86,1.49,宝明科技,计算机、通信和其他电子设备制造业,主板,54.507499999999965,53.96499999999999,49.82749999999999,46.06625000000002,41.45787234042559
2992,2023-05-23,53.08,53.73,55.35,53.08,54.69,49334.2,266520000.0,54.35,53.25,44.41999999999999,43.03,42.38,65.5,4.31,3.15,1.16,宝明科技,计算机、通信和其他电子设备制造业,主板,54.00249999999997,54.217499999999994,51.17083333333333,47.31500000000002,41.728723404255376
2992,2023-05-24,54.53,59.1,59.1,54.5,53.73,79635.2,453625000.0,55.02,54.46,45.68549999999999,43.6,42.56,71.81,4.66,3.45,1.21,宝明科技,计算机、通信和其他电子设备制造业,主板,55.46249999999998,55.3775,52.85833333333333,48.903750000000024,42.12531914893623
2992,2023-05-25,59.7,60.65,62.66,59.15,59.1,124239.0,754210000.0,56.5,55.35,47.06099999999999,44.14,42.74,73.33,4.99,3.76,1.23,宝明科技,计算机、通信和其他电子设备制造业,主板,57.042499999999976,56.10874999999999,54.35083333333333,50.472500000000025,42.580000000000055
2992,2023-05-26,60.0,58.54,60.53,57.98,60.65,72876.4,429186000.0,57.34,56.22,48.45399999999999,44.67,42.93,67.96,5.03,4.01,1.02,宝明科技,计算机、通信和其他电子设备制造业,主板,58.00499999999998,56.256249999999994,55.31166666666666,51.871875000000024,43.01276595744687
2992,2023-05-29,57.63,57.5,58.5,56.66,58.54,49291.3,283876000.0,57.9,56.49,49.64149999999999,45.18,43.12,65.42,4.93,4.2,0.73,宝明科技,计算机、通信和其他电子设备制造业,主板,58.947499999999984,56.474999999999994,55.794166666666655,53.11500000000002,43.422127659574535
2992,2023-05-30,56.96,57.83,59.87,56.36,57.5,56407.8,329901000.0,58.72,56.54,50.849,45.75,43.33,65.86,4.81,4.32,0.49,宝明科技,计算机、通信和其他电子设备制造业,主板,58.62999999999999,57.04624999999999,56.46166666666665,54.301250000000024,43.82702127659581
2992,2023-05-31,58.03,57.5,58.14,56.21,57.83,40402.3,230829000.0,58.4,56.71,51.9465,46.31,43.56,64.98,4.65,4.38,0.27,宝明科技,计算机、通信和其他电子设备制造业,主板,57.842499999999994,57.44249999999999,56.68666666666666,55.223750000000024,44.220851063829855
2992,2023-06-01,59.26,57.96,61.0,57.27,57.5,62291.4,366381000.0,57.87,57.18,53.037,46.93,43.79,65.67,4.49,4.41,0.08,宝明科技,计算机、通信和其他电子设备制造业,主板,57.6975,57.851249999999986,56.73666666666666,55.90812500000003,44.621702127659645
2992,2023-06-02,57.54,59.9,62.37,57.3,57.96,72193.7,430876000.0,58.14,57.74,54.15150000000001,47.64,44.02,68.49,4.48,4.42,0.06,宝明科技,计算机、通信和其他电子设备制造业,主板,58.2975,58.62249999999999,57.08249999999999,56.42000000000002,45.081276595744754
2992,2023-06-05,60.94,59.5,61.5,58.8,59.9,54518.0,325881000.0,58.54,58.22,55.18400000000001,48.42,44.29,67.26,4.39,4.41,-0.02,宝明科技,计算机、通信和其他电子设备制造业,主板,58.715,58.672499999999985,57.60249999999999,57.02500000000002,45.521914893617094
2992,2023-06-06,59.59,64.8,65.45,59.01,59.5,96867.9,617276000.0,59.93,59.33,56.28700000000001,49.39,44.65,73.93,4.69,4.47,0.22,宝明科技,计算机、通信和其他电子设备制造业,主板,60.540000000000006,59.19124999999998,58.47499999999999,57.65000000000002,46.08042553191497
2992,2023-06-07,65.45,64.85,66.96,63.5,64.8,80605.2,523744000.0,61.4,59.9,57.17900000000001,50.42,45.02,73.98,4.87,4.55,0.32,宝明科技,计算机、通信和其他电子设备制造业,主板,62.262499999999996,59.97999999999998,59.32166666666666,58.11812500000002,46.647446808510715
2992,2023-06-08,64.43,61.3,66.42,61.3,64.85,69644.3,441211000.0,62.07,59.97,57.658500000000004,51.36,45.36,63.9,4.68,4.58,0.1,宝明科技,计算机、通信和其他电子设备制造业,主板,62.61249999999999,60.454999999999984,59.952499999999986,58.46500000000002,47.145319148936245
2992,2023-06-09,61.54,60.81,62.88,59.2,61.3,53323.8,323257000.0,62.25,60.2,58.208000000000006,52.37,45.69,62.63,4.44,4.55,-0.11,宝明科技,计算机、通信和其他电子设备制造业,主板,62.94,60.82749999999998,60.09499999999998,58.936875000000015,47.63659574468093
2992,2023-06-12,60.33,59.71,61.9,59.06,60.81,53113.3,319990000.0,62.29,60.42,58.453500000000005,53.23,46.01,59.76,4.1,4.46,-0.36,宝明科技,计算机、通信和其他电子设备制造业,主板,61.66749999999999,61.10374999999998,60.01666666666665,59.273125000000014,48.02425531914902
2992,2023-06-13,58.82,58.17,59.49,56.5,59.71,56625.3,326930000.0,60.97,60.45,58.494000000000014,54.05,46.33,55.9,3.67,4.3,-0.63,宝明科技,计算机、通信和其他电子设备制造业,主板,59.997499999999995,61.129999999999974,59.98583333333332,59.49062500000001,48.36382978723413
2992,2023-06-14,58.51,56.98,58.51,56.5,58.17,37098.5,212262000.0,59.39,60.4,58.555500000000016,54.76,46.64,53.04,3.2,4.08,-0.88,宝明科技,计算机、通信和其他电子设备制造业,主板,58.91749999999999,60.76499999999997,59.94249999999999,59.69375000000001,48.690425531914975
2992,2023-06-15,57.0,59.3,60.28,56.5,56.98,57674.3,337931000.0,58.99,60.53,58.857500000000016,55.54,46.99,57.59,2.98,3.86,-0.88,宝明科技,计算机、通信和其他电子设备制造业,主板,58.53999999999999,60.73999999999997,60.064999999999976,59.706250000000004,49.04936170212775
2992,2023-06-16,59.13,55.2,59.13,54.32,59.3,86079.2,482411000.0,57.87,60.06,58.901000000000025,56.12,47.26,48.63,2.45,3.58,-1.13,宝明科技,计算机、通信和其他电子设备制造业,主板,57.41249999999999,59.53999999999997,59.87333333333331,59.36562500000001,49.32829787234051
2992,2023-06-19,54.16,54.46,55.65,54.11,55.2,50890.4,278752000.0,56.82,59.56,58.88950000000002,56.64,47.52,47.2,1.94,3.25,-1.31,宝明科技,计算机、通信和其他电子设备制造业,主板,56.484999999999985,58.241249999999965,59.58166666666665,59.11062500000001,49.539787234042635
2992,2023-06-20,54.2,53.86,55.13,53.78,54.46,31426.4,170534000.0,55.96,58.46,58.896000000000015,57.01,47.77,46.03,1.48,2.9,-1.42,宝明科技,计算机、通信和其他电子设备制造业,主板,55.70499999999999,57.311249999999966,59.07833333333332,58.883125000000014,49.779148936170294
2992,2023-06-21,55.0,59.25,59.25,54.99,53.86,53906.9,313827000.0,56.41,57.9,58.90350000000002,57.42,48.12,56.53,1.52,2.62,-1.1,宝明科技,计算机、通信和其他电子设备制造业,主板,55.69249999999998,57.11624999999997,59.05749999999998,58.97187500000001,50.14659574468094
2992,2023-06-26,59.78,57.61,60.85,56.05,59.25,104031.0,607151000.0,56.08,57.54,58.75150000000001,57.62,48.43,53.14,1.42,2.38,-0.96,宝明科技,计算机、通信和其他电子设备制造业,主板,56.29499999999999,56.85374999999997,58.45833333333332,58.97875000000001,50.50574468085115
2992,2023-06-27,56.0,58.3,61.7,56.0,57.61,76642.0,454170000.0,56.7,57.28,58.73950000000001,57.9,48.76,54.38,1.37,2.18,-0.81,宝明科技,计算机、通信和其他电子设备制造业,主板,57.25499999999999,56.86999999999997,57.91249999999999,59.00000000000001,50.875531914893706
2992,2023-06-28,57.7,56.08,59.0,55.82,58.3,55553.3,316023000.0,57.02,56.92,58.66850000000001,57.94,49.06,49.82,1.14,1.97,-0.83,宝明科技,计算机、通信和其他电子设备制造业,主板,57.80999999999999,56.757499999999965,57.47749999999999,58.76125000000001,51.23617021276604
2992,2023-06-29,55.1,56.62,57.9,54.96,56.08,48929.5,275511000.0,57.57,56.77,58.608000000000004,57.92,49.37,50.9,0.99,1.77,-0.78,宝明科技,计算机、通信和其他电子设备制造业,主板,57.15249999999999,56.422499999999964,57.12833333333333,58.58125000000001,51.61957446808519
2992,2023-06-30,57.0,62.28,62.28,56.34,56.62,79971.8,479136000.0,58.18,57.3,58.847,58.14,49.78,60.49,1.3,1.68,-0.38,宝明科技,计算机、通信和其他电子设备制造业,主板,58.31999999999999,57.30749999999997,57.342499999999994,58.42375000000001,52.17297872340434
2992,2023-07-03,64.1,68.51,68.51,64.1,62.28,111070.0,752708000.0,60.36,58.22,59.3745,58.64,50.23,67.92,2.05,1.75,0.3,宝明科技,计算机、通信和其他电子设备制造业,主板,60.87249999999999,59.06374999999998,58.20416666666666,58.65250000000001,52.87170212765967
2992,2023-07-04,70.6,69.39,74.0,67.99,68.51,134540.0,947887000.0,62.58,59.64,59.849000000000004,59.15,50.68,68.81,2.67,1.94,0.73,宝明科技,计算机、通信和其他电子设备制造业,主板,64.19999999999999,61.00499999999998,59.23833333333332,59.15812500000001,53.6291489361703
2992,2023-07-05,69.55,69.77,73.78,67.0,69.39,111323.0,783553000.0,65.31,61.17,60.3625,59.65,51.15,69.21,3.15,2.18,0.97,宝明科技,计算机、通信和其他电子设备制造业,主板,67.48749999999998,62.31999999999998,60.110833333333325,59.718125000000015,54.40851063829796
2992,2023-07-06,69.1,70.95,72.77,67.7,69.77,78805.3,554361000.0,68.18,62.88,60.67,60.22,51.63,70.47,3.59,2.46,1.13,宝明科技,计算机、通信和其他电子设备制造业,主板,69.65499999999997,63.98749999999998,61.423333333333325,60.420625000000015,55.265319148936264
2992,2023-07-07,70.82,71.59,76.49,69.54,70.95,94674.8,682029000.0,70.04,64.11,61.007000000000005,60.64,52.12,71.16,3.95,2.76,1.19,宝明科技,计算机、通信和其他电子设备制造业,主板,70.42499999999998,65.64874999999999,62.85083333333333,61.25937500000001,56.07042553191499
2992,2023-07-10,71.59,68.64,71.88,66.95,71.59,85826.9,588222000.0,70.07,65.21,61.37400000000001,60.91,52.52,63.77,3.95,3.0,0.95,宝明科技,计算机、通信和其他电子设备制造业,主板,70.23749999999998,67.21874999999999,64.0825,61.98812500000001,56.814255319149034
2992,2023-07-11,68.6,69.22,69.64,67.4,68.64,47087.2,323329000.0,70.03,66.3,61.79450000000001,61.26,52.96,64.55,3.94,3.19,0.75,宝明科技,计算机、通信和其他电子设备制造业,主板,70.1,68.79374999999999,64.91333333333333,62.608125000000015,57.53063829787243
2992,2023-07-12,69.1,66.36,69.45,66.33,69.22,43462.6,292952000.0,69.35,67.33,62.12700000000001,61.56,53.37,57.93,3.67,3.28,0.39,宝明科技,计算机、通信和其他电子设备制造业,主板,68.9525,69.30375,65.6425,63.305625000000006,58.17340425531924
2992,2023-07-13,67.02,65.5,67.4,65.0,66.36,49740.9,327208000.0,68.26,68.22,62.493500000000004,61.81,53.78,56.06,3.35,3.3,0.05,宝明科技,计算机、通信和其他电子设备制造业,主板,67.43,68.9275,66.24249999999999,63.995625000000004,58.766808510638384
2992,2023-07-14,65.44,65.0,66.64,63.71,65.5,36550.5,238300000.0,66.94,68.49,62.89450000000001,62.06,54.18,54.96,3.02,3.24,-0.22,宝明科技,计算机、通信和其他电子设备制造业,主板,66.52000000000001,68.37875,66.98583333333333,64.69187500000001,59.32319148936179
2992,2023-07-17,65.07,64.28,66.57,63.69,65.0,31231.0,202736000.0,66.07,68.07,63.1435,62.27,54.6,53.32,2.67,3.13,-0.46,宝明科技,计算机、通信和其他电子设备制造业,主板,65.285,67.6925,67.62416666666665,65.00625000000001,59.78148936170223
2992,2023-07-18,64.9,63.41,65.98,62.8,64.28,35800.6,229708000.0,64.91,67.47,63.55400000000001,62.39,55.02,51.34,2.29,2.96,-0.67,宝明科技,计算机、通信和其他电子设备制造业,主板,64.54749999999999,66.74999999999999,67.71833333333332,65.36875000000002,60.13042553191498
2992,2023-07-19,62.8,62.35,63.02,61.11,63.41,32395.4,200756000.0,64.11,66.73,63.9485,62.48,55.45,48.95,1.88,2.74,-0.86,宝明科技,计算机、通信和其他电子设备制造业,主板,63.75999999999999,65.59499999999998,67.205,65.62187500000002,60.35680851063839
2992,2023-07-20,62.03,60.06,62.57,60.0,62.35,29250.9,177828000.0,63.02,65.64,64.2585,62.33,55.86,44.17,1.36,2.47,-1.11,宝明科技,计算机、通信和其他电子设备制造业,主板,62.52499999999999,64.5225,66.4275,65.87062500000002,60.57468085106391
2992,2023-07-21,59.65,59.96,61.79,59.65,60.06,25177.2,152565000.0,62.01,64.48,64.29400000000001,62.16,56.29,43.97,0.93,2.16,-1.23,宝明科技,计算机、通信和其他电子设备制造业,主板,61.444999999999986,63.364999999999995,65.61,66.07937500000003,60.68446808510646
2992,2023-07-24,59.39,58.95,60.72,58.62,59.96,22282.3,132490000.0,60.95,63.51,64.36100000000002,62.09,56.72,41.88,0.5,1.83,-1.33,宝明科技,计算机、通信和其他电子设备制造业,主板,60.32999999999999,62.43875,64.61,65.87125000000003,60.7182978723405
2992,2023-07-25,59.7,58.08,60.59,57.21,58.95,36475.5,211598000.0,59.88,62.4,64.35000000000001,61.99,57.18,40.12,0.08,1.48,-1.4,宝明科技,计算机、通信和其他电子设备制造业,主板,59.262499999999996,61.511250000000004,63.484166666666674,65.21937500000003,60.767872340425605
2992,2023-07-26,58.08,55.97,58.08,55.4,58.08,32101.7,180627000.0,58.6,61.36,64.34450000000001,61.87,57.55,36.14,-0.4,1.1,-1.5,宝明科技,计算机、通信和其他电子设备制造业,主板,58.239999999999995,60.38250000000001,62.42833333333334,64.38062500000002,60.82553191489368
2992,2023-07-27,55.98,56.59,59.1,55.98,55.97,33159.5,190285000.0,57.91,60.46,64.34300000000002,61.82,57.93,38.08,-0.74,0.73,-1.47,宝明科技,计算机、通信和其他电子设备制造业,主板,57.39749999999999,59.421250000000015,61.37583333333334,63.55687500000002,60.873617021276665
2992,2023-07-28,56.18,57.22,57.65,54.69,56.59,26941.9,153631000.0,57.36,59.69,64.09000000000002,61.83,58.29,40.08,-0.94,0.4,-1.34,宝明科技,计算机、通信和其他电子设备制造业,主板,56.96499999999999,58.64750000000002,60.61416666666668,62.69875000000002,60.9274468085107
2992,2023-07-31,58.3,55.98,58.8,55.76,57.22,30179.0,171669000.0,56.77,58.86,63.463500000000025,61.71,58.62,37.52,-1.18,0.08,-1.26,宝明科技,计算机、通信和其他电子设备制造业,主板,56.44,57.85125000000002,59.82083333333335,61.72312500000002,60.97531914893623
2992,2023-08-01,56.43,56.3,56.9,55.1,55.98,19911.6,111755000.0,56.41,58.15,62.80900000000001,61.75,58.94,38.61,-1.33,-0.2,-1.13,宝明科技,计算机、通信和其他电子设备制造业,主板,56.5225,57.381250000000016,59.09583333333334,60.95187500000002,60.915744680851134
2992,2023-08-02,56.0,61.93,61.93,55.31,56.3,48493.4,289020000.0,57.6,58.1,62.417000000000016,62.0,59.32,53.86,-0.99,-0.36,-0.63,宝明科技,计算机、通信和其他电子设备制造业,主板,57.857499999999995,57.62750000000002,58.900000000000006,60.49625000000002,60.942978723404316
2992,2023-08-03,62.96,63.3,65.66,61.31,61.93,81697.2,518444000.0,58.95,58.43,62.034500000000016,62.32,59.66,56.68,-0.6,-0.41,-0.19,宝明科技,计算机、通信和其他电子设备制造业,主板,59.37749999999999,58.17125000000002,58.89083333333334,60.305000000000014,61.044255319149
2992,2023-08-04,63.03,63.92,64.87,62.03,63.3,49673.9,313880000.0,60.29,58.82,61.651000000000025,62.47,59.95,57.93,-0.24,-0.37,0.13,宝明科技,计算机、通信和其他电子设备制造业,主板,61.36249999999999,58.901250000000026,59.02166666666667,60.20625000000001,61.180851063829856
2992,2023-08-07,64.04,66.25,67.58,62.8,63.92,49003.7,316144000.0,62.34,59.55,61.531500000000015,62.76,60.19,62.34,0.23,-0.25,0.48,宝明科技,计算机、通信和其他电子设备制造业,主板,63.84999999999998,60.18625000000003,59.5375,60.28437500000001,61.36000000000007
2992,2023-08-08,65.0,64.34,67.18,64.0,66.25,31828.5,206794000.0,63.95,60.18,61.28750000000001,62.96,60.43,57.06,0.45,-0.11,0.56,宝明科技,计算机、通信和其他电子设备制造业,主板,64.45249999999997,61.15500000000003,59.9025,60.28812500000001,61.50553191489369
2992,2023-08-09,64.3,65.08,66.6,62.44,64.34,39194.7,253359000.0,64.58,61.09,61.223500000000016,63.26,60.6,58.53,0.67,0.04,0.63,宝明科技,计算机、通信和其他电子设备制造业,主板,64.89749999999997,62.13750000000003,60.413333333333334,60.392500000000005,61.65702127659581
2992,2023-08-10,65.09,66.19,67.48,64.68,65.08,36627.7,241862000.0,65.16,62.05,61.25800000000002,63.58,60.75,60.69,0.93,0.22,0.71,宝明科技,计算机、通信和其他电子设备制造业,主板,65.46499999999996,63.41375000000002,61.08916666666667,60.6325,61.790851063829855
2992,2023-08-11,65.7,64.38,66.7,64.38,66.19,25248.9,165080000.0,65.25,62.77,61.22700000000002,63.65,60.89,55.59,0.97,0.37,0.6,宝明科技,计算机、通信和其他电子设备制造业,主板,64.99749999999996,64.42375000000003,61.79,60.9025,61.8946808510639
2992,2023-08-14,64.39,64.06,64.9,63.0,64.38,20986.7,133992000.0,64.81,63.58,61.21600000000002,63.5,61.07,54.72,0.97,0.49,0.48,宝明科技,计算机、通信和其他电子设备制造业,主板,64.92749999999995,64.69000000000004,62.412499999999994,61.15875,61.87893617021283
2992,2023-08-15,63.57,62.75,65.58,62.05,64.06,25336.1,160977000.0,64.49,64.22,61.183000000000014,63.28,61.21,51.17,0.86,0.56,0.3,宝明科技,计算机、通信和其他电子设备制造业,主板,64.34499999999996,64.62125000000005,62.87333333333333,61.396249999999995,61.834255319149
2992,2023-08-16,63.0,61.6,64.22,61.36,62.75,20647.3,129289000.0,63.8,64.19,61.14550000000001,63.01,61.33,48.21,0.66,0.58,0.08,宝明科技,计算机、通信和其他电子设备制造业,主板,63.19749999999996,64.33125000000005,63.34166666666666,61.61624999999999,61.8406382978724
2992,2023-08-17,61.22,60.06,61.95,59.76,61.6,25036.3,151287000.0,62.57,63.86,61.14550000000001,62.64,61.43,44.5,0.38,0.54,-0.16,宝明科技,计算机、通信和其他电子设备制造业,主板,62.117499999999964,63.55750000000006,63.654999999999994,61.87187499999999,61.824680851063896
2992,2023-08-18,60.07,58.33,60.61,57.89,60.06,21146.3,124609000.0,61.36,63.3,61.06400000000001,62.2,61.42,40.7,0.01,0.44,-0.43,宝明科技,计算机、通信和其他电子设备制造业,主板,60.68499999999996,62.80625000000006,63.355,61.98062499999998,61.79531914893623
2992,2023-08-21,57.75,57.8,58.85,57.3,58.33,12374.0,71710700.0,60.11,62.46,61.0065,61.84,61.37,39.59,-0.31,0.29,-0.6,宝明科技,计算机、通信和其他电子设备制造业,主板,59.44749999999996,61.89625000000006,62.89666666666667,62.016874999999985,61.7874468085107
2992,2023-08-22,58.59,59.14,59.3,56.75,57.8,20000.1,116079000.0,59.39,61.94,61.059500000000014,61.5,61.38,43.78,-0.46,0.14,-0.6,宝明科技,计算机、通信和其他电子设备制造业,主板,58.83249999999996,61.015000000000065,62.498333333333335,62.21437499999999,61.83340425531921
2992,2023-08-23,59.15,65.05,65.05,58.2,59.14,39454.0,246758000.0,60.08,61.94,61.51350000000001,61.46,61.51,57.7,-0.1,0.09,-0.19,宝明科技,计算机、通信和其他电子设备制造业,主板,60.079999999999956,61.09875000000007,62.39833333333333,62.76124999999999,61.955744680851126
2992,2023-08-24,64.0,64.75,65.3,63.6,65.05,42878.9,276623000.0,61.01,61.79,61.921500000000016,61.44,61.62,56.93,0.16,0.1,0.06,宝明科技,计算机、通信和其他电子设备制造业,主板,61.68499999999996,61.185000000000066,62.4325,62.93749999999999,62.15893617021283
2992,2023-08-25,64.04,61.58,64.36,61.11,64.75,30227.4,188495000.0,61.66,61.51,62.13950000000001,61.32,61.69,49.42,0.12,0.11,0.01,宝明科技,计算机、通信和其他电子设备制造业,主板,62.62999999999995,61.038750000000064,62.140833333333326,62.83,62.31042553191495
2992,2023-08-28,63.7,59.58,64.39,59.28,61.58,31251.0,190772000.0,62.02,61.06,62.319500000000005,61.17,61.72,45.35,-0.08,0.07,-0.15,宝明科技,计算机、通信和其他电子设备制造业,主板,62.73999999999995,60.78625000000007,61.589999999999996,62.558749999999996,62.432127659574526
2992,2023-08-29,59.98,63.29,64.3,59.0,59.58,39933.0,249669000.0,62.85,61.12,62.669000000000004,61.16,61.78,53.07,0.06,0.07,-0.01,宝明科技,计算机、通信和其他电子设备制造业,主板,62.299999999999955,61.19000000000006,61.49916666666666,62.37375,62.51808510638303
2992,2023-08-30,61.95,64.91,67.0,61.95,63.29,36935.0,237907000.0,62.82,61.45,62.818000000000005,61.25,61.87,55.99,0.3,0.11,0.19,宝明科技,计算机、通信和其他电子设备制造业,主板,62.33999999999995,62.01250000000007,61.56999999999999,62.409375000000004,62.6734042553192
2992,2023-08-31,64.98,63.95,65.07,63.7,64.91,16427.6,105536000.0,62.66,61.84,62.85050000000001,61.38,61.85,53.85,0.41,0.17,0.24,宝明科技,计算机、通信和其他电子设备制造业,主板,62.93249999999995,62.781250000000064,61.669999999999995,62.33875,62.79361702127664
2992,2023-09-01,63.95,64.4,65.0,63.1,63.95,16791.4,107692000.0,63.23,62.44,62.87450000000001,61.52,61.84,54.72,0.51,0.24,0.27,宝明科技,计算机、通信和其他电子设备制造业,主板,64.13749999999995,63.43875000000007,61.90333333333333,62.22687499999999,62.970638297872384
2992,2023-09-04,65.85,64.7,65.96,63.1,64.4,19136.5,122777000.0,64.25,63.14,62.79700000000001,61.72,61.9,55.33,0.63,0.32,0.31,宝明科技,计算机、通信和其他电子设备制造业,主板,64.48999999999994,63.395000000000074,62.29,62.246874999999996,63.142553191489405
2992,2023-09-05,64.7,68.72,70.0,64.29,64.7,48133.1,328121000.0,65.34,64.09,63.01600000000002,62.07,62.03,62.57,1.02,0.46,0.56,宝明科技,计算机、通信和其他电子设备制造业,主板,65.44249999999994,63.89125000000007,63.155833333333334,62.538124999999994,63.279574468085144
2992,2023-09-06,68.52,67.03,68.71,66.2,68.72,26263.0,176683000.0,65.76,64.29,63.11350000000002,62.44,62.15,58.29,1.19,0.61,0.58,宝明科技,计算机、通信和其他电子设备制造业,主板,66.21249999999993,64.57250000000006,63.925000000000004,62.80562499999999,63.248085106383016
2992,2023-09-07,66.79,65.1,68.68,65.0,67.03,25022.0,167140000.0,65.99,64.33,63.05900000000001,62.72,62.27,53.77,1.15,0.71,0.44,宝明科技,计算机、通信和其他电子设备制造业,主板,66.38749999999993,65.26250000000006,64.42166666666667,63.024374999999985,63.156808510638335
2992,2023-09-08,65.18,64.93,65.66,63.5,65.1,18256.5,117876000.0,66.1,64.66,63.08650000000002,62.98,62.4,53.38,1.09,0.79,0.3,宝明科技,计算机、通信和其他电子设备制造业,主板,66.44499999999994,65.46750000000006,64.41166666666668,63.328749999999985,63.05382978723408
2992,2023-09-11,64.39,64.75,65.27,63.38,64.93,14070.4,90606100.0,66.11,65.18,63.12100000000002,63.27,62.49,52.94,1.02,0.84,0.18,宝明科技,计算机、通信和其他电子设备制造业,主板,65.45249999999993,65.44750000000006,64.41166666666668,63.72999999999998,62.92191489361706
2992,2023-09-12,64.74,66.23,66.98,63.92,64.75,21088.4,138593000.0,65.61,65.47,63.29500000000003,63.6,62.68,56.14,1.08,0.88,0.2,宝明科技,计算机、通信和其他电子设备制造业,主板,65.25249999999994,65.73250000000006,64.79916666666666,64.25687499999998,62.80787234042557
2992,2023-09-13,66.22,63.58,66.22,62.08,66.23,18899.4,120805000.0,64.92,65.34,63.39400000000003,63.66,62.83,49.62,0.9,0.89,0.01,宝明科技,计算机、通信和其他电子设备制造业,主板,64.87249999999995,65.63000000000007,65.13250000000001,64.53437499999997,62.70021276595748
2992,2023-09-14,62.86,63.86,65.25,62.67,63.58,12718.0,81155200.0,64.67,65.33,63.584000000000024,63.68,63.0,50.28,0.76,0.86,-0.1,宝明科技,计算机、通信和其他电子设备制造业,主板,64.60499999999995,65.52500000000006,65.18,64.45999999999997,62.586170212766
2992,2023-09-15,63.75,67.95,68.99,63.75,63.86,42309.5,285853000.0,65.27,65.68,64.06500000000003,63.81,63.14,58.74,0.97,0.88,0.09,宝明科技,计算机、通信和其他电子设备制造业,主板,65.40499999999994,65.42875000000006,65.43333333333335,64.65999999999997,62.62000000000003
2992,2023-09-18,67.5,67.2,68.99,66.7,67.95,22829.6,154781000.0,65.76,65.94,64.53500000000004,63.84,63.3,56.83,1.07,0.92,0.15,宝明科技,计算机、通信和其他电子设备制造业,主板,65.64749999999994,65.45000000000007,65.70416666666668,65.01124999999998,62.65617021276599
2992,2023-09-19,66.24,65.57,67.59,65.01,67.2,16776.5,110706000.0,65.63,65.62,64.85650000000003,63.88,63.42,52.81,1.0,0.94,0.06,宝明科技,计算机、通信和其他电子设备制造业,主板,66.14499999999994,65.50875000000006,65.80166666666669,65.38562499999998,62.66829787234046
2992,2023-09-20,65.8,63.7,65.8,63.6,65.57,17747.4,114239000.0,65.66,65.29,64.78900000000003,63.84,63.55,48.57,0.8,0.91,-0.11,宝明科技,计算机、通信和其他电子设备制造业,主板,66.10499999999993,65.35500000000008,65.71833333333335,65.41124999999998,62.655957446808536
2992,2023-09-21,64.63,62.05,64.63,61.25,63.7,19399.1,120947000.0,65.29,64.98,64.65400000000002,63.7,63.64,45.12,0.49,0.83,-0.34,宝明科技,计算机、通信和其他电子设备制造业,主板,64.62999999999994,65.01750000000007,65.16250000000001,65.23249999999997,62.62702127659578
2992,2023-09-22,62.26,63.69,63.94,61.51,62.05,16112.0,101243000.0,64.44,64.86,64.75950000000003,63.68,63.66,49.0,0.37,0.73,-0.36,宝明科技,计算机、通信和其他电子设备制造业,主板,63.75249999999994,64.70000000000007,64.88416666666667,65.21624999999997,62.65553191489366
2992,2023-09-25,63.88,62.92,64.27,62.0,63.69,12797.5,80616900.0,63.59,64.68,64.92650000000005,63.64,63.57,47.31,0.21,0.63,-0.42,宝明科技,计算机、通信和其他电子设备制造业,主板,63.08999999999995,64.61750000000006,64.7025,65.12374999999997,62.716382978723445
2992,2023-09-26,62.45,60.9,62.75,60.54,62.92,12637.2,77788300.0,62.65,64.14,64.80700000000004,63.58,63.43,43.11,-0.08,0.49,-0.57,宝明科技,计算机、通信和其他电子设备制造业,主板,62.389999999999944,64.24750000000006,64.36666666666667,64.88624999999998,62.73638297872345
2992,2023-09-27,60.9,61.01,62.56,60.36,60.9,17605.4,108021000.0,62.11,63.88,64.61200000000005,63.56,63.28,43.41,-0.29,0.33,-0.62,宝明科技,计算机、通信和其他电子设备制造业,主板,62.12999999999994,63.38000000000006,64.055,64.40437499999997,62.780212765957494
2992,2023-09-28,62.01,62.18,63.0,60.37,61.01,18630.3,115060000.0,62.14,63.72,64.52350000000004,63.63,63.14,46.57,-0.36,0.19,-0.55,宝明科技,计算机、通信和其他电子设备制造业,主板,61.75249999999994,62.75250000000006,63.7175,64.10124999999998,62.867446808510685
2992,2023-10-09,62.0,63.01,63.6,61.7,62.18,15008.0,94169900.0,62.0,63.22,64.45400000000004,63.78,62.99,48.76,-0.34,0.09,-0.43,宝明科技,计算机、通信和其他电子设备制造业,主板,61.774999999999935,62.43250000000007,63.669999999999995,63.97062499999998,63.01723404255325
2992,2023-10-10,64.89,65.29,66.84,62.5,63.01,36914.2,239540000.0,62.48,63.03,64.48350000000003,64.03,62.94,54.31,-0.15,0.04,-0.19,宝明科技,计算机、通信和其他电子设备制造业,主板,62.87249999999994,62.63125000000007,63.78916666666666,63.99312499999998,63.202340425531965
2992,2023-10-11,64.21,63.61,65.6,63.52,65.29,19604.9,126132000.0,63.02,62.84,64.22800000000004,64.18,62.84,50.01,-0.13,0.01,-0.14,宝明科技,计算机、通信和其他电子设备制造业,主板,63.52249999999994,62.826250000000066,63.42749999999999,63.92187499999997,63.33829787234048
2992,2023-10-12,63.67,69.18,69.96,63.0,63.61,52034.1,350609000.0,64.65,63.38,64.33550000000004,64.32,62.89,61.02,0.34,0.07,0.27,宝明科技,计算机、通信和其他电子设备制造业,主板,65.27249999999994,63.51250000000007,63.592499999999994,64.10624999999997,63.61914893617027
2992,2023-10-13,68.28,66.81,68.31,66.61,69.18,30038.0,202198000.0,65.58,63.86,64.42100000000003,64.39,62.91,55.43,0.51,0.16,0.35,宝明科技,计算机、通信和其他电子设备制造业,主板,66.22249999999994,63.998750000000065,63.695833333333326,64.30812499999998,63.84276595744686
2992,2023-10-16,66.45,65.14,66.49,63.99,66.81,19616.1,127437000.0,66.01,64.0,64.43150000000004,64.51,62.92,51.82,0.5,0.23,0.27,宝明科技,计算机、通信和其他电子设备制造业,主板,66.18499999999993,64.52875000000007,63.81583333333332,64.38812499999999,63.91106382978729
2992,2023-10-17,64.99,65.5,66.4,64.76,65.14,12694.5,83002500.0,66.05,64.26,64.46900000000004,64.71,62.94,52.54,0.52,0.29,0.23,宝明科技,计算机、通信和其他电子设备制造业,主板,66.65749999999993,65.09000000000007,64.10333333333332,64.23499999999999,63.95787234042558
2992,2023-10-18,65.07,65.15,67.0,63.6,65.5,17262.7,112312000.0,66.36,64.69,64.41500000000005,64.77,62.96,51.73,0.5,0.33,0.17,宝明科技,计算机、通信和其他电子设备制造业,主板,65.64999999999993,65.46125000000008,64.22499999999998,64.10687499999999,63.984042553191536
2992,2023-10-19,64.5,64.28,65.2,63.65,65.15,11533.0,74187600.0,65.38,65.02,64.45000000000005,64.75,63.0,49.69,0.41,0.35,0.06,宝明科技,计算机、通信和其他电子设备制造业,主板,65.01749999999994,65.62000000000008,64.33833333333332,64.02624999999999,63.942127659574524
2992,2023-10-20,65.0,64.51,65.87,63.87,64.28,15974.5,103830000.0,64.92,65.25,64.48250000000004,64.76,63.07,50.25,0.35,0.35,0.0,宝明科技,计算机、通信和其他电子设备制造业,主板,64.85999999999994,65.52250000000008,64.63916666666665,64.07687499999999,63.94574468085112
2992,2023-10-23,64.65,61.78,64.99,61.0,64.51,16859.0,105357000.0,64.24,65.12,64.17400000000005,64.68,63.1,44.01,0.09,0.29,-0.2,宝明科技,计算机、通信和其他电子设备制造业,主板,63.92999999999995,65.29375000000007,64.70333333333332,64.05999999999999,63.87553191489368
2992,2023-10-24,62.08,62.25,63.22,61.8,61.78,10114.1,63083300.0,63.59,64.82,63.92650000000005,64.6,63.16,45.27,-0.08,0.22,-0.3,宝明科技,计算机、通信和其他电子设备制造业,主板,63.20499999999995,64.42750000000007,64.70916666666666,63.969999999999985,63.79170212765963
2992,2023-10-25,62.2,62.63,63.28,60.8,62.25,15554.6,96364000.0,63.09,64.72,63.779500000000056,64.39,63.23,46.32,-0.19,0.14,-0.33,宝明科技,计算机、通信和其他电子设备制造业,主板,62.792499999999954,63.905000000000065,64.6775,63.951874999999994,63.75446808510644
2992,2023-10-26,62.2,62.79,63.29,60.11,62.63,14194.6,87491300.0,62.79,64.08,63.73400000000005,64.25,63.35,46.79,-0.26,0.06,-0.32,宝明科技,计算机、通信和其他电子设备制造业,主板,62.362499999999955,63.61125000000007,64.46916666666665,64.07,63.7274468085107
2992,2023-10-27,62.5,62.92,63.49,61.5,62.79,12205.9,76258700.0,62.47,63.7,63.77750000000005,64.18,63.45,47.19,-0.3,-0.01,-0.29,宝明科技,计算机、通信和其他电子设备制造业,主板,62.64749999999996,63.288750000000064,64.41166666666665,64.189375,63.731063829787296
2992,2023-10-30,62.88,63.9,64.99,61.67,62.92,21604.0,136776000.0,62.9,63.57,63.78800000000005,64.14,63.56,50.22,-0.24,-0.06,-0.18,宝明科技,计算机、通信和其他电子设备制造业,主板,63.05999999999996,63.132500000000064,63.97166666666666,64.296875,63.780000000000065
2992,2023-10-31,63.79,62.03,63.9,61.9,63.9,16449.1,102470000.0,62.85,63.22,63.743500000000054,64.05,63.66,44.92,-0.35,-0.12,-0.23,宝明科技,计算机、通信和其他电子设备制造业,主板,62.90999999999997,62.851250000000064,63.57333333333332,64.235625,63.82191489361709
2992,2023-11-01,62.0,61.52,63.18,61.45,62.03,17702.1,109967000.0,62.63,62.86,63.774500000000046,63.9,63.75,43.57,-0.47,-0.19,-0.28,宝明科技,计算机、通信和其他电子设备制造业,主板,62.592499999999966,62.47750000000006,63.271666666666654,64.0,63.88978723404262
2992,2023-11-02,61.52,61.23,62.44,60.81,61.52,7808.39,47919400.0,62.32,62.56,63.78550000000005,63.82,63.74,42.78,-0.59,-0.27,-0.32,宝明科技,计算机、通信和其他电子设备制造业,主板,62.16999999999996,62.40875000000007,62.915833333333325,63.85125,63.96276595744688
2992,2023-11-03,61.4,62.42,63.1,61.09,61.23,11729.3,73017900.0,62.22,62.35,63.79750000000005,63.77,63.72,47.01,-0.57,-0.33,-0.24,宝明科技,计算机、通信和其他电子设备制造业,主板,61.79999999999996,62.430000000000064,62.688333333333325,63.428749999999994,64.03255319148943
2992,2023-11-06,61.9,64.36,64.99,61.9,62.42,16924.8,108105000.0,62.31,62.6,63.865000000000045,63.65,63.73,53.11,-0.39,-0.34,-0.05,宝明科技,计算机、通信和其他电子设备制造业,主板,62.38249999999996,62.646250000000066,62.69499999999999,63.27562499999999,64.0178723404256
2992,2023-11-07,64.33,64.16,65.0,63.77,64.36,10826.0,69595400.0,62.74,62.8,63.80850000000005,63.55,63.7,52.44,-0.27,-0.33,0.06,宝明科技,计算机、通信和其他电子设备制造业,主板,63.042499999999954,62.81750000000006,62.665833333333325,63.214375,64.00531914893624
2992,2023-11-08,64.24,63.34,64.87,63.2,64.16,15048.0,96216000.0,63.1,62.87,63.79500000000005,63.48,63.68,49.67,-0.24,-0.31,0.07,宝明科技,计算机、通信和其他电子设备制造业,主板,63.56999999999996,62.870000000000054,62.79583333333333,63.079375,64.04276595744687
2992,2023-11-09,63.33,64.87,66.25,63.3,63.34,24096.5,156759000.0,63.83,63.08,63.57950000000004,63.51,63.68,54.49,-0.08,-0.26,0.18,宝明科技,计算机、通信和其他电子设备制造业,主板,64.18249999999996,62.99125000000005,63.01416666666666,63.06187499999999,64.15531914893624
2992,2023-11-10,64.77,63.36,64.77,62.38,64.87,13819.7,87400300.0,64.02,63.12,63.40700000000004,63.56,63.63,49.46,-0.09,-0.23,0.14,宝明科技,计算机、通信和其他电子设备制造业,主板,63.93249999999996,63.157500000000056,63.074999999999996,63.004374999999996,64.15680851063837
2992,2023-11-13,63.36,64.7,64.99,63.01,63.36,13939.2,89530000.0,64.09,63.2,63.38500000000003,63.59,63.63,53.56,0.02,-0.18,0.2,宝明科技,计算机、通信和其他电子设备制造业,主板,64.06749999999997,63.555000000000064,63.234166666666674,63.01625,64.15234042553199
2992,2023-11-14,64.35,68.03,70.99,64.35,64.7,41063.3,280418000.0,64.86,63.8,63.511500000000034,63.76,63.7,61.84,0.38,-0.07,0.45,宝明科技,计算机、通信和其他电子设备制造业,主板,65.23999999999995,64.40500000000006,63.660000000000004,63.406875,64.2391489361703
2992,2023-11-15,68.5,68.7,69.1,66.58,68.03,24106.1,163606000.0,65.93,64.52,63.689000000000036,64.02,63.8,63.26,0.69,0.08,0.61,宝明科技,计算机、通信和其他电子设备制造业,主板,66.19749999999995,65.19000000000007,64.06000000000002,63.81,64.33063829787241
2992,2023-11-16,68.4,71.15,72.9,68.05,68.7,37048.3,262443000.0,67.19,65.51,64.03250000000004,64.36,63.96,67.96,1.13,0.29,0.84,宝明科技,计算机、通信和其他电子设备制造业,主板,68.14499999999995,66.03875000000006,64.82000000000001,64.3425,64.46787234042561
2992,2023-11-17,70.58,78.27,78.27,70.1,71.15,52293.3,399446000.0,70.17,67.09,64.72050000000004,64.9,64.26,77.11,2.04,0.64,1.4,宝明科技,计算机、通信和其他电子设备制造业,主板,71.53749999999995,67.80250000000007,66.21583333333335,65.31,64.67106382978731
2992,2023-11-20,82.2,83.77,86.1,80.5,78.27,102401.0,854271000.0,73.98,69.04,65.82000000000004,65.59,64.69,81.51,3.15,1.14,2.01,宝明科技,计算机、通信和其他电子设备制造业,主板,75.47249999999994,70.35625000000006,68.09416666666668,66.613125,65.02723404255327
2992,2023-11-21,82.51,81.65,86.75,81.1,83.77,74299.4,622844000.0,76.71,70.78,66.79000000000005,66.13,65.08,75.49,3.83,1.68,2.15,宝明科技,计算机、通信和其他电子设备制造业,主板,78.70999999999994,72.45375000000006,69.69666666666667,67.7225,65.37936170212774
2992,2023-11-22,81.2,80.1,82.95,79.2,81.65,52200.6,420746000.0,78.99,72.46,67.66350000000003,66.68,65.43,71.34,4.19,2.18,2.01,宝明科技,计算机、通信和其他电子设备制造业,主板,80.94749999999993,74.54625000000006,71.00833333333334,68.85187499999999,65.70212765957456
2992,2023-11-23,81.23,83.15,83.86,79.2,80.1,42530.5,349614000.0,81.39,74.29,68.68150000000004,67.15,65.73,74.33,4.67,2.68,1.99,宝明科技,计算机、通信和其他电子设备制造业,主板,82.16749999999993,76.85250000000005,72.59083333333335,70.20375,66.09361702127669
2992,2023-11-24,83.42,81.3,84.5,80.0,83.15,28533.5,232990000.0,81.99,76.08,69.60050000000004,67.63,66.01,69.59,4.84,3.11,1.73,宝明科技,计算机、通信和其他电子设备制造业,主板,81.54999999999994,78.51125000000005,74.0875,71.458125,66.41425531914904
2992,2023-11-27,81.47,84.14,88.0,81.47,81.3,35435.8,297710000.0,82.07,78.03,70.61250000000004,68.27,66.39,72.49,5.15,3.52,1.63,宝明科技,计算机、通信和其他电子设备制造业,主板,82.17249999999993,80.44125000000004,75.69333333333334,72.815625,66.85170212765966
2992,2023-11-28,83.1,83.5,84.86,82.5,84.14,21935.2,183531000.0,82.44,79.57,71.68600000000004,68.87,66.79,70.85,5.28,3.87,1.41,宝明科技,计算机、通信和其他电子设备制造业,主板,83.02249999999992,81.98500000000004,77.37166666666667,74.011875,67.2695744680852
2992,2023-11-29,83.33,85.82,87.09,82.6,83.5,36125.4,309572000.0,83.58,81.28,72.90100000000004,69.55,67.16,73.22,5.51,4.2,1.31,宝明科技,计算机、通信和其他电子设备制造业,主板,83.68999999999991,82.92875000000004,79.13166666666666,75.365625,67.64978723404265
2992,2023-11-30,85.65,84.74,85.65,82.89,85.82,22379.1,188164000.0,83.9,82.64,74.07650000000004,70.24,67.49,70.36,5.53,4.47,1.06,宝明科技,计算机、通信和其他电子设备制造业,主板,84.54999999999991,83.05000000000004,80.52416666666666,76.703125,68.02297872340435
2992,2023-12-01,85.18,84.92,85.5,83.5,84.74,16147.4,136365000.0,84.62,83.31,75.20150000000004,70.92,67.84,70.56,5.51,4.67,0.84,宝明科技,计算机、通信和其他电子设备制造业,主板,84.74499999999992,83.45875000000004,81.87583333333333,77.95625000000001,68.43468085106392
2992,2023-12-04,85.42,79.7,85.89,76.43,84.92,66182.7,523843000.0,83.74,82.9,75.96850000000003,71.51,68.1,57.95,5.01,4.74,0.27,宝明科技,计算机、通信和其他电子设备制造业,主板,83.79499999999992,83.40875000000004,82.58833333333334,78.97750000000002,68.77510638297882
2992,2023-12-05,79.13,78.78,80.4,77.5,79.7,28359.7,223233000.0,82.79,82.62,76.69950000000003,72.07,68.33,56.05,4.49,4.69,-0.2,宝明科技,计算机、通信和其他电子设备制造业,主板,82.03499999999993,82.86250000000004,82.63083333333334,79.85750000000002,69.13106382978732
2992,2023-12-06,78.14,76.95,79.77,75.53,78.78,35553.7,274332000.0,81.02,82.3,77.38000000000004,72.54,68.47,52.37,3.88,4.53,-0.65,宝明科技,计算机、通信和其他电子设备制造业,主板,80.08749999999992,82.31875000000005,82.06250000000001,80.41500000000002,69.4131914893618
2992,2023-12-07,76.99,75.52,77.5,74.83,76.95,23502.5,178275000.0,79.17,81.54,77.91250000000005,72.97,68.61,49.63,3.25,4.27,-1.02,宝明科技,计算机、通信和其他电子设备制造业,主板,77.73749999999991,81.24125000000005,81.55166666666669,80.84125000000002,69.68127659574476
2992,2023-12-08,76.4,76.39,77.26,75.03,75.52,16637.3,126741000.0,77.47,81.05,78.56400000000005,73.42,68.8,51.3,2.78,3.97,-1.19,宝明科技,计算机、通信和其他电子设备制造业,主板,76.90999999999991,80.35250000000005,81.24250000000002,81.16875000000002,70.01085106382988
2992,2023-12-11,75.74,76.36,78.16,75.01,76.39,17845.0,136514000.0,76.8,80.27,79.14700000000005,73.83,68.99,51.23,2.39,3.66,-1.27,宝明科技,计算机、通信和其他电子设备制造业,主板,76.30499999999992,79.17000000000004,80.67666666666669,81.04937500000001,70.33744680851072
2992,2023-12-12,75.8,76.22,76.99,75.8,76.36,9978.0,76199500.0,76.29,79.54,79.55650000000006,74.3,69.18,50.92,2.04,3.33,-1.29,宝明科技,计算机、通信和其他电子设备制造业,主板,76.12249999999993,78.10500000000005,80.25333333333334,80.57750000000001,70.63617021276603
2992,2023-12-13,76.0,75.6,76.96,75.6,76.22,10594.3,80640200.0,76.02,78.52,79.90150000000004,74.77,69.34,49.47,1.7,3.01,-1.31,宝明科技,计算机、通信和其他电子设备制造业,主板,76.14249999999993,76.94000000000005,79.54166666666667,80.199375,70.90404255319156
2992,2023-12-14,75.6,73.93,76.2,73.7,75.6,17616.9,131397000.0,75.7,77.44,80.04050000000004,75.2,69.51,45.7,1.27,2.66,-1.39,宝明科技,计算机、通信和其他电子设备制造业,主板,75.52749999999993,76.21875000000006,78.74416666666667,79.81375000000001,71.0878723404256
2992,2023-12-15,73.93,75.06,76.59,73.03,73.93,23105.7,173552000.0,75.43,76.45,79.88000000000004,75.62,69.69,48.56,1.02,2.33,-1.31,宝明科技,计算机、通信和其他电子设备制造业,主板,75.20249999999993,75.75375000000005,77.84750000000001,79.308125,71.3314893617022
2992,2023-12-18,75.0,73.84,75.61,73.4,75.06,11730.2,87185000.0,74.93,75.86,79.38350000000004,75.93,69.79,45.75,0.7,2.01,-1.31,宝明科技,计算机、通信和其他电子设备制造业,主板,74.60749999999993,75.36500000000005,76.93916666666668,78.841875,71.43063829787242
2992,2023-12-19,73.89,73.7,74.43,73.0,73.84,8684.0,63804500.0,74.43,75.36,78.98600000000003,76.25,69.9,45.43,0.44,1.69,-1.25,宝明科技,计算机、通信和其他电子设备制造业,主板,74.13249999999994,75.13750000000006,76.00416666666668,78.189375,71.57723404255326
2992,2023-12-20,73.72,71.95,74.13,71.95,73.7,14109.3,102614000.0,73.7,74.86,78.57850000000005,76.54,70.01,41.48,0.09,1.37,-1.28,宝明科技,计算机、通信和其他电子设备制造业,主板,73.63749999999993,74.58250000000007,75.35833333333335,77.4675,71.72212765957454
2992,2023-12-21,71.95,74.8,76.5,70.49,71.95,30346.5,223195000.0,73.87,74.78,78.16100000000003,76.87,70.19,49.23,0.05,1.11,-1.06,宝明科技,计算机、通信和其他电子设备制造业,主板,73.57249999999993,74.38750000000006,75.02666666666669,76.77875,71.92000000000007
2992,2023-12-22,74.85,72.81,75.5,72.75,74.8,21275.7,156664000.0,73.42,74.43,77.73650000000004,77.18,70.37,44.77,-0.16,0.85,-1.01,宝明科技,计算机、通信和其他电子设备制造业,主板,73.31499999999994,73.96125000000006,74.68166666666667,76.033125,72.08297872340432
2992,2023-12-25,73.41,72.15,74.37,72.01,72.81,10403.5,75824900.0,73.08,74.01,77.13700000000003,77.43,70.51,43.37,-0.35,0.61,-0.96,宝明科技,计算机、通信和其他电子设备制造业,主板,72.92749999999994,73.53000000000006,74.40083333333334,75.235,72.25042553191496
2992,2023-12-26,71.9,71.08,72.15,70.4,72.15,9294.0,65940900.0,72.56,73.49,76.51600000000003,77.54,70.65,41.12,-0.6,0.37,-0.97,宝明科技,计算机、通信和其他电子设备制造业,主板,72.70999999999994,73.17375000000007,73.95833333333334,74.69624999999999,72.39021276595751
2992,2023-12-27,71.27,74.5,74.99,70.0,71.08,19804.1,144380000.0,73.07,73.38,75.95000000000003,77.73,70.88,50.04,-0.51,0.19,-0.7,宝明科技,计算机、通信和其他电子设备制造业,主板,72.63499999999993,73.10375000000008,73.80333333333334,74.42875,72.66085106382984
2992,2023-12-28,74.5,75.11,76.85,73.88,74.5,22716.3,171752000.0,73.13,73.5,75.46850000000003,77.86,71.11,51.45,-0.39,0.08,-0.47,宝明科技,计算机、通信和其他电子设备制造业,主板,73.20999999999994,73.26250000000007,73.71083333333334,74.31374999999998,72.93446808510645
2992,2023-12-29,75.0,78.0,78.2,74.5,75.11,20921.2,161505000.0,74.17,73.79,75.12250000000003,77.85,71.37,57.57,-0.05,0.05,-0.1,宝明科技,计算机、通信和其他电子设备制造业,主板,74.67249999999993,73.80000000000007,73.91083333333334,74.46874999999999,73.26148936170219
2992,2024-01-02,77.5,72.45,77.8,72.24,78.0,22644.7,168523000.0,74.23,73.66,74.76000000000002,77.47,71.53,45.66,-0.24,-0.01,-0.23,宝明科技,计算机、通信和其他电子设备制造业,主板,75.01499999999993,73.86250000000007,73.78750000000001,74.22249999999998,73.4670212765958
2992,2024-01-03,72.02,72.35,73.74,71.6,72.45,18154.3,131952000.0,74.48,73.52,74.43850000000002,77.16,71.65,45.48,-0.38,-0.08,-0.3,宝明科技,计算机、通信和其他电子设备制造业,主板,74.47749999999994,73.55625000000008,73.56166666666667,73.97187499999998,73.66765957446813
2992,2024-01-04,72.36,70.54,72.85,70.18,72.35,11295.5,80162100.0,73.69,73.38,74.11800000000002,76.85,71.76,42.19,-0.64,-0.19,-0.45,宝明科技,计算机、通信和其他电子设备制造业,主板,73.33499999999994,73.27250000000006,73.28666666666666,73.61687499999998,73.80893617021282
2992,2024-01-05,70.6,69.3,71.82,68.68,70.54,13365.9,93359100.0,72.53,72.83,73.80700000000002,76.38,71.77,40.06,-0.92,-0.34,-0.58,宝明科技,计算机、通信和其他电子设备制造业,主板,71.15999999999994,72.91625000000006,72.91999999999999,73.22312499999998,73.96361702127665
2992,2024-01-08,69.3,67.78,69.33,67.78,69.3,16359.0,111757000.0,70.48,72.33,73.37650000000001,75.93,71.78,37.55,-1.27,-0.52,-0.75,宝明科技,计算机、通信和其他电子设备制造业,主板,69.99249999999994,72.50375000000005,72.57249999999998,72.83874999999998,74.09680851063835
2992,2024-01-09,68.16,64.2,68.57,63.7,67.78,38471.6,250921000.0,68.83,71.53,72.76850000000002,75.27,71.77,32.4,-1.81,-0.78,-1.03,宝明科技,计算机、通信和其他电子设备制造业,主板,67.95499999999993,71.21625000000006,71.68916666666665,72.15999999999998,74.16000000000005
2992,2024-01-10,64.14,64.0,66.4,62.44,64.2,22900.0,147571000.0,67.16,70.82,72.15750000000001,74.62,71.74,32.14,-2.22,-1.07,-1.15,宝明科技,计算机、通信和其他电子设备制造业,主板,66.31999999999992,69.82750000000006,70.95499999999998,71.54499999999999,74.19361702127664
2992,2024-01-11,64.04,64.5,65.65,63.66,64.0,13222.0,85326200.0,65.96,69.82,71.60250000000002,73.91,71.73,33.6,-2.48,-1.35,-1.13,宝明科技,计算机、通信和其他电子设备制造业,主板,65.11999999999992,68.14000000000006,70.31749999999998,70.96999999999998,74.19659574468089
2992,2024-01-12,64.5,64.04,65.84,63.85,64.5,12498.0,81124500.0,64.9,68.72,71.10800000000002,73.22,71.73,32.9,-2.69,-1.62,-1.07,宝明科技,计算机、通信和其他电子设备制造业,主板,64.18499999999992,67.08875000000005,69.73083333333331,70.47562499999998,74.19404255319154
2992,2024-01-15,64.05,63.33,64.99,63.02,64.04,12542.0,79926800.0,64.01,67.25,70.52150000000002,72.5,71.71,31.79,-2.89,-1.87,-1.02,宝明科技,计算机、通信和其他电子设备制造业,主板,63.967499999999916,65.96125000000005,68.79999999999998,69.75874999999998,74.19382978723408
2992,2024-01-16,63.49,63.0,63.98,61.87,63.33,13113.0,82451600.0,63.77,66.3,69.97950000000002,71.94,71.73,31.27,-3.03,-2.1,-0.93,宝明科技,计算机、通信和其他电子设备制造业,主板,63.717499999999916,65.01875000000005,67.79083333333331,69.14562499999998,74.15404255319153
2992,2024-01-17,62.94,59.25,63.58,59.1,63.0,24886.7,150759000.0,62.82,64.99,69.25700000000002,71.29,71.68,26.0,-3.41,-2.37,-1.04,宝明科技,计算机、通信和其他电子设备制造业,主板,62.404999999999916,63.76250000000005,66.22833333333331,68.33937499999998,74.0665957446809
2992,2024-01-18,59.25,57.15,59.96,55.75,59.25,30884.3,176366000.0,61.35,63.66,68.51700000000002,70.63,71.59,23.61,-3.84,-2.66,-1.18,宝明科技,计算机、通信和其他电子设备制造业,主板,60.682499999999905,62.43375000000006,64.9533333333333,67.46874999999999,73.90595744680856
2992,2024-01-19,57.15,55.4,58.17,55.4,57.15,18765.1,105789000.0,59.63,62.26,67.54700000000003,69.96,71.46,21.81,-4.26,-2.98,-1.28,宝明科技,计算机、通信和其他电子设备制造业,主板,58.6999999999999,61.33375000000006,63.5408333333333,66.27499999999999,73.63723404255323
2992,2024-01-22,55.09,51.3,55.78,50.06,55.4,36478.9,191961000.0,57.22,60.62,66.47150000000002,69.12,71.27,18.28,-4.88,-3.36,-1.52,宝明科技,计算机、通信和其他电子设备制造业,主板,55.774999999999906,59.74625000000006,61.93749999999997,64.786875,73.2670212765958
2992,2024-01-23,51.3,52.39,52.71,50.52,51.3,21929.5,113713000.0,55.1,59.44,65.48350000000002,68.32,71.08,21.9,-5.22,-3.73,-1.49,宝明科技,计算机、通信和其他电子设备制造业,主板,54.0599999999999,58.23250000000006,60.52833333333331,63.18625,72.86787234042558
2992,2024-01-24,52.55,52.32,53.17,50.41,52.39,21892.0,113448000.0,53.71,58.27,64.54550000000003,67.53,70.92,21.83,-5.43,-4.07,-1.36,宝明科技,计算机、通信和其他电子设备制造业,主板,52.8524999999999,56.76750000000006,59.23999999999998,61.928124999999994,72.31574468085111
2992,2024-01-25,52.55,52.91,53.36,51.9,52.32,20387.6,107465000.0,52.86,57.11,63.46600000000003,66.77,70.77,23.93,-5.48,-4.35,-1.13,宝明科技,计算机、通信和其他电子设备制造业,主板,52.2299999999999,55.46500000000007,58.29916666666664,60.713125,71.65914893617027
2992,2024-01-26,52.99,51.2,53.19,51.01,52.91,16375.1,84877500.0,52.02,55.82,62.27050000000004,66.01,70.61,22.08,-5.61,-4.6,-1.01,宝明科技,计算机、通信和其他电子设备制造业,主板,52.2049999999999,53.990000000000066,57.23249999999998,59.504375,71.01127659574472
2992,2024-01-29,51.8,49.4,52.09,49.4,51.2,20869.8,104957000.0,51.64,54.43,60.84050000000004,65.16,70.39,20.29,-5.78,-4.84,-0.94,宝明科技,计算机、通信和其他电子设备制造业,主板,51.4574999999999,52.75875000000006,55.97416666666664,58.260625000000005,70.35808510638303
2992,2024-01-30,48.8,47.15,49.76,47.0,49.4,24356.8,117412000.0,50.6,52.85,59.57550000000005,64.27,70.1,18.3,-6.02,-5.08,-0.94,宝明科技,计算机、通信和其他电子设备制造业,主板,50.1649999999999,51.50875000000006,54.56666666666664,56.971250000000005,69.59212765957452
2992,2024-01-31,47.48,45.1,47.9,44.51,47.15,30705.8,140523000.0,49.15,51.43,58.213000000000044,63.32,69.78,16.7,-6.31,-5.32,-0.99,宝明科技,计算机、通信和其他电子设备制造业,主板,48.2124999999999,50.22125000000007,53.04749999999998,55.7775,68.82191489361706
2992,2024-02-01,45.1,44.21,46.4,43.3,45.1,26941.5,120820000.0,47.41,50.14,56.896500000000046,62.39,69.46,16.04,-6.54,-5.57,-0.97,宝明科技,计算机、通信和其他电子设备制造业,主板,46.464999999999904,49.335000000000065,51.48166666666665,54.540625000000006,67.97234042553195
2992,2024-02-02,44.49,41.4,44.9,39.79,44.21,35712.3,150108000.0,45.45,48.74,55.50150000000006,61.28,69.07,14.14,-6.87,-5.83,-1.04,宝明科技,计算机、通信和其他电子设备制造业,主板,44.464999999999904,47.961250000000064,49.99416666666664,53.096875000000004,67.0765957446809
2992,2024-02-05,41.0,37.26,41.4,37.26,41.4,42281.2,161598000.0,43.02,47.33,53.97550000000005,60.09,68.64,11.91,-7.38,-6.14,-1.24,宝明科技,计算机、通信和其他电子设备制造业,主板,41.9924999999999,46.07875000000006,48.336666666666645,51.423125000000006,66.0434042553192
2992,2024-02-06,36.49,38.75,40.6,34.0,37.26,57344.1,211430000.0,41.34,45.97,52.70300000000005,58.98,68.21,16.99,-7.57,-6.42,-1.15,宝明科技,计算机、通信和其他电子设备制造业,主板,40.4049999999999,44.30875000000006,46.94916666666665,49.886875,65.06489361702133
2992,2024-02-07,39.0,38.3,42.55,37.28,38.75,55404.3,221445000.0,39.98,44.57,51.41800000000005,57.89,67.71,16.68,-7.67,-6.67,-1.0,宝明科技,计算机、通信和其他电子设备制造业,主板,38.9274999999999,42.69625000000006,45.86583333333331,48.343125,64.0729787234043
2992,2024-02-08,38.3,41.55,41.56,37.15,38.3,56602.7,221826000.0,39.45,43.43,50.27050000000005,56.79,67.26,27.12,-7.41,-6.82,-0.59,宝明科技,计算机、通信和其他电子设备制造业,主板,38.9649999999999,41.71500000000007,44.96249999999998,47.236875,63.26127659574475
2992,2024-02-19,42.13,44.59,45.0,42.13,41.55,44782.2,196153000.0,40.09,42.77,49.298000000000044,55.77,66.82,35.28,-6.87,-6.83,-0.04,宝明科技,计算机、通信和其他电子设备制造业,主板,40.7974999999999,41.39500000000007,44.31833333333331,46.451875,62.533829787234104
2992,2024-02-20,44.73,45.99,46.3,43.5,44.59,28545.9,128391000.0,41.84,42.43,48.43100000000005,54.7,66.28,38.69,-6.26,-6.72,0.46,宝明科技,计算机、通信和其他电子设备制造业,主板,42.6074999999999,41.506250000000065,43.741666666666646,45.86375,61.875106382978785
2992,2024-02-21,45.8,46.11,48.3,44.66,45.99,30639.0,143084000.0,43.31,42.33,47.58650000000004,53.83,65.65,38.99,-5.71,-6.52,0.81,宝明科技,计算机、通信和其他电子设备制造业,主板,44.5599999999999,41.74375000000007,43.317499999999974,45.53937500000001,61.24936170212772
2992,2024-02-22,46.38,47.39,47.98,46.0,46.11,17200.4,81044700.0,45.13,42.56,46.99350000000005,52.99,65.08,42.2,-5.09,-6.23,1.14,宝明科技,计算机、通信和其他电子设备制造业,主板,46.0199999999999,42.49250000000007,43.14999999999998,45.22687500000001,60.63234042553198
2992,2024-02-23,48.3,49.36,49.4,46.88,47.39,24022.9,115975000.0,46.69,43.07,46.60400000000005,52.29,64.57,46.84,-4.41,-5.87,1.46,宝明科技,计算机、通信和其他电子设备制造业,主板,47.2124999999999,44.005000000000074,43.33416666666665,45.041875000000005,60.0578723404256
2992,2024-02-26,49.4,48.98,50.5,48.12,49.36,29619.7,145456000.0,47.57,43.83,46.28300000000005,51.61,64.0,46.07,-3.85,-5.46,1.61,宝明科技,计算机、通信和其他电子设备制造业,主板,47.959999999999894,45.283750000000076,43.65749999999998,44.79625000000001,59.47829787234049
2992,2024-02-27,48.9,51.28,51.3,48.0,48.98,23447.3,117218000.0,48.62,45.23,46.28200000000005,51.06,63.5,51.28,-3.18,-5.01,1.83,宝明科技,计算机、通信和其他电子设备制造业,主板,49.2524999999999,46.90625000000008,44.24666666666664,44.80125,58.960851063829864
2992,2024-02-28,52.97,47.79,53.56,47.58,51.28,37983.3,194031000.0,48.96,46.13,46.05200000000005,50.51,62.89,44.29,-2.9,-4.59,1.69,宝明科技,计算机、通信和其他电子设备制造业,主板,49.35249999999989,47.68625000000008,44.77916666666664,44.700625,58.40468085106391
2992,2024-02-29,46.1,49.77,49.77,46.1,47.79,24880.2,120889000.0,49.44,47.28,45.924500000000045,50.04,62.33,48.57,-2.49,-4.17,1.68,宝明科技,计算机、通信和其他电子设备制造业,主板,49.4549999999999,48.33375000000008,45.82166666666664,44.864375,57.86659574468093
2992,2024-03-01,49.77,49.97,50.86,49.51,49.77,21269.3,106402000.0,49.56,48.12,45.777500000000046,49.55,61.73,49.0,-2.13,-3.76,1.63,宝明科技,计算机、通信和其他电子设备制造业,主板,49.7024999999999,48.83125000000008,46.75666666666664,45.16875,57.35872340425539
2992,2024-03-04,50.17,49.32,50.28,48.6,49.97,24314.1,120025000.0,49.63,48.6,45.68350000000005,49.06,61.14,47.62,-1.86,-3.38,1.52,宝明科技,计算机、通信和其他电子设备制造业,主板,49.2124999999999,49.23250000000008,47.67499999999998,45.488125000000004,56.840000000000074
2992,2024-03-05,49.28,47.78,49.28,47.4,49.32,20607.8,99249700.0,48.93,48.78,45.60250000000005,48.55,60.52,44.42,-1.77,-3.06,1.29,宝明科技,计算机、通信和其他电子设备制造业,主板,49.2099999999999,49.281250000000085,48.19416666666665,45.886875,56.32574468085115
2992,2024-03-06,47.5,48.62,49.0,46.5,47.78,18805.0,89965800.0,49.09,49.03,45.67600000000005,48.07,60.0,46.53,-1.6,-2.77,1.17,宝明科技,计算机、通信和其他电子设备制造业,主板,48.9224999999999,49.188750000000084,48.52999999999998,46.596875000000004,55.7687234042554
2992,2024-03-07,49.2,47.71,49.58,47.49,48.62,12763.4,61720200.0,48.68,49.06,45.80650000000005,47.68,59.49,44.56,-1.53,-2.52,0.99,宝明科技,计算机、通信和其他电子设备制造业,主板,48.3574999999999,49.03000000000008,48.67333333333332,47.15687500000001,55.234680851063914
2992,2024-03-08,47.71,47.66,48.43,47.15,47.71,12828.0,61128000.0,48.22,48.89,45.97900000000005,47.37,59.0,44.44,-1.46,-2.31,0.85,宝明科技,计算机、通信和其他电子设备制造业,主板,47.9424999999999,48.577500000000086,48.80249999999998,47.74187500000001,54.713617021276676
2992,2024-03-11,47.81,51.17,51.49,47.5,47.66,51116.5,255881000.0,48.59,49.11,46.467500000000044,47.22,58.59,53.28,-1.1,-2.07,0.97,宝明科技,计算机、通信和其他电子设备制造业,主板,48.7899999999999,49.000000000000085,49.11749999999998,48.34312500000001,54.29000000000008
2992,2024-03-12,50.68,53.09,54.72,50.68,51.17,48142.5,252861000.0,49.65,49.29,47.25900000000005,47.28,58.2,57.28,-0.65,-1.78,1.13,宝明科技,计算机、通信和其他电子设备制造业,主板,49.9074999999999,49.41500000000009,49.42833333333331,48.87437500000001,53.834468085106465
2992,2024-03-13,52.61,52.43,54.0,51.9,53.09,30168.0,159502000.0,50.41,49.75,47.94300000000005,47.29,57.8,55.52,-0.36,-1.5,1.14,宝明科技,计算机、通信和其他电子设备制造业,主板,51.0874999999999,49.722500000000096,49.71583333333331,49.276875000000004,53.3519148936171
2992,2024-03-14,52.99,50.44,53.03,49.83,52.43,27194.2,138520000.0,50.96,49.82,48.55000000000005,47.22,57.38,50.48,-0.27,-1.25,0.98,宝明科技,计算机、通信和其他电子设备制造业,主板,51.7824999999999,49.8625000000001,49.645833333333314,49.54750000000001,52.76553191489369
2992,2024-03-15,50.0,52.25,52.33,49.7,50.44,25053.0,128178000.0,51.88,50.05,49.08500000000005,47.2,56.99,54.52,-0.06,-1.01,0.95,宝明科技,计算机、通信和其他电子设备制造业,主板,52.052499999999895,50.4212500000001,50.017499999999984,49.85125000000001,52.33574468085114
2992,2024-03-18,52.19,51.64,53.0,50.87,52.25,27713.9,142726000.0,51.97,50.28,49.43750000000005,47.22,56.61,52.96,0.06,-0.8,0.86,宝明科技,计算机、通信和其他电子设备制造业,主板,51.68999999999989,50.7987500000001,50.17333333333332,49.993750000000006,51.8951063829788
2992,2024-03-19,51.64,51.05,51.94,51.05,51.64,16632.0,85456000.0,51.56,50.61,49.69050000000006,47.27,56.21,51.41,0.1,-0.62,0.72,宝明科技,计算机、通信和其他电子设备制造业,主板,51.344999999999885,51.2162500000001,50.263333333333314,50.123125,51.48042553191498
2992,2024-03-20,51.03,52.68,54.3,50.68,51.05,34284.2,181709000.0,51.61,51.01,50.019000000000055,47.45,55.86,55.29,0.26,-0.44,0.7,宝明科技,计算机、通信和其他电子设备制造业,主板,51.90499999999989,51.8437500000001,50.5433333333333,50.210625,51.12680851063838
2992,2024-03-21,52.67,51.62,53.09,51.6,52.68,21987.7,114350000.0,51.85,51.4,50.230500000000056,47.67,55.49,52.36,0.31,-0.29,0.6,宝明科技,计算机、通信和其他电子设备制造业,主板,51.74749999999989,51.9000000000001,50.86333333333331,50.45,50.78297872340433
2992,2024-03-22,51.63,51.91,53.28,50.77,51.62,23557.6,122793000.0,51.78,51.83,50.358000000000054,47.93,55.16,53.09,0.36,-0.16,0.52,宝明科技,计算机、通信和其他电子设备制造业,主板,51.814999999999884,51.7525000000001,51.13749999999997,50.58375,50.5214893617022
2992,2024-03-25,51.95,48.46,51.95,48.39,51.91,28510.3,142713000.0,51.14,51.56,50.33200000000005,48.16,54.72,44.38,0.12,-0.11,0.23,宝明科技,计算机、通信和其他电子设备制造业,主板,51.16749999999989,51.256250000000094,51.19999999999997,50.489375,50.19085106382986
2992,2024-03-26,48.0,47.35,48.81,46.5,48.46,29733.5,141711000.0,50.4,50.98,50.13550000000005,48.5,54.3,41.99,-0.15,-0.11,-0.04,宝明科技,计算机、通信和其他电子设备制造业,主板,49.83499999999989,50.8700000000001,51.17416666666664,50.36625,49.82595744680858
2992,2024-03-27,47.84,44.4,48.5,44.37,47.35,24580.2,113285000.0,48.75,50.18,49.96600000000005,48.69,53.83,36.38,-0.61,-0.21,-0.4,宝明科技,计算机、通信和其他电子设备制造业,主板,48.02999999999989,49.888750000000094,50.60999999999998,50.155,49.408085106383055
2992,2024-03-28,44.33,45.46,46.19,43.95,44.4,24140.8,109197000.0,47.52,49.68,49.75050000000006,48.93,53.41,39.51,-0.87,-0.34,-0.53,宝明科技,计算机、通信和其他电子设备制造业,主板,46.41749999999989,49.11625000000009,49.97416666666664,49.9575,49.02787234042561
2992,2024-03-29,45.5,45.65,46.5,45.08,45.46,12007.7,54838900.0,46.26,49.02,49.53450000000006,49.06,52.93,40.08,-1.05,-0.49,-0.56,宝明科技,计算机、通信和其他电子设备制造业,主板,45.71499999999989,48.44125000000009,49.40916666666664,49.82875,48.6587234042554
2992,2024-04-01,46.09,45.99,46.95,45.69,45.65,20241.2,93580000.0,45.77,48.46,49.36800000000006,49.11,52.44,41.14,-1.15,-0.62,-0.53,宝明科技,计算机、通信和其他电子设备制造业,主板,45.37499999999989,47.60500000000009,49.03833333333332,49.724375,48.37659574468093
2992,2024-04-02,45.73,43.88,45.99,43.45,45.99,31492.9,138750000.0,45.08,47.74,49.17300000000006,49.04,51.87,36.77,-1.38,-0.77,-0.61,宝明科技,计算机、通信和其他电子设备制造业,主板,45.24499999999989,46.63750000000009,48.340833333333315,49.268750000000004,48.09425531914901
2992,2024-04-03,43.66,44.08,44.62,42.32,43.88,20864.5,90772000.0,45.01,46.88,48.946000000000055,48.97,51.4,37.45,-1.53,-0.92,-0.61,宝明科技,计算机、通信和其他电子设备制造业,主板,44.899999999999885,45.65875000000008,47.71083333333332,48.705625000000005,47.85340425531922
2992,2024-04-08,43.9,43.97,45.8,43.71,44.08,23985.5,107376000.0,44.71,46.11,48.75900000000006,48.86,50.93,37.21,-1.65,-1.07,-0.58,宝明科技,计算机、通信和其他电子设备制造业,主板,44.47999999999988,45.09750000000009,47.12083333333333,48.17687500000001,47.6974468085107
2992,2024-04-09,43.66,46.5,46.5,43.66,43.97,28020.9,127142000.0,44.88,45.57,48.70100000000006,48.76,50.53,45.7,-1.51,-1.16,-0.35,宝明科技,计算机、通信和其他电子设备制造业,主板,44.60749999999988,44.991250000000086,46.60583333333333,47.930625000000006,47.572127659574534
2992,2024-04-10,46.57,44.32,47.09,44.1,46.5,27842.3,126186000.0,44.55,45.16,48.35850000000006,48.61,50.11,40.61,-1.57,-1.24,-0.33,宝明科技,计算机、通信和其他电子设备制造业,主板,44.71749999999988,44.98125000000009,45.9975,47.43500000000001,47.40191489361709
2992,2024-04-11,44.51,43.72,44.97,43.34,44.32,18483.0,81245500.0,44.52,44.8,47.89000000000006,48.36,49.71,39.31,-1.64,-1.32,-0.32,宝明科技,计算机、通信和其他电子设备制造业,主板,44.627499999999884,44.763750000000094,45.315000000000005,46.94000000000001,47.20638297872347
2992,2024-04-12,43.72,43.18,45.01,42.86,43.72,22148.3,96596900.0,44.34,44.68,47.42750000000006,48.2,49.36,38.13,-1.72,-1.4,-0.32,宝明科技,计算机、通信和其他电子设备制造业,主板,44.429999999999886,44.4550000000001,44.875,46.44812500000001,47.03574468085113
2992,2024-04-15,42.98,40.69,43.0,39.9,43.18,32437.0,133354000.0,43.68,44.2,46.940000000000055,47.9,48.97,33.17,-1.96,-1.51,-0.45,宝明科技,计算机、通信和其他电子设备制造业,主板,42.977499999999885,43.792500000000096,44.32,45.69875000000001,46.85042553191496
2992,2024-04-16,41.03,37.89,41.76,37.65,40.69,31803.0,124433000.0,41.96,43.42,46.22200000000005,47.5,48.53,28.66,-2.35,-1.68,-0.67,宝明科技,计算机、通信和其他电子设备制造业,主板,41.36999999999989,43.043750000000095,43.7775,44.84062500000001,46.65340425531921
2992,2024-04-17,38.9,41.32,41.61,38.9,37.89,26038.0,105895000.0,41.36,42.96,45.70600000000006,47.23,48.15,39.51,-2.36,-1.82,-0.54,宝明科技,计算机、通信和其他电子设备制造业,主板,40.76999999999989,42.698750000000096,43.432500000000005,44.178750000000015,46.57297872340432
2992,2024-04-18,41.6,40.69,41.66,40.01,41.32,15990.6,65338300.0,40.75,42.64,45.18800000000006,46.99,47.77,38.36,-2.38,-1.93,-0.45,宝明科技,计算机、通信和其他电子设备制造业,主板,40.14749999999989,42.28875000000009,43.01916666666668,43.69312500000001,46.498085106383044
2992,2024-04-19,40.9,44.76,44.76,40.07,40.69,33997.5,146732000.0,41.07,42.7,44.79200000000006,46.87,47.47,48.77,-2.05,-1.95,-0.1,宝明科技,计算机、通信和其他电子设备制造业,主板,41.164999999999885,42.07125000000009,42.91666666666668,43.53125000000001,46.56957446808517
2992,2024-04-22,46.3,45.02,49.24,44.91,44.76,69690.8,330200000.0,41.94,42.81,44.46200000000006,46.78,47.23,49.36,-1.75,-1.91,0.16,宝明科技,计算机、通信和其他电子设备制造业,主板,42.94749999999989,42.15875000000009,43.01166666666668,43.57000000000001,46.73468085106389
2992,2024-04-23,44.58,46.0,47.19,43.36,45.02,53676.3,243968000.0,43.56,42.76,44.166500000000056,46.72,47.04,51.61,-1.41,-1.81,0.4,宝明科技,计算机、通信和其他电子设备制造业,主板,44.11749999999989,42.443750000000094,43.171666666666674,43.603750000000005,46.88893617021283
2992,2024-04-24,46.19,45.0,46.74,45.0,46.0,32760.2,149467000.0,44.29,42.83,43.993500000000054,46.51,46.87,49.2,-1.21,-1.69,0.48,宝明科技,计算机、通信和其他电子设备制造业,主板,45.194999999999894,42.67125000000009,43.2575,43.56312500000001,47.031489361702185
2992,2024-04-25,44.42,45.23,47.04,44.14,45.0,29930.2,136794000.0,45.2,42.98,43.88750000000006,46.25,46.77,49.78,-1.02,-1.56,0.54,宝明科技,计算机、通信和其他电子设备制造业,主板,45.31249999999989,43.238750000000095,43.15166666666667,43.51562500000001,47.10978723404261
2992,2024-04-26,45.0,45.59,45.9,44.8,45.23,20836.2,94670400.0,45.37,43.22,43.94700000000006,46.02,46.65,50.73,-0.84,-1.41,0.57,宝明科技,计算机、通信和其他电子设备制造业,主板,45.45499999999989,44.2012500000001,43.2575,43.62250000000001,47.13106382978729
2992,2024-04-29,42.77,45.8,46.6,42.77,45.59,33158.3,150260000.0,45.52,43.73,43.964000000000055,45.87,46.55,51.31,-0.66,-1.26,0.6,宝明科技,计算机、通信和其他电子设备制造业,主板,45.40499999999989,44.7612500000001,43.43083333333333,43.730000000000004,47.127021276595805
2992,2024-04-30,46.0,46.14,47.2,45.62,45.8,20623.0,95630500.0,45.55,44.55,43.98850000000006,45.67,46.43,52.29,-0.5,-1.11,0.61,宝明科技,计算机、通信和其他电子设备制造业,主板,45.689999999999884,45.4425000000001,43.6775,43.865625,47.12765957446814
2992,2024-05-06,47.04,47.32,47.66,46.51,46.14,21462.6,101032000.0,46.02,45.16,44.05500000000006,45.52,46.37,55.61,-0.26,-0.94,0.68,宝明科技,计算机、通信和其他电子设备制造业,主板,46.212499999999885,45.7625000000001,44.23,43.916875000000005,47.12617021276602
2992,2024-05-07,47.72,52.05,52.05,47.13,47.32,46171.6,231721000.0,47.38,46.29,44.46350000000005,45.56,46.41,65.88,0.3,-0.69,0.99,宝明科技,计算机、通信和其他电子设备制造业,主板,47.82749999999988,46.641250000000106,45.41,44.4,47.18340425531922
2992,2024-05-08,53.0,53.26,54.5,52.2,52.05,55288.0,293652000.0,48.91,47.14,44.922500000000056,45.58,46.51,67.92,0.83,-0.39,1.22,宝明科技,计算机、通信和其他电子设备制造业,主板,49.69249999999988,47.548750000000105,46.404999999999994,44.996249999999996,47.274468085106456
2992,2024-05-09,53.98,56.41,57.0,53.98,53.26,55965.3,311162000.0,51.04,48.28,45.54450000000005,45.73,46.7,72.53,1.5,-0.01,1.51,宝明科技,计算机、通信和其他电子设备制造业,主板,52.25999999999988,48.97500000000011,47.714999999999996,45.823125,47.383617021276656
2992,2024-05-10,56.13,57.9,59.58,54.4,56.41,49705.1,280040000.0,53.39,49.47,46.11450000000005,45.93,46.93,74.41,2.12,0.42,1.7,宝明科技,计算机、通信和其他电子设备制造业,主板,54.90499999999987,50.5587500000001,48.809999999999995,46.89874999999999,47.59872340425538
2992,2024-05-13,58.5,57.55,61.0,56.74,57.9,56379.4,331264000.0,55.43,50.72,46.776000000000046,46.24,47.2,73.14,2.55,0.84,1.71,宝明科技,计算机、通信和其他电子设备制造业,主板,56.27999999999987,52.05375000000011,49.85416666666666,48.12749999999999,47.76425531914901
2992,2024-05-14,57.49,56.5,58.12,55.62,57.55,33325.6,188896000.0,56.32,51.85,47.41500000000004,46.54,47.52,69.34,2.77,1.23,1.54,宝明科技,计算机、通信和其他电子设备制造业,主板,57.089999999999876,53.391250000000106,50.72916666666666,49.07624999999999,47.903191489361774
2992,2024-05-15,56.62,57.2,57.92,55.8,56.5,20111.6,115069000.0,57.11,53.01,48.11600000000005,46.97,47.83,70.45,2.98,1.58,1.4,宝明科技,计算机、通信和其他电子设备制造业,主板,57.28749999999987,54.773750000000106,51.74583333333333,50.10812499999999,48.070851063829856
2992,2024-05-16,57.2,56.61,58.5,56.0,57.2,19177.5,109575000.0,57.15,54.09,48.91200000000005,47.34,48.13,68.22,3.05,1.87,1.18,宝明科技,计算机、通信和其他电子设备制造业,主板,56.96499999999987,55.93500000000011,52.69416666666666,50.84874999999999,48.258723404255385
2992,2024-05-17,56.58,60.35,60.6,56.5,56.61,33356.1,196370000.0,57.64,55.52,50.03500000000004,47.83,48.45,73.86,3.37,2.17,1.2,宝明科技,计算机、通信和其他电子设备制造业,主板,57.664999999999864,56.97250000000011,53.92416666666666,51.80687499999999,48.50829787234049
2992,2024-05-20,60.99,62.74,63.17,60.21,60.35,35423.3,218140000.0,58.68,57.06,51.10600000000004,48.39,48.75,76.71,3.78,2.49,1.29,宝明科技,计算机、通信和其他电子设备制造业,主板,59.224999999999866,58.15750000000011,55.33583333333333,52.85312499999999,48.828085106383035
2992,2024-05-21,62.3,64.11,66.78,62.3,62.74,37059.7,239534000.0,60.2,58.26,52.27700000000003,49.06,49.05,78.17,4.17,2.83,1.34,宝明科技,计算机、通信和其他电子设备制造业,主板,60.95249999999987,59.12000000000012,56.833333333333336,54.04749999999999,49.178085106383044
2992,2024-05-22,63.47,67.15,67.26,62.5,64.11,35713.7,232162000.0,62.19,59.65,53.39650000000004,49.83,49.4,81.03,4.66,3.2,1.46,宝明科技,计算机、通信和其他电子设备制造业,主板,63.587499999999864,60.27625000000012,58.485833333333325,55.41749999999999,49.51808510638305
2992,2024-05-23,65.9,62.52,66.71,62.03,67.15,38737.0,249569000.0,63.37,60.26,54.27150000000004,50.45,49.65,66.71,4.63,3.48,1.15,宝明科技,计算机、通信和其他电子设备制造业,主板,64.12999999999985,60.897500000000115,59.35833333333333,56.47562499999999,49.71872340425538
2992,2024-05-24,63.01,64.9,65.01,59.09,62.52,51024.0,313003000.0,64.28,60.96,55.21650000000004,51.06,49.91,69.68,4.74,3.73,1.01,宝明科技,计算机、通信和其他电子设备制造业,主板,64.66999999999985,61.94750000000012,60.328333333333326,57.66937499999999,49.98404255319156
2992,2024-05-27,64.32,61.87,64.7,61.61,64.9,28993.0,182522000.0,64.11,61.4,56.06000000000004,51.65,50.13,62.1,4.53,3.89,0.64,宝明科技,计算机、通信和其他电子设备制造业,主板,64.10999999999984,62.53125000000012,60.78333333333333,58.65249999999999,50.227234042553256
2992,2024-05-28,61.87,61.5,63.49,60.76,61.87,20873.0,129521000.0,63.59,61.9,56.873500000000035,52.24,50.3,61.22,4.29,3.97,0.32,宝明科技,计算机、通信和其他电子设备制造业,主板,62.69749999999984,63.14250000000011,61.083333333333336,59.538749999999986,50.424042553191555
2992,2024-05-29,61.57,60.15,62.88,59.31,61.5,33708.2,203680000.0,62.19,62.19,57.601500000000044,52.81,50.5,58.0,3.94,3.97,-0.03,宝明科技,计算机、通信和其他电子设备制造业,主板,62.10499999999984,63.117500000000106,61.300000000000004,60.04499999999999,50.60510638297879
2992,2024-05-30,59.2,59.09,60.2,58.7,60.15,17394.0,103289000.0,61.5,62.44,58.26600000000004,53.42,50.66,55.54,3.53,3.88,-0.35,宝明科技,计算机、通信和其他电子设备制造业,主板,60.65249999999984,62.66125000000011,61.51583333333334,60.40937499999999,50.776170212766026
2992,2024-05-31,58.99,59.04,59.62,58.6,59.09,14382.3,84954400.0,60.33,62.31,58.91100000000004,54.13,50.81,55.42,3.18,3.74,-0.56,宝明科技,计算机、通信和其他电子设备制造业,主板,59.94499999999984,62.0275000000001,61.66916666666666,60.57375,50.9114893617022
2992,2024-06-03,59.05,57.23,59.39,56.56,59.04,32038.0,184438000.0,59.4,61.76,59.40650000000004,54.66,50.94,51.12,2.72,3.54,-0.82,宝明科技,计算机、通信和其他电子设备制造业,主板,58.87749999999984,60.78750000000011,61.72083333333333,60.53187499999999,51.030851063829864
2992,2024-06-04,57.24,57.62,57.9,55.59,57.23,18360.0,104546000.0,58.63,61.11,59.68500000000004,55.22,51.11,51.98,2.35,3.3,-0.95,宝明科技,计算机、通信和其他电子设备制造业,主板,58.24499999999984,60.17500000000011,61.49333333333333,60.536249999999995,51.15234042553199
2992,2024-06-05,57.63,56.44,58.0,56.3,57.62,13207.0,75198000.0,57.88,60.04,59.84400000000004,55.61,51.24,49.15,1.94,3.03,-1.09,宝明科技,计算机、通信和其他电子设备制造业,主板,57.58249999999985,59.117500000000106,60.96833333333333,60.5325,51.32212765957454
2992,2024-06-06,56.99,53.86,57.28,53.66,56.44,22485.3,123990000.0,56.84,59.17,59.71650000000003,55.9,51.34,43.57,1.4,2.7,-1.3,宝明科技,计算机、通信和其他电子设备制造业,主板,56.287499999999845,58.11625000000011,60.114166666666655,60.32375,51.46063829787242
2992,2024-06-07,53.85,54.3,55.66,53.58,53.86,13834.0,75570600.0,55.89,58.11,59.536500000000025,56.18,51.45,44.72,0.99,2.36,-1.37,宝明科技,计算机、通信和其他电子设备制造业,主板,55.55499999999984,57.2162500000001,59.04333333333332,60.17937499999999,51.671276595744764
2992,2024-06-11,53.88,55.5,55.58,52.72,54.3,14020.3,76597700.0,55.54,57.47,59.434000000000026,56.53,51.52,47.85,0.76,2.04,-1.28,宝明科技,计算机、通信和其他电子设备制造业,主板,55.024999999999835,56.635000000000105,58.45833333333332,59.87624999999999,51.884893617021355
2992,2024-06-12,55.39,57.37,59.32,55.22,55.5,22982.5,132206000.0,55.49,57.06,59.47750000000002,56.94,51.59,52.38,0.72,1.78,-1.06,宝明科技,计算机、通信和其他电子设备制造业,主板,55.25749999999984,56.4200000000001,57.830833333333324,59.54062499999999,52.13425531914901
2992,2024-06-13,57.75,57.51,57.77,56.57,57.37,15124.0,86384200.0,55.71,56.8,59.493000000000016,57.33,51.68,52.71,0.69,1.56,-0.87,宝明科技,计算机、通信和其他电子设备制造业,主板,56.16999999999983,56.2287500000001,57.467499999999994,59.12812499999999,52.379361702127746
2992,2024-06-14,56.78,57.2,57.68,56.48,57.51,9017.3,51553900.0,56.38,56.61,59.52250000000002,57.71,51.79,51.85,0.63,1.37,-0.74,宝明科技,计算机、通信和其他电子设备制造业,主板,56.894999999999825,56.225000000000094,57.10916666666666,58.506249999999994,52.66276595744689
2992,2024-06-17,57.1,57.34,57.8,56.86,57.2,11477.8,65727000.0,56.98,56.44,59.37200000000003,58.09,51.88,52.23,0.59,1.22,-0.63,宝明科技,计算机、通信和其他电子设备制造业,主板,57.35499999999982,56.1900000000001,56.875,58.1825,52.94489361702136
2992,2024-06-18,57.0,55.7,57.0,52.7,57.34,27829.3,152836000.0,57.02,56.28,59.020000000000024,58.37,51.94,47.51,0.42,1.06,-0.64,宝明科技,计算机、通信和其他电子设备制造业,主板,56.937499999999815,56.097500000000096,56.5925,57.6075,53.194468085106465
2992,2024-06-19,55.98,56.16,57.19,55.4,55.7,13337.0,75028400.0,56.78,56.14,58.62250000000004,58.5,52.03,48.91,0.32,0.91,-0.59,宝明科技,计算机、通信和其他电子设备制造业,主板,56.599999999999824,56.38500000000009,56.3525,57.250625,53.400000000000084
2992,2024-06-20,55.82,53.85,56.39,53.82,56.16,9533.52,52127200.0,56.05,55.88,57.957500000000024,58.52,52.05,42.77,0.05,0.74,-0.69,宝明科技,计算机、通信和其他电子设备制造业,主板,55.76249999999983,56.32875000000009,56.07083333333333,56.7725,53.602765957446884
2992,2024-06-21,54.35,54.39,54.65,52.8,53.85,11637.3,62778200.0,55.49,55.93,57.55100000000003,58.46,52.09,44.52,-0.11,0.57,-0.68,宝明科技,计算机、通信和其他电子设备制造业,主板,55.02499999999983,56.19000000000009,55.80166666666667,56.4125,53.829787234042634
2992,2024-06-24,54.45,51.3,55.25,51.0,54.39,18285.3,96224400.0,54.28,55.63,56.87100000000002,58.24,52.08,37.45,-0.49,0.36,-0.85,宝明科技,计算机、通信和其他电子设备制造业,主板,53.92499999999983,55.43125000000009,55.373333333333335,55.925625,54.00255319148945
2992,2024-06-25,51.44,50.07,51.79,49.4,51.3,16512.2,83261300.0,53.15,55.09,56.28100000000003,57.99,52.11,35.06,-0.88,0.11,-0.99,宝明科技,计算机、通信和其他电子设备制造业,主板,52.402499999999826,54.50125000000009,55.057500000000005,55.365,54.20212765957456
2992,2024-06-26,49.44,54.29,55.08,49.41,50.07,38023.3,203543000.0,52.78,54.78,55.920500000000025,57.91,52.23,47.44,-0.83,-0.08,-0.75,宝明科技,计算机、通信和其他电子设备制造业,主板,52.512499999999825,54.137500000000095,55.05666666666667,55.18125,54.551063829787324
2992,2024-06-27,53.84,53.32,56.09,53.21,54.29,31155.3,170846000.0,52.67,54.36,55.57900000000002,57.78,52.38,45.3,-0.87,-0.24,-0.63,宝明科技,计算机、通信和其他电子设备制造业,主板,52.244999999999834,53.63500000000009,54.87500000000001,54.9125,54.80638297872349
2992,2024-06-28,53.34,57.05,57.28,53.34,53.32,28348.3,158353000.0,53.21,54.35,55.47700000000002,57.8,52.57,53.91,-0.59,-0.31,-0.28,宝明科技,计算机、通信和其他电子设备制造业,主板,53.682499999999834,53.80375000000009,54.848333333333336,54.950625,55.15446808510647
2992,2024-07-01,57.31,58.03,59.28,57.31,57.05,24304.9,141620000.0,54.55,54.42,55.42650000000002,57.72,52.78,55.87,-0.28,-0.3,0.02,宝明科技,计算机、通信和其他电子设备制造业,主板,55.67249999999983,54.037500000000094,54.89166666666667,55.21125,55.436808510638386
2992,2024-07-02,57.8,57.05,58.13,56.66,58.03,14478.8,82966600.0,55.95,54.55,55.41750000000002,57.53,52.96,53.42,-0.12,-0.27,0.15,宝明科技,计算机、通信和其他电子设备制造业,主板,56.362499999999834,54.43750000000009,54.87916666666666,55.383125,55.6927659574469
2992,2024-07-03,57.7,53.76,58.0,53.7,57.05,23059.6,126389000.0,55.84,54.31,55.22450000000002,57.19,53.12,46.11,-0.25,-0.26,0.01,宝明科技,计算机、通信和其他电子设备制造业,主板,56.47249999999984,54.35875000000009,54.580833333333324,55.274375,55.85787234042563
2992,2024-07-04,53.7,52.09,54.23,51.92,53.76,14986.5,79423200.0,55.6,54.13,55.00700000000002,56.68,53.26,42.9,-0.49,-0.31,-0.18,宝明科技,计算机、通信和其他电子设备制造业,主板,55.23249999999983,54.45750000000009,54.279999999999994,54.944375,56.00872340425542
2992,2024-07-05,52.55,53.85,54.3,50.81,52.09,15031.6,79340700.0,54.96,54.08,55.00650000000002,56.39,53.42,47.08,-0.52,-0.35,-0.17,宝明科技,计算机、通信和其他电子设备制造业,主板,54.18749999999984,54.93000000000009,54.0875,54.715625,56.19212765957457
2992,2024-07-08,53.77,56.73,59.24,53.49,53.85,55640.5,320325000.0,54.7,54.62,55.12800000000002,56.12,53.59,53.13,-0.32,-0.34,0.02,宝明科技,计算机、通信和其他电子设备制造业,主板,54.10749999999983,55.23500000000009,54.32749999999999,54.68625,56.429148936170314
2992,2024-07-09,55.95,54.35,56.81,52.9,56.73,44926.7,244685000.0,54.16,55.05,55.07050000000002,55.87,53.76,48.22,-0.34,-0.34,0.0,宝明科技,计算机、通信和其他电子设备制造业,主板,54.25499999999984,55.363750000000095,54.32416666666666,54.499375,56.61106382978733
2992,2024-07-10,54.4,54.07,55.2,53.4,54.35,20738.2,112740000.0,54.22,55.03,54.90550000000002,55.62,53.93,47.66,-0.38,-0.35,-0.03,宝明科技,计算机、通信和其他电子设备制造业,主板,54.74999999999984,54.99125000000009,54.55500000000001,54.3975,56.77978723404265
2992,2024-07-11,54.08,59.48,59.48,54.05,54.07,39934.2,234953000.0,55.7,55.65,55.00400000000002,55.6,54.2,57.81,0.03,-0.27,0.3,宝明科技,计算机、通信和其他电子设备制造业,主板,56.157499999999835,55.1725000000001,55.33916666666667,54.605000000000004,57.03851063829797
2992,2024-07-12,60.15,62.86,63.6,59.47,59.48,64741.6,401519000.0,57.5,56.23,55.28700000000001,55.73,54.57,62.68,0.62,-0.1,0.72,宝明科技,计算机、通信和其他电子设备制造业,主板,57.689999999999834,55.8987500000001,56.05333333333334,55.168125,57.26851063829797
2992,2024-07-15,62.78,60.72,64.0,60.53,62.86,25203.8,155721000.0,58.3,56.5,55.45600000000002,55.78,54.95,58.11,0.9,0.1,0.8,宝明科技,计算机、通信和其他电子设备制造业,主板,59.282499999999835,56.7687500000001,56.67000000000001,55.563750000000006,57.42723404255328
2992,2024-07-16,60.8,60.2,61.3,59.5,60.72,24104.4,145187000.0,59.47,56.81,55.68100000000002,55.88,55.27,57.02,1.06,0.29,0.77,宝明科技,计算机、通信和其他电子设备制造业,主板,60.81499999999984,57.7825000000001,56.93250000000001,56.12000000000001,57.507872340425614
2992,2024-07-17,60.24,57.44,60.68,57.3,60.2,27224.4,159896000.0,60.14,57.18,55.74500000000002,55.88,55.55,51.51,0.96,0.43,0.53,宝明科技,计算机、通信和其他电子设备制造业,主板,60.30499999999984,58.23125000000009,56.88333333333335,56.580625000000005,57.498085106383066
2992,2024-07-18,57.19,56.6,57.28,53.25,57.44,52567.4,290580000.0,59.56,57.63,55.882500000000014,55.88,55.75,49.92,0.81,0.5,0.31,宝明科技,计算机、通信和其他电子设备制造业,主板,58.73999999999984,58.21500000000009,56.84583333333335,56.72500000000001,57.47787234042561
2992,2024-07-19,56.5,55.29,56.75,55.16,56.6,19511.0,108830000.0,58.05,57.77,55.92750000000001,55.93,55.92,47.47,0.57,0.52,0.05,宝明科技,计算机、通信和其他电子设备制造业,主板,57.382499999999844,58.33250000000008,56.97333333333335,56.848125,57.45212765957454
2992,2024-07-22,55.48,53.16,55.88,52.6,55.29,33413.3,178507000.0,56.54,57.42,56.02050000000001,55.89,56.04,43.72,0.22,0.46,-0.24,宝明科技,计算机、通信和其他电子设备制造业,主板,55.622499999999846,58.21875000000008,57.06250000000001,56.605000000000004,57.366170212766036
2992,2024-07-23,53.68,56.97,58.3,53.68,53.16,75859.4,427122000.0,55.89,57.68,56.36550000000002,55.94,56.24,51.16,0.24,0.41,-0.17,宝明科技,计算机、通信和其他电子设备制造业,主板,55.50499999999984,57.90500000000007,57.32250000000001,56.53875000000001,57.373829787234115
2992,2024-07-24,55.5,53.5,58.5,53.5,56.97,53059.0,295744000.0,55.1,57.62,56.32600000000002,55.81,56.37,45.29,-0.03,0.33,-0.36,宝明科技,计算机、通信和其他电子设备制造业,主板,54.72999999999984,56.73500000000007,57.05333333333334,56.31687500000001,57.228085106383055
2992,2024-07-25,53.23,52.2,53.6,50.55,53.5,32321.0,168241000.0,54.22,56.89,56.270000000000024,55.63,56.48,43.28,-0.35,0.19,-0.54,宝明科技,计算机、通信和其他电子设备制造业,主板,53.95749999999985,55.67000000000007,56.874166666666675,56.219375000000014,57.00382978723412
2992,2024-07-26,52.21,52.33,54.58,51.8,52.2,21734.5,115352000.0,53.63,55.84,56.03400000000003,55.47,56.59,43.55,-0.57,0.04,-0.61,宝明科技,计算机、通信和其他电子设备制造业,主板,53.74999999999985,54.68625000000007,56.72916666666668,56.234375000000014,56.753191489361775
2992,2024-07-29,52.52,50.55,53.95,50.54,52.33,24965.0,128107000.0,53.11,54.82,55.660000000000025,55.25,56.67,40.7,-0.89,-0.15,-0.74,宝明科技,计算机、通信和其他电子设备制造业,主板,52.14499999999985,53.825000000000074,55.98500000000001,56.02812500000001,56.40000000000007
2992,2024-07-30,50.8,48.09,50.89,47.48,50.55,32886.2,158975000.0,51.33,53.61,55.212000000000025,54.99,56.68,37.09,-1.32,-0.38,-0.94,宝明科技,计算机、通信和其他电子设备制造业,主板,50.79249999999985,52.761250000000075,54.75416666666667,55.48812500000001,56.09297872340433
2992,2024-07-31,48.0,50.16,50.65,46.0,48.09,26369.5,129121000.0,50.67,52.89,55.032000000000025,54.79,56.65,41.77,-1.47,-0.6,-0.87,宝明科技,计算机、通信和其他电子设备制造业,主板,50.28249999999984,52.12000000000007,53.87416666666667,55.22625000000001,55.77936170212773
2992,2024-08-01,50.16,48.9,50.78,48.6,50.16,22446.3,111018000.0,50.01,52.11,54.87250000000004,54.63,56.57,39.83,-1.69,-0.82,-0.87,宝明科技,计算机、通信和其他电子设备制造业,主板,49.42499999999984,51.58750000000006,52.9325,54.903125,55.503404255319225
2992,2024-08-02,48.62,47.88,48.87,47.68,48.9,12600.2,60755800.0,49.12,51.37,54.57400000000005,54.41,56.43,38.28,-1.91,-1.04,-0.87,宝明科技,计算机、通信和其他电子设备制造业,主板,48.75749999999984,50.45125000000006,52.13583333333332,54.178125,55.213617021276676
2992,2024-08-05,47.16,44.9,48.2,44.9,47.88,20879.0,96490300.0,47.99,50.55,53.98250000000005,54.2,56.22,34.1,-2.3,-1.29,-1.01,宝明科技,计算机、通信和其他电子设备制造业,主板,47.95999999999984,49.376250000000056,51.16083333333332,53.055625,54.88914893617029
2992,2024-08-06,45.54,46.02,46.71,44.27,44.9,19400.5,88137600.0,47.57,49.45,53.56600000000005,54.06,56.02,36.89,-2.49,-1.53,-0.96,宝明科技,计算机、通信和其他电子设备制造业,主板,46.92499999999984,48.603750000000055,50.38833333333332,52.136874999999996,54.611063829787305
2992,2024-08-07,46.02,45.52,46.35,45.0,46.02,14711.5,67094900.0,46.64,48.66,53.13850000000006,53.77,55.84,36.15,-2.66,-1.76,-0.9,宝明科技,计算机、通信和其他电子设备制造业,主板,46.07999999999984,47.752500000000055,49.75166666666666,51.21937499999999,54.323404255319225
2992,2024-08-08,45.49,45.08,45.8,44.5,45.52,11315.1,50997400.0,45.88,47.94,52.41850000000005,53.49,55.64,35.48,-2.8,-1.96,-0.84,宝明科技,计算机、通信和其他电子设备制造业,主板,45.37999999999984,47.06875000000005,48.76083333333332,50.44687499999999,54.06489361702135
2992,2024-08-09,44.87,45.39,46.57,44.81,45.08,12720.9,58062200.0,45.38,47.25,51.54500000000006,53.11,55.45,36.38,-2.83,-2.14,-0.69,宝明科技,计算机、通信和其他电子设备制造业,主板,45.502499999999834,46.731250000000045,48.08499999999999,49.74624999999999,53.8046808510639
2992,2024-08-12,45.01,44.74,45.57,44.45,45.39,9381.3,42109500.0,45.35,46.67,50.74600000000006,52.66,55.19,35.27,-2.9,-2.29,-0.61,宝明科技,计算机、通信和其他电子设备制造业,主板,45.182499999999834,46.05375000000005,47.46333333333332,49.08687499999999,53.55574468085113
2992,2024-08-13,45.15,45.88,46.38,44.67,44.74,13753.0,62757200.0,45.32,46.45,50.030000000000065,52.29,54.91,38.78,-2.82,-2.4,-0.42,宝明科技,计算机、通信和其他电子设备制造业,主板,45.27249999999983,45.67625000000005,46.925833333333316,48.631874999999994,53.385957446808575
2992,2024-08-14,45.89,46.8,47.34,45.64,45.88,17533.0,81993900.0,45.58,46.11,49.49800000000006,52.06,54.62,41.54,-2.64,-2.44,-0.2,宝明科技,计算机、通信和其他电子设备制造业,主板,45.70249999999983,45.541250000000055,46.613333333333316,47.99624999999999,53.22638297872347
2992,2024-08-15,47.39,47.98,49.15,47.0,46.8,33112.3,159676000.0,46.16,46.02,49.06700000000006,51.92,54.3,44.97,-2.39,-2.43,0.04,宝明科技,计算机、通信和其他电子设备制造业,主板,46.349999999999824,45.92625000000006,46.60416666666665,47.65124999999999,53.06638297872347
2992,2024-08-16,47.78,46.91,48.22,46.88,47.98,18783.3,88970000.0,46.46,45.92,48.64800000000006,51.69,54.04,42.53,-2.24,-2.4,0.16,宝明科技,计算机、通信和其他电子设备制造业,主板,46.89249999999982,46.037500000000065,46.333333333333314,47.320624999999986,52.84382978723411
2992,2024-08-19,46.53,45.05,47.38,44.81,46.91,17309.9,79309000.0,46.52,45.94,48.24250000000006,51.3,53.71,38.62,-2.26,-2.37,0.11,宝明科技,计算机、通信和其他电子设备制造业,主板,46.68499999999982,45.97875000000007,46.01249999999998,46.86562499999998,52.578723404255385
2992,2024-08-20,45.04,43.65,45.49,43.62,45.05,15801.0,69866400.0,46.08,45.7,47.57650000000005,50.94,53.41,35.94,-2.35,-2.36,0.01,宝明科技,计算机、通信和其他电子设备制造业,主板,45.89749999999982,45.80000000000007,45.659999999999975,46.43437499999998,52.29042553191496
2992,2024-08-22,43.65,42.94,43.95,42.77,43.65,10473.9,45290300.0,45.31,45.44,47.04850000000006,50.57,53.1,34.63,-2.46,-2.38,-0.08,宝明科技,计算机、通信和其他电子设备制造业,主板,44.637499999999825,45.49375000000007,45.49666666666664,46.112499999999976,51.98404255319156
2992,2024-08-23,42.93,41.97,43.03,41.81,42.94,14608.0,61746900.0,44.1,45.13,46.537000000000056,49.99,52.8,32.86,-2.59,-2.42,-0.17,宝明科技,计算机、通信和其他电子设备制造业,主板,43.402499999999826,45.147500000000065,45.15916666666664,45.60062499999998,51.69191489361709
2992,2024-08-26,41.97,43.23,44.1,41.9,41.97,16586.9,71614500.0,43.37,44.92,46.08200000000006,49.34,52.53,37.33,-2.56,-2.45,-0.11,宝明科技,计算机、通信和其他电子设备制造业,主板,42.94749999999982,44.81625000000007,44.96833333333331,45.24624999999998,51.41680851063837
2992,2024-08-27,43.0,41.69,43.14,41.45,43.23,12123.3,51047100.0,42.7,44.61,45.63900000000005,48.7,52.24,34.33,-2.63,-2.49,-0.14,宝明科技,计算机、通信和其他电子设备制造业,主板,42.45749999999982,44.177500000000066,44.685833333333306,44.85937499999998,51.158085106383055
2992,2024-08-28,41.8,42.73,45.45,41.75,41.69,20118.1,87317800.0,42.51,44.29,45.37100000000005,48.12,52.0,37.96,-2.58,-2.51,-0.07,宝明科技,计算机、通信和其他电子设备制造业,主板,42.404999999999816,43.521250000000066,44.46416666666664,44.72374999999998,50.910000000000075
2992,2024-08-29,42.06,44.2,44.39,41.88,42.73,20718.1,90141600.0,42.76,44.04,45.07300000000006,47.68,51.78,42.78,-2.38,-2.48,0.1,宝明科技,计算机、通信和其他电子设备制造业,主板,42.962499999999814,43.18250000000006,44.41916666666665,44.609999999999985,50.758936170212834
2992,2024-08-30,44.75,46.81,47.57,44.3,44.2,27941.0,129769000.0,43.73,43.92,44.968500000000056,47.35,51.62,50.18,-2.0,-2.38,0.38,宝明科技,计算机、通信和其他电子设备制造业,主板,43.85749999999982,43.40250000000006,44.49666666666664,44.69062499999998,50.68957446808517
2992,2024-09-02,46.58,46.16,48.0,45.96,46.81,22622.7,106392000.0,44.32,43.84,44.88250000000006,47.05,51.49,48.5,-1.73,-2.25,0.52,宝明科技,计算机、通信和其他电子设备制造业,主板,44.97499999999982,43.71625000000006,44.44333333333331,44.75812499999998,50.51659574468091
2992,2024-09-03,46.95,47.08,47.5,45.77,46.16,17093.0,79947800.0,45.4,44.05,44.99150000000006,46.84,51.37,51.0,-1.42,-2.09,0.67,宝明科技,计算机、通信和其他电子设备制造业,主板,46.06249999999982,44.23375000000006,44.36833333333331,44.86374999999998,50.3838297872341
2992,2024-09-04,46.8,47.0,47.8,46.21,47.08,17179.6,80732200.0,46.25,44.38,45.04050000000006,46.51,51.23,50.77,-1.18,-1.91,0.73,宝明科技,计算机、通信和其他电子设备制造业,主板,46.76249999999982,44.862500000000054,44.37583333333331,45.00499999999998,50.17000000000005
2992,2024-09-05,47.45,47.67,48.1,46.9,47.0,17598.9,83731300.0,46.94,44.85,45.14800000000006,46.32,51.06,52.71,-0.91,-1.71,0.8,宝明科技,计算机、通信和其他电子设备制造业,主板,46.97749999999982,45.417500000000054,44.594166666666645,45.11687499999998,49.94957446808516
2992,2024-09-06,48.5,46.64,49.57,46.08,47.67,27096.0,129942000.0,46.91,45.32,45.226000000000056,46.13,50.88,49.49,-0.78,-1.52,0.74,宝明科技,计算机、通信和其他电子设备制造业,主板,47.09749999999982,46.03625000000005,44.84333333333331,45.10687499999998,49.72808510638302
2992,2024-09-09,46.49,45.62,46.85,43.91,46.64,29004.9,131143000.0,46.8,45.56,45.237500000000054,45.91,50.69,46.46,-0.75,-1.37,0.62,宝明科技,计算机、通信和其他电子设备制造业,主板,46.73249999999982,46.39750000000005,45.06666666666664,44.95937499999998,49.554893617021314
2992,2024-09-10,45.48,44.28,45.48,43.92,45.62,21412.0,95733700.0,46.24,45.82,45.21450000000006,45.7,50.47,42.76,-0.81,-1.26,0.45,宝明科技,计算机、通信和其他电子设备制造业,主板,46.05249999999982,46.40750000000005,45.25916666666664,44.79499999999998,49.38872340425536
2992,2024-09-11,44.76,43.85,44.79,43.78,44.28,17246.3,76191200.0,45.61,45.93,45.113000000000056,45.56,50.27,41.62,-0.9,-1.18,0.28,宝明科技,计算机、通信和其他电子设备制造业,主板,45.09749999999981,46.03750000000005,45.310833333333306,44.719999999999985,49.175957446808546
2992,2024-09-12,43.85,43.15,44.48,42.96,43.85,13931.1,60606500.0,44.71,45.83,44.93050000000006,45.32,50.06,39.75,-1.01,-1.15,0.14,宝明科技,计算机、通信和其他电子设备制造业,主板,44.22499999999981,45.66125000000005,45.43249999999997,44.688749999999985,48.88702127659578
2992,2024-09-13,43.15,41.9,43.5,41.9,43.15,12676.6,53677200.0,43.76,45.33,44.62650000000006,45.09,49.86,36.6,-1.18,-1.16,-0.02,宝明科技,计算机、通信和其他电子设备制造业,主板,43.29499999999981,45.01375000000005,45.363333333333294,44.62374999999999,48.62212765957451
2992,2024-09-18,41.95,40.48,42.27,40.38,41.9,14968.5,61333600.0,42.73,44.77,44.30500000000006,44.84,49.63,33.36,-1.42,-1.21,-0.21,宝明科技,计算机、通信和其他电子设备制造业,主板,42.34499999999981,44.198750000000054,45.05333333333329,44.530624999999986,48.332978723404295
2992,2024-09-19,40.9,41.02,42.36,40.16,40.48,22789.0,94794100.0,42.08,44.16,44.10350000000006,44.71,49.46,35.69,-1.55,-1.28,-0.27,宝明科技,计算机、通信和其他电子设备制造业,主板,41.63749999999981,43.36750000000005,44.57083333333329,44.392499999999984,47.94021276595749
2992,2024-09-20,41.0,39.53,41.41,39.2,41.02,21421.5,85370300.0,41.22,43.41,43.89750000000006,44.5,49.28,32.33,-1.75,-1.37,-0.38,宝明科技,计算机、通信和其他电子设备制造业,主板,40.73249999999981,42.47875000000005,44.01833333333329,44.25749999999998,47.44382978723409
2992,2024-09-23,39.53,38.44,40.0,38.11,39.53,17398.8,67624700.0,40.27,42.49,43.672500000000056,44.26,49.02,30.1,-1.97,-1.49,-0.48,宝明科技,计算机、通信和其他电子设备制造业,主板,39.86749999999981,41.58125000000005,43.29833333333328,43.98937499999998,46.9697872340426
2992,2024-09-24,38.52,41.6,41.7,38.25,38.44,34829.6,139710000.0,40.21,41.99,43.65400000000006,44.15,48.82,42.49,-1.87,-1.57,-0.3,宝明科技,计算机、通信和其他电子设备制造业,主板,40.14749999999981,41.246250000000046,42.84833333333328,43.82687499999998,46.57404255319154
2992,2024-09-25,42.02,41.0,42.95,41.0,41.6,27341.0,115137000.0,40.32,41.52,43.54250000000006,44.0,48.55,41.01,-1.81,-1.62,-0.19,宝明科技,计算机、通信和其他电子设备制造业,主板,40.14249999999981,40.89000000000004,42.29249999999995,43.463749999999976,46.22425531914898
2992,2024-09-26,40.95,42.5,42.5,40.3,41.0,22661.3,94017500.0,40.61,41.35,43.58300000000006,43.93,48.29,46.09,-1.64,-1.62,-0.02,宝明科技,计算机、通信和其他电子设备制造业,主板,40.884999999999806,40.808750000000046,41.94749999999994,43.23499999999998,45.92425531914898
2992,2024-09-27,43.16,45.56,46.7,43.0,42.5,33108.4,148706000.0,41.82,41.52,43.724500000000056,43.91,48.1,54.66,-1.23,-1.54,0.31,宝明科技,计算机、通信和其他电子设备制造业,主板,42.66499999999981,41.26625000000005,41.942499999999946,43.13999999999998,45.717234042553244
2992,2024-09-30,47.1,49.11,49.61,46.12,45.56,53016.8,254878000.0,43.95,42.11,43.970000000000056,43.99,48.02,62.18,-0.62,-1.36,0.74,宝明科技,计算机、通信和其他电子设备制造业,主板,44.54249999999981,42.34500000000005,42.34499999999995,43.27187499999998,45.63106382978729
2992,2024-10-08,54.0,49.05,54.0,47.5,49.11,80937.6,407027000.0,45.44,42.83,44.08200000000005,44.03,47.97,61.99,-0.14,-1.11,0.97,宝明科技,计算机、通信和其他电子设备制造业,主板,46.55499999999981,43.34875000000005,42.77833333333328,43.35812499999998,45.46255319148943
2992,2024-10-09,48.05,50.46,52.6,44.25,49.05,84126.0,407550000.0,47.34,43.83,44.297000000000054,44.15,47.92,64.68,0.36,-0.82,1.18,宝明科技,计算机、通信和其他电子设备制造业,主板,48.54499999999981,44.715000000000046,43.38749999999995,43.59687499999998,45.39787234042559
2992,2024-10-10,50.21,46.95,51.33,46.88,50.46,58914.3,286067000.0,48.23,44.42,44.29050000000005,44.21,47.75,54.37,0.46,-0.56,1.02,宝明科技,计算机、通信和其他电子设备制造业,主板,48.892499999999814,45.778750000000045,43.80833333333329,43.679999999999986,45.286170212766024
2992,2024-10-11,46.5,43.96,46.5,43.5,46.95,29264.7,131567000.0,47.91,44.86,44.13850000000006,44.22,47.58,47.43,0.3,-0.39,0.69,宝明科技,计算机、通信和其他电子设备制造业,主板,47.60499999999982,46.07375000000004,44.098333333333294,43.65999999999999,45.108085106383044
2992,2024-10-14,43.98,45.32,45.45,43.4,43.96,32492.8,144819000.0,47.15,45.55,44.02100000000006,44.3,47.44,50.52,0.28,-0.26,0.54,宝明科技,计算机、通信和其他电子设备制造业,主板,46.672499999999815,46.61375000000004,44.45666666666663,43.75187499999999,44.99680851063837
2992,2024-10-15,45.32,44.32,46.34,44.28,45.32,25062.0,113446000.0,46.2,45.82,43.905000000000065,44.38,47.18,48.28,0.17,-0.17,0.34,宝明科技,计算机、通信和其他电子设备制造业,主板,45.13749999999981,46.84125000000004,44.8558333333333,43.824999999999996,44.91659574468092
2992,2024-10-16,43.68,44.19,44.5,43.21,44.32,16861.9,74078700.0,44.95,46.14,43.833500000000065,44.41,46.87,47.98,0.08,-0.12,0.2,宝明科技,计算机、通信和其他电子设备制造业,主板,44.447499999999806,46.67000000000004,45.33499999999996,43.96812499999999,44.78957446808518
2992,2024-10-17,44.18,46.39,48.0,44.18,44.19,49442.1,230919000.0,44.84,46.53,43.939000000000064,44.57,46.63,53.25,0.18,-0.06,0.24,宝明科技,计算机、通信和其他电子设备制造业,主板,45.0549999999998,46.330000000000034,45.734166666666624,44.33749999999999,44.73617021276603
2992,2024-10-18,45.63,47.33,48.26,45.45,46.39,41842.9,197159000.0,45.51,46.71,44.11300000000007,44.72,46.42,55.34,0.34,0.02,0.32,宝明科技,计算机、通信和其他电子设备制造业,主板,45.557499999999806,46.11500000000003,46.26166666666663,44.731874999999995,44.724468085106444
2992,2024-10-21,47.51,48.81,50.88,46.82,47.33,53409.5,261553000.0,46.21,46.68,44.396000000000065,44.87,46.27,58.48,0.57,0.13,0.44,宝明科技,计算机、通信和其他电子设备制造业,主板,46.67999999999981,45.90875000000003,46.787499999999966,45.311875,44.80765957446815
2992,2024-10-22,49.35,51.09,53.18,49.05,48.81,63625.1,325372000.0,47.56,46.88,44.85550000000007,45.02,46.18,62.81,0.93,0.29,0.64,宝明科技,计算机、通信和其他电子设备制造业,主板,48.40499999999981,46.42625000000003,47.2483333333333,46.102500000000006,44.91553191489368
2992,2024-10-23,51.6,49.45,51.9,49.06,51.09,46130.0,232149000.0,48.61,46.78,45.30400000000007,45.12,46.09,58.11,1.07,0.45,0.62,宝明科技,计算机、通信和其他电子设备制造业,主板,49.16999999999982,47.11250000000003,47.276666666666635,46.59312500000001,44.99914893617027
2992,2024-10-24,49.68,50.48,50.88,48.66,49.45,38935.3,194660000.0,49.43,47.13,45.77700000000007,45.24,46.04,60.13,1.24,0.6,0.64,宝明科技,计算机、通信和其他电子设备制造业,主板,49.95749999999981,47.757500000000036,47.39583333333331,47.18562500000001,45.11404255319155
2992,2024-10-25,51.14,55.53,55.53,50.3,50.48,51794.4,280655000.0,51.07,48.29,46.57700000000007,45.52,46.02,68.22,1.77,0.84,0.93,宝明科技,计算机、通信和其他电子设备制造业,主板,51.63749999999981,49.15875000000003,47.8183333333333,48.00000000000001,45.32978723404262
2992,2024-10-28,61.07,57.23,61.07,56.9,55.53,101482.0,596827000.0,52.76,49.48,47.51650000000008,45.84,46.08,70.39,2.31,1.13,1.18,宝明科技,计算机、通信和其他电子设备制造业,主板,53.17249999999981,50.788750000000036,48.67499999999996,48.729375000000005,45.59553191489369
2992,2024-10-29,58.07,52.9,58.49,52.9,57.23,64390.5,353170000.0,53.12,50.34,48.08150000000008,46.05,46.09,59.26,2.35,1.38,0.97,宝明科技,计算机、通信和其他电子设备制造业,主板,54.03499999999981,51.602500000000035,49.41999999999996,48.96625,45.74489361702135
2992,2024-10-30,52.9,52.8,54.8,52.0,52.9,38083.0,203052000.0,53.79,51.2,48.67150000000007,46.29,46.1,59.03,2.35,1.57,0.78,宝明科技,计算机、通信和其他电子设备制造业,主板,54.61499999999982,52.28625000000004,50.04333333333329,49.200625,45.87255319148944
2992,2024-10-31,52.4,54.98,56.82,52.25,52.8,47330.1,261031000.0,54.69,52.06,49.295500000000075,46.65,46.17,62.48,2.5,1.76,0.74,宝明科技,计算机、通信和其他电子设备制造业,主板,54.477499999999814,53.05750000000004,50.931666666666615,49.483125,46.0214893617022
2992,2024-11-01,55.5,51.8,56.31,51.11,54.98,44629.2,237060000.0,53.94,52.51,49.60750000000007,46.91,46.23,55.18,2.33,1.87,0.46,宝明科技,计算机、通信和其他电子设备制造业,主板,53.11999999999981,53.14625000000004,51.56583333333327,49.786249999999995,46.1255319148937
2992,2024-11-04,51.8,54.94,55.34,51.11,51.8,42928.7,231427000.0,53.48,53.12,49.89900000000007,47.3,46.31,60.13,2.42,1.98,0.44,宝明科技,计算机、通信和其他电子设备制造业,主板,53.62999999999982,53.83250000000004,52.27833333333328,50.4725,46.335957446808585
2992,2024-11-05,54.32,58.3,59.64,54.07,54.94,58850.8,336637000.0,54.56,53.84,50.36150000000008,47.85,46.47,64.64,2.73,2.13,0.6,宝明科技,计算机、通信和其他电子设备制造业,主板,55.00499999999981,54.81000000000004,53.19249999999994,51.28374999999999,46.647659574468165
2992,2024-11-06,61.1,60.44,64.13,59.6,58.3,89353.0,556766000.0,56.09,54.94,50.86050000000008,48.52,46.68,67.18,3.12,2.33,0.79,宝明科技,计算机、通信和其他电子设备制造业,主板,56.36999999999981,55.42375000000004,54.16166666666661,52.291249999999984,47.02000000000008
2992,2024-11-07,59.84,60.05,61.3,57.95,60.44,49123.2,291862000.0,57.11,55.9,51.515500000000074,49.15,46.93,66.24,3.36,2.53,0.83,宝明科技,计算机、通信和其他电子设备制造业,主板,58.432499999999806,55.77625000000004,54.908333333333275,53.282499999999985,47.404680851063915
2992,2024-11-08,61.5,66.06,66.06,61.5,60.05,83594.3,544296000.0,59.96,56.95,52.62050000000007,50.03,47.27,72.58,3.98,2.82,1.16,宝明科技,计算机、通信和其他电子设备制造业,主板,61.21249999999981,57.42125000000004,56.29249999999994,54.51187499999998,47.89042553191498
2992,2024-11-11,66.3,70.64,72.58,65.01,66.06,100150.0,699874000.0,63.1,58.29,53.88650000000008,51.11,47.69,76.24,4.79,3.22,1.57,宝明科技,计算机、通信和其他电子设备制造业,主板,64.2974999999998,59.65125000000004,57.97249999999994,55.96874999999998,48.50638297872349
2992,2024-11-12,70.63,70.02,74.0,69.05,70.64,76158.5,545945000.0,65.44,60.0,55.17150000000008,52.06,48.1,74.78,5.32,3.64,1.68,宝明科技,计算机、通信和其他电子设备制造业,主板,66.6924999999998,61.53125000000004,59.17999999999994,57.294374999999974,49.08702127659583
2992,2024-11-13,69.94,71.44,72.35,67.0,70.02,39513.1,278629000.0,67.64,61.87,56.534000000000084,53.07,48.54,75.92,5.79,4.07,1.72,宝明科技,计算机、通信和其他电子设备制造业,主板,69.5399999999998,63.986250000000034,60.3641666666666,58.566249999999975,49.66659574468094
2992,2024-11-14,70.38,70.24,74.88,69.68,71.44,54765.1,398729000.0,69.68,63.39,57.72650000000008,53.99,48.96,72.93,6.0,4.45,1.55,宝明科技,计算机、通信和其他电子设备制造业,主板,70.5849999999998,65.89875000000004,61.809166666666606,59.86562499999997,50.165106382978806
2992,2024-11-15,69.88,66.95,70.98,66.6,70.24,48474.1,333588000.0,69.86,64.91,58.70750000000008,54.71,49.31,65.35,5.82,4.73,1.09,宝明科技,计算机、通信和其他电子设备制造业,主板,69.6624999999998,66.98000000000005,62.98833333333328,60.89499999999997,50.60744680851072
2992,2024-11-18,67.29,65.24,68.16,64.48,66.95,37272.2,246207000.0,68.78,65.94,59.52900000000009,55.25,49.62,61.76,5.49,4.88,0.61,宝明科技,计算机、通信和其他电子设备制造业,主板,68.4674999999998,67.58000000000004,63.84333333333328,61.50187499999997,50.99382978723412
2992,2024-11-19,66.0,67.8,68.8,64.65,65.24,34151.4,228248000.0,68.33,66.89,60.36450000000009,55.87,49.95,64.87,5.37,4.98,0.39,宝明科技,计算机、通信和其他电子设备制造业,主板,67.5574999999998,68.54875000000004,65.1766666666666,62.162499999999966,51.436382978723486
2992,2024-11-20,67.82,66.0,69.05,65.53,67.8,34267.1,229776000.0,67.25,67.44,61.192000000000085,56.39,50.27,61.1,5.07,5.0,0.07,宝明科技,计算机、通信和其他电子设备制造业,主板,66.4974999999998,68.54125000000005,66.09833333333329,62.98124999999997,51.82638297872349
2992,2024-11-21,66.02,66.81,68.98,65.5,66.0,31752.9,214623000.0,66.56,68.12,62.00850000000008,57.05,50.63,62.17,4.84,4.97,-0.13,宝明科技,计算机、通信和其他电子设备制造业,主板,66.4624999999998,68.06250000000004,66.80749999999995,63.856874999999974,52.2555319148937
2992,2024-11-22,66.32,63.88,68.79,63.2,66.81,29852.7,196805000.0,65.95,67.9,62.42600000000009,57.71,50.97,56.18,4.37,4.85,-0.48,宝明科技,计算机、通信和其他电子设备制造业,主板,66.1224999999998,67.29500000000004,67.09416666666662,64.41312499999998,52.644042553191575
2992,2024-11-25,63.87,62.3,64.46,61.12,63.88,28109.9,176246000.0,65.36,67.07,62.67950000000009,58.28,51.29,53.2,3.83,4.64,-0.81,宝明科技,计算机、通信和其他电子设备制造业,主板,64.7474999999998,66.15250000000003,67.28166666666662,65.06937499999998,53.027446808510724
2992,2024-11-26,62.58,60.7,62.92,60.03,62.3,26774.6,163939000.0,63.94,66.14,63.06950000000008,58.83,51.6,50.29,3.23,4.36,-1.13,宝明科技,计算机、通信和其他电子设备制造业,主板,63.4224999999998,64.96000000000004,66.83499999999997,65.42937499999998,53.3859574468086
2992,2024-11-27,62.01,64.99,65.47,59.18,60.7,37197.4,231567000.0,63.74,65.49,63.67900000000009,59.52,51.96,57.07,3.07,4.1,-1.03,宝明科技,计算机、通信和其他电子设备制造业,主板,62.9674999999998,64.71500000000003,66.36416666666663,65.84749999999998,53.850638297872415
2992,2024-11-28,65.0,63.74,65.61,63.05,64.99,20341.5,130540000.0,63.12,64.84,64.11700000000009,60.1,52.33,54.72,2.81,3.84,-1.03,宝明科技,计算机、通信和其他电子设备制造业,主板,62.932499999999806,64.52750000000003,65.8408333333333,66.05374999999998,54.31531914893624
2992,2024-11-29,63.66,63.39,64.9,62.69,63.74,19654.4,124974000.0,63.02,64.48,64.6965000000001,60.63,52.68,54.06,2.54,3.58,-1.04,宝明科技,计算机、通信和其他电子设备制造业,主板,63.2049999999998,63.97625000000003,65.16999999999996,66.26249999999999,54.80276595744688
2992,2024-12-02,63.39,64.66,65.1,62.04,63.39,25328.6,163041000.0,63.5,64.43,65.18250000000009,61.16,53.02,56.15,2.41,3.35,-0.94,宝明科技,计算机、通信和其他电子设备制造业,主板,64.19499999999981,63.80875000000003,64.70499999999996,66.175,55.30574468085113
2992,2024-12-03,64.65,65.92,66.67,63.34,64.66,27217.6,177432000.0,64.54,64.24,65.5635000000001,61.66,53.34,58.19,2.37,3.15,-0.78,宝明科技,计算机、通信和其他电子设备制造业,主板,64.42749999999981,63.697500000000026,64.61916666666662,65.88,55.86723404255326
2992,2024-12-04,65.9,61.45,66.03,61.01,65.92,29256.0,184548000.0,63.83,63.78,65.6140000000001,62.06,53.59,49.42,1.96,2.91,-0.95,宝明科技,计算机、通信和其他电子设备制造业,主板,63.854999999999805,63.393750000000026,64.30333333333328,65.344375,56.35680851063835
2992,2024-12-05,61.3,60.82,61.95,60.5,61.45,18496.0,113077000.0,63.25,63.18,65.6525000000001,62.4,53.82,48.32,1.58,2.65,-1.07,宝明科技,计算机、通信和其他电子设备制造业,主板,63.21249999999981,63.20875000000003,63.72166666666663,64.68062499999999,56.76574468085113
2992,2024-12-06,61.0,61.27,61.66,59.33,60.82,25708.1,155081000.0,62.82,62.92,65.4130000000001,62.59,54.06,49.19,1.28,2.37,-1.09,宝明科技,计算机、通信和其他电子设备制造业,主板,62.3649999999998,63.28000000000004,63.32749999999996,64.11999999999999,57.197021276595805
2992,2024-12-09,61.26,60.53,62.5,59.96,61.27,17265.8,105573000.0,62.0,62.75,64.9075000000001,62.7,54.27,47.76,0.98,2.1,-1.12,宝明科技,计算机、通信和其他电子设备制造业,主板,61.0174999999998,62.72250000000004,62.80416666666662,63.718749999999986,57.580638297872405
2992,2024-12-10,61.63,61.38,63.55,61.02,60.53,29046.9,180510000.0,61.09,62.82,64.4755000000001,62.98,54.52,49.57,0.8,1.84,-1.04,宝明科技,计算机、通信和其他电子设备制造业,主板,60.9999999999998,62.42750000000004,62.59583333333328,63.47749999999999,57.91723404255326
2992,2024-12-11,61.0,60.64,61.49,59.51,61.38,20740.7,125213000.0,60.93,62.38,63.935500000000104,63.25,54.77,48.01,0.59,1.59,-1.0,宝明科技,计算机、通信和其他电子设备制造业,主板,60.9549999999998,62.08375000000004,62.45749999999995,63.03,58.16255319148943
2992,2024-12-12,60.64,61.2,61.93,60.19,60.64,22493.4,137263000.0,61.0,62.13,63.483500000000106,63.45,55.05,49.31,0.47,1.36,-0.89,宝明科技,计算机、通信和其他电子设备制造业,主板,60.937499999999794,61.65125000000005,62.49916666666662,62.730000000000004,58.42106382978729
2992,2024-12-13,60.99,59.81,61.0,57.63,61.2,28765.6,170879000.0,60.71,61.77,63.1265000000001,63.72,55.32,46.22,0.26,1.14,-0.88,宝明科技,计算机、通信和其他电子设备制造业,主板,60.75749999999979,60.88750000000005,62.06749999999996,62.292500000000004,58.620000000000054
2992,2024-12-16,59.6,58.0,59.92,57.65,59.81,16062.8,93667700.0,60.21,61.1,62.7645000000001,63.82,55.56,42.48,-0.06,0.9,-0.96,宝明科技,计算机、通信和其他电子设备制造业,主板,59.912499999999795,60.45625000000005,61.58916666666662,61.925000000000004,58.85510638297878
2992,2024-12-17,58.0,56.11,59.56,56.03,58.0,20868.2,119649000.0,59.15,60.12,62.1800000000001,63.75,55.8,38.94,-0.46,0.63,-1.09,宝明科技,计算机、通信和其他电子设备制造业,主板,58.7799999999998,59.86750000000004,60.98249999999996,61.53812500000001,59.11361702127666
2992,2024-12-18,56.11,56.7,57.32,55.29,56.11,15820.5,89496800.0,58.36,59.65,61.7150000000001,63.62,56.07,40.61,-0.71,0.36,-1.07,宝明科技,计算机、通信和其他电子设备制造业,主板,57.6549999999998,59.29625000000004,60.31916666666663,61.28812500000001,59.35574468085112
2992,2024-12-19,55.88,55.91,56.7,55.38,56.7,17934.0,100390000.0,57.31,59.15,61.17000000000011,63.49,56.32,39.07,-0.97,0.1,-1.07,宝明科技,计算机、通信和其他电子设备制造业,主板,56.679999999999794,58.71875000000004,59.484999999999964,60.72062500000001,59.60234042553196
2992,2024-12-20,55.92,55.65,57.2,55.39,55.91,18623.0,104718000.0,56.47,58.59,60.758500000000105,63.14,56.59,38.55,-1.19,-0.16,-1.03,宝明科技,计算机、通信和其他电子设备制造业,主板,56.09249999999979,58.00250000000004,59.00166666666663,60.21500000000002,59.846170212766005
2992,2024-12-23,56.2,53.9,56.99,53.78,55.65,19315.3,105643000.0,55.65,57.93,60.33850000000011,62.58,56.84,35.18,-1.48,-0.43,-1.05,宝明科技,计算机、通信和其他电子设备制造业,主板,55.53999999999978,57.16000000000004,58.424999999999955,59.62187500000002,60.005957446808566
2992,2024-12-24,54.2,54.39,54.48,52.8,53.9,16998.2,91222700.0,55.31,57.23,60.02300000000012,62.06,57.06,36.85,-1.65,-0.67,-0.98,宝明科技,计算机、通信和其他电子设备制造业,主板,54.96249999999978,56.30875000000004,57.851666666666624,58.98000000000002,60.15617021276601
2992,2024-12-25,54.3,52.6,54.5,51.35,54.39,21963.4,115446000.0,54.49,56.43,59.40350000000011,61.43,57.25,33.46,-1.91,-0.92,-0.99,宝明科技,计算机、通信和其他电子设备制造业,主板,54.134999999999785,55.40750000000004,57.190833333333295,58.14750000000002,60.23680851063835
2992,2024-12-26,52.6,57.86,57.86,52.01,52.6,33280.9,186452000.0,54.88,56.09,59.109500000000104,61.02,57.51,48.44,-1.68,-1.07,-0.61,宝明科技,计算机、通信和其他电子设备制造业,主板,54.68749999999978,55.39000000000004,56.89749999999996,57.92312500000002,60.38085106382984
2992,2024-12-27,58.59,58.66,60.44,57.92,57.86,44295.0,261892000.0,55.48,55.98,58.873000000000104,60.74,57.73,50.28,-1.41,-1.14,-0.27,宝明科技,计算机、通信和其他电子设备制造业,主板,55.87749999999978,55.70875000000004,56.73249999999996,57.788125000000015,60.57680851063835
2992,2024-12-30,62.38,64.53,64.53,62.0,58.66,26049.2,165540000.0,57.61,56.63,58.8665000000001,60.72,57.98,61.19,-0.7,-1.05,0.35,宝明科技,计算机、通信和其他电子设备制造业,主板,58.41249999999978,56.687500000000036,57.009999999999955,57.991875000000014,60.87574468085112
2992,2024-12-31,65.0,62.6,68.29,62.52,64.53,66166.4,431672000.0,59.25,57.28,58.70050000000009,60.55,58.21,56.78,-0.31,-0.9,0.59,宝明科技,计算机、通信和其他电子设备制造业,主板,60.91249999999979,57.523750000000035,57.24249999999995,58.12125000000002,61.026170212766004
2992,2025-01-02,62.82,62.87,66.3,61.67,62.6,53892.7,345021000.0,61.3,57.9,58.77150000000008,60.44,58.42,57.24,0.03,-0.72,0.75,宝明科技,计算机、通信和其他电子设备制造业,主板,62.16499999999978,58.42625000000004,57.648333333333284,58.21437500000002,61.146170212766
2992,2025-01-03,63.46,61.19,64.7,60.97,62.87,35460.0,223191000.0,61.97,58.42,58.79000000000009,60.26,58.65,53.4,0.16,-0.54,0.7,宝明科技,计算机、通信和其他电子设备制造业,主板,62.79749999999978,59.33750000000005,58.07166666666661,58.24875000000002,61.322553191489405
2992,2025-01-06,60.58,56.29,61.2,55.8,61.19,43048.2,250419000.0,61.5,58.49,58.54100000000009,60.0,58.86,44.1,-0.13,-0.46,0.33,宝明科技,计算机、通信和其他电子设备制造业,主板,60.73749999999978,59.575000000000045,58.03749999999994,57.94187500000002,61.39680851063834
2992,2025-01-07,56.5,58.37,58.4,54.2,56.29,34751.0,195393000.0,60.26,58.94,58.433000000000085,59.87,59.08,48.22,-0.19,-0.4,0.21,宝明科技,计算机、通信和其他电子设备制造业,主板,59.67999999999977,60.29625000000004,58.24249999999994,57.85187500000002,61.46893617021281
2992,2025-01-08,57.3,56.72,58.95,54.53,58.37,25145.0,142171000.0,59.09,59.17,58.20000000000008,59.74,59.28,45.36,-0.36,-0.4,0.04,宝明科技,计算机、通信和其他电子设备制造业,主板,58.14249999999977,60.153750000000045,58.331666666666614,57.77187500000002,61.573617021276625
2992,2025-01-09,56.62,55.35,57.83,55.11,56.72,21096.0,118216000.0,57.58,59.44,57.93550000000007,59.42,59.47,43.08,-0.61,-0.44,-0.17,宝明科技,计算机、通信和其他电子设备制造业,主板,56.68249999999978,59.74000000000005,58.45249999999995,57.72437500000002,61.58234042553194
2992,2025-01-10,55.15,52.35,55.93,52.35,55.35,20672.5,111668000.0,55.82,58.89,57.493000000000066,59.04,59.57,38.51,-1.03,-0.56,-0.47,宝明科技,计算机、通信和其他电子设备制造业,主板,55.697499999999785,58.21750000000006,58.28249999999995,57.45250000000002,61.45574468085108
2992,2025-01-13,53.46,57.59,57.59,52.35,52.35,16759.8,94858600.0,56.08,58.79,57.38200000000006,58.84,59.74,48.74,-0.94,-0.63,-0.31,宝明科技,计算机、通信和其他电子设备制造业,主板,55.502499999999785,57.59125000000006,58.69833333333329,57.557500000000026,61.395106382978746
2992,2025-01-14,58.14,61.2,62.52,58.14,57.59,54605.6,330287000.0,56.64,58.45,57.542000000000066,58.73,59.95,54.37,-0.56,-0.62,0.06,宝明科技,计算机、通信和其他电子设备制造业,主板,56.62249999999978,57.382500000000064,58.976666666666624,57.90437500000003,61.41957446808512
2992,2025-01-15,61.06,59.02,61.06,58.72,61.2,28960.0,172235000.0,57.1,58.1,57.68750000000007,58.5,60.08,50.74,-0.43,-0.58,0.15,宝明科技,计算机、通信和其他电子设备制造业,主板,57.539999999999786,57.11125000000006,59.006666666666625,58.22437500000003,61.26978723404257
2992,2025-01-16,59.88,58.41,59.88,57.04,59.02,24236.0,141295000.0,57.71,57.65,57.77300000000007,58.4,60.23,49.74,-0.38,-0.54,0.16,宝明科技,计算机、通信和其他电子设备制造业,主板,59.05499999999979,57.37625000000006,58.49666666666662,58.47562500000003,61.00957446808512
2992,2025-01-17,58.41,57.8,59.1,57.28,58.41,22657.0,131198000.0,58.8,57.31,57.867500000000064,58.3,60.35,48.71,-0.37,-0.51,0.14,宝明科技,计算机、通信和其他电子设备制造业,主板,59.10749999999978,57.305000000000064,58.096666666666614,58.800625000000025,60.74957446808513
2992,2025-01-20,58.8,58.16,60.88,57.6,57.8,19984.0,117601000.0,58.92,57.5,57.993000000000066,58.19,60.39,49.38,-0.35,-0.48,0.13,宝明科技,计算机、通信和其他电子设备制造业,主板,58.34749999999978,57.485000000000056,57.704166666666616,58.81937500000002,60.46702127659576
2992,2025-01-21,58.2,58.9,59.0,57.06,58.16,15660.0,90772900.0,58.46,57.55,58.243000000000066,58.14,60.42,50.8,-0.26,-0.43,0.17,宝明科技,计算机、通信和其他电子设备制造业,主板,58.317499999999775,57.92875000000005,57.513333333333286,58.83437500000002,60.225744680851086
2992,2025-01-22,58.89,57.8,59.5,57.7,58.9,15664.2,91185200.0,58.21,57.66,58.413500000000056,58.02,60.5,48.62,-0.27,-0.4,0.13,宝明科技,计算机、通信和其他电子设备制造业,主板,58.16499999999977,58.61000000000004,57.63916666666662,58.41375000000002,60.031063829787264
2992,2025-01-23,57.97,56.25,58.68,56.25,57.8,17735.2,102014000.0,57.78,57.75,58.59600000000006,57.87,60.56,45.64,-0.41,-0.4,-0.01,宝明科技,计算机、通信和其他电子设备制造业,主板,57.77749999999976,58.44250000000004,57.46249999999995,58.01687500000002,59.83978723404259
2992,2025-01-24,55.69,56.53,56.79,55.51,56.25,14193.2,79810600.0,57.53,58.17,58.52950000000006,57.72,60.59,46.28,-0.48,-0.42,-0.06,宝明科技,计算机、通信和其他电子设备制造业,主板,57.36999999999977,57.858750000000036,57.44666666666661,57.62062500000002,59.60000000000004
2992,2025-01-27,56.6,58.48,59.65,56.09,56.53,25726.5,149335000.0,57.59,58.26,58.52050000000006,57.67,60.7,50.64,-0.38,-0.41,0.03,宝明科技,计算机、通信和其他电子设备制造业,主板,57.264999999999766,57.79125000000003,57.707499999999946,57.451250000000016,59.44000000000003
2992,2025-02-05,58.53,59.28,60.17,57.69,58.48,22149.7,130674000.0,57.67,58.06,58.25800000000006,57.72,60.77,52.34,-0.24,-0.38,0.14,宝明科技,计算机、通信和其他电子设备制造业,主板,57.63499999999976,57.900000000000034,58.28499999999994,57.63812500000002,59.279787234042594
2992,2025-02-06,59.28,60.74,61.04,58.82,59.28,27212.4,163997000.0,58.26,58.24,58.16500000000006,57.87,60.81,55.38,0.0,-0.3,0.3,宝明科技,计算机、通信和其他电子设备制造业,主板,58.757499999999766,58.267500000000034,58.547499999999935,57.78625000000002,59.21297872340429
2992,2025-02-07,60.74,59.42,61.18,58.72,60.74,25562.8,153635000.0,58.89,58.34,57.99250000000008,57.96,60.79,52.15,0.08,-0.22,0.3,宝明科技,计算机、通信和其他电子设备制造业,主板,59.47999999999977,58.42500000000004,58.399166666666595,57.95500000000001,59.151702127659604
2992,2025-02-10,59.38,59.49,59.8,58.05,59.42,23443.5,137903000.0,59.48,58.5,57.90750000000007,58.08,60.78,52.3,0.14,-0.15,0.29,宝明科技,计算机、通信和其他电子设备制造业,主板,59.73249999999977,58.498750000000044,58.43833333333327,58.21375000000001,59.12595744680854
2992,2025-02-11,59.39,58.58,59.39,57.78,59.49,18948.1,110673000.0,59.5,58.55,58.02200000000007,58.18,60.66,49.98,0.13,-0.1,0.23,宝明科技,计算机、通信和其他电子设备制造业,主板,59.55749999999977,58.59625000000005,58.45249999999994,58.60312500000001,58.98957446808514
2992,2025-02-12,58.31,58.6,58.99,57.86,58.58,18096.7,105608000.0,59.37,58.52,58.033500000000075,58.33,60.46,50.03,0.1,-0.06,0.16,宝明科技,计算机、通信和其他电子设备制造业,主板,59.022499999999766,58.89000000000004,58.519166666666614,58.66625000000001,58.88021276595748
2992,2025-02-13,58.51,58.52,59.96,58.03,58.6,25345.7,149883000.0,58.92,58.59,58.12350000000007,58.47,60.27,49.81,0.08,-0.03,0.11,宝明科技,计算机、通信和其他电子设备制造业,主板,58.79749999999976,59.138750000000044,58.549166666666615,58.49875000000001,58.77659574468089
2992,2025-02-14,58.56,62.32,63.7,58.55,58.52,54218.1,336327000.0,59.5,59.2,58.47200000000007,58.8,60.11,59.21,0.37,0.05,0.32,宝明科技,计算机、通信和其他电子设备制造业,主板,59.504999999999754,59.61875000000005,58.83416666666662,58.70500000000001,58.72680851063834
2992,2025-02-17,62.0,61.13,62.49,59.6,62.32,37228.7,226352000.0,59.83,59.66,58.91100000000008,58.9,59.96,55.69,0.49,0.14,0.35,宝明科技,计算机、通信和其他电子设备制造业,主板,60.14249999999976,59.85000000000005,59.11166666666662,58.875000000000014,58.62489361702132
2992,2025-02-18,60.5,59.8,62.5,59.78,61.13,28295.5,172837000.0,60.07,59.79,59.02150000000008,58.94,59.84,51.97,0.48,0.21,0.27,宝明科技,计算机、通信和其他电子设备制造业,主板,60.44249999999976,59.732500000000044,59.40749999999995,59.000000000000014,58.58978723404261
2992,2025-02-19,59.8,63.43,63.54,59.17,59.8,38017.6,237004000.0,61.04,60.2,59.13300000000008,58.91,59.81,59.85,0.75,0.32,0.43,宝明科技,计算机、通信和其他电子设备制造业,主板,61.66999999999975,60.233750000000036,59.98249999999995,59.32937500000001,58.64531914893622
2992,2025-02-20,64.64,63.71,65.99,63.49,63.43,36764.2,237639000.0,62.08,60.5,59.367500000000085,58.94,59.74,60.39,0.98,0.45,0.53,宝明科技,计算机、通信和其他电子设备制造业,主板,62.01749999999976,60.76125000000003,60.41833333333329,59.63000000000002,58.69723404255324
2992,2025-02-21,63.29,63.63,64.0,62.01,63.71,36850.9,231345000.0,62.34,60.92,59.62850000000009,58.97,59.71,60.14,1.14,0.59,0.55,宝明科技,计算机、通信和其他电子设备制造业,主板,62.64249999999976,61.392500000000034,60.780833333333284,59.99437500000002,58.763191489361745
2992,2025-02-24,63.03,64.68,65.9,62.77,63.63,34802.8,224402000.0,63.05,61.44,59.972500000000096,59.08,59.67,62.33,1.34,0.74,0.6,宝明科技,计算机、通信和其他电子设备制造业,主板,63.862499999999756,62.15250000000003,61.109166666666624,60.52125000000002,58.83340425531919
2992,2025-02-25,63.5,64.7,66.22,62.18,64.68,30337.8,194865000.0,64.03,62.05,60.299500000000094,59.37,59.68,62.38,1.48,0.89,0.59,宝明科技,计算机、通信和其他电子设备制造业,主板,64.17999999999975,62.92500000000004,61.54916666666663,61.03187500000003,58.919787234042595
2992,2025-02-26,64.69,65.22,66.38,63.8,64.7,38290.2,250646000.0,64.39,62.71,60.61550000000009,59.59,59.73,63.53,1.61,1.03,0.58,宝明科技,计算机、通信和其他电子设备制造业,主板,64.55749999999976,63.287500000000044,62.026666666666635,61.45312500000003,59.00531914893621
2992,2025-02-27,65.55,64.66,65.79,63.46,65.22,24965.0,160844000.0,64.58,63.33,60.95850000000009,59.86,59.8,61.35,1.65,1.15,0.5,宝明科技,计算机、通信和其他电子设备制造业,主板,64.81499999999977,63.72875000000005,62.533333333333296,61.789375000000035,59.10851063829791
2992,2025-02-28,64.51,64.14,66.9,63.66,64.66,37172.0,242458000.0,64.68,63.51,61.3530000000001,60.15,59.78,59.32,1.63,1.25,0.38,宝明科技,计算机、通信和其他电子设备制造业,主板,64.67999999999977,64.27125000000005,62.994999999999955,62.00187500000004,59.239148936170245
2992,2025-03-03,64.0,63.22,65.25,62.06,64.14,26987.8,171900000.0,64.39,63.72,61.6875000000001,60.51,59.78,55.8,1.51,1.3,0.21,宝明科技,计算机、通信和其他电子设备制造业,主板,64.30999999999976,64.24500000000006,63.38666666666663,62.239375000000045,59.39042553191492
2992,2025-03-04,63.2,63.06,63.2,61.9,63.22,16065.3,100754000.0,64.06,64.04,61.9165000000001,60.7,59.77,55.18,1.4,1.32,0.08,宝明科技,计算机、通信和其他电子设备制造业,主板,63.76999999999976,64.16375000000005,63.448333333333295,62.46250000000005,59.52574468085109
2992,2025-03-05,63.06,63.08,63.21,62.1,63.06,13986.3,87772700.0,63.63,64.01,62.106500000000096,60.76,59.74,55.25,1.29,1.32,-0.03,宝明科技,计算机、通信和其他电子设备制造业,主板,63.374999999999766,64.09500000000006,63.6108333333333,62.74375000000004,59.67829787234046
2992,2025-03-06,63.66,64.05,64.98,63.0,63.08,16893.4,108033000.0,63.51,64.04,62.27200000000009,60.93,59.71,58.46,1.26,1.3,-0.04,宝明科技,计算机、通信和其他电子设备制造业,主板,63.352499999999765,64.01625000000004,63.96499999999997,63.084375000000044,59.85702127659578
2992,2025-03-07,64.0,63.15,64.79,62.5,64.05,16327.1,103850000.0,63.31,64.0,62.45850000000009,61.08,59.74,54.55,1.17,1.28,-0.11,宝明科技,计算机、通信和其他电子设备制造业,主板,63.33499999999976,63.82250000000004,63.941666666666634,63.373750000000044,60.05382978723408
2992,2025-03-10,64.34,69.47,69.47,64.01,63.15,36309.5,251038000.0,64.56,64.47,62.957500000000095,61.47,59.88,69.81,1.57,1.34,0.23,宝明科技,计算机、通信和其他电子设备制造业,主板,64.93749999999976,64.35375000000003,64.42166666666664,63.82062500000004,60.374680851063864
2992,2025-03-11,70.01,74.7,75.97,70.01,69.47,106410.0,778902000.0,66.89,65.47,63.7635000000001,62.02,60.11,76.76,2.3,1.53,0.77,宝明科技,计算机、通信和其他电子设备制造业,主板,67.84249999999976,65.60875000000004,65.34416666666664,64.66875000000003,60.844893617021306
2992,2025-03-12,74.69,73.15,77.66,73.12,74.7,65777.3,493614000.0,68.9,66.27,64.49100000000011,62.5,60.32,71.51,2.71,1.76,0.95,宝明科技,计算机、通信和其他电子设备制造业,主板,70.11749999999977,66.73500000000004,66.04999999999997,65.50312500000004,61.17021276595747
2992,2025-03-13,72.76,75.27,77.62,72.5,73.15,67182.0,507986000.0,71.15,67.33,65.3285000000001,63.08,60.55,74.12,3.18,2.05,1.13,宝明科技,计算机、通信和其他电子设备制造业,主板,73.14749999999977,68.24125000000004,66.9308333333333,66.24312500000003,61.52361702127663
2992,2025-03-14,75.36,76.04,76.25,74.08,75.27,29805.4,224573000.0,73.73,68.52,66.01450000000011,63.74,60.81,75.01,3.56,2.35,1.21,宝明科技,计算机、通信和其他电子设备制造业,主板,74.78999999999976,69.86375000000004,67.83249999999997,67.01375000000003,61.7685106382979
2992,2025-03-17,75.8,79.53,80.98,75.27,76.04,52625.9,416566000.0,75.74,70.15,66.9345000000001,64.51,61.11,78.62,4.1,2.7,1.4,宝明科技,计算机、通信和其他电子设备制造业,主板,75.99749999999976,71.92000000000003,69.07166666666663,68.00750000000002,62.128723404255354
2992,2025-03-18,79.73,79.13,81.8,78.99,79.53,27784.2,222006000.0,76.62,71.76,67.9010000000001,65.2,61.43,77.24,4.45,3.05,1.4,宝明科技,计算机、通信和其他电子设备制造业,主板,77.49249999999975,73.80500000000004,70.3208333333333,68.91062500000002,62.474680851063866
2992,2025-03-19,78.76,79.98,81.0,78.0,79.13,22731.4,181584000.0,77.99,73.45,68.7285000000001,65.89,61.8,78.12,4.74,3.39,1.35,宝明科技,计算机、通信和其他电子设备制造业,主板,78.66999999999976,75.90875000000004,71.71749999999996,69.86562500000002,62.87446808510642
2992,2025-03-20,79.99,74.13,80.0,73.74,79.98,51684.9,391879000.0,77.76,74.46,69.2495000000001,66.33,62.1,60.76,4.45,3.6,0.85,宝明科技,计算机、通信和其他电子设备制造业,主板,78.19249999999975,76.49125000000004,72.63999999999997,70.42250000000003,63.25404255319153
2992,2025-03-21,73.11,71.51,74.45,70.96,74.13,25511.7,184498000.0,76.86,75.29,69.6435000000001,66.74,62.35,54.88,3.95,3.67,0.28,宝明科技,计算机、通信和其他电子设备制造业,主板,76.18749999999974,76.09250000000003,73.34249999999996,70.85062500000002,63.53361702127664
2992,2025-03-24,71.51,72.05,73.29,70.73,71.51,21406.2,153756000.0,75.36,75.55,70.01200000000009,67.15,62.62,55.83,3.56,3.65,-0.09,宝明科技,计算机、通信和其他电子设备制造业,主板,74.41749999999975,75.95500000000003,74.00916666666663,71.34500000000001,63.85978723404261
2992,2025-03-25,71.56,73.75,75.12,70.54,72.05,29814.3,217681000.0,74.28,75.45,70.46450000000009,67.66,62.92,58.77,3.36,3.59,-0.23,宝明科技,计算机、通信和其他电子设备制造业,主板,72.85999999999974,75.76500000000003,74.89249999999997,72.00312500000001,64.25127659574474
