code,timestamps,open,close,high,low,ycp,vol,amount,MA5,MA10,MA20,MA30,MA60,MSI,DIF,DEA,MACD_Hist,name,industry,block,MA4,MA8,MA12,MA16,MA47
300610,2018-04-02,15.2,15.13,15.48,15.09,15.13,18682.3,28545200.0,,,15.13,,,,0.0,0.0,0.0,晨化股份,化学原料和化学制品制造业,创业板,15.13,15.13,15.13,15.13,15.13
300610,2018-04-03,14.88,15.7,15.7,14.65,15.13,20219.7,30769800.0,,,15.415,,,,0.05,0.01,0.04,晨化股份,化学原料和化学制品制造业,创业板,15.415,15.415,15.415,15.415,15.415
300610,2018-04-04,15.62,15.27,15.78,15.2,15.7,17346.1,26725500.0,,,15.366666666666665,,,,0.05,0.02,0.03,晨化股份,化学原料和化学制品制造业,创业板,15.366666666666665,15.366666666666665,15.366666666666665,15.366666666666665,15.366666666666665
300610,2018-04-09,15.26,15.94,16.8,15.24,15.27,40324.2,65409900.0,,,15.509999999999998,,,,0.1,0.03,0.07,晨化股份,化学原料和化学制品制造业,创业板,15.509999999999998,15.509999999999998,15.509999999999998,15.509999999999998,15.509999999999998
300610,2018-04-10,15.77,15.36,15.88,15.05,15.94,32485.8,50141400.0,15.48,,15.479999999999999,,,,0.09,0.05,0.04,晨化股份,化学原料和化学制品制造业,创业板,15.567499999999997,15.479999999999999,15.479999999999999,15.479999999999999,15.479999999999999
300610,2018-04-11,15.02,15.38,15.59,15.02,15.36,18716.8,28783500.0,15.53,,15.463333333333331,,,,0.09,0.05,0.04,晨化股份,化学原料和化学制品制造业,创业板,15.487499999999997,15.463333333333331,15.463333333333331,15.463333333333331,15.463333333333331
300610,2018-04-12,15.65,15.85,15.96,15.38,15.38,25156.3,39484600.0,15.56,,15.518571428571425,,,,0.12,0.07,0.05,晨化股份,化学原料和化学制品制造业,创业板,15.632499999999997,15.518571428571425,15.518571428571425,15.518571428571425,15.518571428571425
300610,2018-04-13,15.88,15.73,16.22,15.72,15.85,20699.1,33059000.0,15.65,,15.544999999999998,,,,0.14,0.08,0.06,晨化股份,化学原料和化学制品制造业,创业板,15.579999999999998,15.544999999999998,15.544999999999998,15.544999999999998,15.544999999999998
300610,2018-04-16,15.58,15.44,15.73,15.15,15.73,11073.6,17052500.0,15.55,,15.533333333333331,,,,0.13,0.09,0.04,晨化股份,化学原料和化学制品制造业,创业板,15.599999999999998,15.583749999999998,15.533333333333331,15.533333333333331,15.533333333333331
300610,2018-04-17,15.51,14.16,15.92,14.0,15.44,21505.8,31760400.0,15.31,15.4,15.395999999999997,,,,0.01,0.08,-0.07,晨化股份,化学原料和化学制品制造业,创业板,15.294999999999996,15.391249999999998,15.395999999999997,15.395999999999997,15.395999999999997
300610,2018-04-18,14.37,14.43,14.45,13.87,14.16,14057.2,19916200.0,15.12,15.33,15.308181818181817,,,,-0.05,0.05,-0.1,晨化股份,化学原料和化学制品制造业,创业板,14.939999999999996,15.286249999999997,15.308181818181817,15.308181818181817,15.308181818181817
300610,2018-04-19,14.43,14.29,14.46,14.2,14.43,11352.3,16287700.0,14.81,15.18,15.223333333333331,,,,-0.11,0.02,-0.13,晨化股份,化学原料和化学制品制造业,创业板,14.579999999999995,15.079999999999998,15.223333333333331,15.223333333333331,15.223333333333331
300610,2018-04-20,14.26,13.69,14.37,13.69,14.29,9576.1,13395300.0,14.4,15.03,15.105384615384613,,,,-0.22,-0.03,-0.19,晨化股份,化学原料和化学制品制造业,创业板,14.142499999999995,14.871249999999998,15.103333333333332,15.105384615384613,15.105384615384613
300610,2018-04-23,13.7,13.72,13.89,13.59,13.69,6408.6,8784990.0,14.06,14.81,15.00642857142857,,,31.29,-0.28,-0.08,-0.2,晨化股份,化学原料和化学制品制造业,创业板,14.032499999999995,14.66375,14.938333333333333,15.00642857142857,15.00642857142857
300610,2018-04-24,13.9,14.26,14.31,13.76,13.72,9187.28,12954000.0,14.08,14.69,14.956666666666665,,,41.12,-0.29,-0.12,-0.17,晨化股份,化学原料和化学制品制造业,创业板,13.989999999999997,14.465,14.854166666666664,14.956666666666665,14.956666666666665
300610,2018-04-25,14.21,14.57,14.7,14.21,14.26,11592.4,16860300.0,14.11,14.61,14.932499999999997,,,45.9,-0.27,-0.15,-0.12,晨化股份,化学原料和化学制品制造业,创业板,14.059999999999997,14.319999999999999,14.739999999999997,14.932499999999997,14.932499999999997
300610,2018-04-26,14.5,13.91,14.5,13.88,14.57,10354.5,14634900.0,14.03,14.42,14.872352941176468,,,38.69,-0.31,-0.18,-0.13,晨化股份,化学原料和化学制品制造业,创业板,14.114999999999998,14.12875,14.619166666666663,14.856249999999998,14.872352941176468
300610,2018-04-27,14.01,13.89,14.12,13.83,13.91,5658.78,7891760.0,14.07,14.24,14.817777777777776,,,38.5,-0.33,-0.21,-0.12,晨化股份,化学原料和化学制品制造业,创业板,14.157499999999999,14.095,14.494999999999996,14.743125,14.817777777777776
300610,2018-05-02,13.99,13.58,13.99,13.51,13.89,6425.28,8781480.0,14.04,14.05,14.752631578947366,,,35.48,-0.37,-0.24,-0.13,晨化股份,化学原料和化学制品制造业,创业板,13.987499999999999,13.98875,14.30583333333333,14.6375,14.752631578947366
300610,2018-05-03,13.5,13.81,13.83,13.19,13.58,7156.5,9652350.0,13.95,14.02,14.705499999999997,,,39.28,-0.38,-0.27,-0.11,晨化股份,化学原料和化学制品制造业,创业板,13.797499999999998,13.92875,14.14583333333333,14.504375,14.705499999999997
300610,2018-05-04,13.81,13.92,14.19,13.69,13.81,10030.5,14079800.0,13.82,13.96,14.645,,,41.07,-0.37,-0.29,-0.08,晨化股份,化学原料和化学制品制造业,创业板,13.799999999999997,13.957500000000001,14.019166666666663,14.414375,14.668095238095237
300610,2018-05-07,13.85,14.36,14.49,13.85,13.92,9315.07,13315900.0,13.91,13.97,14.578,,,47.71,-0.33,-0.3,-0.03,晨化股份,化学原料和化学制品制造业,创业板,13.917499999999997,14.037500000000001,14.035833333333331,14.350625,14.65409090909091
300610,2018-05-08,14.39,15.0,15.36,14.28,14.36,27770.4,41078600.0,14.13,14.1,14.5645,,,55.55,-0.24,-0.29,0.05,晨化股份,化学原料和化学制品制造业,创业板,14.272499999999997,14.13,14.08333333333333,14.297500000000001,14.669130434782607
300610,2018-05-09,15.85,15.2,15.85,15.02,15.0,27416.4,41930100.0,14.46,14.25,14.5275,,,57.69,-0.14,-0.26,0.12,晨化股份,化学原料和化学制品制造业,创业板,14.619999999999997,14.208750000000002,14.159166666666664,14.264375000000001,14.691249999999998
300610,2018-05-10,15.2,16.72,16.72,15.2,15.2,25810.0,42815800.0,15.04,14.5,14.595499999999998,,,69.63,0.05,-0.2,0.25,晨化股份,化学原料和化学制品制造业,创业板,15.319999999999997,14.560000000000002,14.411666666666664,14.344375000000001,14.772399999999998
300610,2018-05-11,18.39,17.0,18.39,16.78,16.72,126272.0,226244000.0,15.66,14.74,14.676499999999999,,,71.24,0.21,-0.11,0.32,晨化股份,化学原料和化学制品制造业,创业板,15.979999999999997,14.948750000000002,14.684999999999997,14.521875000000001,14.85807692307692
300610,2018-05-14,15.6,15.3,15.99,15.3,17.0,70003.8,108732000.0,15.84,14.88,14.648999999999997,,,52.9,0.21,-0.05,0.26,晨化股份,化学原料和化学制品制造业,创业板,16.054999999999996,15.163750000000002,14.771666666666667,14.576250000000002,14.874444444444443
300610,2018-05-15,15.23,15.39,15.59,15.12,15.3,32820.3,50250200.0,15.92,15.03,14.631999999999996,,,53.58,0.22,0.0,0.22,晨化股份,化学原料和化学制品制造业,创业板,16.102499999999996,15.361250000000002,14.839999999999998,14.645000000000001,14.89285714285714
300610,2018-05-16,15.27,15.32,15.77,15.21,15.39,36044.1,55874000.0,15.95,15.2,14.625999999999996,,,52.94,0.21,0.05,0.16,晨化股份,化学原料和化学制品制造业,创业板,15.752499999999998,15.53625,14.957499999999998,14.746875000000001,14.90758620689655
300610,2018-05-17,15.23,15.6,15.81,14.86,15.32,46211.9,71187800.0,15.72,15.38,14.697999999999997,14.93,,55.25,0.22,0.08,0.14,晨化股份,化学原料和化学制品制造业,创业板,15.402499999999996,15.691250000000002,15.1,14.864375,14.930666666666665
300610,2018-05-18,15.54,15.9,16.35,15.5,15.6,46982.1,75025200.0,15.5,15.58,14.771499999999994,14.96,,57.65,0.26,0.12,0.14,晨化股份,化学原料和化学制品制造业,创业板,15.552499999999998,15.80375,15.293333333333331,14.966875000000002,14.961935483870965
300610,2018-05-21,15.8,16.54,16.65,15.65,15.9,54067.6,87867700.0,15.75,15.8,14.883999999999995,14.98,,62.29,0.33,0.16,0.17,晨化股份,化学原料和化学制品制造业,创业板,15.84,15.97125,15.52083333333333,15.090000000000003,15.011249999999999
300610,2018-05-22,16.6,16.28,16.6,16.15,16.54,35229.4,57496400.0,15.93,15.92,15.013499999999997,15.02,,59.44,0.36,0.2,0.16,晨化股份,化学原料和化学制品制造业,创业板,16.08,15.916250000000002,15.7175,15.238125000000002,15.049696969696969
300610,2018-05-23,16.25,15.63,16.35,15.58,16.28,32876.0,52347300.0,15.99,15.97,15.108999999999995,15.01,,52.92,0.34,0.23,0.11,晨化股份,化学原料和化学制品制造业,创业板,16.0875,15.745000000000001,15.823333333333332,15.346875000000004,15.066764705882353
300610,2018-05-24,15.53,16.17,16.21,15.53,15.63,27828.0,44403300.0,16.1,15.91,15.204499999999996,15.03,,57.13,0.36,0.25,0.11,晨化股份,化学原料和化学制品制造业,创业板,16.154999999999998,15.85375,15.920833333333334,15.508750000000004,15.098285714285712
300610,2018-05-25,16.21,16.08,16.38,15.77,16.17,26274.1,42351400.0,16.14,15.82,15.279999999999996,15.06,,56.22,0.35,0.27,0.08,晨化股份,化学原料和化学制品制造业,创业板,16.04,15.94,15.994166666666667,15.650625000000005,15.125555555555556
300610,2018-05-28,15.85,16.31,17.3,15.81,16.08,36954.3,60872500.0,16.09,15.92,15.399999999999995,15.07,,58.05,0.37,0.29,0.08,晨化股份,化学原料和化学制品制造业,创业板,16.0475,16.06375,15.96,15.800000000000006,15.157567567567565
300610,2018-05-29,16.12,15.73,16.4,15.62,16.31,26010.6,41778100.0,15.98,15.96,15.491999999999996,15.07,,52.15,0.33,0.3,0.03,晨化股份,化学原料和化学制品制造业,创业板,16.0725,16.08,15.854166666666666,15.885625000000005,15.172631578947367
300610,2018-05-30,15.18,14.5,15.18,14.43,15.73,27953.3,41424500.0,15.76,15.87,15.537999999999997,15.04,,42.33,0.2,0.28,-0.08,晨化股份,化学原料和化学制品制造业,创业板,15.655000000000001,15.904999999999998,15.7875,15.854375000000005,15.155384615384614
300610,2018-05-31,14.58,14.7,14.92,14.52,14.5,18933.8,27823600.0,15.46,15.78,15.582499999999996,15.06,,44.17,0.11,0.25,-0.14,晨化股份,化学原料和化学制品制造业,创业板,15.310000000000002,15.674999999999997,15.729999999999999,15.823125000000005,15.144
300610,2018-06-01,14.56,14.32,14.86,14.11,14.7,13743.0,19947000.0,15.11,15.63,15.602499999999996,15.06,,41.46,0.0,0.2,-0.2,晨化股份,化学原料和化学制品制造业,创业板,14.8125,15.429999999999996,15.646666666666667,15.673125000000004,15.123902439024391
300610,2018-06-04,14.45,14.52,14.79,14.16,14.32,10470.8,15161700.0,14.75,15.42,15.610499999999993,15.06,,43.43,-0.06,0.15,-0.21,晨化股份,化学原料和化学制品制造业,创业板,14.509999999999998,15.291249999999998,15.556666666666667,15.518125000000005,15.109523809523811
300610,2018-06-05,14.47,14.95,14.95,14.47,14.52,13945.7,20637000.0,14.6,15.29,15.607999999999993,15.11,,47.51,-0.07,0.1,-0.17,晨化股份,化学原料和化学制品制造业,创业板,14.622499999999999,15.138749999999996,15.4775,15.496250000000003,15.105813953488374
300610,2018-06-06,14.82,15.14,15.17,14.81,14.95,13066.4,19666800.0,14.73,15.24,15.604999999999993,15.15,,49.25,-0.07,0.07,-0.14,晨化股份,化学原料和化学制品制造业,创业板,14.732499999999998,15.021249999999997,15.360833333333334,15.480625000000003,15.10659090909091
300610,2018-06-07,15.2,14.79,15.3,14.67,15.14,11780.5,17608200.0,14.74,15.1,15.508499999999993,15.17,,46.21,-0.09,0.04,-0.13,晨化股份,化学原料和化学制品制造业,创业板,14.85,14.831249999999997,15.236666666666666,15.447500000000005,15.099555555555556
300610,2018-06-08,14.74,14.86,14.9,14.53,14.79,9900.64,14590400.0,14.85,14.98,15.401499999999993,15.18,,46.92,-0.1,0.01,-0.11,晨化股份,化学原料和化学制品制造业,创业板,14.934999999999999,14.722499999999998,15.1725,15.401250000000006,15.094347826086958
300610,2018-06-11,14.98,14.83,15.18,14.65,14.86,11666.5,17445600.0,14.91,14.83,15.377999999999991,15.21,,46.63,-0.11,-0.01,-0.1,晨化股份,化学原料和化学制品制造业,创业板,14.904999999999998,14.763749999999998,15.060833333333335,15.334375000000007,15.08872340425532
300610,2018-06-12,14.86,14.97,15.07,14.33,14.83,11972.0,17711300.0,14.92,14.76,15.356999999999994,15.25,,48.2,-0.11,-0.03,-0.08,晨化股份,化学原料和化学制品制造业,创业板,14.862499999999997,14.797499999999998,14.968333333333334,15.236250000000007,15.085319148936172
300610,2018-06-13,14.99,14.2,14.99,14.13,14.97,14316.5,20789200.0,14.73,14.73,15.300999999999993,15.27,,41.06,-0.17,-0.06,-0.11,晨化股份,化学原料和化学制品制造业,创业板,14.714999999999998,14.782499999999999,14.792499999999999,15.106250000000008,15.053404255319151
300610,2018-06-14,14.07,14.21,14.37,14.01,14.2,6646.5,9447580.0,14.61,14.68,15.231499999999992,15.28,,41.18,-0.21,-0.09,-0.12,晨化股份,化学原料和化学制品制造业,创业板,14.552499999999998,14.74375,14.665833333333333,15.017500000000009,15.030851063829791
300610,2018-06-15,14.28,13.5,14.28,13.39,14.21,11396.5,15625200.0,14.34,14.6,15.111499999999992,15.27,,35.55,-0.29,-0.13,-0.16,晨化股份,化学原料和化学制品制造业,创业板,14.219999999999999,14.562499999999998,14.582500000000001,14.850625000000008,14.978936170212767
300610,2018-06-19,13.45,12.18,13.75,12.15,13.5,16776.5,21360900.0,13.81,14.36,14.893499999999992,15.19,,27.92,-0.46,-0.2,-0.26,晨化股份,化学原料和化学制品制造业,创业板,13.5225,14.192499999999997,14.372500000000002,14.60687500000001,14.911276595744681
300610,2018-06-20,12.23,12.6,12.68,12.06,12.18,13602.8,16897300.0,13.34,14.13,14.709499999999991,15.11,,32.86,-0.56,-0.27,-0.29,晨化股份,化学原料和化学制品制造业,创业板,13.122499999999999,13.918749999999996,14.22916666666667,14.375000000000009,14.85212765957447
300610,2018-06-21,12.69,12.12,12.69,12.11,12.6,9445.21,11670800.0,12.92,13.83,14.533999999999992,15.01,,30.3,-0.67,-0.35,-0.32,晨化股份,化学原料和化学制品制造业,创业板,12.6,13.576249999999996,14.029166666666669,14.14937500000001,14.77276595744681
300610,2018-06-22,12.0,12.32,12.46,11.61,12.12,8378.0,10224500.0,12.54,13.58,14.341499999999991,14.87,,32.65,-0.73,-0.43,-0.3,晨化股份,化学原料和化学制品制造业,创业板,12.305,13.262499999999998,13.810000000000002,14.01312500000001,14.700212765957449
300610,2018-06-25,12.41,12.57,13.0,12.39,12.32,13665.0,17441800.0,12.36,13.35,14.165999999999991,14.72,,35.58,-0.74,-0.49,-0.25,晨化股份,化学原料和化学制品制造业,创业板,12.4025,12.962499999999999,13.595833333333337,13.88000000000001,14.639148936170214
300610,2018-06-26,12.2,12.79,12.84,12.03,12.57,8317.0,10509200.0,12.48,13.15,13.989999999999991,14.63,,38.13,-0.73,-0.54,-0.19,晨化股份,化学原料和化学制品制造业,创业板,12.45,12.786249999999997,13.429166666666669,13.78437500000001,14.610000000000001
300610,2018-06-27,12.79,12.69,13.12,12.58,12.79,7033.46,8972850.0,12.5,12.92,13.83799999999999,14.54,,37.4,-0.72,-0.57,-0.15,晨化股份,化学原料和化学制品制造业,创业板,12.5925,12.596249999999998,13.248333333333335,13.670000000000009,14.572978723404258
300610,2018-06-28,12.69,12.38,12.88,12.33,12.69,7420.17,9350570.0,12.55,12.74,13.73199999999999,14.45,,35.17,-0.74,-0.61,-0.13,晨化股份,化学原料和化学制品制造业,创业板,12.6075,12.456249999999997,13.044166666666667,13.50937500000001,14.532340425531919
300610,2018-06-29,12.32,12.81,12.87,12.32,12.38,8186.5,10418800.0,12.65,12.6,13.637499999999992,14.35,14.64,40.47,-0.7,-0.63,-0.07,晨化股份,化学原料和化学制品制造业,创业板,12.6675,12.534999999999997,12.864166666666668,13.36375000000001,14.513617021276598
300610,2018-07-02,12.83,12.6,12.95,12.5,12.81,9144.5,11677500.0,12.65,12.51,13.551499999999994,14.24,14.6,38.8,-0.67,-0.63,-0.04,晨化股份,化学原料和化学制品制造业,创业板,12.620000000000001,12.534999999999997,12.730833333333335,13.22687500000001,14.489787234042556
300610,2018-07-03,12.6,12.95,12.95,12.42,12.6,10444.0,13323900.0,12.69,12.58,13.472999999999994,14.12,14.55,43.02,-0.62,-0.63,0.01,晨化股份,化学原料和化学制品制造业,创业板,12.685000000000002,12.638749999999996,12.625833333333333,13.107500000000009,14.461914893617024
300610,2018-07-04,12.94,12.62,12.95,12.5,12.95,9149.49,11640200.0,12.67,12.58,13.356499999999993,14.0,14.51,40.21,-0.6,-0.63,0.03,晨化股份,化学原料和化学制品制造业,创业板,12.745000000000001,12.676249999999996,12.5525,12.969375000000008,14.420425531914896
300610,2018-07-05,12.62,12.73,13.85,12.6,12.62,20212.5,26382500.0,12.74,12.65,13.235999999999995,13.9,14.46,41.58,-0.58,-0.62,0.04,晨化股份,化学原料和化学制品制造业,创业板,12.725000000000001,12.696249999999996,12.598333333333331,12.829375000000008,14.395319148936174
300610,2018-07-06,12.55,12.67,12.97,12.22,12.73,13363.0,16827700.0,12.71,12.68,13.129999999999995,13.79,14.41,41.03,-0.55,-0.6,0.05,晨化股份,化学原料和化学制品制造业,创业板,12.742500000000001,12.681249999999995,12.604166666666664,12.733750000000008,14.369361702127662
300610,2018-07-09,12.6,12.85,12.99,12.6,12.67,13770.5,17660700.0,12.76,12.71,13.029499999999995,13.68,14.37,43.45,-0.51,-0.58,0.07,晨化股份,化学原料和化学制品制造业,创业板,12.717500000000001,12.701249999999995,12.664999999999997,12.648750000000007,14.353829787234044
300610,2018-07-10,12.82,13.0,13.03,12.75,12.85,11050.0,14265800.0,12.77,12.73,12.937999999999997,13.57,14.32,45.47,-0.45,-0.56,0.11,晨化股份,化学原料和化学制品制造业,创业板,12.812500000000002,12.778749999999995,12.721666666666664,12.617500000000007,14.336595744680855
300610,2018-07-11,12.8,12.4,12.8,11.99,13.0,14703.0,18156500.0,12.73,12.7,12.809499999999995,13.46,14.27,39.42,-0.46,-0.54,0.08,晨化股份,化学原料和化学制品制造业,创业板,12.73,12.727499999999996,12.707499999999998,12.631250000000007,14.30425531914894
300610,2018-07-12,12.36,12.82,13.05,12.35,12.4,17804.0,22739600.0,12.75,12.74,12.740499999999994,13.4,14.22,44.94,-0.42,-0.51,0.09,晨化股份,化学原料和化学制品制造业,创业板,12.7675,12.754999999999995,12.709999999999999,12.645000000000007,14.271489361702132
300610,2018-07-13,12.97,13.0,13.14,12.76,12.82,16101.5,20892800.0,12.81,12.76,12.679999999999994,13.35,14.2,47.17,-0.38,-0.49,0.11,晨化股份,化学原料和化学制品制造业,创业板,12.804999999999998,12.761249999999995,12.735833333333332,12.700000000000006,14.228936170212771
300610,2018-07-16,12.92,12.85,13.0,12.81,13.0,9389.5,12095000.0,12.81,12.79,12.647499999999994,13.3,14.18,45.52,-0.35,-0.46,0.11,晨化股份,化学原料和化学制品制造业,创业板,12.767499999999998,12.789999999999994,12.774999999999999,12.733125000000006,14.17893617021277
300610,2018-07-17,12.85,12.82,12.89,12.59,12.85,6724.9,8571430.0,12.78,12.78,12.679499999999994,13.24,14.15,45.18,-0.32,-0.43,0.11,晨化股份,化学原料和化学制品制造业,创业板,12.872499999999999,12.801249999999994,12.775833333333331,12.748750000000006,14.095957446808516
300610,2018-07-18,12.85,12.8,13.1,12.73,12.82,8679.28,11206600.0,12.86,12.79,12.689499999999994,13.17,14.14,44.93,-0.3,-0.41,0.11,晨化股份,化学原料和化学制品制造业,创业板,12.867499999999998,12.817499999999994,12.792499999999999,12.749375000000008,14.006595744680855
300610,2018-07-19,12.86,12.48,12.86,12.35,12.8,9117.28,11426900.0,12.79,12.77,12.707499999999992,13.08,14.12,41.15,-0.31,-0.39,0.08,晨化股份,化学原料和化学制品制造业,创业板,12.737499999999997,12.771249999999995,12.753333333333332,12.736250000000007,13.946595744680856
300610,2018-07-20,12.45,12.73,12.74,12.38,12.48,6617.78,8325570.0,12.74,12.78,12.727999999999994,13.01,14.09,45.04,-0.28,-0.37,0.09,晨化股份,化学原料和化学制品制造业,创业板,12.707499999999998,12.737499999999995,12.762499999999998,12.758125000000007,13.890000000000006
300610,2018-07-23,12.7,12.79,12.8,12.58,12.73,5078.0,6449490.0,12.72,12.77,12.738999999999995,12.94,14.06,45.97,-0.26,-0.34,0.08,晨化股份,化学原料和化学制品制造业,创业板,12.699999999999998,12.786249999999995,12.767499999999998,12.756875000000006,13.83617021276596
300610,2018-07-24,12.9,12.9,12.97,12.77,12.79,10103.7,13034300.0,12.74,12.76,12.744499999999995,12.88,14.04,47.71,-0.23,-0.32,0.09,晨化股份,化学原料和化学制品制造业,创业板,12.724999999999998,12.796249999999997,12.786666666666667,12.775625000000007,13.778723404255322
300610,2018-07-25,12.96,13.04,13.12,12.85,12.9,12093.0,15735300.0,12.79,12.82,12.761999999999995,12.81,14.03,49.91,-0.19,-0.3,0.11,晨化股份,化学原料和化学制品制造业,创业板,12.864999999999998,12.801249999999996,12.8025,12.781250000000007,13.717872340425535
300610,2018-07-26,13.04,12.92,13.06,12.85,13.04,5979.17,7720380.0,12.88,12.83,12.788999999999996,12.77,14.02,48.04,-0.18,-0.27,0.09,晨化股份,化学原料和化学制品制造业,创业板,12.912499999999998,12.809999999999997,12.795833333333333,12.800000000000006,13.640851063829789
300610,2018-07-27,12.92,12.86,12.99,12.85,12.92,4507.0,5815420.0,12.9,12.82,12.791499999999996,12.73,14.0,47.09,-0.16,-0.25,0.09,晨化股份,化学原料和化学制品制造业,创业板,12.929999999999998,12.814999999999998,12.834166666666663,12.808125000000006,13.568085106382982
300610,2018-07-30,12.86,12.5,12.92,12.41,12.86,7856.9,9870120.0,12.84,12.78,12.786499999999997,12.69,13.98,41.75,-0.18,-0.24,0.06,晨化股份,化学原料和化学制品制造业,创业板,12.83,12.777499999999998,12.807499999999997,12.797500000000007,13.50148936170213
300610,2018-07-31,12.41,12.64,12.66,12.36,12.5,5456.5,6842870.0,12.79,12.77,12.770999999999997,12.71,13.95,44.39,-0.17,-0.22,0.05,晨化股份,化学原料和化学制品制造业,创业板,12.73,12.797499999999998,12.777499999999998,12.784375000000006,13.426382978723408
300610,2018-08-01,12.57,12.38,12.75,12.37,12.64,6683.5,8394980.0,12.66,12.72,12.758999999999997,12.7,13.91,40.7,-0.19,-0.22,0.03,晨化股份,化学原料和化学制品制造业,创业板,12.595,12.753749999999997,12.738333333333332,12.745625000000006,13.347659574468087
300610,2018-08-02,12.36,11.83,12.36,11.6,12.38,10555.8,12548200.0,12.44,12.66,12.713999999999997,12.69,13.85,34.22,-0.25,-0.22,-0.03,晨化股份,化学原料和化学制品制造业,创业板,12.3375,12.633749999999996,12.655833333333334,12.710000000000006,13.25234042553192
300610,2018-08-03,11.85,11.68,11.95,11.68,11.83,4167.5,4923110.0,12.21,12.55,12.664499999999997,12.67,13.77,32.69,-0.3,-0.24,-0.06,晨化股份,化学原料和化学制品制造业,创业板,12.1325,12.481249999999996,12.5625,12.638750000000007,13.16617021276596
300610,2018-08-06,11.5,11.4,11.77,11.32,11.68,5977.55,6878600.0,11.99,12.42,12.591999999999997,12.63,13.67,30.0,-0.36,-0.26,-0.1,晨化股份,化学原料和化学制品制造业,创业板,11.8225,12.276249999999997,12.472500000000002,12.538750000000007,13.10021276595745
300610,2018-08-07,11.56,11.74,11.78,11.35,11.4,6544.86,7558930.0,11.81,12.3,12.528999999999996,12.6,13.62,36.81,-0.38,-0.29,-0.09,晨化股份,化学原料和化学制品制造业,创业板,11.6625,12.128749999999997,12.390000000000002,12.469375000000008,13.037234042553195
300610,2018-08-08,11.64,11.44,11.89,11.4,11.74,8902.65,10336100.0,11.62,12.14,12.480999999999996,12.55,13.55,33.69,-0.41,-0.31,-0.1,晨化股份,化学原料和化学制品制造业,创业板,11.565,11.951249999999996,12.277500000000003,12.383125000000009,12.975957446808513
300610,2018-08-09,11.44,11.74,12.12,11.36,11.44,10645.7,12515500.0,11.6,12.02,12.426999999999996,12.53,13.49,39.23,-0.4,-0.33,-0.07,晨化股份,化学原料和化学制品制造业,创业板,11.58,11.856249999999996,12.180833333333338,12.316875000000008,12.916808510638301
300610,2018-08-10,11.69,11.76,11.86,11.61,11.74,5386.92,6313310.0,11.62,11.91,12.364999999999995,12.5,13.43,39.59,-0.39,-0.34,-0.05,晨化股份,化学原料和化学制品制造业,创业板,11.67,11.746249999999996,12.07416666666667,12.271875000000009,12.848936170212768
300610,2018-08-13,11.65,11.75,11.82,11.5,11.76,5368.27,6253530.0,11.69,11.84,12.309999999999995,12.47,13.36,39.47,-0.39,-0.35,-0.04,晨化股份,化学原料和化学制品制造业,创业板,11.6725,11.667499999999997,11.976666666666672,12.21062500000001,12.7768085106383
300610,2018-08-14,11.78,11.68,11.81,11.65,11.75,4106.0,4809220.0,11.67,11.74,12.252999999999995,12.43,13.28,38.54,-0.38,-0.36,-0.02,晨化股份,化学原料和化学制品制造业,创业板,11.7325,11.648749999999998,11.87833333333334,12.14125000000001,12.710638297872343
300610,2018-08-15,11.63,11.54,11.79,11.38,11.68,5625.0,6525910.0,11.69,11.66,12.189999999999994,12.39,13.2,36.68,-0.38,-0.36,-0.02,晨化股份,化学原料和化学制品制造业,创业板,11.6825,11.631249999999998,11.79833333333334,12.05625000000001,12.64
300610,2018-08-16,11.5,11.34,11.53,11.3,11.54,6660.66,7596150.0,11.61,11.61,12.132999999999996,12.34,13.12,34.14,-0.4,-0.37,-0.03,晨化股份,化学原料和化学制品制造业,创业板,11.577499999999999,11.623749999999998,11.690000000000007,11.95000000000001,12.565744680851065
300610,2018-08-17,11.39,11.09,11.58,11.08,11.34,7034.5,7914060.0,11.48,11.55,12.050999999999997,12.29,13.04,31.24,-0.42,-0.38,-0.04,晨化股份,化学原料和化学制品制造业,创业板,11.412499999999998,11.542499999999999,11.582500000000008,11.835625000000011,12.483191489361703
300610,2018-08-20,11.08,11.07,11.17,10.66,11.09,5698.0,6252470.0,11.34,11.51,11.964999999999996,12.23,12.96,31.01,-0.43,-0.39,-0.04,晨化股份,化学原料和化学制品制造业,创业板,11.259999999999998,11.49625,11.519166666666672,11.72375000000001,12.416595744680851
300610,2018-08-21,11.07,11.16,11.2,10.82,11.07,6037.33,6708420.0,11.24,11.46,11.877999999999997,12.17,12.87,33.36,-0.44,-0.4,-0.04,晨化股份,化学原料和化学制品制造业,创业板,11.164999999999997,11.42375,11.47583333333334,11.64000000000001,12.351702127659573
300610,2018-08-22,11.17,10.98,11.18,10.91,11.16,3208.05,3534980.0,11.13,11.41,11.774999999999995,12.12,12.79,31.08,-0.45,-0.41,-0.04,晨化股份,化学原料和化学制品制造业,创业板,11.074999999999996,11.32625,11.440833333333337,11.53625000000001,12.29808510638298
300610,2018-08-23,11.03,11.04,11.15,10.92,10.98,4423.5,4895450.0,11.07,11.34,11.680999999999996,12.06,12.73,32.73,-0.44,-0.42,-0.02,晨化股份,化学原料和化学制品制造业,创业板,11.062499999999996,11.2375,11.382500000000002,11.45250000000001,12.273829787234042
300610,2018-08-24,11.01,11.05,11.49,10.94,11.04,9020.1,10039800.0,11.06,11.27,11.590499999999997,12.0,12.67,33.02,-0.44,-0.42,-0.02,晨化股份,化学原料和化学制品制造业,创业板,11.057499999999996,11.158750000000001,11.350000000000003,11.40375000000001,12.240851063829785
300610,2018-08-27,11.02,11.28,11.43,11.02,11.05,9503.5,10677200.0,11.1,11.22,11.529499999999997,11.95,12.62,39.44,-0.41,-0.42,0.01,晨化股份,化学原料和化学制品制造业,创业板,11.087499999999995,11.126250000000002,11.31166666666667,11.378750000000009,12.222978723404253
300610,2018-08-28,11.26,11.19,11.35,11.15,11.28,6222.28,6984950.0,11.11,11.17,11.456999999999997,11.89,12.57,37.91,-0.38,-0.41,0.03,晨化股份,化学原料和化学制品制造业,创业板,11.139999999999993,11.107500000000002,11.26416666666667,11.365625000000009,12.198936170212765
300610,2018-08-29,11.21,11.15,11.27,11.06,11.19,4036.0,4511910.0,11.14,11.14,11.395499999999997,11.84,12.5,37.22,-0.37,-0.4,0.03,晨化股份,化学原料和化学制品制造业,创业板,11.167499999999993,11.115000000000002,11.21416666666667,11.328750000000008,12.168723404255315
300610,2018-08-30,11.19,10.76,11.2,10.76,11.15,7791.5,8537240.0,11.09,11.08,11.341999999999995,11.78,12.43,31.23,-0.39,-0.4,0.01,晨化股份,化学原料和化学制品制造业,创业板,11.094999999999992,11.076250000000002,11.137500000000003,11.286250000000008,12.125531914893614
300610,2018-08-31,10.78,10.81,10.89,10.7,10.76,6458.0,6981900.0,11.04,11.05,11.298499999999995,11.72,12.36,32.73,-0.39,-0.4,0.01,晨化股份,化学原料和化学制品制造业,创业板,10.977499999999992,11.032500000000002,11.07666666666667,11.228125000000007,12.085531914893611
300610,2018-09-03,10.85,10.9,10.92,10.65,10.81,6454.7,6952500.0,10.96,11.03,11.273499999999995,11.65,12.3,35.44,-0.38,-0.39,0.01,晨化股份,化学原料和化学制品制造业,创业板,10.904999999999992,11.022500000000003,11.040000000000004,11.174375000000008,12.054042553191485
300610,2018-09-04,10.9,11.02,11.1,10.77,10.9,5321.5,5854030.0,10.93,11.02,11.237499999999995,11.59,12.23,38.98,-0.35,-0.39,0.04,晨化股份,化学原料和化学制品制造业,创业板,10.872499999999993,11.020000000000003,11.034166666666671,11.128750000000009,12.015957446808505
300610,2018-09-05,11.02,11.03,11.31,10.99,11.02,9275.2,10320400.0,10.9,11.02,11.216999999999995,11.52,12.17,39.28,-0.33,-0.37,0.04,晨化股份,化学原料和化学制品制造业,创业板,10.939999999999994,11.017500000000004,11.030833333333339,11.088125000000009,11.982553191489355
300610,2018-09-06,11.01,11.01,11.22,10.9,11.03,4339.2,4791950.0,10.95,11.02,11.180499999999995,11.46,12.12,38.87,-0.31,-0.36,0.05,晨化股份,化学原料和化学制品制造业,创业板,10.989999999999993,10.983750000000004,11.018333333333338,11.055000000000009,11.941276595744673
300610,2018-09-07,10.94,11.06,11.16,10.94,11.01,4492.0,4962990.0,11.0,11.02,11.145499999999995,11.4,12.06,40.54,-0.29,-0.35,0.06,晨化股份,化学原料和化学制品制造业,创业板,11.029999999999994,10.967500000000005,11.025000000000006,11.037500000000009,11.90808510638297
300610,2018-09-10,10.91,10.83,11.06,10.8,11.06,5099.0,5546900.0,10.99,10.98,11.099499999999995,11.34,12.02,35.71,-0.29,-0.34,0.05,晨化股份,化学原料和化学制品制造业,创业板,10.982499999999995,10.927500000000004,11.007500000000007,11.021250000000009,11.867659574468076
300610,2018-09-11,10.87,11.17,11.83,10.74,10.83,14714.0,16424200.0,11.02,10.97,11.073999999999995,11.3,12.0,45.97,-0.26,-0.32,0.06,晨化股份,化学原料和化学制品制造业,创业板,11.017499999999995,10.978750000000003,11.017500000000005,11.027500000000009,11.835744680851056
300610,2018-09-12,11.16,11.07,11.23,11.05,11.17,7677.5,8549110.0,11.03,10.97,11.050499999999996,11.25,11.98,43.76,-0.24,-0.3,0.06,晨化股份,化学原料和化学制品制造业,创业板,11.032499999999995,11.011250000000004,11.000000000000005,11.021875000000009,11.797872340425524
300610,2018-09-13,11.11,11.29,11.36,11.06,11.07,7211.87,8060440.0,11.08,11.02,11.047999999999995,11.23,11.96,49.51,-0.2,-0.28,0.08,晨化股份,化学原料和化学制品制造业,创业板,11.089999999999995,11.060000000000002,11.008333333333338,11.041250000000009,11.76148936170212
300610,2018-09-14,11.24,11.17,11.55,11.13,11.29,7694.0,8696390.0,11.11,11.06,11.051999999999994,11.22,11.94,46.7,-0.18,-0.26,0.08,晨化股份,化学原料和化学制品制造业,创业板,11.174999999999995,11.078750000000003,11.010000000000003,11.049375000000008,11.735319148936162
300610,2018-09-17,11.09,10.89,11.17,10.66,11.17,5839.0,6352580.0,11.12,11.05,11.042999999999996,11.2,11.92,40.88,-0.18,-0.25,0.07,晨化股份,化学原料和化学制品制造业,创业板,11.104999999999995,11.061250000000003,11.020833333333337,11.039375000000007,11.694255319148926
300610,2018-09-18,10.89,11.14,11.47,10.72,10.89,6545.0,7235850.0,11.11,11.07,11.041999999999994,11.18,11.89,47.21,-0.16,-0.23,0.07,晨化股份,化学原料和化学制品制造业,创业板,11.122499999999995,11.077500000000002,11.048333333333337,11.030625000000006,11.65468085106382
300610,2018-09-19,11.12,11.23,11.29,11.02,11.14,6209.5,6944710.0,11.14,11.09,11.054499999999994,11.17,11.86,49.31,-0.14,-0.21,0.07,晨化股份,化学原料和化学制品制造业,创业板,11.107499999999996,11.098750000000003,11.075833333333335,11.033125000000005,11.620212765957437
300610,2018-09-20,11.23,11.19,11.3,11.15,11.23,3547.0,3979470.0,11.12,11.1,11.061999999999994,11.16,11.84,48.39,-0.12,-0.19,0.07,晨化股份,化学原料和化学制品制造业,创业板,11.112499999999995,11.143750000000002,11.090000000000002,11.035625000000005,11.585531914893608
300610,2018-09-21,11.23,11.3,11.39,11.12,11.19,5927.78,6691750.0,11.15,11.13,11.074499999999995,11.14,11.82,51.1,-0.09,-0.17,0.08,晨化股份,化学原料和化学制品制造业,创业板,11.214999999999996,11.160000000000002,11.112500000000002,11.069375000000006,11.553617021276585
300610,2018-09-25,11.25,11.27,11.34,11.18,11.3,3185.87,3581700.0,11.23,11.17,11.073999999999995,11.12,11.8,50.32,-0.09,-0.16,0.07,晨化股份,化学原料和化学制品制造业,创业板,11.247499999999995,11.185000000000002,11.13416666666667,11.098125000000007,11.527872340425521
300610,2018-09-26,11.25,11.25,11.34,11.21,11.27,3760.75,4238380.0,11.25,11.18,11.076999999999995,11.11,11.77,49.78,-0.07,-0.14,0.07,晨化股份,化学原料和化学制品制造业,创业板,11.252499999999994,11.180000000000003,11.150000000000004,11.120000000000006,11.496382978723393
300610,2018-09-27,11.25,11.05,11.26,10.87,11.25,4811.95,5320940.0,11.21,11.18,11.071999999999996,11.09,11.74,44.6,-0.07,-0.12,0.05,晨化股份,化学原料和化学制品制造业,创业板,11.217499999999994,11.165000000000003,11.168333333333337,11.121875000000006,11.459361702127648
300610,2018-09-28,11.05,11.07,11.49,10.9,11.05,4609.28,5117360.0,11.19,11.16,11.087499999999995,11.08,11.71,45.21,-0.08,-0.12,0.04,晨化股份,化学原料和化学制品制造业,创业板,11.159999999999993,11.187500000000002,11.160000000000004,11.124375000000006,11.420425531914884
300610,2018-10-08,11.0,10.65,11.0,10.55,11.07,4807.0,5165340.0,11.06,11.1,11.079499999999996,11.07,11.68,36.15,-0.11,-0.11,0.0,晨化股份,化学原料和化学制品制造业,创业板,11.004999999999992,11.126250000000002,11.125000000000005,11.101875000000007,11.369574468085096
300610,2018-10-09,10.52,11.0,11.25,10.52,10.65,10328.0,11255700.0,11.0,11.12,11.084499999999995,11.07,11.65,45.89,-0.1,-0.11,0.01,晨化股份,化学原料和化学制品制造业,创业板,10.942499999999992,11.097500000000002,11.10083333333334,11.098125000000007,11.32872340425531
300610,2018-10-10,11.18,11.24,11.5,11.04,11.0,14911.5,16738500.0,11.0,11.12,11.095499999999996,11.07,11.62,51.36,-0.08,-0.11,0.03,晨化股份,化学原料和化学制品制造业,创业板,10.989999999999991,11.103750000000002,11.106666666666674,11.123750000000006,11.294255319148927
300610,2018-10-11,11.11,12.36,12.36,10.82,11.24,84226.5,102539000.0,11.26,11.24,11.161999999999995,11.12,11.62,67.76,0.02,-0.08,0.1,晨化股份,化学原料和化学制品制造业,创业板,11.312499999999991,11.236250000000002,11.229166666666677,11.198125000000006,11.291276595744673
300610,2018-10-12,12.7,12.06,12.7,11.46,12.36,92892.6,112889000.0,11.46,11.32,11.214499999999997,11.15,11.61,61.75,0.08,-0.05,0.13,晨化股份,化学原料和化学制品制造业,创业板,11.664999999999992,11.335000000000003,11.305833333333345,11.260000000000007,11.278936170212756
300610,2018-10-15,11.64,11.9,11.99,11.64,12.06,43761.1,51551400.0,11.71,11.39,11.256499999999997,11.18,11.59,58.76,0.12,-0.01,0.13,晨化股份,化学原料和化学制品制造业,创业板,11.889999999999992,11.416250000000003,11.361666666666679,11.298125000000008,11.26872340425531
300610,2018-10-16,11.8,11.57,11.9,11.34,11.9,32642.2,37856700.0,11.83,11.42,11.293499999999996,11.19,11.57,53.05,0.11,0.01,0.1,晨化股份,化学原料和化学制品制造业,创业板,11.972499999999991,11.481250000000005,11.393333333333345,11.323125000000008,11.263191489361693
300610,2018-10-17,11.66,12.16,12.24,11.52,11.57,58529.3,69880300.0,12.01,11.51,11.342999999999996,11.22,11.56,60.45,0.17,0.04,0.13,晨化股份,化学原料和化学制品制造业,创业板,11.922499999999992,11.617500000000003,11.46500000000001,11.402500000000007,11.27340425531914
300610,2018-10-18,11.82,11.32,11.84,11.31,12.16,35910.9,41589600.0,11.8,11.53,11.355499999999996,11.23,11.53,48.69,0.12,0.06,0.06,晨化股份,化学原料和化学制品制造业,创业板,11.737499999999992,11.701250000000002,11.469166666666675,11.413750000000007,11.271702127659568
300610,2018-10-19,11.01,10.68,11.02,10.19,11.32,36579.2,38709300.0,11.53,11.49,11.324999999999998,11.22,11.5,41.99,0.05,0.06,-0.01,晨化股份,化学原料和化学制品制造业,创业板,11.432499999999992,11.661250000000003,11.421666666666676,11.379375000000008,11.249148936170204
300610,2018-10-22,10.58,11.2,11.26,10.58,10.68,34902.9,38431900.0,11.39,11.55,11.326499999999998,11.24,11.48,48.22,0.02,0.05,-0.03,晨化股份,化学原料和化学制品制造业,创业板,11.339999999999991,11.656250000000004,11.434166666666675,11.380000000000008,11.24404255319148
300610,2018-10-23,11.08,11.0,11.2,10.82,11.2,20429.0,22487200.0,11.27,11.55,11.331999999999997,11.24,11.45,46.17,0.0,0.04,-0.04,晨化股份,化学原料和化学制品制造业,创业板,11.04999999999999,11.486250000000004,11.428333333333342,11.361250000000007,11.228297872340416
300610,2018-10-24,10.87,11.13,11.39,10.87,11.0,24807.4,27751400.0,11.07,11.54,11.331499999999997,11.24,11.42,47.73,-0.02,0.03,-0.05,晨化股份,化学原料和化学制品制造业,创业板,11.00249999999999,11.370000000000003,11.46833333333334,11.352500000000006,11.214893617021268
300610,2018-10-25,10.43,10.87,10.94,10.43,11.13,17033.7,18276400.0,10.98,11.39,11.313499999999998,11.24,11.38,44.92,-0.05,0.01,-0.06,晨化股份,化学原料和化学制品制造业,创业板,11.04999999999999,11.241250000000003,11.457500000000008,11.328750000000007,11.196170212765947
300610,2018-10-26,11.17,11.96,11.96,11.16,10.87,22697.2,26986800.0,11.23,11.38,11.351999999999999,11.27,11.36,56.47,0.01,0.01,0.0,晨化股份,化学原料和化学制品制造业,创业板,11.239999999999991,11.290000000000003,11.517500000000007,11.385625000000006,11.202127659574462
300610,2018-10-29,12.19,11.52,12.3,11.47,11.96,51015.7,60355600.0,11.3,11.34,11.362999999999998,11.28,11.34,51.75,0.02,0.01,0.01,晨化股份,化学原料和化学制品制造业,创业板,11.36999999999999,11.210000000000003,11.44750000000001,11.413750000000007,11.201702127659567
300610,2018-10-30,11.6,11.79,11.81,11.32,11.52,31308.4,36355800.0,11.45,11.36,11.388999999999998,11.32,11.33,54.28,0.05,0.02,0.03,晨化股份,化学原料和化学制品制造业,创业板,11.53499999999999,11.268750000000004,11.42500000000001,11.485000000000007,11.211276595744673
300610,2018-10-31,11.73,11.78,12.08,11.7,11.79,33035.2,39163600.0,11.58,11.32,11.415499999999998,11.34,11.32,54.16,0.08,0.03,0.05,晨化股份,化学原料和化学制品制造业,创业板,11.76249999999999,11.406250000000004,11.415000000000008,11.533750000000007,11.2259574468085
300610,2018-11-01,11.78,11.95,12.5,11.69,11.78,39034.1,46699100.0,11.8,11.39,11.460499999999996,11.37,11.31,55.85,0.11,0.05,0.06,晨化股份,化学原料和化学制品制造业,创业板,11.75999999999999,11.500000000000004,11.446666666666674,11.578125000000005,11.244680851063821
300610,2018-11-02,12.18,12.23,12.35,12.0,11.95,40671.1,49400100.0,11.85,11.54,11.518499999999996,11.4,11.32,58.55,0.15,0.07,0.08,晨化股份,化学原料和化学制品制造业,创业板,11.93749999999999,11.653750000000004,11.452500000000008,11.570000000000004,11.26744680851063
300610,2018-11-05,12.15,12.05,12.24,11.85,12.23,27310.1,32928500.0,11.96,11.63,11.588499999999996,11.43,11.32,56.17,0.17,0.09,0.08,晨化股份,化学原料和化学制品制造业,创业板,12.002499999999989,11.768750000000004,11.513333333333343,11.569375000000004,11.290212765957437
300610,2018-11-06,11.94,11.95,11.95,11.7,12.05,19306.5,22810700.0,11.99,11.72,11.635999999999996,11.46,11.33,54.84,0.18,0.11,0.07,晨化股份,化学原料和化学制品制造业,创业板,12.044999999999987,11.903750000000004,11.619166666666674,11.572500000000003,11.309574468085097
300610,2018-11-07,11.92,11.85,12.04,11.8,11.95,16361.6,19526600.0,12.01,11.79,11.666499999999996,11.49,11.33,53.47,0.17,0.12,0.05,晨化股份,化学原料和化学制品制造业,创业板,12.019999999999989,11.890000000000004,11.673333333333341,11.590000000000003,11.326595744680844
300610,2018-11-08,11.88,11.58,11.92,11.55,11.85,21916.0,25677400.0,11.93,11.87,11.627499999999994,11.5,11.34,49.86,0.14,0.12,0.02,晨化股份,化学原料和化学制品制造业,创业板,11.857499999999987,11.897500000000004,11.721666666666676,11.553750000000004,11.33297872340425
300610,2018-11-09,11.5,11.56,11.66,11.5,11.58,15076.5,17448600.0,11.8,11.83,11.602499999999996,11.51,11.33,49.59,0.12,0.12,0.0,晨化股份,化学原料和化学制品制造业,创业板,11.734999999999989,11.868750000000006,11.75750000000001,11.568750000000005,11.34085106382978
300610,2018-11-12,11.57,11.93,11.94,11.41,11.56,24138.5,28357900.0,11.77,11.87,11.603999999999996,11.53,11.34,54.45,0.13,0.12,0.01,晨化股份,化学原料和化学制品制造业,创业板,11.72999999999999,11.887500000000006,11.845833333333344,11.646875000000005,11.35744680851063
300610,2018-11-13,11.85,12.11,12.17,11.78,11.93,30065.5,36127100.0,11.81,11.9,11.630999999999995,11.56,11.34,56.65,0.15,0.13,0.02,晨化股份,化学原料和化学制品制造业,创业板,11.79499999999999,11.907500000000006,11.858333333333341,11.703750000000007,11.38617021276595
300610,2018-11-14,12.14,12.14,12.45,12.01,12.11,33901.0,41509700.0,11.86,11.94,11.629999999999994,11.59,11.35,57.02,0.16,0.14,0.02,晨化股份,化学原料和化学制品制造业,创业板,11.93499999999999,11.896250000000006,11.910000000000009,11.775000000000006,11.414468085106376
300610,2018-11-15,12.3,12.57,12.62,12.08,12.14,35591.5,44047000.0,12.06,12.0,11.692499999999994,11.64,11.37,62.03,0.2,0.15,0.05,晨化股份,化学原料和化学制品制造业,创业板,12.18749999999999,11.961250000000005,11.975000000000009,11.865000000000006,11.449999999999994
300610,2018-11-16,12.57,12.43,12.62,12.34,12.57,30238.5,37651400.0,12.24,12.02,11.779999999999994,11.68,11.38,59.59,0.23,0.16,0.07,晨化股份,化学原料和化学制品制造业,创业板,12.31249999999999,12.021250000000004,12.029166666666676,11.962500000000006,11.479999999999993
300610,2018-11-19,12.35,12.59,12.6,12.22,12.43,22599.5,28088200.0,12.37,12.07,11.849499999999995,11.75,11.41,61.46,0.26,0.18,0.08,晨化股份,化学原料和化学制品制造业,创业板,12.43249999999999,12.113750000000005,12.08250000000001,12.001875000000005,11.513191489361697
300610,2018-11-20,12.4,12.23,12.6,12.11,12.59,17540.0,21707900.0,12.39,12.1,11.910999999999994,11.79,11.43,55.28,0.25,0.2,0.05,晨化股份,化学原料和化学制品制造业,创业板,12.454999999999991,12.195000000000006,12.08250000000001,12.046250000000004,11.539148936170209
300610,2018-11-21,12.09,12.26,12.26,11.93,12.23,14486.5,17515200.0,12.42,12.14,11.967499999999994,11.82,11.45,55.68,0.24,0.21,0.03,晨化股份,化学原料和化学制品制造业,创业板,12.37749999999999,12.282500000000006,12.100000000000009,12.075625000000004,11.564680851063827
300610,2018-11-22,12.19,12.24,12.48,12.09,12.26,11515.5,14155400.0,12.35,12.21,12.035999999999994,11.82,11.47,55.32,0.23,0.21,0.02,晨化股份,化学原料和化学制品制造业,创业板,12.329999999999991,12.321250000000006,12.124166666666676,12.104375000000005,11.594680851063826
300610,2018-11-23,12.22,11.58,12.23,11.52,12.24,23557.5,27781100.0,12.18,12.21,12.016999999999994,11.8,11.48,45.09,0.16,0.2,-0.04,晨化股份,化学原料和化学制品制造业,创业板,12.07749999999999,12.255000000000006,12.101666666666679,12.081250000000006,11.603404255319147
300610,2018-11-26,11.44,11.39,11.66,11.33,11.58,9770.0,11224900.0,11.94,12.15,12.010499999999995,11.79,11.48,42.65,0.09,0.18,-0.09,晨化股份,化学原料和化学制品制造业,创业板,11.867499999999989,12.161250000000006,12.085833333333342,12.028750000000008,11.610212765957444
300610,2018-11-27,11.43,11.62,11.63,11.43,11.39,10154.0,11694100.0,11.82,12.1,12.001999999999995,11.79,11.49,46.44,0.06,0.15,-0.09,晨化股份,化学原料和化学制品制造业,创业板,11.707499999999989,12.042500000000008,12.090833333333343,12.001875000000007,11.61723404255319
300610,2018-11-28,11.54,11.74,11.79,11.34,11.62,14893.1,17285400.0,11.71,12.07,11.999999999999996,11.78,11.5,48.35,0.04,0.13,-0.09,晨化股份,化学原料和化学制品制造业,创业板,11.582499999999989,11.956250000000008,12.07500000000001,11.988750000000008,11.629361702127659
300610,2018-11-29,11.8,11.36,11.92,11.36,11.74,13504.0,15782600.0,11.54,11.94,11.970499999999996,11.78,11.5,43.1,0.0,0.11,-0.11,晨化股份,化学原料和化学制品制造业,创业板,11.52749999999999,11.802500000000007,12.012500000000008,11.958125000000008,11.639361702127658
300610,2018-11-30,11.29,11.57,11.59,11.03,11.36,13137.0,14977400.0,11.54,11.86,11.937499999999996,11.81,11.51,46.55,-0.02,0.08,-0.1,晨化股份,化学原料和化学制品制造业,创业板,11.57249999999999,11.720000000000008,11.965000000000009,11.957500000000007,11.648510638297873
300610,2018-12-03,11.84,11.93,11.98,11.7,11.57,17008.0,20201300.0,11.64,11.79,11.931499999999996,11.83,11.53,51.94,0.0,0.06,-0.06,晨化股份,化学原料和化学制品制造业,创业板,11.64999999999999,11.678750000000006,11.911666666666676,11.980625000000007,11.663404255319147
300610,2018-12-04,11.95,12.15,12.18,11.84,11.93,15129.5,18226300.0,11.75,11.78,11.941499999999996,11.87,11.55,54.93,0.02,0.06,-0.04,晨化股份,化学原料和化学制品制造业,创业板,11.752499999999989,11.667500000000008,11.888333333333343,11.994375000000007,11.683829787234039
300610,2018-12-05,11.9,12.38,13.17,11.8,12.15,29738.5,36517600.0,11.88,11.8,11.967999999999996,11.91,11.58,57.89,0.06,0.06,0.0,晨化股份,化学原料和化学制品制造业,创业板,12.00749999999999,11.767500000000007,11.870833333333342,12.011250000000008,11.706808510638297
300610,2018-12-06,12.34,12.21,12.47,12.11,12.38,21578.1,26431200.0,12.05,11.79,11.999499999999996,11.96,11.6,55.02,0.08,0.06,0.02,晨化股份,化学原料和化学制品制造业,创业板,12.16749999999999,11.870000000000006,11.869166666666677,12.015625000000007,11.726808510638298
300610,2018-12-07,12.27,12.18,12.45,11.99,12.21,20255.5,24780800.0,12.17,11.85,12.030499999999996,11.96,11.62,54.5,0.09,0.07,0.02,晨化股份,化学原料和化学制品制造业,创业板,12.22999999999999,11.940000000000005,11.862500000000011,11.991250000000008,11.74659574468085
300610,2018-12-10,12.01,12.0,12.34,11.89,12.18,15508.0,18709000.0,12.18,11.91,12.033999999999995,11.98,11.63,51.41,0.09,0.07,0.02,晨化股份,化学原料和化学制品制造业,创业板,12.19249999999999,11.972500000000005,11.84250000000001,11.964375000000008,11.766808510638297
300610,2018-12-11,12.05,12.2,12.29,11.95,12.0,13870.0,16846700.0,12.19,11.97,12.038499999999996,11.99,11.65,54.5,0.1,0.08,0.02,晨化股份,化学原料和化学制品制造业,创业板,12.147499999999988,12.077500000000006,11.894166666666676,11.940000000000007,11.790851063829786
300610,2018-12-12,12.17,12.24,12.26,12.08,12.2,13128.5,16005700.0,12.17,12.02,12.043499999999998,12.01,11.67,55.12,0.1,0.08,0.02,晨化股份,化学原料和化学制品制造业,创业板,12.154999999999989,12.161250000000006,11.965000000000009,11.940625000000008,11.82468085106383
300610,2018-12-13,12.25,12.32,12.37,11.95,12.24,19944.0,24423600.0,12.19,12.12,12.030999999999997,12.02,11.69,56.39,0.12,0.09,0.03,晨化股份,化学原料和化学制品制造业,创业板,12.189999999999989,12.210000000000004,12.02333333333334,11.944375000000008,11.85276595744681
300610,2018-12-14,12.28,11.88,12.3,11.88,12.32,13673.0,16549200.0,12.13,12.15,12.003499999999997,12.01,11.7,48.29,0.09,0.09,0.0,晨化股份,化学原料和化学制品制造业,创业板,12.15999999999999,12.176250000000003,12.035000000000005,11.921875000000007,11.866382978723404
300610,2018-12-17,11.75,11.82,11.86,11.4,11.88,12205.5,14305800.0,12.09,12.14,11.964999999999996,12.0,11.71,47.29,0.06,0.08,-0.02,晨化股份,化学原料和化学制品制造业,创业板,12.06499999999999,12.106250000000003,12.073333333333338,11.936875000000006,11.854893617021277
300610,2018-12-18,11.81,11.85,11.91,11.67,11.82,9656.0,11401700.0,12.02,12.11,11.945999999999996,12.0,11.73,47.87,0.04,0.07,-0.03,晨化股份,化学原料和化学制品制造业,创业板,11.96749999999999,12.061250000000001,12.096666666666671,11.965625000000006,11.850425531914897
300610,2018-12-19,11.72,11.7,11.92,11.67,11.85,6262.0,7384110.0,11.91,12.04,11.917999999999996,11.99,11.74,45.19,0.02,0.06,-0.04,晨化股份,化学原料和化学制品制造业,创业板,11.812499999999991,12.001250000000002,12.077500000000002,11.970625000000005,11.846170212765962
300610,2018-12-20,11.74,12.01,12.01,11.6,11.7,11598.0,13740100.0,11.85,12.02,11.906499999999996,12.01,11.75,51.26,0.02,0.06,-0.04,晨化股份,化学原料和化学制品制造业,创业板,11.84499999999999,12.002500000000003,12.065833333333336,11.987500000000004,11.85553191489362
300610,2018-12-21,12.03,12.12,12.24,11.84,12.01,12012.0,14438900.0,11.9,12.01,11.933499999999995,12.02,11.77,53.24,0.03,0.05,-0.02,晨化股份,化学原料和化学制品制造业,创业板,11.91999999999999,11.992500000000003,12.04416666666667,12.035000000000004,11.854680851063835
300610,2018-12-24,12.08,12.36,12.36,12.03,12.12,18561.0,22789500.0,12.01,12.05,11.981999999999996,12.04,11.79,57.31,0.06,0.05,0.01,晨化股份,化学原料和化学制品制造业,创业板,12.047499999999989,12.007500000000004,12.05666666666667,12.084375000000005,11.876808510638302
300610,2018-12-25,12.17,12.3,12.32,11.78,12.36,16565.0,19970400.0,12.1,12.06,12.015999999999996,12.05,11.8,56.0,0.08,0.06,0.02,晨化股份,化学原料和化学制品制造业,创业板,12.197499999999987,12.005000000000003,12.06666666666667,12.107500000000005,11.911276595744685
300610,2018-12-26,12.3,12.28,12.46,12.17,12.3,14718.5,18104200.0,12.21,12.06,12.042999999999996,12.05,11.82,55.54,0.09,0.06,0.03,晨化股份,化学原料和化学制品制造业,创业板,12.264999999999988,12.055000000000003,12.090000000000003,12.115625000000005,11.934255319148939
300610,2018-12-27,12.41,12.11,12.55,12.11,12.28,18146.5,22345400.0,12.23,12.04,12.080499999999995,12.04,11.84,51.68,0.07,0.07,0.0,晨化股份,化学原料和化学制品制造业,创业板,12.262499999999989,12.091250000000002,12.082500000000005,12.098750000000006,11.957872340425533
300610,2018-12-28,12.01,12.77,12.96,11.9,12.11,46471.3,58359600.0,12.36,12.13,12.140499999999996,12.05,11.87,62.56,0.13,0.08,0.05,晨化股份,化学原料和化学制品制造业,创业板,12.364999999999988,12.206250000000002,12.126666666666672,12.133750000000006,11.99276595744681
300610,2019-01-02,12.64,12.65,12.76,12.48,12.77,26982.6,34009100.0,12.42,12.22,12.176499999999995,12.05,11.9,59.92,0.15,0.09,0.06,晨化股份,化学原料和化学制品制造业,创业板,12.452499999999986,12.325000000000003,12.154166666666674,12.163125000000006,12.030638297872342
300610,2019-01-03,12.65,13.02,13.06,12.53,12.65,43240.2,55558500.0,12.57,12.33,12.219999999999995,12.07,11.93,64.84,0.2,0.11,0.09,晨化股份,化学原料和化学制品制造业,创业板,12.637499999999985,12.451250000000002,12.249166666666675,12.226875000000007,12.053191489361701
300610,2019-01-04,12.85,13.45,13.46,12.77,13.02,56206.7,74118500.0,12.8,12.51,12.273499999999995,12.11,11.97,69.53,0.27,0.15,0.12,晨化股份,化学原料和化学制品制造业,创业板,12.972499999999986,12.617500000000001,12.385000000000007,12.305000000000007,12.094255319148937
300610,2019-01-07,13.56,13.33,13.56,13.16,13.45,37269.2,49562400.0,13.04,12.64,12.329499999999994,12.15,11.99,66.85,0.31,0.18,0.13,晨化股份,化学原料和化学制品制造业,创业板,13.112499999999986,12.738750000000001,12.508333333333342,12.373125000000007,12.127021276595748
300610,2019-01-08,13.24,13.1,13.3,12.82,13.33,32922.0,42896300.0,13.11,12.74,12.375499999999994,12.2,12.0,61.93,0.32,0.21,0.11,晨化股份,化学原料和化学制品制造业,创业板,13.224999999999985,12.838750000000001,12.625000000000009,12.421875000000007,12.155106382978728
300610,2019-01-09,13.0,12.94,13.24,12.89,13.1,27699.5,36102100.0,13.17,12.8,12.422499999999994,12.25,12.02,58.69,0.31,0.23,0.08,晨化股份,化学原料和化学制品制造业,创业板,13.204999999999988,12.92125,12.70250000000001,12.488125000000007,12.176170212765962
300610,2019-01-10,12.91,12.92,13.03,12.86,12.94,15862.5,20530500.0,13.15,12.86,12.458499999999995,12.3,12.04,58.28,0.3,0.24,0.06,晨化股份,化学原料和化学制品制造业,创业板,13.072499999999987,13.0225,12.769166666666676,12.556875000000007,12.19085106382979
300610,2019-01-11,12.89,12.78,12.97,12.62,12.92,23416.9,29904600.0,13.01,12.91,12.485499999999993,12.33,12.05,55.36,0.27,0.25,0.02,晨化股份,化学原料和化学制品制造业,创业板,12.934999999999988,13.023750000000001,12.804166666666674,12.615000000000007,12.206382978723408
300610,2019-01-14,12.84,12.77,12.97,12.73,12.78,15178.2,19472900.0,12.9,12.97,12.507999999999992,12.38,12.08,55.15,0.25,0.25,0.0,晨化股份,化学原料和化学制品制造业,创业板,12.852499999999987,13.03875,12.84333333333334,12.681875000000009,12.223829787234045
300610,2019-01-15,12.77,13.06,13.08,12.73,12.77,16048.5,20728900.0,12.89,13.0,12.566999999999993,12.43,12.12,59.95,0.26,0.25,0.01,晨化股份,化学原料和化学制品制造业,创业板,12.882499999999986,13.043750000000001,12.90833333333334,12.74750000000001,12.249574468085108
300610,2019-01-16,13.04,12.67,13.05,12.65,13.06,17922.5,22976200.0,12.84,13.0,12.609499999999993,12.45,12.14,51.9,0.23,0.25,-0.02,晨化股份,化学原料和化学制品制造业,创业板,12.819999999999986,12.946250000000001,12.955000000000007,12.781875000000008,12.272765957446808
300610,2019-01-17,12.68,12.45,12.75,12.4,12.67,17101.2,21468400.0,12.75,12.95,12.639499999999995,12.46,12.17,47.99,0.18,0.23,-0.05,晨化股份,化学原料和化学制品制造业,创业板,12.737499999999986,12.836250000000001,12.92833333333334,12.787500000000009,12.291702127659574
300610,2019-01-18,12.45,12.68,12.72,12.37,12.45,11625.7,14627500.0,12.73,12.87,12.688499999999994,12.47,12.19,52.06,0.16,0.22,-0.06,晨化股份,化学原料和化学制品制造业,创业板,12.714999999999986,12.783750000000001,12.93083333333334,12.811250000000008,12.307659574468087
300610,2019-01-21,12.67,12.86,12.89,12.62,12.68,13714.5,17543800.0,12.74,12.82,12.730999999999995,12.49,12.22,55.02,0.16,0.21,-0.05,晨化股份,化学原料和化学制品制造业,创业板,12.664999999999985,12.773750000000001,12.917500000000006,12.847500000000009,12.323617021276597
300610,2019-01-22,12.85,12.83,12.99,12.69,12.86,11448.5,14694400.0,12.7,12.8,12.766499999999994,12.52,12.24,54.42,0.15,0.2,-0.05,晨化股份,化学原料和化学制品制造业,创业板,12.704999999999984,12.762500000000001,12.865833333333342,12.892500000000009,12.338297872340428
300610,2019-01-23,12.8,13.05,13.13,12.74,12.83,14994.5,19485600.0,12.77,12.81,12.800999999999993,12.55,12.26,58.06,0.16,0.19,-0.03,晨化股份,化学原料和化学制品制造业,创业板,12.854999999999983,12.79625,12.842500000000008,12.910000000000009,12.348510638297872
300610,2019-01-24,12.95,12.99,13.15,12.91,13.05,12918.5,16841600.0,12.88,12.81,12.835499999999993,12.58,12.28,56.73,0.17,0.18,-0.01,晨化股份,化学原料和化学制品制造业,创业板,12.932499999999981,12.82375,12.833333333333343,12.93125000000001,12.360425531914895
300610,2019-01-25,12.91,12.69,13.05,12.68,12.99,10361.5,13307200.0,12.88,12.8,12.855999999999995,12.59,12.3,50.5,0.14,0.18,-0.04,晨化股份,化学原料和化学制品制造业,创业板,12.889999999999983,12.7775,12.812500000000009,12.910625000000008,12.362553191489363
300610,2019-01-28,12.66,12.54,12.92,12.54,12.69,8918.05,11351700.0,12.82,12.78,12.877499999999994,12.6,12.31,47.68,0.1,0.16,-0.06,晨化股份,化学原料和化学制品制造业,创业板,12.817499999999985,12.761249999999999,12.780833333333343,12.853750000000009,12.369148936170212
300610,2019-01-29,12.6,12.57,12.86,12.52,12.54,13370.4,16911100.0,12.77,12.73,12.867499999999996,12.62,12.32,48.3,0.08,0.14,-0.06,晨化股份,化学原料和化学制品制造业,创业板,12.697499999999984,12.77625,12.763333333333343,12.806250000000007,12.375744680851065
300610,2019-01-30,12.55,12.61,12.89,12.55,12.57,9589.0,12245500.0,12.68,12.73,12.865499999999997,12.65,12.32,49.17,0.06,0.13,-0.07,晨化股份,化学原料和化学制品制造业,创业板,12.602499999999983,12.767499999999998,12.750000000000007,12.775625000000007,12.383617021276597
300610,2019-01-31,12.61,11.78,12.75,11.36,12.61,21952.5,26461100.0,12.44,12.66,12.803499999999996,12.65,12.32,35.77,-0.01,0.1,-0.11,晨化股份,化学原料和化学制品制造业,创业板,12.374999999999984,12.632499999999999,12.64333333333334,12.703125000000007,12.387872340425533
300610,2019-02-01,11.68,12.19,12.23,11.63,11.78,13777.9,16546000.0,12.34,12.61,12.740499999999997,12.66,12.33,43.9,-0.04,0.07,-0.11,晨化股份,化学原料和化学制品制造业,创业板,12.287499999999984,12.552499999999998,12.60333333333334,12.657500000000008,12.404893617021278
300610,2019-02-11,12.03,12.5,12.55,12.03,12.19,10807.5,13354600.0,12.33,12.58,12.698999999999996,12.68,12.34,49.15,-0.04,0.05,-0.09,晨化股份,化学原料和化学制品制造业,创业板,12.269999999999984,12.483749999999999,12.607500000000009,12.640000000000008,12.423617021276597
300610,2019-02-12,12.56,12.56,12.69,12.39,12.5,10143.0,12733400.0,12.33,12.55,12.671999999999995,12.69,12.36,50.12,-0.04,0.03,-0.07,晨化股份,化学原料和化学制品制造业,创业板,12.257499999999984,12.43,12.597500000000009,12.626875000000007,12.441063829787234
300610,2019-02-13,12.68,12.83,12.92,12.52,12.56,15758.0,20160400.0,12.37,12.53,12.666499999999996,12.71,12.37,54.35,-0.01,0.02,-0.03,晨化股份,化学原料和化学制品制造业,创业板,12.519999999999984,12.4475,12.595000000000008,12.612500000000008,12.472340425531916
300610,2019-02-14,12.99,12.76,13.0,12.71,12.83,12802.8,16412500.0,12.57,12.5,12.658499999999997,12.72,12.39,53.09,0.01,0.02,-0.01,晨化股份,化学原料和化学制品制造业,创业板,12.662499999999984,12.475000000000001,12.589166666666673,12.618125000000008,12.497659574468084
300610,2019-02-15,12.68,12.89,13.09,12.68,12.76,16937.0,21922300.0,12.71,12.52,12.663999999999998,12.74,12.4,55.16,0.03,0.02,0.01,晨化股份,化学原料和化学制品制造业,创业板,12.759999999999984,12.515,12.57583333333334,12.64562500000001,12.51808510638298
300610,2019-02-18,12.91,13.17,13.2,12.85,12.89,23045.5,30138800.0,12.84,12.59,12.683999999999996,12.78,12.41,59.33,0.07,0.03,0.04,晨化股份,化学原料和化学制品制造业,创业板,12.912499999999984,12.585,12.590833333333338,12.676250000000008,12.539787234042553
300610,2019-02-19,13.22,13.05,13.22,12.93,13.17,19503.5,25449000.0,12.94,12.63,12.683499999999995,12.79,12.42,56.89,0.09,0.04,0.05,晨化股份,化学原料和化学制品制造业,创业板,12.967499999999983,12.74375,12.620833333333339,12.68812500000001,12.554042553191488
300610,2019-02-20,13.05,13.11,13.18,12.87,13.05,15611.4,20337100.0,13.0,12.68,12.705499999999997,12.8,12.43,57.83,0.12,0.06,0.06,晨化股份,化学原料和化学制品制造业,创业板,13.054999999999984,12.85875,12.668333333333338,12.70562500000001,12.573191489361701
300610,2019-02-21,13.11,12.93,13.13,12.83,13.11,22709.0,29552000.0,13.03,12.8,12.729499999999996,12.8,12.44,54.04,0.11,0.07,0.04,晨化股份,化学原料和化学制品制造业,创业板,13.064999999999984,12.912500000000001,12.69833333333334,12.69812500000001,12.589148936170211
300610,2019-02-22,12.89,13.01,13.03,12.83,12.93,15816.0,20485200.0,13.05,12.88,12.745999999999995,12.79,12.45,55.44,0.12,0.08,0.04,晨化股份,化学原料和化学制品制造业,创业板,13.024999999999984,12.968750000000002,12.731666666666674,12.699375000000009,12.610638297872338
300610,2019-02-25,13.13,13.48,13.53,13.05,13.01,36979.9,49178700.0,13.12,12.98,12.776999999999996,12.79,12.47,62.62,0.15,0.09,0.06,晨化股份,化学原料和化学制品制造业,创业板,13.132499999999986,13.050000000000002,12.87333333333334,12.748750000000008,12.63787234042553
300610,2019-02-26,13.4,13.42,13.77,13.24,13.48,33532.7,45180300.0,13.19,13.07,12.806499999999996,12.8,12.5,61.26,0.18,0.11,0.07,晨化股份,化学原料和化学制品制造业,创业板,13.209999999999987,13.132500000000002,12.97583333333334,12.803750000000008,12.662978723404253
300610,2019-02-27,13.45,13.65,14.09,13.43,13.42,42298.8,58140300.0,13.3,13.15,12.836499999999996,12.83,12.54,64.44,0.22,0.13,0.09,晨化股份,化学原料和化学制品制造业,创业板,13.389999999999988,13.227500000000003,13.071666666666673,12.871250000000009,12.691276595744677
300610,2019-02-28,13.62,13.53,13.75,13.33,13.65,27808.2,37666200.0,13.42,13.22,12.863499999999993,12.85,12.57,61.6,0.23,0.15,0.08,晨化股份,化学原料和化学制品制造业,创业板,13.519999999999987,13.272500000000003,13.152500000000005,12.928750000000008,12.726382978723398
300610,2019-03-01,13.52,13.46,13.63,13.3,13.53,16102.7,21602400.0,13.51,13.28,12.901999999999992,12.87,12.6,59.94,0.24,0.17,0.07,晨化股份,化学原料和化学制品制造业,创业板,13.514999999999986,13.323750000000002,13.205000000000005,13.033750000000008,12.761276595744675
300610,2019-03-04,13.46,13.51,13.76,13.41,13.46,25453.5,34621200.0,13.51,13.32,12.950499999999991,12.89,12.64,60.75,0.24,0.18,0.06,晨化股份,化学原料和化学制品制造业,创业板,13.537499999999987,13.373750000000003,13.267500000000005,13.116250000000008,12.796595744680845
300610,2019-03-05,13.39,13.77,13.83,13.39,13.51,21756.5,29602000.0,13.58,13.39,13.01049999999999,12.92,12.67,64.76,0.26,0.2,0.06,晨化股份,化学原料和化学制品制造业,创业板,13.567499999999987,13.478750000000002,13.340833333333341,13.195625000000009,12.840638297872333
300610,2019-03-06,13.88,13.97,14.06,13.58,13.77,28984.4,40085400.0,13.65,13.47,13.078499999999991,12.96,12.71,67.51,0.3,0.22,0.08,晨化股份,化学原料和化学制品制造业,创业板,13.677499999999988,13.59875,13.407500000000008,13.283750000000008,12.882340425531908
300610,2019-03-07,13.97,14.23,14.5,13.82,13.97,33125.0,46770500.0,13.79,13.6,13.200999999999993,13.02,12.74,70.71,0.34,0.24,0.1,晨化股份,化学原料和化学制品制造业,创业板,13.869999999999989,13.6925,13.50583333333334,13.371250000000007,12.927234042553184
300610,2019-03-08,13.99,13.67,14.18,13.51,14.23,37672.9,52186300.0,13.83,13.67,13.274999999999995,13.05,12.76,57.56,0.32,0.26,0.06,晨化股份,化学原料和化学制品制造业,创业板,13.909999999999988,13.72375,13.552500000000004,13.428125000000007,12.955106382978716
300610,2019-03-11,13.66,14.31,14.34,13.66,13.67,32935.4,46066000.0,13.99,13.75,13.365499999999994,13.1,12.8,65.47,0.35,0.28,0.07,晨化股份,化学原料和化学制品制造业,创业板,14.044999999999987,13.80625,13.667500000000004,13.516875000000006,12.997872340425523
300610,2019-03-12,14.31,14.35,14.6,14.09,14.31,33670.0,48211200.0,14.11,13.85,13.454999999999995,13.15,12.83,65.89,0.38,0.3,0.08,晨化股份,化学原料和化学制品制造业,创业板,14.139999999999986,13.90875,13.77916666666667,13.590625000000006,13.041914893617015
300610,2019-03-13,14.27,13.98,14.36,13.87,14.35,21445.9,30328200.0,14.11,13.88,13.512499999999998,13.18,12.87,58.66,0.36,0.31,0.05,晨化股份,化学原料和化学制品制造业,创业板,14.077499999999986,13.973749999999999,13.820833333333338,13.648750000000005,13.081702127659568
300610,2019-03-14,14.03,13.92,14.3,13.3,13.98,29312.7,40308800.0,14.05,13.92,13.5705,13.21,12.9,57.56,0.35,0.32,0.03,晨化股份,化学原料和化学制品制造业,创业板,14.139999999999986,14.024999999999999,13.862500000000004,13.699375000000003,13.106170212765951
300610,2019-03-15,13.94,13.94,14.13,13.72,13.92,23360.5,32572500.0,14.1,13.96,13.623,13.26,12.92,57.84,0.32,0.32,0.0,晨化股份,化学原料和化学制品制造业,创业板,14.047499999999985,14.046249999999999,13.88666666666667,13.762500000000003,13.13361702127659
300610,2019-03-18,13.94,14.18,14.23,13.85,13.94,20402.5,28636700.0,14.07,14.03,13.673499999999999,13.31,12.96,61.2,0.33,0.32,0.01,晨化股份,化学原料和化学制品制造业,创业板,14.004999999999987,14.072499999999998,13.940833333333337,13.835625000000004,13.15829787234042
300610,2019-03-19,14.24,14.3,14.37,14.0,14.18,22630.4,32122700.0,14.06,14.08,13.735999999999999,13.37,13.0,62.8,0.34,0.32,0.02,晨化股份,化学原料和化学制品制造业,创业板,14.084999999999987,14.081249999999997,14.010833333333338,13.886875000000005,13.176382978723396
300610,2019-03-20,14.3,14.5,14.77,14.19,14.3,37811.1,54724900.0,14.17,14.14,13.805499999999999,13.43,13.04,65.36,0.36,0.33,0.03,晨化股份,化学原料和化学制品制造业,创业板,14.229999999999986,14.184999999999997,14.093333333333339,13.954375000000006,13.201276595744671
300610,2019-03-21,14.6,14.48,14.62,14.2,14.5,21422.5,30892500.0,14.28,14.16,13.883,13.52,13.08,64.88,0.36,0.34,0.02,晨化股份,化学原料和化学制品制造业,创业板,14.364999999999988,14.206249999999997,14.152500000000003,14.006250000000005,13.230638297872332
300610,2019-03-22,14.39,14.45,14.66,14.05,14.48,23133.8,33060500.0,14.38,14.24,13.954999999999998,13.6,13.13,64.12,0.37,0.34,0.03,晨化股份,化学原料和化学制品制造业,创业板,14.432499999999989,14.218749999999996,14.192500000000003,14.063750000000004,13.262765957446799
300610,2019-03-25,14.28,14.65,15.78,14.15,14.45,34062.5,50424000.0,14.48,14.28,14.013499999999997,13.67,13.17,66.91,0.37,0.35,0.02,晨化股份,化学原料和化学制品制造业,创业板,14.519999999999989,14.302499999999997,14.227500000000004,14.138125000000004,13.299574468085098
300610,2019-03-26,14.63,14.27,15.34,14.15,14.65,25428.9,36972400.0,14.47,14.27,14.055999999999994,13.73,13.21,57.72,0.34,0.35,-0.01,晨化股份,化学原料和化学制品制造业,创业板,14.462499999999988,14.346249999999996,14.277500000000005,14.185625000000005,13.331276595744672
300610,2019-03-27,14.28,14.28,14.44,14.05,14.27,18236.0,25921400.0,14.43,14.3,14.087499999999995,13.77,13.24,57.89,0.33,0.34,-0.01,晨化股份,化学原料和化学制品制造业,创业板,14.412499999999987,14.388749999999995,14.275000000000006,14.217500000000005,13.363404255319141
300610,2019-03-28,14.27,14.25,14.48,14.21,14.28,15288.5,21918900.0,14.38,14.33,14.123499999999996,13.82,13.27,57.17,0.3,0.34,-0.04,晨化股份,化学原料和化学制品制造业,创业板,14.362499999999986,14.397499999999994,14.266666666666673,14.235000000000005,13.38872340425531
300610,2019-03-29,14.2,14.63,14.63,14.13,14.25,27873.7,40118900.0,14.42,14.4,14.181999999999997,13.88,13.31,63.35,0.31,0.33,-0.02,晨化股份,化学原料和化学制品制造业,创业板,14.357499999999986,14.438749999999994,14.32083333333334,14.260000000000005,13.430425531914887
300610,2019-04-01,14.53,15.12,15.28,14.53,14.63,36200.2,54218600.0,14.51,14.49,14.262499999999998,13.95,13.36,69.47,0.35,0.33,0.02,晨化股份,化学原料和化学制品制造业,创业板,14.569999999999986,14.516249999999992,14.420833333333341,14.350625000000006,13.487234042553183
300610,2019-04-02,15.19,15.2,15.43,15.05,15.12,29193.8,44518300.0,14.7,14.58,14.333999999999998,14.02,13.4,70.34,0.39,0.35,0.04,晨化股份,化学原料和化学制品制造业,创业板,14.799999999999986,14.60624999999999,14.52583333333334,14.406250000000005,13.540851063829782
300610,2019-04-03,15.2,15.49,15.61,15.07,15.2,27645.5,42610200.0,14.94,14.68,14.409999999999997,14.1,13.45,73.32,0.44,0.36,0.08,晨化股份,化学原料和化学制品制造业,创业板,15.109999999999985,14.73624999999999,14.635000000000007,14.477500000000006,13.596808510638292
300610,2019-04-04,15.65,15.75,16.18,15.44,15.49,38038.5,60126800.0,15.24,14.81,14.485999999999995,14.19,13.5,75.67,0.49,0.39,0.1,晨化股份,化学原料和化学制品制造业,创业板,15.389999999999985,14.87374999999999,14.75583333333334,14.588125000000007,13.65893617021276
300610,2019-04-08,16.0,16.33,16.7,15.79,15.75,43877.5,71441600.0,15.58,15.0,14.618999999999994,14.3,13.54,79.92,0.56,0.42,0.14,晨化股份,化学原料和化学制品制造业,创业板,15.692499999999983,15.131249999999993,14.90833333333334,14.738750000000008,13.728723404255314
300610,2019-04-09,16.41,15.72,16.5,15.47,16.33,38661.0,61262900.0,15.7,15.1,14.689499999999995,14.38,13.58,66.71,0.57,0.45,0.12,晨化股份,化学原料和化学制品制造业,创业板,15.822499999999984,15.311249999999994,15.011666666666676,14.850000000000009,13.786808510638293
300610,2019-04-10,15.5,15.4,15.52,14.81,15.72,43670.0,66130400.0,15.74,15.22,14.741999999999994,14.44,13.62,61.01,0.55,0.47,0.08,晨化股份,化学原料和化学制品制造业,创业板,15.799999999999985,15.454999999999995,15.090833333333343,14.926250000000008,13.844468085106376
300610,2019-04-11,15.24,14.75,15.49,14.7,15.4,31762.0,47474900.0,15.59,15.26,14.780499999999993,14.48,13.65,51.41,0.47,0.47,0.0,晨化股份,化学原料和化学制品制造业,创业板,15.549999999999983,15.469999999999995,15.099166666666676,14.954375000000008,13.891489361702122
300610,2019-04-12,14.76,14.69,14.92,14.52,14.75,21525.0,31552200.0,15.38,15.31,14.818999999999992,14.52,13.68,50.62,0.4,0.46,-0.06,晨化股份,化学原料和化学制品制造业,创业板,15.139999999999983,15.416249999999994,15.134166666666674,14.966250000000008,13.936595744680845
300610,2019-04-15,14.84,14.46,14.94,14.42,14.69,23588.0,34796000.0,15.0,15.29,14.84499999999999,14.55,13.71,47.59,0.32,0.43,-0.11,晨化股份,化学原料和化学制品制造业,创业板,14.824999999999982,15.323749999999995,15.149166666666675,14.965000000000009,13.975957446808506
300610,2019-04-16,14.35,14.76,14.77,14.31,14.46,19816.2,28825200.0,14.81,15.26,14.87399999999999,14.59,13.74,51.65,0.29,0.4,-0.11,晨化股份,化学原料和化学制品制造业,创业板,14.664999999999983,15.232499999999996,15.191666666666675,14.984375000000009,14.039361702127655
300610,2019-04-17,14.8,14.6,14.82,14.51,14.76,19565.5,28639700.0,14.65,15.19,14.88899999999999,14.62,13.77,49.45,0.23,0.37,-0.14,晨化股份,化学原料和化学制品制造业,创业板,14.627499999999984,15.088749999999997,15.189166666666674,14.981250000000008,14.090638297872335
300610,2019-04-18,14.6,14.69,14.75,14.53,14.6,14122.7,20650100.0,14.64,15.11,14.89849999999999,14.64,13.8,50.72,0.2,0.33,-0.13,晨化股份,化学原料和化学制品制造业,创业板,14.627499999999984,14.883749999999997,15.153333333333341,15.007500000000007,14.137234042553187
300610,2019-04-19,14.72,14.58,14.81,14.4,14.69,14343.0,20857100.0,14.62,15.0,14.903499999999989,14.66,13.84,49.1,0.16,0.3,-0.14,晨化股份,化学原料和化学制品制造业,创业板,14.657499999999983,14.741249999999997,15.101666666666675,15.026250000000008,14.180212765957444
300610,2019-04-22,14.6,14.83,15.12,14.33,14.58,32464.8,47747700.0,14.69,14.85,14.922499999999989,14.7,13.87,52.8,0.15,0.27,-0.12,晨化股份,化学原料和化学制品制造业,创业板,14.674999999999985,14.669999999999998,15.046666666666676,15.062500000000009,14.222765957446807
300610,2019-04-23,14.71,14.9,15.29,14.62,14.83,39042.5,58023700.0,14.72,14.77,14.934999999999988,14.72,13.91,53.81,0.14,0.24,-0.1,晨化股份,化学原料和化学制品制造业,创业板,14.749999999999984,14.688749999999999,14.975833333333343,15.07937500000001,14.268297872340423
300610,2019-04-24,14.9,14.56,14.9,14.38,14.9,26407.1,38601700.0,14.71,14.68,14.94949999999999,14.72,13.94,48.38,0.11,0.22,-0.11,晨化股份,化学原料和化学制品制造业,创业板,14.717499999999983,14.6725,14.828333333333342,15.04437500000001,14.30382978723404
300610,2019-04-25,14.52,14.04,14.59,13.84,14.56,24882.8,35192100.0,14.58,14.61,14.937499999999991,14.72,13.95,41.48,0.04,0.18,-0.14,晨化股份,化学原料和化学制品制造业,创业板,14.582499999999985,14.619999999999997,14.688333333333341,14.97187500000001,14.322340425531912
300610,2019-04-26,14.03,13.74,14.12,13.74,14.04,14162.5,19617900.0,14.41,14.52,14.911999999999992,14.72,13.97,38.11,-0.03,0.14,-0.17,晨化股份,化学原料和化学制品制造业,创业板,14.309999999999985,14.492499999999998,14.55000000000001,14.86250000000001,14.337021276595744
300610,2019-04-29,13.55,13.15,13.84,13.15,13.74,16331.5,21900600.0,14.08,14.38,14.83799999999999,14.69,13.97,32.5,-0.14,0.08,-0.22,晨化股份,化学原料和化学制品制造业,创业板,13.872499999999986,14.311249999999998,14.416666666666677,14.70000000000001,14.337872340425529
300610,2019-04-30,13.4,13.36,13.4,13.17,13.15,6802.1,9036450.0,13.77,14.24,14.749999999999991,14.66,13.99,36.1,-0.21,0.02,-0.23,晨化股份,化学原料和化学制品制造业,创业板,13.572499999999984,14.144999999999998,14.305833333333345,14.514375000000012,14.347021276595743
300610,2019-05-06,13.0,13.18,13.52,12.04,13.36,16664.0,21173800.0,13.49,14.1,14.648999999999992,14.63,14.0,34.41,-0.27,-0.03,-0.24,晨化股份,化学原料和化学制品制造业,创业板,13.357499999999986,13.969999999999997,14.199166666666677,14.355625000000012,14.350638297872338
300610,2019-05-07,12.89,12.95,13.08,12.65,13.18,10845.3,14010600.0,13.28,13.93,14.521999999999991,14.58,14.0,32.32,-0.34,-0.1,-0.24,晨化股份,化学原料和化学制品制造业,创业板,13.159999999999984,13.734999999999998,14.048333333333344,14.202500000000011,14.339361702127658
300610,2019-05-08,12.54,12.7,13.03,12.53,12.95,8732.79,11209100.0,13.07,13.74,14.369499999999992,14.52,14.02,30.18,-0.4,-0.16,-0.24,晨化股份,化学原料和化学制品制造业,创业板,13.047499999999983,13.459999999999997,13.89000000000001,14.07437500000001,14.32404255319149
300610,2019-05-09,12.7,12.73,12.92,12.66,12.7,7875.79,10090200.0,12.98,13.53,14.189499999999992,14.46,14.03,30.77,-0.45,-0.22,-0.23,晨化股份,化学原料和化学制品制造业,创业板,12.889999999999983,13.231249999999998,13.726666666666675,13.95187500000001,14.304468085106384
300610,2019-05-10,12.73,13.19,13.24,12.7,12.73,13932.8,18062000.0,12.95,13.36,14.062999999999992,14.41,14.04,39.29,-0.44,-0.26,-0.18,晨化股份,化学原料和化学制品制造业,创业板,12.892499999999982,13.124999999999996,13.610833333333341,13.87250000000001,14.297234042553194
300610,2019-05-13,13.04,12.96,13.16,12.91,13.19,8191.5,10651500.0,12.91,13.2,13.940999999999992,14.37,14.05,36.85,-0.45,-0.3,-0.15,晨化股份,化学原料和化学制品制造业,创业板,12.894999999999982,13.027499999999998,13.455000000000007,13.76000000000001,14.286595744680854
300610,2019-05-14,12.99,14.26,14.26,12.81,12.96,53286.5,74703200.0,13.17,13.22,13.91649999999999,14.37,14.07,54.18,-0.35,-0.31,-0.04,晨化股份,化学原料和化学制品制造业,创业板,13.284999999999982,13.166249999999998,13.401666666666673,13.73875000000001,14.302553191489364
300610,2019-05-15,15.25,14.96,15.69,14.83,14.26,134930.0,207346000.0,13.62,13.34,13.929999999999989,14.39,14.11,60.47,-0.21,-0.29,0.08,晨化股份,化学原料和化学制品制造业,创业板,13.842499999999983,13.366249999999999,13.435000000000008,13.75562500000001,14.327872340425536
300610,2019-05-16,13.99,13.91,14.39,13.8,14.96,97661.5,136961000.0,13.86,13.42,13.902499999999993,14.37,14.12,49.49,-0.18,-0.27,0.09,晨化股份,化学原料和化学制品制造业,创业板,14.022499999999983,13.4575,13.424166666666673,13.71375000000001,14.326595744680853
300610,2019-05-17,13.8,13.15,13.88,13.03,13.91,57285.4,77144800.0,13.85,13.4,13.821999999999992,14.3,14.12,43.36,-0.22,-0.26,0.04,晨化股份,化学原料和化学制品制造业,创业板,14.069999999999984,13.4825,13.375000000000007,13.60875000000001,14.303617021276597
300610,2019-05-20,12.93,12.83,13.15,12.61,13.15,32531.1,41702200.0,13.82,13.36,13.733499999999989,14.22,14.12,41.05,-0.27,-0.26,-0.01,晨化股份,化学原料和化学制品制造业,创业板,13.712499999999986,13.49875,13.348333333333342,13.47937500000001,14.285744680851067
300610,2019-05-21,12.8,12.89,12.95,12.7,12.83,24389.1,31358000.0,13.55,13.36,13.643499999999989,14.13,14.12,41.68,-0.3,-0.27,-0.03,晨化股份,化学原料和化学制品制造业,创业板,13.194999999999988,13.518749999999999,13.309166666666675,13.37500000000001,14.255531914893622
300610,2019-05-22,12.81,12.5,12.91,12.45,12.89,24550.0,31042600.0,13.06,13.34,13.53949999999999,14.03,14.11,38.79,-0.36,-0.29,-0.07,晨化股份,化学原料和化学制品制造业,创业板,12.842499999999987,13.4325,13.252500000000007,13.278750000000011,14.216170212765961
300610,2019-05-23,12.5,12.24,12.57,12.1,12.5,19066.6,23616500.0,12.72,13.29,13.409999999999991,13.89,14.1,36.95,-0.41,-0.31,-0.1,晨化股份,化学原料和化学制品制造业,创业板,12.614999999999988,13.342499999999998,13.193333333333342,13.185000000000011,14.179148936170217
300610,2019-05-24,12.38,12.17,12.39,12.0,12.24,13254.6,16155400.0,12.53,13.19,13.273499999999993,13.77,14.07,36.45,-0.46,-0.34,-0.12,晨化股份,化学原料和化学制品制造业,创业板,12.449999999999989,13.081249999999997,13.149166666666675,13.12375000000001,14.141914893617026
300610,2019-05-27,12.2,12.46,12.49,12.15,12.17,10708.1,13215900.0,12.45,13.14,13.168499999999991,13.67,14.06,40.08,-0.47,-0.37,-0.1,晨化股份,化学原料和化学制品制造业,创业板,12.342499999999989,12.768749999999997,13.126666666666678,13.06750000000001,14.110425531914897
300610,2019-05-28,12.3,12.32,12.62,12.3,12.46,13670.5,17035800.0,12.34,12.94,13.08249999999999,13.59,14.04,38.92,-0.48,-0.39,-0.09,晨化股份,化学原料和化学制品制造业,创业板,12.297499999999989,12.569999999999997,13.054166666666676,13.013750000000009,14.070851063829792
300610,2019-05-29,12.28,12.38,12.47,12.2,12.32,7882.94,9747610.0,12.31,12.68,13.01449999999999,13.51,14.02,39.72,-0.48,-0.41,-0.07,晨化股份,化学原料和化学制品制造业,创业板,12.332499999999989,12.473749999999995,13.005833333333342,12.97812500000001,14.030000000000006
300610,2019-05-30,12.29,12.63,12.65,12.25,12.38,14104.4,17611300.0,12.39,12.56,12.988499999999991,13.45,14.0,43.07,-0.46,-0.42,-0.04,晨化股份,化学原料和化学制品制造业,创业板,12.44749999999999,12.448749999999995,12.87000000000001,12.97375000000001,13.990212765957454
300610,2019-05-31,12.56,12.58,12.7,12.44,12.63,12107.9,15218300.0,12.47,12.5,12.94949999999999,13.38,13.99,42.56,-0.43,-0.42,-0.01,晨化股份,化学原料和化学制品制造业,创业板,12.477499999999988,12.409999999999995,12.671666666666676,12.964375000000011,13.94978723404256
300610,2019-06-03,12.45,11.93,12.45,11.88,12.58,20086.5,24280100.0,12.37,12.41,12.88699999999999,13.29,13.96,36.52,-0.46,-0.43,-0.03,晨化股份,化学原料和化学制品制造业,创业板,12.379999999999988,12.338749999999994,12.506666666666677,12.885625000000012,13.896170212765963
300610,2019-06-04,11.9,11.64,12.04,11.5,11.93,13605.5,15867300.0,12.23,12.28,12.82149999999999,13.19,13.92,34.18,-0.51,-0.44,-0.07,晨化股份,化学原料和化学制品制造业,创业板,12.194999999999988,12.263749999999995,12.380833333333344,12.80312500000001,13.832127659574473
300610,2019-06-05,11.77,11.78,11.97,11.68,11.64,10321.0,12217200.0,12.11,12.21,12.775499999999989,13.1,13.88,36.3,-0.52,-0.46,-0.06,晨化股份,化学原料和化学制品制造业,创业板,11.982499999999987,12.214999999999995,12.293333333333344,12.648125000000011,13.779148936170218
300610,2019-06-06,11.77,11.82,12.13,11.71,11.78,14490.3,17316300.0,11.95,12.17,12.729999999999988,13.0,13.85,36.92,-0.52,-0.47,-0.05,晨化股份,化学原料和化学制品制造业,创业板,11.792499999999988,12.134999999999994,12.204166666666675,12.45187500000001,13.726808510638305
300610,2019-06-10,11.82,12.06,12.1,11.82,11.82,6032.85,7220320.0,11.85,12.16,12.673499999999986,12.9,13.81,40.68,-0.5,-0.48,-0.02,晨化股份,化学原料和化学制品制造业,创业板,11.824999999999989,12.102499999999996,12.16750000000001,12.33625000000001,13.680212765957453
300610,2019-06-11,11.92,12.46,12.5,11.92,12.06,13260.5,16316900.0,11.95,12.16,12.648499999999986,12.83,13.78,46.4,-0.44,-0.47,0.03,晨化股份,化学原料和化学制品制造业,创业板,12.029999999999989,12.112499999999997,12.185833333333342,12.29312500000001,13.634042553191495
300610,2019-06-12,12.49,12.43,12.54,12.31,12.46,9787.0,12170100.0,12.11,12.17,12.556999999999984,12.78,13.75,46.04,-0.4,-0.46,0.06,晨化股份,化学原料和化学制品制造业,创业板,12.192499999999988,12.087499999999999,12.20750000000001,12.26812500000001,13.576808510638303
300610,2019-06-13,12.43,12.44,12.52,12.34,12.43,7554.19,9413140.0,12.24,12.18,12.430999999999985,12.74,13.73,46.19,-0.36,-0.44,0.08,晨化股份,化学原料和化学制品制造业,创业板,12.347499999999988,12.069999999999999,12.205833333333343,12.240000000000009,13.518085106382983
300610,2019-06-14,12.53,12.05,12.55,12.0,12.44,9631.0,11779400.0,12.29,12.12,12.337999999999983,12.7,13.7,41.38,-0.35,-0.42,0.07,晨化股份,化学原料和化学制品制造业,创业板,12.344999999999988,12.084999999999997,12.183333333333344,12.21187500000001,13.44489361702128
300610,2019-06-17,12.18,12.37,12.38,12.06,12.05,11150.4,13622900.0,12.35,12.1,12.298999999999982,12.67,13.66,46.32,-0.32,-0.4,0.08,晨化股份,化学原料和化学制品制造业,创业板,12.322499999999987,12.176249999999998,12.182500000000012,12.22000000000001,13.372978723404259
300610,2019-06-18,12.45,12.18,12.45,12.16,12.37,5058.14,6188330.0,12.29,12.12,12.266499999999981,12.63,13.63,43.95,-0.3,-0.38,0.08,晨化股份,化学原料和化学制品制造业,创业板,12.259999999999987,12.226249999999997,12.145000000000012,12.22062500000001,13.284680851063833
300610,2019-06-19,12.33,12.28,12.49,12.25,12.18,7103.19,8761950.0,12.26,12.19,12.235999999999981,12.61,13.59,45.53,-0.28,-0.36,0.08,晨化股份,化学原料和化学制品制造业,创业板,12.219999999999988,12.283749999999998,12.120000000000012,12.20937500000001,13.211489361702128
300610,2019-06-20,12.28,12.41,12.49,12.18,12.28,8646.03,10712200.0,12.26,12.25,12.231499999999983,12.6,13.56,47.6,-0.25,-0.34,0.09,晨化股份,化学原料和化学制品制造业,创业板,12.309999999999988,12.327499999999997,12.16000000000001,12.21500000000001,13.147872340425533
300610,2019-06-21,12.88,12.62,12.88,12.58,12.41,17824.8,22608400.0,12.37,12.33,12.250499999999983,12.6,13.53,50.84,-0.21,-0.31,0.1,晨化股份,化学原料和化学制品制造业,创业板,12.372499999999988,12.347499999999997,12.24166666666668,12.230000000000011,13.102553191489363
300610,2019-06-24,12.63,12.6,12.66,12.49,12.62,9173.99,11537200.0,12.42,12.38,12.271999999999984,12.58,13.49,50.52,-0.17,-0.28,0.11,晨化股份,化学原料和化学制品制造业,创业板,12.477499999999988,12.368749999999995,12.310000000000011,12.228125000000011,13.058085106382979
300610,2019-06-25,12.68,12.6,12.8,12.45,12.6,14979.8,18908400.0,12.5,12.4,12.278999999999984,12.56,13.47,50.52,-0.13,-0.25,0.12,晨化股份,化学原料和化学制品制造业,创业板,12.557499999999989,12.388749999999995,12.375000000000012,12.22937500000001,13.018510638297872
300610,2019-06-26,12.55,12.69,12.86,12.53,12.6,9448.69,12027500.0,12.58,12.42,12.297499999999985,12.51,13.44,52.1,-0.1,-0.22,0.12,晨化股份,化学原料和化学制品制造业,创业板,12.627499999999987,12.468749999999995,12.42750000000001,12.27687500000001,12.974468085106384
300610,2019-06-27,12.76,12.65,12.77,12.63,12.69,8495.0,10784900.0,12.63,12.44,12.310999999999984,12.44,13.41,51.32,-0.08,-0.19,0.11,晨化股份,化学原料和化学制品制造业,创业板,12.634999999999987,12.503749999999995,12.443333333333344,12.34000000000001,12.932978723404256
300610,2019-06-28,12.7,12.49,12.7,12.28,12.65,10023.8,12511200.0,12.61,12.49,12.303999999999984,12.39,13.38,48.2,-0.08,-0.17,0.09,晨化股份,化学原料和化学制品制造业,创业板,12.607499999999987,12.542499999999993,12.448333333333345,12.384375000000011,12.886170212765958
300610,2019-07-01,12.58,12.79,12.82,12.58,12.49,12098.3,15413300.0,12.64,12.53,12.314499999999985,12.38,13.34,53.86,-0.05,-0.15,0.1,晨化股份,化学原料和化学制品制造业,创业板,12.654999999999987,12.606249999999992,12.477500000000012,12.445000000000011,12.848085106382976
300610,2019-07-02,12.69,12.9,12.94,12.69,12.79,12712.1,16355400.0,12.7,12.6,12.362999999999985,12.38,13.3,55.77,-0.02,-0.12,0.1,晨化股份,化学原料和化学制品制造业,创业板,12.707499999999987,12.667499999999993,12.548333333333344,12.497500000000011,12.80702127659574
300610,2019-07-03,12.89,12.64,12.89,12.63,12.9,10306.5,13103100.0,12.69,12.64,12.412999999999986,12.37,13.25,50.46,-0.01,-0.1,0.09,晨化股份,化学原料和化学制品制造业,创业板,12.704999999999988,12.669999999999993,12.570833333333345,12.508750000000012,12.758936170212763
300610,2019-07-04,12.64,12.66,12.82,12.56,12.64,8186.54,10368400.0,12.7,12.66,12.456999999999987,12.38,13.2,50.84,0.0,-0.08,0.08,晨化股份,化学原料和化学制品制造业,创业板,12.747499999999986,12.677499999999993,12.610833333333344,12.523125000000011,12.71851063829787
300610,2019-07-05,12.43,12.63,12.75,12.43,12.66,5759.5,7301790.0,12.72,12.66,12.497499999999988,12.39,13.14,50.21,0.0,-0.06,0.06,晨化股份,化学原料和化学制品制造业,创业板,12.707499999999987,12.681249999999993,12.64000000000001,12.53500000000001,12.68851063829787
300610,2019-07-08,12.71,12.31,12.72,12.26,12.63,10993.8,13670400.0,12.63,12.64,12.509999999999987,12.39,13.08,43.9,-0.02,-0.05,0.03,晨化股份,化学原料和化学制品制造业,创业板,12.559999999999988,12.633749999999994,12.631666666666677,12.55125000000001,12.658085106382975
300610,2019-07-09,12.31,12.22,12.39,12.02,12.31,8234.29,10025000.0,12.49,12.6,12.497999999999989,12.39,13.03,42.3,-0.05,-0.05,0.0,晨化股份,化学原料和化学制品制造业,创业板,12.454999999999988,12.579999999999993,12.598333333333343,12.54187500000001,12.638297872340424
300610,2019-07-10,12.22,12.07,12.31,12.04,12.22,8609.56,10472500.0,12.38,12.54,12.47999999999999,12.38,12.98,39.69,-0.09,-0.06,-0.03,晨化股份,化学原料和化学制品制造业,创业板,12.307499999999987,12.527499999999995,12.554166666666676,12.535000000000009,12.610851063829786
300610,2019-07-11,12.11,12.27,12.73,12.1,12.07,11113.4,13691700.0,12.3,12.5,12.471499999999988,12.37,12.94,44.59,-0.09,-0.07,-0.02,晨化股份,化学原料和化学制品制造业,创业板,12.217499999999985,12.462499999999995,12.526666666666678,12.53437500000001,12.591489361702127
300610,2019-07-12,12.24,12.5,12.62,12.12,12.27,12711.3,15783900.0,12.27,12.5,12.49399999999999,12.37,12.91,49.67,-0.08,-0.07,-0.01,晨化股份,化学原料和化学制品制造业,创业板,12.264999999999985,12.412499999999994,12.510833333333345,12.54000000000001,12.58191489361702
300610,2019-07-15,12.38,12.71,12.75,12.22,12.5,13196.0,16498400.0,12.35,12.49,12.510999999999987,12.37,12.88,53.82,-0.05,-0.07,0.02,晨化股份,化学原料和化学制品制造业,创业板,12.387499999999985,12.421249999999995,12.515833333333346,12.54562500000001,12.582127659574466
300610,2019-07-16,12.68,13.16,13.28,12.49,12.71,34484.0,44518500.0,12.54,12.52,12.559999999999988,12.41,12.85,61.22,0.01,-0.05,0.06,晨化股份,化学原料和化学制品制造业,创业板,12.659999999999984,12.483749999999995,12.571666666666678,12.58062500000001,12.591276595744677
300610,2019-07-17,13.16,12.93,13.16,12.84,13.16,27679.5,35785400.0,12.71,12.55,12.592499999999989,12.46,12.82,56.26,0.03,-0.03,0.06,晨化股份,化学原料和化学制品制造业,创业板,12.824999999999985,12.521249999999995,12.583333333333345,12.601250000000011,12.58574468085106
300610,2019-07-18,12.77,12.62,12.89,12.61,12.93,15771.0,20022400.0,12.78,12.54,12.602999999999987,12.49,12.79,50.34,0.03,-0.02,0.05,晨化股份,化学原料和化学制品制造业,创业板,12.854999999999984,12.559999999999995,12.560000000000011,12.596875000000011,12.578510638297866
300610,2019-07-19,12.64,12.59,12.83,12.57,12.62,9874.5,12522400.0,12.8,12.54,12.601499999999987,12.51,12.75,49.8,0.02,-0.01,0.03,晨化股份,化学原料和化学制品制造业,创业板,12.824999999999983,12.606249999999996,12.555833333333345,12.593125000000011,12.54297872340425
300610,2019-07-22,12.58,11.98,12.64,11.91,12.59,16127.2,19651500.0,12.66,12.5,12.570499999999988,12.51,12.71,40.24,-0.02,-0.01,-0.01,晨化股份,化学原料和化学制品制造业,创业板,12.529999999999983,12.594999999999995,12.499166666666676,12.56125000000001,12.4795744680851
300610,2019-07-23,12.08,12.2,12.27,11.98,11.98,7460.86,9072290.0,12.46,12.5,12.550499999999989,12.5,12.67,44.39,-0.05,-0.02,-0.03,晨化股份,化学原料和化学制品制造业,创业板,12.347499999999984,12.586249999999996,12.463333333333344,12.52437500000001,12.443191489361698
300610,2019-07-24,12.26,12.41,12.47,12.24,12.2,9725.52,12048300.0,12.36,12.54,12.53649999999999,12.5,12.64,48.09,-0.05,-0.03,-0.02,晨化股份,化学原料和化学制品制造业,创业板,12.294999999999986,12.574999999999996,12.471666666666676,12.49375000000001,12.427446808510634
300610,2019-07-25,12.38,12.43,12.48,12.0,12.41,10908.2,13442500.0,12.32,12.55,12.52549999999999,12.5,12.62,48.44,-0.05,-0.03,-0.02,晨化股份,化学原料和化学制品制造业,创业板,12.254999999999985,12.539999999999996,12.489166666666677,12.48062500000001,12.41893617021276
300610,2019-07-26,12.43,12.39,12.47,12.28,12.43,8387.29,10382100.0,12.28,12.54,12.52049999999999,12.51,12.6,47.74,-0.05,-0.04,-0.01,晨化股份,化学原料和化学制品制造业,创业板,12.357499999999984,12.443749999999996,12.515833333333342,12.46375000000001,12.40829787234042
300610,2019-07-29,12.93,12.5,12.93,12.33,12.39,12442.2,15652900.0,12.39,12.52,12.50599999999999,12.51,12.59,49.88,-0.04,-0.04,0.0,晨化股份,化学原料和化学制品制造业,创业板,12.432499999999983,12.389999999999997,12.535000000000009,12.45562500000001,12.40829787234042
300610,2019-07-30,12.5,12.51,12.6,12.41,12.5,10167.2,12736900.0,12.45,12.46,12.48649999999999,12.53,12.58,50.08,-0.03,-0.04,0.01,晨化股份,化学原料和化学制品制造业,创业板,12.457499999999982,12.376249999999997,12.535833333333342,12.46812500000001,12.414042553191482
300610,2019-07-31,12.54,12.29,12.54,12.22,12.51,8061.0,9940030.0,12.42,12.39,12.46899999999999,12.53,12.57,45.76,-0.05,-0.04,-0.01,晨化股份,化学原料和化学制品制造业,创业板,12.422499999999982,12.338749999999997,12.50083333333334,12.472500000000009,12.416595744680844
300610,2019-08-01,12.7,12.46,12.7,12.3,12.29,9949.5,12410200.0,12.43,12.38,12.45899999999999,12.53,12.56,49.39,-0.04,-0.04,0.0,晨化股份,化学原料和化学制品制造业,创业板,12.439999999999982,12.398749999999998,12.442500000000008,12.49687500000001,12.416595744680844
300610,2019-08-02,12.18,12.19,12.26,12.09,12.46,10165.8,12369300.0,12.39,12.34,12.436999999999992,12.51,12.55,44.31,-0.06,-0.04,-0.02,晨化股份,化学原料和化学制品制造业,创业板,12.362499999999981,12.397499999999997,12.38083333333334,12.49187500000001,12.413829787234036
300610,2019-08-05,12.2,12.07,12.29,12.04,12.19,7963.68,9699140.0,12.3,12.34,12.424999999999992,12.5,12.54,42.23,-0.08,-0.05,-0.03,晨化股份,化学原料和化学制品制造业,创业板,12.252499999999982,12.354999999999997,12.335000000000006,12.465000000000009,12.407234042553187
300610,2019-08-06,12.03,11.51,12.03,11.18,12.07,11976.0,13893900.0,12.1,12.28,12.389499999999991,12.46,12.51,34.18,-0.15,-0.07,-0.08,晨化股份,化学原料和化学制品制造业,创业板,12.057499999999981,12.239999999999998,12.245000000000005,12.390000000000008,12.383404255319144
300610,2019-08-07,11.67,11.59,11.77,11.52,11.51,4615.27,5360900.0,11.96,12.19,12.365499999999992,12.42,12.47,36.05,-0.19,-0.09,-0.1,晨化股份,化学原料和化学制品制造业,创业板,11.83999999999998,12.139999999999999,12.212500000000006,12.291875000000008,12.36234042553191
300610,2019-08-08,11.59,11.56,11.72,11.52,11.59,3999.68,4636180.0,11.78,12.11,12.329999999999991,12.39,12.41,35.64,-0.21,-0.12,-0.09,晨化股份,化学原料和化学制品制造业,创业板,11.682499999999981,12.022499999999999,12.159166666666673,12.206250000000008,12.354468085106378
300610,2019-08-09,11.6,11.51,11.78,11.41,11.56,6270.41,7255430.0,11.65,12.02,12.280499999999993,12.35,12.37,34.93,-0.24,-0.14,-0.1,晨化股份,化学原料和化学制品制造业,创业板,11.54249999999998,11.897499999999999,12.084166666666674,12.136875000000007,12.35170212765957
300610,2019-08-12,11.4,11.59,11.59,11.3,11.51,5777.42,6602280.0,11.55,11.93,12.22449999999999,12.31,12.34,37.1,-0.25,-0.16,-0.09,晨化股份,化学原料和化学制品制造业,创业板,11.56249999999998,11.809999999999999,12.014166666666673,12.074375000000007,12.34765957446808
300610,2019-08-13,11.45,11.48,11.5,11.36,11.59,3953.08,4524360.0,11.55,11.82,12.14049999999999,12.27,12.32,35.35,-0.26,-0.18,-0.08,晨化股份,化学原料和化学制品制造业,创业板,11.534999999999979,11.6875,11.938333333333338,12.043125000000007,12.340425531914889
300610,2019-08-14,11.59,11.6,11.7,11.53,11.48,4352.83,5052920.0,11.55,11.76,12.07399999999999,12.23,12.3,38.74,-0.27,-0.2,-0.07,晨化股份,化学原料和化学制品制造业,创业板,11.544999999999979,11.61375,11.863333333333337,12.005625000000007,12.330638297872337
300610,2019-08-15,11.34,11.52,11.58,11.34,11.6,4862.95,5563990.0,11.54,11.66,12.01899999999999,12.19,12.28,37.34,-0.26,-0.21,-0.05,晨化股份,化学原料和化学制品制造业,创业板,11.54749999999998,11.544999999999998,11.780833333333339,11.950000000000008,12.310638297872336
300610,2019-08-16,11.48,11.54,11.67,11.47,11.52,6126.53,7101040.0,11.55,11.6,11.96649999999999,12.16,12.27,37.94,-0.27,-0.22,-0.05,晨化股份,化学原料和化学制品制造业,创业板,11.534999999999979,11.548749999999997,11.718333333333339,11.894375000000007,12.29170212765957
300610,2019-08-19,11.56,11.84,11.86,11.56,11.54,6571.38,7747880.0,11.6,11.57,11.95949999999999,12.14,12.27,46.32,-0.24,-0.23,-0.01,晨化股份,化学原料和化学制品制造业,创业板,11.624999999999979,11.579999999999997,11.666666666666671,11.860000000000007,12.278936170212761
300610,2019-08-20,11.91,11.95,11.96,11.86,11.84,8371.64,9970730.0,11.69,11.62,11.94699999999999,12.13,12.26,49.04,-0.21,-0.22,0.01,晨化股份,化学原料和化学制品制造业,创业板,11.712499999999979,11.628749999999997,11.64666666666667,11.825625000000006,12.276808510638295
300610,2019-08-21,11.61,11.99,12.07,11.61,11.95,7219.29,8642440.0,11.77,11.66,11.925999999999991,12.13,12.25,50.03,-0.17,-0.21,0.04,晨化股份,化学原料和化学制品制造业,创业板,11.82999999999998,11.688749999999995,11.640000000000006,11.793125000000007,12.268723404255317
300610,2019-08-22,12.0,11.96,12.08,11.88,11.99,3958.83,4730120.0,11.86,11.7,11.902499999999991,12.12,12.25,49.26,-0.15,-0.2,0.05,晨化股份,化学原料和化学制品制造业,创业板,11.934999999999981,11.734999999999996,11.677500000000007,11.772500000000008,12.264042553191489
300610,2019-08-23,11.83,11.87,12.03,11.83,11.96,4182.4,4985840.0,11.92,11.73,11.87649999999999,12.1,12.23,46.91,-0.13,-0.19,0.06,晨化股份,化学原料和化学制品制造业,创业板,11.942499999999981,11.783749999999996,11.70083333333334,11.735625000000008,12.25531914893617
300610,2019-08-26,11.68,11.77,11.94,11.68,11.87,4948.19,5837060.0,11.91,11.75,11.839999999999991,12.07,12.22,44.39,-0.12,-0.17,0.05,晨化股份,化学原料和化学制品制造业,创业板,11.89749999999998,11.804999999999996,11.71833333333334,11.709375000000009,12.241702127659575
300610,2019-08-27,11.88,11.99,12.02,11.81,11.77,7987.0,9550160.0,11.92,11.8,11.813999999999991,12.03,12.22,50.68,-0.11,-0.16,0.05,晨化股份,化学原料和化学制品制造业,创业板,11.89749999999998,11.863749999999996,11.758333333333342,11.70437500000001,12.228297872340425
300610,2019-08-28,11.93,12.08,12.1,11.93,11.99,6675.26,8026240.0,11.93,11.85,11.803499999999993,12.0,12.23,53.02,-0.08,-0.14,0.06,晨化股份,化学原料和化学制品制造业,创业板,11.927499999999979,11.931249999999995,11.799166666666677,11.74000000000001,12.217234042553192
300610,2019-08-29,12.02,12.11,12.21,12.0,12.08,9034.09,10959600.0,11.96,11.91,11.78599999999999,11.98,12.23,53.81,-0.06,-0.13,0.07,晨化股份,化学原料和化学制品制造业,创业板,11.98749999999998,11.964999999999995,11.851666666666675,11.77250000000001,12.206808510638298
300610,2019-08-30,12.11,11.89,12.26,11.87,12.11,7929.9,9561050.0,11.97,11.94,11.770999999999992,11.96,12.24,47.52,-0.05,-0.11,0.06,晨化股份,化学原料和化学制品制造业,创业板,12.01749999999998,11.957499999999994,11.875833333333345,11.79312500000001,12.189787234042551
300610,2019-09-02,12.38,12.13,12.38,11.9,11.89,8990.55,10875000.0,12.04,11.97,11.773999999999992,11.96,12.24,53.86,-0.03,-0.1,0.07,晨化股份,化学原料和化学制品制造业,创业板,12.05249999999998,11.974999999999994,11.926666666666677,11.83187500000001,12.178723404255319
300610,2019-09-03,12.13,12.15,12.22,12.05,12.13,6902.39,8363560.0,12.07,11.99,11.805999999999994,11.96,12.23,54.35,-0.01,-0.08,0.07,晨化股份,化学原料和化学制品制造业,创业板,12.06999999999998,11.998749999999994,11.977500000000012,11.866875000000011,12.171489361702127
300610,2019-09-04,12.17,12.24,12.28,12.0,12.15,5917.5,7198120.0,12.1,12.02,11.838499999999993,11.96,12.23,56.61,0.01,-0.06,0.07,晨化股份,化学原料和化学制品制造业,创业板,12.102499999999981,12.044999999999993,12.010833333333345,11.914375000000012,12.159787234042552
300610,2019-09-05,12.29,12.33,12.44,12.24,12.24,11642.5,14392100.0,12.15,12.06,11.876999999999994,11.95,12.23,58.8,0.03,-0.04,0.07,晨化股份,化学原料和化学制品制造业,创业板,12.21249999999998,12.114999999999993,12.042500000000013,11.960000000000013,12.147659574468086
300610,2019-09-06,12.36,12.35,12.46,12.2,12.33,5800.92,7157630.0,12.24,12.1,11.918999999999993,11.95,12.23,59.29,0.05,-0.02,0.07,晨化股份,化学原料和化学制品制造业,创业板,12.26749999999998,12.159999999999993,12.072500000000012,12.011875000000012,12.14148936170213
300610,2019-09-09,12.45,12.58,12.59,12.35,12.35,9798.24,12237200.0,12.33,12.18,11.968499999999995,11.96,12.23,64.53,0.08,0.0,0.08,晨化股份,化学原料和化学制品制造业,创业板,12.37499999999998,12.222499999999993,12.12416666666668,12.076875000000014,12.139787234042556
300610,2019-09-10,12.59,12.59,12.66,12.46,12.58,7241.34,9075440.0,12.42,12.24,12.023999999999996,11.96,12.24,64.75,0.12,0.02,0.1,晨化股份,化学原料和化学制品制造业,创业板,12.462499999999979,12.282499999999994,12.184166666666679,12.123750000000014,12.13893617021277
300610,2019-09-11,12.6,12.54,12.65,12.46,12.59,7960.83,9989170.0,12.48,12.29,12.070999999999994,11.97,12.25,62.72,0.13,0.04,0.09,晨化股份,化学原料和化学制品制造业,创业板,12.51499999999998,12.363749999999994,12.248333333333344,12.160625000000014,12.143829787234047
300610,2019-09-12,12.47,12.63,13.6,12.43,12.54,29649.9,37767700.0,12.54,12.34,12.126499999999995,11.97,12.25,64.85,0.14,0.06,0.08,晨化股份,化学原料和化学制品制造业,创业板,12.58499999999998,12.426249999999994,12.301666666666677,12.200625000000013,12.152553191489366
300610,2019-09-16,12.67,12.71,12.79,12.63,12.63,19084.0,24213600.0,12.61,12.42,12.184999999999995,11.99,12.25,66.68,0.16,0.08,0.08,晨化股份,化学原料和化学制品制造业,创业板,12.61749999999998,12.496249999999993,12.354166666666677,12.247500000000013,12.16617021276596
300610,2019-09-17,12.7,12.27,12.7,12.25,12.71,13682.0,16994300.0,12.55,12.44,12.206499999999995,12.0,12.25,51.0,0.14,0.09,0.05,晨化股份,化学原料和化学制品制造业,创业板,12.53749999999998,12.499999999999993,12.367500000000012,12.272500000000013,12.16617021276596
300610,2019-09-18,12.28,12.35,12.39,12.27,12.27,8718.06,10751500.0,12.5,12.46,12.226499999999996,12.02,12.24,53.16,0.13,0.1,0.03,晨化股份,化学原料和化学制品制造业,创业板,12.48999999999998,12.502499999999992,12.405833333333343,12.308750000000012,12.16297872340426
300610,2019-09-19,12.36,12.46,12.49,12.31,12.35,6379.0,7915870.0,12.48,12.48,12.249999999999995,12.05,12.24,56.02,0.13,0.11,0.02,晨化股份,化学原料和化学制品制造业,创业板,12.44749999999998,12.516249999999992,12.433333333333344,12.338125000000012,12.15765957446809
300610,2019-09-20,12.58,12.49,12.6,12.45,12.46,10468.6,13096600.0,12.46,12.5,12.276499999999995,12.08,12.23,56.8,0.12,0.11,0.01,晨化股份,化学原料和化学制品制造业,创业板,12.39249999999998,12.504999999999992,12.461666666666678,12.363750000000012,12.143404255319155
300610,2019-09-23,12.48,12.36,12.51,12.25,12.49,8508.74,10506200.0,12.39,12.5,12.300999999999993,12.11,12.23,52.48,0.11,0.11,0.0,晨化股份,化学原料和化学制品制造业,创业板,12.414999999999981,12.476249999999991,12.471666666666678,12.37937500000001,12.131276595744687
300610,2019-09-24,12.36,12.55,12.58,12.3,12.36,13002.1,16239600.0,12.44,12.5,12.339999999999993,12.14,12.23,57.56,0.11,0.11,0.0,晨化股份,化学原料和化学制品制造业,创业板,12.46499999999998,12.477499999999992,12.49000000000001,12.420625000000012,12.129787234042558
300610,2019-09-25,12.49,12.23,12.49,12.2,12.55,9956.97,12277500.0,12.42,12.46,12.351999999999993,12.17,12.22,48.21,0.09,0.11,-0.02,晨化股份,化学原料和化学制品制造业,创业板,12.40749999999998,12.427499999999993,12.480000000000011,12.426875000000011,12.122127659574472
300610,2019-09-26,12.24,11.84,12.31,11.84,12.23,9790.6,11789200.0,12.29,12.39,12.339999999999991,12.18,12.2,39.74,0.04,0.09,-0.05,晨化股份,化学原料和化学制品制造业,创业板,12.244999999999978,12.318749999999994,12.418333333333344,12.407500000000011,12.119148936170218
300610,2019-09-27,11.99,12.09,12.5,11.8,11.84,7927.5,9591180.0,12.21,12.34,12.33899999999999,12.2,12.19,46.26,0.02,0.08,-0.06,晨化股份,化学原料和化学制品制造业,创业板,12.177499999999977,12.296249999999995,12.376666666666678,12.398125000000011,12.116808510638302
300610,2019-09-30,12.1,12.03,12.21,12.01,12.09,4383.5,5305070.0,12.15,12.27,12.34599999999999,12.21,12.18,45.0,0.0,0.06,-0.06,晨化股份,化学原料和化学制品制造业,创业板,12.047499999999978,12.256249999999996,12.334166666666677,12.37937500000001,12.108723404255324
300610,2019-10-08,12.02,12.12,12.26,12.0,12.03,6022.5,7350520.0,12.06,12.25,12.34549999999999,12.22,12.18,47.31,-0.01,0.05,-0.06,晨化股份,化学原料和化学制品制造业,创业板,12.019999999999978,12.213749999999997,12.291666666666679,12.36500000000001,12.102127659574474
300610,2019-10-09,12.19,12.45,12.48,12.07,12.12,10476.5,12930100.0,12.11,12.26,12.36049999999999,12.24,12.19,54.82,0.01,0.04,-0.03,晨化股份,化学原料和化学制品制造业,创业板,12.172499999999978,12.208749999999998,12.27000000000001,12.35687500000001,12.103404255319157
300610,2019-10-10,12.45,12.58,12.62,12.22,12.45,11232.1,14029500.0,12.25,12.27,12.377499999999989,12.26,12.19,57.4,0.03,0.04,-0.01,晨化股份,化学原料和化学制品制造业,创业板,12.294999999999977,12.236249999999998,12.295833333333343,12.35625000000001,12.105106382978732
300610,2019-10-11,12.45,12.51,12.66,12.4,12.58,9784.99,12275700.0,12.34,12.28,12.386499999999987,12.28,12.2,55.56,0.05,0.04,0.01,晨化股份,化学原料和化学制品制造业,创业板,12.414999999999976,12.23125,12.309166666666677,12.35437500000001,12.105106382978732
300610,2019-10-14,12.68,12.6,12.68,12.56,12.51,8970.92,11325000.0,12.45,12.3,12.398999999999988,12.3,12.2,57.45,0.07,0.05,0.02,晨化股份,化学原料和化学制品制造业,创业板,12.534999999999977,12.277499999999998,12.320833333333342,12.35250000000001,12.111702127659584
300610,2019-10-15,12.67,12.51,12.67,12.47,12.6,6840.5,8575500.0,12.53,12.3,12.395499999999988,12.33,12.2,54.94,0.08,0.05,0.03,晨化股份,化学原料和化学制品制造业,创业板,12.549999999999976,12.361249999999998,12.322500000000007,12.340000000000009,12.112765957446817
300610,2019-10-16,12.5,12.47,12.71,12.46,12.51,7396.35,9307040.0,12.53,12.32,12.389499999999988,12.34,12.18,53.81,0.07,0.06,0.01,晨化股份,化学原料和化学制品制造业,创业板,12.522499999999976,12.408749999999998,12.331666666666672,12.352500000000008,12.118723404255327
300610,2019-10-17,12.62,12.59,12.72,12.4,12.47,10291.5,12982000.0,12.54,12.4,12.391999999999989,12.36,12.18,56.68,0.09,0.06,0.03,晨化股份,化学原料和化学制品制造业,创业板,12.542499999999977,12.478749999999998,12.335000000000006,12.367500000000009,12.129787234042562
300610,2019-10-18,12.57,12.3,12.62,12.28,12.59,10454.1,13015200.0,12.49,12.42,12.375499999999988,12.36,12.17,48.79,0.07,0.06,0.01,晨化股份,化学原料和化学制品制造业,创业板,12.467499999999978,12.501249999999997,12.340833333333341,12.357500000000009,12.146595744680859
300610,2019-10-21,12.39,12.36,12.42,12.28,12.3,6036.84,7454420.0,12.45,12.45,12.357999999999988,12.38,12.17,50.33,0.06,0.06,0.0,晨化股份,化学原料和化学制品制造业,创业板,12.429999999999978,12.489999999999997,12.384166666666674,12.349375000000009,12.162978723404262
300610,2019-10-22,12.42,12.55,12.56,12.3,12.36,6985.45,8666030.0,12.45,12.49,12.371999999999987,12.39,12.18,54.95,0.06,0.06,0.0,晨化股份,化学原料和化学制品制造业,创业板,12.449999999999978,12.486249999999997,12.422500000000008,12.361250000000009,12.184042553191496
300610,2019-10-23,12.55,12.56,12.7,12.43,12.55,8810.09,11090300.0,12.47,12.5,12.382499999999986,12.41,12.19,55.19,0.07,0.06,0.01,晨化股份,化学原料和化学制品制造业,创业板,12.442499999999978,12.492499999999996,12.466666666666676,12.361875000000008,12.20638297872341
300610,2019-10-24,12.47,12.77,12.83,12.47,12.56,17094.4,21763500.0,12.51,12.52,12.397999999999985,12.43,12.19,59.94,0.09,0.07,0.02,晨化股份,化学原料和化学制品制造业,创业板,12.559999999999977,12.513749999999996,12.520833333333343,12.39562500000001,12.231489361702133
300610,2019-10-25,12.72,12.69,12.97,12.58,12.77,16603.9,21043600.0,12.59,12.54,12.407999999999987,12.44,12.2,57.44,0.1,0.08,0.02,晨化股份,化学原料和化学制品制造业,创业板,12.642499999999977,12.536249999999995,12.540833333333344,12.44875000000001,12.257234042553197
300610,2019-10-28,12.66,12.85,12.85,12.49,12.69,21936.7,27873700.0,12.68,12.56,12.432499999999987,12.45,12.2,60.95,0.12,0.08,0.04,晨化股份,化学原料和化学制品制造业,创业板,12.717499999999976,12.583749999999995,12.563333333333341,12.496250000000009,12.283829787234048
300610,2019-10-29,12.8,12.66,13.78,12.66,12.85,30466.7,39393900.0,12.71,12.58,12.437999999999988,12.46,12.21,55.14,0.11,0.09,0.02,晨化股份,化学原料和化学制品制造业,创业板,12.742499999999975,12.592499999999994,12.575833333333343,12.535625000000008,12.308085106382984
300610,2019-10-30,12.59,12.15,12.59,12.05,12.66,23322.1,28597300.0,12.62,12.55,12.433999999999987,12.44,12.2,43.23,0.07,0.09,-0.02,晨化股份,化学原料和化学制品制造业,创业板,12.587499999999974,12.573749999999995,12.538333333333343,12.537500000000009,12.32106382978724
300610,2019-10-31,12.21,11.91,12.25,11.86,12.15,14184.5,17034300.0,12.45,12.48,12.437499999999988,12.42,12.19,38.96,0.02,0.07,-0.05,晨化股份,化学原料和化学制品制造业,创业板,12.392499999999973,12.517499999999995,12.488333333333344,12.503750000000009,12.322553191489366
300610,2019-11-01,11.85,12.03,12.05,11.71,11.91,8398.88,10003400.0,12.32,12.45,12.434499999999987,12.4,12.19,42.04,-0.01,0.06,-0.07,晨化股份,化学原料和化学制品制造业,创业板,12.187499999999973,12.452499999999995,12.451666666666677,12.469375000000008,12.32425531914894
300610,2019-11-04,11.96,11.91,12.08,11.87,12.03,8807.66,10548300.0,12.13,12.41,12.428499999999987,12.37,12.18,39.88,-0.05,0.03,-0.08,晨化股份,化学原料和化学制品制造业,创业板,11.999999999999975,12.371249999999995,12.39500000000001,12.431875000000009,12.322553191489364
300610,2019-11-05,11.84,11.94,11.97,11.81,11.91,5737.03,6827810.0,11.99,12.35,12.419499999999989,12.36,12.18,40.7,-0.08,0.01,-0.09,晨化股份,化学原料和化学制品制造业,创业板,11.947499999999975,12.267499999999995,12.365000000000009,12.390625000000009,12.32212765957447
300610,2019-11-06,11.82,11.89,12.04,11.82,11.94,5618.5,6709170.0,11.94,12.28,12.391499999999988,12.35,12.19,39.72,-0.1,-0.01,-0.09,晨化股份,化学原料和化学制品制造业,创业板,11.942499999999974,12.167499999999995,12.32583333333334,12.35187500000001,12.322553191489364
300610,2019-11-07,11.85,12.03,12.06,11.85,11.89,5611.0,6725530.0,11.96,12.21,12.363999999999987,12.33,12.19,43.79,-0.11,-0.03,-0.08,晨化股份,化学原料和化学制品制造业,创业板,11.942499999999974,12.064999999999996,12.282500000000006,12.32437500000001,12.32808510638298
300610,2019-11-08,12.03,11.93,12.11,11.93,12.03,6075.43,7298140.0,11.94,12.13,12.334999999999985,12.32,12.2,41.63,-0.11,-0.05,-0.06,晨化股份,化学原料和化学制品制造业,创业板,11.947499999999973,11.973749999999995,12.230000000000006,12.28312500000001,12.326808510638298
300610,2019-11-11,11.9,11.51,11.91,11.51,11.93,7753.0,9056560.0,11.86,12.0,12.280499999999986,12.29,12.2,34.04,-0.16,-0.07,-0.09,晨化股份,化学原料和化学制品制造业,创业板,11.839999999999973,11.893749999999995,12.125000000000005,12.23375000000001,12.314680851063828
300610,2019-11-12,11.57,11.68,11.75,11.52,11.51,4638.0,5397150.0,11.81,11.9,12.238999999999985,12.26,12.2,38.89,-0.17,-0.09,-0.08,晨化股份,化学原料和化学制品制造业,创业板,11.787499999999973,11.864999999999995,12.040833333333339,12.19125000000001,12.305531914893615
300610,2019-11-13,11.68,11.67,11.79,11.64,11.68,2605.4,3046990.0,11.76,11.85,12.198999999999986,12.24,12.2,38.71,-0.18,-0.11,-0.07,晨化股份,化学原料和化学制品制造业,创业板,11.697499999999973,11.819999999999995,11.942500000000004,12.13625000000001,12.300851063829784
300610,2019-11-14,11.67,11.65,11.73,11.6,11.67,3811.0,4441510.0,11.69,11.82,12.151999999999985,12.23,12.2,38.33,-0.19,-0.12,-0.07,晨化股份,化学原料和化学制品制造业,创业板,11.627499999999973,11.787499999999996,11.85833333333334,12.07937500000001,12.290638297872338
300610,2019-11-15,11.83,11.27,11.83,11.27,11.65,6738.91,7704650.0,11.56,11.75,12.100499999999986,12.21,12.2,31.87,-0.23,-0.15,-0.08,晨化股份,化学原料和化学制品制造业,创业板,11.567499999999972,11.703749999999996,11.785000000000005,11.98562500000001,12.271914893617017
300610,2019-11-18,11.7,11.42,11.7,11.33,11.27,4793.0,5506270.0,11.54,11.7,12.053499999999985,12.19,12.2,36.43,-0.24,-0.16,-0.08,晨化股份,化学原料和化学制品制造业,创业板,11.502499999999973,11.644999999999996,11.744166666666672,11.906250000000009,12.254468085106378
300610,2019-11-19,11.36,11.65,11.68,11.36,11.42,6261.5,7236120.0,11.53,11.67,12.008499999999986,12.17,12.2,42.74,-0.23,-0.18,-0.05,晨化股份,化学原料和化学制品制造业,创业板,11.497499999999972,11.597499999999997,11.712500000000006,11.83125000000001,12.239999999999995
300610,2019-11-20,11.65,11.49,11.65,11.42,11.65,4906.5,5659180.0,11.5,11.63,11.954999999999986,12.14,12.19,39.78,-0.23,-0.19,-0.04,晨化股份,化学原料和化学制品制造业,创业板,11.457499999999973,11.542499999999997,11.677500000000007,11.75812500000001,12.221702127659569
300610,2019-11-21,11.5,11.9,11.9,11.35,11.49,15027.0,17546000.0,11.55,11.62,11.911499999999986,12.12,12.19,49.45,-0.2,-0.19,-0.01,晨化股份,化学原料和化学制品制造业,创业板,11.614999999999974,11.591249999999997,11.674166666666673,11.74250000000001,12.207234042553184
300610,2019-11-22,11.87,11.82,11.89,11.71,11.9,10700.1,12615500.0,11.66,11.61,11.867999999999984,12.09,12.18,47.83,-0.18,-0.19,0.01,晨化股份,化学原料和化学制品制造业,创业板,11.714999999999973,11.608749999999997,11.668333333333342,11.73687500000001,12.190851063829781
300610,2019-11-25,11.82,12.07,12.45,11.68,11.82,29344.7,35633400.0,11.79,11.66,11.828999999999985,12.07,12.19,53.0,-0.13,-0.18,0.05,晨化股份,化学原料和化学制品制造业,创业板,11.819999999999974,11.658749999999996,11.671666666666674,11.73937500000001,12.180851063829783
300610,2019-11-26,11.94,11.69,11.98,11.44,12.07,10109.5,11935300.0,11.79,11.66,11.780499999999986,12.05,12.19,45.61,-0.13,-0.17,0.04,晨化股份,化学原料和化学制品制造业,创业板,11.869999999999973,11.663749999999995,11.651666666666673,11.72562500000001,12.160851063829783
300610,2019-11-27,11.79,11.55,11.79,11.54,11.69,5078.08,5915420.0,11.81,11.65,11.750499999999985,12.02,12.18,43.22,-0.14,-0.16,0.02,晨化股份,化学原料和化学制品制造业,创业板,11.782499999999972,11.698749999999995,11.655000000000008,11.70125000000001,12.136170212765952
300610,2019-11-28,11.55,11.38,11.67,11.38,11.55,7341.0,8440350.0,11.7,11.62,11.723999999999986,11.98,12.17,40.45,-0.16,-0.16,0.0,晨化股份,化学原料和化学制品制造业,创业板,11.672499999999973,11.693749999999994,11.630000000000008,11.66937500000001,12.117234042553186
300610,2019-11-29,11.27,11.42,11.46,11.27,11.38,5266.29,5984940.0,11.62,11.64,11.693499999999984,11.95,12.16,41.4,-0.17,-0.16,-0.01,晨化股份,化学原料和化学制品制造业,创业板,11.509999999999973,11.664999999999994,11.609166666666674,11.631250000000009,12.097446808510632
300610,2019-12-02,11.46,11.37,11.46,11.36,11.42,3512.0,4007490.0,11.48,11.63,11.666499999999985,11.91,12.15,40.53,-0.18,-0.17,-0.01,晨化股份,化学原料和化学制品制造业,创业板,11.429999999999973,11.649999999999995,11.58583333333334,11.596250000000008,12.074255319148929
300610,2019-12-03,11.38,11.54,11.55,11.3,11.37,4915.29,5620680.0,11.45,11.62,11.646499999999985,11.88,12.14,44.79,-0.17,-0.17,0.0,晨化股份,化学原料和化学制品制造业,创业板,11.427499999999974,11.604999999999993,11.60833333333334,11.598125000000008,12.054042553191481
300610,2019-12-04,11.47,11.56,11.59,11.43,11.54,3515.5,4055400.0,11.45,11.63,11.629999999999985,11.85,12.13,45.28,-0.15,-0.16,0.01,晨化股份,化学原料和化学制品制造业,创业板,11.472499999999973,11.572499999999994,11.620000000000006,11.590625000000008,12.037021276595736
300610,2019-12-05,11.51,11.64,11.65,11.51,11.56,4409.0,5111850.0,11.51,11.6,11.610499999999984,11.81,12.12,47.32,-0.15,-0.16,0.01,晨化股份,化学原料和化学制品制造业,创业板,11.527499999999973,11.518749999999994,11.619166666666674,11.58875000000001,12.017659574468077
300610,2019-12-06,11.64,11.65,11.66,11.53,11.64,4462.0,5171460.0,11.55,11.59,11.596499999999983,11.77,12.11,47.59,-0.13,-0.15,0.02,晨化股份,化学原料和化学制品制造业,创业板,11.597499999999973,11.513749999999995,11.632500000000007,11.58875000000001,12.005319148936161
300610,2019-12-09,11.63,11.66,11.68,11.59,11.65,4625.6,5379930.0,11.61,11.55,11.603999999999983,11.73,12.09,47.87,-0.12,-0.15,0.03,晨化股份,化学原料和化学制品制造业,创业板,11.627499999999975,11.527499999999995,11.612500000000006,11.613125000000009,12.001489361702117
300610,2019-12-10,11.64,11.62,11.64,11.53,11.66,4913.5,5694190.0,11.63,11.54,11.600999999999983,11.7,12.08,46.79,-0.11,-0.14,0.03,晨化股份,化学原料和化学制品制造业,创业板,11.642499999999973,11.557499999999996,11.59583333333334,11.62562500000001,11.991489361702117
300610,2019-12-11,11.6,11.54,11.66,11.49,11.62,4210.13,4871300.0,11.62,11.54,11.594499999999984,11.68,12.06,44.62,-0.1,-0.13,0.03,晨化股份,化学原料和化学制品制造业,创业板,11.617499999999973,11.572499999999996,11.551666666666675,11.61875000000001,11.981063829787223
300610,2019-12-12,11.59,11.48,11.59,11.47,11.54,5203.0,5994870.0,11.59,11.55,11.585999999999983,11.67,12.04,43.02,-0.11,-0.13,0.02,晨化股份,化学原料和化学制品制造业,创业板,11.574999999999973,11.586249999999996,11.534166666666673,11.618125000000008,11.967446808510626
300610,2019-12-13,11.52,11.66,11.66,11.49,11.48,7410.85,8590800.0,11.59,11.57,11.605499999999981,11.65,12.03,48.96,-0.1,-0.12,0.02,晨化股份,化学原料和化学制品制造业,创业板,11.574999999999974,11.601249999999997,11.543333333333338,11.603125000000007,11.950638297872327
300610,2019-12-16,11.69,11.83,11.84,11.65,11.66,9552.63,11244700.0,11.63,11.62,11.625999999999983,11.65,12.01,53.85,-0.07,-0.11,0.04,晨化股份,化学原料和化学制品制造业,创业板,11.627499999999975,11.634999999999996,11.58083333333334,11.603750000000009,11.934680851063817
300610,2019-12-17,11.87,11.9,12.0,11.85,11.83,9940.21,11848500.0,11.68,11.65,11.638499999999983,11.65,12.01,55.74,-0.04,-0.1,0.06,晨化股份,化学原料和化学制品制造业,创业板,11.717499999999974,11.667499999999997,11.620833333333342,11.59312500000001,11.921702127659561
300610,2019-12-18,11.9,11.96,12.17,11.8,11.9,20451.7,24491700.0,11.77,11.69,11.661999999999983,11.65,12.0,57.34,-0.01,-0.08,0.07,晨化股份,化学原料和化学制品制造业,创业板,11.837499999999974,11.706249999999997,11.670000000000009,11.61000000000001,11.908085106382966
300610,2019-12-19,11.86,12.0,12.06,11.86,11.96,8497.17,10175000.0,11.87,11.73,11.666999999999984,11.65,11.99,58.43,0.01,-0.06,0.07,晨化股份,化学原料和化学制品制造业,创业板,11.922499999999975,11.748749999999998,11.708333333333343,11.63812500000001,11.897234042553178
300610,2019-12-20,12.0,12.16,12.4,12.0,12.0,24614.2,30111000.0,11.97,11.78,11.683999999999983,11.66,11.99,62.52,0.04,-0.04,0.08,晨化股份,化学原料和化学制品制造业,创业板,12.004999999999974,11.816249999999997,11.758333333333342,11.68687500000001,11.890638297872327
300610,2019-12-23,12.13,11.79,12.14,11.79,12.16,13509.3,16158200.0,11.96,11.79,11.669999999999984,11.67,11.98,50.2,0.04,-0.03,0.07,晨化股份,化学原料和化学制品制造业,创业板,11.977499999999974,11.847499999999997,11.770833333333343,11.71000000000001,11.87361702127658
300610,2019-12-24,11.79,12.09,12.15,11.76,11.79,10186.4,12231200.0,12.0,11.84,11.689999999999984,11.68,11.97,57.51,0.06,-0.01,0.07,晨化股份,化学原料和化学制品制造业,创业板,12.009999999999975,11.923749999999997,11.80750000000001,11.75500000000001,11.869148936170198
300610,2019-12-25,12.09,12.03,12.3,12.0,12.09,7866.7,9538440.0,12.01,11.89,11.713999999999983,11.69,11.97,55.75,0.07,0.01,0.06,晨化股份,化学原料和化学制品制造业,创业板,12.017499999999975,11.969999999999997,11.838333333333344,11.78562500000001,11.862127659574453
300610,2019-12-26,12.1,12.3,12.32,12.01,12.03,11154.0,13652400.0,12.07,11.97,11.759999999999984,11.71,11.97,61.47,0.09,0.02,0.07,晨化股份,化学原料和化学制品制造业,创业板,12.052499999999977,12.028749999999997,11.89500000000001,11.83187500000001,11.856808510638283
300610,2019-12-27,12.28,12.17,12.37,12.13,12.3,8883.87,10884700.0,12.08,12.02,11.797499999999983,11.74,11.98,57.61,0.1,0.04,0.06,晨化股份,化学原料和化学制品制造业,创业板,12.147499999999978,12.062499999999996,11.94750000000001,11.865000000000009,11.848510638297858
300610,2019-12-30,12.1,12.38,12.42,12.1,12.17,11238.4,13830500.0,12.19,12.08,11.847999999999983,11.78,11.98,61.79,0.12,0.06,0.06,晨化股份,化学原料和化学制品制造业,创业板,12.219999999999978,12.114999999999995,12.02250000000001,11.910625000000008,11.840212765957432
300610,2019-12-31,12.25,12.38,12.46,12.25,12.38,6959.91,8601820.0,12.25,12.13,11.889999999999983,11.8,11.99,61.79,0.15,0.07,0.08,晨化股份,化学原料和化学制品制造业,创业板,12.307499999999978,12.162499999999994,12.08250000000001,11.955625000000008,11.83361702127658
300610,2020-01-02,12.4,12.55,12.6,12.4,12.38,8331.39,10436700.0,12.36,12.18,11.939499999999985,11.84,11.99,65.02,0.17,0.09,0.08,晨化股份,化学原料和化学制品制造业,创业板,12.36999999999998,12.211249999999994,12.14250000000001,12.013750000000009,11.827234042553174
300610,2020-01-03,12.55,12.47,12.58,12.37,12.55,8133.98,10131800.0,12.39,12.23,11.980999999999984,11.86,11.99,62.35,0.18,0.11,0.07,晨化股份,化学原料和化学制品制造业,创业板,12.444999999999979,12.296249999999993,12.19000000000001,12.07187500000001,11.823191489361687
300610,2020-01-06,12.37,12.41,12.52,12.28,12.47,12287.8,15280900.0,12.44,12.26,12.018999999999982,11.88,11.98,60.34,0.18,0.12,0.06,晨化股份,化学原料和化学制品制造业,创业板,12.452499999999977,12.336249999999993,12.227500000000008,12.13000000000001,11.828723404255303
300610,2020-01-07,12.41,12.6,12.63,12.41,12.41,10807.6,13572600.0,12.48,12.34,12.065999999999983,11.89,11.98,64.26,0.2,0.14,0.06,晨化股份,化学原料和化学制品制造业,创业板,12.507499999999977,12.407499999999992,12.277500000000009,12.18875000000001,11.843404255319134
300610,2020-01-08,12.49,12.3,12.59,12.22,12.6,14232.9,17626500.0,12.47,12.36,12.099999999999984,11.91,11.98,55.01,0.19,0.15,0.04,晨化股份,化学原料和化学制品制造业,创业板,12.444999999999979,12.407499999999992,12.289166666666675,12.21812500000001,11.849148936170197
300610,2020-01-09,12.39,12.49,12.56,12.35,12.3,9658.9,12052600.0,12.45,12.4,12.147499999999983,11.94,11.98,59.04,0.19,0.16,0.03,晨化股份,化学原料和化学制品制造业,创业板,12.44999999999998,12.447499999999991,12.34750000000001,12.25500000000001,11.861489361702114
300610,2020-01-10,12.5,12.41,12.54,12.33,12.49,5589.5,6952280.0,12.44,12.42,12.193999999999985,11.98,11.98,56.74,0.18,0.16,0.02,晨化股份,化学原料和化学制品制造业,创业板,12.449999999999982,12.451249999999991,12.374166666666676,12.283125000000009,11.871489361702112
300610,2020-01-13,12.43,12.47,12.5,12.31,12.41,7799.0,9673810.0,12.45,12.45,12.234499999999985,12.01,11.98,58.06,0.18,0.17,0.01,晨化股份,化学原料和化学制品制造业,创业板,12.41749999999998,12.462499999999991,12.410833333333343,12.312500000000009,11.883829787234028
300610,2020-01-14,12.49,12.57,12.78,12.43,12.47,16521.2,20797600.0,12.45,12.46,12.271499999999985,12.05,11.98,60.23,0.18,0.17,0.01,晨化股份,化学原料和化学制品制造业,创业板,12.484999999999982,12.464999999999991,12.433333333333342,12.338125000000009,11.895319148936156
300610,2020-01-15,12.57,12.39,12.58,12.31,12.57,9747.92,12086400.0,12.47,12.47,12.295999999999985,12.08,11.98,54.73,0.16,0.17,-0.01,晨化股份,化学原料和化学制品制造业,创业板,12.459999999999981,12.454999999999991,12.451666666666675,12.375625000000008,11.90510638297871
300610,2020-01-16,12.42,12.23,12.5,12.18,12.39,11197.3,13791600.0,12.41,12.43,12.309499999999984,12.1,11.98,50.32,0.14,0.16,-0.02,晨化股份,化学原料和化学制品制造业,创业板,12.414999999999981,12.432499999999992,12.439166666666674,12.384375000000007,11.920425531914882
300610,2020-01-17,12.29,12.09,12.32,12.03,12.23,10928.5,13272500.0,12.35,12.4,12.313999999999984,12.12,11.96,46.77,0.1,0.15,-0.05,晨化股份,化学原料和化学制品制造业,创业板,12.319999999999983,12.368749999999993,12.415000000000008,12.388125000000008,11.929148936170202
300610,2020-01-20,12.09,12.18,12.22,12.04,12.09,9123.0,11074100.0,12.29,12.37,12.314999999999985,12.14,11.96,49.25,0.09,0.14,-0.05,晨化股份,化学原料和化学制品制造业,创业板,12.222499999999982,12.353749999999993,12.384166666666674,12.380625000000007,11.939999999999989
300610,2020-01-21,12.11,12.03,12.13,11.85,12.18,17788.7,21291200.0,12.18,12.32,12.326999999999986,12.15,11.94,45.45,0.06,0.12,-0.06,晨化股份,化学原料和化学制品制造业,创业板,12.132499999999983,12.296249999999993,12.347500000000009,12.371875000000008,11.948085106382967
300610,2020-01-22,11.96,12.11,12.19,11.79,12.03,13006.7,15558700.0,12.13,12.3,12.327999999999985,12.17,11.93,47.77,0.05,0.11,-0.06,晨化股份,化学原料和化学制品制造业,创业板,12.102499999999981,12.258749999999994,12.322500000000007,12.355000000000008,11.9659574468085
300610,2020-01-23,12.11,11.81,12.22,11.75,12.11,16555.4,19809500.0,12.04,12.23,12.316999999999982,12.17,11.93,40.78,0.01,0.09,-0.08,晨化股份,化学原料和化学制品制造业,创业板,12.032499999999981,12.176249999999994,12.256666666666675,12.319375000000008,11.974255319148925
300610,2020-02-03,10.63,10.63,10.74,10.63,11.81,7914.1,8413930.0,11.75,12.05,12.233499999999983,12.15,11.91,25.19,-0.12,0.05,-0.17,晨化股份,化学原料和化学制品制造业,创业板,11.644999999999982,11.933749999999993,12.117500000000007,12.199375000000007,11.952553191489352
300610,2020-02-04,10.13,10.43,10.67,10.13,10.63,14381.4,14984100.0,11.4,11.85,12.146499999999985,12.11,11.88,23.55,-0.23,-0.01,-0.22,晨化股份,化学原料和化学制品制造业,创业板,11.244999999999981,11.688749999999994,11.94583333333334,12.071875000000007,11.929999999999989
300610,2020-02-05,10.46,10.56,10.75,10.43,10.43,13922.2,14776300.0,11.11,11.65,12.055499999999984,12.06,11.86,26.88,-0.3,-0.07,-0.23,晨化股份,化学原料和化学制品制造业,创业板,10.857499999999982,11.479999999999993,11.791666666666673,11.956250000000008,11.901489361702115
300610,2020-02-06,10.56,10.83,10.87,10.5,10.56,13497.8,14439000.0,10.85,11.49,11.977999999999986,12.03,11.84,33.39,-0.34,-0.12,-0.22,晨化股份,化学原料和化学制品制造业,创业板,10.612499999999981,11.322499999999993,11.655000000000008,11.845625000000009,11.88042553191488
300610,2020-02-07,10.84,11.08,11.1,10.79,10.83,13580.3,14874600.0,10.71,11.38,11.904499999999986,12.0,11.82,38.82,-0.34,-0.17,-0.17,晨化股份,化学原料和化学制品制造业,创业板,10.72499999999998,11.184999999999992,11.530833333333343,11.769375000000009,11.859361702127647
300610,2020-02-10,11.01,11.16,11.2,10.85,11.08,12157.5,13484700.0,10.81,11.28,11.838999999999986,11.97,11.81,40.49,-0.33,-0.2,-0.13,晨化股份,化学原料和化学制品制造业,创业板,10.90749999999998,11.076249999999991,11.428333333333342,11.686250000000008,11.848085106382964
300610,2020-02-11,11.16,11.08,11.16,10.97,11.16,9428.1,10423300.0,10.94,11.17,11.772499999999987,11.93,11.8,39.34,-0.32,-0.22,-0.1,晨化股份,化学原料和化学制品制造业,创业板,11.037499999999978,10.947499999999991,11.33250000000001,11.60312500000001,11.838085106382966
300610,2020-02-12,11.0,11.11,11.17,10.98,11.08,11776.5,13059300.0,11.05,11.08,11.697999999999986,11.91,11.79,40.03,-0.31,-0.24,-0.07,晨化股份,化学原料和化学制品制造业,创业板,11.107499999999979,10.85999999999999,11.250833333333345,11.51812500000001,11.832340425531903
300610,2020-02-13,11.01,11.0,11.29,10.94,11.11,18847.1,20928900.0,11.09,10.97,11.632999999999985,11.88,11.78,38.3,-0.31,-0.25,-0.06,晨化股份,化学原料和化学制品制造业,创业板,11.087499999999979,10.906249999999991,11.15250000000001,11.42000000000001,11.823404255319138
300610,2020-02-14,11.0,10.88,11.04,10.82,11.0,11330.4,12382500.0,11.05,10.88,11.552499999999984,11.84,11.76,36.45,-0.32,-0.27,-0.05,晨化股份,化学原料和化学制品制造业,创业板,11.01749999999998,10.962499999999991,11.056666666666677,11.32562500000001,11.812978723404244
300610,2020-02-17,10.9,11.25,11.27,10.9,10.88,17398.4,19384400.0,11.06,10.94,11.494499999999984,11.8,11.76,45.22,-0.29,-0.27,-0.02,晨化股份,化学原料和化学制品制造业,创业板,11.059999999999981,11.048749999999991,10.985000000000008,11.26437500000001,11.806808510638287
300610,2020-02-18,11.22,11.39,11.43,11.18,11.25,16996.3,19197700.0,11.13,11.03,11.440499999999984,11.78,11.76,48.14,-0.25,-0.27,0.02,晨化股份,化学原料和化学制品制造业,创业板,11.129999999999981,11.118749999999991,10.950000000000008,11.22062500000001,11.803191489361692
300610,2020-02-19,11.38,11.39,11.51,11.35,11.39,14123.5,16127100.0,11.18,11.12,11.381499999999985,11.74,11.76,48.14,-0.22,-0.26,0.04,晨化股份,化学原料和化学制品制造业,创业板,11.227499999999981,11.157499999999992,11.01333333333334,11.171250000000011,11.797872340425522
300610,2020-02-20,11.42,11.58,11.6,11.33,11.39,14334.1,16466400.0,11.3,11.19,11.340999999999985,11.72,11.76,52.15,-0.17,-0.24,0.07,晨化股份,化学原料和化学制品制造业,创业板,11.40249999999998,11.209999999999992,11.109166666666674,11.143125000000012,11.796382978723395
300610,2020-02-21,11.58,11.6,11.75,11.54,11.58,14659.3,17048400.0,11.44,11.24,11.309499999999986,11.68,11.76,52.57,-0.14,-0.22,0.08,晨化股份,化学原料和化学制品制造业,创业板,11.48999999999998,11.274999999999991,11.19583333333334,11.111250000000013,11.795106382978716
300610,2020-02-24,11.56,11.65,11.67,11.49,11.6,13815.0,15986400.0,11.52,11.29,11.287499999999985,11.66,11.76,53.65,-0.1,-0.2,0.1,晨化股份,化学原料和化学制品制造业,创业板,11.55499999999998,11.342499999999992,11.264166666666673,11.101250000000013,11.795744680851056
300610,2020-02-25,11.47,11.39,11.47,11.11,11.65,17623.6,19954100.0,11.52,11.32,11.247999999999985,11.62,11.75,47.56,-0.1,-0.18,0.08,晨化股份,化学原料和化学制品制造业,创业板,11.55499999999998,11.391249999999992,11.290000000000004,11.148750000000014,11.792553191489354
300610,2020-02-26,11.28,11.4,11.65,11.2,11.39,24143.7,27655900.0,11.52,11.35,11.216499999999986,11.58,11.74,47.81,-0.09,-0.16,0.07,晨化股份,化学原料和化学制品制造业,创业板,11.50999999999998,11.456249999999994,11.310000000000004,11.209375000000014,11.790851063829779
300610,2020-02-27,11.47,11.75,11.83,11.39,11.4,29169.2,34109000.0,11.56,11.43,11.198499999999985,11.56,11.74,55.63,-0.05,-0.14,0.09,晨化股份,化学原料和化学制品制造业,创业板,11.54749999999998,11.518749999999994,11.365833333333336,11.283750000000014,11.7927659574468
300610,2020-02-28,11.51,11.2,11.8,11.13,11.75,23388.9,27043700.0,11.48,11.46,11.167999999999983,11.52,11.73,44.37,-0.07,-0.12,0.05,晨化股份,化学原料和化学制品制造业,创业板,11.43499999999998,11.494999999999994,11.373333333333335,11.306875000000012,11.779361702127652
300610,2020-03-02,11.2,11.62,11.68,11.2,11.2,14425.5,16607200.0,11.47,11.5,11.217499999999983,11.5,11.74,52.31,-0.05,-0.11,0.06,晨化股份,化学原料和化学制品制造业,创业板,11.492499999999978,11.523749999999994,11.425000000000002,11.340625000000012,11.773404255319143
300610,2020-03-03,11.65,12.05,12.05,11.65,11.62,26243.7,31110800.0,11.6,11.56,11.298499999999985,11.48,11.75,58.79,0.0,-0.09,0.09,晨化股份,化学原料和化学制品制造业,创业板,11.654999999999978,11.582499999999994,11.522500000000003,11.396250000000013,11.77531914893616
300610,2020-03-04,11.9,12.05,12.22,11.9,12.05,17162.8,20673400.0,11.73,11.63,11.372999999999985,11.46,11.76,58.79,0.04,-0.06,0.1,晨化股份,化学原料和化学制品制造业,创业板,11.729999999999979,11.638749999999995,11.58916666666667,11.456875000000013,11.776382978723396
300610,2020-03-05,12.14,12.3,12.33,12.06,12.05,19747.0,24083600.0,11.84,11.7,11.446499999999984,11.46,11.77,62.25,0.1,-0.03,0.13,晨化股份,化学原料和化学制品制造业,创业板,12.004999999999978,11.719999999999994,11.665000000000006,11.531250000000014,11.77936170212765
300610,2020-03-06,12.19,12.29,12.32,12.06,12.3,14870.7,18101400.0,12.06,11.77,11.506999999999984,11.46,11.78,62.03,0.14,0.0,0.14,晨化股份,化学原料和化学制品制造业,创业板,12.172499999999978,11.832499999999994,11.740000000000004,11.611875000000014,11.78999999999999
300610,2020-03-09,12.2,11.81,12.2,11.8,12.29,14375.5,17164700.0,12.1,11.79,11.539499999999984,11.45,11.79,52.29,0.13,0.03,0.1,晨化股份,化学原料和化学制品制造业,创业板,12.11249999999998,11.883749999999994,11.75916666666667,11.670000000000014,11.784042553191478
300610,2020-03-10,11.66,12.04,12.04,11.5,11.81,16186.0,19072500.0,12.1,11.85,11.587499999999983,11.45,11.79,55.86,0.13,0.05,0.08,晨化股份,化学原料和化学制品制造业,创业板,12.109999999999978,11.919999999999995,11.795833333333336,11.719375000000014,11.784255319148924
300610,2020-03-11,12.04,11.75,12.16,11.74,12.04,13297.3,15863300.0,12.04,11.89,11.619499999999983,11.44,11.79,50.7,0.12,0.06,0.06,晨化股份,化学原料和化学制品制造业,创业板,11.972499999999979,11.988749999999994,11.804166666666669,11.741875000000014,11.77255319148935
300610,2020-03-12,11.65,11.63,11.87,11.51,11.75,11083.3,12914500.0,11.9,11.87,11.650999999999982,11.42,11.79,48.7,0.09,0.07,0.02,晨化股份,化学原料和化学制品制造业,创业板,11.80749999999998,11.989999999999993,11.82416666666667,11.756875000000015,11.761063829787224
300610,2020-03-13,11.24,11.47,11.63,10.98,11.63,13063.0,14774300.0,11.74,11.9,11.680499999999983,11.41,11.79,46.08,0.06,0.07,-0.01,晨化股份,化学原料和化学制品制造业,创业板,11.722499999999979,11.917499999999993,11.830000000000004,11.750000000000014,11.741702127659565
300610,2020-03-16,11.5,11.09,11.68,11.03,11.47,11807.0,13519700.0,11.6,11.85,11.672499999999982,11.43,11.79,40.52,0.01,0.06,-0.05,晨化股份,化学原料和化学制品制造业,创业板,11.48499999999998,11.797499999999994,11.775000000000004,11.718125000000015,11.714255319148927
300610,2020-03-17,11.11,11.15,11.29,10.88,11.09,9444.17,10489500.0,11.42,11.76,11.660499999999981,11.45,11.78,41.71,-0.04,0.04,-0.08,晨化股份,化学原料和化学制品制造业,创业板,11.33499999999998,11.653749999999995,11.770833333333337,11.686875000000015,11.684468085106374
300610,2020-03-18,11.26,11.01,11.39,10.98,11.15,9980.0,11202900.0,11.27,11.65,11.641499999999983,11.47,11.76,39.7,-0.08,0.01,-0.09,晨化股份,化学原料和化学制品制造业,创业板,11.179999999999978,11.493749999999995,11.720000000000004,11.663125000000015,11.65340425531914
300610,2020-03-19,10.91,11.12,11.14,10.85,11.01,10133.0,11149600.0,11.17,11.54,11.618499999999981,11.48,11.75,42.06,-0.1,-0.01,-0.09,晨化股份,化学原料和化学制品制造业,创业板,11.092499999999978,11.407499999999995,11.642500000000004,11.645625000000015,11.625957446808503
300610,2020-03-20,11.15,11.28,11.39,11.14,11.12,7562.55,8505570.0,11.13,11.43,11.602499999999981,11.48,11.74,45.41,-0.1,-0.03,-0.07,晨化股份,化学原料和化学制品制造业,创业板,11.13999999999998,11.312499999999996,11.578333333333335,11.616250000000015,11.597872340425523
300610,2020-03-23,11.11,11.52,11.54,11.11,11.28,17254.6,19667900.0,11.22,11.41,11.595999999999982,11.5,11.73,50.07,-0.09,-0.04,-0.05,晨化股份,化学原料和化学制品制造业,创业板,11.232499999999979,11.283749999999996,11.513333333333335,11.636250000000016,11.581276595744672
300610,2020-03-24,12.01,11.85,12.3,11.63,11.52,34145.8,40699100.0,11.36,11.39,11.618999999999982,11.52,11.73,55.67,-0.05,-0.04,-0.01,晨化股份,化学原料和化学制品制造业,创业板,11.44249999999998,11.311249999999996,11.476666666666668,11.650625000000016,11.567659574468077
300610,2020-03-25,11.85,11.73,11.88,11.66,11.85,19545.0,22969100.0,11.5,11.39,11.635499999999983,11.54,11.73,53.33,-0.02,-0.04,0.02,晨化股份,化学原料和化学制品制造业,创业板,11.59499999999998,11.343749999999996,11.47,11.630625000000014,11.553191489361694
300610,2020-03-26,11.66,11.53,11.75,11.41,11.73,13179.8,15261000.0,11.58,11.38,11.624499999999982,11.56,11.72,49.58,-0.02,-0.03,0.01,晨化股份,化学原料和化学制品制造业,创业板,11.65749999999998,11.398749999999996,11.427500000000002,11.598125000000014,11.533191489361693
300610,2020-03-27,11.59,11.48,11.74,11.48,11.53,8023.51,9320320.0,11.62,11.38,11.638499999999983,11.58,11.71,48.66,-0.02,-0.03,0.01,晨化股份,化学原料和化学制品制造业,创业板,11.64749999999998,11.439999999999996,11.405000000000001,11.546875000000012,11.509999999999991
300610,2020-03-30,11.44,11.35,11.44,11.01,11.48,11553.5,12900600.0,11.59,11.4,11.624999999999982,11.58,11.69,46.26,-0.04,-0.03,-0.01,晨化股份,化学原料和化学制品制造业,创业板,11.52249999999998,11.482499999999995,11.381666666666668,11.488125000000013,11.487872340425524
300610,2020-03-31,11.45,11.36,11.6,11.35,11.35,7207.5,8272480.0,11.49,11.42,11.590499999999981,11.58,11.68,46.48,-0.05,-0.04,-0.01,晨化股份,化学原料和化学制品制造业,创业板,11.429999999999978,11.512499999999994,11.3725,11.460000000000012,11.469361702127651
300610,2020-04-01,11.45,11.1,11.45,11.1,11.36,7037.71,7915990.0,11.36,11.43,11.54299999999998,11.57,11.66,41.72,-0.07,-0.04,-0.03,晨化股份,化学原料和化学制品制造业,创业板,11.322499999999978,11.489999999999993,11.373333333333333,11.401250000000012,11.448297872340417
300610,2020-04-02,11.03,11.28,11.28,11.03,11.1,7716.0,8593160.0,11.31,11.45,11.49199999999998,11.56,11.64,45.85,-0.08,-0.05,-0.03,晨化股份,化学原料和化学制品制造业,创业板,11.27249999999998,11.459999999999994,11.384166666666665,11.371875000000012,11.429148936170204
300610,2020-04-03,11.24,11.28,11.32,11.12,11.28,6975.71,7823460.0,11.27,11.45,11.44149999999998,11.55,11.62,45.85,-0.08,-0.06,-0.02,晨化股份,化学原料和化学制品制造业,创业板,11.25499999999998,11.388749999999995,11.406666666666666,11.350000000000012,11.413191489361694
300610,2020-04-07,11.39,11.59,11.65,11.34,11.28,15426.3,17786200.0,11.32,11.46,11.430499999999979,11.55,11.6,52.57,-0.06,-0.06,0.0,晨化股份,化学原料和化学制品制造业,创业板,11.312499999999979,11.371249999999995,11.445833333333333,11.357500000000012,11.402127659574461
300610,2020-04-08,11.64,11.79,11.85,11.58,11.59,13947.7,16393000.0,11.41,11.45,11.41799999999998,11.56,11.59,56.34,-0.02,-0.05,0.03,晨化股份,化学原料和化学制品制造业,创业板,11.484999999999978,11.403749999999995,11.488333333333332,11.401250000000012,11.401702127659567
300610,2020-04-09,11.98,12.08,12.08,11.74,11.79,28535.0,34114300.0,11.6,11.48,11.43449999999998,11.58,11.58,61.16,0.03,-0.03,0.06,晨化股份,化学原料和化学制品制造业,创业板,11.684999999999977,11.478749999999994,11.534999999999998,11.459375000000012,11.432553191489355
300610,2020-04-10,11.86,11.69,11.99,11.66,12.08,18131.5,21450600.0,11.69,11.5,11.43749999999998,11.58,11.57,52.73,0.03,-0.02,0.05,晨化股份,化学原料和化学制品制造业,创业板,11.787499999999977,11.521249999999995,11.521666666666667,11.501875000000013,11.459361702127655
300610,2020-04-13,11.63,11.8,11.83,11.62,11.69,9907.5,11638500.0,11.79,11.53,11.453999999999981,11.6,11.56,54.63,0.06,0.0,0.06,晨化股份,化学原料和化学制品制造业,创业板,11.839999999999975,11.576249999999995,11.527500000000002,11.544375000000013,11.48574468085106
300610,2020-04-14,11.74,12.01,12.05,11.74,11.8,19865.3,23760700.0,11.87,11.6,11.49999999999998,11.62,11.56,58.09,0.08,0.01,0.07,晨化股份,化学原料和化学制品制造业,创业板,11.894999999999975,11.689999999999996,11.5675,11.590000000000012,11.510851063829783
300610,2020-04-15,12.01,11.86,12.16,11.82,12.01,15877.4,18960400.0,11.89,11.65,11.535499999999981,11.61,11.55,54.87,0.08,0.03,0.05,晨化股份,化学原料和化学制品制造业,创业板,11.839999999999975,11.762499999999996,11.599166666666669,11.61125000000001,11.527446808510632
300610,2020-04-16,11.83,11.94,11.95,11.75,11.86,8896.39,10546100.0,11.86,11.73,11.581999999999981,11.61,11.54,56.26,0.1,0.04,0.06,晨化股份,化学原料和化学制品制造业,创业板,11.902499999999975,11.844999999999995,11.648333333333335,11.616875000000011,11.544042553191485
300610,2020-04-17,11.91,11.93,12.02,11.88,11.94,16633.5,19890200.0,11.91,11.8,11.622499999999981,11.59,11.53,56.03,0.11,0.05,0.06,晨化股份,化学原料和化学制品制造业,创业板,11.934999999999974,11.887499999999996,11.695833333333335,11.629375000000012,11.562127659574463
300610,2020-04-20,11.9,12.24,12.25,11.85,11.93,37485.7,45479800.0,12.0,11.89,11.670499999999981,11.59,11.53,61.36,0.13,0.07,0.06,晨化股份,化学原料和化学制品制造业,创业板,11.992499999999975,11.943749999999994,11.790833333333337,11.673750000000013,11.586170212765952
300610,2020-04-21,12.17,12.23,12.25,12.06,12.24,17586.8,21373900.0,12.04,11.96,11.70599999999998,11.61,11.53,61.11,0.16,0.09,0.07,晨化股份,化学原料和化学制品制造业,创业板,12.084999999999976,11.962499999999995,11.870000000000003,11.720625000000013,11.61234042553191
300610,2020-04-22,12.1,12.45,12.45,12.1,12.23,24905.1,30776500.0,12.16,12.02,11.73599999999998,11.62,11.53,64.62,0.19,0.11,0.08,晨化股份,化学原料和化学制品制造业,创业板,12.212499999999977,12.057499999999996,11.967500000000001,11.789375000000012,11.64574468085106
300610,2020-04-23,12.52,12.27,12.53,12.24,12.45,19899.9,24541900.0,12.22,12.04,11.76299999999998,11.64,11.54,59.85,0.2,0.13,0.07,晨化股份,化学原料和化学制品制造业,创业板,12.297499999999976,12.116249999999996,12.024166666666668,11.846250000000012,11.667446808510634
300610,2020-04-24,12.35,12.06,12.35,11.97,12.27,18863.7,22866200.0,12.25,12.08,11.78949999999998,11.65,11.54,54.78,0.18,0.14,0.04,晨化股份,化学原料和化学制品制造业,创业板,12.252499999999976,12.122499999999995,12.046666666666669,11.906250000000012,11.68170212765957
300610,2020-04-27,12.14,11.87,12.15,11.85,12.06,14128.7,16915800.0,12.18,12.09,11.808999999999982,11.66,11.54,50.59,0.16,0.14,0.02,晨化股份,化学原料和化学制品制造业,创业板,12.162499999999977,12.123749999999996,12.029166666666669,11.943125000000013,11.691914893617016
300610,2020-04-28,11.94,11.87,11.97,11.4,11.87,17462.3,20503200.0,12.1,12.07,11.834999999999983,11.69,11.56,50.59,0.14,0.14,0.0,晨化股份,化学原料和化学制品制造业,创业板,12.017499999999977,12.114999999999997,12.04416666666667,11.980000000000013,11.698085106382972
300610,2020-04-29,11.76,11.7,11.9,11.65,11.87,12090.7,14223300.0,11.95,12.06,11.85199999999998,11.71,11.58,46.88,0.1,0.13,-0.03,晨化股份,化学原料和化学制品制造业,创业板,11.874999999999979,12.086249999999996,12.035833333333334,11.986875000000012,11.700212765957442
300610,2020-04-30,11.76,11.9,11.92,11.73,11.7,15174.8,17975600.0,11.88,12.05,11.891999999999982,11.74,11.6,51.4,0.1,0.13,-0.03,晨化股份,化学原料和化学制品制造业,创业板,11.834999999999978,12.043749999999998,12.026666666666669,11.993750000000013,11.705531914893612
300610,2020-05-06,11.76,12.07,12.08,11.73,11.9,15007.6,17911500.0,11.88,12.07,11.931499999999982,11.77,11.62,54.91,0.1,0.12,-0.02,晨化股份,化学原料和化学制品制造业,创业板,11.884999999999978,12.023749999999998,12.04416666666667,11.993125000000012,11.719999999999995
300610,2020-05-07,12.09,11.85,12.1,11.82,12.07,15077.1,18008200.0,11.88,12.03,11.959999999999981,11.79,11.64,49.89,0.08,0.11,-0.03,晨化股份,化学原料和化学制品制造业,创业板,11.87999999999998,11.948749999999997,12.036666666666669,12.003125000000011,11.729574468085103
300610,2020-05-08,11.87,12.0,12.02,11.87,11.85,13856.0,16585900.0,11.9,12.0,11.980499999999981,11.81,11.65,53.04,0.08,0.11,-0.03,晨化股份,化学原料和化学制品制造业,创业板,11.95499999999998,11.914999999999997,12.042500000000002,12.01562500000001,11.734893617021273
300610,2020-05-11,12.07,11.9,12.08,11.83,12.0,13101.5,15641700.0,11.94,11.95,11.985999999999981,11.81,11.66,50.75,0.07,0.1,-0.03,晨化股份,化学原料和化学制品制造业,创业板,11.95499999999998,11.894999999999998,12.014166666666668,12.008750000000012,11.749787234042548
300610,2020-05-12,11.85,11.8,11.92,11.7,11.9,14438.5,17020200.0,11.92,11.9,11.971999999999982,11.81,11.68,48.49,0.05,0.09,-0.04,晨化股份,化学原料和化学制品制造业,创业板,11.88749999999998,11.886249999999997,11.978333333333337,12.005000000000013,11.75361702127659
300610,2020-05-13,11.8,11.84,11.85,11.73,11.8,7525.0,8869870.0,11.88,11.88,11.979499999999982,11.82,11.69,49.46,0.04,0.08,-0.04,晨化股份,化学原料和化学制品制造业,创业板,11.884999999999978,11.882499999999997,11.927500000000004,11.998750000000014,11.749148936170208
300610,2020-05-14,11.82,11.72,11.84,11.71,11.84,7172.5,8438430.0,11.85,11.86,11.97549999999998,11.83,11.7,46.62,0.03,0.07,-0.04,晨化股份,化学原料和化学制品制造业,创业板,11.814999999999978,11.884999999999996,11.88166666666667,11.985625000000013,11.742127659574466
300610,2020-05-15,11.76,11.75,11.84,11.72,11.72,7410.5,8715420.0,11.8,11.85,11.96249999999998,11.84,11.71,47.44,0.01,0.06,-0.05,晨化股份,化学原料和化学制品制造业,创业板,11.777499999999979,11.866249999999996,11.855833333333337,11.955000000000013,11.730425531914893
300610,2020-05-18,11.74,11.63,11.77,11.61,11.75,12599.0,14708300.0,11.75,11.85,11.950999999999983,11.85,11.72,44.52,-0.01,0.04,-0.05,晨化股份,化学原料和化学制品制造业,创业板,11.734999999999978,11.811249999999994,11.835833333333335,11.917500000000013,11.716382978723404
300610,2020-05-19,11.72,11.68,11.74,11.65,11.63,9283.5,10852800.0,11.72,11.82,11.937999999999983,11.87,11.72,46.01,-0.02,0.03,-0.05,晨化股份,化学原料和化学制品制造业,创业板,11.694999999999979,11.789999999999996,11.820000000000002,11.869375000000014,11.713617021276596
300610,2020-05-20,11.7,11.51,11.7,11.5,11.68,10666.5,12358500.0,11.66,11.77,11.916999999999982,11.88,11.72,41.9,-0.04,0.02,-0.06,晨化股份,化学原料和化学制品制造业,创业板,11.642499999999979,11.728749999999996,11.804166666666669,11.821875000000013,11.702340425531915
300610,2020-05-21,11.56,11.42,11.56,11.41,11.51,5838.63,6698300.0,11.6,11.72,11.87599999999998,11.88,11.72,39.86,-0.06,0.0,-0.06,晨化股份,化学原料和化学制品制造业,创业板,11.55999999999998,11.668749999999996,11.764166666666668,11.781875000000012,11.69531914893617
300610,2020-05-22,11.43,11.29,11.46,11.22,11.42,7834.0,8858580.0,11.51,11.65,11.828999999999981,11.87,11.71,37.07,-0.09,-0.02,-0.07,晨化股份,化学原料和化学制品制造业,创业板,11.474999999999978,11.604999999999995,11.699166666666668,11.745625000000011,11.688085106382976
300610,2020-05-25,11.21,11.34,11.37,11.21,11.29,4683.5,5298030.0,11.45,11.6,11.77349999999998,11.86,11.71,38.84,-0.11,-0.04,-0.07,晨化股份,化学原料和化学制品制造业,创业板,11.389999999999977,11.542499999999995,11.656666666666668,11.712500000000011,11.685319148936168
300610,2020-05-26,11.34,11.47,11.51,11.31,11.34,3967.63,4538730.0,11.41,11.57,11.733499999999982,11.84,11.71,43.33,-0.11,-0.05,-0.06,晨化股份,化学原料和化学制品制造业,创业板,11.379999999999978,11.511249999999995,11.612500000000002,11.698125000000012,11.693404255319146
300610,2020-05-27,11.41,11.37,11.47,11.33,11.47,5916.5,6738180.0,11.38,11.52,11.69899999999998,11.83,11.7,40.85,-0.12,-0.06,-0.06,晨化股份,化学原料和化学制品制造业,创业板,11.367499999999977,11.463749999999996,11.568333333333335,11.665000000000012,11.698085106382978
300610,2020-05-28,11.35,11.34,11.47,11.26,11.37,6525.5,7407620.0,11.36,11.48,11.672499999999982,11.81,11.71,40.1,-0.13,-0.08,-0.05,晨化股份,化学原料和化学制品制造业,创业板,11.379999999999976,11.427499999999997,11.530000000000001,11.619375000000012,11.705106382978723
300610,2020-05-29,11.37,11.35,11.43,11.27,11.34,7078.71,8046480.0,11.37,11.44,11.64649999999998,11.79,11.7,40.49,-0.13,-0.09,-0.04,晨化股份,化学原料和化学制品制造业,创业板,11.382499999999975,11.386249999999997,11.489166666666668,11.588125000000012,11.71
300610,2020-06-01,11.41,11.64,11.68,11.41,11.35,15699.0,18158800.0,11.43,11.44,11.64349999999998,11.78,11.7,50.5,-0.11,-0.09,-0.02,晨化股份,化学原料和化学制品制造业,创业板,11.424999999999976,11.402499999999996,11.4825,11.565625000000011,11.717659574468085
300610,2020-06-02,11.65,11.7,11.72,11.59,11.64,9024.5,10529400.0,11.48,11.44,11.63349999999998,11.77,11.69,52.29,-0.09,-0.09,0.0,晨化股份,化学原料和化学制品制造业,创业板,11.507499999999977,11.437499999999996,11.478333333333332,11.55312500000001,11.72148936170213
300610,2020-06-03,11.7,11.7,11.79,11.65,11.7,9145.5,10707400.0,11.55,11.46,11.614999999999979,11.77,11.68,52.29,-0.07,-0.09,0.02,晨化股份,化学原料和化学制品制造业,创业板,11.597499999999975,11.488749999999996,11.484166666666665,11.546875000000009,11.718297872340427
300610,2020-06-04,11.74,11.75,11.78,11.63,11.7,7171.55,8396940.0,11.63,11.5,11.60999999999998,11.75,11.67,53.9,-0.05,-0.08,0.03,晨化股份,化学原料和化学制品制造业,创业板,11.697499999999975,11.539999999999996,11.489999999999997,11.541250000000009,11.718723404255321
300610,2020-06-05,11.77,11.72,11.77,11.64,11.75,6813.0,7977850.0,11.7,11.54,11.595999999999979,11.73,11.67,52.75,-0.04,-0.07,0.03,晨化股份,化学原料和化学制品制造业,创业板,11.717499999999974,11.571249999999996,11.507499999999999,11.541250000000009,11.722765957446812
300610,2020-06-08,11.71,11.81,11.87,11.71,11.72,15132.5,17872700.0,11.74,11.58,11.591499999999979,11.71,11.67,55.8,-0.02,-0.06,0.04,晨化股份,化学原料和化学制品制造业,创业板,11.744999999999976,11.626249999999995,11.54,11.545000000000009,11.729787234042554
300610,2020-06-09,11.79,11.84,11.85,11.69,11.81,8287.5,9769110.0,11.76,11.62,11.59349999999998,11.7,11.67,56.8,0.0,-0.05,0.05,晨化股份,化学原料和化学制品制造业,创业板,11.779999999999976,11.688749999999995,11.585833333333333,11.55812500000001,11.740212765957448
300610,2020-06-10,11.72,11.62,11.72,11.61,11.84,7195.01,8393410.0,11.75,11.65,11.582499999999978,11.68,11.67,48.19,0.0,-0.04,0.04,晨化股份,化学原料和化学制品制造业,创业板,11.747499999999976,11.722499999999997,11.609166666666667,11.55437500000001,11.745744680851065
300610,2020-06-11,11.66,11.53,11.67,11.48,11.62,7967.0,9231220.0,11.7,11.67,11.572999999999979,11.67,11.67,45.17,-0.02,-0.04,0.02,晨化股份,化学原料和化学制品制造业,创业板,11.699999999999976,11.708749999999997,11.614166666666668,11.55562500000001,11.754893617021278
300610,2020-06-12,11.45,11.52,11.57,11.39,11.53,5899.0,6789850.0,11.66,11.68,11.56149999999998,11.66,11.67,44.83,-0.02,-0.03,0.01,晨化股份,化学原料和化学制品制造业,创业板,11.627499999999976,11.686249999999996,11.626666666666667,11.561875000000011,11.76
300610,2020-06-15,11.54,11.66,11.91,11.49,11.52,16951.0,19860900.0,11.63,11.68,11.56299999999998,11.66,11.68,50.39,-0.02,-0.03,0.01,晨化股份,化学原料和化学制品制造业,创业板,11.582499999999975,11.681249999999995,11.653333333333334,11.585000000000012,11.76808510638298
300610,2020-06-16,11.66,11.74,11.74,11.6,11.66,11594.5,13535500.0,11.61,11.69,11.56599999999998,11.65,11.7,53.29,-0.01,-0.03,0.02,晨化股份,化学原料和化学制品制造业,创业板,11.612499999999976,11.679999999999994,11.685833333333335,11.610000000000012,11.77127659574468
300610,2020-06-17,11.74,11.88,11.91,11.68,11.74,18178.1,21507200.0,11.67,11.71,11.58449999999998,11.65,11.71,57.92,0.01,-0.02,0.03,晨化股份,化学原料和化学制品制造业,创业板,11.699999999999976,11.699999999999994,11.705833333333336,11.635625000000012,11.773191489361702
300610,2020-06-18,11.88,11.81,11.88,11.75,11.88,10239.0,12094400.0,11.72,11.71,11.603999999999981,11.64,11.72,54.99,0.02,-0.01,0.03,晨化股份,化学原料和化学制品制造业,创业板,11.772499999999976,11.699999999999994,11.715000000000003,11.663125000000012,11.767446808510638
300610,2020-06-19,11.81,11.87,11.89,11.77,11.81,11652.5,13801000.0,11.79,11.73,11.632999999999981,11.64,11.72,57.0,0.03,0.0,0.03,晨化股份,化学原料和化学制品制造业,创业板,11.824999999999974,11.703749999999994,11.729166666666671,11.696250000000012,11.771276595744679
300610,2020-06-22,11.9,11.98,12.06,11.83,11.87,21537.2,25757400.0,11.86,11.74,11.664999999999981,11.64,11.72,60.49,0.05,0.01,0.04,晨化股份,化学原料和化学制品制造业,创业板,11.884999999999975,11.748749999999994,11.748333333333337,11.735625000000011,11.775106382978722
300610,2020-06-23,11.98,12.02,12.04,11.91,11.98,13580.2,16270600.0,11.91,11.76,11.692499999999981,11.65,11.73,61.7,0.07,0.02,0.05,晨化股份,化学原料和化学制品制造业,创业板,11.919999999999975,11.809999999999993,11.773333333333339,11.759375000000013,11.77531914893617
300610,2020-06-24,12.0,11.92,12.02,11.88,12.02,16985.6,20280100.0,11.92,11.79,11.719999999999981,11.65,11.74,56.98,0.07,0.03,0.04,晨化股份,化学原料和化学制品制造业,创业板,11.947499999999975,11.859999999999994,11.782500000000004,11.773125000000013,11.776595744680849
300610,2020-06-29,11.89,11.83,11.94,11.79,11.92,10516.2,12472200.0,11.92,11.82,11.74449999999998,11.66,11.74,53.05,0.06,0.04,0.02,晨化股份,化学原料和化学制品制造业,创业板,11.937499999999975,11.881249999999994,11.781666666666672,11.781250000000014,11.774255319148933
300610,2020-06-30,11.93,12.3,12.35,11.86,11.83,55396.2,67481900.0,12.01,11.9,11.791999999999982,11.67,11.76,66.18,0.1,0.05,0.05,晨化股份,化学原料和化学制品制造业,创业板,12.017499999999973,11.951249999999995,11.838333333333338,11.815625000000015,11.782127659574465
300610,2020-07-01,12.43,12.2,12.47,12.1,12.3,30724.5,37756400.0,12.05,11.96,11.819999999999983,11.69,11.77,62.19,0.11,0.06,0.05,晨化股份,化学原料和化学制品制造业,创业板,12.062499999999975,11.991249999999996,11.89416666666667,11.845625000000014,11.781276595744679
300610,2020-07-02,12.3,12.68,13.0,12.16,12.2,54455.8,68925400.0,12.19,12.05,11.868999999999982,11.73,11.8,71.17,0.17,0.08,0.09,晨化股份,化学原料和化学制品制造业,创业板,12.252499999999975,12.099999999999994,11.990833333333336,11.900000000000015,11.790851063829784
300610,2020-07-03,12.61,12.98,12.98,12.54,12.68,37324.3,47725700.0,12.4,12.16,11.932999999999982,11.78,11.83,75.14,0.23,0.11,0.12,晨化股份,化学原料和化学制品制造业,创业板,12.539999999999974,12.238749999999994,12.100833333333336,11.971250000000014,11.802127659574465
300610,2020-07-06,13.33,13.13,13.33,13.01,12.98,57707.1,76014900.0,12.66,12.29,12.001999999999983,11.83,11.86,76.86,0.28,0.15,0.13,晨化股份,化学原料和化学制品制造业,创业板,12.747499999999974,12.382499999999993,12.216666666666669,12.065625000000013,11.82042553191489
300610,2020-07-07,13.15,13.3,13.78,13.11,13.13,43960.1,59098400.0,12.86,12.43,12.080999999999984,11.9,11.89,78.66,0.34,0.18,0.16,晨化股份,化学原料和化学制品制造业,创业板,13.022499999999972,12.542499999999993,12.335000000000003,12.176250000000014,11.846808510638294
300610,2020-07-08,13.28,13.57,13.65,13.16,13.3,33246.1,44943900.0,13.13,12.59,12.168999999999983,11.97,11.92,81.16,0.4,0.23,0.17,晨化股份,化学原料和化学制品制造业,创业板,13.24499999999997,12.748749999999992,12.48166666666667,12.304375000000013,11.882978723404253
300610,2020-07-09,13.45,13.69,13.69,13.45,13.57,39429.3,53527500.0,13.33,12.76,12.261499999999982,12.05,11.94,82.16,0.46,0.27,0.19,晨化股份,化学原料和化学制品制造业,创业板,13.422499999999971,12.981249999999992,12.633333333333335,12.431250000000013,11.921702127659573
300610,2020-07-10,13.42,13.44,13.68,13.25,13.69,35623.1,47997600.0,13.43,12.91,12.352499999999983,12.12,11.97,73.41,0.47,0.31,0.16,晨化股份,化学原料和化学制品制造业,创业板,13.49999999999997,13.123749999999992,12.755000000000003,12.537500000000012,11.958723404255318
300610,2020-07-13,13.89,13.81,13.99,13.46,13.44,69120.0,94786000.0,13.56,13.11,12.466499999999984,12.2,12.0,77.27,0.51,0.35,0.16,晨化股份,化学原料和化学制品制造业,创业板,13.62749999999997,13.324999999999992,12.904166666666669,12.658125000000013,11.999361702127658
300610,2020-07-14,14.0,13.6,14.0,13.42,13.81,48564.1,66189100.0,13.62,13.24,12.570499999999983,12.27,12.03,70.97,0.51,0.38,0.13,晨化股份,化学原料和化学制品制造业,创业板,13.634999999999968,13.43999999999999,13.04416666666667,12.770000000000012,12.031914893617019
300610,2020-07-15,13.65,13.46,13.81,13.46,13.6,35366.9,48225900.0,13.6,13.37,12.660499999999983,12.34,12.06,67.04,0.5,0.41,0.09,晨化股份,化学原料和化学制品制造业,创业板,13.577499999999969,13.499999999999991,13.180000000000001,12.869375000000012,12.066170212765956
300610,2020-07-16,13.53,12.92,13.58,12.91,13.46,37305.5,49572800.0,13.45,13.39,12.719499999999982,12.38,12.07,54.52,0.44,0.41,0.03,晨化股份,化学原料和化学制品制造业,创业板,13.44749999999997,13.473749999999992,13.231666666666667,12.928125000000012,12.085744680851061
300610,2020-07-17,13.15,13.14,13.3,12.91,12.92,29879.6,39123700.0,13.39,13.41,12.782499999999981,12.42,12.09,57.96,0.41,0.41,0.0,晨化股份,化学原料和化学制品制造业,创业板,13.27999999999997,13.453749999999992,13.310000000000002,12.99812500000001,12.112127659574465
300610,2020-07-20,13.29,13.96,13.99,13.14,13.14,41901.6,57378600.0,13.42,13.49,12.889999999999981,12.5,12.12,67.77,0.45,0.42,0.03,晨化股份,化学原料和化学制品制造业,创业板,13.369999999999967,13.502499999999994,13.41666666666667,13.125625000000012,12.158085106382977
300610,2020-07-21,14.2,14.07,14.36,13.86,13.96,45500.9,64361700.0,13.51,13.57,12.99999999999998,12.58,12.15,68.82,0.47,0.43,0.04,晨化股份,化学原料和化学制品制造业,创业板,13.522499999999967,13.549999999999994,13.507500000000002,13.26562500000001,12.205531914893616
300610,2020-07-22,14.02,14.04,14.3,13.93,14.07,29939.2,42014100.0,13.63,13.61,13.10299999999998,12.65,12.18,68.16,0.49,0.44,0.05,晨化股份,化学原料和化学制品制造业,创业板,13.802499999999966,13.624999999999993,13.583333333333336,13.37437500000001,12.254893617021274
300610,2020-07-23,13.83,13.75,13.99,13.33,14.04,43660.6,59601000.0,13.79,13.62,13.189499999999981,12.71,12.21,62.04,0.47,0.45,0.02,晨化股份,化学原料和化学制品制造业,创业板,13.954999999999966,13.617499999999993,13.620833333333335,13.47125000000001,12.297446808510637
300610,2020-07-24,13.7,13.31,14.0,13.27,13.75,33803.5,46027000.0,13.83,13.61,13.25899999999998,12.77,12.23,54.1,0.43,0.44,-0.01,晨化股份,化学原料和化学制品制造业,创业板,13.792499999999967,13.581249999999994,13.599166666666669,13.51062500000001,12.333191489361699
300610,2020-07-27,13.31,13.55,13.62,13.13,13.31,23984.5,32227900.0,13.74,13.58,13.344999999999981,12.84,12.25,57.31,0.4,0.44,-0.04,晨化股份,化学原料和化学制品制造业,创业板,13.662499999999968,13.592499999999994,13.587500000000004,13.546250000000011,12.372978723404252
300610,2020-07-28,13.56,13.61,13.9,13.44,13.55,24768.9,33931200.0,13.65,13.58,13.410499999999981,12.91,12.28,58.1,0.37,0.42,-0.05,晨化股份,化学原料和化学制品制造业,创业板,13.55499999999997,13.678749999999994,13.601666666666668,13.576250000000012,12.417659574468082
300610,2020-07-29,13.6,13.88,13.92,13.39,13.61,34770.5,47827200.0,13.62,13.62,13.494499999999983,12.98,12.32,61.54,0.38,0.41,-0.03,晨化股份,化学原料和化学制品制造业,创业板,13.58749999999997,13.771249999999993,13.607500000000002,13.612500000000011,12.469999999999999
300610,2020-07-30,14.11,14.83,14.96,14.0,13.88,81353.0,119101000.0,13.84,13.81,13.60199999999998,13.08,12.37,70.67,0.45,0.42,0.03,晨化股份,化学原料和化学制品制造业,创业板,13.96749999999997,13.879999999999992,13.710000000000003,13.691250000000013,12.54531914893617
300610,2020-07-31,14.66,14.97,15.27,14.54,14.83,67304.5,101013000.0,14.17,14.0,13.701499999999982,13.19,12.42,71.74,0.51,0.44,0.07,晨化股份,化学原料和化学制品制造业,创业板,14.32249999999997,13.992499999999993,13.835833333333335,13.771250000000013,12.622553191489361
300610,2020-08-03,15.3,15.7,15.7,14.81,14.97,67751.4,103673000.0,14.6,14.17,13.82999999999998,13.32,12.48,76.53,0.61,0.47,0.14,晨化股份,化学原料和化学制品制造业,创业板,14.84499999999997,14.199999999999992,14.067500000000003,13.912500000000012,12.712553191489361
300610,2020-08-04,16.6,17.27,17.27,16.55,15.7,80098.9,137420000.0,15.33,14.49,14.02849999999998,13.5,12.57,83.14,0.81,0.54,0.27,晨化股份,化学原料和化学制品制造业,创业板,15.692499999999969,14.639999999999993,14.41166666666667,14.128750000000013,12.838085106382978
300610,2020-08-05,18.67,18.38,19.0,16.49,17.27,279793.0,515192000.0,16.23,14.92,14.26899999999998,13.71,12.68,86.12,1.05,0.64,0.41,晨化股份,化学原料和化学制品制造业,创业板,16.57999999999997,15.273749999999993,14.780000000000003,14.427500000000013,12.98787234042553
300610,2020-08-06,18.0,17.48,18.57,16.81,18.38,163444.0,285052000.0,16.76,15.3,14.458499999999981,13.89,12.77,74.61,1.14,0.74,0.4,晨化股份,化学原料和化学制品制造业,创业板,17.20749999999997,15.764999999999992,15.06416666666667,14.678750000000012,13.118297872340424
300610,2020-08-07,17.22,16.88,17.54,16.53,17.48,97390.2,165611000.0,17.14,15.66,14.63049999999998,14.06,12.86,68.08,1.16,0.83,0.33,晨化股份,化学原料和化学制品制造业,创业板,17.50249999999997,16.17374999999999,15.300833333333337,14.926250000000012,13.229787234042552
300610,2020-08-10,16.69,17.84,18.23,16.35,16.88,134210.0,232850000.0,17.57,16.08,14.83199999999998,14.26,12.96,72.26,1.24,0.91,0.33,晨化股份,化学原料和化学制品制造业,创业板,17.64499999999997,16.668749999999992,15.641666666666671,15.220000000000013,13.360425531914892
300610,2020-08-11,17.2,17.8,19.62,16.68,17.84,146268.0,270251000.0,17.68,16.5,15.041999999999978,14.44,13.06,71.84,1.28,0.98,0.3,晨化股份,化学原料和化学制品制造业,创业板,17.49999999999997,17.039999999999992,16.015833333333337,15.460000000000013,13.490212765957443
300610,2020-08-12,18.11,18.29,18.64,17.01,17.8,117846.0,211513000.0,17.66,16.94,15.28349999999998,14.64,13.17,73.86,1.34,1.05,0.29,晨化股份,化学原料和化学制品制造业,创业板,17.70249999999997,17.45499999999999,16.410833333333336,15.723750000000013,13.629361702127655
300610,2020-08-13,17.96,20.12,20.12,17.36,18.29,186709.0,360393000.0,18.19,17.47,15.64349999999998,14.89,13.31,79.7,1.52,1.15,0.37,晨化股份,化学原料和化学制品制造业,创业板,18.51249999999997,18.007499999999993,16.953333333333337,16.103750000000012,13.808085106382974
300610,2020-08-14,19.8,19.45,20.23,18.8,20.12,132710.0,257997000.0,18.7,17.92,15.95899999999998,15.11,13.44,73.25,1.58,1.23,0.35,晨化股份,化学原料和化学制品制造业,创业板,18.91499999999997,18.27999999999999,17.417500000000004,16.46000000000001,13.970638297872338
300610,2020-08-17,19.5,19.75,20.23,19.02,19.45,109511.0,214610000.0,19.08,18.33,16.248499999999982,15.33,13.58,74.25,1.64,1.32,0.32,晨化股份,化学原料和化学制品制造业,创业板,19.40249999999997,18.45124999999999,17.827500000000004,16.86250000000001,14.138936170212762
300610,2020-08-18,19.4,18.86,19.73,18.69,19.75,92005.7,174864000.0,19.29,18.48,16.487999999999982,15.51,13.71,66.29,1.59,1.37,0.22,晨化股份,化学原料和化学制品制造业,创业板,19.544999999999973,18.62374999999999,18.151666666666667,17.19437500000001,14.292978723404252
300610,2020-08-19,18.61,17.98,19.07,17.89,18.86,74849.5,137846000.0,19.23,18.44,16.68499999999998,15.66,13.82,59.49,1.48,1.39,0.09,晨化股份,化学原料和化学制品制造业,创业板,19.009999999999973,18.76124999999999,18.34166666666667,17.467500000000012,14.430212765957444
300610,2020-08-20,17.71,17.91,18.69,17.66,17.98,55910.7,101045000.0,18.79,18.49,16.892999999999983,15.8,13.92,58.98,1.36,1.39,-0.03,晨化股份,化学原料和化学制品制造业,创业板,18.62499999999997,18.76999999999999,18.395,17.719375000000014,14.566170212765956
300610,2020-08-21,18.0,19.15,19.57,17.5,17.91,108116.0,200984000.0,18.73,18.72,17.18499999999998,15.99,14.05,64.82,1.34,1.38,-0.04,晨化股份,化学原料和化学制品制造业,创业板,18.474999999999973,18.938749999999988,18.45916666666667,17.989375000000013,14.725531914893615
300610,2020-08-24,18.84,18.65,19.88,18.48,19.15,70902.7,133618000.0,18.51,18.8,17.43999999999998,16.15,14.18,61.04,1.29,1.36,-0.07,晨化股份,化学原料和化学制品制造业,创业板,18.422499999999975,18.98374999999999,18.55666666666667,18.21937500000001,14.87255319148936
300610,2020-08-25,18.75,18.43,19.7,18.43,18.65,79001.0,149908000.0,18.42,18.86,17.68099999999998,16.31,14.29,59.4,1.2,1.33,-0.13,晨化股份,化学原料和化学制品制造业,创业板,18.53499999999997,18.77249999999999,18.68583333333334,18.39000000000001,15.011914893617018
300610,2020-08-26,18.47,18.54,19.41,17.76,18.43,119164.0,221139000.0,18.54,18.88,17.91399999999998,16.48,14.41,59.98,1.13,1.29,-0.16,晨化股份,化学原料和化学制品制造业,创业板,18.692499999999974,18.65874999999999,18.74416666666667,18.469375000000014,15.15510638297872
300610,2020-08-27,18.3,19.12,19.35,17.95,18.54,91313.1,171871000.0,18.78,18.78,18.12849999999998,16.69,14.53,62.98,1.11,1.25,-0.14,晨化股份,化学原料和化学制品制造业,创业板,18.684999999999974,18.57999999999999,18.854166666666668,18.515625000000014,15.309361702127656
300610,2020-08-28,19.5,19.8,20.68,19.45,19.12,110393.0,219001000.0,18.91,18.82,18.369999999999983,16.91,14.67,66.18,1.14,1.23,-0.09,晨化股份,化学原料和化学制品制造业,创业板,18.972499999999975,18.69749999999999,18.980000000000004,18.660625000000014,15.47574468085106
300610,2020-08-31,19.75,19.44,20.42,19.38,19.8,94312.4,187429000.0,19.07,18.79,18.55699999999998,17.1,14.8,63.07,1.11,1.21,-0.1,晨化股份,化学原料和化学制品制造业,创业板,19.224999999999973,18.879999999999992,18.923333333333336,18.820625000000014,15.633617021276592
300610,2020-09-01,19.65,20.48,20.5,19.26,19.44,114554.0,229833000.0,19.48,18.95,18.717499999999983,17.31,14.94,67.78,1.17,1.2,-0.03,晨化股份,化学原料和化学制品制造业,创业板,19.709999999999972,19.20124999999999,19.00916666666667,18.985625000000017,15.815744680851061
300610,2020-09-02,20.35,21.02,21.4,20.02,20.48,112336.0,233258000.0,19.97,19.25,18.849499999999985,17.54,15.1,69.92,1.24,1.21,0.03,晨化股份,化学原料和化学制品制造业,创业板,20.18499999999997,19.43499999999999,19.115000000000006,19.186875000000015,16.01127659574468
300610,2020-09-03,20.9,20.47,21.18,20.22,21.02,70904.3,146446000.0,20.24,19.51,18.998999999999985,17.77,15.24,65.17,1.25,1.22,0.03,晨化股份,化学原料和化学制品制造业,创业板,20.35249999999997,19.66249999999999,19.24916666666667,19.323125000000015,16.185106382978724
300610,2020-09-04,19.97,19.62,20.23,19.45,20.47,60585.5,119481000.0,20.21,19.56,19.135999999999985,17.98,15.37,58.54,1.16,1.2,-0.04,晨化股份,化学原料和化学制品制造业,创业板,20.397499999999972,19.81124999999999,19.38583333333334,19.291875000000015,16.342978723404254
300610,2020-09-07,19.73,18.18,19.93,18.01,19.62,96723.8,182955000.0,19.95,19.51,19.152999999999984,18.13,15.48,49.38,0.96,1.16,-0.2,晨化股份,化学原料和化学制品制造业,创业板,19.822499999999973,19.766249999999992,19.408333333333342,19.212500000000016,16.459999999999997
300610,2020-09-08,18.18,18.1,18.49,17.68,18.18,55626.5,100515000.0,19.48,19.48,19.167999999999985,18.28,15.59,48.92,0.8,1.08,-0.28,晨化股份,化学原料和化学制品制造业,创业板,19.092499999999976,19.63874999999999,19.32083333333334,19.109375000000018,16.568936170212762
300610,2020-09-09,17.73,17.65,18.34,17.5,18.1,48582.7,86982200.0,18.8,19.39,19.135999999999985,18.41,15.69,46.32,0.62,0.99,-0.37,晨化股份,化学原料和化学制品制造业,创业板,18.387499999999974,19.36999999999999,19.237500000000008,19.033750000000015,16.66510638297872
300610,2020-09-10,17.72,16.96,18.1,16.93,17.65,51014.5,88947300.0,18.1,19.17,18.977999999999984,18.48,15.78,42.58,0.42,0.88,-0.46,晨化股份,化学原料和化学制品制造业,创业板,17.722499999999975,19.05999999999999,19.115000000000006,18.970000000000013,16.742978723404253
300610,2020-09-11,16.7,17.49,17.58,16.67,16.96,34530.0,59560700.0,17.68,18.94,18.879999999999985,18.56,15.87,46.18,0.3,0.76,-0.46,晨化股份,化学原料和化学制品制造业,创业板,17.549999999999976,18.686249999999994,19.027500000000007,18.943750000000012,16.8263829787234
300610,2020-09-14,18.0,18.03,18.42,17.59,17.49,50553.0,91342300.0,17.65,18.8,18.793999999999983,18.64,15.98,49.64,0.24,0.66,-0.42,晨化股份,化学原料和化学制品制造业,创业板,17.532499999999978,18.312499999999993,18.936666666666675,18.873750000000015,16.918723404255317
300610,2020-09-15,18.1,18.04,18.34,17.7,18.03,43061.5,77722600.0,17.63,18.56,18.752999999999982,18.66,16.08,49.7,0.2,0.57,-0.37,晨化股份,化学原料和化学制品制造业,创业板,17.629999999999974,18.008749999999992,18.790000000000006,18.835625000000018,17.016595744680846
300610,2020-09-16,18.09,18.21,18.29,17.89,18.04,42046.2,75995900.0,17.75,18.27,18.76449999999998,18.66,16.18,50.85,0.17,0.49,-0.32,晨化股份,化学原料和化学制品制造业,创业板,17.942499999999974,17.832499999999992,18.687500000000007,18.821875000000016,17.110212765957442
300610,2020-09-17,18.12,18.83,19.71,18.08,18.21,91387.2,173636000.0,18.12,18.11,18.81049999999998,18.7,16.3,54.91,0.21,0.43,-0.22,晨化股份,化学原料和化学制品制造业,创业板,18.277499999999975,17.913749999999993,18.550000000000008,18.840000000000014,17.221489361702126
300610,2020-09-18,18.77,19.08,19.44,18.69,18.83,51394.4,97833800.0,18.44,18.06,18.80699999999998,18.78,16.42,56.47,0.24,0.39,-0.15,晨化股份,化学原料和化学制品制造业,创业板,18.539999999999974,18.036249999999992,18.388333333333343,18.837500000000013,17.34106382978723
300610,2020-09-21,19.1,18.62,19.29,18.52,19.08,42759.9,80480300.0,18.56,18.1,18.80549999999998,18.8,16.53,52.85,0.23,0.36,-0.13,晨化股份,化学原料和化学制品制造业,创业板,18.684999999999974,18.15749999999999,18.234166666666678,18.763750000000012,17.462340425531913
300610,2020-09-22,18.49,18.46,18.75,18.17,18.62,49259.0,90608400.0,18.64,18.14,18.80699999999998,18.82,16.63,51.61,0.21,0.33,-0.12,晨化股份,化学原料和化学制品制造业,创业板,18.747499999999974,18.34499999999999,18.13750000000001,18.70250000000001,17.575531914893617
300610,2020-09-23,18.79,18.92,19.71,18.72,18.46,76720.7,146271000.0,18.78,18.26,18.82599999999998,18.85,16.74,54.88,0.23,0.31,-0.08,晨化股份,化学原料和化学制品制造业,创业板,18.769999999999975,18.523749999999993,18.199166666666674,18.60500000000001,17.68106382978723
300610,2020-09-24,18.64,18.93,19.66,18.54,18.92,74946.9,142903000.0,18.8,18.46,18.81649999999998,18.81,16.85,54.96,0.24,0.3,-0.06,晨化股份,化学原料和化学制品制造业,创业板,18.732499999999977,18.636249999999993,18.26833333333334,18.474375000000013,17.78446808510638
300610,2020-09-25,19.16,18.37,19.22,18.3,18.93,68846.5,129437000.0,18.66,18.55,18.74499999999998,18.77,16.94,50.17,0.2,0.28,-0.08,晨化股份,化学原料和化学制品制造业,创业板,18.669999999999977,18.677499999999995,18.328333333333344,18.343125000000015,17.87659574468085
300610,2020-09-28,18.5,17.41,18.69,17.36,18.37,55082.5,97782000.0,18.42,18.49,18.64349999999998,18.69,17.01,43.21,0.09,0.24,-0.15,晨化股份,化学原料和化学制品制造业,创业板,18.407499999999978,18.577499999999993,18.36583333333334,18.205000000000016,17.954468085106377
300610,2020-09-29,17.79,18.58,19.1,17.49,17.41,78571.5,144279000.0,18.44,18.54,18.54849999999998,18.68,17.1,51.95,0.1,0.21,-0.11,晨化股份,化学原料和化学制品制造业,创业板,18.322499999999977,18.546249999999993,18.456666666666674,18.230000000000015,18.06659574468085
300610,2020-09-30,18.48,18.04,18.64,17.84,18.58,44021.6,79692900.0,18.27,18.52,18.399499999999982,18.68,17.17,48.26,0.06,0.18,-0.12,晨化股份,化学原料和化学制品制造业,创业板,18.099999999999973,18.41624999999999,18.457500000000007,18.226250000000014,18.162127659574466
300610,2020-10-09,17.98,18.68,19.1,17.66,18.04,73448.0,136107000.0,18.22,18.51,18.30999999999998,18.71,17.26,52.56,0.09,0.16,-0.07,晨化股份,化学原料和化学制品制造业,创业板,18.177499999999974,18.42374999999999,18.51083333333334,18.290625000000016,18.269999999999996
300610,2020-10-12,18.82,19.37,19.54,18.51,18.68,91610.3,175615000.0,18.42,18.54,18.297499999999978,18.72,17.35,56.74,0.15,0.16,-0.01,晨化股份,化学原料和化学制品制造业,创业板,18.667499999999976,18.53749999999999,18.607500000000005,18.441250000000018,18.386808510638293
300610,2020-10-13,19.78,19.32,19.78,18.66,19.37,131110.0,249678000.0,18.8,18.61,18.35449999999998,18.74,17.45,56.35,0.2,0.17,0.03,晨化股份,化学原料和化学制品制造业,创业板,18.852499999999974,18.58749999999999,18.64833333333334,18.555625000000017,18.482340425531913
300610,2020-10-14,19.38,18.75,19.77,18.68,19.32,78928.0,150660000.0,18.83,18.64,18.38699999999998,18.75,17.53,52.0,0.19,0.17,0.02,晨化股份,化学原料和化学制品制造业,创业板,19.029999999999973,18.56499999999999,18.62083333333334,18.600625000000015,18.562765957446803
300610,2020-10-15,18.83,18.74,19.14,18.59,18.75,49335.5,92794900.0,18.97,18.62,18.44149999999998,18.76,17.62,51.92,0.18,0.17,0.01,晨化股份,化学原料和化学制品制造业,创业板,19.044999999999973,18.61124999999999,18.630833333333342,18.644375000000014,18.627446808510634
300610,2020-10-16,19.0,20.39,21.3,18.94,18.74,181790.0,367814000.0,19.31,18.76,18.61299999999998,18.8,17.74,61.82,0.3,0.2,0.1,晨化股份,化学原料和化学制品制造业,创业板,19.299999999999972,18.98374999999999,18.791666666666675,18.780625000000015,18.693829787234037
300610,2020-10-19,20.06,20.6,21.46,20.06,20.39,169037.0,350358000.0,19.56,18.99,18.76849999999998,18.83,17.87,62.86,0.41,0.24,0.17,晨化股份,化学原料和化学制品制造业,创业板,19.619999999999976,19.23624999999999,18.931666666666672,18.891250000000017,18.74106382978723
300610,2020-10-20,20.6,21.0,21.1,19.75,20.6,110922.0,227684000.0,19.9,19.35,18.91699999999998,18.88,17.99,64.84,0.53,0.3,0.23,晨化股份,化学原料和化学制品制造业,创业板,20.182499999999976,19.606249999999992,19.10416666666667,19.011250000000018,18.815957446808508
300610,2020-10-21,20.89,20.11,20.98,19.76,21.0,103823.0,209422000.0,20.17,19.5,19.020499999999977,18.87,18.09,57.5,0.53,0.35,0.18,晨化股份,化学原料和化学制品制造业,创业板,20.524999999999977,19.78499999999999,19.24916666666667,19.10437500000002,18.884680851063827
300610,2020-10-22,19.42,19.65,19.96,19.1,20.11,66345.1,129852000.0,20.35,19.66,19.09249999999998,18.82,18.18,54.09,0.5,0.38,0.12,晨化股份,化学原料和化学制品制造业,创业板,20.33999999999998,19.81999999999999,19.43583333333334,19.17875000000002,18.923191489361695
300610,2020-10-23,19.7,19.41,20.2,19.31,19.65,64160.2,126711000.0,20.15,19.73,19.12149999999998,18.78,18.27,52.35,0.44,0.39,0.05,晨化股份,化学原料和化学制品制造业,创业板,20.042499999999976,19.83124999999999,19.505000000000006,19.20937500000002,18.957446808510632
300610,2020-10-26,19.39,20.45,20.55,19.14,19.41,76643.7,153392000.0,20.12,19.84,19.18999999999998,18.81,18.39,58.58,0.49,0.41,0.08,晨化股份,化学原料和化学制品制造业,创业板,19.904999999999976,20.04374999999999,19.705833333333338,19.304375000000018,19.003404255319147
300610,2020-10-27,20.52,19.96,20.75,19.3,20.45,76787.0,152796000.0,19.92,19.91,19.25699999999998,18.87,18.5,54.94,0.47,0.42,0.05,晨化股份,化学原料和化学制品制造业,创业板,19.867499999999975,20.19624999999999,19.812500000000004,19.403750000000016,18.999999999999996
300610,2020-10-28,19.95,20.08,20.24,19.55,19.96,47957.5,95372800.0,19.91,20.04,19.33799999999998,18.94,18.61,55.66,0.46,0.43,0.03,晨化股份,化学原料和化学制品制造业,创业板,19.974999999999973,20.15749999999999,19.87166666666667,19.570625000000014,19.013404255319145
300610,2020-10-29,22.9,22.5,24.1,21.89,20.08,324563.0,755510000.0,20.48,20.42,19.516999999999978,19.1,18.75,67.17,0.65,0.47,0.18,晨化股份,化学原料和化学制品制造业,创业板,20.747499999999974,20.394999999999992,20.13666666666667,19.815625000000015,19.07191489361702
300610,2020-10-30,22.71,21.8,23.68,21.35,22.5,228188.0,512540000.0,20.96,20.56,19.660499999999978,19.26,18.87,62.15,0.72,0.52,0.2,晨化股份,化学原料和化学制品制造业,创业板,21.084999999999972,20.494999999999994,20.390833333333337,20.050625000000014,19.13446808510638
300610,2020-11-02,21.56,21.0,22.13,20.75,21.8,162977.0,347318000.0,21.07,20.6,19.79199999999998,19.38,18.97,56.91,0.72,0.56,0.16,晨化股份,化学原料和化学制品制造业,创业板,21.34499999999997,20.606249999999996,20.57916666666667,20.195625000000014,19.198723404255315
300610,2020-11-03,21.0,20.44,21.17,20.23,21.0,120874.0,248326000.0,21.16,20.54,19.94349999999998,19.46,19.05,53.51,0.65,0.58,0.07,晨化股份,化学原料和化学制品制造业,创业板,21.43499999999997,20.704999999999995,20.58333333333334,20.262500000000014,19.25255319148936
300610,2020-11-04,20.53,20.79,20.81,20.1,20.44,80642.5,165068000.0,21.31,20.61,20.05399999999998,19.55,19.11,55.3,0.62,0.59,0.03,晨化股份,化学原料和化学制品制造业,创业板,21.007499999999972,20.877499999999994,20.599166666666672,20.354375000000015,19.287446808510637
300610,2020-11-05,21.02,20.64,21.16,20.36,20.79,76141.2,156990000.0,20.93,20.71,20.183999999999976,19.63,19.14,54.33,0.59,0.59,0.0,晨化股份,化学原料和化学制品制造业,创业板,20.717499999999973,20.901249999999997,20.569166666666675,20.472500000000014,19.329787234042552
300610,2020-11-06,20.61,19.55,20.61,19.51,20.64,85099.0,169362000.0,20.48,20.72,20.227499999999978,19.65,19.18,47.78,0.46,0.56,-0.1,晨化股份,化学原料和化学制品制造业,创业板,20.354999999999972,20.849999999999998,20.522500000000008,20.523125000000014,19.353617021276595
300610,2020-11-09,19.6,19.87,20.15,19.5,19.55,70094.7,139507000.0,20.26,20.66,20.252499999999976,19.68,19.23,49.7,0.38,0.53,-0.15,晨化股份,化学原料和化学制品制造业,创业板,20.212499999999974,20.823749999999997,20.540833333333342,20.490625000000016,19.38191489361702
300610,2020-11-10,20.07,20.13,20.56,19.58,19.87,88500.4,177576000.0,20.2,20.68,20.292999999999978,19.73,19.27,51.26,0.34,0.49,-0.15,晨化股份,化学原料和化学制品制造业,创业板,20.04749999999997,20.527499999999996,20.600833333333345,20.461250000000014,19.40340425531915
300610,2020-11-11,20.16,19.76,20.3,19.73,20.13,54223.0,108406000.0,19.99,20.65,20.343499999999977,19.77,19.3,48.93,0.27,0.45,-0.18,晨化股份,化学原料和化学制品制造业,创业板,19.827499999999972,20.272499999999994,20.543333333333347,20.383750000000013,19.40255319148936
300610,2020-11-12,19.58,20.07,20.13,19.52,19.76,41922.5,83136700.0,19.88,20.4,20.409999999999975,19.81,19.33,50.94,0.24,0.4,-0.16,晨化股份,化学原料和化学制品制造业,创业板,19.95749999999997,20.156249999999993,20.552500000000013,20.381250000000012,19.41595744680851
300610,2020-11-13,20.14,20.58,20.98,19.95,20.07,87801.0,179268000.0,20.08,20.28,20.419499999999978,19.87,19.34,54.15,0.26,0.38,-0.12,晨化股份,化学原料和化学制品制造业,创业板,20.13499999999997,20.17374999999999,20.59416666666668,20.439375000000013,19.41808510638298
300610,2020-11-16,21.0,21.2,21.44,20.41,20.58,105717.0,221965000.0,20.35,20.3,20.449499999999976,19.96,19.37,57.77,0.31,0.36,-0.05,晨化股份,化学原料和化学制品制造业,创业板,20.40249999999997,20.22499999999999,20.485833333333346,20.55125000000001,19.42191489361702
300610,2020-11-17,20.94,19.73,20.98,19.36,21.2,106996.0,212752000.0,20.27,20.23,20.385999999999974,20.04,19.37,48.09,0.23,0.34,-0.11,晨化股份,化学原料和化学制品制造业,创业板,20.39499999999997,20.11124999999999,20.313333333333347,20.506250000000012,19.406170212765957
300610,2020-11-18,19.48,19.69,19.86,19.05,19.73,61705.5,120015000.0,20.25,20.12,20.364999999999974,20.08,19.38,47.85,0.16,0.3,-0.14,晨化股份,化学原料和化学制品制造业,创业板,20.29999999999997,20.12874999999999,20.20416666666668,20.489375000000013,19.407659574468088
300610,2020-11-19,19.65,19.0,19.87,18.76,19.69,77835.0,148541000.0,20.04,19.96,20.332499999999975,20.11,19.4,43.87,0.06,0.25,-0.19,晨化股份,化学原料和化学制品制造业,创业板,19.90499999999997,20.01999999999999,20.08416666666668,20.421875000000014,19.425106382978726
300610,2020-11-20,18.96,19.08,19.38,18.57,19.0,50413.8,95396100.0,19.74,19.91,20.315999999999974,20.12,19.42,44.45,-0.03,0.2,-0.23,晨化股份,化学原料和化学制品制造业,创业板,19.374999999999968,19.888749999999987,19.94166666666668,20.208125000000013,19.445957446808514
300610,2020-11-23,19.18,19.05,19.22,18.73,19.08,43126.2,81961900.0,19.31,19.83,20.245999999999974,20.11,19.41,44.26,-0.08,0.14,-0.22,晨化股份,化学原料和化学制品制造业,创业板,19.204999999999966,19.79999999999999,19.80916666666668,20.036250000000013,19.475744680851065
300610,2020-11-24,18.88,18.74,18.88,18.6,19.05,40855.0,76493100.0,19.11,19.69,20.184999999999977,20.09,19.42,42.31,-0.16,0.08,-0.24,晨化股份,化学原料和化学制品制造业,创业板,18.967499999999966,19.633749999999992,19.741666666666678,19.895000000000014,19.5136170212766
300610,2020-11-25,18.8,18.8,19.55,18.73,18.74,74520.9,142808000.0,18.93,19.59,20.120999999999977,20.09,19.42,42.84,-0.21,0.02,-0.23,晨化股份,化学原料和化学制品制造业,创业板,18.917499999999965,19.411249999999995,19.652500000000014,19.792500000000015,19.54148936170213
300610,2020-11-26,18.68,18.09,18.78,17.9,18.8,50678.0,92345000.0,18.75,19.4,19.900499999999976,20.07,19.41,38.39,-0.3,-0.04,-0.26,晨化股份,化学原料和化学制品制造业,创业板,18.669999999999966,19.022499999999997,19.482500000000012,19.623750000000012,19.54276595744681
300610,2020-11-27,18.22,17.71,18.27,17.59,18.09,31609.0,56254900.0,18.48,19.11,19.695999999999977,19.98,19.39,36.22,-0.41,-0.12,-0.29,晨化股份,化学原料和化学制品制造业,创业板,18.33499999999997,18.77,19.31166666666668,19.44062500000001,19.535744680851067
300610,2020-11-30,17.86,17.71,18.07,17.69,17.71,23334.0,41693200.0,18.21,18.76,19.531499999999973,19.89,19.36,36.22,-0.48,-0.19,-0.29,晨化股份,化学原料和化学制品制造业,创业板,18.07749999999997,18.5225,19.115000000000016,19.32562500000001,19.525106382978727
300610,2020-12-01,17.87,18.45,18.55,17.73,17.71,42484.5,77567000.0,18.15,18.63,19.431999999999974,19.8,19.34,43.44,-0.48,-0.25,-0.23,晨化股份,化学原料和化学制品制造业,创业板,17.98999999999997,18.45375,18.937500000000014,19.23687500000001,19.51702127659575
300610,2020-12-02,18.4,18.25,18.49,18.0,18.45,32610.5,59300800.0,18.04,18.49,19.30499999999997,19.74,19.3,42.05,-0.48,-0.29,-0.19,晨化股份,化学原料和化学制品制造业,创业板,18.02999999999997,18.35,18.69166666666668,19.11937500000001,19.49936170212766
300610,2020-12-03,18.13,18.27,18.67,18.06,18.25,26660.0,48839400.0,18.08,18.42,19.186499999999974,19.69,19.26,42.25,-0.48,-0.33,-0.15,晨化股份,化学原料和化学制品制造业,创业板,18.169999999999966,18.2525,18.570000000000018,19.026250000000008,19.491914893617025
300610,2020-12-04,18.15,18.41,18.5,18.1,18.27,22866.0,41953200.0,18.22,18.35,19.12949999999997,19.66,19.22,43.7,-0.46,-0.36,-0.1,晨化股份,化学原料和化学制品制造业,创业板,18.344999999999963,18.21125,18.46333333333335,18.92250000000001,19.490851063829787
300610,2020-12-07,18.26,18.28,18.6,18.26,18.41,18929.0,34870800.0,18.33,18.27,19.049999999999972,19.59,19.2,42.63,-0.45,-0.38,-0.07,晨化股份,化学原料和化学制品制造业,创业板,18.302499999999963,18.14625,18.40333333333335,18.778750000000013,19.477234042553192
300610,2020-12-08,18.25,18.27,18.5,18.15,18.28,17640.5,32276100.0,18.3,18.22,18.956999999999972,19.53,19.2,42.54,-0.44,-0.39,-0.05,晨化股份,化学原料和化学制品制造业,创业板,18.307499999999962,18.16875,18.33583333333335,18.595625000000013,19.463191489361705
300610,2020-12-09,18.21,17.81,18.68,17.8,18.27,30652.5,55837300.0,18.21,18.12,18.859499999999972,19.46,19.2,38.66,-0.46,-0.4,-0.06,晨化股份,化学原料和化学制品制造业,创业板,18.192499999999963,18.18125,18.232500000000016,18.47562500000001,19.45127659574468
300610,2020-12-10,18.03,17.84,18.17,17.65,17.81,28180.5,50481600.0,18.12,18.1,18.74799999999997,19.3,19.2,39.05,-0.47,-0.42,-0.05,晨化股份,化学原料和化学制品制造业,创业板,18.049999999999965,18.197499999999998,18.157500000000017,18.36000000000001,19.460425531914897
300610,2020-12-11,17.8,17.72,17.99,17.0,17.84,44947.2,78182900.0,17.98,18.1,18.60499999999997,19.16,19.21,38.01,-0.48,-0.43,-0.05,晨化股份,化学原料和化学制品制造业,创业板,17.909999999999965,18.10625,18.067500000000013,18.28000000000001,19.44212765957447
300610,2020-12-14,17.72,17.32,17.8,17.23,17.72,31565.2,54993700.0,17.79,18.06,18.41099999999997,19.04,19.21,34.68,-0.52,-0.45,-0.07,晨化股份,化学原料和化学制品制造业,创业板,17.672499999999967,17.99,18.003333333333348,18.17000000000001,19.426808510638303
300610,2020-12-15,17.37,17.29,17.52,17.01,17.32,25399.5,43818600.0,17.6,17.95,18.28899999999997,18.94,19.2,34.44,-0.54,-0.47,-0.07,晨化股份,化学原料和化学制品制造业,创业板,17.54249999999997,17.867499999999996,17.968333333333344,18.06000000000001,19.397234042553194
300610,2020-12-16,17.29,16.82,17.45,16.82,17.29,22471.5,38244000.0,17.4,17.8,18.14549999999997,18.8,19.18,30.8,-0.6,-0.49,-0.11,晨化股份,化学原料和化学制品制造业,创业板,17.287499999999966,17.668749999999996,17.894166666666678,17.94000000000001,19.34297872340426
300610,2020-12-17,16.88,16.93,17.03,16.42,16.82,26086.2,43664200.0,17.22,17.67,18.04199999999997,18.68,19.16,32.59,-0.62,-0.52,-0.1,晨化股份,化学原料和化学制品制造业,创业板,17.089999999999968,17.499999999999996,17.767500000000013,17.823125000000008,19.292127659574472
300610,2020-12-18,16.9,16.38,16.97,16.35,16.93,28705.4,47607800.0,16.95,17.47,17.90699999999997,18.58,19.11,28.59,-0.67,-0.55,-0.12,晨化股份,化学原料和化学制品制造业,创业板,16.85499999999997,17.263749999999995,17.61166666666668,17.71625000000001,19.241702127659575
300610,2020-12-21,16.5,16.9,16.96,16.3,16.38,27161.9,45262000.0,16.86,17.33,17.79949999999997,18.48,19.08,36.53,-0.67,-0.57,-0.1,晨化股份,化学原料和化学制品制造业,创业板,16.757499999999972,17.149999999999995,17.497500000000013,17.66562500000001,19.202553191489365
300610,2020-12-22,16.86,16.5,17.09,16.44,16.9,28131.0,47251600.0,16.71,17.15,17.687499999999968,18.36,19.04,33.45,-0.68,-0.59,-0.09,晨化股份,化学原料和化学制品制造业,创业板,16.677499999999974,16.982499999999995,17.338333333333345,17.59000000000001,19.119787234042555
300610,2020-12-23,16.52,16.52,16.75,16.22,16.5,17773.5,29289800.0,16.65,17.02,17.573499999999967,18.25,19.01,33.75,-0.69,-0.61,-0.08,晨化股份,化学原料和化学制品制造业,创业板,16.574999999999974,16.832499999999996,17.19166666666668,17.46937500000001,19.032978723404256
300610,2020-12-24,16.31,16.06,16.45,15.83,16.52,36501.5,58606500.0,16.47,16.84,17.47199999999997,18.11,18.96,30.35,-0.73,-0.64,-0.09,晨化股份,化学原料和化学制品制造业,创业板,16.494999999999976,16.674999999999997,17.00750000000001,17.33250000000001,18.927872340425534
300610,2020-12-25,16.04,16.1,16.37,15.85,16.06,17233.7,27785400.0,16.42,16.68,17.391499999999972,17.96,18.92,31.0,-0.74,-0.66,-0.08,晨化股份,化学原料和化学制品制造业,创业板,16.294999999999973,16.526249999999997,16.865000000000013,17.196875000000013,18.842553191489362
300610,2020-12-28,16.11,15.73,16.11,15.61,16.1,22874.0,36108000.0,16.18,16.52,17.292499999999972,17.78,18.87,28.37,-0.78,-0.68,-0.1,晨化股份,化学原料和化学制品制造业,创业板,16.102499999999974,16.389999999999997,16.689166666666676,17.029375000000012,18.759148936170213
300610,2020-12-29,15.67,15.76,15.94,15.64,15.73,14657.5,23168500.0,16.03,16.37,17.157999999999973,17.65,18.84,28.89,-0.79,-0.7,-0.09,晨化股份,化学原料和化学制品制造业,创业板,15.912499999999977,16.243749999999995,16.525833333333342,16.87187500000001,18.68148936170213
300610,2020-12-30,15.7,15.53,15.84,15.44,15.76,18382.0,28659700.0,15.84,16.24,17.02199999999997,17.51,18.79,27.24,-0.81,-0.72,-0.09,晨化股份,化学原料和化学制品制造业,创业板,15.779999999999976,16.137499999999996,16.376666666666676,16.70062500000001,18.576808510638298
300610,2020-12-31,15.44,16.26,16.36,15.44,15.53,33989.1,54668000.0,15.88,16.17,16.921499999999973,17.42,18.76,39.17,-0.76,-0.73,-0.03,晨化股份,化学原料和化学制品制造业,创业板,15.819999999999977,16.057499999999994,16.290833333333342,16.60375000000001,18.498085106382977
300610,2021-01-04,16.35,16.55,16.7,16.26,16.26,31402.5,51920400.0,15.97,16.19,16.82849999999997,17.33,18.73,43.16,-0.69,-0.72,0.03,晨化股份,化学原料和化学制品制造业,创业板,16.024999999999977,16.063749999999995,16.268333333333345,16.52312500000001,18.422978723404253
300610,2021-01-05,16.48,16.13,16.63,16.07,16.55,24405.5,39631300.0,16.05,16.11,16.720999999999968,17.24,18.67,39.15,-0.66,-0.71,0.05,晨化股份,化学原料和化学制品制造业,创业板,16.117499999999975,16.014999999999993,16.20166666666668,16.423750000000013,18.287446808510637
300610,2021-01-06,16.01,15.2,16.15,14.97,16.13,65012.0,99681700.0,15.93,15.98,16.56749999999997,17.12,18.61,32.06,-0.7,-0.71,0.01,晨化股份,化学原料和化学制品制造业,创业板,16.034999999999975,15.907499999999992,16.103333333333342,16.291250000000012,18.147021276595744
300610,2021-01-07,15.06,14.4,15.18,14.3,15.2,49141.5,71953100.0,15.71,15.77,16.39699999999997,16.97,18.53,27.45,-0.78,-0.72,-0.06,晨化股份,化学原料和化学制品制造业,创业板,15.569999999999975,15.694999999999993,15.89500000000001,16.11062500000001,18.00659574468085
300610,2021-01-08,14.27,14.14,14.77,13.84,14.4,38807.0,55496400.0,15.28,15.58,16.211999999999968,16.84,18.46,26.14,-0.87,-0.75,-0.12,晨化股份,化学原料和化学制品制造业,创业板,14.967499999999976,15.496249999999991,15.698333333333343,15.943125000000009,17.87255319148936
300610,2021-01-11,14.26,13.94,14.37,13.94,14.14,32314.5,45677400.0,14.76,15.36,16.022999999999968,16.72,18.35,25.14,-0.94,-0.79,-0.15,晨化股份,化学原料和化学制品制造业,创业板,14.419999999999977,15.268749999999992,15.483333333333341,15.756250000000009,17.726808510638296
300610,2021-01-12,13.96,14.08,14.41,13.89,13.94,31883.1,44867500.0,14.35,15.2,15.860999999999967,16.59,18.24,27.23,-0.97,-0.83,-0.14,晨化股份,化学原料和化学制品制造业,创业板,14.139999999999976,15.087499999999991,15.318333333333342,15.612500000000008,17.58723404255319
300610,2021-01-13,14.08,13.54,14.18,13.49,14.08,37363.5,51488000.0,14.02,14.98,15.673499999999967,16.43,18.12,24.4,-1.03,-0.87,-0.16,晨化股份,化学原料和化学制品制造业,创业板,13.924999999999978,14.74749999999999,15.10500000000001,15.402500000000009,17.45936170212766
300610,2021-01-14,13.49,14.01,14.59,13.44,13.54,42764.5,60022800.0,13.94,14.82,15.532999999999967,16.29,18.01,31.12,-1.03,-0.9,-0.13,晨化股份,化学原料和化学制品制造业,创业板,13.892499999999977,14.42999999999999,14.961666666666675,15.24687500000001,17.33468085106383
300610,2021-01-15,13.76,14.58,14.66,13.76,14.01,35280.9,50620500.0,14.03,14.66,15.415499999999966,16.17,17.93,38.28,-0.96,-0.91,-0.05,晨化股份,化学原料和化学制品制造业,创业板,14.052499999999977,14.236249999999991,14.863333333333344,15.125625000000008,17.216595744680852
300610,2021-01-18,14.5,15.13,15.25,14.41,14.58,33215.5,49639400.0,14.27,14.52,15.352999999999966,16.06,17.86,44.3,-0.86,-0.9,0.04,晨化股份,化学原料和化学制品制造业,创业板,14.314999999999976,14.22749999999999,14.83000000000001,15.06750000000001,17.11808510638298
300610,2021-01-19,14.99,15.77,15.82,14.99,15.13,42215.3,65482000.0,14.61,14.48,15.296499999999966,15.97,17.78,50.37,-0.73,-0.87,0.14,晨化股份,化学原料和化学制品制造业,创业板,14.872499999999976,14.398749999999989,14.789166666666679,15.046875000000009,17.02659574468085
300610,2021-01-20,15.61,15.8,15.92,15.42,15.77,31299.0,49158500.0,15.06,14.54,15.261499999999966,15.89,17.71,50.64,-0.61,-0.82,0.21,晨化股份,化学原料和化学制品制造业,创业板,15.319999999999977,14.60624999999999,14.726666666666679,15.051250000000008,16.924893617021276
300610,2021-01-21,15.69,16.15,16.2,15.54,15.8,28380.6,45400700.0,15.49,14.71,15.242999999999967,15.84,17.65,53.81,-0.47,-0.75,0.28,晨化股份,化学原料和化学制品制造业,创业板,15.712499999999977,14.88249999999999,14.728333333333346,15.07562500000001,16.817446808510635
300610,2021-01-22,16.2,15.7,16.4,15.7,16.15,46634.0,74664900.0,15.71,14.87,15.224999999999966,15.76,17.53,49.41,-0.4,-0.68,0.28,晨化股份,化学原料和化学制品制造业,创业板,15.854999999999977,15.084999999999988,14.770000000000012,15.086250000000009,16.73170212765957
300610,2021-01-25,15.59,15.15,15.83,15.04,15.7,39305.2,60335700.0,15.71,14.99,15.177499999999963,15.68,17.42,44.61,-0.39,-0.62,0.23,晨化股份,化学原料和化学制品制造业,创业板,15.699999999999978,15.286249999999988,14.832500000000012,15.01687500000001,16.63510638297872
300610,2021-01-26,15.01,14.83,15.44,14.72,15.15,28781.0,43345600.0,15.53,15.07,15.132499999999961,15.6,17.32,42.05,-0.4,-0.58,0.18,晨化股份,化学原料和化学制品制造业,创业板,15.457499999999978,15.38874999999999,14.890000000000015,14.90937500000001,16.5463829787234
300610,2021-01-27,14.99,15.09,15.4,14.69,14.83,40412.5,60609600.0,15.38,15.22,15.098999999999961,15.52,17.23,44.82,-0.38,-0.54,0.16,晨化股份,化学原料和化学制品制造业,创业板,15.19249999999998,15.452499999999988,14.985833333333348,14.84437500000001,16.461489361702125
300610,2021-01-28,15.07,15.44,15.79,14.85,15.09,48492.0,75095000.0,15.24,15.36,15.094499999999963,15.48,17.14,48.4,-0.33,-0.5,0.17,晨化股份,化学原料和化学制品制造业,创业板,15.12749999999998,15.49124999999999,15.099166666666681,14.85937500000001,16.384680851063827
300610,2021-01-29,15.45,15.32,15.85,15.25,15.44,36614.0,56869600.0,15.17,15.44,15.047499999999962,15.42,17.05,47.27,-0.3,-0.46,0.16,晨化股份,化学原料和化学制品制造业,创业板,15.169999999999982,15.43499999999999,15.247500000000015,14.91687500000001,16.311914893617022
300610,2021-02-01,15.43,16.01,16.38,15.41,15.32,47062.0,75586500.0,15.34,15.53,15.020499999999961,15.41,16.99,53.93,-0.21,-0.41,0.2,晨化股份,化学原料和化学制品制造业,创业板,15.464999999999982,15.46124999999999,15.41416666666668,15.033750000000008,16.252553191489362
300610,2021-02-02,16.01,16.39,16.56,16.01,16.01,44561.2,72514400.0,15.65,15.59,15.033499999999961,15.39,16.93,57.15,-0.12,-0.35,0.23,晨化股份,化学原料和化学制品制造业,创业板,15.789999999999981,15.49124999999999,15.565000000000014,15.186875000000008,16.216382978723402
300610,2021-02-03,16.23,16.16,16.43,15.77,16.39,32594.0,52647500.0,15.86,15.62,15.081499999999963,15.38,16.87,54.66,-0.06,-0.29,0.23,晨化股份,化学原料和化学制品制造业,创业板,15.969999999999981,15.54874999999999,15.650833333333347,15.316875000000008,16.183404255319147
300610,2021-02-04,16.08,15.92,16.15,15.4,16.16,40647.8,64095600.0,15.96,15.6,15.157499999999965,15.36,16.8,52.12,-0.03,-0.24,0.21,晨化股份,化学原料和化学制品制造业,创业板,16.119999999999983,15.644999999999989,15.663333333333346,15.465625000000008,16.145319148936167
300610,2021-02-05,16.01,15.66,16.26,15.53,15.92,22420.5,35619200.0,16.03,15.6,15.233499999999967,15.35,16.73,49.43,-0.03,-0.2,0.17,晨化股份,化学原料和化学制品制造业,创业板,16.03249999999998,15.748749999999989,15.651666666666678,15.568750000000009,16.085957446808504
300610,2021-02-08,15.5,15.84,15.93,15.3,15.66,23895.3,37254700.0,15.99,15.67,15.328499999999966,15.34,16.65,51.3,-0.02,-0.16,0.14,晨化股份,化学原料和化学制品制造业,创业板,15.894999999999982,15.842499999999987,15.625833333333345,15.647500000000006,16.034680851063825
300610,2021-02-09,15.97,15.99,16.29,15.84,15.84,29001.8,46508800.0,15.91,15.78,15.423999999999968,15.35,16.57,52.87,0.01,-0.13,0.14,晨化股份,化学原料和化学制品制造业,创业板,15.852499999999981,15.911249999999988,15.650000000000013,15.701250000000005,15.986170212765954
300610,2021-02-10,16.16,15.85,16.16,15.6,15.99,26545.8,41911700.0,15.85,15.86,15.539499999999967,15.35,16.5,51.21,0.02,-0.1,0.12,晨化股份,化学原料和化学制品制造业,创业板,15.83499999999998,15.977499999999988,15.708333333333345,15.706250000000006,15.931702127659571
300610,2021-02-18,16.08,16.2,16.5,16.01,15.85,33969.0,55161100.0,15.91,15.93,15.648999999999967,15.37,16.44,55.0,0.05,-0.07,0.12,晨化股份,化学原料和化学制品制造业,创业板,15.969999999999981,16.001249999999988,15.82250000000001,15.731250000000006,15.887446808510637
300610,2021-02-19,16.17,17.39,17.39,16.06,16.2,54600.6,92249900.0,16.25,16.14,15.789499999999967,15.41,16.42,64.97,0.18,-0.02,0.2,晨化股份,化学原料和化学制品制造业,创业板,16.35749999999998,16.12624999999999,16.014166666666675,15.808750000000005,15.868723404255318
300610,2021-02-22,17.45,17.6,17.99,17.28,17.39,61283.7,108221000.0,16.61,16.3,15.912999999999968,15.45,16.39,66.39,0.28,0.04,0.24,晨化股份,化学原料和化学制品制造业,创业板,16.75999999999998,16.30624999999999,16.194166666666675,15.927500000000006,15.864255319148937
300610,2021-02-23,17.42,17.36,17.81,16.95,17.6,40146.7,69980800.0,16.88,16.4,15.99249999999997,15.49,16.36,63.24,0.34,0.1,0.24,晨化股份,化学原料和化学制品制造业,创业板,17.13749999999998,16.486249999999995,16.364166666666677,16.065625000000008,15.854042553191489
300610,2021-02-24,17.29,17.06,17.5,16.95,17.36,33836.0,58077600.0,17.12,16.49,16.05549999999997,15.55,16.33,59.45,0.37,0.15,0.22,晨化股份,化学原料和化学制品制造业,创业板,17.35249999999998,16.661249999999995,16.45166666666668,16.20500000000001,15.839999999999998
300610,2021-02-25,17.21,16.78,17.35,16.75,17.06,26568.4,45103500.0,17.24,16.57,16.08699999999997,15.63,16.3,56.07,0.36,0.2,0.16,晨化股份,化学原料和化学制品制造业,创业板,17.19999999999998,16.778749999999995,16.484166666666678,16.310625000000012,15.82851063829787
300610,2021-02-26,16.71,17.29,17.9,16.54,16.78,47555.4,82696600.0,17.22,16.74,16.166499999999974,15.73,16.29,60.48,0.39,0.23,0.16,晨化股份,化学原料和化学制品制造业,创业板,17.12249999999998,16.941249999999993,16.578333333333344,16.426250000000014,15.82851063829787
300610,2021-03-01,17.65,17.5,17.96,17.33,17.29,42445.3,74572300.0,17.2,16.9,16.283999999999974,15.85,16.28,62.16,0.42,0.27,0.15,晨化股份,化学原料和化学制品制造业,创业板,17.15749999999998,17.147499999999994,16.71000000000001,16.562500000000014,15.84297872340425
300610,2021-03-02,17.68,17.25,17.75,16.97,17.5,38143.5,65620300.0,17.18,17.03,16.404999999999976,15.96,16.28,58.94,0.43,0.3,0.13,晨化股份,化学原料和化学制品制造业,创业板,17.20499999999998,17.278749999999995,16.842500000000012,16.640000000000015,15.84978723404255
300610,2021-03-03,17.34,17.58,17.61,17.16,17.25,29339.2,51231000.0,17.28,17.2,16.529499999999977,16.09,16.26,61.76,0.45,0.33,0.12,晨化股份,化学原料和化学制品制造业,创业板,17.40499999999998,17.302499999999995,16.987500000000008,16.714375000000015,15.875319148936168
300610,2021-03-04,17.58,17.03,17.75,16.93,17.58,37739.5,65443700.0,17.33,17.28,16.608999999999977,16.19,16.24,54.99,0.42,0.35,0.07,晨化股份,化学原料和化学制品制造业,创业板,17.339999999999982,17.231249999999996,17.074166666666674,16.768750000000015,15.878085106382976
300610,2021-03-05,16.91,17.45,17.86,16.91,17.03,40342.8,70507400.0,17.36,17.29,16.715499999999977,16.29,16.23,58.71,0.43,0.37,0.06,晨化股份,化学原料和化学制品制造业,创业板,17.327499999999983,17.242499999999993,17.207500000000007,16.864375000000013,15.898297872340423
300610,2021-03-08,17.68,17.22,17.89,17.21,17.45,25152.0,44028700.0,17.31,17.25,16.775999999999975,16.36,16.21,55.98,0.4,0.37,0.03,晨化股份,化学原料和化学制品制造业,创业板,17.319999999999983,17.262499999999992,17.292500000000008,16.96187500000001,15.9131914893617
300610,2021-03-09,17.27,16.26,17.37,16.16,17.22,33670.2,56352000.0,17.11,17.14,16.769499999999976,16.38,16.17,46.31,0.31,0.36,-0.05,晨化股份,化学原料和化学制品制造业,创业板,16.989999999999984,17.19749999999999,17.19833333333334,16.98812500000001,15.917446808510638
300610,2021-03-10,16.7,16.68,17.28,16.5,16.26,41278.5,69447500.0,16.93,17.1,16.795499999999976,16.4,16.15,50.35,0.26,0.34,-0.08,晨化股份,化学原料和化学制品制造业,创业板,16.902499999999982,17.121249999999993,17.121666666666677,17.03125000000001,15.929787234042552
300610,2021-03-11,16.6,17.13,17.23,16.36,16.68,25704.6,43413500.0,16.95,17.14,16.855999999999973,16.44,16.14,54.32,0.26,0.32,-0.06,晨化股份,化学原料和化学制品制造业,创业板,16.82249999999998,17.074999999999992,17.10250000000001,17.11125000000001,15.959574468085105
300610,2021-03-12,17.05,16.58,17.12,16.55,17.13,24114.3,40359000.0,16.77,17.07,16.901999999999973,16.47,16.12,49.15,0.22,0.3,-0.08,晨化股份,化学原料和化学制品制造业,创业板,16.66249999999998,16.991249999999994,17.06250000000001,17.13500000000001,15.977021276595744
300610,2021-03-15,16.58,17.13,17.18,16.57,16.58,30469.5,51557900.0,16.76,17.03,16.966499999999975,16.53,16.11,53.88,0.21,0.28,-0.07,晨化股份,化学原料和化学制品制造业,创业板,16.879999999999978,16.934999999999995,17.091666666666676,17.11875000000001,16.011063829787233
300610,2021-03-16,17.21,16.97,17.21,16.76,17.13,18255.4,30915200.0,16.9,17.0,17.015499999999975,16.6,16.1,52.35,0.2,0.27,-0.07,晨化股份,化学原料和化学制品制造业,创业板,16.95249999999998,16.927499999999995,17.06500000000001,17.079375000000006,16.026170212765958
300610,2021-03-17,16.99,18.14,18.15,16.94,16.97,51522.5,90959500.0,17.19,17.06,17.129999999999974,16.71,16.11,61.04,0.28,0.27,0.01,晨化股份,化学原料和化学制品制造业,创业板,17.20499999999998,17.013749999999995,17.118333333333343,17.128125000000004,16.060000000000002
300610,2021-03-18,18.05,17.98,18.3,17.81,18.14,37757.0,68013600.0,17.36,17.15,17.218999999999973,16.79,16.13,59.44,0.33,0.28,0.05,晨化股份,化学原料和化学制品制造业,创业板,17.554999999999982,17.108749999999993,17.179166666666678,17.185625000000005,16.099361702127663
300610,2021-03-19,17.83,17.8,18.08,17.61,17.98,24464.1,43506600.0,17.6,17.19,17.239499999999975,16.87,16.15,57.62,0.35,0.3,0.05,晨化股份,化学原料和化学制品制造业,创业板,17.722499999999982,17.301249999999996,17.19750000000001,17.249375000000008,16.15468085106383
300610,2021-03-22,17.74,18.37,18.45,17.74,17.8,36358.5,66333700.0,17.85,17.3,17.277999999999974,16.95,16.18,61.63,0.41,0.32,0.09,晨化股份,化学原料和化学制品制造业,创业板,18.072499999999984,17.512499999999996,17.309166666666677,17.316875000000007,16.239148936170213
300610,2021-03-23,18.38,17.84,18.38,17.7,18.37,27347.5,48986400.0,18.03,17.46,17.30199999999997,17.0,16.2,56.29,0.4,0.33,0.07,晨化股份,化学原料和化学制品制造业,创业板,17.997499999999985,17.601249999999997,17.34166666666668,17.338125000000005,16.317872340425534
300610,2021-03-24,17.98,17.85,18.4,17.76,17.84,25192.5,45453800.0,17.97,17.58,17.341499999999975,17.06,16.22,56.37,0.4,0.35,0.05,晨化股份,化学原料和化学制品制造业,创业板,17.964999999999986,17.759999999999998,17.394166666666678,17.375625000000007,16.401063829787233
300610,2021-03-25,17.82,17.02,17.91,17.01,17.85,36410.5,63138200.0,17.78,17.57,17.353499999999976,17.09,16.23,48.71,0.32,0.34,-0.02,晨化股份,化学原料和化学制品制造业,创业板,17.769999999999985,17.74625,17.457500000000014,17.340625000000006,16.463617021276594
300610,2021-03-26,17.04,17.08,17.2,16.93,17.02,19900.6,33990000.0,17.63,17.62,17.34299999999997,17.14,16.24,49.25,0.26,0.33,-0.07,晨化股份,化学原料和化学制品制造业,创业板,17.447499999999984,17.76,17.490833333333345,17.343750000000007,16.538936170212768
300610,2021-03-29,17.01,16.81,17.15,16.79,17.08,18457.9,31227400.0,17.32,17.59,17.308499999999974,17.17,16.26,46.87,0.19,0.3,-0.11,晨化股份,化学原料和化学制品制造业,创业板,17.189999999999984,17.59375,17.46416666666668,17.303750000000008,16.59851063829787
300610,2021-03-30,16.81,16.9,17.14,16.73,16.81,15527.1,26358600.0,17.13,17.58,17.290999999999972,17.2,16.28,47.78,0.15,0.27,-0.12,晨化股份,化学原料和化学制品制造业,创业板,16.952499999999986,17.458750000000002,17.490833333333345,17.283750000000005,16.64787234042553
300610,2021-03-31,16.71,16.68,16.94,16.5,16.9,20765.1,34651500.0,16.9,17.43,17.245999999999974,17.23,16.29,45.73,0.08,0.23,-0.15,晨化股份,化学原料和化学制品制造业,创业板,16.86749999999999,17.31875,17.453333333333347,17.310000000000006,16.680851063829785
300610,2021-04-01,16.85,16.83,16.9,16.63,16.68,12080.0,20238600.0,16.86,17.32,17.235999999999972,17.25,16.31,47.39,0.05,0.19,-0.14,晨化股份,化学原料和化学制品制造业,创业板,16.80499999999999,17.12625,17.44166666666668,17.319375000000004,16.703404255319146
300610,2021-04-02,16.84,16.75,16.84,16.57,16.83,14325.0,23925500.0,16.79,17.21,17.200999999999972,17.23,16.32,46.57,0.02,0.16,-0.14,晨化股份,化学原料和化学制品制造业,创业板,16.78999999999999,16.99,17.325833333333346,17.295625000000005,16.723617021276596
300610,2021-04-06,16.81,16.87,17.17,16.71,16.75,16029.5,27120300.0,16.81,17.06,17.183499999999974,17.21,16.33,48.02,0.0,0.13,-0.13,晨化股份,化学原料和化学制品制造业,创业板,16.78249999999999,16.8675,17.233333333333345,17.313750000000006,16.738936170212767
300610,2021-04-07,16.87,16.7,16.87,16.54,16.87,18555.0,30936600.0,16.77,16.95,17.205499999999976,17.18,16.34,46.11,-0.03,0.1,-0.13,晨化股份,化学原料和化学制品制造业,创业板,16.787499999999994,16.827499999999997,17.141666666666676,17.286875000000006,16.760212765957448
300610,2021-04-08,16.62,16.41,16.7,16.38,16.7,17132.5,28270300.0,16.71,16.8,17.191999999999975,17.16,16.36,42.98,-0.07,0.06,-0.13,晨化股份,化学原料和化学制品制造业,创业板,16.682499999999994,16.74375,16.978333333333342,17.251875000000005,16.787021276595745
300610,2021-04-09,17.0,17.28,18.05,16.99,16.41,69914.9,122022000.0,16.8,16.83,17.19949999999998,17.18,16.4,53.24,-0.03,0.04,-0.07,晨化股份,化学原料和化学制品制造业,创业板,16.814999999999994,16.8025,16.931666666666676,17.198125000000005,16.83914893617021
300610,2021-04-12,17.21,16.72,17.21,16.67,17.28,41329.2,69797900.0,16.8,16.79,17.20649999999998,17.16,16.45,47.34,-0.05,0.03,-0.08,晨化股份,化学原料和化学制品制造业,创业板,16.777499999999993,16.779999999999998,16.83750000000001,17.119375000000005,16.87382978723404
300610,2021-04-13,16.57,16.8,16.85,16.31,16.72,21303.8,35218200.0,16.78,16.79,17.18999999999998,17.14,16.5,48.22,-0.06,0.01,-0.07,晨化股份,化学原料和化学制品制造业,创业板,16.80249999999999,16.794999999999998,16.81916666666668,17.056875000000005,16.902765957446807
300610,2021-04-14,16.78,16.88,16.97,16.61,16.8,14434.3,24252200.0,16.82,16.79,17.18549999999998,17.12,16.54,49.14,-0.05,0.0,-0.05,晨化股份,化学原料和化学制品制造业,创业板,16.91999999999999,16.801249999999996,16.80250000000001,16.963750000000005,16.935957446808505
300610,2021-04-15,16.73,17.06,17.13,16.71,16.88,16377.5,27817500.0,16.95,16.83,17.13149999999998,17.11,16.6,51.24,-0.04,-0.01,-0.03,晨化股份,化学原料和化学制品制造业,创业板,16.86499999999999,16.839999999999996,16.82333333333334,16.915000000000006,16.95829787234042
300610,2021-04-16,17.06,17.0,17.15,16.76,17.06,21277.4,35984400.0,16.89,16.85,17.08249999999998,17.11,16.65,50.49,-0.02,-0.01,-0.01,晨化股份,化学原料和化学制品制造业,创业板,16.93499999999999,16.856249999999996,16.831666666666674,16.861875000000005,16.971276595744676
300610,2021-04-19,16.99,17.13,17.14,16.9,17.0,23710.1,40381000.0,16.97,16.88,17.048999999999978,17.1,16.69,52.12,-0.01,-0.01,0.0,晨化股份,化学原料和化学制品制造业,创业板,17.01749999999999,16.909999999999997,16.869166666666676,16.868750000000006,16.991914893617018
300610,2021-04-20,17.06,17.13,17.38,17.04,17.13,20966.0,36122700.0,17.04,16.91,16.986999999999977,17.09,16.73,52.12,0.0,-0.01,0.01,晨化股份,化学原料和化学制品制造业,创业板,17.07999999999999,16.999999999999996,16.894166666666674,16.871875000000006,17.01765957446808
300610,2021-04-21,17.04,17.01,17.19,16.85,17.13,12354.9,21029500.0,17.07,16.94,16.945499999999978,17.12,16.75,50.34,0.0,-0.01,0.01,晨化股份,化学原料和化学制品制造业,创业板,17.067499999999992,16.966249999999995,16.91583333333334,16.884375000000006,17.0463829787234
300610,2021-04-22,17.03,17.56,17.72,16.95,17.01,29631.7,51546300.0,17.17,17.06,16.930999999999976,17.15,16.78,57.49,0.05,0.0,0.05,晨化股份,化学原料和化学制品制造业,创业板,17.207499999999992,17.071249999999996,16.97333333333334,16.925625000000007,17.08297872340425
300610,2021-04-23,17.58,17.64,17.69,17.31,17.56,23877.2,41871700.0,17.29,17.09,16.96199999999998,17.16,16.8,58.42,0.09,0.02,0.07,晨化股份,化学原料和化学制品制造业,创业板,17.334999999999994,17.176249999999996,17.051666666666673,16.985625000000006,17.118085106382974
300610,2021-04-26,18.11,17.33,18.29,17.33,17.64,50924.6,90026800.0,17.33,17.15,16.974499999999978,17.19,16.83,53.5,0.09,0.03,0.06,晨化股份,化学原料和化学制品制造业,创业板,17.384999999999994,17.232499999999995,17.128333333333337,17.016875000000006,17.149574468085103
300610,2021-04-27,17.33,17.54,17.72,17.23,17.33,36361.0,63673200.0,17.42,17.23,17.010999999999978,17.2,16.87,56.2,0.12,0.05,0.07,晨化股份,化学原料和化学制品制造业,创业板,17.517499999999995,17.292499999999993,17.150000000000002,17.066250000000007,17.178085106382973
300610,2021-04-28,17.52,17.7,17.85,17.21,17.54,27608.3,48784700.0,17.55,17.31,17.05099999999998,17.23,16.92,58.18,0.15,0.07,0.08,晨化股份,化学原料和化学制品制造业,创业板,17.552499999999995,17.379999999999992,17.23166666666667,17.118125000000006,17.184680851063824
300610,2021-04-29,17.56,17.24,17.75,17.2,17.7,34578.8,60124100.0,17.49,17.33,17.07899999999998,17.2,16.95,51.02,0.12,0.08,0.04,晨化股份,化学原料和化学制品制造业,创业板,17.452499999999993,17.393749999999994,17.268333333333334,17.151875000000008,17.177021276595738
300610,2021-04-30,17.17,17.73,17.97,17.13,17.24,40425.6,71569200.0,17.51,17.4,17.12399999999998,17.19,16.99,57.08,0.15,0.09,0.06,晨化股份,化学原料和化学制品制造业,创业板,17.552499999999995,17.468749999999993,17.339166666666667,17.234375000000007,17.18489361702127
300610,2021-05-06,17.72,18.07,18.19,17.72,17.73,33023.0,59520900.0,17.66,17.49,17.18999999999998,17.2,17.04,60.71,0.2,0.12,0.08,晨化股份,化学原料和化学制品制造业,创业板,17.684999999999995,17.601249999999993,17.423333333333336,17.283750000000005,17.2063829787234
300610,2021-05-07,18.1,17.83,18.2,17.76,18.07,21809.3,39133800.0,17.71,17.57,17.23799999999998,17.18,17.07,57.04,0.21,0.13,0.08,晨化股份,化学原料和化学制品制造业,创业板,17.717499999999994,17.63499999999999,17.492500000000003,17.353125000000006,17.228723404255316
300610,2021-05-10,17.92,18.5,18.6,17.83,17.83,43529.6,79779000.0,17.87,17.71,17.32799999999998,17.2,17.1,63.65,0.27,0.16,0.11,晨化股份,化学原料和化学制品制造业,创业板,18.032499999999995,17.742499999999993,17.60666666666667,17.459375000000005,17.25446808510638
300610,2021-05-11,18.08,17.41,18.08,17.2,18.5,52649.3,92209900.0,17.91,17.7,17.37799999999998,17.19,17.12,50.14,0.23,0.18,0.05,晨化股份,化学原料和化学制品制造业,创业板,17.952499999999993,17.75249999999999,17.630000000000003,17.492500000000007,17.25255319148936
300610,2021-05-12,17.19,17.48,17.57,17.19,17.41,22139.0,38573700.0,17.86,17.68,17.387999999999984,17.2,17.15,50.86,0.2,0.18,0.02,晨化股份,化学原料和化学制品制造业,创业板,17.804999999999993,17.74499999999999,17.66916666666667,17.518750000000008,17.257446808510636
300610,2021-05-13,17.38,17.04,17.59,16.9,17.48,23261.5,40211900.0,17.65,17.65,17.403999999999986,17.2,17.17,46.32,0.14,0.17,-0.03,晨化股份,化学原料和化学制品制造业,创业板,17.60749999999999,17.66249999999999,17.625833333333336,17.52125000000001,17.245957446808507
300610,2021-05-14,17.04,17.25,17.38,16.94,17.04,17528.6,30130900.0,17.54,17.62,17.426499999999983,17.22,17.19,48.68,0.1,0.16,-0.06,晨化股份,化学原料和化学制品制造业,创业板,17.29499999999999,17.66374999999999,17.593333333333334,17.52875000000001,17.25063829787234
300610,2021-05-17,17.2,16.85,17.2,16.7,17.25,20745.1,35213100.0,17.21,17.54,17.424999999999986,17.21,17.21,44.66,0.05,0.14,-0.09,晨化股份,化学原料和化学制品制造业,创业板,17.154999999999994,17.55374999999999,17.55333333333333,17.51125000000001,17.23787234042553
300610,2021-05-18,17.1,17.34,17.38,16.93,16.85,17563.0,30212900.0,17.19,17.55,17.438999999999986,17.24,17.23,50.09,0.04,0.12,-0.08,晨化股份,化学原料和化学制品制造业,创业板,17.119999999999994,17.46249999999999,17.536666666666665,17.53187500000001,17.24042553191489
300610,2021-05-19,17.26,17.28,17.3,17.03,17.34,12257.5,21066300.0,17.15,17.51,17.452999999999985,17.25,17.25,49.45,0.03,0.1,-0.07,晨化股份,化学原料和化学制品制造业,创业板,17.179999999999993,17.39374999999999,17.50166666666667,17.514375000000012,17.262127659574464
300610,2021-05-20,17.11,16.95,17.29,16.76,17.28,18187.9,30777900.0,17.13,17.39,17.443999999999985,17.26,17.24,45.97,0.0,0.08,-0.08,晨化股份,化学原料和化学制品制造业,创业板,17.104999999999993,17.19999999999999,17.4775,17.471250000000012,17.26787234042553
300610,2021-05-21,17.03,17.2,17.26,16.83,16.95,16046.0,27418300.0,17.12,17.33,17.447499999999984,17.27,17.24,48.91,-0.02,0.06,-0.08,晨化股份,化学原料和化学制品制造业,创业板,17.192499999999995,17.173749999999988,17.433333333333334,17.463125000000012,17.269361702127657
300610,2021-05-24,17.17,17.26,17.4,17.09,17.2,19997.0,34439300.0,17.21,17.21,17.459999999999987,17.29,17.24,49.61,-0.01,0.05,-0.06,晨化股份,化学原料和化学制品制造业,创业板,17.172499999999996,17.146249999999988,17.36583333333333,17.44562500000001,17.28382978723404
300610,2021-05-25,17.25,17.72,17.87,17.2,17.26,26000.7,45788900.0,17.28,17.24,17.467999999999986,17.33,17.25,54.78,0.02,0.04,-0.02,晨化股份,化学原料和化学制品制造业,创业板,17.282499999999995,17.23124999999999,17.356666666666666,17.44687500000001,17.296382978723404
300610,2021-05-26,17.86,18.16,18.3,17.86,17.72,41233.7,74584000.0,17.46,17.3,17.49399999999999,17.36,17.27,59.1,0.08,0.05,0.03,晨化股份,化学原料和化学制品制造业,创业板,17.584999999999994,17.344999999999988,17.32833333333333,17.50437500000001,17.321702127659574
300610,2021-05-27,18.17,18.5,18.56,18.0,18.16,39576.3,72694200.0,17.77,17.45,17.552499999999988,17.42,17.29,62.11,0.16,0.07,0.09,晨化股份,化学原料和化学制品制造业,创业板,17.909999999999993,17.55124999999999,17.419166666666666,17.55250000000001,17.329361702127656
300610,2021-05-28,18.5,18.76,18.98,18.38,18.5,38563.5,72475800.0,18.08,17.6,17.613499999999988,17.48,17.31,64.28,0.23,0.1,0.13,晨化股份,化学原料和化学制品制造业,创业板,18.284999999999993,17.728749999999987,17.52583333333333,17.59562500000001,17.34595744680851
300610,2021-05-31,18.88,18.75,18.94,18.57,18.76,32736.5,61415600.0,18.38,17.79,17.66599999999999,17.55,17.34,64.13,0.3,0.14,0.16,晨化股份,化学原料和化学制品制造业,创业板,18.542499999999993,17.912499999999987,17.668333333333333,17.65312500000001,17.366170212765955
300610,2021-06-01,18.76,18.46,18.8,18.34,18.75,37264.2,68876100.0,18.53,17.9,17.726999999999986,17.59,17.35,59.72,0.32,0.18,0.14,晨化股份,化学原料和化学制品制造业,创业板,18.617499999999993,18.10124999999999,17.769166666666667,17.65062500000001,17.368085106382978
300610,2021-06-02,12.87,12.88,13.14,12.77,18.46,47860.3,62045100.0,17.47,17.46,17.484499999999986,17.46,17.28,24.64,-0.12,0.12,-0.24,晨化股份,化学原料和化学制品制造业,创业板,17.21249999999999,17.56124999999999,17.438333333333333,17.367500000000007,17.26255319148936
300610,2021-06-03,12.88,12.18,12.93,11.23,12.88,71857.9,89347400.0,16.21,16.99,17.189999999999987,17.29,17.19,22.83,-0.51,-0.01,-0.5,晨化股份,化学原料和化学制品制造业,创业板,15.567499999999992,16.926249999999992,17.008333333333333,17.036250000000006,17.141914893617017
300610,2021-06-04,12.2,12.2,12.6,12.17,12.18,43471.9,53653000.0,14.89,16.49,16.908499999999986,17.13,17.11,23.0,-0.82,-0.17,-0.65,晨化股份,化学原料和化学制品制造业,创业板,13.929999999999993,16.23624999999999,16.584999999999997,16.733750000000004,17.039361702127657
300610,2021-06-07,12.25,12.42,12.54,12.1,12.2,30681.4,38013100.0,13.63,16.0,16.604499999999987,16.97,17.05,25.01,-1.03,-0.34,-0.69,晨化股份,化学原料和化学制品制造业,创业板,12.419999999999993,15.51874999999999,16.2075,16.431875000000005,16.940212765957444
300610,2021-06-08,12.47,12.33,12.57,12.23,12.42,27969.4,34614800.0,12.4,15.46,16.350499999999986,16.8,16.97,24.72,-1.18,-0.51,-0.67,晨化股份,化学原料和化学制品制造业,创业板,12.282499999999992,14.747499999999992,15.801666666666668,16.149375000000003,16.844893617021274
300610,2021-06-09,12.29,12.42,12.57,12.21,12.33,28211.0,35032200.0,12.31,14.89,16.097499999999986,16.63,16.9,25.63,-1.29,-0.67,-0.62,晨化股份,化学原料和化学制品制造业,创业板,12.342499999999992,13.95499999999999,15.398333333333333,15.841875000000003,16.749574468085104
300610,2021-06-10,12.36,12.38,12.55,12.31,12.42,32878.6,40890200.0,12.35,14.28,15.864499999999984,16.46,16.82,25.48,-1.36,-0.8,-0.56,晨化股份,化学原料和化学制品制造业,创业板,12.387499999999992,13.158749999999989,14.953333333333333,15.535625000000005,16.658085106382977
300610,2021-06-11,12.31,12.03,12.42,12.01,12.38,39870.4,48476200.0,12.32,13.6,15.603499999999983,16.28,16.74,24.17,-1.43,-0.93,-0.5,晨化股份,化学原料和化学制品制造业,创业板,12.289999999999992,12.35499999999999,14.4425,15.228125000000006,16.55595744680851
300610,2021-06-15,11.98,11.83,12.05,11.76,12.03,27577.9,32748000.0,12.2,12.91,15.352499999999981,16.08,16.65,23.43,-1.48,-1.04,-0.44,晨化股份,化学原料和化学制品制造业,创业板,12.164999999999992,12.22374999999999,13.886666666666668,14.892500000000007,16.45127659574468
300610,2021-06-16,11.9,11.61,11.95,11.54,11.83,23495.2,27585700.0,12.05,12.23,15.065999999999983,15.89,16.55,22.61,-1.52,-1.14,-0.38,晨化股份,化学原料和化学制品制造业,创业板,11.962499999999991,12.15249999999999,13.290833333333333,14.539375000000007,16.339361702127658
300610,2021-06-17,11.66,11.53,11.75,11.35,11.61,19519.5,22590200.0,11.88,12.09,14.77849999999998,15.69,16.44,22.31,-1.54,-1.22,-0.32,晨化股份,化学原料和化学制品制造业,创业板,11.749999999999991,12.068749999999989,12.689166666666667,14.152500000000007,16.229361702127658
300610,2021-06-18,11.54,12.29,12.44,11.28,11.53,78384.6,94721000.0,11.86,12.1,14.545499999999981,15.49,16.35,31.75,-1.49,-1.27,-0.22,晨化股份,化学原料和化学制品制造业,创业板,11.81499999999999,12.05249999999999,12.174999999999999,13.785625000000007,16.14170212765957
300610,2021-06-21,12.09,11.9,12.1,11.81,12.29,50968.0,60708100.0,11.83,12.07,14.28049999999998,15.3,16.24,29.75,-1.45,-1.31,-0.14,晨化股份,化学原料和化学制品制造业,创业板,11.83249999999999,11.99874999999999,12.093333333333334,13.373125000000007,16.02723404255319
300610,2021-06-22,11.95,11.85,11.99,11.79,11.9,29913.2,35575200.0,11.84,12.02,14.009999999999982,15.08,16.14,29.5,-1.4,-1.33,-0.07,晨化股份,化学原料和化学制品制造业,创业板,11.892499999999991,11.92749999999999,12.065833333333332,12.941250000000007,15.923617021276593
300610,2021-06-23,11.8,11.96,11.96,11.72,11.85,25817.9,30584300.0,11.91,11.98,13.72199999999998,14.89,16.04,30.91,-1.35,-1.33,-0.02,晨化股份,化学原料和化学制品制造业,创业板,11.999999999999991,11.87499999999999,12.045833333333334,12.516875000000008,15.820638297872339
300610,2021-06-24,12.0,11.71,12.0,11.68,11.96,28749.2,33870400.0,11.94,11.91,13.399499999999978,14.7,15.95,29.46,-1.32,-1.33,0.01,晨化股份,化学原料和化学制品制造业,创业板,11.854999999999992,11.83499999999999,11.98666666666667,12.095000000000008,15.71063829787234
300610,2021-06-25,11.82,11.91,11.97,11.68,11.71,28650.5,33882600.0,11.87,11.86,13.069999999999979,14.53,15.87,32.19,-1.26,-1.31,0.05,晨化股份,化学原料和化学制品制造业,创业板,11.857499999999993,11.84499999999999,11.951666666666668,12.034375000000008,15.601063829787234
300610,2021-06-28,11.8,12.1,12.28,11.75,11.91,34618.7,41689800.0,11.91,11.87,12.73699999999998,14.36,15.79,34.77,-1.18,-1.29,0.11,晨化股份,化学原料和化学制品制造业,创业板,11.919999999999993,11.90624999999999,11.925000000000002,12.029375000000007,15.496808510638298
300610,2021-06-29,12.03,12.63,12.93,12.01,12.1,81004.1,102159000.0,12.06,11.95,12.43099999999998,14.22,15.72,41.46,-1.06,-1.24,0.18,晨化股份,化学原料和化学制品制造业,创业板,12.087499999999993,12.043749999999989,11.945833333333335,12.056250000000007,15.401063829787235
300610,2021-06-30,12.7,13.1,13.49,12.41,12.63,98547.3,126548000.0,12.29,12.1,12.16299999999998,14.08,15.66,46.68,-0.92,-1.18,0.26,晨化股份,化学原料和化学制品制造业,创业板,12.434999999999993,12.144999999999989,12.035000000000002,12.098750000000008,15.31531914893617
300610,2021-07-01,13.2,12.6,13.2,12.55,13.1,62669.6,80184500.0,12.47,12.2,12.148999999999981,13.92,15.59,42.36,-0.84,-1.11,0.27,晨化股份,化学原料和化学制品制造业,创业板,12.607499999999995,12.232499999999987,12.099166666666667,12.115625000000007,15.22148936170213
300610,2021-07-02,12.54,12.79,12.94,12.44,12.6,48500.2,61776700.0,12.64,12.26,12.17949999999998,13.78,15.52,44.46,-0.75,-1.04,0.29,晨化股份,化学原料和化学制品制造业,创业板,12.779999999999994,12.349999999999987,12.1975,12.138750000000007,15.120000000000003
300610,2021-07-05,12.68,13.2,13.26,12.6,12.79,72664.8,94766800.0,12.86,12.38,12.229499999999982,13.65,15.46,48.81,-0.64,-0.96,0.32,晨化股份,化学原料和化学制品制造业,创业板,12.922499999999994,12.504999999999988,12.336666666666666,12.190000000000007,15.025531914893621
300610,2021-07-06,13.22,13.86,14.18,13.18,13.2,142686.0,196078000.0,13.11,12.59,12.301499999999983,13.54,15.41,54.93,-0.49,-0.86,0.37,晨化股份,化学原料和化学制品制造业,创业板,13.112499999999995,12.773749999999989,12.4675,12.304375000000006,14.951702127659578
300610,2021-07-07,13.51,13.48,13.58,13.25,13.86,102583.0,137351000.0,13.19,12.74,12.358999999999982,13.39,15.36,51.14,-0.41,-0.77,0.36,晨化股份,化学原料和化学制品制造业,创业板,13.332499999999994,12.96999999999999,12.599166666666664,12.407500000000004,14.865319148936175
300610,2021-07-08,13.0,12.2,13.01,12.15,13.48,178578.0,221735000.0,13.11,12.79,12.347999999999983,13.2,15.28,40.9,-0.43,-0.71,0.28,晨化股份,化学原料和化学制品制造业,创业板,13.184999999999993,12.982499999999991,12.62833333333333,12.444375000000004,14.74829787234043
300610,2021-07-09,12.0,13.0,13.07,11.92,12.2,145595.0,184670000.0,13.15,12.9,12.378999999999985,13.01,15.22,47.92,-0.39,-0.64,0.25,晨化股份,化学原料和化学制品制造业,创业板,13.134999999999994,13.028749999999992,12.714999999999996,12.536250000000004,14.658085106382982
300610,2021-07-12,13.0,13.29,13.73,12.99,13.0,143435.0,191467000.0,13.17,13.02,12.441999999999986,12.83,15.16,50.23,-0.32,-0.58,0.26,晨化股份,化学原料和化学制品制造业,创业板,12.992499999999996,13.052499999999991,12.846666666666662,12.598750000000004,14.563617021276599
300610,2021-07-13,13.27,13.87,13.91,12.92,13.29,160093.0,217660000.0,13.17,13.14,12.543999999999984,12.67,15.11,54.56,-0.22,-0.51,0.29,晨化股份,化学原料和化学制品制造业,创业板,13.089999999999996,13.211249999999993,13.009999999999996,12.721875000000004,14.474255319148938
300610,2021-07-14,13.8,13.6,14.15,13.56,13.87,119551.0,164726000.0,13.19,13.19,12.643499999999984,12.5,15.05,52.28,-0.15,-0.43,0.28,晨化股份,化学原料和化学制品制造业,创业板,13.439999999999994,13.312499999999993,13.134999999999996,12.831250000000004,14.384255319148938
300610,2021-07-15,13.66,13.19,13.77,12.99,13.6,89059.6,118024000.0,13.39,13.25,12.726499999999984,12.52,14.99,48.93,-0.14,-0.38,0.24,晨化股份,化学原料和化学制品制造业,创业板,13.487499999999994,13.311249999999992,13.181666666666663,12.908125000000004,14.271276595744684
300610,2021-07-16,13.22,13.97,14.18,13.12,13.19,143035.0,196915000.0,13.58,13.37,12.810499999999982,12.58,14.93,54.86,-0.07,-0.31,0.24,晨化股份,化学原料和化学制品制造业,创业板,13.657499999999994,13.324999999999992,13.254166666666663,13.049375000000003,14.198085106382983
300610,2021-07-19,14.08,13.88,14.42,13.7,13.97,135841.0,190901000.0,13.7,13.43,12.909499999999984,12.63,14.88,54.08,-0.01,-0.25,0.24,晨化股份,化学原料和化学制品制造业,创业板,13.659999999999995,13.374999999999991,13.36083333333333,13.172500000000003,14.12148936170213
300610,2021-07-20,13.61,13.82,14.04,13.37,13.88,91722.4,125093000.0,13.69,13.43,13.007999999999981,12.68,14.83,53.53,0.03,-0.2,0.23,晨化股份,化学原料和化学制品制造业,创业板,13.714999999999995,13.577499999999992,13.446666666666664,13.280000000000003,14.05297872340426
300610,2021-07-21,13.78,13.7,13.99,13.55,13.82,94833.4,130139000.0,13.71,13.45,13.094999999999981,12.72,14.76,52.39,0.05,-0.15,0.2,晨化股份,化学原料和化学制品制造业,创业板,13.842499999999994,13.664999999999992,13.48833333333333,13.346875000000002,13.977446808510644
300610,2021-07-22,13.68,14.32,14.68,13.62,13.7,193565.0,276749000.0,13.94,13.66,13.225499999999982,12.79,14.71,57.43,0.11,-0.1,0.21,晨化股份,化学原料和化学制品制造业,创业板,13.929999999999993,13.793749999999992,13.526666666666662,13.423125000000002,13.923617021276602
300610,2021-07-23,14.15,13.94,14.51,13.82,14.32,142801.0,201936000.0,13.93,13.76,13.32699999999998,12.84,14.65,53.68,0.13,-0.05,0.18,晨化股份,化学原料和化学制品制造业,创业板,13.944999999999991,13.802499999999991,13.564999999999996,13.506875000000003,13.851276595744688
300610,2021-07-26,13.88,13.74,14.1,13.4,13.94,90785.5,124560000.0,13.9,13.8,13.408999999999981,12.9,14.59,51.76,0.12,-0.02,0.14,晨化股份,化学原料和化学制品制造业,创业板,13.924999999999992,13.819999999999991,13.69333333333333,13.566250000000004,13.775957446808519
300610,2021-07-27,13.63,12.83,13.82,12.8,13.74,113810.0,150898000.0,13.71,13.7,13.41899999999998,12.93,14.51,44.05,0.05,0.0,0.05,晨化股份,化学原料和化学制品制造业,创业板,13.707499999999992,13.774999999999991,13.679166666666665,13.543125000000005,13.688297872340433
300610,2021-07-28,12.69,12.16,12.87,12.11,12.83,74138.3,91545700.0,13.4,13.56,13.37199999999998,12.95,14.42,39.4,-0.06,-0.01,-0.05,晨化股份,化学原料和化学制品制造业,创业板,13.167499999999992,13.548749999999991,13.584999999999999,13.436875000000004,13.58106382978724
300610,2021-07-29,12.35,13.12,13.12,12.25,12.16,96280.5,122817000.0,13.16,13.55,13.397999999999978,13.0,14.34,47.89,-0.07,-0.03,-0.04,晨化股份,化学原料和化学制品制造业,创业板,12.962499999999991,13.453749999999992,13.522499999999999,13.414375000000005,13.492978723404262
300610,2021-07-30,12.97,13.59,13.63,12.96,13.12,96540.8,128964000.0,13.09,13.51,13.437999999999978,13.04,14.27,51.48,-0.05,-0.03,-0.02,晨化股份,化学原料和化学制品制造业,创业板,12.924999999999992,13.424999999999994,13.521666666666667,13.501250000000006,13.40510638297873
300610,2021-08-02,13.55,13.48,13.68,13.31,13.59,68794.9,92716800.0,13.04,13.47,13.451999999999979,13.1,14.2,50.6,-0.04,-0.03,-0.01,晨化股份,化学原料和化学制品制造业,创业板,13.087499999999991,13.397499999999994,13.545833333333333,13.531250000000005,13.305531914893624
300610,2021-08-03,13.46,13.74,14.05,13.33,13.48,88990.7,123028000.0,13.22,13.46,13.445999999999978,13.16,14.12,52.65,0.0,-0.03,0.03,晨化股份,化学原料和化学制品制造业,创业板,13.482499999999991,13.324999999999992,13.526666666666666,13.559375000000006,13.204255319148944
300610,2021-08-04,13.67,13.82,13.9,13.56,13.74,64716.7,89057100.0,13.55,13.47,13.462999999999976,13.22,14.06,53.3,0.03,-0.01,0.04,晨化股份,化学原料和化学制品制造业,创业板,13.657499999999994,13.309999999999992,13.521666666666667,13.556250000000006,13.099148936170222
300610,2021-08-05,13.45,13.33,13.48,12.92,13.82,86047.4,114015000.0,13.59,13.38,13.519499999999976,13.28,13.99,48.91,0.02,-0.01,0.03,晨化股份,化学原料和化学制品制造业,创业板,13.592499999999994,13.258749999999992,13.480833333333335,13.539375000000007,12.983829787234052
300610,2021-08-06,13.55,13.33,13.55,13.12,13.33,54623.0,72785800.0,13.54,13.31,13.535999999999976,13.32,13.93,48.91,0.01,0.0,0.01,晨化股份,化学原料和化学制品制造业,创业板,13.554999999999993,13.321249999999992,13.450000000000003,13.548125000000008,12.87468085106384
300610,2021-08-09,13.35,14.03,14.25,13.22,13.33,127810.0,177980000.0,13.65,13.34,13.572999999999974,13.39,13.87,55.04,0.05,0.01,0.04,晨化股份,化学原料和化学制品制造业,创业板,13.627499999999992,13.554999999999993,13.425833333333337,13.551875000000008,12.899148936170223
300610,2021-08-10,13.86,15.26,16.6,13.86,14.03,243793.0,364991000.0,13.95,13.59,13.642499999999973,13.47,13.85,63.36,0.19,0.04,0.15,晨化股份,化学原料和化学制品制造业,创业板,13.987499999999992,13.822499999999993,13.535833333333336,13.638125000000008,12.96468085106384
300610,2021-08-11,15.22,15.66,16.3,15.01,15.26,225585.0,352723000.0,14.32,13.94,13.745499999999973,13.56,13.82,65.59,0.32,0.1,0.22,晨化股份,化学原料和化学制品制造业,创业板,14.569999999999993,14.081249999999992,13.695833333333335,13.753125000000008,13.038297872340435
300610,2021-08-12,15.42,15.2,15.88,15.11,15.66,131964.0,202310000.0,14.7,14.14,13.845999999999972,13.65,13.78,60.99,0.38,0.15,0.23,晨化股份,化学原料和化学制品制造业,创业板,15.037499999999994,14.296249999999992,13.893333333333333,13.846875000000008,13.097446808510648
300610,2021-08-13,15.2,15.78,16.09,15.05,15.2,190184.0,296089000.0,15.19,14.36,13.93649999999997,13.75,13.76,64.38,0.48,0.22,0.26,晨化股份,化学原料和化学制品制造业,创业板,15.474999999999994,14.55124999999999,14.195,13.938125000000008,13.170851063829796
300610,2021-08-16,16.0,15.33,16.5,15.26,15.78,162806.0,254285000.0,15.45,14.55,14.008999999999968,13.82,13.73,60.02,0.51,0.28,0.23,晨化股份,化学原料和化学制品制造业,创业板,15.492499999999994,14.739999999999991,14.379166666666668,14.02500000000001,13.23276595744682
300610,2021-08-17,15.34,15.59,16.23,15.08,15.33,192969.0,303011000.0,15.51,14.73,14.097499999999968,13.88,13.71,61.64,0.55,0.33,0.22,晨化股份,化学原料和化学制品制造业,创业板,15.474999999999994,15.022499999999992,14.545833333333334,14.140625000000009,13.301063829787246
300610,2021-08-18,15.62,18.71,18.71,15.52,15.59,275281.0,497665000.0,16.12,15.22,14.347999999999967,14.05,13.72,74.8,0.82,0.43,0.39,晨化股份,化学原料和化学制品制造业,创业板,16.352499999999996,15.694999999999991,14.98166666666667,14.508125000000009,13.443191489361714
300610,2021-08-19,20.2,19.32,20.6,18.19,18.71,598826.0,1164620000.0,16.95,15.82,14.597999999999967,14.29,13.74,76.5,1.08,0.56,0.52,晨化股份,化学原料和化学制品制造业,创业板,17.237499999999997,16.356249999999992,15.446666666666667,14.955625000000008,13.602553191489374
300610,2021-08-20,17.82,18.93,20.49,17.19,19.32,481212.0,895830000.0,17.58,16.38,14.847499999999968,14.48,13.75,73.11,1.24,0.7,0.54,晨化股份,化学原料和化学制品制造业,创业板,18.1375,16.814999999999994,15.872500000000002,15.318750000000009,13.758297872340437
300610,2021-08-23,18.24,19.2,21.28,18.24,18.93,494440.0,974792000.0,18.35,16.9,15.120499999999968,14.68,13.76,73.97,1.36,0.83,0.53,晨化股份,化学原料和化学制品制造业,创业板,19.04,17.257499999999993,16.361666666666668,15.669375000000008,13.921489361702141
300610,2021-08-24,18.88,17.87,19.6,17.7,19.2,400631.0,735714000.0,18.81,17.16,15.372499999999969,14.81,13.74,63.24,1.35,0.93,0.42,晨化股份,化学原料和化学制品制造业,创业板,18.83,17.591249999999995,16.74,15.943750000000007,14.040212765957461
300610,2021-08-25,18.0,20.0,20.66,17.39,17.87,442760.0,831502000.0,19.06,17.59,15.764499999999966,15.03,13.77,70.59,1.48,1.04,0.44,晨化股份,化学原料和化学制品制造业,创业板,19.0,18.118749999999995,17.2375,16.335000000000008,14.212553191489377
300610,2021-08-26,19.3,19.16,21.26,19.06,20.0,412400.0,817869000.0,19.03,17.99,16.06649999999997,15.23,13.87,65.06,1.5,1.13,0.37,晨化股份,化学原料和化学制品制造业,创业板,19.057499999999997,18.597499999999993,17.5625,16.66875000000001,14.368085106382992
300610,2021-08-27,18.63,19.88,20.47,18.39,19.16,363087.0,710387000.0,19.22,18.4,16.38099999999997,15.42,14.0,67.42,1.56,1.22,0.34,晨化股份,化学原料和化学制品制造业,创业板,19.227499999999996,19.133749999999992,17.914166666666667,17.07812500000001,14.536595744680863
300610,2021-08-30,20.11,21.0,21.05,19.6,19.88,381005.0,780559000.0,19.58,18.97,16.75699999999997,15.66,14.15,70.73,1.69,1.31,0.38,晨化股份,化学原料和化学制品制造业,创业板,20.009999999999994,19.41999999999999,18.3975,17.55750000000001,14.734255319148948
300610,2021-08-31,20.8,20.21,22.67,20.15,21.0,399040.0,847284000.0,20.05,19.43,17.080499999999965,15.87,14.28,65.66,1.7,1.39,0.31,晨化股份,化学原料和化学制品制造业,创业板,20.062499999999993,19.531249999999993,18.76666666666667,17.943750000000012,14.910851063829801
300610,2021-09-01,20.34,17.79,20.68,17.4,20.21,341166.0,645392000.0,19.61,19.34,17.278999999999968,16.01,14.37,53.12,1.48,1.41,0.07,晨化股份,化学原料和化学制品制造业,创业板,19.71999999999999,19.38874999999999,18.971666666666668,18.101875000000014,15.031914893617033
300610,2021-09-02,17.74,18.47,18.8,17.3,17.79,214607.0,390303000.0,19.47,19.25,17.53599999999997,16.15,14.47,55.68,1.37,1.4,-0.03,晨化股份,化学原料和化学制品制造业,创业板,19.367499999999993,19.297499999999992,19.211666666666666,18.277500000000014,15.15617021276597
300610,2021-09-03,18.31,17.78,19.26,17.54,18.47,206306.0,378259000.0,19.05,19.14,17.758499999999973,16.28,14.56,52.54,1.2,1.36,-0.16,晨化股份,化学原料和化学制品制造业,创业板,18.562499999999993,19.286249999999992,19.134166666666665,18.438750000000017,15.255744680851075
300610,2021-09-06,18.11,17.15,18.38,16.52,17.78,180144.0,310519000.0,18.28,18.93,17.914499999999972,16.39,14.64,49.78,1.0,1.29,-0.29,晨化股份,化学原料和化学制品制造业,创业板,17.797499999999992,18.929999999999993,18.953333333333333,18.524375000000017,15.352553191489372
300610,2021-09-07,17.17,17.5,17.68,16.8,17.15,147260.0,256090000.0,17.74,18.89,18.026499999999974,16.55,14.74,51.31,0.87,1.2,-0.33,晨化股份,化学原料和化学制品制造业,创业板,17.724999999999994,18.722499999999993,18.834166666666665,18.660000000000018,15.45276595744682
300610,2021-09-08,17.4,17.19,17.92,17.03,17.5,155796.0,271236000.0,17.62,18.61,18.102999999999973,16.71,14.83,49.86,0.72,1.11,-0.39,晨化股份,化学原料和化学制品制造业,创业板,17.404999999999994,18.386249999999993,18.666666666666668,18.76000000000002,15.537659574468098
300610,2021-09-09,17.37,16.97,17.58,16.62,17.19,148654.0,252532000.0,17.32,18.39,18.19149999999997,16.84,14.92,48.81,0.6,1.01,-0.41,晨化股份,化学原料和化学制品制造业,创业板,17.202499999999993,17.882499999999993,18.591666666666665,18.651250000000022,15.603829787234055
300610,2021-09-10,16.97,17.09,17.5,16.41,16.97,160935.0,273178000.0,17.18,18.11,18.25699999999997,16.96,15.0,49.44,0.49,0.9,-0.41,晨化股份,化学原料和化学制品制造业,创业板,17.187499999999993,17.492499999999993,18.349166666666665,18.51187500000002,15.680638297872353
300610,2021-09-13,16.81,17.94,18.37,16.66,17.09,222966.0,389545000.0,17.34,17.81,18.38749999999997,17.11,15.1,53.76,0.47,0.82,-0.35,晨化股份,化学原料和化学制品制造业,创业板,17.297499999999992,17.511249999999993,18.2475,18.45000000000002,15.802765957446821
300610,2021-09-14,17.6,18.7,19.25,17.14,17.94,275642.0,501019000.0,17.58,17.66,18.54299999999997,17.27,15.22,57.28,0.51,0.76,-0.25,晨化股份,化学原料和化学制品制造业,创业板,17.674999999999994,17.539999999999992,18.149166666666666,18.41875000000002,15.924042553191503
300610,2021-09-15,19.0,19.75,20.29,18.67,18.7,296880.0,580068000.0,18.09,17.85,18.594999999999974,17.47,15.35,61.62,0.62,0.73,-0.11,晨化股份,化学原料和化学制品制造业,创业板,18.369999999999994,17.786249999999992,18.044999999999998,18.53625000000002,16.06148936170214
300610,2021-09-16,19.72,18.83,20.79,18.73,19.75,248216.0,488211000.0,18.46,17.89,18.570499999999974,17.65,15.46,56.23,0.63,0.71,-0.08,晨化股份,化学原料和化学制品制造业,创业板,18.804999999999993,17.996249999999993,17.93,18.46312500000002,16.167021276595758
300610,2021-09-17,18.4,22.6,22.6,18.27,18.83,591681.0,1292780000.0,19.56,18.37,18.753999999999973,17.96,15.64,68.42,0.92,0.75,0.17,晨化股份,化学原料和化学制品制造业,创业板,19.96999999999999,18.633749999999992,18.330833333333334,18.67812500000002,16.358510638297886
300610,2021-09-22,22.67,21.05,23.09,20.25,22.6,558084.0,1195970000.0,20.19,18.76,18.846499999999974,18.2,15.79,60.91,1.02,0.8,0.22,晨化股份,化学原料和化学制品制造业,创业板,20.55749999999999,19.116249999999994,18.545833333333334,18.75125000000002,16.525744680851076
300610,2021-09-23,20.19,19.07,20.4,19.0,21.05,366455.0,713795000.0,20.26,18.92,18.906499999999973,18.32,15.9,52.92,0.93,0.83,0.1,晨化股份,化学原料和化学制品制造业,创业板,20.38749999999999,19.378749999999993,18.653333333333332,18.63062500000002,16.63425531914895
300610,2021-09-24,18.78,17.22,18.8,17.18,19.07,269624.0,479960000.0,19.75,18.92,18.767499999999973,18.38,15.97,46.74,0.7,0.8,-0.1,晨化股份,化学原料和化学制品制造业,创业板,19.98499999999999,19.394999999999992,18.659166666666668,18.44375000000002,16.705319148936184
300610,2021-09-27,17.44,16.21,17.54,16.01,17.22,171341.0,284684000.0,19.23,18.85,18.61999999999997,18.41,16.03,43.74,0.43,0.73,-0.3,晨化股份,化学原料和化学制品制造业,创业板,18.38749999999999,19.178749999999994,18.551666666666666,18.345000000000017,16.756170212765973
300610,2021-09-28,16.15,16.4,16.78,16.15,16.21,125942.0,207578000.0,17.99,18.78,18.44599999999997,18.43,16.09,44.46,0.23,0.63,-0.4,晨化股份,化学原料和化学制品制造业,创业板,17.22499999999999,18.891249999999996,18.485833333333336,18.215625000000017,16.81361702127661
300610,2021-09-29,16.0,15.25,16.18,15.2,16.4,150823.0,235887000.0,16.83,18.51,18.158499999999968,18.43,16.12,41.03,-0.02,0.5,-0.52,晨化股份,化学原料和化学制品制造业,创业板,16.26999999999999,18.328749999999996,18.3425,18.05750000000002,16.83340425531916
300610,2021-09-30,15.56,16.46,16.55,15.5,15.25,158007.0,254260000.0,16.31,18.28,17.970999999999968,18.46,16.17,45.78,-0.12,0.38,-0.5,晨化股份,化学原料和化学制品制造业,创业板,16.07999999999999,18.0325,18.290000000000003,18.01437500000002,16.887021276595757
300610,2021-10-08,16.49,16.49,16.7,15.75,16.46,157411.0,256877000.0,16.16,17.96,17.90599999999997,18.38,16.22,45.89,-0.2,0.26,-0.46,晨化股份,化学原料和化学制品制造业,创业板,16.14999999999999,17.26875,18.16916666666667,17.95125000000002,16.94553191489363
300610,2021-10-11,16.48,16.14,16.65,15.83,16.49,100490.0,163628000.0,16.15,17.69,17.78949999999997,18.28,16.28,44.69,-0.28,0.15,-0.43,晨化股份,化学原料和化学制品制造业,创业板,16.084999999999994,16.655,17.955833333333334,17.88562500000002,17.01595744680852
300610,2021-10-12,16.19,16.45,17.09,16.05,16.14,166141.0,274646000.0,16.16,17.07,17.722999999999967,18.19,16.34,46.04,-0.32,0.06,-0.38,晨化股份,化学原料和化学制品制造业,创业板,16.384999999999994,16.3275,17.680833333333336,17.85312500000002,17.107234042553202
300610,2021-10-13,16.37,15.65,16.5,15.25,16.45,141886.0,222692000.0,16.24,16.53,17.647999999999968,18.08,16.38,43.11,-0.4,-0.03,-0.37,晨化股份,化学原料和化学制品制造业,创业板,16.182499999999997,16.13125,17.415833333333335,17.76312500000002,17.161063829787246
300610,2021-10-14,15.51,16.03,16.21,15.2,15.65,114446.0,180525000.0,16.15,16.23,17.574499999999965,18.01,16.41,44.9,-0.44,-0.11,-0.33,晨化股份,化学原料和化学制品制造业,创业板,16.0675,16.10875,16.868333333333336,17.643750000000022,17.212978723404266
300610,2021-10-15,15.99,15.2,16.18,15.19,16.03,109612.0,170641000.0,15.89,16.03,17.474999999999966,17.85,16.44,41.81,-0.54,-0.2,-0.34,晨化股份,化学原料和化学制品制造业,创业板,15.8325,15.958749999999998,16.38083333333333,17.425000000000022,17.249574468085118
300610,2021-10-18,15.11,15.68,15.71,15.11,15.2,93193.5,144506000.0,15.8,15.98,17.410499999999967,17.74,16.48,44.2,-0.56,-0.27,-0.29,晨化股份,化学原料和化学制品制造业,创业板,15.639999999999997,16.0125,16.098333333333333,17.170625000000022,17.290851063829795
300610,2021-10-19,15.57,15.85,16.08,15.33,15.68,99301.2,156324000.0,15.68,15.92,17.34849999999997,17.6,16.51,45.07,-0.56,-0.33,-0.23,晨化股份,化学原料和化学制品制造业,创业板,15.689999999999996,15.936249999999998,15.984166666666667,16.984375000000025,17.334042553191498
300610,2021-10-20,15.6,15.81,15.98,15.25,15.85,100299.0,157629000.0,15.71,15.98,17.24199999999997,17.43,16.55,44.89,-0.56,-0.38,-0.18,晨化股份,化学原料和化学制品制造业,创业板,15.634999999999994,15.851249999999999,15.950833333333334,16.560000000000024,17.386808510638303
300610,2021-10-21,15.73,17.01,17.99,15.65,15.81,278211.0,477114000.0,15.91,16.03,17.15749999999997,17.32,16.6,51.06,-0.45,-0.39,-0.06,晨化股份,化学原料和化学制品制造业,创业板,16.087499999999995,15.959999999999999,16.001666666666665,16.307500000000022,17.46510638297873
300610,2021-10-22,16.56,17.25,17.98,16.51,17.01,261447.0,451817000.0,16.32,16.11,17.03249999999997,17.31,16.66,52.21,-0.34,-0.38,0.04,晨化股份,化学原料和化学制品制造业,创业板,16.479999999999997,16.060000000000002,16.168333333333333,16.193750000000023,17.5336170212766
300610,2021-10-25,16.91,17.76,18.23,16.6,17.25,211791.0,371499000.0,16.74,16.27,16.97899999999997,17.28,16.72,54.65,-0.22,-0.35,0.13,晨化股份,化学原料和化学制品制造业,创业板,16.9575,16.32375,16.276666666666664,16.22750000000002,17.586808510638303
300610,2021-10-26,17.66,17.2,17.83,16.86,17.76,169584.0,291257000.0,17.01,16.34,16.708999999999968,17.26,16.77,51.54,-0.15,-0.31,0.16,晨化股份,化学原料和化学制品制造业,创业板,17.305,16.47,16.33583333333333,16.28937500000002,17.619574468085112
300610,2021-10-27,16.92,17.29,17.9,16.8,17.2,159184.0,278015000.0,17.3,16.51,16.52099999999997,17.27,16.83,52.01,-0.1,-0.27,0.17,晨化股份,化学原料和化学制品制造业,创业板,17.374999999999996,16.73125,16.43166666666666,16.345000000000024,17.664042553191496
300610,2021-10-28,17.01,15.65,17.2,15.44,17.29,172521.0,277883000.0,17.03,16.47,16.34999999999997,17.21,16.88,43.64,-0.19,-0.25,0.06,晨化股份,化学原料和化学制品制造业,创业板,16.974999999999998,16.7275,16.365,16.370000000000022,17.661276595744688
300610,2021-10-29,15.66,16.25,16.97,15.66,15.65,142947.0,234151000.0,16.83,16.58,16.30149999999997,17.18,16.94,47.0,-0.21,-0.24,0.03,晨化股份,化学原料和化学制品制造业,创业板,16.597499999999997,16.7775,16.414999999999996,16.356875000000024,17.68085106382979
300610,2021-11-01,15.55,15.79,16.2,15.39,16.25,141829.0,224143000.0,16.44,16.59,16.28049999999997,17.14,16.99,44.8,-0.26,-0.25,-0.01,晨化股份,化学原料和化学制品制造业,创业板,16.244999999999994,16.775,16.394999999999996,16.313125000000024,17.685106382978727
300610,2021-11-02,15.78,14.68,16.07,14.6,15.79,167078.0,253925000.0,15.93,16.47,16.194499999999973,17.06,17.01,39.93,-0.39,-0.28,-0.11,晨化股份,化学原料和化学制品制造业,创业板,15.592499999999992,16.48375,16.351666666666663,16.221875000000026,17.599361702127663
300610,2021-11-03,14.67,14.41,14.8,14.1,14.68,83927.9,120259000.0,15.36,16.33,16.152499999999975,16.94,17.02,38.83,-0.5,-0.32,-0.18,晨化股份,化学原料和化学制品制造业,创业板,15.282499999999994,16.12875,16.24583333333333,16.094375000000028,17.494893617021276
300610,2021-11-04,14.45,14.55,14.88,14.15,14.41,102930.0,149310000.0,15.14,16.08,16.056999999999977,16.8,17.04,39.76,-0.57,-0.37,-0.2,晨化股份,化学原料和化学制品制造业,创业板,14.857499999999995,15.727500000000001,16.1375,16.02562500000003,17.401702127659576
300610,2021-11-05,14.41,13.93,14.53,13.91,14.55,96907.7,137295000.0,14.67,15.75,15.928999999999977,16.61,17.04,37.07,-0.66,-0.43,-0.23,晨化股份,化学原料和化学制品制造业,创业板,14.392499999999997,15.31875,15.980833333333331,15.89437500000003,17.289574468085103
300610,2021-11-08,13.96,14.21,14.31,13.75,13.93,66058.3,93026400.0,14.36,15.4,15.832499999999976,16.45,17.05,39.07,-0.71,-0.48,-0.23,晨化股份,化学原料和化学制品制造业,创业板,14.274999999999997,14.93375,15.7475,15.832500000000032,17.211702127659574
300610,2021-11-09,14.23,14.58,14.62,14.1,14.21,89774.7,129638000.0,14.34,15.13,15.738999999999976,16.18,17.07,41.72,-0.72,-0.53,-0.19,晨化股份,化学原料和化学制品制造业,创业板,14.317499999999999,14.8,15.525,15.76375000000003,17.096382978723405
300610,2021-11-10,14.42,14.63,14.72,14.25,14.58,73134.6,105853000.0,14.38,14.87,15.687999999999978,15.97,17.08,42.08,-0.7,-0.57,-0.13,晨化股份,化学原料和化学制品制造业,创业板,14.337499999999999,14.5975,15.264166666666668,15.68750000000003,17.0
300610,2021-11-11,14.63,14.93,15.37,14.57,14.63,110821.0,165972000.0,14.46,14.8,15.632999999999976,15.83,17.08,44.34,-0.67,-0.59,-0.08,晨化股份,化学原料和化学制品制造业,创业板,14.5875,14.490000000000002,15.075000000000003,15.632500000000029,16.89468085106383
300610,2021-11-12,14.74,14.8,15.06,14.71,14.93,84317.6,124980000.0,14.63,14.65,15.612999999999976,15.75,17.06,43.55,-0.63,-0.59,-0.04,晨化股份,化学原料和化学制品制造业,创业板,14.735000000000001,14.505000000000003,14.867500000000005,15.49437500000003,16.762765957446806
300610,2021-11-15,14.76,14.7,14.77,14.23,14.8,76617.5,110842000.0,14.73,14.54,15.563999999999975,15.7,17.06,42.91,-0.61,-0.6,-0.01,晨化股份,化学原料和化学制品制造业,创业板,14.765,14.541250000000002,14.788333333333336,15.33500000000003,16.645531914893617
300610,2021-11-16,14.68,14.37,14.75,14.3,14.7,57904.0,83829100.0,14.69,14.51,15.489999999999975,15.63,17.03,40.8,-0.61,-0.6,-0.01,晨化股份,化学原料和化学制品制造业,创业板,14.700000000000001,14.518750000000002,14.63166666666667,15.12312500000003,16.57276595744681
300610,2021-11-17,14.4,14.86,14.87,14.31,14.37,64878.4,94890600.0,14.73,14.56,15.442499999999976,15.62,17.02,45.12,-0.57,-0.59,0.02,晨化股份,化学原料和化学制品制造业,创业板,14.6825,14.635000000000002,14.554166666666672,14.976875000000032,16.49595744680851
300610,2021-11-18,14.77,15.28,15.35,14.71,14.86,108346.0,164005000.0,14.8,14.63,15.355999999999975,15.58,17.02,48.58,-0.49,-0.57,0.08,晨化股份,化学原料和化学制品制造业,创业板,14.802499999999998,14.76875,14.604166666666671,14.851250000000032,16.442765957446806
300610,2021-11-19,15.2,17.32,18.18,15.0,15.28,338900.0,569404000.0,15.31,14.97,15.359499999999974,15.61,17.0,61.35,-0.26,-0.51,0.25,晨化股份,化学原料和化学制品制造业,创业板,15.4575,15.11125,14.846666666666671,14.955625000000031,16.446382978723406
300610,2021-11-22,16.92,18.6,18.9,16.63,17.32,367072.0,645295000.0,16.09,15.41,15.401499999999976,15.69,16.98,66.9,0.02,-0.4,0.42,晨化股份,化学原料和化学制品制造业,创业板,16.515,15.607500000000002,15.18416666666667,15.102500000000031,16.469787234042553
300610,2021-11-23,18.59,20.85,22.32,18.36,18.6,488635.0,1001870000.0,17.38,16.03,15.583999999999978,15.84,17.02,73.97,0.42,-0.24,0.66,晨化股份,化学原料和化学制品制造业,创业板,18.0125,16.3475,15.760833333333336,15.418750000000033,16.547659574468085
300610,2021-11-24,20.85,21.2,22.08,20.66,20.85,410835.0,876519000.0,18.65,16.69,15.779499999999976,16.02,17.05,74.87,0.75,-0.04,0.79,晨化股份,化学原料和化学制品制造业,创业板,19.4925,17.147499999999997,16.343333333333334,15.826250000000034,16.637659574468085
300610,2021-11-25,21.01,22.34,23.28,20.56,21.2,390525.0,869560000.0,20.06,17.43,16.113999999999976,16.23,17.12,77.59,1.1,0.19,0.91,晨化股份,化学原料和化学制品制造业,创业板,20.747500000000002,18.1025,16.99,16.32187500000003,16.74936170212766
300610,2021-11-26,22.1,21.97,22.3,20.88,22.34,313892.0,675313000.0,20.99,18.15,16.399999999999977,16.46,17.16,74.77,1.33,0.42,0.91,晨化股份,化学原料和化学制品制造业,创业板,21.590000000000003,19.0525,17.601666666666667,16.785625000000028,16.835106382978722
300610,2021-11-29,21.0,21.33,21.98,20.8,21.97,215518.0,459241000.0,21.54,18.81,16.676999999999975,16.65,17.19,70.01,1.45,0.62,0.83,晨化股份,化学原料和化学制品制造业,创业板,21.71,19.86125,18.135,17.248125000000027,16.891063829787235
300610,2021-11-30,21.98,21.0,22.18,20.89,21.33,190718.0,410129000.0,21.57,19.48,16.992999999999974,16.82,17.21,67.63,1.49,0.8,0.69,晨化股份,化学原料和化学制品制造业,创业板,21.66,20.576249999999998,18.651666666666667,17.672500000000028,16.917659574468086
300610,2021-12-01,21.01,18.73,21.21,18.55,21.0,345134.0,665706000.0,21.07,19.86,17.208999999999975,16.92,17.17,54.0,1.33,0.9,0.43,晨化股份,化学原料和化学制品制造业,创业板,20.7575,20.752499999999998,18.9875,17.93187500000003,16.915531914893617
300610,2021-12-02,18.95,18.18,18.95,17.84,18.73,215039.0,391537000.0,20.24,20.15,17.390499999999975,16.95,17.14,51.3,1.15,0.95,0.2,晨化股份,化学原料和化学制品制造业,创业板,19.810000000000002,20.7,19.305,18.15375000000003,16.821489361702124
300610,2021-12-03,18.29,17.88,18.41,17.87,18.18,151286.0,274420000.0,19.42,20.21,17.587999999999973,16.98,17.14,49.83,0.96,0.95,0.01,晨化股份,化学原料和化学制品制造业,创业板,18.9475,20.32875,19.55666666666667,18.33812500000003,16.75404255319149
300610,2021-12-06,17.78,18.5,18.89,17.42,17.88,294292.0,537683000.0,18.86,20.2,17.802499999999974,17.0,17.14,52.83,0.85,0.93,-0.08,晨化股份,化学原料和化学制品制造业,创业板,18.3225,19.99125,19.825,18.56937500000003,16.741914893617018
300610,2021-12-07,18.48,17.63,18.87,17.32,18.5,228682.0,411326000.0,18.18,19.88,17.954999999999977,17.01,17.14,48.46,0.7,0.89,-0.19,晨化股份,化学原料和化学制品制造业,创业板,18.0475,19.4025,19.850833333333334,18.75250000000003,16.75063829787234
300610,2021-12-08,17.65,18.68,19.81,17.43,17.63,250351.0,465586000.0,18.17,19.62,18.157499999999978,17.06,17.16,53.46,0.65,0.84,-0.19,晨化股份,化学原料和化学制品制造业,创业板,18.1725,18.99125,19.857499999999998,19.02187500000003,16.803191489361698
300610,2021-12-09,18.98,18.22,19.0,18.07,18.68,140186.0,256638000.0,18.18,19.21,18.321999999999978,17.15,17.18,51.12,0.56,0.78,-0.22,晨化股份,化学原料和化学制品制造业,创业板,18.2575,18.6025,19.638333333333332,19.23187500000003,16.841914893617016
300610,2021-12-10,18.08,18.07,18.4,17.97,18.22,94644.4,171596000.0,18.22,18.82,18.485499999999977,17.21,17.19,50.35,0.48,0.72,-0.24,晨化股份,化学原料和化学制品制造业,创业板,18.15,18.23625,19.3775,19.406250000000032,16.90191489361702
300610,2021-12-13,17.93,17.77,18.2,17.71,18.07,106992.0,191236000.0,18.07,18.47,18.638999999999974,17.27,17.2,48.76,0.38,0.65,-0.27,晨化股份,化学原料和化学制品制造业,创业板,18.185,18.11625,18.996666666666666,19.43437500000003,16.92978723404255
300610,2021-12-14,18.11,17.85,18.11,17.45,17.77,90307.1,160733000.0,18.12,18.15,18.812999999999978,17.38,17.22,49.22,0.31,0.59,-0.28,晨化股份,化学原料和化学制品制造业,创业板,17.9775,18.075,18.653333333333332,19.38750000000003,16.958723404255316
300610,2021-12-15,17.72,17.88,18.1,17.61,17.85,82562.6,147614000.0,17.96,18.07,18.963999999999977,17.49,17.22,49.4,0.25,0.52,-0.27,晨化股份,化学原料和化学制品制造业,创业板,17.8925,18.075,18.36583333333333,19.20187500000003,16.99574468085106
300610,2021-12-16,17.91,18.87,18.99,17.63,17.88,212990.0,393827000.0,18.09,18.14,19.143499999999978,17.64,17.22,55.16,0.29,0.47,-0.18,晨化股份,化学原料和化学制品制造业,创业板,18.0925,18.12125,18.188333333333333,19.05625000000003,17.04723404255319
300610,2021-12-17,18.7,18.23,19.16,18.0,18.87,144725.0,267816000.0,18.12,18.17,19.18899999999998,17.78,17.19,51.11,0.26,0.43,-0.17,晨化股份,化学原料和化学制品制造业,创业板,18.207500000000003,18.19625,18.146666666666665,18.799375000000033,17.102127659574464
300610,2021-12-20,17.89,17.15,17.9,17.15,18.23,115068.0,200696000.0,18.0,18.04,19.116499999999977,17.88,17.17,45.09,0.14,0.37,-0.23,晨化股份,化学原料和化学制品制造业,创业板,18.032500000000006,18.005,18.06083333333333,18.49812500000003,17.125957446808506
300610,2021-12-21,17.3,17.49,17.56,17.07,17.15,52718.4,91680700.0,17.92,18.02,18.948499999999974,17.98,17.08,47.2,0.08,0.31,-0.23,晨化股份,化学原料和化学制品制造业,创业板,17.935000000000006,17.91375,18.028333333333332,18.25812500000003,17.174680851063826
300610,2021-12-22,17.49,18.03,18.25,17.28,17.49,87768.1,155801000.0,17.95,17.96,18.789999999999978,18.09,17.03,50.45,0.07,0.26,-0.19,晨化股份,化学原料和化学制品制造业,创业板,17.725000000000005,17.90875,17.989166666666666,18.072500000000034,17.224680851063827
300610,2021-12-23,17.86,18.26,18.41,17.81,18.03,89901.7,162787000.0,17.83,17.96,18.585999999999977,18.2,17.02,51.82,0.09,0.23,-0.14,晨化股份,化学原料和化学制品制造业,创业板,17.732500000000005,17.97,18.041666666666668,18.043125000000032,17.275957446808505
300610,2021-12-24,18.3,18.61,19.2,18.3,18.26,180010.0,339744000.0,17.91,18.01,18.417999999999978,18.33,17.04,53.89,0.12,0.21,-0.09,晨化股份,化学原料和化学制品制造业,创业板,18.097500000000004,18.065,18.035833333333333,18.070000000000032,17.335531914893615
300610,2021-12-27,18.32,19.05,19.06,17.67,18.61,157280.0,289901000.0,18.29,18.14,18.30399999999998,18.47,17.09,56.44,0.19,0.2,-0.01,晨化股份,化学原料和化学制品制造业,创业板,18.487500000000004,18.211250000000003,18.105,18.143125000000033,17.37893617021276
300610,2021-12-28,18.81,18.73,19.36,18.51,19.05,104268.0,196140000.0,18.54,18.23,18.19049999999998,18.62,17.13,54.1,0.2,0.2,0.0,晨化股份,化学原料和化学制品制造业,创业板,18.662500000000005,18.19375,18.16,18.157500000000034,17.41042553191489
300610,2021-12-29,19.25,20.51,21.0,19.06,18.73,281381.0,573311000.0,19.03,18.49,18.279499999999977,18.81,17.21,63.22,0.36,0.23,0.13,晨化股份,化学原料和化学制品制造业,创业板,19.225000000000005,18.47875,18.388333333333332,18.337500000000034,17.468936170212764
300610,2021-12-30,20.14,20.0,20.5,19.8,20.51,179049.0,359275000.0,19.38,18.61,18.37049999999998,18.96,17.27,59.57,0.43,0.27,0.16,晨化股份,化学原料和化学制品制造业,创业板,19.572500000000005,18.835,18.5675,18.420000000000034,17.528510638297867
300610,2021-12-31,19.99,20.13,21.12,19.9,20.0,159332.0,324901000.0,19.68,18.8,18.48299999999998,19.06,17.33,60.2,0.5,0.32,0.18,晨化股份,化学原料和化学制品制造业,创业板,19.842500000000005,19.165,18.755,18.539375000000035,17.58893617021276
300610,2022-01-04,20.15,20.4,20.7,19.51,20.13,177061.0,357505000.0,19.95,19.12,18.577999999999978,19.12,17.4,61.54,0.57,0.37,0.2,晨化股份,化学原料和化学制品制造业,创业板,20.26,19.46125,18.8825,18.685000000000034,17.689999999999998
300610,2022-01-05,20.17,19.2,20.24,19.03,20.4,133218.0,260089000.0,20.05,19.29,18.656499999999976,19.06,17.45,52.99,0.52,0.4,0.12,晨化股份,化学原料和化学制品制造业,创业板,19.9325,19.57875,18.963333333333335,18.774375000000035,17.752765957446805
300610,2022-01-06,19.1,20.4,20.84,18.66,19.2,174943.0,349279000.0,20.03,19.53,18.742499999999975,19.04,17.53,59.11,0.58,0.44,0.14,晨化股份,化学原料和化学制品制造业,创业板,20.0325,19.802500000000002,19.234166666666667,18.933750000000032,17.850851063829786
300610,2022-01-07,20.65,22.1,23.29,20.51,20.4,307399.0,675202000.0,20.45,19.91,18.936499999999977,19.03,17.63,65.89,0.74,0.5,0.24,晨化股份,化学原料和化学制品制造业,创业板,20.525,20.18375,19.618333333333332,19.197500000000034,18.008723404255317
300610,2022-01-10,21.81,21.19,22.02,20.89,22.1,159461.0,340327000.0,20.66,20.17,19.09249999999998,19.0,17.73,60.14,0.79,0.56,0.23,晨化股份,化学原料和化学制品制造业,创业板,20.722499999999997,20.49125,19.881666666666668,19.342500000000033,18.152978723404257
300610,2022-01-11,21.02,20.7,21.61,20.52,21.19,125960.0,263085000.0,20.72,20.34,19.23899999999998,18.98,17.81,57.25,0.79,0.6,0.19,晨化股份,化学原料和化学制品制造业,创业板,21.097499999999997,20.515,20.085000000000004,19.49687500000003,18.283829787234044
300610,2022-01-12,20.7,20.67,20.87,20.0,20.7,86875.8,177548000.0,21.01,20.53,19.379999999999978,18.97,17.89,57.06,0.77,0.64,0.13,晨化股份,化学原料和化学制品制造业,创业板,21.165,20.598750000000003,20.25666666666667,19.716875000000034,18.427234042553195
300610,2022-01-13,20.52,19.76,20.58,19.63,20.67,105232.0,209749000.0,20.88,20.46,19.47399999999998,19.0,17.96,51.72,0.67,0.64,0.03,晨化股份,化学原料和化学制品制造业,创业板,20.58,20.552500000000002,20.315833333333334,19.858750000000033,18.545319148936173
300610,2022-01-14,19.65,19.98,20.2,19.53,19.76,61995.3,123744000.0,20.46,20.45,19.529499999999977,19.06,18.01,52.87,0.61,0.64,-0.03,晨化股份,化学原料和化学制品制造业,创业板,20.2775,20.5,20.420000000000005,19.980625000000032,18.66021276595745
300610,2022-01-17,19.88,21.23,21.32,19.6,19.98,112970.0,233720000.0,20.47,20.56,19.67949999999998,19.18,18.08,58.86,0.65,0.64,0.01,晨化股份,化学原料和化学制品制造业,创业板,20.41,20.75375,20.480000000000004,20.166250000000034,18.800638297872343
300610,2022-01-18,21.08,21.1,21.73,20.75,21.23,111880.0,237962000.0,20.55,20.63,19.87699999999998,19.26,18.13,58.03,0.67,0.65,0.02,晨化股份,化学原料和化学制品制造业,创业板,20.517500000000002,20.84125,20.571666666666673,20.321875000000034,18.931914893617027
300610,2022-01-19,20.82,20.71,21.36,20.35,21.1,73055.2,152673000.0,20.56,20.78,20.03799999999998,19.37,18.19,55.52,0.64,0.64,0.0,晨化股份,化学原料和化学制品制造业,创业板,20.755,20.6675,20.620000000000005,20.425625000000032,19.05765957446809
300610,2022-01-20,20.56,19.23,20.75,19.12,20.71,105231.0,206670000.0,20.45,20.67,20.097999999999978,19.38,18.22,47.15,0.49,0.61,-0.12,晨化股份,化学原料和化学制品制造业,创业板,20.5675,20.4225,20.522500000000004,20.456875000000032,19.154042553191495
300610,2022-01-21,19.19,18.77,19.38,18.7,19.23,54364.8,103088000.0,20.21,20.33,20.12349999999998,19.4,18.27,44.89,0.34,0.56,-0.22,晨化股份,化学原料和化学制品制造业,创业板,19.952499999999997,20.181250000000002,20.486666666666675,20.34812500000003,19.24765957446809
300610,2022-01-24,18.76,18.62,19.04,18.56,18.77,51157.4,96053800.0,19.69,20.08,20.123999999999977,19.42,18.31,44.14,0.2,0.49,-0.29,晨化股份,化学原料和化学制品制造业,创业板,19.332499999999996,19.925000000000004,20.338333333333342,20.261875000000032,19.32765957446809
300610,2022-01-25,18.5,17.41,18.76,17.31,18.62,78075.0,139071000.0,18.95,19.75,20.04199999999998,19.41,18.34,38.59,-0.01,0.39,-0.4,晨化股份,化学原料和化学制品制造业,创业板,18.507499999999993,19.631250000000005,19.94750000000001,20.091875000000034,19.37297872340426
300610,2022-01-26,17.72,18.24,18.93,17.58,17.41,93331.5,172196000.0,18.45,19.51,20.017499999999977,19.42,18.4,43.81,-0.1,0.29,-0.39,晨化股份,化学原料和化学制品制造业,创业板,18.25999999999999,19.413750000000007,19.70166666666667,19.956875000000036,19.392553191489366
300610,2022-01-27,18.51,18.34,18.74,17.86,18.24,50546.4,91894200.0,18.28,19.36,19.908999999999978,19.44,18.47,44.43,-0.17,0.2,-0.37,晨化股份,化学原料和化学制品制造业,创业板,18.152499999999993,19.05250000000001,19.505000000000006,19.903125000000035,19.38702127659575
300610,2022-01-28,18.33,18.83,19.38,17.2,18.34,101931.0,187139000.0,18.29,19.25,19.850499999999975,19.44,18.54,47.45,-0.18,0.12,-0.3,晨化股份,化学原料和化学制品制造业,创业板,18.20499999999999,18.768750000000008,19.351666666666674,19.805000000000035,19.344042553191493
300610,2022-02-07,19.0,19.24,19.39,18.63,18.83,59078.9,112294000.0,18.41,19.05,19.805999999999976,19.47,18.63,49.91,-0.16,0.07,-0.23,晨化股份,化学原料和化学制品制造业,创业板,18.66249999999999,18.585000000000008,19.30833333333334,19.626250000000034,19.302340425531916
300610,2022-02-08,19.19,19.0,19.2,18.22,19.24,51979.1,97284300.0,18.73,18.84,19.73599999999998,19.53,18.71,48.48,-0.15,0.02,-0.17,晨化股份,化学原料和化学制品制造业,创业板,18.852499999999992,18.55625000000001,19.226666666666677,19.489375000000035,19.231276595744685
300610,2022-02-09,19.0,19.59,19.74,18.51,19.0,61196.9,117594000.0,19.0,18.73,19.755499999999977,19.6,18.79,52.11,-0.1,0.0,-0.1,晨化股份,化学原料和化学制品制造业,创业板,19.164999999999992,18.65875000000001,19.09000000000001,19.420000000000034,19.180638297872342
300610,2022-02-10,19.43,18.9,19.68,18.8,19.59,51696.2,98558300.0,19.11,18.69,19.680499999999977,19.63,18.86,47.86,-0.12,-0.03,-0.09,晨化股份,化学原料和化学制品制造业,创业板,19.182499999999994,18.69375000000001,18.906666666666677,19.30937500000003,19.128936170212768
300610,2022-02-11,18.79,18.79,18.9,18.11,18.9,49422.3,91378300.0,19.1,18.7,19.51499999999998,19.65,18.92,47.2,-0.14,-0.05,-0.09,晨化股份,化学原料和化学制品制造业,创业板,19.069999999999997,18.866250000000008,18.746666666666677,19.248750000000033,19.08191489361702
300610,2022-02-14,18.51,18.56,18.88,18.31,18.79,27554.8,51323400.0,18.97,18.69,19.383499999999977,19.65,18.99,45.78,-0.17,-0.07,-0.1,晨化股份,化学原料和化学制品制造业,创业板,18.959999999999997,18.906250000000007,18.690833333333345,19.160000000000032,19.078297872340425
300610,2022-02-15,18.5,19.37,19.55,18.5,18.56,67702.7,130084000.0,19.04,18.89,19.31699999999998,19.66,19.07,51.34,-0.13,-0.08,-0.05,晨化股份,化学原料和化学制品制造业,创业板,18.904999999999998,19.035000000000007,18.740833333333345,19.04375000000003,19.103617021276595
300610,2022-02-16,19.55,19.58,20.22,19.34,19.37,67627.9,133643000.0,19.04,19.02,19.262499999999978,19.68,19.15,52.7,-0.08,-0.08,0.0,晨化股份,化学原料和化学制品制造业,创业板,19.074999999999996,19.12875000000001,18.820833333333344,18.94875000000003,19.139787234042554
300610,2022-02-17,19.79,20.5,21.38,19.7,19.58,127719.0,265240000.0,19.36,19.24,19.299499999999977,19.68,19.25,58.19,0.04,-0.06,0.1,晨化股份,化学原料和化学制品制造业,创业板,19.502499999999998,19.28625000000001,19.078333333333344,18.93562500000003,19.182340425531915
300610,2022-02-18,20.35,20.22,20.68,19.96,20.5,79262.1,160549000.0,19.65,19.38,19.311499999999977,19.69,19.33,56.06,0.11,-0.02,0.13,晨化股份,化学原料和化学制品制造业,创业板,19.917499999999997,19.43875000000001,19.243333333333343,18.99750000000003,19.23744680851064
300610,2022-02-21,20.02,20.05,20.09,19.53,20.22,59593.4,118235000.0,19.94,19.46,19.252499999999976,19.69,19.37,54.75,0.15,0.01,0.14,晨化股份,化学原料和化学制品制造业,创业板,20.087499999999995,19.49625000000001,19.385833333333345,19.077500000000033,19.266595744680853
300610,2022-02-22,19.7,19.65,19.89,19.4,20.05,49248.1,96745300.0,20.0,19.52,19.179999999999975,19.66,19.39,51.68,0.14,0.04,0.1,晨化股份,化学原料和化学制品制造业,创业板,20.104999999999993,19.59000000000001,19.45416666666668,19.14187500000003,19.297021276595746
300610,2022-02-23,19.84,20.3,20.48,19.72,19.65,71852.1,144915000.0,20.14,19.59,19.159499999999976,19.7,19.38,55.99,0.19,0.07,0.12,晨化股份,化学原料和化学制品制造业,创业板,20.054999999999993,19.778750000000013,19.542500000000015,19.32250000000003,19.34446808510638
300610,2022-02-24,20.0,18.98,20.77,18.7,20.3,131046.0,257544000.0,19.84,19.6,19.146999999999977,19.65,19.35,46.85,0.12,0.08,0.04,晨化股份,化学原料和化学制品制造业,创业板,19.744999999999994,19.83125000000001,19.540833333333346,19.36875000000003,19.370212765957447
300610,2022-02-25,19.28,18.84,20.28,18.64,18.98,98721.8,190802000.0,19.56,19.6,19.150499999999976,19.54,19.29,45.99,0.05,0.07,-0.02,晨化股份,化学原料和化学制品制造业,创业板,19.442499999999995,19.76500000000001,19.478333333333346,19.40000000000003,19.39127659574468
300610,2022-02-28,18.75,19.0,19.34,18.52,18.84,70098.3,132547000.0,19.35,19.65,19.169499999999978,19.47,19.24,47.18,0.01,0.06,-0.05,晨化股份,化学原料和化学制品制造业,创业板,19.279999999999994,19.69250000000001,19.48666666666668,19.41062500000003,19.415106382978724
300610,2022-03-01,19.0,19.17,19.37,18.82,19.0,55565.4,106154000.0,19.26,19.63,19.257499999999975,19.42,19.2,48.48,-0.01,0.05,-0.06,晨化股份,化学原料和化学制品制造业,创业板,18.997499999999995,19.52625000000001,19.51833333333335,19.406250000000032,19.421489361702125
300610,2022-03-02,19.16,19.17,19.37,18.89,19.17,39247.0,75230400.0,19.03,19.59,19.303999999999977,19.37,19.17,48.48,-0.02,0.03,-0.05,晨化股份,化学原料和化学制品制造业,创业板,19.044999999999995,19.395000000000014,19.56916666666668,19.416875000000033,19.441489361702125
300610,2022-03-03,19.25,18.44,19.31,18.35,19.17,69458.8,129650000.0,18.92,19.38,19.308999999999976,19.33,19.17,43.19,-0.1,0.01,-0.11,晨化股份,化学原料和化学制品制造业,创业板,18.944999999999993,19.193750000000012,19.491666666666678,19.345000000000034,19.468936170212764
300610,2022-03-04,18.15,18.06,18.63,18.04,18.44,39993.2,73119900.0,18.77,19.17,19.270499999999977,19.26,19.16,40.7,-0.18,-0.03,-0.15,晨化股份,化学原料和化学制品制造业,创业板,18.709999999999994,18.99500000000001,19.365000000000013,19.292500000000036,19.48106382978723
300610,2022-03-07,18.11,17.88,18.4,17.7,18.06,42422.0,76104000.0,18.54,18.95,19.20249999999998,19.15,19.16,39.53,-0.26,-0.08,-0.18,晨化股份,化学原料和化学制品制造业,创业板,18.387499999999992,18.69250000000001,19.14666666666668,19.235625000000034,19.47787234042553
300610,2022-03-08,17.99,17.17,18.04,17.05,17.88,44792.2,77970500.0,18.14,18.7,19.11099999999998,19.02,19.14,35.25,-0.37,-0.14,-0.23,晨化股份,化学原料和化学制品制造业,创业板,17.887499999999992,18.466250000000013,18.892500000000016,19.148750000000035,19.454680851063827
300610,2022-03-09,17.15,16.34,17.36,15.52,17.17,80340.2,131844000.0,17.58,18.3,18.948499999999978,18.87,19.12,31.03,-0.52,-0.21,-0.31,晨化股份,化学原料和化学制品制造业,创业板,17.362499999999994,18.153750000000013,18.583333333333346,18.959375000000033,19.406382978723403
300610,2022-03-10,16.7,16.38,16.81,16.34,16.34,49770.3,82594500.0,17.17,18.04,18.82249999999998,18.78,19.08,31.45,-0.64,-0.3,-0.34,晨化股份,化学原料和化学制品制造业,创业板,16.942499999999992,17.826250000000012,18.310833333333346,18.759375000000034,19.349574468085105
300610,2022-03-11,16.3,16.47,16.59,15.88,16.38,42373.0,68724800.0,16.85,17.81,18.70649999999998,18.7,19.05,32.46,-0.7,-0.38,-0.32,晨化股份,化学原料和化学制品制造业,创业板,16.589999999999993,17.48875000000001,17.991666666666678,18.507500000000036,19.301489361702128
300610,2022-03-14,16.35,15.89,16.41,15.8,16.47,36955.8,59278300.0,16.45,17.5,18.57299999999998,18.61,19.02,29.45,-0.8,-0.46,-0.34,晨化股份,化学原料和化学制品制造业,创业板,16.269999999999992,17.078750000000007,17.734166666666678,18.236875000000033,19.2031914893617
300610,2022-03-15,15.81,15.01,15.91,15.0,15.89,39333.9,60806400.0,16.02,17.08,18.35499999999998,18.53,18.97,25.56,-0.93,-0.56,-0.37,晨化股份,化学原料和化学制品制造业,创业板,15.937499999999993,16.650000000000006,17.41500000000001,17.921875000000032,19.097021276595743
300610,2022-03-16,15.12,15.63,15.66,14.78,15.01,46315.0,70644000.0,15.88,16.73,18.157499999999978,18.44,18.93,32.33,-0.98,-0.64,-0.34,晨化股份,化学原料和化学制品制造业,创业板,15.749999999999993,16.346250000000005,17.134166666666676,17.670625000000033,19.00127659574468
300610,2022-03-17,15.88,15.9,16.26,15.68,15.63,46924.7,75374200.0,15.78,16.47,17.927499999999977,18.36,18.9,35.1,-0.98,-0.71,-0.27,晨化股份,化学原料和化学制品制造业,创业板,15.607499999999995,16.098750000000006,16.86166666666668,17.39562500000003,18.905531914893615
300610,2022-03-18,15.89,16.31,16.5,15.68,15.9,43020.5,69858900.0,15.75,16.3,17.731999999999978,18.28,18.86,39.17,-0.94,-0.75,-0.19,晨化股份,化学原料和化学制品制造业,创业板,15.712499999999995,15.991250000000006,16.623333333333346,17.22875000000003,18.844042553191485
300610,2022-03-21,16.26,16.19,16.62,15.94,16.31,52553.8,85678400.0,15.81,16.13,17.538999999999977,18.18,18.82,38.41,-0.91,-0.79,-0.12,晨化股份,化学原料和化学制品制造业,创业板,16.007499999999993,15.972500000000007,16.435833333333346,17.06312500000003,18.75446808510638
300610,2022-03-22,16.1,15.94,16.15,15.81,16.19,31563.0,50270100.0,15.99,16.01,17.353499999999976,18.08,18.8,36.81,-0.89,-0.81,-0.08,晨化股份,化学原料和化学制品制造业,创业板,16.084999999999994,15.917500000000008,16.259166666666676,16.87187500000003,18.623404255319148
300610,2022-03-23,15.99,16.09,16.38,15.98,15.94,30693.6,49714800.0,16.09,15.98,17.142999999999976,17.96,18.78,38.47,-0.85,-0.82,-0.03,晨化股份,化学原料和化学制品制造业,创业板,16.132499999999993,15.870000000000008,16.11000000000001,16.67937500000003,18.514893617021276
300610,2022-03-24,16.09,15.82,16.18,15.72,16.09,34936.2,55439700.0,16.07,15.92,16.984999999999975,17.86,18.74,36.61,-0.84,-0.82,-0.02,晨化股份,化学原料和化学制品制造业,创业板,16.00999999999999,15.861250000000007,15.997500000000011,16.470000000000027,18.41106382978723
300610,2022-03-25,15.73,15.48,16.17,15.4,15.82,41884.6,65728000.0,15.9,15.83,16.816999999999975,17.75,18.7,34.35,-0.85,-0.83,-0.02,晨化股份,化学原料和化学制品制造业,创业板,15.832499999999992,15.920000000000007,15.925833333333344,16.28500000000003,18.30063829787234
300610,2022-03-28,15.36,15.69,15.78,15.0,15.48,44715.3,69139200.0,15.8,15.81,16.651499999999977,17.65,18.65,36.94,-0.82,-0.83,0.01,晨化股份,化学原料和化学制品制造业,创业板,15.769999999999992,15.927500000000009,15.868333333333345,16.13687500000003,18.21404255319149
300610,2022-03-29,15.55,16.55,16.83,15.35,15.69,100016.0,161354000.0,15.93,15.96,16.520499999999977,17.56,18.61,46.26,-0.73,-0.81,0.08,晨化股份,化学原料和化学制品制造业,创业板,15.884999999999991,16.00875000000001,15.875000000000012,16.05375000000003,18.141063829787235
300610,2022-03-30,16.55,16.28,16.56,16.18,16.55,63400.8,103302000.0,15.96,16.02,16.375999999999973,17.45,18.57,44.06,-0.66,-0.78,0.12,晨化股份,化学原料和化学制品制造业,创业板,15.999999999999991,16.00500000000001,15.907500000000013,15.998125000000027,18.035744680851064
300610,2022-03-31,16.15,15.94,16.5,15.9,16.28,42352.5,68356400.0,15.99,16.03,16.250999999999973,17.29,18.49,41.39,-0.63,-0.75,0.12,晨化股份,化学原料和化学制品制造业,创业板,16.11499999999999,15.97375000000001,15.985000000000014,15.973125000000026,17.92595744680851
300610,2022-04-01,15.8,15.82,16.08,15.4,15.94,36465.6,57681300.0,16.06,15.98,16.138999999999974,17.15,18.42,40.45,-0.61,-0.72,0.11,晨化股份,化学原料和化学制品制造业,创业板,16.147499999999994,15.958750000000009,16.000833333333347,15.938125000000028,17.82191489361702
300610,2022-04-06,15.76,15.49,15.98,15.39,15.82,49143.1,76739800.0,16.02,15.91,16.019499999999972,17.0,18.34,37.92,-0.62,-0.7,0.08,晨化股份,化学原料和化学制品制造业,创业板,15.882499999999993,15.88375000000001,15.966666666666681,15.876875000000028,17.742340425531914
300610,2022-04-07,15.46,15.46,15.74,15.23,15.49,42673.3,66156700.0,15.8,15.86,15.933999999999973,16.86,18.26,37.69,-0.61,-0.68,0.07,晨化股份,化学原料和化学制品制造业,创业板,15.677499999999995,15.838750000000012,15.895833333333348,15.85000000000003,17.67191489361702
300610,2022-04-08,15.38,15.97,16.43,15.35,15.46,75007.1,120085000.0,15.74,15.85,15.915499999999975,16.71,18.21,43.94,-0.57,-0.66,0.09,晨化股份,化学原料和化学制品制造业,创业板,15.684999999999995,15.900000000000011,15.877500000000014,15.910000000000032,17.61553191489362
300610,2022-04-11,15.58,14.73,15.72,14.57,15.97,78254.6,118089000.0,15.49,15.74,15.832999999999975,16.57,18.11,34.8,-0.62,-0.65,0.03,晨化股份,化学原料和化学制品制造业,创业板,15.412499999999996,15.780000000000012,15.77666666666668,15.853750000000034,17.558510638297875
300610,2022-04-12,14.61,14.45,14.7,14.11,14.73,50806.2,72914100.0,15.22,15.64,15.731999999999976,16.42,17.98,33.13,-0.68,-0.66,-0.02,晨化股份,化学原料和化学制品制造业,创业板,15.152499999999995,15.51750000000001,15.640000000000013,15.763125000000032,17.477872340425535
300610,2022-04-13,14.42,14.35,14.81,14.18,14.45,38910.4,56622700.0,14.99,15.5,15.654999999999978,16.27,17.87,32.53,-0.73,-0.67,-0.06,晨化股份,化学原料和化学制品制造业,创业板,14.874999999999995,15.276250000000012,15.517500000000013,15.640625000000032,17.39297872340426
300610,2022-04-14,14.43,14.53,14.65,14.24,14.35,34482.5,49919600.0,14.81,15.3,15.630999999999977,16.11,17.77,34.82,-0.73,-0.68,-0.05,晨化股份,化学原料和化学制品制造业,创业板,14.514999999999993,15.100000000000012,15.438333333333347,15.53687500000003,17.301489361702128
300610,2022-04-15,14.35,14.05,14.48,13.88,14.53,52210.6,73774100.0,14.42,15.08,15.551999999999978,15.94,17.66,31.72,-0.78,-0.7,-0.08,晨化股份,化学原料和化学制品制造业,创业板,14.344999999999992,14.878750000000014,15.301666666666682,15.418750000000031,17.191063829787236
300610,2022-04-18,13.82,13.9,14.01,13.5,14.05,44355.0,61139400.0,14.26,14.88,15.451999999999979,15.79,17.56,30.8,-0.81,-0.72,-0.09,晨化股份,化学原料和化学制品制造业,创业板,14.207499999999992,14.680000000000016,15.080833333333347,15.28187500000003,17.08255319148936
300610,2022-04-19,13.9,14.27,14.59,13.9,13.9,37465.7,53661100.0,14.22,14.72,15.349999999999977,15.67,17.46,35.76,-0.8,-0.74,-0.06,晨化股份,化学原料和化学制品制造业,创业板,14.187499999999991,14.531250000000014,14.913333333333348,15.18500000000003,16.96936170212766
300610,2022-04-20,14.27,13.8,14.51,13.74,14.27,33835.0,47511900.0,14.11,14.55,15.230499999999978,15.53,17.34,32.57,-0.82,-0.76,-0.06,晨化股份,化学原料和化学制品制造业,创业板,14.004999999999992,14.260000000000016,14.735000000000015,15.080000000000032,16.860851063829784
300610,2022-04-21,13.79,13.02,13.93,12.97,13.8,39663.5,52851600.0,13.81,14.31,15.084499999999977,15.39,17.21,28.08,-0.89,-0.78,-0.11,晨化股份,化学原料和化学制品制造业,创业板,13.747499999999992,14.046250000000015,14.501666666666685,14.913125000000033,16.73808510638298
300610,2022-04-22,12.92,13.02,13.24,12.74,13.02,26830.5,34929400.0,13.6,14.01,14.930999999999978,15.28,17.08,28.08,-0.93,-0.81,-0.12,晨化股份,化学原料和化学制品制造业,创业板,13.527499999999991,13.867500000000014,14.29583333333335,14.692500000000033,16.620212765957447
300610,2022-04-25,12.81,11.73,12.93,11.72,13.02,56581.3,69404000.0,13.17,13.71,14.726499999999978,15.13,16.95,22.21,-1.05,-0.86,-0.19,晨化股份,化学原料和化学制品制造业,创业板,12.892499999999991,13.540000000000015,13.985000000000015,14.408125000000032,16.457659574468085
300610,2022-04-26,11.78,11.06,11.89,11.02,11.73,41247.1,47038500.0,12.53,13.37,14.505499999999978,14.95,16.82,19.89,-1.19,-0.93,-0.26,晨化股份,化学原料和化学制品制造业,创业板,12.207499999999992,13.106250000000015,13.57583333333335,14.103125000000032,16.2763829787234
300610,2022-04-27,11.06,11.68,11.7,10.92,11.06,47016.4,53454000.0,12.1,13.11,14.304999999999978,14.81,16.71,27.45,-1.24,-0.99,-0.25,晨化股份,化学原料和化学制品制造业,创业板,11.872499999999992,12.810000000000015,13.321666666666685,13.844375000000033,16.088723404255315
300610,2022-04-28,11.51,11.95,12.2,11.51,11.68,38134.1,45423900.0,11.89,12.85,14.074999999999978,14.7,16.62,30.53,-1.24,-1.04,-0.2,晨化股份,化学原料和化学制品制造业,创业板,11.604999999999993,12.566250000000014,13.113333333333351,13.623125000000032,15.912765957446805
300610,2022-04-29,11.92,12.5,12.63,11.92,11.95,36836.9,45254400.0,11.78,12.69,13.885999999999978,14.6,16.52,36.44,-1.19,-1.07,-0.12,晨化股份,化学原料和化学制品制造业,创业板,11.797499999999992,12.345000000000015,12.959166666666684,13.438125000000031,15.752127659574466
300610,2022-05-05,12.46,12.65,12.83,12.38,12.5,27501.3,34815500.0,11.97,12.57,13.721499999999978,14.49,16.43,37.99,-1.11,-1.08,-0.03,晨化股份,化学原料和化学制品制造业,创业板,12.194999999999991,12.201250000000016,12.802500000000018,13.230625000000032,15.6031914893617
300610,2022-05-06,12.3,12.4,12.62,12.16,12.65,23200.7,28873600.0,12.24,12.38,13.550499999999976,14.36,16.32,36.4,-1.07,-1.08,0.01,晨化股份,化学原料和化学制品制造业,创业板,12.374999999999991,12.123750000000017,12.665000000000019,13.085000000000033,15.435106382978722
300610,2022-05-09,12.3,12.53,12.76,12.3,12.4,18598.1,23383000.0,12.41,12.25,13.402499999999975,14.24,16.21,37.86,-1.01,-1.06,0.05,晨化股份,化学原料和化学制品制造业,创业板,12.519999999999992,12.062500000000018,12.550833333333351,12.965000000000034,15.29787234042553
300610,2022-05-10,12.5,12.64,12.73,12.22,12.53,32220.1,40593400.0,12.54,12.22,13.261499999999975,14.13,16.1,39.13,-0.94,-1.04,0.1,晨化股份,化学原料和化学制品制造业,创业板,12.554999999999993,12.176250000000017,12.415000000000019,12.858125000000035,15.165957446808507
300610,2022-05-11,12.62,12.63,13.1,12.53,12.64,40227.4,51688200.0,12.57,12.18,13.094499999999973,14.01,15.99,39.06,-0.88,-1.01,0.13,晨化股份,化学原料和化学制品制造业,创业板,12.549999999999994,12.372500000000016,12.317500000000017,12.739375000000035,15.03042553191489
300610,2022-05-12,12.64,12.68,12.9,12.43,12.63,25319.4,32069600.0,12.58,12.27,12.991999999999972,13.91,15.88,39.7,-0.82,-0.97,0.15,晨化股份,化学原料和化学制品制造业,创业板,12.619999999999994,12.497500000000016,12.289166666666683,12.653750000000034,14.892340425531911
300610,2022-05-13,12.71,12.95,13.04,12.59,12.68,33883.6,43432600.0,12.69,12.46,12.916999999999973,13.82,15.79,43.22,-0.73,-0.92,0.19,晨化股份,化学原料和化学制品制造业,创业板,12.724999999999994,12.622500000000016,12.283333333333347,12.594375000000033,14.759999999999998
300610,2022-05-16,12.95,13.16,13.36,12.88,12.95,45258.7,59593100.0,12.81,12.61,12.857499999999973,13.74,15.7,45.87,-0.65,-0.87,0.22,晨化股份,化学原料和化学制品制造业,创业板,12.854999999999993,12.705000000000016,12.402500000000016,12.525000000000032,14.647659574468081
300610,2022-05-17,13.12,13.38,13.48,12.88,13.16,44150.1,58412600.0,12.96,12.75,12.799999999999972,13.63,15.6,48.58,-0.56,-0.81,0.25,晨化股份,化学原料和化学制品制造业,创业板,13.042499999999992,12.796250000000015,12.595833333333347,12.498750000000031,14.548085106382976
300610,2022-05-18,13.41,13.29,13.44,13.25,13.38,26083.0,34793600.0,13.09,12.83,12.761999999999972,13.53,15.49,47.53,-0.48,-0.74,0.26,晨化股份,化学原料和化学制品制造业,创业板,13.194999999999991,12.907500000000013,12.730000000000013,12.51562500000003,14.45042553191489
300610,2022-05-19,13.18,13.78,13.78,12.97,13.29,52349.7,70643600.0,13.31,12.94,12.75599999999997,13.46,15.38,53.41,-0.38,-0.67,0.29,晨化股份,化学原料和化学制品制造业,创业板,13.40249999999999,13.063750000000013,12.882500000000014,12.56312500000003,14.378297872340422
300610,2022-05-20,13.72,13.76,14.05,13.52,13.78,41775.5,57541600.0,13.47,13.08,12.73049999999997,13.39,15.27,53.15,-0.29,-0.59,0.3,晨化股份,化学原料和化学制品制造业,创业板,13.552499999999991,13.203750000000014,12.987500000000013,12.69000000000003,14.323404255319145
300610,2022-05-23,13.82,13.89,13.94,13.7,13.76,21119.1,29268900.0,13.62,13.22,12.734999999999971,13.34,15.17,54.71,-0.22,-0.52,0.3,晨化股份,化学原料和化学制品制造业,创业板,13.67999999999999,13.361250000000014,13.090833333333348,12.866875000000029,14.27042553191489
300610,2022-05-24,14.0,13.29,14.0,13.28,13.89,35063.9,47883300.0,13.6,13.28,12.748499999999972,13.27,15.06,46.96,-0.21,-0.46,0.25,晨化股份,化学原料和化学制品制造业,创业板,13.67999999999999,13.437500000000014,13.165000000000013,12.967500000000028,14.202765957446804
300610,2022-05-25,13.42,13.33,13.5,13.17,13.29,21309.2,28374800.0,13.61,13.35,12.763999999999971,13.18,14.95,47.49,-0.18,-0.4,0.22,晨化股份,化学原料和化学制品制造业,创业板,13.567499999999992,13.485000000000014,13.231666666666682,13.05375000000003,14.148297872340422
300610,2022-05-26,13.37,13.26,13.45,13.0,13.33,28403.0,37598000.0,13.51,13.41,12.840499999999972,13.13,14.85,46.61,-0.18,-0.36,0.18,晨化股份,化学原料和化学制品制造业,创业板,13.442499999999994,13.497500000000015,13.283333333333346,13.101250000000029,14.11106382978723
300610,2022-05-27,13.35,13.78,14.03,13.3,13.26,45681.2,62788300.0,13.51,13.49,12.97649999999997,13.11,14.77,53.53,-0.12,-0.31,0.19,晨化股份,化学原料和化学制品制造业,创业板,13.414999999999992,13.547500000000015,13.379166666666679,13.171875000000028,14.07170212765957
300610,2022-05-30,13.86,13.91,14.03,13.5,13.78,32521.8,45008300.0,13.51,13.57,13.08799999999997,13.09,14.68,55.1,-0.07,-0.26,0.19,晨化股份,化学原料和化学制品制造业,创业板,13.569999999999991,13.625000000000014,13.481666666666678,13.266250000000028,14.029361702127655
300610,2022-05-31,13.99,14.22,14.35,13.69,13.91,48279.8,67670700.0,13.7,13.65,13.201499999999973,13.08,14.6,58.68,0.0,-0.21,0.21,晨化股份,化学原料和化学制品制造业,创业板,13.792499999999993,13.680000000000014,13.587500000000013,13.371875000000028,13.984893617021273
300610,2022-06-01,14.17,15.79,16.22,14.11,14.22,141302.0,218208000.0,14.19,13.9,13.365999999999975,13.14,14.54,71.2,0.17,-0.13,0.3,晨化股份,化学原料和化学制品制造业,创业板,14.424999999999995,13.933750000000012,13.806666666666679,13.568750000000026,13.976382978723398
300610,2022-06-02,15.71,16.22,16.48,15.3,15.79,102264.0,163282000.0,14.78,14.14,13.544499999999976,13.22,14.51,73.56,0.35,-0.04,0.39,晨化股份,化学原料和化学制品制造业,创业板,15.034999999999997,14.225000000000012,14.043333333333345,13.793125000000027,13.982340425531909
300610,2022-06-06,16.13,16.18,16.32,15.91,16.22,58309.9,93822700.0,15.26,14.39,13.733499999999978,13.28,14.47,72.96,0.47,0.06,0.41,晨化股份,化学原料和化学制品制造业,创业板,15.6025,14.586250000000014,14.28416666666668,14.011875000000027,13.984255319148929
300610,2022-06-07,16.13,16.89,17.59,16.03,16.18,113392.0,192327000.0,15.86,14.69,13.951499999999978,13.39,14.46,76.6,0.62,0.18,0.44,晨化股份,化学原料和化学制品制造业,创业板,16.27,15.031250000000012,14.543333333333349,14.258125000000028,14.007021276595736
300610,2022-06-08,16.78,16.86,17.09,16.25,16.89,70298.7,117337000.0,16.39,15.04,14.16249999999998,13.51,14.45,76.14,0.73,0.29,0.44,晨化股份,化学原料和化学制品制造业,创业板,16.5375,15.481250000000012,14.801666666666682,14.48937500000003,14.036382978723395
300610,2022-06-09,16.6,16.6,17.25,16.4,16.86,57982.1,97118100.0,16.55,15.37,14.360999999999981,13.63,14.46,72.04,0.79,0.39,0.4,晨化股份,化学原料和化学制品制造业,创业板,16.6325,15.833750000000013,15.027500000000012,14.69062500000003,14.055744680851054
300610,2022-06-10,16.6,16.95,17.28,16.45,16.6,59452.4,100406000.0,16.7,15.74,14.574499999999981,13.81,14.47,74.06,0.85,0.48,0.37,晨化股份,化学原料和化学制品制造业,创业板,16.825000000000003,16.21375000000001,15.332500000000012,14.919375000000029,14.064255319148929
300610,2022-06-13,16.95,17.72,18.2,16.95,16.95,103484.0,183783000.0,17.0,16.13,14.81299999999998,14.03,14.49,77.86,0.95,0.57,0.38,晨化股份,化学原料和化学制品制造业,创业板,17.032500000000002,16.65125000000001,15.698333333333345,15.165625000000029,14.09489361702127
300610,2022-06-14,17.0,18.38,18.76,17.0,17.72,140709.0,254424000.0,17.3,16.58,15.073999999999979,14.25,14.53,80.5,1.07,0.67,0.4,晨化股份,化学原料和化学制品制造业,创业板,17.4125,16.975000000000012,16.12500000000001,15.45437500000003,14.14680851063829
300610,2022-06-15,18.37,17.23,18.38,17.2,18.38,110594.0,194354000.0,17.38,16.88,15.26649999999998,14.43,14.57,65.8,1.07,0.75,0.32,晨化股份,化学原料和化学制品制造业,创业板,17.57,17.10125000000001,16.412500000000012,15.663125000000033,14.17680851063829
300610,2022-06-16,17.21,17.25,17.47,17.04,17.23,46236.4,79660300.0,17.51,17.03,15.464499999999978,14.59,14.59,65.91,1.04,0.81,0.23,晨化股份,化学原料和化学制品制造业,创业板,17.645,17.23500000000001,16.690833333333345,15.910625000000033,14.214255319148927
300610,2022-06-17,17.06,17.95,18.3,17.0,17.25,86534.8,155307000.0,17.71,17.2,15.672999999999979,14.76,14.63,69.79,1.08,0.86,0.22,晨化股份,化学原料和化学制品制造业,创业板,17.7025,17.367500000000007,17.001666666666676,16.199375000000035,14.267234042553183
300610,2022-06-20,17.94,19.12,19.49,17.92,17.95,104343.0,198567000.0,17.99,17.49,15.94099999999998,14.99,14.67,74.93,1.18,0.93,0.25,晨化股份,化学原料和化学制品制造业,创业板,17.887500000000003,17.650000000000006,17.27916666666668,16.565625000000036,14.334255319148927
300610,2022-06-21,19.19,18.82,19.29,18.35,19.12,62577.4,117439000.0,18.07,17.69,16.18749999999998,15.2,14.72,71.57,1.22,0.99,0.23,晨化股份,化学原料和化学制品制造业,创业板,18.285,17.927500000000006,17.495833333333344,16.880625000000038,14.421276595744672
300610,2022-06-22,18.81,19.63,20.48,18.44,18.82,102022.0,200924000.0,18.55,17.96,16.50449999999998,15.43,14.78,74.85,1.31,1.05,0.26,晨化股份,化学原料和化学制品制造业,创业板,18.88,18.262500000000006,17.783333333333342,17.238125000000036,14.531489361702118
300610,2022-06-23,20.02,19.2,20.15,19.0,19.63,60132.8,115999000.0,18.94,18.23,16.79799999999998,15.65,14.83,70.22,1.33,1.11,0.22,晨化股份,化学原料和化学制品制造业,创业板,19.1925,18.447500000000005,17.97583333333334,17.549375000000033,14.634680851063822
300610,2022-06-24,19.23,19.26,19.78,19.14,19.2,54409.7,105548000.0,19.21,18.46,17.097999999999978,15.87,14.89,70.49,1.33,1.15,0.18,晨化股份,化学原料和化学制品制造业,创业板,19.2275,18.557500000000005,18.17583333333334,17.76625000000003,14.735319148936162
300610,2022-06-27,19.06,19.49,19.72,19.0,19.26,63407.1,122753000.0,19.28,18.63,17.38349999999998,16.09,14.96,71.57,1.34,1.19,0.15,晨化股份,化学原料和化学制品制造业,创业板,19.394999999999996,18.840000000000007,18.416666666666675,17.970625000000034,14.851063829787227
300610,2022-06-28,20.0,19.47,20.79,19.23,19.49,86115.1,171554000.0,19.41,18.74,17.661499999999982,16.3,15.02,71.33,1.33,1.22,0.11,晨化股份,化学原料和化学制品制造业,创业板,19.354999999999997,19.117500000000007,18.626666666666676,18.176250000000035,14.969574468085101
300610,2022-06-29,19.22,18.46,19.5,18.39,19.47,89861.9,168110000.0,19.18,18.87,17.87349999999998,16.47,15.05,60.14,1.22,1.22,0.0,晨化股份,化学原料和化学制品制造业,创业板,19.169999999999998,19.18125000000001,18.688333333333343,18.274375000000035,15.058723404255314
300610,2022-06-30,18.46,18.63,18.88,18.11,18.46,64311.8,118434000.0,19.06,19.0,18.015499999999978,16.64,15.09,61.25,1.14,1.2,-0.06,晨化股份,化学原料和化学制品制造业,创业板,19.012499999999996,19.120000000000008,18.709166666666675,18.385000000000034,15.161489361702124
300610,2022-07-01,18.48,18.68,19.05,18.39,18.63,37841.6,71045800.0,18.95,19.08,18.138499999999976,16.81,15.13,61.58,1.06,1.17,-0.11,晨化股份,化学原料和化学制品制造业,创业板,18.81,19.10250000000001,18.83000000000001,18.515000000000033,15.281914893617017
300610,2022-07-04,18.68,19.02,19.5,18.28,18.68,43136.2,81801900.0,18.85,19.07,18.280499999999975,16.98,15.19,63.88,1.02,1.14,-0.12,晨化股份,化学原料和化学制品制造业,创业板,18.697499999999998,19.02625000000001,18.97750000000001,18.644375000000032,15.409574468085102
300610,2022-07-05,19.31,18.92,19.5,18.83,19.02,44051.4,84197900.0,18.74,19.08,18.381999999999977,17.15,15.25,62.69,0.97,1.11,-0.14,晨化股份,化学原料和化学制品制造业,创业板,18.8125,18.991250000000015,19.058333333333348,18.719375000000035,15.562553191489355
300610,2022-07-06,18.51,18.33,18.9,18.29,18.92,39681.9,73545700.0,18.72,18.95,18.455499999999976,17.32,15.29,56.07,0.87,1.06,-0.19,晨化股份,化学原料和化学制品制造业,创业板,18.7375,18.875000000000014,18.99250000000001,18.716250000000034,15.717234042553187
300610,2022-07-07,18.49,17.75,18.68,17.6,18.33,72117.9,129686000.0,18.54,18.8,18.512999999999973,17.47,15.32,50.44,0.73,0.99,-0.26,晨化股份,化学原料和化学制品制造业,创业板,18.505000000000003,18.657500000000013,18.903333333333347,18.748750000000033,15.846382978723401
300610,2022-07-08,17.75,17.4,18.4,17.33,17.75,59123.6,104267000.0,18.28,18.62,18.535499999999974,17.6,15.37,47.34,0.59,0.91,-0.32,晨化股份,化学原料和化学制品制造业,创业板,18.100000000000005,18.398750000000014,18.717500000000012,18.75812500000003,15.962340425531911
300610,2022-07-11,17.43,18.15,18.89,17.22,17.4,90345.0,165541000.0,18.11,18.48,18.55699999999997,17.75,15.43,53.87,0.54,0.84,-0.3,晨化股份,化学原料和化学制品制造业,创业板,17.907500000000002,18.360000000000014,18.630000000000013,18.77062500000003,16.082553191489357
300610,2022-07-12,18.36,19.61,20.63,18.21,18.15,163339.0,323526000.0,18.25,18.49,18.618499999999973,17.94,15.52,63.39,0.6,0.79,-0.19,晨化股份,化学原料和化学制品制造业,创业板,18.227500000000003,18.482500000000016,18.659166666666682,18.80125000000003,16.230638297872336
300610,2022-07-13,19.7,20.22,20.6,19.7,19.61,138812.0,280049000.0,18.63,18.67,18.767999999999972,18.14,15.61,66.5,0.69,0.77,-0.08,晨化股份,化学原料和化学制品制造业,创业板,18.845000000000002,18.675000000000015,18.720000000000017,18.888750000000034,16.39702127659574
300610,2022-07-14,20.32,20.85,21.4,20.0,20.22,106435.0,219747000.0,19.25,18.89,18.947999999999972,18.31,15.72,69.39,0.81,0.78,0.03,晨化股份,化学原料和化学制品制造业,创业板,19.707500000000003,18.903750000000013,18.835000000000015,18.965000000000035,16.574042553191486
300610,2022-07-15,20.99,21.36,21.6,20.67,20.85,102143.0,216579000.0,20.04,19.16,19.118499999999976,18.48,15.85,71.53,0.93,0.81,0.12,晨化股份,化学原料和化学制品制造业,创业板,20.510000000000005,19.20875000000001,19.07666666666668,19.100000000000037,16.759574468085106
300610,2022-07-18,20.94,21.14,21.99,20.6,21.36,90839.5,191342000.0,20.64,19.37,19.219499999999975,18.64,15.96,69.28,1.0,0.85,0.15,晨化股份,化学原料和化学制品制造业,创业板,20.892500000000005,19.56000000000001,19.285833333333347,19.217500000000037,16.94063829787234
300610,2022-07-19,21.03,24.68,24.98,20.83,21.14,204220.0,476040000.0,21.65,19.95,19.512499999999974,18.9,16.14,80.12,1.32,0.94,0.38,晨化股份,化学原料和化学制品制造业,创业板,22.007500000000007,20.42625000000001,19.785833333333347,19.541875000000037,17.19595744680851
300610,2022-07-20,24.35,25.03,25.68,23.58,24.68,201896.0,499585000.0,22.61,20.62,19.782499999999978,19.18,16.35,80.84,1.59,1.07,0.52,晨化股份,化学原料和化学制品制造业,创业板,23.05250000000001,21.38000000000001,20.28666666666668,19.889375000000037,17.452978723404254
300610,2022-07-21,24.54,23.49,25.31,23.32,25.03,144655.0,348436000.0,23.14,21.19,19.99699999999998,19.41,16.52,69.0,1.65,1.19,0.46,晨化股份,化学原料和化学制品制造业,创业板,23.585000000000008,22.04750000000001,20.667500000000008,20.20375000000004,17.672765957446806
300610,2022-07-22,23.5,21.87,23.5,21.48,23.49,147370.0,327722000.0,23.24,21.64,20.127499999999976,19.57,16.69,59.18,1.56,1.26,0.3,晨化股份,化学原料和化学制品制造业,创业板,23.76750000000001,22.330000000000013,20.96250000000001,20.40625000000004,17.85340425531915
300610,2022-07-25,21.79,20.68,21.97,20.43,21.87,109300.0,230499000.0,23.15,21.89,20.186999999999976,19.67,16.85,53.19,1.37,1.28,0.09,晨化股份,化学原料和化学制品制造业,创业板,22.767500000000005,22.387500000000014,21.206666666666678,20.53125000000004,18.010638297872337
300610,2022-07-26,20.6,20.7,21.0,19.81,20.68,80918.8,165500000.0,22.35,22.0,20.24849999999998,19.75,17.0,53.27,1.22,1.27,-0.05,晨化股份,化学原料和化学制品制造业,创业板,21.685000000000006,22.368750000000013,21.48166666666668,20.63625000000004,18.15787234042553
300610,2022-07-27,20.7,21.39,21.58,20.38,20.7,114793.0,241926000.0,21.63,22.12,20.39499999999998,19.88,17.16,56.25,1.13,1.24,-0.11,晨化股份,化学原料和化学制品制造业,创业板,21.160000000000007,22.37250000000001,21.75166666666668,20.790625000000038,18.320212765957447
300610,2022-07-28,21.32,20.64,21.93,20.43,21.39,86909.4,181642000.0,21.06,22.1,20.49549999999998,20.0,17.29,52.35,0.99,1.19,-0.2,晨化股份,化学原料和化学制品制造业,创业板,20.852500000000006,22.31000000000001,21.83750000000001,20.935000000000038,18.46382978723404
300610,2022-07-29,20.77,21.99,22.5,20.56,20.64,129058.0,281521000.0,21.08,22.16,20.66099999999998,20.13,17.45,57.99,0.98,1.15,-0.17,晨化股份,化学原料和化学制品制造业,创业板,21.180000000000007,21.97375000000001,21.985000000000014,21.20000000000004,18.648936170212767
300610,2022-08-01,21.91,21.15,22.56,20.79,21.99,129206.0,274557000.0,21.17,22.16,20.767499999999977,20.2,17.59,53.73,0.89,1.1,-0.21,晨化股份,化学原料和化学制品制造业,创业板,21.292500000000008,21.48875000000001,22.01000000000001,21.43437500000004,18.81531914893617
300610,2022-08-02,20.86,20.9,21.16,19.67,21.15,107780.0,220609000.0,21.21,21.78,20.866499999999977,20.27,17.73,52.49,0.79,1.04,-0.25,晨化股份,化学原料和化学制品制造业,创业板,21.170000000000005,21.16500000000001,21.971666666666675,21.60625000000004,18.97787234042553
300610,2022-08-03,20.95,20.7,21.96,20.64,20.9,85981.5,183335000.0,21.08,21.35,20.984999999999978,20.31,17.87,51.47,0.69,0.97,-0.28,晨化股份,化学原料和化学制品制造业,创业板,21.185000000000006,21.018750000000008,21.935000000000006,21.674375000000037,19.125106382978725
300610,2022-08-04,20.89,20.46,21.27,20.18,20.7,53642.7,110314000.0,21.04,21.05,21.120499999999975,20.35,18.0,50.21,0.58,0.89,-0.31,晨化股份,化学原料和化学制品制造业,创业板,20.802500000000006,20.991250000000008,21.58333333333334,21.689375000000034,19.264468085106383
300610,2022-08-05,20.46,19.52,20.56,19.26,20.46,94521.0,186103000.0,20.55,20.81,21.226499999999977,20.36,18.11,45.5,0.41,0.79,-0.38,晨化股份,化学原料和化学制品制造业,创业板,20.395000000000003,20.84375000000001,21.12416666666667,21.60625000000003,19.37723404255319
300610,2022-08-08,19.38,19.85,20.04,19.11,19.52,51069.4,100767000.0,20.29,20.73,21.311499999999977,20.37,18.23,47.37,0.3,0.69,-0.39,晨化股份,化学原料和化学制品制造业,创业板,20.1325,20.65125000000001,20.820833333333336,21.511875000000032,19.463617021276598
300610,2022-08-09,19.5,20.98,21.18,19.29,19.85,112216.0,230783000.0,20.3,20.76,21.379999999999978,20.42,18.36,53.27,0.31,0.62,-0.31,晨化股份,化学原料和化学制品制造业,创业板,20.2025,20.69375000000001,20.74666666666667,21.501875000000034,19.564893617021276
300610,2022-08-10,21.1,21.01,21.52,20.61,20.98,71011.8,149219000.0,20.36,20.72,21.419499999999978,20.5,18.48,53.41,0.3,0.55,-0.25,晨化股份,化学原料和化学制品制造业,创业板,20.340000000000003,20.571250000000006,20.77416666666667,21.272500000000033,19.667659574468086
300610,2022-08-11,21.06,20.73,21.18,20.55,21.01,52188.6,108556000.0,20.42,20.73,21.413499999999978,20.57,18.61,51.75,0.28,0.5,-0.22,晨化股份,化学原料和化学制品制造业,创业板,20.642500000000005,20.518750000000004,20.77666666666667,21.003750000000032,19.74936170212766
300610,2022-08-12,20.72,20.25,20.92,20.15,20.73,44929.2,91983900.0,20.56,20.56,21.357999999999976,20.63,18.72,48.94,0.22,0.44,-0.22,晨化股份,化学原料和化学制品制造业,创业板,20.742500000000007,20.437500000000004,20.681666666666672,20.80125000000003,19.82148936170213
300610,2022-08-15,20.2,21.0,21.22,20.13,20.25,76197.7,157598000.0,20.79,20.54,21.350999999999978,20.69,18.84,53.22,0.23,0.4,-0.17,晨化股份,化学原料和化学制品制造业,创业板,20.747500000000006,20.475000000000005,20.711666666666673,20.74687500000003,19.915106382978724
300610,2022-08-16,21.17,22.49,23.34,20.83,21.0,183357.0,417530000.0,21.1,20.7,21.241499999999977,20.81,18.98,60.32,0.35,0.39,-0.04,晨化股份,化学原料和化学制品制造业,创业板,21.117500000000003,20.728750000000005,20.75333333333334,20.86000000000003,20.032978723404256
300610,2022-08-17,22.77,20.96,22.81,20.6,22.49,159560.0,337837000.0,21.09,20.72,21.037999999999975,20.9,19.11,51.65,0.32,0.38,-0.06,晨化股份,化学原料和化学制品制造业,创业板,21.175,20.908750000000005,20.737500000000004,20.87625000000003,20.101914893617025
300610,2022-08-18,20.88,20.82,21.04,20.28,20.96,84705.0,174760000.0,21.1,20.76,20.904499999999977,21.0,19.23,50.93,0.29,0.36,-0.07,晨化股份,化学原料和化学制品制造业,创业板,21.317500000000003,21.030000000000005,20.73083333333334,20.84062500000003,20.153829787234045
300610,2022-08-19,21.05,19.63,21.23,19.58,20.82,94311.3,189216000.0,20.98,20.77,20.792499999999976,21.08,19.34,45.15,0.16,0.32,-0.16,晨化股份,化学原料和化学制品制造业,创业板,20.975,20.861250000000005,20.641666666666676,20.777500000000032,20.20489361702128
300610,2022-08-22,19.6,19.5,19.75,18.66,19.63,84977.3,162826000.0,20.68,20.74,20.733499999999975,21.12,19.43,44.56,0.05,0.27,-0.22,晨化股份,化学原料和化学制品制造业,创业板,20.227500000000003,20.672500000000007,20.561666666666675,20.62187500000003,20.25276595744681
300610,2022-08-23,19.47,20.31,20.56,19.32,19.5,88034.8,177333000.0,20.24,20.67,20.713999999999977,21.14,19.54,49.06,0.02,0.22,-0.2,晨化股份,化学原料和化学制品制造业,创业板,20.065000000000005,20.620000000000008,20.627500000000005,20.569375000000033,20.302978723404255
300610,2022-08-24,20.25,18.67,20.67,18.53,20.31,103992.0,200215000.0,19.79,20.44,20.577999999999978,21.09,19.62,41.68,-0.13,0.15,-0.28,晨化股份,化学原料和化学制品制造业,创业板,19.527500000000003,20.422500000000007,20.529166666666672,20.430000000000035,20.29340425531915
300610,2022-08-25,18.8,18.16,18.87,17.82,18.67,101849.0,185008000.0,19.25,20.18,20.45399999999998,21.0,19.65,39.68,-0.29,0.06,-0.35,晨化股份,化学原料和化学制品制造业,创业板,19.160000000000004,20.067500000000006,20.294166666666673,20.271250000000038,20.279361702127655
300610,2022-08-26,18.16,18.12,18.92,18.03,18.16,72949.6,134350000.0,18.95,19.97,20.26049999999998,20.89,19.69,39.52,-0.41,-0.03,-0.38,晨化股份,化学原料和化学制品制造业,创业板,18.815000000000005,19.521250000000006,20.053333333333338,20.12500000000004,20.24723404255319
300610,2022-08-29,18.02,17.81,18.36,17.75,18.12,62928.2,113077000.0,18.61,19.65,20.09349999999998,20.78,19.71,38.23,-0.53,-0.13,-0.4,晨化股份,化学原料和化学制品制造业,创业板,18.190000000000005,19.127500000000005,19.810000000000006,20.01812500000004,20.21765957446808
300610,2022-08-30,17.92,17.45,18.03,17.33,17.81,48609.3,85218600.0,18.04,19.14,19.92099999999998,20.54,19.72,36.74,-0.64,-0.23,-0.41,晨化股份,化学原料和化学制品制造业,创业板,17.885000000000005,18.706250000000004,19.57666666666667,19.86812500000004,20.17914893617021
300610,2022-08-31,17.54,17.05,17.68,17.0,17.45,61287.6,105677000.0,17.72,18.75,19.73849999999998,20.28,19.73,35.09,-0.75,-0.34,-0.41,晨化股份,化学原料和化学制品制造业,创业板,17.607500000000005,18.383750000000006,19.247500000000006,19.622500000000038,20.127234042553187
300610,2022-09-01,17.85,16.94,17.87,16.85,17.05,58375.6,100693000.0,17.47,18.36,19.562499999999982,20.06,19.73,34.63,-0.84,-0.44,-0.4,晨化股份,化学原料和化学制品制造业,创业板,17.312500000000004,18.063750000000006,18.785000000000004,19.36812500000004,20.073404255319144
300610,2022-09-02,16.9,17.15,17.33,16.71,16.94,36874.5,62959700.0,17.28,18.12,19.44399999999998,19.9,19.74,36.35,-0.89,-0.53,-0.36,晨化股份,化学原料和化学制品制造业,创业板,17.1475,17.668750000000006,18.467500000000005,19.144375000000036,20.045531914893612
300610,2022-09-05,17.12,16.94,17.73,16.8,17.15,57946.2,100077000.0,17.11,17.86,19.298499999999983,19.78,19.72,35.35,-0.92,-0.61,-0.31,晨化股份,化学原料和化学制品制造业,创业板,17.02,17.452500000000008,18.14416666666667,18.937500000000036,20.009574468085102
300610,2022-09-06,16.94,17.75,17.89,16.88,16.94,72709.9,126356000.0,17.17,17.6,19.13699999999998,19.68,19.71,41.96,-0.88,-0.66,-0.22,晨化股份,化学原料和化学制品制造业,创业板,17.195,17.401250000000008,17.987500000000004,18.734375000000036,19.98978723404255
300610,2022-09-07,17.6,18.62,19.33,17.6,17.75,116361.0,217340000.0,17.48,17.6,19.01749999999998,19.58,19.74,48.1,-0.77,-0.68,-0.09,晨化股份,化学原料和化学制品制造业,创业板,17.615000000000002,17.463750000000008,17.91416666666667,18.492500000000035,19.981276595744678
300610,2022-09-08,18.7,17.81,18.8,17.77,18.62,74903.0,135503000.0,17.65,17.56,18.87149999999998,19.49,19.74,43.49,-0.73,-0.69,-0.04,晨化股份,化学原料和化学制品制造业,创业板,17.78,17.463750000000008,17.705833333333338,18.295625000000037,19.95765957446808
300610,2022-09-09,17.77,17.34,17.98,17.28,17.81,58805.0,102847000.0,17.69,17.49,18.725999999999978,19.34,19.73,41.03,-0.74,-0.7,-0.04,晨化股份,化学原料和化学制品制造业,创业板,17.880000000000003,17.45000000000001,17.595000000000002,18.078125000000036,19.936595744680847
300610,2022-09-13,17.37,17.4,17.94,17.28,17.34,38735.0,67790700.0,17.78,17.44,18.545999999999978,19.21,19.71,41.48,-0.73,-0.71,-0.02,晨化股份,化学原料和化学制品制造业,创业板,17.792500000000004,17.49375000000001,17.53166666666667,17.938750000000034,19.92914893617021
300610,2022-09-14,17.05,17.16,17.55,16.93,17.4,34314.6,59097900.0,17.67,17.42,18.279499999999977,19.09,19.68,40.15,-0.73,-0.71,-0.02,晨化股份,化学原料和化学制品制造业,创业板,17.427500000000002,17.52125000000001,17.45166666666667,17.792500000000036,19.924042553191487
300610,2022-09-15,17.15,16.14,17.31,15.69,17.16,97310.7,157921000.0,17.17,17.32,18.038499999999978,18.93,19.62,35.0,-0.81,-0.73,-0.08,晨化股份,化学原料和化学制品制造业,创业板,17.01,17.395000000000007,17.312500000000004,17.531875000000035,19.881276595744676
300610,2022-09-16,16.05,15.85,16.31,15.79,16.14,36583.8,58692100.0,16.78,17.22,17.78999999999998,18.78,19.56,33.68,-0.88,-0.76,-0.12,晨化股份,化学原料和化学制品制造业,创业板,16.6375,17.258750000000006,17.17916666666667,17.355625000000035,19.801276595744678
300610,2022-09-19,15.85,15.48,16.2,15.37,15.85,57029.6,89215200.0,16.41,17.05,17.582499999999982,18.65,19.5,32.01,-0.96,-0.8,-0.16,晨化股份,化学原料和化学制品制造业,创业板,16.1575,16.975000000000005,17.048333333333336,17.188125000000035,19.70042553191489
300610,2022-09-20,15.62,15.94,16.11,15.62,15.48,48236.3,76689900.0,16.11,16.95,17.40449999999998,18.52,19.44,36.23,-0.97,-0.83,-0.14,晨化股份,化学原料和化学制品制造业,创业板,15.8525,16.640000000000004,16.965000000000003,17.051875000000035,19.59595744680851
300610,2022-09-21,15.93,15.89,15.98,15.56,15.94,31783.4,50319100.0,15.86,16.76,17.18349999999998,18.35,19.38,35.97,-0.97,-0.86,-0.11,晨化股份,化学原料和化学制品制造业,创业板,15.79,16.400000000000006,16.860000000000003,16.931875000000034,19.479574468085104
300610,2022-09-22,15.76,15.91,16.16,15.68,15.89,30888.0,49322800.0,15.81,16.49,17.045499999999983,18.18,19.34,36.17,-0.96,-0.88,-0.08,晨化股份,化学原料和化学制品制造业,创业板,15.804999999999998,16.221250000000005,16.77416666666667,16.835625000000036,19.36829787234042
300610,2022-09-23,16.0,15.28,16.1,15.21,15.91,35563.0,55256500.0,15.7,16.24,16.901499999999977,17.99,19.28,32.73,-0.99,-0.9,-0.09,晨化股份,化学原料和化学制品制造业,创业板,15.754999999999995,15.956250000000004,16.568333333333335,16.725000000000033,19.16829787234042
300610,2022-09-26,15.04,15.32,15.62,14.95,15.28,43911.1,67426300.0,15.67,16.04,16.761499999999977,17.83,19.23,33.17,-1.0,-0.92,-0.08,晨化股份,化学原料和化学制品制造业,创业板,15.599999999999994,15.726250000000004,16.293333333333333,16.623750000000033,18.961702127659574
300610,2022-09-27,15.39,15.34,15.59,15.0,15.32,52983.7,80682400.0,15.55,15.83,16.637999999999977,17.64,19.17,33.4,-1.0,-0.94,-0.06,晨化股份,化学原料和化学制品制造业,创业板,15.462499999999995,15.626250000000004,16.087500000000002,16.510625000000033,18.788297872340426
300610,2022-09-28,15.2,14.66,15.38,14.66,15.34,43814.0,65101300.0,15.3,15.58,16.49849999999998,17.38,19.1,29.64,-1.04,-0.96,-0.08,晨化股份,化学原料和化学制品制造业,创业板,15.149999999999995,15.477500000000006,15.864166666666668,16.368125000000035,18.634893617021273
300610,2022-09-29,14.73,14.75,15.06,14.68,14.66,37009.2,55043900.0,15.07,15.44,16.383499999999977,17.17,19.04,30.75,-1.05,-0.98,-0.07,晨化股份,化学原料和化学制品制造业,创业板,15.017499999999995,15.386250000000006,15.643333333333333,16.180625000000035,18.508723404255317
300610,2022-09-30,14.86,14.67,14.93,14.56,14.75,28925.6,42626300.0,14.95,15.32,16.26999999999998,16.97,18.98,30.29,-1.05,-0.99,-0.06,晨化股份,化学原料和化学制品制造业,创业板,14.854999999999995,15.227500000000006,15.435833333333333,15.933750000000035,18.38042553191489
300610,2022-10-10,14.72,14.19,14.94,14.11,14.67,35893.4,51785100.0,14.72,15.19,16.12199999999998,16.79,18.93,27.63,-1.08,-1.01,-0.07,晨化股份,化学原料和化学制品制造业,创业板,14.567499999999995,15.015000000000006,15.273333333333332,15.707500000000035,18.22723404255319
300610,2022-10-11,14.37,14.37,14.42,14.02,14.19,22638.4,32255800.0,14.53,15.04,15.99349999999998,16.62,18.87,30.11,-1.07,-1.02,-0.05,晨化股份,化学原料和化学制品制造业,创业板,14.494999999999997,14.822500000000005,15.149999999999999,15.521875000000035,18.093829787234043
300610,2022-10-12,14.41,14.83,14.83,14.0,14.37,37982.5,54719300.0,14.56,14.93,15.847499999999979,16.43,18.79,36.13,-1.02,-1.02,0.0,晨化股份,化学原料和化学制品制造业,创业板,14.514999999999997,14.766250000000007,15.095833333333333,15.361250000000036,17.94148936170213
300610,2022-10-13,14.82,15.09,15.33,14.67,14.83,46810.2,70724500.0,14.63,14.85,15.670999999999978,16.31,18.7,39.31,-0.95,-1.01,0.06,晨化股份,化学原料和化学制品制造业,创业板,14.619999999999997,14.737500000000008,15.025,15.231875000000036,17.812553191489364
300610,2022-10-14,15.4,15.81,15.98,15.11,15.09,60118.1,93763300.0,14.86,14.9,15.570999999999978,16.24,18.62,47.15,-0.83,-0.97,0.14,晨化股份,化学原料和化学制品制造业,创业板,15.024999999999999,14.796250000000008,15.018333333333336,15.211250000000035,17.70425531914894
300610,2022-10-17,15.53,15.43,15.66,15.25,15.81,62637.5,96416400.0,15.11,14.91,15.475499999999979,16.15,18.52,43.92,-0.74,-0.93,0.19,晨化股份,化学原料和化学制品制造业,创业板,15.290000000000001,14.892500000000009,14.978333333333337,15.185000000000036,17.592127659574466
300610,2022-10-18,15.46,15.64,15.83,15.31,15.43,44094.0,68720500.0,15.36,14.94,15.38749999999998,16.07,18.43,46.12,-0.66,-0.87,0.21,晨化股份,化学原料和化学制品制造业,创业板,15.492500000000003,15.00375000000001,15.008333333333338,15.195000000000038,17.489574468085102
300610,2022-10-19,15.55,15.24,15.67,15.23,15.64,28387.0,43776900.0,15.44,15.0,15.29149999999998,16.0,18.27,42.69,-0.62,-0.82,0.2,晨化股份,化学原料和化学制品制造业,创业板,15.530000000000001,15.075000000000012,15.001666666666672,15.151250000000037,17.39851063829787
300610,2022-10-20,15.29,15.06,15.39,14.87,15.24,37588.6,56878900.0,15.44,15.03,15.23749999999998,15.93,18.1,41.21,-0.59,-0.78,0.19,晨化股份,化学原料和化学制品制造业,创业板,15.342500000000001,15.18375000000001,14.978333333333339,15.099375000000038,17.296595744680847
300610,2022-10-21,15.06,14.86,15.23,14.8,15.06,30249.6,45303800.0,15.25,15.05,15.18799999999998,15.86,17.96,39.56,-0.58,-0.74,0.16,晨化股份,化学原料和化学制品制造业,创业板,15.200000000000001,15.245000000000012,14.995000000000006,15.033750000000039,17.1663829787234
300610,2022-10-24,14.95,14.4,15.25,14.33,14.86,50217.2,74104200.0,15.04,15.07,15.133999999999977,15.77,17.84,36.0,-0.6,-0.71,0.11,晨化股份,化学原料和化学制品制造业,创业板,14.89,15.191250000000013,14.965833333333341,14.978750000000039,17.02574468085106
300610,2022-10-25,14.29,14.09,14.38,13.69,14.4,49478.0,69101600.0,14.73,15.04,15.041499999999976,15.68,17.73,33.79,-0.63,-0.69,0.06,晨化股份,化学原料和化学制品制造业,创业板,14.602500000000001,15.06625000000001,14.91750000000001,14.90187500000004,16.88446808510638
300610,2022-10-26,14.09,13.9,14.31,13.66,14.09,79292.7,111091000.0,14.46,14.95,14.941999999999975,15.55,17.61,32.48,-0.67,-0.69,0.02,晨化股份,化学原料和化学制品制造业,创业板,14.3125,14.827500000000011,14.893333333333343,14.81187500000004,16.749361702127654
300610,2022-10-27,13.94,13.74,14.26,13.74,13.9,44491.5,62119500.0,14.2,14.82,14.833499999999976,15.39,17.49,31.37,-0.7,-0.69,-0.01,晨化股份,化学原料和化学制品制造业,创业板,14.032499999999999,14.616250000000012,14.840833333333343,14.75437500000004,16.594893617021274
300610,2022-10-28,13.71,12.9,13.73,12.87,13.74,62672.0,82601400.0,13.81,14.53,14.714499999999976,15.22,17.36,26.3,-0.78,-0.71,-0.07,晨化股份,化学原料和化学制品制造业,创业板,13.6575,14.273750000000012,14.680000000000009,14.63875000000004,16.390851063829782
300610,2022-10-31,12.8,13.18,13.32,12.8,12.9,41916.9,55174200.0,13.56,14.3,14.607499999999977,15.08,17.21,30.34,-0.82,-0.73,-0.09,晨化股份,化学原料和化学制品制造业,创业板,13.43,14.016250000000012,14.520833333333343,14.545625000000042,16.225319148936162
300610,2022-11-01,13.28,13.52,13.52,13.16,13.18,37313.3,49958100.0,13.45,14.09,14.516499999999976,14.95,17.08,35.0,-0.81,-0.75,-0.06,晨化股份,化学原料和化学制品制造业,创业板,13.334999999999999,13.823750000000011,14.33000000000001,14.503750000000043,16.069999999999993
300610,2022-11-02,13.71,13.56,13.76,13.33,13.52,52338.0,70982200.0,13.38,13.92,14.461499999999976,14.83,16.96,35.55,-0.79,-0.76,-0.03,晨化股份,化学原料和化学制品制造业,创业板,13.289999999999997,13.661250000000011,14.174166666666677,14.453125000000043,15.940851063829777
300610,2022-11-03,13.58,13.69,13.78,13.41,13.56,35252.6,48137200.0,13.37,13.78,14.408499999999975,14.75,16.84,37.39,-0.76,-0.76,0.0,晨化股份,化学原料和化学制品制造业,创业板,13.487499999999999,13.57250000000001,14.011666666666676,14.381875000000042,15.817234042553183
300610,2022-11-04,13.74,14.08,14.14,13.68,13.69,51114.3,71464100.0,13.61,13.71,14.378999999999973,14.69,16.74,42.68,-0.7,-0.75,0.05,晨化股份,化学原料和化学制品制造业,创业板,13.7125,13.57125000000001,13.915000000000008,14.318750000000042,15.684680851063824
300610,2022-11-07,14.06,14.45,14.6,14.06,14.08,56971.5,81956200.0,13.86,13.71,14.391999999999973,14.66,16.65,47.24,-0.6,-0.72,0.12,晨化股份,化学原料和化学制品制造业,创业板,13.945,13.64000000000001,13.864166666666675,14.233750000000041,15.594893617021272
300610,2022-11-08,14.45,14.23,14.59,14.1,14.45,35864.2,51012200.0,14.0,13.72,14.384999999999973,14.6,16.56,44.95,-0.54,-0.68,0.14,晨化股份,化学原料和化学制品制造业,创业板,14.1125,13.70125000000001,13.811666666666673,14.15875000000004,15.511276595744677
300610,2022-11-09,14.23,14.06,14.33,14.05,14.23,24748.3,34977300.0,14.1,13.74,14.346499999999974,14.54,16.44,43.21,-0.5,-0.64,0.14,晨化股份,化学原料和化学制品制造业,创业板,14.205000000000002,13.84625000000001,13.783333333333339,14.060000000000041,15.424893617021272
300610,2022-11-10,13.99,13.96,14.14,13.84,14.06,32506.2,45459000.0,14.16,13.76,14.289999999999974,14.48,16.33,42.17,-0.47,-0.61,0.14,晨化股份,化学原料和化学制品制造业,创业板,14.175,13.943750000000009,13.772500000000006,13.980000000000041,15.342978723404253
300610,2022-11-11,14.31,14.14,14.45,14.06,13.96,61348.0,87428500.0,14.17,13.89,14.206499999999973,14.44,16.22,44.74,-0.44,-0.58,0.14,晨化股份,化学原料和化学制品制造业,创业板,14.0975,14.021250000000009,13.792500000000006,13.922500000000042,15.272553191489358
300610,2022-11-14,14.16,13.73,14.39,13.65,14.14,57892.0,80793300.0,14.02,13.94,14.121499999999974,14.39,16.11,40.35,-0.43,-0.55,0.12,晨化股份,化学原料和化学制品制造业,创业板,13.9725,14.04250000000001,13.791666666666671,13.851875000000042,15.201914893617019
300610,2022-11-15,13.74,14.22,14.25,13.57,13.73,54027.4,76077400.0,14.02,14.01,14.050499999999976,14.35,15.99,47.04,-0.38,-0.51,0.13,晨化股份,化学原料和化学制品制造业,创业板,14.0125,14.10875000000001,13.90166666666667,13.840625000000042,15.144042553191486
300610,2022-11-16,14.25,13.99,14.33,13.96,14.22,43403.0,61097400.0,14.01,14.06,13.987999999999976,14.33,15.85,44.51,-0.35,-0.48,0.13,晨化股份,化学原料和化学制品制造业,创业板,14.019999999999998,14.097500000000009,13.969166666666672,13.834375000000042,15.076808510638296
300610,2022-11-17,14.02,13.86,14.02,13.75,13.99,33750.4,46685700.0,13.99,14.07,13.927999999999978,14.3,15.73,43.11,-0.34,-0.45,0.11,晨化股份,化学原料和化学制品制造业,创业板,13.95,14.023750000000009,13.997500000000004,13.831875000000041,15.011276595744677
300610,2022-11-18,13.89,13.7,14.23,13.66,13.86,53121.0,74014400.0,13.9,14.03,13.869999999999976,14.26,15.62,41.37,-0.34,-0.43,0.09,晨化股份,化学原料和化学制品制造业,创业板,13.942499999999999,13.957500000000008,14.00916666666667,13.82937500000004,14.925106382978722
300610,2022-11-21,13.71,14.03,14.07,13.48,13.7,47881.0,66625300.0,13.96,13.99,13.851499999999977,14.26,15.52,46.18,-0.31,-0.41,0.1,晨化股份,化学原料和化学制品制造业,创业板,13.895,13.953750000000008,14.037500000000003,13.90000000000004,14.827446808510636
300610,2022-11-22,14.03,13.86,14.29,13.78,14.03,47326.1,66484700.0,13.89,13.96,13.839999999999979,14.24,15.43,44.17,-0.29,-0.38,0.09,晨化股份,化学原料和化学制品制造业,创业板,13.862499999999999,13.941250000000007,14.01916666666667,13.942500000000038,14.743404255319147
300610,2022-11-23,13.9,13.69,13.9,13.28,13.86,46536.4,63217600.0,13.83,13.92,13.829499999999978,14.2,15.32,42.19,-0.3,-0.37,0.07,晨化股份,化学原料和化学制品制造业,创业板,13.82,13.885000000000007,13.955833333333338,13.953125000000037,14.665744680851063
300610,2022-11-24,13.65,13.97,14.19,13.65,13.69,53140.5,74309000.0,13.85,13.92,13.84099999999998,14.17,15.24,46.45,-0.27,-0.35,0.08,晨化股份,化学原料和化学制品制造业,创业板,13.8875,13.915000000000006,13.934166666666671,13.978750000000037,14.592765957446808
300610,2022-11-25,13.96,13.58,13.96,13.58,13.97,36436.5,49965000.0,13.83,13.86,13.87499999999998,14.09,15.16,41.83,-0.28,-0.33,0.05,晨化股份,化学原料和化学制品制造业,创业板,13.774999999999999,13.835000000000006,13.894166666666672,13.971875000000038,14.516595744680853
300610,2022-11-28,13.38,13.31,13.51,13.25,13.58,31560.0,42121200.0,13.68,13.82,13.88149999999998,14.02,15.08,38.94,-0.3,-0.33,0.03,晨化股份,化学原料和化学制品制造业,创业板,13.6375,13.750000000000007,13.840000000000005,13.923750000000037,14.456382978723406
300610,2022-11-29,13.31,13.55,13.58,13.31,13.31,29506.0,39815500.0,13.62,13.75,13.882999999999981,13.95,15.01,42.73,-0.3,-0.32,0.02,晨化股份,化学原料和化学制品制造业,创业板,13.6025,13.711250000000007,13.790833333333339,13.867500000000039,14.407446808510638
300610,2022-11-30,13.63,13.38,13.66,13.35,13.55,32283.0,43461900.0,13.56,13.69,13.873999999999981,13.89,14.94,40.8,-0.31,-0.32,0.01,晨化股份,化学原料和化学制品制造业,创业板,13.454999999999998,13.671250000000006,13.761666666666672,13.81437500000004,14.362765957446808
300610,2022-12-01,13.55,13.62,13.88,13.46,13.38,44198.4,60519500.0,13.49,13.67,13.870499999999982,13.84,14.89,44.6,-0.29,-0.31,0.02,晨化股份,化学原料和化学制品制造业,创业板,13.465,13.620000000000006,13.711666666666673,13.78687500000004,14.313404255319147
300610,2022-12-02,13.67,13.69,13.75,13.55,13.62,38358.8,52368600.0,13.51,13.67,13.850999999999981,13.8,14.83,45.69,-0.27,-0.3,0.03,晨化股份,化学原料和化学制品制造业,创业板,13.559999999999999,13.598750000000006,13.686666666666673,13.770000000000039,14.266595744680851
300610,2022-12-05,13.66,13.77,13.82,13.59,13.69,34074.0,46666800.0,13.6,13.64,13.816999999999982,13.78,14.78,46.98,-0.23,-0.29,0.06,晨化股份,化学原料和化学制品制造业,创业板,13.614999999999998,13.608750000000006,13.679166666666674,13.746875000000038,14.221063829787234
300610,2022-12-06,13.68,13.92,14.06,13.59,13.77,48225.9,66711100.0,13.68,13.65,13.801499999999981,13.78,14.73,49.41,-0.2,-0.27,0.07,晨化股份,化学原料和化学制品制造业,创业板,13.749999999999998,13.602500000000006,13.697500000000007,13.758750000000038,14.192127659574467
300610,2022-12-07,13.88,14.19,14.31,13.8,13.92,89008.1,125680000.0,13.84,13.7,13.807999999999982,13.79,14.67,53.53,-0.15,-0.25,0.1,晨化股份,化学原料和化学制品制造业,创业板,13.8925,13.678750000000006,13.71083333333334,13.756875000000038,14.168085106382978
300610,2022-12-08,14.11,14.5,14.63,13.94,14.19,118329.0,170412000.0,14.01,13.75,13.834999999999983,13.81,14.6,57.79,-0.08,-0.21,0.13,晨化股份,化学原料和化学制品制造业,创业板,14.094999999999999,13.827500000000006,13.764166666666673,13.788750000000038,14.150212765957445
300610,2022-12-09,14.45,14.06,14.46,14.01,14.5,97170.8,137536000.0,14.09,13.8,13.830999999999984,13.85,14.54,50.69,-0.07,-0.19,0.12,晨化股份,化学原料和化学制品制造业,创业板,14.1675,13.891250000000007,13.795000000000007,13.801250000000039,14.137446808510637
300610,2022-12-12,14.0,13.6,14.01,13.56,14.06,61658.0,84472100.0,14.05,13.83,13.824499999999983,13.86,14.47,44.54,-0.09,-0.17,0.08,晨化股份,化学原料和化学制品制造业,创业板,14.087499999999999,13.918750000000006,13.764166666666673,13.795000000000039,14.112978723404254
300610,2022-12-13,13.68,13.39,13.69,13.36,13.6,40759.5,54956500.0,13.95,13.81,13.782999999999982,13.86,14.41,42.03,-0.12,-0.16,0.04,晨化股份,化学原料和化学制品制造业,创业板,13.8875,13.890000000000006,13.748333333333337,13.75500000000004,14.085744680851063
300610,2022-12-14,13.34,13.25,13.46,13.22,13.39,35153.0,46911900.0,13.76,13.8,13.745999999999981,13.85,14.34,40.4,-0.16,-0.16,0.0,晨化股份,化学原料和化学制品制造业,创业板,13.575,13.835000000000006,13.743333333333338,13.71687500000004,14.065744680851061
300610,2022-12-15,13.3,13.47,13.49,13.18,13.25,33610.2,44826800.0,13.55,13.78,13.726499999999982,13.84,14.3,44.08,-0.17,-0.16,-0.01,晨化股份,化学原料和化学制品制造业,创业板,13.427499999999998,13.797500000000007,13.73666666666667,13.70312500000004,14.04659574468085
300610,2022-12-16,13.38,13.06,13.39,13.02,13.47,38043.0,49960500.0,13.35,13.72,13.694499999999982,13.81,14.25,39.22,-0.2,-0.17,-0.03,晨化股份,化学原料和化学制品制造业,创业板,13.292499999999999,13.690000000000007,13.710000000000003,13.646250000000041,14.008936170212763
300610,2022-12-19,13.02,12.7,13.12,12.63,13.06,32791.4,42105100.0,13.17,13.61,13.627999999999982,13.75,14.2,35.52,-0.26,-0.19,-0.07,晨化股份,化学原料和化学制品制造业,创业板,13.119999999999997,13.503750000000007,13.633333333333335,13.59125000000004,13.958085106382976
300610,2022-12-20,12.87,12.88,12.94,12.61,12.7,26045.7,33369200.0,13.07,13.51,13.578999999999983,13.7,14.15,38.63,-0.29,-0.21,-0.08,晨化股份,化学原料和化学制品制造业,创业板,13.027499999999996,13.301250000000007,13.565833333333336,13.56437500000004,13.895744680851061
300610,2022-12-21,12.91,12.97,13.19,12.75,12.88,26313.5,34115900.0,13.02,13.39,13.542999999999983,13.67,14.1,40.19,-0.3,-0.23,-0.07,晨化股份,化学原料和化学制品制造业,创业板,12.902499999999996,13.165000000000006,13.499166666666667,13.528125000000038,13.843404255319149
300610,2022-12-22,12.96,12.42,13.04,12.31,12.97,36262.2,45725500.0,12.81,13.18,13.465499999999983,13.62,14.05,34.44,-0.34,-0.25,-0.09,晨化股份,化学原料和化学制品制造业,创业板,12.742499999999996,13.017500000000007,13.374166666666667,13.468125000000038,13.774893617021275
300610,2022-12-23,12.4,12.4,12.5,12.22,12.42,15732.2,19484000.0,12.67,13.01,13.406499999999983,13.56,14.0,34.25,-0.38,-0.27,-0.11,晨化股份,化学原料和化学制品制造业,创业板,12.667499999999997,12.893750000000008,13.225000000000001,13.391875000000038,13.71446808510638
300610,2022-12-26,12.4,12.88,12.89,12.39,12.4,26661.4,33968100.0,12.71,12.94,13.384999999999982,13.53,13.96,42.53,-0.37,-0.29,-0.08,晨化股份,化学原料和化学制品制造业,创业板,12.667499999999997,12.847500000000007,13.090000000000002,13.341250000000038,13.668085106382978
300610,2022-12-27,12.89,12.91,12.98,12.74,12.88,19961.9,25692000.0,12.72,12.89,13.352999999999984,13.49,13.92,43.01,-0.35,-0.31,-0.04,晨化股份,化学原料和化学制品制造业,创业板,12.652499999999996,12.777500000000007,12.994166666666667,13.287500000000037,13.62659574468085
300610,2022-12-28,12.88,12.66,12.88,12.64,12.91,18487.9,23531100.0,12.65,12.84,13.316999999999984,13.44,13.88,39.99,-0.35,-0.31,-0.04,晨化股份,化学原料和化学制品制造业,创业板,12.712499999999995,12.727500000000006,12.915833333333333,13.208750000000038,13.589574468085106
300610,2022-12-29,12.6,12.47,12.72,12.46,12.66,17572.4,22120200.0,12.66,12.74,13.259499999999985,13.4,13.85,37.82,-0.36,-0.32,-0.04,晨化股份,化学原料和化学制品制造业,创业板,12.729999999999995,12.698750000000006,12.839166666666666,13.101250000000038,13.555106382978721
300610,2022-12-30,12.47,12.54,12.62,12.47,12.47,11976.0,15014200.0,12.69,12.68,13.201999999999988,13.36,13.81,39.13,-0.36,-0.33,-0.03,晨化股份,化学原料和化学制品制造业,创业板,12.644999999999994,12.656250000000007,12.78,12.978750000000037,13.526170212765955
300610,2023-01-03,12.47,13.04,13.11,12.47,12.54,30529.1,39310600.0,12.72,12.72,13.165499999999989,13.32,13.79,47.63,-0.32,-0.33,0.01,晨化股份,化学原料和化学制品制造业,创业板,12.677499999999995,12.665000000000006,12.744166666666665,12.915000000000036,13.511276595744677
300610,2023-01-04,13.0,12.9,13.08,12.83,13.04,17787.9,23024100.0,12.72,12.72,13.114499999999987,13.29,13.77,45.7,-0.29,-0.32,0.03,晨化股份,化学原料和化学制品制造业,创业板,12.737499999999994,12.725000000000007,12.730833333333331,12.871250000000037,13.511276595744677
300610,2023-01-05,12.98,13.06,13.15,12.86,12.9,21657.4,28277900.0,12.8,12.73,13.057999999999987,13.27,13.74,48.28,-0.25,-0.31,0.06,晨化股份,化学原料和化学制品制造业,创业板,12.884999999999994,12.807500000000006,12.760833333333332,12.850625000000036,13.508723404255315
300610,2023-01-06,13.05,13.36,13.53,13.0,13.06,50163.1,67208500.0,12.98,12.82,13.000999999999987,13.25,13.71,52.79,-0.19,-0.28,0.09,晨化股份,化学原料和化学制品制造业,创业板,13.089999999999995,12.867500000000007,12.800833333333335,12.857500000000037,13.505319148936168
300610,2023-01-09,13.36,13.36,13.58,13.3,13.36,24957.0,33531600.0,13.14,12.92,12.965999999999989,13.24,13.67,52.79,-0.15,-0.26,0.11,晨化股份,化学原料和化学制品制造业,创业板,13.169999999999993,12.923750000000007,12.833333333333336,12.850625000000038,13.501063829787233
300610,2023-01-10,13.37,13.2,13.37,13.1,13.36,23118.0,30516500.0,13.18,12.95,12.945999999999987,13.24,13.63,50.09,-0.13,-0.23,0.1,晨化股份,化学原料和化学制品制造业,创业板,13.244999999999992,12.991250000000008,12.898333333333335,12.859375000000037,13.490638297872339
300610,2023-01-11,13.2,13.07,13.28,13.04,13.2,19611.0,25753300.0,13.21,12.97,12.929999999999987,13.22,13.59,47.94,-0.11,-0.21,0.1,晨化股份,化学原料和化学制品制造业,创业板,13.247499999999992,13.066250000000007,12.954166666666667,12.882500000000038,13.469148936170212
300610,2023-01-12,13.03,13.09,13.22,13.02,13.07,13746.3,18039300.0,13.22,13.01,12.921999999999986,13.21,13.55,48.3,-0.11,-0.19,0.08,晨化股份,化学原料和化学制品制造业,创业板,13.179999999999993,13.135000000000009,12.97166666666667,12.895625000000038,13.440212765957446
300610,2023-01-13,13.1,13.11,13.21,13.04,13.09,12627.0,16571900.0,13.17,13.07,12.903999999999986,13.2,13.52,48.69,-0.09,-0.17,0.08,晨化股份,化学原料和化学制品制造业,创业板,13.117499999999993,13.143750000000008,12.988333333333337,12.904375000000039,13.416382978723403
300610,2023-01-16,13.11,13.26,13.37,13.07,13.11,20185.0,26783500.0,13.15,13.15,12.913999999999984,13.18,13.49,51.64,-0.07,-0.15,0.08,晨化股份,化学原料和化学制品制造业,创业板,13.132499999999993,13.188750000000008,13.038333333333336,12.95687500000004,13.39936170212766
300610,2023-01-17,13.34,13.29,13.47,13.23,13.26,15678.2,20900500.0,13.16,13.17,12.943499999999986,13.17,13.47,52.23,-0.05,-0.13,0.08,晨化股份,化学原料和化学制品制造业,创业板,13.187499999999991,13.217500000000008,13.10666666666667,13.012500000000038,13.385106382978721
300610,2023-01-18,13.35,13.45,13.45,13.23,13.29,16064.0,21518700.0,13.24,13.22,12.971999999999985,13.15,13.46,55.36,-0.02,-0.11,0.09,晨化股份,化学原料和化学制品制造业,创业板,13.27749999999999,13.228750000000009,13.182500000000003,13.048125000000038,13.370425531914893
300610,2023-01-19,13.35,13.59,13.64,13.24,13.45,27838.8,37620900.0,13.34,13.28,13.002999999999982,13.13,13.46,57.96,0.01,-0.08,0.09,晨化股份,化学原料和化学制品制造业,创业板,13.39749999999999,13.25750000000001,13.228333333333337,13.090625000000038,13.367446808510637
300610,2023-01-20,13.59,13.59,13.68,13.48,13.59,25741.6,34938600.0,13.44,13.3,13.061499999999981,13.1,13.46,57.96,0.04,-0.06,0.1,晨化股份,化学原料和化学制品制造业,创业板,13.479999999999992,13.30625000000001,13.285833333333336,13.148750000000039,13.354042553191489
300610,2023-01-30,13.66,13.63,13.84,13.59,13.59,35545.0,48760900.0,13.51,13.33,13.122999999999982,13.09,13.47,58.75,0.07,-0.03,0.1,晨化股份,化学原料和化学制品制造业,创业板,13.564999999999992,13.37625000000001,13.333333333333336,13.221250000000039,13.346382978723403
300610,2023-01-31,13.69,13.82,13.86,13.59,13.63,33653.8,46243800.0,13.62,13.39,13.169999999999982,13.09,13.48,62.39,0.1,-0.01,0.11,晨化股份,化学原料和化学制品制造业,创业板,13.657499999999992,13.467500000000008,13.37166666666667,13.301250000000039,13.345531914893618
300610,2023-02-01,13.84,14.05,14.07,13.77,13.82,30937.1,43177300.0,13.74,13.49,13.22699999999998,13.12,13.49,66.27,0.14,0.02,0.12,晨化股份,化学原料和化学制品制造业,创业板,13.77249999999999,13.585000000000008,13.429166666666669,13.36437500000004,13.352978723404254
300610,2023-02-02,14.14,14.12,14.19,13.96,14.05,36038.9,50839700.0,13.84,13.59,13.29999999999998,13.14,13.5,67.37,0.18,0.05,0.13,晨化股份,化学原料和化学制品制造业,创业板,13.90499999999999,13.692500000000008,13.505833333333337,13.44062500000004,13.354893617021276
300610,2023-02-03,14.14,14.04,14.16,13.83,14.12,30588.1,42713100.0,13.93,13.68,13.37849999999998,13.16,13.5,64.77,0.2,0.08,0.12,晨化股份,化学原料和化学制品制造业,创业板,14.007499999999991,13.78625000000001,13.586666666666671,13.50187500000004,13.358723404255317
300610,2023-02-06,14.03,13.97,14.12,13.86,14.04,21788.0,30433500.0,14.0,13.76,13.44999999999998,13.19,13.5,62.49,0.21,0.11,0.1,晨化股份,化学原料和化学制品制造业,创业板,14.044999999999993,13.85125000000001,13.660000000000004,13.540000000000038,13.364680851063827
300610,2023-02-07,14.0,13.98,14.05,13.88,13.97,21776.4,30386000.0,14.03,13.82,13.49699999999998,13.24,13.49,62.69,0.21,0.13,0.08,晨化股份,化学原料和化学制品制造业,创业板,14.027499999999993,13.90000000000001,13.732500000000002,13.578750000000039,13.364893617021274
300610,2023-02-08,13.99,14.3,14.44,13.92,13.98,59509.9,84736900.0,14.08,13.91,13.566999999999982,13.28,13.49,68.53,0.24,0.15,0.09,晨化股份,化学原料和化学制品制造业,创业板,14.072499999999993,13.988750000000008,13.81916666666667,13.64750000000004,13.380212765957442
300610,2023-02-09,14.21,14.48,14.72,14.2,14.3,57056.2,82758200.0,14.15,14.0,13.637999999999982,13.33,13.5,71.25,0.27,0.17,0.1,晨化股份,化学原料和化学制品制造业,创业板,14.182499999999992,14.09500000000001,13.918333333333337,13.73562500000004,13.40510638297872
300610,2023-02-10,14.46,14.22,14.48,14.19,14.48,42125.6,60309300.0,14.19,14.06,13.680999999999983,13.39,13.51,62.8,0.27,0.19,0.08,晨化股份,化学原料和化学制品制造业,创业板,14.244999999999994,14.14500000000001,13.982500000000003,13.80625000000004,13.419361702127658
300610,2023-02-13,14.26,14.37,14.42,14.22,14.22,27443.6,39376200.0,14.27,14.14,13.731499999999983,13.46,13.51,65.35,0.28,0.21,0.07,晨化股份,化学原料和化学制品制造业,创业板,14.342499999999994,14.185000000000011,14.047500000000005,13.88500000000004,13.440425531914892
300610,2023-02-14,14.37,14.42,14.53,14.32,14.37,29037.9,41823700.0,14.36,14.19,13.792499999999984,13.51,13.52,66.19,0.29,0.23,0.06,晨化股份,化学原料和化学制品制造业,创业板,14.372499999999995,14.22250000000001,14.116666666666669,13.95750000000004,13.457446808510635
300610,2023-02-15,14.38,14.29,14.5,14.24,14.42,25969.4,37179700.0,14.36,14.22,13.853499999999986,13.56,13.52,62.01,0.29,0.24,0.05,晨化股份,化学原料和化学制品制造业,创业板,14.324999999999992,14.25375000000001,14.171666666666669,14.02000000000004,13.470212765957443
300610,2023-02-16,14.36,13.79,14.36,13.65,14.29,52239.9,73287600.0,14.22,14.19,13.888499999999988,13.6,13.52,49.16,0.24,0.24,0.0,晨化股份,化学原料和化学制品制造业,创业板,14.217499999999994,14.23125000000001,14.16916666666667,14.04125000000004,13.470638297872336
300610,2023-02-17,13.83,13.71,13.97,13.69,13.79,29502.2,40748700.0,14.12,14.15,13.918499999999986,13.64,13.52,47.46,0.19,0.23,-0.04,晨化股份,化学原料和化学制品制造业,创业板,14.052499999999997,14.19750000000001,14.140833333333335,14.048750000000041,13.466170212765954
300610,2023-02-20,13.73,13.82,13.84,13.51,13.71,25530.2,34954200.0,14.01,14.14,13.946499999999986,13.68,13.52,50.01,0.16,0.22,-0.06,晨化股份,化学原料和化学制品制造业,创业板,13.902499999999996,14.137500000000012,14.115833333333335,14.06312500000004,13.458297872340422
300610,2023-02-21,13.85,14.23,14.4,13.81,13.82,47886.0,68038500.0,13.97,14.16,13.993499999999987,13.72,13.52,58.17,0.17,0.21,-0.04,晨化股份,化学原料和化学制品制造业,创业板,13.887499999999998,14.106250000000012,14.131666666666668,14.10062500000004,13.45255319148936
300610,2023-02-22,14.17,14.11,14.32,14.08,14.23,27154.6,38503400.0,13.93,14.14,14.026499999999988,13.76,13.53,55.32,0.16,0.2,-0.04,晨化股份,化学原料和化学制品制造业,创业板,13.9675,14.092500000000012,14.143333333333333,14.118750000000041,13.453617021276594
300610,2023-02-23,14.15,14.1,14.27,13.98,14.11,22856.4,32272700.0,13.99,14.11,14.051999999999989,13.79,13.53,55.08,0.16,0.19,-0.03,晨化股份,化学原料和化学制品制造业,创业板,14.065,14.05875000000001,14.153333333333334,14.12187500000004,13.464255319148934
300610,2023-02-24,14.12,13.87,14.13,13.82,14.1,23382.2,32512400.0,14.03,14.07,14.065999999999992,13.81,13.53,49.7,0.13,0.18,-0.05,晨化股份,化学原料和化学制品制造业,创业板,14.077499999999999,13.99000000000001,14.1175,14.10625000000004,13.474468085106382
300610,2023-02-27,13.87,13.81,13.98,13.73,13.87,17510.4,24271400.0,14.02,14.02,14.074999999999992,13.83,13.53,48.37,0.1,0.16,-0.06,晨化股份,化学原料和化学制品制造业,创业板,13.972499999999997,13.93000000000001,14.061666666666667,14.09187500000004,13.486382978723402
300610,2023-02-28,13.83,13.88,13.94,13.62,13.81,19447.5,26814200.0,13.95,13.96,14.077999999999992,13.85,13.54,50.05,0.08,0.15,-0.07,晨化股份,化学原料和化学制品制造业,创业板,13.914999999999996,13.94125000000001,14.033333333333333,14.08625000000004,13.49510638297872
300610,2023-03-01,13.86,14.04,14.04,13.73,13.88,26461.4,36754200.0,13.94,13.94,14.077499999999992,13.88,13.55,53.75,0.08,0.13,-0.05,晨化股份,化学原料和化学制品制造业,创业板,13.899999999999997,13.982500000000009,14.005833333333333,14.09000000000004,13.515957446808509
300610,2023-03-02,14.05,13.76,14.1,13.71,14.04,25766.0,35731600.0,13.87,13.93,14.059499999999991,13.9,13.56,47.17,0.06,0.12,-0.06,晨化股份,化学原料和化学制品制造业,创业板,13.872499999999997,13.975000000000009,13.950833333333334,14.05625000000004,13.538510638297868
300610,2023-03-03,13.76,13.66,13.85,13.59,13.76,18359.2,25101600.0,13.83,13.93,14.04049999999999,13.92,13.56,45.05,0.03,0.1,-0.07,晨化股份,化学原料和化学制品制造业,创业板,13.834999999999997,13.903750000000008,13.898333333333333,14.00500000000004,13.55510638297872
300610,2023-03-06,13.66,13.61,13.75,13.45,13.66,18881.0,25580800.0,13.79,13.91,14.02249999999999,13.93,13.56,43.98,0.01,0.08,-0.07,晨化股份,化学原料和化学制品制造业,创业板,13.767499999999997,13.841250000000008,13.883333333333333,13.966875000000039,13.568723404255314
300610,2023-03-07,13.58,13.2,13.62,13.19,13.61,25579.0,34202200.0,13.65,13.8,13.983499999999989,13.93,13.55,36.39,-0.04,0.06,-0.1,晨化股份,化学原料和化学制品制造业,创业板,13.557499999999996,13.728750000000009,13.84083333333333,13.893750000000038,13.585319148936168
300610,2023-03-08,13.2,13.32,13.32,13.15,13.2,14842.0,19662000.0,13.51,13.72,13.93449999999999,13.93,13.54,39.67,-0.08,0.03,-0.11,晨化股份,化学原料和化学制品制造业,创业板,13.447499999999996,13.660000000000007,13.799166666666665,13.825000000000038,13.604893617021276
300610,2023-03-09,13.31,13.49,13.57,13.3,13.32,18970.0,25520900.0,13.46,13.66,13.884999999999987,13.92,13.53,44.08,-0.09,0.01,-0.1,晨化股份,化学原料和化学制品制造业,创业板,13.404999999999998,13.620000000000006,13.737499999999999,13.77500000000004,13.617872340425532
300610,2023-03-10,13.38,13.19,13.45,13.15,13.49,21889.4,28964100.0,13.36,13.6,13.833499999999987,13.91,13.51,38.71,-0.11,-0.02,-0.09,晨化股份,化学原料和化学制品制造业,创业板,13.299999999999997,13.533750000000007,13.660833333333334,13.73750000000004,13.623829787234044
300610,2023-03-13,13.15,12.98,13.22,12.91,13.19,26058.0,33825100.0,13.24,13.51,13.763999999999987,13.89,13.49,35.45,-0.16,-0.05,-0.11,晨化股份,化学原料和化学制品制造业,创业板,13.244999999999997,13.401250000000008,13.5675,13.691875000000039,13.630638297872343
300610,2023-03-14,13.01,12.79,13.01,12.55,12.98,24303.5,30993200.0,13.15,13.4,13.682499999999987,13.85,13.47,32.76,-0.2,-0.08,-0.12,晨化股份,化学原料和化学制品制造业,创业板,13.112499999999995,13.280000000000006,13.4775,13.627500000000039,13.637446808510639
300610,2023-03-15,12.9,12.96,13.13,12.85,12.79,19958.7,25989200.0,13.08,13.3,13.615999999999985,13.82,13.47,37.34,-0.22,-0.11,-0.11,晨化股份,化学原料和化学制品制造业,创业板,12.979999999999995,13.192500000000006,13.406666666666666,13.54812500000004,13.646382978723407
300610,2023-03-16,12.86,12.68,12.96,12.63,12.96,18253.0,23315300.0,12.92,13.19,13.560499999999985,13.77,13.46,33.32,-0.26,-0.14,-0.12,晨化股份,化学原料和化学制品制造业,创业板,12.852499999999996,13.076250000000007,13.306666666666667,13.458750000000041,13.638723404255321
300610,2023-03-17,12.79,12.7,12.85,12.6,12.68,17919.0,22757500.0,12.82,13.09,13.509999999999986,13.72,13.44,33.87,-0.28,-0.16,-0.12,晨化股份,化学原料和化学制品制造业,创业板,12.782499999999995,13.013750000000007,13.195,13.37125000000004,13.634468085106386
300610,2023-03-20,12.74,12.64,12.74,12.46,12.7,20920.8,26323400.0,12.75,13.0,13.450999999999985,13.68,13.44,32.99,-0.3,-0.19,-0.11,晨化股份,化学原料和化学制品制造业,创业板,12.744999999999996,12.928750000000008,13.101666666666668,13.294375000000041,13.625531914893621
300610,2023-03-21,12.64,12.92,12.92,12.6,12.64,17313.8,22157400.0,12.78,12.97,13.385499999999984,13.64,13.44,40.7,-0.29,-0.21,-0.08,晨化股份,化学原料和化学制品制造业,创业板,12.734999999999996,12.857500000000009,13.040000000000001,13.23875000000004,13.61617021276596
300610,2023-03-22,12.93,13.13,13.15,12.92,12.92,23041.8,30028300.0,12.81,12.95,13.336499999999983,13.61,13.44,45.74,-0.25,-0.22,-0.03,晨化股份,化学原料和化学制品制造业,创业板,12.847499999999995,12.850000000000009,13.0,13.19187500000004,13.611276595744684
300610,2023-03-23,13.01,13.06,13.08,12.87,13.13,20061.0,26042200.0,12.89,12.9,13.284499999999984,13.56,13.45,44.38,-0.24,-0.22,-0.02,晨化股份,化学原料和化学制品制造业,创业板,12.937499999999993,12.860000000000008,12.988333333333335,13.130625000000041,13.608297872340426
300610,2023-03-24,13.0,13.18,13.23,12.95,13.06,17545.5,23024100.0,12.99,12.9,13.249999999999982,13.52,13.46,47.26,-0.21,-0.22,0.01,晨化股份,化学原料和化学制品制造业,创业板,13.072499999999994,12.908750000000008,12.976666666666668,13.094375000000042,13.610638297872338
300610,2023-03-27,13.16,13.17,13.19,12.99,13.18,14313.0,18736700.0,13.09,12.92,13.217999999999984,13.48,13.47,47.04,-0.19,-0.21,0.02,晨化股份,化学原料和化学制品制造业,创业板,13.134999999999994,12.93500000000001,12.950000000000001,13.063750000000041,13.612340425531912
300610,2023-03-28,13.16,12.99,13.33,12.95,13.17,16145.4,21115700.0,13.11,12.94,13.173499999999985,13.44,13.47,43.17,-0.19,-0.21,0.02,晨化股份,化学原料和化学制品制造业,创业板,13.099999999999993,12.97375000000001,12.933333333333335,13.025000000000041,13.60978723404255
300610,2023-03-29,13.0,12.85,13.06,12.85,12.99,13998.4,18097500.0,13.05,12.93,13.113999999999985,13.39,13.47,40.39,-0.19,-0.21,0.02,晨化股份,化学原料和化学制品制造业,创业板,13.047499999999992,12.992500000000009,12.922500000000001,13.003125000000042,13.60106382978723
300610,2023-03-30,12.8,12.77,12.89,12.73,12.85,12667.4,16193900.0,12.99,12.94,13.064499999999985,13.35,13.47,38.84,-0.19,-0.2,0.01,晨化股份,化学原料和化学制品制造业,创业板,12.944999999999991,13.008750000000008,12.920833333333336,12.968750000000043,13.589999999999998
300610,2023-03-31,12.84,12.9,13.06,12.75,12.77,13240.2,17105300.0,12.94,12.96,13.02649999999998,13.33,13.48,42.67,-0.19,-0.2,0.01,晨化股份,化学原料和化学制品制造业,创业板,12.87749999999999,13.006250000000009,12.915833333333337,12.931875000000042,13.578297872340421
300610,2023-04-03,12.87,12.88,12.91,12.71,12.9,20241.7,25905000.0,12.88,12.98,12.98999999999998,13.3,13.49,42.24,-0.18,-0.2,0.02,晨化股份,化学原料和化学制品制造业,创业板,12.849999999999989,12.975000000000009,12.932500000000003,12.912500000000042,13.563191489361698
300610,2023-04-04,12.88,12.39,12.92,12.38,12.88,42052.4,52665600.0,12.76,12.93,12.949499999999981,13.23,13.48,33.23,-0.21,-0.2,-0.01,晨化股份,化学原料和化学制品制造业,创业板,12.734999999999989,12.891250000000008,12.906666666666672,12.875625000000044,13.53765957446808
300610,2023-04-06,12.36,12.5,12.56,12.23,12.39,23380.0,29093500.0,12.69,12.87,12.90849999999998,13.18,13.47,36.5,-0.23,-0.21,-0.02,晨化股份,化学原料和化学制品制造业,创业板,12.66749999999999,12.80625000000001,12.895000000000005,12.857500000000044,13.513617021276591
300610,2023-04-07,12.5,12.59,12.63,12.43,12.5,14773.3,18572900.0,12.65,12.82,12.863499999999979,13.13,13.46,39.13,-0.24,-0.21,-0.03,晨化股份,化学原料和化学制品制造业,创业板,12.589999999999991,12.73375000000001,12.867500000000007,12.834375000000044,13.487446808510633
300610,2023-04-10,12.54,12.44,12.62,12.38,12.59,16399.0,20467600.0,12.56,12.75,12.82599999999998,13.08,13.45,36.43,-0.24,-0.22,-0.02,晨化股份,化学原料和化学制品制造业,创业板,12.47999999999999,12.66500000000001,12.810000000000008,12.819375000000043,13.453191489361698
300610,2023-04-11,11.9,11.68,12.18,11.5,12.44,65845.9,77171400.0,12.32,12.6,12.76099999999998,13.01,13.42,26.44,-0.31,-0.24,-0.07,晨化股份,化学原料和化学制品制造业,创业板,12.30249999999999,12.518750000000011,12.695000000000007,12.755625000000045,13.401276595744676
300610,2023-04-12,11.66,11.72,11.83,11.6,11.68,26291.0,30717000.0,12.19,12.47,12.70749999999998,12.94,13.39,27.57,-0.35,-0.26,-0.09,晨化股份,化学原料和化学制品制造业,创业板,12.10749999999999,12.387500000000012,12.57333333333334,12.698125000000044,13.351914893617018
300610,2023-04-13,11.72,11.63,11.75,11.58,11.72,16475.0,19178000.0,12.01,12.35,12.64099999999998,12.86,13.37,26.58,-0.4,-0.29,-0.11,晨化股份,化学原料和化学制品制造业,创业板,11.867499999999989,12.22875000000001,12.445000000000007,12.617500000000044,13.302127659574465
300610,2023-04-14,11.62,11.62,11.72,11.52,11.63,16508.4,19163900.0,11.82,12.24,12.58799999999998,12.79,13.35,26.47,-0.41,-0.31,-0.1,晨化股份,化学原料和化学制品制造业,创业板,11.662499999999989,12.071250000000012,12.33083333333334,12.523125000000045,13.251914893617018
300610,2023-04-17,11.58,11.63,11.75,11.54,11.62,15122.0,17622900.0,11.66,12.11,12.53449999999998,12.72,13.32,26.81,-0.43,-0.34,-0.09,晨化股份,化学原料和化学制品制造业,创业板,11.64999999999999,11.976250000000011,12.229166666666673,12.433750000000044,13.19510638297872
300610,2023-04-18,11.69,11.55,11.69,11.43,11.63,16965.3,19528600.0,11.63,11.98,12.47999999999998,12.65,13.29,25.79,-0.45,-0.36,-0.09,晨化股份,化学原料和化学制品制造业,创业板,11.607499999999991,11.85750000000001,12.127500000000007,12.331875000000045,13.132765957446804
300610,2023-04-19,11.49,11.33,11.5,11.32,11.55,19377.5,22015100.0,11.55,11.87,12.400499999999981,12.59,13.26,23.19,-0.47,-0.38,-0.09,晨化股份,化学原料和化学制品制造业,创业板,11.53249999999999,11.70000000000001,11.996666666666675,12.216875000000046,13.071276595744676
300610,2023-04-20,11.36,11.19,11.36,11.1,11.33,15523.6,17341200.0,11.46,11.74,12.303499999999982,12.52,13.22,21.69,-0.49,-0.4,-0.09,晨化股份,化学原料和化学制品制造业,创业板,11.42499999999999,11.54375000000001,11.855833333333342,12.104375000000045,13.003617021276593
300610,2023-04-21,11.28,10.99,11.32,10.96,11.19,20384.0,22615900.0,11.34,11.58,12.199999999999983,12.43,13.18,19.73,-0.53,-0.43,-0.1,晨化股份,化学原料和化学制品制造业,创业板,11.26499999999999,11.45750000000001,11.739166666666677,11.988125000000046,12.930638297872338
300610,2023-04-24,10.96,11.12,11.19,10.82,10.99,20546.9,22678700.0,11.24,11.45,12.096999999999984,12.37,13.14,24.51,-0.53,-0.45,-0.08,晨化股份,化学原料和化学制品制造业,创业板,11.157499999999988,11.382500000000011,11.624166666666676,11.885000000000046,12.8631914893617
300610,2023-04-25,11.17,10.71,11.18,10.6,11.12,26052.5,28085000.0,11.07,11.35,11.973999999999984,12.29,13.09,20.39,-0.56,-0.47,-0.09,晨化股份,化学原料和化学制品制造业,创业板,11.002499999999989,11.267500000000013,11.46750000000001,11.748125000000046,12.797659574468085
300610,2023-04-26,10.7,11.0,11.13,10.69,10.71,22930.9,25210100.0,11.0,11.28,11.874499999999983,12.23,13.04,29.43,-0.55,-0.49,-0.06,晨化股份,化学原料和化学制品制造业,创业板,10.95499999999999,11.190000000000012,11.34750000000001,11.630625000000046,12.74
300610,2023-04-27,10.94,11.0,11.12,10.89,11.0,16030.4,17675800.0,10.96,11.21,11.781999999999984,12.17,12.99,29.43,-0.54,-0.5,-0.04,晨化股份,化学原料和化学制品制造业,创业板,10.957499999999989,11.111250000000013,11.290833333333344,11.543750000000045,12.679999999999998
300610,2023-04-28,11.0,11.34,11.34,11.0,11.0,15340.3,17198400.0,11.03,11.19,11.710499999999984,12.12,12.94,38.87,-0.51,-0.5,-0.01,晨化股份,化学原料和化学制品制造业,创业板,11.01249999999999,11.085000000000013,11.259166666666678,11.471250000000046,12.61851063829787
300610,2023-05-04,11.33,11.44,11.48,11.17,11.34,13959.2,15901400.0,11.1,11.17,11.637499999999983,12.08,12.9,41.35,-0.46,-0.49,0.03,晨化股份,化学原料和化学制品制造业,创业板,11.19499999999999,11.098750000000013,11.243333333333345,11.399375000000045,12.561702127659574
300610,2023-05-05,11.5,11.18,11.5,11.09,11.44,17423.0,19542500.0,11.19,11.13,11.552499999999984,12.03,12.86,37.13,-0.44,-0.48,0.04,晨化股份,化学原料和化学制品制造业,创业板,11.23999999999999,11.097500000000014,11.206666666666678,11.320625000000046,12.499574468085104
300610,2023-05-08,11.18,11.28,11.38,11.13,11.18,14530.0,16331400.0,11.25,11.12,11.496999999999982,11.98,12.81,39.68,-0.4,-0.47,0.07,晨化股份,化学原料和化学制品制造业,创业板,11.30999999999999,11.133750000000015,11.17750000000001,11.295625000000046,12.444468085106381
300610,2023-05-09,11.29,11.19,11.33,11.1,11.28,12963.5,14539900.0,11.29,11.12,11.431499999999982,11.91,12.76,38.18,-0.38,-0.45,0.07,晨化股份,化学原料和化学制品制造业,创业板,11.27249999999999,11.142500000000014,11.14750000000001,11.262500000000045,12.38872340425532
300610,2023-05-10,11.13,11.24,11.36,11.13,11.19,11899.4,13391400.0,11.27,11.15,11.363999999999983,11.85,12.7,39.55,-0.36,-0.43,0.07,晨化股份,化学原料和化学制品制造业,创业板,11.222499999999991,11.208750000000013,11.14000000000001,11.238125000000046,12.332553191489362
300610,2023-05-11,11.29,11.24,11.31,11.18,11.24,9299.47,10443200.0,11.23,11.16,11.303999999999984,11.79,12.65,39.55,-0.34,-0.41,0.07,晨化股份,化学原料和化学制品制造业,创业板,11.237499999999992,11.238750000000012,11.144166666666678,11.214375000000047,12.272978723404256
300610,2023-05-12,11.25,11.12,11.3,11.09,11.24,12674.4,14141800.0,11.21,11.2,11.275999999999984,11.72,12.6,37.25,-0.32,-0.39,0.07,晨化股份,化学原料和化学制品制造业,创业板,11.197499999999991,11.253750000000013,11.15500000000001,11.182500000000047,12.216808510638298
300610,2023-05-15,11.19,11.29,11.31,11.01,11.12,13314.0,14955500.0,11.22,11.23,11.254499999999982,11.66,12.55,42.36,-0.3,-0.38,0.08,晨化股份,化学原料和化学制品制造业,创业板,11.222499999999991,11.247500000000013,11.169166666666676,11.166250000000046,12.166382978723405
300610,2023-05-16,11.32,11.22,11.32,11.18,11.29,10287.5,11557800.0,11.22,11.25,11.233999999999984,11.61,12.5,40.88,-0.29,-0.36,0.07,晨化股份,化学原料和化学制品制造业,创业板,11.21749999999999,11.220000000000013,11.211666666666675,11.159375000000045,12.115531914893618
300610,2023-05-17,11.18,11.33,11.37,11.16,11.22,13549.0,15322700.0,11.24,11.25,11.219499999999984,11.56,12.46,44.17,-0.25,-0.34,0.09,晨化股份,化学原料和化学制品制造业,创业板,11.23999999999999,11.238750000000014,11.239166666666677,11.168125000000046,12.075744680851065
300610,2023-05-18,11.35,11.34,11.45,11.26,11.33,12989.7,14706800.0,11.26,11.24,11.204999999999984,11.51,12.42,44.47,-0.23,-0.32,0.09,晨化股份,化学原料和化学制品制造业,创业板,11.29499999999999,11.246250000000014,11.26750000000001,11.190000000000046,12.033617021276596
300610,2023-05-19,11.33,11.3,11.39,11.25,11.34,11829.5,13351700.0,11.3,11.26,11.192499999999985,11.45,12.37,43.46,-0.21,-0.29,0.08,晨化股份,化学原料和化学制品制造业,创业板,11.29749999999999,11.260000000000014,11.264166666666677,11.201250000000046,11.987021276595744
300610,2023-05-22,11.3,11.6,11.82,11.26,11.3,30971.8,35784300.0,11.36,11.29,11.205999999999984,11.43,12.33,52.26,-0.17,-0.27,0.1,晨化股份,化学原料和化学制品制造业,创业板,11.392499999999991,11.305000000000014,11.27750000000001,11.256875000000045,11.953191489361702
300610,2023-05-23,11.56,11.58,11.65,11.43,11.6,15704.4,18123800.0,11.43,11.33,11.225499999999984,11.4,12.29,51.68,-0.14,-0.24,0.1,晨化股份,化学原料和化学制品制造业,创业板,11.454999999999991,11.347500000000014,11.310833333333344,11.293125000000046,11.923404255319149
300610,2023-05-24,11.56,11.45,11.57,11.43,11.58,14186.0,16296700.0,11.45,11.35,11.248499999999982,11.36,12.24,47.97,-0.12,-0.22,0.1,晨化股份,化学原料和化学制品制造业,创业板,11.482499999999991,11.388750000000014,11.32500000000001,11.321250000000045,11.894893617021278
300610,2023-05-25,11.38,11.46,11.5,11.31,11.45,13437.8,15319800.0,11.48,11.37,11.265499999999983,11.33,12.2,48.28,-0.11,-0.2,0.09,晨化股份,化学原料和化学制品制造业,创业板,11.52249999999999,11.410000000000014,11.34750000000001,11.328750000000046,11.862978723404257
300610,2023-05-26,11.45,11.36,11.53,11.27,11.46,12851.0,14577400.0,11.49,11.39,11.297999999999984,11.32,12.16,45.39,-0.1,-0.18,0.08,晨化股份,化学原料和化学制品制造业,创业板,11.46249999999999,11.427500000000014,11.35750000000001,11.323750000000047,11.83489361702128
300610,2023-05-29,11.35,11.19,11.41,11.12,11.36,14119.2,15847200.0,11.41,11.38,11.307499999999983,11.3,12.12,40.91,-0.11,-0.16,0.05,晨化股份,化学原料和化学制品制造业,创业板,11.36499999999999,11.410000000000014,11.353333333333344,11.324375000000046,11.80276595744681
300610,2023-05-30,11.18,11.19,11.22,11.01,11.19,14207.5,15783500.0,11.33,11.38,11.316999999999982,11.28,12.07,40.91,-0.12,-0.16,0.04,晨化股份,化学原料和化学制品制造业,创业板,11.29999999999999,11.391250000000014,11.359166666666676,11.318750000000046,11.771914893617026
300610,2023-05-31,11.24,11.0,11.24,10.99,11.19,14184.4,15718500.0,11.24,11.35,11.299999999999983,11.26,12.02,36.26,-0.13,-0.15,0.02,晨化股份,化学原料和化学制品制造业,创业板,11.18499999999999,11.353750000000014,11.33500000000001,11.306875000000046,11.731063829787239
300610,2023-06-01,11.03,11.11,11.26,10.96,11.0,16973.0,18904400.0,11.17,11.32,11.283499999999984,11.24,11.98,40.48,-0.14,-0.15,0.01,晨化股份,化学原料和化学制品制造业,创业板,11.12249999999999,11.292500000000015,11.325833333333343,11.298750000000044,11.688085106382983
300610,2023-06-02,11.07,11.55,11.58,11.06,11.11,23281.9,26606200.0,11.21,11.35,11.301999999999984,11.24,11.95,53.66,-0.1,-0.14,0.04,晨化股份,化学原料和化学制品制造业,创业板,11.212499999999991,11.288750000000014,11.344166666666675,11.318125000000045,11.655957446808516
300610,2023-06-05,11.55,11.43,11.62,11.41,11.55,12859.0,14734200.0,11.26,11.33,11.309499999999984,11.25,11.92,50.39,-0.08,-0.13,0.05,晨化股份,化学原料和化学制品制造业,创业板,11.272499999999992,11.286250000000015,11.351666666666675,11.337500000000045,11.618723404255325
300610,2023-06-06,11.4,11.14,11.42,11.14,11.43,14784.0,16628400.0,11.25,11.29,11.306999999999984,11.25,11.88,43.47,-0.09,-0.12,0.03,晨化股份,化学原料和化学制品制造业,创业板,11.307499999999992,11.246250000000014,11.338333333333344,11.328125000000044,11.575531914893624
300610,2023-06-07,11.2,11.15,11.25,11.09,11.14,10665.0,11890700.0,11.28,11.26,11.302499999999984,11.25,11.84,43.76,-0.1,-0.12,0.02,晨化股份,化学原料和化学制品制造业,创业板,11.317499999999992,11.220000000000015,11.300833333333344,11.323750000000045,11.53638297872341
300610,2023-06-08,11.22,11.11,11.22,11.04,11.15,11791.2,13137100.0,11.28,11.22,11.295999999999983,11.25,11.81,42.82,-0.1,-0.11,0.01,晨化股份,化学原料和化学制品制造业,创业板,11.207499999999992,11.210000000000015,11.261666666666677,11.310000000000043,11.499361702127665
300610,2023-06-09,11.1,11.06,11.16,10.97,11.11,12296.0,13566700.0,11.18,11.19,11.292999999999983,11.26,11.78,41.63,-0.11,-0.11,0.0,晨化股份,化学原料和化学制品制造业,创业板,11.114999999999993,11.193750000000016,11.229166666666679,11.292500000000043,11.46297872340426
300610,2023-06-12,11.06,11.22,11.3,10.91,11.06,16615.8,18478200.0,11.14,11.2,11.289499999999984,11.27,11.75,46.76,-0.1,-0.11,0.01,晨化股份,化学原料和化学制品制造业,创业板,11.134999999999993,11.221250000000015,11.209166666666677,11.287500000000042,11.427234042553197
300610,2023-06-13,11.23,11.21,11.29,11.15,11.22,11100.0,12447500.0,11.15,11.2,11.288999999999984,11.28,11.72,46.48,-0.09,-0.11,0.02,晨化股份,化学原料和化学制品制造业,创业板,11.149999999999993,11.233750000000017,11.196666666666678,11.263125000000043,11.391702127659581
300610,2023-06-14,11.22,11.09,11.22,11.07,11.21,9744.5,10826200.0,11.14,11.21,11.276999999999983,11.27,11.69,43.2,-0.09,-0.1,0.01,晨化股份,化学原料和化学制品制造业,创业板,11.144999999999992,11.176250000000017,11.188333333333345,11.232500000000043,11.364042553191497
300610,2023-06-15,11.15,11.24,11.24,11.03,11.09,12307.0,13727800.0,11.16,11.22,11.271999999999984,11.26,11.67,48.13,-0.09,-0.1,0.01,晨化股份,化学原料和化学制品制造业,创业板,11.189999999999992,11.152500000000018,11.192500000000011,11.219375000000044,11.337234042553199
300610,2023-06-16,11.25,11.27,11.32,11.19,11.24,12510.4,14076900.0,11.21,11.19,11.270499999999984,11.27,11.65,49.08,-0.08,-0.1,0.02,晨化股份,化学原料和化学制品制造业,创业板,11.202499999999993,11.168750000000017,11.215000000000012,11.207500000000044,11.309148936170219
300610,2023-06-19,11.27,11.19,11.34,11.16,11.27,11335.1,12710700.0,11.2,11.17,11.249999999999984,11.26,11.62,46.62,-0.07,-0.09,0.02,晨化股份,化学原料和化学制品制造业,创业板,11.197499999999993,11.173750000000016,11.221666666666678,11.196875000000045,11.282553191489368
300610,2023-06-20,11.22,11.06,11.23,11.05,11.19,10092.6,11199600.0,11.17,11.16,11.223999999999984,11.26,11.58,42.87,-0.08,-0.09,0.01,晨化股份,化学原料和化学制品制造业,创业板,11.189999999999994,11.167500000000016,11.180833333333345,11.188750000000045,11.269361702127666
300610,2023-06-21,11.06,10.9,11.19,10.89,11.06,11841.5,13018900.0,11.13,11.14,11.196499999999984,11.25,11.55,38.73,-0.1,-0.09,-0.01,晨化股份,化学原料和化学制品制造业,创业板,11.104999999999993,11.147500000000017,11.136666666666677,11.170625000000046,11.251914893617027
300610,2023-06-26,10.91,10.79,10.98,10.76,10.9,12769.0,13849200.0,11.04,11.1,11.162999999999984,11.23,11.51,36.15,-0.12,-0.1,-0.02,晨化股份,化学原料和化学制品制造业,创业板,10.984999999999992,11.093750000000018,11.10750000000001,11.157500000000045,11.234042553191495
300610,2023-06-27,10.79,11.24,11.24,10.77,10.79,23174.7,25802900.0,11.04,11.12,11.156999999999986,11.24,11.48,50.65,-0.1,-0.1,0.0,晨化股份,化学原料和化学制品制造业,创业板,10.997499999999993,11.097500000000018,11.11500000000001,11.165625000000045,11.225957446808515
300610,2023-06-28,11.27,11.24,11.27,11.07,11.24,12515.0,13989500.0,11.05,11.12,11.159499999999985,11.23,11.45,50.65,-0.08,-0.09,0.01,晨化股份,化学原料和化学制品制造业,创业板,11.042499999999993,11.116250000000017,11.125833333333347,11.146250000000045,11.21765957446809
300610,2023-06-29,11.27,11.41,11.63,11.2,11.24,23274.5,26652500.0,11.12,11.14,11.170499999999986,11.24,11.42,55.11,-0.05,-0.09,0.04,晨化股份,化学原料和化学制品制造业,创业板,11.169999999999993,11.137500000000017,11.155000000000014,11.145000000000044,11.214680851063836
300610,2023-06-30,11.44,11.61,11.71,11.39,11.41,25533.7,29639000.0,11.26,11.2,11.200999999999985,11.25,11.4,59.73,-0.01,-0.07,0.06,晨化股份,化学原料和化学制品制造业,创业板,11.374999999999993,11.180000000000017,11.187500000000012,11.174375000000044,11.220638297872345
300610,2023-07-03,11.61,11.66,11.78,11.56,11.61,23737.2,27790200.0,11.43,11.24,11.228499999999986,11.26,11.38,60.81,0.03,-0.05,0.08,晨化股份,化学原料和化学制品制造业,创业板,11.479999999999992,11.238750000000017,11.22500000000001,11.206250000000043,11.230638297872343
300610,2023-07-04,11.69,11.7,11.73,11.61,11.66,21360.6,24940900.0,11.52,11.28,11.235999999999985,11.27,11.36,61.7,0.06,-0.03,0.09,晨化股份,化学原料和化学制品制造业,创业板,11.59499999999999,11.318750000000017,11.275833333333344,11.243125000000042,11.245744680851068
300610,2023-07-05,11.47,11.46,11.6,11.37,11.7,22900.1,26314700.0,11.57,11.31,11.237499999999985,11.27,11.35,53.81,0.05,-0.01,0.06,晨化股份,化学原料和化学制品制造业,创业板,11.607499999999991,11.388750000000016,11.294166666666676,11.268125000000042,11.25297872340426
300610,2023-07-06,11.47,11.44,11.47,11.31,11.46,16672.0,19007000.0,11.57,11.34,11.252499999999984,11.26,11.33,53.2,0.06,0.0,0.06,晨化股份,化学原料和化学制品制造业,创业板,11.56499999999999,11.470000000000017,11.308333333333342,11.281875000000042,11.268510638297878
300610,2023-07-07,11.44,11.39,11.48,11.31,11.44,17227.1,19623600.0,11.53,11.39,11.264499999999982,11.26,11.31,51.63,0.05,0.01,0.04,晨化股份,化学原料和化学制品制造业,创业板,11.497499999999992,11.488750000000017,11.325000000000008,11.29312500000004,11.276808510638302
300610,2023-07-10,11.44,11.35,11.45,11.3,11.39,18598.6,21124900.0,11.47,11.45,11.27649999999998,11.26,11.29,50.34,0.04,0.02,0.02,晨化股份,化学原料和化学制品制造业,创业板,11.409999999999993,11.502500000000017,11.349166666666674,11.30937500000004,11.284255319148942
300610,2023-07-11,11.39,11.41,11.42,11.22,11.35,17168.0,19465700.0,11.41,11.47,11.293999999999981,11.26,11.29,52.26,0.05,0.02,0.03,晨化股份,化学原料和化学制品制造业,创业板,11.397499999999992,11.502500000000017,11.391666666666673,11.32000000000004,11.285744680851067
300610,2023-07-12,11.41,11.45,11.55,11.41,11.41,20313.0,23283800.0,11.41,11.49,11.30549999999998,11.27,11.28,53.55,0.05,0.03,0.02,晨化股份,化学原料和化学制品制造业,创业板,11.399999999999991,11.482500000000018,11.446666666666673,11.331250000000038,11.285957446808514
300610,2023-07-13,11.39,11.37,11.52,11.32,11.45,24361.9,27761000.0,11.39,11.48,11.31349999999998,11.28,11.28,50.61,0.04,0.03,0.01,晨化股份,化学原料和化学制品制造业,创业板,11.39499999999999,11.446250000000019,11.457500000000005,11.342500000000038,11.290000000000004
300610,2023-07-14,11.4,11.34,11.45,11.3,11.37,12125.0,13768000.0,11.38,11.46,11.325999999999981,11.29,11.27,49.51,0.04,0.03,0.01,晨化股份,化学原料和化学制品制造业,创业板,11.39249999999999,11.401250000000019,11.465833333333338,11.360000000000039,11.291276595744687
300610,2023-07-17,11.3,11.37,11.44,11.19,11.34,15339.0,17388300.0,11.39,11.43,11.33249999999998,11.3,11.27,50.66,0.03,0.03,0.0,晨化股份,化学原料和化学制品制造业,创业板,11.38249999999999,11.390000000000018,11.462500000000006,11.389375000000038,11.295106382978728
300610,2023-07-18,11.39,11.59,11.69,11.35,11.37,29075.0,33549000.0,11.42,11.42,11.34849999999998,11.3,11.27,58.21,0.04,0.03,0.01,晨化股份,化学原料和化学制品制造业,创业板,11.41749999999999,11.408750000000019,11.46083333333334,11.43937500000004,11.302553191489368
300610,2023-07-19,11.59,11.51,11.59,11.43,11.59,15257.0,17537100.0,11.44,11.42,11.36449999999998,11.3,11.27,54.92,0.05,0.04,0.01,晨化股份,化学原料和化学制品制造业,创业板,11.45249999999999,11.42375000000002,11.44833333333334,11.456250000000038,11.30829787234043
300610,2023-07-20,11.55,11.54,11.68,11.5,11.51,22561.0,26156400.0,11.47,11.43,11.38849999999998,11.31,11.28,55.92,0.06,0.04,0.02,晨化股份,化学原料和化学制品制造业,创业板,11.50249999999999,11.44750000000002,11.435000000000008,11.475000000000037,11.317234042553196
300610,2023-07-21,11.56,11.53,11.68,11.43,11.54,16346.5,18881900.0,11.51,11.45,11.419999999999979,11.32,11.29,55.48,0.06,0.05,0.01,晨化股份,化学原料和化学制品制造业,创业板,11.542499999999992,11.46250000000002,11.44083333333334,11.482500000000037,11.32234042553192
300610,2023-07-24,11.49,11.46,11.6,11.36,11.53,14962.0,17102800.0,11.53,11.46,11.45349999999998,11.34,11.29,52.34,0.05,0.05,0.0,晨化股份,化学原料和化学制品制造业,创业板,11.509999999999991,11.46375000000002,11.442500000000008,11.473125000000039,11.327446808510643
300610,2023-07-25,11.57,11.68,11.73,11.46,11.46,20141.4,23456900.0,11.54,11.48,11.475499999999979,11.36,11.31,59.99,0.06,0.05,0.01,晨化股份,化学原料和化学制品制造业,创业板,11.552499999999991,11.502500000000019,11.466666666666674,11.47437500000004,11.33489361702128
300610,2023-07-26,11.78,12.23,12.55,11.63,11.68,100784.0,122740000.0,11.69,11.56,11.524999999999979,11.39,11.33,72.07,0.12,0.06,0.06,晨化股份,化学原料和化学制品制造业,创业板,11.724999999999993,11.61375000000002,11.540000000000006,11.50750000000004,11.353829787234044
300610,2023-07-27,12.23,11.81,12.3,11.77,12.23,78632.4,94508200.0,11.74,11.61,11.544999999999979,11.41,11.34,57.74,0.13,0.08,0.05,晨化股份,化学原料和化学制品制造业,创业板,11.794999999999993,11.668750000000019,11.57333333333334,11.529375000000039,11.364680851063833
300610,2023-07-28,11.8,11.69,11.85,11.53,11.81,43453.6,50726900.0,11.77,11.64,11.548999999999978,11.43,11.35,54.41,0.13,0.09,0.04,晨化股份,化学原料和化学制品制造业,创业板,11.852499999999992,11.681250000000018,11.59333333333334,11.545000000000039,11.366595744680854
300610,2023-07-31,11.69,11.93,12.26,11.69,11.69,44726.8,53639600.0,11.87,11.7,11.562499999999979,11.45,11.36,59.45,0.14,0.1,0.04,晨化股份,化学原料和化学制品制造业,创业板,11.914999999999992,11.733750000000017,11.640000000000008,11.578750000000039,11.37404255319149
300610,2023-08-01,11.91,11.68,11.92,11.59,11.93,32598.4,38109100.0,11.87,11.71,11.56149999999998,11.47,11.37,52.89,0.13,0.1,0.03,晨化股份,化学原料和化学制品制造业,创业板,11.777499999999993,11.751250000000017,11.668333333333342,11.59937500000004,11.378936170212764
300610,2023-08-02,11.64,11.69,11.83,11.64,11.68,19077.0,22400900.0,11.76,11.72,11.572999999999979,11.48,11.37,53.11,0.12,0.11,0.01,晨化股份,化学原料和化学制品制造业,创业板,11.747499999999992,11.771250000000016,11.695000000000007,11.61687500000004,11.383829787234042
300610,2023-08-03,11.63,11.48,11.68,11.46,11.69,24981.0,28770100.0,11.69,11.72,11.574999999999978,11.5,11.38,47.98,0.09,0.1,-0.01,晨化股份,化学原料和化学制品制造业,创业板,11.694999999999993,11.773750000000017,11.68583333333334,11.61875000000004,11.386382978723404
300610,2023-08-04,11.58,11.35,11.67,11.34,11.48,29641.4,33911400.0,11.63,11.7,11.572999999999979,11.51,11.38,45.08,0.06,0.1,-0.04,晨化股份,化学原料和化学制品制造业,创业板,11.549999999999994,11.732500000000016,11.672500000000007,11.617500000000039,11.389787234042553
300610,2023-08-07,11.38,11.21,11.38,11.18,11.35,20293.0,22784100.0,11.48,11.68,11.56599999999998,11.53,11.38,42.13,0.03,0.08,-0.05,晨化股份,化学原料和化学制品制造业,创业板,11.432499999999994,11.605000000000016,11.645000000000008,11.609375000000039,11.390212765957445
300610,2023-08-08,11.25,11.38,11.38,11.18,11.21,14697.0,16586000.0,11.42,11.64,11.56449999999998,11.53,11.38,46.7,0.01,0.07,-0.06,晨化股份,化学原料和化学制品制造业,创业板,11.354999999999995,11.551250000000016,11.632500000000007,11.610000000000039,11.398297872340423
300610,2023-08-09,11.3,11.23,11.34,11.2,11.38,16161.5,18144600.0,11.33,11.54,11.55349999999998,11.53,11.38,43.44,-0.01,0.05,-0.06,晨化股份,化学原料和化学制品制造业,创业板,11.292499999999993,11.493750000000016,11.613333333333339,11.587500000000038,11.400851063829785
300610,2023-08-10,11.31,11.3,11.36,11.22,11.23,12884.0,14557200.0,11.29,11.49,11.54999999999998,11.53,11.38,45.35,-0.03,0.04,-0.07,晨化股份,化学原料和化学制品制造业,创业板,11.279999999999992,11.415000000000017,11.581666666666672,11.574375000000039,11.395531914893615
300610,2023-08-11,11.38,11.1,11.38,11.06,11.3,13665.0,15288800.0,11.24,11.43,11.537999999999979,11.51,11.38,41.07,-0.05,0.02,-0.07,晨化股份,化学原料和化学制品制造业,创业板,11.252499999999992,11.342500000000015,11.487500000000006,11.546875000000039,11.388510638297872
300610,2023-08-14,11.01,11.13,11.19,10.93,11.1,13122.0,14455600.0,11.23,11.36,11.525999999999978,11.49,11.38,41.96,-0.07,0.0,-0.07,晨化股份,化学原料和化学制品制造业,创业板,11.189999999999992,11.272500000000015,11.43083333333334,11.521875000000039,11.388297872340425
300610,2023-08-15,11.13,11.1,11.15,11.05,11.13,7371.5,8177020.0,11.17,11.3,11.501499999999979,11.47,11.37,41.29,-0.08,-0.02,-0.06,晨化股份,化学原料和化学制品制造业,创业板,11.157499999999992,11.225000000000014,11.381666666666673,11.499375000000038,11.387234042553192
300610,2023-08-16,11.06,11.06,11.19,11.02,11.1,8792.0,9764770.0,11.14,11.23,11.47899999999998,11.46,11.36,40.37,-0.1,-0.03,-0.07,晨化股份,化学原料和化学制品制造业,创业板,11.097499999999993,11.188750000000015,11.309166666666671,11.460625000000038,11.386170212765958
300610,2023-08-17,11.1,11.28,11.3,10.93,11.06,14041.2,15670300.0,11.13,11.21,11.46599999999998,11.45,11.36,47.34,-0.09,-0.04,-0.05,晨化股份,化学原料和化学制品制造业,创业板,11.142499999999993,11.197500000000016,11.275833333333338,11.401250000000038,11.390851063829787
300610,2023-08-18,11.32,11.27,11.52,11.22,11.28,18847.2,21493100.0,11.17,11.21,11.45299999999998,11.45,11.36,47.07,-0.08,-0.05,-0.03,晨化股份,化学原料和化学制品制造业,创业板,11.177499999999993,11.183750000000016,11.24083333333334,11.367500000000039,11.39191489361702
300610,2023-08-21,11.19,10.96,11.32,10.95,11.27,21469.0,23740000.0,11.13,11.18,11.42799999999998,11.44,11.35,39.55,-0.1,-0.06,-0.04,晨化股份,化学原料和化学制品制造业,创业板,11.142499999999993,11.150000000000015,11.197500000000007,11.32187500000004,11.38659574468085
300610,2023-08-22,11.07,10.84,11.08,10.6,10.96,21367.8,23036000.0,11.08,11.13,11.38599999999998,11.42,11.34,37.09,-0.13,-0.07,-0.06,晨化股份,化学原料和化学制品制造业,创业板,11.087499999999991,11.092500000000015,11.155000000000008,11.25375000000004,11.38127659574468
300610,2023-08-23,10.85,10.65,10.89,10.64,10.84,11698.0,12547700.0,11.0,11.07,11.30699999999998,11.39,11.33,33.52,-0.16,-0.09,-0.07,晨化股份,化学原料和化学制品制造业,创业板,10.92999999999999,11.036250000000017,11.108333333333341,11.18937500000004,11.368723404255318
300610,2023-08-24,10.75,10.56,10.75,10.49,10.65,11626.4,12311900.0,10.86,11.0,11.24449999999998,11.36,11.32,31.95,-0.19,-0.11,-0.08,晨化股份,化学原料和化学制品制造业,创业板,10.75249999999999,10.965000000000018,11.040000000000008,11.11875000000004,11.353617021276593
300610,2023-08-25,10.57,10.44,10.7,10.4,10.56,14817.3,15629400.0,10.69,10.93,11.18199999999998,11.34,11.31,29.94,-0.22,-0.13,-0.09,晨化股份,化学原料和化学制品制造业,创业板,10.62249999999999,10.882500000000018,10.974166666666676,11.05375000000004,11.337659574468082
300610,2023-08-28,10.86,10.74,11.13,10.69,10.44,35977.4,39224000.0,10.65,10.89,11.122499999999981,11.31,11.3,40.09,-0.22,-0.15,-0.07,晨化股份,化学原料和化学制品制造业,创业板,10.59749999999999,10.842500000000017,10.927500000000009,11.01562500000004,11.330851063829787
300610,2023-08-29,10.75,11.19,11.29,10.61,10.74,31708.9,35052800.0,10.72,10.9,11.097999999999981,11.3,11.3,51.45,-0.18,-0.16,-0.02,晨化股份,化学原料和化学制品制造业,创业板,10.73249999999999,10.831250000000017,10.93500000000001,11.01437500000004,11.337021276595745
300610,2023-08-30,11.2,11.43,11.58,11.15,11.19,34902.9,39927000.0,10.87,10.94,11.084999999999981,11.3,11.3,56.22,-0.13,-0.15,0.02,晨化股份,化学原料和化学制品制造业,创业板,10.949999999999989,10.851250000000016,10.96000000000001,11.017500000000041,11.35063829787234
300610,2023-08-31,11.42,11.27,11.49,11.24,11.43,17361.8,19612300.0,11.01,10.94,11.074499999999983,11.29,11.3,52.52,-0.1,-0.14,0.04,晨化股份,化学原料和化学制品制造业,创业板,11.157499999999988,10.890000000000015,10.974166666666678,11.020000000000042,11.35127659574468
300610,2023-09-01,11.27,11.18,11.37,11.13,11.27,11484.0,12848300.0,11.16,10.93,11.065999999999983,11.28,11.3,50.5,-0.08,-0.13,0.05,晨化股份,化学原料和化学制品制造业,创业板,11.267499999999988,10.932500000000015,10.98416666666668,11.012500000000042,11.349999999999998
300610,2023-09-04,11.19,11.39,11.4,11.19,11.18,23323.0,26440700.0,11.29,10.97,11.074999999999982,11.28,11.31,54.85,-0.05,-0.11,0.06,晨化股份,化学原料和化学制品制造业,创业板,11.317499999999988,11.025000000000015,10.993333333333347,11.030625000000041,11.349574468085105
300610,2023-09-05,11.32,11.45,11.62,11.32,11.39,22771.0,26039400.0,11.34,11.03,11.07849999999998,11.27,11.31,56.04,-0.02,-0.09,0.07,晨化股份,化学原料和化学制品制造业,创业板,11.32249999999999,11.136250000000015,11.008333333333345,11.050625000000041,11.346170212765957
300610,2023-09-06,11.46,11.65,11.66,11.33,11.45,25762.0,29829400.0,11.39,11.13,11.099499999999981,11.25,11.32,59.84,0.03,-0.07,0.1,晨化股份,化学原料和化学制品制造业,创业板,11.41749999999999,11.287500000000016,11.065833333333345,11.085000000000042,11.34595744680851
300610,2023-09-07,11.65,11.46,11.68,11.42,11.65,23841.4,27444800.0,11.43,11.22,11.107499999999982,11.24,11.32,54.98,0.04,-0.05,0.09,晨化股份,化学原料和化学制品制造业,创业板,11.48749999999999,11.377500000000017,11.117500000000012,11.110000000000042,11.340851063829787
300610,2023-09-08,11.46,11.39,11.55,11.38,11.46,13046.0,14906600.0,11.47,11.32,11.121999999999982,11.23,11.33,53.26,0.05,-0.03,0.08,晨化股份,化学原料和化学制品制造业,创业板,11.48749999999999,11.402500000000018,11.179166666666676,11.116875000000041,11.339361702127658
300610,2023-09-11,11.45,11.4,11.55,11.28,11.39,15483.0,17665400.0,11.47,11.38,11.135499999999983,11.21,11.33,53.49,0.05,-0.01,0.06,晨化股份,化学原料和化学制品制造业,创业板,11.47499999999999,11.398750000000017,11.249166666666676,11.12500000000004,11.338510638297869
300610,2023-09-12,11.41,11.37,11.46,11.28,11.4,10672.0,12101100.0,11.45,11.4,11.148999999999983,11.2,11.33,52.67,0.05,0.0,0.05,晨化股份,化学原料和化学制品制造业,创业板,11.40499999999999,11.411250000000019,11.326666666666677,11.15062500000004,11.338085106382977
300610,2023-09-13,11.39,11.27,11.43,11.19,11.37,10857.5,12250200.0,11.38,11.38,11.159499999999984,11.18,11.33,49.95,0.04,0.01,0.03,晨化股份,化学原料和化学制品制造业,创业板,11.35749999999999,11.422500000000017,11.370833333333344,11.177500000000041,11.336382978723401
300610,2023-09-14,11.33,11.2,11.33,11.13,11.27,11231.1,12561900.0,11.33,11.38,11.155499999999982,11.18,11.34,48.07,0.03,0.01,0.02,晨化股份,化学原料和化学制品制造业,创业板,11.309999999999988,11.398750000000017,11.371666666666677,11.21187500000004,11.33191489361702
300610,2023-09-15,11.23,11.24,11.33,11.13,11.2,9710.0,10892000.0,11.3,11.38,11.153999999999982,11.17,11.34,49.25,0.03,0.02,0.01,晨化股份,化学原料和化学制品制造业,创业板,11.269999999999989,11.372500000000016,11.355833333333344,11.25437500000004,11.327446808510636
300610,2023-09-18,11.24,11.37,11.5,11.11,11.24,14566.1,16566900.0,11.29,11.38,11.174499999999982,11.18,11.35,52.96,0.03,0.02,0.01,晨化股份,化学原料和化学制品制造业,创业板,11.269999999999989,11.337500000000016,11.364166666666677,11.31250000000004,11.327446808510636
300610,2023-09-19,11.34,11.16,11.45,11.14,11.37,11640.0,13058800.0,11.25,11.35,11.190499999999982,11.17,11.35,46.98,0.02,0.02,0.0,晨化股份,化学原料和化学制品制造业,创业板,11.242499999999989,11.300000000000015,11.36250000000001,11.33875000000004,11.323617021276592
300610,2023-09-20,11.18,11.13,11.26,11.12,11.16,12963.8,14507700.0,11.22,11.3,11.214499999999981,11.17,11.35,46.17,0.01,0.02,-0.01,晨化股份,化学原料和化学制品制造业,创业板,11.22499999999999,11.267500000000014,11.340833333333341,11.33500000000004,11.318510638297868
300610,2023-09-21,11.12,11.07,11.24,11.05,11.13,14079.0,15645800.0,11.19,11.26,11.23999999999998,11.16,11.34,44.53,-0.01,0.01,-0.02,晨化股份,化学原料和化学制品制造业,创业板,11.18249999999999,11.226250000000014,11.309166666666675,11.312500000000039,11.307446808510635
300610,2023-09-22,11.09,11.23,11.25,11.01,11.07,18574.0,20722700.0,11.19,11.24,11.279499999999981,11.16,11.34,49.67,-0.01,0.01,-0.02,晨化股份,化学原料和化学制品制造业,创业板,11.147499999999992,11.208750000000014,11.274166666666673,11.310000000000038,11.301489361702124
300610,2023-09-25,11.24,11.08,11.3,11.0,11.23,17320.0,19203900.0,11.13,11.21,11.29649999999998,11.16,11.33,45.42,-0.03,0.0,-0.03,晨化股份,化学原料和化学制品制造业,创业板,11.12749999999999,11.185000000000015,11.242500000000007,11.303750000000038,11.291702127659573
300610,2023-09-26,11.08,10.97,11.12,10.96,11.08,12311.0,13554400.0,11.1,11.17,11.285499999999981,11.16,11.32,42.55,-0.04,-0.01,-0.03,晨化股份,化学原料和化学制品制造业,创业板,11.08749999999999,11.156250000000014,11.207500000000005,11.277500000000039,11.279787234042553
300610,2023-09-27,10.98,11.05,11.19,10.85,10.97,16676.1,18479500.0,11.08,11.15,11.266499999999981,11.16,11.31,45.26,-0.05,-0.02,-0.03,晨化股份,化学原料和化学制品制造业,创业板,11.08249999999999,11.132500000000014,11.17833333333334,11.25250000000004,11.271063829787233
300610,2023-09-28,11.08,11.16,11.19,11.05,11.05,12195.0,13588800.0,11.1,11.15,11.26099999999998,11.15,11.3,48.84,-0.04,-0.02,-0.02,晨化股份,化学原料和化学制品制造业,创业板,11.06499999999999,11.106250000000014,11.160833333333338,11.22187500000004,11.259999999999998
300610,2023-10-09,11.19,11.13,11.28,11.09,11.16,22118.0,24708900.0,11.08,11.14,11.25849999999998,11.15,11.3,47.92,-0.04,-0.02,-0.02,晨化股份,化学原料和化学制品制造业,创业板,11.077499999999992,11.102500000000013,11.149166666666671,11.201250000000039,11.236595744680848
300610,2023-10-10,11.09,11.16,11.3,11.07,11.13,16376.0,18321400.0,11.09,11.11,11.24699999999998,11.15,11.3,48.95,-0.04,-0.03,-0.01,晨化股份,化学原料和化学制品制造业,创业板,11.124999999999993,11.106250000000014,11.145833333333337,11.18687500000004,11.222765957446807
300610,2023-10-11,11.17,11.14,11.27,11.08,11.16,15388.2,17193200.0,11.13,11.11,11.23149999999998,11.16,11.29,48.26,-0.03,-0.03,0.0,晨化股份,化学原料和化学制品制造业,创业板,11.147499999999994,11.115000000000013,11.137500000000003,11.170625000000038,11.21106382978723
300610,2023-10-12,11.15,11.3,11.33,11.12,11.14,17621.0,19842200.0,11.18,11.13,11.21399999999998,11.19,11.29,53.85,-0.02,-0.03,0.01,晨化股份,化学原料和化学制品制造业,创业板,11.182499999999994,11.123750000000012,11.13166666666667,11.166250000000039,11.197659574468082
300610,2023-10-13,11.26,11.21,11.39,11.19,11.3,26016.4,29275400.0,11.19,11.14,11.20149999999998,11.21,11.29,50.54,-0.01,-0.02,0.01,晨化股份,化学原料和化学制品制造业,创业板,11.202499999999993,11.140000000000013,11.135833333333338,11.162500000000039,11.187659574468084
300610,2023-10-16,11.21,10.88,11.3,10.81,11.21,26800.0,29345800.0,11.14,11.11,11.175999999999979,11.22,11.28,40.68,-0.04,-0.03,-0.01,晨化股份,化学原料和化学制品制造业,创业板,11.132499999999993,11.128750000000013,11.115000000000004,11.14250000000004,11.17042553191489
300610,2023-10-17,10.92,10.83,10.98,10.78,10.88,14923.0,16177900.0,11.07,11.08,11.14749999999998,11.23,11.27,39.42,-0.06,-0.03,-0.03,晨化股份,化学原料和化学制品制造业,创业板,11.054999999999993,11.101250000000013,11.095000000000006,11.11687500000004,11.15659574468085
300610,2023-10-18,10.8,10.67,10.86,10.67,10.83,14056.0,15070000.0,10.98,11.05,11.11249999999998,11.21,11.25,35.63,-0.09,-0.04,-0.05,晨化股份,化学原料和化学制品制造业,创业板,10.897499999999994,11.040000000000013,11.04833333333334,11.073125000000038,11.142127659574465
300610,2023-10-19,10.66,10.59,10.92,10.51,10.67,19153.9,20505000.0,10.84,11.01,11.078499999999979,11.18,11.24,33.88,-0.11,-0.06,-0.05,晨化股份,化学原料和化学制品制造业,创业板,10.742499999999994,10.972500000000014,11.007500000000006,11.037500000000039,11.128936170212762
300610,2023-10-20,10.61,10.55,10.73,10.5,10.59,13210.0,13984400.0,10.7,10.95,11.04599999999998,11.16,11.22,33.0,-0.14,-0.07,-0.07,晨化股份,化学原料和化学制品制造业,创业板,10.659999999999995,10.896250000000014,10.972500000000005,11.00125000000004,11.111276595744677
300610,2023-10-23,10.6,10.3,10.6,10.22,10.55,19632.0,20323100.0,10.59,10.86,10.99899999999998,11.13,11.2,28.12,-0.18,-0.1,-0.08,晨化股份,化学原料和化学制品制造业,创业板,10.527499999999996,10.791250000000014,10.910000000000005,10.95312500000004,11.091489361702122
300610,2023-10-24,10.4,10.62,10.69,10.31,10.3,26496.3,28070100.0,10.55,10.81,10.96149999999998,11.1,11.19,40.3,-0.18,-0.11,-0.07,晨化股份,化学原料和化学制品制造业,创业板,10.514999999999995,10.706250000000015,10.865000000000007,10.915000000000042,11.07702127659574
300610,2023-10-25,10.77,10.98,11.12,10.63,10.62,28627.8,31349600.0,10.61,10.79,10.95249999999998,11.09,11.18,50.47,-0.14,-0.12,-0.02,晨化股份,化学原料和化学制品制造业,创业板,10.612499999999994,10.677500000000016,10.852500000000006,10.90875000000004,11.074468085106378
300610,2023-10-26,10.91,10.83,10.98,10.63,10.98,19996.0,21477500.0,10.66,10.75,10.93749999999998,11.06,11.15,46.89,-0.13,-0.12,-0.01,晨化股份,化学原料和化学制品制造业,创业板,10.682499999999994,10.671250000000017,10.825000000000008,10.900000000000041,11.068085106382975
300610,2023-10-27,10.71,11.01,11.09,10.63,10.83,26058.4,28592700.0,10.75,10.73,10.93449999999998,11.04,11.14,51.35,-0.11,-0.12,0.01,晨化股份,化学原料和化学制品制造业,创业板,10.859999999999992,10.693750000000017,10.814166666666674,10.89750000000004,11.066170212765952
300610,2023-10-30,11.02,11.09,11.18,10.92,11.01,23539.0,26124700.0,10.91,10.75,10.92749999999998,11.03,11.13,53.23,-0.08,-0.11,0.03,晨化股份,化学原料和化学制品制造业,创业板,10.977499999999994,10.746250000000018,10.796666666666674,10.89312500000004,11.066808510638294
300610,2023-10-31,11.1,11.21,11.24,11.06,11.09,24954.8,27929400.0,11.02,10.78,10.93399999999998,11.03,11.12,55.98,-0.05,-0.1,0.05,晨化股份,化学原料和化学制品制造业,创业板,11.034999999999993,10.823750000000018,10.796666666666674,10.898125000000041,11.065319148936169
300610,2023-11-01,11.25,11.3,11.33,11.11,11.21,17606.0,19857900.0,11.09,10.85,10.95049999999998,11.02,11.11,57.98,-0.01,-0.08,0.07,晨化股份,化学原料和化学制品制造业,创业板,11.152499999999993,10.917500000000018,10.831666666666676,10.906875000000042,11.06595744680851
300610,2023-11-02,11.32,11.17,11.38,11.16,11.3,15037.8,16907100.0,11.16,10.91,10.95649999999998,11.02,11.1,54.16,0.0,-0.06,0.06,晨化股份,化学原料和化学制品制造业,创业板,11.192499999999994,11.026250000000019,10.860000000000007,10.90875000000004,11.07042553191489
300610,2023-11-03,11.17,11.2,11.32,11.15,11.17,12063.8,13547000.0,11.19,10.97,10.95849999999998,11.02,11.1,54.9,0.01,-0.05,0.06,晨化股份,化学原料和化学制品制造业,创业板,11.219999999999992,11.098750000000019,10.904166666666674,10.902500000000039,11.078085106382975
300610,2023-11-06,11.24,11.3,11.38,11.23,11.2,15253.3,17233900.0,11.24,11.07,10.966999999999981,11.02,11.1,57.36,0.03,-0.03,0.06,晨化股份,化学原料和化学制品制造业,创业板,11.24249999999999,11.138750000000018,10.96333333333334,10.90812500000004,11.091914893617018
300610,2023-11-07,11.32,11.3,11.37,11.2,11.3,20566.5,23242100.0,11.25,11.14,10.97399999999998,11.02,11.1,57.36,0.05,-0.02,0.07,晨化股份,化学原料和化学制品制造业,创业板,11.242499999999993,11.197500000000018,11.02583333333334,10.93437500000004,11.107659574468082
300610,2023-11-08,11.34,11.28,11.36,11.23,11.3,16939.3,19156300.0,11.25,11.17,10.98099999999998,11.02,11.1,56.65,0.06,0.0,0.06,晨化股份,化学原料和化学制品制造业,创业板,11.269999999999992,11.231250000000017,11.107500000000007,10.96250000000004,11.125531914893612
300610,2023-11-09,11.29,11.34,11.42,11.23,11.28,28556.5,32374700.0,11.28,11.22,10.98299999999998,11.03,11.1,58.33,0.07,0.01,0.06,晨化股份,化学原料和化学制品制造业,创业板,11.304999999999993,11.262500000000017,11.167500000000006,11.00437500000004,11.13829787234042
300610,2023-11-10,11.28,11.29,11.34,11.12,11.34,18244.4,20542900.0,11.3,11.25,10.986999999999979,11.04,11.1,56.36,0.07,0.02,0.05,晨化股份,化学原料和化学制品制造业,创业板,11.302499999999991,11.272500000000015,11.19333333333334,11.04812500000004,11.140425531914888
300610,2023-11-13,11.23,11.37,11.41,11.21,11.29,18015.8,20423300.0,11.32,11.28,11.01149999999998,11.04,11.1,58.76,0.09,0.04,0.05,晨化股份,化学原料和化学制品制造业,创业板,11.31999999999999,11.281250000000016,11.238333333333339,11.09937500000004,11.139148936170207
300610,2023-11-14,11.41,11.44,11.5,11.3,11.37,23932.8,27296800.0,11.34,11.3,11.041999999999978,11.06,11.11,60.79,0.09,0.05,0.04,晨化股份,化学原料和化学制品制造业,创业板,11.359999999999989,11.315000000000015,11.274166666666673,11.170625000000038,11.142765957446805
300610,2023-11-15,11.5,11.54,11.57,11.41,11.44,19112.5,21963500.0,11.4,11.32,11.085499999999978,11.07,11.12,63.55,0.11,0.06,0.05,晨化股份,化学原料和化学制品制造业,创业板,11.40999999999999,11.357500000000014,11.311666666666673,11.228125000000038,11.15042553191489
300610,2023-11-16,11.49,11.41,11.54,11.41,11.54,12044.0,13803000.0,11.41,11.35,11.126499999999979,11.09,11.12,57.85,0.11,0.07,0.04,晨化股份,化学原料和化学制品制造业,创业板,11.439999999999989,11.371250000000014,11.328333333333338,11.255000000000038,11.150851063829784
300610,2023-11-17,11.46,11.54,11.57,11.37,11.41,16631.3,19131500.0,11.46,11.38,11.175999999999977,11.1,11.13,61.56,0.12,0.08,0.04,晨化股份,化学原料和化学制品制造业,创业板,11.48249999999999,11.401250000000013,11.348333333333336,11.299375000000037,11.152765957446803
300610,2023-11-20,11.55,11.6,11.63,11.46,11.54,16375.4,18920900.0,11.51,11.41,11.240999999999977,11.12,11.13,63.17,0.14,0.09,0.05,晨化股份,化学原料和化学制品制造业,创业板,11.52249999999999,11.441250000000013,11.38416666666667,11.336250000000037,11.15170212765957
300610,2023-11-21,11.55,11.49,11.64,11.49,11.6,13892.0,16056200.0,11.52,11.43,11.284499999999976,11.13,11.14,58.34,0.13,0.1,0.03,晨化股份,化学原料和化学制品制造业,创业板,11.509999999999991,11.460000000000012,11.408333333333339,11.361250000000037,11.152340425531909
300610,2023-11-22,11.44,11.41,11.56,11.4,11.49,13485.0,15455700.0,11.49,11.44,11.305999999999978,11.14,11.15,55.05,0.12,0.1,0.02,晨化股份,化学原料和化学制品制造业,创业板,11.509999999999991,11.475000000000012,11.417500000000004,11.373750000000037,11.152765957446803
300610,2023-11-23,11.51,11.46,11.55,11.38,11.41,13285.0,15235100.0,11.5,11.46,11.337499999999977,11.14,11.16,56.69,0.11,0.11,0.0,晨化股份,化学原料和化学制品制造业,创业板,11.489999999999991,11.486250000000013,11.430833333333338,11.383750000000036,11.154042553191484
300610,2023-11-24,11.47,11.32,11.53,11.28,11.46,13528.1,15366100.0,11.46,11.46,11.352999999999977,11.14,11.18,51.05,0.1,0.1,0.0,晨化股份,化学原料和化学制品制造业,创业板,11.419999999999991,11.471250000000012,11.43416666666667,11.393125000000037,11.152978723404251
300610,2023-11-27,11.31,11.34,11.42,11.23,11.32,18116.1,20522900.0,11.4,11.46,11.365499999999978,11.16,11.19,51.79,0.09,0.1,-0.01,晨化股份,化学原料和化学制品制造业,创业板,11.382499999999991,11.446250000000013,11.43416666666667,11.401875000000038,11.15446808510638
300610,2023-11-28,11.41,11.48,11.5,11.3,11.34,14264.2,16339600.0,11.4,11.46,11.378999999999976,11.18,11.2,56.71,0.09,0.1,-0.01,晨化股份,化学原料和化学制品制造业,创业板,11.399999999999991,11.455000000000014,11.450000000000003,11.413125000000036,11.16042553191489
300610,2023-11-29,11.45,11.41,11.57,11.35,11.48,12554.0,14341200.0,11.4,11.45,11.384499999999976,11.21,11.21,53.76,0.08,0.1,-0.02,晨化股份,化学原料和化学制品制造业,创业板,11.38749999999999,11.438750000000013,11.453333333333335,11.420000000000035,11.164042553191486
300610,2023-11-30,11.43,11.29,11.44,11.17,11.41,14961.5,16865000.0,11.37,11.43,11.390499999999976,11.23,11.2,49.04,0.07,0.09,-0.02,晨化股份,化学原料和化学制品制造业,创业板,11.37999999999999,11.400000000000013,11.440833333333336,11.420625000000035,11.16234042553191
300610,2023-12-01,11.25,11.31,11.4,11.21,11.29,13382.0,15113600.0,11.37,11.41,11.395999999999976,11.25,11.21,49.83,0.05,0.08,-0.03,晨化股份,化学原料和化学制品制造业,创业板,11.372499999999992,11.377500000000014,11.421666666666669,11.418750000000035,11.165531914893611
300610,2023-12-04,11.3,11.32,11.39,11.28,11.31,13195.0,14967600.0,11.36,11.38,11.396999999999975,11.29,11.21,50.25,0.05,0.08,-0.03,晨化股份,化学原料和化学制品制造业,创业板,11.332499999999992,11.366250000000015,11.414166666666668,11.420625000000035,11.169574468085102
300610,2023-12-05,11.43,11.13,11.43,11.13,11.32,19704.4,22115100.0,11.29,11.35,11.388499999999976,11.31,11.2,42.97,0.03,0.07,-0.04,晨化股份,化学原料和化学制品制造业,创业板,11.262499999999992,11.325000000000014,11.380000000000003,11.405625000000034,11.170851063829781
300610,2023-12-06,11.16,11.27,11.41,11.09,11.13,17242.8,19487600.0,11.26,11.33,11.387999999999975,11.32,11.2,48.85,0.02,0.06,-0.04,晨化股份,化学原料和化学制品制造业,创业板,11.257499999999991,11.318750000000012,11.352500000000004,11.395000000000035,11.171702127659568
300610,2023-12-07,11.25,11.16,11.29,11.0,11.27,16735.0,18603400.0,11.24,11.3,11.378999999999975,11.33,11.19,44.93,0.01,0.05,-0.04,晨化股份,化学原料和化学制品制造业,创业板,11.219999999999992,11.296250000000011,11.325000000000003,11.371250000000035,11.173404255319141
300610,2023-12-08,11.2,10.9,11.2,10.88,11.16,16803.0,18482200.0,11.16,11.26,11.359499999999976,11.32,11.18,37.31,-0.02,0.03,-0.05,晨化股份,化学原料和化学制品制造业,创业板,11.114999999999991,11.223750000000011,11.282500000000004,11.339375000000036,11.171914893617013
300610,2023-12-11,10.83,10.99,11.09,10.74,10.9,20674.1,22651100.0,11.09,11.23,11.340499999999976,11.32,11.18,41.04,-0.04,0.02,-0.06,晨化股份,化学原料和化学制品制造业,创业板,11.079999999999991,11.171250000000011,11.243333333333338,11.305000000000037,11.170638297872333
300610,2023-12-12,11.01,11.03,11.06,10.87,10.99,11898.9,13041600.0,11.07,11.18,11.319999999999975,11.31,11.17,42.67,-0.06,0.0,-0.06,晨化股份,化学原料和化学制品制造业,创业板,11.019999999999992,11.138750000000012,11.219166666666672,11.269375000000037,11.167872340425525
300610,2023-12-13,11.03,10.93,11.07,10.9,11.03,10857.0,11921400.0,11.0,11.13,11.289499999999977,11.3,11.16,39.71,-0.07,-0.01,-0.06,晨化股份,化学原料和化学制品制造业,创业板,10.962499999999991,11.091250000000013,11.185000000000004,11.234375000000037,11.163617021276588
300610,2023-12-14,10.98,10.95,11.08,10.93,10.93,10634.0,11700200.0,10.96,11.1,11.266499999999976,11.29,11.16,40.6,-0.08,-0.02,-0.06,晨化股份,化学原料和化学制品制造业,创业板,10.974999999999993,11.045000000000012,11.140833333333338,11.205625000000037,11.159148936170206
300610,2023-12-15,10.95,10.98,11.04,10.93,10.95,8237.5,9040480.0,10.98,11.07,11.238499999999977,11.29,11.15,41.98,-0.08,-0.04,-0.04,晨化股份,化学原料和化学制品制造业,创业板,10.972499999999991,11.026250000000013,11.105000000000004,11.175625000000036,11.155744680851058
300610,2023-12-18,10.93,10.83,11.03,10.81,10.98,14455.1,15764000.0,10.94,11.02,11.199999999999978,11.27,11.15,37.31,-0.1,-0.05,-0.05,晨化股份,化学原料和化学制品制造业,创业板,10.92249999999999,10.971250000000014,11.066666666666672,11.145000000000037,11.14574468085106
300610,2023-12-19,10.81,10.99,11.01,10.75,10.83,12767.6,13879200.0,10.94,11.0,11.174999999999978,11.26,11.14,44.41,-0.09,-0.06,-0.03,晨化股份,化学原料和化学制品制造业,创业板,10.937499999999991,10.950000000000014,11.040000000000006,11.123125000000037,11.14106382978723
300610,2023-12-20,10.99,10.97,11.15,10.94,10.99,11275.5,12460300.0,10.94,10.97,11.152999999999977,11.25,11.14,43.74,-0.09,-0.06,-0.03,晨化股份,化学原料和化学制品制造业,创业板,10.942499999999992,10.958750000000013,11.01083333333334,11.091250000000038,11.142978723404251
300610,2023-12-21,10.93,11.06,11.11,10.67,10.97,18065.4,19660900.0,10.97,10.96,11.132999999999978,11.24,11.14,47.56,-0.09,-0.07,-0.02,晨化股份,化学原料和化学制品制造业,创业板,10.962499999999991,10.967500000000014,11.005000000000008,11.069375000000038,11.147872340425526
300610,2023-12-22,11.06,10.96,11.12,10.88,11.06,16040.2,17588600.0,10.96,10.97,11.114999999999977,11.23,11.13,43.99,-0.09,-0.07,-0.02,晨化股份,化学原料和化学制品制造业,创业板,10.994999999999992,10.958750000000013,10.979166666666673,11.04875000000004,11.154042553191484
300610,2023-12-25,10.96,10.85,10.97,10.67,10.96,19993.0,21568500.0,10.97,10.96,11.090499999999977,11.21,11.13,40.4,-0.09,-0.08,-0.01,晨化股份,化学原料和化学制品制造业,创业板,10.959999999999992,10.948750000000011,10.95333333333334,11.020000000000039,11.159574468085102
300610,2023-12-26,10.78,11.16,11.88,10.68,10.85,86040.6,96631300.0,11.0,10.97,11.074499999999977,11.2,11.13,52.23,-0.07,-0.08,0.01,晨化股份,化学原料和化学制品制造业,创业板,11.007499999999993,10.97500000000001,10.975000000000007,11.010000000000039,11.172553191489357
300610,2023-12-27,11.07,10.95,11.12,10.74,11.16,68892.7,75024900.0,11.0,10.97,11.051499999999978,11.18,11.13,45.62,-0.07,-0.07,0.0,晨化股份,化学原料和化学制品制造业,创业板,10.979999999999993,10.97125000000001,10.971666666666671,10.998750000000038,11.186382978723401
300610,2023-12-28,10.89,11.27,11.43,10.7,10.95,85203.1,94666700.0,11.04,11.0,11.050499999999978,11.18,11.13,54.97,-0.05,-0.07,0.02,晨化股份,化学原料和化学制品制造业,创业板,11.057499999999992,11.02625000000001,10.991666666666672,10.998750000000038,11.200212765957444
300610,2023-12-29,11.29,11.27,11.44,11.15,11.27,43576.8,49055600.0,11.1,11.03,11.04849999999998,11.17,11.13,54.97,-0.03,-0.06,0.03,晨化股份,化学原料和化学制品制造业,创业板,11.162499999999993,11.06125000000001,11.020000000000005,11.00562500000004,11.2063829787234
300610,2024-01-02,11.28,11.43,11.5,11.22,11.27,44552.2,50837600.0,11.22,11.09,11.053999999999979,11.16,11.14,59.06,0.01,-0.05,0.06,晨化股份,化学原料和化学制品制造业,创业板,11.229999999999993,11.11875000000001,11.060000000000008,11.03875000000004,11.219148936170207
300610,2024-01-03,11.5,11.43,11.61,11.33,11.43,40084.5,45927900.0,11.27,11.14,11.06899999999998,11.16,11.14,59.06,0.03,-0.03,0.06,晨化股份,化学原料和化学制品制造业,创业板,11.349999999999994,11.16500000000001,11.097500000000009,11.06625000000004,11.228085106382972
300610,2024-01-04,11.4,11.39,11.49,11.3,11.43,32936.6,37491100.0,11.36,11.18,11.074999999999978,11.16,11.15,57.54,0.04,-0.02,0.06,晨化股份,化学原料和化学制品制造业,创业板,11.379999999999995,11.21875000000001,11.144166666666676,11.088750000000038,11.234468085106375
300610,2024-01-05,11.36,11.2,11.52,11.17,11.39,29080.0,32984900.0,11.34,11.19,11.076999999999979,11.15,11.15,50.88,0.04,-0.01,0.05,晨化股份,化学原料和化学制品制造业,创业板,11.362499999999997,11.262500000000012,11.161666666666674,11.105625000000037,11.234255319148929
300610,2024-01-08,11.2,11.05,11.27,11.05,11.2,23830.0,26525600.0,11.3,11.2,11.084499999999979,11.14,11.14,46.31,0.03,0.0,0.03,晨化股份,化学原料和化学制品制造业,创业板,11.267499999999997,11.248750000000012,11.168333333333342,11.111875000000039,11.228936170212759
300610,2024-01-09,11.05,11.13,11.25,11.03,11.05,19247.5,21441100.0,11.24,11.23,11.091499999999979,11.14,11.15,48.94,0.02,0.01,0.01,晨化股份,化学原料和化学制品制造业,创业板,11.192499999999997,11.27125000000001,11.174166666666673,11.121250000000039,11.228085106382972
300610,2024-01-10,11.16,11.15,11.29,10.97,11.13,21262.6,23710700.0,11.18,11.23,11.097499999999979,11.13,11.15,49.61,0.01,0.01,0.0,晨化股份,化学原料和化学制品制造业,创业板,11.132499999999997,11.256250000000012,11.190000000000007,11.141250000000039,11.227021276595737
300610,2024-01-11,11.11,11.28,11.33,11.04,11.15,21530.0,24062100.0,11.16,11.26,11.114999999999977,11.12,11.16,53.82,0.02,0.01,0.01,晨化股份,化学原料和化学制品制造业,创业板,11.152499999999996,11.257500000000013,11.225833333333341,11.159375000000038,11.226595744680843
300610,2024-01-12,11.28,11.27,11.44,11.25,11.28,24908.2,28258700.0,11.18,11.26,11.130999999999979,11.12,11.17,53.45,0.02,0.01,0.01,晨化股份,化学原料和化学制品制造业,创业板,11.207499999999996,11.237500000000011,11.235000000000008,11.178125000000039,11.225957446808504
300610,2024-01-15,11.27,11.14,11.27,10.99,11.27,20826.3,23205700.0,11.19,11.25,11.13899999999998,11.11,11.18,48.76,0.02,0.01,0.01,晨化股份,化学原料和化学制品制造业,创业板,11.209999999999996,11.201250000000012,11.250833333333341,11.18312500000004,11.222978723404248
300610,2024-01-16,11.2,11.23,11.4,11.1,11.14,29098.0,32643400.0,11.21,11.23,11.15899999999998,11.11,11.2,51.9,0.02,0.01,0.01,晨化股份,化学原料和化学制品制造业,创业板,11.229999999999995,11.181250000000013,11.247500000000008,11.200000000000038,11.220638297872334
300610,2024-01-17,11.24,11.24,11.6,11.21,11.23,62515.8,71356800.0,11.23,11.21,11.171499999999979,11.12,11.21,52.25,0.02,0.02,0.0,晨化股份,化学原料和化学制品制造业,创业板,11.219999999999995,11.186250000000012,11.245000000000006,11.22437500000004,11.219574468085101
300610,2024-01-18,11.0,10.87,11.1,10.58,11.24,62606.2,67910900.0,11.15,11.16,11.16649999999998,11.1,11.21,40.49,-0.01,0.01,-0.02,晨化股份,化学原料和化学制品制造业,创业板,11.119999999999994,11.163750000000013,11.19833333333334,11.20625000000004,11.208936170212759
300610,2024-01-19,10.87,10.97,11.48,10.73,10.87,55267.5,60846100.0,11.09,11.13,11.16199999999998,11.1,11.21,44.15,-0.02,0.0,-0.02,晨化股份,化学原料和化学制品制造业,创业板,11.077499999999993,11.143750000000013,11.160000000000005,11.20750000000004,11.19893617021276
300610,2024-01-22,10.84,10.13,10.88,10.0,10.97,54743.4,57514900.0,10.89,11.04,11.120499999999979,11.07,11.2,28.37,-0.1,-0.02,-0.08,晨化股份,化学原料和化学制品制造业,创业板,10.802499999999995,11.016250000000012,11.055000000000007,11.13625000000004,11.16893617021276
300610,2024-01-23,10.15,10.02,10.2,9.63,10.13,37759.0,37491400.0,10.65,10.93,11.07899999999998,11.04,11.18,27.0,-0.16,-0.05,-0.11,晨化股份,化学原料和化学制品制造业,创业板,10.497499999999993,10.858750000000011,10.956666666666676,11.05812500000004,11.139361702127653
300610,2024-01-24,10.03,9.97,10.18,9.65,10.02,33929.2,33655300.0,10.39,10.81,11.01949999999998,11.0,11.16,26.38,-0.23,-0.08,-0.15,晨化股份,化学原料和化学制品制造业,创业板,10.272499999999994,10.696250000000012,10.866666666666674,10.966875000000039,11.105957446808507
300610,2024-01-25,10.0,10.25,10.28,9.91,9.97,22725.6,22960400.0,10.27,10.71,10.98449999999998,10.98,11.14,35.34,-0.24,-0.11,-0.13,晨化股份,化学原料和化学制品制造业,创业板,10.092499999999994,10.585000000000012,10.793333333333342,10.893125000000039,11.077234042553187
300610,2024-01-26,10.24,10.37,10.65,10.22,10.25,26310.0,27478500.0,10.15,10.62,10.93949999999998,10.96,11.13,38.77,-0.24,-0.14,-0.1,晨化股份,化学原料和化学制品制造业,创业板,10.152499999999993,10.477500000000012,10.72833333333334,10.829375000000038,11.053404255319144
300610,2024-01-29,10.4,9.95,10.4,9.93,10.37,24426.0,24597500.0,10.11,10.5,10.873499999999979,10.93,11.11,32.3,-0.28,-0.17,-0.11,晨化股份,化学原料和化学制品制造业,创业板,10.134999999999994,10.316250000000013,10.617500000000007,10.751250000000038,11.022340425531912
300610,2024-01-30,9.98,9.41,9.98,9.33,9.95,31698.7,30394900.0,9.99,10.32,10.772499999999978,10.88,11.07,26.24,-0.35,-0.2,-0.15,晨化股份,化学原料和化学制品制造业,创业板,9.994999999999994,10.133750000000012,10.462500000000007,10.648750000000037,10.978723404255314
300610,2024-01-31,9.41,8.72,9.43,8.72,9.41,31038.6,27948800.0,9.74,10.07,10.636999999999977,10.8,11.03,20.85,-0.44,-0.25,-0.19,晨化股份,化学原料和化学制品制造业,创业板,9.612499999999994,9.852500000000012,10.260833333333341,10.498125000000037,10.923404255319143
300610,2024-02-01,8.74,8.88,8.95,8.5,8.72,41981.5,36922500.0,9.47,9.87,10.511499999999979,10.73,10.99,24.71,-0.51,-0.3,-0.21,晨化股份,化学原料和化学制品制造业,创业板,9.239999999999995,9.696250000000012,10.065000000000008,10.356250000000037,10.871063829787229
300610,2024-02-02,8.87,8.23,9.1,7.82,8.88,48010.5,40365600.0,9.04,9.59,10.362999999999978,10.64,10.94,20.37,-0.6,-0.36,-0.24,晨化股份,化学原料和化学制品制造业,创业板,8.809999999999995,9.472500000000013,9.814166666666676,10.165625000000036,10.801914893617015
300610,2024-02-05,8.13,6.94,8.13,6.81,8.23,52762.2,38081800.0,8.44,9.27,10.157499999999978,10.5,10.87,14.8,-0.77,-0.44,-0.33,晨化股份,化学原料和化学制品制造业,创业板,8.192499999999995,9.093750000000012,9.486666666666675,9.895000000000035,10.706808510638293
300610,2024-02-06,6.7,7.01,7.33,6.15,6.94,50637.2,33859200.0,7.96,8.97,9.951499999999978,10.38,10.79,16.14,-0.89,-0.53,-0.36,晨化股份,化学原料和化学制品制造业,创业板,7.764999999999995,8.688750000000013,9.156666666666675,9.636875000000035,10.615744680851058
300610,2024-02-07,7.03,6.42,7.18,6.35,7.01,63765.3,41809600.0,7.5,8.62,9.714999999999977,10.22,10.71,14.13,-1.02,-0.63,-0.39,晨化股份,化学原料和化学制品制造业,创业板,7.149999999999995,8.195000000000013,8.847500000000009,9.336250000000035,10.511702127659568
300610,2024-02-08,6.5,7.13,7.16,6.29,6.42,55736.4,37368800.0,7.15,8.31,9.507499999999975,10.09,10.64,26.08,-1.06,-0.72,-0.34,晨化股份,化学原料和化学制品制造业,创业板,6.874999999999996,7.842500000000012,8.606666666666676,9.079375000000034,10.422553191489357
300610,2024-02-19,7.2,7.55,7.77,7.2,7.13,48459.9,36436300.0,7.01,8.02,9.321499999999975,9.97,10.57,32.11,-1.03,-0.78,-0.25,晨化股份,化学原料和化学制品制造业,创业板,7.027499999999995,7.610000000000012,8.40500000000001,8.871875000000035,10.3463829787234
300610,2024-02-20,7.6,7.57,7.67,7.4,7.55,19452.2,14674300.0,7.14,7.79,9.142999999999976,9.84,10.51,32.39,-1.01,-0.83,-0.18,晨化股份,化学原料和化学制品制造业,创业板,7.167499999999995,7.466250000000013,8.181666666666677,8.659375000000034,10.26765957446808
300610,2024-02-21,7.5,7.73,8.08,7.48,7.57,34809.8,27333000.0,7.28,7.62,8.967999999999975,9.72,10.44,34.73,-0.96,-0.85,-0.11,晨化股份,化学原料和化学制品制造业,创业板,7.494999999999994,7.322500000000013,7.961666666666677,8.509375000000034,10.194680851063824
300610,2024-02-22,7.74,7.93,7.99,7.73,7.73,25279.7,19947700.0,7.58,7.54,8.802499999999975,9.6,10.38,37.63,-0.9,-0.86,-0.04,晨化股份,化学原料和化学制品制造业,创业板,7.694999999999994,7.285000000000013,7.793333333333343,8.378750000000034,10.131489361702123
300610,2024-02-23,7.99,8.35,8.35,7.99,7.93,32192.3,26278000.0,7.83,7.49,8.676499999999974,9.5,10.33,43.34,-0.8,-0.85,0.05,晨化股份,化学原料和化学制品制造业,创业板,7.894999999999993,7.461250000000012,7.705000000000009,8.277500000000034,10.075319148936165
300610,2024-02-26,8.39,8.64,8.85,8.37,8.35,41039.6,35293100.0,8.04,7.53,8.559999999999976,9.42,10.28,46.94,-0.7,-0.82,0.12,晨化股份,化学原料和化学制品制造业,创业板,8.162499999999993,7.6650000000000125,7.698333333333342,8.176875000000035,10.02446808510638
300610,2024-02-27,8.71,8.77,8.78,8.51,8.64,28774.9,25007600.0,8.28,7.71,8.491999999999976,9.34,10.24,48.53,-0.6,-0.78,0.18,晨化股份,化学原料和化学制品制造业,创业板,8.422499999999992,7.958750000000013,7.689166666666676,8.076875000000035,9.978510638297868
300610,2024-02-28,8.88,7.92,8.98,7.88,8.77,58454.0,49624800.0,8.32,7.8,8.386999999999976,9.23,10.19,40.1,-0.58,-0.74,0.16,晨化股份,化学原料和化学制品制造业,创业板,8.419999999999993,8.057500000000013,7.663333333333342,7.950000000000034,9.914042553191486
300610,2024-02-29,7.95,8.19,8.21,7.7,7.92,38361.5,30864500.0,8.37,7.98,8.297999999999975,9.14,10.13,43.46,-0.54,-0.7,0.16,晨化股份,化学原料和化学制品制造业,创业板,8.379999999999992,8.137500000000014,7.767500000000009,7.873750000000035,9.854680851063826
300610,2024-03-01,8.2,8.25,8.35,8.1,8.19,27444.8,22529700.0,8.35,8.09,8.197999999999976,9.04,10.08,44.21,-0.49,-0.66,0.17,晨化股份,化学原料和化学制品制造业,创业板,8.282499999999992,8.222500000000014,7.870833333333342,7.844375000000035,9.79978723404255
300610,2024-03-04,8.3,8.12,8.37,8.0,8.25,26188.5,21249300.0,8.25,8.15,8.085499999999975,8.93,10.03,42.89,-0.47,-0.62,0.15,晨化股份,化学原料和化学制品制造业,创业板,8.11999999999999,8.271250000000014,8.012500000000008,7.7968750000000355,9.738723404255316
300610,2024-03-05,8.1,7.93,8.11,7.9,8.12,25999.0,20752700.0,8.08,8.18,7.984499999999976,8.82,9.97,40.95,-0.45,-0.58,0.13,晨化股份,化学原料和化学制品制造业,创业板,8.12249999999999,8.271250000000013,8.079166666666675,7.778125000000036,9.674042553191486
300610,2024-03-06,7.98,8.04,8.11,7.85,7.93,24474.0,19543600.0,8.11,8.21,7.9159999999999755,8.72,9.91,42.57,-0.43,-0.55,0.12,晨化股份,化学原料和化学制品制造业,创业板,8.08499999999999,8.232500000000012,8.120000000000008,7.846875000000036,9.60978723404255
300610,2024-03-07,8.09,8.02,8.21,8.0,8.04,26223.3,21261400.0,8.07,8.22,7.880999999999976,8.61,9.86,42.34,-0.4,-0.52,0.12,晨化股份,化学原料和化学制品制造业,创业板,8.02749999999999,8.155000000000012,8.157500000000008,7.910000000000037,9.547234042553187
300610,2024-03-08,8.0,8.08,8.11,7.94,8.02,15254.8,12249400.0,8.04,8.2,7.840999999999977,8.52,9.81,43.31,-0.38,-0.49,0.11,晨化股份,化学原料和化学制品制造业,创业板,8.01749999999999,8.068750000000012,8.186666666666675,8.013750000000037,9.48829787234042
300610,2024-03-11,8.11,8.19,8.19,8.06,8.08,20847.0,16946000.0,8.05,8.15,7.838999999999977,8.42,9.76,45.14,-0.35,-0.47,0.12,晨化股份,化学原料和化学制品制造业,创业板,8.082499999999989,8.102500000000012,8.208333333333341,8.080000000000037,9.425106382978718
300610,2024-03-12,8.19,8.47,8.51,8.19,8.19,34308.0,28612200.0,8.16,8.12,7.9154999999999776,8.37,9.72,49.6,-0.29,-0.43,0.14,晨化股份,化学原料和化学制品制造业,创业板,8.189999999999989,8.137500000000012,8.21833333333334,8.137500000000037,9.37234042553191
300610,2024-03-13,8.46,8.37,8.53,8.26,8.47,28439.9,23769500.0,8.23,8.17,7.983499999999978,8.31,9.68,48.1,-0.25,-0.39,0.14,晨化股份,化学原料和化学制品制造业,创业板,8.27749999999999,8.152500000000012,8.195833333333342,8.187500000000037,9.310638297872336
300610,2024-03-14,8.37,8.43,8.47,8.28,8.37,28778.0,24115100.0,8.31,8.19,8.083999999999978,8.26,9.63,49.1,-0.22,-0.36,0.14,晨化股份,化学原料和化学制品制造业,创业板,8.36499999999999,8.19125000000001,8.167500000000008,8.231250000000038,9.250212765957443
300610,2024-03-15,8.41,10.12,10.12,8.35,8.43,101400.0,95752800.0,8.72,8.38,8.23349999999998,8.26,9.62,67.84,-0.05,-0.3,0.25,晨化股份,化学原料和化学制品制造业,创业板,8.84749999999999,8.46500000000001,8.350833333333341,8.368125000000038,9.222340425531911
300610,2024-03-18,10.0,10.18,10.57,9.9,10.12,195465.0,199009000.0,9.11,8.58,8.364999999999979,8.25,9.61,68.28,0.08,-0.22,0.3,晨化股份,化学原料和化学制品制造业,创业板,9.27499999999999,8.732500000000012,8.516666666666675,8.482500000000039,9.19574468085106
300610,2024-03-19,9.67,9.74,9.86,9.53,10.18,136037.0,131938000.0,9.37,8.76,8.47349999999998,8.24,9.59,61.54,0.15,-0.15,0.3,晨化股份,化学原料和化学制品制造业,创业板,9.61749999999999,8.947500000000012,8.640833333333342,8.551250000000039,9.160638297872337
300610,2024-03-20,9.66,9.44,9.8,9.42,9.74,98922.7,94382100.0,9.58,8.9,8.55899999999998,8.25,9.56,57.38,0.18,-0.08,0.26,晨化股份,化学原料和化学制品制造业,创业板,9.86999999999999,9.117500000000012,8.750833333333341,8.593125000000038,9.123191489361698
300610,2024-03-21,9.37,9.33,9.43,9.14,9.44,80544.0,74758100.0,9.76,9.04,8.62899999999998,8.27,9.53,55.88,0.2,-0.03,0.23,晨化股份,化学原料和化学制品制造业,创业板,9.67249999999999,9.260000000000012,8.867500000000007,8.68125000000004,9.086595744680848
300610,2024-03-22,9.3,9.09,9.31,8.94,9.33,67319.0,61301500.0,9.56,9.14,8.66599999999998,8.27,9.5,52.66,0.18,0.02,0.16,晨化股份,化学原料和化学制品制造业,创业板,9.39999999999999,9.337500000000013,8.955000000000007,8.73750000000004,9.043191489361698
300610,2024-03-25,9.09,9.02,9.2,8.96,9.09,44386.0,40322000.0,9.32,9.22,8.684999999999983,8.3,9.47,51.73,0.17,0.05,0.12,晨化股份,化学原料和化学制品制造业,创业板,9.21999999999999,9.418750000000012,9.038333333333341,8.78562500000004,8.997872340425527
300610,2024-03-26,9.09,9.59,9.59,9.03,9.02,88168.0,81937700.0,9.29,9.33,8.725999999999981,8.39,9.45,58.24,0.2,0.08,0.12,晨化股份,化学原料和化学制品制造业,创业板,9.25749999999999,9.563750000000013,9.164166666666675,8.87750000000004,8.961914893617017
300610,2024-03-27,9.45,8.69,9.45,8.6,9.59,73321.6,66612500.0,9.14,9.36,8.764499999999982,8.44,9.41,47.38,0.15,0.09,0.06,晨化股份,化学原料和化学制品制造业,创业板,9.09749999999999,9.385000000000012,9.205833333333342,8.92500000000004,8.90702127659574
300610,2024-03-28,8.57,8.87,8.98,8.56,8.69,44815.2,39525800.0,9.05,9.41,8.798499999999983,8.52,9.37,49.41,0.12,0.1,0.02,晨化股份,化学原料和化学制品制造业,创业板,9.04249999999999,9.221250000000012,9.239166666666675,8.97687500000004,8.858723404255317
300610,2024-03-29,8.88,9.06,9.09,8.82,8.87,38037.0,34242700.0,9.05,9.3,8.838999999999983,8.59,9.34,51.54,0.11,0.1,0.01,晨化股份,化学原料和化学制品制造业,创业板,9.052499999999991,9.136250000000013,9.296666666666676,9.04187500000004,8.812553191489359
300610,2024-04-01,9.06,9.32,9.4,9.0,9.06,44145.0,40769600.0,9.11,9.22,8.898999999999983,8.65,9.31,54.36,0.12,0.1,0.02,晨化股份,化学原料和化学制品制造业,创业板,8.984999999999992,9.121250000000014,9.370833333333342,9.119375000000039,8.771702127659571
300610,2024-04-02,9.29,9.55,9.58,9.28,9.32,68265.5,64745800.0,9.1,9.2,8.979999999999983,8.71,9.28,56.77,0.16,0.12,0.04,晨化股份,化学原料和化学制品制造业,创业板,9.199999999999992,9.148750000000014,9.323333333333341,9.20437500000004,8.743617021276592
300610,2024-04-03,9.4,9.49,9.67,9.25,9.55,59793.0,56434100.0,9.26,9.2,9.052499999999984,8.77,9.25,55.94,0.17,0.13,0.04,晨化股份,化学原料和化学制品制造业,创业板,9.354999999999993,9.198750000000013,9.26583333333334,9.26812500000004,8.712127659574463
300610,2024-04-08,9.41,9.03,9.41,9.03,9.49,48553.1,44629500.0,9.29,9.17,9.102999999999984,8.81,9.21,49.93,0.14,0.13,0.01,晨化股份,化学原料和化学制品制造业,创业板,9.347499999999993,9.200000000000014,9.206666666666674,9.30937500000004,8.688723404255315
300610,2024-04-09,9.0,9.56,9.57,9.0,9.03,67168.5,63137400.0,9.39,9.22,9.176999999999982,8.85,9.18,55.82,0.16,0.14,0.02,晨化股份,化学原料和化学制品制造业,创业板,9.407499999999994,9.196250000000013,9.216666666666674,9.38000000000004,8.678936170212761
300610,2024-04-10,9.7,9.47,9.7,9.32,9.56,67804.4,64422000.0,9.42,9.26,9.240999999999982,8.88,9.15,54.64,0.16,0.14,0.02,晨化股份,化学原料和化学制品制造业,创业板,9.387499999999992,9.293750000000014,9.22833333333334,9.33937500000004,8.668297872340421
300610,2024-04-11,9.44,9.54,9.63,9.29,9.47,49437.0,46962600.0,9.42,9.26,9.294499999999982,8.9,9.12,55.43,0.18,0.15,0.03,晨化股份,化学原料和化学制品制造业,创业板,9.399999999999991,9.377500000000012,9.26583333333334,9.299375000000039,8.653191489361697
300610,2024-04-12,9.48,9.67,9.77,9.35,9.54,69482.2,66644100.0,9.45,9.36,9.359499999999981,8.96,9.1,56.92,0.19,0.16,0.03,晨化股份,化学原料和化学制品制造业,创业板,9.559999999999992,9.453750000000012,9.320000000000007,9.295000000000037,8.638297872340422
300610,2024-04-15,9.6,8.9,9.65,8.77,9.67,76564.1,69610600.0,9.43,9.36,9.382999999999981,8.99,9.06,46.9,0.14,0.15,-0.01,晨化股份,化学原料和化学制品制造业,创业板,9.39499999999999,9.401250000000012,9.262500000000008,9.261250000000038,8.615957446808507
300610,2024-04-16,8.85,8.0,8.85,7.88,8.9,64015.1,52324200.0,9.12,9.25,9.276999999999981,8.98,9.01,38.39,0.03,0.13,-0.1,晨化股份,化学原料和化学制品制造业,创业板,9.027499999999991,9.207500000000012,9.205000000000007,9.178125000000037,8.585957446808505
300610,2024-04-17,8.18,8.78,8.8,8.18,8.0,45368.5,39078900.0,8.98,9.2,9.206999999999981,9.0,8.96,47.31,0.0,0.1,-0.1,晨化股份,化学原料和化学制品制造业,创业板,8.837499999999991,9.118750000000013,9.197500000000007,9.158750000000037,8.587234042553186
300610,2024-04-18,8.62,8.68,8.94,8.6,8.78,35354.0,31061900.0,8.81,9.11,9.15399999999998,9.02,8.92,46.38,-0.03,0.08,-0.11,晨化股份,化学原料和化学制品制造业,创业板,8.589999999999991,9.075000000000014,9.16583333333334,9.137500000000037,8.58297872340425
300610,2024-04-19,8.68,9.07,9.33,8.46,8.68,70317.6,63601500.0,8.69,9.07,9.13549999999998,9.06,8.89,50.46,-0.03,0.06,-0.09,晨化股份,化学原料和化学制品制造业,创业板,8.632499999999991,9.013750000000012,9.145000000000008,9.105000000000036,8.600851063829781
300610,2024-04-22,8.94,8.82,9.04,8.5,9.07,49273.0,43141900.0,8.67,9.05,9.10999999999998,9.09,8.85,47.95,-0.03,0.04,-0.07,晨化股份,化学原料和化学制品制造业,创业板,8.837499999999991,8.932500000000012,9.084166666666674,9.113125000000036,8.640851063829782
300610,2024-04-23,8.75,9.02,9.32,8.66,8.82,57537.8,51415300.0,8.87,9.0,9.10649999999998,9.12,8.82,50.09,-0.03,0.02,-0.05,晨化股份,化学原料和化学制品制造业,创业板,8.89749999999999,8.86750000000001,9.045000000000007,9.122500000000036,8.68361702127659
300610,2024-04-24,8.85,9.09,9.1,8.71,9.02,45381.9,40612000.0,8.94,8.96,9.10999999999998,9.15,8.78,50.85,-0.02,0.02,-0.04,晨化股份,化学原料和化学制品制造业,创业板,8.999999999999991,8.79500000000001,9.050000000000008,9.124375000000036,8.740425531914887
300610,2024-04-25,9.05,9.38,9.52,8.93,9.09,69036.0,64580300.0,9.08,8.94,9.09949999999998,9.18,8.77,53.99,0.02,0.02,0.0,晨化股份,化学原料和化学制品制造业,创业板,9.077499999999992,8.85500000000001,9.035000000000007,9.128125000000036,8.788297872340419
300610,2024-04-26,9.22,9.45,9.73,9.01,9.38,83703.4,78453000.0,9.15,8.92,9.137499999999978,9.21,8.76,54.75,0.05,0.02,0.03,晨化股份,化学原料和化学制品制造业,创业板,9.23499999999999,9.03625000000001,9.03333333333334,9.121875000000035,8.828723404255312
300610,2024-04-29,9.45,9.53,9.68,9.31,9.45,64681.0,61502300.0,9.29,8.98,9.17049999999998,9.25,8.76,55.64,0.07,0.03,0.04,晨化股份,化学原料和化学制品制造业,创业板,9.36249999999999,9.13000000000001,9.032500000000008,9.124375000000034,8.870425531914886
300610,2024-04-30,9.48,9.47,9.87,9.38,9.53,74373.7,71314200.0,9.38,9.13,9.190999999999978,9.23,8.74,54.77,0.1,0.05,0.05,晨化股份,化学原料和化学制品制造业,创业板,9.457499999999989,9.228750000000009,9.015833333333342,9.151875000000034,8.907446808510631
300610,2024-05-06,9.48,9.97,9.98,9.46,9.47,103631.0,101253000.0,9.56,9.25,9.223499999999978,9.22,8.74,60.34,0.14,0.06,0.08,晨化股份,化学原料和化学制品制造业,创业板,9.604999999999988,9.34125000000001,9.105000000000008,9.177500000000034,8.95085106382978
300610,2024-05-07,9.9,10.84,11.54,9.83,9.97,207083.0,220706000.0,9.85,9.46,9.287999999999979,9.26,8.75,67.78,0.25,0.1,0.15,晨化股份,化学原料和化学制品制造业,创业板,9.952499999999986,9.59375000000001,9.341666666666674,9.263125000000034,9.003829787234034
300610,2024-05-08,10.53,10.4,10.84,10.33,10.84,137186.0,144068000.0,10.04,9.6,9.333499999999978,9.29,8.77,61.5,0.3,0.14,0.16,晨化股份,化学原料和化学制品制造业,创业板,10.169999999999986,9.766250000000012,9.476666666666675,9.316875000000035,9.041276595744673
300610,2024-05-09,10.35,10.54,10.73,10.35,10.4,104565.0,110374000.0,10.24,9.77,9.408999999999978,9.33,8.8,62.68,0.35,0.18,0.17,晨化股份,化学原料和化学制品制造业,创业板,10.437499999999986,9.947500000000012,9.631666666666675,9.371250000000035,9.078936170212758
300610,2024-05-10,10.45,10.24,10.88,10.19,10.54,105671.0,110755000.0,10.4,9.89,9.442999999999978,9.37,8.82,58.53,0.35,0.22,0.13,晨化股份,化学原料和化学制品制造业,创业板,10.504999999999987,10.055000000000012,9.729166666666673,9.455000000000036,9.128297872340418
300610,2024-05-13,10.03,10.2,10.8,9.9,10.24,74674.0,76582700.0,10.44,10.0,9.479499999999977,9.41,8.85,57.97,0.35,0.24,0.11,晨化股份,化学原料和化学制品制造业,创业板,10.344999999999985,10.148750000000012,9.844166666666673,9.592500000000035,9.171063829787226
300610,2024-05-14,10.09,10.54,10.7,10.09,10.2,138516.0,145918000.0,10.38,10.12,9.529499999999977,9.44,8.91,61.31,0.37,0.27,0.1,晨化股份,化学原料和化学制品制造业,创业板,10.379999999999985,10.275000000000013,9.97083333333334,9.702500000000034,9.219787234042546
300610,2024-05-15,10.35,10.2,10.57,10.1,10.54,85437.4,87903400.0,10.34,10.19,9.555999999999978,9.49,8.97,56.48,0.36,0.29,0.07,晨化股份,化学原料和化学制品制造业,创业板,10.294999999999986,10.366250000000013,10.06333333333334,9.797500000000033,9.264042553191482
300610,2024-05-16,10.4,10.28,10.87,10.15,10.2,79945.0,83255800.0,10.29,10.27,9.624999999999977,9.54,9.03,57.33,0.35,0.3,0.05,晨化股份,化学原料和化学制品制造业,创业板,10.304999999999986,10.405000000000014,10.13833333333334,9.873125000000034,9.31404255319148
300610,2024-05-17,10.13,9.97,10.23,9.87,10.28,92630.8,92611500.0,10.24,10.32,9.723499999999976,9.57,9.08,53.0,0.31,0.3,0.01,晨化股份,化学原料和化学制品制造业,创业板,10.247499999999985,10.296250000000013,10.181666666666674,9.945000000000034,9.355106382978715
300610,2024-05-20,9.97,10.02,10.2,9.87,9.97,73447.0,73503000.0,10.2,10.32,9.785499999999978,9.59,9.12,53.61,0.28,0.3,-0.02,晨化股份,化学原料和化学制品制造业,创业板,10.117499999999984,10.248750000000012,10.222500000000005,10.007500000000034,9.397659574468076
300610,2024-05-21,9.94,9.71,9.97,9.66,10.02,59359.6,58038400.0,10.04,10.21,9.836999999999978,9.6,9.15,49.34,0.24,0.29,-0.05,晨化股份,化学原料和化学制品制造业,创业板,9.994999999999983,10.145000000000014,10.242500000000007,10.046250000000034,9.432340425531907
300610,2024-05-22,9.75,9.75,9.82,9.55,9.71,56744.7,54961000.0,9.95,10.14,9.870999999999977,9.6,9.19,49.89,0.2,0.27,-0.07,晨化股份,化学原料和化学制品制造业,创业板,9.862499999999983,10.083750000000014,10.224166666666674,10.069375000000035,9.465531914893608
300610,2024-05-23,9.68,9.51,9.69,9.47,9.75,40451.0,38623300.0,9.79,10.04,9.905499999999979,9.62,9.21,46.6,0.15,0.24,-0.09,晨化股份,化学原料和化学制品制造业,创业板,9.747499999999983,9.997500000000015,10.113333333333339,10.073125000000035,9.487659574468076
300610,2024-05-24,9.56,9.48,9.58,9.36,9.51,36337.8,34514600.0,9.69,9.97,9.928499999999977,9.62,9.23,46.18,0.1,0.22,-0.12,晨化股份,化学原料和化学制品制造业,创业板,9.612499999999983,9.865000000000016,10.03666666666667,10.070000000000034,9.511276595744672
300610,2024-05-27,9.47,9.7,9.71,9.39,9.48,33313.0,31643800.0,9.63,9.92,9.958999999999977,9.62,9.25,49.69,0.08,0.19,-0.11,晨化股份,化学原料和化学制品制造业,创业板,9.609999999999983,9.802500000000016,9.96666666666667,10.084375000000033,9.538297872340417
300610,2024-05-28,9.7,9.55,9.7,9.43,9.7,42969.8,41021900.0,9.6,9.82,9.967499999999976,9.63,9.26,47.42,0.05,0.16,-0.11,晨化股份,化学原料和化学制品制造业,创业板,9.559999999999985,9.711250000000016,9.909166666666673,10.058125000000034,9.526170212765948
300610,2024-05-29,9.59,9.62,9.69,9.47,9.55,37760.4,36284500.0,9.57,9.76,9.975999999999978,9.62,9.29,48.6,0.04,0.14,-0.1,晨化股份,化学原料和化学制品制造业,创业板,9.587499999999984,9.667500000000016,9.860833333333337,9.981875000000034,9.514255319148926
300610,2024-05-30,9.53,10.0,10.65,9.53,9.62,155931.0,158857000.0,9.67,9.73,9.999499999999978,9.66,9.32,54.55,0.06,0.12,-0.06,晨化股份,化学原料和化学制品制造业,创业板,9.717499999999983,9.665000000000017,9.815833333333337,9.956875000000034,9.519787234042544
300610,2024-05-31,9.99,9.77,10.14,9.66,10.0,110408.0,108341000.0,9.73,9.71,10.014499999999979,9.72,9.35,50.72,0.06,0.11,-0.05,晨化股份,化学原料和化学制品制造业,创业板,9.734999999999982,9.672500000000017,9.780000000000003,9.908750000000035,9.526808510638288
300610,2024-06-03,9.65,9.42,9.67,9.34,9.77,66353.7,62816600.0,9.67,9.65,9.986999999999977,9.74,9.37,45.49,0.02,0.09,-0.07,晨化股份,化学原料和化学制品制造业,创业板,9.702499999999983,9.631250000000017,9.708333333333337,9.857500000000034,9.52872340425531
300610,2024-06-04,9.49,9.22,9.49,9.06,9.42,45698.0,41932300.0,9.61,9.6,9.905999999999977,9.76,9.39,42.77,-0.02,0.07,-0.09,晨化股份,化学原料和化学制品制造业,创业板,9.602499999999983,9.595000000000017,9.645833333333337,9.796250000000034,9.53148936170212
300610,2024-06-05,9.22,8.93,9.22,8.93,9.22,42281.2,38164600.0,9.47,9.52,9.832499999999978,9.75,9.41,39.13,-0.08,0.04,-0.12,晨化股份,化学原料和化学制品制造业,创业板,9.334999999999983,9.526250000000017,9.555000000000003,9.695625000000035,9.529574468085098
300610,2024-06-06,8.99,8.52,9.08,8.41,8.93,49474.5,42736700.0,9.17,9.42,9.73149999999998,9.74,9.41,34.63,-0.16,0.0,-0.16,晨化股份,化学原料和化学制品制造业,创业板,9.022499999999983,9.378750000000016,9.455833333333336,9.590625000000037,9.50680851063829
300610,2024-06-07,8.63,8.97,9.02,8.6,8.52,54346.9,48477000.0,9.01,9.37,9.667999999999978,9.74,9.43,42.45,-0.18,-0.04,-0.14,晨化股份,化学原料和化学制品制造业,创业板,8.909999999999982,9.306250000000016,9.390833333333335,9.508750000000036,9.5127659574468
300610,2024-06-11,8.96,8.98,9.05,8.68,8.97,26850.1,23797500.0,8.92,9.3,9.606999999999978,9.74,9.44,42.61,-0.19,-0.07,-0.12,晨化股份,化学原料和化学制品制造业,创业板,8.849999999999984,9.226250000000016,9.34666666666667,9.446875000000036,9.515106382978717
300610,2024-06-12,9.01,9.17,9.25,8.99,8.98,31234.4,28683200.0,8.91,9.26,9.538499999999978,9.73,9.45,45.78,-0.19,-0.09,-0.1,晨化股份,化学原料和化学制品制造业,创业板,8.909999999999984,9.122500000000016,9.320833333333335,9.393750000000034,9.517446808510632
300610,2024-06-13,9.22,9.03,9.26,9.01,9.17,22976.4,20875700.0,8.93,9.2,9.479999999999979,9.72,9.47,43.86,-0.19,-0.11,-0.08,晨化股份,化学原料和化学制品制造业,创业板,9.037499999999984,9.030000000000017,9.265000000000002,9.351250000000034,9.511276595744674
300610,2024-06-14,9.09,9.07,9.12,8.9,9.03,18891.2,17076800.0,9.04,9.11,9.419499999999978,9.7,9.48,44.57,-0.18,-0.13,-0.05,晨化股份,化学原料和化学制品制造业,创业板,9.062499999999984,8.986250000000018,9.225000000000003,9.308750000000034,9.501063829787228
300610,2024-06-17,9.06,9.02,9.07,8.96,9.07,16494.0,14862900.0,9.05,9.03,9.371999999999979,9.69,9.46,43.82,-0.18,-0.14,-0.04,晨化股份,化学原料和化学制品制造业,创业板,9.072499999999984,8.961250000000017,9.175000000000002,9.278125000000035,9.491063829787226
300610,2024-06-18,9.08,9.13,9.18,8.96,9.02,19562.4,17807100.0,9.08,9.0,9.327499999999977,9.66,9.44,45.98,-0.18,-0.14,-0.04,晨化股份,化学原料和化学制品制造业,创业板,9.062499999999984,8.986250000000016,9.102500000000001,9.256250000000035,9.493191489361696
300610,2024-06-19,9.19,9.18,9.22,9.1,9.13,21867.0,20049800.0,9.09,9.0,9.300999999999977,9.6,9.43,46.98,-0.16,-0.15,-0.01,晨化股份,化学原料和化学制品制造业,创业板,9.099999999999984,9.068750000000017,9.053333333333336,9.223750000000036,9.485106382978717
300610,2024-06-20,9.01,8.77,9.22,8.75,9.18,29677.5,26488200.0,9.03,8.98,9.251999999999978,9.55,9.42,40.39,-0.18,-0.15,-0.03,晨化股份,化学原料和化学制品制造业,创业板,9.024999999999983,9.043750000000017,8.99916666666667,9.175000000000036,9.470212765957438
300610,2024-06-21,8.65,8.77,8.85,8.59,8.77,18244.3,15965000.0,8.97,9.01,9.214999999999979,9.49,9.41,40.39,-0.2,-0.16,-0.04,晨化股份,化学原料和化学制品制造业,创业板,8.962499999999984,9.017500000000016,8.961666666666668,9.121875000000037,9.453829787234033
300610,2024-06-24,8.77,8.37,8.77,8.34,8.77,25042.0,21234300.0,8.84,8.95,9.15949999999998,9.43,9.4,34.86,-0.23,-0.18,-0.05,晨化股份,化学原料和化学制品制造业,创业板,8.772499999999983,8.917500000000016,8.915000000000001,9.020000000000037,9.426170212765948
300610,2024-06-25,8.4,8.53,8.66,8.4,8.37,24705.0,21115300.0,8.72,8.9,9.100999999999981,9.37,9.39,38.49,-0.25,-0.19,-0.06,晨化股份,化学原料和化学制品制造业,创业板,8.609999999999983,8.855000000000016,8.915833333333335,8.942500000000036,9.418297872340416
300610,2024-06-26,8.47,8.8,8.84,8.42,8.53,24212.0,20972200.0,8.65,8.87,9.06349999999998,9.31,9.38,44.14,-0.24,-0.2,-0.04,晨化股份,化学原料和化学制品制造业,创业板,8.617499999999986,8.821250000000017,8.901666666666669,8.903750000000038,9.435319148936161
300610,2024-06-27,8.77,8.7,8.89,8.7,8.8,14844.0,13019700.0,8.63,8.83,9.01749999999998,9.26,9.38,42.58,-0.24,-0.21,-0.03,晨化股份,化学原料和化学制品制造业,创业板,8.599999999999987,8.781250000000018,8.878333333333336,8.871250000000037,9.433617021276588
300610,2024-06-28,8.71,8.77,8.87,8.65,8.7,20648.0,18184500.0,8.63,8.8,8.95599999999998,9.21,9.38,44.07,-0.23,-0.21,-0.02,晨化股份,化学原料和化学制品制造业,创业板,8.699999999999987,8.736250000000018,8.845,8.861250000000037,9.435531914893607
300610,2024-07-01,8.82,9.06,9.12,8.7,8.77,33480.3,29991300.0,8.77,8.81,8.92049999999998,9.18,9.38,49.88,-0.19,-0.21,0.02,晨化股份,化学原料和化学制品制造业,创业板,8.832499999999987,8.721250000000019,8.847500000000002,8.895000000000037,9.435319148936161
300610,2024-07-02,9.05,8.99,9.06,8.9,9.06,23210.4,20830500.0,8.86,8.79,8.898999999999981,9.15,9.37,48.57,-0.16,-0.2,0.04,晨化股份,化学原料和化学制品制造业,创业板,8.879999999999988,8.748750000000019,8.840833333333334,8.896250000000038,9.438936170212758
300610,2024-07-03,8.96,8.95,9.02,8.9,8.99,16327.4,14611700.0,8.89,8.77,8.88549999999998,9.12,9.36,47.79,-0.14,-0.19,0.05,晨化股份,化学原料和化学制品制造业,创业板,8.942499999999988,8.77125000000002,8.835,8.894375000000037,9.43744680851063
300610,2024-07-04,8.95,8.58,8.99,8.57,8.95,20969.0,18273400.0,8.87,8.75,8.86799999999998,9.09,9.34,41.26,-0.16,-0.18,0.02,晨化股份,化学原料和化学制品制造业,创业板,8.894999999999989,8.797500000000019,8.789166666666668,8.857500000000039,9.426595744680842
300610,2024-07-05,8.59,8.67,8.72,8.48,8.58,13735.4,11835300.0,8.85,8.74,8.87549999999998,9.06,9.34,43.29,-0.16,-0.18,0.02,晨化股份,化学原料和化学制品制造业,创业板,8.797499999999989,8.815000000000019,8.746666666666668,8.835000000000038,9.41148936170212
300610,2024-07-08,8.67,8.64,8.99,8.47,8.67,26136.0,22755000.0,8.77,8.77,8.858999999999979,9.03,9.32,42.76,-0.17,-0.18,0.01,晨化股份,化学原料和化学制品制造业,创业板,8.709999999999988,8.79500000000002,8.735833333333334,8.80812500000004,9.394255319148929
300610,2024-07-09,8.52,9.17,9.27,8.31,8.64,85452.4,76860600.0,8.8,8.83,8.86849999999998,9.01,9.32,53.59,-0.12,-0.16,0.04,晨化股份,化学原料和化学制品制造业,创业板,8.76499999999999,8.85375000000002,8.769166666666669,8.817500000000038,9.386595744680845
300610,2024-07-10,9.0,8.69,9.03,8.63,9.17,71616.0,63163100.0,8.75,8.82,8.844499999999979,8.98,9.3,45.24,-0.12,-0.16,0.04,晨化股份,化学原料和化学制品制造业,创业板,8.79249999999999,8.84375000000002,8.795833333333334,8.790000000000038,9.369999999999992
300610,2024-07-11,8.76,8.92,8.96,8.74,8.69,52706.0,46766200.0,8.82,8.84,8.838999999999979,8.96,9.29,49.31,-0.11,-0.15,0.04,晨化股份,化学原料和化学制品制造业,创业板,8.85499999999999,8.82625000000002,8.828333333333335,8.773750000000037,9.347659574468077
300610,2024-07-12,8.92,8.81,9.03,8.74,8.92,31912.0,28200400.0,8.85,8.85,8.82599999999998,8.92,9.29,47.49,-0.1,-0.14,0.04,晨化股份,化学原料和化学制品制造业,创业板,8.89749999999999,8.80375000000002,8.829166666666667,8.776250000000037,9.304468085106375
300610,2024-07-15,8.78,8.66,8.78,8.64,8.81,21356.8,18549700.0,8.85,8.81,8.807999999999979,8.88,9.3,45.05,-0.11,-0.13,0.02,晨化股份,化学原料和化学制品制造业,创业板,8.769999999999989,8.76750000000002,8.825833333333334,8.769375000000036,9.267446808510632
300610,2024-07-16,8.64,8.53,8.65,8.43,8.66,22699.2,19318200.0,8.72,8.76,8.77799999999998,8.85,9.3,42.99,-0.12,-0.13,0.01,晨化股份,化学原料和化学制品制造业,创业板,8.72999999999999,8.76125000000002,8.805833333333334,8.779375000000035,9.224680851063823
300610,2024-07-17,8.63,8.58,8.98,8.52,8.53,33643.3,29154600.0,8.7,8.72,8.74799999999998,8.83,9.3,44.05,-0.13,-0.13,0.0,晨化股份,化学原料和化学制品制造业,创业板,8.644999999999989,8.75000000000002,8.765833333333335,8.782500000000036,9.189361702127652
300610,2024-07-18,8.43,8.49,8.53,8.29,8.58,23050.5,19395300.0,8.61,8.72,8.733999999999979,8.82,9.29,42.52,-0.14,-0.13,-0.01,晨化股份,化学原料和化学制品制造业,创业板,8.564999999999989,8.731250000000019,8.724166666666667,8.763125000000036,9.152978723404248
300610,2024-07-19,8.42,8.5,8.61,8.41,8.49,16434.0,13992100.0,8.55,8.7,8.720499999999978,8.82,9.28,42.75,-0.14,-0.13,-0.01,晨化股份,化学原料和化学制品制造业,创业板,8.524999999999988,8.647500000000019,8.686666666666667,8.750625000000037,9.109574468085098
300610,2024-07-22,8.56,8.52,8.57,8.48,8.5,12961.8,11036900.0,8.52,8.69,8.727999999999978,8.8,9.27,43.26,-0.14,-0.13,-0.01,晨化股份,化学原料和化学制品制造业,创业板,8.522499999999987,8.626250000000018,8.681666666666667,8.735000000000037,9.073829787234034
300610,2024-07-23,8.39,8.33,8.49,8.31,8.52,19900.0,16716000.0,8.48,8.6,8.717999999999979,8.78,9.26,39.67,-0.16,-0.14,-0.02,晨化股份,化学原料和化学制品制造业,创业板,8.459999999999987,8.552500000000018,8.653333333333334,8.689375000000037,9.032340425531908
300610,2024-07-24,8.33,8.13,8.36,8.03,8.33,21369.9,17508200.0,8.39,8.55,8.684499999999979,8.75,9.24,36.25,-0.18,-0.15,-0.03,晨化股份,化学原料和化学制品制造业,创业板,8.369999999999987,8.467500000000017,8.610833333333334,8.635625000000037,8.993191489361694
300610,2024-07-25,8.12,8.22,8.3,8.06,8.13,15059.0,12354100.0,8.34,8.48,8.66049999999998,8.72,9.22,38.8,-0.2,-0.16,-0.04,晨化股份,化学原料和化学制品制造业,创业板,8.299999999999986,8.412500000000017,8.531666666666666,8.590000000000037,8.95489361702127
300610,2024-07-26,8.22,8.43,8.45,8.22,8.22,21433.0,17995700.0,8.33,8.44,8.643499999999978,8.7,9.2,44.4,-0.19,-0.16,-0.03,晨化股份,化学原料和化学制品制造业,创业板,8.277499999999986,8.400000000000016,8.51,8.580625000000037,8.927659574468079
300610,2024-07-29,8.4,8.37,8.46,8.26,8.43,17116.5,14320000.0,8.3,8.41,8.608999999999979,8.68,9.18,43.19,-0.18,-0.17,-0.01,晨化股份,化学原料和化学制品制造业,创业板,8.287499999999985,8.373750000000017,8.464166666666667,8.561875000000038,8.898297872340418
300610,2024-07-30,8.25,8.35,8.43,8.23,8.37,13009.5,10852600.0,8.3,8.39,8.576999999999979,8.65,9.15,42.77,-0.17,-0.17,0.0,晨化股份,化学原料和化学制品制造业,创业板,8.342499999999985,8.356250000000017,8.425833333333333,8.543750000000038,8.87361702127659
300610,2024-07-31,8.4,8.58,8.59,8.3,8.35,23896.5,20322400.0,8.39,8.39,8.55849999999998,8.63,9.12,48.92,-0.15,-0.16,0.01,晨化股份,化学原料和化学制品制造业,创业板,8.432499999999985,8.366250000000017,8.419166666666667,8.50687500000004,8.854468085106376
300610,2024-08-01,8.62,8.55,8.66,8.51,8.58,15301.0,13114400.0,8.46,8.4,8.556999999999979,8.62,9.09,48.19,-0.14,-0.16,0.02,晨化股份,化学原料和化学制品制造业,创业板,8.462499999999986,8.370000000000017,8.420833333333333,8.49812500000004,8.829999999999993
300610,2024-08-02,8.47,8.46,8.62,8.43,8.55,22649.0,19363400.0,8.46,8.39,8.54649999999998,8.61,9.05,45.98,-0.13,-0.15,0.02,晨化股份,化学原料和化学制品制造业,创业板,8.484999999999987,8.386250000000016,8.410833333333333,8.469375000000042,8.806808510638291
300610,2024-08-05,8.41,8.21,8.51,8.2,8.46,20993.5,17514600.0,8.43,8.36,8.52499999999998,8.61,9.02,40.43,-0.14,-0.15,0.01,晨化股份,化学原料和化学制品制造业,创业板,8.449999999999987,8.396250000000016,8.3875,8.431875000000042,8.77680851063829
300610,2024-08-06,8.31,8.37,8.37,8.22,8.21,13856.0,11509700.0,8.43,8.37,8.484999999999982,8.6,8.99,45.01,-0.13,-0.15,0.02,晨化股份,化学原料和化学制品制造业,创业板,8.397499999999987,8.415000000000017,8.376666666666667,8.413750000000043,8.74212765957446
300610,2024-08-07,8.35,8.43,8.47,8.27,8.37,12470.0,10482700.0,8.4,8.4,8.471999999999982,8.59,8.95,46.66,-0.12,-0.14,0.02,晨化股份,化学原料和化学制品制造业,创业板,8.367499999999986,8.415000000000017,8.369166666666667,8.407500000000043,8.713617021276589
300610,2024-08-08,8.39,8.4,8.45,8.25,8.43,11734.0,9831650.0,8.37,8.42,8.445999999999982,8.58,8.92,45.92,-0.11,-0.14,0.03,晨化股份,化学原料和化学制品制造业,创业板,8.352499999999985,8.418750000000017,8.375,8.396250000000043,8.691914893617014
300610,2024-08-09,8.48,8.36,8.5,8.34,8.4,14482.5,12199100.0,8.35,8.41,8.423499999999981,8.56,8.89,44.89,-0.11,-0.13,0.02,晨化股份,化学原料和化学制品制造业,创业板,8.389999999999985,8.420000000000018,8.394166666666667,8.388125000000041,8.673617021276588
300610,2024-08-12,8.31,8.28,8.39,8.25,8.36,11254.4,9353490.0,8.37,8.4,8.404499999999981,8.54,8.86,42.83,-0.11,-0.13,0.02,晨化股份,化学原料和化学制品制造业,创业板,8.367499999999986,8.382500000000018,8.399166666666668,8.374375000000041,8.659787234042545
300610,2024-08-13,8.31,8.42,8.42,8.23,8.28,12734.9,10623200.0,8.38,8.41,8.398999999999981,8.52,8.83,47.38,-0.1,-0.12,0.02,晨化股份,化学原料和化学制品制造业,创业板,8.364999999999986,8.366250000000019,8.398333333333333,8.36812500000004,8.657659574468077
300610,2024-08-14,8.48,8.41,8.5,8.34,8.42,15157.5,12732400.0,8.37,8.39,8.39049999999998,8.5,8.81,47.1,-0.09,-0.11,0.02,晨化股份,化学原料和化学制品制造业,创业板,8.367499999999987,8.360000000000017,8.401666666666666,8.373125000000039,8.645744680851056
300610,2024-08-15,8.44,8.44,8.47,8.25,8.41,24335.5,20413500.0,8.38,8.38,8.38799999999998,8.5,8.79,48.12,-0.09,-0.11,0.02,晨化股份,化学原料和化学制品制造业,创业板,8.387499999999987,8.388750000000016,8.409166666666666,8.39250000000004,8.634255319148927
300610,2024-08-16,8.45,8.36,8.48,8.33,8.44,22525.0,18888900.0,8.38,8.37,8.38099999999998,8.49,8.77,45.59,-0.08,-0.1,0.02,晨化股份,化学原料和化学制品制造业,创业板,8.407499999999986,8.387500000000015,8.390833333333333,8.401250000000038,8.617021276595736
300610,2024-08-19,8.4,8.49,8.51,8.33,8.36,32001.9,27090800.0,8.42,8.4,8.37949999999998,8.48,8.76,50.17,-0.07,-0.1,0.03,晨化股份,化学原料和化学制品制造业,创业板,8.424999999999986,8.395000000000014,8.385833333333332,8.405000000000038,8.605531914893609
300610,2024-08-20,8.53,8.45,8.81,8.4,8.49,50909.7,43872800.0,8.43,8.4,8.385499999999979,8.46,8.73,48.81,-0.06,-0.09,0.03,晨化股份,化学原料和化学制品制造业,创业板,8.434999999999988,8.401250000000013,8.385,8.410000000000037,8.592340425531907
300610,2024-08-22,8.37,8.21,8.41,8.21,8.39,23502.1,19535900.0,8.39,8.38,8.38949999999998,8.44,8.71,41.53,-0.07,-0.09,0.02,晨化股份,化学原料和化学制品制造业,创业板,8.377499999999989,8.382500000000013,8.385,8.401250000000038,8.575106382978715
300610,2024-08-23,8.2,8.06,8.23,8.03,8.21,19375.3,15670600.0,8.31,8.35,8.38149999999998,8.41,8.69,37.73,-0.09,-0.09,0.0,晨化股份,化学原料和化学制品制造业,创业板,8.30249999999999,8.355000000000013,8.359166666666667,8.368750000000038,8.552340425531908
300610,2024-08-26,8.13,8.28,8.32,8.06,8.06,27167.0,22402700.0,8.3,8.34,8.37399999999998,8.4,8.66,45.58,-0.09,-0.09,0.0,晨化股份,化学原料和化学制品制造业,创业板,8.24999999999999,8.337500000000013,8.346666666666666,8.351875000000037,8.533191489361693
300610,2024-08-27,8.36,8.18,8.36,8.15,8.28,11585.0,9505940.0,8.24,8.33,8.36449999999998,8.38,8.63,42.93,-0.1,-0.09,-0.01,晨化股份,化学原料和化学制品制造业,创业板,8.18249999999999,8.308750000000014,8.328333333333333,8.334375000000037,8.520638297872333
300610,2024-08-28,8.18,8.24,8.34,8.1,8.18,15849.4,13075400.0,8.19,8.31,8.35899999999998,8.37,8.61,45.0,-0.1,-0.09,-0.01,晨化股份,化学原料和化学制品制造业,创业板,8.18999999999999,8.283750000000014,8.318333333333333,8.336250000000037,8.509361702127652
300610,2024-08-29,8.19,8.4,8.42,8.17,8.24,16620.4,13815600.0,8.23,8.31,8.34999999999998,8.36,8.6,50.17,-0.08,-0.09,0.01,晨化股份,化学原料和化学制品制造业,创业板,8.27499999999999,8.288750000000014,8.328333333333333,8.338125000000037,8.509999999999993
300610,2024-08-30,8.32,8.5,8.59,8.31,8.4,21635.5,18376900.0,8.32,8.32,8.347499999999979,8.36,8.59,53.14,-0.06,-0.08,0.02,晨化股份,化学原料和化学制品制造业,创业板,8.32999999999999,8.290000000000015,8.334999999999999,8.342500000000037,8.509361702127652
300610,2024-09-02,8.51,8.38,8.54,8.38,8.5,16224.0,13725900.0,8.34,8.32,8.34349999999998,8.36,8.59,49.34,-0.04,-0.07,0.03,晨化股份,化学原料和化学制品制造业,创业板,8.37999999999999,8.281250000000014,8.3325,8.341250000000036,8.500425531914885
300610,2024-09-03,8.37,8.44,8.52,8.35,8.38,12950.2,10935800.0,8.39,8.31,8.354999999999979,8.36,8.58,51.22,-0.04,-0.07,0.03,晨化股份,化学原料和化学制品制造业,创业板,8.429999999999989,8.310000000000013,8.3325,8.346250000000037,8.494893617021269
300610,2024-09-04,8.44,8.44,8.54,8.39,8.44,16761.1,14190700.0,8.43,8.31,8.358499999999978,8.36,8.57,51.22,-0.03,-0.06,0.03,晨化股份,化学原料和化学制品制造业,创业板,8.439999999999989,8.357500000000012,8.339166666666666,8.356250000000037,8.487872340425525
300610,2024-09-05,8.46,8.43,8.5,8.37,8.44,19172.0,16153000.0,8.44,8.33,8.358499999999978,8.37,8.56,50.86,-0.02,-0.05,0.03,晨化股份,化学原料和化学制品制造业,创业板,8.422499999999989,8.376250000000013,8.334166666666667,8.356875000000038,8.474468085106375
300610,2024-09-06,8.48,8.22,8.49,8.19,8.43,17203.1,14269800.0,8.38,8.35,8.349499999999978,8.37,8.54,43.81,-0.03,-0.05,0.02,晨化股份,化学原料和化学制品制造业,创业板,8.382499999999988,8.381250000000012,8.315,8.345000000000038,8.458085106382972
300610,2024-09-09,8.2,8.13,8.27,8.1,8.22,13858.0,11303600.0,8.33,8.34,8.337999999999976,8.36,8.53,41.18,-0.05,-0.05,0.0,晨化股份,化学原料和化学制品制造业,创业板,8.304999999999989,8.367500000000012,8.308333333333332,8.325625000000038,8.440638297872335
300610,2024-09-10,8.13,8.16,8.18,8.03,8.13,12962.0,10502300.0,8.28,8.33,8.331999999999976,8.35,8.51,42.42,-0.06,-0.05,-0.01,晨化股份,化学原料和化学制品制造业,创业板,8.234999999999989,8.337500000000011,8.316666666666665,8.313125000000039,8.43170212765957
300610,2024-09-11,8.16,8.14,8.27,8.11,8.16,16591.0,13564600.0,8.22,8.32,8.317999999999977,8.35,8.5,41.78,-0.07,-0.05,-0.02,晨化股份,化学原料和化学制品制造业,创业板,8.162499999999989,8.292500000000011,8.304999999999998,8.291250000000037,8.420425531914887
300610,2024-09-12,8.14,8.06,8.2,8.05,8.14,13671.8,11102400.0,8.14,8.29,8.300499999999976,8.33,8.48,39.26,-0.08,-0.06,-0.02,晨化股份,化学原料和化学制品制造业,创业板,8.12249999999999,8.252500000000012,8.295,8.266875000000038,8.408085106382973
300610,2024-09-13,8.05,7.82,8.1,7.8,8.06,20196.3,15939100.0,8.06,8.22,8.269499999999976,8.31,8.46,32.84,-0.1,-0.07,-0.03,晨化股份,化学原料和化学制品制造业,创业板,8.04499999999999,8.175000000000011,8.26,8.242500000000037,8.379361702127653
300610,2024-09-18,7.82,7.66,7.85,7.53,7.82,15547.0,11882800.0,7.97,8.15,8.234499999999978,8.28,8.45,29.39,-0.14,-0.08,-0.06,晨化股份,化学原料和化学制品制造业,创业板,7.91999999999999,8.077500000000011,8.198333333333332,8.217500000000037,8.357446808510632
300610,2024-09-19,7.69,7.94,7.96,7.69,7.66,17340.0,13632000.0,7.92,8.1,8.206999999999976,8.27,8.44,41.06,-0.14,-0.09,-0.05,晨化股份,化学原料和化学制品制造业,创业板,7.86999999999999,8.01625000000001,8.151666666666666,8.196250000000036,8.336595744680844
300610,2024-09-20,7.96,7.83,7.97,7.77,7.94,10438.0,8178610.0,7.86,8.04,8.175999999999977,8.25,8.43,38.38,-0.16,-0.11,-0.05,晨化股份,化学原料和化学制品制造业,创业板,7.812499999999989,7.96750000000001,8.105833333333331,8.174375000000037,8.315744680851058
300610,2024-09-23,7.9,7.8,7.9,7.74,7.83,14840.0,11606200.0,7.81,7.98,8.155499999999979,8.23,8.41,37.65,-0.16,-0.12,-0.04,晨化股份,化学原料和化学制品制造业,创业板,7.807499999999989,7.926250000000009,8.052499999999998,8.146875000000037,8.297446808510632
300610,2024-09-24,7.86,8.1,8.1,7.82,7.8,19880.2,15884900.0,7.87,7.96,8.157499999999978,8.22,8.4,48.16,-0.14,-0.12,-0.02,晨化股份,化学原料和化学制品制造业,创业板,7.917499999999989,7.91875000000001,8.024166666666664,8.128125000000036,8.28829787234042
300610,2024-09-25,8.19,8.1,8.29,8.08,8.1,32187.0,26392200.0,7.95,7.96,8.148499999999977,8.21,8.39,48.16,-0.12,-0.12,0.0,晨化股份,化学原料和化学制品制造业,创业板,7.957499999999988,7.913750000000009,7.996666666666665,8.103125000000036,8.278085106382974
300610,2024-09-26,8.11,8.3,8.3,8.07,8.1,23126.0,18962900.0,8.03,7.98,8.154499999999977,8.21,8.38,54.14,-0.09,-0.12,0.03,晨化股份,化学原料和化学制品制造业,创业板,8.074999999999989,7.9437500000000085,8.003333333333332,8.098125000000037,8.274042553191485
300610,2024-09-27,8.5,8.67,8.79,8.39,8.3,40126.5,34400500.0,8.19,8.03,8.175999999999977,8.22,8.37,62.71,-0.04,-0.1,0.06,晨化股份,化学原料和化学制品制造业,创业板,8.29249999999999,8.050000000000008,8.048333333333332,8.112500000000036,8.27765957446808
300610,2024-09-30,9.1,9.73,9.93,8.85,8.67,95143.8,89333800.0,8.58,8.2,8.242499999999975,8.27,8.38,76.34,0.09,-0.06,0.15,晨化股份,化学原料和化学制品制造业,创业板,8.69999999999999,8.308750000000009,8.179166666666665,8.193125000000036,8.303404255319146
300610,2024-10-08,11.23,10.65,11.6,9.98,9.73,124510.0,132909000.0,9.09,8.48,8.349999999999977,8.34,8.42,82.37,0.27,0.0,0.27,晨化股份,化学原料和化学制品制造业,创业板,9.33749999999999,8.64750000000001,8.388333333333334,8.331875000000036,8.352765957446804
300610,2024-10-09,10.2,9.4,10.4,9.4,10.65,86934.1,86012600.0,9.35,8.65,8.400999999999977,8.37,8.43,60.01,0.3,0.06,0.24,晨化股份,化学原料和化学制品制造业,创业板,9.61249999999999,8.84375000000001,8.5,8.405625000000036,8.37978723404255
300610,2024-10-10,9.5,9.65,9.92,9.44,9.4,58472.1,56595400.0,9.62,8.82,8.461499999999976,8.41,8.45,62.21,0.34,0.12,0.22,晨化股份,化学原料和化学制品制造业,创业板,9.85749999999999,9.075000000000012,8.652500000000002,8.500625000000037,8.410212765957441
300610,2024-10-11,9.66,9.31,9.7,9.21,9.65,46034.7,43371600.0,9.75,8.97,8.504999999999978,8.44,8.45,57.56,0.34,0.16,0.18,晨化股份,化学原料和化学制品制造业,创业板,9.75249999999999,9.226250000000013,8.790000000000001,8.572500000000037,8.42893617021276
300610,2024-10-14,9.3,9.41,9.47,9.17,9.31,43408.1,40589100.0,9.68,9.13,8.553999999999977,8.48,8.46,58.54,0.34,0.2,0.14,晨化股份,化学原料和化学制品制造业,创业板,9.44249999999999,9.390000000000013,8.912500000000001,8.651875000000036,8.451063829787229
300610,2024-10-15,9.42,9.29,9.51,9.27,9.41,34650.9,32498300.0,9.41,9.25,8.607499999999977,8.52,8.47,56.84,0.34,0.23,0.11,晨化股份,化学原料和化学制品制造业,创业板,9.41499999999999,9.513750000000014,9.034166666666668,8.728750000000035,8.471063829787228
300610,2024-10-16,9.2,9.41,9.42,9.2,9.29,30516.8,28478000.0,9.41,9.38,8.671499999999977,8.56,8.48,58.15,0.33,0.25,0.08,晨化股份,化学原料和化学制品制造业,创业板,9.354999999999992,9.606250000000014,9.168333333333335,8.828125000000036,8.488723404255316
300610,2024-10-17,9.5,9.61,10.11,9.34,9.41,83494.4,80457100.0,9.41,9.51,8.743999999999975,8.61,8.49,60.31,0.35,0.27,0.08,晨化股份,化学原料和化学制品制造业,创业板,9.42999999999999,9.591250000000013,9.294166666666667,8.950000000000037,8.511276595744677
300610,2024-10-18,9.51,9.83,9.91,9.42,9.61,94826.4,91458300.0,9.51,9.63,8.828499999999977,8.66,8.52,62.6,0.37,0.29,0.08,晨化股份,化学原料和化学制品制造业,创业板,9.53499999999999,9.488750000000012,9.438333333333334,9.068125000000038,8.54042553191489
300610,2024-10-21,9.78,10.02,10.04,9.7,9.83,94451.8,93301000.0,9.63,9.66,8.926499999999978,8.71,8.54,64.5,0.4,0.31,0.09,晨化股份,化学原料和化学制品制造业,创业板,9.717499999999989,9.56625000000001,9.581666666666669,9.205000000000037,8.578936170212762
300610,2024-10-22,10.02,10.08,10.09,9.84,10.02,54210.2,54009800.0,9.79,9.6,9.039499999999979,8.77,8.57,65.11,0.42,0.33,0.09,晨化股份,化学原料和化学制品制造业,创业板,9.884999999999987,9.62000000000001,9.699166666666668,9.347500000000037,8.615319148936166
300610,2024-10-23,10.05,10.14,10.18,9.92,10.08,63735.1,64230400.0,9.94,9.68,9.163499999999978,8.83,8.59,65.74,0.43,0.35,0.08,晨化股份,化学原料和化学制品制造业,创业板,10.017499999999988,9.72375000000001,9.733333333333334,9.475000000000039,8.65170212765957
300610,2024-10-24,10.05,9.88,10.05,9.83,10.14,43345.6,42980400.0,9.99,9.7,9.260499999999977,8.87,8.62,60.64,0.42,0.37,0.05,晨化股份,化学原料和化学制品制造业,创业板,10.029999999999989,9.78250000000001,9.669166666666667,9.586250000000039,8.683191489361697
300610,2024-10-25,9.88,10.2,10.26,9.88,9.88,66819.4,67776300.0,10.06,9.79,9.378999999999976,8.93,8.65,64.31,0.44,0.38,0.06,晨化股份,化学原料和化学制品制造业,创业板,10.074999999999989,9.896250000000009,9.735833333333334,9.705000000000037,8.72234042553191
300610,2024-10-28,10.22,10.4,10.48,10.22,10.2,61864.0,64077000.0,10.14,9.89,9.508999999999975,9.0,8.68,66.41,0.46,0.4,0.06,晨化股份,化学原料和化学制品制造业,创业板,10.154999999999989,10.02000000000001,9.798333333333334,9.813125000000039,8.767446808510634
300610,2024-10-29,10.39,9.96,10.45,9.9,10.4,67562.5,68442700.0,10.12,9.95,9.601999999999977,9.06,8.71,58.27,0.43,0.4,0.03,晨化股份,化学原料和化学制品制造业,创业板,10.109999999999989,10.063750000000011,9.8525,9.82750000000004,8.800212765957442
300610,2024-10-30,10.0,10.0,10.17,9.9,9.96,49662.4,49839100.0,10.09,10.01,9.696999999999978,9.12,8.74,58.77,0.41,0.4,0.01,晨化股份,化学原料和化学制品制造业,创业板,10.139999999999988,10.085000000000012,9.901666666666666,9.78687500000004,8.834042553191484
300610,2024-10-31,10.08,10.16,10.25,10.04,10.0,46904.5,47650500.0,10.14,10.07,9.789999999999976,9.18,8.77,60.77,0.41,0.41,0.0,晨化股份,化学原料和化学制品制造业,创业板,10.129999999999988,10.102500000000012,9.974166666666667,9.834375000000039,8.870638297872334
300610,2024-11-01,10.0,9.64,10.1,9.58,10.16,79609.8,78133300.0,10.03,10.05,9.838499999999978,9.24,8.79,51.93,0.35,0.39,-0.04,晨化股份,化学原料和化学制品制造业,创业板,9.939999999999989,10.047500000000012,9.993333333333332,9.83375000000004,8.897872340425526
300610,2024-11-04,9.7,9.84,9.86,9.6,9.64,44592.2,43587000.0,9.92,10.03,9.843999999999978,9.29,8.81,54.66,0.32,0.38,-0.06,晨化股份,化学原料和化学制品制造业,创业板,9.909999999999988,10.010000000000012,10.0125,9.86687500000004,8.926595744680844
300610,2024-11-05,9.87,10.01,10.06,9.86,9.84,47120.1,47005000.0,9.93,10.02,9.811999999999978,9.37,8.84,56.9,0.31,0.37,-0.06,晨化股份,化学原料和化学制品制造业,创业板,9.912499999999987,10.026250000000013,10.0275,9.904375000000039,8.959787234042546
300610,2024-11-06,10.09,9.96,10.18,9.9,10.01,60809.8,61102600.0,9.92,10.0,9.839999999999979,9.44,8.86,56.03,0.29,0.35,-0.06,晨化股份,化学原料和化学制品制造业,创业板,9.862499999999986,9.996250000000012,10.022499999999999,9.94625000000004,8.997021276595738
300610,2024-11-07,9.94,10.18,10.19,9.87,9.96,47636.5,48139100.0,9.93,10.04,9.866499999999977,9.52,8.89,59.02,0.29,0.34,-0.05,晨化股份,化学原料和化学制品制造业,创业板,9.997499999999986,9.96875000000001,10.030833333333332,9.99437500000004,9.042127659574462
300610,2024-11-08,10.24,10.28,10.39,10.11,10.18,66033.2,67483000.0,10.05,10.04,9.914999999999978,9.6,8.93,60.34,0.3,0.33,-0.03,晨化股份,化学原料和化学制品制造业,创业板,10.107499999999987,10.00875000000001,10.042499999999999,10.036250000000042,9.084680851063823
300610,2024-11-11,10.27,10.43,10.43,10.16,10.28,52283.3,54052800.0,10.17,10.05,9.965999999999978,9.69,8.96,62.31,0.31,0.33,-0.02,晨化股份,化学原料和化学制品制造业,创业板,10.212499999999988,10.06250000000001,10.088333333333331,10.073750000000041,9.132553191489356
300610,2024-11-12,10.43,10.42,10.65,10.29,10.43,67302.1,70660300.0,10.25,10.09,10.022499999999978,9.77,8.99,62.08,0.31,0.32,-0.01,晨化股份,化学原料和化学制品制造业,创业板,10.327499999999988,10.095000000000011,10.106666666666664,10.09875000000004,9.17893617021276
300610,2024-11-13,10.49,10.43,10.53,10.22,10.42,40287.0,41770500.0,10.35,10.14,10.073499999999978,9.84,9.03,62.23,0.32,0.32,0.0,晨化股份,化学原料和化学制品制造业,创业板,10.389999999999988,10.19375000000001,10.109166666666662,10.12062500000004,9.222127659574461
300610,2024-11-14,10.45,10.26,10.88,10.26,10.43,71090.6,74888300.0,10.36,10.14,10.105999999999977,9.91,9.06,58.18,0.3,0.32,-0.02,晨化股份,化学原料和化学制品制造业,创业板,10.384999999999987,10.24625000000001,10.13416666666666,10.12812500000004,9.2595744680851
300610,2024-11-15,10.16,10.0,10.39,10.0,10.26,53834.5,55046900.0,10.31,10.18,10.114499999999977,9.95,9.09,52.55,0.26,0.31,-0.05,晨化股份,化学原料和化学制品制造业,创业板,10.277499999999987,10.24500000000001,10.13416666666666,10.13562500000004,9.294042553191483
300610,2024-11-18,10.1,10.03,10.45,9.93,10.0,64561.4,65872400.0,10.23,10.2,10.114999999999977,9.96,9.11,53.12,0.24,0.29,-0.05,晨化股份,化学原料和化学制品制造业,创业板,10.179999999999987,10.25375000000001,10.123333333333328,10.12500000000004,9.327872340425525
300610,2024-11-19,10.03,10.22,10.22,9.94,10.03,44577.6,44977600.0,10.19,10.22,10.121999999999975,9.95,9.14,56.63,0.22,0.28,-0.06,晨化股份,化学原料和化学制品制造业,创业板,10.127499999999987,10.25875000000001,10.171666666666662,10.11375000000004,9.365744680851058
300610,2024-11-20,10.2,10.87,10.98,10.15,10.22,158842.0,170551000.0,10.28,10.31,10.158499999999975,10.0,9.19,66.02,0.26,0.27,-0.01,晨化股份,化学原料和化学制品制造业,创业板,10.279999999999987,10.33250000000001,10.257499999999993,10.17062500000004,9.417659574468079
300610,2024-11-21,10.77,10.69,10.92,10.59,10.87,121691.0,130612000.0,10.36,10.36,10.198999999999975,10.03,9.22,62.01,0.28,0.28,0.0,晨化股份,化学原料和化学制品制造业,创业板,10.452499999999986,10.365000000000009,10.31416666666666,10.21375000000004,9.47021276595744
300610,2024-11-22,10.66,10.22,10.78,10.21,10.69,87640.9,92055600.0,10.41,10.36,10.199999999999976,10.06,9.25,52.98,0.25,0.27,-0.02,晨化股份,化学原料和化学制品制造业,创业板,10.499999999999986,10.340000000000009,10.335833333333326,10.21750000000004,9.514680851063824
300610,2024-11-25,10.31,10.42,10.47,10.23,10.22,53064.0,54891600.0,10.48,10.36,10.200999999999976,10.1,9.29,55.92,0.24,0.26,-0.02,晨化股份,化学原料和化学制品制造业,创业板,10.549999999999986,10.338750000000008,10.355833333333324,10.266250000000039,9.562765957446802
300610,2024-11-26,10.43,10.28,10.49,10.23,10.42,43467.0,44967800.0,10.5,10.34,10.216999999999974,10.13,9.33,53.4,0.22,0.26,-0.04,晨化股份,化学原料和化学制品制造业,创业板,10.402499999999987,10.341250000000008,10.355833333333324,10.293750000000038,9.608297872340419
300610,2024-11-27,10.3,10.34,10.34,9.88,10.28,56966.0,57504600.0,10.39,10.33,10.233999999999975,10.16,9.36,54.35,0.2,0.24,-0.04,晨化股份,化学原料和化学制品制造业,创业板,10.314999999999987,10.383750000000008,10.348333333333324,10.31437500000004,9.65680851063829
300610,2024-11-28,10.33,10.41,10.52,10.33,10.34,47924.0,49982500.0,10.33,10.35,10.246499999999974,10.19,9.4,55.49,0.2,0.24,-0.04,晨化股份,化学原料和化学制品制造业,创业板,10.362499999999986,10.431250000000007,10.347499999999991,10.342500000000038,9.711914893617015
300610,2024-11-29,10.4,10.54,10.59,10.29,10.41,50197.5,52633300.0,10.4,10.4,10.291499999999974,10.21,9.44,57.61,0.2,0.23,-0.03,晨化股份,化学原料和化学制品制造业,创业板,10.392499999999986,10.471250000000008,10.356666666666657,10.365000000000038,9.773191489361695
300610,2024-12-02,10.51,10.69,10.71,10.51,10.54,48792.5,51979100.0,10.45,10.47,10.333999999999973,10.23,9.47,59.97,0.21,0.22,-0.01,晨化股份,化学原料和化学制品制造业,创业板,10.494999999999985,10.448750000000008,10.39249999999999,10.390625000000037,9.831702127659568
300610,2024-12-03,10.69,10.71,10.77,10.6,10.69,41278.2,44119700.0,10.54,10.52,10.368999999999975,10.25,9.51,60.29,0.21,0.22,-0.01,晨化股份,化学原料和化学制品制造业,创业板,10.587499999999984,10.451250000000009,10.451666666666656,10.408125000000037,9.892978723404248
300610,2024-12-04,10.68,10.53,10.74,10.47,10.71,44305.0,47042200.0,10.58,10.48,10.397499999999974,10.27,9.55,55.98,0.2,0.22,-0.02,晨化股份,化学原料和化学制品制造业,创业板,10.617499999999986,10.490000000000009,10.493333333333323,10.415000000000038,9.951063829787227
300610,2024-12-05,10.58,10.6,10.64,10.49,10.53,26964.0,28553000.0,10.61,10.47,10.418499999999973,10.29,9.58,57.26,0.2,0.21,-0.01,晨化股份,化学原料和化学制品制造业,创业板,10.632499999999986,10.512500000000008,10.52499999999999,10.425625000000037,10.004255319148928
300610,2024-12-06,10.61,10.62,10.67,10.45,10.6,38242.0,40476700.0,10.63,10.51,10.435499999999973,10.3,9.62,57.64,0.19,0.21,-0.02,晨化股份,化学原料和化学制品制造业,创业板,10.614999999999986,10.555000000000009,10.504166666666656,10.448125000000038,10.057872340425524
300610,2024-12-09,10.59,10.81,10.83,10.59,10.62,57249.4,61534900.0,10.65,10.55,10.454499999999973,10.32,9.66,61.16,0.21,0.21,0.0,晨化股份,化学原料和化学制品制造业,创业板,10.639999999999986,10.613750000000008,10.514166666666656,10.498750000000038,10.111276595744673
300610,2024-12-10,11.11,10.71,11.11,10.7,10.81,54905.0,59540700.0,10.65,10.6,10.468999999999975,10.34,9.7,58.41,0.2,0.21,-0.01,晨化股份,化学原料和化学制品制造业,创业板,10.684999999999986,10.651250000000008,10.55499999999999,10.541250000000039,10.154680851063821
300610,2024-12-11,10.73,10.98,10.98,10.62,10.71,60730.1,65626300.0,10.74,10.66,10.496499999999973,10.38,9.75,63.22,0.22,0.21,0.01,晨化股份,化学原料和化学制品制造业,创业板,10.779999999999985,10.706250000000008,10.601666666666656,10.588750000000038,10.181276595744672
300610,2024-12-12,10.93,11.06,11.09,10.89,10.98,58814.6,64855400.0,10.84,10.72,10.536499999999974,10.41,9.8,64.53,0.24,0.22,0.02,晨化股份,化学原料和化学制品制造业,创业板,10.889999999999986,10.752500000000008,10.666666666666655,10.600625000000038,10.189999999999992
300610,2024-12-13,11.0,10.78,11.05,10.77,11.06,43206.9,46986300.0,10.87,10.75,10.575499999999973,10.44,9.84,56.89,0.23,0.22,0.01,晨化股份,化学原料和化学制品制造业,创业板,10.882499999999986,10.761250000000008,10.70333333333332,10.606250000000038,10.219361702127651
300610,2024-12-16,10.85,11.19,11.33,10.78,10.78,110589.0,122831000.0,10.94,10.8,10.633499999999973,10.49,9.89,63.67,0.24,0.22,0.02,晨化股份,化学原料和化学制品制造业,创业板,11.002499999999985,10.843750000000007,10.768333333333322,10.666875000000038,10.25212765957446
300610,2024-12-17,11.27,10.54,11.28,10.4,11.19,111236.0,119569000.0,10.91,10.78,10.649499999999973,10.51,9.94,50.2,0.21,0.22,-0.01,晨化股份,化学原料和化学制品制造业,创业板,10.892499999999984,10.836250000000007,10.768333333333322,10.674375000000039,10.278297872340419
300610,2024-12-18,10.5,10.53,10.93,10.19,10.54,82443.5,87120500.0,10.82,10.78,10.632499999999974,10.53,9.98,50.02,0.18,0.21,-0.03,晨化股份,化学原料和化学制品制造业,创业板,10.759999999999984,10.825000000000006,10.754999999999988,10.690000000000039,10.30212765957446
300610,2024-12-19,10.35,10.5,10.64,10.32,10.53,51761.0,54064600.0,10.71,10.77,10.622999999999973,10.54,10.03,49.46,0.14,0.2,-0.06,晨化股份,化学原料和化学制品制造业,创业板,10.689999999999984,10.786250000000006,10.737499999999988,10.700000000000038,10.327872340425523
300610,2024-12-20,10.47,10.65,10.72,10.47,10.5,38940.5,41364800.0,10.68,10.78,10.644499999999974,10.55,10.07,52.33,0.13,0.18,-0.05,晨化股份,化学原料和化学制品制造业,创业板,10.554999999999984,10.778750000000006,10.747499999999988,10.715000000000039,10.354255319148926
300610,2024-12-23,10.65,10.01,10.67,10.01,10.65,57360.1,58774400.0,10.45,10.69,10.623999999999974,10.53,10.11,41.51,0.07,0.16,-0.09,晨化股份,化学原料和化学制品制造业,创业板,10.422499999999983,10.657500000000006,10.698333333333322,10.681875000000039,10.362765957446799
300610,2024-12-24,10.09,10.17,10.3,9.95,10.01,36800.3,37284100.0,10.37,10.64,10.618499999999973,10.53,10.15,44.59,0.03,0.14,-0.11,晨化股份,化学原料和化学制品制造业,创业板,10.332499999999984,10.546250000000006,10.66083333333332,10.649375000000038,10.36999999999999
300610,2024-12-25,10.13,9.93,10.19,9.79,10.17,36806.5,36620500.0,10.25,10.54,10.597999999999974,10.51,10.18,41.09,-0.02,0.1,-0.12,晨化股份,化学原料和化学制品制造业,创业板,10.189999999999984,10.440000000000005,10.587499999999986,10.600625000000038,10.368085106382969
300610,2024-12-26,9.97,10.07,10.44,9.9,9.93,45930.9,46484000.0,10.17,10.44,10.580999999999973,10.5,10.21,43.86,-0.04,0.08,-0.12,晨化股份,化学原料和化学制品制造业,创业板,10.044999999999984,10.300000000000004,10.534166666666652,10.571875000000038,10.367872340425523
300610,2024-12-27,10.16,10.54,10.73,10.08,10.07,73784.9,76880400.0,10.14,10.41,10.580999999999973,10.52,10.24,52.01,-0.02,0.06,-0.08,晨化股份,化学原料和化学制品制造业,创业板,10.177499999999984,10.300000000000004,10.497499999999985,10.568125000000038,10.376382978723395
300610,2024-12-30,10.5,10.29,10.5,10.11,10.54,58265.0,60008500.0,10.2,10.32,10.560999999999973,10.53,10.25,48.02,-0.03,0.04,-0.07,晨化股份,化学原料和化学制品制造业,创业板,10.207499999999984,10.270000000000003,10.433333333333318,10.547500000000037,10.385106382978716
300610,2024-12-31,10.29,10.0,10.39,9.97,10.29,40586.0,41105600.0,10.17,10.27,10.525499999999973,10.52,10.24,43.82,-0.06,0.02,-0.08,晨化股份,化学原料和化学制品制造业,创业板,10.224999999999984,10.207500000000003,10.368333333333318,10.496875000000037,10.380851063829779
300610,2025-01-02,9.95,9.66,10.1,9.56,10.0,46874.0,46040500.0,10.11,10.18,10.481999999999973,10.48,10.24,39.46,-0.11,-0.01,-0.1,晨化股份,化学原料和化学制品制造业,创业板,10.122499999999983,10.083750000000002,10.240833333333319,10.431250000000036,10.365106382978716
300610,2025-01-03,9.64,9.24,9.82,9.22,9.66,43262.0,40949100.0,9.95,10.06,10.413999999999973,10.43,10.23,34.84,-0.18,-0.04,-0.14,晨化股份,化学原料和化学制品制造业,创业板,9.797499999999983,9.9875,10.132499999999986,10.322500000000037,10.349787234042546
300610,2025-01-06,9.2,9.3,9.47,8.81,9.24,36168.0,33405500.0,9.7,9.92,10.347999999999974,10.4,10.23,35.99,-0.23,-0.08,-0.15,晨化股份,化学原料和化学制品制造业,创业板,9.549999999999985,9.87875,10.029999999999987,10.212500000000038,10.33489361702127
300610,2025-01-07,9.36,9.63,9.65,9.26,9.3,33129.9,31367200.0,9.57,9.88,10.288999999999973,10.38,10.24,42.06,-0.24,-0.11,-0.13,晨化股份,化学原料和化学制品制造业,创业板,9.457499999999985,9.841249999999999,9.957499999999987,10.140625000000037,10.32361702127659
300610,2025-01-08,9.58,9.52,9.63,9.24,9.63,33979.4,32087100.0,9.47,9.82,10.229499999999973,10.35,10.24,40.67,-0.25,-0.14,-0.11,晨化股份,化学原料和化学制品制造业,创业板,9.422499999999985,9.772499999999997,9.86333333333332,10.036250000000038,10.321063829787228
300610,2025-01-09,9.5,9.52,9.63,9.39,9.52,26202.5,25048700.0,9.44,9.78,10.156499999999975,10.32,10.24,40.67,-0.26,-0.16,-0.1,晨化股份,化学原料和化学制品制造业,创业板,9.492499999999984,9.644999999999996,9.822499999999986,9.97250000000004,10.31425531914893
300610,2025-01-10,9.52,9.18,9.6,9.16,9.52,26204.0,24577900.0,9.43,9.69,10.062499999999975,10.28,10.24,36.38,-0.29,-0.19,-0.1,晨化股份,化学原料和化学制品制造业,创业板,9.462499999999984,9.506249999999998,9.739999999999986,9.88812500000004,10.296595744680845
300610,2025-01-13,9.05,9.25,9.3,8.9,9.18,22357.6,20413700.0,9.42,9.56,9.985999999999974,10.24,10.23,37.84,-0.3,-0.21,-0.09,晨化股份,化学原料和化学制品制造业,创业板,9.367499999999984,9.412499999999998,9.683333333333321,9.81000000000004,10.281489361702121
300610,2025-01-14,9.25,9.63,9.63,9.22,9.25,27318.2,25998900.0,9.42,9.49,9.907999999999975,10.21,10.22,45.16,-0.28,-0.22,-0.06,晨化股份,化学原料和化学制品制造业,创业板,9.394999999999985,9.408749999999998,9.646666666666654,9.746250000000039,10.269787234042548
300610,2025-01-15,9.65,9.66,9.75,9.57,9.63,25664.6,24775400.0,9.45,9.46,9.863999999999974,10.17,10.21,45.71,-0.26,-0.23,-0.03,晨化股份,化学原料和化学制品制造业,创业板,9.429999999999986,9.461249999999998,9.573333333333322,9.72437500000004,10.256595744680846
300610,2025-01-16,9.7,9.66,9.81,9.56,9.66,23458.6,22750000.0,9.48,9.46,9.820499999999974,10.14,10.2,45.71,-0.23,-0.23,0.0,晨化股份,化学原料和化学制品制造业,创业板,9.549999999999985,9.506249999999998,9.520833333333321,9.69250000000004,10.240212765957443
300610,2025-01-17,9.62,9.74,9.78,9.57,9.66,20111.7,19510900.0,9.59,9.51,9.782499999999974,10.11,10.2,47.32,-0.21,-0.23,0.02,晨化股份,化学原料和化学制品制造业,创业板,9.672499999999985,9.519999999999998,9.499166666666655,9.68062500000004,10.22574468085106
300610,2025-01-20,9.75,9.91,10.0,9.63,9.74,37909.9,37267600.0,9.72,9.57,9.745499999999975,10.09,10.2,50.68,-0.18,-0.22,0.04,晨化股份,化学原料和化学制品制造业,创业板,9.742499999999984,9.568749999999998,9.519999999999987,9.67062500000004,10.214680851063825
300610,2025-01-21,10.01,9.92,10.06,9.76,9.91,23719.6,23395900.0,9.78,9.6,9.740999999999975,10.06,10.19,50.88,-0.14,-0.2,0.06,晨化股份,化学原料和化学制品制造业,创业板,9.807499999999983,9.618749999999999,9.576666666666656,9.63187500000004,10.207446808510635
300610,2025-01-22,9.8,9.86,9.91,9.77,9.92,22052.2,21699400.0,9.82,9.63,9.725499999999975,10.03,10.19,49.59,-0.12,-0.19,0.07,晨化股份,化学原料和化学制品制造业,创业板,9.857499999999984,9.70375,9.623333333333322,9.605000000000041,10.20446808510638
300610,2025-01-23,9.91,9.8,10.03,9.8,9.86,29992.7,29752400.0,9.85,9.66,9.718999999999976,9.99,10.18,48.27,-0.1,-0.17,0.07,晨化股份,化学原料和化学制品制造业,创业板,9.872499999999983,9.772499999999999,9.637499999999989,9.592500000000042,10.199574468085103
300610,2025-01-24,9.81,10.05,10.08,9.71,9.8,40559.3,40267200.0,9.91,9.75,9.717999999999977,9.96,10.18,53.78,-0.08,-0.15,0.07,晨化股份,化学原料和化学制品制造业,创业板,9.907499999999985,9.825,9.681666666666656,9.616875000000043,10.195957446808508
300610,2025-01-27,10.05,9.99,10.19,9.96,10.05,31132.8,31361000.0,9.92,9.82,9.690499999999977,9.93,10.19,52.34,-0.06,-0.13,0.07,晨化股份,化学原料和化学制品制造业,创业板,9.924999999999985,9.866249999999999,9.720833333333323,9.663750000000043,10.177234042553188
300610,2025-02-05,10.08,9.94,10.09,9.9,9.99,30987.5,30933700.0,9.93,9.85,9.672999999999977,9.89,10.19,51.11,-0.04,-0.11,0.07,晨化股份,化学原料和化学制品制造业,创业板,9.944999999999984,9.90125,9.784166666666655,9.703750000000042,10.161276595744678
300610,2025-02-06,9.96,10.04,10.04,9.85,9.94,25571.6,25434600.0,9.96,9.89,9.674999999999978,9.87,10.19,53.47,-0.02,-0.1,0.08,晨化股份,化学原料和化学制品制造业,创业板,10.004999999999985,9.93875,9.849999999999987,9.729375000000042,10.157446808510635
300610,2025-02-07,10.09,10.01,10.14,9.93,10.04,36223.0,36439900.0,10.01,9.93,9.692499999999978,9.86,10.19,52.65,-0.01,-0.08,0.07,晨化股份,化学原料和化学制品制造业,创业板,9.994999999999983,9.951250000000002,9.881666666666653,9.76000000000004,10.148723404255316
300610,2025-02-10,10.01,10.17,10.24,9.98,10.01,34775.6,35084800.0,10.03,9.97,9.738999999999976,9.84,10.19,56.48,0.01,-0.06,0.07,晨化股份,化学原料和化学制品制造业,创业板,10.039999999999983,9.982500000000002,9.924166666666652,9.80062500000004,10.146382978723402
300610,2025-02-11,10.15,10.18,10.25,10.1,10.17,28368.2,28856000.0,10.07,10.0,9.782999999999976,9.83,10.19,56.71,0.03,-0.04,0.07,晨化股份,化学原料和化学制品制造业,创业板,10.099999999999984,10.022500000000003,9.967499999999987,9.86312500000004,10.142978723404253
300610,2025-02-12,10.17,10.18,10.24,10.1,10.18,24905.2,25319200.0,10.12,10.02,9.810499999999976,9.83,10.18,56.71,0.05,-0.02,0.07,晨化股份,化学原料和化学制品制造业,创业板,10.134999999999984,10.070000000000002,10.004166666666654,9.92125000000004,10.138085106382977
300610,2025-02-13,10.21,9.97,10.22,9.94,10.18,27273.8,27439700.0,10.1,10.03,9.832999999999975,9.83,10.18,50.11,0.03,-0.01,0.04,晨化股份,化学原料和化学制品制造业,创业板,10.124999999999984,10.060000000000002,10.009166666666657,9.94250000000004,10.125957446808508
300610,2025-02-14,9.94,9.94,10.05,9.89,9.97,23207.0,23146300.0,10.09,10.05,9.853999999999974,9.83,10.17,49.23,0.03,0.0,0.03,晨化股份,化学原料和化学制品制造业,创业板,10.067499999999983,10.053750000000003,10.010833333333322,9.96000000000004,10.109999999999998
300610,2025-02-17,9.93,10.09,10.12,9.91,9.94,29003.9,29056200.0,10.07,10.05,9.899499999999975,9.83,10.17,53.62,0.04,0.0,0.04,晨化股份,化学原料和化学制品制造业,创业板,10.044999999999982,10.072500000000003,10.029999999999989,9.98687500000004,10.096808510638295
300610,2025-02-18,10.07,9.91,10.14,9.85,10.09,29117.0,29098000.0,10.02,10.04,9.932499999999974,9.81,10.16,48.23,0.02,0.01,0.01,晨化股份,化学原料和化学制品制造业,创业板,9.977499999999983,10.056250000000002,10.039166666666656,9.99750000000004,10.083617021276595
300610,2025-02-19,9.99,10.06,10.12,9.94,9.91,25267.4,25367800.0,9.99,10.06,9.953999999999976,9.8,10.17,52.51,0.03,0.01,0.02,晨化股份,化学原料和化学制品制造业,创业板,9.999999999999984,10.062500000000002,10.039999999999988,10.00687500000004,10.072127659574466
300610,2025-02-20,10.1,10.47,10.53,9.91,10.06,84837.3,87726900.0,10.09,10.1,9.994499999999976,9.82,10.17,61.82,0.06,0.02,0.04,晨化股份,化学原料和化学制品制造业,创业板,10.132499999999984,10.100000000000001,10.07999999999999,10.04125000000004,10.068936170212766
300610,2025-02-21,10.33,10.27,10.37,10.2,10.47,64350.5,66025800.0,10.16,10.12,10.024999999999975,9.84,10.16,56.05,0.07,0.03,0.04,晨化股份,化学原料和化学制品制造业,创业板,10.177499999999984,10.111250000000002,10.10749999999999,10.066875000000042,10.057446808510637
300610,2025-02-24,10.22,10.56,10.91,10.21,10.27,97291.0,102166000.0,10.25,10.16,10.065999999999976,9.88,10.16,61.64,0.1,0.05,0.05,晨化股份,化学原料和化学制品制造业,创业板,10.339999999999986,10.158750000000001,10.150833333333324,10.114375000000042,10.054255319148934
300610,2025-02-25,10.42,10.39,10.56,10.31,10.56,67512.2,70182500.0,10.35,10.18,10.089999999999977,9.92,10.16,57.06,0.12,0.06,0.06,晨化股份,化学原料和化学制品制造业,创业板,10.422499999999985,10.211250000000001,10.182499999999989,10.13562500000004,10.041702127659573
300610,2025-02-26,10.52,10.41,10.59,10.38,10.39,55201.2,57823700.0,10.42,10.21,10.114499999999977,9.94,10.16,57.46,0.12,0.07,0.05,晨化股份,化学原料和化学制品制造业,创业板,10.407499999999985,10.270000000000001,10.20249999999999,10.16187500000004,10.02787234042553
300610,2025-02-27,10.42,10.32,10.52,10.17,10.41,42541.2,43815300.0,10.39,10.24,10.137499999999978,9.97,10.16,54.97,0.12,0.08,0.04,晨化股份,化学原料和化学制品制造业,创业板,10.419999999999984,10.298750000000002,10.214166666666657,10.185625000000039,10.018085106382978
300610,2025-02-28,10.28,10.15,10.34,10.15,10.32,33163.0,33933500.0,10.37,10.26,10.154999999999976,9.99,10.16,50.53,0.11,0.09,0.02,晨化股份,化学原料和化学制品制造业,创业板,10.317499999999983,10.328750000000003,10.211666666666657,10.19250000000004,9.995957446808509
300610,2025-03-03,10.15,10.27,10.46,10.15,10.15,47774.0,49324500.0,10.31,10.28,10.165999999999977,10.03,10.15,53.39,0.1,0.09,0.01,晨化股份,化学原料和化学制品制造业,创业板,10.287499999999984,10.355000000000002,10.236666666666657,10.208750000000041,9.990212765957445
300610,2025-03-04,10.17,10.33,10.36,10.16,10.27,29007.8,29849100.0,10.3,10.32,10.182999999999977,10.06,10.15,54.8,0.09,0.09,0.0,晨化股份,化学原料和化学制品制造业,创业板,10.267499999999984,10.337500000000002,10.269166666666658,10.218750000000043,9.98595744680851
300610,2025-03-05,10.33,10.25,10.38,10.1,10.33,32034.0,32653000.0,10.26,10.34,10.198499999999978,10.08,10.14,52.52,0.09,0.09,0.0,晨化股份,化学原料和化学制品制造业,创业板,10.249999999999984,10.335000000000003,10.282499999999992,10.223125000000042,9.98063829787234
300610,2025-03-06,10.33,10.34,10.39,10.22,10.25,33799.5,34907200.0,10.27,10.33,10.213499999999978,10.11,10.14,54.8,0.09,0.09,0.0,晨化股份,化学原料和化学制品制造业,创业板,10.297499999999983,10.307500000000003,10.318333333333326,10.233125000000042,9.974042553191488
300610,2025-03-07,10.35,10.23,10.35,10.19,10.34,25987.0,26689600.0,10.28,10.32,10.224499999999978,10.12,10.13,51.54,0.08,0.09,-0.01,晨化股份,化学原料和化学制品制造业,创业板,10.287499999999984,10.287500000000003,10.33249999999999,10.249375000000041,9.978723404255318
300610,2025-03-10,10.3,10.31,10.37,10.25,10.23,24974.0,25720600.0,10.29,10.3,10.23149999999998,10.14,10.13,53.7,0.08,0.09,-0.01,晨化股份,化学原料和化学制品制造业,创业板,10.282499999999985,10.275000000000004,10.319166666666659,10.272500000000042,9.981702127659572
300610,2025-03-11,10.26,10.37,10.38,10.14,10.31,30598.1,31470200.0,10.3,10.3,10.240999999999978,10.16,10.12,55.3,0.08,0.09,-0.01,晨化股份,化学原料和化学制品制造业,创业板,10.312499999999984,10.281250000000004,10.327499999999992,10.290000000000042,9.991063829787233
300610,2025-03-12,10.43,10.46,10.52,10.26,10.37,40996.0,42657300.0,10.34,10.3,10.254999999999978,10.18,10.12,57.68,0.09,0.09,0.0,晨化股份,化学原料和化学制品制造业,创业板,10.342499999999983,10.320000000000004,10.319166666666659,10.324375000000042,9.999361702127658
300610,2025-03-13,10.44,10.38,10.51,10.21,10.46,31596.0,32634000.0,10.35,10.31,10.275499999999978,10.19,10.11,54.89,0.09,0.09,0.0,晨化股份,化学原料和化学制品制造业,创业板,10.379999999999985,10.333750000000004,10.318333333333324,10.344375000000042,9.995957446808509
300610,2025-03-14,10.3,10.49,10.49,10.3,10.38,35556.5,37051300.0,10.4,10.34,10.30299999999998,10.22,10.1,57.9,0.1,0.09,0.01,晨化股份,化学原料和化学制品制造业,创业板,10.424999999999985,10.353750000000003,10.32499999999999,10.345625000000043,10.000212765957444
300610,2025-03-17,10.48,10.53,10.58,10.43,10.49,37053.2,38945800.0,10.45,10.37,10.324999999999978,10.23,10.1,58.97,0.11,0.09,0.02,晨化股份,化学原料和化学制品制造业,创业板,10.464999999999986,10.388750000000003,10.342499999999992,10.361875000000042,10.011489361702125
300610,2025-03-18,10.58,10.7,10.72,10.53,10.53,39225.0,41645700.0,10.51,10.41,10.364499999999978,10.26,10.09,63.26,0.12,0.1,0.02,晨化股份,化学原料和化学制品制造业,创业板,10.524999999999986,10.433750000000003,10.388333333333323,10.370625000000041,10.033617021276592
300610,2025-03-19,10.68,10.6,10.7,10.54,10.7,35326.0,37556400.0,10.54,10.44,10.391499999999978,10.28,10.08,59.33,0.12,0.1,0.02,晨化股份,化学原料和化学制品制造业,创业板,10.579999999999986,10.480000000000002,10.415833333333323,10.383750000000042,10.062553191489359
300610,2025-03-20,10.62,10.59,10.7,10.5,10.6,29570.7,31323400.0,10.58,10.47,10.397499999999978,10.3,10.09,58.94,0.12,0.11,0.01,晨化股份,化学原料和化学制品制造业,创业板,10.604999999999984,10.515000000000002,10.43749999999999,10.395000000000042,10.089999999999996
300610,2025-03-21,10.63,10.48,10.64,10.38,10.59,45472.4,47686700.0,10.58,10.49,10.407999999999976,10.31,10.08,54.64,0.11,0.11,0.0,晨化股份,化学原料和化学制品制造业,创业板,10.592499999999983,10.528750000000002,10.456666666666656,10.405000000000042,10.108085106382974
300610,2025-03-24,10.4,10.35,10.57,10.15,10.48,57098.5,58906200.0,10.54,10.5,10.397499999999976,10.32,10.08,50.0,0.1,0.11,-0.01,晨化股份,化学原料和化学制品制造业,创业板,10.504999999999985,10.515,10.457499999999989,10.417500000000041,10.12574468085106
300610,2025-03-25,10.29,10.66,10.84,10.19,10.35,82621.1,87095500.0,10.54,10.52,10.410999999999976,10.34,10.08,58.95,0.11,0.11,0.0,晨化股份,化学原料和化学制品制造业,创业板,10.519999999999984,10.55,10.493333333333322,10.44187500000004,10.149999999999999
