code,timestamps,open,close,high,low,ycp,vol,amount,MA5,MA10,MA20,MA30,MA60,MSI,DIF,DEA,MACD_Hist,name,industry,block,MA4,MA8,MA12,MA16,MA47
301189,2022-03-29,39.69,38.55,40.29,38.37,39.69,8186.47,32119300.0,,,38.55,,,,0.0,0.0,0.0,奥尼电子,计算机、通信和其他电子设备制造业,创业板,38.55,38.55,38.55,38.55,38.55
301189,2022-03-30,38.65,39.02,39.17,38.07,38.55,6093.2,23623800.0,,,38.785,,,,0.04,0.01,0.03,奥尼电子,计算机、通信和其他电子设备制造业,创业板,38.785,38.785,38.785,38.785,38.785
301189,2022-03-31,38.97,39.09,39.52,38.73,39.02,6559.06,25703500.0,,,38.88666666666666,,,,0.07,0.02,0.05,奥尼电子,计算机、通信和其他电子设备制造业,创业板,38.88666666666666,38.88666666666666,38.88666666666666,38.88666666666666,38.88666666666666
301189,2022-04-01,38.9,39.0,39.42,38.38,39.09,5976.01,23268700.0,,,38.915,,,,0.09,0.03,0.06,奥尼电子,计算机、通信和其他电子设备制造业,创业板,38.915,38.915,38.915,38.915,38.915
301189,2022-04-06,39.17,39.52,39.77,39.04,39.0,6402.24,25239800.0,39.04,,39.036,,,,0.15,0.06,0.09,奥尼电子,计算机、通信和其他电子设备制造业,创业板,39.1575,39.036,39.036,39.036,39.036
301189,2022-04-07,39.36,38.61,39.36,38.58,39.52,6853.98,26637300.0,39.05,,38.965,,,,0.11,0.07,0.04,奥尼电子,计算机、通信和其他电子设备制造业,创业板,39.055,38.965,38.965,38.965,38.965
301189,2022-04-08,38.59,39.0,40.88,38.58,38.61,17550.0,69949100.0,39.04,,38.970000000000006,,,,0.12,0.08,0.04,奥尼电子,计算机、通信和其他电子设备制造业,创业板,39.0325,38.970000000000006,38.970000000000006,38.970000000000006,38.970000000000006
301189,2022-04-11,38.11,36.03,38.24,35.83,39.0,16041.7,59129400.0,38.43,,38.602500000000006,,,,-0.11,0.04,-0.15,奥尼电子,计算机、通信和其他电子设备制造业,创业板,38.29,38.602500000000006,38.602500000000006,38.602500000000006,38.602500000000006
301189,2022-04-12,36.01,36.46,36.57,35.81,36.03,6021.74,21780900.0,37.92,,38.364444444444445,,,,-0.26,-0.02,-0.24,奥尼电子,计算机、通信和其他电子设备制造业,创业板,37.525,38.34125,38.364444444444445,38.364444444444445,38.364444444444445
301189,2022-04-13,36.35,35.0,36.35,35.0,36.46,7046.67,25142900.0,37.02,38.03,38.028000000000006,,,,-0.49,-0.11,-0.38,奥尼电子,计算机、通信和其他电子设备制造业,创业板,36.6225,37.838750000000005,38.028000000000006,38.028000000000006,38.028000000000006
301189,2022-04-14,35.33,35.28,35.62,35.11,35.0,4961.22,17544000.0,36.35,37.7,37.77818181818182,,,,-0.64,-0.22,-0.42,奥尼电子,计算机、通信和其他电子设备制造业,创业板,35.6925,37.3625,37.77818181818182,37.77818181818182,37.77818181818182
301189,2022-04-15,35.19,34.71,35.19,34.24,35.28,7828.42,27163400.0,35.5,37.27,37.5225,,,,-0.8,-0.34,-0.46,奥尼电子,计算机、通信和其他电子设备制造业,创业板,35.362500000000004,36.826249999999995,37.5225,37.5225,37.5225
301189,2022-04-18,34.41,35.22,35.29,34.06,34.71,5059.1,17627900.0,35.33,36.88,37.34538461538462,,,,-0.88,-0.44,-0.44,奥尼电子,计算机、通信和其他电子设备制造业,创业板,35.0525,36.28874999999999,37.245,37.34538461538462,37.34538461538462
301189,2022-04-19,35.22,35.29,35.43,34.93,35.22,3643.32,12839300.0,35.1,36.51,37.19857142857143,,,30.75,-0.91,-0.54,-0.37,奥尼电子,计算机、通信和其他电子设备制造业,创业板,35.125,35.873749999999994,36.93416666666667,37.19857142857143,37.19857142857143
301189,2022-04-20,35.33,35.6,36.74,35.18,35.29,11319.6,40643600.0,35.22,36.12,37.092,,,34.51,-0.91,-0.61,-0.3,奥尼电子,计算机、通信和其他电子设备制造业,创业板,35.205,35.44875,36.64333333333334,37.092,37.092
301189,2022-04-21,35.7,35.01,36.6,34.82,35.6,14513.1,52083200.0,35.17,35.76,36.961875,,,31.05,-0.94,-0.68,-0.26,奥尼电子,计算机、通信和其他电子设备制造业,创业板,35.279999999999994,35.32124999999999,36.310833333333335,36.961875,36.961875
301189,2022-04-22,34.83,36.07,36.17,34.18,35.01,13235.3,46964100.0,35.44,35.47,36.90941176470589,,,42.24,-0.88,-0.72,-0.16,奥尼电子,计算机、通信和其他电子设备制造业,创业板,35.49249999999999,35.272499999999994,36.02333333333333,36.806875000000005,36.90941176470589
301189,2022-04-25,35.55,32.76,35.59,32.7,36.07,13020.8,44370600.0,34.95,35.14,36.67888888888889,,,27.33,-1.08,-0.79,-0.29,奥尼电子,计算机、通信和其他电子设备制造业,创业板,34.85999999999999,34.99249999999999,35.535833333333336,36.415625000000006,36.67888888888889
301189,2022-04-26,32.81,30.72,33.49,30.66,32.76,12190.2,38928200.0,34.03,34.57,36.36526315789474,,,22.14,-1.39,-0.91,-0.48,奥尼电子,计算机、通信和其他电子设备制造业,创业板,33.63999999999999,34.4225,34.84583333333333,35.892500000000005,36.36526315789474
301189,2022-04-27,27.63,29.85,29.89,27.5,30.72,16010.0,45978400.0,32.88,34.05,36.039500000000004,,,20.36,-1.68,-1.06,-0.62,奥尼电子,计算机、通信和其他电子设备制造业,创业板,32.349999999999994,33.815000000000005,34.33083333333334,35.32062500000001,36.039500000000004
301189,2022-04-28,29.62,28.45,29.62,28.12,29.85,10027.2,28748400.0,31.57,33.37,35.53450000000001,,,17.88,-2.01,-1.25,-0.76,奥尼电子,计算机、通信和其他电子设备制造业,创业板,30.444999999999993,32.96875,33.663333333333334,34.62875000000001,35.678095238095246
301189,2022-04-29,28.8,29.82,30.15,28.68,28.45,10509.6,31047800.0,30.32,32.88,35.074500000000015,,,27.24,-2.13,-1.43,-0.7,奥尼电子,计算机、通信和其他电子设备制造业,创业板,29.709999999999994,32.285,33.23166666666667,34.07937500000001,35.41181818181819
301189,2022-05-05,30.4,30.55,30.98,29.78,29.82,7640.97,23292600.0,29.88,32.41,34.64750000000001,,,31.7,-2.14,-1.57,-0.57,奥尼电子,计算机、通信和其他电子设备制造业,创业板,29.667499999999997,31.65375,32.837500000000006,33.55125000000001,35.2004347826087
301189,2022-05-06,29.8,30.56,31.22,29.71,30.55,6796.16,20739500.0,29.85,31.94,34.225500000000004,,,31.76,-2.12,-1.68,-0.44,奥尼电子,计算机、通信和其他电子设备制造业,创业板,29.845,31.097499999999997,32.491666666666674,33.20937500000001,35.007083333333334
301189,2022-05-09,30.41,30.88,31.2,30.13,30.56,4744.0,14622200.0,30.05,31.47,33.79350000000001,,,33.83,-2.06,-1.76,-0.3,奥尼电子,计算机、通信和其他电子设备制造业,创业板,30.452499999999997,30.448749999999997,32.13,32.860625000000006,34.842000000000006
301189,2022-05-10,30.49,31.27,31.4,30.32,30.88,5782.37,17957900.0,30.62,31.09,33.426500000000004,,,36.35,-1.96,-1.8,-0.16,奥尼电子,计算机、通信和其他电子设备制造业,创业板,30.814999999999998,30.262499999999996,31.795,32.627500000000005,34.70461538461539
301189,2022-05-11,31.4,31.29,32.5,31.27,31.27,9607.38,30555100.0,30.91,30.62,33.041000000000004,,,36.49,-1.85,-1.81,-0.04,奥尼电子,计算机、通信和其他电子设备制造业,创业板,30.999999999999996,30.33375,31.435833333333335,32.378125000000004,34.57814814814815
301189,2022-05-12,31.16,31.57,31.83,31.05,31.29,6658.46,20924200.0,31.11,30.5,32.818000000000005,,,38.44,-1.72,-1.79,0.07,奥尼电子,计算机、通信和其他电子设备制造业,创业板,31.252499999999998,30.548750000000002,31.14916666666667,32.181875000000005,34.47071428571429
301189,2022-05-13,31.58,31.5,31.81,31.22,31.57,4222.0,13293200.0,31.3,30.57,32.57000000000001,,,38.12,-1.61,-1.75,0.14,奥尼电子,计算机、通信和其他电子设备制造业,创业板,31.4075,30.93,30.768333333333334,31.949375000000003,34.36827586206897
301189,2022-05-16,31.73,31.29,31.88,31.19,31.5,4091.36,12881700.0,31.38,30.72,32.3845,34.27,,37.14,-1.52,-1.71,0.19,奥尼电子,计算机、通信和其他电子设备制造业,创业板,31.412499999999998,31.113750000000003,30.64583333333334,31.699375,34.26566666666667
301189,2022-05-17,31.14,31.54,31.68,30.9,31.29,5487.0,17147000.0,31.44,31.03,32.197500000000005,34.03,,39.15,-1.42,-1.65,0.23,奥尼电子,计算机、通信和其他电子设备制造业,创业板,31.475,31.237500000000004,30.71416666666667,31.445625,34.17774193548387
301189,2022-05-18,31.38,31.9,32.1,31.31,31.54,6660.06,21227500.0,31.56,31.24,32.057,33.79,,42.03,-1.29,-1.58,0.29,奥尼电子,计算机、通信和其他电子设备制造业,创业板,31.557500000000005,31.405,30.885,31.25125,34.1065625
301189,2022-05-19,31.45,31.54,31.92,31.11,31.9,4919.04,15517300.0,31.55,31.33,31.872999999999998,33.54,,39.99,-1.2,-1.5,0.3,奥尼电子,计算机、通信和其他电子设备制造业,创业板,31.567500000000003,31.487500000000004,31.142500000000002,30.968124999999997,34.02878787878788
301189,2022-05-20,31.78,31.81,31.91,31.5,31.54,4879.19,15495200.0,31.62,31.46,31.698999999999995,33.3,,42.26,-1.09,-1.42,0.33,奥尼电子,计算机、通信和其他电子设备制造业,创业板,31.697500000000005,31.555000000000003,31.308333333333337,30.908749999999998,33.9635294117647
301189,2022-05-23,31.82,32.32,32.34,31.82,31.81,5840.73,18748600.0,31.82,31.6,31.534999999999997,33.06,,46.37,-0.96,-1.33,0.37,奥尼电子,计算机、通信和其他电子设备制造业,创业板,31.892500000000005,31.683750000000007,31.455833333333334,31.00875,33.91657142857142
301189,2022-05-24,32.4,30.18,32.4,30.15,32.32,9721.07,30278800.0,31.55,31.49,31.293499999999995,32.78,,35.08,-1.01,-1.26,0.25,奥尼电子,计算机、通信和其他电子设备制造业,创业板,31.462500000000006,31.510000000000005,31.424166666666668,31.029374999999995,33.812777777777775
301189,2022-05-25,30.43,30.65,30.8,30.22,30.18,4082.5,12486500.0,31.3,31.43,31.02249999999999,32.5,,38.61,-1.01,-1.21,0.2,奥尼电子,计算机、通信和其他电子设备制造业,创业板,31.24000000000001,31.403750000000002,31.405,31.166874999999994,33.7272972972973
301189,2022-05-26,30.95,30.67,30.95,29.98,30.65,4618.0,14080800.0,31.13,31.34,30.91799999999999,32.33,,38.77,-1.0,-1.17,0.17,奥尼电子,计算机、通信和其他电子设备制造业,创业板,30.955000000000013,31.326250000000005,31.355000000000004,31.219999999999995,33.64684210526316
301189,2022-05-27,30.72,30.65,31.1,30.42,30.67,3524.95,10865200.0,30.89,31.26,30.914499999999986,32.13,,38.66,-0.97,-1.13,0.16,奥尼电子,计算机、通信和其他电子设备制造业,创业板,30.537500000000016,31.215000000000007,31.301666666666666,31.226249999999997,33.57000000000001
301189,2022-05-30,30.6,30.68,30.85,30.3,30.65,3427.57,10486200.0,30.57,31.19,30.95599999999998,31.99,,38.93,-0.94,-1.09,0.15,奥尼电子,计算机、通信和其他电子设备制造业,创业板,30.662500000000016,31.062500000000004,31.227500000000003,31.233749999999997,33.49775000000001
301189,2022-05-31,30.54,31.1,31.17,30.05,30.68,6792.46,20914100.0,30.75,31.15,31.088499999999982,31.85,,42.65,-0.87,-1.05,0.18,奥尼电子,计算机、通信和其他电子设备制造业,创业板,30.775000000000013,31.007500000000004,31.19416666666667,31.247499999999995,33.43926829268293
301189,2022-06-01,31.0,31.96,32.8,30.82,31.1,13850.9,44306600.0,31.01,31.16,31.19549999999998,31.76,,49.44,-0.74,-0.99,0.25,奥尼电子,计算机、通信和其他电子设备制造业,创业板,31.097500000000014,31.026250000000005,31.25,31.290625,33.404047619047624
301189,2022-06-02,32.0,32.98,33.16,31.7,31.96,13990.9,45507500.0,31.47,31.3,31.316999999999986,31.68,,56.08,-0.54,-0.9,0.36,奥尼电子,计算机、通信和其他电子设备制造业,创业板,31.680000000000014,31.108750000000008,31.37,31.39625,33.394186046511635
301189,2022-06-06,32.86,33.42,33.47,32.8,32.98,12898.6,42823400.0,32.03,31.46,31.459999999999987,31.62,,58.6,-0.35,-0.79,0.44,奥尼电子,计算机、通信和其他电子设备制造业,创业板,32.36500000000001,31.51375000000001,31.49666666666667,31.511875,33.39477272727274
301189,2022-06-07,33.33,32.87,33.49,32.66,33.42,7790.77,25658800.0,32.47,31.52,31.559499999999986,31.53,,54.39,-0.24,-0.68,0.44,奥尼电子,计算机、通信和其他电子设备制造业,创业板,32.80750000000001,31.79125000000001,31.6075,31.597499999999997,33.38311111111112
301189,2022-06-08,32.95,32.6,33.18,32.13,32.87,6629.66,21605400.0,32.77,31.76,31.625999999999987,31.45,,52.4,-0.17,-0.58,0.41,奥尼电子,计算机、通信和其他电子设备制造业,创业板,32.96750000000001,32.032500000000006,31.673333333333336,31.679374999999997,33.36608695652174
301189,2022-06-09,32.6,31.61,32.6,31.59,32.6,6190.45,19750700.0,32.7,31.85,31.64199999999999,31.3,,45.79,-0.19,-0.5,0.31,奥尼电子,计算机、通信和其他电子设备制造业,创业板,32.62500000000001,32.15250000000001,31.614166666666673,31.683749999999993,33.32872340425532
301189,2022-06-10,31.54,31.95,32.14,31.43,31.61,3996.71,12781600.0,32.49,31.98,31.66099999999999,31.27,,48.2,-0.19,-0.44,0.25,奥尼电子,计算机、通信和其他电子设备制造业,创业板,32.25750000000001,32.31125000000001,31.76166666666667,31.686874999999993,33.18829787234043
301189,2022-06-13,31.88,32.28,32.37,31.7,31.95,5141.77,16465400.0,32.26,32.14,31.69999999999999,31.32,,50.51,-0.14,-0.38,0.24,奥尼电子,计算机、通信和其他电子设备制造业,创业板,32.11000000000001,32.45875000000001,31.897500000000008,31.73312499999999,33.04489361702128
301189,2022-06-14,32.0,31.86,32.05,31.1,32.28,5134.6,16229200.0,32.06,32.26,31.72849999999999,31.39,,47.61,-0.15,-0.33,0.18,奥尼电子,计算机、通信和其他电子设备制造业,创业板,31.925000000000004,32.44625000000001,31.996666666666673,31.736249999999988,32.891063829787235
301189,2022-06-15,31.99,32.17,32.66,31.9,31.86,7455.08,24101300.0,31.97,32.37,31.75999999999999,31.52,,49.9,-0.12,-0.29,0.17,奥尼电子,计算机、通信和其他电子设备制造业,创业板,32.065,32.34500000000001,32.12333333333334,31.72687499999999,32.74574468085107
301189,2022-06-16,32.14,32.44,32.55,32.14,32.17,4939.46,15996200.0,32.14,32.42,31.786999999999995,31.6,,51.87,-0.08,-0.25,0.17,奥尼电子,计算机、通信和其他电子设备制造业,创业板,32.1875,32.22250000000001,32.27000000000001,31.86812499999999,32.59510638297873
301189,2022-06-17,32.1,32.39,32.57,31.77,32.44,8338.44,26865400.0,32.23,32.36,31.829499999999996,31.66,,51.47,-0.05,-0.21,0.16,奥尼电子,计算机、通信和其他电子设备制造业,创业板,32.214999999999996,32.16250000000001,32.377500000000005,31.976874999999993,32.46276595744682
301189,2022-06-20,32.6,32.8,33.02,32.53,32.39,7812.51,25574900.0,32.33,32.3,31.878999999999998,31.74,,54.6,0.01,-0.16,0.17,奥尼电子,计算机、通信和其他电子设备制造业,创业板,32.44999999999999,32.18750000000001,32.44750000000001,32.10999999999999,32.3308510638298
301189,2022-06-21,32.88,33.2,33.64,32.56,32.8,10604.0,35230200.0,32.6,32.33,31.922999999999995,31.82,,57.47,0.08,-0.12,0.2,奥尼电子,计算机、通信和其他电子设备制造业,创业板,32.70749999999998,32.386250000000004,32.46583333333334,32.269375,32.27063829787235
301189,2022-06-22,33.1,32.45,33.31,32.4,33.2,6309.16,20650600.0,32.66,32.32,32.036500000000004,31.86,,50.95,0.08,-0.08,0.16,奥尼电子,计算机、通信和其他电子设备制造业,创业板,32.70999999999998,32.448750000000004,32.385000000000005,32.38,32.18531914893618
301189,2022-06-23,32.45,33.07,33.09,32.41,32.45,5924.84,19465000.0,32.78,32.46,32.157500000000006,31.92,,55.45,0.13,-0.04,0.17,奥尼电子,计算机、通信和其他电子设备制造业,创业板,32.87999999999998,32.5475,32.40166666666667,32.503125000000004,32.14425531914895
301189,2022-06-24,33.25,33.45,33.7,32.95,33.07,9040.3,30255000.0,32.99,32.61,32.29650000000001,31.98,,58.0,0.2,0.01,0.19,奥尼电子,计算机、通信和其他电子设备制造业,创业板,33.042499999999976,32.746249999999996,32.472500000000004,32.596250000000005,32.10531914893618
301189,2022-06-27,33.5,33.95,34.22,33.23,33.45,10500.3,35471100.0,33.22,32.78,32.461500000000015,32.06,,61.14,0.29,0.07,0.22,奥尼电子,计算机、通信和其他电子设备制造业,创业板,33.229999999999976,32.96874999999999,32.6675,32.65687500000001,32.089148936170226
301189,2022-06-28,33.77,33.97,34.03,32.98,33.95,17828.9,59758500.0,33.38,32.99,32.62600000000002,32.15,33.21,61.27,0.35,0.12,0.23,奥尼电子,计算机、通信和其他电子设备制造业,创业板,33.60999999999997,33.15999999999999,32.83583333333333,32.69125000000001,32.06255319148937
301189,2022-06-29,33.97,33.37,34.8,33.35,33.97,17814.3,60646300.0,33.56,33.11,32.739500000000014,32.21,33.12,55.5,0.35,0.17,0.18,奥尼电子,计算机、通信和其他电子设备制造业,创业板,33.684999999999974,33.28249999999999,32.92666666666667,32.72250000000001,32.02170212765959
301189,2022-06-30,33.4,33.31,33.67,33.05,33.37,10064.2,33555000.0,33.61,33.2,32.807000000000016,32.26,33.03,54.94,0.35,0.21,0.14,奥尼电子,计算机、通信和其他电子设备制造业,创业板,33.64999999999998,33.34624999999999,33.0475,32.766875000000006,31.972978723404264
301189,2022-07-01,33.5,33.03,33.5,32.83,33.31,6866.8,22736500.0,33.53,33.26,32.809500000000014,32.31,32.92,52.31,0.32,0.23,0.09,奥尼电子,计算机、通信和其他电子设备制造业,创业板,33.41999999999997,33.324999999999996,33.119166666666665,32.855625,31.930851063829795
301189,2022-07-04,32.86,32.98,32.99,32.45,33.03,6461.67,21146300.0,33.33,33.28,32.787500000000016,32.35,32.82,51.83,0.28,0.24,0.04,奥尼电子,计算机、通信和其他电子设备制造业,创业板,33.17249999999997,33.39125,33.16416666666667,32.92,31.865106382978734
301189,2022-07-05,32.99,32.06,33.15,31.77,32.98,10785.3,34840900.0,32.95,33.16,32.74700000000002,32.34,32.7,43.88,0.18,0.23,-0.05,奥尼电子,计算机、通信和其他电子设备制造业,创业板,32.84499999999997,33.265,33.13666666666667,32.90625,31.85021276595746
301189,2022-07-06,31.94,31.8,32.21,31.65,32.06,4828.5,15403700.0,32.64,33.1,32.707000000000015,32.39,32.59,41.92,0.08,0.2,-0.12,奥尼电子,计算机、通信和其他电子设备制造业,创业板,32.46749999999997,33.05875,33.053333333333335,32.902499999999996,31.873191489361712
301189,2022-07-07,31.96,31.7,31.96,31.55,31.8,4414.49,14013500.0,32.31,32.96,32.711500000000015,32.43,32.46,41.16,-0.01,0.16,-0.17,奥尼电子,计算机、通信和其他电子设备制造业,创业板,32.13499999999997,32.7775,32.928333333333335,32.873125,31.912553191489373
301189,2022-07-08,31.56,32.01,32.5,31.56,31.7,6670.61,21456400.0,32.11,32.82,32.714500000000015,32.47,32.4,44.52,-0.06,0.11,-0.17,奥尼电子,计算机、通信和其他电子设备制造业,创业板,31.89249999999997,32.5325,32.89166666666667,32.84625,31.988297872340436
301189,2022-07-11,31.81,31.44,31.99,31.25,32.01,4821.68,15184200.0,31.8,32.57,32.67250000000002,32.5,32.31,40.0,-0.13,0.06,-0.19,奥尼电子,计算机、通信和其他电子设备制造业,创业板,31.73749999999997,32.29125,32.755833333333335,32.786875,32.02276595744682
301189,2022-07-12,31.55,30.5,31.55,30.45,31.44,6325.11,19472900.0,31.49,32.22,32.604500000000016,32.49,32.24,33.88,-0.28,0.0,-0.28,奥尼电子,计算机、通信和其他电子设备制造业,创业板,31.41249999999997,31.939999999999998,32.510000000000005,32.643125000000005,32.02170212765959
301189,2022-07-13,30.62,30.8,30.87,30.5,30.5,3506.2,10762700.0,31.29,31.96,32.536000000000016,32.48,32.16,37.18,-0.36,-0.08,-0.28,奥尼电子,计算机、通信和其他电子设备制造业,创业板,31.187499999999968,31.66125,32.24750000000001,32.493125,32.02680851063831
301189,2022-07-14,30.58,30.95,31.15,30.56,30.8,3829.95,11857900.0,31.14,31.73,32.46150000000002,32.45,32.1,38.83,-0.4,-0.14,-0.26,奥尼电子,计算机、通信和其他电子设备制造业,创业板,30.92249999999997,31.407500000000002,31.995833333333337,32.399375,32.02829787234044
301189,2022-07-15,30.88,33.57,35.82,30.5,30.95,39968.9,134442000.0,31.45,31.78,32.52050000000003,32.47,32.07,59.01,-0.22,-0.16,-0.06,奥尼电子,计算机、通信和其他电子设备制造业,创业板,31.45499999999997,31.596250000000005,32.0125,32.430625,32.0772340425532
301189,2022-07-18,33.5,33.69,34.48,33.38,33.57,19845.5,66892400.0,31.9,31.85,32.56500000000003,32.48,32.05,59.66,-0.08,-0.14,0.06,奥尼电子,计算机、通信和其他电子设备制造业,创业板,32.25249999999997,31.832500000000003,32.04416666666667,32.44562499999999,32.12829787234044
301189,2022-07-19,33.51,34.48,34.85,33.51,33.69,21447.2,73632600.0,32.7,32.09,32.62900000000003,32.53,32.03,63.78,0.11,-0.09,0.2,奥尼电子,计算机、通信和其他电子设备制造业,创业板,33.172499999999964,32.18000000000001,32.165,32.47874999999999,32.19021276595746
301189,2022-07-20,34.42,34.13,34.48,33.89,34.48,12612.0,43115000.0,33.36,32.33,32.71300000000003,32.58,32.01,60.82,0.22,-0.03,0.25,奥尼电子,计算机、通信和其他电子设备制造业,创业板,33.967499999999966,32.44500000000001,32.26083333333333,32.48874999999999,32.246170212765975
301189,2022-07-21,33.91,33.73,34.38,33.73,34.13,8354.91,28393000.0,33.92,32.53,32.74600000000002,32.65,31.98,57.53,0.28,0.03,0.25,奥尼电子,计算机、通信和其他电子设备制造业,创业板,34.007499999999965,32.73125000000001,32.4,32.51124999999999,32.298085106383
301189,2022-07-22,33.73,33.4,34.07,33.06,33.73,8152.22,27280100.0,33.89,32.67,32.743500000000026,32.7,31.99,54.9,0.29,0.08,0.21,奥尼电子,计算机、通信和其他电子设备制造业,创业板,33.93499999999997,33.09375000000001,32.53333333333333,32.516874999999985,32.337659574468105
301189,2022-07-25,33.4,32.9,33.57,32.83,33.4,6389.32,21117000.0,33.73,32.82,32.69100000000002,32.72,32.02,51.08,0.26,0.12,0.14,奥尼电子,计算机、通信和其他电子设备制造业,创业板,33.53999999999997,33.35625,32.63333333333333,32.508749999999985,32.358936170212786
301189,2022-07-26,32.9,32.96,32.99,32.28,32.9,6428.08,21002900.0,33.42,33.06,32.64050000000002,32.76,32.07,51.52,0.23,0.14,0.09,奥尼电子,计算机、通信和其他电子设备制造业,创业板,33.247499999999974,33.6075,32.7125,32.507499999999986,32.38914893617024
301189,2022-07-27,32.96,33.4,33.52,32.79,32.96,7205.57,23972500.0,33.28,33.32,32.64200000000002,32.8,32.16,54.7,0.25,0.16,0.09,奥尼电子,计算机、通信和其他电子设备制造业,创业板,33.16499999999998,33.58625,32.875833333333325,32.59124999999999,32.422978723404285
301189,2022-07-28,33.5,34.07,34.28,33.41,33.4,11794.6,40027300.0,33.35,33.63,32.68000000000002,32.85,32.23,59.11,0.3,0.19,0.11,奥尼电子,计算机、通信和其他电子设备制造业,创业板,33.332499999999975,33.63375,33.173333333333325,32.733124999999994,32.46021276595747
301189,2022-07-29,34.25,33.6,34.25,33.56,34.07,8281.04,27956300.0,33.39,33.64,32.70850000000002,32.89,32.28,55.06,0.31,0.21,0.1,奥尼电子,计算机、通信和其他电子设备制造业,创业板,33.50749999999997,33.52375,33.40666666666666,32.85187499999999,32.53297872340428
301189,2022-08-01,33.43,34.08,34.23,33.3,33.6,8822.82,29974800.0,33.62,33.67,32.76350000000002,32.93,32.34,58.21,0.35,0.24,0.11,奥尼电子,计算机、通信和其他电子设备制造业,创业板,33.78749999999997,33.5175,33.6675,32.981249999999996,32.60595744680853
301189,2022-08-02,33.88,32.11,33.88,31.8,34.08,13359.8,43479300.0,33.45,33.44,32.76600000000002,32.9,32.36,44.45,0.23,0.24,-0.01,奥尼电子,计算机、通信和其他电子设备制造业,创业板,33.46499999999997,33.315,33.54583333333333,33.02312499999999,32.63659574468087
301189,2022-08-03,32.2,32.49,33.37,32.2,32.11,12941.8,42640600.0,33.27,33.27,32.80050000000002,32.9,32.38,47.05,0.16,0.22,-0.06,奥尼电子,计算机、通信和其他电子设备制造业,创业板,33.06999999999997,33.20125,33.44583333333333,33.147499999999994,32.675744680851075
301189,2022-08-04,32.73,32.94,33.2,32.5,32.49,5919.57,19472600.0,33.04,33.2,32.862500000000026,32.9,32.41,50.04,0.13,0.2,-0.07,奥尼电子,计算机、通信和其他电子设备制造业,创业板,32.90499999999997,33.206250000000004,33.317499999999995,33.28125,32.72382978723406
301189,2022-08-05,32.9,33.65,33.7,32.9,32.94,8522.0,28445500.0,33.05,33.22,32.94450000000002,32.9,32.44,54.4,0.16,0.2,-0.04,奥尼电子,计算机、通信和其他电子设备制造业,创业板,32.79749999999997,33.292500000000004,33.277499999999996,33.449999999999996,32.778085106382996
301189,2022-08-08,33.74,33.99,34.08,33.23,33.65,8759.99,29515300.0,33.04,33.33,33.07200000000002,32.9,32.48,56.36,0.22,0.2,0.02,奥尼电子,计算机、通信和其他电子设备制造业,创业板,33.26749999999997,33.36625000000001,33.29916666666666,33.47624999999999,32.8212765957447
301189,2022-08-09,34.0,34.32,34.5,33.71,33.99,10263.6,35035400.0,33.48,33.46,33.26300000000002,32.92,32.53,58.24,0.29,0.22,0.07,奥尼电子,计算机、通信和其他电子设备制造业,创业板,33.724999999999966,33.39750000000001,33.375833333333325,33.515625,32.849787234042566
301189,2022-08-10,34.28,34.46,34.68,34.01,34.32,10838.3,37326600.0,33.87,33.57,33.446000000000026,32.95,32.58,59.05,0.34,0.24,0.1,奥尼电子,计算机、通信和其他电子设备制造业,创业板,34.10499999999997,33.505,33.50583333333333,33.514375,32.87191489361704
301189,2022-08-11,34.7,34.98,35.03,34.43,34.46,13371.5,46585000.0,34.28,33.66,33.64750000000002,33.01,32.63,61.99,0.42,0.28,0.14,奥尼电子,计算机、通信和其他电子设备制造业,创业板,34.437499999999964,33.61750000000001,33.674166666666665,33.5675,32.91680851063832
301189,2022-08-12,35.0,34.33,35.14,34.17,34.98,12221.1,42341100.0,34.42,33.74,33.685500000000026,33.05,32.68,56.53,0.43,0.31,0.12,奥尼电子,计算机、通信和其他电子设备制造业,创业板,34.522499999999965,33.895,33.751666666666665,33.605000000000004,32.953617021276614
301189,2022-08-15,34.68,34.02,34.68,33.91,34.33,7803.19,26605900.0,34.42,33.73,33.70200000000002,33.09,32.72,54.08,0.41,0.33,0.08,奥尼电子,计算机、通信和其他电子设备制造业,创业板,34.44749999999997,34.08625,33.747499999999995,33.643750000000004,33.004893617021295
301189,2022-08-16,33.81,35.59,35.59,33.81,34.02,23542.0,82673500.0,34.68,34.08,33.75750000000002,33.2,32.77,62.85,0.52,0.37,0.15,奥尼电子,计算机、通信和其他电子设备制造业,创业板,34.72999999999997,34.4175,33.91333333333333,33.81187500000001,33.08234042553193
301189,2022-08-17,35.61,34.91,35.61,34.62,35.59,19357.8,67542800.0,34.77,34.32,33.79650000000002,33.31,32.85,57.71,0.53,0.4,0.13,奥尼电子,计算机、通信和其他电子设备制造业,创业板,34.71249999999997,34.575,33.982499999999995,33.93375,33.138297872340445
301189,2022-08-18,35.17,36.67,37.14,34.55,34.91,37341.8,134797000.0,35.1,34.69,33.943500000000014,33.47,32.95,65.56,0.69,0.46,0.23,奥尼电子,计算机、通信和其他电子设备制造业,创业板,35.29749999999997,34.910000000000004,34.36249999999999,34.138125,33.240638297872366
301189,2022-08-19,36.51,36.05,37.18,35.65,36.67,25842.2,93986000.0,35.45,34.93,34.076000000000015,33.61,33.04,61.25,0.75,0.52,0.23,奥尼电子,计算机、通信和其他电子设备制造业,创业板,35.80499999999997,35.126250000000006,34.65916666666666,34.261874999999996,33.323191489361726
301189,2022-08-22,35.78,36.48,37.08,35.28,36.05,21919.5,79625300.0,35.94,35.18,34.25500000000002,33.78,33.14,63.06,0.83,0.58,0.25,奥尼电子,计算机、通信和其他电子设备制造业,创业板,36.02749999999997,35.37875000000001,34.95416666666666,34.441874999999996,33.40914893617023
301189,2022-08-23,36.13,35.43,36.31,35.28,36.48,15389.5,54782300.0,35.91,35.29,34.37850000000002,33.94,33.21,56.15,0.78,0.62,0.16,奥尼电子,计算机、通信和其他电子设备制造业,创业板,36.15749999999997,35.43500000000001,35.1025,34.52624999999999,33.47382978723406
301189,2022-08-24,35.45,33.85,35.56,33.85,35.43,16234.0,55774300.0,35.7,35.23,34.40100000000002,34.04,33.26,47.68,0.62,0.62,0.0,奥尼电子,计算机、通信和其他电子设备制造业,创业板,35.45249999999997,35.375000000000014,35.09083333333333,34.63499999999999,33.496170212765975
301189,2022-08-25,33.83,33.19,34.25,32.88,33.85,8301.28,27611200.0,35.0,35.05,34.35700000000001,34.12,33.28,44.65,0.44,0.58,-0.14,奥尼电子,计算机、通信和其他电子设备制造业,创业板,34.73749999999997,35.271250000000016,34.99666666666666,34.678749999999994,33.49595744680853
301189,2022-08-26,33.33,32.93,33.68,32.85,33.19,5442.9,18097500.0,34.38,34.91,34.32350000000001,34.09,33.28,43.47,0.27,0.52,-0.25,奥尼电子,计算机、通信和其他电子设备制造业,创业板,33.84999999999997,34.93875000000001,34.869166666666665,34.678124999999994,33.50617021276597
301189,2022-08-29,32.12,32.66,32.88,32.12,32.93,3918.43,12765400.0,33.61,34.78,34.252500000000005,34.06,33.27,42.23,0.11,0.44,-0.33,奥尼电子,计算机、通信和其他电子设备制造业,创业板,33.15749999999997,34.65750000000001,34.67583333333334,34.616249999999994,33.49744680851066
301189,2022-08-30,32.66,32.9,33.02,32.5,32.66,3611.86,11825400.0,33.11,34.51,34.292,34.01,33.27,43.77,0.0,0.35,-0.35,奥尼电子,计算机、通信和其他电子设备制造业,创业板,32.91999999999997,34.18625000000001,34.556666666666665,34.54812499999999,33.485744680851084
301189,2022-08-31,32.89,32.34,32.93,32.23,32.9,4785.4,15535600.0,32.8,34.25,34.2845,33.95,33.26,41.03,-0.13,0.25,-0.38,奥尼电子,计算机、通信和其他电子设备制造业,创业板,32.707499999999975,33.722500000000004,34.416666666666664,34.42437499999999,33.451489361702144
301189,2022-09-01,32.34,32.25,32.68,32.0,32.34,3247.1,10532200.0,32.62,33.81,34.25,33.9,33.27,40.59,-0.24,0.16,-0.4,奥尼电子,计算机、通信和其他电子设备制造业,创业板,32.53749999999997,33.19375,34.13833333333333,34.28624999999999,33.4148936170213
301189,2022-09-02,32.3,32.94,32.94,32.3,32.25,4557.91,14898500.0,32.62,33.5,34.2145,33.88,33.29,45.42,-0.26,0.07,-0.33,奥尼电子,计算机、通信和其他电子设备制造业,创业板,32.60749999999997,32.8825,33.97416666666666,34.15874999999998,33.405744680851086
301189,2022-09-05,32.89,32.56,32.89,32.44,32.94,3754.7,12233800.0,32.6,33.11,34.14300000000001,33.87,33.3,43.33,-0.31,0.0,-0.31,奥尼电子,计算机、通信和其他电子设备制造业,创业板,32.52249999999997,32.72125,33.63166666666666,34.04812499999998,33.38978723404258
301189,2022-09-06,32.59,33.03,33.1,32.5,32.56,3991.26,13120600.0,32.62,32.86,34.078500000000005,33.87,33.32,46.6,-0.31,-0.07,-0.24,奥尼电子,计算机、通信和其他电子设备制造业,创业板,32.69499999999997,32.701249999999995,33.37999999999999,33.98624999999998,33.38978723404258
301189,2022-09-07,33.03,33.23,33.63,32.93,33.03,5296.16,17649800.0,32.8,32.8,34.017,33.87,33.33,47.98,-0.29,-0.11,-0.18,奥尼电子,计算机、通信和其他电子设备制造业,创业板,32.93999999999997,32.738749999999996,33.10916666666666,33.838749999999976,33.395106382978746
301189,2022-09-08,33.26,32.85,33.31,32.78,33.23,3476.1,11487500.0,32.92,32.77,33.9105,33.83,33.34,45.58,-0.3,-0.15,-0.15,奥尼电子,计算机、通信和其他电子设备制造业,创业板,32.91749999999997,32.7625,32.894166666666656,33.70999999999998,33.411914893617045
301189,2022-09-09,32.96,32.95,33.23,32.67,32.85,2446.81,8070460.0,32.92,32.77,33.8415,33.81,33.35,46.34,-0.29,-0.18,-0.11,奥尼电子,计算机、通信和其他电子设备制造业,创业板,33.01499999999997,32.768750000000004,32.81916666666665,33.477499999999985,33.43638297872343
301189,2022-09-13,32.85,33.06,33.32,32.82,32.95,2542.71,8418390.0,33.02,32.81,33.79350000000001,33.77,33.35,47.21,-0.27,-0.2,-0.07,奥尼电子,计算机、通信和其他电子设备制造业,创业板,33.02249999999997,32.85875,32.80833333333332,33.29062499999999,33.46531914893619
301189,2022-09-14,33.0,32.58,33.0,32.45,33.06,4034.25,13149100.0,32.93,32.78,33.64300000000001,33.79,33.34,43.85,-0.3,-0.22,-0.08,奥尼电子,计算机、通信和其他电子设备制造业,创业板,32.85999999999998,32.9,32.779166666666654,33.04687499999999,33.477446808510656
301189,2022-09-15,32.59,31.3,32.72,31.13,32.58,7218.93,22858800.0,32.55,32.67,33.462500000000006,33.75,33.32,36.41,-0.42,-0.26,-0.16,奥尼电子,计算机、通信和其他电子设备制造业,创业板,32.47249999999998,32.695,32.665833333333325,32.78874999999999,33.4744680851064
301189,2022-09-16,31.45,30.42,31.45,30.4,31.3,4959.54,15375300.0,32.06,32.49,33.150000000000006,33.66,33.28,32.34,-0.58,-0.32,-0.26,奥尼电子,计算机、通信和其他电子设备制造业,创业板,31.839999999999986,32.4275,32.45916666666666,32.57437499999999,33.47276595744683
301189,2022-09-19,30.43,29.63,30.78,29.5,30.42,3405.0,10164900.0,31.4,32.16,32.82900000000001,33.53,33.22,29.19,-0.76,-0.41,-0.35,奥尼电子,计算机、通信和其他电子设备制造业,创业板,30.982499999999987,32.0025,32.23333333333333,32.35187499999999,33.447872340425555
301189,2022-09-20,29.91,30.07,30.15,29.82,29.63,2510.58,7531170.0,30.8,31.91,32.50850000000001,33.4,33.15,33.1,-0.85,-0.5,-0.35,奥尼电子,计算机、通信和其他电子设备制造业,创业板,30.354999999999986,31.607499999999998,32.05166666666666,32.173125,33.429148936170236
301189,2022-09-21,30.07,30.33,30.55,29.51,30.07,2835.9,8507370.0,30.35,31.64,32.25350000000002,33.27,33.09,35.37,-0.9,-0.58,-0.32,奥尼电子,计算机、通信和其他电子设备制造业,创业板,30.112499999999986,31.2925,31.83416666666666,32.0275,33.36021276595747
301189,2022-09-22,29.62,30.08,30.5,29.62,30.33,1845.76,5572600.0,30.11,31.33,32.06500000000001,33.12,33.04,34.17,-0.94,-0.65,-0.29,奥尼电子,计算机、通信和其他电子设备制造业,创业板,30.027499999999986,30.933750000000003,31.627499999999994,31.851250000000007,33.28340425531917
301189,2022-09-23,30.28,29.52,30.3,29.38,30.08,3040.8,9043590.0,29.93,30.99,31.881500000000017,32.94,32.97,31.58,-1.01,-0.72,-0.29,奥尼电子,计算机、通信和其他电子设备制造业,创业板,29.999999999999986,30.49125,31.33499999999999,31.675000000000004,33.17787234042555
301189,2022-09-26,29.1,28.94,29.64,28.85,29.52,2171.91,6330940.0,29.79,30.59,31.682000000000023,32.76,32.9,29.12,-1.1,-0.8,-0.3,奥尼电子,计算机、通信和其他电子设备制造业,创业板,29.717499999999987,30.036250000000003,30.97749999999999,31.468125000000008,33.06744680851065
301189,2022-09-27,28.86,29.42,29.52,28.86,28.94,2458.94,7178690.0,29.66,30.23,31.52000000000002,32.61,32.85,33.72,-1.11,-0.86,-0.25,奥尼电子,计算机、通信和其他电子设备制造业,创业板,29.48999999999999,29.801250000000003,30.691666666666652,31.248125000000005,32.97574468085108
301189,2022-09-28,29.36,28.78,29.55,28.76,29.42,2694.15,7821430.0,29.35,29.85,31.31400000000002,32.38,32.79,30.85,-1.18,-0.92,-0.26,奥尼电子,计算机、通信和其他电子设备制造业,创业板,29.16499999999999,29.596250000000005,30.344166666666652,31.011875000000007,32.877446808510655
301189,2022-09-29,29.0,28.88,29.27,28.78,28.78,3097.02,9004080.0,29.11,29.61,31.14100000000002,32.18,32.74,31.83,-1.19,-0.98,-0.21,奥尼电子,计算机、通信和其他电子设备制造业,创业板,29.004999999999992,29.502500000000005,29.99583333333332,30.752500000000012,32.79191489361703
301189,2022-09-30,28.8,28.59,29.0,28.51,28.88,1897.44,5447890.0,28.92,29.42,30.95800000000002,31.91,32.69,30.48,-1.22,-1.03,-0.19,奥尼电子,计算机、通信和其他电子设备制造业,创业板,28.91749999999999,29.317500000000003,29.663333333333316,30.462500000000013,32.698936170212775
301189,2022-10-10,28.5,28.33,28.79,28.29,28.59,2075.98,5924240.0,28.8,29.29,30.72750000000002,31.65,32.63,29.28,-1.25,-1.07,-0.18,奥尼电子,计算机、通信和其他电子设备制造业,创业板,28.644999999999985,29.067500000000003,29.415833333333314,30.180000000000014,32.591063829787245
301189,2022-10-11,28.34,28.24,28.58,28.01,28.33,1805.34,5095280.0,28.56,29.11,30.511500000000023,31.38,32.58,28.86,-1.26,-1.11,-0.15,奥尼电子,计算机、通信和其他电子设备制造业,创业板,28.509999999999984,28.837500000000006,29.23416666666665,29.885625000000015,32.46702127659576
301189,2022-10-12,28.46,29.12,29.15,28.15,28.24,2538.05,7264580.0,28.63,28.99,30.316000000000024,31.17,32.55,38.24,-1.18,-1.12,-0.06,奥尼电子,计算机、通信和其他电子设备制造业,创业板,28.569999999999986,28.787500000000005,29.19166666666665,29.639375000000015,32.37170212765958
301189,2022-10-13,29.1,29.24,29.7,28.79,29.12,2718.08,7993100.0,28.7,28.91,30.116500000000023,31.01,32.53,39.41,-1.1,-1.12,0.02,奥尼电子,计算机、通信和其他电子设备制造业,创业板,28.732499999999987,28.825000000000003,29.122499999999985,29.430625000000017,32.26872340425533
301189,2022-10-14,29.24,29.8,29.96,29.24,29.24,3113.0,9265720.0,28.95,28.93,29.96400000000002,30.9,32.51,44.69,-0.98,-1.09,0.11,奥尼电子,计算机、通信和其他电子设备制造业,创业板,29.09999999999999,28.872500000000002,29.07833333333332,29.336875000000017,32.21957446808512
301189,2022-10-17,29.8,30.31,30.38,29.56,29.8,2822.21,8510450.0,29.34,29.07,29.832000000000015,30.81,32.45,49.04,-0.84,-1.04,0.2,奥尼电子,计算机、通信和其他电子设备制造业,创业板,29.61749999999999,29.063750000000002,29.097499999999986,29.330000000000016,32.17319148936171
301189,2022-10-18,30.31,30.08,30.45,29.94,30.31,3126.75,9422890.0,29.71,29.14,29.683000000000014,30.73,32.39,47.24,-0.73,-0.98,0.25,奥尼电子,计算机、通信和其他电子设备制造业,创业板,29.857499999999987,29.213750000000005,29.144166666666653,29.358125000000015,32.112340425531926
301189,2022-10-19,30.31,29.93,30.31,29.76,30.08,2559.9,7693100.0,29.87,29.25,29.55050000000001,30.63,32.32,46.04,-0.66,-0.91,0.25,奥尼电子,计算机、通信和其他电子设备制造业,创业板,30.02999999999999,29.381250000000005,29.226666666666656,29.349375000000016,32.03319148936171
301189,2022-10-20,29.84,30.19,30.66,29.64,29.93,4147.26,12542900.0,30.06,29.38,29.495000000000015,30.56,32.25,48.47,-0.56,-0.84,0.28,奥尼电子,计算机、通信和其他电子设备制造业,创业板,30.127499999999994,29.61375000000001,29.29083333333332,29.340625000000017,31.952340425531926
301189,2022-10-21,30.13,30.18,30.43,29.97,30.19,1543.0,4647330.0,30.14,29.54,29.483000000000015,30.49,32.19,48.38,-0.49,-0.77,0.28,奥尼电子,计算机、通信和其他电子设备制造业,创业板,30.09499999999999,29.85625000000001,29.407499999999988,29.34687500000002,31.86425531914895
301189,2022-10-24,30.18,29.85,30.5,29.72,30.18,3149.32,9511290.0,30.05,29.69,29.494000000000018,30.38,32.13,45.38,-0.44,-0.71,0.27,奥尼电子,计算机、通信和其他电子设备制造业,创业板,30.03749999999999,29.947500000000012,29.488333333333326,29.36750000000002,31.766170212765967
301189,2022-10-25,29.85,29.3,29.93,29.01,29.85,2931.28,8614460.0,29.89,29.8,29.45550000000001,30.27,32.07,40.84,-0.45,-0.66,0.21,奥尼电子,计算机、通信和其他电子设备制造业,创业板,29.87999999999999,29.955000000000013,29.547499999999996,29.390000000000022,31.645319148936178
301189,2022-10-26,29.53,30.14,30.65,29.33,29.3,3212.78,9645500.0,29.93,29.9,29.44600000000001,30.18,32.03,49.2,-0.39,-0.6,0.21,奥尼电子,计算机、通信和其他电子设备制造业,创业板,29.867499999999993,29.99750000000001,29.698333333333327,29.43500000000002,31.55617021276597
301189,2022-10-27,30.17,30.34,30.67,30.11,30.14,3580.27,10863200.0,29.96,30.01,29.45900000000001,30.08,31.98,50.98,-0.32,-0.55,0.23,奥尼电子,计算机、通信和其他电子设备制造业,创业板,29.90749999999999,30.001250000000006,29.873333333333324,29.53250000000002,31.47787234042554
301189,2022-10-28,30.28,28.99,30.28,28.91,30.34,4164.04,12315600.0,29.72,29.93,29.43250000000001,29.95,31.89,40.65,-0.36,-0.51,0.15,奥尼电子,计算机、通信和其他电子设备制造业,创业板,29.692499999999995,29.86500000000001,29.862499999999994,29.53937500000002,31.337446808510652
301189,2022-10-31,28.98,29.59,29.79,28.9,28.99,2379.52,7018370.0,29.67,29.86,29.46500000000001,29.84,31.82,45.89,-0.35,-0.48,0.13,奥尼电子,计算机、通信和其他电子设备制造业,创业板,29.764999999999997,29.822500000000005,29.891666666666655,29.60187500000002,31.224255319148945
301189,2022-11-01,29.63,30.17,30.18,29.54,29.59,3289.07,9849880.0,29.85,29.87,29.50250000000001,29.74,31.76,50.46,-0.29,-0.44,0.15,奥尼电子,计算机、通信和其他电子设备制造业,创业板,29.772499999999997,29.820000000000007,29.92249999999999,29.716875000000023,31.085957446808518
301189,2022-11-02,30.08,30.79,31.6,30.08,30.17,6013.86,18636300.0,29.98,29.95,29.60300000000001,29.68,31.74,54.84,-0.19,-0.39,0.2,奥尼电子,计算机、通信和其他电子设备制造业,创业板,29.884999999999998,29.89625000000001,29.96249999999999,29.876250000000024,30.9740425531915
301189,2022-11-03,30.42,30.8,30.95,30.42,30.79,3652.98,11205000.0,30.07,30.01,29.699000000000005,29.67,31.71,54.91,-0.1,-0.33,0.23,奥尼电子,计算机、通信和其他电子设备制造业,创业板,30.337500000000002,30.01500000000001,30.022499999999994,29.981250000000024,30.85319148936171
301189,2022-11-04,30.82,30.96,31.15,30.8,30.8,4453.32,13800600.0,30.46,30.09,29.817500000000006,29.69,31.68,56.07,-0.03,-0.27,0.24,奥尼电子,计算机、通信和其他电子设备制造业,创业板,30.68,30.22250000000001,30.108333333333324,30.088750000000022,30.758085106382985
301189,2022-11-07,30.81,31.1,31.23,30.63,30.96,3630.68,11277300.0,30.76,30.22,29.956000000000007,29.74,31.63,57.11,0.05,-0.21,0.26,奥尼电子,计算机、通信和其他电子设备制造业,创业板,30.912499999999998,30.342500000000015,30.18416666666666,30.17000000000002,30.699574468085114
301189,2022-11-08,31.03,30.95,31.05,30.82,31.1,2692.32,8315370.0,30.92,30.38,30.091500000000007,29.76,31.58,55.59,0.09,-0.15,0.24,奥尼电子,计算机、通信和其他电子设备制造业,创业板,30.9525,30.418750000000014,30.248333333333324,30.21000000000002,30.65191489361703
301189,2022-11-09,31.03,30.91,31.19,30.86,30.95,2241.95,6950190.0,30.94,30.46,30.181000000000004,29.78,31.53,55.17,0.12,-0.09,0.21,奥尼电子,计算机、通信和其他电子设备制造业,创业板,30.98,30.658750000000012,30.33666666666666,30.26187500000002,30.608936170212772
301189,2022-11-10,30.71,30.68,31.07,30.67,30.91,2393.99,7376320.0,30.92,30.49,30.253000000000004,29.8,31.46,52.69,0.13,-0.05,0.18,奥尼电子,计算机、通信和其他电子设备制造业,创业板,30.909999999999997,30.795000000000012,30.451666666666657,30.30875000000002,30.566808510638303
301189,2022-11-11,31.19,30.73,31.38,30.72,30.68,4199.81,13047100.0,30.87,30.67,30.299500000000005,29.84,31.39,53.18,0.13,-0.01,0.14,奥尼电子,计算机、通信和其他电子设备制造业,创业板,30.817499999999995,30.86500000000001,30.50083333333333,30.34250000000002,30.520638297872345
301189,2022-11-14,30.9,30.7,31.1,30.58,30.73,3138.78,9668710.0,30.79,30.78,30.31900000000001,29.9,31.33,52.83,0.13,0.02,0.11,奥尼电子,计算机、通信和其他电子设备制造业,创业板,30.754999999999992,30.85375000000001,30.53083333333333,30.375000000000018,30.485744680851074
301189,2022-11-15,30.51,31.31,31.38,30.49,30.7,5664.8,17643000.0,30.87,30.89,30.380500000000005,29.97,31.29,58.84,0.18,0.05,0.13,奥尼电子,计算机、通信和其他电子设备制造业,创业板,30.85499999999999,30.917500000000004,30.72416666666666,30.466250000000016,30.46574468085107
301189,2022-11-16,31.47,31.55,31.88,31.2,31.31,6044.15,19069000.0,30.99,30.97,30.461500000000008,30.06,31.22,60.95,0.23,0.08,0.15,奥尼电子,计算机、通信和其他电子设备制造业,创业板,31.07249999999999,30.991250000000004,30.8875,30.606875000000013,30.436170212765962
301189,2022-11-17,31.56,31.65,31.73,31.17,31.55,5362.53,16865500.0,31.19,31.05,30.5345,30.15,31.16,61.83,0.29,0.13,0.16,奥尼电子,计算机、通信和其他电子设备制造业,创业板,31.30249999999999,31.060000000000006,31.010833333333327,30.701250000000016,30.416808510638305
301189,2022-11-18,31.71,31.17,31.75,31.07,31.65,4327.79,13609300.0,31.28,31.08,30.584000000000003,30.24,31.07,55.39,0.28,0.16,0.12,奥尼电子,计算机、通信和其他电子设备制造业,创业板,31.41999999999999,31.087500000000006,31.042499999999993,30.753125000000015,30.3772340425532
301189,2022-11-21,31.11,31.1,31.2,30.91,31.17,2720.45,8444830.0,31.36,31.08,30.646500000000003,30.33,30.99,54.5,0.27,0.18,0.09,奥尼电子,计算机、通信和其他电子设备制造业,创业板,31.367499999999993,31.11125000000001,31.067499999999995,30.885000000000012,30.33191489361703
301189,2022-11-22,31.08,30.83,31.32,30.68,31.1,3478.29,10805700.0,31.26,31.06,30.723000000000006,30.42,30.9,51.09,0.23,0.19,0.04,奥尼电子,计算机、通信和其他电子设备制造业,创业板,31.18749999999999,31.13000000000001,31.05666666666666,30.962500000000016,30.288936170212775
301189,2022-11-23,31.0,30.58,31.0,30.4,30.83,3787.39,11587400.0,31.07,31.03,30.74500000000001,30.46,30.81,48.09,0.19,0.19,0.0,奥尼电子,计算机、通信和其他电子设备制造业,创业板,30.919999999999987,31.11125000000001,31.013333333333325,30.988125000000014,30.23851063829788
301189,2022-11-24,30.56,30.57,30.84,30.5,30.58,2283.35,6992900.0,30.85,31.02,30.75650000000001,30.51,30.76,47.97,0.14,0.18,-0.04,奥尼电子,计算机、通信和其他电子设备制造业,创业板,30.769999999999985,31.095000000000013,30.98166666666666,30.974375000000013,30.185531914893623
301189,2022-11-25,30.68,30.45,30.84,30.44,30.57,2362.6,7218340.0,30.71,30.99,30.829500000000014,30.53,30.71,46.45,0.1,0.16,-0.06,奥尼电子,计算机、通信和其他电子设备制造业,创业板,30.607499999999987,30.98750000000001,30.943333333333324,30.95250000000001,30.140212765957454
301189,2022-11-28,30.44,30.16,30.44,29.94,30.45,2650.04,7987360.0,30.52,30.94,30.85800000000001,30.52,30.67,42.92,0.04,0.14,-0.1,奥尼电子,计算机、通信和其他电子设备制造业,创业板,30.439999999999987,30.813750000000013,30.89999999999999,30.902500000000014,30.115957446808522
301189,2022-11-29,30.35,30.74,30.77,30.29,30.16,3185.87,9763190.0,30.5,30.88,30.886500000000012,30.55,30.64,50.95,0.04,0.12,-0.08,奥尼电子,计算机、通信和其他电子设备制造业,创业板,30.479999999999986,30.700000000000014,30.900833333333324,30.88000000000001,30.122765957446816
301189,2022-11-30,30.75,30.68,30.95,30.54,30.74,2204.18,6777000.0,30.52,30.79,30.88100000000001,30.57,30.6,50.16,0.03,0.1,-0.07,奥尼电子,计算机、通信和其他电子设备制造业,创业板,30.507499999999986,30.63875000000001,30.89916666666666,30.863125000000007,30.14510638297873
301189,2022-12-01,30.91,31.13,31.28,30.76,30.68,4480.15,13914900.0,30.63,30.74,30.897500000000015,30.6,30.58,55.68,0.07,0.1,-0.03,奥尼电子,计算机、通信和其他电子设备制造业,创业板,30.677499999999984,30.64250000000001,30.88416666666666,30.87687500000001,30.167659574468097
301189,2022-12-02,31.27,31.15,31.27,30.96,31.13,2489.1,7753800.0,30.77,30.74,30.90700000000001,30.64,30.56,55.92,0.09,0.09,0.0,奥尼电子,计算机、通信和其他电子设备制造业,创业板,30.924999999999983,30.68250000000001,30.850833333333323,30.90625000000001,30.185106382978738
301189,2022-12-05,31.15,31.35,31.44,31.15,31.15,3228.01,10101700.0,31.01,30.76,30.91950000000001,30.69,30.53,58.29,0.13,0.1,0.03,奥尼电子,计算机、通信和其他电子设备制造业,创业板,31.077499999999983,30.778750000000016,30.825833333333325,30.945000000000007,30.212127659574485
301189,2022-12-06,31.25,31.17,31.42,31.09,31.35,3183.96,9943590.0,31.1,30.8,30.930500000000006,30.75,30.51,55.4,0.14,0.11,0.03,奥尼电子,计算机、通信和其他电子设备制造业,创业板,31.19999999999998,30.85375000000002,30.825833333333325,30.974375000000006,30.24723404255321
301189,2022-12-07,31.33,31.1,31.34,31.07,31.17,3424.0,10662200.0,31.18,30.85,30.94000000000001,30.78,30.48,54.28,0.14,0.12,0.02,奥尼电子,计算机、通信和其他电子设备制造业,创业板,31.19249999999998,30.935000000000024,30.825833333333325,30.961250000000003,30.293191489361718
301189,2022-12-08,31.23,31.11,31.24,30.82,31.1,3471.41,10772600.0,31.18,30.9,30.96150000000001,30.81,30.44,54.42,0.14,0.12,0.02,奥尼电子,计算机、通信和其他电子设备制造业,创业板,31.182499999999983,31.053750000000026,30.84916666666666,30.93375,30.329148936170224
301189,2022-12-09,31.02,31.25,31.37,30.92,31.11,3175.96,9909570.0,31.2,30.98,30.98750000000001,30.88,30.42,56.46,0.15,0.13,0.02,奥尼电子,计算机、通信和其他电子设备制造业,创业板,31.157499999999985,31.11750000000002,30.904999999999998,30.908750000000005,30.381702127659587
301189,2022-12-12,31.25,30.93,31.25,30.86,31.25,3152.21,9776300.0,31.11,31.06,30.999000000000006,30.93,30.38,50.85,0.13,0.13,0.0,奥尼电子,计算机、通信和其他电子设备制造业,创业板,31.097499999999986,31.14875000000002,30.935,30.89375,30.42531914893618
301189,2022-12-13,31.0,30.52,31.0,30.5,30.93,3844.1,11787500.0,30.98,31.04,30.95950000000001,30.94,30.34,44.71,0.08,0.12,-0.04,奥尼电子,计算机、通信和其他电子设备制造业,创业板,30.952499999999986,31.07250000000002,30.94083333333333,30.8575,30.466382978723416
301189,2022-12-14,30.9,30.33,30.9,30.25,30.52,2957.0,9045730.0,30.83,31.0,30.898500000000013,30.92,30.3,42.17,0.03,0.1,-0.07,奥尼电子,计算机、通信和其他电子设备制造业,创业板,30.757499999999983,30.970000000000017,30.954999999999995,30.826250000000005,30.508936170212777
301189,2022-12-15,30.33,30.58,30.91,30.26,30.33,3340.51,10252100.0,30.72,30.95,30.845000000000017,30.91,30.29,46.48,0.01,0.08,-0.07,奥尼电子,计算机、通信和其他电子设备制造业,创业板,30.589999999999982,30.87375000000002,30.94166666666666,30.826250000000005,30.55872340425533
301189,2022-12-16,30.33,30.2,30.46,30.13,30.58,2843.41,8608510.0,30.51,30.85,30.79650000000002,30.89,30.29,41.43,-0.05,0.06,-0.11,奥尼电子,计算机、通信和其他电子设备制造业,创业板,30.407499999999978,30.75250000000002,30.901666666666657,30.803125000000005,30.581702127659586
301189,2022-12-19,30.37,29.24,30.44,29.2,30.2,4335.35,12825100.0,30.17,30.64,30.70350000000002,30.83,30.28,31.97,-0.15,0.01,-0.16,奥尼电子,计算机、通信和其他电子设备制造业,创业板,30.08749999999998,30.52000000000002,30.744166666666658,30.727500000000003,30.581702127659586
301189,2022-12-20,29.1,29.24,29.61,29.01,29.24,1966.0,5757390.0,29.92,30.45,30.624000000000017,30.77,30.27,31.97,-0.25,-0.04,-0.21,奥尼电子,计算机、通信和其他电子设备制造业,创业板,29.81499999999998,30.286250000000017,30.584999999999994,30.669999999999998,30.56978723404257
301189,2022-12-21,29.14,28.99,29.4,28.81,29.24,2308.47,6699750.0,29.65,30.24,30.544500000000017,30.71,30.25,29.91,-0.34,-0.1,-0.24,奥尼电子,计算机、通信和其他电子设备制造业,创业板,29.41749999999998,30.003750000000018,30.388333333333325,30.560624999999995,30.54170212765959
301189,2022-12-22,29.01,28.73,29.28,28.72,28.99,1972.27,5714960.0,29.28,30.0,30.452500000000015,30.64,30.22,27.89,-0.42,-0.16,-0.26,奥尼电子,计算机、通信和其他电子设备制造业,创业板,29.04999999999998,29.72875000000002,30.18499999999999,30.438749999999995,30.512978723404274
301189,2022-12-23,28.69,28.56,28.83,28.44,28.73,2076.77,5934320.0,28.95,29.73,30.35800000000001,30.57,30.21,26.63,-0.49,-0.23,-0.26,奥尼电子,计算机、通信和其他电子设备制造业,创业板,28.879999999999978,29.48375000000002,29.973333333333326,30.278124999999996,30.483829787234058
301189,2022-12-26,28.56,29.03,29.16,28.56,28.56,2223.26,6443000.0,28.91,29.54,30.30150000000001,30.51,30.21,35.35,-0.51,-0.28,-0.23,奥尼电子,计算机、通信和其他电子设备制造业,创业板,28.827499999999976,29.32125000000002,29.799999999999994,30.145624999999995,30.459148936170227
301189,2022-12-27,29.03,29.09,29.21,28.77,29.03,2255.27,6536130.0,28.88,29.4,30.219000000000012,30.44,30.2,36.39,-0.51,-0.33,-0.18,奥尼电子,计算机、通信和其他电子设备制造业,创业板,28.852499999999974,29.13500000000002,29.61999999999999,30.004374999999992,30.43595744680852
301189,2022-12-28,28.96,28.78,29.04,28.65,29.09,2102.56,6065940.0,28.84,29.24,30.124000000000013,30.35,30.2,33.4,-0.53,-0.37,-0.16,奥尼电子,计算机、通信和其他电子设备制造业,创业板,28.86499999999997,28.957500000000017,29.440833333333327,29.854999999999993,30.413191489361715
301189,2022-12-29,29.18,28.58,29.19,28.58,28.78,1727.08,4952430.0,28.81,29.04,29.996500000000015,30.24,30.2,31.6,-0.55,-0.41,-0.14,奥尼电子,计算机、通信和其他电子设备制造业,创业板,28.86999999999997,28.875000000000014,29.279166666666658,29.69749999999999,30.397872340425543
301189,2022-12-30,28.5,28.58,28.88,28.5,28.58,1279.0,3667870.0,28.81,28.88,29.868000000000016,30.16,30.2,31.6,-0.57,-0.44,-0.13,奥尼电子,计算机、通信和其他电子设备制造业,创业板,28.757499999999972,28.79250000000001,29.133333333333326,29.53937499999999,30.364680851063838
301189,2023-01-03,28.52,29.07,29.12,28.51,28.58,2559.2,7396270.0,28.82,28.86,29.75400000000002,30.09,30.21,40.69,-0.53,-0.46,-0.07,奥尼电子,计算机、通信和其他电子设备制造业,创业板,28.75249999999997,28.80250000000001,29.007499999999993,29.40312499999999,30.33765957446809
301189,2023-01-04,29.07,29.17,29.33,28.86,29.07,2093.74,6106840.0,28.84,28.86,29.654000000000018,30.04,30.23,42.37,-0.49,-0.46,-0.03,奥尼电子,计算机、通信和其他电子设备制造业,创业板,28.849999999999973,28.857500000000012,28.921666666666663,29.29312499999999,30.341489361702138
301189,2023-01-05,29.29,29.25,29.37,29.02,29.17,2429.35,7105480.0,28.93,28.88,29.561500000000017,29.99,30.23,43.75,-0.44,-0.46,0.02,奥尼电子,计算机、通信和其他电子设备制造业,创业板,29.017499999999973,28.943750000000016,28.922499999999996,29.21374999999999,30.334255319148948
301189,2023-01-06,29.18,29.15,29.46,29.08,29.25,2708.7,7919480.0,29.04,28.93,29.463500000000018,29.94,30.23,42.39,-0.42,-0.45,0.03,奥尼电子,计算机、通信和其他电子设备制造业,创业板,29.15999999999997,28.958750000000013,28.914999999999992,29.13999999999999,30.31255319148937
301189,2023-01-09,29.13,29.23,29.43,29.12,29.15,2405.28,7032400.0,29.17,28.99,29.36250000000002,29.9,30.22,43.89,-0.38,-0.44,0.06,奥尼电子,计算机、通信和其他电子设备制造业,创业板,29.199999999999974,28.97625000000001,28.93499999999999,29.055624999999992,30.279361702127673
301189,2023-01-10,29.29,29.55,29.6,29.26,29.23,3675.04,10824700.0,29.27,29.04,29.293500000000016,29.88,30.2,49.57,-0.32,-0.41,0.09,奥尼电子,计算机、通信和其他电子设备制造业,创业板,29.294999999999977,29.07250000000001,29.003333333333327,29.014999999999993,30.25276595744682
301189,2023-01-11,29.4,30.43,31.42,29.33,29.55,12331.9,37854200.0,29.52,29.18,29.289000000000016,29.87,30.21,61.19,-0.2,-0.37,0.17,奥尼电子,计算机、通信和其他电子设备制造业,创业板,29.589999999999975,29.303750000000008,29.15916666666666,29.089374999999993,30.24148936170214
301189,2023-01-12,29.89,29.95,30.14,29.58,30.43,7319.87,21814900.0,29.66,29.3,29.270000000000017,29.85,30.21,53.9,-0.14,-0.32,0.18,奥尼电子,计算机、通信和其他电子设备制造业,创业板,29.78999999999997,29.47500000000001,29.23583333333333,29.133749999999992,30.21702127659576
301189,2023-01-13,29.75,29.75,29.95,29.61,29.95,4335.6,12894000.0,29.78,29.41,29.228500000000015,29.8,30.2,51.16,-0.11,-0.28,0.17,奥尼电子,计算机、通信和其他电子设备制造业,创业板,29.91999999999997,29.56000000000001,29.290833333333328,29.18124999999999,30.191489361702143
301189,2023-01-16,29.63,30.09,30.16,29.63,29.75,4122.22,12372100.0,29.95,29.56,29.223000000000013,29.77,30.2,55.31,-0.06,-0.24,0.18,奥尼电子,计算机、通信和其他电子设备制造业,创业板,30.054999999999968,29.675000000000004,29.399999999999995,29.26624999999999,30.1740425531915
301189,2023-01-17,29.95,29.91,30.19,29.76,30.09,3436.35,10295800.0,30.03,29.65,29.25650000000001,29.72,30.2,52.75,-0.03,-0.2,0.17,奥尼电子,计算机、通信和其他电子设备制造业,创业板,29.92499999999997,29.757500000000007,29.510833333333334,29.35062499999999,30.157659574468095
301189,2023-01-18,29.91,30.17,30.38,29.64,29.91,4176.52,12569200.0,29.97,29.75,29.303000000000008,29.69,30.22,55.93,0.0,-0.16,0.16,奥尼电子,计算机、通信和其他电子设备制造业,创业板,29.979999999999972,29.88500000000001,29.643333333333334,29.421874999999993,30.145744680851077
301189,2023-01-19,30.3,30.48,30.48,30.1,30.17,4125.42,12527400.0,30.08,29.87,29.37750000000001,29.66,30.22,59.42,0.07,-0.11,0.18,奥尼电子,计算机、通信和其他电子设备制造业,创业板,30.162499999999973,30.04125000000001,29.760833333333338,29.508749999999996,30.141063829787246
301189,2023-01-20,30.49,30.48,30.67,30.25,30.48,3186.0,9690210.0,30.23,30.0,29.46500000000001,29.64,30.22,59.42,0.11,-0.07,0.18,奥尼电子,计算机、通信和其他电子设备制造业,创业板,30.25999999999997,30.157500000000006,29.870000000000005,29.614999999999995,30.123404255319162
301189,2023-01-30,30.8,30.57,30.96,30.5,30.48,5526.78,16962600.0,30.32,30.14,29.565500000000014,29.62,30.25,60.48,0.15,-0.02,0.17,奥尼电子,计算机、通信和其他电子设备制造业,创业板,30.42499999999997,30.175000000000004,29.980000000000004,29.739374999999995,30.102553191489374
301189,2023-01-31,30.47,30.75,30.83,30.47,30.57,4377.02,13400400.0,30.49,30.26,29.651500000000016,29.62,30.27,62.58,0.2,0.02,0.18,奥尼电子,计算机、通信和其他电子设备制造业,创业板,30.56999999999997,30.275000000000006,30.11333333333334,29.874999999999996,30.08340425531916
301189,2023-02-01,30.51,31.29,31.33,30.51,30.75,7413.85,23034000.0,30.71,30.34,29.761500000000012,29.64,30.29,68.06,0.27,0.07,0.2,奥尼电子,计算机、通信和其他电子设备制造业,创业板,30.77249999999997,30.46750000000001,30.285000000000007,30.013749999999998,30.085957446808518
301189,2023-02-02,31.29,31.21,31.33,31.05,31.29,5671.26,17689900.0,30.86,30.47,29.883000000000017,29.67,30.3,66.5,0.33,0.12,0.21,奥尼电子,计算机、通信和其他电子设备制造业,创业板,30.954999999999966,30.607500000000005,30.423333333333336,30.141249999999996,30.088297872340437
301189,2023-02-03,31.08,31.66,31.68,31.02,31.21,8658.05,27115500.0,31.1,30.66,30.037000000000013,29.71,30.31,70.57,0.39,0.18,0.21,奥尼电子,计算机、通信和其他电子设备制造业,创业板,31.22749999999997,30.826250000000005,30.52583333333334,30.291874999999997,30.105957446808524
301189,2023-02-06,31.54,31.18,31.6,31.0,31.66,5329.72,16651300.0,31.22,30.77,30.16700000000001,29.74,30.31,61.93,0.41,0.22,0.19,奥尼电子,计算机、通信和其他电子设备制造业,创业板,31.334999999999972,30.9525,30.62833333333334,30.418749999999996,30.118723404255338
301189,2023-02-07,31.4,31.5,31.57,31.2,31.18,6402.59,20106000.0,31.37,30.93,30.288500000000006,29.81,30.32,65.01,0.44,0.27,0.17,奥尼电子,计算机、通信和其他电子设备制造业,创业板,31.387499999999974,31.080000000000002,30.774166666666673,30.560624999999995,30.13851063829789
301189,2023-02-08,31.5,31.29,31.63,31.26,31.5,5210.0,16361300.0,31.37,31.04,30.394500000000004,29.88,30.33,61.49,0.44,0.3,0.14,奥尼电子,计算机、通信和其他电子设备制造业,创业板,31.40749999999997,31.181250000000002,30.874166666666678,30.66937499999999,30.15638297872342
301189,2023-02-09,31.29,31.76,31.79,31.21,31.29,7671.69,24269100.0,31.48,31.17,30.520000000000003,29.97,30.34,65.93,0.48,0.34,0.14,奥尼电子,计算机、通信和其他电子设备制造业,创业板,31.43249999999997,31.330000000000005,31.02833333333334,30.752499999999994,30.190425531914908
301189,2023-02-10,31.79,32.01,32.39,31.7,31.76,11352.4,36474100.0,31.55,31.32,30.663000000000004,30.08,30.36,68.04,0.52,0.37,0.15,奥尼电子,计算机、通信和其他电子设备制造业,创业板,31.639999999999965,31.487500000000004,31.181666666666672,30.881249999999998,30.217446808510655
301189,2023-02-13,32.25,32.17,32.25,31.8,32.01,6524.13,20906400.0,31.75,31.48,30.810000000000002,30.2,30.39,69.35,0.56,0.41,0.15,奥尼电子,计算机、通信和其他电子设备制造业,创业板,31.807499999999962,31.597500000000007,31.322500000000005,31.0325,30.24914893617023
301189,2023-02-14,32.43,32.01,32.43,31.89,32.17,5962.49,19099300.0,31.85,31.61,30.933000000000003,30.3,30.41,66.42,0.57,0.44,0.13,奥尼电子,计算机、通信和其他电子设备制造业,创业板,31.98749999999996,31.69750000000001,31.450000000000003,31.1525,30.267872340425544
301189,2023-02-15,32.15,32.21,32.34,32.01,32.01,7417.0,23857400.0,32.03,31.7,31.02200000000001,30.41,30.42,68.23,0.58,0.47,0.11,奥尼电子,计算机、通信和其他电子设备制造业,创业板,32.099999999999966,31.76625000000001,31.58666666666667,31.296249999999997,30.290425531914906
301189,2023-02-16,32.19,31.77,32.88,31.59,32.21,12965.1,41914900.0,32.03,31.76,31.113000000000007,30.51,30.43,60.52,0.56,0.49,0.07,奥尼电子,计算机、通信和其他电子设备制造业,创业板,32.03999999999997,31.84000000000001,31.671666666666667,31.39625,30.299361702127673
301189,2023-02-17,31.8,31.22,32.03,31.21,31.77,6406.86,20220900.0,31.88,31.71,31.186500000000006,30.6,30.42,52.53,0.49,0.49,0.0,奥尼电子,计算机、通信和其他电子设备制造业,创业板,31.80249999999997,31.805000000000007,31.665833333333328,31.442499999999995,30.300425531914907
301189,2023-02-20,31.29,31.67,31.68,31.08,31.22,3880.67,12210200.0,31.78,31.76,31.265500000000003,30.7,30.43,57.47,0.46,0.48,-0.02,奥尼电子,计算机、通信和其他电子设备制造业,创业板,31.717499999999973,31.85250000000001,31.704166666666666,31.51687499999999,30.31255319148938
301189,2023-02-21,31.81,31.64,31.95,31.39,31.67,3866.68,12271300.0,31.7,31.78,31.352000000000004,30.78,30.44,57.05,0.43,0.47,-0.04,奥尼电子,计算机、通信和其他电子设备制造业,创业板,31.574999999999967,31.837500000000013,31.702499999999997,31.58374999999999,30.32382978723406
301189,2023-02-22,31.42,31.67,31.77,31.35,31.64,3509.6,11070100.0,31.59,31.81,31.427000000000003,30.87,30.45,57.39,0.41,0.46,-0.05,奥尼电子,计算机、通信和其他电子设备制造业,创业板,31.549999999999965,31.795000000000016,31.74333333333333,31.641249999999992,30.33276595744683
301189,2023-02-23,31.62,31.68,31.83,31.49,31.67,2713.64,8600270.0,31.58,31.8,31.487000000000002,30.95,30.47,57.51,0.39,0.45,-0.06,奥尼电子,计算机、通信和其他电子设备制造业,创业板,31.664999999999964,31.733750000000015,31.75833333333333,31.665624999999988,30.34872340425534
301189,2023-02-24,31.68,31.77,31.84,31.52,31.68,3026.32,9586660.0,31.69,31.78,31.551499999999997,31.04,30.49,58.65,0.38,0.43,-0.05,奥尼电子,计算机、通信和其他电子设备制造业,创业板,31.689999999999966,31.703750000000014,31.79833333333333,31.70062499999999,30.375319148936192
301189,2023-02-27,31.9,31.62,32.15,31.56,31.77,6634.01,21158000.0,31.68,31.73,31.603999999999996,31.12,30.51,55.96,0.35,0.42,-0.07,奥尼电子,计算机、通信和其他电子设备制造业,创业板,31.684999999999963,31.630000000000013,31.78666666666666,31.698124999999987,30.402765957446828
301189,2023-02-28,31.5,31.62,31.94,31.5,31.62,8504.16,26981100.0,31.67,31.69,31.647499999999997,31.18,30.53,55.96,0.31,0.39,-0.08,奥尼电子,计算机、通信和其他电子设备制造业,创业板,31.67249999999996,31.61125000000001,31.754166666666663,31.725624999999983,30.424893617021297
301189,2023-03-01,31.6,32.21,32.6,31.6,31.62,10965.5,35195500.0,31.78,31.69,31.6935,31.24,30.56,63.58,0.34,0.38,-0.04,奥尼电子,计算机、通信和其他电子设备制造业,创业板,31.804999999999957,31.73500000000001,31.757499999999993,31.769999999999982,30.467659574468104
301189,2023-03-02,32.2,32.0,32.41,31.93,32.21,5897.93,18957600.0,31.84,31.71,31.732999999999997,31.31,30.58,59.62,0.34,0.38,-0.04,奥尼电子,计算机、通信和其他电子设备制造业,创业板,31.862499999999958,31.77625000000001,31.75666666666666,31.81437499999998,30.526382978723422
301189,2023-03-03,31.96,31.78,32.25,31.66,32.0,5316.0,16949500.0,31.85,31.77,31.738999999999997,31.38,30.59,55.71,0.31,0.36,-0.05,奥尼电子,计算机、通信和其他电子设备制造业,创业板,31.90249999999996,31.793750000000017,31.720833333333328,31.815624999999983,30.580425531914912
301189,2023-03-06,31.79,32.02,32.09,31.75,31.78,4774.4,15250300.0,31.93,31.8,31.781,31.44,30.61,58.88,0.31,0.35,-0.04,奥尼电子,计算机、通信和其他电子设备制造业,创业板,32.00249999999996,31.837500000000013,31.74166666666666,31.816249999999982,30.644893617021296
301189,2023-03-07,32.05,31.2,32.13,31.2,32.02,7879.42,24880300.0,31.84,31.76,31.766000000000002,31.49,30.6,46.61,0.24,0.33,-0.09,奥尼电子,计算机、通信和其他电子设备制造业,创业板,31.749999999999957,31.77750000000001,31.73999999999999,31.755624999999984,30.69744680851066
301189,2023-03-08,31.45,32.01,32.16,31.02,31.2,8679.81,27578300.0,31.8,31.79,31.802000000000003,31.55,30.62,56.3,0.25,0.31,-0.06,奥尼电子,计算机、通信和其他电子设备制造业,创业板,31.752499999999955,31.807500000000008,31.76833333333332,31.755624999999988,30.770851063829806
301189,2023-03-09,32.18,32.17,32.24,31.85,32.01,15396.5,49399200.0,31.84,31.84,31.8225,31.6,30.63,57.92,0.26,0.3,-0.04,奥尼电子,计算机、通信和其他电子设备制造业,创业板,31.84999999999996,31.876250000000006,31.81249999999999,31.753124999999986,30.837659574468105
301189,2023-03-10,31.98,31.73,32.28,31.65,32.17,9917.72,31705700.0,31.83,31.84,31.808500000000002,31.65,30.64,52.18,0.24,0.29,-0.05,奥尼电子,计算机、通信和其他电子设备制造业,创业板,31.777499999999954,31.890000000000008,31.817499999999992,31.750624999999985,30.893829787234065
301189,2023-03-13,31.57,31.56,31.88,31.03,31.73,7819.0,24482100.0,31.73,31.83,31.778000000000002,31.68,30.65,50.11,0.2,0.27,-0.07,奥尼电子,计算机、通信和其他电子设备制造业,创业板,31.867499999999954,31.808750000000007,31.80749999999999,31.77187499999998,30.95297872340428
301189,2023-03-14,31.68,32.21,33.89,31.67,31.56,27314.1,89152800.0,31.94,31.89,31.788000000000004,31.73,30.67,57.11,0.22,0.26,-0.04,奥尼电子,计算机、通信和其他电子设备制造业,创业板,31.917499999999954,31.835000000000008,31.844166666666656,31.80562499999998,31.030212765957472
301189,2023-03-15,31.86,32.57,32.66,31.69,32.21,24312.9,78559900.0,32.05,31.92,31.806000000000004,31.77,30.71,60.42,0.26,0.26,0.0,奥尼电子,计算机、通信和其他电子设备制造业,创业板,32.017499999999956,31.933750000000007,31.92333333333332,31.863749999999982,31.115106382978748
301189,2023-03-16,32.24,31.29,32.55,31.22,32.57,15386.9,48811800.0,31.87,31.85,31.782000000000004,31.77,30.72,46.64,0.19,0.25,-0.06,奥尼电子,计算机、通信和其他电子设备制造业,创业板,31.907499999999953,31.842500000000005,31.895833333333325,31.83999999999998,31.16234042553194
301189,2023-03-17,31.36,32.35,32.38,31.35,31.29,19929.5,64036300.0,32.0,31.91,31.838500000000003,31.8,30.75,55.66,0.21,0.24,-0.03,奥尼电子,计算机、通信和其他电子设备制造业,创业板,32.104999999999954,31.986250000000005,31.907499999999995,31.881874999999976,31.23000000000002
301189,2023-03-20,32.26,32.32,32.65,32.09,32.35,15647.3,50597000.0,32.15,31.94,31.87100000000001,31.83,30.79,55.37,0.24,0.24,0.0,奥尼电子,计算机、通信和其他电子设备制造业,创业板,32.13249999999995,32.025000000000006,31.93416666666666,31.916249999999977,31.29531914893619
301189,2023-03-21,32.39,33.18,33.25,32.11,32.32,21453.9,70424200.0,32.34,32.14,31.948000000000008,31.89,30.85,61.47,0.31,0.25,0.06,奥尼电子,计算机、通信和其他电子设备制造业,创业板,32.284999999999954,32.151250000000005,32.05083333333332,32.01374999999997,31.381063829787255
301189,2023-03-22,33.1,33.6,34.07,32.92,33.18,25079.9,84509200.0,32.55,32.3,32.04450000000001,31.97,30.92,64.05,0.4,0.28,0.12,奥尼电子,计算机、通信和其他电子设备制造业,创业板,32.862499999999955,32.385000000000005,32.1825,32.137499999999974,31.47404255319151
301189,2023-03-23,34.92,38.89,39.78,34.92,33.6,99396.7,379703000.0,34.07,32.97,32.405000000000015,32.21,31.09,81.17,0.89,0.4,0.49,奥尼电子,计算机、通信和其他电子设备制造业,创业板,34.49749999999995,33.30125,32.82333333333333,32.55499999999997,31.67276595744683
301189,2023-03-24,37.11,36.68,37.39,36.32,38.89,71526.1,262751000.0,34.93,33.46,32.65050000000001,32.36,31.22,66.85,1.09,0.54,0.55,奥尼电子,计算机、通信和其他电子设备制造业,创业板,35.587499999999956,33.86000000000001,33.2125,32.84749999999997,31.805744680851085
301189,2023-03-27,36.21,36.27,36.61,35.66,36.68,41231.7,148883000.0,35.72,33.94,32.88300000000001,32.5,31.35,64.57,1.19,0.67,0.52,奥尼电子,计算机、通信和其他电子设备制造业,创业板,36.35999999999996,34.322500000000005,33.55416666666666,33.12812499999997,31.94021276595747
301189,2023-03-28,35.9,35.16,36.1,35.07,36.27,26441.4,93849900.0,36.12,34.23,33.06000000000001,32.6,31.45,58.74,1.18,0.77,0.41,奥尼电子,计算机、通信和其他电子设备制造业,创业板,36.74999999999996,34.80625,33.839999999999996,33.32437499999997,32.05531914893619
301189,2023-03-29,35.38,35.17,35.48,34.81,35.16,19964.3,70222200.0,36.43,34.49,33.208000000000006,32.7,31.55,58.78,1.15,0.85,0.3,奥尼电子,计算机、通信和其他电子设备制造业,创业板,35.819999999999965,35.15875,34.140833333333326,33.57249999999996,32.16340425531917
301189,2023-03-30,35.0,35.7,35.84,34.96,35.17,22785.9,80851400.0,35.8,34.93,33.39300000000001,32.83,31.67,60.74,1.16,0.91,0.25,奥尼电子,计算机、通信和其他电子设备制造业,创业板,35.57499999999996,35.58125,34.431666666666665,33.803124999999966,32.286595744680874
301189,2023-03-31,35.85,35.18,36.4,35.11,35.7,22117.1,78717100.0,35.5,35.21,33.563,32.96,31.78,57.83,1.11,0.95,0.16,奥尼电子,计算机、通信和其他电子设备制造业,创业板,35.30249999999996,35.83125,34.649166666666666,33.991249999999965,32.393191489361726
301189,2023-04-03,34.83,35.39,35.41,34.78,35.18,20409.4,71630800.0,35.32,35.52,33.731500000000004,33.09,31.89,58.69,1.08,0.98,0.1,奥尼电子,计算机、通信和其他电子设备制造业,创业板,35.359999999999964,36.05499999999999,34.99083333333333,34.21999999999996,32.49765957446811
301189,2023-04-04,35.35,34.98,35.36,34.7,35.39,19728.9,69011900.0,35.28,35.7,33.920500000000004,33.2,31.99,56.28,1.01,0.98,0.03,奥尼电子,计算机、通信和其他电子设备制造业,创业板,35.31249999999996,35.56625,35.209999999999994,34.43374999999997,32.59340425531918
301189,2023-04-06,35.53,35.77,36.47,35.41,34.98,27173.0,97210600.0,35.4,35.92,34.10850000000001,33.34,32.1,59.71,1.0,0.99,0.01,奥尼电子,计算机、通信和其他电子设备制造业,创业板,35.329999999999956,35.45249999999999,35.497499999999995,34.656249999999964,32.70404255319151
301189,2023-04-07,35.02,35.17,35.7,34.71,35.77,17540.8,61503100.0,35.3,35.55,34.258500000000005,33.45,32.2,56.11,0.94,0.98,-0.04,奥尼电子,计算机、通信和其他电子设备制造业,创业板,35.32749999999996,35.315,35.66333333333333,34.81874999999996,32.798085106383006
301189,2023-04-10,35.2,34.41,35.55,34.19,35.17,15578.8,54459800.0,35.14,35.32,34.3925,33.54,32.29,51.83,0.83,0.95,-0.12,奥尼电子,计算机、通信和其他电子设备制造业,创业板,35.08249999999995,35.22125,35.73083333333332,35.01374999999996,32.86446808510642
301189,2023-04-11,34.38,34.55,34.88,34.16,34.41,10430.4,36039100.0,34.98,35.15,34.542,33.64,32.38,52.55,0.73,0.9,-0.17,奥尼电子,计算机、通信和其他电子设备制造业,创业板,34.97499999999996,35.14375,35.36916666666666,35.151249999999955,32.935531914893645
301189,2023-04-12,34.65,35.33,35.33,34.39,34.55,14521.7,50638100.0,35.05,35.17,34.698,33.76,32.47,56.44,0.71,0.87,-0.16,奥尼电子,计算机、通信和其他电子设备制造业,创业板,34.86499999999996,35.0975,35.25666666666665,35.339374999999954,33.01361702127662
301189,2023-04-13,35.3,34.7,35.3,34.66,35.33,14678.6,51229800.0,34.83,35.12,34.804500000000004,33.84,32.54,52.68,0.64,0.82,-0.18,奥尼电子,计算机、通信和其他电子设备制造业,创业板,34.74749999999996,35.037499999999994,35.125833333333325,35.43437499999996,33.0885106382979
301189,2023-04-14,34.71,34.28,35.0,33.93,34.7,13793.0,47326200.0,34.65,34.98,34.954,33.92,32.62,50.28,0.54,0.76,-0.22,奥尼电子,计算机、通信和其他电子设备制造业,创业板,34.71499999999996,34.89874999999999,35.05249999999999,35.47687499999996,33.14765957446811
301189,2023-04-17,34.08,34.12,34.48,34.03,34.28,8292.62,28330500.0,34.6,34.87,35.042500000000004,34.0,32.69,49.36,0.44,0.7,-0.26,奥尼电子,计算机、通信和其他电子设备制造业,创业板,34.60749999999996,34.79124999999999,34.96499999999999,35.17874999999996,33.20787234042555
301189,2023-04-18,34.12,33.65,34.3,33.53,34.12,12359.2,41680200.0,34.42,34.7,35.108999999999995,34.05,32.75,46.65,0.33,0.63,-0.3,奥尼电子,计算机、通信和其他电子设备制造业,创业板,34.18749999999996,34.52624999999999,34.794166666666655,34.98937499999996,33.248085106383
301189,2023-04-19,33.89,33.92,34.33,33.57,33.65,11719.8,39836200.0,34.13,34.59,35.146,34.14,32.82,48.4,0.25,0.55,-0.3,奥尼电子,计算机、通信和其他电子设备制造业,创业板,33.992499999999964,34.36999999999999,34.68916666666666,34.84249999999996,33.28872340425535
301189,2023-04-20,33.92,33.89,34.08,33.3,33.92,9251.28,31194700.0,33.97,34.4,35.1605,34.21,32.88,48.21,0.18,0.48,-0.3,奥尼电子,计算机、通信和其他电子设备制造业,创业板,33.89499999999996,34.30499999999999,34.56416666666666,34.76312499999996,33.325319148936195
301189,2023-04-21,33.97,32.05,34.0,32.03,33.89,14620.0,47950700.0,33.53,34.09,34.81849999999999,34.2,32.9,38.3,-0.01,0.38,-0.39,奥尼电子,计算机、通信和其他电子设备制造业,创业板,33.377499999999955,33.99249999999999,34.319999999999986,34.56812499999996,33.32617021276599
301189,2023-04-24,32.08,31.88,32.32,31.66,32.05,7395.03,23591300.0,33.08,33.84,34.5785,34.21,32.93,37.54,-0.18,0.27,-0.45,奥尼电子,计算机、通信和其他电子设备制造业,创业板,32.93499999999995,33.561249999999994,33.99583333333332,34.329374999999956,33.319148936170244
301189,2023-04-25,31.75,30.2,31.75,29.86,31.88,11430.0,34894600.0,32.39,33.4,34.275,34.16,32.92,30.94,-0.44,0.13,-0.57,奥尼电子,计算机、通信和其他电子设备制造业,创业板,32.00499999999995,32.998749999999994,33.581666666666656,34.01812499999996,33.285744680851096
301189,2023-04-26,30.2,29.92,30.4,29.65,30.2,6611.7,19848900.0,31.59,32.86,34.013,34.09,32.91,29.99,-0.67,-0.03,-0.64,奥尼电子,计算机、通信和其他电子设备制造业,创业板,31.012499999999957,32.45375,33.20749999999999,33.67624999999996,33.25808510638301
301189,2023-04-27,29.8,29.93,30.32,29.79,29.92,5860.98,17623000.0,30.8,32.38,33.751,34.0,32.88,30.07,-0.84,-0.19,-0.65,奥尼电子,计算机、通信和其他电子设备制造业,创业板,30.482499999999956,31.93,32.82249999999999,33.360624999999956,33.22106382978726
301189,2023-04-28,28.6,29.0,29.04,28.18,29.93,20253.8,57816400.0,30.19,31.86,33.416,33.92,32.85,26.91,-1.03,-0.36,-0.67,奥尼电子,计算机、通信和其他电子设备制造业,创业板,29.76249999999996,31.34875,32.294999999999995,32.93749999999996,33.164893617021306
301189,2023-05-04,28.88,28.94,28.97,28.64,29.0,6351.74,18289600.0,29.6,31.34,33.104,33.81,32.8,26.71,-1.18,-0.53,-0.65,奥尼电子,计算机、通信和其他电子设备制造业,创业板,29.44749999999996,30.72625,31.814999999999994,32.54812499999996,33.106808510638324
301189,2023-05-05,28.76,28.71,29.01,28.53,28.94,5617.02,16126900.0,29.3,30.84,32.77,33.69,32.76,25.94,-1.3,-0.68,-0.62,奥尼电子,计算机、通信和其他电子设备制造业,创业板,29.144999999999957,30.07875,31.350833333333327,32.19187499999997,33.043617021276624
301189,2023-05-08,28.58,28.82,28.95,28.58,28.71,4616.1,13278700.0,29.08,30.33,32.462,33.54,32.72,27.03,-1.37,-0.82,-0.55,奥尼电子,计算机、通信和其他电子设备制造业,创业板,28.867499999999957,29.674999999999997,30.90916666666666,31.83374999999997,32.98085106382982
301189,2023-05-09,28.81,28.45,28.98,28.45,28.82,6802.92,19543300.0,28.78,29.79,32.09600000000001,33.37,32.67,25.66,-1.43,-0.94,-0.49,奥尼电子,计算机、通信和其他电子设备制造业,创业板,28.729999999999954,29.246249999999996,30.475833333333327,31.40374999999997,32.91340425531918
301189,2023-05-10,28.43,28.7,28.74,28.31,28.45,4715.67,13465500.0,28.72,29.46,31.772500000000015,33.03,32.62,28.31,-1.45,-1.04,-0.41,奥尼电子,计算机、通信和其他电子设备制造业,创业板,28.669999999999952,29.058749999999996,30.040833333333325,31.02874999999997,32.851276595744714
301189,2023-05-11,28.92,29.84,30.05,28.69,28.7,14556.8,43008500.0,28.9,29.25,31.54400000000002,32.8,32.58,38.98,-1.36,-1.11,-0.25,奥尼电子,计算机、通信和其他电子设备制造业,创业板,28.95249999999995,29.04874999999999,29.703333333333322,30.75124999999997,32.80085106382982
301189,2023-05-12,29.3,29.41,29.64,29.26,29.84,7956.55,23412500.0,29.04,29.17,31.287000000000017,32.57,32.54,36.76,-1.31,-1.15,-0.16,奥尼电子,计算机、通信和其他电子设备制造业,创业板,29.09999999999995,28.983749999999993,29.483333333333324,30.456874999999968,32.7457446808511
301189,2023-05-15,29.42,29.28,29.43,28.8,29.41,6177.07,17955400.0,29.14,29.11,30.984500000000015,32.38,32.49,36.09,-1.26,-1.17,-0.09,奥尼电子,计算机、通信和其他电子设备制造业,创业板,29.30749999999995,29.018749999999997,29.266666666666662,30.183749999999968,32.692553191489395
301189,2023-05-16,29.28,29.17,29.42,29.04,29.28,3751.74,10945900.0,29.28,29.03,30.70800000000001,32.18,32.44,35.5,-1.21,-1.18,-0.03,奥尼电子,计算机、通信和其他电子设备制造业,创业板,29.42499999999995,29.0475,29.18083333333333,29.886874999999964,32.63191489361706
301189,2023-05-17,29.33,29.65,29.68,29.13,29.17,6670.0,19671000.0,29.47,29.1,30.47650000000001,31.98,32.4,40.1,-1.13,-1.17,0.04,奥尼电子,计算机、通信和其他电子设备制造业,创业板,29.377499999999948,29.164999999999996,29.158333333333328,29.621874999999964,32.5989361702128
301189,2023-05-18,29.65,29.89,29.93,29.54,29.65,5592.28,16657600.0,29.48,29.19,30.265000000000008,31.8,32.38,42.32,-1.03,-1.14,0.11,奥尼电子,计算机、通信和其他电子设备制造业,创业板,29.497499999999953,29.29875,29.15499999999999,29.486874999999962,32.55382978723408
301189,2023-05-19,29.72,30.09,30.31,29.6,29.89,6764.74,20327000.0,29.62,29.33,30.08700000000001,31.62,32.36,44.17,-0.93,-1.1,0.17,奥尼电子,计算机、通信和其他电子设备制造业,创业板,29.699999999999953,29.503749999999997,29.245833333333323,29.37499999999996,32.50957446808514
301189,2023-05-22,30.0,30.27,30.35,29.8,30.09,6068.81,18284900.0,29.81,29.48,29.904500000000013,31.47,32.33,45.86,-0.82,-1.04,0.22,奥尼电子,计算机、通信和其他电子设备制造业,创业板,29.974999999999955,29.699999999999996,29.356666666666655,29.37937499999996,32.478510638297905
301189,2023-05-23,30.28,30.04,30.33,29.97,30.27,5480.46,16513500.0,29.99,29.63,29.71200000000001,31.28,32.31,44.03,-0.74,-0.98,0.24,奥尼电子,计算机、通信和其他电子设备制造业,创业板,30.072499999999955,29.724999999999998,29.46749999999999,29.38687499999996,32.44617021276599
301189,2023-05-24,30.0,30.21,30.35,29.81,30.04,4471.15,13485200.0,30.1,29.79,29.620000000000015,31.11,32.28,45.75,-0.66,-0.92,0.26,奥尼电子,计算机、通信和其他电子设备制造业,创业板,30.152499999999957,29.825,29.583333333333325,29.40437499999996,32.40361702127663
301189,2023-05-25,30.21,30.24,30.43,29.73,30.21,6200.0,18655300.0,30.17,29.82,29.538000000000018,30.97,32.26,46.06,-0.59,-0.85,0.26,奥尼电子,计算机、通信和其他电子设备制造业,创业板,30.189999999999955,29.944999999999997,29.73249999999999,29.48187499999996,32.354042553191526
301189,2023-05-26,30.34,30.39,30.48,30.03,30.24,4223.4,12806700.0,30.23,29.92,29.547500000000014,30.83,32.24,47.7,-0.51,-0.78,0.27,奥尼电子,计算机、通信和其他电子设备制造业,创业板,30.219999999999953,30.097499999999997,29.873333333333324,29.57249999999996,32.334893617021315
301189,2023-05-29,30.44,30.51,30.78,30.37,30.39,5049.4,15430400.0,30.28,30.05,29.577000000000016,30.67,32.22,49.04,-0.44,-0.71,0.27,奥尼电子,计算机、通信和其他电子设备制造业,创业板,30.337499999999956,30.204999999999995,29.92916666666666,29.68499999999996,32.29574468085111
301189,2023-05-30,30.54,30.67,30.79,30.31,30.51,4320.02,13206800.0,30.4,30.2,29.614000000000015,30.54,32.19,50.83,-0.36,-0.64,0.28,奥尼电子,计算机、通信和其他电子设备制造业,创业板,30.45249999999995,30.302499999999995,30.03416666666666,29.80062499999996,32.26063829787238
301189,2023-05-31,30.52,30.84,30.95,30.45,30.67,4942.1,15207700.0,30.53,30.32,29.706000000000017,30.42,32.17,52.74,-0.28,-0.57,0.29,奥尼电子,计算机、通信和其他电子设备制造业,创业板,30.602499999999953,30.39624999999999,30.16416666666666,29.94999999999996,32.21085106382983
301189,2023-06-01,30.68,31.4,31.63,30.68,30.84,9698.22,30293500.0,30.76,30.47,29.829000000000015,30.33,32.17,58.47,-0.17,-0.49,0.32,奥尼电子,计算机、通信和其他电子设备制造业,创业板,30.85499999999995,30.53749999999999,30.34999999999999,30.11874999999996,32.164042553191535
301189,2023-06-02,31.35,31.2,31.58,30.89,31.4,8441.46,26268600.0,30.92,30.58,29.953500000000012,30.25,32.15,55.86,-0.11,-0.41,0.3,奥尼电子,计算机、通信和其他电子设备制造业,创业板,31.02749999999995,30.682499999999994,30.479166666666657,30.20374999999996,32.000425531914935
301189,2023-06-05,30.98,31.91,32.28,30.98,31.2,12756.3,40459600.0,31.2,30.74,30.10800000000001,30.18,32.16,62.28,0.01,-0.33,0.34,奥尼电子,计算机、通信和其他电子设备制造业,创业板,31.337499999999952,30.894999999999992,30.647499999999994,30.35999999999996,31.89893617021281
301189,2023-06-06,31.69,32.44,33.17,31.25,31.91,28273.3,91879000.0,31.56,30.98,30.307500000000005,30.14,32.17,66.23,0.14,-0.24,0.38,奥尼电子,计算机、通信和其他电子设备制造业,创业板,31.737499999999947,31.169999999999987,30.84333333333333,30.557499999999962,31.817446808510685
301189,2023-06-07,31.85,32.0,33.06,31.78,32.44,17308.0,55686400.0,31.79,31.16,30.472500000000004,30.13,32.17,60.56,0.21,-0.15,0.36,奥尼电子,计算机、通信和其他电子设备制造业,创业板,31.887499999999946,31.37124999999999,30.987499999999997,30.73437499999996,31.75021276595749
301189,2023-06-08,32.01,31.24,32.15,31.1,32.0,13949.2,43698300.0,31.76,31.26,30.5425,30.11,32.16,52.25,0.2,-0.08,0.28,奥尼电子,计算机、通信和其他电子设备制造业,创业板,31.897499999999948,31.46249999999999,31.087499999999995,30.83374999999996,31.666595744680894
301189,2023-06-09,31.52,31.02,31.52,30.85,31.24,8836.99,27487200.0,31.72,31.32,30.623,30.14,32.15,50.1,0.17,-0.03,0.2,奥尼电子,计算机、通信和其他电子设备制造业,创业板,31.674999999999947,31.506249999999987,31.154999999999998,30.90437499999996,31.567021276595785
301189,2023-06-12,31.04,31.25,31.39,30.81,31.02,7770.0,24175800.0,31.59,31.4,30.721500000000002,30.18,32.13,52.31,0.16,0.01,0.15,奥尼电子,计算机、通信和其他电子设备制造业,创业板,31.377499999999948,31.557499999999987,31.239166666666662,30.97687499999996,31.48340425531919
301189,2023-06-13,31.2,33.29,33.65,30.89,31.25,38696.8,127190000.0,31.76,31.66,30.927500000000002,30.3,32.15,66.46,0.32,0.07,0.25,奥尼电子,计算机、通信和其他电子设备制造业,创业板,31.699999999999946,31.793749999999985,31.480833333333333,31.165624999999963,31.438723404255356
301189,2023-06-14,33.0,32.56,33.5,32.38,33.29,22316.9,73182700.0,31.87,31.83,31.073000000000008,30.41,32.17,59.64,0.38,0.13,0.25,奥尼电子,计算机、通信和其他电子设备制造业,创业板,32.029999999999944,31.963749999999983,31.651666666666667,31.32312499999996,31.387234042553228
301189,2023-06-15,32.8,32.18,33.12,32.1,32.56,19815.3,64642200.0,32.06,31.91,31.187500000000007,30.52,32.16,56.39,0.39,0.18,0.21,奥尼电子,计算机、通信和其他电子设备制造业,创业板,32.31999999999994,31.997499999999985,31.7775,31.44624999999996,31.310851063829823
301189,2023-06-16,32.1,32.35,32.69,31.67,32.18,16247.6,52257400.0,32.33,32.02,31.300500000000007,30.64,32.17,57.51,0.41,0.23,0.18,奥尼电子,计算机、通信和其他电子设备制造业,创业板,32.59499999999994,31.986249999999984,31.903333333333336,31.578124999999957,31.25085106382982
301189,2023-06-19,32.29,32.02,32.34,31.7,32.35,15051.8,48212900.0,32.48,32.04,31.388000000000005,30.75,32.15,54.59,0.4,0.26,0.14,奥尼电子,计算机、通信和其他电子设备制造业,创业板,32.27749999999995,31.988749999999982,31.955000000000002,31.679999999999957,31.20000000000003
301189,2023-06-20,31.96,31.7,31.96,31.38,32.02,12189.7,38590500.0,32.16,31.96,31.47100000000001,30.86,32.11,51.85,0.35,0.28,0.07,奥尼电子,计算机、通信和其他电子设备制造业,创业板,32.06249999999994,32.04624999999998,31.99666666666667,31.75437499999996,31.139361702127694
301189,2023-06-21,31.69,30.14,31.7,30.1,31.7,14509.0,44477000.0,31.68,31.78,31.46750000000001,30.91,31.97,41.02,0.19,0.26,-0.07,奥尼电子,计算机、通信和其他电子设备制造业,创业板,31.552499999999938,31.936249999999976,31.849166666666665,31.72124999999996,31.028936170212802
301189,2023-06-26,30.0,29.7,30.48,29.69,30.14,8450.01,25354400.0,31.18,31.62,31.440500000000007,30.9,31.85,38.58,0.03,0.22,-0.19,奥尼电子,计算机、通信和其他电子设备制造业,创业板,30.889999999999937,31.74249999999998,31.620833333333334,31.64999999999996,30.9225531914894
301189,2023-06-27,29.56,29.97,30.2,29.55,29.7,6942.3,20796300.0,30.71,31.52,31.41950000000001,30.92,31.75,40.91,-0.08,0.16,-0.24,奥尼电子,计算机、通信和其他电子设备制造业,创业板,30.377499999999934,31.327499999999983,31.451666666666664,31.56062499999996,30.830851063829826
301189,2023-06-28,30.04,29.56,30.19,28.88,29.97,9014.35,26490800.0,30.21,31.35,31.372000000000007,30.93,31.65,38.52,-0.2,0.09,-0.29,奥尼电子,计算机、通信和其他电子设备制造业,创业板,29.842499999999934,30.95249999999998,31.311666666666664,31.458124999999956,30.733829787234082
301189,2023-06-29,29.6,30.19,30.65,29.56,29.56,8131.3,24517800.0,29.91,31.04,31.348000000000013,30.96,31.57,43.93,-0.24,0.02,-0.26,奥尼电子,计算机、通信和其他电子设备制造业,创业板,29.854999999999936,30.703749999999978,31.242499999999996,31.350624999999955,30.660212765957485
301189,2023-06-30,30.19,30.59,30.75,30.19,30.19,6349.0,19372700.0,30.0,30.84,31.335500000000014,31.0,31.49,47.12,-0.23,-0.03,-0.2,奥尼电子,计算机、通信和其他电子设备制造业,创业板,30.077499999999933,30.483749999999976,31.187499999999996,31.234999999999953,30.589361702127693
301189,2023-07-03,30.85,30.62,30.98,30.53,30.59,6499.87,19939600.0,30.19,30.68,31.296500000000016,31.02,31.41,47.36,-0.22,-0.07,-0.15,奥尼电子,计算机、通信和其他电子设备制造业,创业板,30.23999999999993,30.30874999999997,30.964999999999993,31.14874999999995,30.519787234042585
301189,2023-07-04,30.77,31.41,31.43,30.52,30.62,11841.3,36859000.0,30.47,30.59,31.30700000000001,31.06,31.34,53.4,-0.15,-0.08,-0.07,奥尼电子,计算机、通信和其他电子设备制造业,创业板,30.70249999999993,30.272499999999972,30.86916666666666,31.159374999999947,30.50617021276599
301189,2023-07-05,31.36,31.24,31.58,31.18,31.41,6010.74,18855300.0,30.81,30.51,31.273500000000013,31.1,31.28,52.02,-0.11,-0.09,-0.02,奥尼电子,计算机、通信和其他电子设备制造业,创业板,30.964999999999932,30.409999999999975,30.790833333333328,31.17312499999995,30.492553191489392
301189,2023-07-06,31.42,31.87,32.07,31.13,31.24,11222.6,35673700.0,31.15,30.53,31.245000000000015,31.16,31.22,56.51,-0.02,-0.08,0.06,奥尼电子,计算机、通信和其他电子设备制造业,创业板,31.284999999999933,30.681249999999977,30.75083333333333,31.21187499999995,30.528085106383006
301189,2023-07-07,31.92,31.57,32.0,31.37,31.87,7101.0,22419000.0,31.34,30.67,31.22350000000002,31.2,31.16,53.92,0.03,-0.05,0.08,奥尼电子,计算机、通信和其他电子设备制造业,创业板,31.52249999999993,30.881249999999977,30.713333333333328,31.10437499999995,30.563191489361728
301189,2023-07-10,31.57,31.56,31.85,31.4,31.57,5330.97,16832800.0,31.53,30.86,31.239500000000014,31.25,31.11,53.83,0.05,-0.03,0.08,奥尼电子,计算机、通信和其他电子设备制造业,创业板,31.55999999999993,31.131249999999973,30.701666666666664,31.04187499999995,30.597872340425553
301189,2023-07-11,31.55,31.65,32.05,31.55,31.56,5534.01,17586800.0,31.58,31.03,31.271000000000015,31.29,31.06,54.56,0.1,-0.01,0.11,奥尼电子,计算机、通信和其他电子设备制造业,创业板,31.662499999999934,31.31374999999997,30.827499999999997,31.008749999999953,30.65425531914896
301189,2023-07-12,31.7,31.03,31.83,30.9,31.65,7091.86,22203700.0,31.54,31.17,31.260000000000012,31.31,30.99,48.87,0.07,0.01,0.06,奥尼电子,计算机、通信和其他电子设备制造业,创业板,31.45249999999993,31.368749999999967,30.93833333333333,30.926249999999953,30.698723404255343
301189,2023-07-13,31.23,31.79,31.8,31.06,31.03,8997.0,28389900.0,31.52,31.33,31.185000000000013,31.34,30.94,55.05,0.11,0.03,0.08,奥尼电子,计算机、通信和其他电子设备制造业,创业板,31.50749999999993,31.514999999999965,31.089999999999993,30.911874999999952,30.76425531914896
301189,2023-07-14,31.84,31.98,32.19,31.67,31.79,8536.56,27281300.0,31.6,31.47,31.156000000000017,31.38,30.9,56.47,0.15,0.05,0.1,奥尼电子,计算机、通信和其他电子设备制造业,创业板,31.612499999999926,31.586249999999968,31.29166666666666,30.929374999999954,30.83148936170215
301189,2023-07-17,32.04,31.91,32.07,31.61,31.98,4895.0,15586000.0,31.67,31.6,31.14250000000002,31.4,30.86,55.77,0.18,0.08,0.1,奥尼电子,计算机、通信和其他电子设备制造业,创业板,31.677499999999924,31.669999999999966,31.435,31.039999999999957,30.905106382978747
301189,2023-07-18,32.0,31.83,32.17,31.77,31.91,6408.91,20476300.0,31.71,31.64,31.11650000000002,31.42,30.83,54.94,0.19,0.1,0.09,奥尼电子,计算机、通信和其他电子设备制造业,创业板,31.87749999999992,31.664999999999964,31.53833333333333,31.17312499999996,30.971702127659594
301189,2023-07-19,31.77,31.6,32.08,31.55,31.83,5031.97,15948100.0,31.82,31.68,31.095500000000023,31.41,30.8,52.5,0.18,0.12,0.06,奥尼电子,计算机、通信和其他电子设备制造业,创业板,31.82999999999992,31.668749999999967,31.62,31.274999999999956,31.009148936170234
301189,2023-07-20,31.62,31.05,31.92,30.96,31.6,6828.22,21350200.0,31.67,31.6,31.063000000000017,31.36,30.75,47.13,0.13,0.12,0.01,奥尼电子,计算机、通信和其他电子设备制造业,创业板,31.597499999999922,31.60499999999997,31.59,31.368124999999953,31.044042553191506
301189,2023-07-21,31.09,30.64,31.35,30.64,31.05,5633.53,17436400.0,31.41,31.5,31.088000000000015,31.32,30.73,43.55,0.06,0.11,-0.05,奥尼电子,计算机、通信和其他电子设备制造业,创业板,31.279999999999923,31.478749999999966,31.539999999999996,31.396249999999956,31.072978723404276
301189,2023-07-24,30.44,30.62,30.98,30.3,30.64,4038.12,12375400.0,31.15,31.41,31.134000000000015,31.3,30.7,43.37,-0.01,0.08,-0.09,奥尼电子,计算机、通信和其他电子设备制造业,创业板,30.977499999999925,31.427499999999963,31.43583333333333,31.398124999999954,31.10382978723406
301189,2023-07-25,30.91,31.1,31.22,30.65,30.62,8498.01,26312800.0,31.0,31.36,31.190500000000014,31.3,30.72,48.65,-0.02,0.06,-0.08,奥尼电子,计算机、通信和其他电子设备制造业,创业板,30.852499999999928,31.341249999999963,31.396666666666665,31.42812499999995,31.13468085106384
301189,2023-07-26,31.17,30.7,31.17,30.63,31.1,5420.0,16698700.0,30.82,31.32,31.24750000000002,31.28,30.73,44.9,-0.06,0.04,-0.1,奥尼电子,计算机、通信和其他电子设备制造业,创业板,30.764999999999926,31.181249999999967,31.325,31.383749999999953,31.151914893617032
301189,2023-07-27,30.71,30.3,30.82,30.24,30.7,10032.0,30531400.0,30.67,31.17,31.253000000000014,31.18,30.74,41.45,-0.11,0.01,-0.12,奥尼电子,计算机、通信和其他电子设备制造业,创业板,30.679999999999925,30.979999999999965,31.212500000000002,31.324999999999953,31.156382978723418
301189,2023-07-28,30.28,30.31,30.53,29.87,30.3,9324.59,28184800.0,30.61,31.01,31.23900000000001,31.11,30.76,41.57,-0.16,-0.02,-0.14,奥尼电子,计算机、通信和其他电子设备制造业,创业板,30.60249999999992,30.789999999999964,31.152500000000003,31.22749999999995,31.157234042553203
301189,2023-07-31,30.5,30.56,30.59,30.26,30.31,3595.59,10960100.0,30.59,30.87,31.236000000000008,31.05,30.79,44.64,-0.18,-0.06,-0.12,奥尼电子,计算机、通信和其他电子设备制造业,创业板,30.467499999999923,30.659999999999965,31.05,31.164374999999946,31.168297872340435
301189,2023-08-01,30.54,30.4,30.67,30.31,30.56,4291.0,13052600.0,30.45,30.73,31.185500000000008,30.99,30.82,43.08,-0.2,-0.08,-0.12,奥尼电子,计算机、通信和其他电子设备制造业,创业板,30.392499999999924,30.578749999999964,30.918333333333333,31.09187499999995,31.172340425531928
301189,2023-08-02,30.3,30.08,30.48,30.01,30.4,5418.04,16316900.0,30.33,30.58,31.12750000000001,30.92,30.84,40.07,-0.24,-0.12,-0.12,奥尼电子,计算机、通信和其他电子设备制造业,创业板,30.337499999999924,30.508749999999964,30.76583333333333,30.99374999999995,31.168936170212778
301189,2023-08-03,30.01,29.76,30.28,29.7,30.08,5995.0,17871800.0,30.22,30.45,31.02200000000001,30.86,30.86,37.26,-0.3,-0.15,-0.15,奥尼电子,计算机、通信和其他电子设备制造业,创业板,30.199999999999925,30.401249999999962,30.59333333333333,30.91437499999995,31.155531914893626
301189,2023-08-04,29.76,29.67,30.08,29.61,29.76,9815.92,29215100.0,30.09,30.35,30.927000000000003,30.84,30.87,36.48,-0.34,-0.19,-0.15,奥尼电子,计算机、通信和其他电子设备制造业,创业板,29.97749999999992,30.222499999999965,30.432499999999994,30.781874999999946,31.137659574468096
301189,2023-08-07,29.63,29.46,29.85,29.42,29.67,4803.74,14194000.0,29.87,30.23,30.82200000000001,30.83,30.87,34.67,-0.4,-0.23,-0.17,奥尼电子,计算机、通信和其他电子设备制造业,创业板,29.74249999999992,30.067499999999967,30.299999999999994,30.624374999999944,31.11191489361703
301189,2023-08-08,29.78,29.36,29.78,29.23,29.46,4248.0,12469700.0,29.67,30.06,30.70750000000001,30.81,30.87,33.81,-0.43,-0.27,-0.16,奥尼电子,计算机、通信和其他电子设备制造业,创业板,29.562499999999925,29.949999999999967,30.193333333333328,30.464999999999943,31.0804255319149
301189,2023-08-09,29.37,29.16,29.38,29.11,29.36,3195.0,9326460.0,29.48,29.91,30.61400000000001,30.8,30.87,32.09,-0.48,-0.31,-0.17,奥尼电子,计算机、通信和其他电子设备制造业,创业板,29.412499999999927,29.80624999999997,30.071666666666662,30.298124999999946,31.032765957446816
301189,2023-08-10,29.15,29.49,29.68,29.15,29.16,5512.0,16228000.0,29.43,29.82,30.499000000000013,30.78,30.87,37.71,-0.48,-0.35,-0.13,奥尼电子,计算机、通信和其他电子设备制造业,创业板,29.367499999999925,29.67249999999997,29.937499999999996,30.16624999999994,30.996382978723414
301189,2023-08-11,29.57,29.04,29.57,29.03,29.49,4512.96,13216600.0,29.3,29.7,30.35200000000001,30.73,30.86,33.62,-0.52,-0.38,-0.14,奥尼电子,计算机、通信和其他电子设备制造业,创业板,29.262499999999925,29.502499999999973,29.799166666666665,30.04062499999994,30.935319148936177
301189,2023-08-14,29.0,29.23,29.29,28.69,29.04,4238.03,12277500.0,29.26,29.56,30.21800000000001,30.68,30.85,36.74,-0.52,-0.41,-0.11,奥尼电子,计算机、通信和其他电子设备制造业,创业板,29.229999999999922,29.396249999999974,29.709999999999997,29.952499999999944,30.86702127659575
301189,2023-08-15,29.25,29.17,29.48,28.96,29.23,3044.65,8880040.0,29.22,29.44,30.085000000000008,30.6,30.83,36.16,-0.52,-0.43,-0.09,奥尼电子,计算机、通信和其他电子设备制造业,创业板,29.232499999999924,29.322499999999977,29.615,29.861874999999944,30.806808510638305
301189,2023-08-16,29.1,28.75,29.22,28.72,29.17,4831.0,13982400.0,29.14,29.31,29.942500000000006,30.52,30.81,32.33,-0.55,-0.46,-0.09,奥尼电子,计算机、通信和其他电子设备制造业,创业板,29.047499999999925,29.207499999999975,29.464166666666667,29.714999999999943,30.75382978723405
301189,2023-08-17,28.7,29.09,29.24,28.37,28.75,6635.03,19149500.0,29.06,29.24,29.84450000000001,30.43,30.79,38.05,-0.54,-0.47,-0.07,奥尼电子,计算机、通信和其他电子设备制造业,创业板,29.059999999999924,29.16124999999997,29.355,29.614374999999942,30.712765957446813
301189,2023-08-18,29.06,29.02,29.49,29.01,29.09,4851.04,14184600.0,29.05,29.18,29.76350000000001,30.34,30.77,37.35,-0.53,-0.48,-0.05,奥尼电子,计算机、通信和其他电子设备制造业,创业板,29.007499999999926,29.11874999999997,29.266666666666666,29.53437499999994,30.665319148936174
301189,2023-08-21,28.83,29.1,29.4,28.83,29.02,3608.0,10528800.0,29.03,29.14,29.68750000000001,30.26,30.75,38.74,-0.52,-0.49,-0.03,奥尼电子,计算机、通信和其他电子设备制造业,创业板,28.989999999999927,29.111249999999973,29.21166666666667,29.45874999999994,30.576170212765962
301189,2023-08-22,29.12,28.82,29.34,28.28,29.1,6573.0,18833900.0,28.96,29.09,29.573500000000013,30.17,30.73,35.76,-0.51,-0.49,-0.02,奥尼电子,计算机、通信和其他电子设备制造业,创业板,29.00749999999993,29.027499999999975,29.140833333333333,29.34999999999994,30.496595744680853
301189,2023-08-23,28.7,28.13,28.79,28.12,28.82,4659.39,13230600.0,28.83,28.98,29.44500000000001,30.07,30.69,29.69,-0.56,-0.51,-0.05,奥尼电子,计算机、通信和其他电子设备制造业,创业板,28.767499999999927,28.913749999999975,29.03,29.208124999999942,30.410425531914896
301189,2023-08-24,28.17,27.83,28.47,27.83,28.13,5281.35,14823500.0,28.58,28.82,29.321500000000015,29.94,30.64,27.5,-0.62,-0.53,-0.09,奥尼电子,计算机、通信和其他电子设备制造业,创业板,28.469999999999924,28.73874999999998,28.9025,29.067499999999942,30.31425531914894
301189,2023-08-25,27.75,26.79,27.99,26.72,27.83,7841.98,21346600.0,28.13,28.59,29.145500000000016,29.77,30.57,21.57,-0.74,-0.57,-0.17,奥尼电子,计算机、通信和其他电子设备制造业,创业板,27.892499999999927,28.441249999999975,28.705,28.881874999999944,30.20297872340426
301189,2023-08-28,28.38,27.08,28.6,27.08,26.79,7687.56,21454300.0,27.73,28.38,28.97150000000002,29.6,30.5,26.34,-0.8,-0.62,-0.18,奥尼电子,计算机、通信和其他电子设备制造业,创业板,27.457499999999925,28.232499999999973,28.504166666666663,28.719999999999942,30.104680851063833
301189,2023-08-29,27.56,28.65,28.69,27.04,27.08,10989.8,31021400.0,27.7,28.33,28.88400000000002,29.5,30.46,45.62,-0.72,-0.64,-0.08,奥尼电子,计算机、通信和其他电子设备制造业,创业板,27.587499999999928,28.177499999999974,28.47166666666666,28.669374999999942,30.07297872340426
301189,2023-08-30,28.62,29.28,29.47,28.52,28.65,10073.1,29386100.0,27.93,28.38,28.844000000000015,29.42,30.42,51.15,-0.59,-0.63,0.04,奥尼电子,计算机、通信和其他电子设备制造业,创业板,27.94999999999993,28.209999999999972,28.475833333333327,28.664374999999943,30.064042553191488
301189,2023-08-31,29.17,29.13,29.29,29.04,29.28,4781.04,13940700.0,28.19,28.38,28.812500000000018,29.36,30.36,49.85,-0.5,-0.6,0.1,奥尼电子,计算机、通信和其他电子设备制造业,创业板,28.534999999999933,28.213749999999973,28.472499999999993,28.66249999999994,30.046170212765958
301189,2023-09-01,29.14,28.97,29.38,28.9,29.13,3966.82,11520300.0,28.62,28.38,28.77750000000002,29.3,30.31,48.44,-0.43,-0.57,0.14,奥尼电子,计算机、通信和其他电子设备制造业,创业板,29.007499999999933,28.232499999999973,28.490833333333324,28.62999999999994,30.033617021276598
301189,2023-09-04,28.97,29.29,29.3,28.92,28.97,4831.0,14072700.0,29.06,28.4,28.769000000000016,29.26,30.28,51.4,-0.36,-0.53,0.17,奥尼电子,计算机、通信和其他电子设备制造业,创业板,29.167499999999933,28.377499999999973,28.507499999999993,28.64562499999994,30.014468085106383
301189,2023-09-05,29.37,29.39,29.71,29.23,29.29,5241.0,15462800.0,29.21,28.45,28.770500000000016,29.2,30.25,52.33,-0.28,-0.48,0.2,奥尼电子,计算机、通信和其他电子设备制造业,创业板,29.19499999999993,28.572499999999977,28.538333333333327,28.655624999999937,29.98893617021277
301189,2023-09-06,29.5,29.78,29.8,29.2,29.39,5297.4,15697100.0,29.31,28.62,28.801500000000015,29.17,30.23,55.85,-0.18,-0.42,0.24,奥尼电子,计算机、通信和其他电子设备制造业,创业板,29.35749999999993,28.946249999999974,28.594999999999988,28.693749999999934,29.97106382978724
301189,2023-09-07,29.86,29.34,29.9,29.3,29.78,5376.0,15899900.0,29.35,28.77,28.79400000000002,29.14,30.16,51.25,-0.15,-0.36,0.21,奥尼电子,计算机、通信和其他电子设备制造业,创业板,29.449999999999932,29.228749999999977,28.63833333333332,28.730624999999932,29.92702127659575
301189,2023-09-08,29.44,29.53,29.7,29.33,29.34,3999.23,11820700.0,29.47,29.04,28.818500000000018,29.11,30.11,53.05,-0.09,-0.31,0.22,奥尼电子,计算机、通信和其他电子设备制造业,创业板,29.509999999999934,29.338749999999973,28.754999999999985,28.758124999999932,29.890638297872343
301189,2023-09-11,29.71,29.8,30.08,29.4,29.53,6750.0,20110300.0,29.57,29.32,28.847000000000016,29.09,30.07,55.56,-0.03,-0.25,0.22,奥尼电子,计算机、通信和其他电子设备制造业,创业板,29.612499999999937,29.40374999999997,28.919166666666655,28.806874999999934,29.846595744680855
301189,2023-09-12,29.75,29.54,29.99,29.44,29.8,4790.0,14176900.0,29.6,29.4,28.865500000000015,29.06,30.02,52.64,0.0,-0.2,0.2,奥尼电子,计算机、通信和其他电子设备制造业,创业板,29.552499999999938,29.45499999999997,29.148333333333323,28.834374999999934,29.803404255319155
301189,2023-09-13,29.66,29.25,29.66,29.01,29.54,5183.37,15184700.0,29.49,29.4,28.890500000000014,29.03,29.98,49.51,-0.01,-0.16,0.15,奥尼电子,计算机、通信和其他电子设备制造业,创业板,29.529999999999937,29.48999999999997,29.329166666666655,28.861249999999934,29.754255319148943
301189,2023-09-14,29.4,28.8,29.4,28.68,29.25,6465.08,18658600.0,29.38,29.37,28.876000000000012,29.0,29.93,45.05,-0.05,-0.14,0.09,奥尼电子,计算机、通信和其他电子设备制造业,创业板,29.34749999999994,29.42874999999997,29.341666666666658,28.903124999999935,29.693617021276598
301189,2023-09-15,28.82,28.59,29.07,28.4,28.8,6097.04,17479300.0,29.2,29.33,28.854500000000012,28.96,29.9,43.09,-0.09,-0.13,0.04,奥尼电子,计算机、通信和其他电子设备制造业,创业板,29.04499999999994,29.32874999999997,29.284166666666653,28.950624999999935,29.641702127659578
301189,2023-09-18,28.44,28.89,29.4,28.32,28.59,8864.37,25688000.0,29.01,29.29,28.844000000000012,28.94,29.89,46.65,-0.1,-0.12,0.02,奥尼电子,计算机、通信和其他电子设备制造业,创业板,28.882499999999943,29.21749999999997,29.264166666666654,29.081874999999933,29.580000000000005
301189,2023-09-19,28.89,28.18,28.93,28.03,28.89,9817.11,27783600.0,28.74,29.17,28.812000000000005,28.9,29.86,40.24,-0.16,-0.13,-0.03,奥尼电子,计算机、通信和其他电子设备制造业,创业板,28.614999999999945,29.072499999999966,29.198333333333323,29.150624999999934,29.49914893617022
301189,2023-09-20,28.22,28.08,28.52,28.0,28.18,5931.0,16764200.0,28.51,29.0,28.809500000000007,28.87,29.83,39.42,-0.23,-0.15,-0.08,奥尼电子,计算机、通信和其他电子设备制造业,创业板,28.43499999999995,28.891249999999967,29.097499999999986,29.114999999999934,29.417659574468086
301189,2023-09-21,28.0,28.11,28.39,27.91,28.08,4460.06,12562500.0,28.37,28.88,28.823500000000006,28.82,29.8,39.81,-0.26,-0.17,-0.09,奥尼电子,计算机、通信和其他电子设备制造业,创业板,28.314999999999948,28.679999999999964,28.990833333333324,29.041874999999933,29.338510638297873
301189,2023-09-22,28.09,28.95,28.95,27.92,28.11,6730.95,19266900.0,28.44,28.82,28.93150000000001,28.82,29.77,49.75,-0.22,-0.18,-0.04,奥尼电子,计算机、通信和其他电子设备制造业,创业板,28.329999999999945,28.606249999999964,28.921666666666653,29.030624999999933,29.282127659574474
301189,2023-09-25,28.96,28.7,29.08,28.55,28.95,4767.47,13691400.0,28.4,28.71,29.01250000000001,28.8,29.74,47.25,-0.21,-0.19,-0.02,奥尼电子,计算机、通信和其他电子设备制造业,创业板,28.459999999999944,28.537499999999966,28.86833333333332,29.01374999999993,29.232127659574473
301189,2023-09-26,28.79,28.21,28.79,28.2,28.7,4418.61,12508700.0,28.41,28.58,28.990500000000015,28.77,29.69,42.72,-0.23,-0.2,-0.03,奥尼电子,计算机、通信和其他电子设备制造业,创业板,28.492499999999946,28.463749999999962,28.758333333333315,28.946249999999928,29.1804255319149
301189,2023-09-27,28.21,28.2,28.52,28.08,28.21,4872.0,13792500.0,28.43,28.47,28.936500000000017,28.75,29.64,42.63,-0.25,-0.21,-0.04,奥尼电子,计算机、通信和其他电子设备制造业,创业板,28.514999999999947,28.41499999999996,28.624999999999982,28.87187499999993,29.128936170212775
301189,2023-09-28,28.37,29.1,29.4,28.23,28.2,12838.0,37177900.0,28.63,28.5,28.93500000000002,28.75,29.59,52.34,-0.19,-0.2,0.01,奥尼电子,计算机、通信和其他电子设备制造业,创业板,28.55249999999995,28.44124999999996,28.588333333333313,28.829374999999928,29.086382978723414
301189,2023-10-09,28.93,28.83,29.37,28.73,29.1,8175.0,23649100.0,28.61,28.52,28.92800000000002,28.74,29.54,49.63,-0.16,-0.19,0.03,奥尼电子,计算机、通信和其他电子设备制造业,创业板,28.584999999999948,28.522499999999958,28.553333333333313,28.79749999999993,29.046595744680857
301189,2023-10-10,28.87,29.06,29.31,28.85,28.83,6147.45,17898100.0,28.68,28.54,28.91650000000002,28.74,29.5,51.92,-0.13,-0.18,0.05,奥尼电子,计算机、通信和其他电子设备制造业,创业板,28.797499999999943,28.64499999999996,28.574999999999978,28.768124999999927,29.020212765957453
301189,2023-10-11,29.06,29.39,29.75,28.88,29.06,7478.88,21970100.0,28.92,28.66,28.91650000000002,28.76,29.46,55.07,-0.07,-0.16,0.09,奥尼电子,计算机、通信和其他电子设备制造业,创业板,29.09499999999994,28.804999999999957,28.641666666666648,28.742499999999925,29.00063829787235
301189,2023-10-12,29.55,29.31,29.58,29.18,29.39,6091.0,17869100.0,29.14,28.79,28.89300000000002,28.8,29.44,54.14,-0.02,-0.13,0.11,奥尼电子,计算机、通信和其他电子设备制造业,创业板,29.147499999999937,28.84999999999996,28.676666666666648,28.728124999999924,28.9740425531915
301189,2023-10-13,29.31,29.2,29.4,29.04,29.31,4295.0,12545900.0,29.16,28.9,28.886000000000017,28.85,29.39,52.83,0.0,-0.11,0.11,奥尼电子,计算机、通信和其他电子设备制造业,创业板,29.239999999999934,28.91249999999996,28.761666666666645,28.724999999999923,28.94851063829788
301189,2023-10-16,29.45,28.85,29.45,28.73,29.2,5947.0,17210200.0,29.16,28.88,28.85200000000002,28.92,29.34,48.76,-0.01,-0.09,0.08,奥尼电子,计算机、通信和其他电子设备制造业,创业板,29.187499999999936,28.99249999999996,28.825833333333318,28.728124999999924,28.92234042553192
301189,2023-10-17,28.89,29.1,29.16,28.66,28.85,5802.0,16788300.0,29.17,28.92,28.817000000000025,28.98,29.29,51.62,0.01,-0.07,0.08,奥尼电子,计算机、通信和其他电子设备制造业,创业板,29.114999999999934,29.10499999999996,28.908333333333317,28.759999999999927,28.90829787234043
301189,2023-10-18,28.9,28.32,29.09,28.32,29.1,4831.85,13797100.0,28.96,28.94,28.75600000000003,28.97,29.24,43.47,-0.04,-0.06,0.02,奥尼电子,计算机、通信和其他电子设备制造业,创业板,28.867499999999936,29.00749999999996,28.85583333333332,28.724374999999927,28.87957446808511
301189,2023-10-19,28.58,28.37,29.11,28.21,28.32,5698.4,16374800.0,28.77,28.95,28.712000000000028,28.94,29.18,44.08,-0.08,-0.07,-0.01,奥尼电子,计算机、通信和其他电子设备制造业,创业板,28.659999999999936,28.94999999999996,28.82833333333332,28.736249999999927,28.856382978723403
301189,2023-10-20,28.4,27.69,28.67,27.68,28.37,6247.0,17511800.0,28.47,28.81,28.656500000000033,28.89,29.13,38.06,-0.16,-0.08,-0.08,奥尼电子,计算机、通信和其他电子设备制造业,创业板,28.36999999999994,28.77874999999996,28.784999999999986,28.711874999999928,28.82085106382979
301189,2023-10-23,27.43,26.7,27.72,26.47,27.69,8051.36,21724200.0,28.04,28.6,28.562000000000033,28.82,29.06,31.35,-0.3,-0.13,-0.17,奥尼电子,计算机、通信和其他电子设备制造业,创业板,27.76999999999994,28.44249999999996,28.659999999999986,28.623749999999927,28.768510638297876
301189,2023-10-24,26.83,27.82,27.88,26.54,26.7,8680.91,23796600.0,27.78,28.48,28.508500000000037,28.77,29.01,43.49,-0.32,-0.17,-0.15,奥尼电子,计算机、通信和其他电子设备制造业,创业板,27.64499999999994,28.25624999999996,28.553333333333317,28.553124999999927,28.732978723404255
301189,2023-10-25,27.92,28.31,28.44,27.84,27.82,5261.03,14856000.0,27.78,28.37,28.515000000000036,28.73,28.97,47.83,-0.29,-0.19,-0.1,奥尼电子,计算机、通信和其他电子设备制造业,创业板,27.62999999999994,28.14499999999996,28.509999999999987,28.528749999999928,28.71744680851064
301189,2023-10-26,28.31,28.39,28.43,27.95,28.31,4838.0,13641400.0,27.78,28.28,28.530500000000035,28.69,28.93,48.53,-0.26,-0.2,-0.06,奥尼电子,计算机、通信和其他电子设备制造业,创业板,27.804999999999936,28.08749999999996,28.45416666666665,28.539999999999928,28.69957446808511
301189,2023-10-27,28.38,28.61,28.79,28.13,28.39,4666.6,13335000.0,27.97,28.22,28.555500000000034,28.66,28.9,50.49,-0.21,-0.21,0.0,奥尼电子,计算机、通信和其他电子设备制造业,创业板,28.28249999999994,28.02624999999996,28.389166666666654,28.56562499999993,28.687659574468082
301189,2023-10-30,28.48,29.39,29.44,28.47,28.61,10486.0,30615900.0,28.5,28.27,28.577500000000033,28.66,28.88,56.76,-0.12,-0.19,0.07,奥尼电子,计算机、通信和其他电子设备制造业,创业板,28.67499999999994,28.15999999999996,28.395833333333318,28.583749999999927,28.70127659574468
301189,2023-10-31,29.36,29.47,29.79,29.24,29.39,9148.3,26992000.0,28.83,28.31,28.61600000000003,28.65,28.87,57.36,-0.03,-0.16,0.13,奥尼电子,计算机、通信和其他电子设备制造业,创业板,28.96499999999994,28.29749999999996,28.41833333333332,28.623749999999927,28.709361702127662
301189,2023-11-01,29.47,29.69,29.79,29.31,29.47,7688.0,22805600.0,29.11,28.44,28.690000000000033,28.65,28.85,59.03,0.05,-0.12,0.17,奥尼电子,计算机、通信和其他电子设备制造业,创业板,29.28999999999994,28.547499999999964,28.488333333333316,28.663124999999926,28.7236170212766
301189,2023-11-02,29.65,29.17,29.89,29.07,29.69,5845.0,17148900.0,29.27,28.52,28.738500000000027,28.65,28.84,53.67,0.08,-0.08,0.16,奥尼电子,计算机、通信和其他电子设备制造业,创业板,29.42999999999994,28.856249999999967,28.494166666666647,28.649374999999928,28.72510638297873
301189,2023-11-03,29.24,29.54,29.66,29.19,29.17,4768.86,14071900.0,29.45,28.71,28.760500000000025,28.67,28.84,56.68,0.13,-0.04,0.17,奥尼电子,计算机、通信和其他电子设备制造业,创业板,29.46749999999994,29.07124999999997,28.595833333333317,28.66374999999993,28.7404255319149
301189,2023-11-06,29.74,30.3,30.5,29.73,29.54,13380.0,40440500.0,29.63,29.07,28.83400000000002,28.73,28.85,62.14,0.23,0.02,0.21,奥尼电子,计算机、通信和其他电子设备制造业,创业板,29.67499999999994,29.319999999999972,28.75666666666665,28.73249999999993,28.786595744680856
301189,2023-11-07,30.26,30.36,30.44,30.09,30.3,6493.0,19665400.0,29.81,29.32,28.899000000000022,28.78,28.86,62.54,0.3,0.07,0.23,奥尼电子,计算机、通信和其他电子设备制造业,创业板,29.842499999999944,29.566249999999975,28.979166666666654,28.82687499999993,28.8404255319149
301189,2023-11-08,30.5,30.34,30.66,30.2,30.36,6711.0,20420500.0,29.94,29.53,28.946500000000025,28.85,28.88,62.3,0.37,0.13,0.24,奥尼电子,计算机、通信和其他电子设备制造业,创业板,30.134999999999945,29.78249999999997,29.282499999999985,28.904374999999927,28.915957446808516
301189,2023-11-09,30.51,29.97,30.6,29.84,30.34,6248.0,18811100.0,30.1,29.68,28.97950000000003,28.92,28.89,57.93,0.38,0.18,0.2,奥尼电子,计算机、通信和其他电子设备制造业,创业板,30.242499999999943,29.854999999999976,29.46166666666665,29.007499999999926,28.977446808510646
301189,2023-11-10,29.97,30.0,30.2,29.74,29.97,4610.0,13839800.0,30.19,29.82,29.01950000000003,28.98,28.9,58.19,0.38,0.22,0.16,奥尼电子,计算机、通信和其他电子设备制造业,创业板,30.167499999999944,29.921249999999976,29.60249999999998,29.109374999999925,29.006170212765962
301189,2023-11-13,30.35,30.49,30.5,30.1,30.0,7158.0,21728900.0,30.23,29.93,29.101500000000026,29.03,28.92,62.23,0.42,0.26,0.16,奥尼电子,计算机、通信和其他电子设备制造业,创业板,30.199999999999942,30.021249999999974,29.777499999999986,29.284374999999926,29.031914893617024
301189,2023-11-14,30.38,30.43,30.68,30.25,30.49,4591.49,13965900.0,30.25,30.03,29.168000000000024,29.09,28.94,61.45,0.44,0.3,0.14,奥尼电子,计算机、通信和其他电子设备制造业,创业板,30.22249999999994,30.178749999999972,29.92916666666665,29.517499999999927,29.05957446808511
301189,2023-11-15,30.5,30.49,30.71,30.39,30.43,5705.27,17434900.0,30.28,30.11,29.27650000000002,29.16,28.97,61.96,0.46,0.33,0.13,奥尼电子,计算机、通信和其他电子设备制造业,创业板,30.352499999999942,30.297499999999975,30.020833333333318,29.68437499999993,29.091914893617023
301189,2023-11-16,30.48,30.19,30.55,30.1,30.49,5031.0,15263400.0,30.32,30.21,29.367500000000025,29.23,28.99,57.8,0.44,0.35,0.09,奥尼电子,计算机、通信和其他电子设备制造业,创业板,30.39999999999994,30.283749999999976,30.080833333333317,29.801874999999928,29.111063829787238
301189,2023-11-17,30.3,30.27,30.48,30.07,30.19,5535.0,16765000.0,30.37,30.28,29.49650000000002,29.27,29.01,58.6,0.43,0.37,0.06,奥尼电子,计算机、通信和其他电子设备制造业,创业板,30.344999999999946,30.272499999999972,30.12916666666665,29.919374999999928,29.129787234042556
301189,2023-11-20,30.74,30.58,30.8,30.2,30.27,5998.0,18279600.0,30.39,30.31,29.69050000000002,29.33,29.04,61.63,0.44,0.38,0.06,奥尼电子,计算机、通信和其他电子设备制造业,创业板,30.382499999999943,30.30249999999997,30.246666666666645,30.042499999999926,29.1468085106383
301189,2023-11-21,30.65,30.11,30.7,30.07,30.58,6788.0,20572700.0,30.33,30.29,29.805000000000017,29.36,29.05,55.05,0.4,0.39,0.01,奥尼电子,计算机、通信和其他电子设备制造业,创业板,30.28749999999994,30.31999999999997,30.294166666666644,30.087499999999928,29.163191489361704
301189,2023-11-22,30.15,29.91,30.58,29.91,30.11,7210.35,21743400.0,30.21,30.24,29.88500000000002,29.38,29.07,52.48,0.36,0.38,-0.02,奥尼电子,计算机、通信和其他电子设备制造业,创业板,30.217499999999944,30.308749999999968,30.261666666666645,30.11499999999993,29.171276595744686
301189,2023-11-23,29.92,30.38,30.48,29.76,29.91,7997.89,24108500.0,30.25,30.28,29.98450000000002,29.41,29.11,57.5,0.36,0.38,-0.02,奥尼电子,计算机、通信和其他电子设备制造业,创业板,30.244999999999944,30.294999999999966,30.26333333333331,30.15812499999993,29.183617021276604
301189,2023-11-24,30.39,29.75,30.4,29.53,30.38,9282.49,27611500.0,30.15,30.26,30.04150000000002,29.43,29.14,49.89,0.3,0.36,-0.06,奥尼电子,计算机、通信和其他电子设备制造业,创业板,30.037499999999948,30.209999999999965,30.214166666666646,30.194374999999926,29.188085106382985
301189,2023-11-27,29.59,29.79,30.09,29.51,29.75,7688.0,22891200.0,29.99,30.19,30.061500000000017,29.46,29.19,50.34,0.25,0.34,-0.09,奥尼电子,计算机、通信和其他电子设备制造业,创业板,29.95749999999995,30.122499999999967,30.199166666666645,30.209999999999926,29.199574468085114
301189,2023-11-28,29.51,30.11,30.43,29.51,29.79,10327.5,31140000.0,29.99,30.16,30.093500000000017,29.5,29.24,53.9,0.24,0.32,-0.08,奥尼电子,计算机、通信和其他电子设备制造业,创业板,30.00749999999995,30.11249999999997,30.208333333333314,30.198124999999923,29.227446808510646
301189,2023-11-29,30.1,29.9,30.56,29.8,30.11,5172.44,15572200.0,29.99,30.1,30.104000000000013,29.55,29.26,51.3,0.21,0.3,-0.09,奥尼电子,计算机、通信和其他电子设备制造业,创业板,29.887499999999953,30.066249999999965,30.159166666666646,30.169374999999924,29.25531914893618
301189,2023-11-30,30.08,29.39,30.08,29.2,29.9,6665.64,19634200.0,29.79,30.02,30.115000000000016,29.58,29.26,45.55,0.14,0.27,-0.13,奥尼电子,计算机、通信和其他电子设备制造业,创业板,29.797499999999957,29.91749999999997,30.072499999999977,30.109999999999925,29.26595744680852
301189,2023-12-01,29.59,29.47,29.71,29.19,29.39,5070.0,14901600.0,29.73,29.94,30.111500000000017,29.64,29.27,46.57,0.09,0.23,-0.14,奥尼电子,计算机、通信和其他电子设备制造业,创业板,29.71749999999996,29.837499999999963,29.987499999999972,30.07874999999992,29.293404255319157
301189,2023-12-04,29.48,29.55,29.99,29.41,29.47,7753.0,23017300.0,29.68,29.84,30.07400000000002,29.74,29.28,47.61,0.07,0.2,-0.13,奥尼电子,计算机、通信和其他电子设备制造业,创业板,29.57749999999996,29.792499999999965,29.93416666666664,30.050624999999922,29.32468085106384
301189,2023-12-05,29.46,28.67,30.62,28.67,29.55,19222.5,56374500.0,29.4,29.69,29.989500000000014,29.77,29.27,38.64,-0.03,0.15,-0.18,奥尼电子,计算机、通信和其他电子设备制造业,创业板,29.26999999999996,29.578749999999964,29.800833333333312,29.936874999999922,29.336595744680864
301189,2023-12-06,28.67,29.02,29.41,28.43,28.67,15161.5,43958100.0,29.22,29.6,29.92350000000001,29.79,29.26,43.22,-0.07,0.11,-0.18,奥尼电子,计算机、通信和其他电子设备制造业,创业板,29.177499999999963,29.48749999999996,29.67083333333331,29.84874999999992,29.33808510638299
301189,2023-12-07,28.91,28.87,29.29,28.67,29.02,8078.2,23341300.0,29.12,29.45,29.86850000000001,29.81,29.25,41.78,-0.12,0.06,-0.18,奥尼电子,计算机、通信和其他电子设备制造业,创业板,29.02749999999996,29.372499999999963,29.567499999999978,29.74749999999992,29.341702127659584
301189,2023-12-08,28.76,28.57,29.33,28.57,28.87,6749.29,19530600.0,28.94,29.33,29.797000000000015,29.81,29.23,38.98,-0.19,0.01,-0.2,奥尼电子,计算机、通信和其他电子设备制造业,创业板,28.78249999999996,29.179999999999964,29.455833333333306,29.64624999999992,29.349361702127666
301189,2023-12-11,28.28,28.79,28.85,28.08,28.57,9329.01,26615900.0,28.78,29.23,29.71200000000001,29.79,29.22,42.05,-0.21,-0.03,-0.18,奥尼电子,计算机、通信和其他电子设备制造业,创业板,28.81249999999996,29.041249999999966,29.32333333333331,29.553749999999923,29.361914893617026
301189,2023-12-12,28.8,28.86,29.07,28.63,28.79,6285.62,18161700.0,28.82,29.11,29.633500000000016,29.77,29.21,43.03,-0.22,-0.07,-0.15,奥尼电子,计算机、通信和其他电子设备制造业,创业板,28.77249999999996,28.974999999999966,29.249166666666643,29.446249999999925,29.356808510638302
301189,2023-12-13,28.91,28.6,29.11,28.44,28.86,5302.07,15179700.0,28.74,28.98,29.539000000000016,29.73,29.19,40.3,-0.25,-0.11,-0.14,奥尼电子,计算机、通信和其他电子设备制造业,创业板,28.704999999999963,28.86624999999997,29.149999999999977,29.351874999999925,29.351914893617025
301189,2023-12-14,28.48,28.39,28.89,28.36,28.6,5571.0,15895000.0,28.64,28.88,29.449000000000012,29.7,29.18,38.2,-0.29,-0.14,-0.15,奥尼电子,计算机、通信和其他电子设备制造业,创业板,28.659999999999968,28.72124999999997,29.006666666666643,29.256874999999923,29.33765957446809
301189,2023-12-15,28.45,28.3,28.61,28.1,28.39,4135.04,11697000.0,28.59,28.76,29.35050000000001,29.66,29.17,37.3,-0.32,-0.18,-0.14,奥尼电子,计算机、通信和其他电子设备制造业,创业板,28.537499999999973,28.67499999999997,28.87333333333331,29.126874999999924,29.314468085106387
301189,2023-12-18,28.43,28.06,28.55,27.95,28.3,6306.0,17761100.0,28.44,28.61,29.224500000000006,29.59,29.16,34.93,-0.36,-0.21,-0.15,奥尼电子,计算机、通信和其他电子设备制造业,创业板,28.337499999999974,28.554999999999968,28.762499999999978,29.021249999999924,29.287872340425537
301189,2023-12-19,27.93,28.2,28.36,27.76,28.06,5352.9,15011000.0,28.31,28.57,29.12900000000001,29.51,29.15,37.42,-0.38,-0.25,-0.13,奥尼电子,计算机、通信和其他电子设备制造业,创业板,28.237499999999976,28.47124999999997,28.65666666666665,28.921874999999922,29.266595744680856
301189,2023-12-20,28.17,28.24,29.28,28.17,28.2,12761.1,36738800.0,28.24,28.49,29.04550000000001,29.44,29.15,38.15,-0.38,-0.27,-0.11,奥尼电子,计算机、通信和其他电子设备制造业,创业板,28.199999999999978,28.42999999999997,28.54749999999998,28.80499999999992,29.253617021276604
301189,2023-12-21,28.23,28.46,28.56,27.58,28.24,9687.59,27229200.0,28.25,28.45,28.94950000000001,29.39,29.15,42.14,-0.36,-0.29,-0.07,奥尼电子,计算机、通信和其他电子设备制造业,创业板,28.239999999999977,28.388749999999973,28.529999999999976,28.71499999999992,29.24000000000001
301189,2023-12-22,28.51,28.06,28.68,27.88,28.46,8350.74,23650900.0,28.2,28.4,28.86500000000001,29.33,29.15,37.42,-0.38,-0.31,-0.07,奥尼电子,计算机、通信和其他电子设备制造业,创业板,28.239999999999974,28.288749999999972,28.449999999999978,28.631874999999923,29.234468085106393
301189,2023-12-25,28.06,27.82,28.11,27.52,28.06,8057.49,22343000.0,28.16,28.3,28.766500000000015,29.24,29.14,34.89,-0.41,-0.33,-0.08,奥尼电子,计算机、通信和其他电子设备制造业,创业板,28.14499999999997,28.19124999999997,28.36249999999998,28.528749999999924,29.222765957446818
301189,2023-12-26,27.83,27.3,27.84,27.07,27.82,8856.49,24197400.0,27.98,28.14,28.626000000000012,29.14,29.11,30.14,-0.47,-0.36,-0.11,奥尼电子,计算机、通信和其他电子设备制造业,创业板,27.90999999999997,28.05499999999997,28.256666666666646,28.388124999999924,29.21446808510639
301189,2023-12-27,27.48,27.67,27.83,27.05,27.3,7956.0,21955100.0,27.86,28.05,28.51450000000001,29.04,29.1,36.74,-0.47,-0.38,-0.09,奥尼电子,计算机、通信和其他电子设备制造业,创业板,27.71249999999997,27.976249999999972,28.163333333333313,28.325624999999924,29.23510638297873
301189,2023-12-28,27.71,28.21,28.33,27.38,27.67,6885.54,19238400.0,27.81,28.03,28.45550000000001,28.98,29.1,44.92,-0.43,-0.39,-0.04,奥尼电子,计算机、通信和其他电子设备制造业,创业板,27.74999999999997,27.994999999999973,28.109166666666642,28.274999999999924,29.24340425531916
301189,2023-12-29,28.21,28.91,28.98,28.21,28.21,6988.99,20102400.0,27.98,28.09,28.42750000000001,28.93,29.1,53.34,-0.34,-0.38,0.04,奥尼电子,计算机、通信和其他电子设备制造业,创业板,28.022499999999972,28.083749999999974,28.134999999999977,28.277499999999925,29.256170212765973
301189,2024-01-02,28.92,28.94,29.06,28.71,28.91,7279.54,21065000.0,28.21,28.18,28.397000000000013,28.88,29.1,53.67,-0.26,-0.36,0.1,奥尼电子,计算机、通信和其他电子设备制造业,创业板,28.432499999999973,28.171249999999972,28.18083333333331,28.300624999999926,29.267872340425544
301189,2024-01-03,28.79,28.69,28.97,28.48,28.94,7253.0,20801100.0,28.48,28.23,28.398000000000017,28.83,29.1,50.49,-0.22,-0.33,0.11,奥尼电子,计算机、通信和其他电子设备制造业,创业板,28.687499999999975,28.19999999999997,28.21333333333331,28.294374999999924,29.26957446808512
301189,2024-01-04,28.6,28.38,28.61,28.21,28.69,5096.0,14487100.0,28.63,28.24,28.36600000000002,28.78,29.08,46.79,-0.21,-0.31,0.1,奥尼电子,计算机、通信和其他电子设备制造业,创业板,28.729999999999976,28.23999999999997,28.239999999999977,28.264374999999923,29.248085106382995
301189,2024-01-05,28.39,27.88,28.79,27.78,28.38,6658.0,18800200.0,28.56,28.19,28.31650000000002,28.7,29.05,41.51,-0.23,-0.29,0.06,奥尼电子,计算机、通信和其他电子设备制造业,创业板,28.472499999999975,28.24749999999997,28.21333333333331,28.21937499999992,29.214255319148954
301189,2024-01-08,27.92,27.18,27.92,27.18,27.88,7226.35,19860500.0,28.21,28.1,28.247000000000014,28.61,29.02,35.48,-0.31,-0.29,-0.02,奥尼电子,计算机、通信和其他电子设备制造业,创业板,28.032499999999978,28.23249999999997,28.124999999999975,28.143749999999923,29.160851063829806
301189,2024-01-09,27.35,27.44,27.74,27.21,27.18,6703.35,18436700.0,27.91,28.06,28.17950000000002,28.53,29.0,39.02,-0.34,-0.3,-0.04,奥尼电子,计算机、通信和其他电子设备制造业,创业板,27.719999999999978,28.20374999999997,28.039999999999978,28.08999999999992,29.124042553191508
301189,2024-01-10,27.42,27.1,27.58,26.87,27.44,7384.0,20083200.0,27.6,28.04,28.091500000000018,28.43,28.96,36.22,-0.39,-0.32,-0.07,奥尼电子,计算机、通信和其他电子设备制造业,创业板,27.399999999999977,28.06499999999997,27.95999999999998,28.029999999999923,29.072127659574484
301189,2024-01-11,27.03,27.4,27.56,26.98,27.1,5838.72,15923900.0,27.4,28.01,28.031500000000015,28.35,28.95,40.3,-0.4,-0.34,-0.06,奥尼电子,计算机、通信和其他电子设备制造业,创业板,27.27999999999998,27.87624999999997,27.92499999999998,27.979999999999922,29.010425531914912
301189,2024-01-12,27.43,27.04,27.53,27.03,27.4,5422.0,14784100.0,27.23,27.9,27.964000000000016,28.27,28.93,37.22,-0.44,-0.36,-0.08,奥尼电子,计算机、通信和其他电子设备制造业,创业板,27.244999999999976,27.63874999999997,27.90333333333331,27.904999999999923,28.939787234042573
301189,2024-01-15,27.31,26.8,27.31,26.5,27.04,6330.94,16946900.0,27.16,27.68,27.889000000000017,28.18,28.91,35.29,-0.48,-0.38,-0.1,奥尼电子,计算机、通信和其他电子设备制造业,创业板,27.08499999999998,27.40249999999997,27.830833333333313,27.801249999999925,28.864468085106406
301189,2024-01-16,26.8,26.54,26.98,26.22,26.8,7493.99,19864800.0,26.98,27.44,27.813000000000017,28.08,28.91,33.27,-0.52,-0.41,-0.11,奥尼电子,计算机、通信和其他电子设备制造业,创业板,26.94499999999998,27.17249999999997,27.69166666666665,27.706249999999926,28.791489361702148
301189,2024-01-17,26.62,25.89,26.62,25.89,26.54,6205.56,16298900.0,26.73,27.16,27.697500000000012,27.99,28.88,28.84,-0.61,-0.45,-0.16,奥尼电子,计算机、通信和其他电子设备制造业,创业板,26.567499999999974,26.92374999999997,27.43999999999998,27.585624999999926,28.704042553191513
301189,2024-01-18,25.8,25.11,26.08,24.47,25.89,10812.3,27114200.0,26.28,26.84,27.541000000000015,27.86,28.82,24.6,-0.72,-0.5,-0.22,奥尼电子,计算机、通信和其他电子设备制造业,创业板,26.084999999999972,26.66499999999997,27.120833333333312,27.448749999999926,28.589574468085125
301189,2024-01-19,25.12,24.96,25.41,24.85,25.11,5378.31,13494500.0,25.86,26.55,27.366000000000014,27.73,28.77,23.88,-0.82,-0.57,-0.25,奥尼电子,计算机、通信和其他电子设备制造业,创业板,25.624999999999975,26.354999999999972,26.809999999999977,27.279374999999924,28.47319148936172
301189,2024-01-22,24.81,23.5,25.18,23.19,24.96,9280.98,22426600.0,25.2,26.18,27.138000000000016,27.56,28.68,18.23,-1.01,-0.66,-0.35,奥尼电子,计算机、通信和其他电子设备制造业,创业板,24.864999999999974,25.904999999999973,26.40333333333331,26.984999999999925,28.324468085106403
301189,2024-01-23,23.49,23.07,23.49,22.61,23.5,9764.69,22441800.0,24.51,25.74,26.900500000000015,27.37,28.58,16.96,-1.17,-0.76,-0.41,奥尼电子,计算机、通信和其他电子设备制造业,创业板,24.15999999999997,25.36374999999997,26.00249999999998,26.619999999999923,28.172978723404274
301189,2024-01-24,23.18,23.18,23.33,22.31,23.07,9090.56,20804600.0,23.96,25.35,26.694500000000016,27.18,28.47,18.53,-1.28,-0.86,-0.42,奥尼电子,计算机、通信和其他电子设备制造业,创业板,23.67749999999997,24.881249999999973,25.669166666666644,26.259999999999923,28.022127659574487
301189,2024-01-25,23.18,24.12,24.2,22.92,23.18,7962.27,18869300.0,23.77,25.02,26.517000000000017,27.03,28.38,30.57,-1.27,-0.94,-0.33,奥尼电子,计算机、通信和其他电子设备制造业,创业板,23.467499999999973,24.546249999999972,25.39249999999998,25.974374999999924,27.884680851063848
301189,2024-01-26,24.8,23.85,24.8,23.67,24.12,7268.84,17485700.0,23.54,24.7,26.299000000000017,26.88,28.29,29.23,-1.28,-1.01,-0.27,奥尼电子,计算机、通信和其他电子设备制造业,创业板,23.55499999999997,24.209999999999972,25.121666666666645,25.691249999999926,27.751489361702145
301189,2024-01-29,24.0,23.02,24.18,23.0,23.85,6379.71,14884900.0,23.45,24.32,26.004500000000018,26.7,28.18,25.54,-1.33,-1.08,-0.25,奥尼电子,计算机、通信和其他电子设备制造业,创业板,23.54249999999997,23.851249999999972,24.756666666666646,25.387499999999925,27.604893617021293
301189,2024-01-30,22.95,22.34,23.22,22.29,23.02,5591.87,12703600.0,23.3,23.9,25.674500000000016,26.51,28.05,22.97,-1.42,-1.14,-0.28,奥尼电子,计算机、通信和其他电子设备制造业,创业板,23.332499999999968,23.504999999999974,24.364999999999977,25.084999999999923,27.433829787234053
301189,2024-01-31,22.1,20.81,22.16,20.63,22.34,11581.9,24667100.0,22.83,23.4,25.280500000000014,26.26,27.89,18.48,-1.59,-1.23,-0.36,奥尼电子,计算机、通信和其他电子设备制造业,创业板,22.504999999999967,22.986249999999973,23.86583333333331,24.670624999999923,27.243617021276606
301189,2024-02-01,20.5,20.18,20.78,19.82,20.81,9108.36,18452600.0,22.04,22.9,24.870500000000014,26.0,27.72,17.0,-1.75,-1.34,-0.41,奥尼电子,计算机、通信和其他电子设备制造业,创业板,21.58749999999997,22.571249999999974,23.33583333333331,24.238124999999922,27.039148936170225
301189,2024-02-02,20.4,18.89,20.78,18.23,20.18,11349.9,21931600.0,21.05,22.3,24.421000000000014,25.68,27.54,14.46,-1.96,-1.46,-0.5,奥尼电子,计算机、通信和其他电子设备制造业,创业板,20.55499999999997,22.048749999999977,22.752499999999973,23.706249999999923,26.80042553191491
301189,2024-02-05,18.42,16.25,18.89,15.9,18.89,15832.9,26583100.0,19.69,21.57,23.874500000000015,25.28,27.31,10.87,-2.32,-1.63,-0.69,奥尼电子,计算机、通信和其他电子设备制造业,创业板,19.03249999999997,21.182499999999976,22.01416666666664,23.03187499999992,26.510000000000016
301189,2024-02-06,15.85,16.49,17.14,14.9,16.25,16465.7,26204600.0,18.52,20.91,23.327000000000016,24.9,27.07,12.99,-2.55,-1.82,-0.73,奥尼电子,计算机、通信和其他电子设备制造业,创业板,17.95249999999997,20.228749999999977,21.308333333333305,22.38749999999992,26.23553191489363
301189,2024-02-07,16.49,15.66,16.69,15.4,16.49,13708.9,21853600.0,17.49,20.16,22.755000000000017,24.52,26.83,11.93,-2.77,-2.01,-0.76,奥尼电子,计算机、通信和其他电子设备制造业,创业板,16.82249999999997,19.204999999999977,20.654999999999973,21.70749999999992,25.94170212765959
301189,2024-02-08,15.76,17.32,17.35,15.41,15.66,13236.9,21929000.0,16.92,19.48,22.251000000000015,24.17,26.61,25.03,-2.77,-2.16,-0.61,奥尼电子,计算机、通信和其他电子设备制造业,创业板,16.429999999999968,18.492499999999975,20.175833333333305,21.171874999999922,25.68148936170214
301189,2024-02-19,17.9,18.2,18.75,17.53,17.32,11067.9,20103600.0,16.78,18.92,21.809000000000015,23.84,26.41,30.9,-2.68,-2.26,-0.42,奥尼电子,计算机、通信和其他电子设备制造业,创业板,16.91749999999997,17.974999999999973,19.760833333333306,20.73999999999992,25.458723404255334
301189,2024-02-20,18.17,18.74,18.78,17.89,18.2,9877.6,18218100.0,17.28,18.49,21.406000000000013,23.5,26.22,34.3,-2.53,-2.32,-0.21,奥尼电子,计算机、通信和其他电子设备制造业,创业板,17.47999999999997,17.716249999999974,19.31249999999997,20.351249999999922,25.240000000000013
301189,2024-02-21,18.6,19.17,19.73,18.45,18.74,11531.9,22212500.0,17.82,18.17,21.037500000000016,23.17,26.02,36.96,-2.36,-2.33,-0.03,奥尼电子,计算机、通信和其他电子设备制造业,创业板,18.35749999999997,17.589999999999975,18.922499999999975,20.080624999999923,25.033617021276612
301189,2024-02-22,19.19,21.59,21.8,19.09,19.17,35450.7,74362100.0,19.0,18.25,20.822500000000012,22.94,25.88,49.38,-1.99,-2.26,0.27,奥尼电子,计算机、通信和其他电子设备制造业,创业板,19.42499999999997,17.927499999999974,18.803333333333306,19.988124999999922,24.88510638297874
301189,2024-02-23,21.95,21.98,22.0,20.68,21.59,35045.8,74638800.0,19.94,18.43,20.666000000000015,22.72,25.75,51.05,-1.65,-2.14,0.49,奥尼电子,计算机、通信和其他电子设备制造业,创业板,20.36999999999997,18.643749999999972,18.773333333333305,19.913124999999923,24.740212765957466
301189,2024-02-26,21.81,23.6,25.2,21.5,21.98,50100.9,115266000.0,21.02,18.9,20.598000000000017,22.58,25.64,57.36,-1.25,-1.96,0.71,奥尼电子,计算机、通信和其他电子设备制造业,创业板,21.58499999999997,19.53249999999997,19.005833333333303,19.880624999999924,24.628297872340443
301189,2024-02-27,22.94,23.25,23.42,22.54,23.6,35600.3,81713300.0,21.92,19.6,20.585500000000017,22.45,25.53,55.69,-0.94,-1.76,0.82,奥尼电子,计算机、通信和其他电子设备制造业,创业板,22.60499999999997,20.48124999999997,19.26166666666664,19.843124999999922,24.514468085106405
301189,2024-02-28,23.02,20.5,23.88,20.5,23.25,38642.9,87287600.0,22.18,20.0,20.457000000000015,22.22,25.37,44.68,-0.9,-1.58,0.68,奥尼电子,计算机、通信和其他电子设备制造业,创业板,22.332499999999968,20.87874999999997,19.395833333333304,19.685624999999924,24.34659574468087
301189,2024-02-29,20.4,21.63,21.65,20.26,20.5,24896.6,52630800.0,22.19,20.6,20.379500000000014,22.04,25.23,49.13,-0.77,-1.42,0.65,奥尼电子,计算机、通信和其他电子设备制造业,创业板,22.244999999999965,21.307499999999973,19.844166666666638,19.641249999999925,24.204680851063852
301189,2024-03-01,21.51,21.89,22.44,21.51,21.63,19590.2,42884700.0,22.17,21.06,20.268000000000015,21.85,25.1,50.13,-0.64,-1.27,0.63,奥尼电子,计算机、通信和其他电子设备制造业,创业板,21.817499999999967,21.701249999999973,20.294166666666637,19.708749999999924,24.073404255319176
301189,2024-03-04,22.11,21.81,22.48,21.45,21.89,14817.8,32401500.0,21.82,21.42,20.166000000000015,21.68,24.97,49.8,-0.54,-1.12,0.58,奥尼电子,计算机、通信和其他电子设备制造业,创业板,21.457499999999968,22.03124999999997,20.806666666666636,19.810624999999924,23.93744680851066
301189,2024-03-05,21.6,21.17,21.78,21.07,21.81,13285.0,28419700.0,21.4,21.66,20.073500000000017,21.49,24.84,47.19,-0.51,-1.0,0.49,奥尼电子,计算机、通信和其他电子设备制造业,创业板,21.624999999999968,21.978749999999973,21.12749999999997,19.953124999999925,23.78702127659577
301189,2024-03-06,21.11,21.43,21.75,20.99,21.17,11540.0,24637400.0,21.59,21.88,20.028000000000016,21.32,24.7,48.37,-0.46,-0.89,0.43,奥尼电子,计算机、通信和其他电子设备制造业,创业板,21.574999999999967,21.909999999999975,21.396666666666636,20.276874999999926,23.637446808510663
301189,2024-03-07,21.38,21.03,21.78,21.03,21.43,12215.1,26149000.0,21.47,21.83,20.03900000000002,21.16,24.57,46.64,-0.44,-0.8,0.36,奥尼电子,计算机、通信和其他电子设备制造业,创业板,21.359999999999967,21.588749999999976,21.587499999999967,20.560624999999924,23.487872340425557
301189,2024-03-08,21.17,21.43,21.54,20.91,21.03,10124.7,21531500.0,21.37,21.77,20.10150000000002,21.04,24.45,48.62,-0.39,-0.72,0.33,奥尼电子,计算机、通信和其他电子设备制造业,创业板,21.264999999999965,21.361249999999977,21.7758333333333,20.921249999999922,23.35191489361705
301189,2024-03-11,21.21,21.73,21.74,21.17,21.43,11622.7,24965800.0,21.36,21.59,20.24350000000002,20.93,24.33,50.12,-0.32,-0.64,0.32,奥尼电子,计算机、通信和其他电子设备制造业,创业板,21.404999999999966,21.514999999999976,21.78749999999997,21.196874999999924,23.23340425531918
301189,2024-03-12,21.9,21.88,21.96,21.43,21.73,13572.0,29481300.0,21.5,21.45,20.52500000000002,20.87,24.22,50.89,-0.26,-0.56,0.3,奥尼电子,计算机、通信和其他电子设备制造业,创业板,21.517499999999963,21.546249999999976,21.779166666666637,21.426874999999924,23.110212765957478
301189,2024-03-13,22.08,22.31,22.98,21.83,21.88,21889.7,49057700.0,21.68,21.63,20.81600000000002,20.85,24.11,53.13,-0.17,-0.48,0.31,奥尼电子,计算机、通信和其他电子设备制造业,创业板,21.837499999999963,21.598749999999974,21.671666666666635,21.649999999999924,22.984680851063857
301189,2024-03-14,22.19,23.06,23.43,22.12,22.31,28334.1,64582500.0,22.08,21.77,21.186000000000018,20.84,24.01,56.82,-0.04,-0.4,0.36,奥尼电子,计算机、通信和其他电子设备制造业,创业板,22.244999999999962,21.754999999999974,21.6558333333333,21.893124999999923,22.860212765957474
301189,2024-03-15,22.8,24.7,24.9,22.53,23.06,50703.8,121973000.0,22.74,22.06,21.555000000000017,20.86,23.95,63.58,0.2,-0.28,0.48,奥尼电子,计算机、通信和其他电子设备制造业,创业板,22.98749999999996,22.19624999999997,22.0058333333333,22.087499999999924,22.770000000000024
301189,2024-03-18,25.5,26.28,26.78,25.0,24.7,61176.8,158528000.0,23.65,22.5,21.959000000000017,20.94,23.91,68.67,0.5,-0.12,0.62,奥尼电子,计算机、通信和其他电子设备制造业,创业板,24.087499999999963,22.80249999999997,22.3933333333333,22.356249999999925,22.718723404255343
301189,2024-03-19,25.75,25.2,25.81,25.2,26.28,37439.6,94950400.0,24.31,22.9,22.282000000000018,21.02,23.86,62.27,0.66,0.04,0.62,奥尼电子,计算机、通信和其他电子设备制造业,创业板,24.809999999999963,23.32374999999997,22.66916666666663,22.456249999999923,22.651063829787255
301189,2024-03-20,24.99,24.77,25.22,24.71,25.2,22717.5,56514200.0,24.8,23.24,22.562000000000015,21.1,23.8,59.87,0.73,0.17,0.56,奥尼电子,计算机、通信和其他电子设备制造业,创业板,25.23749999999996,23.74124999999997,22.915833333333296,22.55124999999992,22.584893617021297
301189,2024-03-21,24.95,24.12,24.95,24.02,24.77,25266.8,61383300.0,25.01,23.55,22.688500000000015,21.21,23.74,56.35,0.74,0.29,0.45,奥尼电子,计算机、通信和其他电子设备制造业,创业板,25.092499999999962,24.03999999999997,23.16166666666663,22.77749999999992,22.519787234042568
301189,2024-03-22,24.01,24.16,24.42,23.76,24.12,19187.4,46280100.0,24.91,23.82,22.797500000000017,21.34,23.67,56.52,0.73,0.38,0.35,奥尼电子,计算机、通信和其他电子设备制造业,创业板,24.56249999999996,24.32499999999997,23.38916666666663,22.935624999999924,22.450000000000017
301189,2024-03-25,24.06,22.91,24.08,22.9,24.16,16340.2,38354800.0,24.23,23.94,22.763000000000016,21.48,23.58,49.98,0.62,0.42,0.2,奥尼电子,计算机、通信和其他电子设备制造业,创业板,23.98999999999996,24.39999999999997,23.545833333333302,22.999374999999926,22.360851063829806
301189,2024-03-26,22.93,23.14,23.35,22.86,22.91,11551.5,26681500.0,23.82,24.06,22.757500000000014,21.7,23.49,51.1,0.54,0.45,0.09,奥尼电子,计算机、通信和其他电子设备制造业,创业板,23.58249999999996,24.409999999999968,23.6883333333333,23.082499999999925,22.270212765957467
301189,2024-03-27,23.31,22.3,23.55,22.3,23.14,10689.9,24557800.0,23.33,24.06,22.847500000000018,21.9,23.4,46.96,0.4,0.44,-0.04,奥尼电子,计算机、通信和其他电子设备制造业,创业板,23.12749999999996,24.10999999999997,23.7358333333333,23.153124999999925,22.16936170212768
301189,2024-03-28,22.28,22.85,23.3,22.21,22.3,12975.4,29576300.0,23.07,24.04,22.908500000000018,22.14,23.33,49.82,0.34,0.42,-0.08,奥尼电子,计算机、通信和其他电子设备制造业,创业板,22.79999999999996,23.68124999999997,23.816666666666634,23.241874999999926,22.08531914893619
301189,2024-03-29,22.78,23.02,23.31,22.6,22.85,10820.2,24815400.0,22.84,23.88,22.965000000000018,22.33,23.25,50.71,0.29,0.39,-0.1,奥尼电子,计算机、通信和其他电子设备制造业,创业板,22.82749999999996,23.408749999999973,23.8758333333333,23.366249999999923,22.010425531914912
301189,2024-04-01,23.1,23.46,23.5,23.06,23.02,9367.27,21807500.0,22.95,23.59,23.047500000000017,22.5,23.17,53.02,0.3,0.37,-0.07,奥尼电子,计算机、通信和其他电子设备制造业,创业板,22.90749999999996,23.244999999999973,23.909166666666632,23.49312499999992,21.958723404255338
301189,2024-04-02,23.6,23.51,23.75,23.32,23.46,10506.5,24704300.0,23.03,23.42,23.164500000000015,22.66,23.08,53.29,0.3,0.36,-0.06,奥尼电子,计算机、通信和其他电子设备制造业,创业板,23.20999999999996,23.16874999999997,23.809999999999963,23.60437499999992,21.92468085106385
301189,2024-04-03,23.38,22.83,23.51,22.62,23.51,9145.61,20959900.0,23.13,23.23,23.234500000000015,22.78,22.98,49.18,0.24,0.34,-0.1,奥尼电子,计算机、通信和其他电子设备制造业,创业板,23.204999999999963,23.002499999999973,23.52249999999996,23.66374999999992,21.879361702127678
301189,2024-04-08,22.99,21.6,22.99,21.6,22.83,11242.0,24837600.0,22.88,22.98,23.263000000000016,22.78,22.86,42.75,0.09,0.29,-0.2,奥尼电子,计算机、通信和其他电子设备制造业,创业板,22.849999999999962,22.838749999999973,23.222499999999965,23.61937499999992,21.838936170212783
301189,2024-04-09,21.63,22.36,23.29,21.63,21.6,8048.0,18060800.0,22.75,22.8,23.309500000000018,22.8,22.76,47.33,0.04,0.24,-0.2,奥尼电子,计算机、通信和其他电子设备制造业,创业板,22.57499999999996,22.741249999999972,23.021666666666633,23.57562499999992,21.823829787234057
301189,2024-04-10,22.3,21.79,22.31,21.66,22.36,6379.89,14023200.0,22.42,22.69,23.312500000000018,22.74,22.66,44.46,-0.05,0.18,-0.23,奥尼电子,计算机、通信和其他电子设备制造业,创业板,22.144999999999957,22.67749999999997,22.82749999999997,23.393749999999923,21.79425531914895
301189,2024-04-11,21.66,22.05,22.93,21.6,21.79,7762.09,17208900.0,22.13,22.58,23.32100000000002,22.7,22.57,46.07,-0.1,0.12,-0.22,奥尼电子,计算机、通信和其他电子设备制造业,创业板,21.949999999999957,22.577499999999972,22.65166666666663,23.129374999999925,21.75021276595746
301189,2024-04-12,22.03,21.57,22.28,21.19,22.05,7450.0,16224600.0,21.87,22.5,23.284000000000017,22.73,22.48,43.56,-0.18,0.06,-0.24,奥尼电子,计算机、通信和其他电子设备制造业,创业板,21.94249999999996,22.39624999999997,22.539999999999964,22.902499999999925,21.701702127659587
301189,2024-04-15,21.43,20.03,21.59,19.79,21.57,12151.3,24724100.0,21.56,22.22,23.132500000000018,22.68,22.36,36.66,-0.36,-0.02,-0.34,奥尼电子,计算机、通信和其他电子设备制造业,创业板,21.35999999999996,21.96749999999997,22.280833333333295,22.606249999999925,21.638085106382995
301189,2024-04-16,20.1,18.04,20.1,17.99,20.03,12313.0,22805800.0,20.7,21.72,22.79950000000002,22.55,22.2,30.04,-0.65,-0.15,-0.5,奥尼电子,计算机、通信和其他电子设备制造业,创业板,20.422499999999964,21.28374999999997,21.925833333333298,22.226249999999926,21.546595744680864
301189,2024-04-17,18.5,19.68,19.68,18.5,18.04,10462.0,20187500.0,20.27,21.35,22.46950000000002,22.48,22.08,39.7,-0.74,-0.27,-0.47,奥尼电子,计算机、通信和其他电子设备制造业,创业板,19.829999999999966,20.889999999999972,21.66166666666663,21.946249999999925,21.522553191489376
301189,2024-04-18,19.56,19.39,19.79,19.14,19.68,7382.28,14391500.0,19.74,20.93,22.179000000000023,22.42,21.96,38.69,-0.83,-0.38,-0.45,奥尼电子,计算机、通信和其他电子设备制造业,创业板,19.284999999999968,20.61374999999997,21.359166666666628,21.726249999999922,21.50574468085108
301189,2024-04-19,19.28,18.96,19.48,18.8,19.39,7046.0,13444300.0,19.22,20.55,21.888500000000022,22.34,21.83,37.17,-0.93,-0.49,-0.44,奥尼电子,计算机、通信和其他电子设备制造业,创业板,19.01749999999997,20.18874999999997,20.984166666666628,21.46499999999992,21.507234042553208
301189,2024-04-22,19.11,18.91,19.13,18.3,18.96,6069.5,11417400.0,19.0,20.28,21.62800000000002,22.27,21.71,36.98,-1.0,-0.59,-0.41,奥尼电子,计算机、通信和其他电子设备制造业,创业板,19.23499999999997,19.82874999999997,20.600833333333295,21.253124999999923,21.563829787234056
301189,2024-04-23,18.78,19.55,19.7,18.78,18.91,7534.79,14627400.0,19.3,20.0,21.397500000000022,22.21,21.62,40.97,-0.98,-0.67,-0.31,奥尼电子,计算机、通信和其他电子设备制造业,创业板,19.202499999999972,19.51624999999997,20.32749999999996,21.046874999999922,21.62893617021278
301189,2024-04-24,19.55,20.23,20.28,19.44,19.55,8228.0,16439600.0,19.41,19.84,21.263500000000022,22.16,21.54,44.95,-0.91,-0.72,-0.19,奥尼电子,计算机、通信和其他电子设备制造业,创业板,19.412499999999973,19.34874999999997,20.2133333333333,20.872499999999924,21.72617021276597
301189,2024-04-25,20.07,20.5,20.64,20.07,20.23,5899.78,12058700.0,19.63,19.69,21.131500000000024,22.11,21.49,46.5,-0.81,-0.74,-0.07,奥尼电子,计算机、通信和其他电子设备制造业,创业板,19.79749999999997,19.40749999999997,20.058333333333298,20.687499999999925,21.793829787234056
301189,2024-04-26,20.4,20.76,20.88,20.33,20.5,7428.29,15378000.0,19.99,19.6,21.054500000000022,22.06,21.45,48.01,-0.72,-0.73,0.01,奥尼电子,计算机、通信和其他电子设备制造业,创业板,20.259999999999973,19.74749999999997,19.972499999999965,20.515624999999925,21.84829787234044
301189,2024-04-29,20.54,21.4,21.42,20.5,20.76,8194.64,17338100.0,20.49,19.74,20.98200000000002,22.0,21.42,51.63,-0.59,-0.7,0.11,奥尼电子,计算机、通信和其他电子设备制造业,创业板,20.72249999999997,19.96249999999997,19.918333333333297,20.426249999999925,21.90489361702129
301189,2024-04-30,21.41,21.35,21.74,21.08,21.4,6791.0,14472200.0,20.85,20.07,20.89850000000002,21.89,21.38,51.33,-0.47,-0.66,0.19,奥尼电子,计算机、通信和其他电子设备制造业,创业板,21.002499999999973,20.207499999999968,19.899999999999967,20.410624999999925,21.95127659574469
301189,2024-05-06,21.43,21.75,21.88,21.43,21.35,6915.0,15031500.0,21.15,20.28,20.813000000000024,21.74,21.34,53.66,-0.34,-0.59,0.25,奥尼电子,计算机、通信和其他电子设备制造业,创业板,21.314999999999973,20.556249999999967,20.0433333333333,20.372499999999924,21.95468085106384
301189,2024-05-07,21.99,21.87,22.0,21.56,21.75,5159.63,11242400.0,21.43,20.53,20.731000000000023,21.63,21.32,54.37,-0.24,-0.52,0.28,奥尼电子,计算机、通信和其他电子设备制造业,创业板,21.592499999999973,20.926249999999968,20.362499999999965,20.377499999999923,21.952340425531926
301189,2024-05-08,21.8,21.55,21.95,21.5,21.87,5199.0,11268200.0,21.58,20.79,20.667000000000023,21.52,21.31,52.09,-0.17,-0.45,0.28,奥尼电子,计算机、通信和其他电子设备制造业,创业板,21.629999999999974,21.176249999999968,20.5183333333333,20.346249999999923,21.90872340425533
301189,2024-05-09,21.46,21.85,21.98,21.4,21.55,6963.64,15201700.0,21.67,21.08,20.679500000000026,21.45,21.33,54.03,-0.1,-0.38,0.28,奥尼电子,计算机、通信和其他电子设备制造业,创业板,21.754999999999974,21.378749999999968,20.7233333333333,20.363749999999925,21.878936170212775
301189,2024-05-10,21.88,21.32,21.88,21.2,21.85,6501.3,13941600.0,21.67,21.26,20.627500000000023,21.35,21.35,50.16,-0.08,-0.32,0.24,奥尼电子,计算机、通信和其他电子设备制造业,创业板,21.647499999999972,21.481249999999967,20.919999999999966,20.444374999999923,21.896382978723413
301189,2024-05-13,21.0,20.7,21.22,20.6,21.32,7539.65,15719900.0,21.46,21.3,20.57300000000002,21.28,21.38,46.01,-0.12,-0.28,0.16,奥尼电子,计算机、通信和其他电子设备制造业,创业板,21.354999999999972,21.473749999999967,21.069166666666636,20.61062499999992,21.876595744680856
301189,2024-05-14,21.08,22.1,24.3,21.07,20.7,39118.7,89472000.0,21.5,21.47,20.575500000000023,21.24,21.47,55.06,-0.03,-0.23,0.2,奥尼电子,计算机、通信和其他电子设备制造业,创业板,21.492499999999975,21.561249999999966,21.281666666666634,20.76187499999992,21.881063829787237
301189,2024-05-15,21.51,20.77,21.61,20.71,22.1,29228.1,61263700.0,21.35,21.47,20.53550000000002,21.19,21.55,47.0,-0.06,-0.2,0.14,奥尼电子,计算机、通信和其他电子设备制造业,创业板,21.222499999999975,21.488749999999968,21.326666666666632,20.84812499999992,21.85893617021277
301189,2024-05-16,20.53,20.98,21.29,20.53,20.77,14766.5,30975600.0,21.17,21.42,20.58300000000002,21.13,21.63,48.29,-0.08,-0.17,0.09,奥尼电子,计算机、通信和其他电子设备制造业,创业板,21.137499999999974,21.392499999999966,21.36666666666663,20.974374999999924,21.85489361702128
301189,2024-05-17,20.98,21.25,21.25,20.61,20.98,11364.6,23883800.0,21.16,21.41,20.74350000000002,21.07,21.7,49.97,-0.06,-0.15,0.09,奥尼电子,计算机、通信和其他电子设备制造业,创业板,21.274999999999974,21.314999999999966,21.407499999999967,21.120624999999922,21.851063829787233
301189,2024-05-20,21.18,21.25,21.39,21.1,21.25,9346.59,19836900.0,21.27,21.36,20.82200000000002,21.0,21.75,49.97,-0.05,-0.13,0.08,奥尼电子,计算机、通信和其他电子设备制造业,创业板,21.06249999999997,21.277499999999964,21.394999999999968,21.22687499999992,21.855744680851064
301189,2024-05-21,21.42,21.31,21.5,21.15,21.25,8655.46,18439000.0,21.11,21.31,20.91800000000002,20.92,21.79,50.38,-0.04,-0.11,0.07,奥尼电子,计算机、通信和其他电子设备制造业,创业板,21.197499999999973,21.209999999999965,21.391666666666634,21.29437499999992,21.8531914893617
301189,2024-05-22,21.2,22.2,22.27,21.2,21.31,15273.7,33424900.0,21.4,21.37,21.08000000000002,20.9,21.84,56.2,0.04,-0.08,0.12,奥尼电子,计算机、通信和其他电子设备制造业,创业板,21.502499999999973,21.319999999999965,21.42916666666663,21.40062499999992,21.8631914893617
301189,2024-05-23,22.47,22.28,22.97,21.96,22.2,26611.5,59821600.0,21.66,21.42,21.24850000000002,20.92,21.86,56.69,0.11,-0.04,0.15,奥尼电子,计算机、通信和其他电子设备制造业,创业板,21.759999999999973,21.517499999999966,21.4633333333333,21.49562499999992,21.87170212765957
301189,2024-05-24,22.28,22.48,22.85,21.75,22.28,22409.7,50026700.0,21.9,21.53,21.39500000000002,20.93,21.86,57.96,0.18,0.0,0.18,奥尼电子,计算机、通信和其他电子设备制造业,创业板,22.067499999999974,21.564999999999966,21.5408333333333,21.56312499999992,21.875319148936168
301189,2024-05-27,22.3,21.69,22.46,21.3,22.48,17645.0,38409700.0,21.99,21.63,21.46800000000002,20.93,21.83,51.53,0.17,0.03,0.14,奥尼电子,计算机、通信和其他电子设备制造业,创业板,22.162499999999973,21.679999999999964,21.527499999999964,21.58437499999992,21.84617021276596
301189,2024-05-28,21.57,21.02,21.69,20.97,21.69,11588.8,24627000.0,21.93,21.52,21.49400000000002,20.89,21.79,46.79,0.11,0.05,0.06,奥尼电子,计算机、通信和其他电子设备制造业,创业板,21.86749999999997,21.684999999999967,21.502499999999966,21.53874999999992,21.76787234042553
301189,2024-05-29,21.07,21.39,21.8,21.07,21.02,7821.0,16783000.0,21.77,21.58,21.52550000000002,20.89,21.81,49.55,0.08,0.06,0.02,奥尼电子,计算机、通信和其他电子设备制造业,创业板,21.64499999999997,21.702499999999965,21.559999999999963,21.508749999999917,21.663829787234043
301189,2024-05-30,21.49,21.36,21.96,20.81,21.39,11145.0,23989000.0,21.59,21.62,21.52350000000002,20.93,21.8,49.33,0.07,0.06,0.01,奥尼电子,计算机、通信和其他电子设备制造业,创业板,21.36499999999997,21.716249999999967,21.498333333333296,21.496874999999918,21.582127659574464
301189,2024-05-31,21.6,22.22,22.33,21.4,21.36,18543.2,40948200.0,21.54,21.72,21.567000000000018,21.07,21.81,55.52,0.12,0.07,0.05,奥尼电子,计算机、通信和其他电子设备制造业,创业板,21.49749999999997,21.829999999999966,21.619166666666633,21.519999999999918,21.52787234042553
301189,2024-06-03,22.19,21.5,22.82,21.38,22.22,13204.9,28862000.0,21.5,21.74,21.55450000000002,21.13,21.8,50.01,0.1,0.08,0.02,奥尼电子,计算机、通信和其他电子设备制造业,创业板,21.61749999999997,21.742499999999968,21.662499999999966,21.53124999999992,21.47212765957447
301189,2024-06-04,21.35,20.21,21.42,19.88,21.5,18166.0,36990900.0,21.34,21.64,21.471500000000017,21.16,21.79,41.98,-0.01,0.06,-0.07,奥尼电子,计算机、通信和其他电子设备制造业,创业板,21.322499999999973,21.48374999999997,21.575833333333296,21.500624999999918,21.388085106382977
301189,2024-06-05,20.07,19.83,20.38,19.8,20.21,7524.0,15083800.0,21.02,21.4,21.385500000000015,21.19,21.76,39.94,-0.14,0.02,-0.16,奥尼电子,计算机、通信和其他电子设备制造业,创业板,20.939999999999973,21.15249999999997,21.457499999999964,21.358749999999915,21.322553191489362
301189,2024-06-06,19.83,19.11,20.93,18.88,19.83,14597.0,28897900.0,20.57,21.08,21.248500000000014,21.19,21.73,36.34,-0.3,-0.04,-0.26,奥尼电子,计算机、通信和其他电子设备制造业,创业板,20.162499999999973,20.82999999999997,21.27416666666663,21.254999999999917,21.236808510638298
301189,2024-06-07,19.2,19.62,19.88,19.19,19.11,10761.9,21065400.0,20.05,20.8,21.163500000000017,21.2,21.7,40.43,-0.36,-0.11,-0.25,奥尼电子,计算机、通信和其他电子设备制造业,创业板,19.692499999999974,20.65499999999997,21.05916666666663,21.169999999999916,21.179787234042553
301189,2024-06-11,19.5,20.04,20.15,19.01,19.62,9963.0,19503800.0,19.76,20.63,21.13050000000002,21.19,21.67,43.65,-0.39,-0.16,-0.23,奥尼电子,计算机、通信和其他电子设备制造业,创业板,19.64999999999997,20.48624999999997,20.872499999999967,21.094374999999918,21.12
301189,2024-06-12,20.2,20.75,21.02,20.19,20.04,14069.8,29214200.0,19.87,20.6,21.063000000000017,21.2,21.65,48.69,-0.35,-0.2,-0.15,奥尼电子,计算机、通信和其他电子设备制造业,创业板,19.87999999999997,20.409999999999968,20.7283333333333,21.063124999999918,21.071702127659574
301189,2024-06-13,20.58,21.17,21.3,20.58,20.75,13379.0,28128200.0,20.14,20.58,21.08300000000002,21.21,21.63,51.45,-0.28,-0.22,-0.06,奥尼电子,计算机、通信和其他电子设备制造业,创业板,20.39499999999997,20.27874999999997,20.684999999999963,21.05437499999992,21.022978723404254
301189,2024-06-14,20.95,20.89,21.2,20.75,21.17,8844.46,18458900.0,20.49,20.53,21.078500000000016,21.19,21.6,49.53,-0.23,-0.22,-0.01,奥尼电子,计算机、通信和其他电子设备制造业,创业板,20.71249999999997,20.202499999999972,20.67416666666663,20.97249999999992,20.96723404255319
301189,2024-06-17,20.88,21.29,21.44,20.62,20.89,9966.28,21099700.0,20.83,20.44,21.08050000000002,21.19,21.54,52.27,-0.17,-0.21,0.04,奥尼电子,计算机、通信和其他电子设备制造业,创业板,21.02499999999997,20.33749999999997,20.665833333333296,20.910624999999918,20.93446808510638
301189,2024-06-18,21.22,22.3,22.31,21.2,21.29,21614.4,47691700.0,21.28,20.52,21.133000000000017,21.21,21.47,58.4,-0.04,-0.18,0.14,奥尼电子,计算机、通信和其他电子设备制造业,创业板,21.41249999999997,20.646249999999974,20.74416666666663,20.899374999999917,20.949361702127653
301189,2024-06-19,24.77,24.35,26.25,23.31,22.3,72557.0,175737000.0,22.0,20.94,21.285000000000018,21.29,21.46,67.52,0.23,-0.09,0.32,奥尼电子,计算机、通信和其他电子设备制造业,创业板,22.20749999999997,21.301249999999975,20.92166666666663,21.06562499999992,20.99170212765957
301189,2024-06-20,23.99,29.22,29.22,23.93,24.35,111802.0,312977000.0,23.61,21.87,21.63600000000002,21.55,21.53,79.19,0.82,0.09,0.73,奥尼电子,计算机、通信和其他电子设备制造业,创业板,24.28999999999997,22.501249999999974,21.564999999999966,21.578124999999922,21.14978723404255
301189,2024-06-21,28.34,26.63,28.34,26.31,29.22,131427.0,354348000.0,24.76,22.63,21.853500000000018,21.71,21.58,65.68,1.07,0.28,0.79,奥尼电子,计算机、通信和其他电子设备制造业,创业板,25.62499999999997,23.324999999999974,22.099999999999966,21.905624999999922,21.24723404255319
301189,2024-06-24,25.05,24.75,25.78,24.37,26.63,72555.7,181084000.0,25.45,23.14,21.96700000000002,21.82,21.59,57.94,1.11,0.45,0.66,奥尼电子,计算机、通信和其他电子设备制造业,创业板,26.237499999999972,23.824999999999974,22.509999999999966,22.11749999999992,21.314893617021273
301189,2024-06-25,25.03,24.48,25.99,23.79,24.75,64197.0,158394000.0,25.89,23.58,22.10650000000002,21.95,21.61,56.91,1.11,0.58,0.53,奥尼电子,计算机、通信和其他电子设备制造业,创业板,26.269999999999975,24.238749999999975,22.957499999999968,22.25874999999992,21.4095744680851
301189,2024-06-26,23.58,23.85,23.98,22.82,24.48,56523.2,132081000.0,25.79,23.89,22.248000000000022,22.01,21.62,54.46,1.03,0.67,0.36,奥尼电子,计算机、通信和其他电子设备制造业,创业板,24.927499999999974,24.608749999999972,23.30999999999997,22.405624999999922,21.533191489361695
301189,2024-06-27,23.85,22.72,24.55,22.55,23.85,54108.8,128369000.0,24.49,24.05,22.31450000000002,22.07,21.63,50.28,0.88,0.71,0.17,奥尼电子,计算机、通信和其他电子设备制造业,创业板,23.949999999999974,24.787499999999973,23.5333333333333,22.562499999999925,21.59787234042553
301189,2024-06-28,22.79,23.25,23.67,22.45,22.72,49224.0,114386000.0,23.81,24.28,22.40900000000002,22.15,21.64,52.14,0.79,0.73,0.06,奥尼电子,计算机、通信和其他电子设备制造业,创业板,23.574999999999974,24.90624999999997,23.74166666666663,22.776249999999926,21.68
301189,2024-07-01,23.3,22.73,23.48,22.18,23.25,37684.0,85148400.0,23.41,24.43,22.43450000000002,22.2,21.63,50.16,0.67,0.72,-0.05,奥尼电子,计算机、通信和其他电子设备制造业,创业板,23.137499999999974,24.70374999999997,23.87166666666663,23.002499999999927,21.76021276595744
301189,2024-07-02,22.6,22.34,22.8,22.24,22.73,26677.1,59932900.0,22.98,24.43,22.47650000000002,22.23,21.61,48.67,0.54,0.68,-0.14,奥尼电子,计算机、通信和其他电子设备制造业,创业板,22.759999999999977,23.84374999999997,23.992499999999964,23.172499999999925,21.833191489361695
301189,2024-07-03,22.14,21.89,22.32,21.65,22.34,24735.3,54295300.0,22.59,24.19,22.56050000000002,22.25,21.59,46.94,0.39,0.62,-0.23,奥尼电子,计算机、通信和其他电子设备制造业,创业板,22.552499999999977,23.25124999999997,24.04249999999996,23.288124999999923,21.88297872340425
301189,2024-07-04,22.21,20.89,22.22,20.78,21.89,24861.8,52960800.0,22.22,23.35,22.61350000000002,22.21,21.56,43.25,0.19,0.54,-0.35,奥尼电子,计算机、通信和其他电子设备制造业,创业板,21.962499999999977,22.76874999999997,23.924999999999958,23.296874999999922,21.89702127659574
301189,2024-07-05,20.89,21.0,21.15,20.32,20.89,21797.4,45347100.0,21.77,22.79,22.70800000000002,22.17,21.55,43.78,0.04,0.44,-0.4,奥尼电子,计算机、通信和其他电子设备制造业,创业板,21.529999999999976,22.33374999999997,23.64583333333329,23.28624999999992,21.90765957446808
301189,2024-07-08,20.92,19.99,20.95,19.93,21.0,19541.0,39546700.0,21.22,22.31,22.72650000000002,22.08,21.51,40.12,-0.16,0.32,-0.48,奥尼电子,计算机、通信和其他电子设备制造业,创业板,20.942499999999974,21.851249999999972,22.876666666666626,23.229999999999922,21.891276595744678
301189,2024-07-09,19.99,21.25,21.3,19.99,19.99,30471.0,62951800.0,21.0,21.99,22.787000000000017,22.07,21.5,46.16,-0.21,0.21,-0.42,奥尼电子,计算机、通信和其他电子设备制造业,创业板,20.782499999999974,21.667499999999972,22.428333333333295,23.22749999999992,21.888085106382974
301189,2024-07-10,21.05,21.55,22.32,21.0,21.25,34718.8,74962700.0,20.94,21.76,22.82700000000002,22.09,21.49,47.52,-0.23,0.12,-0.35,奥尼电子,计算机、通信和其他电子设备制造业,创业板,20.947499999999973,21.454999999999973,22.16166666666663,23.18062499999992,21.892340425531913
301189,2024-07-11,21.86,22.13,22.18,21.42,21.55,28701.8,62773300.0,21.18,21.7,22.875000000000018,22.11,21.5,50.14,-0.19,0.06,-0.25,奥尼电子,计算机、通信和其他电子设备制造业,创业板,21.229999999999972,21.379999999999974,21.965833333333293,23.04187499999992,21.90042553191489
301189,2024-07-12,21.85,22.33,22.72,21.77,22.13,32540.8,72325400.0,21.45,21.61,22.947000000000017,22.14,21.54,51.04,-0.14,0.02,-0.16,奥尼电子,计算机、通信和其他电子设备制造业,创业板,21.814999999999973,21.37874999999997,21.839166666666625,22.61124999999992,21.910212765957446
301189,2024-07-15,22.15,21.53,22.43,21.4,22.33,23741.0,51483800.0,21.76,21.49,22.959000000000017,22.12,21.59,47.34,-0.17,-0.02,-0.15,奥尼电子,计算机、通信和其他电子设备制造业,创业板,21.884999999999973,21.333749999999974,21.739999999999952,22.29249999999992,21.909787234042554
301189,2024-07-16,21.53,21.89,21.96,21.2,21.53,17685.0,38356900.0,21.89,21.44,22.938500000000015,22.13,21.63,49.13,-0.15,-0.04,-0.11,奥尼电子,计算机、通信和其他电子设备制造业,创业板,21.969999999999974,21.458749999999974,21.62666666666662,22.113749999999918,21.910638297872346
301189,2024-07-17,21.7,20.92,21.86,20.9,21.89,18003.0,38270200.0,21.76,21.35,22.767000000000017,22.16,21.66,44.71,-0.23,-0.08,-0.15,奥尼电子,计算机、通信和其他电子设备制造业,创业板,21.667499999999976,21.448749999999976,21.475833333333284,21.891249999999918,21.902127659574475
301189,2024-07-18,20.89,20.41,20.89,19.88,20.92,16739.0,33907700.0,21.42,21.3,22.326500000000017,22.18,21.68,42.55,-0.31,-0.13,-0.18,奥尼电子,计算机、通信和其他电子设备制造业,创业板,21.187499999999975,21.501249999999974,21.31499999999995,21.676249999999918,21.895957446808517
301189,2024-07-19,20.57,21.0,21.21,20.15,20.41,14977.0,31299900.0,21.15,21.3,22.045000000000016,22.24,21.72,45.82,-0.34,-0.17,-0.17,奥尼电子,计算机、通信和其他电子设备制造业,创业板,21.054999999999975,21.469999999999974,21.240833333333285,21.568749999999916,21.87255319148937
301189,2024-07-22,21.32,21.18,21.4,20.94,21.0,11650.0,24672700.0,21.08,21.42,21.866500000000016,22.29,21.74,46.81,-0.33,-0.2,-0.13,奥尼电子,计算机、通信和其他电子设备制造业,创业板,20.877499999999973,21.423749999999973,21.264999999999954,21.439374999999917,21.88127659574469
301189,2024-07-23,21.33,20.58,21.38,20.51,21.18,11180.0,23453400.0,20.82,21.35,21.671500000000016,22.31,21.75,43.92,-0.38,-0.24,-0.14,奥尼电子,计算机、通信和其他电子设备制造业,创业板,20.792499999999972,21.229999999999976,21.22999999999995,21.304999999999914,21.872765957446816
301189,2024-07-24,20.37,20.04,20.74,19.95,20.58,15666.0,31633500.0,20.64,21.2,21.481000000000016,22.28,21.74,41.44,-0.44,-0.28,-0.16,奥尼电子,计算机、通信和其他电子设备制造业,创业板,20.699999999999974,20.943749999999973,21.23416666666662,21.161249999999917,21.847021276595754
301189,2024-07-25,20.0,20.02,20.2,19.48,20.04,11983.0,23764800.0,20.56,20.99,21.346000000000014,22.25,21.73,41.35,-0.5,-0.32,-0.18,奥尼电子,计算机、通信和其他电子设备制造业,创业板,20.454999999999973,20.754999999999974,21.131666666666618,21.044374999999917,21.820851063829796
301189,2024-07-26,20.28,20.41,20.47,19.82,20.02,8023.0,16271500.0,20.45,20.8,21.204000000000015,22.23,21.71,43.99,-0.51,-0.36,-0.15,奥尼电子,计算机、通信和其他电子设备制造业,创业板,20.262499999999974,20.569999999999972,21.03666666666662,21.01437499999992,21.801702127659585
301189,2024-07-29,20.4,20.73,20.89,20.2,20.41,9838.0,20276800.0,20.36,20.72,21.104000000000017,22.21,21.7,46.13,-0.48,-0.38,-0.1,奥尼电子,计算机、通信和其他电子设备制造业,创业板,20.299999999999976,20.546249999999972,20.919999999999956,20.99749999999992,21.770425531914903
301189,2024-07-30,20.73,21.1,21.14,20.49,20.73,10129.2,21179900.0,20.46,20.64,21.04200000000002,22.17,21.69,48.59,-0.42,-0.39,-0.03,奥尼电子,计算机、通信和其他电子设备制造业,创业板,20.564999999999976,20.632499999999972,20.817499999999956,21.06687499999992,21.74531914893618
301189,2024-07-31,21.2,21.68,21.81,20.92,21.1,15141.1,32427600.0,20.79,20.71,21.03150000000002,22.08,21.69,52.26,-0.32,-0.38,0.06,奥尼电子,计算机、通信和其他电子设备制造业,创业板,20.97999999999998,20.717499999999973,20.82999999999996,21.093749999999922,21.728297872340434
301189,2024-08-01,21.64,22.26,22.34,21.53,21.68,24513.0,53879500.0,21.24,20.9,21.10000000000002,21.85,21.7,55.66,-0.2,-0.34,0.14,奥尼电子,计算机、通信和其他电子设备制造业,创业板,21.44249999999998,20.85249999999997,20.860833333333293,21.13812499999992,21.7404255319149
301189,2024-08-02,21.95,21.15,21.95,21.11,22.26,19067.0,41113800.0,21.38,20.92,21.10750000000002,21.67,21.69,48.53,-0.18,-0.31,0.13,奥尼电子,计算机、通信和其他电子设备制造业,创业板,21.54749999999998,20.92374999999997,20.879999999999956,21.07687499999992,21.743191489361713
301189,2024-08-05,20.5,20.09,21.08,20.03,21.15,14690.0,30203400.0,21.26,20.81,21.11250000000002,21.51,21.67,42.87,-0.26,-0.3,0.04,奥尼电子,计算机、通信和其他电子设备制造业,创业板,21.29499999999998,20.92999999999997,20.85333333333329,20.93687499999992,21.715531914893628
301189,2024-08-06,20.29,20.41,20.6,20.14,20.09,7944.83,16118200.0,21.12,20.79,21.070500000000017,21.38,21.66,44.96,-0.29,-0.3,0.01,奥尼电子,计算机、通信和其他电子设备制造业,创业板,20.977499999999978,20.97874999999997,20.80416666666662,20.866874999999922,21.69531914893618
301189,2024-08-07,20.49,20.71,20.99,20.38,20.41,8387.72,17373500.0,20.92,20.86,21.028500000000015,21.27,21.64,46.91,-0.29,-0.3,0.01,奥尼电子,计算机、通信和其他电子设备制造业,创业板,20.58999999999998,21.01624999999997,20.764999999999954,20.79312499999992,21.663191489361708
301189,2024-08-08,20.6,20.72,22.12,20.05,20.71,21523.0,44973000.0,20.62,20.93,20.958000000000016,21.21,21.64,46.98,-0.28,-0.29,0.01,奥尼电子,计算机、通信和其他电子设备制造业,创业板,20.48249999999998,21.014999999999972,20.776666666666618,20.78062499999992,21.64659574468086
301189,2024-08-09,20.57,20.72,21.05,20.57,20.72,15532.0,32308600.0,20.53,20.96,20.87750000000002,21.12,21.63,46.98,-0.27,-0.29,0.02,奥尼电子,计算机、通信和其他电子设备制造业,创业板,20.63999999999998,20.967499999999973,20.833333333333282,20.799999999999915,21.657446808510645
301189,2024-08-12,20.67,20.47,20.83,20.33,20.72,9765.31,20050700.0,20.61,20.93,20.824500000000018,21.05,21.62,45.31,-0.27,-0.28,0.01,奥尼电子,计算机、通信和其他电子设备制造业,创业板,20.65499999999998,20.81624999999997,20.870833333333284,20.766874999999914,21.67106382978724
301189,2024-08-13,20.31,20.86,20.88,20.31,20.47,7626.31,15741000.0,20.7,20.91,20.773000000000017,21.0,21.61,48.4,-0.25,-0.28,0.03,奥尼电子,计算机、通信和其他电子设备制造业,创业板,20.69249999999998,20.64124999999997,20.90833333333328,20.746874999999914,21.70829787234043
301189,2024-08-14,20.79,21.17,21.51,20.67,20.86,13489.0,28486400.0,20.79,20.86,20.78550000000002,20.97,21.61,50.78,-0.21,-0.26,0.05,奥尼电子,计算机、通信和其他电子设备制造业,创业板,20.804999999999982,20.643749999999972,20.944999999999947,20.783749999999916,21.741276595744687
301189,2024-08-15,21.0,21.81,21.88,20.95,21.17,17930.0,38702300.0,21.01,20.81,20.855500000000017,21.0,21.61,55.35,-0.11,-0.23,0.12,奥尼电子,计算机、通信和其他电子设备制造业,创业板,21.077499999999983,20.858749999999972,21.004166666666613,20.894374999999915,21.778936170212774
301189,2024-08-16,21.71,22.45,22.65,21.71,21.81,28117.0,62805600.0,21.35,20.94,20.92800000000002,21.05,21.61,59.42,0.01,-0.18,0.19,奥尼电子,计算机、通信和其他电子设备制造业,创业板,21.572499999999984,21.11374999999997,21.068333333333282,21.046249999999915,21.815106382978733
301189,2024-08-19,22.28,21.32,22.3,21.26,22.45,22297.0,48253600.0,21.52,21.06,20.935000000000016,21.1,21.59,50.65,0.02,-0.14,0.16,奥尼电子,计算机、通信和其他电子设备制造业,创业板,21.687499999999982,21.18999999999997,20.98999999999995,21.103124999999913,21.81829787234043
301189,2024-08-20,21.33,21.1,21.59,21.02,21.32,10061.0,21361600.0,21.57,21.13,20.96100000000002,21.09,21.58,49.13,0.01,-0.11,0.12,奥尼电子,计算机、通信和其他电子设备制造业,创业板,21.669999999999984,21.23749999999997,20.985833333333282,21.126249999999914,21.82276595744681
301189,2024-08-22,21.45,20.69,21.58,20.64,21.24,11479.0,24135500.0,21.47,21.13,20.99350000000002,21.06,21.57,46.34,-0.03,-0.1,0.07,奥尼电子,计算机、通信和其他电子设备制造业,创业板,21.389999999999983,21.23374999999997,21.035833333333283,21.100624999999912,21.810000000000002
301189,2024-08-23,20.7,21.45,22.29,20.31,20.69,23217.0,49301500.0,21.4,21.2,21.06500000000002,21.04,21.58,51.8,-0.01,-0.08,0.07,奥尼电子,计算机、通信和其他电子设备制造业,创业板,21.139999999999983,21.356249999999967,21.122499999999953,21.08624999999991,21.791914893617026
301189,2024-08-26,21.22,22.11,22.17,21.01,21.45,28113.0,61080800.0,21.33,21.34,21.150000000000016,21.03,21.59,56.0,0.07,-0.05,0.12,奥尼电子,计算机、通信和其他电子设备制造业,创业板,21.337499999999984,21.512499999999967,21.239166666666616,21.076874999999912,21.744255319148937
301189,2024-08-27,21.89,20.85,21.99,20.71,22.11,19592.0,41532000.0,21.24,21.38,21.156000000000017,21.01,21.56,47.5,0.02,-0.04,0.06,奥尼电子,计算机、通信和其他电子设备制造业,创业板,21.274999999999984,21.472499999999968,21.24999999999995,21.058124999999915,21.56617021276596
301189,2024-08-28,20.8,21.0,21.35,20.51,20.85,12142.9,25395100.0,21.22,21.4,21.151000000000018,20.98,21.56,48.5,0.0,-0.03,0.03,奥尼电子,计算机、通信和其他电子设备制造业,创业板,21.352499999999985,21.371249999999968,21.273333333333287,21.114999999999917,21.446382978723406
301189,2024-08-29,21.0,20.95,21.26,20.81,21.0,12629.0,26554400.0,21.27,21.37,21.114500000000014,20.98,21.57,48.17,-0.02,-0.03,0.01,奥尼电子,计算机、通信和其他电子设备制造业,创业板,21.227499999999985,21.183749999999968,21.313333333333286,21.148749999999914,21.36553191489362
301189,2024-08-30,20.81,21.69,21.91,20.76,20.95,26354.2,56792800.0,21.32,21.36,21.086000000000016,21.02,21.6,53.24,0.02,-0.02,0.04,奥尼电子,计算机、通信和其他电子设备制造业,创业板,21.122499999999985,21.22999999999997,21.382499999999954,21.209999999999916,21.30617021276596
301189,2024-09-02,21.69,21.42,21.99,21.41,21.69,15586.0,33781200.0,21.18,21.26,21.099500000000017,21.04,21.64,51.27,0.03,-0.01,0.04,奥尼电子,计算机、通信和其他电子设备制造业,创业板,21.264999999999986,21.26999999999997,21.40333333333329,21.25374999999992,21.254468085106385
301189,2024-09-03,21.32,21.51,21.69,21.2,21.42,11509.0,24686500.0,21.31,21.28,21.17050000000002,21.05,21.67,51.91,0.05,0.0,0.05,奥尼电子,计算机、通信和其他电子设备制造业,创业板,21.392499999999988,21.37249999999997,21.378333333333288,21.303124999999916,21.22872340425532
301189,2024-09-04,21.2,20.88,21.23,20.76,21.51,13170.0,27559700.0,21.29,21.26,21.194000000000017,21.06,21.68,47.24,0.01,0.0,0.01,奥尼电子,计算机、通信和其他电子设备制造业,创业板,21.374999999999986,21.30124999999997,21.247499999999956,21.328749999999914,21.178297872340426
301189,2024-09-05,21.15,20.98,21.17,20.78,20.88,7375.0,15483600.0,21.3,21.28,21.207500000000017,21.09,21.69,48.04,-0.01,0.0,-0.01,奥尼电子,计算机、通信和其他电子设备制造业,创业板,21.197499999999987,21.159999999999968,21.219166666666624,21.336249999999914,21.141063829787235
301189,2024-09-06,20.98,20.2,20.98,20.2,20.98,11977.0,24471100.0,21.0,21.16,21.181500000000018,21.1,21.67,42.62,-0.09,-0.02,-0.07,奥尼电子,计算机、通信和其他电子设备制造业,创业板,20.892499999999988,21.078749999999967,21.144166666666624,21.275624999999913,21.095531914893616
301189,2024-09-09,20.4,20.17,20.4,19.84,20.2,6745.0,13564700.0,20.75,20.96,21.154000000000018,21.09,21.66,42.42,-0.15,-0.04,-0.11,奥尼电子,计算机、通信和其他电子设备制造业,创业板,20.557499999999987,20.974999999999966,21.100833333333288,21.173124999999914,21.058936170212764
301189,2024-09-10,20.18,20.47,20.51,19.88,20.17,7580.0,15345800.0,20.54,20.93,21.154000000000018,21.08,21.65,45.17,-0.18,-0.07,-0.11,奥尼电子,计算机、通信和其他电子设备制造业,创业板,20.454999999999988,20.914999999999967,21.019166666666624,21.049374999999916,21.05
301189,2024-09-11,20.32,20.2,20.45,20.18,20.47,5331.0,10812700.0,20.4,20.85,21.121000000000016,21.05,21.61,43.17,-0.21,-0.1,-0.11,奥尼电子,计算机、通信和其他电子设备制造业,创业板,20.259999999999987,20.728749999999966,20.859999999999957,20.979374999999916,21.032978723404256
301189,2024-09-12,20.34,19.98,20.58,19.94,20.2,5528.72,11172800.0,20.2,20.75,21.061500000000017,20.99,21.54,41.56,-0.26,-0.13,-0.13,奥尼电子,计算机、通信和其他电子设备制造业,创业板,20.204999999999988,20.548749999999963,20.78749999999996,20.909374999999915,21.03276595744681
301189,2024-09-13,20.08,19.55,20.13,19.53,19.98,7493.0,14767400.0,20.07,20.54,20.948500000000017,20.9,21.38,38.53,-0.33,-0.17,-0.16,奥尼电子,计算机、通信和其他电子设备制造业,创业板,20.049999999999986,20.303749999999965,20.666666666666625,20.838124999999916,20.996595744680853
301189,2024-09-18,19.6,19.22,19.72,18.74,19.55,9282.0,17766800.0,19.88,20.32,20.78700000000002,20.84,21.25,36.34,-0.41,-0.22,-0.19,奥尼电子,计算机、通信和其他电子设备制造业,创业板,19.737499999999986,20.096249999999966,20.522499999999955,20.698749999999915,20.94702127659575
301189,2024-09-19,19.23,19.43,19.55,19.1,19.22,5822.0,11285100.0,19.68,20.11,20.69250000000002,20.82,21.16,38.73,-0.44,-0.26,-0.18,奥尼电子,计算机、通信和其他电子设备制造业,创业板,19.544999999999984,19.902499999999968,20.334166666666622,20.531249999999915,20.889574468085108
301189,2024-09-20,19.5,19.31,19.64,19.23,19.43,5995.0,11612200.0,19.5,19.95,20.60300000000002,20.78,21.08,37.86,-0.48,-0.31,-0.17,奥尼电子,计算机、通信和其他电子设备制造业,创业板,19.377499999999984,19.79124999999997,20.15833333333329,20.434999999999913,20.82531914893617
301189,2024-09-23,19.31,19.4,19.55,19.17,19.31,5674.0,11006500.0,19.38,19.79,20.53850000000002,20.74,21.0,38.97,-0.49,-0.34,-0.15,奥尼电子,计算机、通信和其他电子设备制造业,创业板,19.339999999999986,19.694999999999972,19.982499999999956,20.334999999999912,20.779999999999998
301189,2024-09-24,19.37,19.85,19.86,19.22,19.4,8528.0,16732400.0,19.44,19.76,20.458500000000022,20.71,20.96,44.33,-0.46,-0.37,-0.09,奥尼电子,计算机、通信和其他电子设备制造业,创业板,19.497499999999988,19.61749999999997,19.896666666666622,20.266249999999914,20.73659574468085
301189,2024-09-25,20.0,20.02,20.39,19.9,19.85,11901.0,23978800.0,19.6,19.74,20.35400000000002,20.68,20.9,46.25,-0.41,-0.38,-0.03,奥尼电子,计算机、通信和其他电子设备制造业,创业板,19.64499999999999,19.594999999999974,19.816666666666624,20.161874999999913,20.71744680851064
301189,2024-09-26,19.89,20.39,20.39,19.85,20.02,9735.0,19660300.0,19.79,19.74,20.331000000000017,20.68,20.86,50.27,-0.34,-0.37,0.03,奥尼电子,计算机、通信和其他电子设备制造业,创业板,19.91499999999999,19.646249999999977,19.832499999999957,20.09749999999991,20.717021276595744
301189,2024-09-27,20.66,21.57,21.79,20.41,20.39,24396.0,51584900.0,20.25,19.87,20.35950000000002,20.7,20.85,60.43,-0.2,-0.33,0.13,奥尼电子,计算机、通信和其他电子设备制造业,创业板,20.45749999999999,19.898749999999975,19.949166666666624,20.10124999999991,20.729148936170215
301189,2024-09-30,22.33,24.25,24.59,21.85,21.57,44714.5,103909000.0,21.22,20.3,20.524500000000018,20.81,20.89,73.62,0.14,-0.24,0.38,奥尼电子,计算机、通信和其他电子设备制造业,创业板,21.55749999999999,20.527499999999975,20.264166666666622,20.31187499999991,20.794468085106384
301189,2024-10-08,28.25,26.8,28.58,24.88,24.25,55553.2,148687000.0,22.61,21.02,20.78000000000002,20.97,20.99,80.34,0.6,-0.07,0.67,奥尼电子,计算机、通信和其他电子设备制造业,创业板,23.25249999999999,21.448749999999976,20.814166666666623,20.67562499999991,20.9268085106383
301189,2024-10-09,25.8,24.4,26.8,24.25,26.8,37529.3,96185600.0,23.48,21.54,20.929000000000016,21.04,21.05,63.86,0.77,0.1,0.67,奥尼电子,计算机、通信和其他电子设备制造业,创业板,24.254999999999992,22.084999999999976,21.182499999999955,20.93812499999991,21.019574468085107
301189,2024-10-10,24.99,25.08,26.75,23.89,24.4,40404.6,101811000.0,24.42,22.11,21.107500000000016,21.16,21.13,65.99,0.94,0.27,0.67,奥尼电子,计算机、通信和其他电子设备制造业,创业板,25.132499999999993,22.794999999999977,21.64333333333329,21.24499999999991,21.127234042553194
301189,2024-10-11,25.93,24.54,26.99,24.31,25.08,59415.3,153685000.0,25.01,22.63,21.290500000000016,21.28,21.18,62.82,1.03,0.42,0.61,奥尼电子,计算机、通信和其他电子设备制造业,创业板,25.20499999999999,23.381249999999977,22.086666666666627,21.499374999999908,21.215106382978725
301189,2024-10-14,24.05,24.36,24.5,22.93,24.54,46091.2,109451000.0,25.04,23.13,21.459500000000016,21.4,21.23,61.76,1.07,0.55,0.52,奥尼电子,计算机、通信和其他电子设备制造业,创业板,24.59499999999999,23.923749999999973,22.49749999999996,21.75937499999991,21.29234042553192
301189,2024-10-15,23.95,23.85,24.94,23.85,24.36,27455.2,66925400.0,24.45,23.53,21.642000000000017,21.48,21.26,58.73,1.04,0.65,0.39,奥尼电子,计算机、通信和其他电子设备制造业,创业板,24.45749999999999,24.356249999999974,22.875833333333293,22.00124999999991,21.35085106382979
301189,2024-10-16,23.49,23.83,24.18,23.42,23.85,17999.0,43015300.0,24.33,23.91,21.825000000000017,21.54,21.29,58.61,1.01,0.72,0.29,奥尼电子,计算机、通信和其他电子设备制造业,创业板,24.14499999999999,24.638749999999973,23.244999999999962,22.26874999999991,21.396595744680855
301189,2024-10-17,24.14,24.11,24.86,23.84,23.83,22518.8,55119000.0,24.14,24.28,22.007000000000016,21.65,21.33,59.86,1.0,0.78,0.22,奥尼电子,计算机、通信和其他电子设备制造业,创业板,24.037499999999987,24.621249999999975,23.599999999999962,22.57437499999991,21.435957446808516
301189,2024-10-18,24.05,24.79,25.22,24.05,24.11,25412.2,62751500.0,24.19,24.6,22.236500000000017,21.77,21.38,62.8,1.03,0.83,0.2,奥尼电子,计算机、通信和其他电子设备制造业,创业板,24.144999999999985,24.369999999999973,23.997499999999963,22.909374999999912,21.513404255319152
301189,2024-10-21,24.9,25.11,25.53,24.81,24.79,24305.0,61212500.0,24.34,24.69,22.493000000000016,21.91,21.45,64.13,1.07,0.88,0.19,奥尼电子,计算机、通信和其他电子设备制造业,创业板,24.459999999999987,24.45874999999997,24.3908333333333,23.271874999999913,21.62021276595745
301189,2024-10-22,25.11,24.87,25.21,24.51,25.11,16680.0,41520300.0,24.54,24.49,22.759000000000018,22.02,21.52,62.33,1.07,0.91,0.16,奥尼电子,计算机、通信和其他电子设备制造业,创业板,24.719999999999988,24.43249999999997,24.6658333333333,23.613749999999914,21.71510638297873
301189,2024-10-23,24.95,24.7,25.18,24.57,24.87,15604.0,38834700.0,24.72,24.52,23.033000000000015,22.13,21.58,61.02,1.04,0.94,0.1,奥尼电子,计算机、通信和其他电子设备制造业,创业板,24.86749999999999,24.45249999999997,24.7033333333333,23.916874999999912,21.800000000000004
301189,2024-10-24,24.57,24.42,24.75,24.25,24.7,11218.0,27416900.0,24.78,24.46,23.282500000000017,22.22,21.64,58.83,0.99,0.95,0.04,奥尼电子,计算机、通信和其他电子设备制造业,创业板,24.77499999999999,24.459999999999965,24.504999999999967,24.191874999999914,21.87872340425532
301189,2024-10-25,24.49,24.84,24.99,24.4,24.42,12562.5,31120800.0,24.79,24.49,23.559000000000015,22.36,21.71,61.09,0.96,0.95,0.01,奥尼电子,计算机、通信和其他电子设备制造业,创业板,24.707499999999992,24.583749999999966,24.541666666666632,24.469999999999914,21.966382978723406
301189,2024-10-28,24.95,25.14,25.18,24.79,24.84,13859.4,34665000.0,24.79,24.57,23.846000000000014,22.5,21.79,62.66,0.96,0.95,0.01,奥尼电子,计算机、通信和其他电子设备制造业,创业板,24.77499999999999,24.747499999999967,24.546666666666635,24.693124999999913,22.06574468085107
301189,2024-10-29,25.24,24.37,25.25,24.3,25.14,16369.5,40425400.0,24.69,24.62,24.072000000000013,22.63,21.87,56.36,0.89,0.94,-0.05,奥尼电子,计算机、通信和其他电子设备制造业,创业板,24.692499999999992,24.779999999999966,24.532499999999967,24.700624999999913,22.140425531914897
301189,2024-10-30,24.15,24.05,24.68,23.8,24.37,17240.6,41723600.0,24.56,24.64,24.273500000000016,22.76,21.93,53.93,0.79,0.91,-0.12,奥尼电子,计算机、通信和其他电子设备制造业,创业板,24.59999999999999,24.687499999999968,24.506666666666632,24.528749999999913,22.201702127659576
301189,2024-10-31,24.2,24.01,24.24,23.78,24.05,14240.2,34171300.0,24.48,24.63,24.454500000000017,22.88,21.98,53.62,0.71,0.87,-0.16,奥尼电子,计算机、通信和其他电子设备制造业,创业板,24.39249999999999,24.54999999999997,24.519999999999964,24.504374999999914,22.248510638297873
301189,2024-11-01,23.89,22.81,24.06,22.74,24.01,21083.0,48767300.0,24.08,24.43,24.516500000000015,22.97,22.01,45.2,0.54,0.8,-0.26,奥尼电子,计算机、通信和其他电子设备制造业,创业板,23.80999999999999,24.29249999999997,24.434999999999963,24.362499999999915,22.256170212765955
301189,2024-11-04,23.02,23.45,23.45,22.65,22.81,11463.5,26647300.0,23.74,24.27,24.476500000000016,23.08,22.04,49.73,0.45,0.73,-0.28,奥尼电子,计算机、通信和其他电子设备制造业,创业板,23.57999999999999,24.13624999999997,24.379999999999963,24.294374999999913,22.301489361702128
301189,2024-11-05,23.45,24.07,24.15,23.45,23.45,14273.2,34116500.0,23.68,24.19,24.340000000000018,23.23,22.07,53.73,0.42,0.67,-0.25,奥尼电子,计算机、通信和其他电子设备制造业,创业板,23.58499999999999,24.092499999999966,24.31999999999996,24.276249999999912,22.36468085106383
301189,2024-11-06,24.17,23.88,24.3,23.64,24.07,15907.0,38164400.0,23.64,24.1,24.314000000000018,23.39,22.11,52.35,0.38,0.61,-0.23,奥尼电子,计算机、通信和其他电子设备制造业,创业板,23.552499999999988,23.972499999999965,24.21749999999996,24.27812499999991,22.432553191489365
301189,2024-11-07,23.83,24.64,24.64,23.61,23.88,16601.7,40198800.0,23.77,24.13,24.29200000000002,23.56,22.19,57.08,0.41,0.57,-0.16,奥尼电子,计算机、通信和其他电子设备制造业,创业板,24.009999999999987,23.909999999999968,24.19833333333329,24.32874999999991,22.5004255319149
301189,2024-11-08,25.0,24.64,25.22,24.58,24.64,18638.2,46309600.0,24.14,24.11,24.29700000000002,23.74,22.26,57.08,0.42,0.54,-0.12,奥尼电子,计算机、通信和其他电子设备制造业,创业板,24.307499999999987,23.943749999999966,24.19333333333329,24.36187499999991,22.554255319148943
301189,2024-11-11,24.6,25.44,25.48,24.54,24.64,18585.8,46774600.0,24.53,24.14,24.351000000000017,23.94,22.34,61.71,0.49,0.53,-0.04,奥尼电子,计算机、通信和其他电子设备制造业,创业板,24.649999999999984,24.117499999999964,24.27833333333329,24.402499999999907,22.651914893617032
301189,2024-11-12,25.45,25.3,26.26,25.03,25.44,21491.2,54853300.0,24.78,24.23,24.42350000000001,24.12,22.42,60.48,0.53,0.53,0.0,奥尼电子,计算机、通信和其他电子设备制造业,创业板,25.004999999999985,24.278749999999967,24.316666666666624,24.414374999999907,22.74340425531916
301189,2024-11-13,25.1,25.39,25.53,24.65,25.3,16208.8,40740900.0,25.08,24.36,24.501500000000014,24.3,22.49,61.02,0.56,0.54,0.02,奥尼电子,计算机、通信和其他电子设备制造业,创业板,25.192499999999985,24.601249999999965,24.33749999999996,24.446874999999906,22.837872340425545
301189,2024-11-14,25.29,24.71,25.55,24.66,25.39,13226.3,33101400.0,25.1,24.43,24.531500000000012,24.45,22.56,54.93,0.53,0.54,-0.01,奥尼电子,计算机、通信和其他电子设备制造业,创业板,25.209999999999983,24.758749999999967,24.36583333333329,24.447499999999906,22.90212765957448
301189,2024-11-15,24.88,25.78,26.5,24.71,24.71,43904.9,112786000.0,25.32,24.73,24.58100000000001,24.59,22.65,61.45,0.57,0.54,0.03,奥尼电子,计算机、通信和其他电子设备制造业,创业板,25.294999999999984,24.972499999999968,24.50999999999996,24.532499999999903,22.994893617021287
301189,2024-11-18,25.78,24.1,25.98,23.62,25.78,38323.8,92977400.0,25.06,24.8,24.530500000000007,24.58,22.69,49.38,0.47,0.53,-0.06,奥尼电子,计算机、通信和其他电子设备制造业,创业板,24.994999999999987,24.999999999999968,24.51749999999996,24.486249999999906,23.050000000000008
301189,2024-11-19,23.91,24.87,24.87,23.91,24.1,24072.3,58644000.0,24.97,24.88,24.530500000000007,24.52,22.75,53.85,0.46,0.51,-0.05,奥尼电子,计算机、通信和其他电子设备制造业,创业板,24.864999999999988,25.028749999999967,24.689166666666626,24.469374999999907,23.13489361702128
301189,2024-11-20,24.89,25.84,26.26,24.62,24.87,32354.9,82414800.0,25.06,25.07,24.58750000000001,24.57,22.8,58.79,0.51,0.51,0.0,奥尼电子,计算机、通信和其他电子设备制造业,创业板,25.147499999999987,25.178749999999965,24.888333333333293,24.561249999999905,23.238297872340425
301189,2024-11-21,26.04,26.4,27.49,25.67,25.84,57846.0,154321000.0,25.4,25.25,24.68650000000001,24.61,22.89,61.37,0.59,0.53,0.06,奥尼电子,计算机、通信和其他电子设备制造业,创业板,25.302499999999988,25.298749999999966,25.082499999999957,24.708124999999903,23.370212765957447
301189,2024-11-22,26.37,25.38,26.96,25.22,26.4,45864.0,119113000.0,25.32,25.32,24.713500000000014,24.64,22.96,54.67,0.56,0.54,0.02,奥尼电子,计算机、通信和其他电子设备制造业,创业板,25.622499999999988,25.308749999999964,25.207499999999957,24.793749999999903,23.481063829787235
301189,2024-11-25,25.33,25.66,26.25,24.76,25.38,25499.0,64727300.0,25.63,25.34,24.739500000000014,24.68,23.04,56.09,0.56,0.54,0.02,奥尼电子,计算机、通信和其他电子设备制造业,创业板,25.819999999999986,25.342499999999966,25.29249999999996,24.971874999999905,23.59148936170213
301189,2024-11-26,25.4,25.67,26.79,25.4,25.66,37200.0,97136500.0,25.79,25.38,24.80450000000001,24.74,23.11,56.14,0.55,0.54,0.01,奥尼电子,计算机、通信和其他电子设备制造业,创业板,25.777499999999982,25.462499999999967,25.3783333333333,25.110624999999906,23.707872340425535
301189,2024-11-27,25.29,27.44,27.45,24.36,25.67,74255.9,196298000.0,26.11,25.58,24.974000000000014,24.86,23.2,64.31,0.68,0.57,0.11,奥尼电子,计算机、通信和其他电子设备制造业,创业板,26.03749999999998,25.669999999999966,25.544999999999963,25.321249999999907,23.866595744680858
301189,2024-11-28,27.0,26.69,28.3,26.5,27.44,68984.5,187376000.0,26.17,25.78,25.108000000000015,24.95,23.3,59.27,0.71,0.6,0.11,奥尼电子,计算机、通信和其他电子设备制造业,创业板,26.36499999999998,25.993749999999967,25.660833333333297,25.496874999999907,24.01851063829788
301189,2024-11-29,26.54,26.07,26.76,25.8,26.69,47560.0,124385000.0,26.31,25.81,25.27100000000002,24.99,23.38,55.41,0.68,0.61,0.07,奥尼电子,计算机、通信和其他电子设备制造业,创业板,26.46749999999998,26.143749999999965,25.717499999999962,25.586249999999907,24.164255319148943
301189,2024-12-02,26.49,26.35,26.51,25.96,26.07,29211.0,76715900.0,26.44,26.04,25.416000000000018,25.03,23.47,56.78,0.67,0.63,0.04,奥尼电子,计算机、通信和其他电子设备制造业,创业板,26.637499999999978,26.207499999999964,25.854166666666632,25.69312499999991,24.31148936170213
301189,2024-12-03,26.23,26.23,26.5,25.95,26.35,24286.8,63584800.0,26.56,26.17,25.524000000000015,25.08,23.55,55.98,0.65,0.63,0.02,奥尼电子,计算机、通信和其他电子设备制造业,创业板,26.33499999999998,26.186249999999962,25.891666666666634,25.74249999999991,24.458723404255323
301189,2024-12-04,26.29,25.5,26.29,25.31,26.23,22090.0,56826500.0,26.17,26.14,25.60500000000001,25.1,23.62,51.29,0.57,0.62,-0.05,奥尼电子,计算机、通信和其他电子设备制造业,创业板,26.03749999999998,26.201249999999963,26.008333333333297,25.75499999999991,24.588510638297873
301189,2024-12-05,25.59,25.85,25.94,25.52,25.5,14682.0,37876600.0,26.0,26.08,25.665500000000016,25.15,23.69,53.31,0.52,0.6,-0.08,奥尼电子,计算机、通信和其他电子设备制造业,创业板,25.98249999999998,26.224999999999962,26.089999999999964,25.783749999999912,24.71617021276596
301189,2024-12-06,25.88,25.94,26.1,25.45,25.85,19362.6,49977000.0,25.97,26.14,25.730500000000017,25.19,23.77,53.84,0.49,0.58,-0.09,奥尼电子,计算机、通信和其他电子设备制造业,创业板,25.87999999999998,26.258749999999964,26.0983333333333,25.860624999999914,24.842127659574473
301189,2024-12-09,25.95,25.86,26.11,25.5,25.94,13718.3,35502300.0,25.88,26.16,25.751500000000014,25.21,23.85,53.26,0.44,0.55,-0.11,奥尼电子,计算机、通信和其他电子设备制造业,创业板,25.787499999999984,26.061249999999966,26.053333333333303,25.865624999999916,24.95851063829787
301189,2024-12-10,26.49,25.94,26.8,25.87,25.86,20735.0,54357400.0,25.82,26.19,25.78350000000002,25.27,23.95,53.8,0.42,0.52,-0.1,奥尼电子,计算机、通信和其他电子设备制造业,创业板,25.897499999999987,25.967499999999966,26.09999999999997,25.980624999999915,25.051489361702128
301189,2024-12-11,26.01,27.41,27.63,26.01,25.94,68978.3,186901000.0,26.2,26.18,25.88450000000002,25.38,24.07,62.34,0.5,0.52,-0.02,奥尼电子,计算机、通信和其他电子设备制造业,创业板,26.287499999999987,26.134999999999966,26.245833333333305,26.139374999999916,25.118723404255324
301189,2024-12-12,27.5,26.99,28.39,26.9,27.41,48106.0,131661000.0,26.43,26.21,25.998500000000018,25.48,24.18,58.98,0.53,0.52,0.01,奥尼电子,计算机、通信和其他电子设备制造业,创业板,26.54999999999999,26.214999999999968,26.355833333333305,26.211249999999918,25.122765957446813
301189,2024-12-13,27.12,27.24,27.89,26.72,26.99,45021.0,122956000.0,26.69,26.33,26.07150000000002,25.62,24.3,60.35,0.57,0.53,0.04,奥尼电子,计算机、通信和其他电子设备制造业,创业板,26.894999999999992,26.34124999999997,26.33916666666664,26.26374999999992,25.183191489361704
301189,2024-12-16,27.3,26.36,27.5,26.19,27.24,29746.0,79225500.0,26.79,26.33,26.18450000000002,25.72,24.4,53.58,0.53,0.53,0.0,奥尼电子,计算机、通信和其他电子设备制造业,创业板,26.999999999999993,26.44874999999997,26.31166666666664,26.32499999999992,25.210425531914897
301189,2024-12-17,26.36,24.84,26.47,24.73,26.36,25535.0,64672900.0,26.57,26.19,26.18300000000002,25.75,24.49,44.32,0.36,0.5,-0.14,奥尼电子,计算机、通信和其他电子设备制造业,创业板,26.357499999999995,26.32249999999997,26.209166666666636,26.273749999999918,25.216808510638298
301189,2024-12-18,25.05,25.66,26.0,24.2,24.84,27554.5,69506600.0,26.22,26.21,26.174000000000017,25.81,24.6,49.4,0.3,0.46,-0.16,奥尼电子,计算机、通信和其他电子设备制造业,创业板,26.024999999999995,26.28749999999997,26.15166666666664,26.27312499999992,25.244468085106387
301189,2024-12-19,25.56,26.42,26.77,25.12,25.66,33094.0,86071600.0,26.1,26.27,26.17500000000002,25.87,24.71,53.62,0.3,0.43,-0.13,奥尼电子,计算机、通信和其他电子设备制造业,创业板,25.819999999999997,26.357499999999966,26.167499999999972,26.20937499999992,25.299148936170223
301189,2024-12-20,26.36,26.85,27.1,26.28,26.42,29851.0,79877700.0,26.03,26.36,26.248500000000018,25.94,24.84,55.87,0.34,0.41,-0.07,奥尼电子,计算机、通信和其他电子设备制造业,创业板,25.9425,26.471249999999966,26.279999999999973,26.21937499999992,25.363404255319157
301189,2024-12-23,26.8,24.33,26.91,24.27,26.85,30300.0,76505900.0,25.62,26.2,26.182000000000023,25.9,24.92,42.8,0.16,0.36,-0.2,奥尼电子,计算机、通信和其他电子设备制造业,创业板,25.814999999999998,26.086249999999968,26.153333333333304,26.11062499999992,25.36808510638299
301189,2024-12-24,24.79,24.44,25.22,23.86,24.33,21232.0,51871900.0,25.54,26.05,26.12050000000003,25.87,25.0,43.42,0.03,0.29,-0.26,奥尼电子,计算机、通信和其他电子设备制造业,创业板,25.509999999999998,25.767499999999966,26.028333333333304,25.99124999999992,25.360638297872352
301189,2024-12-25,24.4,23.8,24.53,23.2,24.44,18784.0,44706000.0,25.17,25.69,25.938500000000023,25.82,25.06,40.65,-0.13,0.21,-0.34,奥尼电子,计算机、通信和其他电子设备制造业,创业板,24.854999999999997,25.337499999999967,25.856666666666637,25.83937499999992,25.33276595744682
301189,2024-12-26,23.83,24.5,24.71,23.63,23.8,13578.0,33174100.0,24.78,25.44,25.82900000000002,25.81,25.13,44.8,-0.2,0.13,-0.33,奥尼电子,计算机、通信和其他电子设备制造业,创业板,24.2675,25.10499999999997,25.736666666666636,25.77687499999992,25.324893617021292
301189,2024-12-27,24.67,25.09,25.44,24.3,24.5,19653.0,49226500.0,24.43,25.23,25.78000000000002,25.79,25.19,48.09,-0.2,0.06,-0.26,奥尼电子,计算机、通信和其他电子设备制造业,创业板,24.4575,25.13624999999997,25.543333333333297,25.729374999999916,25.333191489361713
301189,2024-12-30,24.91,25.1,25.45,23.89,25.09,18798.0,46574600.0,24.59,25.1,25.71750000000002,25.82,25.2,48.15,-0.19,0.01,-0.2,奥尼电子,计算机、通信和其他电子设备制造业,创业板,24.622500000000002,25.066249999999968,25.3858333333333,25.676874999999917,25.347659574468093
301189,2024-12-31,25.15,24.05,26.15,24.0,25.1,33422.0,83942700.0,24.51,25.02,25.608500000000014,25.8,25.16,42.88,-0.27,-0.05,-0.22,奥尼电子,计算机、通信和其他电子设备制造业,创业板,24.685000000000002,24.769999999999968,25.119999999999965,25.563749999999917,25.330851063829797
301189,2025-01-02,23.9,24.5,25.09,23.6,24.05,26543.8,64417900.0,24.65,24.91,25.558500000000016,25.75,25.16,45.62,-0.3,-0.1,-0.2,奥尼电子,计算机、通信和其他电子设备制造业,创业板,24.685000000000002,24.47624999999997,24.964999999999964,25.473749999999917,25.3172340425532
301189,2025-01-03,24.5,22.94,27.44,22.88,24.5,36184.6,88034700.0,24.34,24.56,25.413000000000018,25.64,25.12,38.68,-0.44,-0.16,-0.28,奥尼电子,计算机、通信和其他电子设备制造业,创业板,24.1475,24.302499999999966,24.806666666666633,25.194374999999916,25.28680851063831
301189,2025-01-06,22.7,22.27,22.99,21.61,22.94,21868.8,48986000.0,23.77,24.1,25.229500000000016,25.53,25.09,36.13,-0.59,-0.25,-0.34,奥尼电子,计算机、通信和其他电子设备制造业,创业板,23.439999999999998,24.031249999999968,24.52416666666663,24.899374999999914,25.248936170212776
301189,2025-01-07,22.57,23.32,23.37,22.38,22.27,15624.5,35849800.0,23.42,24.0,25.102500000000013,25.46,25.07,42.52,-0.62,-0.32,-0.3,奥尼电子,计算机、通信和其他电子设备制造业,创业板,23.257499999999997,23.971249999999966,24.265833333333294,24.654374999999913,25.234255319148946
301189,2025-01-08,23.12,22.82,23.33,22.03,23.32,13833.0,31452400.0,23.17,23.84,24.946500000000018,25.36,25.05,40.44,-0.69,-0.4,-0.29,奥尼电子,计算机、通信和其他电子设备制造业,创业板,22.8375,23.761249999999965,23.92999999999996,24.43312499999991,25.234468085106393
301189,2025-01-09,22.77,22.64,23.14,22.52,22.82,11154.0,25473200.0,22.8,23.72,24.70800000000002,25.2,25.03,39.69,-0.73,-0.46,-0.27,奥尼电子,计算机、通信和其他电子设备制造业,创业板,22.7625,23.454999999999966,23.789166666666627,24.295624999999912,25.2172340425532
301189,2025-01-10,22.67,21.51,22.85,21.51,22.64,11943.0,26490700.0,22.51,23.42,24.43400000000002,25.03,24.99,35.27,-0.86,-0.54,-0.32,奥尼电子,计算机、通信和其他电子设备制造业,创业板,22.5725,23.006249999999966,23.54499999999996,24.03624999999991,25.16276595744682
301189,2025-01-13,21.3,21.5,21.71,20.86,21.51,9271.0,19759100.0,22.36,23.06,24.14700000000002,24.88,24.93,35.23,-0.95,-0.62,-0.33,奥尼电子,计算机、通信和其他电子设备制造业,创业板,22.1175,22.687499999999964,23.353333333333293,23.72874999999991,25.112127659574476
301189,2025-01-14,21.78,22.82,22.84,21.7,21.5,12572.5,28100600.0,22.26,22.84,23.97000000000002,24.76,24.9,43.72,-0.9,-0.68,-0.22,奥尼电子,计算机、通信和其他电子设备制造业,创业板,22.1175,22.477499999999964,23.213333333333292,23.476874999999907,25.073404255319154
301189,2025-01-15,22.93,23.14,24.8,22.47,22.82,27207.0,63639100.0,22.32,22.75,23.88500000000002,24.65,24.87,45.58,-0.83,-0.71,-0.12,奥尼电子,计算机、通信和其他电子设备制造业,创业板,22.2425,22.502499999999962,23.05083333333329,23.402499999999907,25.041489361702133
301189,2025-01-16,23.5,23.33,23.98,22.68,23.14,23974.7,55814600.0,22.46,22.63,23.768500000000017,24.58,24.84,46.71,-0.75,-0.72,-0.03,奥尼电子,计算机、通信和其他电子设备制造业,创业板,22.697499999999998,22.63499999999996,22.90333333333329,23.333124999999907,24.996595744680853
301189,2025-01-17,23.27,22.97,23.39,22.71,23.33,14699.6,33888600.0,22.75,22.63,23.596000000000018,24.49,24.82,44.81,-0.7,-0.71,0.01,奥尼电子,计算机、通信和其他电子设备制造业,创业板,23.064999999999998,22.59124999999996,22.81333333333329,23.281249999999904,24.94702127659575
301189,2025-01-20,23.25,23.22,23.39,22.81,22.97,9042.0,20945600.0,23.1,22.73,23.414500000000015,24.4,24.79,46.44,-0.64,-0.7,0.06,奥尼电子,计算机、通信和其他电子设备制造业,创业板,23.165,22.64124999999996,22.70666666666662,23.201249999999902,24.90085106382979
301189,2025-01-21,23.23,23.2,23.38,22.53,23.22,14213.8,32610900.0,23.17,22.72,23.358000000000015,24.31,24.76,46.32,-0.59,-0.68,0.09,奥尼电子,计算机、通信和其他电子设备制造业,创业板,23.18,22.711249999999957,22.728333333333286,23.083124999999903,24.868723404255324
301189,2025-01-22,22.96,22.87,23.2,22.71,23.2,8063.0,18495500.0,23.12,22.72,23.279500000000017,24.2,24.73,44.33,-0.57,-0.66,0.09,奥尼电子,计算机、通信和其他电子设备制造业,创业板,23.065,22.88124999999996,22.77833333333329,22.943749999999902,24.806808510638298
301189,2025-01-23,23.01,22.63,23.32,22.63,22.87,12880.0,29640500.0,22.98,22.72,23.221000000000014,24.04,24.71,42.88,-0.56,-0.64,0.08,奥尼电子,计算机、通信和其他电子设备制造业,创业板,22.98,23.022499999999958,22.72083333333329,22.8549999999999,24.775531914893623
301189,2025-01-24,22.86,23.43,23.46,22.62,22.63,13962.2,32191100.0,23.07,22.91,23.167500000000015,23.93,24.7,48.87,-0.48,-0.61,0.13,奥尼电子,计算机、通信和其他电子设备制造业,创业板,23.0325,23.09874999999996,22.771666666666622,22.7881249999999,24.744893617021287
301189,2025-01-27,23.43,23.27,23.78,23.17,23.43,11093.0,26086500.0,23.08,23.09,23.076500000000017,23.79,24.71,47.79,-0.43,-0.57,0.14,奥尼电子,计算机、通信和其他电子设备制造业,创业板,23.049999999999997,23.11499999999996,22.824166666666624,22.8087499999999,24.690212765957458
301189,2025-02-05,23.3,23.92,23.92,23.3,23.27,12982.7,30815700.0,23.22,23.2,23.017500000000016,23.71,24.72,52.38,-0.34,-0.52,0.18,奥尼电子,计算机、通信和其他电子设备制造业,创业板,23.312499999999996,23.188749999999963,23.02499999999996,22.911874999999903,24.63744680851065
301189,2025-02-06,23.98,24.54,24.54,23.71,23.92,13614.0,33050000.0,23.56,23.34,23.042000000000016,23.7,24.72,56.33,-0.21,-0.46,0.25,奥尼电子,计算机、通信和其他电子设备制造业,创业板,23.79,23.384999999999962,23.278333333333293,22.988124999999904,24.619574468085112
301189,2025-02-07,24.58,24.5,24.92,24.26,24.54,15967.0,39266100.0,23.93,23.46,23.042000000000016,23.66,24.74,56.01,-0.1,-0.39,0.29,奥尼电子,计算机、通信和其他电子设备制造业,创业板,24.057499999999997,23.544999999999963,23.418333333333294,23.093124999999905,24.59489361702128
301189,2025-02-10,24.39,25.38,26.01,24.39,24.5,26675.2,67395600.0,24.32,23.7,23.164000000000016,23.63,24.75,61.27,0.04,-0.3,0.34,奥尼电子,计算机、通信和其他电子设备制造业,创业板,24.584999999999997,23.817499999999963,23.60499999999996,23.264374999999905,24.588723404255326
301189,2025-02-11,25.5,25.15,25.6,25.03,25.38,13498.0,34061500.0,24.7,23.89,23.308000000000014,23.57,24.76,59.27,0.15,-0.21,0.36,奥尼电子,计算机、通信和其他电子设备制造业,创业板,24.892499999999995,24.102499999999964,23.75666666666663,23.491874999999904,24.540000000000006
301189,2025-02-12,25.15,25.2,25.3,24.85,25.15,13171.0,33065700.0,24.95,24.09,23.402000000000015,23.6,24.75,59.58,0.22,-0.13,0.35,奥尼电子,计算机、通信和其他电子设备制造业,创业板,25.057499999999997,24.423749999999963,23.942499999999956,23.723124999999904,24.50829787234043
301189,2025-02-13,25.2,25.04,25.4,24.84,25.2,11623.0,29167100.0,25.05,24.31,23.513000000000016,23.62,24.75,58.07,0.28,-0.04,0.32,奥尼电子,计算机、通信和其他电子设备制造业,创业板,25.192499999999995,24.62499999999996,24.094166666666627,23.861874999999905,24.486382978723412
301189,2025-02-14,25.0,25.07,25.27,24.9,25.04,8475.39,21268800.0,25.17,24.55,23.634500000000017,23.66,24.74,58.28,0.3,0.02,0.28,奥尼电子,计算机、通信和其他电子设备制造业,创业板,25.114999999999995,24.84999999999996,24.24999999999996,23.982499999999906,24.45914893617022
301189,2025-02-17,26.61,30.08,30.08,26.5,25.07,117429.0,344483000.0,26.11,25.21,24.063000000000017,23.85,24.83,78.24,0.73,0.17,0.56,奥尼电子,计算机、通信和其他电子设备制造业,创业板,26.34749999999999,25.619999999999955,24.850833333333295,24.404374999999906,24.54106382978724
301189,2025-02-18,29.5,27.08,29.79,26.77,30.08,141546.0,399329000.0,26.49,25.6,24.342000000000017,23.92,24.85,59.79,0.81,0.29,0.52,奥尼电子,计算机、通信和其他电子设备制造业,创业板,26.817499999999992,25.937499999999954,25.221666666666625,24.661249999999903,24.574680851063835
301189,2025-02-19,26.64,27.41,27.56,26.18,27.08,91022.1,244810000.0,26.94,25.94,24.571500000000018,23.99,24.91,60.89,0.9,0.42,0.48,奥尼电子,计算机、通信和其他电子设备制造业,创业板,27.409999999999997,26.301249999999953,25.553333333333295,24.923124999999906,24.60787234042554
301189,2025-02-20,27.43,26.85,27.62,26.79,27.41,57366.2,155187000.0,27.3,26.18,24.757000000000016,24.09,24.94,58.01,0.91,0.51,0.4,奥尼电子,计算机、通信和其他电子设备制造业,创业板,27.854999999999997,26.484999999999953,25.85166666666663,25.15124999999991,24.627234042553198
301189,2025-02-21,26.91,27.1,27.44,26.5,26.85,56071.0,151629000.0,27.7,26.44,24.945500000000017,24.17,24.96,58.94,0.93,0.6,0.33,奥尼电子,计算机、通信和其他电子设备制造业,创业板,27.109999999999996,26.728749999999952,26.11666666666663,25.41562499999991,24.653617021276602
301189,2025-02-24,27.38,27.2,28.47,27.05,27.1,61232.1,169317000.0,27.13,26.62,25.157000000000018,24.32,24.98,59.33,0.94,0.67,0.27,奥尼电子,计算机、通信和其他电子设备制造业,创业板,27.139999999999997,26.978749999999952,26.338333333333296,25.70124999999991,24.6804255319149
301189,2025-02-25,26.66,27.3,27.65,26.4,27.2,44085.2,120085000.0,27.17,26.83,25.36100000000001,24.48,25.01,59.74,0.95,0.72,0.23,奥尼电子,计算机、通信和其他电子设备制造业,创业板,27.112499999999997,27.261249999999954,26.57166666666663,25.94312499999991,24.67808510638298
301189,2025-02-26,27.3,27.17,27.31,26.82,27.3,33040.0,89415700.0,27.12,27.03,25.55950000000001,24.61,25.03,58.91,0.93,0.76,0.17,奥尼电子,计算机、通信和其他电子设备制造业,创业板,27.192500000000003,27.523749999999957,26.7208333333333,26.18687499999991,24.681914893617027
301189,2025-02-27,27.1,26.75,27.1,26.28,27.17,27319.0,72788600.0,27.1,27.2,25.753500000000013,24.74,25.05,56.18,0.87,0.79,0.08,奥尼电子,计算机、通信和其他电子设备制造业,创业板,27.105000000000004,27.10749999999996,26.854166666666632,26.36374999999991,24.671489361702132
301189,2025-02-28,26.59,25.71,26.6,25.6,26.75,23481.0,61152600.0,26.83,27.26,25.907500000000017,24.84,25.02,50.0,0.73,0.77,-0.04,奥尼电子,计算机、通信和其他电子设备制造业,创业板,26.732500000000005,26.93624999999996,26.896666666666633,26.436874999999908,24.65765957446809
301189,2025-03-03,25.71,25.7,26.22,25.54,25.71,16356.3,42336000.0,26.53,26.83,26.021000000000022,24.98,25.01,49.94,0.62,0.74,-0.12,奥尼电子,计算机、通信和其他电子设备制造业,创业板,26.332500000000007,26.722499999999958,26.95166666666663,26.511874999999907,24.67595744680852
301189,2025-03-04,25.44,26.47,26.55,25.44,25.7,17812.2,46670500.0,26.36,26.77,26.181000000000022,25.15,25.01,54.26,0.58,0.71,-0.13,奥尼电子,计算机、通信和其他电子设备制造业,创业板,26.157500000000002,26.674999999999958,27.068333333333296,26.579999999999906,24.69319148936171
301189,2025-03-05,26.33,26.55,26.62,26.12,26.47,13919.0,36725400.0,26.24,26.68,26.31250000000002,25.27,25.02,54.69,0.56,0.68,-0.12,奥尼电子,计算机、通信和其他电子设备制造业,创业板,26.1075,26.60624999999996,26.77416666666663,26.667499999999908,24.695957446808517
301189,2025-03-06,26.55,27.34,27.67,26.5,26.55,32134.0,87398700.0,26.35,26.73,26.452500000000025,25.41,25.03,58.87,0.59,0.66,-0.07,奥尼电子,计算机、通信和其他电子设备制造业,创业板,26.515,26.623749999999962,26.795833333333295,26.801249999999907,24.70638297872341
301189,2025-03-07,27.25,26.97,27.86,26.78,27.34,25282.2,69024700.0,26.61,26.72,26.57600000000003,25.54,25.06,56.26,0.57,0.64,-0.07,奥尼电子,计算机、通信和其他电子设备制造业,创业板,26.8325,26.58249999999996,26.759166666666626,26.921874999999904,24.76255319148937
301189,2025-03-10,26.86,26.96,27.32,26.69,26.97,14912.0,40160200.0,26.86,26.69,26.65500000000003,25.67,25.08,56.18,0.56,0.63,-0.07,奥尼电子,计算机、通信和其他电子设备制造业,创业板,26.955,26.556249999999963,26.76833333333329,27.039999999999903,24.816170212765964
301189,2025-03-11,26.52,26.79,26.93,26.46,26.96,13332.0,35578000.0,26.92,26.64,26.73700000000003,25.79,25.09,54.88,0.53,0.61,-0.08,奥尼电子,计算机、通信和其他电子设备制造业,创业板,27.014999999999997,26.561249999999962,26.742499999999954,26.834374999999905,24.87978723404256
301189,2025-03-12,26.99,26.66,27.01,26.63,26.79,14652.0,39309900.0,26.94,26.59,26.810000000000024,25.9,25.1,53.86,0.49,0.58,-0.09,奥尼电子,计算机、通信和其他电子设备制造业,创业板,26.845,26.67999999999996,26.69749999999996,26.808124999999908,24.925744680851075
301189,2025-03-13,26.61,26.28,26.93,25.97,26.66,18676.0,49136700.0,26.73,26.54,26.872000000000025,26.02,25.11,50.87,0.42,0.55,-0.13,奥尼电子,计算机、通信和其他电子设备制造业,创业板,26.6725,26.752499999999962,26.612499999999958,26.73749999999991,24.951063829787245
301189,2025-03-14,26.16,26.85,26.85,25.89,26.28,15870.0,41987700.0,26.71,26.66,26.961000000000023,26.16,25.1,54.91,0.41,0.52,-0.11,奥尼电子,计算机、通信和其他电子设备制造业,创业板,26.644999999999996,26.79999999999996,26.585833333333294,26.73749999999991,24.988297872340436
301189,2025-03-17,26.85,26.94,27.09,26.66,26.85,14600.7,39252600.0,26.7,26.78,26.804000000000023,26.27,25.1,55.54,0.4,0.5,-0.1,奥尼电子,计算机、通信和其他电子设备制造业,创业板,26.682499999999997,26.84874999999996,26.601666666666627,26.727499999999907,25.049787234042565
301189,2025-03-18,26.96,27.35,27.39,26.84,26.94,18509.0,50198300.0,26.82,26.87,26.817500000000024,26.41,25.1,58.35,0.42,0.48,-0.06,奥尼电子,计算机、通信和其他电子设备制造业,创业板,26.854999999999997,26.84999999999996,26.738333333333298,26.73687499999991,25.110425531914906
301189,2025-03-19,27.08,27.39,28.0,27.02,27.35,20702.7,56727300.0,26.96,26.95,26.816500000000026,26.53,25.12,58.63,0.44,0.47,-0.03,奥尼电子,计算机、通信和其他电子设备制造业,创业板,27.1325,26.902499999999957,26.87916666666663,26.742499999999907,25.205106382978734
301189,2025-03-20,27.38,27.19,27.6,26.74,27.39,18004.7,49178500.0,27.14,26.94,26.833500000000026,26.61,25.16,56.61,0.43,0.47,-0.04,奥尼电子,计算机、通信和其他电子设备制造业,创业板,27.2175,26.931249999999956,26.939166666666626,26.743749999999906,25.309787234042567
301189,2025-03-21,26.97,26.41,27.17,26.34,27.19,16170.0,43025400.0,27.06,26.88,26.799000000000024,26.68,25.17,49.46,0.36,0.44,-0.08,奥尼电子,计算机、通信和其他电子设备制造业,创业板,27.085,26.883749999999957,26.927499999999963,26.722499999999908,25.375531914893635
301189,2025-03-24,26.4,25.08,26.46,24.6,26.41,23021.0,58580000.0,26.68,26.69,26.693000000000023,26.67,25.15,40.15,0.19,0.39,-0.2,奥尼电子,计算机、通信和其他电子设备制造业,创业板,26.517500000000005,26.686249999999955,26.73916666666663,26.683124999999908,25.423617021276613
301189,2025-03-25,25.06,24.88,25.26,24.56,25.08,12077.1,30136400.0,26.19,26.5,26.572000000000024,26.66,25.12,38.97,0.04,0.32,-0.28,奥尼电子,计算机、通信和其他电子设备制造业,创业板,25.890000000000004,26.511249999999954,26.56499999999996,26.63187499999991,25.471276595744698
