code,timestamps,open,close,high,low,ycp,vol,amount,MA5,MA10,MA20,MA30,MA60,MSI,DIF,DEA,MACD_Hist,name,industry,block,MA4,MA8,MA12,MA16,MA47
600486,2018-04-02,48.0,48.77,49.97,48.0,47.9,24828.4,121991000.0,,,48.77,,,,0.0,0.0,0.0,扬农化工,化学原料和化学制品制造业,主板,48.77,48.77,48.77,48.77,48.77
600486,2018-04-03,48.5,49.28,49.49,47.89,48.77,23651.3,115785000.0,,,49.025000000000006,,,,0.04,0.01,0.03,扬农化工,化学原料和化学制品制造业,主板,49.025000000000006,49.025000000000006,49.025000000000006,49.025000000000006,49.025000000000006
600486,2018-04-04,49.29,49.99,50.73,48.68,49.28,23396.4,117056000.0,,,49.34666666666667,,,,0.12,0.03,0.09,扬农化工,化学原料和化学制品制造业,主板,49.34666666666667,49.34666666666667,49.34666666666667,49.34666666666667,49.34666666666667
600486,2018-04-09,49.68,47.56,49.68,46.58,49.99,33471.6,160369000.0,,,48.900000000000006,,,,0.0,0.02,-0.02,扬农化工,化学原料和化学制品制造业,主板,48.900000000000006,48.900000000000006,48.900000000000006,48.900000000000006,48.900000000000006
600486,2018-04-10,47.01,48.8,48.87,47.01,47.56,28032.3,134733000.0,48.88,,48.88000000000001,,,,0.0,0.02,-0.02,扬农化工,化学原料和化学制品制造业,主板,48.907500000000006,48.88000000000001,48.88000000000001,48.88000000000001,48.88000000000001
600486,2018-04-11,49.08,49.35,50.15,48.02,48.8,12928.4,63975900.0,49.0,,48.95833333333334,,,,0.04,0.02,0.02,扬农化工,化学原料和化学制品制造业,主板,48.925000000000004,48.95833333333334,48.95833333333334,48.95833333333334,48.95833333333334
600486,2018-04-12,48.91,49.38,49.97,48.91,49.35,14951.1,73803300.0,49.02,,49.018571428571434,,,,0.08,0.03,0.05,扬农化工,化学原料和化学制品制造业,主板,48.7725,49.018571428571434,49.018571428571434,49.018571428571434,49.018571428571434
600486,2018-04-13,49.43,48.4,49.87,48.0,49.38,10589.9,51377500.0,48.7,,48.941250000000004,,,,0.03,0.03,0.0,扬农化工,化学原料和化学制品制造业,主板,48.9825,48.941250000000004,48.941250000000004,48.941250000000004,48.941250000000004
600486,2018-04-16,48.25,47.37,49.37,46.95,48.4,17601.3,84162600.0,48.66,,48.76666666666667,,,,-0.09,0.01,-0.1,扬农化工,化学原料和化学制品制造业,主板,48.625,48.76625000000001,48.76666666666667,48.76666666666667,48.76666666666667
600486,2018-04-17,47.19,45.1,48.03,45.02,47.37,35896.6,164980000.0,47.92,48.4,48.400000000000006,,,,-0.36,-0.06,-0.3,扬农化工,化学原料和化学制品制造业,主板,47.5625,48.243750000000006,48.400000000000006,48.400000000000006,48.400000000000006
600486,2018-04-18,45.2,45.3,45.96,44.09,45.1,25648.5,115229000.0,47.11,48.05,48.118181818181824,,,,-0.56,-0.16,-0.4,扬农化工,化学原料和化学制品制造业,主板,46.542500000000004,47.657500000000006,48.118181818181824,48.118181818181824,48.118181818181824
600486,2018-04-19,45.31,46.84,47.16,45.0,45.3,17390.5,80692900.0,46.6,47.81,48.01166666666668,,,,-0.59,-0.25,-0.34,扬农化工,化学原料和化学制品制造业,主板,46.1525,47.5675,48.01166666666668,48.01166666666668,48.01166666666668
600486,2018-04-20,46.85,45.58,47.02,45.11,46.84,13488.5,61930000.0,46.04,47.37,47.8246153846154,,,,-0.7,-0.34,-0.36,扬农化工,化学原料和化学制品制造业,主板,45.705,47.165,47.745833333333344,47.8246153846154,47.8246153846154
600486,2018-04-23,46.0,45.42,46.0,44.44,45.58,16152.4,72934400.0,45.65,47.15,47.65285714285715,,,35.0,-0.79,-0.43,-0.36,扬农化工,化学原料和化学制品制造业,主板,45.785000000000004,46.67375,47.42416666666668,47.65285714285715,47.65285714285715
600486,2018-04-24,49.06,49.96,49.96,49.06,45.42,52353.9,259666000.0,46.62,47.27,47.80666666666668,,,58.76,-0.5,-0.44,-0.06,扬农化工,化学原料和化学制品制造业,主板,46.95,46.746249999999996,47.42166666666668,47.80666666666668,47.80666666666668
600486,2018-04-25,51.39,51.58,52.48,50.54,49.96,64629.9,333904000.0,47.88,47.49,48.04250000000001,,,63.84,-0.13,-0.38,0.25,扬农化工,化学原料和化学制品制造业,主板,48.135,47.14375,47.75666666666668,48.04250000000001,48.04250000000001
600486,2018-04-26,51.21,51.63,52.3,51.16,51.58,24719.5,127806000.0,48.83,47.72,48.25352941176472,,,63.99,0.17,-0.27,0.44,扬农化工,化学原料和化学制品制造业,主板,49.647499999999994,47.676249999999996,47.992500000000014,48.22125000000001,48.25352941176472
600486,2018-04-27,52.11,51.92,53.2,51.18,51.63,28144.9,146572000.0,50.1,48.07,48.45722222222223,,,64.88,0.42,-0.13,0.55,扬农化工,化学原料和化学制品制造业,主板,51.272499999999994,48.528749999999995,48.20666666666668,48.38625000000001,48.45722222222223
600486,2018-05-02,51.92,54.13,54.29,51.92,51.92,33858.2,181922000.0,51.84,48.75,48.75578947368422,,,70.83,0.79,0.05,0.74,扬农化工,化学原料和化学制品制造业,主板,52.31499999999999,49.63249999999999,48.60250000000001,48.64500000000001,48.75578947368422
600486,2018-05-03,53.94,54.58,55.0,53.71,54.13,35062.5,190835000.0,52.77,49.69,49.04700000000001,,,71.87,1.1,0.26,0.84,扬农化工,化学原料和化学制品制造业,主板,53.065,50.599999999999994,49.117500000000014,49.08375000000001,49.04700000000001
600486,2018-05-04,54.5,56.5,56.58,54.3,54.58,35006.2,195620000.0,53.75,50.81,49.4335,,,75.85,1.49,0.51,0.98,扬农化工,化学原料和化学制品制造业,主板,54.2825,51.964999999999996,49.87833333333335,49.56500000000001,49.40190476190477
600486,2018-05-07,56.5,57.32,58.99,56.1,56.5,45381.8,261945000.0,54.89,51.86,49.8355,,,77.32,1.84,0.77,1.07,扬农化工,化学原料和化学制品制造业,主板,55.63249999999999,53.45249999999999,50.89666666666668,50.063125000000014,49.76181818181818
600486,2018-05-08,57.32,57.4,57.95,56.3,57.32,33785.9,192990000.0,55.99,53.04,50.206,,,77.47,2.11,1.04,1.07,扬农化工,化学原料和化学制品制造业,主板,56.44999999999999,54.38249999999999,51.90500000000002,50.56437500000001,50.09391304347827
600486,2018-05-09,57.9,57.91,57.98,56.2,57.4,21318.9,122205000.0,56.74,54.29,50.723500000000016,,,78.41,2.33,1.3,1.03,扬农化工,化学原料和化学制品制造业,主板,57.282499999999985,55.17374999999999,52.827500000000015,51.15875000000001,50.41958333333334
600486,2018-05-10,57.92,57.4,58.88,56.81,57.91,26771.7,155112000.0,57.31,55.04,51.15350000000002,,,75.02,2.43,1.53,0.9,扬农化工,化学原料和化学制品制造业,主板,57.50749999999998,55.89499999999999,53.81250000000001,51.78562500000001,50.69880000000001
600486,2018-05-11,57.9,57.49,58.98,57.28,57.4,24524.1,142811000.0,57.5,55.63,51.560500000000026,,,75.23,2.49,1.72,0.77,扬农化工,化学原料和化学制品制造业,主板,57.54999999999998,56.59124999999999,54.81833333333335,52.56000000000001,50.96000000000001
600486,2018-05-14,57.17,57.15,58.6,56.38,57.49,23237.5,133417000.0,57.47,56.18,51.94900000000003,,,72.82,2.49,1.87,0.62,扬农化工,化学原料和化学制品制造业,主板,57.487499999999976,56.968749999999986,55.41750000000001,53.30062500000001,51.18925925925927
600486,2018-05-15,57.47,58.25,58.47,56.78,57.15,21248.5,123119000.0,57.64,56.81,52.44150000000002,,,75.55,2.55,2.01,0.54,扬农化工,化学原料和化学制品制造业,主板,57.572499999999984,57.42749999999999,55.973333333333336,54.01375000000001,51.44142857142858
600486,2018-05-16,58.11,58.09,58.84,57.49,58.25,20823.9,121119000.0,57.68,57.21,52.97750000000002,,,74.38,2.54,2.11,0.43,扬农化工,化学原料和化学制品制造业,主板,57.74499999999998,57.626249999999985,56.51166666666668,54.79562500000001,51.670689655172424
600486,2018-05-17,58.67,61.05,62.06,57.87,58.09,40705.7,245503000.0,58.41,57.86,53.77500000000002,51.98,,80.42,2.76,2.24,0.52,扬农化工,化学原料和化学制品制造业,主板,58.63499999999998,58.09249999999998,57.27250000000001,55.77250000000001,51.98333333333334
600486,2018-05-18,60.01,61.81,63.25,60.0,61.05,43775.7,270996000.0,59.27,58.39,54.600500000000025,52.42,,81.62,2.95,2.38,0.57,扬农化工,化学原料和化学制品制造业,主板,59.799999999999976,58.64374999999998,57.912500000000016,56.513125,52.300322580645165
600486,2018-05-21,62.05,64.0,64.5,62.0,61.81,41424.5,264694000.0,60.64,59.06,55.45850000000003,52.91,,84.55,3.23,2.55,0.68,扬农化工,化学原料和化学制品制造业,主板,61.23749999999998,59.40499999999999,58.69750000000001,57.289375,52.665937500000005
600486,2018-05-22,64.0,62.99,64.93,62.26,64.0,35303.1,224278000.0,61.59,59.61,56.32900000000003,53.34,,78.34,3.35,2.71,0.64,扬农化工,化学原料和化学制品制造业,主板,62.462499999999984,60.10374999999999,59.238333333333344,57.999375,52.978787878787884
600486,2018-05-23,62.9,60.18,62.9,58.94,62.99,77663.2,471891000.0,62.01,59.84,57.06700000000003,53.76,,64.21,3.17,2.8,0.37,扬农化工,化学原料和化学制品制造业,主板,62.244999999999976,60.43999999999998,59.47666666666667,58.515625,53.19058823529412
600486,2018-05-24,60.18,60.19,61.58,59.68,60.18,38619.9,234729000.0,61.83,60.12,57.578500000000034,54.14,,64.23,3.0,2.84,0.16,扬农化工,化学原料和化学制品制造业,主板,61.839999999999975,60.81999999999998,59.709166666666675,58.894375000000004,53.390571428571434
600486,2018-05-25,60.38,59.12,61.5,58.63,60.19,33329.8,199442000.0,61.3,60.28,57.95550000000003,54.47,,59.5,2.75,2.82,-0.07,扬农化工,化学原料和化学制品制造业,主板,60.619999999999976,60.92874999999998,59.81000000000001,59.178125,53.54972222222223
600486,2018-05-28,59.88,59.32,60.32,58.4,59.12,37362.5,221659000.0,60.36,60.5,58.34000000000002,54.8,,60.09,2.53,2.77,-0.24,扬农化工,化学原料和化学制品制造业,主板,59.70249999999997,61.08249999999998,59.97000000000002,59.354375000000005,53.70567567567568
600486,2018-05-29,59.97,60.36,61.29,59.0,59.32,29967.8,181438000.0,59.83,60.71,58.762000000000015,55.2,,63.11,2.41,2.69,-0.28,扬农化工,化学原料和化学制品制造业,主板,59.747499999999974,60.99624999999998,60.20916666666668,59.544375,53.88078947368421
600486,2018-05-30,59.0,58.51,60.31,57.18,60.36,30944.1,183341000.0,59.5,60.75,58.98100000000001,55.57,,55.12,2.15,2.59,-0.44,扬农化工,化学原料和化学制品制造业,主板,59.32749999999997,60.58374999999999,60.32250000000002,59.61375,53.99948717948718
600486,2018-05-31,58.83,58.73,59.9,58.48,58.51,23614.9,139448000.0,59.21,60.52,59.18850000000001,56.02,,55.83,1.93,2.45,-0.52,扬农化工,化学原料和化学制品制造业,主板,59.229999999999976,59.92499999999998,60.36250000000002,59.665000000000006,54.11775
600486,2018-06-01,58.9,57.81,59.7,57.39,58.73,24617.0,144061000.0,58.95,60.12,59.254000000000005,56.44,,52.09,1.67,2.3,-0.63,扬农化工,化学原料和化学制品制造业,主板,58.85249999999998,59.277499999999975,60.33916666666669,59.690625000000004,54.20780487804878
600486,2018-06-04,57.98,60.64,61.16,57.98,57.81,25437.1,152045000.0,59.21,59.78,59.420000000000016,56.9,,60.8,1.67,2.17,-0.5,扬农化工,化学原料和化学制品制造业,主板,58.92249999999997,59.33499999999997,60.30500000000003,59.8875,54.36095238095238
600486,2018-06-05,59.98,60.49,60.81,59.01,60.64,22140.9,132629000.0,59.24,59.53,59.574500000000015,57.4,,60.17,1.64,2.07,-0.43,扬农化工,化学原料和化学制品制造业,主板,59.417499999999976,59.37249999999997,60.19500000000003,60.096250000000005,54.50348837209302
600486,2018-06-06,60.42,59.33,60.42,59.05,60.49,20197.8,120506000.0,59.4,59.45,59.645500000000006,57.86,,55.43,1.51,1.95,-0.44,扬农化工,化学原料和化学制品制造业,主板,59.567499999999974,59.398749999999964,59.80583333333337,60.16375000000001,54.61318181818181
600486,2018-06-07,60.0,58.84,60.16,58.1,59.33,19689.3,116583000.0,59.42,59.32,59.717499999999994,58.16,,53.52,1.35,1.83,-0.48,扬农化工,化学原料和化学制品制造业,主板,59.824999999999974,59.33874999999997,59.460000000000036,60.21062500000001,54.707111111111104
600486,2018-06-08,58.1,58.78,58.99,57.71,58.84,12718.4,74211900.0,59.62,59.28,59.782,58.4,,53.27,1.2,1.71,-0.51,扬农化工,化学原料和化学制品制造业,主板,59.359999999999985,59.14124999999997,59.34333333333337,60.06875000000001,54.79565217391304
600486,2018-06-11,58.73,57.01,60.1,56.9,58.78,25808.8,150997000.0,58.89,59.05,59.77499999999999,58.58,,46.55,0.93,1.55,-0.62,扬农化工,化学原料和化学制品制造业,主板,58.48999999999998,58.95374999999997,59.078333333333376,59.76875000000001,54.84276595744681
600486,2018-06-12,57.46,59.65,59.82,56.99,57.01,23263.3,136588000.0,58.72,58.98,59.84499999999999,58.83,,55.56,0.92,1.43,-0.51,扬农化工,化学原料和化学制品制造业,主板,58.56999999999998,59.068749999999966,59.12250000000004,59.49687500000001,55.07425531914894
600486,2018-06-13,59.71,60.62,62.49,59.71,59.65,32551.9,199413000.0,58.98,59.19,59.97149999999999,59.05,,58.33,0.98,1.34,-0.36,扬农化工,化学原料和化学制品制造业,主板,59.01499999999998,59.419999999999966,59.23083333333337,59.34875000000001,55.31553191489362
600486,2018-06-14,61.0,59.22,61.4,58.84,60.62,20741.2,123884000.0,59.06,59.24,59.879999999999995,59.21,,53.17,0.9,1.25,-0.35,扬农化工,化学原料和化学制品制造业,主板,59.12499999999998,59.242499999999964,59.13583333333337,59.288750000000014,55.51191489361702
600486,2018-06-15,58.96,57.85,59.68,57.15,59.22,18936.3,110060000.0,58.87,59.24,59.681999999999995,59.25,,48.63,0.72,1.14,-0.42,扬农化工,化学原料和化学制品制造业,主板,59.33499999999998,58.912499999999966,59.08083333333337,59.14250000000001,55.73085106382978
600486,2018-06-19,57.8,55.18,57.8,54.5,57.85,28438.4,158490000.0,58.5,58.7,59.241,59.18,,41.25,0.35,0.98,-0.63,扬农化工,化学原料和化学制品制造业,主板,58.21749999999998,58.39374999999996,58.78500000000003,58.89625000000001,55.86659574468084
600486,2018-06-20,55.19,55.64,56.68,55.05,55.18,18779.3,104857000.0,57.7,58.21,58.8735,59.12,,42.86,0.11,0.81,-0.7,扬农化工,化学原料和化学制品制造业,主板,56.97249999999998,57.99374999999996,58.60416666666671,58.666250000000005,56.000425531914885
600486,2018-06-21,55.53,56.88,58.88,55.53,55.64,24892.3,142921000.0,56.95,57.97,58.7085,59.09,,47.07,0.0,0.65,-0.65,扬农化工,化学原料和化学制品制造业,主板,56.38749999999998,57.756249999999966,58.290833333333374,58.448750000000004,56.15999999999999
600486,2018-06-22,56.15,57.23,57.65,56.15,56.88,19548.3,111364000.0,56.56,57.81,58.560500000000005,59.08,,48.23,-0.04,0.51,-0.55,扬农化工,化学原料和化学制品制造业,主板,56.23249999999998,57.78374999999997,58.019166666666706,58.368750000000006,56.34787234042552
600486,2018-06-25,58.47,56.43,58.47,56.05,57.23,18191.3,103124000.0,56.27,57.57,58.42600000000001,59.04,,45.76,-0.15,0.38,-0.53,扬农化工,化学原料和化学制品制造业,主板,56.54499999999997,57.381249999999966,57.77750000000003,58.225,56.54063829787233
600486,2018-06-26,55.92,56.22,56.87,55.21,56.43,16839.7,94062200.0,56.48,57.49,58.271000000000015,59.01,,45.11,-0.24,0.25,-0.49,扬农化工,化学原料和化学制品制造业,主板,56.68999999999997,56.83124999999997,57.5591666666667,58.125625,56.777234042553175
600486,2018-06-27,56.53,54.8,56.58,53.88,56.22,24251.8,133249000.0,56.31,57.01,57.993000000000016,58.9,,40.86,-0.43,0.12,-0.55,扬农化工,化学原料和化学制品制造业,主板,56.16999999999997,56.278749999999974,57.22750000000003,57.760625,56.97936170212765
600486,2018-06-28,54.82,53.57,54.97,53.52,54.8,17270.4,93498300.0,55.65,56.3,57.746000000000016,58.75,,37.57,-0.67,-0.04,-0.63,扬农化工,化学原料和化学制品制造业,主板,55.254999999999974,55.74374999999997,56.940833333333366,57.328125,57.122553191489345
600486,2018-06-29,53.8,55.93,56.36,53.66,53.57,21837.6,121251000.0,55.39,55.97,57.606000000000016,58.58,55.28,46.49,-0.65,-0.16,-0.49,扬农化工,化学原料和化学制品制造业,主板,55.12999999999997,55.83749999999997,56.630833333333364,57.115624999999994,57.342765957446794
600486,2018-07-02,56.6,56.57,57.95,56.1,55.93,23222.2,132432000.0,55.42,55.85,57.54400000000002,58.4,55.41,48.63,-0.59,-0.25,-0.34,扬农化工,化学原料和化学制品制造业,主板,55.217499999999966,55.95374999999997,56.29333333333337,56.973749999999995,57.579999999999984
600486,2018-07-03,56.24,56.62,57.45,55.6,56.57,28239.1,159208000.0,55.5,55.99,57.343,58.16,55.53,48.8,-0.53,-0.3,-0.23,扬农化工,化学原料和化学制品制造业,主板,55.67249999999996,55.92124999999997,56.0766666666667,56.83875,57.721702127659555
600486,2018-07-04,56.5,56.8,57.9,55.99,56.62,24261.9,138472000.0,55.9,56.1,57.158500000000004,57.95,55.65,49.46,-0.46,-0.34,-0.12,扬农化工,化学原料和化学制品制造业,主板,56.47999999999996,55.86749999999997,55.9891666666667,56.825624999999995,57.832765957446796
600486,2018-07-05,56.6,54.01,57.5,53.71,56.8,23893.2,132094000.0,55.99,55.82,56.892500000000005,57.74,55.75,40.72,-0.63,-0.39,-0.24,扬农化工,化学原料和化学制品制造业,主板,55.99999999999996,55.56499999999997,55.8916666666667,56.473124999999996,57.88340425531914
600486,2018-07-06,54.07,55.51,56.39,53.27,54.01,17536.1,96559600.0,55.9,55.65,56.72600000000001,57.59,55.87,46.22,-0.63,-0.44,-0.19,扬农化工,化学原料和化学制品制造业,主板,55.73499999999996,55.476249999999965,55.880833333333364,56.153749999999995,57.959787234042544
600486,2018-07-09,55.7,60.5,60.92,55.7,55.51,42841.9,254226000.0,56.69,56.05,56.81200000000001,57.64,56.05,59.64,-0.22,-0.4,0.18,扬农化工,化学原料和化学制品制造业,主板,56.704999999999956,56.18874999999996,56.18250000000003,56.23374999999999,58.09531914893616
600486,2018-07-10,60.5,59.86,60.79,58.97,60.5,35672.4,213511000.0,57.34,56.42,56.95450000000001,57.65,56.23,57.65,0.05,-0.31,0.36,扬农化工,化学原料和化学制品制造业,主板,57.469999999999956,56.974999999999966,56.4016666666667,56.35937499999999,58.20765957446808
600486,2018-07-11,58.98,58.81,60.02,58.0,59.86,35482.5,208871000.0,57.74,56.82,56.9125,57.6,56.4,54.45,0.18,-0.21,0.39,扬农化工,化学原料和化学制品制造业,主板,58.66999999999996,57.33499999999996,56.60000000000003,56.58625,58.256808510638294
600486,2018-07-12,58.98,59.85,60.47,58.81,58.81,29835.8,178417000.0,58.91,57.45,56.874,57.65,56.61,57.0,0.35,-0.1,0.45,扬农化工,化学原料和化学制品制造业,主板,59.75499999999997,57.744999999999955,56.90250000000003,56.849375,58.31063829787233
600486,2018-07-13,59.6,61.9,62.2,59.0,59.85,38250.0,232926000.0,60.18,58.04,57.008,57.75,56.89,61.57,0.66,0.05,0.61,扬农化工,化学原料和化学制品制造业,主板,60.10499999999996,58.40499999999996,57.4941666666667,57.163125,58.40638297872339
600486,2018-07-16,61.69,60.61,62.4,59.6,61.9,35813.7,217168000.0,60.21,58.45,57.146,57.84,57.14,57.43,0.78,0.2,0.58,扬农化工,化学原料和化学制品制造业,主板,60.29249999999996,58.88124999999996,58.080833333333366,57.374375,58.46382978723404
600486,2018-07-17,60.59,60.07,60.65,59.27,60.61,23598.0,141211000.0,60.25,58.79,57.390499999999996,57.83,57.36,55.75,0.82,0.32,0.5,扬农化工,化学原料和化学制品制造业,主板,60.60749999999996,59.63874999999996,58.42583333333337,57.60187500000001,58.52063829787234
600486,2018-07-18,60.18,60.07,62.48,59.51,60.07,42600.5,259928000.0,60.5,59.12,57.61199999999999,57.81,57.6,55.75,0.85,0.43,0.42,扬农化工,化学原料和化学制品制造业,主板,60.66249999999996,60.20874999999997,58.71750000000004,57.84250000000001,58.575531914893624
600486,2018-07-19,60.07,59.27,60.49,58.38,60.07,20309.4,119997000.0,60.38,59.64,57.73149999999998,57.81,57.84,53.07,0.8,0.5,0.3,扬农化工,化学原料和化学制品制造业,主板,60.00499999999996,60.054999999999964,58.93833333333337,58.12187500000001,58.62063829787234
600486,2018-07-20,59.18,59.82,59.95,58.25,59.27,20377.9,120518000.0,59.97,60.08,57.860999999999976,57.84,58.0,54.68,0.79,0.56,0.23,扬农化工,化学原料和化学制品制造业,主板,59.80749999999996,60.04999999999997,59.19000000000005,58.51250000000001,58.654042553191495
600486,2018-07-23,59.82,59.26,59.82,57.68,59.82,39395.8,230795000.0,59.7,59.95,58.002499999999976,57.86,58.13,52.69,0.73,0.59,0.14,扬农化工,化学原料和化学制品制造业,主板,59.60499999999996,60.10624999999997,59.62750000000005,58.72062500000001,58.67893617021277
600486,2018-07-24,59.26,60.96,61.77,59.03,59.26,35974.7,218154000.0,59.88,60.06,58.23949999999998,57.99,58.28,57.71,0.81,0.64,0.17,扬农化工,化学原料和化学制品制造业,主板,59.82749999999996,60.24499999999996,60.08166666666671,58.99500000000001,58.677021276595745
600486,2018-07-25,60.38,59.82,60.97,59.72,60.96,18800.1,113224000.0,59.83,60.16,58.490499999999976,58.0,58.42,53.61,0.78,0.67,0.11,扬农化工,化学原料和化学制品制造业,主板,59.964999999999954,59.98499999999997,60.025000000000055,59.195000000000014,58.63468085106384
600486,2018-07-26,60.3,58.94,60.4,57.99,59.82,19368.1,114181000.0,59.76,60.07,58.75899999999998,57.94,58.5,50.61,0.67,0.67,0.0,扬农化工,化学原料和化学制品制造业,主板,59.74499999999996,59.77624999999996,59.94833333333339,59.328750000000014,58.527021276595754
600486,2018-07-27,58.94,57.58,58.94,57.55,58.94,13765.2,79860400.0,59.31,59.64,58.841499999999975,57.89,58.55,46.31,0.47,0.63,-0.16,扬农化工,化学原料和化学制品制造业,主板,59.32499999999996,59.46499999999997,59.845833333333395,59.55187500000002,58.41191489361703
600486,2018-07-30,57.58,56.12,58.18,55.77,57.58,19574.8,110822000.0,58.68,59.19,58.818999999999974,57.83,58.54,42.16,0.19,0.54,-0.35,扬农化工,化学原料和化学制品制造业,主板,58.11499999999996,58.97124999999996,59.53500000000006,59.59000000000002,58.32553191489363
600486,2018-07-31,56.14,57.37,57.88,56.14,56.12,19264.6,110241000.0,57.97,58.92,58.85649999999997,57.9,58.54,46.57,0.07,0.45,-0.38,扬农化工,化学原料和化学制品制造业,主板,57.502499999999955,58.73374999999996,59.15750000000006,59.39437500000002,58.26553191489363
600486,2018-08-01,57.35,57.05,58.36,57.0,57.37,27092.4,156319000.0,57.41,58.62,58.86899999999997,57.95,58.53,45.61,-0.05,0.35,-0.4,扬农化工,化学原料和化学制品制造业,主板,57.02999999999996,58.38749999999995,58.860833333333396,59.218750000000014,58.22148936170215
600486,2018-08-02,57.0,57.29,57.75,55.5,57.05,23903.2,135701000.0,57.08,58.42,59.03299999999997,57.96,58.52,46.5,-0.12,0.25,-0.37,扬农化工,化学原料和化学制品制造业,主板,56.95749999999997,58.14124999999996,58.62916666666672,59.123750000000015,58.17829787234044
600486,2018-08-03,57.43,55.5,57.5,55.2,57.29,19386.8,108907000.0,56.67,57.99,59.03249999999997,57.9,58.49,41.1,-0.33,0.14,-0.47,扬农化工,化学原料和化学制品制造业,主板,56.80249999999997,57.45874999999996,58.248333333333385,58.851875000000014,58.07489361702129
600486,2018-08-06,55.55,49.95,55.57,49.95,55.5,49354.6,255848000.0,55.43,57.06,58.504999999999974,57.69,58.37,29.62,-0.92,-0.07,-0.85,扬农化工,化学原料和化学制品制造业,主板,54.94749999999996,56.22499999999996,57.47166666666672,58.10500000000002,57.89276595744681
600486,2018-08-07,48.3,52.16,53.19,46.23,49.95,73710.2,361639000.0,54.39,56.18,58.11999999999998,57.55,58.28,37.15,-1.2,-0.3,-0.9,扬农化工,化学原料和化学制品制造业,主板,53.72499999999995,55.37749999999996,56.83333333333338,57.576875000000015,57.752978723404254
600486,2018-08-08,51.76,49.61,52.57,49.18,52.16,37143.8,187818000.0,52.9,55.16,57.65999999999998,57.38,58.14,32.79,-1.62,-0.56,-1.06,扬农化工,化学原料和化学制品制造业,主板,51.80499999999996,54.381249999999966,56.02916666666672,56.92312500000001,57.57851063829787
600486,2018-08-09,49.44,50.32,51.15,49.21,49.61,41649.3,209862000.0,51.51,54.3,57.18349999999998,57.27,58.01,35.07,-1.86,-0.82,-1.04,扬农化工,化学原料和化学制品制造业,主板,50.50999999999996,53.656249999999964,55.14250000000005,56.31375000000001,57.35893617021277
600486,2018-08-10,50.3,51.92,52.5,49.7,50.32,28264.8,145692000.0,50.79,53.73,56.68449999999998,57.14,57.86,40.02,-1.9,-1.04,-0.86,扬农化工,化学原料和化学制品制造业,主板,51.00249999999997,52.974999999999966,54.48416666666671,55.85437500000001,57.17659574468087
600486,2018-08-13,50.92,51.17,51.58,49.31,51.92,44473.4,224121000.0,51.04,53.23,56.21249999999999,56.96,57.68,38.54,-1.97,-1.22,-0.75,扬农化工,化学原料和化学制品制造业,主板,50.754999999999974,52.23999999999997,53.8366666666667,55.313750000000006,57.00297872340427
600486,2018-08-14,51.97,51.17,52.78,50.1,51.17,56076.4,286954000.0,50.84,52.61,55.7675,56.78,57.47,38.54,-2.01,-1.38,-0.63,扬农化工,化学原料和化学制品制造业,主板,51.14499999999997,51.474999999999966,53.30250000000003,54.808125000000004,56.83978723404257
600486,2018-08-15,51.0,50.3,51.71,49.9,51.17,30906.9,157541000.0,50.98,51.94,55.278999999999996,56.56,57.25,36.71,-2.09,-1.52,-0.57,扬农化工,化学原料和化学制品制造业,主板,51.13999999999997,50.82499999999997,52.817500000000024,54.141875,56.659361702127676
600486,2018-08-16,49.7,49.95,50.98,48.89,50.3,17515.1,87886200.0,50.9,51.21,54.813,56.42,57.08,35.97,-2.14,-1.65,-0.49,扬农化工,化学原料和化学制品制造业,主板,50.647499999999965,50.82499999999997,52.19916666666669,53.525,56.50914893617022
600486,2018-08-17,50.25,48.8,50.79,47.55,49.95,27003.2,131846000.0,50.28,50.54,54.262,56.2,56.89,33.58,-2.26,-1.77,-0.49,扬农化工,化学原料和化学制品制造业,主板,50.054999999999964,50.40499999999997,51.51166666666669,52.89125,56.27829787234043
600486,2018-08-20,48.11,50.7,50.79,48.07,48.8,31312.2,153955000.0,50.18,50.61,53.834,55.87,56.75,40.61,-2.18,-1.85,-0.33,扬农化工,化学原料和化学制品制造业,主板,49.93749999999996,50.54124999999997,50.962500000000034,52.46125,56.067234042553196
600486,2018-08-21,51.49,52.29,52.71,50.7,50.7,37353.1,194360000.0,50.41,50.62,53.4005,55.62,56.64,45.78,-1.95,-1.87,-0.08,扬农化工,化学原料和化学制品制造业,主板,50.43499999999996,50.78749999999997,50.69500000000003,52.221875,55.919787234042566
600486,2018-08-22,52.32,51.81,52.5,51.04,52.29,20836.1,107524000.0,50.71,50.84,53.0,55.39,56.49,44.52,-1.8,-1.86,0.06,扬农化工,化学原料和化学制品制造业,主板,50.89999999999996,50.77374999999997,50.85000000000002,51.87437499999999,55.79127659574469
600486,2018-08-23,51.7,52.17,52.36,51.33,51.81,18403.1,95609100.0,51.15,51.03,52.661500000000004,55.13,56.39,45.73,-1.63,-1.81,0.18,扬农化工,化学原料和化学制品制造业,主板,51.742499999999964,50.89874999999997,50.850833333333355,51.569374999999994,55.72723404255321
600486,2018-08-24,52.17,51.16,52.18,50.33,52.17,23642.1,120792000.0,51.63,50.95,52.340500000000006,54.77,56.26,42.91,-1.55,-1.76,0.21,扬农化工,化学原料和化学制品制造业,主板,51.85749999999997,50.89749999999997,50.98000000000002,51.186249999999994,55.63191489361704
600486,2018-08-27,51.27,52.55,52.94,51.2,51.16,19619.9,102483000.0,52.0,51.09,52.16200000000001,54.5,56.18,47.69,-1.36,-1.68,0.32,扬农化工,化学原料和化学制品制造业,主板,51.92249999999998,51.17874999999997,51.165833333333346,51.00187499999999,55.53978723404257
600486,2018-08-28,52.55,53.22,53.66,52.17,52.55,19605.5,104227000.0,52.18,51.3,51.95450000000002,54.28,56.05,49.87,-1.16,-1.58,0.42,扬农化工,化学原料和化学制品制造业,主板,52.27499999999998,51.58749999999997,51.27416666666668,51.20624999999999,55.4544680851064
600486,2018-08-29,53.2,52.53,53.72,52.3,53.22,14008.9,73879400.0,52.33,51.52,51.72850000000002,54.03,55.92,47.67,-1.03,-1.47,0.44,扬农化工,化学原料和化学制品制造业,主板,52.36499999999997,52.05374999999997,51.38750000000002,51.22937499999999,55.371489361702146
600486,2018-08-30,52.43,52.09,53.16,51.54,52.53,20826.7,109182000.0,52.31,51.73,51.46850000000002,53.79,55.8,46.26,-0.95,-1.36,0.41,扬农化工,化学原料和化学制品制造业,主板,52.59749999999996,52.22749999999997,51.46416666666669,51.38437499999999,55.283617021276626
600486,2018-08-31,52.2,52.1,52.63,51.36,52.09,11098.1,57757400.0,52.5,52.06,51.29850000000001,53.53,55.69,46.3,-0.88,-1.27,0.39,扬农化工,化学原料和化学制品制造业,主板,52.48499999999996,52.20374999999997,51.6141666666667,51.49562499999999,55.22617021276598
600486,2018-09-03,51.98,50.52,51.98,48.62,52.1,22051.6,110512000.0,52.09,52.04,51.32700000000001,53.24,55.55,41.25,-0.94,-1.2,0.26,扬农化工,化学原料和化学制品制造业,主板,51.80999999999995,52.04249999999997,51.66166666666669,51.40812499999999,55.161276595744695
600486,2018-09-04,51.8,51.29,51.8,50.46,50.52,22527.3,115538000.0,51.71,51.94,51.283500000000004,52.92,55.45,44.43,-0.92,-1.14,0.22,扬农化工,化学原料和化学制品制造业,主板,51.49999999999995,51.93249999999997,51.86916666666669,51.41562499999999,55.062553191489386
600486,2018-09-05,51.47,51.14,51.76,51.05,51.29,10899.3,55944500.0,51.43,51.88,51.360000000000014,52.63,55.31,43.93,-0.9,-1.1,0.2,扬农化工,化学原料和化学制品制造业,主板,51.26249999999995,51.929999999999964,51.905833333333355,51.41374999999999,54.947021276595756
600486,2018-09-06,51.13,50.2,51.13,49.46,51.14,22098.7,110825000.0,51.05,51.68,51.35400000000002,52.33,55.14,40.83,-0.95,-1.07,0.12,扬农化工,化学原料和化学制品制造业,主板,50.78749999999996,51.63624999999996,51.73166666666669,51.4075,54.81042553191491
600486,2018-09-07,50.0,48.72,50.79,48.3,50.2,25271.0,124612000.0,50.37,51.44,51.194000000000024,52.04,54.96,36.47,-1.09,-1.07,-0.02,扬农化工,化学原料和化学制品制造业,主板,50.337499999999956,51.07374999999996,51.47416666666669,51.330625,54.63851063829788
600486,2018-09-10,48.06,43.85,48.8,43.85,48.72,51643.5,232674000.0,49.04,50.57,50.828000000000024,51.63,54.73,26.46,-1.59,-1.18,-0.41,扬农化工,化学原料和化学制品制造业,主板,48.47749999999996,49.98874999999997,50.78083333333336,51.02125,54.422340425531914
600486,2018-09-11,42.91,40.12,43.73,39.47,43.85,120854.0,486418000.0,46.81,49.26,50.27550000000003,51.06,54.48,21.58,-2.26,-1.39,-0.87,扬农化工,化学原料和化学制品制造业,主板,45.722499999999954,48.492499999999964,49.86083333333337,50.36,54.09489361702127
600486,2018-09-12,40.12,40.48,41.35,39.8,40.12,70295.3,285756000.0,44.67,48.05,49.78450000000002,50.5,54.23,23.05,-2.72,-1.66,-1.06,扬农化工,化学原料和化学制品制造业,主板,43.29249999999995,47.039999999999964,48.85500000000004,49.621875,53.66893617021276
600486,2018-09-13,40.96,40.69,41.64,40.02,40.48,36684.5,149235000.0,42.77,46.91,49.32150000000003,49.95,53.96,23.95,-3.04,-1.93,-1.11,扬农化工,化学原料和化学制品制造业,主板,41.28499999999995,45.811249999999966,47.81083333333337,48.92687500000001,53.261063829787226
600486,2018-09-14,40.9,41.4,42.13,40.46,40.69,40526.6,167945000.0,41.31,45.84,48.95150000000003,49.48,53.69,27.06,-3.19,-2.19,-1.0,扬农化工,化学原料和化学制品制造业,主板,40.67249999999995,44.57499999999996,46.883333333333375,48.25375000000001,52.890638297872336
600486,2018-09-17,41.04,41.05,41.37,40.24,41.4,34977.4,142483000.0,40.75,44.89,48.46900000000003,49.18,53.44,26.48,-3.31,-2.41,-0.9,扬农化工,化学原料和化学制品制造业,主板,40.904999999999944,43.31374999999996,45.96333333333337,47.62187500000001,52.49063829787234
600486,2018-09-18,40.88,42.8,43.11,40.51,41.05,41037.6,171489000.0,41.28,44.04,47.99450000000003,48.87,53.21,34.02,-3.23,-2.57,-0.66,扬农化工,化学原料和化学制品制造业,主板,41.48499999999995,42.388749999999966,45.18833333333336,47.01250000000001,52.08425531914894
600486,2018-09-19,42.7,44.1,45.27,42.0,42.8,47036.6,205361000.0,42.01,43.34,47.60900000000002,48.69,53.03,39.02,-3.01,-2.66,-0.35,扬农化工,化学原料和化学制品制造业,主板,42.33749999999995,41.81124999999997,44.653333333333364,46.44250000000001,51.73297872340425
600486,2018-09-20,44.11,44.2,44.88,43.62,44.1,30689.3,136060000.0,42.71,42.74,47.21050000000003,48.48,52.88,39.4,-2.81,-2.69,-0.12,扬农化工,化学原料和化学制品制造业,主板,43.037499999999945,41.85499999999997,44.062500000000036,45.921875000000014,51.39531914893616
600486,2018-09-21,44.04,44.98,45.08,43.53,44.2,30755.0,136428000.0,43.43,42.37,46.901500000000034,48.25,52.69,42.42,-2.56,-2.66,0.1,扬农化工,化学原料和化学制品制造业,主板,44.01999999999994,42.46249999999997,43.54916666666671,45.47750000000001,51.074255319148925
600486,2018-09-25,44.18,44.7,45.35,44.03,44.98,16927.2,75825800.0,44.16,42.45,46.509000000000036,48.04,52.5,41.62,-2.34,-2.6,0.26,扬农化工,化学原料和化学制品制造业,主板,44.49499999999993,42.98999999999997,43.09083333333337,45.015000000000015,50.764255319148916
600486,2018-09-26,44.71,45.58,46.44,44.71,44.7,32695.7,149905000.0,44.71,43.0,46.12700000000004,47.85,52.31,45.13,-2.09,-2.5,0.41,扬农化工,化学原料和化学制品制造业,主板,44.86499999999993,43.601249999999965,42.82916666666671,44.70625000000002,50.46127659574466
600486,2018-09-27,45.51,46.33,46.71,45.51,45.58,21226.7,98239400.0,45.16,43.58,45.81700000000004,47.72,52.14,48.0,-1.8,-2.36,0.56,扬农化工,化学原料和化学制品制造业,主板,45.39749999999994,44.217499999999966,43.03583333333338,44.39625000000002,50.18617021276593
600486,2018-09-28,46.1,46.36,46.68,45.43,46.33,13991.9,64596700.0,45.59,44.15,45.53050000000004,47.6,52.01,48.11,-1.55,-2.2,0.65,扬农化工,化学原料和化学制品制造业,主板,45.74249999999994,44.881249999999966,43.555833333333375,44.097500000000025,49.87553191489359
600486,2018-10-08,45.3,43.95,46.29,42.8,46.36,39864.4,175932000.0,45.38,44.4,45.12300000000004,47.44,51.82,40.28,-1.54,-2.07,0.53,扬农化工,化学原料和化学制品制造业,主板,45.55499999999995,45.02499999999996,43.84500000000005,43.706875000000025,49.537872340425494
600486,2018-10-09,44.07,44.0,44.86,43.66,43.95,25772.8,113914000.0,45.24,44.7,44.79700000000004,47.21,51.54,40.5,-1.49,-1.95,0.46,扬农化工,化学原料和化学制品制造业,主板,45.159999999999954,45.01249999999996,44.12083333333337,43.41187500000002,49.21999999999996
600486,2018-10-10,44.19,44.44,45.15,44.08,44.0,26930.7,120352000.0,45.02,44.86,44.45450000000004,46.95,51.29,42.47,-1.41,-1.84,0.43,扬农化工,化学原料和化学制品制造业,主板,44.68749999999996,45.04249999999996,44.37416666666672,43.448750000000025,48.94042553191486
600486,2018-10-11,42.94,42.59,44.0,42.09,44.44,20911.3,89461000.0,44.27,44.71,44.027000000000044,46.64,51.02,36.92,-1.49,-1.77,0.28,扬农化工,化学原料和化学制品制造业,主板,43.74499999999996,44.74374999999996,44.502500000000055,43.60312500000003,48.65255319148933
600486,2018-10-12,42.34,44.11,44.19,40.51,42.59,28865.6,123534000.0,43.82,44.7,43.72250000000004,46.38,50.75,43.46,-1.39,-1.7,0.31,扬农化工,化学原料和化学制品制造业,主板,43.78499999999997,44.669999999999966,44.61166666666673,43.83000000000003,48.37042553191487
600486,2018-10-15,44.49,40.8,44.49,39.96,44.11,54268.8,225212000.0,43.19,44.29,43.32650000000004,46.03,50.4,34.96,-1.58,-1.67,0.09,扬农化工,化学原料和化学制品制造业,主板,42.98499999999997,44.07249999999997,44.33666666666672,43.83687500000002,48.024680851063806
600486,2018-10-16,40.5,39.32,40.96,39.16,40.8,25059.6,100364000.0,42.25,43.75,43.10000000000004,45.59,50.05,31.95,-1.83,-1.7,-0.13,扬农化工,化学原料和化学制品制造业,主板,41.70499999999997,43.19624999999997,43.93000000000006,43.706875000000025,47.6423404255319
600486,2018-10-17,40.0,40.88,41.06,39.37,39.32,22159.5,89536500.0,41.54,43.28,43.13800000000004,45.18,49.73,38.01,-1.86,-1.74,-0.12,扬农化工,化学原料和化学制品制造业,主板,41.27749999999997,42.51124999999997,43.58833333333339,43.69625000000003,47.33127659574466
600486,2018-10-18,40.57,40.15,41.38,39.8,40.88,14955.4,60511700.0,41.05,42.66,43.12150000000004,44.76,49.4,36.38,-1.94,-1.78,-0.16,扬农化工,化学原料和化学制品制造业,主板,40.287499999999966,42.03624999999997,43.20916666666671,43.53062500000003,47.122765957446795
600486,2018-10-19,40.02,41.03,41.24,37.86,40.15,28928.2,115168000.0,40.44,42.13,43.138500000000036,44.4,49.09,39.74,-1.91,-1.8,-0.11,扬农化工,化学原料和化学制品制造业,主板,40.34499999999997,41.664999999999964,42.83000000000004,43.338750000000026,46.88595744680851
600486,2018-10-22,41.21,43.93,43.93,41.2,41.03,32047.3,137908000.0,41.06,42.12,43.26500000000003,44.12,48.83,49.24,-1.63,-1.77,0.14,扬农化工,化学原料和化学制品制造业,主板,41.497499999999974,41.601249999999965,42.63000000000004,43.32187500000002,46.765106382978715
600486,2018-10-23,42.88,41.18,42.88,40.46,43.93,69948.7,287932000.0,41.43,41.84,43.27150000000003,43.81,48.52,42.41,-1.6,-1.73,0.13,扬农化工,化学原料和化学制品制造业,主板,41.57249999999998,41.42499999999997,42.19833333333337,43.084375000000016,46.57063829787232
600486,2018-10-24,39.88,40.08,41.19,39.88,41.18,34977.5,141520000.0,41.27,41.41,43.135500000000036,43.44,48.18,40.02,-1.65,-1.72,0.07,扬农化工,化学原料和化学制品制造业,主板,41.55499999999997,40.921249999999965,41.875833333333375,42.795625000000015,46.3187234042553
600486,2018-10-25,38.5,39.13,39.46,38.42,40.08,24237.5,94460600.0,41.07,41.06,42.887000000000036,43.04,47.83,38.02,-1.75,-1.72,-0.03,扬农化工,化学原料和化学制品制造业,主板,41.07999999999997,40.71249999999996,41.47000000000005,42.39250000000001,46.06255319148934
600486,2018-10-26,39.64,39.39,39.86,39.13,39.13,11649.0,45924400.0,40.74,40.59,42.64650000000003,42.68,47.51,38.92,-1.8,-1.74,-0.06,扬农化工,化学原料和化学制品制造业,主板,39.944999999999965,40.72124999999996,41.049166666666714,41.95875000000001,45.811914893617
600486,2018-10-29,39.14,35.66,39.14,35.45,39.39,63034.6,228663000.0,39.09,40.08,42.18050000000003,42.24,47.14,31.81,-2.1,-1.81,-0.29,扬农化工,化学原料和化学制品制造业,主板,38.56499999999996,40.068749999999966,40.471666666666714,41.290000000000006,45.500425531914864
600486,2018-10-30,35.0,36.22,36.42,34.87,35.66,40156.3,143756000.0,38.1,39.76,41.75650000000003,41.99,46.81,33.76,-2.27,-1.9,-0.37,扬农化工,化学原料和化学制品制造业,主板,37.599999999999966,39.57749999999997,39.814166666666715,40.806875000000005,45.208297872340395
600486,2018-10-31,36.38,37.27,37.48,36.2,36.22,23933.6,88681800.0,37.53,39.4,41.34100000000002,41.89,46.47,37.39,-2.29,-1.98,-0.31,扬农化工,化学原料和化学制品制造业,主板,37.13499999999997,39.10749999999997,39.520000000000046,40.386250000000004,44.96297872340422
600486,2018-11-01,37.32,37.98,38.68,37.32,37.27,37277.2,142729000.0,37.3,39.19,40.923500000000026,41.81,46.16,39.8,-2.23,-2.03,-0.2,扬农化工,化学原料和化学制品制造业,主板,36.78249999999997,38.363749999999975,39.408333333333374,39.9825,44.69234042553189
600486,2018-11-02,38.53,41.78,41.78,38.53,37.98,64762.6,263369000.0,37.78,39.26,40.69450000000002,41.85,45.9,50.7,-1.85,-1.99,0.14,扬农化工,化学原料和化学制品制造业,主板,38.31249999999997,38.43874999999998,39.48333333333338,39.931875,44.46872340425529
600486,2018-11-05,41.7,41.8,42.38,40.88,41.78,41754.6,174176000.0,39.01,39.05,40.58700000000002,41.86,45.67,50.75,-1.54,-1.9,0.36,扬农化工,化学原料和化学制品制造业,主板,39.707499999999975,38.65374999999998,39.62083333333337,39.787499999999994,44.255744680851045
600486,2018-11-06,42.0,41.61,42.0,40.9,41.8,19103.3,79415500.0,40.09,39.09,40.467500000000015,41.88,45.53,50.22,-1.28,-1.78,0.5,扬农化工,化学原料和化学制品制造业,主板,40.79249999999997,38.96374999999998,39.66916666666671,39.838125,44.031063829787215
600486,2018-11-07,41.77,41.89,42.68,41.44,41.61,24613.8,103223000.0,41.01,39.27,40.34000000000002,41.85,45.36,51.03,-1.05,-1.63,0.58,扬农化工,化学原料和化学制品制造业,主板,41.769999999999975,39.27624999999998,39.49916666666671,39.998749999999994,43.83382978723402
600486,2018-11-08,41.96,40.89,42.33,40.43,41.89,21917.4,90021700.0,41.59,39.45,40.25500000000002,41.74,45.21,48.03,-0.93,-1.49,0.56,扬农化工,化学原料和化学制品制造业,主板,41.54749999999998,39.92999999999998,39.475000000000044,39.99937499999999,43.585744680851036
600486,2018-11-09,40.9,40.5,41.3,40.19,40.89,16941.5,68763800.0,41.34,39.56,40.074500000000015,41.62,45.05,46.88,-0.86,-1.37,0.51,扬农化工,化学原料和化学制品制造业,主板,41.22249999999998,40.464999999999975,39.51000000000004,40.021249999999995,43.3151063829787
600486,2018-11-12,40.63,40.91,41.45,39.5,40.5,35442.4,143899000.0,41.16,40.08,40.08000000000002,41.48,44.87,48.29,-0.76,-1.24,0.48,扬农化工,化学原料和化学制品制造业,主板,41.047499999999985,40.91999999999997,39.65833333333338,40.013749999999995,43.06787234042551
600486,2018-11-13,40.4,41.85,42.07,40.1,40.91,31846.8,131476000.0,41.21,40.65,40.20650000000002,41.39,44.71,51.46,-0.6,-1.12,0.52,扬农化工,化学原料和化学制品制造业,主板,41.03749999999998,41.403749999999974,39.86333333333338,39.88375,42.84999999999998
600486,2018-11-14,42.07,41.6,42.07,40.28,41.85,24216.5,99890400.0,41.15,41.08,40.24250000000002,41.25,44.55,50.57,-0.49,-0.99,0.5,扬农化工,化学原料和化学制品制造业,主板,41.214999999999975,41.38124999999998,40.358333333333384,39.910000000000004,42.626595744680834
600486,2018-11-15,41.33,41.64,41.88,41.01,41.6,19284.2,79960800.0,41.3,41.45,40.31700000000002,41.1,44.41,50.72,-0.39,-0.87,0.48,扬农化工,化学原料和化学制品制造业,主板,41.49999999999997,41.36124999999998,40.81000000000005,40.0075,42.43765957446807
600486,2018-11-16,41.61,41.44,41.93,40.88,41.64,24104.0,99772600.0,41.49,41.41,40.33750000000002,40.93,44.27,49.92,-0.33,-0.76,0.43,扬农化工,化学原料和化学制品制造业,主板,41.63249999999997,41.339999999999975,41.15750000000005,40.151875,42.22808510638297
600486,2018-11-19,41.5,42.46,42.61,41.01,41.44,32155.1,134629000.0,41.8,41.48,40.264000000000024,40.88,44.16,53.91,-0.19,-0.65,0.46,扬农化工,化学原料和化学制品制造业,主板,41.784999999999975,41.411249999999974,41.53083333333338,40.34375,42.04340425531914
600486,2018-11-20,42.2,39.82,42.29,39.41,42.46,40730.0,166399000.0,41.39,41.3,40.19600000000003,40.74,43.98,44.12,-0.29,-0.58,0.29,扬农化工,化学原料和化学制品制造业,主板,41.339999999999975,41.277499999999975,41.36750000000006,40.603750000000005,41.82255319148935
600486,2018-11-21,39.46,39.62,39.83,38.81,39.82,26600.1,104646000.0,41.0,41.07,40.17300000000003,40.58,43.77,43.48,-0.39,-0.54,0.15,扬农化工,化学原料和化学制品制造业,主板,40.83499999999998,41.167499999999976,41.185833333333385,40.816250000000004,41.628936170212754
600486,2018-11-22,39.7,38.79,40.17,38.15,39.62,33765.5,131226000.0,40.43,40.86,40.15600000000003,40.46,43.55,40.81,-0.52,-0.54,0.02,扬农化工,化学原料和化学制品制造业,主板,40.17249999999998,40.902499999999975,40.950833333333385,40.91125,41.521276595744666
600486,2018-11-23,38.83,38.18,39.31,37.94,38.79,14747.8,56543500.0,39.77,40.63,40.09550000000003,40.26,43.32,38.93,-0.67,-0.56,-0.11,扬农化工,化学原料和化学制品制造业,主板,39.10249999999998,40.44374999999997,40.641666666666715,40.92375,41.47999999999999
600486,2018-11-26,38.25,37.46,38.27,37.2,38.18,17101.2,64478000.0,38.77,40.29,40.18550000000003,40.15,43.09,36.77,-0.84,-0.62,-0.22,扬农化工,化学原料和化学制品制造业,主板,38.51249999999998,39.92624999999997,40.355833333333386,40.65375,41.415744680851056
600486,2018-11-27,37.65,38.15,38.45,37.52,37.46,23910.7,90956800.0,38.44,39.92,40.282000000000025,40.11,42.85,40.19,-0.9,-0.67,-0.23,扬农化工,化学原料和化学制品制造业,主板,38.14499999999998,39.48999999999997,40.16000000000005,40.425625000000004,41.36170212765956
600486,2018-11-28,38.08,39.25,39.39,37.5,38.15,24031.5,93053300.0,38.37,39.68,40.38100000000003,40.06,42.62,45.28,-0.86,-0.71,-0.15,扬农化工,化学原料和化学制品制造业,主板,38.259999999999984,39.21624999999997,40.021666666666725,40.278125,41.3159574468085
600486,2018-11-29,39.26,38.64,39.44,38.62,39.25,14064.6,54926900.0,38.34,39.38,40.41400000000003,40.0,42.38,43.09,-0.86,-0.74,-0.12,扬农化工,化学原料和化学制品制造业,主板,38.374999999999986,38.73874999999997,39.75416666666672,40.075,41.26468085106382
600486,2018-11-30,38.63,38.7,39.25,38.08,38.64,18995.7,73433800.0,38.44,39.11,40.26000000000003,39.93,42.16,43.38,-0.84,-0.76,-0.08,扬农化工,化学原料和化学制品制造业,主板,38.68499999999998,38.59874999999997,39.51250000000005,39.93812500000001,41.17744680851063
600486,2018-12-03,40.35,40.61,41.13,39.6,38.7,37674.1,152049000.0,39.07,38.92,40.200500000000034,39.82,41.97,51.8,-0.67,-0.74,0.07,扬农化工,化学原料和化学制品制造业,主板,39.299999999999976,38.72249999999997,39.426666666666726,39.94500000000001,41.1031914893617
600486,2018-12-04,40.45,41.16,41.42,40.45,40.61,26257.1,107795000.0,39.67,39.06,40.17800000000003,39.82,41.81,53.93,-0.49,-0.69,0.2,扬农化工,化学原料和化学制品制造业,主板,39.777499999999975,39.01874999999996,39.403333333333386,39.96062500000001,41.038510638297865
600486,2018-12-05,40.29,41.53,41.85,40.11,41.16,26111.9,106575000.0,40.13,39.25,40.16000000000003,39.86,41.65,55.35,-0.31,-0.62,0.31,扬农化工,化学原料和化学制品制造业,主板,40.49999999999997,39.437499999999964,39.32583333333339,39.940625000000004,40.96510638297872
600486,2018-12-06,41.31,39.46,41.31,39.41,41.53,24571.6,98968900.0,40.29,39.31,40.08850000000003,39.88,41.46,46.65,-0.32,-0.56,0.24,扬农化工,化学原料和化学制品制造业,主板,40.68999999999997,39.687499999999964,39.29583333333339,39.806875000000005,40.85361702127659
600486,2018-12-07,39.78,40.6,41.19,39.59,39.46,23326.1,94881600.0,40.67,39.56,40.093500000000034,39.92,41.3,51.2,-0.24,-0.49,0.25,扬农化工,化学原料和化学制品制造业,主板,40.68749999999997,39.99374999999997,39.377500000000055,39.74187500000001,40.74765957446808
600486,2018-12-10,40.6,39.89,40.96,39.71,40.6,17223.3,69195900.0,40.53,39.8,40.04250000000003,40.06,41.15,48.43,-0.23,-0.44,0.21,扬农化工,化学原料和化学制品制造业,主板,40.36999999999997,40.07374999999997,39.469166666666716,39.64500000000001,40.610638297872335
600486,2018-12-11,40.39,40.32,40.39,39.72,39.89,11095.3,44505300.0,40.36,40.02,39.96600000000004,40.19,41.09,50.19,-0.19,-0.39,0.2,扬农化工,化学原料和化学制品制造业,主板,40.06749999999997,40.28374999999997,39.64750000000005,39.51125000000001,40.482127659574466
600486,2018-12-12,40.77,40.86,41.1,40.31,40.32,9896.34,40293000.0,40.23,40.18,39.92900000000004,40.31,41.1,52.38,-0.12,-0.34,0.22,扬农化工,化学原料和化学制品制造业,主板,40.41749999999997,40.55374999999997,39.93083333333338,39.57625000000001,40.4163829787234
600486,2018-12-13,40.86,41.7,42.15,40.42,40.86,25866.4,107688000.0,40.67,40.48,39.93200000000004,40.44,41.12,55.66,0.02,-0.27,0.29,扬农化工,化学原料和化学制品制造业,主板,40.692499999999974,40.68999999999997,40.226666666666716,39.70625000000001,40.367446808510635
600486,2018-12-14,41.56,41.18,41.7,40.9,41.7,16769.7,69141100.0,40.79,40.73,39.91900000000004,40.42,41.13,53.22,0.08,-0.2,0.28,扬农化工,化学原料和化学制品制造业,主板,41.01499999999997,40.69249999999997,40.387500000000045,39.85562500000001,40.29808510638297
600486,2018-12-17,40.63,40.81,41.07,40.0,41.18,12492.7,50660100.0,40.97,40.75,39.836500000000036,40.38,41.12,51.49,0.09,-0.14,0.23,扬农化工,化学原料和化学制品制造业,主板,41.137499999999974,40.602499999999964,40.56833333333338,40.02000000000002,40.26021276595744
600486,2018-12-18,40.45,39.8,40.6,39.65,40.81,15339.8,61310600.0,40.87,40.61,39.83550000000003,40.32,41.1,47.0,0.02,-0.11,0.13,扬农化工,化学原料和化学制品制造业,主板,40.872499999999974,40.64499999999997,40.66000000000004,40.16625000000001,40.16851063829787
600486,2018-12-19,39.83,39.3,40.02,39.25,39.8,7259.59,28653900.0,40.56,40.39,39.819500000000026,40.24,41.04,44.91,-0.07,-0.1,0.03,扬农化工,化学原料和化学制品制造业,主板,40.27249999999998,40.482499999999966,40.55083333333337,40.23812500000001,40.13659574468085
600486,2018-12-20,39.21,39.14,39.58,38.73,39.3,11054.8,43202700.0,40.05,40.36,39.83700000000003,40.18,40.96,44.24,-0.15,-0.11,-0.04,扬农化工,化学原料和化学制品制造业,主板,39.762499999999974,40.388749999999966,40.38250000000004,40.23125000000001,40.13276595744681
600486,2018-12-21,39.09,38.98,39.2,38.52,39.14,11651.5,45282700.0,39.61,40.2,39.87700000000003,40.13,40.87,43.53,-0.23,-0.13,-0.1,扬农化工,化学原料和化学制品制造业,主板,39.30499999999997,40.22124999999997,40.170000000000044,40.25250000000001,40.092340425531916
600486,2018-12-24,38.65,39.75,40.34,38.55,38.98,10684.8,42553700.0,39.39,40.18,39.99150000000003,40.09,40.79,47.85,-0.23,-0.15,-0.08,扬农化工,化学原料和化学制品制造业,主板,39.292499999999976,40.08249999999997,40.19416666666671,40.31812500000001,40.08382978723404
600486,2018-12-25,39.43,40.0,40.04,38.5,39.75,17778.1,70356600.0,39.43,40.15,40.08400000000003,40.03,40.71,49.21,-0.2,-0.16,-0.04,扬农化工,化学原料和化学制品制造业,主板,39.46749999999997,39.86999999999997,40.14416666666671,40.28000000000001,40.061914893617015
600486,2018-12-26,39.94,39.41,40.08,39.3,40.0,10257.1,40604100.0,39.46,40.01,40.09200000000003,39.96,40.6,46.15,-0.23,-0.18,-0.05,扬农化工,化学原料和化学制品制造业,主板,39.53499999999997,39.64874999999997,40.104166666666714,40.17062500000001,39.96574468085106
600486,2018-12-27,40.0,39.19,40.25,39.18,39.41,16444.5,65057900.0,39.47,39.76,40.11950000000003,39.87,40.49,45.03,-0.26,-0.19,-0.07,扬农化工,化学原料和化学制品制造业,主板,39.58749999999997,39.44624999999997,40.01000000000004,40.024375000000006,39.92340425531915
600486,2018-12-28,39.5,37.66,39.5,37.47,39.19,26837.1,102868000.0,39.2,39.4,40.06750000000003,39.75,40.34,38.09,-0.41,-0.24,-0.17,扬农化工,化学原料和化学制品制造业,主板,39.06499999999997,39.17874999999997,39.743333333333375,39.911875,39.871914893617024
600486,2019-01-02,37.67,36.82,38.28,36.8,37.66,15839.1,58893500.0,38.62,39.01,39.87800000000003,39.56,40.22,34.91,-0.59,-0.31,-0.28,扬农化工,化学原料和化学制品制造业,主板,38.26999999999997,38.86874999999997,39.336666666666716,39.675625000000004,39.822765957446805
600486,2019-01-03,36.53,35.88,37.25,35.18,36.82,35237.9,126524000.0,37.79,38.61,39.61400000000003,39.43,40.09,31.72,-0.79,-0.4,-0.39,扬农化工,化学原料和化学制品制造业,主板,37.38749999999997,38.46124999999997,38.895000000000046,39.425000000000004,39.74808510638297
600486,2019-01-04,35.36,35.96,35.98,35.15,35.88,61492.2,218417000.0,37.1,38.28,39.33550000000004,39.31,39.95,32.29,-0.94,-0.51,-0.43,扬农化工,化学原料和化学制品制造业,主板,36.57999999999997,38.08374999999997,38.49083333333338,39.1525,39.75446808510638
600486,2019-01-07,35.75,37.19,37.25,35.61,35.96,48869.8,177514000.0,36.7,38.08,39.22200000000004,39.25,39.86,40.48,-0.95,-0.6,-0.35,扬农化工,化学原料和化学制品制造业,主板,36.46249999999997,37.763749999999966,38.273333333333376,38.923125000000006,39.77510638297872
600486,2019-01-08,36.97,37.22,37.55,36.6,37.19,26985.9,100146000.0,36.61,37.91,39.05300000000004,39.22,39.74,40.66,-0.94,-0.67,-0.27,扬农化工,化学原料和化学制品制造业,主板,36.56249999999997,37.41624999999996,38.100000000000044,38.643125000000005,39.774042553191485
600486,2019-01-09,37.19,37.7,38.43,37.0,37.22,34374.6,130171000.0,36.79,37.7,38.94350000000004,39.23,39.69,43.73,-0.88,-0.71,-0.17,扬农化工,化学原料和化学制品制造业,主板,37.01749999999997,37.20249999999996,37.98000000000005,38.42562500000001,39.768085106382976
600486,2019-01-10,37.5,38.52,38.66,37.5,37.7,30713.6,117908000.0,37.32,37.56,38.85350000000004,39.24,39.68,48.63,-0.76,-0.72,-0.04,扬农化工,化学原料和化学制品制造业,主板,37.65749999999997,37.118749999999956,37.94166666666671,38.28250000000001,39.69872340425532
600486,2019-01-11,38.5,38.58,38.85,38.08,38.52,24888.7,95751700.0,37.84,37.47,38.739500000000035,39.22,39.64,48.97,-0.65,-0.71,0.06,扬农化工,化学原料和化学制品制造业,主板,38.00499999999997,37.23374999999996,37.84416666666671,38.20625000000002,39.630212765957445
600486,2019-01-14,38.58,38.18,38.98,37.9,38.58,18741.6,71635200.0,38.04,37.37,38.56350000000003,39.2,39.6,46.69,-0.6,-0.68,0.08,扬农化工,化学原料和化学制品制造业,主板,38.24499999999997,37.40374999999996,37.692500000000045,38.13625000000002,39.55723404255319
600486,2019-01-15,38.19,38.59,38.65,37.48,38.18,30897.3,117489000.0,38.31,37.46,38.43400000000004,39.2,39.56,49.3,-0.51,-0.65,0.14,扬农化工,化学原料和化学制品制造业,主板,38.46749999999997,37.742499999999964,37.62416666666672,38.10187500000002,39.48702127659574
600486,2019-01-16,38.4,39.0,39.2,38.35,38.59,38508.3,150085000.0,38.57,37.68,38.34350000000004,39.15,39.48,51.84,-0.41,-0.6,0.19,扬农化工,化学原料和化学制品制造业,主板,38.58749999999997,38.12249999999997,37.608333333333384,38.10312500000002,39.44680851063829
600486,2019-01-17,39.0,37.4,39.0,36.5,39.0,59932.0,223842000.0,38.35,37.83,38.223500000000044,39.02,39.42,42.83,-0.45,-0.57,0.12,扬农化工,化学原料和化学制品制造业,主板,38.292499999999976,38.148749999999964,37.58666666666671,37.95625000000002,39.38085106382979
600486,2019-01-18,37.13,38.95,39.0,37.13,37.4,37576.0,144417000.0,38.42,38.13,38.206000000000046,38.93,39.4,51.6,-0.35,-0.53,0.18,扬农化工,化学原料和化学制品制造业,主板,38.48499999999997,38.36499999999997,37.76416666666671,37.89062500000002,39.33914893617021
600486,2019-01-21,39.48,40.03,40.33,39.0,38.95,37130.4,148054000.0,38.79,38.42,38.250500000000045,38.95,39.41,56.6,-0.18,-0.46,0.28,扬农化工,化学原料和化学制品制造业,主板,38.84499999999997,38.656249999999964,38.11000000000004,37.92937500000002,39.30042553191489
600486,2019-01-22,40.09,40.02,40.59,39.83,40.03,23184.7,92833300.0,39.08,38.7,38.302500000000045,38.93,39.42,56.54,-0.05,-0.38,0.33,扬农化工,化学原料和化学制品制造业,主板,39.09999999999997,38.843749999999964,38.44833333333337,37.98125000000002,39.2668085106383
600486,2019-01-23,40.01,40.48,40.95,39.01,40.02,24303.6,97724900.0,39.38,38.98,38.33900000000004,38.95,39.51,58.65,0.09,-0.28,0.37,扬农化工,化学原料和化学制品制造业,主板,39.86999999999997,39.08124999999997,38.722500000000046,38.15750000000002,39.242127659574464
600486,2019-01-24,39.99,40.36,40.67,39.58,40.48,23023.5,92455500.0,39.97,39.16,38.35700000000004,38.96,39.57,57.86,0.19,-0.19,0.38,扬农化工,化学原料和化学制品制造业,主板,40.22249999999997,39.35374999999997,38.98416666666671,38.37875000000002,39.21914893617021
600486,2019-01-25,40.15,41.46,42.12,40.01,40.36,33873.0,139757000.0,40.47,39.45,38.45950000000005,38.98,39.64,62.79,0.36,-0.08,0.44,扬农化工,化学原料和化学制品制造业,主板,40.57999999999997,39.71249999999996,39.29750000000004,38.72750000000002,39.197872340425526
600486,2019-01-28,41.5,40.0,41.89,39.95,41.46,26912.2,109868000.0,40.46,39.63,38.50000000000004,38.92,39.68,53.79,0.36,0.01,0.35,扬农化工,化学原料和化学制品制造业,主板,40.57499999999997,39.83749999999996,39.42083333333338,38.98000000000002,39.20170212765957
600486,2019-01-29,40.36,40.85,41.48,40.36,40.0,20930.4,85727600.0,40.63,39.86,38.65950000000005,38.91,39.66,57.6,0.43,0.09,0.34,扬农化工,化学原料和化学制品制造业,主板,40.66749999999997,40.26874999999997,39.61000000000005,39.20875000000002,39.22787234042553
600486,2019-01-30,40.51,40.04,40.97,39.86,40.85,13756.3,55455900.0,40.54,39.96,38.820500000000045,38.88,39.63,53.11,0.41,0.16,0.25,扬农化工,化学原料和化学制品制造业,主板,40.58749999999996,40.40499999999997,39.76500000000005,39.38500000000002,39.25446808510638
600486,2019-01-31,40.39,40.1,40.75,40.01,40.04,17110.8,68960200.0,40.49,40.23,39.031500000000044,38.89,39.61,53.4,0.41,0.21,0.2,扬农化工,化学原料和化学制品制造业,主板,40.24749999999996,40.41374999999998,39.890833333333376,39.53500000000002,39.295319148936166
600486,2019-02-01,40.14,40.42,40.9,40.12,40.1,15163.3,61440800.0,40.28,40.38,39.25450000000004,38.93,39.58,55.0,0.42,0.25,0.17,扬农化工,化学原料和化学制品制造业,主板,40.352499999999964,40.46374999999998,40.00916666666671,39.65375000000002,39.35829787234042
600486,2019-02-11,40.6,41.5,41.5,40.26,40.42,21980.4,90127000.0,40.58,40.52,39.47000000000004,39.01,39.59,59.99,0.5,0.3,0.2,扬农化工,化学原料和化学制品制造业,主板,40.514999999999965,40.59124999999998,40.35083333333338,39.836250000000014,39.4295744680851
600486,2019-02-12,41.5,43.12,43.16,41.05,41.5,42509.9,178905000.0,41.04,40.83,39.765000000000036,39.15,39.64,66.06,0.7,0.38,0.32,扬农化工,化学原料和化学制品制造业,主板,41.28499999999997,40.93624999999998,40.69833333333337,40.14500000000002,39.51191489361701
600486,2019-02-13,42.9,43.42,43.9,42.66,43.12,32408.6,139653000.0,41.71,41.13,40.05100000000003,39.27,39.68,67.06,0.86,0.48,0.38,扬农化工,化学原料和化学制品制造业,主板,42.114999999999974,41.181249999999984,40.98083333333338,40.44687500000001,39.61361702127658
600486,2019-02-14,43.43,43.65,43.75,42.97,43.42,39688.9,171692000.0,42.42,41.46,40.30750000000003,39.39,39.71,67.84,1.01,0.58,0.43,扬农化工,化学原料和化学制品制造业,主板,42.92249999999997,41.63749999999998,41.28333333333338,40.73750000000001,39.71893617021276
600486,2019-02-15,43.3,42.9,43.48,42.69,43.65,31231.5,134273000.0,42.92,41.6,40.52350000000003,39.51,39.73,62.63,1.05,0.68,0.37,扬农化工,化学原料和化学制品制造业,主板,43.27249999999997,41.893749999999976,41.48500000000004,41.08125000000001,39.76765957446808
600486,2019-02-18,43.1,46.31,46.88,42.9,42.9,40599.4,182470000.0,43.88,42.23,40.930000000000035,39.74,39.81,72.85,1.34,0.81,0.53,扬农化工,化学原料和化学制品制造业,主板,44.06999999999997,42.677499999999974,41.98083333333338,41.541250000000005,39.877234042553184
600486,2019-02-19,46.17,46.57,46.69,45.46,46.31,40778.6,187946000.0,44.57,42.8,41.329000000000036,40.04,39.89,73.44,1.57,0.96,0.61,扬农化工,化学原料和化学制品制造业,主板,44.85749999999997,43.48624999999997,42.406666666666716,41.95000000000001,39.98446808510637
600486,2019-02-20,46.68,45.6,46.69,44.6,46.57,31084.2,141631000.0,45.01,43.36,41.659000000000034,40.33,39.95,67.49,1.66,1.1,0.56,扬农化工,化学原料和化学制品制造业,主板,45.34499999999997,44.13374999999997,42.873333333333385,42.29875000000001,40.11510638297871
600486,2019-02-21,45.57,45.57,46.15,44.9,45.6,20300.1,92205600.0,45.39,43.91,42.06750000000004,40.66,40.04,67.31,1.71,1.22,0.49,扬农化工,化学原料和化学制品制造业,主板,46.01249999999997,44.64249999999997,43.266666666666715,42.616875000000014,40.22085106382978
600486,2019-02-22,45.5,45.83,45.83,44.8,45.57,25692.0,116252000.0,45.98,44.45,42.41150000000004,40.99,40.15,68.11,1.75,1.33,0.42,扬农化工,化学原料和化学制品制造业,主板,45.89249999999997,44.98124999999997,43.749166666666724,42.958750000000016,40.347234042553175
600486,2019-02-25,45.98,48.7,48.88,45.98,45.83,61908.9,296714000.0,46.45,45.17,42.84500000000004,41.37,40.31,75.31,1.99,1.46,0.53,扬农化工,化学原料和化学制品制造业,主板,46.42499999999997,45.641249999999964,44.46583333333339,43.41125000000002,40.525531914893605
600486,2019-02-26,48.6,48.27,49.5,47.71,48.7,35107.4,171145000.0,46.79,45.68,43.25750000000004,41.74,40.48,72.66,2.11,1.59,0.52,扬农化工,化学原料和化学制品制造业,主板,47.09249999999997,46.218749999999964,45.12000000000006,43.928125000000016,40.68319148936169
600486,2019-02-27,48.1,47.01,48.58,46.38,48.27,24843.4,118001000.0,47.08,46.04,43.584000000000046,42.05,40.64,65.41,2.09,1.69,0.4,扬农化工,化学原料和化学制品制造业,主板,47.45249999999997,46.732499999999966,45.57916666666673,44.313125000000014,40.796170212765944
600486,2019-02-28,47.01,46.55,47.63,46.55,47.01,21675.0,101675000.0,47.27,46.33,43.89350000000004,42.32,40.78,62.94,2.02,1.76,0.26,扬农化工,化学原料和化学制品制造业,主板,47.63249999999998,46.76249999999997,45.86500000000006,44.72000000000001,40.910425531914875
600486,2019-03-01,47.07,48.05,48.12,46.5,46.55,24403.5,115507000.0,47.72,46.85,44.223000000000035,42.63,40.92,67.28,2.05,1.82,0.23,扬农化工,化学原料和化学制品制造业,主板,47.469999999999985,46.94749999999997,46.25083333333339,45.21687500000001,41.06446808510637
600486,2019-03-04,47.88,47.52,48.84,47.32,48.05,27303.2,131420000.0,47.48,46.97,44.59900000000003,42.94,41.07,64.41,2.01,1.85,0.16,扬农化工,化学原料和化学制品制造业,主板,47.282499999999985,47.187499999999964,46.57333333333339,45.66062500000001,41.228723404255305
600486,2019-03-05,47.53,47.4,47.77,46.16,47.52,41939.6,196059000.0,47.31,47.05,44.92650000000003,43.24,41.22,63.75,1.95,1.87,0.08,扬农化工,化学原料和化学制品制造业,主板,47.37999999999999,47.41624999999996,46.94833333333339,46.02937500000001,41.40106382978722
600486,2019-03-06,47.1,48.42,48.5,46.9,47.4,43556.8,208172000.0,47.59,47.33,45.34550000000003,43.55,41.35,66.87,1.96,1.89,0.07,扬农化工,化学原料和化学制品制造业,主板,47.84749999999998,47.73999999999997,47.124166666666724,46.360625000000006,41.59851063829786
600486,2019-03-07,48.2,48.99,49.3,46.71,48.42,62576.0,300449000.0,48.08,47.67,45.790000000000035,43.94,41.48,68.5,1.99,1.91,0.08,扬农化工,化学原料和化学制品制造业,主板,48.08249999999998,47.77624999999997,47.325833333333385,46.70875000000001,41.811489361702115
600486,2019-03-08,48.01,47.05,49.23,46.92,48.99,37010.9,177520000.0,47.88,47.8,46.12150000000003,44.21,41.57,58.02,1.84,1.9,-0.06,扬农化工,化学原料和化学制品制造业,主板,47.96499999999998,47.62374999999997,47.446666666666715,46.92125000000001,41.96680851063829
600486,2019-03-11,47.1,49.43,49.48,47.08,47.05,34203.5,166130000.0,48.26,47.87,46.51800000000003,44.52,41.74,65.08,1.88,1.89,-0.01,扬农化工,化学原料和化学制品制造业,主板,48.47249999999998,47.926249999999975,47.76833333333337,47.329375000000006,42.167446808510626
600486,2019-03-12,49.4,51.2,51.49,49.1,49.43,36167.0,182278000.0,49.02,48.16,46.92200000000003,44.89,41.91,69.22,2.04,1.92,0.12,扬农化工,化学原料和化学制品制造业,主板,49.167499999999976,48.50749999999997,48.21583333333337,47.635000000000005,42.41829787234041
600486,2019-03-13,50.8,49.27,51.0,49.0,51.2,22367.6,112012000.0,49.19,48.39,47.21450000000003,45.19,42.07,60.76,1.99,1.94,0.05,扬农化工,化学原料和化学制品制造业,主板,49.237499999999976,48.65999999999997,48.26333333333337,47.80375,42.63276595744679
600486,2019-03-14,49.13,54.2,54.2,49.01,49.27,54907.9,287822000.0,50.23,49.15,47.74200000000003,45.65,42.3,70.64,2.32,2.01,0.31,扬农化工,化学原料和化学制品制造业,主板,51.02499999999998,49.49499999999997,48.75750000000004,48.34125,42.98468085106381
600486,2019-03-15,54.65,53.76,56.98,52.57,54.2,35345.6,190235000.0,51.57,49.72,48.28500000000004,46.06,42.52,68.97,2.52,2.11,0.41,扬农化工,化学原料和化学制品制造业,主板,52.10749999999997,50.28999999999997,49.32000000000004,48.853125,43.345106382978706
600486,2019-03-18,53.2,53.72,54.87,52.6,53.76,45796.8,244072000.0,52.43,50.34,48.65550000000004,46.51,42.72,68.81,2.64,2.22,0.42,扬农化工,化学原料和化学制品制造业,主板,52.73749999999997,50.952499999999965,49.91750000000005,49.34625,43.72468085106381
600486,2019-03-19,53.35,52.57,53.35,51.95,53.72,27368.6,144399000.0,52.7,50.86,48.955500000000036,46.9,42.91,64.22,2.61,2.3,0.31,扬农化工,化学原料和化学制品制造业,主板,53.562499999999964,51.39999999999996,50.29416666666672,49.588125,44.078085106382964
600486,2019-03-20,52.5,52.33,52.98,50.6,52.57,33203.6,171604000.0,53.32,51.25,49.29200000000004,47.31,43.1,63.27,2.55,2.35,0.2,扬农化工,化学原料和化学制品制造业,主板,53.09499999999997,52.05999999999996,50.69500000000006,49.841875,44.40021276595743
600486,2019-03-21,51.8,51.85,52.4,51.5,52.33,26229.4,135890000.0,52.85,51.54,49.60600000000004,47.71,43.3,61.32,2.42,2.36,0.06,扬农化工,化学原料和化学制品制造业,主板,52.61749999999998,52.36249999999996,51.065833333333394,50.144375000000004,44.71148936170211
600486,2019-03-22,53.53,52.14,54.38,51.85,51.85,39831.5,210642000.0,52.52,52.05,49.92150000000003,48.1,43.51,62.08,2.32,2.35,-0.03,扬农化工,化学原料和化学制品制造业,主板,52.222499999999975,52.47999999999996,51.3758333333334,50.493750000000006,45.018723404255304
600486,2019-03-25,51.61,51.15,53.88,50.75,52.14,43152.3,226935000.0,52.01,52.22,50.044000000000025,48.42,43.71,57.9,2.13,2.31,-0.18,扬农化工,化学原料和化学制品制造业,主板,51.86749999999998,52.71499999999996,51.555833333333396,50.68750000000001,45.28744680851062
600486,2019-03-26,51.38,51.02,51.95,49.98,51.15,42276.0,213675000.0,51.7,52.2,50.18150000000003,48.68,43.91,57.35,1.96,2.24,-0.28,扬农化工,化学原料和化学制品制造业,主板,51.53999999999998,52.31749999999996,51.886666666666734,50.90625000000001,45.55212765957445
600486,2019-03-27,51.18,51.65,52.14,50.44,51.02,35260.1,180401000.0,51.56,52.44,50.413500000000035,48.96,44.11,59.35,1.85,2.16,-0.31,扬农化工,化学原料和化学制品制造业,主板,51.489999999999974,52.05374999999996,52.07166666666674,51.17187500000001,45.83872340425531
600486,2019-03-28,51.66,55.1,55.18,51.64,51.65,70629.2,378900000.0,52.21,52.53,50.84100000000003,49.34,44.36,68.17,2.01,2.13,-0.12,扬农化工,化学原料和化学制品制造业,主板,52.229999999999976,52.226249999999965,52.39666666666673,51.58937500000001,46.18999999999998
600486,2019-03-29,55.31,55.34,55.55,53.03,55.1,57866.6,314375000.0,52.85,52.69,51.20550000000003,49.75,44.63,68.68,2.14,2.13,0.01,扬农化工,化学原料和化学制品制造业,主板,53.27749999999997,52.57249999999997,52.90250000000007,51.98625000000001,46.53765957446807
600486,2019-04-01,55.52,57.65,59.4,55.52,55.34,57771.9,336226000.0,54.15,53.08,51.71200000000003,50.13,44.94,73.13,2.4,2.19,0.21,扬农化工,化学原料和化学制品制造业,主板,54.93499999999997,53.23749999999997,53.19000000000006,52.648750000000014,46.968510638297865
600486,2019-04-02,57.75,58.63,60.99,56.99,57.65,57886.9,341576000.0,55.67,53.69,52.273500000000034,50.53,45.29,74.77,2.65,2.28,0.37,扬农化工,化学原料和化学制品制造业,主板,56.67999999999997,54.084999999999965,53.595833333333395,53.22375000000002,47.38723404255319
600486,2019-04-03,57.88,59.95,60.3,57.46,58.63,27522.1,162186000.0,57.33,54.45,52.85000000000004,51.01,45.67,76.82,2.93,2.41,0.52,扬农化工,化学原料和化学制品制造业,主板,57.89249999999998,55.061249999999966,54.115000000000066,53.77062500000002,47.81106382978722
600486,2019-04-04,65.95,65.34,65.95,63.05,59.95,128476.0,838366000.0,59.38,55.8,53.66750000000003,51.67,46.16,82.92,3.54,2.64,0.9,扬农化工,化学原料和化学制品制造业,主板,60.39249999999998,56.834999999999965,55.17916666666673,54.77500000000002,48.349787234042545
600486,2019-04-08,71.87,71.87,71.87,70.1,65.34,92172.4,661780000.0,62.69,57.77,54.90850000000004,52.54,46.76,87.29,4.49,3.01,1.48,扬农化工,化学原料和化学制品制造业,主板,63.947499999999984,59.44124999999997,56.80750000000006,55.87937500000002,49.01765957446808
600486,2019-04-09,68.0,69.0,69.5,64.68,71.87,142062.0,932537000.0,64.96,59.55,55.887000000000036,53.21,47.29,77.87,4.96,3.4,1.56,扬农化工,化学原料和化学制品制造业,主板,66.53999999999999,61.60999999999997,58.23666666666673,56.83187500000002,49.627021276595734
600486,2019-04-10,66.0,65.15,67.77,64.28,69.0,78661.5,515104000.0,66.26,60.97,56.584500000000034,53.78,47.76,67.36,4.98,3.71,1.27,扬农化工,化学原料和化学制品制造业,主板,67.83999999999999,62.866249999999965,59.32083333333339,57.546250000000015,50.13106382978722
600486,2019-04-11,64.29,62.27,65.0,62.0,65.15,49917.9,314722000.0,66.73,62.03,57.23450000000004,54.29,48.17,60.76,4.69,3.91,0.78,扬农化工,化学原料和化学制品制造业,主板,67.07249999999999,63.73249999999996,60.24750000000006,58.15250000000001,50.60489361702126
600486,2019-04-12,62.0,61.73,63.2,61.54,62.27,30292.3,188386000.0,66.0,62.69,57.61100000000003,54.79,48.55,59.58,4.37,4.0,0.37,扬农化工,化学原料和化学制品制造业,主板,64.5375,64.24249999999996,61.140000000000065,58.74000000000001,51.049148936170205
600486,2019-04-15,62.4,61.32,64.1,61.14,61.73,36092.1,225311000.0,63.89,63.29,57.98900000000003,55.23,48.93,58.65,4.05,4.01,0.04,扬农化工,化学原料和化学制品制造业,主板,62.61749999999999,64.57874999999997,61.945833333333404,59.33187500000001,51.50191489361701
600486,2019-04-16,61.3,61.98,62.32,60.03,61.32,33510.0,204901000.0,62.49,63.72,58.40200000000003,55.72,49.33,59.74,3.79,3.97,-0.18,扬农化工,化学原料和化学制品制造业,主板,61.824999999999996,64.83249999999997,62.519166666666734,59.94687500000001,51.96744680851064
600486,2019-04-17,61.66,62.23,64.08,61.38,61.98,36984.5,232762000.0,61.91,64.08,58.88500000000003,56.21,49.72,60.17,3.57,3.89,-0.32,扬农化工,化学原料和化学制品制造业,主板,61.81499999999999,64.44374999999997,63.0933333333334,60.639375000000015,52.43148936170212
600486,2019-04-18,62.0,60.74,62.69,60.0,62.23,31330.4,191024000.0,61.6,64.16,59.30550000000004,56.62,50.09,56.32,3.24,3.76,-0.52,扬农化工,化学原料和化学制品制造业,主板,61.56749999999999,63.05249999999997,63.350833333333405,61.24687500000002,52.840851063829774
600486,2019-04-19,60.68,60.11,60.68,59.23,60.74,41485.4,248261000.0,61.28,63.64,59.71850000000004,56.99,50.46,54.72,2.89,3.58,-0.69,扬农化工,化学原料和化学制品制造业,主板,61.264999999999986,61.94124999999997,63.47416666666674,61.77562500000001,53.20234042553191
600486,2019-04-22,60.73,58.47,61.88,58.42,60.11,47090.0,282409000.0,60.71,62.3,60.03500000000004,57.37,50.79,50.7,2.45,3.36,-0.91,扬农化工,化学原料和化学制品制造业,主板,60.387499999999996,61.106249999999974,63.350833333333405,61.986250000000005,53.52255319148935
600486,2019-04-23,59.34,59.17,61.18,59.06,58.47,42435.7,254142000.0,60.14,61.32,60.436000000000035,57.7,51.11,52.31,2.13,3.11,-0.98,扬农化工,化学原料和化学制品制造业,主板,59.622499999999995,60.71874999999997,62.83666666666673,62.225625,53.8527659574468
600486,2019-04-24,59.0,58.82,59.71,57.11,59.17,37561.5,218358000.0,59.46,60.68,60.826000000000036,57.95,51.42,51.41,1.83,2.86,-1.03,扬农化工,化学原料和化学制品制造业,主板,59.1425,60.354999999999976,61.74916666666673,62.298750000000005,54.19148936170212
600486,2019-04-25,58.68,57.74,58.75,57.58,58.82,32958.4,191101000.0,58.86,60.23,61.130500000000026,58.23,51.71,48.62,1.5,2.58,-1.08,扬农化工,化学原料和化学制品制造业,主板,58.55,59.90749999999998,60.8108333333334,62.243125,54.43468085106382
600486,2019-04-26,57.74,55.58,58.23,55.41,57.74,38287.6,214948000.0,57.96,59.62,61.15450000000003,58.28,51.96,43.52,1.04,2.28,-1.24,扬农化工,化学原料和化学制品制造业,主板,57.82749999999999,59.10749999999997,60.01333333333341,61.97,54.626382978723385
600486,2019-04-29,55.68,55.34,57.38,55.21,55.58,42732.5,240419000.0,57.33,59.02,61.15450000000003,58.33,52.19,42.98,0.65,1.95,-1.3,扬农化工,化学原料和化学制品制造业,主板,56.86999999999999,58.246249999999975,59.43583333333341,61.34499999999999,54.83361702127658
600486,2019-04-30,55.58,56.23,56.35,55.02,55.34,35052.8,195622000.0,56.74,58.44,61.08350000000003,58.42,52.46,45.67,0.41,1.64,-1.23,扬农化工,化学原料和化学制品制造业,主板,56.2225,57.682499999999976,58.97750000000008,60.367499999999986,55.06042553191488
600486,2019-05-06,54.12,52.0,54.12,50.61,56.23,42106.7,222263000.0,55.38,57.42,60.752000000000024,58.4,52.65,36.8,-0.12,1.29,-1.41,扬农化工,化学原料和化学制品制造业,主板,54.787499999999994,56.668749999999974,58.20083333333341,59.304999999999986,55.19170212765956
600486,2019-05-07,53.2,54.07,54.4,52.36,52.0,25849.2,138514000.0,54.64,56.75,60.45800000000001,58.45,52.88,42.67,-0.37,0.96,-1.33,扬农化工,化学原料和化学制品制造业,主板,54.41,56.11874999999998,57.54166666666674,58.61249999999999,55.305957446808506
600486,2019-05-08,52.5,53.19,54.4,52.2,54.07,16929.9,90611600.0,54.17,56.06,59.850500000000025,58.5,53.1,40.93,-0.63,0.64,-1.27,扬农化工,化学原料和化学制品制造业,主板,53.872499999999995,55.371249999999975,56.78833333333341,58.04499999999999,55.41063829787233
600486,2019-05-09,53.0,52.42,53.48,52.19,53.19,17934.6,94563700.0,53.58,55.46,58.87800000000002,58.51,53.3,39.41,-0.89,0.33,-1.22,扬农化工,化学原料和化学制品制造业,主板,52.919999999999995,54.57124999999998,56.09500000000008,57.463124999999984,55.525744680851055
600486,2019-05-10,53.36,55.06,55.1,52.35,52.42,34647.0,186661000.0,53.35,55.04,58.18100000000002,58.64,53.53,46.7,-0.87,0.09,-0.96,扬农化工,化学原料和化学制品制造业,主板,53.685,54.23624999999998,55.67416666666674,57.071874999999984,55.70680851063828
600486,2019-05-13,54.2,53.05,54.29,52.06,55.06,37568.6,198314000.0,53.56,54.47,57.57600000000001,58.71,53.69,42.51,-1.01,-0.13,-0.88,扬农化工,化学原料和化学制品制造业,主板,53.43000000000001,53.91999999999998,55.222500000000075,56.51374999999998,55.813191489361685
600486,2019-05-14,52.0,51.87,52.52,51.01,53.05,31831.5,164765000.0,53.12,53.88,57.056000000000004,58.71,53.84,40.22,-1.2,-0.34,-0.86,扬农化工,化学原料和化学制品制造业,主板,53.10000000000001,53.486249999999984,54.61416666666674,55.86624999999998,55.90574468085105
600486,2019-05-15,52.0,54.17,54.59,52.0,51.87,35825.7,191186000.0,53.31,53.74,56.67800000000001,58.68,54.01,46.28,-1.14,-0.5,-0.64,扬农化工,化学原料和化学制品制造业,主板,53.53750000000001,53.228749999999984,54.22666666666674,55.455624999999976,56.04978723404254
600486,2019-05-16,54.14,56.68,57.68,53.51,54.17,47176.4,263916000.0,54.17,53.87,56.44600000000001,58.73,54.24,51.99,-0.89,-0.58,-0.31,扬农化工,化学原料和化学制品制造业,主板,53.94250000000001,53.813749999999985,54.1383333333334,55.24124999999997,56.225531914893594
600486,2019-05-17,56.42,53.77,57.87,53.5,56.68,54291.8,298757000.0,53.91,53.63,56.03550000000001,58.6,54.36,45.9,-0.92,-0.65,-0.27,扬农化工,化学原料和化学制品制造业,主板,54.1225,53.77624999999998,53.98750000000006,54.94749999999997,56.32723404255317
600486,2019-05-20,53.87,52.97,54.17,50.0,53.77,34838.1,181208000.0,53.89,53.72,55.57250000000001,58.41,54.47,44.36,-0.99,-0.72,-0.27,扬农化工,化学原料和化学制品制造业,主板,54.39750000000001,53.74874999999998,53.790000000000056,54.559999999999974,56.45319148936168
600486,2019-05-21,53.4,55.45,56.13,52.04,52.97,31309.8,170958000.0,54.61,53.86,55.308000000000014,58.26,54.64,49.96,-0.84,-0.74,-0.1,扬农化工,化学原料和化学制品制造业,主板,54.7175,54.127499999999976,53.72500000000006,54.349374999999974,56.581276595744654
600486,2019-05-22,55.02,55.18,56.23,54.37,55.45,20922.1,115469000.0,54.81,54.06,55.061500000000024,57.92,54.8,49.38,-0.73,-0.74,0.01,扬农化工,化学原料和化学制品制造业,主板,54.3425,54.14249999999998,53.99000000000006,54.18937499999997,56.665957446808484
600486,2019-05-23,54.59,53.39,54.96,52.6,55.18,24191.7,129634000.0,54.15,54.16,54.807500000000026,57.3,54.92,45.58,-0.79,-0.75,-0.04,扬农化工,化学原料和化学制品制造业,主板,54.247499999999995,54.184999999999974,53.93333333333339,54.05249999999997,56.75361702127657
600486,2019-05-24,53.65,52.2,53.66,52.0,53.39,19056.2,100143000.0,53.84,53.87,54.459000000000024,56.74,54.98,43.2,-0.91,-0.78,-0.13,扬农化工,化学原料和化学制品制造业,主板,54.055,54.22624999999997,53.85083333333339,53.85624999999997,56.71106382978721
600486,2019-05-27,52.28,53.0,53.49,52.0,52.2,27225.4,143763000.0,53.84,53.87,54.16800000000003,56.34,55.06,45.27,-0.94,-0.81,-0.13,扬农化工,化学原料和化学制品制造业,主板,53.44250000000001,54.07999999999997,53.89916666666673,53.654374999999966,56.69489361702124
600486,2019-05-28,52.82,52.82,53.79,52.65,53.0,18276.7,97457600.0,53.32,53.96,53.922000000000025,56.02,55.16,44.87,-0.96,-0.84,-0.12,扬农化工,化学原料和化学制品制造业,主板,52.852500000000006,53.59749999999997,53.71250000000007,53.70562499999997,56.67574468085104
600486,2019-05-29,53.27,52.59,53.38,52.23,52.82,23537.2,124146000.0,52.8,53.81,53.77250000000002,55.72,55.26,44.34,-0.98,-0.87,-0.11,扬农化工,化学原料和化学制品制造业,主板,52.6525,53.449999999999974,53.67416666666674,53.61312499999997,56.67617021276593
600486,2019-05-30,52.8,50.86,52.8,50.5,52.59,39126.0,200291000.0,52.29,53.22,53.548500000000026,55.37,55.3,40.44,-1.13,-0.92,-0.21,扬农化工,化学原料和化学制品制造业,主板,52.31750000000001,53.18624999999997,53.59000000000008,53.46749999999997,56.64489361702125
600486,2019-05-31,51.14,50.0,51.78,49.95,50.86,38374.5,195337000.0,51.85,52.85,53.23700000000002,54.97,55.34,38.63,-1.3,-1.0,-0.3,扬农化工,化学原料和化学制品制造业,主板,51.56750000000001,52.504999999999974,53.242500000000085,53.316249999999975,56.6055319148936
600486,2019-06-03,50.12,50.49,51.28,50.12,50.0,34742.7,175998000.0,51.35,52.6,53.161500000000025,54.58,55.4,40.27,-1.38,-1.07,-0.31,扬农化工,化学原料和化学制品制造业,主板,50.985000000000014,51.918749999999974,52.72666666666675,53.03062499999997,56.57042553191487
600486,2019-06-04,50.45,49.1,50.49,48.8,50.49,27948.3,137998000.0,50.61,51.96,52.913000000000025,54.19,55.41,37.22,-1.53,-1.17,-0.36,扬农化工,化学原料和化学制品制造业,主板,50.11250000000001,51.38249999999998,52.33750000000009,52.783749999999976,56.526808510638276
600486,2019-06-05,49.76,49.7,50.82,49.22,49.1,23204.1,116207000.0,50.03,51.42,52.73850000000002,53.85,55.42,39.36,-1.6,-1.25,-0.35,扬农化工,化学原料和化学制品制造业,主板,49.822500000000005,51.06999999999998,52.06500000000009,52.64812499999998,56.498723404255294
600486,2019-06-06,50.8,50.44,51.26,50.1,49.7,26339.7,133544000.0,49.95,51.12,52.63950000000002,53.58,55.48,41.98,-1.56,-1.31,-0.25,扬农化工,化学原料和化学制品制造业,主板,49.932500000000005,50.74999999999998,51.64750000000009,52.414999999999985,56.472978723404225
600486,2019-06-10,50.36,52.19,52.66,50.15,50.44,32378.6,168039000.0,50.38,51.12,52.49600000000002,53.35,55.52,47.73,-1.38,-1.33,-0.05,扬农化工,化学原料和化学制品制造业,主板,50.3575,50.67124999999998,51.39833333333343,52.134374999999984,56.41106382978721
600486,2019-06-11,51.9,53.4,53.53,51.9,52.19,25091.8,133191000.0,50.97,51.16,52.513500000000036,53.16,55.56,51.33,-1.13,-1.29,0.16,扬农化工,化学原料和化学制品制造业,主板,51.432500000000005,50.77249999999998,51.399166666666765,52.111249999999984,56.369787234042526
600486,2019-06-12,53.44,53.4,53.85,52.41,53.4,32849.6,175043000.0,51.83,51.22,52.590000000000046,53.02,55.63,51.33,-0.91,-1.21,0.3,扬农化工,化学原料和化学制品制造业,主板,52.3575,51.089999999999975,51.49916666666676,52.13812499999998,56.27936170212763
600486,2019-06-13,52.91,52.99,53.37,52.06,53.4,24991.0,131808000.0,52.48,51.26,52.53100000000004,52.93,55.61,49.98,-0.77,-1.12,0.35,扬农化工,化学原料和化学制品制造业,主板,52.995000000000005,51.463749999999976,51.49833333333343,51.98437499999998,56.159361702127626
600486,2019-06-14,53.29,50.9,53.37,50.9,52.99,28796.6,150437000.0,52.58,51.26,52.24200000000004,52.79,55.56,43.67,-0.81,-1.06,0.25,扬农化工,化学原料和化学制品制造业,主板,52.6725,51.51499999999997,51.33833333333342,51.71687499999998,55.96680851063827
600486,2019-06-17,51.86,52.38,54.87,51.51,50.9,29507.9,155056000.0,52.61,51.5,52.17250000000005,52.66,55.54,48.61,-0.72,-0.99,0.27,扬农化工,化学原料和化学制品制造业,主板,52.4175,51.92499999999997,51.32083333333342,51.65374999999998,55.691063829787204
600486,2019-06-18,52.39,52.03,52.89,51.61,52.38,18799.9,97974100.0,52.34,51.65,52.125500000000045,52.66,55.53,47.55,-0.67,-0.93,0.26,扬农化工,化学原料和化学制品制造业,主板,52.074999999999996,52.21624999999997,51.418333333333415,51.643124999999976,55.26893617021275
600486,2019-06-19,54.05,53.55,54.75,53.3,52.03,49131.1,265893000.0,52.37,52.1,52.03050000000004,52.64,55.55,52.42,-0.5,-0.84,0.34,扬农化工,化学原料和化学制品制造业,主板,52.21499999999999,52.60499999999997,51.71416666666675,51.677499999999974,54.940212765957426
600486,2019-06-20,54.05,54.3,55.2,52.9,53.55,34664.7,188157000.0,52.63,52.56,51.986500000000035,52.68,55.59,54.65,-0.31,-0.74,0.43,扬农化工,化学原料和化学制品制造业,主板,53.06499999999999,52.86874999999997,52.031666666666744,51.76999999999997,54.709361702127644
600486,2019-06-21,54.48,54.38,55.48,54.06,54.3,19717.3,107991000.0,53.33,52.95,52.03600000000004,52.74,55.63,54.9,-0.14,-0.62,0.48,扬农化工,化学原料和化学制品制造业,主板,53.565,52.99124999999997,52.47166666666674,51.881874999999965,54.54148936170211
600486,2019-06-24,54.23,55.17,55.75,53.35,54.38,30494.2,167113000.0,53.89,53.25,52.184500000000035,52.75,55.69,57.33,0.06,-0.48,0.54,扬农化工,化学原料和化学制品制造业,主板,54.35,53.21249999999998,52.927500000000066,52.15124999999996,54.40191489361701
600486,2019-06-25,54.69,54.11,54.88,53.58,55.17,22444.6,121442000.0,54.3,53.32,52.24000000000003,52.78,55.74,53.18,0.12,-0.36,0.48,扬农化工,化学原料和化学制品制造业,主板,54.489999999999995,53.35249999999998,53.233333333333405,52.40812499999996,54.24851063829786
600486,2019-06-26,54.14,54.12,54.49,53.62,54.11,10608.4,57441300.0,54.42,53.39,52.30500000000003,52.86,55.79,53.22,0.18,-0.25,0.43,扬农化工,化学原料和化学制品制造业,主板,54.44499999999999,53.75499999999998,53.39416666666674,52.63499999999996,54.08127659574466
600486,2019-06-27,54.12,54.46,55.09,54.02,54.12,16745.0,91455800.0,54.45,53.54,52.398500000000034,52.87,55.78,54.44,0.24,-0.15,0.39,扬农化工,化学原料和化学制品制造业,主板,54.46499999999999,54.01499999999998,53.48250000000008,52.96999999999996,53.9159574468085
600486,2019-06-28,54.46,54.7,55.36,53.85,54.46,21831.8,119705000.0,54.51,53.92,52.59050000000004,52.8,55.76,55.33,0.31,-0.06,0.37,扬农化工,化学原料和化学制品制造业,主板,54.34749999999998,54.34874999999998,53.59083333333342,53.28249999999996,53.78744680851062
600486,2019-07-01,55.86,56.2,56.5,55.5,54.7,27184.7,152621000.0,54.72,54.3,52.900500000000044,52.88,55.74,60.52,0.48,0.05,0.43,扬农化工,化学原料和化学制品制造业,主板,54.869999999999976,54.67999999999998,53.85833333333343,53.64249999999997,53.70425531914891
600486,2019-07-02,56.0,57.49,57.77,55.88,56.2,30514.7,173753000.0,55.39,54.85,53.250500000000045,53.03,55.72,64.36,0.71,0.18,0.53,扬农化工,化学原料和化学制品制造业,主板,55.71249999999998,55.07874999999998,54.40750000000009,53.97374999999997,53.683404255319125
600486,2019-07-03,57.3,57.18,57.45,56.55,57.49,12925.5,73756100.0,56.01,55.21,53.654500000000056,53.09,55.68,62.78,0.86,0.32,0.54,扬农化工,化学原料和化学制品制造业,主板,56.39249999999998,55.42874999999998,54.80750000000009,54.209999999999965,53.64106382978721
600486,2019-07-04,57.38,58.22,58.7,56.88,57.18,24840.0,143952000.0,56.76,55.6,54.08050000000005,53.19,55.56,65.81,1.04,0.46,0.58,扬农化工,化学原料和化学制品制造业,主板,57.27249999999998,55.80999999999998,55.32333333333343,54.51124999999997,53.62829787234039
600486,2019-07-05,58.0,56.7,58.55,56.38,58.22,29243.6,167132000.0,57.16,55.84,54.39350000000005,53.3,55.3,58.34,1.06,0.58,0.48,扬农化工,化学原料和化学制品制造业,主板,57.39749999999998,56.13374999999998,55.58583333333343,54.74312499999997,53.606170212765925
600486,2019-07-08,56.05,55.4,57.2,55.28,56.7,20522.9,114988000.0,57.0,55.86,54.55400000000005,53.41,55.08,52.81,0.95,0.65,0.3,扬农化工,化学原料和化学制品制造业,主板,56.87499999999997,56.293749999999974,55.6775000000001,55.02437499999997,53.602340425531885
600486,2019-07-09,55.76,54.7,56.4,54.35,55.4,22988.8,126193000.0,56.44,55.92,54.61900000000005,53.47,54.9,50.06,0.81,0.69,0.12,扬农化工,化学原料和化学制品制造业,主板,56.25499999999997,56.323749999999976,55.70416666666677,55.169374999999974,53.58872340425528
600486,2019-07-10,54.76,54.02,56.04,53.74,54.7,17677.7,96424300.0,55.81,55.91,54.65000000000005,53.51,54.77,47.48,0.63,0.67,-0.04,扬农化工,化学原料和化学制品制造业,主板,55.20499999999996,56.238749999999975,55.60833333333344,55.293749999999974,53.54170212765953
600486,2019-07-11,54.48,54.98,55.2,53.76,54.02,20072.9,109933000.0,55.16,55.96,54.74950000000005,53.59,54.65,51.3,0.55,0.65,-0.1,扬农化工,化学原料和化学制品制造业,主板,54.77499999999996,56.08624999999998,55.680833333333446,55.38312499999998,53.60510638297868
600486,2019-07-12,54.94,54.66,55.76,54.31,54.98,23075.4,126450000.0,54.75,55.96,54.93750000000004,53.71,54.54,49.99,0.47,0.61,-0.14,扬农化工,化学原料和化学制品制造业,主板,54.58999999999997,55.73249999999997,55.72583333333344,55.40562499999998,53.61765957446804
600486,2019-07-15,53.83,53.53,54.4,52.11,54.66,24998.2,133699000.0,54.38,55.69,54.99500000000004,53.83,54.4,45.58,0.3,0.55,-0.25,扬农化工,化学原料和化学制品制造业,主板,54.29749999999997,55.27624999999997,55.64833333333343,55.35249999999998,53.624893617021236
600486,2019-07-16,53.46,52.98,53.9,52.2,53.53,18446.2,97388700.0,54.03,55.24,55.04250000000004,53.91,54.25,43.56,0.13,0.47,-0.34,扬农化工,化学原料和化学制品制造业,主板,54.03749999999997,54.621249999999975,55.5050000000001,55.21562499999998,53.636808510638254
600486,2019-07-17,53.21,54.08,54.4,52.9,52.98,21845.1,117187000.0,54.05,54.93,55.06900000000004,54.08,54.14,48.47,0.08,0.39,-0.31,扬农化工,化学原料和化学制品制造业,主板,53.81249999999998,54.293749999999974,55.32833333333343,55.21374999999998,53.615957446808466
600486,2019-07-18,53.36,52.0,53.4,52.0,54.08,25512.6,134078000.0,53.45,54.3,54.95400000000004,54.16,54.0,41.18,-0.13,0.29,-0.42,扬农化工,化学原料和化学制品制造业,主板,53.14749999999997,53.86874999999998,54.87083333333343,55.08124999999998,53.59361702127655
600486,2019-07-19,52.03,52.14,52.68,51.81,52.0,12666.9,66204200.0,52.95,53.85,54.84200000000004,54.21,53.9,41.81,-0.28,0.17,-0.45,扬农化工,化学原料和化学制品制造业,主板,52.799999999999976,53.54874999999998,54.450833333333435,54.93624999999998,53.59936170212761
600486,2019-07-22,52.8,53.02,53.45,51.11,52.14,22006.4,115551000.0,52.84,53.61,54.73450000000004,54.24,53.79,45.77,-0.32,0.07,-0.39,扬农化工,化学原料和化学制品制造业,主板,52.80999999999998,53.42374999999998,54.0175000000001,54.831249999999976,53.574893617021225
600486,2019-07-23,52.5,53.99,53.99,52.5,53.02,22835.5,121601000.0,53.05,53.54,54.72850000000004,54.26,53.71,49.83,-0.28,0.0,-0.28,扬农化工,化学原料和化学制品制造业,主板,52.78749999999998,53.299999999999976,53.791666666666764,54.693124999999974,53.517659574468034
600486,2019-07-24,54.15,54.75,55.33,53.66,53.99,26238.1,143799000.0,53.18,53.61,54.76000000000005,54.3,53.66,52.81,-0.18,-0.03,-0.15,扬农化工,化学原料和化学制品制造业,主板,53.47499999999998,53.31124999999997,53.7375000000001,54.52187499999997,53.53851063829782
600486,2019-07-25,54.8,54.06,55.23,53.85,54.75,19204.9,104445000.0,53.59,53.52,54.740000000000045,54.34,53.64,49.91,-0.15,-0.06,-0.09,扬农化工,化学原料和化学制品制造业,主板,53.954999999999984,53.37749999999997,53.68416666666676,54.32687499999998,53.56170212765953
600486,2019-07-26,54.06,55.95,55.95,53.5,54.06,26477.4,145259000.0,54.35,53.65,54.802500000000045,54.51,53.65,56.88,0.02,-0.04,0.06,扬农化工,化学原料和化学制品制造业,主板,54.68749999999998,53.748749999999966,53.845000000000105,54.18499999999998,53.57234042553187
600486,2019-07-29,55.37,56.2,56.7,55.31,55.95,21620.0,121239000.0,54.99,53.92,54.802500000000045,54.64,53.65,57.72,0.18,0.0,0.18,扬农化工,化学原料和化学制品制造业,主板,55.23999999999998,54.013749999999966,53.94666666666677,54.15374999999998,53.59404255319144
600486,2019-07-30,56.25,56.7,57.2,55.81,56.2,19449.5,110201000.0,55.53,54.29,54.76300000000005,54.79,53.72,59.42,0.33,0.07,0.26,扬农化工,化学原料和化学制品制造业,主板,55.72749999999998,54.601249999999965,54.11666666666678,54.234999999999985,53.664468085106336
600486,2019-07-31,56.32,56.77,57.18,56.2,56.7,14518.7,82428100.0,55.94,54.56,54.74250000000004,54.9,53.77,59.67,0.46,0.15,0.31,扬农化工,化学原料和化学制品制造业,主板,56.40499999999997,55.179999999999964,54.38666666666678,54.36437499999998,53.76170212765953
600486,2019-08-01,56.58,56.58,57.27,55.56,56.77,16078.7,90769800.0,56.44,55.02,54.660500000000035,54.97,53.83,58.63,0.54,0.23,0.31,扬农化工,化学原料和化学制品制造业,主板,56.56249999999997,55.624999999999964,54.68666666666678,54.524374999999985,53.837872340425484
600486,2019-08-02,55.4,56.23,56.51,54.92,56.58,16528.7,92567400.0,56.5,55.42,54.637000000000036,55.04,53.89,56.69,0.57,0.29,0.28,扬农化工,化学原料和化学制品制造业,主板,56.56999999999998,55.904999999999966,54.86583333333345,54.602499999999985,53.910425531914846
600486,2019-08-05,56.5,55.1,56.88,54.95,56.23,20805.5,116548000.0,56.28,55.63,54.62200000000003,55.03,53.89,50.82,0.49,0.33,0.16,扬农化工,化学原料和化学制品制造业,主板,56.16999999999999,55.94874999999997,55.12416666666678,54.62999999999999,53.96382978723399
600486,2019-08-06,54.5,54.94,55.9,54.1,55.1,23352.9,128156000.0,55.92,55.73,54.63400000000003,55.06,53.92,50.03,0.42,0.35,0.07,扬农化工,化学原料和化学制品制造业,主板,55.712499999999984,56.05874999999997,55.35750000000012,54.718124999999986,54.05063829787228
600486,2019-08-07,55.21,54.18,55.54,54.12,54.94,14271.7,77983100.0,55.41,55.67,54.64200000000003,55.06,53.96,46.35,0.29,0.34,-0.05,扬农化工,化学原料和化学制品制造业,主板,55.11249999999998,55.83749999999997,55.45416666666679,54.79312499999998,54.139574468085044
600486,2019-08-08,54.27,54.55,54.99,53.78,54.18,12188.7,66382800.0,55.0,55.72,54.62050000000003,55.07,53.97,48.34,0.22,0.31,-0.09,扬农化工,化学原料和化学制品制造业,主板,54.69249999999999,55.63124999999997,55.500833333333446,54.82249999999998,54.22595744680846
600486,2019-08-09,54.72,53.11,55.4,52.65,54.55,21271.2,113931000.0,54.38,55.44,54.54300000000002,55.01,53.91,41.83,0.05,0.26,-0.21,扬农化工,化学原料和化学制品制造业,主板,54.194999999999986,55.182499999999976,55.36416666666678,54.89187499999998,54.31127659574464
600486,2019-08-12,53.18,54.11,54.11,52.6,53.11,13225.2,70949500.0,54.18,55.23,54.57200000000002,54.94,53.91,47.15,-0.01,0.21,-0.22,扬农化工,化学原料和化学制品制造业,主板,53.98749999999998,54.84999999999998,55.36833333333345,55.01499999999998,54.40510638297869
600486,2019-08-13,54.15,54.22,54.86,53.48,54.11,13064.0,70773200.0,54.03,54.98,54.634000000000015,54.84,53.93,47.72,-0.05,0.16,-0.21,扬农化工,化学原料和化学制品制造业,主板,53.99749999999999,54.554999999999986,55.22416666666678,55.08999999999998,54.48553191489357
600486,2019-08-14,54.86,53.38,55.6,53.0,54.22,17942.7,97020600.0,53.87,54.64,54.599000000000025,54.71,53.9,43.85,-0.14,0.1,-0.24,扬农化工,化学原料和化学制品制造业,主板,53.704999999999984,54.19874999999998,54.98916666666678,55.05187499999998,54.51085106382974
600486,2019-08-15,52.64,52.87,53.33,52.31,53.38,12938.5,68305900.0,53.54,54.27,54.64250000000002,54.53,53.86,41.64,-0.26,0.03,-0.29,扬农化工,化学原料和化学制品制造业,主板,53.64499999999998,53.91999999999998,54.67000000000011,54.93437499999998,54.49957446808506
600486,2019-08-16,53.2,52.95,53.46,52.36,52.87,15540.7,82246300.0,53.51,53.94,54.683000000000014,54.4,53.85,42.14,-0.34,-0.05,-0.29,扬农化工,化学原料和化学制品制造业,主板,53.354999999999976,53.67124999999998,54.35166666666678,54.86499999999998,54.489999999999945
600486,2019-08-19,53.2,54.48,54.64,52.61,52.95,27155.8,145497000.0,53.58,53.88,54.756000000000014,54.37,53.89,50.7,-0.27,-0.09,-0.18,扬农化工,化学原料和化学制品制造业,主板,53.41999999999998,53.70874999999998,54.17666666666678,54.77312499999998,54.52170212765952
600486,2019-08-20,54.28,54.47,55.44,54.08,54.48,20752.6,113932000.0,53.63,53.83,54.780000000000015,54.37,53.92,50.65,-0.22,-0.12,-0.1,扬农化工,化学原料和化学制品制造业,主板,53.69249999999998,53.69874999999998,54.030000000000115,54.66499999999998,54.59765957446803
600486,2019-08-21,54.42,54.8,54.8,53.7,54.47,23345.7,126673000.0,53.91,53.89,54.78250000000001,54.39,53.95,52.41,-0.15,-0.12,-0.03,扬农化工,化学原料和化学制品制造业,主板,54.17499999999998,53.90999999999998,54.00500000000011,54.54624999999997,54.64914893617016
600486,2019-08-22,54.76,54.06,54.78,53.65,54.8,14541.6,78623900.0,54.15,53.85,54.78250000000001,54.36,53.97,48.25,-0.15,-0.13,-0.02,扬农化工,化学原料和化学制品制造业,主板,54.452499999999986,53.90374999999998,53.931666666666764,54.37687499999997,54.69234042553185
600486,2019-08-23,54.1,54.69,55.19,53.91,54.06,12183.0,66488800.0,54.5,54.0,54.71950000000002,54.36,54.04,51.76,-0.1,-0.12,0.02,扬农化工,化学原料和化学制品制造业,主板,54.50499999999999,53.96249999999998,53.974166666666775,54.25874999999997,54.71659574468079
600486,2019-08-26,53.53,53.88,54.18,53.01,54.69,16143.7,86566000.0,54.38,53.98,54.60350000000002,54.37,54.1,47.32,-0.13,-0.12,-0.01,扬农化工,化学原料和化学制品制造业,主板,54.357499999999995,54.02499999999998,53.91833333333344,54.11187499999997,54.707659574468025
600486,2019-08-27,53.9,53.3,54.26,52.1,53.88,41699.5,221093000.0,54.15,53.89,54.433500000000016,54.39,54.15,44.38,-0.19,-0.14,-0.05,扬农化工,化学原料和化学制品制造业,主板,53.98249999999999,54.07874999999998,53.934166666666776,53.999374999999965,54.68468085106377
600486,2019-08-28,53.29,53.13,53.67,52.29,53.3,30353.3,160924000.0,53.81,53.86,54.25150000000002,54.35,54.22,43.53,-0.25,-0.16,-0.09,扬农化工,化学原料和化学制品制造业,主板,53.749999999999986,54.10124999999998,53.852500000000106,53.88624999999996,54.64127659574462
600486,2019-08-29,53.16,52.75,53.36,52.65,53.13,15534.0,82103500.0,53.55,53.85,54.060000000000024,54.38,54.27,41.61,-0.33,-0.19,-0.14,扬农化工,化学原料和化学制品制造业,主板,53.264999999999986,53.88499999999998,53.7300000000001,53.796874999999964,54.612340425531855
600486,2019-08-30,53.03,52.6,54.55,52.32,52.75,24640.4,131257000.0,53.13,53.82,53.87850000000002,54.39,54.3,40.84,-0.4,-0.24,-0.16,扬农化工,化学原料和化学制品制造业,主板,52.94499999999999,53.651249999999976,53.665000000000106,53.67499999999997,54.579999999999934
600486,2019-09-02,52.3,53.16,53.27,52.2,52.6,23980.4,126690000.0,52.99,53.68,53.78150000000003,54.4,54.32,44.92,-0.4,-0.27,-0.13,扬农化工,化学原料和化学制品制造业,主板,52.90999999999998,53.44624999999997,53.68916666666677,53.678124999999966,54.552340425531845
600486,2019-09-03,53.16,52.58,53.4,52.52,53.16,14424.1,76130200.0,52.84,53.49,53.66350000000002,54.35,54.31,41.71,-0.44,-0.3,-0.14,扬农化工,化学原料和化学制品制造业,主板,52.77249999999998,53.26124999999997,53.65833333333344,53.58249999999997,54.50723404255313
600486,2019-09-04,52.5,52.5,52.9,52.23,52.58,21441.2,112407000.0,52.72,53.26,53.57950000000002,54.28,54.29,41.27,-0.48,-0.34,-0.14,扬农化工,化学原料和化学制品制造业,主板,52.70999999999998,52.98749999999997,53.49333333333343,53.474999999999966,54.42851063829781
600486,2019-09-05,52.99,53.19,53.75,52.72,52.5,46375.0,247209000.0,52.81,53.18,53.51150000000003,54.25,54.29,46.49,-0.44,-0.36,-0.08,扬农化工,化学原料和化学制品制造业,主板,52.85749999999998,52.90124999999997,53.38666666666677,53.46312499999997,54.33702127659569
600486,2019-09-06,53.5,52.47,53.59,52.35,53.19,24074.0,126788000.0,52.78,52.96,53.47950000000003,54.13,54.32,42.27,-0.48,-0.38,-0.1,扬农化工,化学原料和化学制品制造业,主板,52.68499999999998,52.797499999999964,53.19250000000011,53.43812499999997,54.23680851063824
600486,2019-09-09,53.0,53.2,53.23,52.41,52.47,24468.8,129459000.0,52.79,52.89,53.43400000000004,54.03,54.33,47.48,-0.44,-0.39,-0.05,扬农化工,化学原料和化学制品制造业,主板,52.83999999999999,52.80624999999996,53.12083333333345,53.45374999999997,54.129999999999946
600486,2019-09-10,53.09,53.62,54.25,53.0,53.2,33899.8,182058000.0,53.0,52.92,53.40400000000003,53.93,54.36,50.26,-0.36,-0.39,0.03,扬农化工,化学原料和化学制品制造业,主板,53.11999999999999,52.914999999999964,53.03166666666679,53.39999999999997,54.06446808510633
600486,2019-09-11,53.85,52.68,54.19,52.52,53.62,26110.4,138591000.0,53.03,52.88,53.36900000000003,53.79,54.35,44.57,-0.38,-0.39,0.01,扬农化工,化学原料和化学制品制造业,主板,52.99249999999999,52.92499999999996,52.931666666666786,53.288124999999965,54.006595744680794
600486,2019-09-12,52.58,52.4,52.98,52.18,52.68,26456.6,138525000.0,52.87,52.84,53.34550000000004,53.65,54.31,43.01,-0.4,-0.39,-0.01,扬农化工,化学原料和化学制品制造业,主板,52.97499999999999,52.829999999999956,52.85666666666679,53.13812499999997,53.95765957446803
600486,2019-09-16,52.8,51.8,52.8,51.7,52.4,29740.8,154611000.0,52.74,52.76,53.28800000000003,53.51,54.27,39.79,-0.48,-0.41,-0.07,扬农化工,化学原料和化学制品制造业,主板,52.624999999999986,52.73249999999996,52.74583333333345,52.99687499999996,53.910425531914846
600486,2019-09-17,51.99,51.28,52.2,50.92,51.8,28543.2,147259000.0,52.36,52.57,53.12800000000003,53.38,54.21,37.2,-0.56,-0.44,-0.12,扬农化工,化学原料和化学制品制造业,主板,52.03999999999999,52.579999999999956,52.62333333333345,52.783749999999955,53.83170212765953
600486,2019-09-18,51.35,50.37,51.35,50.24,51.28,24994.2,126309000.0,51.71,52.35,52.92300000000002,53.23,54.14,33.12,-0.69,-0.49,-0.2,扬农化工,化学原料和化学制品制造业,主板,51.46249999999999,52.22749999999996,52.437500000000114,52.564374999999956,53.74042553191485
600486,2019-09-19,50.58,50.64,50.93,50.36,50.37,16731.6,84707700.0,51.3,52.16,52.71500000000003,53.11,54.09,35.38,-0.77,-0.54,-0.23,扬农化工,化学原料和化学制品制造业,主板,51.02249999999999,51.99874999999996,52.22750000000011,52.39812499999996,53.678936170212715
600486,2019-09-20,50.5,50.95,51.32,50.38,50.64,20436.8,104060000.0,51.01,51.94,52.559500000000035,52.99,54.03,37.98,-0.8,-0.6,-0.2,扬农化工,化学原料和化学制品制造业,主板,50.80999999999999,51.71749999999996,52.09166666666678,52.26187499999996,53.635744680851005
600486,2019-09-23,50.95,50.3,50.95,49.32,50.95,26621.3,132980000.0,50.71,51.72,52.34000000000003,52.89,53.95,34.82,-0.86,-0.65,-0.21,扬农化工,化学原料和化学制品制造业,主板,50.56499999999999,51.30249999999996,51.908333333333445,52.10874999999996,53.55531914893612
600486,2019-09-24,50.45,49.5,50.45,49.24,50.3,23061.0,114452000.0,50.35,51.35,52.12100000000002,52.74,53.84,31.37,-0.96,-0.71,-0.25,扬农化工,化学原料和化学制品制造业,主板,50.34749999999999,50.90499999999996,51.60083333333345,51.91499999999996,53.50212765957442
600486,2019-09-25,49.5,50.16,50.51,48.93,49.5,25697.4,128071000.0,50.31,51.01,51.964000000000034,52.61,53.72,36.93,-0.98,-0.76,-0.22,扬农化工,化学原料和化学制品制造业,主板,50.22749999999999,50.62499999999996,51.408333333333445,51.72749999999996,53.45999999999995
600486,2019-09-26,50.11,49.96,50.66,49.9,50.16,13246.5,66475400.0,50.17,50.74,51.80550000000003,52.49,53.6,35.98,-1.0,-0.81,-0.19,扬农化工,化学原料和化学制品制造业,主板,49.97999999999999,50.39499999999995,51.13833333333344,51.563749999999956,53.394893617021225
600486,2019-09-27,49.96,49.49,50.29,49.29,49.96,10181.5,50500100.0,49.88,50.45,51.64250000000003,52.38,53.45,33.77,-1.04,-0.86,-0.18,扬农化工,化学原料和化学制品制造业,主板,49.77749999999999,50.17124999999996,50.794166666666776,51.37562499999996,53.29914893617016
600486,2019-09-30,49.64,49.8,50.21,49.14,49.49,10407.8,51744500.0,49.78,50.24,51.50250000000003,52.27,53.34,36.53,-1.04,-0.89,-0.15,扬农化工,化学原料和化学制品制造业,主板,49.85249999999999,50.09999999999996,50.55416666666678,51.16374999999995,53.193829787233994
600486,2019-10-08,49.62,49.35,49.9,49.18,49.8,12324.5,61145300.0,49.75,50.05,51.312000000000026,52.1,53.24,34.3,-1.06,-0.93,-0.13,扬农化工,化学原料和化学制品制造业,主板,49.64999999999999,49.93874999999996,50.30000000000012,50.96874999999995,53.09361702127655
600486,2019-10-09,49.14,49.84,50.05,48.3,49.35,16662.9,82090000.0,49.69,50.0,51.17500000000002,51.95,53.16,38.69,-1.02,-0.95,-0.07,扬农化工,化学原料和化学制品制造业,主板,49.61999999999999,49.79999999999996,50.13666666666679,50.75874999999995,52.963617021276555
600486,2019-10-10,49.92,50.4,50.47,49.76,49.84,12655.8,63444900.0,49.78,49.98,51.070000000000014,51.8,53.1,43.36,-0.94,-0.94,0.0,扬农化工,化学原料和化学制品制造业,主板,49.84749999999999,49.81249999999996,50.06333333333345,50.55749999999995,52.84021276595741
600486,2019-10-11,50.4,51.01,51.14,50.07,50.4,19062.6,96643100.0,50.08,49.98,50.96100000000001,51.7,53.03,48.0,-0.81,-0.92,0.11,扬农化工,化学原料和化学制品制造业,主板,50.14999999999999,50.001249999999956,50.11666666666679,50.45312499999995,52.719148936170185
600486,2019-10-14,51.3,52.68,53.02,51.29,51.01,39084.5,205310000.0,50.66,50.22,50.97150000000001,51.63,53.0,58.11,-0.57,-0.85,0.28,扬农化工,化学原料和化学制品制造业,主板,50.982499999999995,50.316249999999954,50.28666666666678,50.47062499999995,52.63212765957444
600486,2019-10-15,52.59,52.06,53.0,51.86,52.68,18230.8,95243100.0,51.2,50.48,50.91450000000001,51.57,52.97,53.92,-0.42,-0.76,0.34,扬农化工,化学原料和化学制品制造业,主板,51.537499999999994,50.57874999999996,50.37916666666678,50.486874999999955,52.53595744680848
600486,2019-10-16,52.16,51.6,52.26,51.6,52.06,15555.2,80647100.0,51.55,50.62,50.813500000000005,51.52,52.95,50.98,-0.35,-0.68,0.33,扬农化工,化学原料和化学制品制造业,主板,51.8375,50.84249999999996,50.48750000000012,50.50687499999996,52.43744680851061
600486,2019-10-17,51.88,51.52,51.98,51.3,51.6,9861.2,50850400.0,51.77,50.78,50.75550000000001,51.46,52.91,50.47,-0.29,-0.6,0.31,扬农化工,化学原料和化学制品制造业,主板,51.965,51.057499999999955,50.65583333333345,50.57874999999996,52.361276595744656
600486,2019-10-18,51.49,51.47,52.67,51.38,51.52,15466.1,80418600.0,51.87,50.97,50.70900000000001,51.42,52.9,50.12,-0.23,-0.53,0.3,扬农化工,化学原料和化学制品制造业,主板,51.66250000000001,51.32249999999995,50.76500000000012,50.63062499999996,52.2874468085106
600486,2019-10-21,51.33,50.7,51.87,49.22,51.47,27288.0,137554000.0,51.47,51.06,50.65400000000001,51.36,52.88,45.07,-0.26,-0.47,0.21,扬农化工,化学原料和化学制品制造业,主板,51.322500000000005,51.42999999999995,50.82666666666679,50.61499999999996,52.21340425531911
600486,2019-10-22,50.6,50.5,50.88,49.71,50.7,22650.3,113772000.0,51.16,51.18,50.61500000000001,51.27,52.83,43.84,-0.28,-0.44,0.16,扬农化工,化学原料和化学制品制造业,主板,51.04750000000001,51.44249999999995,50.91083333333345,50.62749999999996,52.127234042553155
600486,2019-10-23,50.45,49.39,50.49,49.36,50.5,15028.6,74729900.0,50.72,51.13,50.56600000000002,51.16,52.76,37.67,-0.39,-0.43,0.04,扬农化工,化学原料和化学制品制造业,主板,50.51500000000001,51.23999999999995,50.876666666666786,50.62062499999996,52.048085106382935
600486,2019-10-24,49.35,48.85,49.61,48.67,49.39,18988.8,93012100.0,50.18,50.98,50.476500000000016,51.04,52.66,35.08,-0.52,-0.44,-0.08,扬农化工,化学原料和化学制品制造业,主板,49.86000000000001,50.761249999999954,50.83500000000012,50.538749999999965,51.93617021276591
600486,2019-10-25,49.33,48.88,49.38,48.8,48.85,13882.0,68014700.0,49.66,50.76,50.37300000000001,50.9,52.57,35.34,-0.6,-0.48,-0.12,扬农化工,化学原料和化学制品制造业,主板,49.405,50.36374999999995,50.755000000000116,50.47124999999996,51.82255319148932
600486,2019-10-28,48.88,49.09,49.4,48.65,48.88,17618.6,86498600.0,49.34,50.41,50.312500000000014,50.78,52.46,37.28,-0.66,-0.51,-0.15,扬农化工,化学原料和化学制品制造业,主板,49.0525,50.049999999999955,50.64583333333346,50.446249999999964,51.73127659574464
600486,2019-10-29,51.0,51.01,51.65,49.7,49.09,47324.6,240183000.0,49.44,50.3,50.38800000000001,50.71,52.37,51.56,-0.53,-0.52,-0.01,扬农化工,化学原料和化学制品制造业,主板,49.457499999999996,49.986249999999956,50.64583333333346,50.521874999999966,51.69170212765954
600486,2019-10-30,50.98,52.1,52.49,50.63,51.01,41363.1,215384000.0,49.99,50.35,50.48500000000001,50.66,52.29,57.47,-0.34,-0.48,0.14,扬农化工,化学原料和化学制品制造业,主板,50.269999999999996,50.064999999999955,50.59750000000013,50.693749999999966,51.67361702127656
600486,2019-10-31,52.0,52.31,52.83,51.66,52.1,34554.6,181208000.0,50.68,50.43,50.602500000000006,50.65,52.22,58.53,-0.17,-0.42,0.25,扬农化工,化学原料和化学制品制造业,主板,51.1275,50.26624999999996,50.618333333333474,50.84812499999996,51.627446808510605
600486,2019-11-01,52.58,52.81,52.99,52.04,52.31,27143.2,143210000.0,51.46,50.56,50.7685,50.66,52.16,61.0,0.01,-0.33,0.34,扬农化工,化学原料和化学制品制造业,主板,52.0575,50.55499999999996,50.7191666666668,50.998749999999966,51.59212765957444
600486,2019-11-04,52.71,53.99,54.63,52.7,52.81,35627.0,192232000.0,52.44,50.89,50.97800000000001,50.73,52.12,66.13,0.24,-0.22,0.46,扬农化工,化学原料和化学制品制造业,主板,52.802499999999995,51.12999999999996,50.92500000000013,51.18499999999997,51.57489361702124
600486,2019-11-05,54.1,55.27,56.49,53.84,53.99,50620.2,280584000.0,53.3,51.37,51.274000000000015,50.87,52.12,70.64,0.52,-0.07,0.59,扬农化工,化学原料和化学制品制造业,主板,53.59499999999999,51.932499999999955,51.241666666666795,51.34687499999997,51.6006382978723
600486,2019-11-06,55.81,55.25,56.15,54.75,55.27,37188.6,205650000.0,53.93,51.96,51.54450000000001,51.03,52.13,70.48,0.73,0.09,0.64,扬农化工,化学原料和化学制品制造业,主板,54.33,52.728749999999955,51.62083333333346,51.54624999999997,51.61255319148932
600486,2019-11-07,55.55,55.9,56.38,55.26,55.25,37374.9,209384000.0,54.64,52.66,51.81950000000002,51.2,52.16,72.63,0.94,0.26,0.68,扬农化工,化学原料和化学制品制造业,主板,55.10249999999999,53.579999999999956,52.07083333333346,51.81499999999997,51.65553191489358
600486,2019-11-08,56.68,55.84,56.77,55.4,55.9,29836.1,167498000.0,55.25,53.36,52.061000000000014,51.37,52.18,72.11,1.09,0.43,0.66,扬农化工,化学原料和化学制品制造业,主板,55.565,54.18374999999996,52.60833333333346,52.08499999999997,51.709574468085066
600486,2019-11-11,56.01,54.8,56.25,54.5,55.84,35570.1,196872000.0,55.41,53.93,52.16700000000001,51.52,52.21,63.6,1.11,0.56,0.55,扬农化工,化学原料和化学制品制造业,主板,55.4475,54.52124999999996,53.10416666666679,52.29312499999997,51.74510638297868
600486,2019-11-12,55.37,55.92,56.34,54.32,54.8,31303.5,173460000.0,55.54,54.42,52.360000000000014,51.73,52.24,67.98,1.21,0.69,0.52,扬农化工,化学原料和化学制品制造业,主板,55.614999999999995,54.97249999999996,53.69083333333345,52.61937499999996,51.81255319148932
600486,2019-11-13,56.0,56.39,56.58,55.41,55.92,23146.2,130070000.0,55.77,54.85,52.59950000000002,51.94,52.27,69.63,1.31,0.82,0.49,扬农化工,化学原料和化学制品制造业,主板,55.73749999999999,55.41999999999996,54.299166666666785,52.98749999999996,51.89319148936166
600486,2019-11-14,56.39,55.74,56.96,55.22,56.39,25721.1,143566000.0,55.74,55.19,52.810500000000026,52.13,52.31,64.66,1.31,0.91,0.4,扬农化工,化学原料和化学制品制造业,主板,55.712499999999984,55.63874999999996,54.69333333333345,53.38437499999996,51.94808510638294
600486,2019-11-15,55.92,55.58,56.6,55.45,55.74,17394.0,97429700.0,55.69,55.47,53.01600000000002,52.34,52.36,63.46,1.29,0.99,0.3,扬农化工,化学原料和化学制品制造业,主板,55.907499999999985,55.67749999999996,54.983333333333455,53.804999999999964,52.01191489361698
600486,2019-11-18,55.58,55.68,56.1,55.25,55.58,16735.4,93107900.0,55.86,55.64,53.26500000000002,52.53,52.4,63.91,1.27,1.05,0.22,扬农化工,化学原料和化学制品制造业,主板,55.84749999999998,55.73124999999996,55.26416666666679,54.22999999999996,52.07957446808506
600486,2019-11-19,56.15,55.85,56.44,55.43,55.68,21726.8,121439000.0,55.85,55.7,53.53250000000001,52.75,52.43,64.71,1.25,1.09,0.16,扬农化工,化学原料和化学制品制造业,主板,55.71249999999999,55.724999999999966,55.51750000000012,54.65249999999996,52.13617021276591
600486,2019-11-20,55.91,57.58,58.75,55.91,55.85,33976.7,196351000.0,56.09,55.93,53.94200000000001,53.01,52.48,71.59,1.36,1.14,0.22,扬农化工,化学原料和化学制品制造业,主板,56.172499999999985,55.94249999999997,55.816666666666784,55.063124999999964,52.24489361702123
600486,2019-11-21,57.49,55.11,57.51,53.5,57.58,40970.0,226292000.0,55.96,55.85,54.25500000000001,53.16,52.48,55.08,1.23,1.16,0.07,扬农化工,化学原料和化学制品制造业,主板,56.05499999999999,55.98124999999997,55.803333333333455,55.25124999999996,52.28553191489358
600486,2019-11-22,55.08,57.67,60.49,55.08,55.11,54663.8,320116000.0,56.38,56.03,54.694500000000005,53.38,52.54,64.28,1.32,1.19,0.13,扬农化工,化学原料和化学制品制造业,主板,56.552499999999995,56.19999999999997,56.005000000000116,55.586249999999964,52.37170212765954
600486,2019-11-25,57.77,58.21,58.8,57.05,57.67,48767.8,282701000.0,56.88,56.37,55.15050000000001,53.57,52.6,65.86,1.42,1.24,0.18,扬农化工,化学原料和化学制品制造业,主板,57.14249999999999,56.42749999999997,56.197500000000126,55.92374999999997,52.48936170212763
600486,2019-11-26,57.88,56.84,58.41,56.84,58.21,37558.9,216030000.0,57.08,56.47,55.44200000000001,53.73,52.65,58.73,1.37,1.26,0.11,扬农化工,化学原料和化学制品制造业,主板,56.957499999999996,56.56499999999997,56.280833333333455,56.10187499999997,52.583829787234016
600486,2019-11-27,57.75,58.4,59.28,57.41,56.84,38901.8,227398000.0,57.25,56.67,55.75700000000002,53.96,52.74,63.57,1.45,1.3,0.15,扬农化工,化学原料和化学制品制造业,主板,57.77999999999999,56.91749999999997,56.58083333333346,56.29749999999997,52.72425531914891
600486,2019-11-28,58.02,56.72,58.36,56.27,58.4,30746.4,175247000.0,57.57,56.76,55.97750000000002,54.13,52.8,55.96,1.35,1.31,0.04,扬农化工,化学原料和化学制品制造业,主板,57.542499999999976,57.047499999999964,56.64750000000013,56.38937499999997,52.83999999999996
600486,2019-11-29,57.28,56.2,57.99,55.83,56.72,20930.0,118355000.0,57.27,56.83,56.14700000000003,54.29,52.85,53.82,1.22,1.29,-0.07,扬农化工,化学原料和化学制品制造业,主板,57.03999999999997,57.09124999999996,56.6316666666668,56.40812499999998,52.96404255319145
600486,2019-12-02,55.96,56.4,57.14,55.75,56.2,21410.7,120885000.0,56.91,56.9,56.26750000000003,54.48,52.92,54.54,1.12,1.26,-0.14,扬农化工,化学原料和化学制品制造业,主板,56.92999999999997,56.94374999999996,56.6866666666668,56.443124999999974,53.086595744680814
600486,2019-12-03,56.76,56.06,57.38,55.77,56.4,21884.6,123004000.0,56.76,56.92,56.30700000000003,54.66,52.96,53.02,1.0,1.21,-0.21,扬农化工,化学原料和化学制品制造业,主板,56.34499999999996,57.06249999999996,56.726666666666794,56.52187499999998,53.195319148936136
600486,2019-12-04,56.4,55.39,56.44,54.88,56.06,21568.0,119415000.0,56.15,56.7,56.314000000000036,54.86,53.01,50.06,0.84,1.13,-0.29,扬农化工,化学原料和化学制品制造业,主板,56.01249999999997,56.777499999999954,56.70250000000013,56.48874999999998,53.30361702127656
600486,2019-12-05,55.66,54.81,56.1,54.33,55.39,25502.4,140046000.0,55.77,56.67,56.259500000000024,55.06,53.05,47.59,0.66,1.04,-0.38,扬农化工,化学原料和化学制品制造业,主板,55.66499999999998,56.35249999999996,56.61583333333346,56.38999999999998,53.41659574468081
600486,2019-12-06,55.2,54.97,55.3,54.1,54.81,27547.1,150293000.0,55.53,56.4,56.21600000000003,55.26,53.08,48.35,0.53,0.94,-0.41,扬农化工,化学原料和化学制品制造业,主板,55.30749999999997,56.11874999999995,56.39833333333346,56.34187499999998,53.518936170212726
600486,2019-12-09,54.61,56.7,56.85,54.61,54.97,67454.8,378753000.0,55.59,56.25,56.311000000000035,55.52,53.15,55.8,0.55,0.86,-0.31,扬农化工,化学原料和化学制品制造业,主板,55.46749999999997,55.90624999999995,56.53083333333347,56.41187499999998,53.662340425531866
600486,2019-12-10,56.81,57.9,58.42,56.36,56.7,43678.0,251590000.0,55.95,56.36,56.41000000000004,55.75,53.23,60.09,0.66,0.82,-0.16,扬农化工,化学原料和化学制品制造业,主板,56.09499999999997,56.05374999999995,56.55000000000013,56.55062499999998,53.84127659574464
600486,2019-12-11,58.11,57.71,58.14,57.18,57.9,29046.7,166919000.0,56.42,56.29,56.476000000000035,55.93,53.3,59.11,0.73,0.8,-0.07,扬农化工,化学原料和化学制品制造业,主板,56.819999999999965,56.24249999999995,56.50833333333347,56.66687499999998,54.00957446808506
600486,2019-12-12,57.71,57.02,57.89,56.68,57.71,29771.1,170066000.0,56.86,56.32,56.540000000000035,56.09,53.37,55.57,0.72,0.79,-0.07,扬农化工,化学原料和化学制品制造业,主板,57.33249999999996,56.31999999999995,56.52333333333346,56.63187499999998,54.17276595744677
600486,2019-12-13,58.21,61.5,61.89,58.21,57.02,75857.0,457268000.0,58.17,56.85,56.836000000000034,56.38,53.52,68.7,1.05,0.84,0.21,扬农化工,化学原料和化学制品制造业,主板,58.532499999999956,56.99999999999995,56.7816666666668,57.03124999999998,54.420851063829744
600486,2019-12-16,61.48,60.84,62.0,60.11,61.5,52471.4,319937000.0,58.99,57.29,57.09400000000003,56.61,53.67,65.62,1.25,0.92,0.33,扬农化工,化学原料和化学制品制造业,主板,59.26749999999995,57.68124999999995,57.125000000000135,57.22937499999998,54.64297872340421
600486,2019-12-17,60.91,60.08,61.38,59.48,60.84,51039.9,306713000.0,59.43,57.69,57.30550000000003,56.77,53.82,62.17,1.33,1.0,0.33,扬农化工,化学原料和化学制品制造业,主板,59.85999999999995,58.339999999999954,57.448333333333466,57.34624999999998,54.835957446808465
600486,2019-12-18,59.92,60.89,61.52,59.54,60.08,44207.8,268104000.0,60.07,58.24,57.47100000000004,56.96,53.99,64.32,1.44,1.09,0.35,扬农化工,化学原料和化学制品制造业,主板,60.82749999999995,59.079999999999956,57.82250000000013,57.59937499999998,55.01063829787229
600486,2019-12-19,60.9,61.17,61.98,60.03,60.89,28787.1,176513000.0,60.9,58.88,57.77400000000004,57.13,54.17,65.06,1.54,1.18,0.36,扬农化工,化学原料和化学制品制造业,主板,60.74499999999995,59.63874999999995,58.24833333333347,57.77249999999998,55.204468085106335
600486,2019-12-20,61.55,62.42,62.95,60.9,61.17,32996.2,205622000.0,61.08,59.62,58.01150000000005,57.35,54.36,68.23,1.7,1.28,0.42,扬农化工,化学原料和化学制品制造业,主板,61.13999999999995,60.20374999999996,58.834166666666796,58.128749999999975,55.43468085106379
600486,2019-12-23,61.95,61.69,63.2,61.07,62.42,34592.6,214768000.0,61.25,60.12,58.18550000000005,57.58,54.55,64.55,1.75,1.38,0.37,扬农化工,化学原料和化学制品制造业,主板,61.54249999999995,60.701249999999966,59.40750000000014,58.47187499999997,55.65106382978719
600486,2019-12-24,61.61,61.55,62.19,61.31,61.69,25686.6,158642000.0,61.54,60.49,58.42100000000005,57.77,54.75,63.84,1.74,1.45,0.29,扬农化工,化学原料和化学制品制造业,主板,61.70749999999995,61.26749999999997,59.955833333333466,58.79374999999997,55.86553191489359
600486,2019-12-25,61.99,62.9,64.2,61.61,61.55,35218.9,220043000.0,61.95,61.01,58.64600000000005,57.99,54.96,67.55,1.84,1.53,0.31,扬农化工,化学原料和化学制品制造业,主板,62.139999999999944,61.44249999999997,60.47250000000013,59.22124999999997,56.1251063829787
600486,2019-12-26,62.56,63.37,63.63,62.28,62.9,22456.6,141554000.0,62.39,61.64,58.97850000000004,58.24,55.19,68.76,1.93,1.61,0.32,扬农化工,化学原料和化学制品制造业,主板,62.37749999999994,61.758749999999964,60.92833333333346,59.71999999999997,56.398936170212735
600486,2019-12-27,63.42,64.2,64.88,63.37,63.37,35516.9,228583000.0,62.74,61.91,59.378500000000045,58.53,55.43,70.82,2.04,1.69,0.35,扬农化工,化学原料和化学制品制造业,主板,63.00499999999994,62.27374999999997,61.4691666666668,60.30687499999998,56.71404255319146
600486,2019-12-30,64.47,68.72,68.98,63.58,64.2,47189.5,316963000.0,64.15,62.7,59.99450000000004,58.96,55.75,78.95,2.47,1.85,0.62,扬农化工,化学原料和化学制品制造业,主板,64.79749999999994,63.25249999999997,62.4441666666668,61.16624999999998,57.13680851063827
600486,2019-12-31,68.34,68.63,69.36,67.34,68.72,28669.6,195757000.0,65.56,63.55,60.62300000000005,59.39,56.07,78.48,2.77,2.03,0.74,扬农化工,化学原料和化学制品制造业,主板,66.22999999999995,64.18499999999997,63.03833333333347,61.91187499999997,57.55702127659571
600486,2020-01-02,68.79,68.45,71.1,67.95,68.63,35037.8,243118000.0,66.67,64.31,61.276000000000046,59.75,56.38,77.49,2.95,2.22,0.73,扬农化工,化学原料和化学制品制造业,主板,67.49999999999994,64.93874999999998,63.672500000000134,62.57124999999997,57.96893617021273
600486,2020-01-03,67.89,68.9,69.5,67.55,68.45,32627.8,222964000.0,67.78,65.08,61.98050000000005,60.21,56.69,78.23,3.1,2.39,0.71,扬农化工,化学原料和化学制品制造业,主板,68.67499999999994,65.83999999999997,64.40750000000013,63.27062499999997,58.349574468085066
600486,2020-01-06,70.5,66.77,72.78,64.7,68.9,92138.6,634891000.0,68.29,65.52,62.57050000000005,60.51,56.95,66.99,3.02,2.52,0.5,扬农化工,化学原料和化学制品制造业,主板,68.18749999999994,66.49249999999998,64.89750000000014,63.87999999999997,58.66170212765953
600486,2020-01-07,67.32,66.8,69.5,65.9,66.77,67106.1,450362000.0,67.91,66.03,63.07550000000005,60.8,57.18,67.07,2.91,2.6,0.31,扬农化工,化学原料和化学制品制造业,主板,67.72999999999995,66.97999999999998,65.3666666666668,64.21124999999996,58.96999999999996
600486,2020-01-08,66.0,66.65,67.89,66.0,66.8,35781.5,240320000.0,67.51,66.54,63.51300000000005,61.13,57.43,66.29,2.79,2.64,0.15,扬农化工,化学原料和化学制品制造业,主板,67.27999999999996,67.38999999999997,65.7191666666668,64.57437499999997,59.26446808510635
600486,2020-01-09,67.33,67.5,68.33,66.07,66.65,28692.1,192730000.0,67.32,67.0,64.00250000000004,61.43,57.69,68.51,2.73,2.65,0.08,扬农化工,化学原料和化学制品制造业,主板,66.92999999999995,67.80249999999997,66.20333333333348,65.03812499999998,59.551914893616996
600486,2020-01-10,67.45,66.81,67.75,66.28,67.5,26469.3,176916000.0,66.91,67.34,64.49200000000005,61.77,57.95,64.78,2.59,2.64,-0.05,扬农化工,化学原料和化学制品制造业,主板,66.93999999999996,67.56374999999997,66.64166666666681,65.40812499999997,59.79744680851061
600486,2020-01-13,66.71,68.25,68.82,66.14,66.81,43225.9,292043000.0,67.2,67.75,64.82950000000004,62.17,58.23,68.62,2.57,2.63,-0.06,扬农化工,化学原料和化学制品制造业,主板,67.30249999999995,67.51624999999997,67.08750000000013,65.85062499999997,60.07404255319146
600486,2020-01-14,68.41,67.16,69.66,66.86,68.25,31887.7,215228000.0,67.27,67.59,65.14550000000006,62.53,58.5,63.02,2.45,2.59,-0.14,扬农化工,化学原料和化学制品制造业,主板,67.42999999999995,67.35499999999996,67.40333333333346,66.14687499999997,60.31361702127656
600486,2020-01-15,67.21,67.58,67.88,66.8,67.16,20313.4,136945000.0,67.46,67.49,65.52050000000006,62.91,58.79,64.23,2.35,2.54,-0.19,扬农化工,化学原料和化学制品制造业,主板,67.44999999999995,67.18999999999997,67.68500000000013,66.51499999999996,60.563404255319114
600486,2020-01-16,67.72,67.5,68.98,67.12,67.58,23010.5,156244000.0,67.46,67.39,65.85100000000004,63.31,59.09,63.8,2.23,2.48,-0.25,扬农化工,化学原料和化学制品制造业,主板,67.62249999999995,67.28124999999997,67.58333333333347,66.88687499999996,60.83361702127655
600486,2020-01-17,68.1,67.78,68.49,67.06,67.5,16951.0,114885000.0,67.65,67.28,66.18150000000004,63.75,59.4,64.69,2.15,2.41,-0.26,扬农化工,化学原料和化学制品制造业,主板,67.50499999999994,67.40374999999997,67.51250000000013,67.19187499999995,61.08595744680847
600486,2020-01-20,67.78,68.37,68.68,67.3,67.78,22765.4,155034000.0,67.68,67.44,66.47900000000004,64.19,59.73,66.55,2.09,2.35,-0.26,扬农化工,化学原料和化学制品制造业,主板,67.80749999999995,67.61874999999998,67.50583333333346,67.50437499999995,61.340851063829746
600486,2020-01-21,67.3,68.3,69.37,67.3,68.37,30606.3,209096000.0,67.91,67.59,66.80950000000004,64.58,60.05,66.11,2.04,2.29,-0.25,扬农化工,化学原料和化学制品制造业,主板,67.98749999999995,67.71874999999997,67.45583333333346,67.76062499999995,61.60808510638295
600486,2020-01-22,68.15,69.43,70.32,67.12,68.3,28594.8,197226000.0,68.28,67.87,67.20350000000005,64.96,60.36,69.64,2.04,2.24,-0.2,扬农化工,化学原料和化学制品制造业,主板,68.46999999999996,68.04624999999999,67.67750000000012,67.80499999999995,61.902765957446775
600486,2020-01-23,69.02,64.52,69.1,64.0,69.43,42668.1,280532000.0,67.68,67.57,67.28450000000004,65.19,60.56,46.8,1.64,2.12,-0.48,扬农化工,化学原料和化学制品制造业,主板,67.65499999999994,67.57999999999998,67.48750000000013,67.54812499999994,62.09085106382976
600486,2020-02-03,58.07,60.0,63.51,58.07,64.52,43261.4,262122000.0,66.12,66.89,67.11600000000004,65.29,60.69,35.31,0.95,1.88,-0.93,扬农化工,化学原料和化学制品制造业,主板,65.56249999999994,66.68499999999999,66.93333333333347,67.01999999999994,62.179148936170186
600486,2020-02-04,62.0,63.45,63.66,60.66,60.0,36545.2,229785000.0,65.14,66.41,67.07850000000005,65.36,60.87,46.17,0.67,1.64,-0.97,扬农化工,化学原料和化学制品制造业,主板,64.34999999999994,66.16874999999999,66.59583333333346,66.67937499999994,62.30404255319146
600486,2020-02-05,63.71,64.71,66.39,62.8,63.45,45371.1,293248000.0,64.42,66.16,66.87800000000004,65.48,61.05,49.5,0.54,1.42,-0.88,扬农化工,化学原料和化学制品制造业,主板,63.16999999999993,65.82,66.42083333333346,66.55062499999994,62.50829787234039
600486,2020-02-06,64.7,65.03,65.87,64.2,64.71,29695.8,192573000.0,63.54,65.91,66.69800000000005,65.65,61.21,50.35,0.46,1.23,-0.77,扬农化工,化学原料和化学制品制造业,主板,63.29749999999993,65.47625,66.15250000000013,66.43999999999994,62.66489361702125
600486,2020-02-07,65.6,65.21,65.86,64.2,65.03,21837.9,141616000.0,63.68,65.68,66.53600000000004,65.79,61.38,50.84,0.41,1.07,-0.66,扬农化工,化学原料和化学制品制造业,主板,64.59999999999992,65.08125,65.99000000000014,66.34999999999994,62.81382978723401
600486,2020-02-10,65.5,71.73,71.73,64.5,65.21,51943.8,360050000.0,66.03,66.08,66.67750000000004,66.15,61.64,64.63,0.88,1.03,-0.15,扬农化工,化学原料和化学制品制造业,主板,66.66999999999993,65.51,66.33583333333347,66.61437499999994,63.13063829787231
600486,2020-02-11,73.5,71.08,75.0,70.06,71.73,58546.3,415079000.0,67.55,66.35,66.89300000000004,66.43,61.89,62.74,1.19,1.06,0.13,扬农化工,化学原料和化学制品制造业,主板,68.26249999999993,65.71625,66.6341666666668,66.88124999999994,63.400425531914856
600486,2020-02-12,72.0,73.92,76.49,72.0,71.08,63214.2,469117000.0,69.39,66.91,67.24900000000005,66.84,62.21,67.24,1.65,1.18,0.47,扬农化工,化学原料和化学制品制造业,主板,70.48499999999993,66.89125,67.14583333333347,67.23562499999994,63.76638297872338
600486,2020-02-13,76.35,73.62,78.99,72.04,73.92,88149.0,662438000.0,71.11,67.33,67.59750000000004,67.24,62.51,66.33,1.96,1.33,0.63,扬农化工,化学原料和化学制品制造业,主板,72.58749999999993,68.59375,67.58333333333347,67.63937499999993,64.13702127659572
600486,2020-02-14,72.6,72.7,75.15,70.1,73.62,67166.0,486830000.0,72.61,68.14,67.85750000000004,67.57,62.78,63.49,2.11,1.49,0.62,扬农化工,化学原料和化学制品制造业,主板,72.82999999999993,69.75,67.95000000000014,67.95937499999994,64.48382978723401
600486,2020-02-17,76.0,77.1,78.5,75.61,72.7,127834.0,981762000.0,73.68,69.85,68.37200000000004,68.03,63.13,70.09,2.56,1.7,0.86,扬农化工,化学原料和化学制品制造业,主板,74.33499999999994,71.29875,68.58916666666681,68.55937499999993,64.93148936170209
600486,2020-02-18,73.5,72.55,73.89,72.11,77.1,100625.0,732071000.0,73.98,70.77,68.58700000000003,68.31,63.42,58.34,2.51,1.87,0.64,扬农化工,化学原料和化学制品制造业,主板,73.99249999999994,72.23875,69.25833333333348,68.85749999999993,65.29659574468083
600486,2020-02-19,71.8,69.13,72.5,68.88,72.55,78572.2,549319000.0,73.02,71.21,68.68550000000003,68.32,63.64,51.37,2.18,1.93,0.25,扬农化工,化学原料和化学制品制造业,主板,72.86999999999993,72.72874999999999,70.0191666666668,68.90499999999994,65.60127659574465
600486,2020-02-20,69.13,70.01,70.77,69.13,69.13,44459.1,310278000.0,72.3,71.71,68.80700000000004,68.37,63.88,52.93,1.96,1.93,0.03,扬农化工,化学原料和化学制品制造业,主板,72.19749999999993,72.51374999999999,70.56583333333347,69.01187499999995,65.92127659574467
600486,2020-02-21,69.97,69.46,70.09,68.98,70.01,55639.2,386376000.0,71.65,72.13,68.90500000000004,68.4,64.08,51.81,1.72,1.89,-0.17,扬农化工,化学原料和化学制品制造业,主板,70.28749999999994,72.31124999999999,70.9616666666668,69.01374999999994,66.1927659574468
600486,2020-02-24,69.04,69.23,70.05,68.04,69.46,60612.6,418393000.0,70.08,71.88,68.97750000000005,68.41,64.31,51.32,1.5,1.81,-0.31,扬农化工,化学原料和化学制品制造业,主板,69.45749999999994,71.725,71.31166666666681,69.30812499999995,66.43382978723403
600486,2020-02-25,67.14,67.55,68.5,66.1,69.23,61393.1,413401000.0,69.08,71.53,68.93650000000005,68.44,64.48,47.78,1.17,1.68,-0.51,扬农化工,化学原料和化学制品制造业,主板,69.06249999999994,70.96624999999999,71.5066666666668,69.77999999999994,66.6431914893617
600486,2020-02-26,66.65,67.99,68.91,66.65,67.55,46745.0,318417000.0,68.85,70.93,68.92100000000005,68.48,64.64,48.78,0.94,1.54,-0.6,扬农化工,化学原料和化学制品制造业,主板,68.55749999999995,70.37749999999998,71.19500000000014,70.06374999999994,66.87659574468084
600486,2020-02-27,68.0,69.81,70.18,67.55,67.99,51492.7,356043000.0,68.81,70.55,68.94000000000004,68.58,64.85,52.79,0.89,1.41,-0.52,扬农化工,化学原料和化学制品制造业,主板,68.64499999999995,69.46624999999999,71.0891666666668,70.38249999999994,67.05340425531914
600486,2020-02-28,68.0,69.95,70.76,67.8,69.81,63342.6,441623000.0,68.91,70.28,69.21150000000004,68.66,65.05,53.09,0.85,1.3,-0.45,扬农化工,化学原料和化学制品制造业,主板,68.82499999999995,69.14125,70.75833333333348,70.68999999999994,67.24723404255317
600486,2020-03-02,70.1,72.51,75.0,70.1,69.95,60954.4,441078000.0,69.56,69.82,69.83700000000005,68.85,65.31,58.38,1.02,1.24,-0.22,扬农化工,化学原料和化学制品制造业,主板,70.06499999999994,69.56375,70.66583333333348,71.14624999999994,67.51170212765956
600486,2020-03-03,73.07,73.42,74.33,72.11,72.51,55855.9,409848000.0,70.74,69.91,70.33550000000005,69.03,65.6,60.1,1.21,1.23,-0.02,扬农化工,化学原料和化学制品制造业,主板,71.42249999999994,69.99,70.72583333333347,71.25187499999994,67.77829787234042
600486,2020-03-04,73.33,74.6,74.86,72.23,73.42,50714.6,374614000.0,72.06,70.45,70.83000000000004,69.27,65.9,62.28,1.43,1.27,0.16,扬农化工,化学原料和化学制品制造业,主板,72.61999999999993,70.6325,70.51750000000014,71.47187499999994,68.06404255319147
600486,2020-03-05,75.0,73.73,75.75,73.45,74.6,44818.2,334336000.0,72.84,70.82,71.26500000000004,69.48,66.2,59.69,1.53,1.32,0.21,扬农化工,化学原料和化学制品制造业,主板,73.56499999999994,71.195,70.61583333333347,71.45999999999994,68.30468085106381
600486,2020-03-06,75.83,74.88,76.86,73.25,73.73,56081.3,420716000.0,73.83,71.37,71.74850000000004,69.73,66.52,61.94,1.68,1.4,0.28,扬农化工,化学原料和化学制品制造业,主板,74.15749999999994,72.11125,71.09500000000014,71.53874999999994,68.58531914893615
600486,2020-03-09,73.9,72.49,73.94,71.95,74.88,41326.0,300014000.0,73.82,71.69,71.78650000000003,69.88,66.81,55.06,1.58,1.43,0.15,扬农化工,化学原料和化学制品制造业,主板,73.92499999999994,72.67375,71.3016666666668,71.52562499999993,68.81808510638295
600486,2020-03-10,72.0,73.31,73.6,70.08,72.49,42343.6,305160000.0,73.8,72.27,71.89800000000004,70.05,67.12,56.83,1.56,1.46,0.1,扬农化工,化学原料和化学制品制造业,主板,73.60249999999994,73.11125000000001,71.62250000000013,71.28874999999994,69.03957446808508
600486,2020-03-11,73.6,71.0,73.6,71.0,73.31,33870.9,242954000.0,73.08,72.57,71.75200000000004,70.14,67.36,50.76,1.33,1.43,-0.1,扬农化工,化学原料和化学制品制造业,主板,72.91999999999993,73.2425,71.77000000000014,71.19187499999994,69.201914893617
600486,2020-03-12,69.61,67.09,70.0,66.99,71.0,44578.0,303163000.0,71.75,72.3,71.42550000000003,70.06,67.51,42.49,0.84,1.31,-0.47,扬农化工,化学原料和化学制品制造业,主板,70.97249999999994,72.56500000000001,71.73166666666681,71.06437499999993,69.26340425531913
600486,2020-03-13,63.9,65.83,66.5,62.01,67.09,48082.4,310281000.0,69.94,71.89,71.08200000000002,70.1,67.65,40.21,0.34,1.12,-0.78,扬农化工,化学原料和化学制品制造业,主板,69.30749999999993,71.61625000000002,71.5516666666668,70.80312499999992,69.201914893617
600486,2020-03-16,65.88,62.5,65.99,62.5,65.83,36965.8,237114000.0,67.95,70.88,70.35200000000003,70.19,67.74,34.89,-0.33,0.83,-1.16,扬农化工,化学原料和化学制品制造业,主板,66.60499999999993,70.10375000000002,70.94250000000015,70.36812499999992,69.0714893617021
600486,2020-03-17,63.36,62.66,64.5,60.0,62.5,30334.5,188409000.0,65.82,69.81,69.85750000000004,70.16,67.76,35.34,-0.83,0.5,-1.33,扬农化工,化学原料和化学制品制造业,主板,64.51999999999992,68.72000000000001,70.33500000000014,69.95749999999992,68.9482978723404
600486,2020-03-18,63.7,63.16,64.95,62.1,62.66,30461.7,194363000.0,64.25,68.66,69.55900000000004,70.11,67.8,36.78,-1.18,0.16,-1.34,扬农化工,化学原料和化学制品制造业,主板,63.537499999999916,67.25500000000001,69.55583333333347,69.68312499999993,68.82617021276593
600486,2020-03-19,63.21,61.99,64.0,60.58,63.16,36175.8,223260000.0,63.23,67.49,69.15800000000004,70.01,67.83,34.82,-1.53,-0.18,-1.35,扬农化工,化学原料和化学制品制造业,主板,62.577499999999915,65.94250000000001,68.60333333333348,69.30812499999993,68.72446808510635
600486,2020-03-20,63.19,62.49,63.27,61.37,61.99,26109.9,162034000.0,62.56,66.25,68.80950000000004,69.92,67.86,36.38,-1.75,-0.49,-1.26,扬农化工,化学原料和化学制品制造业,主板,62.57499999999992,64.59,67.59416666666681,68.85062499999994,68.63276595744678
600486,2020-03-23,61.11,59.88,61.35,59.33,62.49,28808.1,174093000.0,62.04,64.99,68.34200000000004,69.52,67.83,32.06,-2.11,-0.81,-1.3,扬农化工,化学原料和化学制品制造业,主板,61.87999999999992,63.2,66.44000000000014,68.22124999999994,68.48872340425528
600486,2020-03-24,60.9,62.22,62.4,60.0,59.88,40861.6,249780000.0,61.95,63.88,68.07550000000005,69.23,67.83,39.05,-2.17,-1.09,-1.08,扬农化工,化学原料和化学制品制造业,主板,61.64499999999992,62.59125,65.38500000000015,67.57812499999994,68.37638297872337
600486,2020-03-25,63.38,65.07,66.4,63.35,62.22,39904.9,259419000.0,62.33,63.29,67.92950000000005,68.93,67.89,46.29,-1.97,-1.26,-0.71,扬农化工,化学原料和化学制品制造业,主板,62.41499999999991,62.496249999999996,64.76666666666681,67.05624999999993,68.33936170212763
600486,2020-03-26,64.85,66.0,67.2,63.75,65.07,29420.2,194387000.0,63.13,63.18,67.73900000000005,68.68,67.96,48.45,-1.72,-1.35,-0.37,扬农化工,化学原料和化学制品制造业,主板,63.292499999999905,62.93375,64.15750000000014,66.51874999999994,68.29148936170209
600486,2020-03-27,67.0,66.33,67.14,65.32,66.0,20995.4,139313000.0,63.9,63.23,67.55800000000004,68.46,68.02,49.22,-1.48,-1.38,-0.1,扬农化工,化学原料和化学制品制造业,主板,64.9049999999999,63.39250000000001,63.76833333333348,66.05624999999993,68.273829787234
600486,2020-03-30,65.81,65.61,66.87,65.0,66.33,33160.6,218267000.0,65.05,63.54,67.21300000000004,68.08,68.06,47.54,-1.33,-1.37,0.04,扬农化工,化学原料和化学制品制造业,主板,65.75249999999991,63.69875000000002,63.645000000000145,65.47687499999992,68.23191489361699
600486,2020-03-31,65.98,67.41,67.96,65.4,65.61,45076.0,301352000.0,66.08,64.02,66.91250000000004,67.91,68.11,51.97,-1.06,-1.31,0.25,扬农化工,化学原料和化学制品制造业,主板,66.3374999999999,64.37625000000001,63.776666666666806,65.15937499999993,68.22999999999998
600486,2020-04-01,66.9,65.75,67.9,65.53,67.41,24065.6,159196000.0,66.22,64.28,66.47000000000004,67.8,68.06,47.95,-0.96,-1.24,0.28,扬农化工,化学原料和化学制品制造业,主板,66.2749999999999,64.78375000000001,64.04750000000014,64.68687499999993,68.18680851063826
600486,2020-04-02,65.54,69.07,70.49,65.3,65.75,44808.1,307099000.0,66.83,64.98,66.23700000000004,67.77,68.07,55.38,-0.61,-1.11,0.5,扬农化工,化学原料和化学制品制造业,主板,66.95999999999991,65.93250000000002,64.5816666666668,64.56624999999993,68.20170212765954
600486,2020-04-03,69.07,69.93,70.49,68.31,69.07,26594.2,186060000.0,67.55,65.73,65.98950000000005,67.78,68.09,57.09,-0.26,-0.94,0.68,扬农化工,化学原料和化学制品制造业,主板,68.0399999999999,66.89625000000001,65.14583333333347,64.74374999999993,68.23638297872337
600486,2020-04-07,71.0,72.5,72.66,70.8,69.93,46931.5,337452000.0,68.93,66.99,65.99000000000004,67.89,68.15,61.8,0.23,-0.71,0.94,扬农化工,化学原料和化学制品制造业,主板,69.31249999999991,67.82500000000002,66.0216666666668,65.16062499999994,68.30170212765954
600486,2020-04-08,71.69,73.36,73.56,71.52,72.5,30868.1,224521000.0,70.12,68.1,65.99250000000004,68.08,68.26,63.25,0.66,-0.43,1.09,扬农化工,化学原料和化学制品制造业,主板,71.21499999999992,68.74500000000002,66.92750000000014,65.83937499999993,68.48978723404252
600486,2020-04-09,73.26,73.95,74.32,72.7,73.36,25656.6,188852000.0,71.76,68.99,66.14000000000004,68.28,68.38,64.26,1.06,-0.14,1.2,扬农化工,化学原料和化学制品制造业,主板,72.43499999999992,69.69750000000002,68.10000000000015,66.54499999999993,68.78659574468082
600486,2020-04-10,74.95,72.8,75.48,72.28,73.95,33719.5,248947000.0,72.51,69.67,66.42550000000004,68.38,68.48,60.77,1.25,0.14,1.11,扬农化工,化学原料和化学制品制造业,主板,73.15249999999992,70.59625000000001,68.98166666666681,67.14749999999992,68.98553191489358
600486,2020-04-13,73.6,74.4,75.72,73.1,72.8,40392.7,301014000.0,73.4,70.48,66.85400000000006,68.53,68.6,63.72,1.52,0.42,1.1,扬农化工,化学原料和化学制品制造业,主板,73.62749999999991,71.47000000000001,69.75916666666681,67.92312499999993,69.19170212765955
600486,2020-04-14,74.66,76.08,76.56,74.01,74.4,32018.8,241329000.0,74.12,71.53,67.53300000000004,68.65,68.75,66.56,1.85,0.7,1.15,扬农化工,化学原料和化学制品制造业,主板,74.3074999999999,72.76125000000002,70.59916666666682,68.77249999999992,69.42680851063827
600486,2020-04-15,75.88,75.29,76.4,74.44,76.08,21134.6,158966000.0,74.5,72.31,68.16450000000005,68.71,68.87,64.02,2.02,0.97,1.05,扬农化工,化学原料和化学制品制造业,主板,74.64249999999991,73.53875000000002,71.34583333333347,69.73562499999991,69.64127659574464
600486,2020-04-16,74.78,75.38,75.5,73.91,75.29,26644.7,199619000.0,74.79,73.28,68.77550000000005,68.74,69.01,64.19,2.14,1.2,0.94,扬农化工,化学原料和化学制品制造业,主板,75.28749999999991,74.22000000000003,72.16000000000014,70.55812499999992,69.71893617021274
600486,2020-04-17,75.38,74.61,76.15,74.1,75.38,21419.7,160369000.0,75.15,73.83,69.40650000000004,68.77,69.12,61.55,2.15,1.39,0.76,扬农化工,化学原料和化学制品制造业,主板,75.33999999999992,74.48375000000003,72.76000000000015,71.15437499999992,69.79404255319146
600486,2020-04-20,74.66,74.99,75.29,74.42,74.61,18793.6,140777000.0,75.27,74.34,70.03150000000004,68.77,69.25,62.37,2.16,1.55,0.61,扬农化工,化学原料和化学制品制造业,主板,75.06749999999992,74.68750000000003,73.53000000000014,71.71624999999992,69.81680851063827
600486,2020-04-21,75.05,74.53,75.47,73.65,74.99,21258.9,158048000.0,74.96,74.54,70.76400000000004,68.84,69.36,60.68,2.11,1.66,0.45,扬农化工,化学原料和化学制品制造业,主板,74.87749999999993,74.76000000000002,73.98500000000014,72.22874999999992,69.83617021276594
600486,2020-04-22,74.99,74.07,77.22,73.65,74.53,39664.9,298635000.0,74.72,74.61,71.35650000000003,68.86,69.46,58.95,2.01,1.73,0.28,扬农化工,化学原料和化学制品制造业,主板,74.54999999999993,74.91875000000002,74.33000000000014,72.75749999999992,69.86531914893615
600486,2020-04-23,74.37,75.17,76.68,74.37,74.07,34366.2,259953000.0,74.67,74.73,71.86150000000004,69.0,69.57,61.75,2.0,1.78,0.22,扬农化工,化学原料和化学制品制造业,主板,74.68999999999993,75.01500000000001,74.55250000000014,73.24249999999992,69.82425531914892
600486,2020-04-24,75.5,75.25,76.38,74.48,75.17,25381.3,191136000.0,74.8,74.98,72.32400000000004,69.28,69.67,61.95,1.97,1.82,0.15,扬农化工,化学原料和化学制品制造业,主板,74.75499999999992,74.91125000000001,74.71000000000014,73.83624999999992,69.88170212765955
600486,2020-04-27,74.96,76.7,77.48,74.96,75.25,23857.2,182983000.0,75.14,75.21,72.84250000000004,69.64,69.87,65.53,2.04,1.86,0.18,扬农化工,化学原料和化学制品制造业,主板,75.29749999999993,75.08750000000002,74.9391666666668,74.31312499999993,70.04276595744679
600486,2020-04-28,76.95,75.66,77.0,72.5,76.7,43481.8,325011000.0,75.37,75.17,73.34500000000006,70.08,70.13,61.09,1.99,1.89,0.1,扬农化工,化学原料和化学制品制造业,主板,75.69499999999992,75.12250000000002,75.17750000000014,74.67124999999993,70.16297872340422
600486,2020-04-29,75.85,76.2,78.3,75.73,75.66,23905.6,183847000.0,75.8,75.26,73.78450000000005,70.53,70.34,62.51,1.97,1.91,0.06,扬农化工,化学原料和化学制品制造业,主板,75.95249999999992,75.32125000000002,75.32750000000014,74.90249999999993,70.30638297872336
600486,2020-04-30,77.09,75.3,77.5,74.3,76.2,34047.5,258562000.0,75.82,75.25,74.26200000000004,70.93,70.52,58.67,1.86,1.9,-0.04,扬农化工,化学原料和化学制品制造业,主板,75.96499999999992,75.36000000000001,75.26250000000013,75.02374999999994,70.43553191489359
600486,2020-05-06,74.54,77.03,77.2,72.68,75.3,40223.8,304858000.0,76.18,75.49,74.66000000000005,71.43,70.72,63.34,1.9,1.9,0.0,扬农化工,化学原料和化学制品制造业,主板,76.04749999999991,75.67250000000001,75.40750000000013,75.21624999999993,70.63723404255316
600486,2020-05-07,77.2,78.27,78.77,76.61,77.03,31547.0,245809000.0,76.49,75.82,75.07700000000004,71.96,70.94,66.27,1.99,1.92,0.07,扬农化工,化学原料和化学制品制造业,主板,76.6999999999999,76.19750000000002,75.64833333333347,75.55812499999993,70.85595744680849
600486,2020-05-08,78.79,80.6,81.66,78.31,78.27,30842.9,248056000.0,77.48,76.42,75.48200000000004,72.65,71.09,70.98,2.24,1.98,0.26,扬农化工,化学原料和化学制品制造业,主板,77.79999999999991,76.87625000000003,76.14750000000014,75.94562499999992,71.0855319148936
600486,2020-05-11,80.61,80.75,82.19,80.05,80.6,27757.2,224271000.0,78.39,77.09,75.85150000000004,73.27,71.25,71.25,2.42,2.07,0.35,扬农化工,化学原料和化学制品制造业,主板,79.16249999999991,77.56375000000003,76.62750000000013,76.23749999999993,71.31531914893614
600486,2020-05-12,81.0,82.13,82.55,80.51,80.75,27619.3,226096000.0,79.76,77.79,76.26050000000004,73.84,71.38,73.75,2.64,2.18,0.46,扬农化工,化学原料和化学制品制造业,主板,80.43749999999991,78.24250000000002,77.26083333333347,76.66499999999994,71.51999999999997
600486,2020-05-13,81.9,82.78,83.19,80.58,82.13,27854.5,227963000.0,80.91,78.54,76.75950000000003,74.4,71.54,74.85,2.83,2.31,0.52,扬农化工,化学原料和化学制品制造业,主板,81.56499999999991,79.13250000000002,77.98666666666679,77.12749999999994,71.71914893617019
600486,2020-05-14,82.38,83.3,83.99,81.88,82.78,22098.6,183900000.0,81.91,79.2,77.20450000000002,74.96,71.71,75.73,3.0,2.45,0.55,扬农化工,化学原料和化学制品制造业,主板,82.23999999999992,80.02000000000001,78.66416666666679,77.67062499999994,71.90425531914892
600486,2020-05-15,83.97,84.82,85.6,83.46,83.3,23442.3,199001000.0,82.76,80.12,77.64150000000004,75.6,71.84,78.14,3.21,2.6,0.61,扬农化工,化学原料和化学制品制造业,主板,83.25749999999992,81.21000000000001,79.4616666666668,78.28499999999994,72.14021276595743
600486,2020-05-18,84.99,84.36,86.3,83.58,84.82,25240.2,213852000.0,83.48,80.93,78.09500000000003,76.17,72.04,75.69,3.3,2.74,0.56,扬农化工,化学原料和化学制品制造业,主板,83.81499999999993,82.12625000000001,80.10000000000012,78.89937499999994,72.341914893617
600486,2020-05-19,85.0,85.85,86.86,84.4,84.36,25855.0,221828000.0,84.22,81.99,78.61850000000001,76.84,72.32,78.09,3.46,2.89,0.57,扬农化工,化学原料和化学制品制造业,主板,84.58249999999992,83.07375000000002,80.94916666666678,79.63562499999993,72.62617021276594
600486,2020-05-20,85.84,84.99,86.29,83.32,85.85,20639.8,174597000.0,84.66,82.78,79.13750000000002,77.37,72.57,73.58,3.47,3.0,0.47,扬农化工,化学原料和化学制品制造业,主板,85.00499999999992,83.62250000000002,81.68166666666677,80.24937499999993,72.87468085106381
600486,2020-05-21,85.0,83.99,85.33,83.21,84.99,26336.7,221481000.0,84.8,83.36,79.58750000000002,77.84,72.81,68.62,3.37,3.08,0.29,扬农化工,化学原料和化学制品制造业,主板,84.79749999999993,84.02750000000002,82.40583333333343,80.79562499999993,73.15106382978722
600486,2020-05-22,84.0,82.3,84.31,81.33,83.99,34394.5,284520000.0,84.3,83.53,79.97600000000003,78.16,73.03,61.12,3.11,3.08,0.03,扬农化工,化学原料和化学制品制造业,主板,84.28249999999993,84.04875000000001,82.8450000000001,81.14562499999992,73.47468085106381
600486,2020-05-25,83.28,84.69,85.44,82.38,82.3,22533.8,189793000.0,84.36,83.92,80.50700000000003,78.54,73.31,66.67,3.06,3.08,-0.02,扬农化工,化学原料和化学制品制造业,主板,83.99249999999992,84.28750000000002,83.38000000000011,81.70999999999992,73.8759574468085
600486,2020-05-26,84.45,84.59,85.4,83.8,84.69,15326.9,129794000.0,84.11,84.17,80.97800000000002,78.9,73.59,66.24,2.97,3.06,-0.09,扬农化工,化学原料和化学制品制造业,主板,83.89249999999993,84.44875000000003,83.7125000000001,82.23437499999991,74.3459574468085
600486,2020-05-27,84.61,86.01,88.3,84.6,84.59,28717.9,247796000.0,84.32,84.49,81.51600000000002,79.34,73.86,69.25,2.99,3.04,-0.05,扬农化工,化学原料和化学制品制造业,主板,84.39749999999992,84.59750000000003,84.15083333333344,82.90374999999992,74.8427659574468
600486,2020-05-28,86.0,87.18,89.58,85.58,86.01,34474.7,303133000.0,84.95,84.88,82.04000000000002,79.76,74.15,71.5,3.07,3.05,0.02,扬农化工,化学原料和化学制品制造业,主板,85.61749999999992,84.95000000000003,84.57166666666679,83.53812499999992,75.35382978723403
600486,2020-05-29,87.03,88.5,88.71,86.7,87.18,22415.4,196754000.0,86.19,85.25,82.68200000000002,80.18,74.41,73.83,3.19,3.08,0.11,扬农化工,化学原料和化学制品制造业,主板,86.56999999999992,85.28125000000003,85.04833333333346,84.17749999999992,75.91787234042553
600486,2020-06-01,88.18,87.38,89.52,87.09,88.5,32577.8,286792000.0,86.73,85.55,83.24100000000001,80.58,74.65,68.7,3.17,3.1,0.07,扬农化工,化学原料和化学制品制造业,主板,87.26749999999993,85.58000000000003,85.38833333333345,84.60124999999994,76.44744680851065
600486,2020-06-02,87.44,87.81,88.69,85.51,87.38,31475.7,274049000.0,87.38,85.74,83.86650000000002,80.99,74.87,69.57,3.15,3.11,0.04,扬农化工,化学原料和化学制品制造业,主板,87.71749999999993,86.05750000000003,85.63750000000012,85.04249999999993,77.04170212765958
600486,2020-06-03,87.62,87.14,87.94,86.66,87.81,17104.9,149401000.0,87.6,85.96,84.37200000000003,81.41,75.09,66.46,3.04,3.09,-0.05,扬农化工,化学原料和化学制品制造业,主板,87.70749999999992,86.66250000000004,85.8691666666668,85.35562499999995,77.57191489361702
600486,2020-06-04,87.47,86.8,87.56,85.63,87.14,22785.3,196966000.0,87.53,86.24,84.79850000000002,81.81,75.29,64.87,2.89,3.05,-0.16,扬农化工,化学原料和化学制品制造业,主板,87.28249999999993,86.92625000000004,85.94833333333348,85.60687499999995,78.03425531914894
600486,2020-06-05,85.8,82.55,86.77,81.81,86.8,70138.3,582119000.0,86.34,86.26,84.89600000000003,82.07,75.46,49.1,2.41,2.92,-0.51,扬农化工,化学原料和化学制品制造业,主板,86.07499999999993,86.67125000000003,85.74500000000013,85.55999999999995,78.3863829787234
600486,2020-06-08,82.07,81.6,83.56,81.08,82.55,40732.8,334358000.0,85.18,85.96,84.93850000000002,82.32,75.59,46.39,1.92,2.72,-0.8,扬农化工,化学原料和化学制品制造业,主板,84.52249999999994,86.12000000000003,85.54583333333346,85.35874999999994,78.71127659574469
600486,2020-06-09,81.1,82.13,82.8,79.66,81.6,32536.6,265499000.0,84.04,85.71,84.93850000000002,82.56,75.78,48.11,1.56,2.49,-0.93,扬农化工,化学原料和化学制品制造业,主板,83.26999999999994,85.48875000000004,85.53166666666681,85.21937499999994,79.06276595744681
600486,2020-06-10,82.51,83.67,84.2,82.37,82.13,26034.7,217325000.0,83.35,85.48,84.98300000000003,82.84,76.06,52.85,1.39,2.27,-0.88,扬农化工,化学原料和化学制品制造业,主板,82.48749999999994,84.88500000000003,85.44666666666681,85.08312499999995,79.40872340425533
600486,2020-06-11,83.67,82.3,84.6,81.75,83.67,27785.3,229195000.0,82.45,84.99,84.93300000000002,83.02,76.33,48.6,1.13,2.04,-0.91,扬农化工,化学原料和化学制品制造业,主板,82.42499999999994,84.25000000000003,85.25583333333347,84.91499999999995,79.7608510638298
600486,2020-06-12,81.98,83.1,84.17,81.07,82.3,28737.0,239295000.0,82.56,84.45,84.84700000000002,83.27,76.67,51.08,0.97,1.83,-0.86,扬农化工,化学原料和化学制品制造业,主板,82.79999999999993,83.66125000000002,85.01333333333348,84.85937499999994,80.05936170212767
600486,2020-06-15,82.5,83.36,84.45,82.45,83.1,26185.2,218540000.0,82.91,84.05,84.79700000000003,83.51,77.02,51.89,0.85,1.63,-0.78,扬农化工,化学原料和化学制品制造业,主板,83.10749999999993,83.18875000000003,84.69500000000012,84.92562499999994,80.34510638297874
600486,2020-06-16,84.0,84.92,85.62,83.49,83.36,25023.2,212087000.0,83.47,83.76,84.75050000000003,83.83,77.38,56.54,0.89,1.48,-0.59,扬农化工,化学原料和化学制品制造业,主板,83.41999999999993,82.95375000000003,84.3966666666668,84.93999999999994,80.60936170212767
600486,2020-06-17,85.19,83.3,85.49,82.71,84.92,23740.6,197814000.0,83.4,83.37,84.66600000000003,84.04,77.74,51.02,0.77,1.34,-0.57,扬农化工,化学原料和化学制品制造业,主板,83.66999999999993,83.04750000000003,84.0566666666668,84.85937499999994,80.8208510638298
600486,2020-06-18,83.33,82.99,83.75,82.6,83.3,17242.2,142950000.0,83.53,82.99,84.61600000000003,84.2,78.08,50.01,0.64,1.2,-0.56,扬农化工,化学原料和化学制品制造业,主板,83.64249999999993,83.22125000000003,83.65500000000013,84.67062499999994,81.01319148936172
600486,2020-06-19,83.04,82.58,83.93,81.3,82.99,44011.7,361348000.0,83.43,82.99,84.63000000000002,84.26,78.46,48.65,0.5,1.06,-0.56,扬农化工,化学原料和化学制品制造业,主板,83.44749999999992,83.27750000000003,83.27500000000012,84.38312499999994,81.2212765957447
600486,2020-06-22,82.5,81.63,83.98,81.3,82.58,51164.6,419802000.0,83.08,83.0,84.47700000000002,84.29,78.78,45.54,0.31,0.91,-0.6,扬农化工,化学原料和化学制品制造业,主板,82.62499999999991,83.02250000000004,82.8441666666668,83.95374999999993,81.37510638297873
600486,2020-06-23,82.14,83.2,83.8,81.51,81.63,33387.8,276206000.0,82.74,83.1,84.40750000000003,84.33,79.08,51.1,0.28,0.78,-0.5,扬农化工,化学原料和化学制品制造业,主板,82.59999999999991,83.13500000000005,82.89833333333347,83.69249999999994,81.52659574468086
600486,2020-06-24,83.69,81.51,84.25,81.29,83.2,42832.2,350377000.0,82.38,82.89,84.18250000000003,84.29,79.34,45.69,0.13,0.65,-0.52,扬农化工,化学原料和化学制品制造业,主板,82.2299999999999,82.93625000000004,82.89083333333346,83.29874999999994,81.65893617021278
600486,2020-06-29,82.33,81.17,82.86,80.85,81.51,23851.0,194897000.0,82.02,82.78,83.88200000000003,84.21,79.59,44.67,-0.03,0.52,-0.55,扬农化工,化学原料和化学制品制造业,主板,81.87749999999991,82.66250000000004,82.81083333333346,82.92562499999994,81.78212765957448
600486,2020-06-30,81.37,82.5,82.58,81.37,81.17,27566.8,226581000.0,82.0,82.72,83.58200000000002,84.14,79.87,49.44,-0.04,0.41,-0.45,扬农化工,化学原料和化学制品制造业,主板,82.09499999999991,82.36000000000004,82.71333333333345,82.65687499999994,81.95000000000002
600486,2020-07-01,82.75,81.5,83.33,80.88,82.5,33134.3,269529000.0,81.98,82.53,83.28800000000004,84.04,80.1,46.21,-0.13,0.3,-0.43,扬农化工,化学原料和化学制品制造业,主板,81.66999999999992,82.13500000000005,82.64666666666677,82.59124999999995,82.08851063829789
600486,2020-07-02,81.5,82.56,82.69,80.62,81.5,39414.5,322667000.0,81.85,82.29,83.02550000000004,83.93,80.38,49.94,-0.12,0.21,-0.33,扬农化工,化学原料和化学制品制造业,主板,81.93249999999992,82.08125000000004,82.60166666666677,82.65124999999995,82.25936170212768
600486,2020-07-03,82.5,80.0,82.5,79.25,82.56,69996.6,561165000.0,81.55,81.96,82.66850000000002,83.77,80.57,42.31,-0.3,0.11,-0.41,扬农化工,化学原料和化学制品制造业,主板,81.63999999999992,81.75875000000003,82.32166666666676,82.51812499999994,82.38553191489362
600486,2020-07-06,79.8,81.77,82.18,79.8,80.0,59106.6,479993000.0,81.67,81.84,82.41700000000003,83.69,80.76,48.2,-0.31,0.03,-0.34,扬农化工,化学原料和化学制品制造业,主板,81.45749999999991,81.77625000000003,82.05916666666677,82.39937499999994,82.52595744680852
600486,2020-07-07,82.42,83.76,84.93,82.1,81.77,80918.4,678957000.0,81.92,81.96,82.47750000000003,83.74,80.95,53.91,-0.16,-0.01,-0.15,扬农化工,化学原料和化学制品制造业,主板,82.02249999999991,81.84625000000003,82.09750000000012,82.49062499999994,82.70702127659575
600486,2020-07-08,82.99,83.19,84.64,82.25,83.76,69265.4,575132000.0,82.26,82.12,82.55700000000004,83.69,81.12,52.14,-0.07,-0.02,-0.05,扬农化工,化学原料和化学制品制造业,主板,82.17999999999991,82.05625000000003,82.11416666666679,82.49624999999995,82.84510638297874
600486,2020-07-09,83.46,86.37,86.4,83.46,83.19,60163.9,513743000.0,83.02,82.43,82.76900000000003,83.75,81.32,60.02,0.25,0.03,0.22,扬农化工,化学原料和化学制品制造业,主板,83.77249999999991,82.70625000000004,82.43000000000013,82.68437499999995,83.07297872340428
600486,2020-07-10,85.8,84.92,88.2,84.6,86.37,54646.5,468560000.0,84.0,82.77,82.83150000000003,83.71,81.52,55.53,0.38,0.1,0.28,扬农化工,化学原料和化学制品制造业,主板,84.55999999999992,83.00875000000003,82.7041666666668,82.68437499999995,83.25851063829789
600486,2020-07-13,84.98,87.46,87.62,84.92,84.92,65107.5,565833000.0,85.14,83.4,83.08950000000003,83.72,81.74,61.03,0.68,0.22,0.46,扬农化工,化学原料和化学制品制造业,主板,85.48499999999991,83.75375000000004,83.05916666666678,82.94437499999995,83.51723404255321
600486,2020-07-14,88.0,84.7,88.11,83.01,87.46,85484.9,723406000.0,85.33,83.62,83.16950000000004,83.6,81.89,53.31,0.68,0.31,0.37,扬农化工,化学原料和化学制品制造业,主板,85.86249999999991,84.02125000000004,83.32500000000012,83.05124999999995,83.6804255319149
600486,2020-07-15,85.01,84.35,86.88,83.5,84.7,70494.6,601440000.0,85.56,83.91,83.21900000000004,83.49,82.04,52.41,0.65,0.38,0.27,扬农化工,化学原料和化学制品制造业,主板,85.3574999999999,84.56500000000004,83.59000000000012,83.16187499999995,83.80978723404256
600486,2020-07-16,84.5,80.02,85.99,80.0,84.35,62066.7,517043000.0,84.29,83.65,82.97400000000003,83.24,82.11,42.74,0.28,0.36,-0.08,扬农化工,化学原料和化学制品制造业,主板,84.1324999999999,84.34625000000004,83.38333333333345,83.06124999999994,83.79744680851064
600486,2020-07-17,79.89,83.16,83.89,78.72,80.02,64896.7,532637000.0,83.94,83.97,82.96700000000004,83.1,82.26,49.95,0.23,0.33,-0.1,扬农化工,化学原料和化学制品制造业,主板,83.0574999999999,84.27125000000004,83.5216666666668,83.05874999999995,83.84872340425532
600486,2020-07-20,84.44,87.5,88.4,83.81,83.16,71922.0,623373000.0,83.95,84.54,83.19250000000004,83.13,82.47,57.85,0.54,0.37,0.17,扬农化工,化学原料和化学制品制造业,主板,83.75749999999991,84.81000000000003,83.93333333333347,83.43312499999995,83.96297872340426
600486,2020-07-21,88.88,90.01,90.9,87.04,87.5,75720.9,677560000.0,85.01,85.17,83.56400000000005,83.37,82.72,61.62,0.97,0.49,0.48,扬农化工,化学原料和化学制品制造业,主板,85.1724999999999,85.26500000000003,84.76750000000014,83.98562499999994,84.11680851063831
600486,2020-07-22,90.0,91.29,92.9,89.4,90.01,64607.8,586209000.0,86.4,85.98,84.04700000000005,83.7,83.01,63.42,1.4,0.67,0.73,扬农化工,化学原料和化学制品制造业,主板,87.98999999999991,86.06125000000003,85.56083333333346,84.53499999999994,84.2868085106383
600486,2020-07-23,90.5,91.31,92.08,89.0,91.29,54557.0,494570000.0,88.65,86.47,84.45250000000004,84.0,83.28,63.45,1.73,0.89,0.84,扬农化工,化学原料和化学制品制造业,主板,90.02749999999992,86.54250000000002,86.19000000000013,85.14812499999994,84.42489361702127
600486,2020-07-24,90.78,87.49,91.46,86.9,91.31,65310.2,581711000.0,89.52,86.73,84.75150000000005,84.13,83.48,54.6,1.66,1.04,0.62,扬农化工,化学原料和化学制品制造业,主板,90.02499999999992,86.89125000000001,86.54833333333346,85.45624999999994,84.49148936170212
600486,2020-07-27,88.4,89.79,91.3,88.4,87.49,48498.4,435143000.0,89.98,86.96,85.18250000000003,84.38,83.7,58.37,1.76,1.18,0.58,扬农化工,化学原料和化学制品制造业,主板,89.96999999999993,87.57125,86.83333333333344,86.06812499999994,84.57531914893616
600486,2020-07-28,89.96,93.22,93.66,89.96,89.79,54599.2,504029000.0,90.62,87.81,85.71850000000003,84.72,83.99,63.26,2.1,1.37,0.73,扬农化工,化学原料和化学制品制造业,主板,90.45249999999992,89.22125000000001,87.5250000000001,86.78374999999994,84.75042553191489
600486,2020-07-29,92.21,93.91,95.0,91.18,93.22,46881.8,435575000.0,91.14,88.77,86.33900000000004,85.07,84.29,64.17,2.4,1.57,0.83,扬农化工,化学原料和化学制品制造业,主板,91.10249999999992,90.56500000000001,88.06250000000011,87.41812499999995,84.96148936170212
600486,2020-07-30,93.91,93.0,94.76,92.22,93.91,37463.9,348826000.0,91.48,90.07,86.86100000000005,85.34,84.58,61.99,2.53,1.77,0.76,扬农化工,化学原料和化学制品制造业,主板,92.47999999999992,91.25250000000001,88.75416666666678,88.03124999999994,85.1891489361702
600486,2020-07-31,93.04,95.9,96.68,92.98,93.0,53543.4,511478000.0,93.16,91.34,87.65600000000005,85.76,84.9,65.97,2.84,1.98,0.86,扬农化工,化学原料和化学制品制造业,主板,94.00749999999992,91.98875000000001,89.7166666666668,88.62687499999996,85.42765957446807
600486,2020-08-03,96.66,94.75,96.99,92.8,95.9,56537.7,531824000.0,94.16,92.07,88.30500000000005,86.15,85.17,63.14,2.95,2.17,0.78,扬农化工,化学原料和化学制品制造业,主板,94.38999999999993,92.42125000000001,90.94416666666679,89.24124999999995,85.64382978723401
600486,2020-08-04,94.29,91.6,94.3,91.22,94.75,49214.1,454435000.0,93.83,92.23,88.69700000000005,86.45,85.36,56.07,2.76,2.29,0.47,扬农化工,化学原料和化学制品制造业,主板,93.81249999999994,92.45750000000001,91.64750000000011,89.49999999999994,85.76276595744677
600486,2020-08-05,91.8,91.95,92.64,90.6,91.6,48265.5,442829000.0,93.44,92.29,89.13500000000005,86.8,85.54,56.65,2.6,2.35,0.25,扬农化工,化学原料和化学制品制造业,主板,93.54999999999994,93.01500000000001,92.01833333333344,89.95312499999994,85.86425531914891
600486,2020-08-06,91.99,92.88,94.6,91.46,91.95,48617.5,452090000.0,93.42,92.45,89.46050000000005,87.12,85.72,58.23,2.53,2.39,0.14,扬农化工,化学原料和化学制品制造业,主板,92.79499999999993,93.40125000000002,92.2575000000001,90.48624999999996,85.9574468085106
600486,2020-08-07,92.3,90.51,92.8,89.4,92.88,30044.9,272851000.0,92.34,92.75,89.74000000000004,87.42,85.85,52.93,2.25,2.36,-0.11,扬农化工,化学原料和化学制品制造业,主板,91.73499999999993,93.06250000000001,92.19250000000011,91.14187499999996,86.02404255319145
600486,2020-08-10,91.45,91.67,91.86,88.88,90.51,27739.2,251432000.0,91.72,92.94,89.95050000000005,87.77,85.99,55.08,2.1,2.31,-0.21,扬农化工,化学原料和化学制品制造业,主板,91.75249999999994,92.78250000000001,92.22250000000012,91.67374999999996,86.10617021276592
600486,2020-08-11,91.2,90.0,92.45,89.96,91.67,28057.9,255990000.0,91.4,92.62,90.21550000000005,88.02,86.08,51.43,1.82,2.21,-0.39,扬农化工,化学原料和化学制品制造业,主板,91.26499999999994,92.40750000000001,92.43166666666679,91.82999999999996,86.1670212765957
600486,2020-08-12,90.59,87.8,90.59,86.5,90.0,29363.9,257476000.0,90.57,92.01,90.38800000000005,88.23,86.13,47.01,1.41,2.05,-0.64,扬农化工,化学原料和化学制品制造业,主板,89.99499999999995,91.39500000000001,92.26583333333345,91.69187499999995,86.18829787234037
600486,2020-08-13,89.69,92.57,93.5,88.0,87.8,44121.8,403323000.0,90.51,91.96,91.01550000000005,88.56,86.25,55.87,1.45,1.93,-0.48,扬农化工,化学原料和化学制品制造业,主板,90.50999999999995,91.1225,92.21166666666677,91.77187499999995,86.40148936170206
600486,2020-08-14,92.89,93.75,94.46,92.16,92.57,31704.1,296184000.0,91.16,91.75,91.54500000000004,89.02,86.39,57.75,1.56,1.86,-0.3,扬农化工,化学原料和化学制品制造业,主板,91.02999999999994,91.39125,92.19833333333344,91.92437499999996,86.65999999999994
600486,2020-08-17,94.0,93.55,94.0,92.0,93.75,35966.5,334375000.0,91.53,91.63,91.84750000000004,89.41,86.55,57.3,1.62,1.81,-0.19,扬农化工,化学原料和化学制品制造业,主板,91.91749999999995,91.59124999999999,92.24416666666677,92.30312499999995,86.90297872340419
600486,2020-08-18,93.76,96.04,97.0,93.0,93.55,35142.0,336489000.0,92.74,92.07,92.14900000000003,89.82,86.78,61.31,1.83,1.81,0.02,扬农化工,化学原料和化学制品制造业,主板,93.97749999999995,91.98624999999998,92.25583333333343,92.69374999999995,87.16617021276589
600486,2020-08-19,95.84,96.15,97.61,94.8,96.04,31870.3,307010000.0,94.41,92.49,92.39200000000004,90.25,86.97,61.48,2.0,1.85,0.15,扬农化工,化学原料和化学制品制造业,主板,94.87249999999996,92.69124999999998,92.3725000000001,92.87687499999996,87.46085106382971
600486,2020-08-20,95.0,95.56,97.21,94.19,96.15,29101.3,278834000.0,95.01,92.76,92.60450000000004,90.56,87.15,59.94,2.05,1.89,0.16,扬农化工,化学原料和化学制品制造业,主板,95.32499999999996,93.1775,92.7025000000001,92.97999999999995,87.72595744680844
600486,2020-08-21,96.14,94.62,98.88,93.74,95.56,23902.8,227819000.0,95.18,93.17,92.96100000000004,90.88,87.3,57.48,2.0,1.91,0.09,扬农化工,化学原料和化学制品制造业,主板,95.59249999999996,93.755,92.92500000000008,93.08124999999995,87.96553191489355
600486,2020-08-24,95.36,94.2,95.36,92.29,94.62,29406.8,275683000.0,95.31,93.42,93.18150000000006,91.11,87.42,56.36,1.9,1.91,-0.01,扬农化工,化学原料和化学制品制造业,主板,95.13249999999995,94.555,93.03500000000008,92.97499999999995,88.16297872340418
600486,2020-08-25,93.5,93.86,96.98,93.07,94.2,33320.3,315978000.0,94.88,93.81,93.21350000000004,91.41,87.5,55.42,1.77,1.88,-0.11,扬农化工,化学原料和化学制品制造业,主板,94.55999999999995,94.71625,93.31416666666674,92.91937499999995,88.38765957446799
600486,2020-08-26,94.0,92.88,94.0,90.7,93.86,36771.7,339062000.0,94.22,94.32,93.16200000000005,91.7,87.6,52.7,1.58,1.82,-0.24,扬农化工,化学原料和化学制品制造业,主板,93.88999999999994,94.6075,93.41500000000008,92.99937499999996,88.5980851063829
600486,2020-08-27,93.0,93.18,95.6,92.22,92.88,29058.7,271813000.0,93.75,94.38,93.17100000000005,92.14,87.69,53.45,1.43,1.74,-0.31,扬农化工,化学原料和化学制品制造业,主板,93.52999999999994,94.56125,93.68000000000008,93.07624999999996,88.82361702127652
600486,2020-08-28,92.0,94.1,94.41,91.94,93.18,22674.4,212174000.0,93.64,94.41,93.08100000000005,92.5,87.8,55.78,1.37,1.67,-0.3,扬农化工,化学原料和化学制品制造业,主板,93.50499999999995,94.31875000000001,94.20500000000008,93.15249999999995,89.08893617021269
600486,2020-08-31,94.65,91.51,94.8,91.51,94.1,33274.1,307473000.0,93.11,94.21,92.91900000000004,92.64,87.88,48.43,1.1,1.55,-0.45,扬农化工,化学原料和化学制品制造业,主板,92.91749999999995,93.73875000000001,94.11666666666675,93.21499999999995,89.265744680851
600486,2020-09-01,91.5,92.0,92.8,90.21,91.51,28231.1,257421000.0,92.73,93.81,92.93900000000005,92.7,88.04,49.78,0.92,1.43,-0.51,扬农化工,化学原料和化学制品制造业,主板,92.69749999999995,93.29375000000002,93.97083333333342,93.23562499999994,89.4889361702127
600486,2020-09-02,92.93,91.15,93.08,90.62,92.0,26981.6,247496000.0,92.39,93.31,92.89900000000004,92.7,88.2,47.47,0.7,1.28,-0.58,扬农化工,化学原料和化学制品制造业,主板,92.18999999999996,92.86000000000001,93.77083333333343,93.30749999999995,89.7012765957446
600486,2020-09-03,91.24,91.49,92.2,90.42,91.15,24686.8,225778000.0,92.05,92.9,92.82950000000005,92.7,88.35,48.5,0.54,1.13,-0.59,扬农化工,化学原料和化学制品制造业,主板,91.53749999999997,92.52125000000001,93.39166666666677,93.53812499999995,89.89255319148928
600486,2020-09-04,90.46,91.61,91.85,89.03,91.49,25523.5,231336000.0,91.55,92.6,92.88450000000005,92.84,88.49,48.88,0.42,0.99,-0.57,扬农化工,化学原料和化学制品制造业,主板,91.56249999999997,92.24000000000001,93.01333333333342,93.47812499999995,90.107659574468
600486,2020-09-07,91.8,88.7,92.28,88.3,91.61,28484.7,256940000.0,90.99,92.05,92.73600000000005,92.8,88.59,40.95,0.09,0.81,-0.72,扬农化工,化学原料和化学制品制造业,主板,90.73749999999997,91.71750000000002,92.44166666666676,93.16249999999995,90.23829787234033
600486,2020-09-08,88.7,89.02,89.65,85.56,88.7,36003.7,315899000.0,90.39,91.56,92.68700000000004,92.66,88.69,42.06,-0.14,0.62,-0.76,扬农化工,化学原料和化学制品制造业,主板,90.20499999999996,91.19750000000002,91.9750000000001,92.87937499999995,90.43021276595735
600486,2020-09-09,88.06,87.57,88.78,85.6,89.02,26103.9,227802000.0,89.68,91.03,92.67550000000004,92.45,88.76,38.52,-0.44,0.41,-0.85,扬农化工,化学原料和化学制品制造业,主板,89.22499999999995,90.38125000000001,91.42250000000008,92.34999999999995,90.5536170212765
600486,2020-09-10,87.83,89.28,91.21,87.62,87.57,31528.2,283418000.0,89.24,90.64,92.51100000000005,92.33,88.83,44.46,-0.53,0.22,-0.75,扬农化工,化学原料和化学制品制造业,主板,88.64249999999996,90.1025,91.04083333333342,91.92062499999994,90.67106382978712
600486,2020-09-11,90.17,89.99,90.48,87.5,89.28,24794.1,220855000.0,88.91,90.23,92.32300000000005,92.13,88.94,46.76,-0.54,0.07,-0.61,扬农化工,化学原料和化学制品制造业,主板,88.96499999999996,89.85125000000001,90.80000000000011,91.57249999999995,90.81574468085095
600486,2020-09-14,90.99,88.4,90.99,87.15,89.99,31445.9,277380000.0,88.85,89.92,92.06550000000006,91.92,89.04,42.51,-0.66,-0.08,-0.58,扬农化工,化学原料和化学制品制造业,主板,88.80999999999997,89.50750000000001,90.40166666666677,91.18374999999995,90.85893617021264
600486,2020-09-15,88.6,89.65,90.69,88.08,88.4,30693.6,274373000.0,88.98,89.69,91.74600000000007,91.85,89.15,46.62,-0.66,-0.19,-0.47,扬农化工,化学原料和化学制品制造业,主板,89.32999999999997,89.2775,90.03083333333346,90.89937499999995,90.95957446808498
600486,2020-09-16,89.42,90.28,90.51,88.81,89.65,22488.9,202505000.0,89.52,89.6,91.45250000000006,91.8,89.3,48.61,-0.6,-0.27,-0.33,扬农化工,化学原料和化学制品制造业,主板,89.57999999999998,89.11125,89.92833333333346,90.67562499999995,91.01957446808497
600486,2020-09-17,89.76,90.48,91.23,89.42,90.28,20534.4,185408000.0,89.76,89.5,91.19850000000005,91.72,89.42,49.26,-0.52,-0.32,-0.2,扬农化工,化学原料和化学制品制造业,主板,89.70249999999999,89.33375,89.80166666666679,90.52562499999996,91.14255319148923
600486,2020-09-18,89.92,92.93,93.1,89.92,90.48,25905.1,238288000.0,90.35,89.63,91.11400000000006,91.8,89.61,56.49,-0.27,-0.31,0.04,扬农化工,化学原料和化学制品制造业,主板,90.83499999999998,89.82249999999999,89.95000000000012,90.50999999999996,91.32510638297859
600486,2020-09-21,92.13,92.9,93.19,92.03,92.93,19417.3,179697000.0,91.25,90.05,91.04900000000006,91.84,89.8,56.38,-0.06,-0.26,0.2,扬农化工,化学原料和化学制品制造业,主板,91.64749999999998,90.48874999999998,90.06750000000012,90.43499999999997,91.59914893617005
600486,2020-09-22,92.09,91.79,93.0,91.3,92.9,16445.2,151952000.0,91.68,90.33,90.94550000000007,91.9,89.96,52.46,0.0,-0.21,0.21,扬农化工,化学原料和化学制品制造业,主板,92.02499999999998,90.80249999999998,90.08250000000014,90.45249999999997,91.78276595744666
600486,2020-09-23,92.48,92.6,93.0,91.25,91.79,12608.6,116516000.0,92.14,90.83,90.93150000000006,92.06,90.14,54.92,0.13,-0.14,0.27,扬农化工,化学原料和化学制品制造业,主板,92.55499999999998,91.12874999999998,90.40750000000013,90.48999999999997,91.89127659574453
600486,2020-09-24,92.13,90.76,93.19,90.61,92.6,23088.2,210898000.0,92.2,90.98,90.81050000000005,92.0,90.28,48.75,0.07,-0.1,0.17,扬农化工,化学原料和化学制品制造业,主板,92.01249999999997,91.42374999999998,90.55250000000012,90.46562499999996,91.90723404255304
600486,2020-09-25,90.91,90.18,91.85,90.0,90.76,15569.8,141405000.0,91.65,91.0,90.61450000000005,91.88,90.45,46.95,-0.01,-0.08,0.07,扬农化工,化学原料和化学制品制造业,主板,91.33249999999998,91.49,90.77000000000014,90.38374999999996,91.88361702127645
600486,2020-09-28,90.24,89.28,90.69,86.7,90.18,23769.3,210935000.0,90.92,91.08,90.50300000000006,91.74,90.58,44.23,-0.16,-0.1,-0.06,扬农化工,化学原料和化学制品制造业,主板,90.70499999999997,91.365,90.77000000000014,90.23812499999997,91.84042553191473
600486,2020-09-29,89.37,88.35,90.69,87.52,89.28,22276.4,198276000.0,90.23,90.96,90.32050000000005,91.48,90.65,41.56,-0.34,-0.15,-0.19,扬农化工,化学原料和化学制品制造业,主板,89.64249999999996,91.09875,90.63333333333345,90.21624999999996,91.85872340425517
600486,2020-09-30,89.36,87.7,89.59,87.17,88.35,17706.5,156143000.0,89.25,90.7,90.14800000000005,91.2,90.73,39.75,-0.53,-0.22,-0.31,扬农化工,化学原料和化学制品制造业,主板,88.87749999999996,90.445,90.57500000000012,90.13374999999996,91.81425531914878
600486,2020-10-09,88.53,87.25,90.88,86.24,87.7,32970.7,288936000.0,88.55,90.37,89.93600000000005,90.92,90.74,38.5,-0.71,-0.32,-0.39,扬农化工,化学原料和化学制品制造业,主板,88.14499999999995,89.73875,90.37500000000011,90.11374999999997,91.68723404255304
600486,2020-10-12,87.48,88.09,88.3,86.59,87.25,40881.7,357527000.0,88.13,89.89,89.76000000000005,90.71,90.79,42.15,-0.78,-0.41,-0.37,扬农化工,化学原料和化学制品制造业,主板,87.84749999999997,89.27625,90.19250000000011,90.03937499999996,91.563404255319
600486,2020-10-13,88.11,89.51,90.5,86.68,88.09,33258.2,293420000.0,88.18,89.55,89.80050000000004,90.55,90.83,47.81,-0.71,-0.47,-0.24,扬农化工,化学原料和化学制品制造业,主板,88.13749999999996,88.89,90.11166666666678,90.00937499999996,91.48914893617007
600486,2020-10-14,88.57,88.89,89.5,87.19,89.51,27637.2,244031000.0,88.29,89.26,89.79400000000005,90.38,90.9,45.71,-0.69,-0.52,-0.17,扬农化工,化学原料和化学制品制造业,主板,88.43499999999996,88.65625,89.7750000000001,90.03999999999996,91.33999999999988
600486,2020-10-15,88.35,87.13,88.68,87.11,88.89,17981.3,157776000.0,88.17,88.71,89.77200000000006,90.19,90.95,40.3,-0.81,-0.57,-0.24,扬农化工,化学原料和化学制品制造业,主板,88.40499999999996,88.275,89.29416666666675,89.88249999999996,91.17787234042541
600486,2020-10-16,87.2,86.1,87.42,86.08,87.13,17331.7,149855000.0,87.94,88.25,89.61300000000006,89.96,91.05,37.5,-0.99,-0.66,-0.33,扬农化工,化学原料和化学制品制造业,主板,87.90749999999994,87.87750000000001,88.82000000000009,89.62124999999996,91.06085106382966
600486,2020-10-19,86.45,83.55,86.79,83.51,86.1,31519.8,267722000.0,87.04,87.58,89.29100000000005,89.6,91.05,31.64,-1.31,-0.79,-0.52,扬农化工,化学原料和化学制品制造业,主板,86.41749999999995,87.2775,88.06583333333343,89.18812499999996,90.88212765957435
600486,2020-10-20,83.48,83.97,84.09,82.83,83.55,15884.3,132711000.0,85.93,87.05,89.06950000000005,89.35,90.99,33.48,-1.51,-0.93,-0.58,扬农化工,化学原料和化学制品制造业,主板,85.18749999999994,86.81125,87.5000000000001,88.62812499999995,90.69255319148925
600486,2020-10-21,85.8,82.74,85.8,82.55,83.97,16407.0,136481000.0,84.7,86.49,88.72400000000005,89.04,90.87,30.86,-1.76,-1.1,-0.66,扬农化工,化学原料和化学制品制造业,主板,84.08999999999995,86.2475,86.8800000000001,87.99312499999995,90.52723404255308
600486,2020-10-22,82.99,85.0,85.3,80.3,82.74,33565.4,280252000.0,84.27,86.22,88.46000000000005,88.84,90.77,40.14,-1.75,-1.23,-0.52,扬农化工,化学原料和化学制品制造业,主板,83.81499999999994,85.86125,86.52333333333343,87.56874999999995,90.38531914893605
600486,2020-10-23,84.63,85.35,86.76,84.38,85.0,24301.3,209044000.0,84.12,86.03,88.20350000000005,88.64,90.67,41.45,-1.69,-1.32,-0.37,扬农化工,化学原料和化学制品制造业,主板,84.26499999999994,85.34125,86.27333333333343,87.11562499999995,90.2863829787233
600486,2020-10-26,86.0,85.65,86.0,82.57,85.35,21246.3,178880000.0,84.54,85.79,87.83950000000004,88.44,90.64,42.61,-1.6,-1.38,-0.22,扬农化工,化学原料和化学制品制造业,主板,84.68499999999995,84.93625,86.10250000000009,86.79624999999996,90.24063829787221
600486,2020-10-27,83.45,87.01,87.48,83.45,85.65,41978.4,362481000.0,85.15,85.54,87.54500000000004,88.38,90.59,47.67,-1.4,-1.38,-0.02,扬农化工,化学原料和化学制品制造业,主板,85.75249999999994,84.92125,86.0825000000001,86.59812499999995,90.1223404255318
600486,2020-10-28,88.86,94.03,95.71,87.0,87.01,85711.2,804691000.0,87.41,86.05,87.65700000000004,88.55,90.61,64.89,-0.68,-1.24,0.56,扬农化工,化学原料和化学制品制造业,主板,88.00999999999993,85.9125,86.5775000000001,86.89499999999995,90.1282978723403
600486,2020-10-29,92.49,92.51,94.0,91.28,94.03,39226.1,362877000.0,88.91,86.59,87.65250000000005,88.71,90.58,60.27,-0.22,-1.04,0.82,扬农化工,化学原料和化学制品制造业,主板,89.79999999999993,87.0325,86.8275000000001,87.15499999999996,90.10617021276583
600486,2020-10-30,93.18,93.1,95.89,92.51,92.51,33769.5,317712000.0,90.46,87.29,87.76950000000004,88.84,90.58,61.42,0.19,-0.79,0.98,扬农化工,化学原料和化学制品制造业,主板,91.66249999999994,88.17375,87.17833333333341,87.49249999999995,90.04361702127649
600486,2020-11-09,98.0,97.37,102.41,94.25,93.1,93334.0,923272000.0,92.8,88.67,88.12900000000003,89.08,90.61,68.51,0.85,-0.46,1.31,扬农化工,化学原料和化学制品制造业,主板,94.25249999999994,90.0025,88.03166666666675,88.12499999999994,90.069574468085
600486,2020-11-10,100.0,102.77,106.14,97.37,97.37,53071.4,544590000.0,95.96,90.55,88.80350000000003,89.56,90.74,74.82,1.79,-0.01,1.8,扬农化工,化学原料和化学制品制造业,主板,96.43749999999994,92.22375,89.42083333333342,89.04249999999995,90.22297872340415
600486,2020-11-11,101.05,103.02,105.32,101.02,102.77,35039.1,362734000.0,97.75,92.58,89.53700000000003,90.01,90.93,75.07,2.52,0.49,2.03,扬农化工,化学原料和化学制品制造业,主板,99.06499999999994,94.43249999999999,91.04333333333342,89.88687499999995,90.40170212765948
600486,2020-11-12,102.93,107.5,107.78,102.57,103.02,34261.1,362825000.0,100.75,94.83,90.52700000000003,90.58,91.19,79.07,3.42,1.08,2.34,扬农化工,化学原料和化学制品制造业,主板,102.66499999999994,97.16375,93.00416666666676,91.04999999999994,90.68468085106375
600486,2020-11-13,105.55,107.0,111.81,102.17,107.5,48199.3,516055000.0,103.53,97.0,91.51450000000003,91.13,91.43,77.57,4.05,1.67,2.38,扬农化工,化学原料和化学制品制造业,主板,105.07249999999993,99.6625,95.02583333333342,92.29187499999995,90.96425531914885
600486,2020-11-16,108.61,113.23,116.2,105.55,107.0,50100.3,561582000.0,106.7,99.75,92.77150000000003,91.81,91.81,82.11,4.99,2.34,2.65,扬农化工,化学原料和化学制品制造业,主板,107.68749999999994,102.0625,97.37833333333343,93.98749999999995,91.3972340425531
600486,2020-11-17,112.22,114.27,116.4,112.22,113.23,31060.4,356142000.0,109.0,102.48,94.00950000000003,92.52,92.18,82.74,5.76,3.02,2.74,扬农化工,化学原料和化学制品制造业,主板,110.49999999999994,104.7825,99.78833333333343,95.90749999999996,91.84595744680841
600486,2020-11-18,113.52,117.05,119.94,112.8,114.27,52415.5,615017000.0,111.81,104.78,95.41750000000003,93.37,92.63,84.32,6.52,3.72,2.8,扬农化工,化学原料和化学制品制造业,主板,112.88749999999993,107.77624999999999,102.40500000000009,97.97499999999995,92.33425531914884
600486,2020-11-19,115.0,112.8,115.8,110.76,117.05,38432.4,433684000.0,112.87,106.81,96.70100000000002,94.04,93.05,73.26,6.69,4.31,2.38,扬农化工,化学原料和化学制品制造业,主板,114.33749999999992,109.70499999999998,104.55416666666675,99.85374999999995,92.7872340425531
600486,2020-11-20,111.28,115.73,116.7,111.28,112.8,28862.0,332701000.0,114.62,109.07,98.18250000000003,94.87,93.44,75.63,6.99,4.85,2.14,扬农化工,化学原料和化学制品制造业,主板,114.96249999999992,111.32499999999999,106.36250000000008,101.77437499999995,93.29212765957436
600486,2020-11-23,116.0,119.6,123.66,115.02,115.73,44920.1,540128000.0,115.89,111.3,99.98500000000003,95.85,93.87,78.36,7.45,5.37,2.08,扬农化工,化学原料和化学制品制造业,主板,116.29499999999993,113.3975,108.62000000000008,103.91499999999995,93.89744680851055
600486,2020-11-24,119.91,118.0,119.91,115.11,119.6,26989.8,315228000.0,116.64,112.82,101.68650000000004,96.81,94.27,74.64,7.6,5.82,1.78,扬农化工,化学原料和化学制品制造业,主板,116.53249999999993,114.70999999999998,110.69500000000009,105.93687499999994,94.46148936170204
600486,2020-11-25,117.54,115.68,119.7,115.0,118.0,15926.8,186300000.0,116.36,114.09,103.33350000000004,97.72,94.6,69.48,7.45,6.14,1.31,扬农化工,化学原料和化学制品制造业,主板,117.25249999999993,115.79499999999999,112.22083333333342,107.72874999999995,94.97361702127652
600486,2020-11-26,115.02,113.76,116.43,112.5,115.68,30234.5,344036000.0,116.55,114.71,104.77150000000006,98.59,94.89,65.45,7.09,6.33,0.76,扬农化工,化学原料和化学制品制造业,主板,116.75999999999993,115.86124999999998,113.13666666666676,108.96187499999995,95.50680851063824
600486,2020-11-27,114.17,116.82,117.0,112.12,113.76,24748.9,285148000.0,116.77,115.69,106.34500000000007,99.57,95.25,68.58,6.97,6.46,0.51,扬农化工,化学原料和化学制品制造业,主板,116.06499999999991,116.17999999999998,114.28666666666675,110.48124999999995,96.09829787234034
600486,2020-11-30,116.49,116.0,117.85,114.05,116.82,25979.5,301906000.0,116.05,115.97,107.86250000000007,100.5,95.61,66.83,6.73,6.51,0.22,扬农化工,化学原料和化学制品制造业,主板,115.56499999999991,116.04874999999998,114.99500000000008,111.91249999999995,96.70319148936163
600486,2020-12-01,117.16,121.33,123.0,115.08,116.0,37246.0,447304000.0,116.72,116.68,109.57850000000005,101.57,96.06,71.85,6.9,6.59,0.31,扬农化工,化学原料和化学制品制造业,主板,116.97749999999992,117.11499999999998,116.18916666666674,113.40999999999994,97.38510638297865
600486,2020-12-02,121.18,121.24,122.7,120.46,121.33,17255.2,209817000.0,117.83,117.1,110.93900000000004,102.64,96.51,71.65,6.94,6.66,0.28,扬农化工,化学原料和化学制品制造业,主板,118.84749999999991,117.80374999999998,116.85666666666674,114.56437499999994,98.04999999999993
600486,2020-12-03,121.89,118.95,121.89,118.3,121.24,13484.5,160878000.0,118.87,117.71,112.26100000000001,103.7,96.95,66.64,6.71,6.67,0.04,扬农化工,化学原料和化学制品制造业,主板,119.37999999999992,117.72249999999998,117.24666666666674,115.55999999999995,98.69999999999993
600486,2020-12-04,119.74,121.5,121.76,117.6,118.95,15133.3,180956000.0,119.8,118.29,113.68100000000001,104.88,97.42,69.22,6.66,6.67,-0.01,扬农化工,化学原料和化学制品制造业,主板,120.75499999999994,118.15999999999997,117.61750000000008,116.43499999999995,99.37765957446803
600486,2020-12-07,120.16,120.72,122.9,118.8,121.5,13347.8,161376000.0,120.75,118.4,114.84850000000002,106.12,97.86,67.5,6.47,6.63,-0.16,扬农化工,化学原料和化学制品制造业,主板,120.60249999999995,118.78999999999996,118.27750000000009,117.29249999999995,100.02531914893612
600486,2020-12-08,120.38,120.75,122.0,119.37,120.72,11380.8,137106000.0,120.63,118.68,115.74750000000002,107.35,98.35,67.53,6.27,6.56,-0.29,扬农化工,化学原料和化学制品制造业,主板,120.47999999999996,119.66374999999996,118.69583333333343,117.76249999999995,100.66936170212762
600486,2020-12-09,121.48,119.31,121.68,119.0,120.75,11622.7,140223000.0,120.25,119.04,116.56200000000001,108.57,98.81,64.13,5.91,6.43,-0.52,扬农化工,化学原料和化学制品制造业,主板,120.56999999999995,119.97499999999997,118.67166666666675,118.07749999999994,101.2306382978723
600486,2020-12-10,119.13,119.79,120.5,118.5,119.31,13625.9,162992000.0,120.41,119.64,117.1765,109.73,99.28,64.76,5.61,6.26,-0.65,扬农化工,化学原料和化学制品制造业,主板,120.14249999999996,120.44874999999996,118.82083333333343,118.24874999999994,101.80276595744678
600486,2020-12-11,120.0,117.83,121.46,116.3,119.79,24643.2,292972000.0,119.68,119.74,117.718,110.81,99.72,60.06,5.15,6.04,-0.89,扬农化工,化学原料和化学制品制造业,主板,119.41999999999996,120.01124999999995,119.00000000000007,118.56312499999994,102.35680851063827
600486,2020-12-14,119.12,117.65,120.36,115.49,117.83,21877.5,256614000.0,119.07,119.91,117.93900000000001,111.88,100.16,59.63,4.72,5.78,-1.06,扬农化工,化学原料和化学制品制造业,主板,118.64499999999995,119.56249999999994,119.32416666666676,118.68312499999995,102.88978723404252
600486,2020-12-15,117.74,116.5,119.0,113.01,117.65,26339.1,303876000.0,118.22,119.42,118.05050000000001,112.86,100.62,56.85,4.24,5.47,-1.23,扬农化工,化学原料和化学制品制造业,主板,117.94249999999995,119.25624999999994,119.29750000000008,118.48937499999995,103.43744680851059
600486,2020-12-16,116.53,118.9,120.0,115.53,116.5,23975.8,284815000.0,118.13,119.19,118.143,113.69,101.12,60.95,3.99,5.17,-1.18,扬农化工,化学原料和化学制品制造业,主板,117.71999999999996,118.93124999999995,119.53916666666676,118.54562499999996,104.04851063829781
600486,2020-12-17,118.9,124.29,125.35,118.33,118.9,27609.8,339596000.0,119.03,119.72,118.7175,114.75,101.73,68.25,4.19,4.98,-0.79,扬农化工,化学原料和化学制品制造业,主板,119.33499999999997,119.37749999999994,119.78583333333343,119.08374999999995,104.79340425531909
600486,2020-12-18,124.56,123.45,125.47,122.18,124.29,17340.3,214210000.0,120.16,119.92,119.10349999999998,115.76,102.3,66.17,4.24,4.83,-0.59,扬农化工,化学原料和化学制品制造业,主板,120.78499999999997,119.71499999999995,119.9700000000001,119.68937499999996,105.54021276595738
600486,2020-12-21,123.8,125.63,126.5,121.8,123.45,22932.8,286015000.0,121.75,120.41,119.405,116.7,102.89,68.83,4.4,4.74,-0.34,扬农化工,化学原料和化学制品制造业,主板,123.06749999999997,120.50499999999994,120.52666666666677,120.23999999999997,106.34723404255313
600486,2020-12-22,124.89,120.02,124.89,119.92,125.63,21572.6,262779000.0,122.46,120.34,119.506,117.28,103.42,56.54,4.02,4.6,-0.58,扬农化工,化学原料和化学制品制造业,主板,123.34749999999997,120.53374999999994,120.40333333333344,120.49124999999997,107.04446808510633
600486,2020-12-23,119.14,124.01,126.08,118.9,120.02,29410.9,364850000.0,123.48,120.81,119.92250000000001,117.98,103.99,61.77,4.0,4.48,-0.48,扬农化工,化学原料和化学制品制造业,主板,123.27749999999996,121.30624999999993,120.67750000000011,120.65874999999997,107.80872340425526
600486,2020-12-24,125.87,131.7,134.2,124.5,124.01,32216.3,419873000.0,124.96,122.0,120.81949999999999,118.78,104.68,69.4,4.55,4.49,0.06,扬农化工,化学原料和化学制品制造业,主板,125.33999999999996,123.06249999999993,121.5900000000001,121.31249999999996,108.70638297872334
600486,2020-12-25,132.26,131.3,132.26,127.0,131.7,25025.2,323770000.0,126.53,123.34,121.5435,119.59,105.36,68.64,4.9,4.57,0.33,扬农化工,化学原料和化学制品制造业,主板,126.75749999999996,124.91249999999994,122.58916666666677,122.08437499999995,109.60872340425526
600486,2020-12-28,131.3,129.0,133.23,128.0,131.3,36000.5,468014000.0,127.21,124.48,122.1935,120.12,105.97,64.24,4.93,4.65,0.28,扬农化工,化学原料和化学制品制造业,主板,129.00249999999997,126.17499999999994,123.35666666666678,122.55312499999997,110.49957446808504
600486,2020-12-29,129.9,128.4,130.6,127.33,129.0,17155.3,220465000.0,128.88,125.67,122.547,120.59,106.56,63.1,4.86,4.69,0.17,扬农化工,化学原料和化学制品制造业,主板,130.09999999999997,126.68874999999994,124.23750000000013,123.03312499999997,111.39957446808502
600486,2020-12-30,127.65,129.0,130.38,125.5,128.4,32616.4,417742000.0,129.88,126.68,122.93500000000002,120.99,107.18,63.79,4.79,4.71,0.08,扬农化工,化学原料和化学制品制造业,主板,129.42499999999995,127.38249999999994,125.18333333333345,123.54874999999998,112.36659574468077
600486,2020-12-31,128.29,132.0,133.87,125.89,129.0,32255.9,417749000.0,129.94,127.45,123.58750000000002,121.63,107.83,67.1,4.92,4.75,0.17,扬农化工,化学原料和化学制品制造业,主板,129.59999999999997,128.17874999999992,126.47500000000012,124.34187499999999,113.38851063829777
600486,2021-01-04,133.0,130.56,133.0,130.2,132.0,27549.9,362194000.0,129.79,128.16,124.04050000000002,122.12,108.5,64.07,4.85,4.77,0.08,扬农化工,化学原料和化学制品制造业,主板,129.98999999999995,129.49624999999992,127.44666666666677,125.01499999999999,114.40595744680843
600486,2021-01-05,128.0,133.48,134.64,125.18,130.56,33572.4,442456000.0,130.69,128.95,124.67850000000003,122.59,109.22,67.3,4.97,4.81,0.16,扬农化工,化学原料和化学制品制造业,主板,131.25999999999996,130.67999999999992,128.21250000000012,125.99312499999999,115.43744680851054
600486,2021-01-06,133.91,137.17,141.95,133.0,133.48,33745.3,465662000.0,132.44,130.66,125.49950000000004,123.22,110.02,70.86,5.31,4.91,0.4,扬农化工,化学原料和化学制品制造业,主板,133.30249999999995,131.36374999999992,129.35583333333344,127.21312499999999,116.5399999999999
600486,2021-01-07,136.89,141.5,144.8,136.21,137.17,31886.3,452344000.0,134.94,132.41,126.60900000000004,124.09,110.9,74.38,5.86,5.1,0.76,扬农化工,化学原料和化学制品制造业,主板,135.67749999999995,132.63874999999993,130.67833333333343,128.775625,117.72829787234033
600486,2021-01-08,144.02,142.05,144.03,135.69,141.5,29974.5,418718000.0,136.95,133.45,127.72200000000005,125.03,111.81,74.8,6.26,5.33,0.93,扬农化工,化学原料和化学制品制造业,主板,138.54999999999995,134.26999999999992,132.51416666666677,130.2225,118.89936170212758
600486,2021-01-11,139.0,140.31,145.48,137.32,142.05,24776.2,351616000.0,138.9,134.35,128.84600000000006,125.81,112.69,70.87,6.37,5.54,0.83,扬农化工,化学原料和化学制品制造业,主板,140.25749999999994,135.7587499999999,133.8725000000001,131.22375,119.88404255319142
600486,2021-01-12,138.18,145.55,146.96,138.02,140.31,21959.1,313920000.0,141.32,136.0,130.24100000000004,126.8,113.65,75.11,6.8,5.79,1.01,扬农化工,化学原料和化学制品制造业,主板,142.35249999999994,137.8274999999999,135.02666666666676,132.60500000000002,121.01255319148929
600486,2021-01-13,145.53,143.41,147.26,139.9,145.55,25927.2,371917000.0,142.56,137.5,131.58650000000006,127.53,114.55,70.59,6.89,6.01,0.88,扬农化工,化学原料和化学制品制造业,主板,142.82999999999993,139.2537499999999,136.03583333333344,133.71625,122.08297872340417
600486,2021-01-14,142.0,140.08,145.55,139.5,143.41,17213.6,244905000.0,142.28,138.61,132.64550000000003,128.16,115.4,64.12,6.61,6.13,0.48,扬农化工,化学原料和化学制品制造业,主板,142.33749999999992,140.4437499999999,136.95916666666676,134.97,122.9917021276595
600486,2021-01-15,140.34,138.09,141.54,136.24,140.08,21231.0,293038000.0,141.49,139.22,133.33550000000005,128.8,116.25,60.56,6.17,6.14,0.03,扬农化工,化学原料和化学制品制造业,主板,141.7824999999999,141.0199999999999,137.76666666666674,135.85,123.7431914893616
600486,2021-01-18,139.01,147.28,149.38,136.3,138.09,40649.6,594119000.0,142.88,140.89,134.52700000000007,129.66,117.27,69.11,6.48,6.21,0.27,扬农化工,化学原料和化学制品制造业,主板,142.21499999999992,142.28374999999988,139.29000000000008,136.82375000000002,124.68489361702117
600486,2021-01-19,148.02,142.1,149.12,139.5,147.28,25727.5,369117000.0,142.19,141.75,135.35050000000007,130.37,118.25,61.07,6.23,6.21,0.02,扬农化工,化学原料和化学制品制造业,主板,141.88749999999993,142.35874999999987,140.13166666666675,137.49875,125.42106382978713
600486,2021-01-20,140.2,148.24,148.77,139.6,142.1,21127.0,308684000.0,143.16,142.86,136.76150000000004,131.29,119.32,66.1,6.46,6.26,0.2,扬农化工,化学原料和化学制品制造业,主板,143.92749999999992,143.13249999999988,141.60500000000008,138.70125000000002,126.29851063829777
600486,2021-01-21,148.98,150.4,152.1,146.01,148.24,27779.1,416279000.0,145.22,143.75,138.08100000000005,132.32,120.45,67.68,6.74,6.36,0.38,扬农化工,化学原料和化学制品制造业,主板,147.0049999999999,144.3937499999999,143.01500000000007,140.07625000000002,127.08936170212756
600486,2021-01-22,148.97,153.37,154.17,148.97,150.4,25799.7,391522000.0,148.28,144.88,139.16450000000003,133.44,121.59,69.77,7.11,6.51,0.6,扬农化工,化学原料和化学制品制造业,主板,148.52749999999992,145.3712499999999,144.3650000000001,141.599375,127.92127659574457
600486,2021-01-25,153.45,165.51,166.0,153.0,153.37,47873.0,773017000.0,151.92,147.4,140.87500000000006,135.03,122.92,76.47,8.3,6.87,1.43,扬农化工,化学原料和化学制品制造业,主板,154.3799999999999,148.13374999999988,146.36583333333343,143.69375000000002,128.95234042553182
600486,2021-01-26,165.89,159.89,165.89,157.26,165.51,28633.1,460147000.0,155.48,148.84,142.41950000000003,136.44,124.16,68.86,8.69,7.23,1.46,扬农化工,化学原料和化学制品制造业,主板,157.2924999999999,150.6099999999999,147.8525000000001,145.52687500000002,129.9542553191488
600486,2021-01-27,158.2,153.32,160.49,150.5,159.89,25543.7,396016000.0,156.5,149.83,143.66550000000004,137.67,125.26,61.2,8.36,7.46,0.9,扬农化工,化学原料和化学制品制造业,主板,158.0224999999999,152.5137499999999,148.93666666666675,146.76687500000003,130.7540425531914
600486,2021-01-28,150.3,149.08,155.31,148.5,153.32,22697.3,342293000.0,156.23,150.73,144.66950000000003,138.67,126.18,56.81,7.68,7.5,0.18,扬农化工,化学原料和化学制品制造业,主板,156.9499999999999,152.7387499999999,149.23083333333344,147.51125000000002,131.38127659574457
600486,2021-01-29,151.48,143.7,152.97,141.0,149.08,26887.0,394198000.0,154.3,151.29,145.25450000000004,139.32,127.03,51.73,6.62,7.33,-0.71,扬农化工,化学原料和化学制品制造业,主板,151.4974999999999,152.9387499999999,149.25500000000008,147.64875,131.92808510638287
600486,2021-02-01,146.5,151.71,153.8,144.0,143.7,36492.8,554355000.0,151.54,151.73,146.31200000000004,140.26,128.01,57.78,6.36,7.13,-0.77,扬农化工,化学原料和化学制品制造业,主板,149.4524999999999,153.37249999999992,150.22416666666678,148.2525,132.6946808510637
600486,2021-02-02,153.0,154.8,155.37,148.2,151.71,25299.3,386490000.0,150.52,153.0,147.37800000000004,141.23,128.97,59.87,6.33,6.97,-0.64,扬农化工,化学原料和化学制品制造业,主板,149.82249999999993,153.9224999999999,151.61666666666676,149.158125,133.5678723404254
600486,2021-02-03,154.21,154.46,156.34,151.37,154.8,23721.6,365203000.0,150.75,153.62,148.24250000000004,142.38,129.83,59.52,6.2,6.82,-0.62,扬农化工,化学原料和化学制品制造业,主板,151.16749999999993,154.05874999999992,152.21500000000012,149.715,134.3687234042552
600486,2021-02-04,153.85,159.0,160.89,151.05,154.46,27661.8,435000000.0,152.73,154.48,149.11750000000004,143.55,130.76,62.65,6.39,6.73,-0.34,扬农化工,化学原料和化学制品制造业,主板,154.99249999999995,153.24499999999992,153.62333333333345,150.689375,135.28361702127648
600486,2021-02-05,157.0,152.55,159.83,144.02,159.0,39943.8,606393000.0,154.5,154.4,149.64250000000004,144.24,131.51,56.02,5.96,6.58,-0.62,扬农化工,化学原料和化学制品制造业,主板,155.20249999999993,152.32749999999993,153.9825000000001,151.46875000000003,135.94787234042542
600486,2021-02-08,148.32,157.04,157.37,147.8,152.55,24061.3,370999000.0,155.57,153.56,150.47900000000004,145.1,132.35,59.25,5.91,6.44,-0.53,扬农化工,化学原料和化学制品制造业,主板,155.76249999999993,152.79249999999993,154.53583333333344,152.65312500000002,136.709574468085
600486,2021-02-09,157.04,153.0,163.0,152.61,157.04,34490.9,539437000.0,155.21,152.87,150.85150000000004,145.9,133.01,55.31,5.48,6.25,-0.77,扬农化工,化学原料和化学制品制造业,主板,155.39749999999992,153.28249999999994,154.5050000000001,153.010625,137.43404255319138
600486,2021-02-10,152.5,161.51,162.5,150.4,153.0,33728.7,533090000.0,156.62,153.68,151.75650000000005,147.01,133.8,61.17,5.76,6.15,-0.39,扬农化工,化学原料和化学制品制造业,主板,156.02499999999992,155.50874999999994,154.17166666666677,154.22375000000002,138.28531914893608
600486,2021-02-18,169.59,167.6,169.68,162.0,161.51,35967.8,599204000.0,158.34,155.54,153.13250000000005,148.29,134.64,64.73,6.4,6.2,0.2,扬农化工,化学原料和化学制品制造业,主板,159.7874999999999,157.49499999999992,154.81416666666678,155.43375000000003,139.2827659574467
600486,2021-02-19,168.98,159.65,169.01,152.07,167.6,36069.8,571354000.0,159.76,157.13,154.21050000000005,149.21,135.42,57.34,6.2,6.2,0.0,扬农化工,化学原料和化学制品制造业,主板,160.4399999999999,158.10124999999994,155.34166666666678,156.01187500000003,140.11042553191479
600486,2021-02-22,159.65,150.0,161.23,149.13,159.65,35285.4,540397000.0,158.35,156.96,154.34650000000005,149.86,135.99,49.89,5.19,6.0,-0.81,扬农化工,化学原料和化学制品制造业,主板,159.6899999999999,157.54374999999993,155.41833333333346,155.80125000000004,140.76340425531905
600486,2021-02-23,146.97,141.04,150.97,140.92,150.0,54179.4,780015000.0,155.96,155.58,154.29350000000005,150.11,136.35,44.15,3.63,5.53,-1.9,扬农化工,化学原料和化学制品制造业,主板,154.5724999999999,155.29874999999993,155.1966666666668,154.27187500000002,141.2155319148935
600486,2021-02-24,141.66,132.49,142.33,129.6,141.04,59529.3,799289000.0,150.16,153.39,153.50600000000003,149.96,136.59,39.49,1.69,4.76,-3.07,扬农化工,化学原料和化学制品制造业,主板,145.7949999999999,152.79124999999993,153.5950000000001,152.55937500000002,141.52744680851052
600486,2021-02-25,133.93,134.3,139.38,133.0,132.49,42387.8,579075000.0,143.5,150.92,152.70100000000005,149.72,136.9,40.91,0.29,3.86,-3.57,扬农化工,化学原料和化学制品制造业,主板,139.4574999999999,149.94874999999993,151.8866666666668,151.37062500000002,141.88170212765948
600486,2021-02-26,132.01,134.04,136.75,126.99,134.3,46432.2,608456000.0,138.37,149.07,151.73450000000005,149.45,137.24,40.76,-0.83,2.93,-3.76,扬农化工,化学原料和化学制品制造业,主板,135.4674999999999,147.57874999999993,150.18500000000012,150.43062500000002,142.25489361702117
600486,2021-03-01,135.66,136.68,140.69,132.86,134.04,35055.1,479799000.0,135.71,147.03,150.29300000000003,149.33,137.57,43.02,-1.49,2.04,-3.53,扬农化工,化学原料和化学制品制造业,主板,134.37749999999988,144.47499999999994,148.32500000000013,149.99187500000002,142.63319148936162
600486,2021-03-02,137.72,133.06,141.85,132.21,136.68,37866.3,515869000.0,134.11,145.04,148.95150000000004,148.91,137.85,40.73,-2.28,1.18,-3.46,扬农化工,化学原料和化学制品制造业,主板,134.51999999999987,140.15749999999994,146.70083333333346,148.82625000000002,142.81978723404248
600486,2021-03-03,133.06,134.77,135.33,129.07,133.06,21042.1,279930000.0,134.57,142.36,148.02400000000003,148.63,138.08,42.29,-2.73,0.4,-3.13,扬农化工,化学原料和化学制品制造业,主板,134.63749999999987,137.04749999999993,144.8450000000001,147.574375,143.06063829787226
600486,2021-03-04,132.76,126.88,133.99,125.0,134.77,35999.5,458913000.0,133.09,138.29,146.91400000000004,148.19,138.17,37.39,-3.68,-0.42,-3.26,扬农化工,化学原料和化学制品制造业,主板,132.84749999999988,134.1574999999999,142.66833333333344,145.850625,143.08723404255312
600486,2021-03-05,125.0,125.41,126.66,122.65,126.88,32046.0,400188000.0,131.36,134.87,145.99950000000004,147.76,138.28,36.54,-4.5,-1.24,-3.26,扬农化工,化学原料和化学制品制造业,主板,130.02999999999986,132.20374999999993,139.6600000000001,143.75125,143.20191489361693
600486,2021-03-08,126.96,116.84,127.41,116.7,125.41,44059.1,530038000.0,127.39,131.55,144.25600000000003,146.75,138.2,31.97,-5.79,-2.15,-3.64,扬农化工,化学原料和化学制品制造业,主板,125.97499999999987,130.24749999999992,135.43000000000012,141.519375,143.04936170212758
600486,2021-03-09,116.0,113.06,118.62,112.48,116.84,41829.7,482459000.0,123.39,128.75,142.16900000000004,145.78,138.08,30.18,-7.02,-3.12,-3.9,扬农化工,化学原料和化学制品制造业,主板,120.54749999999987,127.59249999999992,131.5475000000001,138.770625,142.65276595744675
600486,2021-03-10,114.78,118.35,120.84,114.0,113.06,36728.2,433267000.0,120.11,127.34,140.36350000000002,144.78,138.04,35.62,-7.49,-3.99,-3.5,扬农化工,化学原料和化学制品制造业,主板,118.41499999999988,125.63124999999991,128.9100000000001,136.605,142.3772340425531
600486,2021-03-11,118.53,121.6,122.1,116.86,118.35,25956.9,312402000.0,119.05,126.07,138.4935,143.82,138.07,38.77,-7.51,-4.7,-2.81,扬农化工,化学原料和化学制品制造业,主板,117.46249999999989,123.74624999999989,127.29000000000009,134.11062499999997,142.21978723404249
600486,2021-03-12,122.27,123.52,126.3,120.58,121.6,33096.4,408540000.0,118.67,125.02,137.042,142.83,138.14,40.62,-7.28,-5.21,-2.07,扬农化工,化学原料和化学制品制造业,主板,119.13249999999988,122.5537499999999,126.54250000000009,131.35562499999997,142.11595744680847
600486,2021-03-15,123.0,119.94,125.18,118.01,123.52,25989.9,315052000.0,119.29,123.34,135.187,141.31,138.17,38.3,-7.31,-5.63,-1.68,扬农化工,化学原料和化学制品制造业,主板,120.85249999999989,120.6999999999999,125.34583333333343,128.87374999999997,141.92319148936164
600486,2021-03-16,120.48,119.37,122.31,116.0,119.94,23613.9,281058000.0,120.56,121.97,133.5055,139.96,138.2,37.93,-7.29,-5.96,-1.33,扬农化工,化学原料和化学制品制造业,主板,121.10749999999987,119.76124999999992,124.12333333333345,126.95937499999997,141.65446808510632
600486,2021-03-17,119.21,123.69,125.54,116.11,119.37,30396.0,374624000.0,121.62,120.87,131.6145,138.97,138.32,42.49,-6.85,-6.14,-0.71,扬农化工,化学原料和化学制品制造业,主板,121.62999999999985,119.54624999999992,123.04083333333345,125.87499999999997,141.50829787234036
600486,2021-03-18,122.88,124.75,127.66,122.7,123.69,26197.2,326800000.0,122.25,120.65,129.472,138.16,138.42,43.58,-6.35,-6.18,-0.17,扬农化工,化学原料和化学制品制造业,主板,121.93749999999986,120.53499999999993,122.34833333333346,125.39124999999997,141.3225531914893
600486,2021-03-19,122.0,120.18,125.0,118.26,124.75,27269.9,328788000.0,121.59,120.13,127.49849999999999,137.38,138.35,40.04,-6.24,-6.19,-0.05,扬农化工,化学原料和化学制品制造业,主板,121.99749999999985,121.42499999999993,121.13250000000012,124.50874999999998,140.96106382978718
600486,2021-03-22,120.54,121.48,123.88,117.02,120.18,22480.7,270642000.0,121.89,120.59,126.07249999999999,136.37,138.32,41.5,-5.98,-6.15,0.17,扬农化工,化学原料和化学制品制造业,主板,122.52499999999984,121.81624999999993,120.68250000000012,123.72374999999997,140.53510638297865
600486,2021-03-23,120.76,119.58,122.3,116.51,121.48,24671.6,292926000.0,121.94,121.25,124.99949999999998,135.19,138.21,39.97,-5.87,-6.1,0.23,扬农化工,化学原料和化学制品制造业,主板,121.49749999999985,121.56374999999993,120.19666666666677,122.65499999999996,140.05702127659566
600486,2021-03-24,117.74,111.6,119.88,110.4,119.58,34474.8,391214000.0,119.52,120.57,123.95499999999997,133.77,138.07,34.26,-6.34,-6.14,-0.2,扬农化工,化学原料和化学制品制造业,主板,118.20999999999984,120.07374999999993,119.7600000000001,121.31374999999997,139.44617021276588
600486,2021-03-25,110.41,115.3,115.5,110.41,111.6,28417.8,324851000.0,117.63,119.94,123.00499999999997,132.31,137.93,38.64,-6.35,-6.19,-0.16,扬农化工,化学原料和化学制品制造业,主板,116.98999999999982,119.49374999999992,119.94666666666677,120.09687499999998,138.8025531914893
600486,2021-03-26,116.81,116.3,117.55,113.51,115.3,21924.4,253427000.0,116.85,119.22,122.11799999999998,131.1,137.67,39.8,-6.2,-6.19,-0.01,扬农化工,化学原料和化学制品制造业,主板,115.69499999999982,119.10999999999991,119.77583333333344,119.43562499999999,138.225744680851
600486,2021-03-29,116.36,115.45,117.15,113.86,116.3,24076.3,277677000.0,115.65,118.77,121.05649999999999,129.71,137.41,39.12,-6.09,-6.17,0.08,扬农化工,化学原料和化学制品制造业,主板,114.66249999999984,118.0799999999999,119.26333333333345,118.81312499999999,137.7017021276595
600486,2021-03-30,114.5,122.84,124.98,114.05,115.45,35313.6,428144000.0,116.3,119.12,120.54549999999999,128.71,137.31,47.52,-5.33,-6.0,0.67,扬农化工,化学原料和化学制品制造业,主板,117.47249999999983,117.84124999999989,119.20666666666678,119.18812499999999,137.3772340425531
600486,2021-03-31,123.3,119.92,124.29,118.61,122.84,26182.4,314947000.0,117.96,118.74,119.803,127.32,137.16,44.89,-4.92,-5.78,0.86,扬农化工,化学原料和化学制品制造业,主板,118.62749999999981,117.80874999999989,119.20500000000011,119.616875,136.79510638297867
600486,2021-04-01,124.9,120.66,124.9,118.06,119.92,27112.5,326264000.0,119.03,118.33,119.49199999999999,125.76,137.03,45.71,-4.48,-5.52,1.04,扬农化工,化学原料和化学制品制造业,主板,119.71749999999982,117.7062499999999,119.31250000000011,119.76125,136.3389361702127
600486,2021-04-02,119.79,129.89,130.5,119.79,120.66,35935.5,457743000.0,121.75,119.3,119.71599999999998,124.77,136.99,54.77,-3.34,-5.09,1.75,扬农化工,化学原料和化学制品制造业,主板,123.32749999999983,118.99499999999988,119.82916666666677,120.27937500000002,135.94851063829782
600486,2021-04-06,129.67,124.11,129.89,123.59,129.89,28687.9,357667000.0,123.48,119.56,120.07949999999998,123.9,136.88,49.23,-2.87,-4.64,1.77,扬农化工,化学原料和化学制品制造业,主板,123.64499999999981,120.55874999999988,119.77583333333342,120.31625000000003,135.38914893617016
600486,2021-04-07,124.28,119.5,124.55,117.66,124.11,28571.9,342213000.0,122.82,119.56,120.40149999999998,123.19,136.65,45.29,-2.85,-4.28,1.43,扬农化工,化学原料和化学制品制造业,主板,123.53999999999981,121.08374999999987,119.71916666666675,120.28875000000002,134.66851063829782
600486,2021-04-08,118.94,122.0,123.38,117.02,119.5,23694.0,286592000.0,123.23,120.6,120.58399999999999,122.84,136.4,47.73,-2.59,-3.95,1.36,扬农化工,化学原料和化学制品制造业,主板,123.8749999999998,121.79624999999987,119.76250000000009,120.45312500000003,133.74276595744675
600486,2021-04-09,120.85,118.88,122.8,116.81,122.0,18406.0,218270000.0,122.88,120.96,120.44800000000001,122.32,136.02,45.03,-2.61,-3.68,1.07,扬农化工,化学原料和化学制品制造业,主板,121.1224999999998,122.22499999999988,119.70416666666677,120.15250000000003,132.87021276595738
600486,2021-04-12,117.77,112.92,118.99,111.77,118.88,33395.0,379919000.0,119.48,120.62,119.918,121.62,135.53,40.34,-3.08,-3.56,0.48,扬农化工,化学原料和化学制品制造业,主板,118.32499999999979,120.98499999999989,119.81416666666678,119.41312500000004,132.01063829787228
600486,2021-04-13,112.5,112.95,115.18,111.36,112.92,23491.5,265498000.0,117.25,120.37,119.5685,120.83,135.08,40.37,-3.4,-3.53,0.13,扬农化工,化学原料和化学制品制造业,主板,116.6874999999998,120.11374999999988,119.61833333333345,118.96125000000004,131.24191489361695
600486,2021-04-14,114.02,113.45,114.98,111.62,112.95,14633.1,165748000.0,116.04,119.43,119.2725,120.17,134.54,40.97,-3.57,-3.54,-0.03,扬农化工,化学原料和化学制品制造业,主板,114.54999999999981,119.21249999999988,119.38083333333346,118.45937500000004,130.59829787234037
600486,2021-04-15,113.96,116.93,117.7,111.62,113.45,20922.8,240661000.0,115.03,119.13,118.93449999999999,119.58,134.1,45.1,-3.39,-3.51,0.12,扬农化工,化学原料和化学制品制造业,主板,114.0624999999998,117.59249999999987,119.50416666666679,118.29375000000005,129.85829787234036
600486,2021-04-16,116.3,118.33,118.76,115.01,116.93,16010.9,187929000.0,114.92,118.9,118.61349999999997,119.29,133.74,46.71,-3.1,-3.43,0.33,扬农化工,化学原料和化学制品制造业,主板,115.41499999999981,116.86999999999988,119.12833333333346,118.71437500000005,129.08234042553187
600486,2021-04-19,118.2,119.1,120.5,115.53,118.33,26319.7,311074000.0,116.15,117.82,118.55949999999999,119.08,133.42,47.63,-2.77,-3.29,0.52,扬农化工,化学原料和化学制品制造业,主板,116.9524999999998,116.81999999999988,119.06000000000012,118.95187500000004,128.32999999999996
600486,2021-04-20,118.89,118.78,120.29,116.53,119.1,14814.2,175864000.0,117.32,117.28,118.4245,119.15,132.95,47.26,-2.51,-3.14,0.63,扬农化工,化学原料和化学制品制造业,主板,118.28499999999981,116.41749999999988,118.90333333333344,119.10687500000004,127.47425531914888
600486,2021-04-21,118.0,119.8,120.0,116.78,118.78,14137.1,167519000.0,118.59,117.31,118.4355,119.37,132.58,48.61,-2.19,-2.95,0.76,扬农化工,化学原料和化学制品制造业,主板,119.00249999999981,116.53249999999987,118.06250000000011,119.37875000000004,126.77744680851058
600486,2021-04-22,120.3,119.3,120.5,118.5,119.8,13275.2,158452000.0,119.06,117.04,118.82050000000001,119.4,132.09,47.96,-1.97,-2.75,0.78,扬农化工,化学原料和化学制品制造业,主板,119.24499999999982,117.32999999999988,117.66166666666679,119.15750000000004,125.97446808510632
600486,2021-04-23,119.97,121.1,121.74,117.11,119.3,19378.9,231811000.0,119.62,117.27,119.1105,119.39,131.61,50.5,-1.62,-2.53,0.91,扬农化工,化学原料和化学制品制造业,主板,119.7449999999998,118.34874999999988,117.79500000000012,119.23125000000003,125.29574468085102
600486,2021-04-26,122.24,122.4,128.64,121.22,121.1,26216.6,326573000.0,120.28,118.21,119.4155,119.35,131.09,52.32,-1.22,-2.26,1.04,扬农化工,化学原料和化学制品制造业,主板,120.6499999999998,119.46749999999989,117.82833333333345,119.34000000000003,124.46361702127653
600486,2021-04-27,118.0,111.39,118.58,110.16,122.4,75210.0,838882000.0,118.8,118.06,119.2125,119.06,130.19,39.22,-1.78,-2.17,0.39,扬农化工,化学原料和化学制品制造业,主板,118.5474999999998,118.77499999999989,117.20416666666681,118.18375000000003,123.26765957446803
600486,2021-04-28,110.5,114.86,114.88,110.31,111.39,38527.3,436197000.0,117.81,118.2,118.8135,118.91,129.44,43.98,-1.92,-2.12,0.2,扬农化工,化学原料和化学制品制造业,主板,117.43749999999979,118.34124999999987,117.36583333333346,117.60562500000003,122.31468085106377
600486,2021-04-29,115.19,116.13,118.0,113.61,114.86,23356.2,271032000.0,117.18,118.12,118.624,118.66,128.82,45.66,-1.9,-2.07,0.17,扬农化工,化学原料和化学制品制造业,主板,116.1949999999998,117.96999999999987,117.63083333333344,117.39500000000004,121.59404255319143
600486,2021-04-30,116.68,112.02,117.63,110.5,116.13,39155.9,440320000.0,115.36,117.49,118.19200000000001,118.24,128.2,41.34,-2.19,-2.1,-0.09,扬农化工,化学原料和化学制品制造业,主板,113.5999999999998,117.12499999999989,117.51166666666677,116.77125000000004,120.97659574468081
600486,2021-05-06,114.02,112.96,117.68,110.88,112.02,37709.8,430322000.0,113.47,116.87,117.34550000000002,118.0,127.69,42.68,-2.33,-2.14,-0.19,扬农化工,化学原料和化学制品制造业,主板,113.99249999999981,116.2699999999999,117.18083333333344,116.40125000000003,120.56106382978719
600486,2021-05-07,113.32,111.0,114.4,110.7,112.96,29550.6,330290000.0,113.39,116.1,116.69000000000001,117.65,127.01,40.6,-2.56,-2.23,-0.33,扬农化工,化学原料和化学制品制造业,主板,113.0274999999998,115.2324999999999,116.5700000000001,116.28125000000003,120.06531914893613
600486,2021-05-10,111.0,107.0,111.9,104.09,111.0,54741.6,585259000.0,111.82,114.82,116.06500000000001,117.23,126.21,36.69,-3.03,-2.39,-0.64,扬农化工,化学原料和化学制品制造业,主板,110.7449999999998,113.4699999999999,115.56166666666678,115.90937500000003,119.48999999999995
600486,2021-05-11,105.52,108.75,109.48,104.21,107.0,27488.6,296058000.0,110.35,113.76,115.4025,117.13,125.45,39.44,-3.22,-2.55,-0.67,扬农化工,化学原料和化学制品制造业,主板,109.92749999999981,111.7637499999999,114.72583333333345,115.61562500000002,118.89574468085101
600486,2021-05-12,109.8,107.99,109.8,103.09,108.75,35095.0,374258000.0,109.54,112.45,114.85799999999999,116.89,124.6,38.65,-3.41,-2.73,-0.68,扬农化工,化学原料和化学制品制造业,主板,108.68499999999982,111.3387499999999,113.74166666666679,115.05687500000002,118.36234042553185
600486,2021-05-13,106.88,107.0,107.91,105.61,107.99,20132.5,214596000.0,108.35,110.91,114.56199999999998,116.58,123.84,37.6,-3.58,-2.9,-0.68,扬农化工,化学原料和化学制品制造业,主板,107.68499999999983,110.3562499999999,112.7166666666668,114.34875000000002,117.77148936170205
600486,2021-05-14,107.0,108.08,108.59,105.0,107.0,20603.0,219750000.0,107.76,110.58,114.3185,116.33,123.02,39.53,-3.6,-3.04,-0.56,扬农化工,化学原料和化学制品制造业,主板,107.95499999999984,109.34999999999991,111.63166666666679,113.66000000000003,117.37148936170205
600486,2021-05-17,108.58,110.75,112.0,107.94,108.08,30144.9,330842000.0,108.51,110.17,114.18350000000001,115.93,122.32,44.14,-3.35,-3.1,-0.25,扬农化工,化学原料和化学制品制造业,主板,108.45499999999984,109.19124999999991,110.66083333333346,113.15812500000003,117.05957446808503
600486,2021-05-18,112.52,109.46,112.75,108.0,110.75,20642.0,225042000.0,108.66,109.5,113.81000000000002,115.58,121.45,42.46,-3.22,-3.12,-0.1,扬农化工,化学原料和化学制品制造业,主板,108.82249999999985,108.75374999999991,110.50000000000011,112.51187500000003,116.90255319148929
600486,2021-05-19,110.25,109.2,113.06,109.0,109.46,23774.0,262423000.0,108.9,109.22,113.35350000000001,115.2,120.48,42.11,-3.11,-3.12,0.01,扬农化工,化学原料和化学制品制造业,主板,109.37249999999986,108.52874999999992,110.02833333333346,111.88062500000004,116.82042553191481
600486,2021-05-20,109.2,108.97,109.65,106.44,109.2,17063.0,184431000.0,109.29,108.82,112.84700000000001,114.5,119.64,41.78,-3.0,-3.1,0.1,扬农化工,化学原料和化学制品制造业,主板,109.59499999999987,108.77499999999992,109.4316666666668,111.12250000000004,116.62085106382969
600486,2021-05-21,109.19,103.87,109.28,103.62,108.97,38617.5,404408000.0,108.45,108.11,112.10149999999999,113.83,118.87,35.25,-3.3,-3.14,-0.16,扬农化工,化学原料和化学制品制造业,主板,107.87499999999989,108.16499999999992,108.75250000000013,109.96437500000005,116.24361702127649
600486,2021-05-24,103.22,108.86,108.9,102.22,103.87,33100.5,351784000.0,108.07,108.29,111.55449999999999,113.47,118.33,44.41,-3.08,-3.13,0.05,扬农化工,化学原料和化学制品制造业,主板,107.7249999999999,108.27374999999992,108.41083333333346,109.80625000000003,115.93170212765946
600486,2021-05-25,108.6,111.0,111.19,107.82,108.86,25683.7,283095000.0,108.38,108.52,111.13949999999997,113.11,117.97,47.81,-2.71,-3.04,0.33,扬农化工,化学原料和化学制品制造业,主板,108.17499999999991,108.77374999999992,108.41083333333346,109.56500000000004,115.74148936170202
600486,2021-05-26,111.0,108.6,111.0,108.0,111.0,23054.2,251695000.0,108.26,108.58,110.51449999999997,112.76,117.54,44.52,-2.58,-2.95,0.37,扬农化工,化学原料和化学制品制造业,主板,108.0824999999999,108.83874999999992,108.54416666666678,109.09437500000004,115.51234042553182
600486,2021-05-27,108.62,112.34,113.45,108.11,108.6,30039.0,335772000.0,108.93,109.11,110.01149999999998,112.75,117.18,50.27,-2.15,-2.79,0.64,扬农化工,化学原料和化学制品制造业,主板,110.1999999999999,109.03749999999992,108.84333333333343,109.11437500000004,115.2708510638297
600486,2021-05-28,112.4,109.13,113.42,108.88,112.34,25267.5,279205000.0,109.99,109.22,109.89849999999998,112.62,116.72,45.87,-2.05,-2.64,0.59,扬农化工,化学原料和化学制品制造业,主板,110.2674999999999,108.99624999999992,108.93833333333345,108.87500000000003,114.93851063829779
600486,2021-05-31,109.14,110.41,110.9,107.72,109.13,17966.6,197204000.0,110.3,109.18,109.67599999999997,112.52,116.34,47.83,-1.84,-2.48,0.64,扬农化工,化学原料和化学制品制造业,主板,110.11999999999989,109.14749999999991,109.22250000000012,108.83812500000003,114.73063829787225
600486,2021-06-01,111.57,115.47,116.16,109.3,110.41,35530.4,401309000.0,111.19,109.78,109.64299999999996,112.47,116.02,54.8,-1.26,-2.24,0.98,扬农化工,化学原料和化学制品制造业,主板,111.83749999999989,109.95999999999991,109.83833333333347,109.36750000000004,114.60276595744674
600486,2021-06-02,116.3,111.07,116.77,110.61,115.47,41972.2,471632000.0,111.68,109.97,109.59549999999997,112.23,115.76,48.71,-1.13,-2.02,0.89,扬农化工,化学原料和化学制品制造业,主板,111.5199999999999,110.85999999999991,109.86500000000012,109.51250000000003,114.42170212765949
600486,2021-06-03,111.87,111.85,114.98,109.1,111.07,32540.8,365930000.0,111.59,110.26,109.53999999999996,111.98,115.53,49.77,-0.96,-1.8,0.84,扬农化工,化学原料和化学制品制造业,主板,112.1999999999999,111.23374999999992,110.06416666666678,109.75375000000003,114.42702127659567
600486,2021-06-04,113.42,113.26,114.63,109.5,111.85,33002.8,372986000.0,112.41,111.2,109.65299999999998,111.8,115.47,51.73,-0.7,-1.58,0.88,扬农化工,化学原料和化学制品制造业,主板,112.91249999999991,111.51624999999991,110.4025000000001,110.14500000000002,114.3836170212765
600486,2021-06-07,113.2,113.98,116.36,111.82,113.26,27657.1,315562000.0,113.13,111.71,110.00199999999998,111.61,115.49,52.74,-0.44,-1.36,0.92,扬农化工,化学原料和化学制品制造业,主板,112.5399999999999,112.18874999999991,110.8200000000001,110.51375000000003,114.33425531914884
600486,2021-06-08,113.01,111.82,115.23,110.7,113.98,27634.5,310997000.0,112.4,111.79,110.15549999999999,111.36,115.38,49.4,-0.4,-1.16,0.76,扬农化工,化学原料和化学制品制造业,主板,112.72749999999989,112.1237499999999,111.48250000000012,110.58062500000003,114.25702127659565
600486,2021-06-09,111.8,109.62,112.22,109.05,111.82,32836.6,361162000.0,112.11,111.9,110.237,110.97,115.18,46.19,-0.53,-1.04,0.51,扬农化工,化学原料和化学制品制造业,主板,112.16999999999987,112.1849999999999,111.54583333333345,110.59062500000002,113.97574468085097
600486,2021-06-10,109.65,117.88,117.98,109.28,109.62,52194.7,600400000.0,113.31,112.45,110.78099999999999,110.82,115.09,57.38,0.03,-0.82,0.85,扬农化工,化学原料和化学制品制造业,主板,113.32499999999987,113.1187499999999,112.11916666666677,111.13312500000002,113.9323404255318
600486,2021-06-11,117.87,114.5,117.87,114.22,117.88,32264.7,371431000.0,113.56,112.99,111.102,110.93,115.0,52.56,0.19,-0.62,0.81,扬农化工,化学原料和化学制品制造业,主板,113.45499999999987,112.9974999999999,112.61083333333345,111.47875000000002,113.80127659574458
600486,2021-06-15,114.21,110.99,116.65,110.58,114.5,26740.7,302040000.0,112.96,113.04,111.11399999999999,110.8,114.86,48.05,0.04,-0.49,0.53,扬农化工,化学原料和化学制品制造业,主板,113.24749999999987,112.9874999999999,112.49833333333345,111.92375000000001,113.3991489361701
600486,2021-06-16,110.99,112.15,112.53,109.49,110.99,31502.8,351591000.0,113.03,112.71,111.24849999999999,110.67,114.66,49.59,0.01,-0.39,0.4,扬农化工,化学原料和化学制品制造业,主板,113.87999999999988,113.02499999999989,112.75000000000011,112.12937500000002,113.14468085106371
600486,2021-06-17,111.01,112.0,112.48,110.17,112.15,25914.1,289449000.0,113.5,112.8,111.3885,110.67,114.45,49.39,-0.02,-0.32,0.3,扬农化工,化学原料和化学制品制造业,主板,112.40999999999988,112.8674999999999,112.8825000000001,112.19187500000002,112.98510638297861
600486,2021-06-18,112.0,109.68,112.0,107.01,112.0,29280.5,319450000.0,111.86,112.59,111.424,110.56,114.28,46.22,-0.23,-0.3,0.07,扬农化工,化学原料和化学制品制造业,主板,111.20499999999987,112.3299999999999,112.4000000000001,112.25937500000003,112.72297872340415
600486,2021-06-21,108.56,110.23,111.5,106.91,109.68,25736.5,281885000.0,111.01,112.28,111.742,110.53,114.09,47.09,-0.35,-0.31,-0.04,扬农化工,化学原料和化学制品制造业,主板,111.01499999999987,112.13124999999991,112.33000000000011,112.12750000000004,112.53893617021265
600486,2021-06-22,110.0,113.8,116.49,109.55,110.23,43726.0,498491000.0,111.57,112.27,111.989,110.76,113.99,52.44,-0.15,-0.28,0.13,扬农化工,化学原料和化学制品制造业,主板,111.42749999999987,112.6537499999999,112.49250000000012,112.41937500000003,112.55765957446798
600486,2021-06-23,113.79,108.12,114.0,107.67,113.8,43578.2,476099000.0,110.77,111.9,111.845,110.74,113.93,44.69,-0.45,-0.31,-0.14,扬农化工,化学原料和化学制品制造业,主板,110.45749999999987,111.4337499999999,112.0641666666668,112.27625000000002,112.45489361702116
600486,2021-06-24,108.16,105.32,108.5,104.01,108.12,40181.7,422281000.0,109.43,111.47,111.68100000000001,110.65,113.77,41.44,-0.9,-0.43,-0.47,扬农化工,化学原料和化学制品制造业,主板,109.36749999999985,110.28624999999991,111.34250000000013,111.64187500000001,112.2819148936169
600486,2021-06-25,104.9,108.08,108.39,103.58,105.32,44063.7,470192000.0,109.11,110.49,111.468,110.68,113.63,45.64,-1.02,-0.55,-0.47,扬农化工,化学原料和化学制品制造业,主板,108.82999999999984,109.92249999999991,111.03083333333346,111.45500000000001,112.09361702127647
600486,2021-06-28,108.06,111.37,111.43,107.22,108.08,33309.2,365227000.0,109.34,110.17,111.58,110.79,113.56,50.22,-0.85,-0.61,-0.24,扬农化工,化学原料和化学制品制造业,主板,108.22249999999984,109.82499999999992,111.1766666666668,111.42500000000001,111.9455319148935
600486,2021-06-29,111.36,111.67,114.7,110.23,111.37,29659.6,334524000.0,108.91,110.24,111.643,110.82,113.38,50.63,-0.67,-0.62,-0.05,扬农化工,化学原料和化学制品制造业,主板,109.10999999999984,109.78374999999991,110.6591666666668,111.32562500000002,111.78744680851051
600486,2021-06-30,112.22,111.77,113.49,110.3,111.67,15726.6,175168000.0,109.64,110.2,111.45800000000001,110.9,113.24,50.77,-0.53,-0.6,0.07,扬农化工,化学原料和化学制品制造业,主板,110.72249999999984,110.0449999999999,110.4316666666668,111.18750000000001,111.6382978723403
600486,2021-07-01,111.0,110.16,111.96,107.86,111.77,21427.4,234637000.0,110.61,110.02,111.4125,110.93,113.07,48.31,-0.53,-0.59,0.06,扬农化工,化学原料和化学制品制造业,主板,111.24249999999985,110.0362499999999,110.36250000000014,111.08375000000002,111.43319148936158
600486,2021-07-02,109.2,107.8,109.5,106.45,110.16,28244.9,304214000.0,110.55,109.83,111.21000000000001,110.89,112.7,44.88,-0.72,-0.61,-0.11,扬农化工,化学原料和化学制品制造业,主板,110.34999999999985,109.2862499999999,110.00000000000013,110.97000000000003,111.18851063829774
600486,2021-07-05,109.3,112.52,112.74,105.69,107.8,39939.7,437715000.0,110.78,110.06,111.173,111.18,112.51,52.2,-0.48,-0.59,0.11,扬农化工,化学原料和化学制品制造业,主板,110.56249999999984,109.8362499999999,110.04333333333346,110.63500000000002,111.0059574468084
600486,2021-07-06,112.0,114.23,116.28,111.55,112.52,36940.1,420195000.0,111.3,110.1,111.1855,111.36,112.42,54.55,-0.15,-0.5,0.35,扬农化工,化学原料和化学制品制造业,主板,111.17749999999984,110.9499999999999,110.42250000000013,110.61812500000002,110.83212765957434
600486,2021-07-07,113.24,113.0,115.5,112.28,114.23,20070.6,228204000.0,111.54,110.59,111.24449999999999,111.43,112.27,52.55,0.01,-0.4,0.41,扬农化工,化学原料和化学制品制造业,主板,111.88749999999985,111.5649999999999,110.65333333333346,110.74375000000002,110.86638297872328
600486,2021-07-08,112.33,112.1,114.86,111.8,113.0,18960.5,213913000.0,111.93,111.27,111.3685,111.54,112.15,51.07,0.07,-0.3,0.37,扬农化工,化学原料和化学制品制造业,主板,112.96249999999985,111.6562499999999,110.51166666666678,110.74062500000001,110.80765957446798
600486,2021-07-09,111.14,111.92,112.66,109.8,112.1,21459.2,239091000.0,112.75,111.65,111.0705,111.53,112.14,50.76,0.1,-0.22,0.32,扬农化工,化学原料和化学制品制造业,主板,112.81249999999986,111.6874999999999,110.82833333333345,110.73562500000001,110.71808510638286
600486,2021-07-12,112.91,112.98,115.7,111.15,111.92,21644.1,246045000.0,112.85,111.82,110.99449999999999,111.66,112.14,52.57,0.2,-0.14,0.34,扬农化工,化学原料和化学制品制造业,主板,112.49999999999986,111.8387499999999,111.4666666666668,110.94187500000001,110.73851063829774
600486,2021-07-13,112.96,113.45,114.2,111.11,112.98,17942.9,202241000.0,112.69,111.99,111.11749999999999,111.76,112.14,53.39,0.32,-0.05,0.37,扬农化工,化学原料和化学制品制造业,主板,112.61249999999987,112.24999999999991,111.9141666666668,111.14312500000001,110.74893617021263
600486,2021-07-14,113.45,115.8,118.74,111.3,113.45,35469.4,409520000.0,113.25,112.4,111.3,111.77,112.12,57.35,0.59,0.08,0.51,扬农化工,化学原料和化学制品制造业,主板,113.53749999999985,113.24999999999991,112.28333333333346,111.26812500000001,110.8510638297871
600486,2021-07-15,115.8,114.72,118.45,113.73,115.8,26372.3,304863000.0,113.77,112.85,111.43599999999999,111.89,112.06,55.04,0.71,0.21,0.5,扬农化工,化学原料和化学制品制造业,主板,114.23749999999986,113.52499999999992,112.53750000000012,111.68062500000002,111.01531914893604
600486,2021-07-16,114.0,110.81,114.91,109.6,114.72,39048.8,435098000.0,113.55,113.15,111.49249999999999,111.86,111.92,47.55,0.5,0.27,0.23,扬农化工,化学原料和化学制品制造业,主板,113.69499999999985,113.09749999999991,112.45750000000011,112.02375000000002,111.05914893617009
600486,2021-07-19,109.5,117.33,118.25,109.5,110.81,52022.2,601463000.0,114.42,113.63,111.8475,111.99,111.9,57.85,0.83,0.38,0.45,扬农化工,化学原料和化学制品制造业,主板,114.66499999999986,113.63874999999992,113.0550000000001,112.60187500000002,111.25787234042541
600486,2021-07-20,115.33,116.12,117.42,114.81,117.33,25278.3,293538000.0,114.96,113.82,111.96349999999998,112.06,111.84,55.66,1.0,0.5,0.5,扬农化工,化学原料和化学制品制造业,主板,114.74499999999988,114.14124999999991,113.74833333333343,112.89875000000004,111.4519148936169
600486,2021-07-21,116.13,120.32,121.14,115.21,116.12,38699.7,461836000.0,115.86,114.56,112.5735,112.35,111.85,61.15,1.45,0.69,0.76,扬农化工,化学原料和化学制品制造业,主板,116.14499999999987,115.19124999999993,114.39833333333343,113.43937500000003,111.71234042553179
600486,2021-07-22,120.66,119.9,122.6,117.88,120.32,24626.8,294182000.0,116.9,115.34,113.30249999999998,112.69,111.83,60.34,1.74,0.9,0.84,扬农化工,化学原料和化学制品制造业,主板,118.41749999999986,116.05624999999992,114.87083333333344,113.94750000000003,111.90702127659561
600486,2021-07-23,119.6,119.11,121.65,117.51,119.9,24781.4,296331000.0,118.56,116.05,113.854,112.73,111.78,58.78,1.9,1.1,0.8,扬农化工,化学原料和化学制品制造业,主板,118.86249999999986,116.7637499999999,115.3800000000001,114.50687500000002,112.11234042553177
600486,2021-07-26,119.1,117.7,120.7,114.48,119.11,32401.8,379780000.0,118.63,116.53,114.17049999999999,112.84,111.88,55.99,1.88,1.26,0.62,扬农化工,化学原料和化学制品制造业,主板,119.25749999999985,117.00124999999991,115.84666666666676,115.12562500000003,112.29319148936156
600486,2021-07-27,116.92,114.52,120.55,114.46,117.7,26099.4,305409000.0,118.31,116.63,114.31299999999999,112.96,111.88,50.2,1.6,1.33,0.27,扬农化工,化学原料和化学制品制造业,主板,117.80749999999985,116.97624999999991,116.06333333333343,115.25062500000003,112.41127659574454
600486,2021-07-28,113.0,118.0,118.3,113.0,114.52,26685.8,308743000.0,117.85,116.85,114.62449999999998,113.15,111.91,55.61,1.64,1.39,0.25,扬农化工,化学原料和化学制品制造业,主板,117.33249999999984,117.87499999999991,116.48166666666675,115.48625000000003,112.71191489361689
600486,2021-07-29,119.0,127.67,129.68,118.51,118.0,43990.7,555288000.0,119.4,118.15,115.5,113.67,112.17,66.5,2.42,1.59,0.83,扬农化工,化学原料和化学制品制造业,主板,119.47249999999983,119.16749999999992,117.66666666666676,116.40312500000003,113.11212765957434
600486,2021-07-30,127.31,125.55,128.99,123.27,127.67,24911.9,313240000.0,120.69,119.62,116.3875,114.2,112.38,62.86,2.83,1.84,0.99,扬农化工,化学原料和化学制品制造业,主板,121.43499999999982,120.34624999999993,118.47916666666676,117.24375000000003,113.42170212765946
600486,2021-08-02,124.43,135.0,135.1,124.43,125.55,41350.6,545510000.0,124.15,121.39,117.5115,115.03,112.78,70.59,3.88,2.25,1.63,扬农化工,化学原料和化学制品制造业,主板,126.55499999999984,122.18124999999995,120.16916666666675,118.68625000000003,113.98340425531902
600486,2021-08-03,134.02,138.76,139.99,132.5,135.0,31838.0,433493000.0,129.0,123.65,118.73799999999999,115.86,113.31,73.0,4.95,2.79,2.16,扬农化工,化学原料和化学制品制造业,主板,131.74499999999983,124.53874999999995,122.49833333333343,120.29750000000003,114.54553191489349
600486,2021-08-04,138.0,138.5,140.09,135.42,138.76,29905.4,409926000.0,133.1,125.47,120.01299999999999,116.87,113.8,72.55,5.72,3.38,2.34,扬农化工,化学原料和化学制品制造业,主板,134.45249999999984,126.96249999999993,124.2625000000001,121.86312500000001,115.17042553191476
600486,2021-08-05,136.94,133.75,137.7,132.88,138.5,20981.9,282437000.0,134.31,126.86,121.09549999999999,117.82,114.23,64.82,5.88,3.88,2.0,扬农化工,化学原料和化学制品制造业,主板,136.50249999999986,128.96874999999991,125.73166666666675,122.98500000000003,115.66702127659562
600486,2021-08-06,133.31,134.35,134.75,130.5,133.75,16696.6,221003000.0,136.07,128.38,122.21699999999998,118.7,114.69,65.33,5.97,4.3,1.67,扬农化工,化学原料和化学制品制造业,主板,136.33999999999986,131.4474999999999,126.90083333333342,124.21187500000003,116.0687234042552
600486,2021-08-09,132.0,131.72,134.29,131.0,134.35,14219.5,188019000.0,135.42,129.78,123.15399999999997,119.37,115.08,61.2,5.78,4.59,1.19,扬农化工,化学原料和化学制品制造业,主板,134.57999999999987,133.1624999999999,127.88583333333342,125.51875000000004,116.50808510638286
600486,2021-08-10,131.8,133.21,136.36,131.0,131.72,14882.2,198775000.0,134.31,131.65,124.14199999999998,120.09,115.46,62.64,5.68,4.81,0.87,扬农化工,化学原料和化学制品制造业,主板,133.25749999999988,133.8549999999999,129.06083333333342,126.51125000000005,116.96255319148923
600486,2021-08-11,132.8,129.48,133.08,126.42,133.21,26145.9,337544000.0,132.5,132.8,124.82599999999998,120.68,115.79,56.94,5.24,4.9,0.34,扬农化工,化学原料和化学制品制造业,主板,132.18999999999988,134.3462499999999,130.0425000000001,127.34625000000005,117.30765957446795
600486,2021-08-12,128.94,132.0,135.3,128.45,129.48,16222.6,213651000.0,132.15,133.23,125.68999999999998,121.41,116.17,59.62,5.03,4.92,0.11,扬农化工,化学原料和化学制品制造业,主板,131.60249999999988,133.9712499999999,131.49916666666675,128.07625000000004,117.69106382978711
600486,2021-08-13,131.23,129.3,131.67,127.63,132.0,18507.6,238598000.0,131.14,133.61,126.61449999999999,122.13,116.51,55.63,4.6,4.86,-0.26,扬农化工,化学原料和化学制品制造业,主板,130.9974999999999,132.7887499999999,132.44083333333342,128.66375000000005,118.06297872340414
600486,2021-08-16,130.0,133.96,134.97,128.9,129.3,23779.6,316421000.0,131.59,133.5,127.446,122.84,117.01,60.53,4.58,4.8,-0.22,扬农化工,化学原料和化学制品制造业,主板,131.1849999999999,132.2212499999999,132.9650000000001,129.59187500000004,118.58085106382967
600486,2021-08-17,135.0,132.15,136.5,131.49,133.96,18730.5,249439000.0,131.38,132.84,128.2475,123.44,117.4,57.86,4.36,4.71,-0.35,扬农化工,化学原料和化学制品制造业,主板,131.85249999999988,132.02124999999992,133.5150000000001,130.49500000000006,118.88446808510626
600486,2021-08-18,133.0,130.68,133.5,126.0,132.15,22236.7,286191000.0,131.62,132.06,128.7655,124.03,117.73,55.71,4.04,4.58,-0.54,扬农化工,化学原料和化学制品制造业,主板,131.52249999999987,131.56249999999994,133.15500000000011,131.50500000000005,119.2287234042552
600486,2021-08-19,127.5,126.3,132.0,124.33,130.68,27974.3,353277000.0,130.48,131.32,129.0855,124.5,118.02,49.77,3.38,4.34,-0.96,扬农化工,化学原料和化学制品制造业,主板,130.77249999999987,130.88499999999993,132.11666666666676,132.02375000000006,119.55446808510628
600486,2021-08-20,125.79,124.33,125.79,120.51,126.3,22040.8,271317000.0,129.48,130.31,129.3465,124.92,118.22,47.32,2.67,4.01,-1.34,扬农化工,化学原料和化学制品制造业,主板,128.36499999999987,129.77499999999992,130.93583333333342,131.81500000000005,119.8136170212765
600486,2021-08-23,124.33,125.02,125.6,122.22,124.33,16587.3,205788000.0,127.7,129.64,129.7125,125.32,118.49,48.28,2.13,3.63,-1.5,扬农化工,化学原料和化学制品制造业,主板,126.58249999999987,129.21749999999992,130.20833333333343,131.78187500000004,120.09063829787225
600486,2021-08-24,121.0,127.5,128.66,115.12,125.02,51691.9,639531000.0,126.77,129.07,130.3615,125.79,118.77,51.68,1.89,3.28,-1.39,扬农化工,化学原料和化学制品制造业,主板,125.78749999999987,128.65499999999992,129.6375000000001,131.31312500000004,120.46978723404246
600486,2021-08-25,125.88,126.45,127.77,122.8,127.5,18241.3,228444000.0,125.92,128.77,130.784,126.14,118.96,50.18,1.6,2.95,-1.35,扬农化工,化学原料和化学制品制造业,主板,125.82499999999986,128.29874999999993,129.19833333333344,130.54375000000005,120.81489361702118
600486,2021-08-26,125.95,119.15,125.95,118.8,126.45,24419.0,295062000.0,124.49,127.48,130.358,126.29,119.09,41.2,0.76,2.51,-1.75,扬农化工,化学原料和化学制品制造业,主板,124.52999999999987,126.44749999999993,128.02666666666678,129.33437500000005,120.92872340425521
600486,2021-08-27,119.11,119.97,123.5,117.74,119.15,31085.0,372226000.0,123.62,126.55,130.07899999999998,126.59,119.23,42.44,0.16,2.04,-1.88,扬农化工,化学原料和化学制品制造业,主板,123.26749999999987,124.92499999999994,127.23416666666678,128.47312500000004,121.18085106382969
600486,2021-08-30,119.97,120.26,122.5,117.53,119.97,14556.7,175117000.0,122.67,125.18,129.34199999999998,126.69,119.34,42.9,-0.28,1.58,-1.86,扬农化工,化学原料和化学制品制造业,主板,121.45749999999987,123.62249999999995,126.25583333333344,127.59250000000006,121.49872340425523
600486,2021-08-31,119.11,120.1,121.0,118.05,120.26,10618.1,126754000.0,121.19,123.98,128.40899999999996,126.82,119.44,42.7,-0.63,1.13,-1.76,扬农化工,化学原料和化学制品制造业,主板,119.86999999999988,122.84749999999994,125.48916666666678,126.86625000000005,121.75446808510631
600486,2021-09-01,121.16,118.9,123.16,118.02,120.1,17853.3,214546000.0,119.68,122.8,127.42899999999997,126.78,119.56,41.13,-1.0,0.71,-1.71,扬农化工,化学原料和化学制品制造业,主板,119.80749999999989,122.16874999999995,124.23416666666678,125.97187500000004,121.91468085106375
600486,2021-09-02,118.1,123.32,123.59,118.06,118.9,17723.7,216208000.0,120.51,122.5,126.90749999999998,126.89,119.79,48.63,-0.93,0.38,-1.31,扬农化工,化学原料和化学制品制造业,主板,120.64499999999987,121.95624999999995,123.49833333333343,125.58687500000005,122.16255319148927
600486,2021-09-03,122.76,123.01,124.5,121.6,123.32,11104.9,136638000.0,121.12,122.37,126.34049999999999,127.02,119.88,48.17,-0.88,0.13,-1.01,扬农化工,化学原料和化学制品制造业,主板,121.33249999999987,121.39499999999995,122.85916666666675,125.02500000000006,122.40170212765948
600486,2021-09-06,122.56,125.11,126.0,120.91,123.01,15375.2,190398000.0,122.09,122.38,126.01000000000002,127.27,120.05,51.54,-0.68,-0.03,-0.65,扬农化工,化学原料和化学制品制造业,主板,122.58499999999987,121.22749999999994,122.76000000000009,124.76312500000007,122.71978723404246
600486,2021-09-07,125.06,127.55,128.2,123.5,125.11,13925.5,175765000.0,123.58,122.38,125.72700000000002,127.7,120.33,55.19,-0.3,-0.09,-0.21,扬农化工,化学原料和化学制品制造业,主板,124.74749999999986,122.27749999999993,123.02833333333342,124.36250000000007,123.1399999999999
600486,2021-09-08,125.0,122.71,125.88,121.37,127.55,23734.2,292005000.0,124.34,122.01,125.38850000000002,127.86,120.5,47.54,-0.4,-0.15,-0.25,扬农化工,化学原料和化学制品制造业,主板,124.59499999999987,122.61999999999992,122.83583333333343,123.77250000000006,123.35680851063819
600486,2021-09-09,122.0,123.18,124.85,121.38,122.71,12706.6,156384000.0,124.31,122.41,124.94750000000002,127.71,120.69,48.29,-0.43,-0.21,-0.22,扬农化工,化学原料和化学制品制造业,主板,124.63749999999987,122.98499999999993,122.47583333333343,123.30375000000005,123.5472340425531
600486,2021-09-10,122.77,122.14,126.65,121.55,123.18,13904.0,171714000.0,124.14,122.63,124.5895,127.6,120.9,46.7,-0.53,-0.27,-0.26,扬农化工,化学原料和化学制品制造业,主板,123.89499999999987,123.23999999999994,122.11666666666677,123.04375000000006,123.7417021276595
600486,2021-09-13,121.17,118.86,122.74,117.28,122.14,18694.3,222740000.0,122.89,122.49,123.8345,127.06,121.04,42.01,-0.87,-0.39,-0.48,扬农化工,化学原料和化学制品制造业,主板,121.72249999999987,123.23499999999994,122.09250000000009,122.70187500000006,123.88553191489352
600486,2021-09-14,118.12,122.0,124.86,118.0,118.86,22230.0,271199000.0,121.78,122.68,123.327,126.5,121.18,47.45,-0.87,-0.49,-0.38,扬农化工,化学原料和化学制品制造业,主板,121.54499999999986,123.06999999999996,122.26166666666676,122.51312500000006,124.0999999999999
600486,2021-09-15,121.68,118.0,122.47,117.5,122.0,17415.4,206872000.0,120.84,122.59,122.69300000000001,125.82,121.34,42.04,-1.18,-0.63,-0.55,扬农化工,化学原料和化学制品制造业,主板,120.24999999999984,122.44374999999997,122.07333333333342,121.91937500000006,124.20680851063821
600486,2021-09-16,117.46,117.2,120.68,116.5,118.0,14634.8,172523000.0,119.64,121.98,122.23799999999999,125.26,121.54,41.03,-1.48,-0.8,-0.68,扬农化工,化学原料和化学制品制造业,主板,119.01499999999984,121.45499999999997,121.83166666666676,121.34125000000004,124.28659574468075
600486,2021-09-17,117.27,113.2,117.71,112.0,117.2,19703.5,224126000.0,117.85,121.0,121.68149999999999,124.56,121.63,36.34,-2.01,-1.04,-0.97,扬农化工,化学原料和化学制品制造业,主板,117.59999999999985,119.66124999999997,121.35666666666675,120.96937500000004,124.23127659574457
600486,2021-09-22,111.82,113.39,114.84,111.4,113.2,9400.89,106994000.0,116.76,119.82,121.09999999999998,123.95,121.66,36.71,-2.39,-1.31,-1.08,扬农化工,化学原料和化学制品制造业,主板,115.44749999999985,118.49624999999997,120.52916666666677,120.55812500000003,124.20297872340416
600486,2021-09-23,113.43,112.5,114.54,111.8,113.39,10077.6,113748000.0,114.86,118.32,120.34999999999998,123.26,121.67,35.66,-2.73,-1.59,-1.14,扬农化工,化学原料和化学制品制造业,主板,114.07249999999985,117.16124999999997,119.65333333333344,120.07312500000003,124.23893617021265
600486,2021-09-24,111.52,110.91,112.34,108.7,112.5,13136.2,144762000.0,113.44,117.14,119.57299999999998,122.64,121.66,33.81,-3.1,-1.89,-1.21,扬农化工,化学原料和化学制品制造业,主板,112.49999999999984,115.75749999999998,118.47000000000013,119.49875000000004,124.1023404255318
600486,2021-09-27,110.26,111.12,112.48,109.56,110.91,11546.2,128558000.0,112.22,115.93,119.17149999999997,121.94,121.68,34.29,-3.33,-2.18,-1.15,扬农化工,化学原料和化学制品制造业,主板,111.97999999999986,114.78999999999998,117.10083333333347,119.01250000000005,123.9959574468084
600486,2021-09-28,110.24,108.09,111.12,107.97,111.12,9782.37,106467000.0,111.2,114.53,118.57749999999999,121.24,121.68,30.78,-3.71,-2.49,-1.22,扬农化工,化学原料和化学制品制造业,主板,110.65499999999986,113.05124999999998,115.88250000000012,118.06062500000004,123.73574468085097
600486,2021-09-29,107.5,107.73,108.5,105.02,108.09,13302.3,141605000.0,110.07,113.41,117.95099999999998,120.36,121.6,30.38,-4.0,-2.79,-1.21,扬农化工,化学原料和化学制品制造业,主板,109.46249999999986,111.76749999999998,114.59500000000013,117.10562500000005,123.4768085106382
600486,2021-09-30,107.63,104.85,107.8,104.34,107.73,14938.7,157191000.0,108.54,111.7,117.18849999999998,119.45,121.45,27.34,-4.41,-3.11,-1.3,扬农化工,化学原料和化学制品制造业,主板,107.94749999999988,110.22374999999998,113.15416666666677,115.83937500000005,123.17340425531907
600486,2021-10-08,105.01,104.13,105.35,103.21,104.85,12611.0,131116000.0,107.18,110.31,116.44999999999997,118.57,121.3,26.62,-4.74,-3.44,-1.3,扬农化工,化学原料和化学制品制造业,主板,106.19999999999987,109.08999999999997,111.92666666666679,114.37562500000006,122.88468085106375
600486,2021-10-11,104.7,106.39,107.1,103.8,104.13,14385.2,152272000.0,106.24,109.23,115.60349999999997,117.9,121.2,32.6,-4.76,-3.7,-1.06,扬农化工,化学原料和化学制品制造业,主板,105.77499999999986,108.21499999999997,110.62583333333346,113.35562500000006,122.71170212765949
600486,2021-10-12,106.39,108.03,109.7,105.31,106.39,14768.7,159697000.0,106.23,108.71,114.85449999999996,117.36,121.14,36.64,-4.6,-3.88,-0.72,扬农化工,化学原料和化学制品制造业,主板,105.84999999999985,107.65624999999997,109.79500000000013,112.40875000000005,122.49957446808502
600486,2021-10-13,107.88,111.5,113.0,107.09,108.03,12246.6,136237000.0,106.98,108.52,114.17399999999995,116.91,121.11,44.26,-4.14,-3.93,-0.21,扬农化工,化学原料和化学制品制造业,主板,107.51249999999985,107.72999999999998,109.32000000000012,111.74375000000005,122.15553191489353
600486,2021-10-14,111.98,112.32,112.95,109.5,111.5,9976.11,111267000.0,108.47,108.51,113.41249999999995,116.4,121.09,45.91,-3.67,-3.88,0.21,扬农化工,化学原料和化学制品制造业,主板,109.55999999999986,107.87999999999998,109.24666666666678,111.33500000000005,121.87404255319139
600486,2021-10-15,112.21,114.89,116.8,110.77,112.32,15297.3,175792000.0,110.63,108.9,113.02149999999995,116.02,121.08,50.84,-3.05,-3.72,0.67,扬农化工,化学原料和化学制品制造业,主板,111.68499999999986,108.72999999999998,109.37166666666678,110.89062500000006,121.44617021276586
600486,2021-10-18,115.29,115.92,117.47,113.23,114.89,12348.3,143031000.0,112.53,109.38,112.65849999999996,115.91,121.1,52.7,-2.45,-3.46,1.01,扬农化工,化学原料和化学制品制造业,主板,113.65749999999986,109.75374999999997,109.6566666666668,110.76062500000006,120.96021276595735
600486,2021-10-19,115.92,116.17,117.63,115.0,115.92,10589.1,123164000.0,114.16,110.19,112.35999999999997,115.78,121.19,53.16,-1.93,-3.16,1.23,扬农化工,化学原料和化学制品制造业,主板,114.82499999999985,111.16874999999996,110.09500000000013,110.69625000000006,120.48510638297863
600486,2021-10-20,116.82,116.55,117.0,114.2,116.17,12864.6,149076000.0,115.17,111.08,112.24449999999997,115.66,121.18,53.9,-1.47,-2.82,1.35,扬农化工,化学原料和化学制品制造业,主板,115.88249999999984,112.72124999999996,110.54750000000013,110.90562500000006,120.11914893617012
600486,2021-10-21,117.0,114.7,117.65,112.6,116.55,14435.7,164832000.0,115.65,112.06,111.87949999999996,115.48,121.15,49.78,-1.24,-2.5,1.26,扬农化工,化学原料和化学制品制造业,主板,115.83499999999984,113.75999999999996,111.09833333333347,110.98750000000005,119.70106382978713
600486,2021-10-22,115.88,114.41,116.01,114.1,114.7,8127.83,93396100.0,115.55,113.09,111.69999999999996,115.33,121.05,49.15,-1.07,-2.22,1.15,扬农化工,化学原料和化学制品制造业,主板,115.45749999999983,114.55749999999998,111.65500000000014,111.10687500000006,119.3327659574467
600486,2021-10-25,113.95,114.44,115.0,113.01,114.41,8710.77,99378400.0,115.25,113.89,111.56199999999997,115.03,120.96,49.22,-0.93,-1.96,1.03,扬农化工,化学原料和化学制品制造业,主板,115.02499999999982,114.92499999999998,112.45416666666682,111.32750000000006,118.93340425531903
600486,2021-10-26,114.49,116.14,118.9,114.41,114.44,18364.5,213533000.0,115.25,114.7,111.70899999999997,114.8,120.91,53.26,-0.66,-1.7,1.04,扬农化工,化学原料和化学制品制造业,主板,114.92249999999983,115.4025,113.45500000000015,111.64125000000007,118.649574468085
600486,2021-10-27,115.82,113.76,116.08,111.8,116.14,13429.4,151984000.0,114.69,114.93,111.72749999999999,114.43,120.85,47.56,-0.64,-1.49,0.85,扬农化工,化学原料和化学制品制造业,主板,114.68749999999984,115.26125,114.06916666666682,111.99562500000008,118.26148936170203
600486,2021-10-28,113.03,115.07,115.98,113.01,113.76,13609.8,155696000.0,114.76,115.2,111.856,114.01,120.86,50.69,-0.5,-1.29,0.79,扬农化工,化学原料和化学制品制造业,主板,114.85249999999985,115.15500000000002,114.65583333333348,112.45437500000007,117.95872340425521
600486,2021-10-29,114.37,117.77,118.28,114.12,115.07,15648.1,182279000.0,115.44,115.49,112.199,113.85,120.85,56.45,-0.18,-1.07,0.89,扬农化工,化学原料和化学制品制造业,主板,115.68499999999985,115.35500000000003,115.17833333333347,113.26187500000007,117.61425531914884
600486,2021-11-01,118.08,119.26,120.12,116.0,117.77,11556.8,137322000.0,116.4,115.83,112.60600000000002,113.71,120.71,59.28,0.19,-0.82,1.01,扬农化工,化学原料和化学制品制造业,主板,116.46499999999986,115.69375000000005,115.75666666666682,114.20750000000007,117.33999999999992
600486,2021-11-02,119.28,122.35,124.9,118.01,119.26,17157.3,210505000.0,117.64,116.44,113.319,113.72,120.66,64.44,0.72,-0.51,1.23,扬农化工,化学原料和化学制品制造业,主板,118.61249999999987,116.65000000000003,116.37833333333346,115.20500000000006,117.16276595744672
600486,2021-11-03,122.35,121.37,123.39,119.56,122.35,11939.0,144642000.0,119.16,116.93,114.001,113.81,120.43,61.77,1.06,-0.2,1.26,扬农化工,化学原料和化学制品制造业,主板,120.18749999999987,117.52000000000002,116.83250000000014,116.03875000000006,117.05787234042545
600486,2021-11-04,120.81,123.4,123.99,119.0,121.37,15541.5,189837000.0,120.83,117.8,114.92850000000001,113.85,120.18,65.01,1.47,0.14,1.33,扬农化工,化学原料和化学制品制造业,主板,121.59499999999989,118.64000000000001,117.43500000000013,116.78250000000007,117.03808510638288
600486,2021-11-05,123.3,122.61,123.3,119.11,123.4,11877.6,144404000.0,121.8,118.62,115.8525,114.01,119.91,62.78,1.72,0.45,1.27,扬农化工,化学原料和化学制品制造业,主板,122.43249999999989,119.44875,117.94000000000013,117.42562500000007,116.98680851063818
600486,2021-11-08,122.34,120.8,122.99,119.77,122.61,6613.34,79843300.0,122.11,119.25,116.57300000000002,114.13,119.69,57.88,1.74,0.71,1.03,扬农化工,化学原料和化学制品制造业,主板,122.04499999999987,120.32875000000001,118.44833333333345,117.79500000000006,116.84425531914883
600486,2021-11-09,120.75,120.11,121.21,117.2,120.8,13191.0,157072000.0,121.66,119.65,117.17700000000002,114.36,119.46,56.09,1.69,0.91,0.78,扬农化工,化学原料和化学制品制造业,主板,121.72999999999988,120.95875000000001,118.92333333333345,118.05687500000005,116.70936170212755
600486,2021-11-10,119.58,117.54,121.1,116.81,120.11,17796.9,210524000.0,120.89,120.03,117.47900000000001,114.49,119.22,49.88,1.42,1.01,0.41,扬农化工,化学原料和化学制品制造业,主板,120.26499999999987,120.93,119.18166666666677,118.14250000000004,116.67510638297861
600486,2021-11-11,117.36,118.57,120.45,116.8,117.54,12155.4,144299000.0,119.93,120.38,117.79150000000001,114.7,118.98,52.16,1.28,1.06,0.22,扬农化工,化学原料和化学制品制造业,主板,119.25499999999985,120.84375,119.38416666666676,118.26875000000004,116.64531914893605
600486,2021-11-12,118.58,118.62,121.49,117.17,118.57,11797.5,140163000.0,119.13,120.46,117.97800000000002,114.95,118.8,52.28,1.16,1.08,0.08,扬农化工,化学原料和化学制品制造业,主板,118.70999999999985,120.37749999999998,119.78916666666674,118.51375000000003,116.61042553191477
600486,2021-11-15,120.0,122.83,129.39,118.94,118.62,36959.5,461542000.0,119.53,120.82,118.32350000000001,115.34,118.64,60.74,1.38,1.14,0.24,扬农化工,化学原料和化学制品制造业,主板,119.38999999999984,120.55999999999999,120.4358333333334,119.04000000000002,116.66851063829773
600486,2021-11-16,123.95,123.36,124.92,122.48,122.83,10664.0,131874000.0,120.18,120.92,118.68300000000002,115.85,118.54,61.66,1.59,1.23,0.36,扬农化工,化学原料和化学制品制造业,主板,120.84499999999984,120.55499999999999,120.90166666666674,119.59750000000001,116.76340425531902
600486,2021-11-17,123.16,121.83,123.98,121.66,123.36,8401.72,102740000.0,121.04,120.97,118.947,116.32,118.34,57.47,1.6,1.31,0.29,扬农化工,化学原料和化学制品制造业,主板,121.65999999999984,120.4575,121.1158333333334,119.953125,116.73170212765945
600486,2021-11-18,122.4,119.8,122.4,119.5,121.83,8138.74,97794600.0,121.29,120.61,119.20200000000003,116.82,118.14,52.38,1.44,1.33,0.11,扬农化工,化学原料和化学制品制造业,主板,121.95499999999984,120.33250000000001,120.9033333333334,120.330625,116.66340425531902
600486,2021-11-19,119.5,124.58,124.6,119.5,119.8,11989.7,147933000.0,122.48,120.8,119.71050000000002,117.5,118.03,61.11,1.68,1.4,0.28,扬农化工,化学原料和化学制品制造业,主板,122.39249999999986,120.89125,121.17083333333339,120.925,116.65212765957435
600486,2021-11-22,123.68,124.58,126.28,122.88,124.58,12038.1,149642000.0,122.83,121.18,120.21750000000002,118.11,118.01,61.11,1.85,1.49,0.36,扬农化工,化学原料和化学制品制造业,主板,122.69749999999985,121.77125000000001,121.2691666666667,121.35062500000001,116.58893617021263
600486,2021-11-23,124.2,124.4,125.49,124.07,124.58,11197.7,139857000.0,123.04,121.61,120.63050000000003,118.66,118.01,60.63,1.94,1.58,0.36,扬农化工,化学原料和化学制品制造业,主板,123.33999999999985,122.50000000000003,121.4183333333334,121.67187500000001,116.62489361702114
600486,2021-11-24,124.66,128.58,130.3,123.25,124.4,16850.5,214199000.0,124.39,122.72,121.37150000000001,119.22,118.07,67.16,2.32,1.73,0.59,扬农化工,化学原料和化学制品制造业,主板,125.53499999999984,123.74500000000002,122.06666666666672,122.06125000000003,116.73978723404241
600486,2021-11-25,129.5,127.38,132.0,125.48,128.58,13310.3,170202000.0,125.9,123.6,121.98700000000001,119.73,118.06,63.88,2.5,1.88,0.62,扬农化工,化学原料和化学制品制造业,主板,126.23499999999983,124.31375000000001,122.67250000000007,122.43687500000004,116.85127659574454
600486,2021-11-26,127.17,126.88,129.39,125.2,127.38,12712.4,161986000.0,126.36,124.42,122.44250000000002,120.13,118.07,62.51,2.58,2.02,0.56,扬农化工,化学原料和化学制品制造业,主板,126.80999999999982,124.75375000000001,123.45083333333339,122.65437500000004,117.02191489361688
600486,2021-11-29,126.75,130.77,131.49,125.45,126.88,15673.3,202766000.0,127.6,125.22,123.018,120.62,118.27,68.22,2.92,2.2,0.72,扬农化工,化学原料和化学制品制造业,主板,128.40249999999983,125.87125000000002,124.46750000000007,123.16437500000005,117.20851063829774
600486,2021-11-30,131.73,132.5,133.0,128.57,130.77,14034.0,184666000.0,129.22,126.13,123.52550000000001,121.17,118.47,70.38,3.28,2.42,0.86,扬农化工,化学原料和化学制品制造业,主板,129.38249999999982,127.45875000000004,125.62416666666672,123.89562500000007,117.51702127659561
600486,2021-12-01,132.1,134.5,134.99,130.82,132.5,11105.9,147845000.0,130.41,127.4,124.18200000000002,121.76,118.71,72.68,3.7,2.67,1.03,扬农化工,化学原料和化学制品制造业,主板,131.16249999999982,128.69875000000005,126.59666666666674,124.79500000000006,117.88510638297859
600486,2021-12-02,134.19,130.28,134.19,128.8,134.5,11773.3,154133000.0,130.99,128.44,124.52600000000002,122.28,118.88,61.75,3.64,2.87,0.77,扬农化工,化学原料和化学制品制造业,主板,132.01249999999982,129.41125000000005,127.1733333333334,125.59125000000006,118.24851063829774
600486,2021-12-03,129.6,131.5,131.88,129.01,130.28,9626.09,125979000.0,131.91,129.14,124.97050000000002,122.85,119.09,63.46,3.65,3.02,0.63,扬农化工,化学原料和化学制品制造业,主板,132.19499999999982,130.29875000000004,127.97916666666674,126.39937500000006,118.6338297872339
600486,2021-12-06,131.5,131.42,132.37,130.3,131.5,6470.73,84982300.0,132.04,129.82,125.50150000000001,123.42,119.23,63.26,3.61,3.14,0.47,扬农化工,化学原料和化学制品制造业,主板,131.9249999999998,130.65375000000006,128.94750000000008,127.19937500000006,119.03638297872327
600486,2021-12-07,131.27,131.0,131.88,128.52,131.42,9928.67,129564000.0,131.74,130.48,126.046,123.91,119.36,62.15,3.51,3.21,0.3,扬农化工,化学原料和化学制品制造业,主板,131.0499999999998,131.10625000000005,129.4825000000001,127.71000000000006,119.4638297872339
600486,2021-12-08,130.05,132.88,133.0,127.0,131.0,11078.4,145118000.0,131.42,130.91,126.81300000000002,124.55,119.49,65.1,3.53,3.28,0.25,扬农化工,化学原料和化学制品制造业,主板,131.69999999999982,131.85625000000005,130.17416666666676,128.30500000000006,119.92680851063817
600486,2021-12-09,131.98,130.42,133.49,129.2,132.88,12599.9,164391000.0,131.44,131.22,127.4055,125.06,119.54,58.66,3.32,3.29,0.03,扬农化工,化学原料和化学制品制造业,主板,131.4299999999998,131.81250000000006,130.67583333333343,128.84187500000007,120.40191489361689
600486,2021-12-10,130.55,131.66,131.88,128.9,130.42,16209.5,211349000.0,131.48,131.69,128.0575,125.53,119.69,60.77,3.21,3.27,-0.06,扬农化工,化学原料和化学制品制造业,主板,131.4899999999998,131.70750000000007,130.9325000000001,129.58312500000005,120.91106382978711
600486,2021-12-13,131.66,135.0,136.66,130.2,131.66,18158.2,244877000.0,132.19,132.12,128.666,126.05,119.88,65.82,3.36,3.29,0.07,扬农化工,化学原料和化学制品制造业,主板,132.4899999999998,131.77000000000007,131.5675000000001,130.23437500000006,121.55255319148924
600486,2021-12-14,134.0,132.26,134.87,130.55,135.0,7104.77,93963600.0,132.44,132.09,129.111,126.38,120.05,59.1,3.21,3.27,-0.06,扬农化工,化学原料和化学制品制造业,主板,132.3349999999998,132.01750000000007,132.01583333333346,130.71437500000008,122.1510638297871
600486,2021-12-15,131.19,130.4,134.49,130.31,132.26,10760.2,141882000.0,131.95,131.68,129.5395,126.68,120.24,55.0,2.92,3.2,-0.28,扬农化工,化学原料和化学制品制造业,主板,132.3299999999998,131.88000000000008,131.98500000000013,131.08937500000008,122.66191489361688
600486,2021-12-16,131.75,134.61,137.6,130.0,130.4,18447.0,249281000.0,132.79,132.12,130.28,127.06,120.45,61.51,2.98,3.16,-0.18,扬农化工,化学原料和化学制品制造业,主板,133.06749999999982,132.27875000000006,132.16083333333347,131.4662500000001,123.22744680851049
600486,2021-12-17,133.8,135.9,137.0,133.29,134.61,10907.7,148112000.0,133.63,132.56,130.846,127.5,120.75,63.26,3.11,3.15,-0.04,扬农化工,化学原料和化学制品制造业,主板,133.29249999999982,132.89125000000007,132.27750000000015,131.9987500000001,123.7465957446807
600486,2021-12-20,135.96,136.49,137.8,134.33,135.9,9126.83,124211000.0,133.93,133.06,131.4415,128.02,121.07,64.07,3.22,3.16,0.06,扬农化工,化学原料和化学制品制造业,主板,134.34999999999982,133.3425000000001,132.79500000000016,132.59937500000007,124.26085106382963
600486,2021-12-21,135.4,138.5,140.58,135.01,136.49,14730.1,204442000.0,135.18,133.81,132.1465,128.63,121.5,66.75,3.43,3.22,0.21,扬农化工,化学原料和化学制品制造业,主板,136.37499999999983,134.35250000000008,133.37833333333347,133.08250000000007,124.76319148936155
600486,2021-12-22,138.86,139.1,139.67,137.04,138.5,8459.44,117127000.0,136.92,134.43,132.67249999999999,129.35,121.92,67.53,3.6,3.29,0.31,扬农化工,化学原料和化学制品制造业,主板,137.49749999999983,135.28250000000006,134.01833333333346,133.49500000000006,125.25638297872325
600486,2021-12-23,138.57,133.95,139.77,132.7,139.1,20539.6,275725000.0,136.79,134.79,133.00099999999998,129.87,122.28,55.52,3.28,3.29,-0.01,扬农化工,化学原料和化学制品制造业,主板,137.00999999999985,135.15125000000006,134.2641666666668,133.46062500000005,125.63468085106368
600486,2021-12-24,134.03,134.08,134.89,133.02,133.95,10771.3,144275000.0,136.42,135.03,133.36099999999996,130.38,122.67,55.73,3.01,3.23,-0.22,扬农化工,化学原料和化学制品制造业,主板,136.40749999999986,135.37875000000005,134.36416666666682,133.69812500000003,126.00765957446792
600486,2021-12-27,134.06,130.09,134.12,127.77,134.08,18515.4,240880000.0,135.14,134.54,133.32699999999997,130.62,122.98,48.08,2.44,3.08,-0.64,扬农化工,化学原料和化学制品制造业,主板,134.30499999999986,135.34000000000003,134.3366666666668,133.61000000000004,126.33510638297857
600486,2021-12-28,130.87,134.24,135.87,130.81,130.09,19553.6,260321000.0,134.29,134.74,133.414,130.99,123.42,55.0,2.3,2.92,-0.62,扬农化工,化学原料和化学制品制造业,主板,133.08999999999986,135.29375000000005,134.5516666666668,133.78625000000005,126.7570212765956
600486,2021-12-29,132.4,133.2,135.4,131.57,134.24,11360.2,151051000.0,133.11,135.02,133.349,131.36,123.84,53.09,2.08,2.75,-0.67,扬农化工,化学原料和化学制品制造业,主板,132.90249999999986,134.95625000000004,134.40166666666678,133.92375000000004,127.1561702127658
600486,2021-12-30,133.0,131.84,135.5,130.62,133.2,17188.2,226521000.0,132.69,134.74,133.42699999999996,131.77,124.29,50.62,1.77,2.56,-0.79,扬农化工,化学原料和化学制品制造业,主板,132.34249999999986,134.37500000000003,134.3666666666668,133.85875000000004,127.4902127659573
600486,2021-12-31,132.1,131.2,134.17,128.7,131.84,15691.2,204351000.0,132.11,134.27,133.41199999999998,131.99,124.74,49.45,1.47,2.34,-0.87,扬农化工,化学原料和化学制品制造业,主板,132.61999999999986,133.46250000000003,134.43333333333345,133.90750000000003,127.86127659574451
600486,2022-01-04,131.2,124.98,131.21,124.17,131.2,25004.0,315944000.0,131.09,133.12,133.08999999999997,132.0,125.05,39.83,0.71,2.01,-1.3,扬农化工,化学原料和化学制品制造业,主板,130.30499999999986,131.69750000000005,133.63083333333347,133.49000000000004,128.0721276595743
600486,2022-01-05,125.38,123.8,126.05,123.01,124.98,18494.2,230632000.0,129.0,131.65,132.72999999999996,131.98,125.32,38.31,0.01,1.61,-1.6,扬农化工,化学原料和化学制品制造业,主板,127.95499999999986,130.42875000000004,132.62250000000012,132.79000000000005,128.20042553191473
600486,2022-01-06,123.0,124.66,125.66,122.22,123.8,12621.9,156456000.0,127.3,130.2,132.31899999999996,131.85,125.54,40.1,-0.47,1.2,-1.67,扬农化工,化学原料和化学制品制造业,主板,126.15999999999985,129.25125000000006,131.6366666666668,132.31500000000005,128.315319148936
600486,2022-01-07,124.69,124.26,126.21,122.01,124.66,13992.3,173664000.0,125.78,129.24,132.01099999999997,131.75,125.74,39.53,-0.86,0.78,-1.64,扬农化工,化学原料和化学制品制造业,主板,124.42499999999986,128.52250000000006,130.45000000000013,131.93125000000006,128.35595744680833
600486,2022-01-10,123.0,124.56,126.4,122.88,124.26,12488.8,155324000.0,124.45,128.28,131.65599999999998,131.67,125.9,40.22,-1.14,0.4,-1.54,扬农化工,化学原料和化学制品制造业,主板,124.31999999999985,127.31250000000006,129.23833333333346,131.30312500000005,128.42382978723387
600486,2022-01-11,124.39,123.18,125.66,122.59,124.56,9396.4,116058000.0,124.09,127.59,131.06499999999997,131.42,126.02,38.06,-1.46,0.03,-1.49,扬农化工,化学原料和化学制品制造业,主板,124.16499999999984,126.06000000000006,128.34083333333345,130.50812500000004,128.41914893617005
600486,2022-01-12,122.48,125.52,125.96,122.48,123.18,9865.44,123167000.0,124.44,126.72,130.72799999999998,131.18,126.17,43.6,-1.5,-0.28,-1.22,扬农化工,化学原料和化学制品制造业,主板,124.37999999999985,125.27000000000005,127.62750000000013,129.82250000000005,128.4810638297871
600486,2022-01-13,124.78,123.35,126.29,122.88,125.52,10220.1,126781000.0,124.17,125.73,130.37549999999996,130.81,126.29,40.02,-1.69,-0.56,-1.13,扬农化工,化学原料和化学制品制造业,主板,124.15249999999986,124.28875000000005,127.06583333333346,128.87562500000004,128.53531914893603
600486,2022-01-14,123.01,124.1,125.28,122.7,123.35,8590.7,106572000.0,124.14,124.96,129.84999999999997,130.6,126.44,41.8,-1.76,-0.8,-0.96,扬农化工,化学原料和化学制品制造业,主板,124.03749999999987,124.17875000000004,126.22083333333346,127.93812500000004,128.62021276595732
600486,2022-01-17,125.69,128.19,131.98,124.0,124.1,30545.4,393469000.0,124.87,124.66,129.46449999999996,130.49,126.67,50.43,-1.47,-0.93,-0.54,扬农化工,化学原料和化学制品制造业,主板,125.28999999999986,124.72750000000005,125.80333333333346,127.57812500000004,128.84680851063817
600486,2022-01-18,128.94,130.7,132.6,126.61,128.19,20740.2,269296000.0,126.37,125.23,129.17499999999995,130.47,126.94,54.85,-1.03,-0.95,-0.08,扬农化工,化学原料和化学制品制造业,主板,126.58499999999987,125.48250000000006,125.70833333333347,127.36687500000005,129.10489361702113
600486,2022-01-19,131.27,128.4,131.5,125.7,130.7,17713.5,226125000.0,126.95,125.69,128.66999999999996,130.38,127.15,50.41,-0.84,-0.93,0.09,扬农化工,化学原料和化学制品制造业,主板,127.84749999999985,126.00000000000006,125.47500000000014,127.26125000000006,129.31297872340411
600486,2022-01-20,129.22,127.34,130.68,126.41,128.4,20406.4,261216000.0,127.75,125.96,128.08199999999997,130.2,127.38,48.46,-0.78,-0.9,0.12,扬农化工,化学原料和化学制品制造业,主板,128.65749999999986,126.34750000000005,125.6716666666668,126.83000000000006,129.40893617021263
600486,2022-01-21,127.15,126.1,128.8,125.17,127.34,11314.2,143379000.0,128.15,126.14,127.68949999999998,130.06,127.56,46.22,-0.82,-0.88,0.06,扬农化工,化学原料和化学制品制造业,主板,128.13499999999988,126.71250000000003,125.86333333333346,126.38625000000006,129.4672340425531
600486,2022-01-24,125.93,123.7,126.99,122.85,126.1,10928.0,135759000.0,127.25,126.06,127.17049999999998,129.79,127.66,42.14,-1.04,-0.92,-0.12,扬农化工,化学原料和化学制品制造业,主板,126.38499999999989,126.48500000000004,125.78333333333346,125.87750000000007,129.50702127659562
600486,2022-01-25,123.48,121.09,123.9,120.8,123.7,10723.6,131383000.0,125.33,125.85,126.72049999999997,129.33,127.69,38.2,-1.4,-1.01,-0.39,扬农化工,化学原料和化学制品制造业,主板,124.55749999999989,126.20250000000003,125.51916666666678,125.24562500000006,129.53446808510625
600486,2022-01-26,121.02,119.0,121.9,118.32,121.09,12216.0,146146000.0,123.45,125.2,125.95849999999996,128.88,127.63,35.35,-1.84,-1.18,-0.66,扬农化工,化学原料和化学制品制造业,主板,122.47249999999988,125.56500000000004,125.05583333333345,124.87187500000007,129.41574468085093
600486,2022-01-27,118.45,119.37,121.2,117.6,119.0,17961.1,214955000.0,121.85,124.8,125.26699999999997,128.52,127.6,36.25,-2.13,-1.37,-0.76,扬农化工,化学原料和化学制品制造业,主板,120.78999999999988,124.46250000000003,124.73833333333344,124.59500000000007,129.30489361702115
600486,2022-01-28,121.56,117.16,121.56,115.9,119.37,11708.8,138225000.0,120.06,124.1,124.53299999999994,127.93,127.5,33.25,-2.51,-1.6,-0.91,扬农化工,化学原料和化学制品制造业,主板,119.15499999999987,122.77000000000004,124.04166666666679,124.12625000000007,129.15085106382966
600486,2022-02-07,118.52,119.5,121.87,115.78,117.16,14349.1,169737000.0,119.22,123.24,123.94799999999995,127.39,127.44,39.01,-2.59,-1.8,-0.79,扬农化工,化学原料和化学制品制造业,主板,118.75749999999985,121.65750000000004,123.72083333333346,123.82875000000008,128.95765957446798
600486,2022-02-08,119.0,121.29,121.47,118.56,119.5,10381.2,124547000.0,119.26,122.3,123.76349999999995,126.88,127.45,43.06,-2.48,-1.93,-0.55,扬农化工,化学原料和化学制品制造业,主板,119.32999999999984,120.90125000000005,123.48666666666679,123.6243750000001,128.82808510638287
600486,2022-02-09,121.45,122.41,123.18,119.32,121.29,14707.4,178774000.0,119.95,121.7,123.69399999999993,126.35,127.49,45.5,-2.28,-2.0,-0.28,扬农化工,化学原料和化学制品制造业,主板,120.08999999999983,120.44000000000004,123.00500000000012,123.57625000000009,128.73297872340413
600486,2022-02-10,123.27,121.2,123.27,118.81,122.41,7517.5,90673600.0,120.31,121.08,123.52099999999993,125.75,127.55,43.34,-2.19,-2.04,-0.15,扬农化工,化学原料和化学制品制造业,主板,121.09999999999985,120.12750000000003,122.21333333333347,123.30625000000009,128.52936170212752
600486,2022-02-11,120.7,119.09,122.47,118.5,121.2,15115.4,181161000.0,120.7,120.38,123.26249999999993,125.25,127.56,39.79,-2.27,-2.09,-0.18,扬农化工,化学原料和化学制品制造业,主板,120.99749999999986,119.87750000000001,121.43750000000011,123.0400000000001,128.24404255319135
600486,2022-02-14,118.97,123.49,127.2,118.88,119.09,18097.1,224152000.0,121.5,120.36,123.20899999999992,124.9,127.64,49.14,-1.95,-2.06,0.11,扬农化工,化学原料和化学制品制造业,主板,121.54749999999986,120.43875,121.11666666666679,123.0018750000001,128.00978723404242
600486,2022-02-15,122.63,122.22,124.48,121.0,123.49,7065.89,86138600.0,121.68,120.47,123.16099999999992,124.64,127.63,46.87,-1.78,-2.0,0.22,扬农化工,化学原料和化学制品制造业,主板,121.49999999999986,120.795,120.79333333333346,122.62875000000008,127.8382978723403
600486,2022-02-16,122.18,120.69,122.8,120.39,122.22,8581.4,103961000.0,121.34,120.64,122.91949999999993,124.19,127.59,44.23,-1.75,-1.95,0.2,扬农化工,化学原料和化学制品制造业,主板,121.37249999999985,121.23625,120.54250000000013,122.00312500000008,127.60829787234029
600486,2022-02-17,120.7,119.48,120.99,118.2,120.69,8364.12,99827600.0,120.99,120.65,122.72599999999993,123.73,127.55,42.21,-1.8,-1.92,0.12,扬农化工,化学原料和化学制品制造业,主板,121.46999999999983,121.23374999999999,120.40833333333347,121.44562500000006,127.35425531914879
600486,2022-02-18,119.52,118.77,120.5,117.7,119.48,11776.2,139702000.0,120.93,120.81,122.45949999999993,123.29,127.53,41.02,-1.87,-1.91,0.04,扬农化工,化学原料和化学制品制造业,主板,120.28999999999982,120.91874999999999,120.38916666666681,120.91000000000007,127.09404255319136
600486,2022-02-21,119.0,118.6,119.45,117.08,118.77,10543.4,124567000.0,119.95,120.72,121.97999999999993,122.87,127.43,40.73,-1.93,-1.92,-0.01,扬农化工,化学原料和化学制品制造业,主板,119.38499999999982,120.44249999999998,120.32500000000012,120.44125000000008,126.79021276595732
600486,2022-02-22,118.2,119.18,119.3,117.1,118.6,8185.04,96906900.0,119.34,120.51,121.40399999999993,122.68,127.34,42.25,-1.9,-1.91,0.01,扬农化工,化学原料和化学制品制造业,主板,119.00749999999984,120.18999999999997,120.49333333333345,120.15875000000008,126.55106382978711
600486,2022-02-23,119.68,120.6,122.49,119.0,119.18,7587.88,91422600.0,119.33,120.33,121.01399999999992,122.57,127.28,45.93,-1.74,-1.88,0.14,扬农化工,化学原料和化学制品制造业,主板,119.28749999999982,120.37874999999995,120.58500000000011,120.12812500000008,126.31574468085095
600486,2022-02-24,120.21,120.12,121.8,119.39,120.6,9776.2,117557000.0,119.45,120.22,120.6529999999999,122.42,127.14,44.89,-1.64,-1.83,0.19,扬农化工,化学原料和化学制品制造业,主板,119.62499999999983,119.95749999999995,120.48750000000011,120.19812500000009,125.9991489361701
600486,2022-02-25,120.62,123.85,126.91,119.88,120.12,13866.5,172094000.0,120.47,120.7,120.54049999999991,122.41,127.08,53.66,-1.24,-1.71,0.47,扬农化工,化学原料和化学制品制造业,主板,120.93749999999983,120.16124999999994,120.60750000000009,120.47812500000009,125.82021276595734
600486,2022-02-28,124.0,124.37,125.47,122.93,123.85,6980.14,86572100.0,121.62,120.79,120.57399999999991,122.4,127.04,54.75,-0.88,-1.55,0.67,扬农化工,化学原料和化学制品制造业,主板,122.23499999999983,120.62124999999992,120.87166666666677,120.92875000000008,125.69191489361691
600486,2022-03-01,124.0,123.0,125.1,122.6,124.37,4991.95,61624400.0,122.39,120.87,120.6694999999999,122.4,126.91,51.34,-0.69,-1.37,0.68,扬农化工,化学原料和化学制品制造业,主板,122.83499999999984,121.06124999999992,121.1975000000001,121.1475000000001,125.44489361702118
600486,2022-03-02,123.2,123.3,123.94,122.11,123.0,5514.36,67854300.0,122.93,121.13,120.88449999999992,122.32,126.75,52.05,-0.5,-1.2,0.7,扬农化工,化学原料和化学制品制造业,主板,123.62999999999982,121.62749999999991,121.18166666666677,121.2731250000001,125.17680851063821
600486,2022-03-03,123.35,122.49,124.0,122.0,123.3,6335.0,77899600.0,123.4,121.43,121.04049999999991,122.29,126.55,49.95,-0.43,-1.05,0.62,扬农化工,化学原料和化学制品制造业,主板,123.28999999999982,122.11374999999991,121.20416666666677,121.27812500000009,124.87893617021268
600486,2022-03-04,122.61,120.81,122.81,119.77,122.49,8229.37,99406100.0,122.79,121.63,121.22299999999991,122.18,126.39,45.82,-0.49,-0.93,0.44,扬农化工,化学原料和化学制品制造业,主板,122.39999999999984,122.31749999999991,121.21416666666676,121.2537500000001,124.50255319148928
600486,2022-03-07,119.9,117.52,120.59,116.81,120.81,7847.26,92888600.0,121.42,121.52,121.12399999999991,121.83,126.16,39.03,-0.8,-0.91,0.11,扬农化工,化学原料和化学制品制造业,主板,121.02999999999983,121.9324999999999,121.05083333333341,121.15562500000011,124.04340425531907
600486,2022-03-08,117.1,108.79,118.68,108.6,117.52,20275.5,226742000.0,118.58,120.49,120.49899999999991,121.1,125.78,27.41,-1.72,-1.07,-0.65,扬农化工,化学原料和化学制品制造业,主板,117.40249999999982,120.51624999999991,120.21916666666675,120.23687500000011,123.50808510638291
600486,2022-03-09,109.43,103.67,109.44,100.47,108.79,29592.5,309081000.0,114.66,118.79,119.56199999999993,120.27,125.33,23.07,-2.84,-1.42,-1.42,扬农化工,化学原料和化学制品制造业,主板,112.69749999999982,117.9937499999999,118.9750000000001,119.07750000000011,122.86106382978716
600486,2022-03-10,114.04,114.04,114.04,111.0,103.67,21211.5,241620000.0,112.97,118.18,119.20399999999992,119.83,125.01,42.81,-2.86,-1.71,-1.15,扬农化工,化学原料和化学制品制造业,主板,111.00499999999981,116.70249999999992,118.54666666666675,118.66187500000011,122.51957446808503
600486,2022-03-11,113.66,120.01,120.2,112.4,114.04,39419.8,461269000.0,112.81,117.8,119.24999999999993,119.63,124.84,50.66,-2.36,-1.84,-0.52,扬农化工,化学原料和化学制品制造业,主板,111.62749999999983,116.32874999999993,118.4975000000001,118.6950000000001,122.21680851063823
600486,2022-03-14,118.83,120.19,123.35,118.21,120.01,22642.8,273791000.0,113.34,117.38,119.08499999999995,119.51,124.65,50.88,-1.93,-1.86,-0.07,扬农化工,化学原料和化学制品制造业,主板,114.47749999999984,115.93999999999994,118.50333333333344,118.78375000000011,121.93999999999993
600486,2022-03-15,118.74,113.07,119.98,113.01,120.19,16777.1,195645000.0,114.2,116.39,118.62749999999997,119.24,124.28,42.79,-2.14,-1.92,-0.22,扬农化工,化学原料和化学制品制造业,主板,116.82749999999983,114.76249999999993,117.60500000000012,118.43812500000011,121.54063829787226
600486,2022-03-16,115.0,117.0,118.45,111.11,113.07,22259.2,256754000.0,116.86,115.76,118.44299999999996,119.18,124.03,47.73,-1.96,-1.92,-0.04,扬农化工,化学原料和化学制品制造业,主板,117.56749999999981,114.28624999999994,116.99083333333344,118.30187500000011,121.2385106382978
600486,2022-03-17,118.0,117.6,119.56,115.31,117.0,18261.7,216292000.0,117.57,115.27,118.34899999999996,119.12,123.82,48.46,-1.76,-1.89,0.13,扬农化工,化学原料和化学制品制造业,主板,116.9649999999998,114.29624999999993,116.54083333333342,118.11437500000011,121.08148936170207
600486,2022-03-18,118.0,116.9,118.37,116.06,117.6,14489.1,169610000.0,116.95,114.88,118.25549999999996,119.11,123.52,47.63,-1.63,-1.84,0.21,扬农化工,化学原料和化学制品制造业,主板,116.1424999999998,115.30999999999995,116.0075000000001,117.91312500000012,120.93468085106376
600486,2022-03-21,116.9,114.03,117.67,113.0,116.9,26594.1,303167000.0,115.72,114.53,118.02699999999997,118.93,123.16,44.25,-1.74,-1.82,0.08,扬农化工,化学原料和化学制品制造业,主板,116.38249999999981,116.60499999999995,115.30250000000011,117.29937500000013,120.7085106382978
600486,2022-03-22,114.57,113.8,114.57,112.6,114.03,12372.4,140456000.0,115.87,115.03,117.758,118.68,122.78,43.98,-1.83,-1.82,-0.01,扬农化工,化学原料和化学制品制造业,主板,115.58249999999981,116.57499999999996,114.71833333333343,116.63875000000013,120.48595744680844
600486,2022-03-23,113.8,112.99,114.48,112.4,113.8,13828.7,156708000.0,115.06,115.96,117.37749999999998,118.36,122.35,42.99,-1.94,-1.85,-0.09,扬农化工,化学原料和化学制品制造业,主板,114.42999999999981,115.69749999999996,114.34083333333344,116.01312500000013,120.23978723404247
600486,2022-03-24,112.99,114.06,115.0,111.45,112.99,23999.0,272821000.0,114.36,115.96,117.07449999999999,118.12,121.94,44.76,-1.91,-1.86,-0.05,扬农化工,化学原料和化学制品制造业,主板,113.71999999999983,114.93124999999995,114.7800000000001,115.43562500000013,120.04574468085097
600486,2022-03-25,114.7,115.24,119.56,113.65,114.06,14926.1,174369000.0,114.02,115.49,116.64399999999998,118.0,121.62,46.73,-1.78,-1.84,0.06,扬农化工,化学原料和化学制品制造业,主板,114.02249999999984,115.20249999999996,115.74416666666677,114.98250000000013,119.82702127659564
600486,2022-03-28,114.03,117.26,118.96,114.03,115.24,16452.0,192706000.0,114.67,115.2,116.2885,117.79,121.34,50.01,-1.5,-1.77,0.27,扬农化工,化学原料和化学制品制造业,主板,114.88749999999983,115.23499999999996,116.0125000000001,114.76062500000013,119.69744680851053
600486,2022-03-29,117.19,121.52,122.68,116.0,117.26,20772.3,250920000.0,116.21,116.04,116.2145,117.76,121.2,56.14,-0.92,-1.6,0.68,扬农化工,化学原料和化学制品制造业,主板,117.01999999999984,115.72499999999995,116.13833333333343,115.01062500000013,119.64255319148926
600486,2022-03-30,121.77,121.85,123.4,120.0,121.52,24685.7,301747000.0,117.99,116.52,116.14199999999998,117.8,120.99,56.58,-0.43,-1.37,0.94,扬农化工,化学原料和化学制品制造业,主板,118.96749999999984,116.34374999999996,116.27666666666676,115.82687500000013,119.50765957446801
600486,2022-03-31,119.82,120.74,122.0,119.68,121.85,11927.7,144009000.0,119.32,116.84,116.05449999999999,117.85,120.79,54.58,-0.13,-1.12,0.99,扬农化工,化学原料和化学制品制造业,主板,120.34249999999983,117.18249999999995,116.91583333333342,116.89375000000013,119.29574468085097
600486,2022-04-01,120.79,122.53,124.55,119.6,120.74,16692.8,205154000.0,120.78,117.4,116.1405,117.97,120.63,57.21,0.26,-0.84,1.1,扬农化工,化学原料和化学制品制造业,主板,121.65999999999983,118.27374999999995,117.37666666666676,117.42437500000013,119.1708510638297
600486,2022-04-06,122.59,123.19,124.0,118.18,122.53,21350.9,259515000.0,121.97,118.32,116.424,118.12,120.5,58.17,0.6,-0.56,1.16,扬农化工,化学原料和化学制品制造业,主板,122.07749999999982,119.54874999999996,117.8425000000001,117.62312500000013,119.08255319148927
600486,2022-04-07,122.56,122.36,124.55,122.1,123.19,21653.6,266681000.0,122.13,119.17,117.1025,118.23,120.45,56.46,0.8,-0.28,1.08,扬农化工,化学原料和化学制品制造业,主板,122.20499999999981,120.58624999999995,118.29750000000008,117.75875000000012,119.00297872340414
600486,2022-04-08,123.71,132.0,132.2,122.39,122.36,35821.0,459983000.0,124.16,121.08,118.519,118.61,120.59,68.21,1.71,0.11,1.6,扬农化工,化学原料和化学制品制造业,主板,125.01999999999981,122.68124999999995,119.79500000000009,118.94187500000012,119.17957446808501
600486,2022-04-11,129.36,126.0,129.96,122.5,132.0,27889.0,350665000.0,125.22,122.27,119.117,118.81,120.61,57.76,1.93,0.48,1.45,扬农化工,化学原料和化学制品制造业,主板,125.88749999999982,123.77374999999995,120.81166666666677,119.50437500000012,119.28404255319138
600486,2022-04-12,125.73,123.24,126.01,120.85,126.0,20796.1,255718000.0,125.36,123.07,119.27849999999998,118.79,120.6,53.69,1.86,0.75,1.11,扬农化工,化学原料和化学制品制造业,主板,125.89999999999982,123.98874999999995,121.66583333333342,119.85687500000013,119.37425531914883
600486,2022-04-13,122.82,125.76,127.18,121.68,123.24,15209.7,191310000.0,125.87,123.92,119.55699999999999,118.83,120.62,56.69,1.99,1.0,0.99,扬农化工,化学原料和化学制品制造业,主板,126.74999999999983,124.47749999999995,122.64083333333343,120.41062500000012,119.51021276595733
600486,2022-04-14,125.76,123.22,126.52,123.1,125.76,11084.3,137849000.0,126.04,124.09,120.06449999999998,118.84,120.62,52.96,1.86,1.17,0.69,扬农化工,化学原料和化学制品制造业,主板,124.55499999999984,124.78749999999994,123.30583333333344,120.98500000000011,119.63914893617012
600486,2022-04-15,122.4,118.83,122.42,118.8,123.22,13758.9,165452000.0,123.41,123.79,120.15599999999998,118.69,120.51,47.19,1.39,1.22,0.17,扬农化工,化学原料和化学制品制造业,主板,122.76249999999985,124.32499999999993,123.43666666666677,121.29937500000013,119.62489361702117
600486,2022-04-18,118.0,125.78,126.8,117.85,118.83,16835.5,209078000.0,123.37,124.29,120.56499999999998,118.8,120.55,55.47,1.56,1.29,0.27,扬农化工,化学原料和化学制品制造业,主板,123.39749999999984,124.64874999999992,123.79166666666676,122.09875000000012,119.72042553191478
600486,2022-04-19,126.33,126.68,128.0,125.16,125.78,10537.6,133027000.0,124.05,124.71,121.05399999999997,119.0,120.59,56.42,1.74,1.38,0.36,扬农化工,化学原料和化学制品制造业,主板,123.62749999999983,125.18874999999993,124.19416666666677,122.88750000000013,119.81127659574459
600486,2022-04-20,126.68,123.84,127.31,123.54,126.68,9561.24,119517000.0,123.67,124.77,121.54449999999997,119.21,120.52,52.59,1.65,1.43,0.22,扬农化工,化学原料和化学制品制造业,主板,123.78249999999983,124.16874999999993,124.4525000000001,123.42500000000014,119.86744680851055
600486,2022-04-21,122.88,120.0,124.36,119.14,123.84,12946.8,156461000.0,123.03,124.54,121.85449999999996,119.58,120.34,47.87,1.25,1.39,-0.14,扬农化工,化学原料和化学制品制造业,主板,124.07499999999983,123.41874999999993,124.24166666666677,123.59625000000013,119.8868085106382
600486,2022-04-22,119.96,120.55,122.97,117.0,120.0,14172.8,170341000.0,123.37,123.39,122.23249999999999,120.14,120.21,48.58,0.95,1.31,-0.36,扬农化工,化学原料和化学制品制造业,主板,122.76749999999984,123.08249999999992,124.02166666666676,123.53562500000012,119.82425531914886
600486,2022-04-25,120.0,114.78,120.9,114.0,120.55,15120.2,177149000.0,121.17,122.27,122.26849999999999,120.17,120.0,42.08,0.26,1.1,-0.84,扬农化工,化学原料和化学制品制造业,主板,119.79249999999983,121.70999999999992,123.3900000000001,123.09375000000014,119.66595744680842
600486,2022-04-26,115.1,121.12,125.13,115.1,114.78,46358.0,568336000.0,120.06,122.06,122.5625,120.2,119.92,50.0,0.22,0.92,-0.7,扬农化工,化学原料和化学制品制造业,主板,119.11249999999981,121.4474999999999,122.48333333333342,123.11750000000013,119.67510638297864
600486,2022-04-27,122.69,122.66,128.2,121.0,121.12,44308.7,548013000.0,119.82,121.75,122.83249999999998,120.29,119.9,51.72,0.3,0.8,-0.5,扬农化工,化学原料和化学制品制造业,主板,119.7774999999998,121.92624999999991,122.2050000000001,123.12562500000014,119.74276595744672
600486,2022-04-28,123.51,126.77,127.99,122.0,122.66,34670.5,436334000.0,121.18,122.1,123.09499999999998,120.74,119.99,56.08,0.69,0.78,-0.09,扬农化工,化学原料和化学制品制造业,主板,121.3324999999998,122.04999999999993,122.49916666666677,123.34937500000015,119.91297872340418
600486,2022-04-29,126.99,131.11,131.84,123.2,126.77,28074.8,361311000.0,123.29,123.33,123.55799999999999,121.21,120.19,60.17,1.34,0.89,0.45,扬农化工,化学原料和化学制品制造业,主板,125.4149999999998,122.6037499999999,122.9450000000001,123.89625000000017,120.17914893617012
600486,2022-05-05,132.6,140.9,141.0,131.5,131.11,31467.3,433624000.0,128.51,124.84,124.566,121.99,120.55,67.51,2.61,1.23,1.38,扬农化工,化学原料和化学制品制造业,主板,130.3599999999998,124.73624999999991,124.41833333333345,124.45250000000016,120.64127659574457
600486,2022-05-06,135.9,136.8,139.21,134.11,140.9,29376.8,403359000.0,131.65,125.85,125.27950000000001,122.65,120.88,62.33,3.25,1.64,1.61,扬农化工,化学原料和化学制品制造业,主板,133.89499999999978,126.83624999999992,125.91583333333345,125.12750000000017,120.9859574468084
600486,2022-05-09,136.8,137.6,139.98,133.0,136.8,26295.8,360740000.0,134.64,127.23,126.0,123.44,121.18,62.93,3.78,2.06,1.72,扬农化工,化学原料和化学制品制造业,主板,136.6024999999998,128.96749999999992,126.90083333333344,126.02500000000016,121.35787234042543
600486,2022-05-10,137.5,139.1,140.1,135.2,137.6,22020.9,305029000.0,137.1,129.14,126.83699999999999,124.28,121.48,64.08,4.27,2.51,1.76,扬农化工,化学原料和化学制品制造业,主板,138.5999999999998,132.0074999999999,127.93583333333343,126.85875000000017,121.6823404255318
600486,2022-05-11,139.0,137.65,140.11,137.38,139.1,20466.1,284449000.0,138.41,130.85,127.11949999999999,125.1,121.73,62.07,4.49,2.9,1.59,扬农化工,化学原料和化学制品制造业,主板,137.7874999999998,134.0737499999999,129.0866666666668,127.76062500000016,121.96489361702116
600486,2022-05-12,137.38,138.21,139.6,135.66,137.65,18457.3,254427000.0,137.87,133.19,127.72999999999999,125.91,122.02,62.56,4.65,3.25,1.4,扬农化工,化学原料和化学制品制造业,主板,138.13999999999982,136.0174999999999,130.60416666666677,128.97187500000015,122.28851063829777
600486,2022-05-13,138.28,139.8,143.9,137.83,138.21,19144.5,269637000.0,138.47,135.06,128.55800000000002,126.73,122.36,63.98,4.86,3.57,1.29,扬农化工,化学原料和化学制品制造业,主板,138.6899999999998,137.6462499999999,132.20833333333346,129.84812500000015,122.639574468085
600486,2022-05-16,139.6,141.27,144.48,139.0,139.8,20026.7,282553000.0,139.21,136.92,129.33350000000002,127.53,122.66,65.28,5.08,3.88,1.2,扬农化工,化学原料和化学制品制造业,主板,139.2324999999998,138.91624999999988,134.41583333333344,130.76000000000016,123.03914893617012
600486,2022-05-17,141.8,140.71,141.8,138.24,141.27,17498.8,244452000.0,139.53,138.32,130.20800000000003,128.17,122.97,64.33,5.16,4.13,1.03,扬农化工,化学原料和化学制品制造业,主板,139.9974999999998,138.89249999999987,136.04833333333343,131.81437500000015,123.46255319148926
600486,2022-05-18,140.71,138.21,141.48,138.1,140.71,16684.9,232385000.0,139.64,139.02,131.17700000000002,128.71,123.26,60.09,4.95,4.3,0.65,扬农化工,化学原料和化学制品制造业,主板,139.9974999999998,139.06874999999988,137.34416666666678,132.95250000000016,123.9027659574467
600486,2022-05-19,136.33,138.97,139.79,136.33,138.21,19875.7,274656000.0,139.79,138.83,131.8365,129.32,123.58,60.93,4.8,4.4,0.4,扬农化工,化学原料和化学制品制造业,主板,139.7899999999998,139.2399999999999,138.36083333333343,134.10375000000013,124.54489361702117
600486,2022-05-20,138.55,140.49,140.5,137.33,138.97,18989.4,265504000.0,139.93,139.2,132.52700000000002,129.92,123.95,62.63,4.74,4.47,0.27,扬农化工,化学原料和化学制品制造业,主板,139.5949999999998,139.4137499999999,139.14250000000013,135.71062500000014,125.32829787234031
600486,2022-05-23,140.63,140.63,142.38,139.07,140.49,14614.6,205518000.0,139.8,139.5,133.36650000000003,130.5,124.31,62.79,4.65,4.5,0.15,扬农化工,化学原料和化学制品制造业,主板,139.5749999999998,139.78624999999988,139.12000000000012,136.93000000000015,125.89404255319138
600486,2022-05-24,141.38,135.3,141.38,135.01,140.63,24550.5,336607000.0,138.72,139.12,134.13150000000002,130.93,124.58,53.38,4.11,4.42,-0.31,扬农化工,化学原料和化学制品制造业,主板,138.8474999999998,139.42249999999987,138.99500000000012,137.72000000000017,126.21936170212756
600486,2022-05-25,135.39,134.47,137.0,132.2,135.3,28003.4,374980000.0,137.97,138.81,134.82750000000001,131.01,124.81,52.08,3.57,4.25,-0.68,扬农化工,化学原料和化学制品制造业,主板,137.7224999999998,138.75624999999988,138.7341666666668,138.20125000000016,126.52319148936161
600486,2022-05-26,134.22,137.2,138.47,133.09,134.47,24961.3,340042000.0,137.62,138.71,135.9485,131.39,125.1,55.9,3.33,4.07,-0.74,扬农化工,化学原料和化学制品制造业,主板,136.8999999999998,138.2474999999999,138.57583333333346,138.58187500000014,127.03659574468075
600486,2022-05-27,138.5,141.0,142.02,137.2,137.2,15085.5,212161000.0,137.72,138.82,136.9425,131.98,125.38,60.62,3.4,3.93,-0.53,扬农化工,化学原料和化学制品制造业,主板,136.9924999999998,138.28374999999988,138.85500000000013,138.58812500000013,127.5472340425531
600486,2022-05-30,141.28,142.52,143.0,139.76,141.0,17670.2,250491000.0,138.1,138.95,137.9355,132.54,125.69,62.35,3.53,3.85,-0.32,扬农化工,化学原料和化学制品制造业,主板,138.7974999999998,138.82249999999988,139.21416666666678,138.94562500000012,128.07744680851056
600486,2022-05-31,141.91,147.41,147.41,141.68,142.52,28492.8,413584000.0,140.52,139.62,138.9675,133.35,126.09,67.34,3.99,3.88,0.11,扬农化工,化学原料和化学制品制造业,主板,142.03249999999977,139.87749999999988,139.84833333333347,139.55875000000012,128.72659574468076
600486,2022-06-01,144.82,140.59,145.54,140.03,147.41,22389.8,317691000.0,141.74,139.86,139.4415,134.07,126.38,56.17,3.76,3.86,-0.1,扬农化工,化学原料和化学制品制造业,主板,142.87999999999977,139.88999999999987,139.7916666666668,139.65187500000013,129.2917021276595
600486,2022-06-02,139.6,142.5,143.87,139.5,140.59,15355.1,218758000.0,142.8,140.21,139.5215,134.63,126.71,58.26,3.69,3.82,-0.13,扬农化工,化学原料和化学制品制造业,主板,143.25499999999977,140.12374999999986,139.94083333333347,139.95500000000013,129.90234042553183
600486,2022-06-06,143.81,145.28,145.8,141.24,142.5,29413.8,425575000.0,143.66,140.69,139.94549999999998,135.25,127.12,61.16,3.82,3.82,0.0,扬农化工,化学原料和化学制品制造业,主板,143.94499999999977,141.37124999999986,140.53000000000011,140.39687500000014,130.58936170212758
600486,2022-06-07,145.28,144.6,146.6,142.68,145.28,11794.0,169771000.0,144.08,141.09,140.2955,135.94,127.57,60.06,3.81,3.82,-0.01,扬农化工,化学原料和化学制品制造业,主板,143.24249999999978,142.63749999999985,140.99916666666678,140.69687500000012,131.23914893617012
600486,2022-06-08,145.38,141.25,145.38,138.62,144.6,26238.0,369196000.0,142.84,141.68,140.403,136.65,128.11,54.83,3.51,3.76,-0.25,扬农化工,化学原料和化学制品制造业,主板,143.40749999999977,143.14374999999984,141.0625000000001,140.69562500000012,131.79255319148928
600486,2022-06-09,140.7,144.24,145.73,139.85,141.25,21153.3,304008000.0,143.57,142.66,140.73250000000002,137.44,128.79,58.32,3.46,3.7,-0.24,扬农化工,化学原料和化学制品制造业,主板,143.84249999999977,143.54874999999984,141.36333333333346,140.9162500000001,132.36659574468075
600486,2022-06-10,144.12,146.08,147.17,142.45,144.24,30516.9,444130000.0,144.29,143.55,141.126,138.48,129.32,60.35,3.54,3.67,-0.13,扬农化工,化学原料和化学制品制造业,主板,144.0424999999998,143.99374999999984,142.2616666666668,141.4081250000001,132.8891489361701
600486,2022-06-13,145.03,147.7,148.88,144.88,146.08,24790.2,365082000.0,144.77,144.22,141.521,139.37,129.79,62.1,3.68,3.67,0.01,扬农化工,化学原料和化学制品制造业,主板,144.8174999999998,144.02999999999983,143.3641666666668,141.9537500000001,133.4391489361701
600486,2022-06-14,146.47,147.69,148.86,144.55,147.7,18951.3,277618000.0,145.39,144.73,141.84199999999998,140.2,130.24,62.08,3.74,3.68,0.06,扬农化工,化学原料和化学制品制造业,主板,146.42749999999978,144.91749999999985,144.23833333333346,142.40375000000012,134.01255319148925
600486,2022-06-15,147.1,142.6,148.66,142.0,147.69,21385.9,309728000.0,145.66,144.25,141.93649999999997,140.73,130.74,53.48,3.35,3.62,-0.27,扬农化工,化学原料和化学制品制造业,主板,146.01749999999979,144.92999999999984,144.37166666666678,142.5268750000001,134.439574468085
600486,2022-06-16,143.9,137.65,143.91,136.7,142.6,40907.3,567046000.0,144.34,143.96,141.90849999999998,140.95,131.08,46.71,2.61,3.42,-0.81,扬农化工,化学原料和化学制品制造业,主板,143.90999999999977,143.97624999999985,143.96583333333345,142.6737500000001,134.7472340425531
600486,2022-06-17,137.74,144.0,144.0,137.01,137.65,27503.4,387644000.0,143.93,144.11,142.16,141.05,131.52,54.64,2.52,3.24,-0.72,扬农化工,化学原料和化学制品制造业,主板,142.9849999999998,143.90124999999986,143.68166666666679,143.2693750000001,135.20765957446798
600486,2022-06-20,142.99,139.5,145.26,139.0,144.0,24183.8,338804000.0,142.29,143.53,142.1105,141.14,131.9,49.07,2.04,3.0,-0.96,扬农化工,化学原料和化学制品制造业,主板,140.93749999999977,143.68249999999986,143.59083333333345,143.41312500000012,135.3672340425531
600486,2022-06-21,140.27,136.99,140.88,135.84,139.5,26384.4,362723000.0,140.15,142.77,141.92849999999999,141.12,132.28,46.23,1.45,2.69,-1.24,扬农化工,化学原料和化学制品制造业,主板,139.53499999999977,142.77624999999986,143.1316666666668,143.16250000000014,135.60106382978714
600486,2022-06-22,136.44,134.81,138.67,134.8,136.99,17608.1,239849000.0,138.59,142.13,141.90399999999997,140.98,132.63,43.86,0.8,2.31,-1.51,扬农化工,化学原料和化学制品制造业,主板,138.8249999999998,141.36749999999986,142.2591666666668,142.68062500000013,135.8472340425531
600486,2022-06-23,135.16,135.28,136.0,133.0,134.81,20521.3,276079000.0,138.12,141.23,141.9445,140.9,133.0,44.52,0.31,1.91,-1.6,扬农化工,化学原料和化学制品制造业,主板,136.64499999999978,139.81499999999986,141.48250000000013,141.92250000000016,136.04978723404247
600486,2022-06-24,135.26,136.74,138.51,134.0,135.28,20141.4,275700000.0,136.66,140.3,141.9215,140.85,133.38,46.62,0.05,1.54,-1.49,扬农化工,化学原料和化学制品制造业,主板,135.95499999999979,138.44624999999985,141.1066666666668,141.68187500000016,136.33744680851052
600486,2022-06-27,136.87,133.86,137.88,133.03,136.74,32953.0,443120000.0,135.54,138.91,141.5645,140.65,133.69,43.15,-0.39,1.15,-1.54,扬农化工,化学原料和化学制品制造业,主板,135.1724999999998,137.35374999999988,140.24166666666682,141.14187500000017,136.65723404255309
600486,2022-06-28,133.86,136.8,136.82,133.38,133.86,23728.4,322131000.0,135.5,137.82,141.27850000000004,140.5,134.02,47.45,-0.49,0.82,-1.31,扬农化工,化学原料和化学制品制造业,主板,135.6699999999998,137.24749999999986,139.46833333333348,140.61187500000017,136.89170212765947
600486,2022-06-29,136.44,132.15,136.44,131.02,136.8,25807.5,343863000.0,134.97,136.78,140.51550000000003,140.22,134.19,42.04,-0.95,0.47,-1.42,扬农化工,化学原料和化学制品制造业,主板,134.8874999999998,135.76624999999987,138.17250000000016,139.83375000000018,137.00808510638288
600486,2022-06-30,132.92,133.28,135.42,132.88,132.15,21484.6,287759000.0,134.57,136.34,140.15000000000003,140.05,134.38,43.72,-1.19,0.14,-1.33,扬农化工,化学原料和化学制品制造业,主板,134.02249999999978,134.98874999999987,136.9716666666668,139.3356250000002,137.20893617021264
600486,2022-07-01,133.28,132.58,134.28,131.68,133.28,12892.6,171647000.0,133.73,135.2,139.65400000000005,139.84,134.58,42.89,-1.43,-0.18,-1.25,扬农化工,化学原料和化学制品制造业,主板,133.7024999999998,134.43749999999986,136.1366666666668,138.60687500000017,137.47659574468074
600486,2022-07-04,133.2,134.38,134.57,130.59,132.58,27617.2,366078000.0,133.84,134.69,139.10900000000004,139.64,134.78,45.74,-1.46,-0.43,-1.03,扬农化工,化学原料和化学制品制造业,主板,133.0974999999998,134.38374999999985,135.86416666666682,137.87562500000018,137.77085106382967
600486,2022-07-05,134.43,132.85,134.7,130.11,134.38,15021.0,199471000.0,133.05,134.27,138.52150000000003,139.38,134.94,43.74,-1.58,-0.66,-0.92,扬农化工,化学原料和化学制品制造业,主板,133.2724999999998,134.07999999999984,134.93500000000014,136.9475000000002,138.15531914893606
600486,2022-07-06,132.36,127.09,132.5,126.1,132.85,30591.3,391764000.0,132.04,133.5,137.81350000000003,139.1,135.02,37.16,-2.13,-0.96,-1.17,扬农化工,化学原料和化学制品制造业,主板,131.72499999999982,132.87374999999983,133.90083333333345,135.6600000000002,138.2823404255318
600486,2022-07-07,127.98,128.59,129.5,127.01,127.09,20459.6,263087000.0,131.1,132.83,137.03100000000003,138.91,134.96,39.7,-2.4,-1.24,-1.16,扬农化工,化学原料和化学制品制造业,主板,130.72749999999982,132.2149999999998,133.20083333333346,134.7843750000002,138.40851063829777
600486,2022-07-08,129.78,125.67,130.6,125.5,128.59,15261.4,193616000.0,129.72,131.72,136.01050000000004,138.52,134.96,36.59,-2.83,-1.56,-1.27,扬农化工,化学原料和化学制品制造业,主板,128.5499999999998,130.82374999999982,132.4391666666668,134.0356250000002,138.38510638297862
600486,2022-07-11,125.82,123.39,125.99,122.7,125.67,15629.7,193461000.0,127.52,130.68,134.79500000000004,137.94,134.96,34.33,-3.3,-1.91,-1.39,扬农化工,化学原料和化学制品制造业,主板,126.1849999999998,129.72874999999982,131.44833333333347,132.7475000000002,138.22085106382968
600486,2022-07-12,124.83,123.38,126.59,122.35,123.39,26285.4,325744000.0,125.62,129.34,133.57950000000005,137.3,134.92,34.32,-3.65,-2.26,-1.39,扬农化工,化学原料和化学制品制造业,主板,125.2574999999998,128.49124999999984,130.33500000000012,131.7400000000002,137.84808510638288
600486,2022-07-13,124.93,123.44,125.0,122.1,123.38,24091.5,297494000.0,124.89,128.46,132.62150000000005,136.5,134.92,34.45,-3.87,-2.58,-1.29,扬农化工,化学原料和化学制品制造业,主板,123.96999999999977,127.34874999999984,129.4666666666668,130.89312500000023,137.56382978723394
600486,2022-07-14,124.51,122.24,124.51,121.21,123.44,22121.8,270886000.0,123.62,127.36,131.85100000000006,135.89,134.98,33.11,-4.1,-2.88,-1.22,扬农化工,化学原料和化学制品制造业,主板,123.11249999999977,125.83124999999983,128.25333333333347,130.10750000000021,137.23702127659564
600486,2022-07-15,122.0,119.52,122.59,119.38,122.24,20347.5,246180000.0,122.39,126.06,130.62700000000004,135.12,134.87,30.23,-4.44,-3.2,-1.24,扬农化工,化学原料和化学制品制造业,主板,122.14499999999978,124.16499999999984,127.20083333333348,129.1225000000002,136.8204255319148
600486,2022-07-18,119.49,118.52,120.5,117.7,119.52,28403.6,337648000.0,121.42,124.47,129.57800000000003,134.23,134.74,29.23,-4.74,-3.5,-1.24,扬农化工,化学原料和化学制品制造业,主板,120.92999999999978,123.09374999999984,125.97083333333347,127.9837500000002,136.41340425531905
600486,2022-07-19,118.51,118.04,119.35,117.08,118.52,23448.5,276471000.0,120.35,122.99,128.63050000000004,133.34,134.64,28.74,-4.96,-3.8,-1.16,扬农化工,化学原料和化学制品制造业,主板,119.57999999999977,121.77499999999985,124.75916666666681,126.9950000000002,135.98425531914884
600486,2022-07-20,118.3,118.12,119.2,117.32,118.04,28223.4,333145000.0,119.29,122.09,127.79600000000002,132.57,134.61,28.95,-5.07,-4.05,-1.02,扬农化工,化学原料和化学制品制造业,主板,118.54999999999978,120.83124999999986,123.40416666666681,125.8275000000002,135.52297872340415
600486,2022-07-21,118.48,116.73,118.65,116.11,118.12,26295.7,307577000.0,118.19,120.9,126.86850000000001,131.66,134.55,27.4,-5.21,-4.28,-0.93,扬农化工,化学原料和化学制品制造业,主板,117.8524999999998,119.99874999999984,122.06083333333349,124.86375000000018,135.00085106382966
600486,2022-07-22,116.74,116.14,117.3,114.9,116.73,20984.5,243666000.0,117.51,119.95,125.83850000000002,130.66,134.57,26.75,-5.31,-4.49,-0.82,扬农化工,化学原料和化学制品制造业,主板,117.2574999999998,119.09374999999984,121.1483333333335,123.79250000000017,134.47808510638288
600486,2022-07-25,116.65,116.9,117.55,115.66,116.14,21856.0,254964000.0,117.19,119.3,124.99050000000003,129.63,134.5,29.1,-5.26,-4.64,-0.62,扬农化工,化学原料和化学制品制造业,主板,116.97249999999978,118.27624999999983,120.17416666666685,122.81250000000017,134.02468085106372
600486,2022-07-26,116.5,115.78,116.62,114.89,116.9,18854.0,218248000.0,116.73,118.54,123.93950000000002,128.57,134.38,27.69,-5.25,-4.76,-0.49,扬农化工,化学原料和化学制品制造业,主板,116.38749999999979,117.46874999999983,119.35000000000018,121.65000000000018,133.53127659574454
600486,2022-07-27,115.81,117.38,118.19,115.0,115.78,31367.9,367384000.0,116.59,117.94,123.20100000000002,127.73,134.23,32.7,-5.06,-4.82,-0.24,扬农化工,化学原料和化学制品制造业,主板,116.54999999999978,117.20124999999985,118.84916666666685,120.68312500000019,133.039574468085
600486,2022-07-28,118.1,116.98,118.2,116.51,117.38,23032.7,269992000.0,116.64,117.41,122.38600000000001,127.04,133.99,32.1,-4.89,-4.84,-0.05,扬农化工,化学原料和化学制品制造业,主板,116.75999999999979,117.00874999999985,118.31583333333352,120.0512500000002,132.53638297872328
600486,2022-07-29,116.6,115.0,117.6,115.0,116.98,22421.2,260709000.0,116.41,116.96,121.50700000000002,126.07,133.56,29.24,-4.84,-4.84,0.0,扬农化工,化学原料和化学制品制造业,主板,116.2849999999998,116.62874999999985,117.61250000000018,119.2018750000002,132.10446808510625
600486,2022-08-01,114.77,114.4,114.99,112.26,115.0,28354.1,322609000.0,115.91,116.55,120.50800000000001,125.23,133.19,28.42,-4.81,-4.83,0.02,扬农化工,化学原料和化学制品制造业,主板,115.9399999999998,116.16374999999987,116.95916666666686,118.4975000000002,131.6774468085105
600486,2022-08-02,113.37,112.94,114.44,111.2,114.4,24059.2,271367000.0,115.34,116.04,119.51250000000002,124.43,132.78,26.46,-4.85,-4.84,-0.01,扬农化工,化学原料和化学制品制造业,主板,114.82999999999979,115.68999999999986,116.41083333333353,117.8443750000002,131.1612765957445
600486,2022-08-03,112.0,113.03,114.79,112.0,112.94,25163.6,286018000.0,114.47,115.53,118.80950000000003,123.71,132.34,26.8,-4.81,-4.83,0.02,扬农化工,化学原料和化学制品制造业,主板,113.84249999999977,115.30124999999985,115.95333333333353,117.19750000000019,130.5661702127658
600486,2022-08-04,113.34,112.05,113.88,111.03,113.03,16573.2,185819000.0,113.48,115.06,117.98250000000003,122.93,131.92,25.44,-4.8,-4.82,0.02,扬农化工,化学原料和化学制品制造业,主板,113.10499999999976,114.69499999999987,115.45416666666686,116.48562500000018,129.91787234042536
600486,2022-08-05,112.08,114.4,114.4,111.38,112.05,18821.1,212702000.0,113.36,114.89,117.41900000000003,122.19,131.52,34.06,-4.56,-4.77,0.21,扬农化工,化学原料和化学制品制造业,主板,113.10499999999976,114.52249999999987,115.14416666666686,115.99562500000019,129.21553191489343
600486,2022-08-08,114.4,113.17,114.43,112.5,114.4,21936.3,248498000.0,113.12,114.51,116.90800000000004,121.5,131.07,31.98,-4.41,-4.7,0.29,扬农化工,化学原料和化学制品制造业,主板,113.16249999999975,113.99624999999988,114.8475000000002,115.5987500000002,128.6321276595743
600486,2022-08-09,113.58,113.52,113.71,112.18,113.17,11938.0,134738000.0,113.23,114.29,116.41500000000003,120.72,130.61,33.23,-4.22,-4.6,0.38,扬农化工,化学原料和化学制品制造业,主板,113.28499999999977,113.56374999999989,114.62916666666685,115.2862500000002,128.01553191489344
600486,2022-08-10,113.45,112.18,114.92,111.81,113.52,18580.1,210203000.0,113.06,113.77,115.85200000000002,120.06,130.14,30.89,-4.13,-4.51,0.38,扬农化工,化学原料和化学制品制造业,主板,113.31749999999975,113.2112499999999,114.23583333333352,114.9200000000002,127.31127659574453
600486,2022-08-11,111.53,112.65,112.8,111.03,112.18,24140.3,270746000.0,113.18,113.33,115.37250000000003,119.37,129.71,32.68,-3.97,-4.4,0.43,扬农化工,化学原料和化学制品制造业,主板,112.87999999999977,112.9924999999999,113.9750000000002,114.5781250000002,126.63148936170197
600486,2022-08-12,112.64,116.82,117.14,112.56,112.65,37701.5,434726000.0,113.67,113.52,115.23750000000004,118.84,129.34,46.06,-3.47,-4.21,0.74,扬农化工,化学原料和化学制品制造业,主板,113.79249999999975,113.47749999999988,113.92833333333351,114.5837500000002,126.1117021276594
600486,2022-08-15,116.98,113.26,116.99,112.63,116.82,44320.9,504418000.0,113.69,113.4,114.97450000000006,118.14,128.89,38.94,-3.32,-4.04,0.72,扬农化工,化学原料和化学制品制造业,主板,113.72749999999976,113.50624999999988,113.61833333333351,114.40375000000019,125.4525531914892
600486,2022-08-16,113.11,111.65,113.78,111.5,113.26,23467.4,263649000.0,113.31,113.27,114.65500000000006,117.43,128.4,36.22,-3.3,-3.89,0.59,扬农化工,化学原料和化学制品制造业,主板,113.59499999999976,113.45624999999988,113.33916666666686,114.07562500000019,124.71999999999983
600486,2022-08-17,111.65,109.9,112.01,108.03,111.65,27078.3,295911000.0,112.86,112.96,114.24400000000007,116.86,127.98,33.48,-3.38,-3.79,0.41,扬农化工,化学原料和化学制品制造业,主板,112.90749999999977,112.89374999999988,112.96416666666686,113.7081250000002,123.91574468085089
600486,2022-08-18,110.0,106.74,110.46,105.1,109.9,35772.8,382676000.0,111.67,112.43,113.74450000000006,116.13,127.52,29.18,-3.66,-3.76,0.1,扬农化工,化学原料和化学制品制造业,主板,110.38749999999978,112.08999999999989,112.44750000000018,113.0431250000002,123.04446808510622
600486,2022-08-19,106.0,108.25,109.66,105.84,106.74,29996.1,324973000.0,109.96,111.81,113.35000000000007,115.55,127.04,33.57,-3.72,-3.75,0.03,扬农化工,化学原料和化学制品制造业,主板,109.13499999999976,111.43124999999989,112.04916666666685,112.4975000000002,122.31361702127641
600486,2022-08-22,107.46,111.81,112.0,106.8,108.25,36305.5,401703000.0,109.67,111.68,113.09550000000006,115.16,126.55,42.6,-3.43,-3.69,0.26,扬农化工,化学原料和化学制品制造业,主板,109.17499999999976,111.38499999999988,112.02916666666685,112.2981250000002,121.76382978723387
600486,2022-08-23,111.74,109.9,113.66,109.41,111.81,24663.5,272708000.0,109.32,111.32,112.80150000000006,114.72,126.01,39.5,-3.32,-3.61,0.29,扬农化工,化学原料和化学制品制造业,主板,109.17499999999976,111.04124999999988,111.65416666666685,112.0168750000002,121.03829787234025
600486,2022-08-24,110.0,110.5,113.28,109.57,109.9,32771.6,366290000.0,109.44,111.15,112.45750000000005,114.28,125.39,40.95,-3.15,-3.52,0.37,扬农化工,化学原料和化学制品制造业,主板,110.11499999999975,110.25124999999989,111.43166666666684,111.8643750000002,120.42127659574452
600486,2022-08-25,110.82,109.88,111.5,106.87,110.5,25315.8,274763000.0,110.07,110.87,112.10250000000005,113.87,124.88,39.88,-3.03,-3.42,0.39,扬农化工,化学原料和化学制品制造业,主板,110.52249999999975,109.82874999999989,111.12833333333352,111.6675000000002,119.84446808510621
600486,2022-08-26,110.08,112.05,113.3,110.01,109.88,30976.2,347820000.0,110.83,110.39,111.95500000000007,113.62,124.37,45.26,-2.73,-3.28,0.55,扬农化工,化学原料和化学制品制造业,主板,110.58249999999974,109.87874999999988,111.11750000000018,111.6675000000002,119.36021276595729
600486,2022-08-29,112.05,114.77,115.0,111.05,112.05,59174.2,672339000.0,111.42,110.54,111.97350000000006,113.5,123.86,51.16,-2.24,-3.08,0.84,扬农化工,化学原料和化学制品制造业,主板,111.79999999999976,110.48749999999988,111.29416666666684,111.6906250000002,118.92382978723388
600486,2022-08-30,114.86,117.8,117.94,114.08,114.77,55192.9,639337000.0,113.0,111.16,112.21650000000007,113.49,123.42,56.74,-1.6,-2.78,1.18,扬农化工,化学原料和化学制品制造业,主板,113.62499999999974,111.86999999999988,111.3758333333335,111.98000000000019,118.52085106382964
600486,2022-08-31,117.44,113.81,117.7,113.78,117.8,38632.7,444206000.0,113.66,111.55,112.25550000000005,113.35,122.96,48.82,-1.39,-2.5,1.11,扬农化工,化学原料和化学制品制造业,主板,114.60749999999976,112.56499999999988,111.42166666666684,111.99812500000019,118.0942553191488
600486,2022-09-01,113.8,115.2,117.16,113.8,113.81,36102.1,418146000.0,114.73,112.4,112.41300000000004,113.3,122.48,51.37,-1.1,-2.22,1.12,扬农化工,化学原料和化学制品制造业,主板,115.39499999999977,112.9887499999999,111.71750000000016,112.18687500000019,117.63468085106369
600486,2022-09-02,115.32,113.13,116.0,112.77,115.2,27994.5,318044000.0,114.94,112.88,112.34950000000003,113.2,121.93,47.57,-1.02,-1.98,0.96,扬农化工,化学原料和化学制品制造业,主板,114.98499999999979,113.3924999999999,111.98666666666684,112.21687500000019,117.22999999999988
600486,2022-09-05,113.2,112.09,114.45,110.95,113.13,29888.8,335767000.0,114.41,112.91,112.29550000000003,113.03,121.33,45.74,-1.04,-1.79,0.75,扬农化工,化学原料和化学制品制造业,主板,113.55749999999979,113.5912499999999,112.43250000000016,111.92125000000019,116.77914893617009
600486,2022-09-06,112.85,111.44,114.47,111.0,112.09,40227.5,451296000.0,113.13,113.07,112.19150000000005,112.89,120.73,44.59,-1.09,-1.65,0.56,扬农化工,化学原料和化学制品制造业,主板,112.96499999999979,113.7862499999999,112.6983333333335,111.80750000000019,116.32936170212753
600486,2022-09-07,111.44,108.99,111.9,107.77,111.44,46356.1,504397000.0,112.17,112.92,112.03200000000004,112.61,120.17,40.45,-1.32,-1.59,0.27,扬农化工,化学原料和化学制品制造业,主板,111.41249999999978,113.4037499999999,112.4633333333335,111.64125000000018,115.78914893617008
600486,2022-09-08,108.64,110.15,110.73,108.6,108.99,23783.0,261660000.0,111.16,112.94,111.90700000000004,112.38,119.71,43.14,-1.39,-1.55,0.16,扬农化工,化学原料和化学制品制造业,主板,110.66749999999979,112.8262499999999,112.48416666666684,111.65687500000018,115.3061702127658
600486,2022-09-09,110.15,112.66,113.49,109.24,110.15,24950.4,280038000.0,111.07,113.0,111.69900000000003,112.3,119.19,48.56,-1.22,-1.48,0.26,扬农化工,化学原料和化学制品制造业,主板,110.80999999999977,112.1837499999999,112.66416666666684,112.02687500000019,114.99914893617006
600486,2022-09-13,112.88,110.23,114.35,109.84,112.66,28120.4,313883000.0,110.69,112.55,111.54750000000001,112.17,118.7,44.17,-1.27,-1.44,0.17,扬农化工,化学原料和化学制品制造业,主板,110.50749999999978,111.7362499999999,112.6933333333335,112.15062500000019,114.6085106382977
600486,2022-09-14,109.24,109.79,110.53,108.24,110.23,18720.7,204643000.0,110.36,111.75,111.45450000000001,112.06,118.25,43.4,-1.33,-1.42,0.09,扬农化工,化学原料和化学制品制造业,主板,110.70749999999978,111.05999999999989,112.50500000000017,112.02437500000019,114.27063829787217
600486,2022-09-15,109.02,107.9,111.42,107.33,109.79,23186.7,252291000.0,110.15,111.16,111.3545,111.89,117.8,40.18,-1.52,-1.44,-0.08,扬农化工,化学原料和化学制品制造业,主板,110.14499999999978,110.40624999999989,111.93250000000018,111.89937500000019,113.94106382978705
600486,2022-09-16,107.34,104.86,107.79,104.86,107.9,22721.1,241013000.0,109.09,110.12,111.26050000000002,111.65,117.29,35.61,-1.88,-1.53,-0.35,扬农化工,化学原料和化学制品制造业,主板,108.1949999999998,109.50249999999988,110.85416666666684,111.54687500000018,113.54702127659556
600486,2022-09-19,104.65,105.3,105.99,103.14,104.86,16555.4,173784000.0,107.62,109.34,111.11300000000003,111.35,116.77,36.73,-2.11,-1.64,-0.47,扬农化工,化学原料和化学制品制造业,主板,106.96249999999978,108.73499999999987,110.14500000000017,111.26062500000018,113.16106382978705
600486,2022-09-20,105.78,104.14,106.0,103.8,105.3,14798.0,154517000.0,106.4,108.55,110.72950000000003,111.05,116.27,35.0,-2.37,-1.79,-0.58,扬农化工,化学原料和化学制品制造业,主板,105.54999999999977,108.12874999999987,109.22333333333351,110.76625000000018,112.77595744680835
600486,2022-09-21,104.13,103.73,104.5,100.77,104.14,20000.0,206115000.0,105.19,107.78,110.42100000000002,110.72,115.72,34.38,-2.57,-1.94,-0.63,扬农化工,化学原料和化学制品制造业,主板,104.50749999999977,107.32624999999987,108.44000000000017,110.07625000000019,112.43999999999981
600486,2022-09-22,102.63,100.94,103.6,100.81,103.73,21469.2,218279000.0,103.79,106.97,109.94300000000003,110.34,115.2,30.44,-2.92,-2.14,-0.78,扬农化工,化学原料和化学制品制造业,主板,103.52749999999978,105.86124999999988,107.51083333333351,109.02250000000019,112.06595744680831
600486,2022-09-23,100.94,102.19,104.16,100.94,100.94,19126.3,196121000.0,103.26,106.17,109.55850000000002,110.0,114.68,34.08,-3.06,-2.32,-0.74,扬农化工,化学原料和化学制品制造业,主板,102.74999999999976,104.85624999999987,106.74000000000018,108.2962500000002,111.7287234042551
600486,2022-09-26,101.0,100.0,102.28,100.0,102.19,19987.9,202105000.0,102.2,104.91,108.95600000000002,109.44,114.14,31.02,-3.32,-2.52,-0.8,扬农化工,化学原料和化学制品制造业,主板,101.71499999999976,103.63249999999988,105.99083333333351,107.3462500000002,111.34319148936149
600486,2022-09-27,100.0,102.36,102.57,99.65,100.0,16181.0,163424000.0,101.84,104.12,108.33550000000002,109.07,113.61,37.54,-3.28,-2.67,-0.61,扬农化工,化学原料和化学制品制造业,主板,101.37249999999976,102.93999999999988,105.34166666666682,106.6731250000002,111.03744680851042
600486,2022-09-28,102.36,100.15,102.87,100.0,102.36,19117.8,192793000.0,101.13,103.16,107.45300000000002,108.69,113.06,34.27,-3.41,-2.82,-0.59,扬农化工,化学原料和化学制品制造业,主板,101.17499999999977,102.35124999999988,104.29916666666684,105.92687500000021,110.69723404255296
600486,2022-09-29,101.17,102.33,102.5,100.03,100.15,24991.0,253800000.0,101.41,102.6,106.87900000000002,108.44,112.65,39.83,-3.28,-2.91,-0.37,扬农化工,化学原料和化学制品制造业,主板,101.20999999999977,101.97999999999989,103.64083333333349,105.3575000000002,110.38723404255298
600486,2022-09-30,101.59,100.01,103.06,99.7,102.33,25091.5,253055000.0,100.97,102.12,106.11950000000004,108.21,112.17,36.31,-3.34,-3.0,-0.34,扬农化工,化学原料和化学制品制造业,主板,101.21249999999976,101.46374999999989,102.82583333333349,104.7962500000002,110.05170212765937
600486,2022-10-10,100.0,99.05,101.15,99.0,100.01,21743.5,217529000.0,100.78,101.49,105.41550000000004,107.91,111.73,34.94,-3.42,-3.08,-0.34,扬农化工,化学原料和化学制品制造业,主板,100.38499999999976,100.87874999999988,102.08833333333348,104.10250000000019,109.66170212765937
600486,2022-10-11,99.05,100.96,101.5,98.6,99.05,17988.2,180083000.0,100.5,101.17,104.85900000000004,107.54,111.35,39.82,-3.29,-3.12,-0.17,扬农化工,化学原料和化学制品制造业,主板,100.58749999999975,100.88124999999988,101.76333333333349,103.37125000000019,109.3208510638296
600486,2022-10-12,102.02,101.47,102.02,98.31,100.96,17630.6,176982000.0,100.76,100.95,104.36050000000003,107.26,110.99,41.09,-3.1,-3.12,0.02,扬农化工,化学原料和化学制品制造业,主板,100.37249999999976,100.79124999999988,101.44416666666683,102.82375000000019,109.03297872340407
600486,2022-10-13,101.4,100.81,101.41,100.08,101.47,19328.5,194591000.0,100.46,100.93,103.95150000000004,106.94,110.61,39.92,-2.99,-3.09,0.1,扬农化工,化学原料和化学制品制造业,主板,100.57249999999976,100.89249999999987,101.16666666666681,102.26250000000019,108.74382978723386
600486,2022-10-14,101.26,102.88,106.16,101.26,100.81,35679.6,369305000.0,101.03,101.0,103.58800000000004,106.71,110.29,45.21,-2.68,-3.01,0.33,扬农化工,化学原料和化学制品制造业,主板,101.52999999999976,100.95749999999987,101.09583333333349,101.94875000000019,108.52978723404239
600486,2022-10-17,102.26,102.1,103.5,100.07,102.88,33476.4,340576000.0,101.64,101.21,103.06000000000003,106.37,110.0,43.65,-2.49,-2.91,0.42,扬农化工,化学原料和化学制品制造业,主板,101.81499999999976,101.20124999999987,101.19250000000015,101.77625000000019,108.29723404255304
600486,2022-10-18,102.6,103.83,104.76,101.5,102.1,26678.2,275851000.0,102.22,101.36,102.74000000000004,106.01,109.75,47.94,-2.16,-2.76,0.6,扬农化工,化学原料和化学制品制造业,主板,102.40499999999975,101.38874999999987,101.32916666666681,101.68437500000019,108.12234042553176
600486,2022-10-19,103.08,101.91,104.29,101.89,103.83,20624.9,212549000.0,102.31,101.54,102.34600000000003,105.48,109.49,43.94,-2.04,-2.61,0.57,扬农化工,化学原料和化学制品制造业,主板,102.67999999999974,101.62624999999987,101.48833333333347,101.54500000000019,107.8565957446807
600486,2022-10-20,101.91,101.51,102.8,98.35,101.91,26341.8,264787000.0,102.45,101.45,102.02650000000003,105.07,109.21,43.14,-1.95,-2.48,0.53,扬农化工,化学原料和化学制品制造业,主板,102.33749999999975,101.93374999999988,101.41750000000015,101.40625000000018,107.60851063829773
600486,2022-10-21,99.0,92.06,99.0,91.36,101.51,100651.0,926862000.0,100.28,100.66,101.38650000000004,104.3,108.8,29.39,-2.62,-2.51,-0.11,扬农化工,化学原料和化学制品制造业,主板,99.82749999999976,100.82124999999988,100.74333333333347,100.85125000000018,107.15191489361688
600486,2022-10-24,91.0,93.2,94.37,90.1,92.06,57560.9,536223000.0,98.5,100.07,100.78150000000004,103.63,108.41,32.2,-3.01,-2.61,-0.4,扬农化工,化学原料和化学制品制造业,主板,97.16999999999976,99.78749999999988,99.98250000000014,100.28937500000018,106.74808510638282
600486,2022-10-25,91.2,97.0,97.5,89.57,93.2,62316.3,589651000.0,97.14,99.68,100.42450000000005,103.13,108.08,40.66,-2.99,-2.69,-0.3,扬农化工,化学原料和化学制品制造业,主板,95.94249999999977,99.31124999999989,99.73166666666681,100.10187500000018,106.41510638297858
600486,2022-10-26,96.99,98.43,99.99,95.28,97.0,34945.9,343058000.0,96.44,99.37,100.15950000000005,102.7,107.79,43.52,-2.82,-2.71,-0.11,扬农化工,化学原料和化学制品制造业,主板,95.17249999999977,98.7549999999999,99.68000000000016,99.85625000000019,106.02382978723391
600486,2022-10-27,97.73,96.53,98.5,96.5,98.43,18262.5,177482000.0,95.44,98.94,99.93900000000005,102.28,107.45,40.72,-2.81,-2.73,-0.08,扬农化工,化学原料和化学制品制造业,主板,96.28999999999978,98.05874999999989,99.31083333333349,99.63000000000018,105.66787234042539
600486,2022-10-28,96.53,94.41,97.15,94.1,96.53,19550.1,186555000.0,95.91,98.1,99.55000000000004,101.76,107.07,37.79,-2.93,-2.77,-0.16,扬农化工,化学原料和化学制品制造业,主板,96.59249999999979,96.88124999999988,98.72250000000015,99.13500000000019,105.3010638297871
600486,2022-10-31,93.76,92.39,94.5,91.95,94.41,40145.4,373537000.0,95.75,97.13,99.16950000000004,101.08,106.69,35.19,-3.16,-2.85,-0.31,扬农化工,化学原料和化学制品制造业,主板,95.43999999999978,95.69124999999988,98.0208333333335,98.6587500000002,104.92851063829774
600486,2022-11-01,92.39,95.18,95.39,90.2,92.39,33161.1,309227000.0,95.39,96.26,98.81050000000003,100.58,106.37,41.2,-3.08,-2.9,-0.18,扬农化工,化学原料和化学制品制造业,主板,94.62749999999978,94.89999999999989,97.37916666666683,98.4168750000002,104.68255319148925
600486,2022-11-02,94.54,96.83,97.49,94.32,95.18,17605.8,169997000.0,95.07,95.75,98.64450000000004,100.15,106.1,44.48,-2.85,-2.89,0.04,扬农化工,化学原料和化学制品制造业,主板,94.70249999999979,95.49624999999989,96.94000000000017,98.1587500000002,104.43957446808498
600486,2022-11-03,96.5,98.4,99.65,96.42,96.83,16851.9,165897000.0,95.44,95.44,98.44800000000005,99.83,105.86,47.48,-2.51,-2.81,0.3,扬农化工,化学原料和化学制品制造业,主板,95.69999999999979,96.14624999999988,96.48750000000018,97.9668750000002,104.1542553191488
600486,2022-11-04,98.4,99.98,100.58,98.27,98.4,22878.3,227574000.0,96.56,96.24,98.44650000000004,99.67,105.66,50.39,-2.09,-2.67,0.58,扬农化工,化学原料和化学制品制造业,主板,97.5974999999998,96.51874999999988,96.32666666666684,97.9150000000002,103.94319148936157
600486,2022-11-07,100.34,99.26,100.34,98.81,99.98,17487.5,173915000.0,97.93,96.84,98.45700000000005,99.47,105.41,49.06,-1.79,-2.49,0.7,扬农化工,化学原料和化学制品制造业,主板,98.6174999999998,96.62249999999989,96.13916666666684,97.6887500000002,103.70404255319136
600486,2022-11-08,99.84,98.98,99.84,98.04,99.26,13047.2,128680000.0,98.69,97.04,98.35800000000003,99.3,105.17,48.52,-1.57,-2.31,0.74,扬农化工,化学原料和化学制品制造业,主板,99.1549999999998,96.9287499999999,96.71583333333352,97.4937500000002,103.47212765957433
600486,2022-11-09,98.99,100.0,100.55,98.5,98.98,17367.2,173399000.0,99.32,97.2,98.28450000000004,99.17,104.95,50.64,-1.29,-2.1,0.81,扬农化工,化学原料和化学制品制造业,主板,99.55499999999981,97.6274999999999,97.28250000000018,97.25437500000021,103.21574468085092
600486,2022-11-10,99.69,100.24,100.63,99.32,100.0,12601.1,126111000.0,99.69,97.57,98.25600000000004,99.15,104.75,51.15,-1.04,-1.89,0.85,扬农化工,化学原料和化学制品制造业,主板,99.6199999999998,98.6087499999999,97.55250000000018,97.1500000000002,102.90659574468069
600486,2022-11-11,101.64,99.75,102.68,99.66,100.24,15548.9,156479000.0,99.65,98.1,98.09950000000003,99.07,104.53,50.01,-0.87,-1.69,0.82,扬农化工,化学原料和化学制品制造业,主板,99.74249999999981,99.1799999999999,97.66250000000018,97.0400000000002,102.5225531914892
600486,2022-11-14,99.9,101.51,102.37,99.23,99.75,13073.3,132561000.0,100.1,99.01,98.07000000000005,99.12,104.28,53.97,-0.58,-1.47,0.89,扬农化工,化学原料和化学制品制造业,主板,100.3749999999998,99.76499999999989,98.07750000000017,97.63062500000021,102.26085106382962
600486,2022-11-15,101.71,104.16,105.0,100.91,101.51,14363.7,148822000.0,101.13,99.91,98.08650000000004,99.18,104.12,59.2,-0.14,-1.2,1.06,扬农化工,化学原料和化学制品制造业,主板,101.4149999999998,100.48499999999989,98.89000000000017,98.31562500000021,102.02595744680835
600486,2022-11-16,104.3,104.32,106.61,103.71,104.16,13560.4,142074000.0,102.0,100.66,98.20700000000005,99.32,104.0,59.5,0.22,-0.92,1.14,扬农化工,化学原料和化学制品制造业,主板,102.43499999999979,101.02749999999989,99.88416666666683,98.7731250000002,101.83851063829769
600486,2022-11-17,104.0,103.84,104.68,102.7,104.32,6386.09,66113000.0,102.72,101.2,98.32350000000005,99.37,103.9,58.12,0.46,-0.64,1.1,扬农化工,化学原料和化学制品制造业,主板,103.45749999999978,101.5999999999999,100.60583333333348,99.1112500000002,101.66297872340408
600486,2022-11-18,103.58,103.0,105.0,102.7,103.84,10899.5,112836000.0,103.37,101.51,98.87050000000006,99.47,103.84,55.69,0.58,-0.4,0.98,扬农化工,化学原料和化学制品制造业,主板,103.82999999999979,102.10249999999989,101.12000000000016,99.5156250000002,101.48340425531897
600486,2022-11-21,102.35,104.09,104.15,100.97,103.0,22258.6,228836000.0,103.88,101.99,99.41500000000006,99.63,103.77,58.14,0.75,-0.17,0.92,扬农化工,化学原料和化学制品制造业,主板,103.8124999999998,102.6137499999999,101.59416666666681,100.12062500000019,101.37914893617005
600486,2022-11-22,104.15,101.6,104.36,101.3,104.09,10882.9,111337000.0,103.37,102.25,99.64500000000007,99.66,103.6,51.19,0.67,0.0,0.67,扬农化工,化学原料和化学制品制造业,主板,103.13249999999981,102.7837499999999,101.7291666666668,100.69625000000018,101.19723404255305
600486,2022-11-23,102.06,103.72,103.95,100.7,101.6,14876.2,152697000.0,103.25,102.62,99.90950000000007,99.73,103.5,56.01,0.77,0.15,0.62,扬农化工,化学原料和化学制品制造业,主板,103.1024999999998,103.2799999999999,102.10083333333347,101.23000000000017,101.00702127659561
600486,2022-11-24,103.69,102.51,104.45,102.25,103.72,6093.06,62777500.0,102.98,102.85,100.20850000000006,99.79,103.36,52.8,0.76,0.28,0.48,扬农化工,化学原料和化学制品制造业,主板,102.97999999999979,103.4049999999999,102.39500000000014,101.58500000000018,100.84276595744669
600486,2022-11-25,102.54,103.64,103.99,102.01,102.51,6647.09,68672900.0,103.11,103.24,100.67000000000006,99.81,103.26,55.37,0.82,0.38,0.44,扬农化工,化学原料和化学制品制造业,主板,102.86749999999978,103.3399999999999,102.69833333333348,101.91250000000018,100.7119148936169
600486,2022-11-28,102.83,102.06,102.83,101.01,103.64,11365.5,115671000.0,102.71,103.29,101.15350000000007,99.81,103.09,51.18,0.73,0.45,0.28,扬农化工,化学原料和化学制品制造业,主板,102.98249999999976,103.05749999999992,102.85000000000014,102.04250000000017,100.58765957446799
600486,2022-11-29,102.58,104.65,105.1,101.99,102.06,11958.3,124581000.0,103.32,103.34,101.62700000000005,99.84,102.92,56.94,0.87,0.54,0.33,扬农化工,化学原料和化学制品制造业,主板,103.21499999999975,103.15874999999991,103.25833333333348,102.37937500000018,100.5831914893616
600486,2022-11-30,104.68,105.84,105.84,103.45,104.65,10279.5,107538000.0,103.74,103.5,102.07750000000006,99.97,102.72,59.31,1.05,0.64,0.41,扬农化工,化学原料和化学制品制造业,主板,104.04749999999976,103.51374999999992,103.6191666666668,102.80812500000017,100.59468085106373
600486,2022-12-01,105.06,105.22,107.0,104.78,105.84,14497.8,153423000.0,104.28,103.63,102.41850000000004,100.09,102.58,57.53,1.14,0.74,0.4,扬农化工,化学原料和化学制品制造业,主板,104.44249999999977,103.65499999999992,103.70750000000014,103.13437500000018,100.61765957446798
600486,2022-12-02,105.22,105.15,105.8,104.24,105.22,10031.4,105341000.0,104.58,103.85,102.67700000000005,100.53,102.41,57.32,1.18,0.83,0.35,扬农化工,化学原料和化学制品制造业,主板,105.21499999999976,104.09874999999991,103.77666666666681,103.44125000000018,100.64787234042544
600486,2022-12-05,105.37,104.0,105.45,104.0,105.15,10428.2,108886000.0,104.97,103.84,102.91400000000003,100.89,102.26,53.86,1.11,0.88,0.23,扬农化工,化学原料和化学制品制造业,主板,105.05249999999975,104.1337499999999,103.79000000000015,103.70687500000018,100.71297872340416
600486,2022-12-06,104.01,110.0,110.47,103.61,104.0,40565.9,442434000.0,106.04,104.68,103.46500000000003,101.32,102.23,65.56,1.53,1.01,0.52,扬农化工,化学原料和化学制品制造业,主板,106.09249999999975,105.06999999999991,104.37333333333349,104.23750000000018,100.87914893617013
600486,2022-12-07,109.4,107.81,109.88,107.5,110.0,15164.6,164104000.0,106.44,105.09,103.85550000000003,101.64,102.17,59.62,1.66,1.14,0.52,扬农化工,化学原料和化学制品制造业,主板,106.73999999999972,105.5912499999999,104.6833333333335,104.46562500000017,101.0453191489361
600486,2022-12-08,107.97,107.28,109.8,106.8,107.81,14129.5,152258000.0,106.85,105.57,104.20750000000005,101.99,102.14,58.24,1.7,1.25,0.45,扬农化工,化学原料和化学制品制造业,主板,107.27249999999972,106.24374999999989,105.15666666666682,104.65062500000018,101.14999999999992
600486,2022-12-09,107.31,105.89,107.44,105.8,107.28,13118.8,139203000.0,107.0,105.79,104.51450000000004,102.38,102.07,54.68,1.6,1.32,0.28,扬农化工,化学原料和化学制品制造业,主板,107.74499999999972,106.3987499999999,105.33750000000016,104.77875000000019,101.27212765957441
600486,2022-12-12,106.01,104.39,106.3,104.13,105.89,10712.6,112184000.0,107.07,106.02,104.65850000000003,102.78,101.93,51.05,1.39,1.34,0.05,扬农化工,化学原料和化学制品制造业,主板,106.34249999999972,106.21749999999989,105.49416666666684,104.8656250000002,101.31595744680845
600486,2022-12-13,104.44,104.8,105.44,103.13,104.39,9238.23,96565500.0,106.03,106.04,104.69050000000004,103.1,101.84,51.98,1.24,1.32,-0.08,扬农化工,化学原料和化学制品制造业,主板,105.5899999999997,106.16499999999988,105.59083333333349,104.9100000000002,101.41787234042548
600486,2022-12-14,104.8,104.81,105.5,103.52,104.8,6092.68,63628800.0,105.43,105.93,104.71500000000003,103.36,101.76,52.01,1.11,1.28,-0.17,扬农化工,化学原料和化学制品制造业,主板,104.97249999999971,106.12249999999987,105.82000000000016,105.1106250000002,101.54042553191485
600486,2022-12-15,104.41,103.64,105.2,103.5,104.81,6128.17,63713200.0,104.71,105.78,104.70500000000001,103.54,101.68,48.91,0.9,1.2,-0.3,扬农化工,化学原料和化学制品制造业,主板,104.40999999999971,106.07749999999987,105.7358333333335,105.1056250000002,101.5974468085106
600486,2022-12-16,103.53,103.12,104.0,102.65,103.64,8912.43,91887100.0,104.15,105.57,104.71100000000001,103.64,101.66,47.55,0.68,1.1,-0.42,扬农化工,化学原料和化学制品制造业,主板,104.09249999999972,105.21749999999987,105.50916666666684,105.1437500000002,101.63255319148931
600486,2022-12-19,103.0,101.72,104.91,100.66,103.12,7638.99,78244000.0,103.62,105.35,104.5925,103.72,101.6,44.01,0.39,0.96,-0.57,扬农化工,化学原料和化学制品制造业,主板,103.32249999999972,104.45624999999987,105.21750000000019,105.02375000000019,101.65191489361698
600486,2022-12-20,101.72,99.62,102.03,99.61,101.72,7966.33,79977200.0,102.58,104.31,104.4935,103.75,101.52,39.28,0.0,0.76,-0.76,扬农化工,化学原料和化学制品制造业,主板,102.02499999999974,103.49874999999987,104.75666666666685,104.8712500000002,101.58255319148931
600486,2022-12-21,99.83,100.28,101.35,99.01,99.62,6573.52,65901400.0,101.68,103.56,104.32150000000001,103.76,101.46,41.41,-0.26,0.56,-0.82,扬农化工,化学原料和化学制品制造业,主板,101.18499999999975,102.79749999999987,104.44666666666684,104.5981250000002,101.54382978723397
600486,2022-12-22,100.93,98.78,101.74,98.03,100.28,6364.65,63466100.0,100.7,102.7,104.13500000000002,103.71,101.43,38.14,-0.58,0.33,-0.91,扬农化工,化学原料和化学制品制造业,主板,100.09999999999974,102.09624999999987,103.51166666666684,104.1568750000002,101.43638297872333
600486,2022-12-23,97.7,98.8,99.86,97.6,98.78,5230.43,51650700.0,99.84,102.0,103.89300000000003,103.68,101.37,38.21,-0.82,0.1,-0.92,扬农化工,化学原料和化学制品制造业,主板,99.36999999999975,101.34624999999987,102.76083333333351,103.7556250000002,101.37021276595738
600486,2022-12-26,99.47,101.03,101.6,98.37,98.8,7587.43,76656300.0,99.7,101.66,103.84150000000004,103.66,101.39,45.61,-0.83,-0.09,-0.74,扬农化工,化学原料和化学制品制造业,主板,99.72249999999974,100.87374999999986,102.24000000000018,103.49812500000019,101.35999999999993
600486,2022-12-27,101.5,101.8,101.97,100.4,101.03,5469.12,55487700.0,100.14,101.36,103.69900000000004,103.58,101.38,47.93,-0.76,-0.22,-0.54,扬农化工,化学原料和化学制品制造业,主板,100.10249999999974,100.64374999999986,101.89916666666683,103.36062500000018,101.56723404255311
600486,2022-12-28,101.56,101.9,103.86,101.23,101.8,9198.62,94347100.0,100.46,101.07,103.50200000000004,103.5,101.41,48.24,-0.68,-0.31,-0.37,扬农化工,化学原料和化学制品制造业,主板,100.88249999999974,100.49124999999985,101.69166666666683,102.85437500000019,101.75234042553183
600486,2022-12-29,101.9,102.79,103.45,101.07,101.9,9155.42,93871600.0,101.26,100.98,103.38050000000005,103.46,101.42,51.03,-0.55,-0.36,-0.19,扬农化工,化学原料和化学制品制造业,主板,101.87999999999974,100.62499999999984,101.52416666666683,102.54062500000019,101.87553191489353
600486,2022-12-30,103.43,103.9,105.87,102.51,102.79,9245.24,96697200.0,102.28,101.06,103.31800000000005,103.49,101.48,54.33,-0.36,-0.36,0.0,扬农化工,化学原料和化学制品制造业,主板,102.59749999999974,101.15999999999984,101.44833333333351,102.3293750000002,101.99191489361692
600486,2023-01-03,104.35,105.7,106.51,103.5,103.9,13246.2,139849000.0,103.22,101.46,103.40300000000005,103.55,101.59,59.13,-0.05,-0.3,0.25,扬农化工,化学原料和化学制品制造业,主板,103.57249999999975,101.83749999999985,101.62000000000018,102.3175000000002,102.18702127659564
600486,2023-01-04,105.7,105.55,106.28,104.5,105.7,8659.93,91244800.0,103.97,102.05,103.18050000000005,103.68,101.67,58.58,0.18,-0.2,0.38,扬农化工,化学原料和化学制品制造业,主板,104.48499999999976,102.68374999999985,101.82250000000018,102.39000000000019,102.4240425531914
600486,2023-01-05,105.5,105.6,106.22,104.8,105.55,8020.64,84663400.0,104.71,102.58,103.07000000000005,103.74,101.74,58.72,0.36,-0.09,0.45,扬农化工,化学原料和化学制品制造业,主板,105.18749999999976,103.53374999999986,102.1458333333335,102.44000000000018,102.70510638297863
600486,2023-01-06,106.75,106.19,106.75,105.26,105.6,6033.05,63983100.0,105.39,103.33,103.01550000000005,103.87,101.83,60.4,0.54,0.04,0.5,扬农化工,化学原料和化学制品制造业,主板,105.75999999999976,104.17874999999987,102.6933333333335,102.52625000000019,102.93936170212756
600486,2023-01-09,106.2,106.88,109.36,105.67,106.19,12770.0,137897000.0,105.98,104.13,103.06500000000005,103.97,101.89,62.34,0.74,0.18,0.56,扬农化工,化学原料和化学制品制造业,主板,106.05499999999977,104.81374999999987,103.24333333333351,102.72875000000018,103.1531914893616
600486,2023-01-10,107.8,106.4,107.8,105.91,106.88,5332.07,56731500.0,106.12,104.67,103.16550000000007,104.12,101.96,60.14,0.84,0.31,0.53,扬农化工,化学原料和化学制品制造业,主板,106.26749999999977,105.37624999999987,103.87833333333352,102.93375000000017,103.32340425531905
600486,2023-01-11,105.91,106.57,107.7,105.91,106.4,6264.6,66673400.0,106.33,105.15,103.25400000000006,104.18,102.01,60.67,0.93,0.43,0.5,扬农化工,化学原料和化学制品制造业,主板,106.50999999999976,105.84874999999988,104.52583333333352,103.23687500000017,103.4636170212765
600486,2023-01-12,106.1,105.21,107.33,104.68,106.57,10064.2,106055000.0,106.25,105.48,103.27400000000007,104.16,102.07,54.43,0.87,0.52,0.35,扬农化工,化学原料和化学制品制造业,主板,106.26499999999977,106.01249999999989,104.87416666666685,103.58625000000018,103.59021276595735
600486,2023-01-13,105.58,105.19,105.58,103.69,105.21,7783.66,81376900.0,106.05,105.72,103.35150000000007,104.16,102.13,54.34,0.83,0.58,0.25,扬农化工,化学原料和化学制品制造业,主板,105.84249999999977,105.94874999999988,105.15666666666687,103.89312500000018,103.72234042553181
600486,2023-01-16,104.98,106.66,107.8,104.98,105.19,9323.23,99557900.0,106.01,106.0,103.52850000000008,104.21,102.37,59.55,0.89,0.64,0.25,扬农化工,化学原料和化学制品制造业,主板,105.90749999999977,106.08749999999988,105.55333333333353,104.38562500000019,103.86404255319138
600486,2023-01-17,106.76,105.53,106.96,105.12,106.66,7215.78,76282600.0,105.83,105.98,103.7190000000001,104.26,102.58,54.41,0.84,0.68,0.16,扬农化工,化学原料和化学制品制造业,主板,105.64749999999977,106.07874999999987,105.78166666666687,104.80625000000019,103.97659574468075
600486,2023-01-18,105.4,105.5,106.03,104.93,105.53,5401.86,56912400.0,105.62,105.97,104.0130000000001,104.11,102.72,54.28,0.79,0.7,0.09,扬农化工,化学原料和化学制品制造业,主板,105.71999999999976,105.99249999999986,105.91500000000019,105.08562500000019,104.09893617021267
600486,2023-01-19,105.75,104.99,106.2,104.66,105.5,9223.17,96992100.0,105.57,105.91,104.24850000000008,104.02,102.83,51.94,0.71,0.71,0.0,扬农化工,化学原料和化学制品制造业,主板,105.66999999999975,105.75624999999987,105.85583333333352,105.2850000000002,104.17297872340414
600486,2023-01-20,105.13,105.3,106.31,104.99,104.99,10417.3,110045000.0,105.6,105.82,104.57450000000009,103.95,102.97,53.26,0.65,0.69,-0.04,扬农化工,化学原料和化学制品制造业,主板,105.32999999999976,105.61874999999986,105.83500000000019,105.49750000000019,104.19723404255309
600486,2023-01-30,106.14,107.31,108.09,106.14,105.3,17208.2,184921000.0,105.73,105.87,105.00000000000007,104.0,103.19,60.77,0.76,0.71,0.05,扬农化工,化学原料和化学制品制造业,主板,105.77499999999975,105.71124999999986,105.97750000000019,105.78000000000019,104.26085106382969
600486,2023-01-31,107.3,110.42,111.3,107.3,107.31,31802.2,350542000.0,106.7,106.27,105.46950000000007,104.2,103.49,69.06,1.09,0.78,0.31,扬农化工,化学原料和化学制品制造业,主板,107.00499999999974,106.36249999999986,106.3300000000002,106.18750000000018,104.40085106382969
600486,2023-02-01,110.42,109.57,111.37,109.2,110.42,15071.4,165675000.0,107.52,106.57,105.85800000000006,104.36,103.73,65.02,1.27,0.88,0.39,扬农化工,化学原料和化学制品制造业,主板,108.14999999999975,106.90999999999985,106.55416666666686,106.42937500000018,104.54063829787223
600486,2023-02-02,109.49,110.14,110.35,108.38,109.57,12845.5,140768000.0,108.55,107.06,106.27000000000005,104.54,103.95,66.43,1.43,0.99,0.44,扬农化工,化学原料和化学制品制造业,主板,109.35999999999974,107.34499999999986,106.86583333333353,106.71625000000019,104.66936170212756
600486,2023-02-03,110.53,111.09,112.34,108.64,110.14,15470.0,171122000.0,109.71,107.65,106.68500000000006,104.78,104.16,68.71,1.63,1.12,0.51,扬农化工,化学原料和化学制品制造业,主板,110.30499999999974,108.03999999999986,107.24250000000019,107.05937500000019,104.87127659574458
600486,2023-02-06,110.4,110.92,111.0,108.65,111.09,10967.4,120451000.0,110.43,108.08,107.03600000000006,105.04,104.34,67.83,1.75,1.25,0.5,扬农化工,化学原料和化学制品制造业,主板,110.42999999999974,108.71749999999986,107.71833333333353,107.35500000000019,105.02446808510628
600486,2023-02-07,110.3,109.55,110.79,108.7,110.92,11812.4,129509000.0,110.25,108.48,107.22850000000008,105.31,104.52,60.99,1.71,1.34,0.37,扬农化工,化学原料和化学制品制造业,主板,110.42499999999974,109.28749999999985,108.08166666666686,107.5218750000002,105.17425531914883
600486,2023-02-08,109.55,110.3,111.8,109.12,109.55,8200.91,90879700.0,110.4,108.96,107.46600000000008,105.66,104.7,63.18,1.72,1.41,0.31,扬农化工,化学原料和化学制品制造业,主板,110.46499999999975,109.91249999999985,108.38500000000018,107.76562500000018,105.3159574468084
600486,2023-02-09,110.03,110.85,111.47,110.03,110.3,6330.8,70218200.0,110.54,109.54,107.72850000000008,106.01,104.88,64.74,1.75,1.48,0.27,扬农化工,化学原料和化学制品制造业,主板,110.40499999999975,110.35499999999985,108.8283333333335,108.03312500000018,105.50297872340414
600486,2023-02-10,110.7,109.7,111.08,108.65,110.85,9470.63,103803000.0,110.26,109.98,107.90400000000007,106.38,105.04,59.1,1.67,1.52,0.15,扬农化工,化学原料和化学制品制造业,主板,110.09999999999975,110.26499999999986,109.17833333333351,108.31375000000018,105.61042553191479
600486,2023-02-13,109.7,109.3,110.5,108.5,109.7,10529.0,114934000.0,109.94,110.18,108.02500000000006,106.73,105.2,57.23,1.55,1.53,0.02,扬农化工,化学原料和化学制品制造业,主板,110.03749999999975,110.23124999999985,109.53750000000018,108.57062500000018,105.68404255319139
600486,2023-02-14,109.65,109.06,109.96,108.55,109.3,7035.7,76638600.0,109.84,110.05,108.15800000000006,107.0,105.33,56.08,1.42,1.5,-0.08,扬农化工,化学原料和化学制品制造业,主板,109.72749999999975,110.09624999999984,109.85083333333351,108.72062500000017,105.76574468085096
600486,2023-02-15,108.53,106.99,109.3,106.71,109.06,10460.5,112265000.0,109.18,109.79,108.17900000000004,107.17,105.37,47.29,1.14,1.43,-0.29,扬农化工,化学原料和化学制品制造业,主板,108.76249999999973,109.58374999999984,109.82416666666684,108.81187500000017,105.80489361702118
600486,2023-02-16,107.0,105.84,107.43,105.2,106.99,11177.7,119156000.0,108.18,109.36,108.21050000000005,107.3,105.4,43.24,0.81,1.31,-0.5,扬农化工,化学原料和化学制品制造业,主板,107.79749999999974,108.94874999999985,109.44250000000017,108.83312500000017,105.8440425531914
600486,2023-02-17,105.47,107.0,107.29,105.16,105.84,10713.3,114245000.0,107.64,108.95,108.30100000000004,107.44,105.45,48.07,0.64,1.17,-0.53,扬农化工,化学原料和化学制品制造业,主板,107.22249999999973,108.62999999999985,109.22833333333351,108.95875000000017,105.78021276595736
600486,2023-02-20,106.9,105.9,107.5,105.12,107.0,22704.9,241636000.0,106.96,108.45,108.26300000000006,107.51,105.5,44.22,0.41,1.02,-0.61,扬农化工,化学原料和化学制品制造业,主板,106.43249999999973,108.07999999999986,108.87500000000017,108.99625000000017,105.739574468085
600486,2023-02-21,105.89,109.15,109.22,105.87,105.9,20521.5,221191000.0,106.98,108.41,108.44400000000005,107.62,105.59,55.55,0.49,0.91,-0.42,扬农化工,化学原料和化学制品制造业,主板,106.97249999999974,107.86749999999985,108.71333333333352,109.11125000000018,105.77936170212755
600486,2023-02-22,108.94,110.0,110.11,108.3,109.15,13560.1,148366000.0,107.58,108.38,108.66900000000005,107.77,105.73,57.95,0.6,0.85,-0.25,扬农化工,化学原料和化学制品制造业,主板,108.01249999999973,107.90499999999984,108.63666666666684,109.08500000000018,105.86680851063818
600486,2023-02-23,110.0,110.2,112.34,109.26,110.0,15897.9,175451000.0,108.45,108.31,108.92950000000005,107.92,105.83,58.52,0.71,0.82,-0.11,扬农化工,化学原料和化学制品制造业,主板,108.81249999999974,108.01749999999986,108.69083333333352,109.12437500000019,105.99042553191477
600486,2023-02-24,110.99,106.81,110.99,106.44,110.2,16879.7,181253000.0,108.41,108.02,109.00500000000004,107.94,105.9,46.94,0.51,0.76,-0.25,扬农化工,化学原料和化学制品制造业,主板,109.03999999999976,107.73624999999987,108.40000000000019,108.91625000000018,106.03319148936157
600486,2023-02-27,106.75,108.09,108.9,106.03,106.81,13913.7,149986000.0,108.85,107.9,109.04400000000005,107.98,105.98,50.89,0.46,0.7,-0.24,扬农化工,化学原料和化学制品制造业,主板,108.77499999999978,107.87374999999987,108.17000000000019,108.72875000000018,106.10297872340412
600486,2023-02-28,107.98,107.34,108.36,107.1,108.09,9323.18,100386000.0,108.49,107.73,108.89000000000006,108.02,106.07,48.6,0.34,0.63,-0.29,扬农化工,化学原料和化学制品制造业,主板,108.10999999999979,108.06124999999987,107.97333333333351,108.50500000000017,106.18170212765943
600486,2023-03-01,107.39,106.84,107.75,106.51,107.34,8783.43,94036900.0,107.86,107.72,108.75350000000006,108.02,106.1,47.09,0.22,0.55,-0.33,扬农化工,化学原料和化学制品制造业,主板,107.2699999999998,108.04124999999988,107.7683333333335,108.33562500000016,106.26085106382966
600486,2023-03-02,106.95,109.3,110.56,106.54,106.84,14786.9,161186000.0,107.68,108.06,108.71150000000007,108.16,106.16,54.6,0.3,0.5,-0.2,扬农化工,化学原料和化学制品制造业,主板,107.8924999999998,108.46624999999987,107.78833333333351,108.27312500000016,106.42212765957433
600486,2023-03-03,109.14,106.26,109.44,106.01,109.3,15429.3,164908000.0,107.57,107.99,108.47000000000007,108.2,106.18,45.92,0.13,0.42,-0.29,扬农化工,化学原料和化学制品制造业,主板,107.4349999999998,108.10499999999988,107.72750000000018,107.98625000000017,106.56340425531903
600486,2023-03-06,106.3,107.1,107.49,105.8,106.26,9860.13,105261000.0,107.37,108.11,108.27900000000007,108.21,106.21,48.36,0.06,0.35,-0.29,扬农化工,化学原料和化学制品制造业,主板,107.3749999999998,107.74249999999988,107.83250000000017,107.82375000000016,106.70851063829777
600486,2023-03-07,107.0,106.38,108.27,106.35,107.1,8132.43,87165000.0,107.18,107.83,108.12050000000006,108.24,106.25,46.43,-0.06,0.27,-0.33,扬农化工,化学原料和化学制品制造业,主板,107.25999999999979,107.26499999999987,107.78083333333352,107.64125000000017,106.87021276595735
600486,2023-03-08,106.08,106.49,107.0,105.15,106.38,8673.23,92136200.0,107.11,107.48,107.93000000000004,108.27,106.19,46.78,-0.13,0.19,-0.32,扬农化工,化学原料和化学制品制造业,主板,106.55749999999979,107.22499999999988,107.83000000000017,107.48062500000017,107.03382978723393
600486,2023-03-09,106.48,105.16,106.48,104.7,106.49,8327.77,87703200.0,106.28,106.98,107.64550000000004,108.28,106.15,43.11,-0.3,0.09,-0.39,扬农化工,化学原料和化学制品制造业,主板,106.2824999999998,106.85874999999987,107.49750000000017,107.36625000000018,107.12170212765946
600486,2023-03-10,105.16,103.02,105.5,102.85,105.16,10378.7,107554000.0,105.63,106.6,107.31150000000005,108.2,106.08,37.95,-0.6,-0.05,-0.55,扬农化工,化学原料和化学制品制造业,主板,105.26249999999979,106.31874999999987,106.91583333333351,107.19000000000018,107.14765957446798
600486,2023-03-13,103.02,103.2,104.71,102.59,103.02,12388.1,128130000.0,104.85,106.11,107.00650000000003,108.07,106.03,38.61,-0.82,-0.2,-0.62,扬农化工,化学原料和化学制品制造业,主板,104.4674999999998,105.86374999999987,106.33250000000017,106.95250000000019,107.17531914893607
600486,2023-03-14,103.49,103.0,103.49,101.45,103.2,12042.8,123374000.0,104.17,105.68,106.70350000000003,107.82,106.01,38.12,-0.99,-0.36,-0.63,扬农化工,化学原料和化学制品制造业,主板,103.5949999999998,105.07624999999987,106.01500000000017,106.77125000000018,107.17978723404245
600486,2023-03-15,103.0,104.9,105.35,103.0,103.0,16712.1,174947000.0,103.86,105.48,106.59900000000005,107.66,106.01,45.23,-0.95,-0.48,-0.47,扬农化工,化学原料和化学制品制造业,主板,103.5299999999998,104.90624999999987,105.74916666666685,106.50562500000018,107.20106382978713
600486,2023-03-16,105.01,106.49,108.95,104.7,104.9,24357.2,261743000.0,104.12,105.2,106.63150000000003,107.54,106.04,50.36,-0.8,-0.54,-0.26,扬农化工,化学原料和化学制品制造业,主板,104.39749999999981,104.82999999999987,105.67833333333353,106.28625000000018,107.21787234042543
600486,2023-03-17,106.48,106.32,108.4,106.25,106.49,13589.3,145847000.0,104.78,105.21,106.59750000000004,107.38,106.08,49.82,-0.68,-0.57,-0.11,扬农化工,化学原料和化学制品制造业,主板,105.1774999999998,104.82249999999986,105.6350000000002,106.04375000000017,107.23425531914883
600486,2023-03-20,107.48,105.7,107.79,104.72,106.32,21940.2,232157000.0,105.28,105.07,106.58750000000002,107.21,106.13,47.82,-0.62,-0.58,-0.04,扬农化工,化学原料和化学制品制造业,主板,105.8524999999998,104.72374999999987,105.3350000000002,105.97437500000018,107.23638297872328
600486,2023-03-21,105.93,103.93,106.5,103.81,105.7,11803.9,123523000.0,105.47,104.82,106.32650000000001,107.02,106.16,42.55,-0.72,-0.61,-0.11,扬农化工,化学原料和化学制品制造业,主板,105.60999999999981,104.56999999999987,105.14083333333355,105.71437500000019,107.18829787234031
600486,2023-03-22,103.91,102.05,105.46,101.87,103.93,15654.8,161208000.0,104.9,104.38,105.92900000000002,106.75,106.2,37.79,-0.94,-0.67,-0.27,扬农化工,化学原料和化学制品制造业,主板,104.4999999999998,104.44874999999986,104.72000000000021,105.38375000000019,107.08553191489351
600486,2023-03-23,102.08,100.7,102.75,98.82,102.05,25871.2,259272000.0,103.74,103.93,105.45400000000002,106.41,106.21,34.78,-1.2,-0.78,-0.42,扬农化工,化学原料和化学制品制造业,主板,103.09499999999981,104.13624999999986,104.2466666666669,105.0000000000002,106.96425531914883
600486,2023-03-24,100.4,99.62,100.44,99.03,100.7,17192.0,171336000.0,102.4,103.59,105.09450000000001,106.07,106.22,32.55,-1.48,-0.92,-0.56,扬农化工,化学原料和化学制品制造业,主板,101.57499999999982,103.71374999999986,103.67416666666689,104.3950000000002,106.81638297872331
600486,2023-03-27,99.62,98.28,99.78,97.81,99.62,14276.8,140702000.0,100.92,103.1,104.60400000000001,105.7,106.22,29.98,-1.79,-1.09,-0.7,扬农化工,化学原料和化学制品制造业,主板,100.16249999999981,102.88624999999986,103.10083333333354,103.8962500000002,106.66893617021266
600486,2023-03-28,98.45,97.92,99.2,97.09,98.28,20691.2,201831000.0,99.71,102.59,104.13300000000001,105.33,106.16,29.31,-2.04,-1.28,-0.76,扬农化工,化学原料和化学制品制造业,主板,99.12999999999981,101.81499999999986,102.67583333333356,103.3225000000002,106.51425531914884
600486,2023-03-29,97.7,96.81,97.97,96.1,97.92,18070.3,174794000.0,98.67,101.78,103.6315,104.99,106.08,27.28,-2.3,-1.49,-0.81,扬农化工,化学原料和化学制品制造业,主板,98.15749999999981,100.62624999999986,102.14333333333354,102.72437500000021,106.30468085106375
600486,2023-03-30,96.86,97.66,98.33,95.75,96.81,19333.8,187637000.0,98.06,100.9,103.0495,104.72,106.01,31.2,-2.41,-1.67,-0.74,扬农化工,化学原料和化学制品制造业,主板,97.66749999999982,99.62124999999985,101.69833333333355,102.17250000000021,106.1372340425531
600486,2023-03-31,97.68,97.13,98.87,96.72,97.66,11808.5,115457000.0,97.56,99.98,102.59299999999999,104.39,105.92,30.11,-2.51,-1.84,-0.67,扬农化工,化学原料和化学制品制造业,主板,97.37999999999982,98.77124999999984,101.05083333333353,101.67062500000021,105.95914893617014
600486,2023-04-03,97.18,94.41,97.44,93.71,97.13,35252.8,334099000.0,96.79,98.85,101.95849999999999,104.01,105.76,25.24,-2.78,-2.03,-0.75,扬农化工,化学原料和化学制品制造业,主板,96.50249999999981,97.81624999999984,100.04416666666687,101.13250000000022,105.73404255319141
600486,2023-04-04,94.41,92.79,94.42,92.01,94.41,23550.6,218201000.0,95.76,97.74,101.27899999999997,103.46,105.54,22.87,-3.09,-2.24,-0.85,扬农化工,化学原料和化学制品制造业,主板,95.49749999999982,96.82749999999983,98.91666666666687,100.48187500000022,105.46787234042544
600486,2023-04-06,92.74,93.66,94.17,92.05,92.79,14095.6,131954000.0,95.13,96.9,100.63749999999996,102.92,105.34,26.85,-3.23,-2.44,-0.79,扬农化工,化学原料和化学制品制造业,主板,94.49749999999983,96.08249999999983,97.91333333333354,99.89812500000022,105.17744680851054
600486,2023-04-07,93.4,94.0,94.5,93.4,93.66,9291.94,87469800.0,94.4,96.23,100.07949999999995,102.38,105.15,28.4,-3.27,-2.6,-0.67,扬农化工,化学原料和化学制品制造业,主板,93.71499999999983,95.54749999999983,97.08583333333354,99.21687500000021,104.82808510638289
600486,2023-04-10,94.17,95.62,95.69,93.53,94.0,14003.8,133010000.0,94.1,95.83,99.70949999999996,102.01,104.98,35.44,-3.14,-2.71,-0.43,扬农化工,化学原料和化学制品制造业,主板,94.01749999999984,95.25999999999983,96.5500000000002,98.53750000000021,104.53127659574459
600486,2023-04-11,95.48,94.31,95.67,94.0,95.62,12763.9,120907000.0,94.08,95.43,99.26499999999996,101.55,104.77,32.64,-3.1,-2.79,-0.31,扬农化工,化学原料和化学制品制造业,主板,94.39749999999984,94.94749999999985,96.0175000000002,97.78687500000021,104.1944680851063
600486,2023-04-12,94.32,93.81,94.76,93.56,94.31,9727.35,91445800.0,94.28,95.02,98.80549999999997,101.1,104.56,31.62,-3.08,-2.85,-0.23,扬农化工,化学原料和化学制品制造业,主板,94.43499999999983,94.46624999999985,95.53333333333353,97.0437500000002,103.82680851063822
600486,2023-04-13,93.89,94.07,94.44,93.12,93.81,8283.5,77718500.0,94.36,94.75,98.26399999999997,100.67,104.35,32.8,-3.01,-2.88,-0.13,扬农化工,化学原料和化学制品制造业,主板,94.45249999999983,94.08374999999985,95.18250000000019,96.4275000000002,103.46829787234033
600486,2023-04-14,94.42,92.94,94.7,92.79,94.07,9723.49,91009200.0,94.15,94.27,97.58649999999997,100.12,104.14,30.35,-3.0,-2.9,-0.1,扬农化工,化学原料和化学制品制造业,主板,93.78249999999983,93.89999999999985,94.7675000000002,95.8581250000002,103.11489361702117
600486,2023-04-17,92.94,95.03,95.69,92.81,92.94,12731.9,120568000.0,94.03,94.06,97.02199999999996,99.75,103.97,39.38,-2.8,-2.88,0.08,扬农化工,化学原料和化学制品制造业,主板,93.96249999999982,94.17999999999985,94.61916666666686,95.5037500000002,102.78999999999989
600486,2023-04-18,95.05,94.32,95.65,94.31,95.03,10471.2,99339900.0,94.03,94.06,96.45299999999996,99.32,103.77,37.6,-2.67,-2.84,0.17,扬农化工,化学原料和化学制品制造业,主板,94.08999999999982,94.26249999999986,94.34083333333352,95.17250000000018,102.4382978723403
600486,2023-04-19,94.2,95.49,95.96,94.12,94.32,14919.4,142027000.0,94.37,94.32,96.03099999999996,98.96,103.6,42.24,-2.44,-2.76,0.32,扬农化工,化学原料和化学制品制造业,主板,94.44499999999982,94.44874999999986,94.20416666666684,94.99812500000019,102.13595744680838
600486,2023-04-20,95.5,93.3,95.5,93.0,95.49,9985.87,93589200.0,94.22,94.29,95.59349999999996,98.52,103.4,36.73,-2.41,-2.69,0.28,扬农化工,化学原料和化学制品制造业,主板,94.53499999999983,94.15874999999986,94.11166666666684,94.70937500000018,101.79553191489349
600486,2023-04-21,93.4,92.5,93.53,92.21,93.3,9789.61,90847000.0,94.13,94.14,95.18349999999995,98.1,103.19,34.94,-2.41,-2.63,0.22,扬农化工,化学原料和化学制品制造业,主板,93.90249999999983,93.93249999999986,94.08750000000016,94.44000000000018,101.44319148936157
600486,2023-04-24,92.5,91.66,92.86,91.01,92.5,13567.4,124492000.0,93.45,93.74,94.78549999999996,97.72,102.96,33.11,-2.46,-2.6,0.14,扬农化工,化学原料和化学制品制造业,主板,93.23749999999983,93.66374999999985,93.9208333333335,94.06500000000018,101.11702127659561
600486,2023-04-25,92.04,94.06,95.81,92.0,91.66,26326.8,248256000.0,93.4,93.72,94.57449999999996,97.42,102.74,42.38,-2.28,-2.54,0.26,扬农化工,化学原料和化学制品制造业,主板,92.87999999999982,93.66249999999985,93.9258333333335,93.87312500000019,100.86638297872328
600486,2023-04-26,94.76,94.98,95.29,93.21,94.06,14154.8,133827000.0,93.3,93.84,94.42749999999995,97.15,102.48,45.5,-2.04,-2.44,0.4,扬农化工,化学原料和化学制品制造业,主板,93.29999999999983,93.91749999999985,93.87250000000017,93.90875000000018,100.6106382978722
600486,2023-04-27,95.4,94.41,95.4,93.42,94.98,10047.8,94607400.0,93.52,93.87,94.30749999999996,96.8,102.23,43.91,-1.87,-2.32,0.45,扬农化工,化学原料和化学制品制造业,主板,93.77749999999983,93.83999999999985,93.88083333333351,94.01000000000019,100.36617021276582
600486,2023-04-28,94.46,92.09,95.2,91.67,94.41,18275.4,169164000.0,93.44,93.78,94.02899999999995,96.32,101.93,38.09,-1.91,-2.24,0.33,扬农化工,化学原料和化学制品制造业,主板,93.88499999999985,93.56124999999986,93.73750000000018,93.91187500000018,100.00319148936158
600486,2023-05-04,92.16,91.94,92.95,91.7,92.09,8714.62,80294800.0,93.5,93.48,93.76949999999995,95.84,101.61,37.75,-1.92,-2.18,0.26,扬农化工,化学原料和化学制品制造业,主板,93.35499999999985,93.11749999999986,93.56000000000019,93.78312500000018,99.61893617021263
600486,2023-05-05,91.95,90.26,92.49,89.69,91.94,17069.0,154152000.0,92.74,93.07,93.56199999999994,95.32,101.27,34.0,-2.05,-2.15,0.1,扬农化工,化学原料和化学制品制造业,主板,92.17499999999984,92.73749999999987,93.33666666666686,93.44812500000018,99.19468085106371
600486,2023-05-08,90.26,90.35,91.5,88.4,90.26,21617.0,194764000.0,91.81,92.56,93.43999999999994,94.87,100.95,34.37,-2.11,-2.14,0.03,扬农化工,化学原料和化学制品制造业,主板,91.15999999999985,92.46874999999987,92.94666666666684,93.20062500000017,98.84446808510626
600486,2023-05-09,90.18,89.5,90.72,88.91,90.35,17039.9,152848000.0,90.83,92.18,93.23199999999994,94.45,100.6,32.49,-2.21,-2.16,-0.05,扬农化工,化学原料和化学制品制造业,主板,90.51249999999985,92.19874999999988,92.54500000000019,92.93125000000018,98.44893617021263
600486,2023-05-10,88.9,89.67,89.93,88.61,89.5,14007.8,124891000.0,90.34,91.89,93.01549999999995,94.09,100.25,33.28,-2.24,-2.17,-0.07,扬农化工,化学原料和化学制品制造业,主板,89.94499999999985,91.64999999999986,92.06000000000019,92.65625000000018,98.07297872340412
600486,2023-05-11,90.0,92.05,93.19,89.39,89.67,17281.8,158751000.0,90.37,91.93,92.83699999999995,93.83,99.95,43.25,-2.06,-2.15,0.09,扬农化工,化学原料和化学制品制造业,主板,90.39249999999986,91.28374999999986,91.95583333333353,92.60062500000018,97.7582978723403
600486,2023-05-12,92.06,90.63,92.07,90.29,92.05,9166.54,83374400.0,90.44,91.59,92.65299999999995,93.58,99.64,39.46,-2.0,-2.12,0.12,扬农化工,化学原料和化学制品制造业,主板,90.46249999999986,90.81124999999986,91.80000000000018,92.32562500000019,97.3610638297871
600486,2023-05-15,90.44,92.11,92.36,90.2,90.63,8667.1,79447400.0,90.79,91.3,92.56799999999996,93.39,99.36,44.88,-1.82,-2.06,0.24,扬农化工,化学原料和化学制品制造业,主板,91.11499999999987,90.81374999999986,91.83750000000016,92.18750000000018,97.05999999999986
600486,2023-05-16,92.6,91.3,92.6,90.68,92.11,8866.13,80993600.0,91.15,90.99,92.42949999999995,93.2,99.1,42.63,-1.71,-1.99,0.28,扬农化工,化学原料和化学制品制造业,主板,91.52249999999987,90.73374999999984,91.60750000000017,91.92562500000018,96.7238297872339
600486,2023-05-17,91.01,88.92,91.79,88.41,91.3,21334.7,190863000.0,91.0,90.67,92.22849999999995,92.91,98.82,36.8,-1.81,-1.95,0.14,扬农化工,化学原料和化学制品制造业,主板,90.73999999999987,90.56624999999984,91.10250000000018,91.65187500000019,96.35234042553176
600486,2023-05-18,88.99,85.19,89.04,84.88,88.92,29692.1,254485000.0,89.63,90.0,91.73649999999995,92.51,98.45,29.89,-2.16,-2.0,-0.16,扬农化工,化学原料和化学制品制造业,主板,89.37999999999987,89.92124999999983,90.33416666666683,91.19500000000019,95.89914893617006
600486,2023-05-19,85.0,85.53,85.78,84.07,85.19,16445.3,139838000.0,88.61,89.52,91.29699999999995,92.22,98.11,31.16,-2.38,-2.07,-0.31,扬农化工,化学原料和化学制品制造业,主板,87.73499999999987,89.42499999999983,89.78750000000018,90.81187500000019,95.48148936170197
600486,2023-05-22,85.6,90.61,91.18,85.06,85.53,40672.4,363749000.0,88.31,89.55,91.05299999999995,92.14,97.8,46.68,-2.12,-2.08,-0.04,扬农化工,化学原料和化学制品制造业,主板,87.56249999999987,89.54249999999983,89.67666666666683,90.59625000000018,95.21744680851047
600486,2023-05-23,90.88,90.61,91.39,89.94,90.61,12410.7,112421000.0,88.17,89.66,90.91849999999995,92.04,97.48,46.68,-1.89,-2.04,0.15,扬农化工,化学原料和化学制品制造业,主板,87.98499999999987,89.36249999999984,89.70583333333349,90.32312500000018,94.94957446808493
600486,2023-05-24,89.88,89.38,90.5,89.03,90.61,8503.03,76191000.0,88.26,89.63,90.76249999999996,91.89,97.13,43.9,-1.79,-1.99,0.2,扬农化工,化学原料和化学制品制造业,主板,89.03249999999987,89.20624999999984,89.62500000000016,90.00875000000018,94.65978723404238
600486,2023-05-25,89.0,87.76,89.54,87.02,89.38,11057.1,97136400.0,88.78,89.2,90.56749999999995,91.63,96.82,40.48,-1.82,-1.96,0.14,扬农化工,化学原料和化学制品制造业,主板,89.58999999999986,88.66249999999984,89.48000000000015,89.73812500000018,94.29510638297856
600486,2023-05-26,87.5,86.0,87.79,85.03,87.76,10635.2,91557000.0,88.87,88.74,90.16449999999995,91.35,96.45,37.1,-1.97,-1.96,-0.01,扬农化工,化学原料和化学制品制造业,主板,88.43749999999986,87.99999999999984,89.1741666666668,89.36687500000018,93.85914893617006
600486,2023-05-29,86.5,87.65,87.93,84.5,86.0,16477.2,142438000.0,88.28,88.3,89.79799999999996,91.14,96.12,41.99,-1.92,-1.95,0.03,扬农化工,化学原料和化学制品制造业,主板,87.69749999999985,87.84124999999985,88.80750000000016,89.20375000000018,93.46191489361686
600486,2023-05-30,86.9,84.66,86.92,83.38,87.65,18966.0,160392000.0,87.09,87.63,89.31049999999996,90.83,95.75,36.46,-2.1,-1.98,-0.12,扬农化工,化学原料和化学制品制造业,主板,86.51749999999984,87.77499999999984,88.31000000000017,88.8481250000002,93.01425531914879
600486,2023-05-31,84.6,82.99,84.81,81.55,84.66,19919.9,164861000.0,85.81,87.04,88.85549999999996,90.5,95.31,33.78,-2.35,-2.06,-0.29,扬农化工,化学原料和化学制品制造业,主板,85.32499999999985,87.45749999999984,87.55000000000018,88.4412500000002,92.56872340425515
600486,2023-06-01,82.58,83.58,85.47,82.1,82.99,13869.8,116729000.0,84.98,86.88,88.43749999999996,90.12,94.93,35.58,-2.48,-2.14,-0.34,扬农化工,化学原料和化学制品制造业,主板,84.71999999999984,86.57874999999984,86.90666666666685,88.06062500000019,92.1757446808509
600486,2023-06-02,83.59,85.72,85.96,83.59,83.58,13973.0,119090000.0,84.92,86.9,88.21049999999995,89.83,94.58,41.76,-2.38,-2.19,-0.19,扬农化工,化学原料和化学制品制造业,主板,84.23749999999984,85.96749999999984,86.64000000000017,87.66500000000019,91.85702127659559
600486,2023-06-05,85.54,84.7,85.54,83.26,85.72,9422.47,79266500.0,84.33,86.3,87.92799999999997,89.47,94.22,39.8,-2.36,-2.22,-0.14,扬农化工,化学原料和化学制品制造业,主板,84.24749999999983,85.38249999999985,86.59916666666685,87.2943750000002,91.53957446808495
600486,2023-06-06,84.58,84.0,84.8,83.63,84.7,5417.02,45595300.0,84.2,85.64,87.65299999999996,89.16,93.84,38.47,-2.36,-2.25,-0.11,扬农化工,化学原料和化学制品制造业,主板,84.49999999999983,84.91249999999985,86.47166666666685,86.78750000000021,91.23574468085091
600486,2023-06-07,83.16,83.16,84.2,82.8,84.0,5934.18,49368900.0,84.23,85.02,87.32749999999996,88.85,93.47,36.87,-2.41,-2.28,-0.13,扬农化工,化学原料和化学制品制造业,主板,84.39499999999983,84.55749999999985,85.85083333333353,86.27875000000022,90.92170212765942
600486,2023-06-08,82.72,84.07,84.5,82.54,83.16,7523.0,63073700.0,84.33,84.65,86.92849999999996,88.6,93.16,39.79,-2.34,-2.29,-0.05,扬农化工,化学原料和化学制品制造业,主板,83.98249999999982,84.10999999999986,85.30583333333352,85.9756250000002,90.65063829787216
600486,2023-06-09,83.82,83.57,84.25,83.13,84.07,10105.8,84564000.0,83.9,84.41,86.57549999999996,88.25,92.83,38.73,-2.31,-2.3,-0.01,扬农化工,化学原料和化学制品制造业,主板,83.69999999999982,83.97374999999987,84.82166666666686,85.8743750000002,90.35085106382961
600486,2023-06-12,83.57,85.07,85.7,83.5,83.57,11018.8,93614300.0,83.97,84.15,86.22349999999997,87.92,92.53,43.58,-2.13,-2.26,0.13,扬农化工,化学原料和化学制品制造业,主板,83.96749999999982,84.23374999999987,84.5975000000002,85.8456250000002,90.09425531914874
600486,2023-06-13,85.07,85.17,85.56,84.19,85.07,8944.09,75939000.0,84.21,84.2,85.91699999999997,87.61,92.2,43.9,-1.96,-2.2,0.24,扬农化工,化学原料和化学制品制造业,主板,84.46999999999983,84.43249999999986,84.52833333333353,85.50562500000021,89.89765957446791
600486,2023-06-14,85.17,85.25,86.28,84.67,85.17,5989.0,51170500.0,84.63,84.43,85.73349999999996,87.38,91.85,44.17,-1.8,-2.12,0.32,扬农化工,化学原料和化学制品制造业,主板,84.76499999999983,84.37374999999986,84.32833333333353,85.17062500000021,89.73723404255301
600486,2023-06-15,85.05,86.93,87.45,84.8,85.25,13166.4,113589000.0,85.2,84.76,85.82049999999997,87.21,91.53,49.69,-1.53,-2.0,0.47,扬农化工,化学原料和化学制品制造业,主板,85.60499999999983,84.65249999999986,84.5175000000002,85.01750000000021,89.59404255319131
600486,2023-06-16,86.93,85.98,87.13,85.58,86.93,9829.0,84620400.0,85.68,84.79,85.84299999999998,87.07,91.2,46.87,-1.37,-1.88,0.51,扬农化工,化学原料和化学制品制造业,主板,85.83249999999984,84.89999999999986,84.76666666666686,84.90625000000021,89.42340425531897
600486,2023-06-19,85.98,85.52,86.35,85.12,85.98,5176.54,44357700.0,85.77,84.87,85.58849999999998,86.91,90.89,45.52,-1.26,-1.75,0.49,扬农化工,化学原料和化学制品制造业,主板,85.91999999999983,85.19499999999987,84.92833333333353,84.87625000000021,89.2085106382977
600486,2023-06-20,85.61,84.74,86.38,84.7,85.52,9446.97,80480800.0,85.68,84.95,85.29499999999999,86.75,90.6,43.25,-1.22,-1.65,0.43,扬农化工,化学原料和化学制品制造业,主板,85.79249999999983,85.27874999999986,84.84666666666685,84.6943750000002,89.0048936170211
600486,2023-06-21,84.39,83.9,85.09,83.62,84.74,6769.75,56959600.0,85.41,85.02,85.02099999999999,86.56,90.32,40.89,-1.24,-1.57,0.33,扬农化工,化学原料和化学制品制造业,主板,85.03499999999984,85.31999999999985,84.78000000000019,84.64687500000021,88.79404255319129
600486,2023-06-26,82.46,84.9,85.61,82.46,83.9,7989.67,67412800.0,85.01,85.1,84.87799999999999,86.32,90.08,44.76,-1.17,-1.49,0.32,扬农化工,化学原料和化学制品制造业,主板,84.76499999999984,85.29874999999984,84.85500000000019,84.76625000000021,88.59893617021257
600486,2023-06-27,85.01,86.08,89.7,84.53,84.9,15490.6,135051000.0,85.03,85.35,84.88199999999998,86.17,89.87,49.0,-1.01,-1.39,0.38,扬农化工,化学原料和化学制品制造业,主板,84.90499999999984,85.41249999999985,85.09833333333351,84.92250000000021,88.45297872340406
600486,2023-06-28,86.51,87.71,89.17,86.44,86.08,15782.9,138660000.0,85.47,85.62,84.88499999999998,86.02,89.7,54.24,-0.74,-1.26,0.52,扬农化工,化学原料和化学制品制造业,主板,85.64749999999984,85.71999999999986,85.40166666666686,85.04687500000021,88.297234042553
600486,2023-06-29,87.71,86.81,87.87,85.9,87.71,11269.2,97528900.0,85.88,85.78,84.99249999999998,85.87,89.54,51.12,-0.59,-1.13,0.54,扬农化工,化学原料和化学制品制造业,主板,86.37499999999983,85.70499999999984,85.67166666666685,85.1787500000002,88.13744680851046
600486,2023-06-30,86.81,87.42,88.2,86.45,86.81,7825.67,68414600.0,86.58,86.0,85.21399999999997,85.82,89.37,53.09,-0.42,-0.99,0.57,扬农化工,化学原料和化学制品制造业,主板,87.00499999999982,85.88499999999983,85.86750000000019,85.39250000000021,87.9657446808509
600486,2023-07-03,87.95,88.83,89.1,87.53,87.42,11474.2,101662000.0,87.37,86.19,85.47649999999997,85.94,89.23,57.36,-0.17,-0.82,0.65,扬农化工,化学原料和化学制品制造业,主板,87.69249999999982,86.29874999999984,86.17250000000018,85.7468750000002,87.87063829787216
600486,2023-07-04,88.83,86.73,88.83,86.6,88.83,12812.6,111959000.0,87.5,86.26,85.52699999999997,85.98,89.1,50.05,-0.14,-0.69,0.55,扬农化工,化学原料和化学制品制造业,主板,87.44749999999983,86.54749999999984,86.29583333333352,85.9131250000002,87.74787234042535
600486,2023-07-05,86.77,87.75,87.86,86.2,86.73,7238.26,63294500.0,87.51,86.49,85.67949999999998,85.89,89.02,53.17,-0.03,-0.55,0.52,扬农化工,化学原料和化学制品制造业,主板,87.68249999999983,87.02874999999985,86.36416666666685,86.17437500000021,87.66468085106365
600486,2023-07-06,87.9,87.44,88.35,87.07,87.75,6759.2,59288000.0,87.63,86.76,85.85149999999997,85.78,88.91,52.1,0.03,-0.44,0.47,扬农化工,化学原料和化学制品制造业,主板,87.68749999999983,87.34624999999984,86.48583333333352,86.32250000000022,87.52382978723385
600486,2023-07-07,87.24,86.92,88.08,86.69,87.44,7188.51,62672800.0,87.53,87.06,86.03949999999998,85.7,88.79,50.28,0.04,-0.34,0.38,扬农化工,化学原料和化学制品制造业,主板,87.20999999999984,87.45124999999983,86.60250000000019,86.43187500000022,87.35234042553174
600486,2023-07-10,87.0,87.87,88.3,86.93,86.92,7810.11,68506600.0,87.34,87.36,86.22949999999997,85.7,88.66,53.48,0.12,-0.25,0.37,扬农化工,化学原料和化学制品制造业,主板,87.49499999999983,87.47124999999983,86.86333333333351,86.59562500000021,87.21319148936152
600486,2023-07-11,88.19,87.94,88.3,87.35,87.87,6006.15,52738300.0,87.58,87.54,86.44799999999998,85.77,88.56,53.72,0.18,-0.16,0.34,扬农化工,化学原料和化学制品制造业,主板,87.54249999999983,87.61249999999984,87.20000000000017,86.65875000000021,87.12489361702109
600486,2023-07-12,88.3,89.6,90.28,87.22,87.94,17885.7,159279000.0,87.95,87.73,86.67449999999998,85.83,88.49,59.03,0.37,-0.06,0.43,扬农化工,化学原料和化学制品制造业,主板,88.08249999999983,87.88499999999985,87.59166666666682,86.8850000000002,87.07510638297853
600486,2023-07-13,89.58,89.63,90.37,88.8,89.6,17251.6,154480000.0,88.39,88.01,86.89749999999997,86.0,88.41,59.13,0.5,0.05,0.45,扬农化工,化学原料和化学制品制造业,主板,88.75999999999982,87.98499999999984,87.88750000000016,87.1418750000002,87.06170212765937
600486,2023-07-14,89.68,88.99,90.08,88.8,89.63,10324.0,92028500.0,88.81,88.17,87.08449999999996,86.2,88.35,56.24,0.56,0.16,0.4,扬农化工,化学原料和化学制品制造业,主板,89.03999999999982,88.26749999999984,87.99416666666683,87.4075000000002,87.0327659574466
600486,2023-07-17,67.94,67.88,68.94,67.13,88.99,10770.5,73157600.0,84.81,86.08,86.13199999999996,85.68,87.9,20.59,-1.09,-0.09,-1.0,扬农化工,化学原料和化学制品制造业,主板,84.02499999999982,85.78374999999984,86.41666666666681,86.4062500000002,86.57276595744659
600486,2023-07-18,68.0,70.27,70.59,67.8,67.88,35164.5,245101000.0,81.27,84.43,85.34649999999996,85.16,87.5,26.29,-2.17,-0.51,-1.66,扬农化工,化学原料和化学制品制造业,主板,79.19249999999982,83.63749999999985,84.98750000000015,85.49187500000019,86.1599999999998
600486,2023-07-19,70.0,69.65,71.14,69.5,70.27,16219.7,113896000.0,77.28,82.62,84.55299999999997,84.66,87.06,25.77,-3.05,-1.02,-2.03,扬农化工,化学原料和化学制品制造业,主板,74.19749999999982,81.47874999999985,83.38916666666681,84.4650000000002,85.68340425531893
600486,2023-07-20,69.99,70.53,71.82,69.7,69.65,26066.7,185294000.0,73.46,80.93,83.84249999999996,84.21,86.69,27.94,-3.63,-1.54,-2.09,扬农化工,化学原料和化学制品制造业,主板,69.58249999999981,79.31124999999984,82.03916666666682,83.3912500000002,85.25574468085084
600486,2023-07-21,70.53,71.98,72.39,70.21,70.53,22271.6,159062000.0,70.06,79.43,83.24649999999995,83.84,86.34,31.48,-3.93,-2.02,-1.91,扬农化工,化学原料和化学制品制造业,主板,70.60749999999982,77.31624999999985,80.72500000000015,82.4643750000002,84.82744680851042
600486,2023-07-24,71.99,69.78,72.1,69.74,71.98,24251.7,170626000.0,70.44,77.62,82.49049999999995,83.36,85.98,29.14,-4.3,-2.47,-1.83,扬农化工,化学原料和化学制品制造业,主板,70.48499999999981,74.83874999999985,79.25333333333349,81.3618750000002,84.36957446808488
600486,2023-07-25,70.18,69.57,70.77,68.88,69.78,20368.2,141428000.0,70.3,75.79,81.66499999999995,82.89,85.57,28.92,-4.55,-2.89,-1.66,扬农化工,化学原料和化学制品制造业,主板,70.4649999999998,72.33124999999986,77.80750000000015,80.1581250000002,83.95787234042531
600486,2023-07-26,69.8,71.17,72.29,69.61,69.57,27550.7,196170000.0,70.61,73.95,80.83799999999995,82.43,85.17,33.08,-4.57,-3.23,-1.34,扬农化工,化学原料和化学制品制造业,主板,70.6249999999998,70.10374999999985,76.41583333333348,79.1856250000002,83.65957446808488
600486,2023-07-27,71.47,70.41,71.6,69.91,71.17,14660.9,103381000.0,70.58,72.02,80.01799999999996,81.94,84.77,32.12,-4.6,-3.5,-1.1,扬农化工,化学原料和化学制品制造业,主板,70.23249999999979,70.41999999999985,74.95500000000014,78.1018750000002,83.3378723404253
600486,2023-07-28,70.07,70.67,71.39,69.9,70.41,16602.6,117530000.0,70.32,70.19,79.18049999999997,81.45,84.42,32.84,-4.54,-3.71,-0.83,扬农化工,化学原料和化学制品制造业,主板,70.45499999999979,70.46999999999984,73.37750000000013,77.0537500000002,82.91361702127637
600486,2023-07-31,71.0,71.01,71.97,70.37,70.67,15610.3,110919000.0,70.57,70.5,78.28949999999996,80.92,84.07,33.83,-4.42,-3.85,-0.57,扬农化工,化学原料和化学制品制造业,主板,70.81499999999978,70.63999999999984,71.82583333333346,76.0593750000002,82.49659574468062
600486,2023-08-01,71.01,70.65,71.05,69.66,71.01,20609.2,144897000.0,70.78,70.54,77.48549999999997,80.41,83.74,33.27,-4.3,-3.94,-0.36,扬农化工,化学原料和化学制品制造业,主板,70.68499999999979,70.65499999999984,70.29750000000013,74.9831250000002,82.09808510638275
600486,2023-08-02,70.55,70.61,71.11,69.91,70.65,16409.6,115696000.0,70.67,70.64,76.62849999999996,79.91,83.41,33.21,-4.17,-3.99,-0.18,扬农化工,化学原料和化学制品制造业,主板,70.73499999999979,70.48374999999984,70.52500000000013,73.90000000000019,81.73319148936147
600486,2023-08-03,70.61,70.72,71.2,70.01,70.61,11777.8,83440500.0,70.73,70.66,75.79249999999996,79.45,83.1,33.59,-4.0,-3.99,-0.01,扬农化工,化学原料和化学制品制造业,主板,70.74749999999979,70.60124999999985,70.56250000000013,72.7200000000002,81.40808510638274
600486,2023-08-04,70.87,70.83,71.65,70.61,70.72,17681.3,125742000.0,70.76,70.54,74.98799999999996,79.01,82.79,34.01,-3.82,-3.96,0.14,扬农化工,化学原料和化学制品制造业,主板,70.70249999999979,70.75874999999985,70.66083333333347,71.54500000000019,81.05021276595721
600486,2023-08-07,70.94,71.2,71.38,70.55,70.83,16078.1,114074000.0,70.8,70.68,74.15449999999996,78.56,82.44,35.46,-3.6,-3.88,0.28,扬农化工,化学原料和化学制品制造业,主板,70.83999999999978,70.76249999999986,70.71666666666681,70.43312500000019,80.7638297872338
600486,2023-08-08,71.38,72.54,72.77,70.68,71.2,33668.1,242161000.0,71.18,70.98,73.38449999999996,78.1,82.14,40.56,-3.29,-3.77,0.48,扬农化工,化学原料和化学制品制造业,主板,71.32249999999978,71.02874999999986,70.76333333333348,70.72437500000018,80.54148936170189
600486,2023-08-09,71.98,72.55,72.69,70.8,72.54,15521.5,111889000.0,71.57,71.12,72.53199999999995,77.6,81.81,40.6,-3.0,-3.61,0.61,扬农化工,化学原料和化学制品制造业,主板,71.77999999999977,71.26374999999986,70.9941666666668,70.86687500000018,80.30680851063806
600486,2023-08-10,72.67,72.72,72.97,72.19,72.55,14272.0,103552000.0,71.97,71.35,71.68649999999995,77.13,81.5,41.28,-2.72,-3.43,0.71,扬农化工,化学原料和化学制品制造业,主板,72.25249999999978,71.47749999999986,71.25666666666682,71.05875000000017,80.03021276595722
600486,2023-08-11,72.72,71.48,72.98,71.3,72.72,16070.2,115450000.0,72.1,71.43,70.81099999999995,76.6,81.21,37.87,-2.58,-3.26,0.68,扬农化工,化学原料和化学制品制造业,主板,72.32249999999979,71.58124999999987,71.28250000000016,71.11812500000018,79.74893617021254
600486,2023-08-14,70.94,71.47,71.59,70.5,71.48,12615.4,89632400.0,72.15,71.48,70.99049999999995,76.02,80.98,37.84,-2.44,-3.1,0.66,扬农化工,化学原料和化学制品制造业,主板,72.0549999999998,71.68874999999987,71.3708333333335,71.08625000000018,79.48234042553169
600486,2023-08-15,71.11,71.27,72.5,70.48,71.47,10027.6,71357700.0,71.9,71.54,71.04049999999995,75.5,80.74,37.26,-2.32,-2.94,0.62,扬农化工,化学原料和化学制品制造业,主板,71.73499999999979,71.75749999999987,71.42083333333349,71.17937500000018,79.22936170212743
600486,2023-08-16,70.9,69.57,71.48,69.57,71.27,17664.0,123784000.0,71.3,71.43,71.03649999999995,74.9,80.39,32.7,-2.32,-2.82,0.5,扬农化工,化学原料和化学制品制造业,主板,70.94749999999979,71.59999999999987,71.3008333333335,71.17937500000018,78.92085106382956
600486,2023-08-17,69.68,69.32,69.89,68.53,69.57,12472.7,86317400.0,70.62,71.29,70.97599999999994,74.29,80.04,32.08,-2.33,-2.72,0.39,扬农化工,化学原料和化学制品制造业,主板,70.40749999999979,71.36499999999987,71.19000000000015,71.06375000000017,78.61765957446785
600486,2023-08-18,69.32,68.48,69.62,68.3,69.32,9766.8,67241800.0,70.02,71.06,70.80099999999995,73.68,79.69,30.01,-2.37,-2.65,0.28,扬农化工,化学原料和化学制品制造业,主板,69.6599999999998,70.85749999999987,71.01250000000016,70.94312500000017,78.2646808510636
600486,2023-08-21,68.42,68.32,69.59,67.61,68.48,9452.12,64816000.0,69.39,70.77,70.72799999999994,73.03,79.37,29.62,-2.39,-2.6,0.21,扬农化工,化学原料和化学制品制造业,主板,68.9224999999998,70.32874999999987,70.81250000000016,70.79625000000016,77.90617021276573
600486,2023-08-22,68.32,67.16,68.83,66.6,68.32,11566.3,77956300.0,68.57,70.23,70.60749999999994,72.33,79.05,26.88,-2.47,-2.57,0.1,扬农化工,化学原料和化学制品制造业,主板,68.31999999999981,69.63374999999986,70.50666666666682,70.55562500000016,77.52127659574445
600486,2023-08-23,67.38,66.05,67.43,66.01,67.16,11187.1,74550200.0,67.87,69.58,70.35149999999994,71.55,78.69,24.55,-2.6,-2.58,-0.02,扬农化工,化学原料和化学制品制造业,主板,67.50249999999981,68.95499999999986,70.07750000000014,70.26812500000015,77.07702127659552
600486,2023-08-24,66.05,66.42,66.68,65.58,66.05,13549.4,89594900.0,67.29,68.95,70.15199999999994,70.78,78.39,26.83,-2.63,-2.59,-0.04,扬农化工,化学原料和化学制品制造业,主板,66.98749999999981,68.32374999999985,69.56750000000014,70.00625000000016,76.66085106382957
600486,2023-08-25,66.08,66.67,67.58,66.08,66.42,7940.63,53119600.0,66.92,68.47,69.95199999999994,70.03,78.12,28.41,-2.61,-2.59,-0.02,扬农化工,化学原料和化学制品制造业,主板,66.57499999999982,67.74874999999984,69.07750000000014,69.75312500000017,76.25978723404234
600486,2023-08-28,69.15,65.65,69.5,65.62,66.67,20585.1,138429000.0,66.39,67.89,69.68399999999994,69.96,77.82,25.95,-2.65,-2.6,-0.05,扬农化工,化学原料和化学制品制造业,主板,66.19749999999982,67.25874999999985,68.48833333333347,69.42937500000018,75.85361702127638
600486,2023-08-29,65.35,64.58,65.74,63.86,65.65,30160.5,195527000.0,65.87,67.22,69.38049999999994,69.77,77.46,23.64,-2.73,-2.63,-0.1,扬农化工,化学原料和化学制品制造业,主板,65.82999999999981,66.66624999999985,67.91333333333347,69.01562500000017,75.44255319148914
600486,2023-08-30,64.61,63.74,65.27,63.74,64.58,19707.9,126716000.0,65.41,66.64,69.03699999999995,69.57,77.11,21.98,-2.83,-2.67,-0.16,扬农化工,化学原料和化学制品制造业,主板,65.15999999999981,66.07374999999985,67.2691666666668,68.46562500000017,74.9923404255317
600486,2023-08-31,63.76,63.92,64.28,63.35,63.74,11947.0,76324900.0,64.91,66.1,68.69699999999995,69.35,76.78,23.22,-2.86,-2.71,-0.15,扬农化工,化学原料和化学制品制造业,主板,64.47249999999981,65.52374999999984,66.6566666666668,67.92625000000018,74.52085106382957
600486,2023-09-01,64.0,64.97,65.34,63.94,63.92,10640.2,69042100.0,64.57,65.75,68.40399999999995,69.12,76.48,30.19,-2.77,-2.72,-0.05,扬农化工,化学原料和化学制品制造业,主板,64.30249999999981,65.24999999999984,66.27333333333347,67.44187500000018,74.03702127659552
600486,2023-09-04,65.39,66.15,66.42,65.03,64.97,14610.2,96452600.0,64.67,65.53,68.15149999999996,69.0,76.18,37.1,-2.58,-2.69,0.11,扬农化工,化学原料和化学制品制造业,主板,64.69499999999981,65.26249999999985,66.00916666666679,67.10875000000019,73.59744680851041
600486,2023-09-05,66.0,66.09,66.57,65.4,66.15,10229.2,67492100.0,64.97,65.42,67.82899999999995,68.88,75.89,36.9,-2.39,-2.63,0.24,扬农化工,化学原料和化学制品制造业,主板,65.2824999999998,65.22124999999986,65.81000000000013,66.77250000000018,73.14361702127637
600486,2023-09-06,65.94,65.46,66.06,65.1,66.09,12419.7,81358100.0,65.32,65.36,67.47449999999995,68.69,75.56,34.78,-2.28,-2.56,0.28,扬农化工,化学原料和化学制品制造业,主板,65.66749999999979,65.06999999999987,65.57166666666679,66.40937500000018,72.64638297872318
600486,2023-09-07,65.25,65.74,66.55,65.25,65.46,10941.9,72219400.0,65.68,65.3,67.12549999999996,68.53,75.24,36.53,-2.14,-2.48,0.34,扬农化工,化学原料和化学制品制造业,主板,65.85999999999979,65.08124999999987,65.45333333333346,66.17000000000019,72.19978723404233
600486,2023-09-08,65.51,65.69,66.82,65.51,65.74,6601.73,43676200.0,65.83,65.2,66.83599999999996,68.37,74.91,36.34,-2.01,-2.38,0.37,扬农化工,化学原料和化学制品制造业,主板,65.74499999999978,65.21999999999987,65.42333333333346,65.9431250000002,71.73042553191468
600486,2023-09-11,65.69,65.87,66.62,65.55,65.69,8006.8,53035600.0,65.77,65.22,66.55599999999995,68.2,74.56,37.58,-1.87,-2.28,0.41,扬农化工,化学原料和化学制品制造业,主板,65.68999999999977,65.48624999999987,65.37750000000013,65.7800000000002,71.2714893617019
600486,2023-09-12,65.92,66.92,67.09,65.57,65.87,11667.9,77765300.0,65.94,65.46,66.33849999999997,68.07,74.24,44.38,-1.65,-2.15,0.5,扬农化工,化学原料和化学制品制造业,主板,66.05499999999978,65.86124999999987,65.39833333333347,65.69250000000021,70.84595744680828
600486,2023-09-13,67.0,67.65,67.95,66.72,66.92,12192.4,82207700.0,66.37,65.85,66.24249999999998,67.97,73.94,48.58,-1.41,-2.01,0.6,扬农化工,化学原料和化学制品制造业,主板,66.53249999999977,66.19624999999986,65.56500000000013,65.72312500000021,70.41574468085084
600486,2023-09-14,67.55,67.79,68.3,67.29,67.65,11408.9,77337100.0,66.78,66.23,66.16599999999997,67.88,73.66,49.37,-1.2,-1.84,0.64,扬农化工,化学原料和化学制品制造业,主板,67.05749999999978,66.40124999999986,65.83250000000012,65.83187500000021,69.98702127659551
600486,2023-09-15,67.98,67.15,67.98,66.53,67.79,11374.8,76313800.0,67.08,66.45,66.09949999999998,67.75,73.38,45.9,-1.06,-1.69,0.63,扬农化工,化学原料和化学制品制造业,主板,67.37749999999977,66.53374999999986,66.11666666666679,65.87750000000021,69.50936170212744
600486,2023-09-18,67.15,68.0,68.45,66.97,67.15,12748.4,86557500.0,67.5,66.64,66.08349999999999,67.65,73.1,50.84,-0.87,-1.52,0.65,扬农化工,化学原料和化学制品制造业,主板,67.64749999999977,66.85124999999985,66.45666666666679,65.9606250000002,69.04914893616998
600486,2023-09-19,67.8,68.21,68.49,67.11,68.0,11023.0,74738500.0,67.76,66.85,66.13599999999998,67.5,72.8,52.0,-0.71,-1.36,0.65,扬农化工,化学原料和化学制品制造业,主板,67.78749999999977,67.15999999999985,66.72666666666679,66.1206250000002,68.60702127659553
600486,2023-09-20,68.4,68.59,68.86,67.61,68.21,9681.83,66274600.0,67.95,67.16,66.26299999999998,67.37,72.48,54.12,-0.53,-1.2,0.67,扬农化工,化学原料和化学制品制造业,主板,67.98749999999977,67.52249999999987,66.93000000000013,66.3712500000002,68.62212765957425
600486,2023-09-21,68.82,68.74,69.15,68.23,68.59,11984.8,82353200.0,68.14,67.46,66.37899999999998,67.24,72.18,54.97,-0.37,-1.03,0.66,扬农化工,化学原料和化学制品制造业,主板,68.38499999999976,67.88124999999987,67.15083333333347,66.6837500000002,68.58957446808489
600486,2023-09-22,68.78,68.0,68.99,67.4,68.74,11809.8,80164900.0,68.31,67.69,66.44549999999997,67.12,71.86,50.07,-0.31,-0.89,0.58,扬农化工,化学原料和化学制品制造业,主板,68.38499999999976,68.01624999999987,67.36250000000013,66.9387500000002,68.55446808510617
600486,2023-09-25,67.82,67.63,68.21,67.36,68.0,12430.6,84163200.0,68.23,67.87,66.54449999999997,66.99,71.51,47.77,-0.28,-0.76,0.48,扬农化工,化学原料和化学制品制造业,主板,68.23999999999977,68.01374999999987,67.52000000000012,67.1050000000002,68.49276595744658
600486,2023-09-26,67.63,67.32,68.06,66.88,67.63,7563.95,50983600.0,68.06,67.91,66.68149999999997,66.86,71.18,45.88,-0.29,-0.67,0.38,扬农化工,化学原料和化学制品制造业,主板,67.92249999999976,67.95499999999987,67.65583333333346,67.1781250000002,68.39361702127637
600486,2023-09-27,67.28,68.29,68.45,67.28,67.32,10765.4,73255500.0,68.0,67.97,66.90899999999996,66.82,70.86,52.26,-0.21,-0.58,0.37,扬农化工,化学原料和化学制品制造业,主板,67.80999999999976,68.09749999999987,67.85750000000012,67.3156250000002,68.3619148936168
600486,2023-09-28,68.12,69.0,69.05,67.74,68.29,15793.3,108414000.0,68.05,68.09,67.16299999999997,66.81,70.55,56.32,-0.08,-0.48,0.4,扬农化工,化学原料和化学制品制造业,主板,68.05999999999976,68.22249999999987,68.03083333333346,67.5368750000002,68.34978723404232
600486,2023-10-09,69.0,68.6,69.0,67.51,69.0,8738.63,59703600.0,68.17,68.24,67.34449999999995,66.81,70.25,53.56,-0.02,-0.39,0.37,扬农化工,化学原料和化学制品制造业,主板,68.30249999999975,68.27124999999987,68.11000000000013,67.71562500000019,68.29510638297849
600486,2023-10-10,68.57,67.95,69.4,67.88,68.6,8197.32,56084000.0,68.23,68.23,67.43449999999996,66.8,69.91,49.32,-0.03,-0.32,0.29,扬农化工,化学原料和化学制品制造业,主板,68.45999999999975,68.19124999999987,68.12333333333346,67.85687500000019,68.24276595744658
600486,2023-10-11,68.31,67.9,68.79,67.6,67.95,8771.28,59731400.0,68.35,68.2,67.52499999999996,66.82,69.58,49.0,-0.03,-0.26,0.23,扬农化工,化学原料和化学制品制造业,主板,68.36249999999974,68.08624999999986,68.18583333333346,67.98375000000019,68.1838297872338
600486,2023-10-12,68.39,68.0,68.96,67.61,67.9,12708.5,86787200.0,68.29,68.14,67.65199999999996,66.89,69.22,49.71,-0.03,-0.21,0.18,扬农化工,化学原料和化学制品制造业,主板,68.11249999999974,68.08624999999986,68.18583333333346,68.05125000000018,68.11978723404232
600486,2023-10-13,67.93,67.42,67.99,66.91,68.0,8407.84,56718600.0,67.97,68.01,67.73599999999996,66.92,68.85,45.75,-0.07,-0.18,0.11,扬农化工,化学原料和化学制品制造业,主板,67.81749999999974,68.05999999999986,68.12000000000013,68.03687500000018,68.051063829787
600486,2023-10-16,67.6,67.4,67.95,67.09,67.42,7994.96,53921100.0,67.73,67.95,67.82149999999997,66.95,68.49,45.62,-0.1,-0.17,0.07,扬农化工,化学原料和化学制品制造业,主板,67.67999999999974,68.06999999999985,68.02083333333346,68.01250000000019,67.98276595744657
600486,2023-10-17,67.4,67.14,67.67,67.01,67.4,5318.2,35789600.0,67.57,67.9,67.88499999999996,67.0,68.48,43.81,-0.15,-0.16,0.01,扬农化工,化学原料和化学制品制造业,主板,67.48999999999972,67.92624999999985,67.88750000000012,68.01187500000019,67.90659574468062
600486,2023-10-18,67.14,66.02,67.3,66.0,67.14,7361.26,48925200.0,67.2,67.77,67.83999999999996,67.04,68.41,37.02,-0.27,-0.19,-0.08,扬农化工,化学原料和化学制品制造业,主板,66.99499999999972,67.55374999999985,67.72250000000012,67.88812500000019,67.8042553191487
600486,2023-10-19,65.52,65.55,66.12,65.2,66.02,7299.37,47930800.0,66.71,67.5,67.73499999999996,67.11,68.34,34.59,-0.4,-0.23,-0.17,扬农化工,化学原料和化学制品制造业,主板,66.52749999999972,67.17249999999984,67.54916666666678,67.72187500000018,67.68404255319126
600486,2023-10-20,65.56,66.21,67.35,65.56,65.55,12929.8,86032700.0,66.46,67.22,67.65599999999996,67.18,68.27,40.49,-0.45,-0.27,-0.18,扬农化工,化学原料和化学制品制造业,主板,66.2299999999997,66.95499999999984,67.45666666666678,67.57312500000019,67.54936170212743
600486,2023-10-23,66.46,65.1,66.9,64.3,66.21,12492.2,81484800.0,66.0,66.87,67.55349999999996,67.19,68.15,34.8,-0.57,-0.33,-0.24,扬农化工,化学原料和化学制品制造业,主板,65.71999999999971,66.60499999999985,67.19083333333346,67.34562500000018,67.39085106382956
600486,2023-10-24,65.14,63.52,65.79,63.0,65.1,23282.4,148930000.0,65.28,66.43,67.32949999999995,67.1,68.05,28.64,-0.78,-0.42,-0.36,扬农化工,化学原料和化学制品制造业,主板,65.09499999999971,66.04499999999985,66.73416666666678,67.06562500000018,67.1951063829785
600486,2023-10-25,63.91,63.3,64.3,62.79,63.52,16717.8,106027000.0,64.74,65.97,67.08399999999995,67.01,67.94,27.9,-0.95,-0.53,-0.42,扬农化工,化学原料和化学制品制造业,主板,64.53249999999971,65.52999999999984,66.29250000000012,66.79500000000019,67.02106382978701
600486,2023-10-26,63.0,63.6,64.02,62.65,63.3,12089.0,76562400.0,64.35,65.53,66.83449999999995,66.94,67.82,30.54,-1.06,-0.63,-0.43,扬农化工,化学原料和化学制品制造业,主板,63.879999999999725,65.05499999999985,65.9300000000001,66.56250000000018,66.85361702127638
600486,2023-10-27,63.6,65.94,66.6,63.02,63.6,19133.1,124763000.0,64.29,65.38,66.69449999999995,66.95,67.74,46.87,-0.94,-0.7,-0.24,扬农化工,化学原料和化学制品制造业,主板,64.08999999999972,64.90499999999984,65.76666666666678,66.41562500000019,66.74021276595722
600486,2023-10-30,65.85,67.0,67.57,65.64,65.94,18116.7,121230000.0,64.67,65.34,66.64449999999995,66.99,67.68,52.34,-0.75,-0.71,-0.04,扬农化工,化学原料和化学制品制造业,主板,64.95999999999972,65.02749999999985,65.68333333333344,66.29062500000019,66.68553191489339
600486,2023-10-31,67.0,67.56,67.82,66.53,67.0,11707.3,78592300.0,65.48,65.38,66.64099999999993,67.05,67.62,54.97,-0.56,-0.68,0.12,扬农化工,化学原料和化学制品制造业,主板,66.02499999999972,65.27874999999986,65.69500000000012,66.22562500000019,66.64808510638275
600486,2023-11-01,67.78,66.08,67.85,66.0,67.56,13573.4,90294100.0,66.04,65.39,66.57899999999994,67.02,67.55,47.5,-0.51,-0.64,0.13,扬农化工,化学原料和化学制品制造业,主板,66.64499999999971,65.26249999999986,65.58500000000012,66.10875000000019,66.59702127659551
600486,2023-11-02,66.35,65.17,66.35,65.0,66.08,9628.91,62976000.0,66.35,65.35,66.42299999999994,66.94,67.46,43.57,-0.54,-0.62,0.08,扬农化工,化学原料和化学制品制造业,主板,66.45249999999972,65.27124999999985,65.42083333333345,65.93812500000018,66.52999999999976
600486,2023-11-03,65.17,64.91,66.0,64.91,65.17,11903.7,77845600.0,66.14,65.22,66.21849999999995,66.84,67.36,42.49,-0.58,-0.61,0.03,扬农化工,化学原料和化学制品制造业,主板,65.92999999999972,65.44499999999985,65.32833333333345,65.74500000000019,66.48212765957423
600486,2023-11-06,65.46,67.0,67.21,65.34,64.91,17464.1,116225000.0,66.14,65.41,66.13849999999995,66.84,67.3,52.65,-0.44,-0.58,0.14,扬农化工,化学原料和化学制品制造业,主板,65.78999999999972,65.90749999999986,65.44916666666678,65.71875000000018,66.50234042553167
600486,2023-11-07,66.84,66.09,67.11,65.88,67.0,11022.9,73136300.0,65.85,65.66,66.04549999999995,66.77,67.21,48.63,-0.39,-0.54,0.15,扬农化工,化学原料和化学制品制造业,主板,65.79249999999972,66.21874999999986,65.4391666666668,65.63687500000017,66.49531914893593
600486,2023-11-08,66.06,67.18,67.3,66.03,66.09,12832.9,85632800.0,66.07,66.05,66.00949999999995,66.74,67.12,53.24,-0.27,-0.49,0.22,扬农化工,化学原料和化学制品制造业,主板,66.29499999999972,66.37374999999986,65.61250000000011,65.63937500000017,66.50617021276571
600486,2023-11-09,67.06,67.2,67.79,66.74,67.18,5922.26,39884700.0,66.48,66.41,65.96949999999995,66.69,67.03,53.32,-0.16,-0.42,0.26,扬农化工,化学原料和化学制品制造业,主板,66.86749999999972,66.39874999999986,65.91916666666678,65.71312500000018,66.53914893616997
600486,2023-11-10,67.15,67.52,67.99,66.54,67.2,10963.3,73841200.0,67.0,66.57,65.97449999999995,66.65,66.95,54.71,-0.05,-0.35,0.3,扬农化工,化学原料和化学制品制造业,主板,66.99749999999972,66.39374999999987,66.27083333333346,65.83625000000018,66.60170212765932
600486,2023-11-13,67.83,67.68,67.88,66.43,67.52,10992.7,73760600.0,67.13,66.64,65.98849999999995,66.64,66.88,55.42,0.05,-0.27,0.32,扬农化工,化学原料和化学制品制造业,主板,67.39499999999973,66.59374999999987,66.61083333333345,65.92812500000018,66.68553191489337
600486,2023-11-14,67.67,67.1,68.43,67.0,67.68,11225.5,76013700.0,67.34,66.59,65.98649999999994,66.62,66.81,52.22,0.07,-0.2,0.27,扬农化工,化学原料和化学制品制造业,主板,67.37499999999973,66.83499999999988,66.70750000000011,66.05312500000018,66.75319148936146
600486,2023-11-15,67.56,67.17,68.5,67.03,67.1,10062.9,67966300.0,67.33,66.7,66.04399999999994,66.62,66.74,52.57,0.1,-0.14,0.24,扬农化工,化学原料和化学制品制造业,主板,67.36749999999974,67.11749999999988,66.72166666666678,66.28125000000018,66.79999999999976
600486,2023-11-16,67.23,66.79,67.35,66.75,67.17,4328.0,28992500.0,67.25,66.86,66.10599999999994,66.57,66.69,50.38,0.1,-0.09,0.19,扬农化工,化学原料和化学制品制造业,主板,67.18499999999975,67.09124999999987,66.6575000000001,66.49937500000019,66.81361702127634
600486,2023-11-17,66.51,65.7,67.12,65.51,66.79,8739.89,57703400.0,66.89,66.94,66.08049999999994,66.46,66.63,44.62,0.0,-0.07,0.07,扬农化工,化学原料和化学制品制造业,主板,66.68999999999974,67.04249999999988,66.62583333333343,66.6306250000002,66.80531914893592
600486,2023-11-20,65.77,65.18,65.94,64.14,65.7,16700.7,108179000.0,66.39,66.76,66.08449999999995,66.35,66.58,42.15,-0.12,-0.08,-0.04,扬农化工,化学原料和化学制品制造业,主板,66.20999999999975,66.79249999999988,66.62666666666676,66.5831250000002,66.7993617021274
600486,2023-11-21,65.19,65.1,65.8,65.1,65.18,5439.7,35579100.0,65.99,66.66,66.16349999999994,66.25,66.53,41.77,-0.21,-0.11,-0.1,扬农化工,化学原料和化学制品制造业,主板,65.69249999999975,66.52999999999987,66.64250000000011,66.46437500000019,66.78574468085081
600486,2023-11-22,65.22,64.7,65.46,64.7,65.1,5141.2,33402200.0,65.49,66.41,66.23349999999995,66.14,66.48,39.82,-0.32,-0.15,-0.17,扬农化工,化学原料和化学制品制造业,主板,65.16999999999975,66.17749999999988,66.45083333333345,66.2856250000002,66.76468085106357
600486,2023-11-23,64.8,65.17,65.45,64.36,64.7,5943.4,38615200.0,65.17,66.21,66.31199999999995,66.05,66.47,43.17,-0.36,-0.19,-0.17,扬农化工,化学原料和化学制品制造业,主板,65.03749999999975,65.86374999999987,66.37416666666677,66.2287500000002,66.7497872340423
600486,2023-11-24,65.2,64.77,65.49,64.61,65.17,5086.5,32980400.0,64.98,65.94,66.25349999999995,65.96,66.44,41.07,-0.42,-0.24,-0.18,扬农化工,化学原料和化学制品制造业,主板,64.93499999999975,65.57249999999986,66.17333333333345,66.2037500000002,66.70404255319123
600486,2023-11-27,64.5,65.06,65.21,64.21,64.77,6592.22,42708200.0,64.96,65.67,66.15649999999995,65.88,66.42,43.23,-0.44,-0.28,-0.16,扬农化工,化学原料和化学制品制造业,主板,64.92499999999976,65.30874999999988,65.9950000000001,66.21312500000019,66.64893617021251
600486,2023-11-28,65.09,65.32,65.57,64.38,65.06,7663.18,49838300.0,65.0,65.5,66.04449999999994,65.82,66.41,45.17,-0.43,-0.31,-0.12,扬农化工,化学原料和化学制品制造业,主板,65.07999999999976,65.12499999999989,65.81166666666677,66.10812500000019,66.59638297872314
600486,2023-11-29,65.39,64.9,65.5,64.78,65.32,6905.5,44998900.0,65.04,65.27,65.98549999999996,65.79,66.42,42.64,-0.45,-0.34,-0.11,扬农化工,化学原料和化学制品制造业,主板,65.01249999999975,65.02499999999988,65.5800000000001,66.0337500000002,66.54851063829761
600486,2023-11-30,64.91,64.66,65.35,64.4,64.9,12005.0,77848900.0,64.94,65.06,65.95999999999995,65.76,66.43,41.22,-0.47,-0.36,-0.11,扬农化工,化学原料和化学制品制造业,主板,64.98499999999976,64.95999999999987,65.37666666666676,65.8762500000002,66.47744680851038
600486,2023-12-01,64.79,64.33,65.29,64.08,64.66,7865.1,50713700.0,64.85,64.92,65.93099999999995,65.69,66.44,39.28,-0.53,-0.4,-0.13,扬农化工,化学原料和化学制品制造业,主板,64.80249999999975,64.86374999999987,65.1400000000001,65.69687500000019,66.39489361702101
600486,2023-12-04,64.12,63.71,64.63,63.71,64.33,8091.6,51807600.0,64.58,64.77,65.76649999999995,65.65,66.42,35.86,-0.6,-0.44,-0.16,扬农化工,化学原料和化学制品制造业,主板,64.39999999999975,64.73999999999987,64.88333333333344,65.4587500000002,66.29106382978696
600486,2023-12-05,63.52,63.15,63.98,63.14,63.71,8991.2,57028100.0,64.15,64.58,65.61949999999996,65.63,66.37,33.07,-0.7,-0.49,-0.21,扬农化工,化学原料和化学制品制造业,主板,63.96249999999974,64.48749999999987,64.67083333333343,65.1756250000002,66.17212765957422
600486,2023-12-06,63.15,63.0,63.59,62.81,63.15,10078.2,63589100.0,63.77,64.41,65.41049999999996,65.62,66.32,32.34,-0.78,-0.55,-0.23,扬农化工,化学原料和化学制品制造业,主板,63.54749999999975,64.26624999999987,64.48916666666678,64.9193750000002,66.06574468085081
600486,2023-12-07,63.61,62.93,63.64,62.22,63.0,10051.0,63005100.0,63.42,64.18,65.19699999999996,65.6,66.27,31.99,-0.84,-0.61,-0.23,扬农化工,化学原料和化学制品制造业,主板,63.19749999999975,63.999999999999865,64.30833333333344,64.6543750000002,65.9657446808508
600486,2023-12-08,63.48,62.71,63.48,62.08,62.93,13368.8,83838500.0,63.1,63.98,64.95649999999996,65.49,66.22,30.84,-0.9,-0.67,-0.23,扬农化工,化学原料和化学制品制造业,主板,62.94749999999974,63.67374999999986,64.1425000000001,64.3993750000002,65.86765957446782
600486,2023-12-11,62.26,65.38,66.02,62.01,62.71,24932.3,160986000.0,63.43,64.01,64.84149999999997,65.44,66.22,52.84,-0.71,-0.67,-0.04,扬农化工,化学原料和化学制品制造业,主板,63.50499999999973,63.73374999999986,64.1600000000001,64.3793750000002,65.8057446808508
600486,2023-12-12,65.64,65.2,65.7,64.38,65.38,12052.2,78300400.0,63.84,64.0,64.74649999999997,65.36,66.21,51.65,-0.58,-0.66,0.08,扬农化工,化学原料和化学制品制造业,主板,64.05499999999974,63.80124999999987,64.19583333333344,64.3806250000002,65.72489361702101
600486,2023-12-13,64.99,63.75,65.15,63.7,65.2,11932.1,76428400.0,63.99,63.88,64.57549999999996,65.28,66.15,43.19,-0.58,-0.64,0.06,扬农化工,化学原料和化学制品制造业,主板,64.25999999999974,63.72874999999987,64.08666666666677,64.2962500000002,65.6217021276593
600486,2023-12-14,63.9,62.7,64.33,62.52,63.75,16126.9,101800000.0,63.95,63.69,64.37099999999997,65.2,66.07,38.3,-0.66,-0.64,-0.02,扬农化工,化学原料和化学制品制造业,主板,64.25749999999974,63.60249999999987,63.86833333333345,64.1712500000002,65.50999999999974
600486,2023-12-15,62.85,62.29,63.44,62.0,62.7,12647.4,78952700.0,63.86,63.48,64.20049999999996,65.11,65.98,36.56,-0.76,-0.67,-0.09,扬农化工,化学原料和化学制品制造业,主板,63.484999999999744,63.49499999999988,63.65083333333345,63.9912500000002,65.39063829787207
600486,2023-12-18,61.62,60.2,62.0,59.91,62.29,24020.2,145352000.0,62.83,63.13,63.95149999999997,64.89,65.86,29.26,-0.98,-0.73,-0.25,扬农化工,化学原料和化学制品制造业,主板,62.234999999999744,63.14499999999988,63.27916666666679,63.7056250000002,65.22468085106355
600486,2023-12-19,59.88,59.69,60.27,59.38,60.2,8323.5,49768700.0,61.73,62.78,63.68099999999997,64.67,65.72,27.8,-1.19,-0.82,-0.37,扬农化工,化学原料和化学制品制造业,主板,61.21999999999974,62.739999999999874,62.892500000000126,63.3700000000002,65.06021276595717
600486,2023-12-20,59.32,58.17,59.72,58.02,59.69,12545.5,73479700.0,60.61,62.3,63.35449999999997,64.37,65.56,23.96,-1.46,-0.95,-0.51,扬农化工,化学原料和化学制品制造业,主板,60.08749999999975,62.17249999999988,62.43083333333345,62.92312500000021,64.86382978723377
600486,2023-12-21,57.84,57.4,58.57,57.02,58.17,18330.9,105391000.0,59.55,61.75,62.96599999999997,64.05,65.37,22.29,-1.71,-1.1,-0.61,扬农化工,化学原料和化学制品制造业,主板,58.864999999999746,61.17499999999988,61.95166666666679,62.45437500000022,64.65659574468059
600486,2023-12-22,57.45,56.99,57.6,56.48,57.4,20138.3,114592000.0,58.49,61.18,62.57699999999998,63.7,65.18,21.43,-1.93,-1.27,-0.66,扬农化工,化学原料和化学制品制造业,主板,58.062499999999744,60.148749999999886,61.450833333333456,61.975000000000215,64.4644680851061
600486,2023-12-25,56.86,57.14,57.28,55.92,56.99,24532.3,138738000.0,57.88,60.35,62.18099999999998,63.35,64.99,22.6,-2.07,-1.43,-0.64,扬农化工,化学原料和化学制品制造业,主板,57.42499999999974,59.32249999999989,60.968333333333455,61.52562500000021,64.28553191489334
600486,2023-12-26,57.11,58.88,59.2,56.95,57.14,27159.0,158598000.0,57.72,59.72,61.858999999999995,63.07,64.85,34.8,-2.0,-1.54,-0.46,扬农化工,化学原料和化学制品制造业,主板,57.602499999999736,58.84499999999989,60.64916666666679,61.22375000000021,64.12957446808483
600486,2023-12-27,58.67,59.01,59.88,57.66,58.88,17454.9,102595000.0,57.88,59.25,61.56449999999999,62.8,64.71,35.62,-1.93,-1.62,-0.31,扬农化工,化学原料和化学制品制造业,主板,58.00499999999973,58.434999999999896,60.11833333333345,60.96500000000021,63.99999999999973
600486,2023-12-28,58.92,61.02,61.35,58.92,59.01,19055.6,115419000.0,58.61,59.08,61.38249999999998,62.61,64.59,46.72,-1.68,-1.63,-0.05,扬农化工,化学原料和化学制品制造业,主板,59.01249999999973,58.5374999999999,59.77000000000012,60.841250000000215,63.94680851063803
600486,2023-12-29,60.99,63.12,63.88,60.82,61.02,29945.0,187704000.0,59.83,59.16,61.32199999999998,62.52,64.49,55.38,-1.3,-1.57,0.27,扬农化工,化学原料和化学制品制造业,主板,60.50749999999974,58.966249999999896,59.717500000000115,60.85312500000021,63.942978723403975
600486,2024-01-02,63.12,62.01,63.13,61.49,63.12,19816.2,122915000.0,60.81,59.34,61.23699999999998,62.42,64.38,50.69,-1.08,-1.47,0.39,扬农化工,化学原料和化学制品制造业,主板,61.289999999999736,59.4462499999999,59.66000000000011,60.809375000000216,63.90914893616994
600486,2024-01-03,61.78,62.96,63.1,61.65,62.01,11282.3,70403400.0,61.62,59.67,61.22749999999998,62.34,64.3,54.26,-0.82,-1.34,0.52,扬农化工,化学原料和化学制品制造业,主板,62.27749999999973,60.1412499999999,59.71583333333345,60.65812500000022,63.84574468085079
600486,2024-01-04,62.86,62.82,63.35,62.38,62.96,9083.74,57157600.0,62.39,60.14,61.21849999999997,62.28,64.21,53.65,-0.61,-1.19,0.58,扬农化工,化学原料和化学制品制造业,主板,62.72749999999973,60.869999999999905,59.93416666666678,60.50937500000022,63.75680851063803
600486,2024-01-05,62.65,61.8,63.0,61.74,62.82,7944.79,49410600.0,62.54,60.58,61.16199999999996,62.17,64.11,49.26,-0.53,-1.06,0.53,扬农化工,化学原料和化学制品制造业,主板,62.397499999999724,61.4524999999999,60.110000000000106,60.387500000000216,63.63425531914867
600486,2024-01-08,61.5,60.4,61.99,60.4,61.8,10907.5,66308300.0,62.0,60.92,61.046499999999966,62.02,63.99,43.94,-0.57,-0.96,0.39,扬农化工,化学原料和化学制品制造业,主板,61.99499999999972,61.6424999999999,60.29583333333344,60.24375000000022,63.51340425531889
600486,2024-01-09,60.85,59.15,60.85,58.9,60.4,14265.6,84946500.0,61.43,61.12,60.73499999999997,61.83,63.86,39.81,-0.69,-0.91,0.22,扬农化工,化学原料和化学制品制造业,主板,61.04249999999971,61.6599999999999,60.44166666666678,60.04750000000022,63.38531914893591
600486,2024-01-10,59.15,59.9,60.72,58.7,59.15,12432.0,74530000.0,60.81,61.22,60.46999999999997,61.65,63.73,43.26,-0.72,-0.87,0.15,扬农化工,化学原料和化学制品制造业,主板,60.312499999999716,61.5199999999999,60.684166666666776,60.028750000000215,63.27872340425507
600486,2024-01-11,59.9,58.97,60.26,58.6,59.9,10479.9,61885200.0,60.04,61.22,60.23099999999997,61.45,63.62,40.18,-0.81,-0.86,0.05,扬农化工,化学原料和化学制品制造业,主板,59.60499999999972,61.0012499999999,60.83666666666678,59.983750000000214,63.107872340425274
600486,2024-01-12,58.86,59.71,61.1,58.51,58.97,11614.4,69691900.0,59.63,61.08,60.08149999999997,61.28,63.52,43.62,-0.82,-0.85,0.03,扬农化工,化学原料和化学制品制造业,主板,59.43249999999971,60.713749999999905,60.90583333333345,60.08000000000022,62.972127659574205
600486,2024-01-15,59.57,59.65,60.31,59.01,59.71,7096.53,42425400.0,59.48,60.74,59.94949999999998,61.13,63.41,43.4,-0.81,-0.84,0.03,扬农化工,化学原料和化学制品制造业,主板,59.55749999999971,60.299999999999905,60.95916666666678,60.22062500000022,62.811914893616766
600486,2024-01-16,59.8,59.36,60.11,58.74,59.65,7690.72,45584800.0,59.52,60.47,59.90749999999997,60.98,63.31,42.3,-0.82,-0.84,0.02,扬农化工,化学原料和化学制品制造业,主板,59.42249999999971,59.8674999999999,60.82083333333345,60.36875000000022,62.645106382978476
600486,2024-01-17,59.36,57.8,59.36,57.78,59.36,8178.25,47770900.0,59.1,59.96,59.81299999999997,60.8,63.22,36.89,-0.94,-0.86,-0.08,扬农化工,化学原料和化学制品制造业,主板,59.129999999999704,59.3674999999999,60.37750000000011,60.41000000000022,62.43829787234018
600486,2024-01-18,57.5,57.8,58.05,56.2,57.8,13615.0,77498600.0,58.86,59.45,59.79449999999996,60.63,63.13,36.89,-1.03,-0.89,-0.14,扬农化工,化学原料和化学制品制造业,主板,58.6524999999997,59.042499999999905,60.02666666666678,60.34250000000022,62.22808510638274
600486,2024-01-19,57.76,57.01,58.17,56.81,57.8,6111.4,35053100.0,58.32,58.98,59.774999999999956,60.43,63.02,34.32,-1.15,-0.94,-0.21,扬农化工,化学原料和化学制品制造业,主板,57.9924999999997,58.774999999999906,59.53083333333344,60.21750000000022,62.01340425531892
600486,2024-01-22,56.81,54.22,57.33,54.22,57.01,12805.4,71147100.0,57.24,58.36,59.636499999999955,60.15,62.82,27.12,-1.46,-1.05,-0.41,扬农化工,化学原料和化学制品制造业,主板,56.7074999999997,58.06499999999991,58.81416666666677,59.792500000000224,61.7378723404253
600486,2024-01-23,54.27,54.99,56.0,53.53,54.22,19487.9,106860000.0,56.36,57.94,59.528999999999954,59.8,62.62,31.4,-1.61,-1.16,-0.45,扬农化工,化学原料和化学制品制造业,主板,56.0049999999997,57.56749999999991,58.246666666666776,59.284375000000225,61.486808510638056
600486,2024-01-24,55.47,54.09,55.8,53.22,54.99,19244.8,104361000.0,55.62,57.36,59.28949999999994,59.43,62.4,29.24,-1.79,-1.29,-0.5,扬农化工,化学原料和化学制品制造业,主板,55.07749999999969,56.86499999999992,57.720833333333445,58.78937500000023,61.23978723404232
600486,2024-01-25,54.2,54.91,55.3,53.77,54.09,16717.7,91415000.0,55.04,56.95,59.08449999999995,59.14,62.21,33.71,-1.84,-1.4,-0.44,扬农化工,化学原料和化学制品制造业,主板,54.5524999999997,56.27249999999992,57.36750000000011,58.28625000000022,61.021276595744446
600486,2024-01-26,54.99,52.1,55.95,51.53,54.91,49507.5,262533000.0,54.06,56.19,58.638499999999944,58.79,61.99,27.33,-2.09,-1.54,-0.55,扬农化工,化学原料和化学制品制造业,主板,54.0224999999997,55.364999999999924,56.717500000000115,57.61625000000022,60.7446808510636
600486,2024-01-29,52.0,52.39,53.86,51.88,52.1,27221.9,144237000.0,53.7,55.47,58.101999999999954,58.46,61.78,28.83,-2.24,-1.68,-0.56,扬农化工,化学原料和化学制品制造业,主板,53.372499999999704,54.68874999999992,56.169166666666776,57.02812500000022,60.482765957446574
600486,2024-01-30,52.09,50.56,52.34,50.52,52.39,18551.5,95598300.0,52.81,54.59,57.52949999999995,58.13,61.51,25.29,-2.47,-1.84,-0.63,扬农化工,化学原料和化学制品制造业,主板,52.489999999999704,53.78374999999992,55.40666666666677,56.41312500000023,60.17191489361679
600486,2024-01-31,50.42,49.15,50.98,48.81,50.56,17906.1,89173800.0,51.82,53.72,56.838999999999956,57.78,61.23,22.95,-2.74,-2.02,-0.72,扬农化工,化学原料和化学制品制造业,主板,51.049999999999706,52.80124999999992,54.53166666666677,55.78812500000023,59.83957446808488
600486,2024-02-01,49.0,49.29,50.31,48.74,49.15,15270.0,75592200.0,50.7,52.87,56.16249999999995,57.49,60.93,23.7,-2.9,-2.19,-0.71,扬农化工,化学原料和化学制品制造业,主板,50.347499999999705,52.18499999999992,53.6925000000001,55.12500000000023,59.50404255319126
600486,2024-02-02,49.43,46.9,49.76,45.06,49.29,38338.9,180739000.0,49.66,51.86,55.41749999999996,57.14,60.59,20.09,-3.19,-2.39,-0.8,扬农化工,化学原料和化学制品制造业,主板,48.97499999999971,51.17374999999991,52.78416666666677,54.370625000000224,59.112127659574234
600486,2024-02-05,46.98,48.05,49.39,44.0,46.9,44123.9,206494000.0,48.79,51.24,54.799999999999955,56.84,60.27,25.94,-3.29,-2.57,-0.72,扬农化工,化学原料和化学制品制造业,主板,48.34749999999971,50.41874999999992,51.97166666666677,53.64187500000022,58.75361702127636
600486,2024-02-06,48.41,51.7,51.85,47.3,48.05,33128.7,166319000.0,49.02,50.91,54.42749999999995,56.66,60.0,40.77,-3.03,-2.66,-0.37,扬农化工,化学原料和化学制品制造业,主板,48.98499999999971,50.01749999999991,51.529166666666775,53.14500000000022,58.4778723404253
600486,2024-02-07,51.48,55.41,55.66,51.3,51.7,50705.5,274542000.0,50.27,51.05,54.20299999999995,56.54,59.81,51.42,-2.51,-2.63,0.12,扬农化工,化学原料和化学制品制造业,主板,50.51499999999971,50.431249999999906,51.62833333333344,52.89812500000022,58.288085106382745
600486,2024-02-08,55.0,54.39,58.88,53.62,55.41,53627.4,304269000.0,51.29,50.99,53.973999999999954,56.39,59.59,48.82,-2.15,-2.54,0.39,扬农化工,化学原料和化学制品制造业,主板,52.38749999999971,50.681249999999906,51.57833333333343,52.68500000000022,58.08978723404232
600486,2024-02-19,55.01,52.91,55.01,52.4,54.39,40170.1,213522000.0,52.49,51.08,53.63399999999996,56.12,59.36,45.25,-1.96,-2.42,0.46,扬农化工,化学原料和化学制品制造业,主板,53.60249999999971,50.9749999999999,51.480000000000096,52.37937500000022,57.87191489361678
600486,2024-02-20,52.41,52.7,52.94,51.9,52.91,18349.0,96255200.0,53.42,51.11,53.286499999999954,55.77,59.15,44.75,-1.81,-2.3,0.49,扬农化工,化学原料和化学制品制造业,主板,53.85249999999971,51.4187499999999,51.295833333333434,52.11000000000023,57.65276595744656
600486,2024-02-21,52.34,52.87,54.26,51.8,52.7,26341.2,140608000.0,53.66,51.34,52.961999999999954,55.47,58.94,45.28,-1.65,-2.17,0.52,扬农化工,化学原料和化学制品制造业,主板,53.21749999999971,51.8662499999999,51.3600000000001,52.025625000000225,57.43872340425507
600486,2024-02-22,52.8,52.8,53.5,52.33,52.87,21252.5,111947000.0,53.13,51.7,52.711999999999954,55.13,58.74,45.08,-1.52,-2.04,0.52,扬农化工,化学原料和化学制品制造业,主板,52.81999999999971,52.603749999999906,51.39416666666676,51.88875000000022,57.22787234042529
600486,2024-02-23,52.85,52.6,52.99,52.07,52.8,18994.6,99466100.0,52.78,52.03,52.451999999999956,54.79,58.53,44.51,-1.41,-1.91,0.5,扬农化工,化学原料和化学制品制造业,主板,52.742499999999715,53.17249999999991,51.56416666666676,51.79562500000022,56.95595744680826
600486,2024-02-26,52.5,52.98,53.77,52.22,52.6,25766.2,136862000.0,52.79,52.64,52.25049999999995,54.49,58.33,45.92,-1.28,-1.79,0.51,扬农化工,化学原料和化学制品制造业,主板,52.812499999999716,53.33249999999991,51.88333333333343,51.675000000000225,56.69595744680827
600486,2024-02-27,52.8,53.56,53.56,52.51,52.98,18270.3,96773300.0,52.96,53.19,52.21749999999995,54.26,58.14,48.1,-1.12,-1.65,0.53,扬农化工,化学原料和化学制品制造业,主板,52.984999999999715,53.10124999999991,52.23916666666677,51.76625000000022,56.47914893616997
600486,2024-02-28,53.38,53.46,54.9,53.35,53.56,26065.9,140996000.0,53.08,53.37,52.14099999999995,54.07,57.95,47.75,-0.98,-1.52,0.54,扬农化工,化学原料和化学制品制造业,主板,53.14999999999971,52.98499999999991,52.78583333333344,51.83312500000022,56.28255319148912
600486,2024-02-29,53.3,54.72,54.95,53.17,53.46,24947.0,135551000.0,53.46,53.3,52.17249999999996,53.9,57.77,52.53,-0.77,-1.37,0.6,扬农化工,化学原料和化学制品制造业,主板,53.6799999999997,53.21124999999991,53.34166666666678,52.09312500000023,56.12148936170188
600486,2024-03-01,54.72,54.8,55.13,54.11,54.72,16867.7,92215600.0,53.9,53.34,52.16699999999995,53.76,57.61,52.82,-0.58,-1.21,0.63,扬农化工,化学原料和化学制品制造业,主板,54.1349999999997,53.47374999999991,53.60000000000011,52.44625000000023,56.00659574468062
600486,2024-03-04,54.81,54.13,55.07,53.71,54.8,19077.7,103248000.0,54.13,53.46,52.26849999999996,53.58,57.43,50.02,-0.49,-1.07,0.58,扬农化工,化学原料和化学制品制造业,主板,54.277499999999705,53.63124999999991,53.493333333333446,52.74875000000023,55.888297872340196
600486,2024-03-05,53.82,53.92,54.29,53.5,54.13,18707.7,100713000.0,54.21,53.58,52.344999999999956,53.39,57.26,49.14,-0.43,-0.94,0.51,扬农化工,化学原料和化学制品制造业,主板,54.39249999999971,53.77124999999991,53.45416666666677,53.18750000000023,55.7978723404253
600486,2024-03-06,53.8,53.0,53.95,52.8,53.92,23206.2,123391000.0,54.11,53.6,52.46699999999996,53.17,57.08,45.37,-0.44,-0.84,0.4,扬农化工,化学原料和化学制品制造业,主板,53.9624999999997,53.82124999999991,53.46166666666678,53.49687500000023,55.7042553191487
600486,2024-03-07,53.0,52.8,53.74,52.8,53.0,16903.7,90166700.0,53.73,53.6,52.649499999999954,53.01,56.91,44.57,-0.47,-0.77,0.3,扬农化工,化学原料和化学制品制造业,主板,53.46249999999969,53.798749999999906,53.470000000000105,53.565625000000225,55.615106382978496
600486,2024-03-08,52.76,52.82,53.05,52.01,52.8,15015.7,78808200.0,53.33,53.62,52.82599999999995,52.84,56.74,44.67,-0.48,-0.71,0.23,扬农化工,化学原料和化学制品制造业,主板,53.13499999999969,53.706249999999905,53.46583333333344,53.40375000000023,55.52319148936148
600486,2024-03-11,52.82,53.51,53.66,52.34,52.82,15450.6,81963400.0,53.21,53.67,53.15649999999995,52.72,56.58,48.31,-0.43,-0.65,0.22,扬农化工,化学原料和化学制品制造业,主板,53.032499999999686,53.712499999999906,53.52500000000011,53.34875000000023,55.40893617021255
600486,2024-03-12,53.8,54.32,54.42,53.54,53.51,16636.4,90047200.0,53.29,53.75,53.46999999999995,52.73,56.44,52.29,-0.32,-0.59,0.27,扬农化工,化学原料和化学制品制造业,主板,53.362499999999685,53.66249999999991,53.66833333333344,53.436875000000235,55.30914893617
600486,2024-03-13,54.29,53.73,54.63,53.3,54.32,13842.6,74391900.0,53.44,53.78,53.57149999999994,52.69,56.24,49.31,-0.28,-0.53,0.25,扬农化工,化学原料和化学制品制造业,主板,53.594999999999686,53.52874999999991,53.73083333333344,53.50125000000023,55.154042553191275
600486,2024-03-14,53.73,52.67,53.99,52.5,53.73,19381.2,102818000.0,53.41,53.57,53.43449999999994,52.64,56.04,44.43,-0.33,-0.49,0.16,扬农化工,化学原料和化学制品制造业,主板,53.55749999999969,53.34624999999991,53.65666666666677,53.48875000000023,54.931702127659364
600486,2024-03-15,52.56,52.91,53.0,52.08,52.67,22895.2,120161000.0,53.43,53.38,53.360499999999945,52.57,55.86,45.74,-0.34,-0.46,0.12,扬农化工,化学原料和化学制品制造业,主板,53.407499999999686,53.21999999999991,53.61083333333343,53.49562500000023,54.738085106382755
600486,2024-03-18,52.99,53.53,53.54,52.11,52.91,25084.5,132587000.0,53.43,53.32,53.39149999999994,52.62,55.7,49.08,-0.3,-0.43,0.13,扬农化工,化学原料和化学制品制造业,主板,53.20999999999968,53.28624999999991,53.51166666666676,53.55375000000023,54.53744680851042
600486,2024-03-19,53.53,53.12,54.08,53.06,53.53,23263.6,124750000.0,53.19,53.24,53.41249999999993,52.64,55.55,47.02,-0.3,-0.4,0.1,扬农化工,化学原料和化学制品制造业,主板,53.057499999999685,53.32624999999991,53.37166666666676,53.56250000000023,54.33106382978701
600486,2024-03-20,53.3,52.83,53.6,52.57,53.12,12406.2,65564800.0,53.01,53.22,53.410499999999935,52.72,55.43,45.56,-0.32,-0.38,0.06,扬农化工,化学原料和化学制品制造业,主板,53.097499999999684,53.32749999999991,53.263333333333435,53.516875000000226,54.140212765957216
600486,2024-03-21,52.71,52.35,52.97,52.15,52.83,14711.7,77316600.0,52.95,53.18,53.387999999999934,52.83,55.3,43.17,-0.36,-0.38,0.02,扬农化工,化学原料和化学制品制造业,主板,52.95749999999969,53.18249999999991,53.13250000000011,53.447500000000225,53.96893617021253
600486,2024-03-22,52.35,51.42,52.54,51.31,52.35,18936.2,98180900.0,52.65,53.04,53.32899999999994,52.9,55.19,38.92,-0.47,-0.4,-0.07,扬农化工,化学原料和化学制品制造业,主板,52.42999999999969,52.819999999999915,53.00083333333344,53.24125000000022,53.80446808510615
600486,2024-03-25,51.46,51.5,51.94,50.75,51.42,18393.9,94435000.0,52.24,52.84,53.25499999999994,53.05,55.09,39.47,-0.54,-0.43,-0.11,扬农化工,化学原料和化学制品制造业,主板,52.02499999999969,52.54124999999991,52.892500000000105,53.035000000000224,53.62574468085083
600486,2024-03-26,50.99,52.81,53.28,50.99,51.5,26007.3,136846000.0,52.18,52.69,53.21749999999994,53.21,55.02,47.8,-0.48,-0.44,-0.04,扬农化工,化学原料和化学制品制造业,主板,52.0199999999997,52.55874999999991,52.89166666666677,52.95250000000022,53.4946808510636
600486,2024-03-27,52.8,51.43,53.07,51.43,52.81,13195.8,69100400.0,51.9,52.46,53.11599999999994,53.2,54.93,41.35,-0.55,-0.46,-0.09,扬农化工,化学原料和化学制品制造业,主板,51.7899999999997,52.373749999999916,52.71833333333344,52.79687500000022,53.31851063829764
600486,2024-03-28,51.38,51.12,51.96,50.88,51.43,15013.3,77137900.0,51.66,52.3,52.935999999999936,53.06,54.8,40.04,-0.62,-0.49,-0.13,扬农化工,化学原料和化学制品制造业,主板,51.71499999999969,52.07249999999992,52.45166666666677,52.67937500000022,53.137021276595505
600486,2024-03-29,51.09,51.26,51.44,50.8,51.12,9055.12,46232300.0,51.62,52.14,52.758999999999936,52.95,54.67,40.95,-0.66,-0.53,-0.13,扬农化工,化学原料和化学制品制造业,主板,51.65499999999969,51.83999999999992,52.24583333333343,52.58312500000022,52.96468085106359
600486,2024-04-01,51.66,54.31,54.92,51.51,51.26,40063.1,215739000.0,52.19,52.22,52.76799999999993,53.0,54.56,56.43,-0.43,-0.51,0.08,扬农化工,化学原料和化学制品制造业,主板,52.02999999999969,52.02499999999992,52.3825000000001,52.676250000000216,52.89042553191465
600486,2024-04-02,54.5,56.02,56.2,53.79,54.31,40150.5,222670000.0,52.83,52.51,52.87299999999992,53.11,54.44,62.39,-0.11,-0.43,0.32,扬农化工,化学原料和化学制品制造业,主板,53.17749999999968,52.483749999999915,52.641666666666765,52.833125000000216,52.852553191489115
600486,2024-04-03,55.98,55.11,55.98,54.81,56.02,22862.7,126204000.0,53.56,52.73,52.97849999999992,53.18,54.32,57.85,0.06,-0.33,0.39,扬农化工,化学原料和化学制品制造业,主板,54.174999999999685,52.944999999999915,52.77333333333343,52.88250000000021,52.812127659574216
600486,2024-04-08,55.3,53.69,55.5,53.63,55.11,25834.1,140125000.0,54.08,52.87,53.022999999999925,53.21,54.17,51.56,0.09,-0.25,0.34,扬农化工,化学原料和化学制品制造业,主板,54.782499999999686,53.218749999999915,52.82083333333343,52.88000000000021,52.80085106382954
600486,2024-04-09,53.7,54.86,55.1,53.56,53.69,21767.2,118742000.0,54.8,53.21,53.12499999999992,53.29,54.04,55.82,0.2,-0.16,0.36,扬农化工,化学原料和化学制品制造业,主板,54.91999999999969,53.474999999999916,52.990000000000094,53.01687500000021,52.79808510638274
600486,2024-04-10,54.86,54.74,55.33,54.4,54.86,18266.8,100282000.0,54.88,53.54,53.186499999999924,53.35,53.92,55.29,0.27,-0.07,0.34,扬农化工,化学原料和化学制品制造业,主板,54.59999999999969,53.888749999999916,53.18916666666676,53.131250000000215,52.81191489361677
600486,2024-04-11,54.42,55.16,55.58,54.1,54.74,16408.8,90409700.0,54.71,53.77,53.228499999999926,53.4,53.83,56.85,0.36,0.02,0.34,扬农化工,化学原料和化学制品制造业,主板,54.612499999999685,54.39374999999991,53.500833333333425,53.233125000000214,52.81723404255295
600486,2024-04-12,55.01,55.2,56.08,54.81,55.16,22487.5,124807000.0,54.73,54.15,53.30199999999993,53.46,53.77,57.01,0.43,0.1,0.33,扬农化工,化学原料和化学制品制造业,主板,54.98999999999968,54.88624999999991,53.80916666666676,53.36312500000022,52.88319148936146
600486,2024-04-15,55.32,56.98,57.72,54.8,55.2,33956.7,192570000.0,55.39,54.73,53.51749999999993,53.54,53.72,63.3,0.62,0.2,0.42,扬农化工,化学原料和化学制品制造业,主板,55.51999999999968,55.219999999999914,54.15666666666677,53.622500000000215,52.98085106382954
600486,2024-04-16,56.98,55.51,58.25,55.4,56.98,29221.7,165758000.0,55.52,55.16,53.64749999999992,53.56,53.66,56.01,0.65,0.29,0.36,扬农化工,化学原料和化学制品制造业,主板,55.71249999999968,55.156249999999915,54.496666666666776,53.82000000000021,53.08617021276572
600486,2024-04-17,56.0,57.7,57.78,55.61,55.51,31788.0,180933000.0,56.11,55.5,53.85599999999992,53.68,53.63,62.87,0.84,0.4,0.44,扬农化工,化学原料和化学制品制造业,主板,56.34749999999968,55.47999999999991,55.04500000000011,54.21250000000022,53.268085106382735
600486,2024-04-18,58.15,58.6,59.5,57.3,57.7,30409.0,178384000.0,56.8,55.76,54.129999999999924,53.83,53.61,65.27,1.05,0.53,0.52,扬农化工,化学原料和化学制品制造业,主板,57.19749999999968,56.093749999999915,55.65666666666678,54.65625000000022,53.46617021276571
600486,2024-04-19,58.52,60.11,61.18,58.11,58.6,36757.7,221284000.0,57.78,56.26,54.49399999999993,54.07,53.62,68.9,1.32,0.69,0.63,扬农化工,化学原料和化学制品制造业,主板,57.979999999999684,56.749999999999915,56.14000000000012,55.112500000000225,53.74723404255295
600486,2024-04-22,60.93,60.7,64.3,60.52,60.11,64111.6,399643000.0,58.52,56.96,54.91149999999993,54.33,53.67,70.21,1.56,0.86,0.7,扬农化工,化学原料和化学制品制造业,主板,59.27749999999969,57.49499999999992,56.53000000000012,55.69187500000023,54.01638297872315
600486,2024-04-23,58.55,62.24,63.0,57.99,60.7,61589.5,375817000.0,59.87,57.69,55.45249999999993,54.65,53.74,73.36,1.86,1.06,0.8,扬农化工,化学原料和化学制品制造业,主板,60.412499999999696,58.379999999999924,57.12416666666679,56.38687500000023,54.24063829787209
600486,2024-04-24,62.04,61.3,62.23,60.68,62.24,27032.3,165114000.0,60.59,58.35,55.942499999999924,54.91,53.82,68.59,2.0,1.25,0.75,扬农化工,化学原料和化学制品制造业,主板,61.0874999999997,59.14249999999992,57.75833333333346,57.01437500000023,54.36595744680827
600486,2024-04-25,61.22,63.24,63.48,61.0,61.3,44509.2,279219000.0,61.52,59.16,56.46399999999993,55.2,53.97,72.56,2.23,1.45,0.78,扬农化工,化学原料和化学制品制造业,主板,61.86999999999969,59.92499999999991,58.45666666666679,57.57250000000023,54.55425531914869
600486,2024-04-26,63.0,63.87,64.33,62.72,63.24,29383.6,186915000.0,62.27,60.02,57.08599999999992,55.54,54.11,73.72,2.45,1.65,0.8,扬农化工,化学原料和化学制品制造业,主板,62.662499999999696,60.969999999999914,59.21750000000012,58.063125000000234,54.78744680851039
600486,2024-04-29,63.8,64.61,64.89,62.89,63.87,29998.3,191894000.0,63.05,60.79,57.76049999999992,55.94,54.29,75.06,2.64,1.85,0.79,扬农化工,化学原料和化学制品制造业,主板,63.2549999999997,61.83374999999992,60.00500000000013,58.656875000000234,55.04085106382955
600486,2024-04-30,64.81,64.43,65.14,63.76,64.61,19579.0,126461000.0,63.49,61.68,58.418999999999926,56.32,54.45,74.07,2.75,2.03,0.72,扬农化工,化学原料和化学制品制造业,主板,64.0374999999997,62.562499999999915,60.774166666666794,59.32812500000023,55.28680851063805
600486,2024-05-06,65.38,66.23,67.97,64.3,64.43,33920.0,226040000.0,64.48,62.53,59.01499999999993,56.75,54.68,77.28,2.96,2.21,0.75,扬农化工,化学原料和化学制品制造业,主板,64.7849999999997,63.327499999999915,61.54500000000013,60.03875000000023,55.57255319148911
600486,2024-05-07,65.94,66.53,67.09,65.78,66.23,18866.0,125373000.0,65.13,63.33,59.54049999999993,57.2,54.92,77.78,3.1,2.39,0.71,扬农化工,化学原料和化学制品制造业,主板,65.4499999999997,64.0562499999999,62.46333333333346,60.77562500000023,55.86893617021253
600486,2024-05-08,69.8,65.4,70.89,65.4,66.53,50681.5,339677000.0,65.44,63.86,60.054999999999936,57.61,55.17,71.47,3.09,2.53,0.56,扬农化工,化学原料和化学制品制造业,主板,65.6474999999997,64.4512499999999,63.105000000000125,61.41562500000024,56.133191489361465
600486,2024-05-09,65.43,65.1,66.88,64.77,65.4,35333.0,231758000.0,65.54,64.29,60.62549999999993,58.04,55.43,69.85,3.02,2.63,0.39,扬农化工,化学原料和化学制品制造业,主板,65.8149999999997,64.92624999999991,63.64666666666679,62.03437500000024,56.37872340425508
600486,2024-05-10,65.05,65.23,65.83,64.05,65.1,30899.7,200682000.0,65.7,64.59,61.143999999999934,58.5,55.7,70.16,2.95,2.69,0.26,扬农化工,化学原料和化学制品制造业,主板,65.5649999999997,65.17499999999991,64.07333333333345,62.55000000000024,56.629148936169976
600486,2024-05-13,65.2,65.22,65.65,64.0,65.23,22562.2,146207000.0,65.5,64.99,61.667999999999935,58.96,56.0,70.1,2.84,2.72,0.12,扬农化工,化学原料和化学制品制造业,主板,65.2374999999997,65.34374999999991,64.45000000000012,63.15687500000024,56.85255319148912
600486,2024-05-14,65.0,63.84,65.22,63.56,65.22,23248.4,149226000.0,64.96,65.05,62.10199999999993,59.32,56.27,62.11,2.63,2.7,-0.07,扬农化工,化学原料和化学制品制造业,主板,64.84749999999971,65.24749999999992,64.58333333333346,63.54062500000023,57.04489361702104
600486,2024-05-15,63.6,64.28,64.64,62.9,63.84,22815.9,145859000.0,64.73,65.09,62.555999999999926,59.75,56.48,63.54,2.47,2.66,-0.19,扬农化工,化学原料和化学制品制造业,主板,64.6424999999997,65.2287499999999,64.83166666666679,63.89562500000023,57.26085106382955
600486,2024-05-16,64.45,64.14,65.14,63.81,64.28,18681.3,120433000.0,64.54,65.04,62.91399999999993,60.19,56.62,62.73,2.3,2.59,-0.29,扬农化工,化学原料和化学制品制造业,主板,64.36999999999969,64.9674999999999,64.9066666666668,64.14750000000024,57.478297872340185
600486,2024-05-17,64.06,64.43,64.95,63.0,64.14,14585.6,93459400.0,64.38,65.04,63.359999999999935,60.63,56.79,63.76,2.17,2.5,-0.33,扬农化工,化学原料和化学制品制造业,主板,64.1724999999997,64.7049999999999,64.95333333333346,64.38062500000024,57.721489361701884
600486,2024-05-20,64.45,64.48,66.5,64.01,64.43,33770.5,218721000.0,64.23,64.86,63.698999999999934,60.96,56.98,63.94,2.04,2.41,-0.37,扬农化工,化学原料和化学制品制造业,主板,64.3324999999997,64.5899999999999,64.94250000000012,64.52062500000024,57.96999999999975
600486,2024-05-21,64.36,63.36,64.72,62.92,64.48,25407.6,161470000.0,64.14,64.55,63.936999999999934,61.21,57.16,56.93,1.82,2.29,-0.47,扬农化工,化学原料和化学制品制造业,主板,64.10249999999971,64.3724999999999,64.85333333333347,64.64937500000023,58.19425531914869
600486,2024-05-22,63.0,62.82,64.05,62.8,63.36,18442.8,116623000.0,63.85,64.29,64.07249999999993,61.47,57.33,53.86,1.59,2.15,-0.56,扬农化工,化学原料和化学制品制造业,主板,63.77249999999971,64.0712499999999,64.5691666666668,64.62312500000023,58.392340425531664
600486,2024-05-23,62.74,61.85,63.0,61.52,62.82,22696.6,140537000.0,63.39,63.97,64.12999999999992,61.74,57.48,48.78,1.32,1.99,-0.67,扬农化工,化学原料和化学制品制造业,主板,63.12749999999971,63.649999999999906,64.1791666666668,64.49687500000023,58.5525531914891
600486,2024-05-24,61.6,62.15,62.88,61.53,61.85,15362.6,95595400.0,62.93,63.66,64.12549999999993,61.98,57.64,50.34,1.12,1.81,-0.69,扬农化工,化学原料和化学制品制造业,主板,62.5449999999997,63.4387499999999,63.90833333333347,64.34312500000024,58.73170212765932
600486,2024-05-27,62.35,62.58,62.81,61.45,62.15,14853.3,92171000.0,62.55,63.39,64.18949999999992,62.24,57.8,52.57,0.98,1.65,-0.67,扬农化工,化学原料和化学制品制造业,主板,62.349999999999696,63.22624999999991,63.69833333333347,64.22750000000023,58.942553191489104
600486,2024-05-28,62.38,60.9,62.71,60.87,62.58,27177.4,167501000.0,62.06,63.1,64.07249999999993,62.43,57.92,44.21,0.71,1.46,-0.75,扬农化工,化学原料和化学制品制造业,主板,61.86999999999969,62.82124999999991,63.33750000000014,63.89437500000024,59.11255319148911
600486,2024-05-29,61.02,61.43,61.75,60.7,60.9,18709.1,114538000.0,61.78,62.81,63.95049999999994,62.64,58.05,47.07,0.56,1.28,-0.72,扬农化工,化学原料和化学制品制造业,主板,61.764999999999695,62.4462499999999,63.021666666666796,63.575625000000244,59.28063829787208
600486,2024-05-30,61.36,60.77,61.79,60.46,61.43,12464.0,76058500.0,61.57,62.48,63.75849999999995,62.77,58.15,44.04,0.36,1.1,-0.74,扬农化工,化学原料和化学制品制造业,主板,61.419999999999696,61.9824999999999,62.76583333333346,63.286250000000244,59.44340425531889
600486,2024-05-31,60.68,60.04,61.1,59.91,60.77,15698.0,94856300.0,61.14,62.04,63.538999999999945,62.92,58.24,40.91,0.16,0.91,-0.75,扬农化工,化学原料和化学制品制造业,主板,60.7849999999997,61.567499999999896,62.41250000000013,62.97000000000025,59.59680851063804
600486,2024-06-03,59.8,58.88,60.0,58.39,60.04,23608.1,139026000.0,60.4,61.48,63.171499999999945,62.96,58.32,36.47,-0.1,0.71,-0.81,扬农化工,化学原料和化学制品制造业,主板,60.279999999999696,61.074999999999896,61.9741666666668,62.573125000000246,59.73574468085081
600486,2024-06-04,58.88,61.15,61.45,58.4,58.88,23355.2,140359000.0,60.45,61.26,62.902499999999954,63.04,58.44,48.3,-0.13,0.54,-0.67,扬农化工,化学原料和化学制品制造业,主板,60.209999999999695,60.9874999999999,61.700833333333456,62.31875000000025,59.942765957446554
600486,2024-06-05,61.15,60.2,61.92,60.02,61.15,17300.3,105262000.0,60.21,60.99,62.64249999999995,63.05,58.56,44.56,-0.22,0.39,-0.61,扬农化工,化学原料和化学制品制造业,主板,60.06749999999969,60.743749999999906,61.34416666666679,62.09125000000025,60.12787234042528
600486,2024-06-06,60.3,59.51,60.61,59.41,60.2,12611.7,75714500.0,59.96,60.76,62.36299999999996,63.01,58.67,42.01,-0.34,0.24,-0.58,扬农化工,化学原料和化学制品制造业,主板,59.9349999999997,60.35999999999991,61.023333333333454,61.79312500000026,60.27042553191464
600486,2024-06-07,59.95,59.2,60.65,59.0,59.51,10754.5,64213500.0,59.79,60.47,62.06149999999995,62.91,58.78,40.88,-0.45,0.1,-0.55,扬农化工,化学原料和化学制品制造业,主板,60.0149999999997,60.14749999999991,60.721666666666785,61.48437500000026,60.43574468085081
600486,2024-06-11,59.22,59.08,59.75,58.78,59.2,11906.8,70558300.0,59.83,60.12,61.75449999999995,62.83,58.87,40.43,-0.56,-0.03,-0.53,扬农化工,化学原料和化学制品制造业,主板,59.4974999999997,59.85374999999991,60.490833333333455,61.15000000000026,60.60510638297847
600486,2024-06-12,59.22,58.21,59.39,58.2,59.08,13847.7,81094900.0,59.24,59.85,61.472999999999956,62.66,58.93,37.21,-0.69,-0.16,-0.53,扬农化工,化学原料和化学制品制造业,主板,58.9999999999997,59.53374999999991,60.16250000000013,60.75812500000026,60.752978723404
600486,2024-06-13,58.04,57.45,58.6,57.1,58.21,16752.1,96654600.0,58.69,59.45,61.13149999999996,62.45,59.0,34.62,-0.85,-0.3,-0.55,扬农化工,化学原料和化学制品制造业,主板,58.4849999999997,59.209999999999916,59.73500000000013,60.388750000000265,60.819787234042295
600486,2024-06-14,57.45,57.52,57.85,56.51,57.45,18262.0,104233000.0,58.29,59.12,60.80049999999996,62.21,59.08,35.07,-0.97,-0.43,-0.54,扬农化工,化学原料和化学制品制造业,主板,58.0649999999997,59.03999999999992,59.45333333333346,60.05750000000026,60.851702127659316
600486,2024-06-17,57.3,57.26,57.69,56.52,57.52,15197.0,86918900.0,57.9,58.85,60.44199999999995,61.97,59.15,34.13,-1.06,-0.56,-0.5,扬农化工,化学原料和化学制品制造业,主板,57.6099999999997,58.55374999999992,59.105833333333464,59.77062500000026,60.89744680851038
600486,2024-06-18,57.26,57.25,58.3,57.0,57.26,9452.47,54396700.0,57.54,58.68,60.08049999999995,61.68,59.21,34.09,-1.13,-0.67,-0.46,扬农化工,化学原料和化学制品制造业,主板,57.3699999999997,58.184999999999924,58.812500000000135,59.46437500000026,60.97319148936145
600486,2024-06-19,57.28,56.46,57.58,56.0,57.25,16758.8,94582800.0,57.19,58.21,59.73549999999996,61.34,59.27,31.16,-1.23,-0.78,-0.45,扬农化工,化学原料和化学制品制造业,主板,57.122499999999704,57.80374999999992,58.5141666666668,59.08187500000026,61.00723404255293
600486,2024-06-20,56.55,56.16,56.88,55.61,56.46,17886.6,100523000.0,56.93,57.81,59.40249999999996,61.03,59.32,30.1,-1.31,-0.89,-0.42,扬农化工,化学原料和化学制品制造业,主板,56.78249999999971,57.42374999999992,58.287500000000136,58.78562500000026,61.03744680851038
600486,2024-06-21,55.75,56.3,56.99,55.75,56.16,16709.7,94658500.0,56.69,57.49,59.124999999999964,60.74,59.39,31.27,-1.36,-0.98,-0.38,扬农化工,化学原料和化学制品制造业,主板,56.542499999999706,57.07624999999992,57.88333333333347,58.46500000000026,61.06170212765932
600486,2024-06-24,56.0,55.8,56.8,55.42,56.3,21923.5,122708000.0,56.39,57.15,58.80749999999996,60.42,59.46,29.38,-1.42,-1.07,-0.35,扬农化工,化学原料和化学制品制造业,主板,56.17999999999971,56.77499999999993,57.516666666666794,58.15437500000026,61.07446808510614
600486,2024-06-25,55.55,57.21,58.0,55.55,55.8,18004.3,102975000.0,56.39,56.96,58.538999999999966,60.16,59.56,40.36,-1.33,-1.12,-0.21,扬农化工,化学原料和化学制品制造业,主板,56.3674999999997,56.744999999999926,57.32500000000013,57.97750000000026,61.07936170212742
600486,2024-06-26,57.0,56.74,57.2,56.48,57.21,16615.1,94349500.0,56.44,56.82,58.33099999999996,59.92,59.62,38.23,-1.29,-1.16,-0.13,扬农化工,化学原料和化学制品制造业,主板,56.5124999999997,56.64749999999993,57.120000000000125,57.84375000000026,61.10553191489337
600486,2024-06-27,56.44,55.93,56.69,55.46,56.74,21666.0,120973000.0,56.4,56.66,58.05599999999996,59.64,59.7,34.81,-1.31,-1.19,-0.12,扬农化工,化学原料和化学制品制造业,主板,56.41999999999969,56.48124999999993,56.85750000000012,57.51750000000026,61.06787234042528
600486,2024-06-28,56.0,56.45,56.62,55.4,55.93,24742.8,139237000.0,56.43,56.56,57.83999999999996,59.39,59.79,38.6,-1.26,-1.2,-0.06,扬农化工,化学原料和化学制品制造业,主板,56.58249999999968,56.38124999999993,56.710833333333454,57.28312500000026,61.02212765957422
600486,2024-07-01,56.32,57.75,57.98,56.03,56.45,14392.4,82473600.0,56.82,56.6,57.72549999999997,59.16,59.89,46.92,-1.11,-1.18,0.07,扬农化工,化学原料和化学制品制造业,主板,56.71749999999968,56.54249999999993,56.73583333333345,57.17312500000026,60.97191489361676
600486,2024-07-02,57.75,56.26,57.75,55.95,57.75,22685.8,127812000.0,56.63,56.51,57.59449999999996,58.89,59.93,40.2,-1.1,-1.17,0.07,扬农化工,化学原料和化学制品制造业,主板,56.597499999999684,56.554999999999936,56.63083333333345,56.98937500000026,60.87744680851039
600486,2024-07-03,56.09,55.38,56.97,55.01,56.26,15598.4,87056200.0,56.35,56.4,57.30599999999996,58.62,59.92,36.84,-1.15,-1.16,0.01,扬农化工,化学原料和化学制品制造业,主板,56.45999999999968,56.439999999999934,56.47416666666678,56.758125000000256,60.73148936170189
600486,2024-07-04,55.4,54.96,55.48,54.21,55.38,19403.9,106399000.0,56.16,56.28,57.04399999999996,58.36,59.91,35.33,-1.21,-1.17,-0.04,扬农化工,化学原料和化学制品制造业,主板,56.08749999999968,56.33499999999993,56.28333333333345,56.555000000000256,60.596595744680606
600486,2024-07-05,55.02,55.13,55.65,54.46,54.96,11695.1,64201700.0,55.9,56.16,56.82499999999997,58.14,59.94,36.47,-1.22,-1.18,-0.04,扬农化工,化学原料和化学制品制造业,主板,55.43249999999968,56.07499999999993,56.17250000000012,56.41000000000025,60.424042553191256
600486,2024-07-08,54.5,53.81,55.21,53.7,55.13,10881.6,59103900.0,55.11,55.96,56.55549999999996,57.86,59.92,31.78,-1.33,-1.21,-0.12,扬农化工,化学原料和化学制品制造业,主板,54.81999999999968,55.70874999999993,55.976666666666794,56.17812500000025,60.209999999999766
600486,2024-07-09,53.61,52.92,54.25,52.84,53.81,19088.9,101696000.0,54.44,55.53,56.24749999999997,57.54,59.89,29.07,-1.47,-1.26,-0.21,扬农化工,化学原料和化学制品制造业,主板,54.204999999999686,55.33249999999993,55.69500000000013,55.90687500000025,59.961276595744444
600486,2024-07-10,52.57,52.59,53.2,52.57,52.92,8712.8,46011600.0,53.88,55.12,55.96649999999996,57.26,59.85,28.11,-1.59,-1.33,-0.26,扬农化工,化学原料和化学制品制造业,主板,53.61249999999968,54.84999999999993,55.42750000000013,55.61562500000025,59.70936170212743
600486,2024-07-11,53.3,54.13,54.82,52.5,52.59,22021.2,118346000.0,53.72,54.94,55.800499999999964,57.02,59.83,38.32,-1.54,-1.37,-0.17,扬农化工,化学原料和化学制品制造业,主板,53.362499999999685,54.39749999999993,55.17083333333346,55.47000000000025,59.451914893616795
600486,2024-07-12,54.01,54.55,55.08,53.0,54.13,20821.0,112902000.0,53.6,54.75,55.651999999999965,56.81,59.79,40.79,-1.45,-1.39,-0.06,扬农化工,化学原料和化学制品制造业,主板,53.54749999999969,54.18374999999993,54.98833333333346,55.36937500000025,59.197021276595514
600486,2024-07-15,54.6,55.22,55.62,54.51,54.55,17520.4,96638300.0,53.88,54.5,55.54999999999997,56.65,59.78,44.6,-1.3,-1.37,0.07,扬农化工,化学原料和化学制品制造业,主板,54.122499999999675,54.163749999999936,54.929166666666795,55.30187500000025,58.98042553191466
600486,2024-07-16,55.1,54.13,55.49,53.87,55.22,10065.0,54778600.0,54.12,54.28,55.39399999999997,56.49,59.72,40.08,-1.27,-1.35,0.08,扬农化工,化学原料和化学制品制造业,主板,54.50749999999967,54.05999999999994,54.73583333333346,55.197500000000254,58.74702127659552
600486,2024-07-17,54.14,54.81,55.03,53.62,54.13,10141.5,55280000.0,54.57,54.22,55.31149999999997,56.28,59.66,43.9,-1.17,-1.31,0.14,扬农化工,化学原料和化学制品制造业,主板,54.67749999999967,54.01999999999994,54.490833333333455,55.047500000000255,58.52531914893594
600486,2024-07-18,54.71,55.71,55.95,54.28,54.81,15094.0,83506500.0,54.88,54.3,55.288999999999966,56.13,59.59,48.58,-1.01,-1.25,0.24,扬农化工,化学原料和化学制品制造业,主板,54.96749999999966,54.257499999999936,54.44500000000013,54.98312500000026,58.32297872340403
600486,2024-07-19,55.51,55.08,55.51,54.86,55.71,9900.18,54537700.0,54.99,54.3,55.227999999999966,55.98,59.49,45.71,-0.92,-1.19,0.27,扬农化工,化学原料和化学制品制造业,主板,54.932499999999656,54.52749999999993,54.42000000000013,54.93000000000026,58.13659574468062
600486,2024-07-22,55.11,54.2,55.26,53.54,55.08,18443.4,100167000.0,54.79,54.33,55.14799999999997,55.82,59.36,41.98,-0.91,-1.13,0.22,扬农化工,化学原料和化学制品制造业,主板,54.94999999999966,54.728749999999934,54.3566666666668,54.78937500000026,57.92212765957423
600486,2024-07-23,54.2,52.31,54.21,52.18,54.2,13470.7,71371000.0,54.42,54.27,54.90299999999996,55.59,59.21,35.31,-1.04,-1.11,0.07,扬农化工,化学原料和化学制品制造业,主板,54.32499999999966,54.501249999999935,54.12166666666679,54.44937500000026,57.67042553191466
600486,2024-07-24,51.94,51.8,52.25,51.41,52.31,24153.3,125260000.0,53.82,54.19,54.65599999999996,55.38,59.02,33.75,-1.18,-1.13,-0.05,扬农化工,化学原料和化学制品制造业,主板,53.34749999999966,54.157499999999935,53.95416666666679,54.17062500000026,57.40170212765934
600486,2024-07-25,51.5,52.5,53.59,51.48,51.8,11815.7,62380500.0,53.18,54.03,54.484499999999954,55.21,58.83,37.81,-1.21,-1.14,-0.07,扬农化工,化学原料和化学制品制造业,主板,52.70249999999966,53.81749999999994,53.91916666666679,53.99062500000026,57.14680851063807
600486,2024-07-26,51.5,52.6,52.64,51.38,51.62,12228.2,63634000.0,52.68,53.84,54.29199999999995,55.05,58.63,38.39,-1.22,-1.16,-0.06,扬农化工,化学原料和化学制品制造业,主板,52.30249999999967,53.62624999999994,53.92000000000012,53.843125000000256,56.9178723404253
600486,2024-07-29,52.8,52.68,53.6,52.39,52.6,10455.9,55222400.0,52.38,53.58,54.03849999999996,54.89,58.43,38.88,-1.2,-1.17,-0.03,扬农化工,化学原料和化学制品制造业,主板,52.39499999999967,53.35999999999994,53.799166666666785,53.69000000000025,56.702127659574224
600486,2024-07-30,52.54,52.18,52.7,51.94,52.68,4888.1,25500400.0,52.35,53.39,53.834499999999956,54.72,58.2,36.9,-1.22,-1.18,-0.04,扬农化工,化学原料和化学制品制造业,主板,52.48999999999967,52.918749999999946,53.60166666666678,53.58812500000025,56.49638297872316
600486,2024-07-31,52.04,55.03,55.04,51.83,52.18,18993.3,102297000.0,53.0,53.41,53.81699999999995,54.68,58.01,51.93,-0.99,-1.14,0.15,扬农化工,化学原料和化学制品制造业,主板,53.12249999999966,52.912499999999945,53.58583333333345,53.72000000000025,56.344893617021036
600486,2024-08-01,55.08,54.01,55.84,53.55,55.03,10652.9,57783800.0,53.3,53.24,53.76949999999995,54.61,57.82,47.56,-0.88,-1.09,0.21,扬农化工,化学原料和化学制品制造业,主板,53.47499999999966,52.888749999999945,53.57583333333344,53.808750000000245,56.162553191489124
600486,2024-08-02,54.01,54.25,54.79,53.13,54.01,9270.0,50312400.0,53.63,53.16,53.72549999999994,54.54,57.64,48.66,-0.76,-1.02,0.26,扬农化工,化学原料和化学制品制造业,主板,53.86749999999965,53.131249999999945,53.529166666666775,53.816250000000245,56.021063829786996
600486,2024-08-05,54.43,54.25,55.58,54.06,54.25,14179.5,77840100.0,53.94,53.16,53.747499999999945,54.49,57.45,48.66,-0.67,-0.95,0.28,扬农化工,化学原料和化学制品制造业,主板,54.38499999999965,53.43749999999994,53.407500000000105,53.79750000000025,55.86829787234019
600486,2024-08-06,54.72,54.74,55.55,54.1,54.25,7117.32,38966500.0,54.46,53.4,53.83849999999994,54.4,57.28,51.07,-0.54,-0.87,0.33,扬农化工,化学原料和化学制品制造业,主板,54.31249999999965,53.717499999999944,53.37916666666677,53.76750000000025,55.73999999999976
600486,2024-08-07,54.76,54.01,54.77,53.24,54.74,9471.8,51056000.0,54.25,53.62,53.909499999999944,54.31,57.12,47.49,-0.49,-0.79,0.3,扬农化工,化学原料和化学制品制造业,主板,54.31249999999966,53.89374999999994,53.36333333333343,53.76000000000025,55.61170212765934
600486,2024-08-08,53.76,54.56,55.23,53.76,54.01,12183.9,66578400.0,54.36,53.83,53.93099999999994,54.27,56.95,50.32,-0.41,-0.72,0.31,扬农化工,化学原料和化学制品制造业,主板,54.38999999999966,54.12874999999994,53.550833333333436,53.74437500000025,55.51978723404232
600486,2024-08-09,54.87,53.13,55.25,53.01,54.56,14053.5,75350300.0,54.14,53.88,53.85999999999994,54.16,56.77,43.72,-0.45,-0.66,0.21,扬农化工,化学原料和化学制品制造业,主板,54.10999999999966,54.24749999999994,53.661666666666775,53.583125000000244,55.349148936169975
600486,2024-08-12,53.08,53.32,53.74,52.92,53.13,7518.07,40007000.0,53.95,53.95,53.764999999999944,54.01,56.59,44.76,-0.47,-0.62,0.15,扬农化工,化学原料和化学制品制造业,主板,53.754999999999654,54.03374999999994,53.73000000000011,53.473125000000245,55.20276595744658
600486,2024-08-13,53.43,53.49,53.6,53.01,53.32,5424.1,28919800.0,53.7,54.08,53.73299999999993,53.92,56.4,45.72,-0.46,-0.59,0.13,扬农化工,化学原料和化学制品制造业,主板,53.62499999999966,53.96874999999994,53.80416666666678,53.42875000000024,55.07468085106359
600486,2024-08-14,53.5,51.03,53.51,51.01,53.49,19152.0,98777400.0,53.11,53.68,53.54399999999994,53.77,56.2,35.95,-0.64,-0.6,-0.04,扬农化工,化学原料和化学制品制造业,主板,52.74249999999965,53.56624999999994,53.66666666666678,53.34875000000024,54.900851063829556
600486,2024-08-15,50.9,50.31,52.08,50.01,51.03,18901.8,96282800.0,52.26,53.31,53.27399999999993,53.62,55.99,33.68,-0.83,-0.65,-0.18,扬农化工,化学原料和化学制品制造业,主板,52.03749999999965,53.07374999999994,53.510833333333444,53.25562500000024,54.714255319148705
600486,2024-08-16,50.3,49.7,50.32,49.4,50.31,15600.2,77605600.0,51.57,52.85,53.00499999999994,53.44,55.79,31.85,-1.02,-0.72,-0.3,扬农化工,化学原料和化学制品制造业,主板,51.13249999999965,52.44374999999994,53.066666666666784,53.08062500000024,54.53319148936147
600486,2024-08-19,49.79,49.88,50.97,49.51,49.7,9043.27,45272100.0,50.88,52.42,52.788999999999945,53.3,55.58,33.01,-1.15,-0.81,-0.34,扬农化工,化学原料和化学制品制造业,主板,50.22999999999965,51.92749999999994,52.72250000000012,52.91062500000024,54.37212765957424
600486,2024-08-20,49.96,48.85,50.03,48.6,49.88,11647.2,57063400.0,49.95,51.83,52.61599999999994,53.17,55.35,29.88,-1.31,-0.91,-0.4,扬农化工,化学原料和化学制品制造业,主板,49.68499999999965,51.21374999999994,52.27250000000012,52.67125000000024,54.18765957446786
600486,2024-08-21,48.5,48.0,48.8,47.8,48.85,19809.8,95129800.0,49.35,51.23,52.425999999999945,53.02,55.14,27.55,-1.49,-1.02,-0.47,扬农化工,化学原料和化学制品制造业,主板,49.107499999999646,50.57249999999994,51.751666666666786,52.410000000000245,53.99063829787211
600486,2024-08-22,48.0,47.85,48.06,46.8,48.0,20048.4,95478800.0,48.86,50.56,52.193499999999936,52.81,54.91,27.15,-1.63,-1.15,-0.48,扬农化工,化学原料和化学制品制造业,主板,48.64499999999964,49.888749999999945,51.17750000000012,51.96125000000025,53.79063829787211
600486,2024-08-23,47.75,48.6,49.78,47.61,47.85,19510.5,95973500.0,48.64,50.1,51.99349999999994,52.61,54.71,32.45,-1.67,-1.25,-0.42,扬农化工,化学原料和化学制品制造业,主板,48.32499999999964,49.27749999999995,50.726666666666794,51.62312500000025,53.62340425531891
600486,2024-08-26,48.67,48.76,48.8,47.91,48.6,8335.23,40382800.0,48.41,49.65,51.797499999999935,52.39,54.52,33.56,-1.66,-1.33,-0.33,扬农化工,化学原料和化学制品制造业,主板,48.30249999999964,48.99374999999995,50.24333333333345,51.28000000000025,53.46595744680828
600486,2024-08-27,48.59,48.52,48.99,47.51,48.76,20696.0,99656600.0,48.35,49.15,51.61449999999993,52.21,54.35,32.69,-1.65,-1.4,-0.25,扬农化工,化学原料和化学制品制造业,主板,48.43249999999964,48.769999999999946,49.85916666666679,50.92187500000025,53.30042553191466
600486,2024-08-28,48.22,49.3,49.71,48.15,48.52,15831.6,77761700.0,48.61,48.98,51.32799999999993,52.02,54.15,38.28,-1.56,-1.43,-0.13,扬农化工,化学原料和化学制品制造业,主板,48.79499999999964,48.71999999999995,49.52416666666678,50.581875000000245,53.16212765957423
600486,2024-08-29,49.26,49.55,50.45,48.98,49.3,10271.2,51174200.0,48.95,48.9,51.104999999999926,51.82,53.97,39.99,-1.46,-1.43,-0.03,扬农化工,化学原料和化学制品制造业,主板,49.03249999999964,48.67874999999995,49.19583333333344,50.30312500000024,52.99914893616998
600486,2024-08-30,49.62,50.6,51.19,49.18,49.55,19876.2,100259000.0,49.35,48.99,50.92249999999992,51.67,53.82,46.71,-1.28,-1.4,0.12,扬农化工,化学原料和化学制品制造业,主板,49.49249999999964,48.89749999999995,49.16000000000011,50.05562500000025,52.86851063829764
600486,2024-09-02,50.53,51.61,52.2,49.76,50.6,25417.9,130985000.0,49.92,49.16,50.790499999999916,51.58,53.7,52.24,-1.04,-1.33,0.29,扬农化工,化学原料和化学制品制造业,主板,50.26499999999964,49.34874999999995,49.26833333333345,49.96062500000025,52.77659574468063
600486,2024-09-03,51.5,52.12,52.64,51.37,51.61,16418.7,85646900.0,50.64,49.49,50.65949999999991,51.57,53.58,54.79,-0.8,-1.22,0.42,扬农化工,化学原料和化学制品制造业,主板,50.969999999999644,49.88249999999995,49.47000000000011,49.885625000000246,52.68446808510616
600486,2024-09-04,52.12,52.5,53.25,51.87,52.12,12949.4,68342500.0,51.28,49.94,50.58399999999991,51.6,53.49,56.65,-0.58,-1.1,0.52,扬农化工,化学原料和化学制品制造业,主板,51.70749999999964,50.36999999999995,49.688333333333446,49.823750000000246,52.572765957446585
600486,2024-09-05,52.65,52.27,53.13,52.18,52.5,9231.6,48426400.0,51.82,50.38,50.46949999999991,51.59,53.4,55.17,-0.41,-0.96,0.55,扬农化工,化学原料和化学制品制造业,主板,52.12499999999964,50.80874999999995,49.97333333333344,49.901250000000246,52.487872340425305
600486,2024-09-06,52.44,50.8,52.44,50.67,52.27,11066.3,56801900.0,51.86,50.6,50.35299999999991,51.53,53.29,46.77,-0.39,-0.85,0.46,扬农化工,化学原料和化学制品制造业,主板,51.92249999999963,51.09374999999995,50.20666666666677,49.93187500000025,52.390425531914666
600486,2024-09-09,50.69,48.86,50.99,48.51,50.8,19597.9,96897000.0,51.31,50.61,50.12999999999991,51.4,53.15,38.45,-0.52,-0.78,0.26,扬农化工,化学原料和化学制品制造业,主板,51.10749999999963,51.03874999999995,50.29083333333344,49.879375000000245,52.26063829787212
600486,2024-09-10,49.14,47.81,49.19,47.02,48.86,28198.4,134013000.0,50.45,50.54,49.84599999999991,51.26,52.99,34.83,-0.72,-0.77,0.05,扬农化工,化学原料和化学制品制造业,主板,49.93499999999963,50.82124999999995,50.22500000000011,49.75000000000025,52.10489361702105
600486,2024-09-11,47.58,47.3,48.32,47.26,47.81,12686.6,60413400.0,49.41,50.34,49.65949999999991,51.0,52.84,33.2,-0.89,-0.79,-0.1,扬农化工,化学原料和化学制品制造业,主板,48.69249999999963,50.40874999999995,50.10333333333344,49.653125000000244,51.96638297872318
600486,2024-09-12,47.32,47.33,47.8,46.6,47.3,21257.0,100475000.0,48.42,50.12,49.51049999999991,50.78,52.69,33.4,-1.02,-0.84,-0.18,扬农化工,化学原料和化学制品制造业,主板,47.82499999999963,49.873749999999944,50.00416666666678,49.61125000000025,51.84744680851041
600486,2024-09-13,47.33,46.9,48.08,46.8,47.33,15036.7,71175300.0,47.64,49.75,49.370499999999915,50.53,52.53,31.94,-1.14,-0.9,-0.24,扬农化工,化学原料和化学制品制造业,主板,47.33499999999964,49.22124999999994,49.80416666666678,49.551875000000244,51.72638297872318
600486,2024-09-18,47.01,47.4,47.68,46.51,46.9,11079.3,52130000.0,47.35,49.33,49.24649999999992,50.3,52.39,35.47,-1.18,-0.95,-0.23,扬农化工,化学原料和化学制品制造业,主板,47.23249999999964,48.58374999999994,49.625000000000114,49.47687500000024,51.583191489361475
600486,2024-09-19,47.61,47.22,48.8,46.9,47.4,15539.2,73912700.0,47.23,48.84,49.164999999999914,50.05,52.23,34.77,-1.22,-1.01,-0.21,扬农化工,化学原料和化学制品制造业,主板,47.212499999999636,47.952499999999944,49.34333333333345,49.380625000000244,51.42723404255296
600486,2024-09-20,47.2,47.07,47.2,46.12,47.22,19230.8,89642100.0,47.18,48.3,49.11849999999991,49.82,52.07,34.17,-1.24,-1.05,-0.19,扬农化工,化学原料和化学制品制造业,主板,47.14749999999964,47.48624999999994,48.96500000000012,49.29000000000025,51.25382978723382
600486,2024-09-23,46.97,46.81,47.4,46.61,47.07,11134.1,52277100.0,47.08,47.75,49.06649999999991,49.56,51.91,33.09,-1.27,-1.1,-0.17,扬农化工,化学原料和化学制品制造业,主板,47.12499999999964,47.22999999999994,48.52250000000012,49.13437500000025,51.09808510638275
600486,2024-09-24,47.13,50.17,50.21,47.13,46.81,28005.6,136562000.0,47.73,47.69,49.14499999999991,49.46,51.81,53.45,-1.0,-1.08,0.08,扬农化工,化学原料和化学制品制造业,主板,47.81749999999963,47.52499999999994,48.328333333333454,49.17312500000025,50.99936170212743
600486,2024-09-25,50.67,49.65,52.19,49.5,50.17,21567.0,109511000.0,48.18,47.77,49.18949999999991,49.34,51.68,50.87,-0.83,-1.03,0.2,扬农化工,化学原料和化学制品制造业,主板,48.424999999999635,47.81874999999994,48.11000000000012,49.113750000000245,50.87042553191467
600486,2024-09-26,49.5,52.63,52.81,49.49,49.65,17918.8,91824900.0,49.27,48.25,49.39499999999991,49.31,51.61,62.15,-0.45,-0.91,0.46,扬农化工,化学原料和化学制品制造业,主板,49.814999999999635,48.48124999999994,48.262500000000124,49.177500000000244,50.8182978723402
600486,2024-09-27,55.06,57.29,57.29,54.08,54.08,24498.8,136225000.0,51.31,49.25,49.794499999999914,49.52,51.65,72.7,0.24,-0.68,0.92,扬农化工,化学原料和化学制品制造业,主板,52.43499999999963,49.779999999999944,48.96500000000012,49.50062500000024,50.88404255319127
600486,2024-09-30,59.59,62.0,62.02,59.04,57.29,53297.9,323974000.0,54.35,50.71,50.416999999999916,49.91,51.76,79.05,1.13,-0.32,1.45,扬农化工,化学原料和化学制品制造业,主板,55.39249999999963,51.60499999999995,50.147500000000115,50.09437500000024,51.090212765957226
600486,2024-10-08,68.11,60.47,68.2,59.51,62.0,96207.6,603655000.0,56.41,52.07,50.910499999999914,50.27,51.85,73.1,1.71,0.09,1.62,扬农化工,化学原料和化学制品制造业,主板,58.09749999999962,53.26124999999995,51.24500000000012,50.606875000000244,51.27468085106361
600486,2024-10-09,60.05,58.0,61.14,56.92,60.47,50871.8,300232000.0,58.08,53.13,51.22999999999992,50.54,51.92,64.64,1.95,0.46,1.49,扬农化工,化学原料和化学制品制造业,主板,59.43999999999963,54.62749999999995,52.13416666666678,51.05687500000025,51.39170212765935
600486,2024-10-10,58.0,58.8,60.24,57.79,58.0,37586.4,222354000.0,59.31,54.29,51.56399999999992,50.87,52.02,66.01,2.17,0.8,1.37,扬农化工,化学原料和化学制品制造业,主板,59.81749999999963,56.12624999999995,53.125833333333446,51.67812500000024,51.52361702127637
600486,2024-10-11,58.92,58.73,59.45,57.63,58.8,23069.8,135041000.0,59.6,55.46,51.87549999999992,51.23,52.12,65.77,2.32,1.1,1.22,扬农化工,化学原料和化学制品制造业,主板,58.99999999999963,57.19624999999995,54.070000000000114,52.36062500000024,51.6523404255317
600486,2024-10-14,59.28,59.07,59.78,57.51,58.73,22229.7,130642000.0,59.01,56.68,52.21549999999992,51.6,52.21,66.41,2.43,1.37,1.06,扬农化工,化学原料和化学制品制造业,主板,58.64999999999963,58.37374999999996,55.05750000000012,53.096250000000246,51.798936170212556
600486,2024-10-15,58.85,58.0,59.59,58.0,59.07,17802.4,104247000.0,58.52,57.46,52.57549999999992,51.92,52.26,62.45,2.41,1.58,0.83,扬农化工,化学原料和化学制品制造业,主板,58.649999999999636,59.04499999999996,55.96833333333345,53.763125000000244,51.862127659574256
600486,2024-10-16,57.8,57.6,58.82,57.53,58.0,15822.4,92056800.0,58.44,58.26,53.01249999999992,52.21,52.3,60.99,2.32,1.73,0.59,扬农化工,化学原料和化学制品制造业,主板,58.34999999999964,59.08374999999996,56.86750000000012,54.43187500000025,51.93851063829765
600486,2024-10-17,58.23,56.44,58.43,56.44,57.6,14440.5,82587400.0,57.97,58.64,53.443999999999924,52.48,52.34,56.83,2.15,1.81,0.34,扬农化工,化学原料和化学制品制造业,主板,57.77749999999964,58.38874999999996,57.39000000000013,54.99687500000025,51.98510638297851
600486,2024-10-18,56.96,58.5,60.17,56.13,56.44,27853.8,161900000.0,57.92,58.76,54.00399999999993,52.78,52.4,61.81,2.14,1.88,0.26,扬农化工,化学原料和化学制品制造业,主板,57.634999999999636,58.142499999999956,58.12750000000013,55.70187500000025,52.075531914893396
600486,2024-10-21,58.5,57.5,59.78,57.36,58.5,29228.3,169109000.0,57.61,58.31,54.51249999999993,53.05,52.43,58.29,2.04,1.91,0.13,扬农化工,化学原料和化学制品制造业,主板,57.509999999999636,58.079999999999956,58.533333333333466,56.35375000000025,52.13425531914872
600486,2024-10-22,57.39,58.28,58.5,57.39,57.5,18080.8,104874000.0,57.66,58.09,55.08149999999993,53.3,52.49,60.2,2.0,1.93,0.07,扬农化工,化学原料和化学制品制造业,主板,57.679999999999644,58.01499999999995,58.61583333333346,57.07062500000025,52.22510638297851
600486,2024-10-23,57.91,58.64,59.45,57.91,58.28,19808.5,116611000.0,57.87,58.16,55.643499999999925,53.54,52.56,61.08,1.97,1.94,0.03,扬农化工,化学原料和化学制品制造业,主板,58.22999999999965,58.003749999999954,58.33583333333346,57.60000000000025,52.31191489361681
600486,2024-10-24,58.75,58.44,59.21,58.16,58.64,11083.7,64811400.0,58.27,58.12,56.204499999999925,53.75,52.66,60.28,1.91,1.93,-0.02,扬农化工,化学原料和化学制品制造业,主板,58.21499999999965,57.92499999999995,58.1666666666668,58.149375000000255,52.42489361702106
600486,2024-10-25,58.53,61.1,61.9,58.12,58.44,40999.7,247567000.0,58.79,58.36,56.90599999999993,54.04,52.82,66.55,2.05,1.95,0.1,扬农化工,化学原料和化学制品制造业,主板,59.114999999999654,58.31249999999994,58.42500000000013,58.67875000000026,52.59042553191467
600486,2024-10-28,60.38,61.08,61.98,59.31,61.1,30733.1,187260000.0,59.51,58.56,57.619499999999924,54.33,52.96,66.46,2.14,1.99,0.15,扬农化工,化学原料和化学制品制造业,主板,59.81499999999965,58.747499999999945,58.615000000000144,58.91562500000026,52.7519148936168
600486,2024-10-29,61.71,60.25,64.09,59.5,61.08,61254.8,378726000.0,59.9,58.78,58.12349999999992,54.64,53.09,62.88,2.12,2.02,0.1,扬农化工,化学原料和化学制品制造业,主板,60.21749999999966,59.223749999999946,58.74166666666681,58.80625000000026,52.948085106382756
600486,2024-10-30,59.88,58.54,60.78,58.1,60.25,29516.1,174191000.0,59.88,58.88,58.56799999999991,54.97,53.18,56.15,1.94,2.0,-0.06,扬农化工,化学原料和化学制品制造业,主板,60.242499999999666,59.22874999999995,58.69750000000013,58.68562500000026,53.12319148936148
600486,2024-10-31,58.45,57.79,58.74,56.7,58.54,34393.3,197803000.0,59.75,59.01,58.82599999999991,55.3,53.28,53.45,1.71,1.94,-0.23,扬农化工,化学原料和化学制品制造业,主板,59.41499999999967,59.264999999999944,58.68000000000013,58.672500000000255,53.29531914893595
600486,2024-11-01,57.39,57.96,59.79,57.0,57.79,36335.5,213600000.0,59.12,58.96,58.85949999999991,55.66,53.33,53.99,1.53,1.86,-0.33,扬农化工,化学原料和化学制品制造业,主板,58.63499999999968,59.22499999999995,58.71000000000013,58.62000000000026,53.46723404255297
600486,2024-11-04,57.91,58.88,58.98,57.4,57.96,20467.9,119038000.0,58.68,59.1,58.70349999999992,56.04,53.41,56.91,1.45,1.78,-0.33,扬农化工,化学原料和化学制品制造业,主板,58.29249999999968,59.25499999999995,58.91333333333347,58.62937500000026,53.68063829787212
600486,2024-11-05,58.6,60.1,60.38,57.88,58.88,30581.3,181817000.0,58.65,59.28,58.68499999999991,56.48,53.51,60.48,1.47,1.72,-0.25,扬农化工,化学原料和化学制品制造业,主板,58.682499999999685,59.462499999999956,59.0466666666668,58.69375000000026,53.93808510638276
600486,2024-11-06,59.8,59.76,61.25,59.28,60.1,26410.3,158641000.0,58.9,59.39,58.77299999999991,56.89,53.6,59.01,1.43,1.66,-0.23,扬农化工,化学原料和化学制品制造业,主板,59.17499999999969,59.29499999999996,59.235000000000134,58.80375000000026,54.19148936170191
600486,2024-11-07,59.28,60.22,61.24,58.88,59.76,42482.2,255904000.0,59.38,59.57,58.843999999999916,57.33,53.69,60.41,1.43,1.61,-0.18,扬农化工,化学原料和化学制品制造业,主板,59.73999999999969,59.187499999999964,59.39666666666681,58.96750000000026,54.43872340425511
600486,2024-11-08,60.6,60.12,61.12,59.77,60.22,30450.9,183572000.0,59.82,59.47,58.91349999999991,57.76,53.79,59.93,1.41,1.57,-0.16,扬农化工,化学原料和化学制品制造业,主板,60.049999999999685,59.17124999999996,59.520000000000145,59.19750000000026,54.68042553191467
600486,2024-11-11,59.81,59.17,59.99,58.35,60.12,30371.8,179157000.0,59.87,59.28,58.918499999999916,58.17,53.87,55.43,1.29,1.52,-0.23,扬农化工,化学原料和化学制品制造业,主板,59.81749999999969,59.24999999999995,59.580833333333466,59.23937500000026,54.90702127659552
600486,2024-11-12,59.19,58.46,60.35,58.05,59.17,29290.2,173154000.0,59.55,59.1,58.94149999999992,58.45,53.96,52.27,1.13,1.44,-0.31,扬农化工,化学原料和化学制品制造业,主板,59.492499999999694,59.333749999999945,59.36083333333347,59.29937500000026,55.1019148936168
600486,2024-11-13,58.2,58.71,59.0,57.87,58.46,15478.9,90382500.0,59.34,59.12,58.99699999999992,58.75,54.05,53.28,1.0,1.35,-0.35,扬农化工,化学原料和化学制品制造业,主板,59.11499999999969,59.427499999999945,59.16333333333347,59.326250000000265,55.29680851063807
600486,2024-11-14,58.69,57.93,59.08,57.85,58.71,17462.3,102178000.0,58.88,59.13,59.07149999999992,58.93,54.12,49.74,0.85,1.25,-0.4,扬农化工,化学原料和化学制品制造业,主板,58.56749999999968,59.30874999999995,58.970000000000134,59.28187500000026,55.45276595744658
600486,2024-11-15,57.7,57.26,58.28,57.15,57.93,17207.1,98826400.0,58.31,59.06,59.009499999999925,58.93,54.22,46.87,0.65,1.13,-0.48,扬农化工,化学原料和化学制品制造业,主板,58.08999999999968,58.95374999999994,58.863333333333465,59.208125000000265,55.57297872340403
600486,2024-11-18,57.11,56.22,58.28,55.6,57.26,29614.9,168714000.0,57.72,58.8,58.945499999999925,58.73,54.32,42.73,0.41,0.99,-0.58,扬农化工,化学原料和化学制品制造业,主板,57.52999999999967,58.51124999999995,58.73250000000014,58.903125000000266,55.66021276595722
600486,2024-11-19,56.37,56.92,57.35,56.18,56.22,21722.0,123337000.0,57.41,58.48,58.87749999999993,58.62,54.44,46.17,0.27,0.84,-0.57,扬农化工,化学原料和化学制品制造业,主板,57.08249999999966,58.09874999999994,58.645833333333464,58.64312500000026,55.75425531914871
600486,2024-11-20,56.68,55.51,56.83,54.71,56.92,44326.9,245601000.0,56.77,58.05,58.720999999999925,58.53,54.54,40.85,0.05,0.68,-0.63,扬农化工,化学原料和化学制品制造业,主板,56.477499999999665,57.52249999999994,58.36500000000013,58.34687500000026,55.823191489361484
600486,2024-11-21,55.5,55.19,55.88,54.93,55.51,26871.5,148722000.0,56.22,57.55,58.558499999999924,58.41,54.64,39.73,-0.16,0.52,-0.68,扬农化工,化学原料和化学制品制造业,主板,55.95999999999967,57.02499999999993,57.95583333333346,58.13750000000026,55.91659574468063
600486,2024-11-22,55.2,52.92,55.21,52.92,55.19,33260.7,179401000.0,55.35,56.83,58.14949999999993,58.22,54.72,32.85,-0.5,0.31,-0.81,扬农化工,化学原料和化学制品制造业,主板,55.13499999999967,56.33249999999993,57.38583333333346,57.83312500000026,56.00297872340403
600486,2024-11-25,53.07,51.95,53.45,51.83,52.92,49094.3,256518000.0,54.5,56.11,57.69299999999994,57.98,54.79,30.43,-0.83,0.08,-0.91,扬农化工,化学原料和化学制品制造业,主板,53.89249999999967,55.48749999999993,56.69666666666679,57.45750000000026,56.091063829787004
600486,2024-11-26,51.9,52.35,52.95,51.73,51.95,17991.3,94280200.0,53.58,55.5,57.29799999999993,57.79,54.86,32.64,-1.05,-0.14,-0.91,扬农化工,化学原料和化学制品制造业,主板,53.10249999999968,54.789999999999935,56.04916666666679,57.04937500000026,56.19851063829764
600486,2024-11-27,52.36,52.79,52.89,51.7,52.35,25195.9,131873000.0,53.04,54.9,57.01049999999994,57.63,54.92,35.08,-1.18,-0.35,-0.83,扬农化工,化学原料和化学制品制造业,主板,52.502499999999685,54.23124999999994,55.517500000000126,56.59250000000026,56.3146808510636
600486,2024-11-28,52.69,52.99,53.45,52.3,52.79,22916.9,121519000.0,52.6,54.41,56.770499999999934,57.52,55.0,36.21,-1.25,-0.53,-0.72,扬农化工,化学原料和化学制品制造业,主板,52.51999999999968,53.827499999999944,55.06166666666679,56.16937500000026,56.444255319148695
600486,2024-11-29,52.99,54.55,54.91,52.99,52.99,37404.8,202772000.0,52.93,54.14,56.59999999999993,57.39,55.08,44.35,-1.17,-0.66,-0.51,扬农化工,化学原料和化学制品制造业,主板,53.16999999999969,53.53124999999994,54.71500000000012,55.81500000000025,56.59638297872316
600486,2024-12-02,54.46,54.95,55.25,53.9,54.55,22231.7,121704000.0,53.53,54.01,56.40349999999993,57.3,55.17,46.25,-1.05,-0.74,-0.31,扬农化工,化学原料和化学制品制造业,主板,53.81999999999969,53.46124999999994,54.46666666666679,55.491875000000256,56.76085106382955
600486,2024-12-03,54.89,55.55,55.84,54.1,54.95,25396.1,140168000.0,54.17,53.88,56.17599999999993,57.21,55.26,49.05,-0.91,-0.77,-0.14,扬农化工,化学原料和化学制品制造业,主板,54.509999999999685,53.506249999999945,54.32416666666679,55.265625000000256,56.94127659574444
600486,2024-12-04,55.36,55.11,56.19,54.99,55.55,15173.8,84162800.0,54.63,53.84,55.94349999999993,57.09,55.32,47.11,-0.81,-0.78,-0.03,扬农化工,化学原料和化学制品制造业,主板,55.03999999999968,53.779999999999944,54.23166666666679,55.056250000000254,57.1178723404253
600486,2024-12-05,54.69,54.81,55.19,54.59,55.11,10841.0,59432800.0,54.99,53.8,55.672999999999924,56.97,55.36,45.78,-0.76,-0.78,0.02,扬农化工,化学原料和化学制品制造业,主板,55.10499999999968,54.137499999999946,54.05583333333346,54.812500000000256,57.21659574468062
600486,2024-12-06,54.6,55.17,55.39,54.31,54.81,14545.5,80072300.0,55.12,54.02,55.42549999999993,56.77,55.4,47.69,-0.68,-0.76,0.08,扬农化工,化学原料和化学制品制造业,主板,55.159999999999684,54.489999999999945,54.027500000000124,54.640000000000256,57.33404255319125
600486,2024-12-09,55.17,54.8,56.0,54.69,55.17,13262.6,73233900.0,55.09,54.31,55.20699999999992,56.56,55.45,45.9,-0.64,-0.73,0.09,扬农化工,化学原料和化学制品制造业,主板,54.972499999999684,54.741249999999944,53.99500000000012,54.486250000000254,57.38021276595721
600486,2024-12-10,56.0,54.36,56.39,54.3,54.8,29275.4,161392000.0,54.85,54.51,55.00199999999992,56.37,55.51,43.8,-0.63,-0.71,0.08,扬农化工,化学原料和化学制品制造业,主板,54.784999999999684,54.912499999999945,54.11500000000012,54.37000000000025,57.3178723404253
600486,2024-12-11,54.37,54.31,54.79,54.17,54.36,13505.6,73570500.0,54.69,54.66,54.78199999999991,56.23,55.6,43.55,-0.63,-0.7,0.07,扬农化工,化学原料和化学制品制造业,主板,54.659999999999684,54.88249999999994,54.31166666666678,54.20687500000026,57.1542553191487
600486,2024-12-12,54.01,54.78,54.97,53.88,54.31,19736.9,107399000.0,54.68,54.84,54.62449999999991,56.13,55.71,46.57,-0.57,-0.67,0.1,扬农化工,化学原料和化学制品制造业,主板,54.56249999999967,54.86124999999995,54.514166666666775,54.16125000000026,57.03319148936148
600486,2024-12-13,54.59,54.25,54.71,53.81,54.78,24373.9,132062000.0,54.5,54.81,54.47399999999991,56.0,55.83,43.73,-0.58,-0.65,0.07,扬农化工,化学原料和化学制品制造业,主板,54.42499999999967,54.69874999999995,54.635833333333444,54.10250000000026,56.95340425531892
600486,2024-12-16,54.19,53.9,54.32,53.35,54.25,14693.8,79094200.0,54.32,54.7,54.35799999999991,55.84,55.94,41.92,-0.59,-0.64,0.05,扬农化工,化学原料和化学制品制造业,主板,54.30999999999966,54.54749999999994,54.71166666666678,54.16375000000026,56.84914893616999
600486,2024-12-17,53.9,53.83,54.32,53.56,53.9,17881.0,96432600.0,54.21,54.53,54.203499999999906,55.63,56.05,41.54,-0.6,-0.63,0.03,扬农化工,化学原料和化学制品制造业,主板,54.18999999999966,54.42499999999994,54.651666666666785,54.28125000000026,56.74489361702105
600486,2024-12-18,53.83,54.3,55.25,53.83,53.83,24109.3,132037000.0,54.21,54.45,54.1429999999999,55.45,56.17,45.07,-0.57,-0.62,0.05,扬农化工,化学原料和化学制品制造业,主板,54.06999999999966,54.31624999999994,54.59750000000011,54.40312500000026,56.64340425531892
600486,2024-12-19,54.03,53.18,54.12,52.42,54.3,29590.7,157131000.0,53.89,54.29,54.042499999999905,55.21,56.27,39.03,-0.63,-0.62,-0.01,扬农化工,化学原料和化学制品制造业,主板,53.802499999999654,54.11374999999994,54.40000000000011,54.42750000000026,56.54085106382956
600486,2024-12-20,53.18,53.79,53.98,52.87,53.18,23569.5,126376000.0,53.8,54.15,54.0859999999999,55.0,56.38,43.47,-0.61,-0.62,0.01,扬农化工,化学原料和化学制品制造业,主板,53.77499999999966,54.04249999999994,54.290000000000106,54.477500000000255,56.459787234042324
600486,2024-12-23,53.82,54.91,56.0,53.79,53.79,40736.7,225225000.0,54.0,54.16,54.2339999999999,54.86,56.52,50.59,-0.51,-0.6,0.09,扬农化工,化学原料和化学制品制造业,主板,54.04499999999966,54.11749999999994,54.29833333333344,54.500000000000256,56.42723404255296
600486,2024-12-24,54.93,55.59,55.87,54.14,54.91,27771.9,153752000.0,54.35,54.28,54.3959999999999,54.76,56.61,54.34,-0.36,-0.55,0.19,扬农化工,化学原料和化学制品制造业,主板,54.36749999999965,54.21874999999994,54.33333333333345,54.540000000000255,56.36531914893594
600486,2024-12-25,55.5,55.46,56.08,55.0,55.59,14149.8,78537200.0,54.59,54.4,54.529499999999906,54.65,56.7,53.51,-0.26,-0.49,0.23,扬农化工,化学原料和化学制品制造业,主板,54.937499999999645,54.36999999999994,54.388333333333456,54.53437500000026,56.32191489361679
600486,2024-12-26,55.66,55.58,55.94,54.93,55.46,15973.4,88575000.0,55.07,54.48,54.6589999999999,54.58,56.75,54.21,-0.17,-0.43,0.26,扬农化工,化学原料和化学制品制造业,主板,55.38499999999964,54.57999999999994,54.49000000000012,54.56375000000026,56.264468085106145
600486,2024-12-27,55.56,57.45,57.73,55.5,55.58,34910.1,198533000.0,55.8,54.8,54.8039999999999,54.58,56.75,63.46,0.06,-0.33,0.39,扬农化工,化学原料和化学制品制造业,主板,56.01999999999965,55.03249999999994,54.7516666666668,54.72875000000026,56.239148936169975
600486,2024-12-30,57.2,57.12,58.22,56.81,57.45,33753.7,194205000.0,56.24,55.12,54.912499999999895,54.61,56.67,61.11,0.21,-0.22,0.43,扬农化工,化学原料和化学制品制造业,主板,56.40249999999964,55.38499999999994,54.9466666666668,54.850625000000264,56.211063829786994
600486,2024-12-31,57.51,57.87,58.3,56.78,57.12,37325.2,216244000.0,56.7,55.52,55.028499999999894,54.64,56.63,64.34,0.38,-0.1,0.48,扬农化工,化学原料和化学制品制造业,主板,57.00499999999963,55.97124999999994,55.24833333333347,55.04250000000027,56.14234042553167
600486,2025-01-02,57.66,55.93,58.45,55.59,57.87,26323.2,149617000.0,56.79,55.69,55.069499999999906,54.66,56.6,52.26,0.36,-0.01,0.37,扬农化工,化学原料和化学制品制造业,主板,57.09249999999963,56.23874999999994,55.41750000000013,55.14062500000026,56.032765957446564
600486,2025-01-03,56.3,56.08,57.38,55.78,55.93,22621.7,127849000.0,56.89,55.98,55.1329999999999,54.69,56.55,52.99,0.36,0.06,0.3,扬农化工,化学原料和化学制品制造业,主板,56.74999999999963,56.384999999999934,55.60500000000013,55.25125000000027,55.944042553191245
600486,2025-01-06,55.73,55.55,56.75,54.89,56.08,24261.0,135076000.0,56.51,56.15,55.151999999999894,54.78,56.5,50.06,0.3,0.11,0.19,扬农化工,化学原料和化学制品制造业,主板,56.35749999999963,56.37999999999994,55.709166666666796,55.29937500000027,55.88042553191465
600486,2025-01-07,55.42,55.8,56.18,54.18,55.55,24999.5,138064000.0,56.25,56.24,55.2019999999999,54.9,56.44,51.43,0.28,0.15,0.13,扬农化工,化学原料和化学制品制造业,主板,55.839999999999634,56.42249999999994,55.92750000000013,55.396250000000265,55.83808510638274
600486,2025-01-08,55.99,54.91,56.12,54.4,55.8,18450.9,101654000.0,55.65,56.18,55.2294999999999,54.99,56.39,46.55,0.18,0.15,0.03,扬农化工,化学原料和化学制品制造业,主板,55.584999999999624,56.33874999999994,56.020833333333464,55.459375000000264,55.773191489361466
600486,2025-01-09,54.86,53.85,55.66,53.85,54.91,17705.4,96748700.0,55.24,56.01,55.206499999999906,55.02,56.33,41.5,0.02,0.13,-0.11,扬农化工,化学原料和化学制品制造业,主板,55.027499999999634,55.888749999999945,55.93250000000014,55.46062500000026,55.666170212765714
600486,2025-01-10,53.85,53.51,54.78,53.34,53.85,20471.2,110147000.0,54.72,55.81,55.1429999999999,55.04,56.28,40.0,-0.13,0.07,-0.2,扬农化工,化学原料和化学制品制造业,主板,54.51749999999963,55.43749999999994,55.7591666666668,55.411250000000265,55.52595744680828
600486,2025-01-13,53.31,53.73,54.66,53.0,53.51,15042.3,81026500.0,54.36,55.43,55.116999999999905,55.01,56.2,41.47,-0.24,0.01,-0.25,扬农化工,化学原料和化学制品制造业,主板,53.99999999999963,54.919999999999945,55.61500000000013,55.44562500000027,55.397659574467845
600486,2025-01-14,53.68,54.31,55.3,53.2,53.73,23639.6,128300000.0,54.06,55.15,55.137499999999896,54.99,56.15,45.28,-0.27,-0.04,-0.23,扬农化工,化学原料和化学制品制造业,主板,53.84999999999963,54.717499999999944,55.5091666666668,55.478125000000276,55.27191489361678
600486,2025-01-15,54.16,53.37,54.5,53.31,54.31,18427.9,99041500.0,53.75,54.7,55.11449999999989,54.92,56.07,40.66,-0.36,-0.11,-0.25,扬农化工,化学原料和化学制品制造业,主板,53.72999999999963,54.37874999999995,55.1691666666668,55.38187500000028,55.12829787234019
600486,2025-01-16,53.58,53.5,54.83,53.32,53.37,20653.6,111651000.0,53.68,54.46,55.0744999999999,54.87,55.98,41.55,-0.42,-0.17,-0.25,扬农化工,化学原料和化学制品制造业,主板,53.72749999999962,54.122499999999945,54.86750000000013,55.251250000000276,55.007659574467844
600486,2025-01-17,53.4,55.14,55.19,53.3,53.5,22553.0,123064000.0,54.01,54.37,55.1724999999999,54.88,55.92,51.43,-0.34,-0.2,-0.14,扬农化工,化学原料和化学制品制造业,主板,54.07999999999962,54.03999999999994,54.64000000000013,55.23125000000027,54.9370212765955
600486,2025-01-20,55.4,55.51,55.94,55.26,55.14,13241.0,73513600.0,54.37,54.36,55.2584999999999,54.89,55.83,53.35,-0.23,-0.21,-0.02,扬农化工,化学原料和化学制品制造业,主板,54.379999999999626,54.11499999999994,54.60500000000013,55.22687500000027,54.86893617021253
600486,2025-01-21,55.45,54.78,56.38,53.88,55.51,23931.2,131119000.0,54.46,54.26,55.251999999999896,54.89,55.73,49.22,-0.2,-0.21,0.01,扬农化工,化学原料和化学制品制造业,主板,54.73249999999962,54.23124999999993,54.49666666666679,55.060000000000265,54.80191489361679
600486,2025-01-22,54.3,54.64,54.85,53.93,54.78,8345.33,45400200.0,54.71,54.23,55.2044999999999,54.9,55.63,48.45,-0.19,-0.2,0.01,扬农化工,化学原料和化学制品制造业,主板,55.017499999999615,54.37249999999993,54.42083333333346,54.905000000000264,54.74617021276572
600486,2025-01-23,54.85,54.86,56.0,54.75,54.64,13713.7,75626400.0,54.99,54.34,55.174499999999895,54.92,55.57,49.79,-0.16,-0.2,0.04,扬农化工,化学原料和化学制品制造业,主板,54.94749999999962,54.51374999999993,54.342500000000136,54.716875000000265,54.71723404255296
600486,2025-01-24,54.76,55.5,55.95,54.51,54.86,12016.8,66735400.0,55.06,54.53,55.170499999999905,54.94,55.53,53.56,-0.09,-0.17,0.08,扬农化工,化学原料和化学制品制造业,主板,54.944999999999624,54.66249999999993,54.3916666666668,54.69000000000027,54.68702127659551
600486,2025-01-27,55.8,55.68,57.17,55.56,55.5,17745.9,99924000.0,55.09,54.73,55.0819999999999,54.99,55.5,54.59,-0.01,-0.14,0.13,扬农化工,化学原料和化学制品制造业,主板,55.169999999999625,54.95124999999993,54.5441666666668,54.66500000000026,54.6906382978721
600486,2025-02-05,55.95,54.2,56.1,53.48,55.68,25165.1,136672000.0,54.98,54.72,54.93599999999991,55.0,55.42,45.61,-0.08,-0.13,0.05,扬农化工,化学原料和化学制品制造业,主板,55.05999999999963,55.03874999999993,54.6016666666668,54.58062500000027,54.66957446808486
600486,2025-02-06,54.05,52.88,54.25,52.87,54.2,40879.0,218768000.0,54.62,54.67,54.686499999999924,54.97,55.3,39.38,-0.22,-0.15,-0.07,扬农化工,化学原料和化学制品制造业,主板,54.56499999999963,54.75624999999993,54.53083333333347,54.39812500000027,54.668723404255076
600486,2025-02-07,52.81,53.36,53.64,52.35,52.88,41174.3,218654000.0,54.32,54.65,54.557999999999915,54.93,55.19,42.46,-0.31,-0.18,-0.13,扬农化工,化学原料和化学制品制造业,主板,54.02999999999963,54.48749999999993,54.4516666666668,54.30125000000027,54.698723404255084
600486,2025-02-10,53.09,52.97,53.3,52.2,53.36,28738.8,151743000.0,53.82,54.44,54.40249999999992,54.93,55.07,40.65,-0.39,-0.22,-0.17,扬农化工,化学原料和化学制品制造业,主板,53.35249999999964,54.26124999999993,54.41833333333347,54.24625000000027,54.71191489361678
600486,2025-02-11,53.03,52.64,53.22,52.23,52.97,32009.6,168304000.0,53.21,54.15,54.25699999999993,54.89,54.94,39.14,-0.48,-0.27,-0.21,扬农化工,化学原料和化学制品制造业,主板,52.962499999999636,54.01124999999993,54.346666666666806,54.19187500000027,54.708723404255075
600486,2025-02-12,52.44,52.92,52.96,52.11,52.64,26070.0,137254000.0,52.95,53.96,54.11299999999993,54.82,54.84,41.14,-0.53,-0.32,-0.21,扬农化工,化学原料和化学制品制造业,主板,52.97249999999964,53.76874999999993,54.161666666666804,54.14125000000027,54.707234042552955
600486,2025-02-13,52.92,53.56,54.18,52.7,52.92,32380.2,173970000.0,53.09,53.86,54.045499999999926,54.76,54.76,45.56,-0.51,-0.36,-0.15,扬农化工,化学原料和化学制品制造业,主板,53.02249999999964,53.52624999999993,53.9991666666668,54.09437500000027,54.68617021276572
600486,2025-02-14,53.4,53.48,54.09,53.2,53.56,13907.8,74561900.0,53.11,53.72,54.02699999999993,54.69,54.67,45.1,-0.49,-0.39,-0.1,扬农化工,化学原料和化学制品制造业,主板,53.14999999999964,53.251249999999935,53.89083333333347,54.10125000000027,54.65489361702104
600486,2025-02-17,53.5,53.18,53.72,53.02,53.48,13762.7,73301100.0,53.16,53.49,54.01049999999994,54.61,54.59,43.35,-0.5,-0.41,-0.09,扬农化工,化学原料和化学制品制造业,主板,53.28499999999964,53.12374999999994,53.7691666666668,54.08125000000027,54.60446808510614
600486,2025-02-18,53.01,53.59,55.27,53.01,53.18,34981.2,189770000.0,53.35,53.28,54.00349999999993,54.48,54.53,46.41,-0.46,-0.42,-0.04,扬农化工,化学原料和化学制品制造业,主板,53.45249999999963,53.212499999999935,53.66333333333347,53.98437500000027,54.57212765957422
600486,2025-02-19,53.45,53.13,53.68,52.53,53.59,17620.9,93464100.0,53.39,53.17,53.944499999999934,54.35,54.48,43.57,-0.46,-0.43,-0.03,扬农化工,化学原料和化学制品制造业,主板,53.34499999999963,53.18374999999993,53.46583333333347,53.83562500000027,54.53638297872316
600486,2025-02-20,53.12,52.53,53.12,52.39,53.13,17699.8,93213100.0,53.18,53.14,53.90249999999994,54.17,54.41,40.11,-0.51,-0.44,-0.07,扬农化工,化学原料和化学制品制造业,主板,53.107499999999625,53.128749999999926,53.20333333333347,53.69500000000027,54.480212765957205
600486,2025-02-21,52.6,52.26,52.74,52.12,52.53,20081.7,105045000.0,52.94,53.03,53.84049999999994,54.05,54.35,38.63,-0.56,-0.47,-0.09,扬农化工,化学原料和化学制品制造业,主板,52.87749999999963,53.081249999999926,53.0416666666668,53.54625000000027,54.42617021276572
600486,2025-02-24,52.62,52.39,53.3,52.36,52.26,29633.5,156441000.0,52.78,52.97,53.70299999999994,53.92,54.31,39.79,-0.59,-0.49,-0.1,扬农化工,化学原料和化学制品制造业,主板,52.577499999999624,53.01499999999992,53.00083333333347,53.39187500000027,54.38425531914869
600486,2025-02-25,52.13,51.22,52.39,51.13,52.39,29269.7,150847000.0,52.31,52.83,53.488499999999945,53.78,54.28,33.65,-0.69,-0.53,-0.16,扬农化工,化学原料和化学制品制造业,主板,52.099999999999625,52.72249999999992,52.82250000000013,53.12437500000027,54.318510638297624
600486,2025-02-26,51.22,50.92,51.6,50.59,51.22,29205.6,148639000.0,51.86,52.63,53.29549999999995,53.62,54.26,32.27,-0.79,-0.58,-0.21,扬农化工,化学原料和化学制品制造业,主板,51.69749999999963,52.40249999999992,52.65166666666679,52.82687500000027,54.23638297872316
600486,2025-02-27,50.9,51.15,51.33,50.23,50.92,30561.9,155043000.0,51.59,52.39,53.120999999999945,53.49,54.24,34.48,-0.84,-0.63,-0.21,扬农化工,化学原料和化学制品制造业,主板,51.41999999999963,52.148749999999914,52.527500000000124,52.63625000000027,54.170425531914645
600486,2025-02-28,50.88,50.87,51.47,50.65,51.15,18842.4,96082300.0,51.31,52.12,52.921499999999945,53.39,54.21,33.07,-0.89,-0.69,-0.2,扬农化工,化学原料和化学制品制造业,主板,51.03999999999964,51.80874999999992,52.3566666666668,52.51062500000027,54.10595744680826
600486,2025-03-03,50.75,51.42,51.72,50.7,50.87,24032.1,123513000.0,51.12,51.95,52.71749999999995,53.32,54.18,38.41,-0.87,-0.72,-0.15,扬农化工,化学原料和化学制品制造业,主板,51.08999999999964,51.59499999999992,52.178333333333455,52.389375000000264,54.05468085106358
600486,2025-03-04,51.2,51.8,51.95,51.01,51.42,17883.4,92339500.0,51.23,51.77,52.52349999999994,53.26,54.14,41.87,-0.83,-0.74,-0.09,扬农化工,化学原料和化学制品制造业,主板,51.30999999999963,51.503749999999926,52.03833333333345,52.31625000000026,54.00148936170188
600486,2025-03-05,51.8,51.32,52.0,50.77,51.8,25972.0,132824000.0,51.31,51.59,52.379499999999936,53.16,54.08,38.9,-0.82,-0.76,-0.06,扬农化工,化学原料和化学制品制造业,主板,51.35249999999963,51.386249999999926,51.88333333333346,52.23375000000026,53.96191489361678
600486,2025-03-06,51.35,51.84,51.98,51.04,51.32,19446.3,100296000.0,51.45,51.52,52.32749999999993,53.11,54.01,43.57,-0.76,-0.76,0.0,扬农化工,化学原料和化学制品制造业,主板,51.59499999999963,51.317499999999924,51.737500000000125,52.16625000000027,53.92042553191466
600486,2025-03-07,51.78,52.11,52.7,51.55,51.84,19812.9,103321000.0,51.7,51.5,52.26499999999993,53.06,53.96,45.88,-0.68,-0.74,0.06,扬农化工,化学原料和化学制品制造业,主板,51.76749999999963,51.42874999999992,51.652500000000124,52.07562500000027,53.86085106382956
600486,2025-03-10,52.05,53.45,53.65,52.0,52.11,40030.7,212417000.0,52.1,51.61,52.28899999999993,53.01,53.94,55.6,-0.51,-0.7,0.19,扬农化工,化学原料和化学制品制造业,主板,52.17999999999962,51.74499999999992,51.7291666666668,52.073750000000274,53.815319148935934
600486,2025-03-11,53.1,54.2,54.8,53.02,53.45,31566.4,170718000.0,52.58,51.91,52.366999999999926,52.96,53.93,59.94,-0.3,-0.62,0.32,扬农化工,化学原料和化学制品制造业,主板,52.89999999999962,52.12624999999992,51.89083333333347,52.13750000000028,53.78851063829763
600486,2025-03-12,53.94,54.8,55.15,53.45,54.2,30365.6,165900000.0,53.28,52.3,52.46099999999992,52.96,53.93,63.05,-0.09,-0.51,0.42,扬农化工,化学原料和化学制品制造业,主板,53.639999999999624,52.61749999999992,52.091666666666804,52.213125000000275,53.77191489361678
600486,2025-03-13,54.85,54.59,55.5,54.4,54.8,25104.3,137786000.0,53.83,52.64,52.51249999999992,52.96,53.93,61.26,0.05,-0.4,0.45,扬农化工,化学原料和化学制品制造业,主板,54.25999999999962,53.01374999999992,52.37250000000014,52.30437500000028,53.711063829787
600486,2025-03-14,54.61,54.95,55.65,54.34,54.59,27440.2,151175000.0,54.4,53.05,52.58599999999992,52.96,53.94,63.19,0.2,-0.28,0.48,扬农化工,化学原料和化学制品制造业,主板,54.63499999999962,53.40749999999992,52.70833333333348,52.45562500000028,53.66489361702104
600486,2025-03-17,55.0,55.19,55.96,54.94,54.95,31754.5,176406000.0,54.75,53.42,52.686499999999924,52.95,53.95,64.46,0.33,-0.16,0.49,扬农化工,化学原料和化学制品制造业,主板,54.882499999999624,53.89124999999992,53.04500000000014,52.638750000000286,53.6078723404253
600486,2025-03-18,55.1,54.78,55.77,54.69,55.19,16271.5,89592800.0,54.86,53.72,52.745999999999924,52.92,53.96,60.61,0.39,-0.05,0.44,扬农化工,化学原料和化学制品制造业,主板,54.877499999999614,54.25874999999992,53.37083333333347,52.788125000000285,53.583404255318925
600486,2025-03-19,54.78,54.77,55.1,54.35,54.78,13884.9,75927300.0,54.86,54.07,52.82799999999992,52.94,53.97,60.51,0.44,0.05,0.39,扬农化工,化学原料和化学制品制造业,主板,54.92249999999961,54.59124999999992,53.65000000000014,53.01000000000028,53.5555319148934
600486,2025-03-20,54.77,53.2,54.99,53.08,54.77,25857.9,138644000.0,54.58,54.2,52.86149999999992,52.95,53.96,47.83,0.35,0.11,0.24,扬农化工,化学原料和化学制品制造业,主板,54.484999999999616,54.55999999999992,53.766666666666815,53.15250000000029,53.50553191489339
600486,2025-03-21,53.22,54.08,54.76,53.2,53.2,29620.9,160517000.0,54.4,54.4,52.952499999999915,52.98,53.96,53.69,0.34,0.16,0.18,扬农化工,化学原料和化学制品制造业,主板,54.20749999999961,54.544999999999916,53.99666666666681,53.33562500000029,53.46893617021253
600486,2025-03-24,53.81,54.85,55.53,53.8,54.08,25144.6,137917000.0,54.34,54.54,53.075499999999906,53.04,53.98,58.12,0.4,0.2,0.2,扬农化工,化学原料和化学制品制造业,主板,54.22499999999962,54.55124999999992,54.247500000000144,53.58437500000029,53.46765957446785
600486,2025-03-25,54.15,54.0,54.98,52.85,54.85,29398.9,157787000.0,54.18,54.52,53.21449999999991,53.08,53.99,52.18,0.36,0.24,0.12,扬农化工,化学原料和化学制品制造业,主板,54.03249999999962,54.47749999999992,54.40500000000014,53.745625000000295,53.470851063829556
