code,timestamps,open,close,high,low,ycp,vol,amount,MA5,MA10,MA20,MA30,MA60,MSI,DIF,DEA,MACD_Hist,name,industry,block,MA4,MA8,MA12,MA16,MA47
603722,2018-04-02,39.0,39.45,40.98,38.55,37.25,111542.0,444085000.0,,,39.45,,,,0.0,0.0,0.0,阿科力,化学原料和化学制品制造业,主板,39.45,39.45,39.45,39.45,39.45
603722,2018-04-03,37.33,43.4,43.4,37.33,39.45,73912.6,294537000.0,,,41.425,,,,0.32,0.06,0.26,阿科力,化学原料和化学制品制造业,主板,41.425,41.425,41.425,41.425,41.425
603722,2018-04-04,47.74,47.74,47.74,46.13,43.4,87529.6,416471000.0,,,43.53,,,,0.91,0.23,0.68,阿科力,化学原料和化学制品制造业,主板,43.53,43.53,43.53,43.53,43.53
603722,2018-04-11,46.0,47.57,52.02,44.88,47.74,136287.0,653662000.0,,,44.54,,,,1.34,0.45,0.89,阿科力,化学原料和化学制品制造业,主板,44.54,44.54,44.54,44.54,44.54
603722,2018-04-12,46.01,42.81,46.51,42.81,47.57,80638.7,355233000.0,44.19,,44.194,,,,1.3,0.62,0.68,阿科力,化学原料和化学制品制造业,主板,45.379999999999995,44.194,44.194,44.194,44.194
603722,2018-04-13,41.12,39.76,42.18,39.41,42.81,70309.6,286536000.0,44.26,,43.455000000000005,,,,0.99,0.7,0.29,阿科力,化学原料和化学制品制造业,主板,44.46999999999999,43.455000000000005,43.455000000000005,43.455000000000005,43.455000000000005
603722,2018-04-16,39.88,40.48,40.57,39.15,39.76,43820.9,175755000.0,43.67,,43.03000000000001,,,,0.8,0.72,0.08,阿科力,化学原料和化学制品制造业,主板,42.65499999999999,43.03000000000001,43.03000000000001,43.03000000000001,43.03000000000001
603722,2018-04-17,40.42,38.87,40.42,38.53,40.48,43024.6,169585000.0,41.9,,42.510000000000005,,,,0.52,0.68,-0.16,阿科力,化学原料和化学制品制造业,主板,40.47999999999999,42.510000000000005,42.510000000000005,42.510000000000005,42.510000000000005
603722,2018-04-18,39.27,40.06,40.16,37.54,38.87,38526.8,150126000.0,40.4,,42.23777777777778,,,,0.38,0.62,-0.24,阿科力,化学原料和化学制品制造业,主板,39.79249999999999,42.58625000000001,42.23777777777778,42.23777777777778,42.23777777777778
603722,2018-04-19,39.72,38.79,40.89,38.58,40.06,41779.9,166010000.0,39.59,41.89,41.89300000000001,,,,0.17,0.53,-0.36,阿科力,化学原料和化学制品制造业,主板,39.54999999999999,42.01000000000001,41.89300000000001,41.89300000000001,41.89300000000001
603722,2018-04-20,38.1,35.71,39.5,35.52,38.79,36105.2,135429000.0,38.78,41.52,41.330909090909095,,,,-0.24,0.37,-0.61,阿科力,化学原料和化学制品制造业,主板,38.357499999999995,40.50625000000001,41.330909090909095,41.330909090909095,41.330909090909095
603722,2018-04-23,35.83,36.92,38.06,35.83,35.71,33665.2,124131000.0,38.07,40.87,40.96333333333334,,,,-0.46,0.21,-0.67,阿科力,化学原料和化学制品制造业,主板,37.86999999999999,39.17500000000001,40.96333333333334,40.96333333333334,40.96333333333334
603722,2018-04-24,37.01,39.14,39.67,37.01,36.92,49753.1,193068000.0,38.12,40.01,40.823076923076925,,,,-0.46,0.07,-0.53,阿科力,化学原料和化学制品制造业,主板,37.639999999999986,38.71625000000001,40.93750000000001,40.823076923076925,40.823076923076925
603722,2018-04-25,38.48,40.17,40.2,38.02,39.14,48497.4,188406000.0,38.15,39.27,40.776428571428575,,,50.79,-0.36,-0.01,-0.35,阿科力,化学原料和化学制品制造业,主板,37.98499999999999,38.76750000000001,40.668333333333344,40.776428571428575,40.776428571428575
603722,2018-04-26,39.7,37.64,39.97,37.41,40.17,32711.6,126693000.0,37.92,38.75,40.56733333333333,,,43.97,-0.49,-0.11,-0.38,阿科力,化学原料和化学制品制造业,主板,38.467499999999994,38.41250000000001,39.826666666666675,40.56733333333333,40.56733333333333
603722,2018-04-27,38.07,38.05,38.49,37.18,37.64,19349.6,73376800.0,38.38,38.58,40.41,,,45.25,-0.55,-0.2,-0.35,阿科力,化学原料和化学制品制造业,主板,38.749999999999986,38.31000000000001,39.03333333333334,40.41,40.41
603722,2018-05-02,38.18,36.47,38.49,36.12,38.05,23667.9,87348000.0,38.29,38.18,40.17823529411765,,,41.33,-0.71,-0.3,-0.41,阿科力,化学原料和化学制品制造业,主板,38.08249999999998,37.861250000000005,38.505,40.223749999999995,40.17823529411765
603722,2018-05-03,36.02,37.94,37.98,35.31,36.47,27306.4,100695000.0,38.05,38.09,40.05388888888889,,,46.02,-0.72,-0.38,-0.34,阿科力,化学原料和化学制品制造业,主板,37.52499999999998,37.755,38.35333333333333,39.8825,40.05388888888889
603722,2018-05-04,37.58,36.99,38.28,36.88,37.94,20699.4,77561700.0,37.42,37.78,39.89263157894737,,,43.59,-0.8,-0.47,-0.33,阿科力,化学原料和化学制品制造业,主板,37.36249999999998,37.915000000000006,38.0625,39.210625,39.89263157894737
603722,2018-05-07,37.46,38.99,39.36,37.46,36.99,35659.5,136748000.0,37.69,37.8,39.847500000000004,,,49.62,-0.68,-0.51,-0.17,阿科力,化学原料和化学制品制造业,主板,37.59749999999998,38.173750000000005,38.0725,38.674375,39.847500000000004
603722,2018-05-08,39.72,39.37,40.8,38.87,38.99,48068.4,190346000.0,37.95,38.17,39.8435,,,50.69,-0.55,-0.52,-0.03,阿科力,化学原料和化学制品制造业,主板,38.322499999999984,38.20250000000001,38.015,38.459374999999994,39.82476190476191
603722,2018-05-09,38.61,41.07,42.31,38.61,39.37,63080.9,257064000.0,38.87,38.58,39.727000000000004,,,55.3,-0.31,-0.48,0.17,阿科力,化学原料和化学制品制造业,主板,39.10499999999998,38.315000000000005,38.205,38.54125,39.88136363636364
603722,2018-05-10,40.7,40.33,40.72,39.31,41.07,39218.8,156653000.0,39.35,38.7,39.356500000000004,,,52.98,-0.18,-0.42,0.24,阿科力,化学原料和化学制品制造业,主板,39.93999999999998,38.651250000000005,38.589999999999996,38.531875,39.9008695652174
603722,2018-05-11,40.33,38.78,40.33,38.74,40.33,24797.7,97360800.0,39.71,38.56,38.917,,,48.4,-0.2,-0.37,0.17,阿科力,化学原料和化学制品制造业,主板,39.88749999999998,38.7425,38.745,38.52625,39.85416666666667
603722,2018-05-14,38.96,37.62,38.96,37.41,38.78,21495.8,81604300.0,39.43,38.56,38.657500000000006,,,45.25,-0.3,-0.36,0.06,阿科力,化学原料和化学制品制造业,主板,39.44999999999998,38.886250000000004,38.61833333333333,38.37375,39.76480000000001
603722,2018-05-15,38.33,38.51,38.57,37.66,37.62,19019.7,72560400.0,39.26,38.61,38.595000000000006,,,48.04,-0.31,-0.35,0.04,阿科力,化学原料和化学制品制造业,主板,38.80999999999998,38.9575,38.48,38.35625,39.71653846153846
603722,2018-05-16,39.04,39.61,42.36,38.62,38.51,45184.3,182587000.0,38.97,38.92,38.551500000000004,,,51.35,-0.22,-0.32,0.1,阿科力,化学原料和化学制品制造业,主板,38.62999999999998,39.285000000000004,38.64416666666667,38.6,39.71259259259259
603722,2018-05-17,40.99,43.57,43.57,40.02,39.61,79797.9,334164000.0,39.62,39.48,38.786500000000004,,,60.98,0.16,-0.23,0.39,阿科力,化学原料和化学制品制造业,主板,39.82749999999998,39.8575,39.104166666666664,39.01562500000001,39.85035714285714
603722,2018-05-18,45.6,47.93,47.93,44.1,43.57,128824.0,599937000.0,41.45,40.58,39.18000000000001,,,68.39,0.82,-0.02,0.84,阿科力,化学原料和化学制品制造业,主板,42.40499999999998,40.9275,40.05916666666666,39.565000000000005,40.12896551724138
603722,2018-05-21,48.9,52.72,52.72,46.73,47.93,101882.0,512435000.0,44.47,41.95,39.87650000000001,40.55,,74.19,1.69,0.32,1.37,阿科力,化学原料和化学制品制造业,主板,45.95749999999998,42.38375,41.29083333333333,40.34937500000001,40.54866666666667
603722,2018-05-22,51.01,51.2,56.88,50.08,52.72,154194.0,820568000.0,47.01,43.13,40.65100000000001,40.94,,69.81,2.24,0.71,1.53,阿科力,化学原料和化学制品制造业,主板,48.854999999999976,43.7425,42.474999999999994,41.19687500000001,40.892258064516135
603722,2018-05-23,49.2,47.03,51.01,46.7,51.2,102005.0,498241000.0,48.49,43.73,41.15650000000001,41.06,,59.45,2.31,1.03,1.28,阿科力,化学原料和化学制品制造业,主板,49.71999999999998,44.77375000000001,43.14499999999999,41.758125000000014,41.0840625
603722,2018-05-24,46.38,47.78,48.3,46.38,47.03,60164.5,286137000.0,49.33,44.48,41.58850000000001,41.06,,60.58,2.41,1.3,1.11,阿科力,化学原料和化学制品制造业,主板,49.682499999999976,46.04375,43.845833333333324,42.46500000000001,41.2869696969697
603722,2018-05-25,47.91,45.5,48.8,45.3,47.78,60779.4,287676000.0,48.85,45.15,41.85500000000001,40.99,,55.5,2.26,1.5,0.76,阿科力,化学原料和化学制品制造业,主板,47.877499999999976,46.917500000000004,44.21499999999998,42.937500000000014,41.41088235294118
603722,2018-05-28,44.7,43.03,44.78,42.21,45.5,55831.6,242582000.0,46.91,45.69,42.12450000000001,41.0,,50.55,1.94,1.58,0.36,阿科力,化学原料和化学制品制造业,主板,45.83499999999998,47.345,44.439999999999976,43.31500000000001,41.457142857142856
603722,2018-05-29,43.29,41.71,44.3,41.26,43.03,42768.4,184524000.0,45.01,46.01,42.30750000000002,41.07,,48.09,1.55,1.58,-0.03,阿科力,化学原料和化学制品制造业,主板,44.50499999999998,47.1125,44.68416666666665,43.485000000000014,41.46416666666667
603722,2018-05-30,41.12,38.52,41.21,37.75,41.71,48278.7,192129000.0,43.31,45.9,42.41000000000001,41.0,,42.67,0.97,1.46,-0.49,阿科力,化学原料和化学制品制造业,主板,42.18999999999998,45.936249999999994,44.75916666666665,43.43187500000001,41.384594594594596
603722,2018-05-31,39.35,39.91,40.22,39.2,38.52,40249.7,160093000.0,41.73,45.53,42.50850000000001,41.04,,45.55,0.62,1.29,-0.67,阿科力,化学原料和化学制品制造业,主板,40.79249999999998,44.334999999999994,44.87583333333331,43.35937500000001,41.34578947368421
603722,2018-06-01,39.52,41.17,41.91,39.01,39.91,55822.7,227125000.0,40.87,44.86,42.717500000000015,41.07,,48.09,0.44,1.12,-0.68,阿科力,化学原料和化学制品制造业,主板,40.32749999999998,43.08125,45.00583333333331,43.411875,41.34128205128206
603722,2018-06-04,41.55,43.35,43.78,41.4,41.17,71023.7,302610000.0,40.93,43.92,42.93550000000001,41.22,,52.25,0.46,0.99,-0.53,阿科力,化学原料和化学制品制造业,主板,40.737499999999976,42.62125,44.987499999999976,43.697500000000005,41.3915
603722,2018-06-05,42.6,43.9,44.42,41.9,43.35,55644.5,240034000.0,41.37,43.19,43.16200000000001,41.5,,53.27,0.52,0.89,-0.37,阿科力,化学原料和化学制品制造业,主板,42.082499999999975,42.136250000000004,44.65166666666664,44.09,41.452682926829276
603722,2018-06-06,43.5,43.77,43.98,42.7,43.9,42978.4,186316000.0,42.42,42.86,43.29700000000001,41.73,,52.98,0.56,0.83,-0.27,阿科力,化学原料和化学制品制造业,主板,43.04749999999998,41.92,43.905833333333305,44.41875,41.50785714285715
603722,2018-06-07,43.7,41.1,43.7,41.02,43.77,43733.9,185042000.0,42.66,42.2,43.33550000000001,41.79,,47.34,0.36,0.73,-0.37,阿科力,化学原料和化学制品制造业,主板,43.02999999999997,41.67875000000001,43.06416666666664,44.511875,41.49837209302326
603722,2018-06-08,40.62,42.11,42.3,40.62,41.1,31671.9,132119000.0,42.85,41.86,43.50200000000001,41.86,,49.53,0.28,0.64,-0.36,阿科力,化学原料和化学制品制造业,主板,42.71999999999998,41.72875000000001,42.65416666666664,44.420625,41.51227272727272
603722,2018-06-11,41.89,40.96,42.0,40.4,42.11,24221.6,99282800.0,42.37,41.65,43.66900000000001,41.97,,47.12,0.12,0.54,-0.42,阿科力,化学原料和化学制品制造业,主板,41.98499999999998,42.03375000000001,42.08583333333331,43.98500000000001,41.5
603722,2018-06-12,41.2,43.82,44.8,39.3,40.96,66307.4,284634000.0,42.35,41.86,43.934500000000014,42.16,,53.21,0.23,0.48,-0.25,阿科力,化学原料和化学制品制造业,主板,41.997499999999974,42.52250000000001,41.94583333333332,43.42875000000001,41.5504347826087
603722,2018-06-13,43.15,45.62,46.83,42.6,43.82,79604.2,355318000.0,42.72,42.57,44.235000000000014,42.46,,56.59,0.46,0.47,-0.01,阿科力,化学原料和化学制品制造业,主板,43.127499999999976,43.07875000000001,42.161666666666655,43.080000000000005,41.63702127659574
603722,2018-06-14,44.99,44.96,47.5,44.4,45.62,75266.8,346611000.0,43.49,43.08,44.30450000000001,42.7,,55.02,0.57,0.49,0.08,阿科力,化学原料和化学制品制造业,主板,43.839999999999975,43.28,42.43249999999999,42.95062500000001,41.75425531914893
603722,2018-06-15,44.05,42.6,45.6,41.0,44.96,48933.9,211302000.0,43.59,43.22,44.03800000000002,42.88,,49.7,0.47,0.49,-0.02,阿科力,化学原料和化学制品制造业,主板,44.24999999999997,43.11750000000001,42.77249999999999,42.62687500000001,41.73723404255318
603722,2018-06-19,45.18,46.86,46.86,45.18,42.6,35994.1,168416000.0,44.77,43.57,43.74500000000002,43.15,,57.66,0.73,0.54,0.19,阿科力,化学原料和化学制品制造业,主板,45.00999999999998,43.50375000000001,43.35166666666666,42.71187500000001,41.718510638297865
603722,2018-06-20,50.01,48.81,51.55,46.98,46.86,126024.0,622187000.0,45.77,44.06,43.62550000000001,43.46,,60.72,1.07,0.64,0.43,阿科力,化学原料和化学制品制造业,主板,45.807499999999976,44.46750000000001,43.98833333333334,43.07312500000002,41.74489361702127
603722,2018-06-21,46.98,47.99,52.52,46.87,48.81,114590.0,567920000.0,46.24,44.48,43.67350000000001,43.69,,58.79,1.27,0.77,0.5,阿科力,化学原料和化学制品制造业,主板,46.564999999999976,45.20250000000001,44.375,43.46562500000002,41.85510638297872
603722,2018-06-22,43.22,43.36,45.57,43.19,47.99,93416.7,408270000.0,45.92,44.71,43.452500000000015,43.79,,49.29,1.03,0.82,0.21,阿科力,化学原料和化学制品制造业,主板,46.754999999999974,45.50250000000001,44.330000000000005,43.76812500000002,41.93170212765956
603722,2018-06-25,42.83,47.7,47.7,42.51,43.36,87528.8,394767000.0,46.94,45.27,43.562500000000014,44.09,,56.4,1.18,0.89,0.29,阿科力,化学原料和化学制品制造业,主板,46.964999999999975,45.98750000000001,44.657500000000006,44.255000000000024,42.08531914893616
603722,2018-06-26,46.2,48.16,49.49,45.51,47.7,96483.1,459595000.0,47.2,45.99,43.81900000000002,44.44,,57.09,1.33,0.98,0.35,阿科力,化学原料和化学制品制造业,主板,46.802499999999974,46.30500000000001,45.24583333333334,44.691875000000024,42.28297872340425
603722,2018-06-27,48.24,50.06,50.86,47.03,48.16,97618.1,479594000.0,47.45,46.61,44.236500000000014,44.83,,59.9,1.57,1.1,0.47,阿科力,化学原料和化学制品制造业,主板,47.31999999999997,46.94250000000001,45.90833333333333,45.11125000000002,42.49574468085106
603722,2018-06-28,49.0,46.68,50.0,45.93,50.06,66855.4,323682000.0,47.19,46.72,44.64450000000001,45.06,,53.22,1.48,1.17,0.31,阿科力,化学原料和化学制品制造业,主板,48.14999999999998,47.45250000000001,46.38499999999999,45.28500000000002,42.66361702127659
603722,2018-06-29,46.82,49.95,51.03,46.82,46.68,79863.1,394833000.0,48.51,47.22,45.14650000000002,45.28,,58.09,1.65,1.27,0.38,阿科力,化学原料和化学制品制造业,主板,48.71249999999998,47.838750000000005,46.89583333333332,45.67125000000002,42.966595744680845
603722,2018-07-02,49.07,50.12,51.68,47.8,49.95,82857.0,413172000.0,48.99,47.97,45.594000000000015,45.35,,58.33,1.79,1.37,0.42,阿科力,化学原料和化学制品制造业,主板,49.20249999999998,48.002500000000005,47.27083333333332,46.23500000000002,43.24744680851063
603722,2018-07-03,49.2,50.25,50.91,48.25,50.12,65062.8,323005000.0,49.41,48.31,45.939000000000014,45.27,42.91,58.53,1.88,1.47,0.41,阿科力,化学原料和化学制品制造业,主板,49.24999999999998,48.285000000000004,47.71166666666665,46.74375000000002,43.483829787234036
603722,2018-07-04,49.5,51.85,53.51,49.5,50.25,103728.0,538083000.0,49.77,48.61,46.336500000000015,45.29,43.11,60.99,2.06,1.59,0.47,阿科力,化学原料和化学制品制造业,主板,50.542499999999976,49.346250000000005,48.48249999999999,47.42437500000002,43.73234042553191
603722,2018-07-05,49.67,47.48,49.8,46.67,51.85,68688.5,329972000.0,49.93,48.56,46.52200000000002,45.3,43.18,51.94,1.82,1.64,0.18,阿科力,化学原料和化学制品制造业,主板,49.92499999999997,49.31875000000001,48.53416666666666,47.65312500000002,43.94170212765957
603722,2018-07-06,46.83,47.49,48.88,44.01,47.48,62608.4,294426000.0,49.44,48.97,46.84150000000002,45.29,43.18,51.96,1.62,1.63,-0.01,阿科力,化学原料和化学制品制造业,主板,49.26749999999997,49.235000000000014,48.42416666666666,47.77000000000002,44.14255319148935
603722,2018-07-09,46.4,47.94,47.98,45.35,47.49,50697.0,237445000.0,49.0,49.0,47.133000000000024,45.37,43.18,52.79,1.48,1.6,-0.12,阿科力,化学原料和化学制品制造业,主板,48.68999999999997,48.97000000000001,48.419999999999995,47.95625000000001,44.38659574468084
603722,2018-07-10,48.1,50.52,50.6,46.8,47.94,73258.6,359680000.0,49.06,49.23,47.61100000000002,45.62,43.31,57.37,1.55,1.59,-0.04,阿科力,化学原料和化学制品制造业,主板,48.35749999999997,49.45000000000001,49.01666666666666,48.45125000000001,44.65425531914892
603722,2018-07-11,49.28,49.14,49.97,46.81,50.52,54142.8,264052000.0,48.51,49.14,47.87700000000002,45.87,43.47,54.34,1.48,1.57,-0.09,阿科力,化学原料和化学制品制造业,主板,48.77249999999997,49.34875000000001,49.136666666666656,48.59375000000001,44.9127659574468
603722,2018-07-12,48.6,50.52,51.5,48.1,49.14,63922.9,321185000.0,49.12,49.53,48.122000000000014,46.27,43.64,56.8,1.52,1.56,-0.04,阿科力,化学原料和化学制品制造业,主板,49.52999999999997,49.39875000000001,49.33333333333332,48.700625,45.15808510638298
603722,2018-07-13,50.4,49.73,50.88,48.41,50.52,47897.9,237803000.0,49.57,49.5,48.360500000000016,46.6,43.82,54.97,1.48,1.54,-0.06,阿科力,化学原料和化学制品制造业,主板,49.97749999999997,49.33375000000001,49.30583333333332,48.809375,45.37851063829787
603722,2018-07-16,49.7,50.21,50.38,48.68,49.73,32075.0,158907000.0,50.02,49.51,48.741000000000014,46.9,43.99,55.9,1.46,1.53,-0.07,阿科力,化学原料和化学制品制造业,主板,49.89999999999997,49.128750000000004,49.599999999999994,49.237500000000004,45.572978723404255
603722,2018-07-17,49.72,48.13,50.0,47.89,50.21,38268.0,185748000.0,49.55,49.3,48.80450000000001,47.06,44.14,50.99,1.27,1.48,-0.21,阿科力,化学原料和化学制品制造业,主板,49.647499999999965,49.21,49.44833333333332,49.264375,45.73893617021277
603722,2018-07-18,48.0,45.45,48.85,45.0,48.13,44243.8,206924000.0,48.81,48.66,48.63650000000001,47.11,44.3,45.46,0.89,1.36,-0.47,阿科力,化学原料和化学制品制造业,主板,48.37999999999996,48.955,49.05916666666666,49.095000000000006,45.88085106382978
603722,2018-07-19,45.1,46.44,46.46,44.31,45.45,30819.4,141185000.0,47.99,48.56,48.55900000000001,47.2,44.46,47.72,0.66,1.22,-0.56,阿科力,化学原料和化学制品制造业,主板,47.55749999999996,48.7675,48.74166666666665,48.868750000000006,46.068510638297866
603722,2018-07-20,46.0,46.48,46.88,45.21,46.44,23414.8,108209000.0,47.34,48.46,48.71500000000002,47.38,44.59,47.81,0.47,1.07,-0.6,阿科力,化学原料和化学制品制造业,主板,46.62499999999996,48.2625,48.294166666666655,48.85625000000001,46.23808510638297
603722,2018-07-23,45.9,45.69,46.87,45.4,46.48,20411.3,93783000.0,46.44,48.23,48.61450000000001,47.5,44.68,46.05,0.26,0.91,-0.65,阿科力,化学原料和化学制品制造业,主板,46.01499999999996,47.831250000000004,48.14499999999998,48.59,46.36744680851063
603722,2018-07-24,45.93,46.01,46.5,45.83,45.69,21189.6,97713900.0,46.01,47.78,48.50700000000001,47.67,44.82,46.9,0.12,0.75,-0.63,阿科力,化学原料和化学制品制造业,主板,46.15499999999996,47.267500000000005,48.02166666666665,48.333125,46.41936170212765
603722,2018-07-25,46.14,44.99,46.33,44.91,46.01,26489.8,120068000.0,45.92,47.36,48.25350000000001,47.71,44.93,44.49,-0.09,0.58,-0.67,阿科力,化学原料和化学制品制造业,主板,45.79249999999996,46.675000000000004,47.77583333333331,48.004375,46.35680851063829
603722,2018-07-26,44.85,40.87,44.85,40.49,44.99,42213.7,175144000.0,44.81,46.4,47.96300000000001,47.55,45.01,36.35,-0.56,0.35,-0.91,阿科力,化学原料和化学制品制造业,主板,44.389999999999965,45.50750000000001,46.97166666666664,47.318125,46.10468085106382
603722,2018-07-27,40.88,39.78,41.32,38.52,40.87,29279.5,116223000.0,43.47,45.4,47.45450000000001,47.38,45.04,34.54,-1.02,0.08,-1.1,阿科力,化学原料和化学制品制造业,主板,42.912499999999966,44.463750000000005,46.19166666666664,46.836875,45.861702127659576
603722,2018-07-30,39.8,38.23,39.8,37.7,39.78,22247.4,85993600.0,41.98,44.21,46.86000000000001,47.23,45.06,32.11,-1.49,-0.23,-1.26,阿科力,化学原料和化学制品制造业,主板,40.967499999999966,43.56125000000001,45.16749999999998,46.258125,45.674468085106376
603722,2018-07-31,38.14,38.73,38.99,38.13,38.23,14771.1,57114300.0,40.52,43.27,46.284000000000006,46.96,45.05,33.73,-1.8,-0.55,-1.25,阿科力,化学原料和化学制品制造业,主板,39.40249999999996,42.59750000000001,44.25083333333331,45.682500000000005,45.48191489361702
603722,2018-08-01,38.72,37.1,38.98,35.7,38.73,26643.4,99373200.0,38.94,42.43,45.54650000000001,46.57,45.01,31.12,-2.15,-0.87,-1.28,阿科力,化学原料和化学制品制造业,主板,38.45999999999996,41.42500000000001,43.15833333333331,44.84375000000001,45.303191489361694
603722,2018-08-02,36.8,35.5,37.1,34.11,37.1,20352.0,72290200.0,37.87,41.34,44.947500000000005,46.15,44.92,28.76,-2.53,-1.2,-1.33,阿科力,化学原料和化学制品制造业,主板,37.38999999999996,40.15125000000001,42.105833333333315,43.99125000000001,45.14297872340424
603722,2018-08-03,35.47,34.53,35.9,34.51,35.5,15206.0,53483600.0,36.82,40.14,44.29950000000001,45.86,44.83,27.41,-2.88,-1.54,-1.34,阿科力,化学原料和化学制品制造业,主板,36.46499999999996,38.71625000000002,41.19583333333331,42.99187500000001,44.99021276595744
603722,2018-08-06,34.53,37.17,37.98,34.53,34.53,52210.6,195331000.0,36.61,39.29,43.761,45.51,44.8,36.21,-2.91,-1.81,-1.1,阿科力,化学原料和化学制品制造业,主板,36.07499999999997,37.73875000000002,40.42333333333331,42.206875000000004,44.96148936170212
603722,2018-08-07,35.0,37.4,38.07,34.6,37.17,44566.4,163175000.0,36.34,38.43,43.105000000000004,45.15,44.8,36.93,-2.88,-2.02,-0.86,阿科力,化学原料和化学制品制造业,主板,36.14999999999997,37.305000000000014,39.66666666666665,41.40625,44.90808510638298
603722,2018-08-08,36.81,37.96,39.2,36.68,37.4,45011.8,172145000.0,36.51,37.73,42.54600000000001,44.74,44.79,38.74,-2.78,-2.18,-0.6,阿科力,化学原料和化学制品制造业,主板,36.76499999999997,37.077500000000015,39.02249999999999,40.770625,44.83978723404255
603722,2018-08-09,37.6,38.63,38.99,36.9,37.96,37983.0,145624000.0,37.14,37.5,41.9515,44.48,44.77,40.92,-2.62,-2.26,-0.36,阿科力,化学原料和化学制品制造业,主板,37.78999999999997,37.12750000000001,38.407499999999985,40.344375,44.73936170212766
603722,2018-08-10,38.31,38.16,38.76,37.38,38.63,27649.0,105030000.0,37.86,37.34,41.373000000000005,44.08,44.68,39.85,-2.5,-2.31,-0.19,阿科力,化学原料和化学制品制造业,主板,38.037499999999966,37.056250000000006,37.83833333333332,39.826875,44.617234042553186
603722,2018-08-13,37.0,37.46,37.8,36.68,38.16,21210.0,78887800.0,37.92,37.26,40.7355,43.66,44.5,38.24,-2.42,-2.33,-0.09,阿科力,化学原料和化学制品制造业,主板,38.05249999999997,37.10125,37.55416666666665,39.263125,44.48297872340425
603722,2018-08-14,37.28,38.09,39.21,37.28,37.46,25223.8,96539300.0,38.06,37.2,40.23350000000001,43.26,44.26,40.56,-2.3,-2.33,0.03,阿科力,化学原料和化学制品制造业,主板,38.084999999999965,37.425,37.41333333333332,38.78812500000001,44.41893617021277
603722,2018-08-15,38.16,38.69,38.75,37.4,38.09,26683.0,101513000.0,38.21,37.36,39.895500000000006,42.82,44.05,42.77,-2.12,-2.29,0.17,阿科力,化学原料和化学制品制造业,主板,38.099999999999966,37.94499999999999,37.45166666666665,38.33062500000001,44.346170212765955
603722,2018-08-16,37.95,37.62,38.59,37.52,38.69,23024.9,87694700.0,38.0,37.57,39.45450000000001,42.49,43.9,39.92,-2.04,-2.24,0.2,阿科力,化学原料和化学制品制造业,主板,37.96499999999997,38.00124999999999,37.359166666666646,37.87000000000001,44.27510638297872
603722,2018-08-17,37.68,35.25,38.0,34.11,37.62,27591.0,99664700.0,37.42,37.64,38.89300000000001,42.08,43.69,34.45,-2.15,-2.22,0.07,阿科力,化学原料和化学制品制造业,主板,37.412499999999966,37.732499999999995,37.20499999999998,37.51875000000001,44.0927659574468
603722,2018-08-20,34.87,34.1,35.6,32.0,35.25,23139.7,77913800.0,36.75,37.34,38.31350000000001,41.62,43.5,32.15,-2.3,-2.24,-0.06,阿科力,化学原料和化学制品制造业,主板,36.414999999999964,37.25,37.08833333333332,37.163750000000014,43.847659574468075
603722,2018-08-21,34.2,34.29,34.71,33.02,34.1,17854.6,60710600.0,35.99,37.02,37.727500000000006,41.08,43.35,32.95,-2.38,-2.26,-0.12,阿科力,化学原料和化学制品制造业,主板,35.31499999999996,36.7075,37.06833333333332,36.91750000000001,43.62063829787233
603722,2018-08-22,33.68,33.67,34.5,33.34,34.29,14643.0,49549700.0,34.99,36.6,37.161500000000004,40.56,43.22,31.64,-2.45,-2.3,-0.15,阿科力,化学原料和化学制品制造业,主板,34.32749999999996,36.14625000000001,36.77666666666665,36.60125000000001,43.430638297872335
603722,2018-08-23,33.67,33.88,34.4,33.36,33.67,17037.0,57806900.0,34.24,36.12,36.812000000000005,40.01,43.14,32.61,-2.47,-2.34,-0.13,阿科力,化学原料和化学制品制造业,主板,33.98499999999996,35.69875000000001,36.48333333333332,36.400000000000006,43.15446808510638
603722,2018-08-24,34.0,32.65,34.25,32.51,33.88,18716.1,61830000.0,33.72,35.57,36.45550000000001,39.44,43.02,29.92,-2.56,-2.38,-0.18,阿科力,化学原料和化学制品制造业,主板,33.62249999999996,35.01875000000001,36.04083333333332,36.221875000000004,42.81063829787234
603722,2018-08-27,32.65,33.39,33.5,32.61,32.65,16401.9,54527200.0,33.58,35.16,36.2135,38.88,42.89,33.48,-2.54,-2.41,-0.13,阿科力,化学原料和化学制品制造业,主板,33.39749999999996,34.35625000000001,35.60416666666665,36.150625000000005,42.5
603722,2018-08-28,33.69,33.96,34.58,33.6,33.39,22494.9,76842600.0,33.51,34.75,35.97500000000001,38.41,42.73,36.17,-2.45,-2.42,-0.03,阿科力,化学原料和化学制品制造业,主板,33.469999999999956,33.89875000000001,35.254166666666656,35.95000000000001,42.300000000000004
603722,2018-08-29,33.86,33.27,34.14,32.99,33.96,14752.0,49131400.0,33.43,34.21,35.783500000000004,38.0,42.56,34.36,-2.41,-2.42,0.01,阿科力,化学原料和化学制品制造业,主板,33.31749999999996,33.651250000000005,34.90499999999999,35.69187500000001,41.992978723404256
603722,2018-08-30,33.63,32.33,33.63,32.16,33.27,14347.5,47057500.0,33.12,33.68,35.62500000000001,37.53,42.36,32.01,-2.41,-2.42,0.01,阿科力,化学原料和化学制品制造业,主板,33.23749999999996,33.43,34.42499999999998,35.34000000000001,41.65617021276596
603722,2018-08-31,31.93,30.77,32.3,30.73,32.33,16809.0,52499800.0,32.74,33.23,35.437000000000005,37.01,42.19,28.52,-2.53,-2.44,-0.09,阿科力,化学原料和化学制品制造业,主板,32.58249999999997,32.989999999999995,33.76499999999998,34.84875000000001,41.24574468085106
603722,2018-09-03,30.76,30.36,30.95,29.69,30.77,12182.0,36742300.0,32.14,32.86,35.096500000000006,36.49,42.0,27.67,-2.62,-2.48,-0.14,阿科力,化学原料和化学制品制造业,主板,31.68249999999997,32.576249999999995,33.15999999999998,34.36125000000001,40.89851063829787
603722,2018-09-04,30.9,31.12,31.23,30.53,30.36,13824.0,42728000.0,31.57,32.54,34.78250000000001,36.0,41.83,31.74,-2.59,-2.5,-0.09,阿科力,化学原料和化学制品制造业,主板,31.144999999999968,32.231249999999996,32.815833333333316,33.96500000000001,40.49787234042552
603722,2018-09-05,30.86,30.28,31.02,30.0,31.12,11429.0,34942900.0,30.97,32.2,34.398500000000006,35.51,41.61,29.75,-2.61,-2.52,-0.09,阿科力,化学原料和化学制品制造业,主板,30.63249999999997,31.935,32.49749999999998,33.47687500000001,40.07574468085106
603722,2018-09-06,30.28,30.83,30.89,30.02,30.28,13827.1,42130600.0,30.67,31.9,34.00850000000001,35.17,41.36,32.73,-2.55,-2.53,-0.02,阿科力,化学原料和化学制品制造业,主板,30.64749999999997,31.615000000000002,32.20916666666665,32.98562500000001,39.66255319148935
603722,2018-09-07,30.77,30.29,31.22,30.02,30.83,16071.0,49160100.0,30.58,31.66,33.61500000000001,34.86,41.12,31.32,-2.52,-2.53,0.01,阿科力,化学原料和化学制品制造业,主板,30.62999999999997,31.156250000000004,31.92749999999998,32.52750000000001,39.203829787234035
603722,2018-09-10,30.05,28.66,30.35,28.35,30.29,17512.5,50964800.0,30.24,31.19,33.175000000000004,34.54,40.88,27.49,-2.6,-2.54,-0.06,阿科力,化学原料和化学制品制造业,主板,30.014999999999972,30.580000000000002,31.492499999999982,32.11562500000001,38.803404255319144
603722,2018-09-11,28.91,28.97,29.29,28.43,28.66,11860.1,34202800.0,29.81,30.69,32.71900000000001,34.21,40.59,29.26,-2.61,-2.55,-0.06,阿科力,化学原料和化学制品制造业,主板,29.68749999999997,30.160000000000004,31.185833333333317,31.79500000000001,38.409361702127654
603722,2018-09-12,29.3,30.6,31.87,29.12,28.97,29513.4,90969900.0,29.87,30.42,32.31450000000001,34.0,40.28,37.87,-2.45,-2.53,0.08,阿科力,化学原料和化学制品制造业,主板,29.62999999999997,30.138750000000005,30.95333333333332,31.56437500000001,38.040425531914885
603722,2018-09-13,30.4,31.2,31.39,30.25,30.6,26423.0,81465900.0,29.94,30.31,31.99350000000001,33.85,40.0,40.73,-2.25,-2.48,0.23,阿科力,化学原料和化学制品制造业,主板,29.857499999999973,30.243750000000006,30.72333333333332,31.410000000000007,37.62936170212765
603722,2018-09-14,31.09,29.77,31.1,29.69,31.2,20372.1,61892000.0,29.84,30.21,31.71950000000001,33.69,39.78,36.43,-2.18,-2.42,0.24,阿科力,化学原料和化学制品制造业,主板,30.134999999999977,30.075000000000003,30.431666666666654,31.15312500000001,37.21723404255318
603722,2018-09-17,30.09,29.48,30.35,28.81,29.77,12537.5,37160300.0,30.0,30.12,31.48850000000001,33.44,39.47,35.61,-2.13,-2.36,0.23,阿科力,化学原料和化学制品制造业,主板,30.262499999999974,29.975000000000005,30.194166666666657,30.955000000000013,36.769574468085096
603722,2018-09-18,29.11,29.63,29.78,28.88,29.48,12076.0,35565400.0,30.14,29.97,31.255500000000012,33.18,39.16,36.41,-2.05,-2.3,0.25,阿科力,化学原料和化学制品制造业,主板,30.019999999999975,29.82500000000001,30.099166666666658,30.720000000000013,36.341914893617016
603722,2018-09-19,29.35,30.78,31.8,29.35,29.63,23472.0,71602100.0,30.17,30.02,31.11100000000001,32.94,38.84,42.31,-1.88,-2.21,0.33,阿科力,化学原料和化学制品制造业,主板,29.914999999999974,29.886250000000015,30.13416666666666,30.521250000000013,35.928510638297865
603722,2018-09-20,30.56,29.93,30.84,29.86,30.78,16232.1,48926200.0,29.92,29.93,30.91350000000001,32.65,38.56,39.4,-1.79,-2.13,0.34,阿科力,化学原料和化学制品制造业,主板,29.954999999999973,30.045000000000012,30.034999999999993,30.312500000000014,35.54127659574467
603722,2018-09-21,29.9,30.31,30.44,29.61,29.93,13913.0,41890300.0,30.03,29.93,30.79650000000001,32.39,38.24,41.34,-1.67,-2.04,0.37,阿科力,化学原料和化学制品制造业,主板,30.16249999999997,30.21250000000001,30.037499999999994,30.186250000000012,35.2191489361702
603722,2018-09-25,30.31,29.92,30.64,29.88,30.31,11455.0,34583200.0,30.11,30.06,30.623000000000008,32.14,37.9,39.93,-1.58,-1.95,0.37,阿科力,化学原料和化学制品制造业,主板,30.23499999999997,30.12750000000001,29.961666666666662,30.133125000000014,34.86765957446808
603722,2018-09-26,29.81,31.0,31.39,29.61,29.92,25970.0,79472000.0,30.39,30.26,30.475000000000005,31.9,37.58,45.5,-1.41,-1.84,0.43,阿科力,化学原料和化学制品制造业,主板,30.28999999999997,30.102500000000013,30.02083333333333,30.173125000000013,34.538297872340415
603722,2018-09-27,30.94,29.71,31.0,29.62,31.0,19147.7,57953800.0,30.17,30.17,30.297000000000008,31.6,37.21,40.65,-1.36,-1.74,0.38,阿科力,化学原料和化学制品制造业,主板,30.23499999999997,30.09500000000001,30.108333333333324,30.085000000000015,34.19829787234041
603722,2018-09-28,29.67,30.92,31.0,29.6,29.71,21102.0,64336400.0,30.37,30.14,30.226500000000005,31.38,36.93,46.42,-1.21,-1.64,0.43,阿科力,化学原料和化学制品制造业,主板,30.387499999999974,30.27500000000001,30.270833333333325,30.125000000000014,33.877234042553184
603722,2018-10-08,30.41,31.7,32.7,30.21,30.92,35734.0,111869000.0,30.65,30.34,30.273000000000007,31.26,36.67,49.8,-1.02,-1.51,0.49,阿科力,化学原料和化学制品制造业,主板,30.83249999999997,30.533750000000012,30.362499999999986,30.179375000000018,33.59446808510638
603722,2018-10-09,31.4,34.87,34.87,31.4,31.7,57906.1,192389000.0,31.64,30.88,30.498500000000007,31.28,36.45,60.68,-0.61,-1.33,0.72,阿科力,化学原料和化学制品制造业,主板,31.79999999999997,31.045000000000012,30.668333333333322,30.465625000000014,33.46680851063829
603722,2018-10-10,34.87,33.78,36.2,33.62,34.87,60013.9,208486000.0,32.2,31.29,30.631500000000006,31.27,36.17,56.17,-0.36,-1.14,0.78,阿科力,化学原料和化学制品制造业,主板,32.81749999999997,31.52625000000001,31.002499999999987,30.785625000000014,33.339148936170204
603722,2018-10-11,31.81,32.08,32.6,30.57,33.78,42245.2,133605000.0,32.67,31.42,30.72150000000001,31.21,35.89,49.94,-0.3,-0.97,0.67,阿科力,化学原料和化学制品制造业,主板,33.10749999999996,31.74750000000001,31.219166666666652,30.98000000000001,33.20829787234042
603722,2018-10-12,31.6,33.6,34.48,30.81,32.08,46503.1,153165000.0,33.21,31.79,30.860000000000007,31.21,35.61,54.77,-0.13,-0.8,0.67,阿科力,化学原料和化学制品制造业,主板,33.58249999999996,32.20750000000001,31.549999999999986,31.16750000000001,33.0991489361702
603722,2018-10-15,32.81,33.05,33.49,32.1,33.6,27187.9,89483600.0,33.48,32.06,30.998000000000008,31.22,35.33,52.79,-0.04,-0.65,0.61,阿科力,化学原料和化学制品制造业,主板,33.127499999999955,32.46375000000001,31.73916666666666,31.28312500000001,33.012978723404245
603722,2018-10-16,32.7,32.12,33.63,31.55,33.05,24174.9,78749700.0,32.93,32.28,31.17100000000001,31.18,35.03,49.52,-0.04,-0.53,0.49,阿科力,化学原料和化学制品制造业,主板,32.712499999999956,32.765000000000015,31.921666666666656,31.430000000000007,32.94106382978722
603722,2018-10-17,32.65,32.89,32.96,31.33,32.12,26635.0,85543700.0,32.75,32.47,31.367000000000008,31.14,34.77,52.16,0.02,-0.42,0.44,阿科力,化学原料和化学制品制造业,主板,32.914999999999964,33.01125000000001,32.136666666666656,31.643125000000005,32.90617021276594
603722,2018-10-18,32.39,29.6,32.52,29.6,32.89,21393.0,67284800.0,32.25,32.46,31.317000000000007,31.02,34.51,42.04,-0.2,-0.37,0.17,阿科力,化学原料和化学制品制造业,主板,31.914999999999964,32.748750000000015,32.10999999999999,31.641250000000007,32.74510638297871
603722,2018-10-19,26.73,27.22,27.77,26.64,29.6,36336.7,98415100.0,30.98,32.09,31.118000000000006,30.85,34.19,36.52,-0.55,-0.41,-0.14,阿科力,化学原料和化学制品制造业,主板,30.457499999999964,31.792500000000018,31.794999999999987,31.41875000000001,32.52851063829785
603722,2018-10-22,27.44,28.22,28.5,27.0,27.22,34727.9,96902200.0,30.01,31.74,31.04050000000001,30.76,33.88,40.08,-0.74,-0.48,-0.26,阿科力,化学原料和化学制品制造业,主板,29.48249999999996,31.09750000000002,31.670833333333324,31.31187500000001,32.32127659574466
603722,2018-10-23,28.06,26.28,28.28,25.66,28.22,36139.7,97420300.0,28.84,30.88,30.880500000000005,30.63,33.56,35.88,-1.04,-0.59,-0.45,阿科力,化学原料和化学制品制造业,主板,27.82999999999996,30.372500000000024,31.28416666666666,31.060000000000013,32.058510638297854
603722,2018-10-24,25.8,28.91,28.91,25.8,26.28,45404.4,125067000.0,28.05,30.4,30.844500000000004,30.55,33.28,44.39,-1.05,-0.68,-0.37,阿科力,化学原料和化学制品制造业,主板,27.657499999999963,29.786250000000027,31.051666666666662,30.996875000000014,31.861702127659555
603722,2018-10-25,27.0,27.24,27.45,26.44,28.91,44056.0,119497000.0,27.57,29.91,30.667500000000008,30.45,32.98,40.7,-1.18,-0.78,-0.4,阿科力,化学原料和化学制品制造业,主板,27.662499999999966,29.060000000000024,30.415833333333328,30.76187500000001,31.644255319148915
603722,2018-10-26,27.2,26.75,27.57,26.6,27.24,26292.6,71153700.0,27.48,29.23,30.50850000000001,30.32,32.74,39.65,-1.31,-0.89,-0.42,阿科力,化学原料和化学制品制造业,主板,27.294999999999966,28.388750000000023,29.829999999999995,30.576875000000012,31.40297872340424
603722,2018-10-29,25.86,24.15,26.68,24.08,26.75,40040.1,100137000.0,26.67,28.34,30.200500000000012,30.11,32.48,34.59,-1.6,-1.03,-0.57,阿科力,化学原料和化学制品制造业,主板,26.762499999999967,27.296250000000022,29.16916666666666,30.153750000000013,31.09361702127658
603722,2018-10-30,23.5,23.89,23.98,22.45,24.15,31973.9,74502600.0,26.19,27.52,29.89900000000001,29.95,32.25,34.12,-1.83,-1.19,-0.64,阿科力,化学原料和化学制品制造业,主板,25.507499999999972,26.58250000000002,28.35999999999999,29.665625000000013,30.801489361702114
603722,2018-10-31,23.61,24.05,24.5,23.6,23.89,25602.7,61545700.0,25.22,26.63,29.55150000000001,29.79,32.0,34.71,-1.98,-1.35,-0.63,阿科力,化学原料和化学制品制造业,主板,24.709999999999972,26.186250000000022,27.60999999999999,28.989375000000013,30.56319148936169
603722,2018-11-01,24.12,24.2,24.6,24.06,24.05,25465.2,61960300.0,24.61,26.09,29.27600000000001,29.58,31.79,35.29,-2.06,-1.49,-0.57,阿科力,化学原料和化学制品制造业,主板,24.072499999999973,25.68375000000002,26.94999999999999,28.390625000000014,30.35255319148935
603722,2018-11-02,24.39,24.88,24.95,24.38,24.2,28555.9,70413600.0,24.23,25.86,28.97400000000001,29.36,31.61,37.99,-2.05,-1.6,-0.45,阿科力,化学原料和化学制品制造业,主板,24.254999999999974,25.50875000000002,26.282499999999988,27.940625000000015,30.152340425531907
603722,2018-11-05,24.9,25.28,25.66,24.51,24.88,32309.5,81255400.0,24.46,25.56,28.65300000000001,29.21,31.45,39.59,-1.98,-1.68,-0.3,阿科力,化学原料和化学制品制造业,主板,24.602499999999974,25.05500000000002,25.922499999999985,27.420625000000015,29.97382978723403
603722,2018-11-06,25.16,24.95,25.16,24.33,25.28,20196.1,49833400.0,24.67,25.43,28.15700000000001,29.06,31.25,38.7,-1.93,-1.73,-0.2,阿科力,化学原料和化学制品制造业,主板,24.827499999999976,24.76875000000002,25.73333333333332,26.914375000000014,29.78382978723403
603722,2018-11-07,25.04,24.53,25.2,24.5,24.95,18472.7,45874100.0,24.77,24.99,27.694500000000012,28.89,31.04,37.55,-1.91,-1.76,-0.15,阿科力,化学原料和化学制品制造业,主板,24.909999999999975,24.49125000000002,25.425833333333316,26.440000000000012,29.61106382978722
603722,2018-11-08,24.75,24.54,24.91,24.5,24.53,14643.4,36135100.0,24.84,24.72,27.317500000000006,28.69,30.81,37.6,-1.87,-1.79,-0.08,阿科力,化学原料和化学制品制造业,主板,24.824999999999974,24.540000000000017,25.280833333333316,25.918125000000014,29.422765957446792
603722,2018-11-09,24.38,24.88,25.84,24.22,24.54,25613.0,64071200.0,24.84,24.54,26.881500000000006,28.52,30.58,39.29,-1.79,-1.79,0.0,阿科力,化学原料和化学制品制造业,主板,24.724999999999973,24.663750000000014,24.94499999999998,25.623125000000012,29.22957446808509
603722,2018-11-12,24.67,25.44,25.66,24.67,24.88,30732.4,78059600.0,24.87,24.66,26.501000000000012,28.36,30.37,42.08,-1.65,-1.76,0.11,阿科力,化学原料和化学制品制造业,主板,24.84749999999997,24.837500000000013,24.794999999999977,25.51187500000001,29.062978723404242
603722,2018-11-13,25.26,25.45,25.56,24.6,25.44,28856.2,72777700.0,24.97,24.82,26.16750000000001,28.21,30.17,42.13,-1.53,-1.71,0.18,阿科力,化学原料和化学制品制造业,主板,25.077499999999972,24.993750000000013,24.686666666666643,25.33875000000001,28.91659574468084
603722,2018-11-14,25.39,26.4,27.45,25.16,25.45,51976.5,136401000.0,25.34,25.06,25.84300000000001,28.05,29.98,46.92,-1.34,-1.64,0.3,阿科力,化学原料和化学制品制造业,主板,25.542499999999976,25.183750000000014,24.874166666666643,25.346250000000012,28.823617021276586
603722,2018-11-15,26.76,27.29,27.32,26.03,26.4,54636.4,146497000.0,25.89,25.36,25.72750000000001,27.97,29.79,51.02,-1.11,-1.53,0.42,阿科力,化学原料和化学制品制造业,主板,26.144999999999975,25.435000000000013,25.15749999999998,25.24500000000001,28.758297872340417
603722,2018-11-16,27.15,26.79,27.45,26.7,27.29,36229.2,97696700.0,26.27,25.56,25.706000000000007,27.83,29.61,48.74,-0.95,-1.42,0.47,阿科力,化学原料和化学制品制造业,主板,26.482499999999973,25.665000000000013,25.385833333333313,25.216875000000012,28.66617021276595
603722,2018-11-19,26.6,26.96,27.26,26.6,26.79,24126.6,65128800.0,26.58,25.72,25.643000000000008,27.68,29.47,49.57,-0.8,-1.29,0.49,阿科力,化学原料和化学制品制造业,主板,26.859999999999975,25.968750000000014,25.615833333333313,25.23000000000001,28.595531914893613
603722,2018-11-20,26.82,25.88,26.92,25.75,26.96,23912.8,62999400.0,26.66,25.82,25.623000000000008,27.38,29.33,44.66,-0.77,-1.19,0.42,阿科力,化学原料和化学制品制造业,主板,26.729999999999976,26.136250000000015,25.699166666666645,25.338125000000012,28.490212765957445
603722,2018-11-21,25.31,25.75,25.9,25.11,25.88,16863.6,43227300.0,26.53,25.94,25.465000000000007,27.11,29.19,44.09,-0.74,-1.1,0.36,阿科力,化学原料和化学制品制造业,主板,26.344999999999978,26.245000000000015,25.738333333333316,25.454375000000013,28.393617021276597
603722,2018-11-22,25.96,26.73,26.79,25.96,25.75,29417.3,77962400.0,26.42,26.16,25.439500000000002,26.93,29.07,49.31,-0.63,-1.01,0.38,阿科力,化学原料和化学制品制造业,主板,26.329999999999977,26.406250000000014,25.886666666666653,25.621875000000014,28.35255319148936
603722,2018-11-23,26.87,24.99,26.96,24.91,26.73,22203.0,57093400.0,26.06,26.17,25.351500000000005,26.64,28.92,41.84,-0.68,-0.94,0.26,阿科力,化学原料和化学制品制造业,主板,25.837499999999977,26.348750000000017,25.924999999999983,25.671250000000015,28.26787234042553
603722,2018-11-26,24.69,23.73,24.99,22.49,24.99,18059.0,43215700.0,25.42,26.0,25.330500000000008,26.33,28.78,37.43,-0.81,-0.91,0.1,阿科力,化学原料和化学制品制造业,主板,25.29999999999998,26.015000000000015,25.857499999999984,25.599375000000016,28.121702127659574
603722,2018-11-27,23.8,24.04,24.15,23.56,23.73,10180.6,24329900.0,25.05,25.86,25.338000000000005,26.06,28.62,39.13,-0.88,-0.91,0.03,阿科力,化学原料和化学制品制造业,主板,24.87249999999998,25.608750000000015,25.787499999999984,25.521875000000016,27.96936170212766
603722,2018-11-28,23.8,23.99,24.07,23.05,24.04,12260.6,29062800.0,24.7,25.62,25.335000000000004,25.77,28.45,38.95,-0.93,-0.91,-0.02,阿科力,化学原料和化学制品制造业,主板,24.18749999999998,25.258750000000017,25.666666666666654,25.461875000000017,27.846382978723405
603722,2018-11-29,24.16,23.26,24.59,23.26,23.99,15320.0,36753100.0,24.0,25.21,25.288000000000007,25.56,28.29,36.26,-1.01,-0.93,-0.08,阿科力,化学原料和化学制品制造业,主板,23.75499999999998,24.796250000000015,25.484166666666653,25.382500000000014,27.714042553191486
603722,2018-11-30,23.26,23.7,23.78,22.6,23.26,13104.6,30332500.0,23.74,24.9,25.229000000000006,25.44,28.14,38.99,-1.02,-0.95,-0.07,阿科力,化学原料和化学制品制造业,主板,23.74749999999998,24.523750000000014,25.259166666666655,25.330000000000013,27.58787234042553
603722,2018-12-03,24.3,24.37,24.56,24.08,23.7,17923.6,43627800.0,23.87,24.64,25.18350000000001,25.31,28.04,42.99,-0.97,-0.95,-0.02,阿科力,化学原料和化学制品制造业,主板,23.829999999999984,24.351250000000014,25.01583333333332,25.298125000000013,27.451489361702123
603722,2018-12-04,24.23,25.28,25.49,24.23,24.37,27931.6,69959900.0,24.12,24.58,25.20000000000001,25.28,27.95,47.98,-0.86,-0.93,0.07,阿科力,化学原料和化学制品制造业,主板,24.152499999999986,24.170000000000016,24.889999999999983,25.28812500000001,27.352553191489356
603722,2018-12-05,24.56,24.8,24.85,24.4,25.28,17568.6,43308200.0,24.28,24.49,25.21350000000001,25.14,27.85,45.71,-0.79,-0.91,0.12,阿科力,化学原料和化学制品制造业,主板,24.537499999999984,24.146250000000016,24.709999999999983,25.247500000000013,27.235319148936163
603722,2018-12-06,24.7,24.0,24.8,23.89,24.8,13053.0,31752100.0,24.43,24.22,25.18650000000001,25.03,27.74,42.13,-0.79,-0.88,0.09,阿科力,化学原料和化学制品制造业,主板,24.612499999999983,24.180000000000017,24.553333333333317,25.097500000000014,27.109361702127654
603722,2018-12-07,24.22,23.9,24.3,23.8,24.0,7218.52,17337700.0,24.47,24.11,25.13750000000001,24.94,27.63,41.69,-0.79,-0.86,0.07,阿科力,化学原料和化学制品制造业,主板,24.494999999999983,24.16250000000002,24.39916666666665,24.88562500000001,26.95829787234042
603722,2018-12-10,23.79,23.27,23.88,23.1,23.9,9446.0,22164900.0,24.25,24.06,25.02900000000001,24.91,27.51,38.93,-0.83,-0.86,0.03,阿科力,化学原料和化学制品制造业,主板,23.992499999999982,24.07250000000002,24.110833333333314,24.66562500000001,26.821276595744674
603722,2018-12-11,23.39,23.65,23.69,23.27,23.27,7988.1,18770400.0,23.92,24.02,24.939000000000014,24.9,27.43,41.45,-0.82,-0.85,0.03,阿科力,化学原料和化学制品制造业,主板,23.70499999999998,24.12125000000002,23.999166666666643,24.45875000000001,26.666595744680844
603722,2018-12-12,23.65,23.94,24.08,23.5,23.65,9385.0,22350000.0,23.75,24.02,24.816000000000013,24.9,27.34,43.36,-0.79,-0.84,0.05,阿科力,化学原料和化学制品制造业,主板,23.68999999999998,24.151250000000022,24.01666666666664,24.33750000000001,26.50148936170212
603722,2018-12-13,23.96,24.04,24.23,23.62,23.94,10413.4,25016700.0,23.76,24.1,24.65350000000001,24.89,27.23,44.04,-0.74,-0.82,0.08,阿科力,化学原料和化学制品制造业,主板,23.72499999999998,24.11000000000002,24.01666666666664,24.23062500000001,26.27106382978723
603722,2018-12-14,24.04,23.35,24.18,23.32,24.04,10056.0,23909200.0,23.65,24.06,24.481500000000008,24.84,27.1,40.43,-0.74,-0.8,0.06,阿科力,化学原料和化学制品制造业,主板,23.74499999999998,23.86875000000002,23.96333333333331,24.01937500000001,26.049148936170205
603722,2018-12-17,23.02,23.6,23.74,23.01,23.35,6118.0,14331300.0,23.72,23.98,24.31350000000001,24.78,27.0,42.28,-0.73,-0.79,0.06,阿科力,化学原料和化学制品制造业,主板,23.73249999999998,23.718750000000018,23.991666666666646,23.93250000000001,25.868723404255313
603722,2018-12-18,23.5,23.85,23.89,23.27,23.6,8808.02,20820300.0,23.76,23.84,24.21200000000001,24.75,26.91,44.14,-0.68,-0.77,0.09,阿科力,化学原料和化学制品制造业,主板,23.70999999999998,23.700000000000017,24.00416666666665,23.940000000000012,25.661276595744674
603722,2018-12-19,23.89,23.39,23.96,23.18,23.85,8165.97,19238000.0,23.65,23.7,24.09400000000001,24.71,26.8,41.49,-0.68,-0.75,0.07,阿科力,化学原料和化学制品制造业,主板,23.547499999999978,23.636250000000015,23.92249999999998,23.89937500000001,25.455744680851062
603722,2018-12-20,23.2,23.57,23.67,23.2,23.39,6779.0,15907300.0,23.55,23.66,23.936000000000007,24.68,26.68,42.94,-0.65,-0.73,0.08,阿科力,化学原料和化学制品制造业,主板,23.602499999999978,23.673750000000013,23.779999999999983,23.87312500000001,25.27382978723404
603722,2018-12-21,23.59,23.83,23.84,23.36,23.57,8511.07,20086200.0,23.65,23.65,23.878000000000007,24.64,26.58,45.05,-0.6,-0.7,0.1,阿科力,化学原料和化学制品制造业,主板,23.659999999999975,23.69625000000001,23.699166666666645,23.90875000000001,25.08106382978723
603722,2018-12-24,23.82,24.77,24.98,23.66,23.83,24588.1,60047900.0,23.88,23.8,23.930000000000003,24.62,26.49,51.97,-0.48,-0.66,0.18,阿科力,化学原料和化学制品制造业,主板,23.889999999999972,23.80000000000001,23.76333333333331,23.975625000000008,24.97829787234042
603722,2018-12-25,24.16,24.35,24.6,23.5,24.77,18488.9,44526300.0,23.98,23.87,23.945500000000003,24.58,26.39,49.0,-0.41,-0.61,0.2,阿科力,化学原料和化学制品制造业,主板,24.12999999999997,23.83875000000001,23.800833333333316,23.97437500000001,24.917234042553183
603722,2018-12-26,24.34,24.06,24.62,23.9,24.35,15567.1,37647300.0,24.12,23.88,23.949000000000005,24.5,26.28,47.0,-0.38,-0.56,0.18,阿科力,化学原料和化学制品制造业,主板,24.25249999999997,23.927500000000013,23.86666666666665,23.898125000000007,24.82872340425531
603722,2018-12-27,24.31,22.75,24.5,22.75,24.06,20225.6,47611300.0,23.95,23.75,23.923500000000004,24.35,26.16,39.22,-0.46,-0.54,0.08,阿科力,化学原料和化学制品制造业,主板,23.98249999999997,23.821250000000013,23.791666666666654,23.770000000000007,24.753617021276586
603722,2018-12-28,22.74,21.43,22.89,21.31,22.75,20503.0,45047200.0,23.47,23.56,23.810000000000006,24.17,26.0,33.25,-0.62,-0.56,-0.06,阿科力,化学原料和化学制品制造业,主板,23.14749999999997,23.518750000000015,23.582499999999985,23.609375000000007,24.594468085106374
603722,2019-01-02,21.45,21.56,21.64,21.06,21.43,9319.0,19967900.0,22.83,23.36,23.669500000000006,23.99,25.84,34.31,-0.72,-0.59,-0.13,阿科力,化学原料和化学制品制造业,主板,22.449999999999967,23.290000000000013,23.37583333333332,23.46312500000001,24.473617021276585
603722,2019-01-03,21.52,21.4,21.88,21.25,21.56,8700.0,18758700.0,22.24,23.11,23.475500000000004,23.85,25.61,33.61,-0.81,-0.63,-0.18,阿科力,化学原料和化学制品制造业,主板,21.784999999999968,23.018750000000015,23.213333333333313,23.34625000000001,24.359787234042546
603722,2019-01-04,21.0,21.63,21.72,20.71,21.4,12438.0,26522100.0,21.75,22.94,23.317000000000004,23.71,25.41,35.66,-0.85,-0.68,-0.17,阿科力,化学原料和化学制品制造业,主板,21.504999999999967,22.743750000000013,23.049166666666647,23.22000000000001,24.30617021276595
603722,2019-01-07,21.79,22.15,22.55,21.52,21.63,14606.0,32238700.0,21.63,22.79,23.224500000000003,23.56,25.24,40.17,-0.83,-0.71,-0.12,阿科力,化学原料和化学制品制造业,主板,21.684999999999967,22.416250000000012,22.907499999999974,23.10812500000001,24.269148936170204
603722,2019-01-08,22.0,22.01,22.2,21.87,22.15,10419.0,22999100.0,21.75,22.61,23.130000000000003,23.46,25.05,39.37,-0.82,-0.73,-0.09,阿科力,化学原料和化学制品制造业,主板,21.797499999999967,22.123750000000012,22.792499999999976,22.981250000000006,24.225744680851058
603722,2019-01-09,22.24,21.98,22.36,21.94,22.01,11279.0,24997500.0,21.83,22.33,23.065500000000007,23.4,24.87,39.19,-0.8,-0.74,-0.06,阿科力,化学原料和化学制品制造业,主板,21.942499999999967,21.86375000000001,22.65999999999998,22.895625000000006,24.178510638297865
603722,2019-01-10,21.98,21.61,22.2,21.6,21.98,8685.45,18999700.0,21.88,22.06,22.963500000000007,23.32,24.69,36.94,-0.81,-0.76,-0.05,阿科力,化学原料和化学制品制造业,主板,21.937499999999968,21.721250000000012,22.47499999999998,22.771250000000006,24.108936170212754
603722,2019-01-11,21.61,22.08,22.09,21.55,21.61,11095.1,24235500.0,21.97,21.86,22.870500000000007,23.25,24.51,41.52,-0.76,-0.76,0.0,阿科力,化学原料和化学制品制造业,主板,21.919999999999966,21.80250000000001,22.250833333333315,22.660625000000003,24.040851063829773
603722,2019-01-14,22.09,21.68,22.23,21.56,22.08,9471.06,20611500.0,21.87,21.75,22.752500000000005,23.2,24.38,38.93,-0.75,-0.76,0.01,阿科力,化学原料和化学制品制造业,主板,21.837499999999967,21.81750000000001,22.02833333333331,22.553750000000004,23.97127659574467
603722,2019-01-15,21.68,21.8,21.89,21.3,21.68,9073.06,19653400.0,21.83,21.79,22.675000000000004,23.14,24.29,40.14,-0.73,-0.75,0.02,阿科力,化学原料和化学制品制造业,主板,21.792499999999965,21.86750000000001,21.83999999999998,22.443125000000006,23.91319148936169
603722,2019-01-16,21.8,21.85,22.2,21.65,21.8,10545.8,23045100.0,21.8,21.82,22.587500000000006,23.05,24.18,40.67,-0.7,-0.74,0.04,阿科力,化学原料和化学制品制造业,主板,21.852499999999967,21.89500000000001,21.764999999999983,22.319375000000008,23.855957446808496
603722,2019-01-17,21.84,21.47,21.86,21.4,21.85,9589.12,20655600.0,21.78,21.83,22.468500000000006,22.93,24.1,37.94,-0.7,-0.73,0.03,阿科力,化学原料和化学制品制造业,主板,21.699999999999967,21.81000000000001,21.768333333333313,22.11312500000001,23.783404255319134
603722,2019-01-18,21.26,21.5,21.69,21.26,21.47,7594.0,16351700.0,21.66,21.81,22.374000000000006,22.82,23.98,38.29,-0.69,-0.72,0.03,阿科力,化学原料和化学制品制造业,主板,21.654999999999966,21.74625000000001,21.76333333333331,21.93500000000001,23.69957446808509
603722,2019-01-21,21.6,21.75,21.8,21.56,21.5,8358.87,18143000.0,21.67,21.77,22.28300000000001,22.74,23.89,41.28,-0.65,-0.71,0.06,阿科力,化学原料和化学制品制造业,主板,21.642499999999966,21.717500000000012,21.79249999999998,21.79062500000001,23.620851063829768
603722,2019-01-22,21.88,21.82,22.5,21.56,21.75,17733.4,39131400.0,21.68,21.75,22.182500000000008,22.67,23.8,42.12,-0.6,-0.69,0.09,阿科力,化学原料和化学制品制造业,主板,21.63499999999997,21.743750000000013,21.808333333333312,21.73250000000001,23.52340425531913
603722,2019-01-23,21.8,21.65,21.8,21.4,21.82,9758.12,21072600.0,21.64,21.72,22.026500000000006,22.62,23.76,40.6,-0.58,-0.67,0.09,阿科力,化学原料和化学制品制造业,主板,21.67999999999997,21.690000000000012,21.766666666666648,21.746250000000007,23.40340425531913
603722,2019-01-24,21.66,21.67,22.09,21.47,21.65,10948.0,23834100.0,21.68,21.73,21.892500000000005,22.55,23.73,40.87,-0.54,-0.64,0.1,阿科力,化学原料和化学制品制造业,主板,21.72249999999997,21.688750000000013,21.738333333333316,21.753125000000008,23.294468085106367
603722,2019-01-25,21.58,21.17,21.72,21.12,21.67,12983.0,27787700.0,21.61,21.64,21.748000000000008,22.46,23.68,36.38,-0.56,-0.62,0.06,阿科力,化学原料和化学制品制造业,主板,21.577499999999972,21.610000000000014,21.670833333333317,21.73875000000001,23.171276595744665
603722,2019-01-28,21.48,21.13,21.48,21.01,21.17,9682.09,20530300.0,21.49,21.58,21.66700000000001,22.36,23.63,36.04,-0.56,-0.61,0.05,阿科力,化学原料和化学制品制造业,主板,21.404999999999973,21.520000000000014,21.630833333333314,21.70750000000001,23.070212765957432
603722,2019-01-29,21.18,19.75,21.33,19.02,21.13,13978.0,27881700.0,21.07,21.38,21.583000000000006,22.24,23.54,26.74,-0.67,-0.62,-0.05,阿科力,化学原料和化学制品制造业,主板,20.92999999999997,21.305000000000014,21.43666666666665,21.55750000000001,22.942553191489345
603722,2019-01-30,19.5,19.34,20.25,19.3,19.75,8296.0,16379300.0,20.61,21.12,21.472000000000005,22.1,23.44,24.7,-0.78,-0.65,-0.13,阿科力,化学原料和化学制品制造业,主板,20.34749999999997,21.035000000000014,21.241666666666646,21.39062500000001,22.785319148936154
603722,2019-01-31,19.34,18.55,19.66,18.28,19.34,13431.5,25234900.0,19.99,20.83,21.329500000000007,21.92,23.33,21.32,-0.92,-0.71,-0.21,阿科力,化学原料和化学制品制造业,主板,19.69249999999997,20.635000000000016,20.970833333333314,21.17625000000001,22.648297872340407
603722,2019-02-01,18.65,19.13,19.18,18.62,18.55,9054.79,17230000.0,19.58,20.6,21.204500000000007,21.78,23.24,28.99,-0.97,-0.76,-0.21,阿科力,化学原料和化学制品制造业,主板,19.19249999999997,20.298750000000016,20.744166666666647,21.02125000000001,22.550425531914875
603722,2019-02-11,19.49,19.86,19.97,19.39,19.13,10589.8,20898500.0,19.33,20.41,21.09000000000001,21.66,23.17,37.29,-0.95,-0.8,-0.15,阿科力,化学原料和化学制品制造业,主板,19.21999999999997,20.075000000000014,20.609999999999978,20.88250000000001,22.46148936170211
603722,2019-02-12,20.0,19.94,20.18,19.8,19.86,11435.0,22908500.0,19.36,20.22,20.98650000000001,21.53,23.08,38.14,-0.91,-0.82,-0.09,阿科力,化学原料和化学制品制造业,主板,19.36999999999997,19.858750000000015,20.47999999999998,20.77375000000001,22.375319148936153
603722,2019-02-13,20.15,21.93,21.93,20.07,19.94,34436.7,72817200.0,19.88,20.25,20.98400000000001,21.43,23.03,54.65,-0.7,-0.8,0.1,阿科力,化学原料和化学制品制造业,主板,20.21499999999997,19.953750000000014,20.49499999999998,20.78187500000001,22.34702127659573
603722,2019-02-14,21.91,21.6,21.91,21.2,21.93,32036.8,68722600.0,20.49,20.24,20.98350000000001,21.34,22.96,52.16,-0.57,-0.75,0.18,阿科力,化学原料和化学制品制造业,主板,20.832499999999975,20.012500000000014,20.47666666666665,20.76625000000001,22.302340425531895
603722,2019-02-15,21.59,21.55,21.6,21.3,21.6,19518.5,41808100.0,20.98,20.28,20.95700000000001,21.26,22.88,51.78,-0.46,-0.69,0.23,阿科力,化学原料和化学制品制造业,主板,21.254999999999974,20.237500000000015,20.468333333333316,20.77125000000001,22.242340425531896
603722,2019-02-18,21.63,22.55,22.87,21.55,21.55,42709.5,95045600.0,21.51,20.42,21.00050000000001,21.25,22.8,58.38,-0.29,-0.61,0.32,阿科力,化学原料和化学制品制造业,主板,21.907499999999974,20.638750000000016,20.541666666666647,20.83687500000001,22.184255319148917
603722,2019-02-19,22.32,22.05,22.44,21.71,22.55,26777.9,59197800.0,21.94,20.65,21.013000000000012,21.27,22.72,54.37,-0.19,-0.53,0.34,阿科力,化学原料和化学制品制造业,主板,21.93749999999997,21.076250000000016,20.61499999999998,20.85562500000001,22.125744680851046
603722,2019-02-20,22.09,22.25,22.34,21.74,22.05,18909.6,41652100.0,22.0,20.94,21.03300000000001,21.3,22.64,55.69,-0.1,-0.44,0.34,阿科力,化学原料和化学制品制造业,主板,22.099999999999973,21.466250000000016,20.708333333333314,20.88250000000001,22.088510638297855
603722,2019-02-21,22.49,22.8,23.84,22.47,22.25,45828.4,105594000.0,22.24,21.37,21.099500000000013,21.34,22.59,59.16,0.03,-0.35,0.38,阿科力,化学原料和化学制品制造业,主板,22.412499999999973,21.833750000000016,20.96249999999998,20.954375000000013,22.0651063829787
603722,2019-02-22,22.8,23.07,23.22,22.03,22.8,26813.7,60880300.0,22.54,21.76,21.17800000000001,21.39,22.55,60.79,0.14,-0.25,0.39,阿科力,化学原料和化学制品制造业,主板,22.542499999999972,22.225000000000016,21.273333333333316,21.04187500000001,22.060851063829766
603722,2019-02-25,23.07,23.93,24.01,22.98,23.07,41606.2,98015100.0,22.82,22.17,21.287000000000013,21.45,22.5,65.5,0.3,-0.14,0.44,阿科力,化学原料和化学制品制造业,主板,23.01249999999997,22.475000000000016,21.721666666666646,21.21437500000001,22.066808510638275
603722,2019-02-26,23.65,24.41,24.91,23.5,23.93,45476.7,110486000.0,23.29,22.61,21.416500000000013,21.53,22.49,67.82,0.45,-0.02,0.47,阿科力,化学原料和化学制品制造业,主板,23.55249999999997,22.826250000000016,22.161666666666648,21.419375000000013,22.076808510638276
603722,2019-02-27,24.54,24.16,24.84,23.8,24.41,31292.4,76084600.0,23.67,22.84,21.542000000000016,21.6,22.5,65.35,0.55,0.09,0.46,阿科力,化学原料和化学制品制造业,主板,23.89249999999997,23.152500000000014,22.519999999999982,21.695000000000014,22.079361702127642
603722,2019-02-28,24.01,24.16,24.51,23.82,24.16,15836.1,38178800.0,23.95,23.09,21.666500000000017,21.69,22.5,65.35,0.62,0.2,0.42,阿科力,化学原料和化学制品制造业,主板,24.16499999999997,23.353750000000012,22.871666666666652,21.996250000000018,22.096595744680837
603722,2019-03-01,24.13,23.77,24.36,23.56,24.16,13475.0,32103800.0,24.09,23.32,21.796500000000016,21.74,22.5,61.32,0.64,0.29,0.35,阿科力,化学原料和化学制品制造业,主板,24.12499999999997,23.568750000000012,23.02499999999998,22.322500000000016,22.100212765957433
603722,2019-03-04,24.09,23.89,24.27,23.71,23.77,23981.7,57557600.0,24.08,23.45,21.934500000000014,21.82,22.51,62.09,0.66,0.36,0.3,阿科力,化学原料和化学制品制造业,主板,23.994999999999973,23.773750000000014,23.21583333333331,22.620000000000015,22.101063829787226
603722,2019-03-05,23.78,24.36,24.49,23.73,23.89,23152.1,56014300.0,24.07,23.68,22.165000000000013,21.9,22.52,65.05,0.7,0.43,0.27,阿科力,化学原料和化学制品制造业,主板,24.044999999999973,23.968750000000014,23.449999999999978,22.901250000000015,22.12170212765956
603722,2019-03-06,24.65,24.62,24.75,24.21,24.36,31296.1,76584300.0,24.16,23.92,22.429000000000016,21.99,22.52,66.6,0.74,0.49,0.25,阿科力,化学原料和化学制品制造业,主板,24.159999999999975,24.162500000000016,23.622499999999977,23.193750000000016,22.144042553191476
603722,2019-03-07,24.62,25.6,25.78,24.35,24.62,50767.8,127300000.0,24.45,24.2,22.781500000000015,22.13,22.53,71.71,0.85,0.56,0.29,阿科力,化学原料和化学制品制造业,主板,24.617499999999975,24.371250000000014,23.91833333333331,23.423125000000017,22.18170212765956
603722,2019-03-08,24.92,25.51,26.88,24.53,25.6,52218.5,133988000.0,24.8,24.44,23.100500000000018,22.27,22.54,70.64,0.92,0.63,0.29,阿科力,化学原料和化学制品制造业,主板,25.022499999999976,24.508750000000013,24.18999999999998,23.667500000000015,22.197446808510623
603722,2019-03-11,25.12,26.58,26.58,25.12,25.51,47111.2,122286000.0,25.33,24.71,23.436500000000017,22.43,22.58,75.34,1.05,0.72,0.33,阿科力,化学原料和化学制品制造业,主板,25.577499999999976,24.811250000000012,24.504999999999978,23.981875000000013,22.244893617021262
603722,2019-03-12,26.6,26.32,26.77,25.78,26.58,44183.8,116131000.0,25.73,24.9,23.755500000000016,22.58,22.62,72.31,1.11,0.8,0.31,阿科力,化学原料和化学制品制造业,主板,26.002499999999976,25.08125000000001,24.77583333333331,24.217500000000012,22.29297872340424
603722,2019-03-13,26.26,25.1,26.3,24.99,26.32,25803.5,65976700.0,25.82,24.99,23.914000000000016,22.69,22.65,60.1,1.05,0.85,0.2,阿科力,化学原料和化学制品制造业,主板,25.877499999999976,25.24750000000001,24.87333333333331,24.408125000000013,22.34297872340424
603722,2019-03-14,25.13,23.93,25.26,23.61,25.1,21691.0,52476600.0,25.49,24.97,24.030500000000014,22.77,22.66,51.17,0.9,0.86,0.04,阿科力,化学原料和化学制品制造业,主板,25.482499999999977,25.252500000000012,24.83333333333331,24.513125000000013,22.39617021276594
603722,2019-03-15,23.77,23.69,24.24,23.52,23.93,18062.0,43155700.0,25.12,24.96,24.137500000000014,22.85,22.65,49.55,0.76,0.84,-0.08,阿科力,化学原料和化学制品制造业,主板,24.759999999999977,25.16875000000001,24.79416666666664,24.568750000000012,22.441489361702114
603722,2019-03-18,23.77,24.2,24.21,23.7,23.69,14403.1,34518500.0,24.65,24.99,24.220000000000013,22.95,22.66,52.97,0.67,0.8,-0.13,阿科力,化学原料和化学制品制造业,主板,24.229999999999976,25.116250000000008,24.79749999999997,24.639375000000012,22.501063829787217
603722,2019-03-19,24.18,24.77,24.87,24.11,24.2,23182.0,56934000.0,24.34,25.03,24.356000000000012,23.12,22.68,56.51,0.65,0.77,-0.12,阿科力,化学原料和化学制品制造业,主板,24.147499999999972,25.01250000000001,24.880833333333303,24.69187500000001,22.567872340425513
603722,2019-03-20,25.01,26.45,26.69,24.6,24.77,55271.0,142968000.0,24.61,25.22,24.566000000000013,23.36,22.73,64.91,0.75,0.77,-0.02,阿科力,化学原料和化学制品制造业,主板,24.777499999999975,25.13000000000001,25.094166666666638,24.819375000000008,22.65936170212764
603722,2019-03-21,26.01,26.1,26.84,26.0,26.45,40283.0,106159000.0,25.04,25.26,24.731000000000016,23.61,22.77,62.22,0.8,0.78,0.02,阿科力,化学原料和化学制品制造业,主板,25.379999999999974,25.070000000000007,25.239166666666637,24.940625000000008,22.746382978723382
603722,2019-03-22,26.14,26.21,26.7,25.88,26.1,28267.0,74484700.0,25.55,25.34,24.888000000000012,23.85,22.81,62.74,0.83,0.79,0.04,阿科力,化学原料和化学制品制造业,主板,25.882499999999975,25.05625000000001,25.371666666666638,25.068750000000005,22.836382978723385
603722,2019-03-25,25.84,25.61,26.17,25.5,26.21,17402.9,44948000.0,25.83,25.24,24.972000000000012,24.04,22.85,58.02,0.8,0.79,0.01,阿科力,化学原料和化学制品制造业,主板,26.092499999999976,25.120000000000008,25.37249999999997,25.183750000000007,22.921489361702108
603722,2019-03-26,25.59,24.78,26.0,24.72,25.61,15924.6,40449400.0,25.83,25.08,24.99050000000001,24.2,22.86,52.17,0.7,0.77,-0.07,阿科力,化学原料和化学制品制造业,主板,25.67499999999998,25.226250000000007,25.31166666666664,25.23937500000001,22.978936170212748
603722,2019-03-27,25.08,26.3,26.3,24.5,24.78,27144.9,69640300.0,25.8,25.2,25.09750000000001,24.34,22.89,60.1,0.73,0.76,-0.03,阿科力,化学原料和化学制品制造业,主板,25.72499999999998,25.55250000000001,25.28833333333331,25.36062500000001,23.07723404255317
603722,2019-03-28,26.8,27.74,28.46,26.35,26.3,63255.9,173663000.0,26.13,25.58,25.276500000000006,24.55,22.95,65.88,0.87,0.78,0.09,阿科力,化学原料和化学制品制造业,主板,26.10749999999998,25.99500000000001,25.40666666666664,25.55562500000001,23.203617021276575
603722,2019-03-29,27.45,27.97,28.49,26.41,27.74,45808.1,124754000.0,26.48,26.01,25.486500000000007,24.76,23.01,66.71,0.98,0.82,0.16,阿科力,化学原料和化学制品制造业,主板,26.69749999999998,26.39500000000001,25.645833333333304,25.703750000000007,23.333829787234023
603722,2019-04-01,27.97,29.7,30.48,27.6,27.97,60369.7,172723000.0,27.3,26.56,25.777000000000008,25.0,23.13,72.18,1.2,0.9,0.3,阿科力,化学原料和化学制品制造业,主板,27.92749999999998,26.80125000000001,26.126666666666637,25.965625000000006,23.50893617021275
603722,2019-04-02,29.3,29.89,31.2,28.81,29.7,52849.2,155963000.0,28.32,27.08,26.053500000000007,25.26,23.27,72.71,1.37,0.99,0.38,阿科力,化学原料和化学制品制造业,主板,28.824999999999978,27.27500000000001,26.643333333333302,26.172500000000007,23.68744680851062
603722,2019-04-03,29.18,29.47,30.37,28.62,29.89,49779.5,146625000.0,28.95,27.38,26.29600000000001,25.5,23.4,69.55,1.46,1.09,0.37,阿科力,化学原料和化学制品制造业,主板,29.257499999999983,27.682500000000008,27.082499999999968,26.36937500000001,23.85170212765956
603722,2019-04-04,30.25,30.24,31.99,29.89,29.47,71596.4,221340000.0,29.45,27.79,26.52800000000001,25.75,23.55,71.96,1.57,1.18,0.39,阿科力,化学原料和化学制品制造业,主板,29.82499999999998,28.26125000000001,27.538333333333302,26.690625000000008,24.030851063829775
603722,2019-04-08,31.2,29.32,31.66,29.15,30.24,53064.4,160721000.0,29.72,28.1,26.718500000000013,25.96,23.67,65.32,1.56,1.26,0.3,阿科力,化学原料和化学制品制造业,主板,29.72999999999998,28.82875000000001,27.77749999999997,27.027500000000007,24.194042553191473
603722,2019-04-09,28.6,27.82,28.69,26.8,29.32,37739.0,104748000.0,29.35,28.32,26.78050000000001,26.09,23.77,56.21,1.42,1.29,0.13,阿科力,化学原料和化学制品制造业,主板,29.21249999999998,29.01875000000001,27.920833333333302,27.285625000000007,24.324893617021257
603722,2019-04-10,27.6,27.91,28.3,26.88,27.82,24904.0,68839400.0,28.95,28.64,26.860000000000007,26.21,23.87,56.6,1.31,1.29,0.02,阿科力,化学原料和化学制品制造业,主板,28.822499999999984,29.040000000000013,28.06249999999997,27.51750000000001,24.468297872340408
603722,2019-04-11,27.79,26.88,28.15,26.88,27.91,20850.0,57232700.0,28.43,28.69,26.949000000000005,26.3,23.95,50.99,1.12,1.26,-0.14,阿科力,化学原料和化学制品制造业,主板,27.982499999999984,28.903750000000013,28.168333333333305,27.64937500000001,24.59063829787232
603722,2019-04-12,27.11,27.18,27.52,26.88,26.88,14773.0,40174500.0,27.82,28.64,27.111500000000007,26.4,24.04,52.47,0.98,1.2,-0.22,阿科力,化学原料和化学制品制造业,主板,27.447499999999984,28.58875000000001,28.3683333333333,27.69500000000001,24.7487234042553
603722,2019-04-15,27.5,28.14,28.61,27.32,27.18,29508.2,82380000.0,27.59,28.65,27.334000000000003,26.54,24.14,56.94,0.94,1.15,-0.21,阿科力,化学原料和化学制品制造业,主板,27.52749999999999,28.37000000000001,28.521666666666633,27.82250000000001,24.935957446808498
603722,2019-04-16,27.83,28.82,28.85,27.81,28.14,27079.2,76668200.0,27.79,28.57,27.565000000000005,26.71,24.26,59.83,0.95,1.11,-0.16,阿科力,化学原料和化学制品制造业,主板,27.75499999999999,28.28875000000001,28.611666666666633,27.98562500000001,25.15446808510637
603722,2019-04-17,28.69,29.14,29.77,28.39,28.82,35313.2,103079000.0,28.03,28.49,27.783500000000004,26.87,24.38,61.15,0.97,1.08,-0.11,阿科力,化学原料和化学制品制造业,主板,28.319999999999993,28.15125000000001,28.70916666666663,28.206250000000008,25.367446808510625
603722,2019-04-18,29.1,27.8,29.1,27.8,29.14,24903.1,70666300.0,28.22,28.32,27.851,26.97,24.48,53.26,0.86,1.04,-0.18,阿科力,化学原料和化学制品制造业,主板,28.474999999999994,27.961250000000014,28.550833333333298,28.39500000000001,25.536382978723392
603722,2019-04-19,27.53,27.85,28.25,27.53,27.8,14007.9,39066900.0,28.35,28.09,27.938499999999998,27.05,24.59,53.5,0.78,0.99,-0.21,阿科力,化学原料和化学制品制造业,主板,28.402499999999993,27.965000000000014,28.3808333333333,28.49187500000001,25.704680851063813
603722,2019-04-22,28.3,27.04,28.3,27.01,27.85,15739.1,43157600.0,28.13,27.86,27.979999999999997,27.1,24.68,49.09,0.65,0.92,-0.27,阿科力,化学原料和化学制品制造业,主板,27.957499999999996,27.856250000000014,28.178333333333303,28.44812500000001,25.81340425531913
603722,2019-04-23,27.0,25.86,27.23,24.8,27.04,18996.0,49600600.0,27.54,27.66,27.992499999999996,27.07,24.75,43.46,0.43,0.82,-0.39,阿科力,化学原料和化学制品制造业,主板,27.1375,27.728750000000012,27.813333333333304,28.31625000000001,25.90404255319147
603722,2019-04-24,25.73,26.07,26.4,25.73,25.86,9610.76,25097500.0,26.92,27.48,28.057,27.07,24.82,44.67,0.28,0.71,-0.43,阿科力,化学原料和化学制品制造业,主板,26.705000000000002,27.59000000000001,27.542499999999972,28.08937500000001,26.00021276595743
603722,2019-04-25,26.0,24.9,26.29,24.81,26.07,15392.4,39136900.0,26.34,27.28,27.987000000000002,27.06,24.88,39.57,0.06,0.58,-0.52,阿科力,化学原料和化学制品制造业,主板,25.9675,27.18500000000001,27.299166666666636,27.77750000000001,26.05021276595743
603722,2019-04-26,24.57,24.72,25.18,24.52,24.9,8582.0,21330000.0,25.72,27.03,27.836000000000002,27.09,24.93,38.83,-0.12,0.44,-0.56,阿科力,化学原料和化学制品制造业,主板,25.387500000000003,26.67250000000001,27.0333333333333,27.48062500000001,26.10702127659573
603722,2019-04-29,24.72,23.0,25.17,22.87,24.72,15062.5,35710400.0,24.91,26.52,27.5875,27.06,24.96,32.6,-0.41,0.27,-0.68,阿科力,化学原料和化学制品制造业,主板,24.672500000000003,25.90500000000001,26.709999999999965,27.02812500000001,26.12297872340424
603722,2019-04-30,23.07,23.48,23.67,22.33,23.0,8778.37,20544000.0,24.43,25.99,27.2765,27.04,25.0,35.7,-0.58,0.1,-0.68,阿科力,化学原料和化学制品制造业,主板,24.025000000000006,25.365000000000006,26.40166666666663,26.66312500000001,26.137446808510624
603722,2019-05-06,23.02,22.13,23.02,21.55,23.48,15345.4,34332800.0,23.65,25.28,26.8885,26.95,25.04,31.34,-0.82,-0.08,-0.74,阿科力,化学原料和化学制品制造业,主板,23.332500000000003,24.650000000000006,25.9008333333333,26.30750000000001,26.11744680851063
603722,2019-05-07,22.58,22.93,23.19,22.29,22.13,11651.0,26507300.0,23.25,24.8,26.561499999999995,26.83,25.1,36.31,-0.94,-0.25,-0.69,阿科力,化学原料和化学制品制造业,主板,22.885000000000005,24.136250000000008,25.409999999999968,25.99625000000001,26.096170212765948
603722,2019-05-08,22.5,22.85,23.27,22.12,22.93,8087.45,18494100.0,22.88,24.3,26.191999999999997,26.72,25.17,36.03,-1.02,-0.41,-0.61,阿科力,化学原料和化学制品制造业,主板,22.847500000000004,23.760000000000005,24.885833333333306,25.744375000000012,26.062978723404242
603722,2019-05-09,22.8,23.09,23.15,22.7,22.85,8908.0,20462800.0,22.9,23.9,25.880499999999994,26.62,25.23,37.59,-1.05,-0.54,-0.51,阿科力,化学原料和化学制品制造业,主板,22.750000000000004,23.387500000000006,24.4933333333333,25.48875000000001,26.04021276595743
603722,2019-05-10,23.1,24.45,25.18,23.09,23.09,22903.4,55214900.0,23.09,23.76,25.711999999999996,26.58,25.31,45.67,-0.97,-0.62,-0.35,阿科力,化学原料和化学制品制造业,主板,23.330000000000005,23.331250000000004,24.209999999999965,25.25812500000001,26.046382978723386
603722,2019-05-13,24.01,24.0,24.39,23.81,24.45,12482.0,30119900.0,23.46,23.56,25.516499999999994,26.56,25.38,43.66,-0.91,-0.68,-0.23,阿科力,化学原料和化学制品制造业,主板,23.597500000000004,23.241250000000004,23.95666666666663,24.95687500000001,26.051276595744664
603722,2019-05-14,26.4,26.4,26.4,26.4,24.0,9145.07,24143000.0,24.16,23.7,25.492499999999996,26.56,25.45,55.05,-0.67,-0.68,0.01,阿科力,化学原料和化学制品制造业,主板,24.485000000000007,23.666250000000005,24.001666666666626,24.78562500000001,26.10468085106381
603722,2019-05-15,28.82,28.82,28.82,27.18,26.4,96154.1,272698000.0,25.35,24.12,25.574499999999997,26.6,25.57,63.14,-0.29,-0.6,0.31,阿科力,化学原料和化学制品制造业,主板,25.917500000000004,24.333750000000006,24.230833333333294,24.84937500000001,26.19957446808509
603722,2019-05-16,29.0,27.65,29.65,27.62,28.82,102637.0,294235000.0,26.26,24.58,25.55,26.58,25.67,57.73,-0.08,-0.5,0.42,阿科力,化学原料和化学制品制造业,主板,26.717500000000005,25.023750000000007,24.45999999999996,24.836875000000006,26.264042553191477
603722,2019-05-17,26.76,25.76,27.02,24.89,27.65,73683.0,189594000.0,26.53,24.81,25.397,26.45,25.73,50.24,-0.06,-0.41,0.35,阿科力,化学原料和化学制品制造业,主板,27.157500000000006,25.377500000000005,24.546666666666624,24.756875000000004,26.267446808510627
603722,2019-05-20,24.99,23.39,25.0,23.19,25.76,45059.9,106850000.0,26.4,24.93,25.109500000000004,26.24,25.75,42.75,-0.23,-0.37,0.14,阿科力,化学原料和化学制品制造业,主板,26.40500000000001,25.445000000000004,24.579166666666623,24.602500000000003,26.222340425531907
603722,2019-05-21,22.9,23.42,23.7,22.51,23.39,30843.7,71815200.0,25.81,24.98,24.8905,26.04,25.77,42.87,-0.36,-0.37,0.01,阿科力,化学原料和化学制品制造业,主板,25.055000000000007,25.486250000000002,24.574166666666624,24.436875000000004,26.15510638297872
603722,2019-05-22,23.23,22.8,23.42,22.72,23.42,23730.6,54541800.0,24.6,24.98,24.637999999999998,25.79,25.77,41.01,-0.51,-0.4,-0.11,阿科力,化学原料和化学制品制造业,主板,23.84250000000001,25.280000000000005,24.629999999999956,24.305625000000006,26.08021276595744
603722,2019-05-23,22.49,21.88,22.49,21.83,22.8,22584.0,49862200.0,23.45,24.86,24.38,25.54,25.75,38.37,-0.7,-0.46,-0.24,阿科力,化学原料和化学制品制造业,主板,22.872500000000006,25.015000000000004,24.542499999999958,24.128125000000004,26.011702127659575
603722,2019-05-24,21.9,22.14,22.23,21.47,21.88,16558.0,36216800.0,22.73,24.63,24.193999999999996,25.35,25.72,39.55,-0.81,-0.53,-0.28,阿科力,化学原料和化学制品制造业,主板,22.560000000000006,24.482500000000005,24.483333333333288,24.074375000000003,25.973617021276596
603722,2019-05-27,22.1,22.78,23.09,22.0,22.14,20044.6,45306300.0,22.6,24.5,24.0295,25.18,25.69,42.49,-0.84,-0.59,-0.25,阿科力,化学原料和化学制品制造业,主板,22.400000000000006,23.727500000000006,24.457499999999957,24.030625,25.954255319148935
603722,2019-05-28,22.75,22.5,23.18,22.46,22.78,15532.5,35470500.0,22.42,24.11,23.9095,25.03,25.66,41.54,-0.88,-0.65,-0.23,阿科力,化学原料和化学制品制造业,主板,22.325000000000006,23.083750000000006,24.29499999999996,24.05375,25.918085106382975
603722,2019-05-29,22.54,23.14,23.2,22.3,22.5,17041.1,38930700.0,22.49,23.55,23.8305,24.9,25.65,44.59,-0.85,-0.69,-0.16,阿科力,化学原料和化学制品制造业,主板,22.640000000000008,22.75625000000001,24.22333333333329,24.066875,25.88340425531915
603722,2019-05-30,23.4,24.8,25.25,23.07,23.14,51028.1,122943000.0,23.07,23.26,23.9205,24.79,25.66,51.65,-0.68,-0.69,0.01,阿科力,化学原料和化学制品制造业,主板,23.305000000000007,22.93250000000001,24.08999999999996,24.18875,25.848297872340424
603722,2019-05-31,24.2,24.49,25.0,23.8,24.8,33930.4,82605400.0,23.54,23.13,23.971,24.64,25.67,50.36,-0.56,-0.66,0.1,阿科力,化学原料和化学制品制造业,主板,23.732500000000005,23.06625000000001,23.72916666666663,24.27625,25.814042553191488
603722,2019-06-03,23.85,22.55,24.25,22.41,24.49,30966.0,71524300.0,23.5,23.05,23.992,24.42,25.64,43.11,-0.62,-0.65,0.03,阿科力,化学原料和化学制品制造业,主板,23.745000000000005,23.03500000000001,23.30416666666663,24.157500000000002,25.736170212765956
603722,2019-06-04,22.75,23.0,23.03,22.02,22.55,16618.6,37465000.0,23.6,23.01,23.9955,24.26,25.62,45.08,-0.63,-0.65,0.02,阿科力,化学原料和化学制品制造业,主板,23.710000000000004,23.17500000000001,23.07416666666663,24.095000000000002,25.680638297872342
603722,2019-06-05,23.26,22.56,23.35,22.5,23.0,11352.0,25895400.0,23.48,22.98,23.981,24.09,25.57,43.49,-0.66,-0.65,-0.01,阿科力,化学原料和化学制品制造业,主板,23.150000000000006,23.227500000000013,23.004999999999967,23.855000000000004,25.63340425531915
603722,2019-06-06,22.56,21.26,22.56,20.36,22.56,14171.0,30559400.0,22.77,22.92,23.8895,23.89,25.5,39.1,-0.77,-0.67,-0.1,阿科力,化学原料和化学制品制造业,主板,22.34250000000001,23.037500000000012,22.824999999999964,23.382500000000004,25.526170212765958
603722,2019-06-10,21.3,21.23,21.57,20.78,21.26,13257.5,28084400.0,22.12,22.83,23.728500000000004,23.74,25.41,39.0,-0.86,-0.71,-0.15,阿科力,化学原料和化学制品制造业,主板,22.01250000000001,22.87875000000001,22.694166666666632,22.981250000000006,25.387659574468085
603722,2019-06-11,21.18,21.98,22.0,21.01,21.23,14611.5,31710200.0,22.01,22.75,23.627500000000005,23.6,25.33,42.85,-0.86,-0.74,-0.12,阿科力,化学原料和化学制品制造业,主板,21.75750000000001,22.733750000000008,22.70249999999997,22.745000000000008,25.260212765957448
603722,2019-06-12,22.01,22.0,22.55,21.81,21.98,15123.9,33647200.0,21.81,22.7,23.407500000000006,23.51,25.28,42.96,-0.85,-0.76,-0.09,阿科力,化学原料和化学制品制造业,主板,21.61750000000001,22.383750000000006,22.690833333333302,22.65812500000001,25.096382978723405
603722,2019-06-13,21.94,23.15,23.45,21.82,22.0,34325.8,78859200.0,21.92,22.7,23.124000000000002,23.45,25.27,48.7,-0.74,-0.76,0.02,阿科力,化学原料和化学制品制造业,主板,22.090000000000007,22.216250000000006,22.721666666666636,22.641250000000007,24.952978723404254
603722,2019-06-14,23.07,22.7,23.41,22.61,23.15,18973.4,43470200.0,22.21,22.49,22.876500000000004,23.44,25.25,46.72,-0.68,-0.74,0.06,阿科力,化学原料和化学制品制造业,主板,22.457500000000007,22.235000000000003,22.7383333333333,22.635000000000005,24.808936170212764
603722,2019-06-17,22.6,22.27,22.6,22.0,22.7,11823.0,26326400.0,22.42,22.27,22.702000000000005,23.4,25.22,44.84,-0.66,-0.73,0.07,阿科力,化学原料和化学制品制造业,主板,22.530000000000005,22.143750000000004,22.6658333333333,22.659375000000004,24.63936170212766
603722,2019-06-18,22.26,22.33,22.5,22.06,22.27,6872.49,15309400.0,22.49,22.25,22.649000000000004,23.41,25.18,45.17,-0.63,-0.71,0.08,阿科力,化学原料和化学制品制造业,主板,22.612500000000004,22.115000000000002,22.459999999999965,22.671250000000004,24.49063829787234
603722,2019-06-19,22.63,22.58,22.95,22.5,22.33,9734.07,22067900.0,22.61,22.21,22.607000000000003,23.4,25.12,46.61,-0.58,-0.68,0.1,阿科力,化学原料和化学制品制造业,主板,22.470000000000006,22.28,22.300833333333298,22.658750000000005,24.37914893617021
603722,2019-06-20,22.58,22.68,22.77,22.19,22.58,12374.3,27872600.0,22.51,22.22,22.601000000000003,23.39,25.06,47.21,-0.53,-0.65,0.12,阿科力,化学原料和化学制品制造业,主板,22.465000000000007,22.461250000000003,22.31166666666663,22.670000000000005,24.26787234042553
603722,2019-06-21,22.68,22.85,23.15,22.53,22.68,20362.5,46553500.0,22.54,22.38,22.649500000000003,23.39,25.0,48.27,-0.47,-0.62,0.15,阿科力,化学原料和化学制品制造业,主板,22.61000000000001,22.570000000000004,22.299166666666633,22.651875000000008,24.182127659574462
603722,2019-06-24,22.84,22.5,22.84,22.43,22.85,9113.0,20569600.0,22.59,22.5,22.667500000000004,23.32,24.95,46.21,-0.44,-0.58,0.14,阿科力,化学原料和化学制品制造业,主板,22.65250000000001,22.632500000000004,22.29416666666663,22.508125000000007,24.082553191489353
603722,2019-06-25,22.45,21.88,22.45,21.58,22.5,12988.1,28386400.0,22.5,22.49,22.622500000000002,23.25,24.9,42.74,-0.47,-0.56,0.09,阿科力,化学原料和化学制品制造业,主板,22.47750000000001,22.473750000000003,22.3458333333333,22.345000000000006,23.949361702127653
603722,2019-06-26,21.59,22.19,22.34,21.59,21.88,8222.0,18250500.0,22.42,22.51,22.607000000000003,23.11,24.83,44.97,-0.46,-0.54,0.08,阿科力,化学原料和化学制品制造业,主板,22.35500000000001,22.410000000000004,22.425833333333298,22.322500000000005,23.80829787234042
603722,2019-06-27,22.16,23.25,23.58,22.09,22.19,28474.1,65260100.0,22.53,22.52,22.612500000000004,22.92,24.76,51.86,-0.36,-0.5,0.14,阿科力,化学原料和化学制品制造业,主板,22.455000000000013,22.532500000000002,22.531666666666627,22.338125000000005,23.682978723404247
603722,2019-06-28,22.91,22.3,22.99,22.09,23.25,16499.3,37085600.0,22.42,22.48,22.487500000000004,22.75,24.67,46.27,-0.35,-0.47,0.12,阿科力,化学原料和化学制品制造业,主板,22.405000000000012,22.528750000000002,22.55666666666663,22.321875000000006,23.565957446808504
603722,2019-07-01,22.62,22.9,22.98,22.52,22.3,17549.3,40001800.0,22.5,22.55,22.408,22.65,24.55,49.94,-0.3,-0.44,0.14,阿科力,化学原料和化学制品制造业,主板,22.66000000000001,22.56875,22.535833333333297,22.424375000000005,23.460638297872336
603722,2019-07-02,22.86,22.55,22.91,22.41,22.9,12855.0,29122200.0,22.64,22.57,22.408,22.62,24.43,47.88,-0.28,-0.41,0.13,阿科力,化学原料和化学制品制造业,主板,22.75000000000001,22.552500000000002,22.523333333333298,22.506875000000004,23.36510638297872
603722,2019-07-03,22.5,22.22,22.55,22.07,22.55,11232.5,24911900.0,22.64,22.53,22.369,22.58,24.31,45.96,-0.29,-0.38,0.09,阿科力,化学原料和化学制品制造业,主板,22.49250000000001,22.473750000000003,22.51916666666663,22.521875,23.287659574468083
603722,2019-07-04,22.22,22.02,22.4,21.95,22.22,8147.0,18023700.0,22.4,22.47,22.342,22.56,24.17,44.79,-0.3,-0.37,0.07,阿科力,化学原料和化学制品制造业,主板,22.42250000000001,22.413750000000004,22.493333333333297,22.523125,23.201489361702127
603722,2019-07-05,22.18,22.24,22.31,22.02,22.02,5648.0,12546800.0,22.39,22.4,22.391,22.57,24.05,46.41,-0.3,-0.35,0.05,阿科力,化学原料和化学制品制造业,主板,22.257500000000007,22.458750000000006,22.464999999999964,22.466250000000002,23.144893617021275
603722,2019-07-08,22.19,21.49,22.19,21.45,22.24,10826.1,23447600.0,22.1,22.3,22.404,22.55,23.95,41.9,-0.35,-0.35,0.0,阿科力,化学原料和化学制品制造业,主板,21.992500000000007,22.371250000000007,22.3658333333333,22.390625000000004,23.076170212765955
603722,2019-07-09,21.49,21.75,21.85,20.96,21.49,10225.0,21830400.0,21.94,22.29,22.3925,22.51,23.85,43.93,-0.37,-0.36,-0.01,阿科力,化学原料和化学制品制造业,主板,21.875000000000007,22.183750000000007,22.27416666666663,22.358125000000005,23.049574468085105
603722,2019-07-10,21.82,21.99,22.37,21.67,21.75,10524.0,23261200.0,21.9,22.27,22.392,22.5,23.76,45.82,-0.36,-0.36,0.0,阿科力,化学原料和化学制品制造业,主板,21.867500000000007,22.145000000000007,22.23166666666663,22.336875000000006,23.01787234042553
603722,2019-07-11,21.91,21.7,22.27,21.63,21.99,8572.0,18826700.0,21.83,22.12,22.319499999999998,22.45,23.67,43.9,-0.37,-0.36,-0.01,阿科力,化学原料和化学制品制造业,主板,21.73250000000001,21.995000000000005,22.21666666666663,22.281875000000007,23.008723404255317
603722,2019-07-12,21.67,22.44,22.85,21.46,21.7,20335.0,45400100.0,21.87,22.13,22.3065,22.37,23.58,49.7,-0.31,-0.35,0.04,阿科力,化学原料和化学制品制造业,主板,21.97000000000001,21.981250000000003,22.237499999999965,22.266875000000006,22.998297872340423
603722,2019-07-15,21.96,21.98,22.09,21.29,22.44,12426.0,27018900.0,21.97,22.04,22.292,22.28,23.46,46.48,-0.3,-0.34,0.04,阿科力,化学原料和化学制品制造业,主板,22.02750000000001,21.95125,22.131666666666632,22.212500000000006,22.97978723404255
603722,2019-07-16,21.9,22.65,23.19,21.77,21.98,25607.1,57946700.0,22.15,22.05,22.308,22.29,23.36,51.41,-0.24,-0.32,0.08,阿科力,化学原料和化学制品制造业,主板,22.192500000000013,22.03,22.160833333333297,22.221875000000004,22.970425531914895
603722,2019-07-17,22.68,23.55,23.97,22.55,22.65,44907.7,104865000.0,22.46,22.18,22.356500000000004,22.31,23.28,57.13,-0.11,-0.28,0.17,阿科力,化学原料和化学制品制造业,主板,22.655000000000012,22.19375,22.214999999999964,22.326250000000005,22.95127659574468
603722,2019-07-18,23.14,22.61,23.28,22.58,23.55,23928.2,54740100.0,22.65,22.24,22.353,22.31,23.2,50.45,-0.09,-0.24,0.15,阿科力,化学原料和化学制品制造业,主板,22.697500000000012,22.333750000000002,22.219999999999967,22.352500000000006,22.92170212765957
603722,2019-07-19,22.3,22.73,23.25,22.2,22.61,14891.4,33963700.0,22.7,22.29,22.347,22.36,23.13,51.24,-0.06,-0.2,0.14,阿科力,化学原料和化学制品制造业,主板,22.885000000000012,22.45625,22.26249999999997,22.320000000000007,22.843617021276593
603722,2019-07-22,22.5,21.8,22.99,21.67,22.73,12761.0,27987600.0,22.67,22.32,22.312000000000005,22.38,23.06,45.26,-0.11,-0.19,0.08,阿科力,化学原料和化学制品制造业,主板,22.672500000000014,22.4325,22.24416666666664,22.288750000000007,22.694255319148933
603722,2019-07-23,21.8,22.18,22.27,21.6,21.8,9648.0,21198900.0,22.57,22.36,22.327000000000005,22.38,22.99,47.93,-0.11,-0.17,0.06,阿科力,化学原料和化学制品制造业,主板,22.330000000000016,22.492500000000003,22.239166666666637,22.24375000000001,22.57787234042553
603722,2019-07-24,22.2,22.72,22.75,22.11,22.18,14164.2,31929800.0,22.41,22.44,22.353500000000004,22.41,22.96,51.55,-0.07,-0.15,0.08,阿科力,化学原料和化学制品制造业,主板,22.357500000000016,22.527500000000003,22.34166666666664,22.254375000000007,22.5131914893617
603722,2019-07-25,22.5,23.21,23.8,22.5,22.72,29842.0,69696400.0,22.53,22.59,22.351500000000005,22.41,22.93,54.63,-0.01,-0.12,0.11,阿科力,化学原料和化学制品制造业,主板,22.477500000000017,22.681250000000006,22.463333333333306,22.316250000000004,22.509361702127656
603722,2019-07-26,23.12,22.87,23.36,22.68,23.21,19211.0,44010800.0,22.56,22.63,22.380000000000003,22.41,22.93,52.15,0.02,-0.09,0.11,阿科力,化学原料和化学制品制造业,主板,22.74500000000002,22.708750000000006,22.536666666666637,22.369375000000005,22.497659574468077
603722,2019-07-29,22.96,23.06,23.38,22.84,22.87,11824.0,27204700.0,22.81,22.74,22.388000000000005,22.44,22.92,53.43,0.06,-0.06,0.12,阿科力,化学原料和化学制品制造业,主板,22.965000000000018,22.647500000000004,22.649999999999974,22.420625000000005,22.503191489361694
603722,2019-07-30,22.95,23.37,23.5,22.94,23.06,20973.0,48865000.0,23.05,22.81,22.429000000000006,22.48,22.94,55.5,0.12,-0.03,0.15,阿科力,化学原料和化学制品制造业,主板,23.12750000000002,22.742500000000007,22.727499999999974,22.538125000000004,22.534893617021265
603722,2019-07-31,23.2,23.31,23.4,22.81,23.37,14229.1,32947900.0,23.16,22.79,22.483500000000003,22.5,22.95,54.99,0.15,0.01,0.14,阿科力,化学原料和化学制品制造业,主板,23.152500000000018,22.81500000000001,22.838333333333306,22.635625000000005,22.55978723404254
603722,2019-08-01,23.19,24.0,24.5,23.02,23.31,33603.2,79660400.0,23.32,22.92,22.582500000000003,22.54,22.97,59.6,0.23,0.05,0.18,阿科力,化学原料和化学制品制造业,主板,23.435000000000016,23.090000000000007,22.950833333333307,22.761250000000004,22.58574468085105
603722,2019-08-02,23.55,25.04,25.38,23.24,24.0,59728.2,146171000.0,23.76,23.16,22.722500000000004,22.62,23.0,65.36,0.37,0.12,0.25,阿科力,化学原料和化学制品制造业,主板,23.930000000000014,23.447500000000005,23.074999999999974,22.970000000000006,22.639787234042537
603722,2019-08-05,24.65,24.9,25.56,24.21,25.04,53437.7,133035000.0,24.12,23.47,22.893000000000004,22.7,23.01,64.04,0.47,0.19,0.28,阿科力,化学原料和化学制品制造业,主板,24.312500000000014,23.720000000000006,23.265833333333305,23.123750000000005,22.677234042553174
603722,2019-08-06,24.1,24.24,24.46,22.96,24.9,36221.3,86605800.0,24.3,23.67,23.017500000000005,22.78,23.01,58.07,0.49,0.25,0.24,阿科力,化学原料和化学制品制造业,主板,24.545000000000012,23.848750000000006,23.391666666666637,23.265000000000004,22.665319148936156
603722,2019-08-07,24.24,24.8,25.39,24.03,24.24,49366.0,122668000.0,24.6,23.88,23.158000000000005,22.86,22.99,61.36,0.54,0.31,0.23,阿科力,化学原料和化学制品制造业,主板,24.74500000000001,24.090000000000007,23.641666666666637,23.399375000000006,22.671914893617004
603722,2019-08-08,24.8,24.87,25.07,24.13,24.8,31405.3,77222400.0,24.77,24.05,23.316500000000005,22.92,22.92,61.76,0.58,0.36,0.22,阿科力,化学原料和化学制品制造业,主板,24.702500000000015,24.316250000000007,23.865833333333303,23.481875000000006,22.721276595744662
603722,2019-08-09,24.98,23.69,25.48,23.66,24.87,31398.0,77179400.0,24.5,24.13,23.379000000000005,22.96,22.85,51.91,0.51,0.39,0.12,阿科力,化学原料和化学制品制造业,主板,24.400000000000013,24.356250000000006,23.94666666666664,23.549375000000005,22.735957446808495
603722,2019-08-12,23.5,24.12,24.25,22.86,23.69,23083.4,54276800.0,24.34,24.23,23.486000000000004,23.0,22.83,54.74,0.48,0.41,0.07,阿科力,化学原料和化学制品制造业,主板,24.370000000000015,24.457500000000007,24.022499999999976,23.636250000000004,22.769148936170197
603722,2019-08-13,23.8,23.7,23.98,23.03,24.12,18081.1,42552800.0,24.24,24.27,23.538500000000006,23.04,22.83,51.55,0.43,0.41,0.02,阿科力,化学原料和化学制品制造业,主板,24.095000000000017,24.420000000000005,24.09166666666664,23.755000000000003,22.821063829787217
603722,2019-08-14,23.89,23.95,24.22,23.5,23.7,20192.0,48228600.0,24.07,24.33,23.558500000000002,23.1,22.84,53.3,0.4,0.41,-0.01,阿科力,化学原料和化学制品制造业,主板,23.865000000000016,24.283750000000005,24.165833333333307,23.865625,22.87893617021275
603722,2019-08-15,23.2,23.65,23.98,23.08,23.95,13984.0,32890300.0,23.82,24.3,23.610500000000002,23.15,22.85,50.92,0.35,0.4,-0.05,阿科力,化学原料和化学制品制造业,主板,23.855000000000018,24.127500000000005,24.189166666666637,23.92375,22.914468085106368
603722,2019-08-16,23.65,24.57,24.8,23.55,23.65,32895.3,80094400.0,24.0,24.25,23.7025,23.23,22.9,57.21,0.37,0.39,-0.02,阿科力,化学原料和化学制品制造业,主板,23.967500000000015,24.168750000000003,24.294166666666637,24.00875,22.969148936170196
603722,2019-08-19,24.5,25.2,25.32,24.31,24.57,39409.2,98580500.0,24.21,24.28,23.8725,23.36,22.95,60.91,0.44,0.4,0.04,阿科力,化学原料和化学制品制造业,主板,24.342500000000015,24.21875,24.394166666666635,24.154374999999998,23.012765957446792
603722,2019-08-20,25.0,25.45,25.84,24.8,25.2,39334.0,99487700.0,24.56,24.4,24.035999999999998,23.48,23.0,62.3,0.51,0.42,0.09,阿科力,化学原料和化学制品制造业,主板,24.717500000000015,24.291249999999998,24.4283333333333,24.303749999999997,23.071276595744663
603722,2019-08-21,25.19,25.25,25.64,24.8,25.45,25806.1,64965400.0,24.82,24.44,24.1625,23.59,23.04,60.45,0.54,0.45,0.09,阿科力,化学原料和化学制品制造业,主板,25.117500000000014,24.48625,24.457499999999968,24.421249999999997,23.134680851063813
603722,2019-08-22,25.5,25.11,25.54,24.8,25.25,18653.1,46743000.0,25.12,24.47,24.2575,23.7,23.07,59.12,0.55,0.47,0.08,阿科力,化学原料和化学制品制造业,主板,25.252500000000012,24.61,24.52999999999997,24.533749999999998,23.193829787234026
603722,2019-08-23,25.0,24.52,25.11,24.5,25.11,18143.0,44894400.0,25.11,24.55,24.34,23.77,23.07,53.77,0.5,0.47,0.03,阿科力,化学原料和化学制品制造业,主板,25.08250000000001,24.712500000000002,24.506666666666632,24.566249999999997,23.235106382978707
603722,2019-08-26,23.88,24.31,24.94,23.78,24.52,14328.8,35121600.0,24.93,24.57,24.4025,23.85,23.07,51.96,0.44,0.47,-0.03,阿科力,化学原料和化学制品制造业,主板,24.79750000000001,24.757500000000004,24.459999999999965,24.520624999999995,23.269787234042536
603722,2019-08-27,24.31,24.52,24.79,24.31,24.31,12935.1,31796400.0,24.74,24.65,24.46,23.91,23.1,53.64,0.4,0.45,-0.05,阿科力,化学原料和化学制品制造业,主板,24.61500000000001,24.866250000000004,24.52916666666663,24.496874999999996,23.305319148936153
603722,2019-08-28,24.25,25.02,25.15,24.1,24.52,19468.2,48241000.0,24.7,24.76,24.5455,23.96,23.13,57.44,0.42,0.45,-0.03,阿科力,化学原料和化学制品制造业,主板,24.59250000000001,24.922500000000007,24.60416666666663,24.545624999999994,23.35893617021275
603722,2019-08-29,25.02,24.5,25.48,24.4,25.02,21620.6,53949100.0,24.57,24.84,24.570500000000003,24.02,23.16,52.61,0.37,0.43,-0.06,阿科力,化学原料和化学制品制造业,主板,24.58750000000001,24.835000000000008,24.670833333333295,24.526874999999993,23.41468085106381
603722,2019-08-30,24.54,23.71,24.73,23.52,24.5,20921.0,50404600.0,24.41,24.76,24.504000000000005,24.05,23.21,46.24,0.27,0.4,-0.13,阿科力,化学原料和化学制品制造业,主板,24.437500000000007,24.61750000000001,24.650833333333296,24.45437499999999,23.447021276595724
603722,2019-09-02,23.62,24.17,24.3,23.5,23.71,11151.5,26718800.0,24.38,24.66,24.46750000000001,24.13,23.25,50.03,0.23,0.37,-0.14,阿科力,化学原料和化学制品制造业,主板,24.35000000000001,24.48250000000001,24.694166666666632,24.484374999999993,23.466595744680834
603722,2019-09-03,24.12,24.19,24.4,23.73,24.17,11783.0,28389300.0,24.32,24.53,24.46500000000001,24.2,23.29,50.2,0.19,0.33,-0.14,阿科力,化学原料和化学制品制造业,主板,24.14250000000001,24.367500000000007,24.662499999999966,24.488749999999992,23.506808510638283
603722,2019-09-04,23.91,24.94,25.17,23.91,24.19,28052.0,69480100.0,24.3,24.5,24.472000000000012,24.27,23.34,56.04,0.23,0.31,-0.08,阿科力,化学原料和化学制品制造业,主板,24.25250000000001,24.420000000000005,24.6408333333333,24.566249999999993,23.55021276595743
603722,2019-09-05,25.08,25.18,25.3,24.71,24.94,29349.3,73394000.0,24.44,24.51,24.48750000000001,24.34,23.37,57.75,0.27,0.3,-0.03,阿科力,化学原料和化学制品制造业,主板,24.620000000000005,24.528750000000006,24.6183333333333,24.643124999999994,23.606170212765942
603722,2019-09-06,25.27,25.23,25.55,24.91,25.18,19889.0,50029300.0,24.74,24.58,24.564500000000013,24.42,23.42,58.12,0.3,0.3,0.0,阿科力,化学原料和化学制品制造业,主板,24.885000000000005,24.617500000000003,24.616666666666635,24.741874999999997,23.670212765957434
603722,2019-09-09,25.46,25.84,26.08,25.28,25.23,33790.6,87145700.0,25.08,24.73,24.65050000000001,24.51,23.48,62.39,0.37,0.32,0.05,阿科力,化学原料和化学制品制造业,主板,25.297500000000007,24.720000000000002,24.677499999999966,24.821249999999996,23.751489361702113
603722,2019-09-10,25.7,25.45,26.0,25.21,25.84,23041.1,58950300.0,25.33,24.82,24.738000000000014,24.58,23.53,58.29,0.39,0.33,0.06,阿科力,化学原料和化学制品制造业,主板,25.425000000000008,24.83875,24.754999999999967,24.836874999999996,23.81978723404254
603722,2019-09-11,25.72,25.3,25.76,25.21,25.45,16104.0,41032900.0,25.4,24.85,24.805500000000016,24.65,23.57,56.75,0.39,0.34,0.05,阿科力,化学原料和化学制品制造业,主板,25.455000000000005,25.0375,24.837499999999967,24.827499999999997,23.90085106382977
603722,2019-09-12,25.29,25.22,25.59,25.16,25.3,12413.0,31452500.0,25.41,24.92,24.884000000000015,24.69,23.62,55.9,0.38,0.35,0.03,阿科力,化学原料和化学制品制造业,主板,25.452500000000004,25.168750000000003,24.895833333333304,24.825624999999995,23.974680851063813
603722,2019-09-16,25.49,26.05,26.2,25.25,25.22,33585.0,86921100.0,25.57,25.16,24.958000000000013,24.72,23.67,62.22,0.43,0.37,0.06,阿科力,化学原料和化学制品制造业,主板,25.505000000000003,25.401250000000005,24.98166666666664,24.884374999999995,24.061063829787216
603722,2019-09-17,26.09,26.7,27.33,25.78,26.05,51022.9,135713000.0,25.74,25.41,25.033000000000012,24.78,23.74,66.3,0.51,0.39,0.12,阿科力,化学原料和化学制品制造业,主板,25.8175,25.621250000000003,25.164999999999974,25.020624999999995,24.167446808510622
603722,2019-09-18,26.33,27.3,27.5,26.01,26.7,54508.8,146581000.0,26.11,25.72,25.125500000000013,24.88,23.83,69.56,0.63,0.44,0.19,阿科力,化学原料和化学制品制造业,主板,26.3175,25.886250000000004,25.464166666666642,25.207499999999996,24.270851063829767
603722,2019-09-19,27.12,27.19,27.65,26.8,27.3,41576.8,112705000.0,26.49,25.95,25.222500000000014,24.96,23.91,68.25,0.7,0.49,0.21,阿科力,化学原料和化学制品制造业,主板,26.810000000000002,26.131250000000005,25.715833333333308,25.374374999999997,24.381702127659555
603722,2019-09-20,26.99,26.62,27.25,26.53,27.19,26016.1,69679600.0,26.77,26.09,25.298000000000012,25.02,23.97,61.79,0.7,0.53,0.17,阿科力,化学原料和化学制品制造业,主板,26.952500000000004,26.228750000000005,25.918333333333308,25.474375,24.466170212765935
603722,2019-09-23,26.18,26.11,26.6,25.8,26.62,18402.0,47862100.0,26.78,26.18,25.377500000000015,25.1,24.03,56.62,0.65,0.56,0.09,阿科力,化学原料和化学制品制造业,主板,26.805000000000003,26.31125000000001,26.01583333333331,25.575,24.520638297872317
603722,2019-09-24,26.37,25.75,26.37,25.6,26.11,18169.9,46950700.0,26.59,26.17,25.449500000000015,25.16,24.08,53.23,0.59,0.56,0.03,阿科力,化学原料和化学制品制造业,主板,26.417500000000008,26.367500000000007,26.063333333333308,25.7025,24.587446808510617
603722,2019-09-25,25.74,25.74,26.09,25.5,25.75,14840.3,38289000.0,26.28,26.2,25.510500000000015,25.22,24.13,53.14,0.52,0.56,-0.04,阿科力,化学原料和化学制品制造业,主板,26.055000000000007,26.432500000000008,26.105833333333308,25.800625,24.651489361702104
603722,2019-09-26,25.87,24.21,25.95,24.21,25.74,22956.6,57118700.0,25.69,26.09,25.470000000000017,25.23,24.17,41.06,0.34,0.51,-0.17,阿科力,化学原料和化学制品制造业,主板,25.452500000000008,26.202500000000008,25.969999999999974,25.801875,24.70276595744679
603722,2019-09-27,23.98,24.43,24.78,23.98,24.21,12895.8,31511100.0,25.25,26.01,25.466500000000014,25.26,24.21,43.06,0.21,0.45,-0.24,阿科力,化学原料和化学制品制造业,主板,25.03250000000001,25.91875000000001,25.884999999999977,25.77,24.75063829787232
603722,2019-09-30,24.31,23.6,24.6,23.0,24.43,10339.0,24792700.0,24.75,25.76,25.461000000000016,25.23,24.23,37.84,0.05,0.37,-0.32,阿科力,化学原料和化学制品制造业,主板,24.49500000000001,25.456250000000008,25.74333333333331,25.67125,24.769361702127636
603722,2019-10-08,23.67,23.75,24.15,23.58,23.6,6596.45,15718300.0,24.35,25.47,25.440000000000012,25.18,24.27,39.27,-0.08,0.28,-0.36,阿科力,化学原料和化学制品制造业,主板,23.997500000000013,25.026250000000008,25.62083333333331,25.57875,24.780851063829765
603722,2019-10-09,23.8,24.14,24.17,23.24,23.75,6476.0,15515100.0,24.03,25.15,25.437500000000014,25.14,24.31,42.96,-0.14,0.2,-0.34,阿科力,化学原料和化学制品制造业,主板,23.98000000000001,24.71625000000001,25.46166666666664,25.4725,24.80787234042551
603722,2019-10-10,24.06,24.23,24.34,23.95,24.14,7087.0,17120400.0,24.03,24.86,25.40200000000001,25.1,24.34,43.8,-0.17,0.12,-0.29,阿科力,化学原料和化学制品制造业,主板,23.930000000000014,24.48125000000001,25.25583333333331,25.396250000000002,24.832765957446792
603722,2019-10-11,24.38,24.01,24.38,23.9,24.23,7388.0,17755800.0,23.95,24.6,25.343500000000013,25.06,24.38,42.16,-0.23,0.05,-0.28,阿科力,化学原料和化学制品制造业,主板,24.032500000000013,24.26375000000001,24.98166666666664,25.315625,24.84638297872339
603722,2019-10-14,24.07,24.29,24.59,24.07,24.01,8588.0,20912800.0,24.08,24.42,25.296500000000016,25.06,24.41,44.99,-0.23,0.0,-0.23,阿科力,化学原料和化学制品制造业,主板,24.16750000000001,24.082500000000007,24.739999999999977,25.2575,24.867234042553175
603722,2019-10-15,24.39,23.56,24.39,23.33,24.29,12455.5,29509300.0,24.05,24.2,25.18250000000001,25.03,24.44,39.55,-0.3,-0.06,-0.24,阿科力,化学原料和化学制品制造业,主板,24.02250000000001,24.001250000000006,24.484999999999975,25.101875,24.857872340425516
603722,2019-10-16,23.58,23.29,23.8,23.26,23.56,9167.0,21453200.0,23.88,23.95,25.074500000000015,24.99,24.45,37.73,-0.36,-0.12,-0.24,阿科力,化学原料和化学制品制造业,主板,23.787500000000012,23.858750000000004,24.249999999999975,24.88875,24.820638297872325
603722,2019-10-17,23.5,23.16,23.53,23.12,23.29,6108.9,14197600.0,23.66,23.85,24.967500000000015,24.93,24.44,36.85,-0.42,-0.18,-0.24,阿科力,化学原料和化学制品制造业,主板,23.57500000000001,23.803750000000004,24.034166666666646,24.630000000000003,24.78361702127658
603722,2019-10-18,23.18,24.21,25.19,23.18,23.16,23798.0,57515200.0,23.7,23.82,24.917000000000012,24.92,24.47,47.49,-0.38,-0.22,-0.16,阿科力,化学原料和化学制品制造业,主板,23.555000000000014,23.861250000000005,23.90666666666664,24.44375,24.78297872340424
603722,2019-10-21,23.89,23.8,24.0,23.5,24.21,14005.0,33180400.0,23.6,23.84,24.80450000000001,24.92,24.49,44.35,-0.38,-0.25,-0.13,阿科力,化学原料和化学制品制造业,主板,23.615000000000013,23.81875000000001,23.872499999999977,24.267500000000002,24.761702127659557
603722,2019-10-22,23.86,24.95,25.14,23.78,23.8,28075.4,69101500.0,23.88,23.96,24.71700000000001,24.95,24.54,53.62,-0.28,-0.26,-0.02,阿科力,化学原料和化学制品制造业,主板,24.030000000000015,23.90875000000001,23.91583333333331,24.195,24.763404255319138
603722,2019-10-23,25.15,25.22,25.55,24.72,24.95,24382.6,61510100.0,24.27,24.07,24.613000000000007,24.98,24.59,55.49,-0.18,-0.24,0.06,阿科力,化学原料和化学制品制造业,主板,24.545000000000016,24.06000000000001,24.050833333333305,24.161875000000002,24.795957446808497
603722,2019-10-24,25.04,25.4,25.79,24.85,25.22,22067.6,56057800.0,24.72,24.19,24.52350000000001,25.0,24.64,56.75,-0.09,-0.21,0.12,阿科力,化学原料和化学制品制造业,主板,24.842500000000015,24.19875000000001,24.188333333333304,24.140625,24.823191489361694
603722,2019-10-25,25.58,25.34,25.6,25.07,25.4,10802.1,27348600.0,24.94,24.32,24.45950000000001,25.0,24.67,56.18,-0.01,-0.17,0.16,阿科力,化学原料和化学制品制造业,主板,25.227500000000017,24.42125000000001,24.288333333333302,24.21125,24.85808510638297
603722,2019-10-28,25.29,25.61,25.9,25.13,25.34,14122.7,36095700.0,25.3,24.45,24.434500000000007,25.02,24.72,58.21,0.07,-0.12,0.19,阿科力,化学原料和化学制品制造业,主板,25.392500000000016,24.71125000000001,24.403333333333304,24.285,24.893404255319133
603722,2019-10-29,25.6,25.4,25.85,25.28,25.61,10725.0,27473600.0,25.39,24.64,24.41700000000001,25.0,24.76,56.04,0.11,-0.08,0.19,阿科力,化学原料和化学制品制造业,主板,25.437500000000014,24.99125000000001,24.519166666666635,24.397499999999997,24.930638297872328
603722,2019-10-30,25.8,25.68,26.18,25.19,25.4,13001.0,33474300.0,25.49,24.88,24.414000000000005,25.01,24.79,58.27,0.17,-0.03,0.2,阿科力,化学原料和化学制品制造业,主板,25.507500000000014,25.17500000000001,24.634999999999966,24.518124999999998,24.954255319148924
603722,2019-10-31,25.8,25.49,26.06,25.0,25.68,17662.0,45136400.0,25.5,25.11,24.478000000000005,25.01,24.83,56.18,0.19,0.02,0.17,阿科力,化学原料和化学制品制造业,主板,25.545000000000012,25.38625000000001,24.795833333333302,24.6025,24.960425531914883
603722,2019-11-01,25.79,24.81,25.79,24.68,25.49,12663.0,31511000.0,25.4,25.17,24.497000000000007,25.0,24.84,49.36,0.16,0.04,0.12,阿科力,化学原料和化学制品制造业,主板,25.345000000000013,25.368750000000013,24.922499999999967,24.638749999999998,24.946808510638284
603722,2019-11-04,24.6,24.52,25.04,24.3,24.81,10138.0,24971000.0,25.18,25.24,24.543000000000006,24.95,24.84,46.75,0.1,0.06,0.04,阿科力,化学原料和化学制品制造业,主板,25.125000000000014,25.281250000000014,25.035833333333297,24.670624999999998,24.931276595744666
603722,2019-11-05,24.51,24.18,24.7,24.06,24.52,8287.0,20143300.0,24.94,25.16,24.564500000000002,24.87,24.82,43.83,0.03,0.05,-0.02,阿科力,化学原料和化学制品制造业,主板,24.750000000000014,25.128750000000014,25.0333333333333,24.663749999999997,24.911489361702117
603722,2019-11-06,24.18,24.18,24.49,24.02,24.18,5644.78,13694500.0,24.64,25.06,24.5665,24.76,24.82,43.83,-0.02,0.04,-0.06,阿科力,化学原料和化学制品制造业,主板,24.422500000000017,24.983750000000015,25.064999999999966,24.702499999999997,24.904255319148927
603722,2019-11-07,24.19,24.6,24.88,24.05,24.18,9252.42,22758500.0,24.46,24.98,24.585,24.68,24.82,48.45,-0.03,0.02,-0.05,阿科力,化学原料和化学制品制造业,主板,24.37000000000002,24.857500000000016,25.0358333333333,24.784374999999997,24.910425531914882
603722,2019-11-08,24.61,24.41,24.91,24.36,24.6,5489.0,13522000.0,24.38,24.89,24.605,24.6,24.81,46.58,-0.05,0.01,-0.06,阿科力,化学原料和化学制品制造业,主板,24.34250000000002,24.733750000000015,24.968333333333305,24.862499999999997,24.90808510638297
603722,2019-11-11,24.41,23.98,24.41,23.7,24.41,6598.39,15792200.0,24.27,24.72,24.5895,24.53,24.82,42.59,-0.11,-0.02,-0.09,阿科力,化学原料和化学制品制造业,主板,24.292500000000018,24.521250000000013,24.849999999999977,24.848125,24.885957446808504
603722,2019-11-12,23.5,24.77,24.88,23.5,23.98,8940.3,21869600.0,24.39,24.66,24.650000000000002,24.5,24.83,50.92,-0.08,-0.03,-0.05,阿科力,化学原料和化学制品制造业,主板,24.44000000000002,24.431250000000013,24.802499999999977,24.908749999999998,24.891702127659567
603722,2019-11-13,24.77,25.13,25.16,24.65,24.77,9136.68,22866500.0,24.58,24.61,24.742000000000004,24.48,24.85,54.18,-0.03,-0.03,0.0,阿科力,化学原料和化学制品制造业,主板,24.57250000000002,24.471250000000012,24.762499999999974,24.919999999999998,24.921914893617014
603722,2019-11-14,25.13,24.92,25.44,24.8,25.13,8535.68,21370400.0,24.64,24.55,24.830000000000005,24.5,24.87,52.01,-0.01,-0.02,0.01,阿科力,化学原料和化学制品制造业,主板,24.70000000000002,24.521250000000013,24.72249999999998,24.901249999999997,24.937872340425525
603722,2019-11-15,25.08,24.09,25.08,24.03,24.92,7112.59,17434100.0,24.58,24.48,24.824000000000005,24.49,24.88,44.43,-0.06,-0.03,-0.03,阿科力,化学原料和化学制品制造业,主板,24.72750000000002,24.510000000000012,24.589999999999975,24.819374999999997,24.935744680851055
603722,2019-11-18,24.14,24.34,24.58,23.69,24.09,5657.0,13736900.0,24.65,24.46,24.851000000000003,24.52,24.87,46.94,-0.07,-0.04,-0.03,阿科力,化学原料和化学制品制造业,主板,24.620000000000022,24.530000000000012,24.49416666666664,24.756874999999997,24.922978723404242
603722,2019-11-19,24.18,24.9,25.11,24.18,24.34,9645.46,23822600.0,24.68,24.53,24.848500000000005,24.55,24.87,52.15,-0.04,-0.04,0.0,阿科力,化学原料和化学制品制造业,主板,24.56250000000002,24.567500000000013,24.501666666666637,24.712499999999995,24.917021276595733
603722,2019-11-20,25.09,25.03,25.38,24.61,24.9,7038.24,17535700.0,24.66,24.62,24.839000000000006,24.58,24.86,53.3,-0.01,-0.03,0.02,阿科力,化学原料和化学制品制造业,主板,24.59000000000002,24.645000000000014,24.544166666666637,24.689375,24.912765957446798
603722,2019-11-21,24.99,24.29,24.99,24.24,25.03,7308.42,17925000.0,24.53,24.59,24.783500000000004,24.59,24.84,46.47,-0.04,-0.03,-0.01,阿科力,化学原料和化学制品制造业,主板,24.640000000000022,24.683750000000014,24.553333333333303,24.6025,24.879787234042542
603722,2019-11-22,24.02,24.53,24.92,24.02,24.29,7264.45,17796200.0,24.62,24.6,24.743000000000002,24.6,24.83,48.76,-0.05,-0.04,-0.01,阿科力,化学原料和化学制品制造业,主板,24.68750000000002,24.653750000000013,24.582499999999968,24.542499999999997,24.860212765957435
603722,2019-11-25,24.53,23.73,24.59,23.65,24.53,7685.0,18409500.0,24.5,24.57,24.649,24.58,24.82,42.26,-0.11,-0.05,-0.06,阿科力,化学原料和化学制品制造业,主板,24.395000000000024,24.478750000000012,24.509999999999966,24.474999999999998,24.826808510638287
603722,2019-11-26,23.7,23.77,24.0,23.67,23.73,3807.0,9060310.0,24.27,24.47,24.567500000000003,24.59,24.81,42.67,-0.16,-0.07,-0.09,阿科力,化学原料和化学制品制造业,主板,24.080000000000023,24.335000000000015,24.45666666666663,24.428124999999998,24.795957446808497
603722,2019-11-27,23.99,23.29,23.99,23.02,23.77,7720.84,17976900.0,23.92,24.29,24.448,24.59,24.79,39.08,-0.24,-0.11,-0.13,阿科力,化学原料和化学制品制造业,主板,23.830000000000027,24.235000000000014,24.39916666666663,24.3725,24.73723404255318
603722,2019-11-28,23.42,23.1,23.42,23.09,23.29,4013.0,9308620.0,23.68,24.11,24.3285,24.59,24.76,37.72,-0.31,-0.15,-0.16,阿科力,化学原料和化学制品制造业,主板,23.472500000000025,24.080000000000013,24.259999999999966,24.305,24.660638297872325
603722,2019-11-29,23.1,22.93,23.1,22.71,23.1,4408.02,10061500.0,23.36,23.99,24.234499999999997,24.55,24.73,36.5,-0.37,-0.19,-0.18,阿科力,化学原料和化学制品制造业,主板,23.272500000000026,23.833750000000013,24.076666666666636,24.200625,24.56765957446807
603722,2019-12-02,22.93,22.97,23.09,22.88,22.93,2878.0,6617320.0,23.21,23.85,24.157,24.52,24.72,37.02,-0.41,-0.24,-0.17,阿科力,化学原料和化学制品制造业,主板,23.072500000000026,23.576250000000012,23.914166666666635,24.110624999999995,24.477872340425517
603722,2019-12-03,22.8,23.11,23.2,22.53,22.97,3487.0,7962440.0,23.08,23.68,24.1035,24.46,24.7,38.89,-0.43,-0.27,-0.16,阿科力,化学原料和化学制品制造业,主板,23.027500000000025,23.42875000000001,23.83249999999997,24.056249999999995,24.40319148936169
603722,2019-12-04,22.98,22.99,23.12,22.71,23.11,3177.0,7291680.0,23.02,23.47,24.044,24.38,24.68,37.85,-0.45,-0.31,-0.14,阿科力,化学原料和化学制品制造业,主板,23.00000000000002,23.236250000000013,23.719999999999974,23.944999999999997,24.336808510638285
603722,2019-12-05,22.88,23.55,23.58,22.88,22.99,5931.79,13882200.0,23.11,23.4,23.9915,24.32,24.66,45.21,-0.42,-0.33,-0.09,阿科力,化学原料和化学制品制造业,主板,23.155000000000022,23.213750000000015,23.607499999999977,23.846249999999998,24.28999999999999
603722,2019-12-06,23.55,23.67,23.78,23.36,23.55,3413.0,8052730.0,23.26,23.31,23.9545,24.27,24.63,46.66,-0.37,-0.34,-0.03,阿科力,化学原料和化学制品制造业,主板,23.330000000000023,23.201250000000012,23.494166666666644,23.768124999999998,24.2459574468085
603722,2019-12-09,23.67,23.91,24.18,23.5,23.67,5253.0,12568400.0,23.45,23.33,23.951,24.21,24.61,49.55,-0.32,-0.34,0.02,阿科力,化学原料和化学制品制造业,主板,23.530000000000022,23.278750000000013,23.462499999999977,23.756875,24.239574468085095
603722,2019-12-10,24.1,24.07,24.33,23.94,23.91,9413.79,22767500.0,23.64,23.36,23.916,24.16,24.58,51.44,-0.26,-0.32,0.06,阿科力,化学原料和化学制品制造业,主板,23.800000000000022,23.400000000000013,23.42416666666664,23.740000000000002,24.23191489361701
603722,2019-12-11,24.85,25.71,26.1,24.66,24.07,34223.2,87273800.0,24.18,23.6,23.945,24.17,24.59,65.64,-0.08,-0.27,0.19,阿科力,化学原料和化学制品制造业,主板,24.34000000000002,23.747500000000013,23.58916666666664,23.790625000000002,24.276808510638286
603722,2019-12-12,25.4,26.35,27.4,25.03,25.71,41270.2,107464000.0,24.74,23.93,24.0165,24.19,24.6,69.4,0.12,-0.19,0.31,阿科力,化学原料和化学制品制造业,主板,25.010000000000023,24.170000000000012,23.804166666666642,23.873125,24.332127659574457
603722,2019-12-13,26.52,26.18,27.08,26.08,26.35,39495.9,104529000.0,25.24,24.25,24.121000000000002,24.24,24.62,67.29,0.26,-0.1,0.36,阿科力,化学原料和化学制品制造业,主板,25.577500000000022,24.553750000000015,24.044999999999973,23.99125,24.375531914893603
603722,2019-12-16,26.4,28.8,28.8,26.26,26.18,85705.0,240868000.0,26.22,24.83,24.344,24.38,24.67,78.25,0.57,0.03,0.54,阿科力,化学原料和化学制品制造业,主板,26.760000000000026,25.280000000000015,24.51999999999997,24.258125,24.472765957446793
603722,2019-12-17,28.86,29.07,30.24,28.3,28.8,72787.5,211448000.0,27.22,25.43,24.552500000000002,24.55,24.71,79.03,0.83,0.19,0.64,阿科力,化学原料和化学制品制造业,主板,27.600000000000023,25.970000000000013,25.031666666666638,24.591874999999998,24.58042553191488
603722,2019-12-18,29.2,30.36,31.54,29.2,29.07,82594.0,250940000.0,28.15,26.17,24.819000000000006,24.75,24.76,82.29,1.12,0.38,0.74,阿科力,化学原料和化学制品制造业,主板,28.602500000000028,26.806250000000013,25.64749999999997,25.00375,24.70957446808509
603722,2019-12-19,30.4,31.38,32.0,30.03,30.36,62933.1,196202000.0,29.16,26.95,25.173500000000004,24.98,24.83,84.37,1.43,0.59,0.84,阿科力,化学原料和化学制品制造业,主板,29.902500000000025,27.740000000000013,26.336666666666634,25.509375,24.8759574468085
603722,2019-12-20,30.88,34.52,34.52,30.65,31.38,122384.0,410903000.0,30.83,28.04,25.67300000000001,25.31,24.96,88.74,1.9,0.85,1.05,阿科力,化学原料和化学制品制造业,主板,31.332500000000028,29.046250000000015,27.297499999999967,26.223124999999996,25.114893617021263
603722,2019-12-23,33.5,31.07,33.6,31.07,34.52,84378.7,267107000.0,31.28,28.75,26.04000000000001,25.55,25.04,66.68,1.97,1.07,0.9,阿科力,化学原料和化学制品制造业,主板,31.83250000000003,29.716250000000013,27.924166666666633,26.731874999999995,25.283191489361688
603722,2019-12-24,31.0,30.92,31.21,29.6,31.07,47976.2,146030000.0,31.65,29.44,26.397500000000008,25.76,25.13,65.91,1.99,1.26,0.73,阿科力,化学原料和化学制品制造业,主板,31.97250000000003,30.287500000000012,28.528333333333297,27.228749999999998,25.425957446808496
603722,2019-12-25,30.45,31.91,33.08,30.4,30.92,56410.8,179932000.0,31.96,30.06,26.82850000000001,25.98,25.23,68.49,2.07,1.42,0.65,阿科力,化学原料和化学制品制造业,主板,32.10500000000003,31.00375000000001,29.194999999999965,27.77875,25.59851063829786
603722,2019-12-26,31.68,31.96,32.42,31.12,31.91,23982.1,76533200.0,32.08,30.62,27.27150000000001,26.22,25.36,68.62,2.1,1.56,0.54,阿科力,化学原料和化学制品制造业,主板,31.465000000000032,31.398750000000007,29.852499999999964,28.339374999999997,25.747659574468074
603722,2019-12-27,31.68,31.99,33.38,31.58,31.96,41637.2,134816000.0,31.57,31.2,27.724500000000013,26.48,25.49,68.7,2.11,1.67,0.44,阿科力,化学原料和化学制品制造业,主板,31.695000000000036,31.76375000000001,30.3758333333333,28.866874999999997,25.891702127659563
603722,2019-12-30,32.5,30.81,32.86,30.0,31.99,39142.8,121962000.0,31.52,31.4,28.11650000000001,26.7,25.61,61.79,2.0,1.73,0.27,阿科力,化学原料和化学制品制造业,主板,31.667500000000036,31.820000000000007,30.747499999999963,29.313124999999996,26.006808510638283
603722,2019-12-31,31.55,31.4,32.52,31.0,30.81,46848.0,148818000.0,31.61,31.63,28.531000000000006,26.91,25.73,63.75,1.94,1.77,0.17,阿科力,化学原料和化学制品制造业,主板,31.540000000000035,31.822500000000005,31.182499999999962,29.781249999999993,26.13574468085105
603722,2020-01-02,31.43,33.1,33.22,31.12,31.4,50759.1,164090000.0,31.85,31.91,29.036500000000007,27.18,25.88,68.74,2.0,1.82,0.18,阿科力,化学原料和化学制品制造业,主板,31.82500000000003,31.645000000000007,31.540833333333296,30.345624999999995,26.295106382978712
603722,2020-01-03,33.11,32.25,33.4,31.88,33.1,41196.9,133338000.0,31.91,31.99,29.47150000000001,27.45,26.02,64.0,1.96,1.85,0.11,阿科力,化学原料和化学制品制造业,主板,31.890000000000033,31.79250000000001,31.805833333333297,30.754375,26.440851063829772
603722,2020-01-06,31.36,32.1,32.46,30.99,32.25,30626.3,97284600.0,31.93,31.75,29.89300000000001,27.7,26.15,63.17,1.89,1.86,0.03,阿科力,化学原料和化学制品制造业,主板,32.212500000000034,31.940000000000012,31.950833333333296,31.113749999999996,26.577446808510622
603722,2020-01-07,32.11,34.1,34.88,32.1,32.1,52351.0,176981000.0,32.59,32.05,30.402500000000014,28.04,26.31,68.94,1.98,1.88,0.1,阿科力,化学原料和化学制品制造业,主板,32.88750000000003,32.21375000000001,32.17749999999997,31.608749999999997,26.760638297872323
603722,2020-01-08,34.1,32.68,34.11,32.37,34.1,31180.0,103743000.0,32.85,32.23,30.83300000000001,28.34,26.47,61.57,1.91,1.89,0.02,阿科力,化学原料和化学制品制造业,主板,32.782500000000034,32.303750000000015,32.02416666666664,31.851249999999997,26.928085106382962
603722,2020-01-09,33.11,35.22,35.91,33.11,32.68,57597.5,199498000.0,33.27,32.56,31.30850000000001,28.74,26.67,68.13,2.04,1.92,0.12,阿科力,化学原料和化学制品制造业,主板,33.525000000000034,32.70750000000001,32.36999999999997,32.23562499999999,27.155744680851047
603722,2020-01-10,35.8,38.07,38.73,34.2,35.22,48401.2,177079000.0,34.43,33.17,31.89450000000001,29.24,26.91,73.58,2.34,2.0,0.34,阿科力,化学原料和化学制品制造业,主板,35.017500000000034,33.61500000000001,32.9658333333333,32.717499999999994,27.451276595744663
603722,2020-01-13,37.45,37.9,38.69,37.01,38.07,33281.2,125602000.0,35.59,33.76,32.48050000000001,29.74,27.14,72.78,2.54,2.11,0.43,阿科力,化学原料和化学制品制造业,主板,35.96750000000004,34.42750000000001,33.46499999999997,33.12499999999999,27.743191489361685
603722,2020-01-14,37.9,36.59,38.39,36.3,37.9,26976.8,99765200.0,36.09,34.34,32.87000000000002,30.19,27.36,66.76,2.57,2.2,0.37,阿科力,化学原料和化学制品制造业,主板,36.945000000000036,34.86375000000001,33.850833333333306,33.254374999999996,27.99829787234041
603722,2020-01-15,36.58,36.03,36.59,35.0,36.59,17312.5,62198500.0,36.76,34.8,33.21800000000001,30.62,27.54,64.31,2.5,2.26,0.24,阿科力,化学原料和化学制品制造业,主板,37.147500000000036,35.33625000000001,34.18749999999997,33.56437499999999,28.245531914893597
603722,2020-01-16,35.72,36.46,36.68,35.2,36.03,21522.0,77573400.0,37.01,35.14,33.52300000000001,31.07,27.73,65.36,2.46,2.3,0.16,阿科力,化学原料和化学制品制造业,主板,36.74500000000004,35.88125,34.6583333333333,33.910624999999996,28.511063829787215
603722,2020-01-17,36.5,35.78,36.76,35.7,36.46,13087.0,47227400.0,36.55,35.49,33.74300000000001,31.48,27.9,62.24,2.35,2.31,0.04,阿科力,化学原料和化学制品制造业,主板,36.21500000000004,36.09125,35.023333333333305,34.152499999999996,28.74531914893615
603722,2020-01-20,34.5,35.45,36.3,34.5,35.78,19156.0,68289400.0,36.06,35.83,33.78950000000002,31.87,28.07,60.73,2.21,2.29,-0.08,阿科力,化学原料和化学制品制造业,主板,35.93000000000004,36.4375,35.21916666666663,34.370625,28.964893617021254
603722,2020-01-21,35.17,34.68,35.98,34.65,35.45,13000.0,45598000.0,35.68,35.89,33.97000000000001,32.23,28.22,57.22,2.02,2.24,-0.22,阿科力,化学原料和化学制品制造业,主板,35.592500000000044,36.370000000000005,35.42166666666663,34.53874999999999,29.17255319148934
603722,2020-01-22,34.71,36.0,36.6,33.7,34.68,19926.8,71266800.0,35.67,36.22,34.22400000000001,32.63,28.4,61.34,1.95,2.18,-0.23,阿科力,化学原料和化学制品制造业,主板,35.47750000000004,36.111250000000005,35.746666666666634,34.863125,29.42595744680849
603722,2020-01-23,35.5,34.2,36.9,33.7,36.0,18914.6,66176800.0,35.22,36.12,34.33850000000002,32.91,28.54,53.75,1.72,2.09,-0.37,阿科力,化学原料和化学制品制造业,主板,35.082500000000046,35.64875000000001,35.75499999999996,35.038125,29.635744680851047
603722,2020-02-03,30.79,30.78,31.08,30.78,34.2,20267.0,62401300.0,34.22,35.39,34.27950000000001,33.06,28.63,42.88,1.25,1.92,-0.67,阿科力,化学原料和化学制品制造业,主板,33.91500000000005,34.9225,35.59666666666663,34.893125,29.76085106382977
603722,2020-02-04,29.58,32.8,32.9,29.58,30.78,28441.5,90248200.0,33.69,34.88,34.32000000000001,33.28,28.76,49.39,1.04,1.74,-0.7,阿科力,化学原料和化学制品制造业,主板,33.44500000000005,34.51875,35.39499999999996,34.927499999999995,29.92617021276594
603722,2020-02-05,32.34,32.05,33.88,31.5,32.8,23584.5,76840500.0,33.17,34.42,34.38200000000001,33.39,28.89,47.24,0.8,1.56,-0.76,阿科力,化学原料和化学制品制造业,主板,32.45750000000005,33.9675,34.893333333333295,34.92437499999999,30.09127659574466
603722,2020-02-06,31.6,35.26,35.26,31.57,32.05,35540.6,120627000.0,33.02,34.35,34.57500000000001,33.59,29.07,56.06,0.85,1.41,-0.56,阿科力,化学原料和化学制品制造业,主板,32.72250000000005,33.9025,34.6733333333333,34.99687499999999,30.319574468085086
603722,2020-02-07,35.79,34.25,35.79,33.7,35.26,23618.9,80920600.0,33.03,34.12,34.63250000000001,33.72,29.24,53.05,0.8,1.29,-0.49,阿科力,化学原料和化学制品制造业,主板,33.59000000000005,33.752500000000005,34.478333333333296,35.09499999999999,30.54340425531913
603722,2020-02-10,34.21,33.59,34.4,33.06,34.25,17095.1,57395300.0,33.59,33.91,34.699500000000015,33.8,29.39,51.13,0.71,1.18,-0.47,阿科力,化学原料和化学制品制造业,主板,33.78750000000005,33.61625,34.27499999999997,34.99312499999999,30.752340425531894
603722,2020-02-11,33.6,33.71,34.0,32.53,33.59,15253.4,50757000.0,33.77,33.73,34.780000000000015,33.77,29.54,51.47,0.63,1.07,-0.44,阿科力,化学原料和化学制品制造业,主板,34.20250000000006,33.33,34.0458333333333,34.72062499999999,30.97404255319147
603722,2020-02-12,33.69,34.28,34.73,33.1,33.71,27895.7,94952700.0,34.22,33.69,34.78900000000001,33.88,29.71,53.16,0.61,0.97,-0.36,阿科力,化学原料和化学制品制造业,主板,33.95750000000006,33.339999999999996,33.9208333333333,34.49437499999999,31.211914893617003
603722,2020-02-13,34.46,34.76,35.29,33.1,34.28,33067.2,113640000.0,34.12,33.57,34.893000000000015,34.01,29.88,54.6,0.62,0.9,-0.28,阿科力,化学原料和化学制品制造业,主板,34.08500000000006,33.83749999999999,33.8633333333333,34.37999999999999,31.463617021276576
603722,2020-02-14,34.6,33.86,34.65,33.6,34.76,23753.0,80779500.0,34.04,33.53,34.82500000000001,34.07,30.03,51.42,0.56,0.84,-0.28,阿科力,化学原料和化学制品制造业,主板,34.15250000000005,33.96999999999999,33.794999999999966,34.24437499999999,31.695319148936147
603722,2020-02-17,33.86,35.32,35.48,33.4,33.86,27201.6,93786900.0,34.39,33.99,34.687500000000014,34.18,30.2,55.91,0.61,0.79,-0.18,阿科力,化学原料和化学制品制造业,主板,34.55500000000005,34.37874999999999,33.7383333333333,34.17312499999999,31.955106382978702
603722,2020-02-18,35.19,36.69,36.98,34.7,35.32,40690.6,146034000.0,34.98,34.38,34.62700000000002,34.34,30.41,59.68,0.76,0.78,-0.02,阿科力,化学原料和化学制品制造业,主板,35.15750000000005,34.55749999999999,33.945833333333304,34.22999999999999,32.24659574468083
603722,2020-02-19,36.04,38.03,39.0,35.8,36.69,37635.2,139670000.0,35.73,34.98,34.69900000000001,34.58,30.64,63.01,0.97,0.82,0.15,阿科力,化学原料和化学制品制造业,主板,35.97500000000005,35.02999999999999,34.549999999999976,34.391249999999985,32.55468085106381
603722,2020-02-20,38.0,37.99,38.74,37.01,38.03,29864.4,113337000.0,36.38,35.25,34.79700000000001,34.8,30.86,62.84,1.13,0.88,0.25,阿科力,化学原料和化学制品制造业,主板,37.00750000000005,35.579999999999984,34.98249999999997,34.59812499999999,32.859361702127636
603722,2020-02-21,37.99,38.08,38.59,37.46,37.99,22536.9,85479500.0,37.22,35.63,34.878000000000014,34.97,31.07,63.08,1.24,0.95,0.29,阿科力,化学原料和化学制品制造业,主板,37.69750000000005,36.126249999999985,35.48499999999997,34.72812499999999,33.16085106382976
603722,2020-02-24,38.14,38.32,38.91,37.71,38.08,27945.0,107361000.0,37.82,36.1,35.00500000000002,35.17,31.31,63.74,1.34,1.03,0.31,阿科力,化学原料和化学制品制造业,主板,38.10500000000005,36.63124999999998,35.739999999999974,34.98562499999999,33.46404255319146
603722,2020-02-25,37.18,39.7,39.98,35.26,38.32,40729.5,154693000.0,38.42,36.7,35.217500000000015,35.42,31.56,67.38,1.51,1.13,0.38,阿科力,化学原料和化学制品制造业,主板,38.52250000000004,37.24874999999998,36.19416666666664,35.543124999999996,33.76170212765955
603722,2020-02-26,39.52,43.0,43.67,39.0,39.7,67590.6,289999000.0,39.42,37.58,35.63350000000002,35.72,31.88,74.07,1.88,1.28,0.6,阿科力,化学原料和化学制品制造业,主板,39.77500000000004,38.39124999999998,36.9783333333333,36.180625,34.11595744680849
603722,2020-02-27,43.02,39.3,43.8,38.7,43.0,53323.1,214411000.0,39.68,38.03,35.79850000000002,35.94,32.14,59.37,1.86,1.39,0.47,阿科力,化学原料和化学制品制造业,主板,40.08000000000004,38.88874999999998,37.44416666666664,36.63375,34.395106382978696
603722,2020-02-28,37.2,35.37,37.8,35.37,39.3,43990.4,157374000.0,39.14,38.18,35.85700000000001,35.94,32.34,48.38,1.51,1.42,0.09,阿科力,化学原料和化学制品制造业,主板,39.342500000000044,38.72374999999998,37.534999999999975,36.640625,34.53489361702125
603722,2020-03-02,35.38,35.78,36.54,34.6,35.37,26391.5,93754400.0,38.63,38.23,36.10700000000001,35.87,32.55,49.43,1.26,1.39,-0.13,阿科力,化学原料和化学制品制造业,主板,38.36250000000004,38.44249999999998,37.619999999999976,36.73625,34.67765957446806
603722,2020-03-03,36.0,35.91,37.45,35.8,35.78,20792.5,76218400.0,37.87,38.15,36.26250000000002,35.8,32.77,49.78,1.05,1.32,-0.27,阿科力,化学原料和化学制品制造业,主板,36.59000000000004,38.182499999999976,37.7908333333333,36.881249999999994,34.795744680851044
603722,2020-03-04,35.44,35.76,36.19,34.78,35.91,14158.0,50351600.0,36.42,37.92,36.44800000000002,35.77,32.98,49.36,0.86,1.23,-0.37,阿科力,化学原料和化学制品制造业,主板,35.70500000000004,37.89249999999998,37.82749999999997,37.00937499999999,34.888936170212745
603722,2020-03-05,35.82,36.03,36.32,35.59,35.76,14241.2,51153000.0,35.77,37.72,36.48650000000002,35.77,33.2,50.18,0.72,1.13,-0.41,阿科力,化学原料和化学制品制造业,主板,35.87000000000004,37.60624999999998,37.77249999999997,37.11874999999999,34.92106382978721
603722,2020-03-06,35.91,36.39,36.7,35.41,36.03,13559.0,49132400.0,35.97,37.56,36.59350000000002,35.77,33.42,51.31,0.65,1.03,-0.38,阿科力,化学原料和化学制品制造业,主板,36.02250000000004,37.19249999999998,37.6358333333333,37.22062499999999,35.03425531914891
603722,2020-03-09,35.87,33.55,36.28,33.55,36.39,16190.1,56457700.0,35.53,37.08,36.59150000000001,35.7,33.59,43.0,0.34,0.89,-0.55,阿科力,化学原料和化学制品制造业,主板,35.43250000000004,36.01124999999998,37.265833333333305,37.20124999999999,35.090212765957425
603722,2020-03-10,33.3,34.49,34.66,32.22,33.55,13767.6,46457900.0,35.24,36.56,36.63050000000001,35.66,33.77,46.11,0.18,0.75,-0.57,阿科力,化学原料和化学制品制造业,主板,35.115000000000045,35.40999999999998,36.96666666666664,37.149374999999985,35.145106382978696
603722,2020-03-11,35.44,32.99,35.44,32.55,34.49,25596.0,85966900.0,34.69,35.56,36.56600000000002,35.61,33.92,42.15,-0.08,0.58,-0.66,阿科力,化学原料和化学制品制造业,主板,34.35500000000005,35.11249999999998,36.52249999999997,36.91812499999999,35.16702127659572
603722,2020-03-12,32.8,30.55,32.8,30.4,32.99,31969.7,99439400.0,33.59,34.68,36.35550000000001,35.43,34.03,36.65,-0.46,0.38,-0.84,阿科力,化学原料和化学制品制造业,主板,32.89500000000005,34.45874999999998,35.75999999999998,36.45062499999999,35.136382978723375
603722,2020-03-13,29.17,29.23,30.48,28.3,30.55,47583.8,138911000.0,32.16,34.07,36.12400000000001,35.26,34.09,34.05,-0.87,0.13,-1.0,阿科力,化学原料和化学制品制造业,主板,31.81500000000005,33.62374999999999,34.612499999999976,35.90312499999999,35.102765957446785
603722,2020-03-16,30.0,26.92,30.49,26.59,29.23,31101.5,87863400.0,30.84,33.18,35.70400000000001,35.13,34.1,30.05,-1.36,-0.17,-1.19,阿科力,化学原料和化学制品制造业,主板,29.92250000000005,32.51874999999999,33.58083333333331,35.20562499999998,35.007446808510615
603722,2020-03-17,27.77,27.45,28.24,26.31,26.92,23715.3,65260600.0,29.43,32.34,35.242000000000004,34.95,34.12,32.02,-1.69,-0.47,-1.22,阿科力,化学原料和化学制品制造业,主板,28.537500000000044,31.44624999999999,32.92083333333331,34.52624999999998,34.88723404255317
603722,2020-03-18,26.38,27.52,29.15,26.38,27.45,29275.8,83059500.0,28.33,31.51,34.71650000000001,34.8,34.1,32.29,-1.91,-0.76,-1.15,阿科力,化学原料和化学制品制造业,主板,27.780000000000047,30.33749999999999,32.23249999999998,33.76499999999998,34.78659574468083
603722,2020-03-19,27.25,28.05,28.19,27.2,27.52,20577.8,57071100.0,27.83,30.71,34.219500000000004,34.56,34.08,34.43,-2.03,-1.02,-1.01,阿科力,化学原料和化学制品制造业,主板,27.485000000000046,29.64999999999999,31.577499999999976,32.830624999999976,34.700425531914874
603722,2020-03-20,28.48,27.84,28.88,27.55,28.05,15311.0,42787000.0,27.56,29.86,33.7075,34.35,34.04,33.98,-2.12,-1.24,-0.88,阿科力,化学原料和化学制品制造业,主板,27.715000000000042,28.818749999999987,30.917499999999976,32.11437499999998,34.56723404255317
603722,2020-03-23,27.54,26.44,27.73,26.33,27.84,13996.0,37796500.0,27.46,29.15,33.1135,34.11,33.95,31.01,-2.27,-1.44,-0.83,阿科力,化学原料和化学制品制造业,主板,27.462500000000045,27.999999999999986,30.11833333333331,31.556249999999984,34.43446808510636
603722,2020-03-24,27.0,27.3,27.3,25.82,26.44,12425.0,33259200.0,27.43,28.43,32.4935,33.9,33.83,34.78,-2.3,-1.61,-0.69,阿科力,化学原料和化学制品制造业,主板,27.407500000000045,27.593749999999986,29.360833333333314,31.026249999999983,34.265957446808486
603722,2020-03-25,27.83,27.7,28.0,27.4,27.3,16215.5,44968400.0,27.47,27.9,31.728500000000004,33.68,33.78,36.51,-2.27,-1.75,-0.52,阿科力,化学原料和化学制品制造业,主板,27.320000000000046,27.402499999999986,28.87333333333331,30.513124999999988,34.04531914893615
603722,2020-03-26,27.9,27.25,27.9,26.77,27.7,10285.0,27973000.0,27.31,27.57,31.126000000000005,33.43,33.72,35.37,-2.24,-1.84,-0.4,阿科力,化学原料和化学制品制造业,主板,27.17250000000005,27.443749999999987,28.26999999999998,29.98124999999999,33.818723404255294
603722,2020-03-27,27.28,27.42,27.85,27.13,27.25,14268.5,39086400.0,27.22,27.39,30.728500000000004,33.21,33.64,36.18,-2.19,-1.91,-0.28,阿科力,化学原料和化学制品制造业,主板,27.417500000000047,27.43999999999999,27.80583333333331,29.443124999999988,33.62361702127657
603722,2020-03-30,26.9,26.24,27.41,24.99,27.42,23577.0,61362700.0,27.18,27.32,30.251500000000004,32.91,33.55,33.08,-2.22,-1.97,-0.25,阿科力,化学原料和化学制品制造业,主板,27.15250000000005,27.27999999999999,27.446666666666644,28.80874999999999,33.41531914893615
603722,2020-03-31,26.68,27.32,28.3,26.68,26.24,28656.5,78997600.0,27.19,27.31,29.82200000000001,32.6,33.47,38.29,-2.13,-2.01,-0.12,阿科力,化学原料和化学制品制造业,主板,27.05750000000005,27.188749999999988,27.287499999999977,28.419374999999988,33.22085106382976
603722,2020-04-01,26.59,26.86,27.66,26.38,27.32,20668.0,55855100.0,27.02,27.24,29.37700000000001,32.22,33.4,36.97,-2.07,-2.02,-0.05,阿科力,化学原料和化学制品制造业,主板,26.96000000000005,27.066249999999986,27.282499999999974,27.94249999999999,33.03106382978721
603722,2020-04-02,26.63,27.55,27.55,26.17,26.86,18317.5,49288200.0,27.08,27.19,28.95300000000001,31.88,33.34,40.3,-1.94,-2.0,0.06,阿科力,化学原料和化学制品制造业,主板,26.992500000000053,27.204999999999988,27.29083333333331,27.60249999999999,32.86297872340423
603722,2020-04-03,27.53,27.6,28.0,27.05,27.55,19839.5,54535500.0,27.11,27.17,28.51350000000001,31.53,33.25,40.54,-1.82,-1.97,0.15,阿科力,化学原料和化学制品制造业,主板,27.332500000000056,27.242499999999986,27.29749999999998,27.41812499999999,32.712340425531885
603722,2020-04-07,27.95,28.65,28.87,27.71,27.6,45502.5,129132000.0,27.6,27.39,28.26850000000001,31.21,33.19,45.59,-1.62,-1.9,0.28,阿科力,化学原料和化学制品制造业,主板,27.665000000000056,27.361249999999988,27.34749999999998,27.381874999999987,32.555957446808485
603722,2020-04-08,28.43,28.34,28.44,28.04,28.65,16738.8,47277700.0,27.8,27.49,27.961000000000013,30.83,33.12,44.39,-1.47,-1.81,0.34,阿科力,化学原料和化学制品制造业,主板,28.035000000000057,27.497499999999988,27.389166666666643,27.470624999999984,32.43127659574465
603722,2020-04-09,28.34,28.23,28.97,28.08,28.34,20055.8,56945900.0,28.07,27.55,27.723000000000013,30.33,33.03,43.95,-1.34,-1.72,0.38,阿科力,化学原料和化学制品制造业,主板,28.20500000000006,27.59874999999999,27.538333333333313,27.519374999999986,32.37702127659572
603722,2020-04-10,28.18,27.48,28.37,27.15,28.23,21062.5,58012700.0,28.06,27.57,27.569500000000016,29.94,32.94,40.96,-1.29,-1.63,0.34,阿科力,化学原料和化学制品制造业,主板,28.17500000000006,27.753749999999986,27.553333333333313,27.516874999999988,32.263829787234016
603722,2020-04-13,27.42,26.47,27.42,26.37,27.48,13492.5,35872100.0,27.83,27.47,27.431500000000018,29.64,32.79,37.28,-1.31,-1.57,0.26,阿科力,化学原料和化学制品制造业,主板,27.63000000000006,27.647499999999987,27.450833333333318,27.418124999999986,32.145106382978696
603722,2020-04-14,26.85,27.92,27.98,26.2,26.47,18765.0,51245200.0,27.69,27.64,27.48150000000002,29.38,32.62,44.93,-1.19,-1.49,0.3,阿科力,化学原料和化学制品制造业,主板,27.525000000000055,27.779999999999987,27.50666666666665,27.423124999999988,31.988936170212742
603722,2020-04-15,27.91,27.64,28.46,27.55,27.92,16550.0,46301400.0,27.55,27.67,27.491000000000014,29.11,32.45,43.82,-1.12,-1.42,0.3,阿科力,化学原料和化学制品制造业,主板,27.377500000000058,27.791249999999984,27.52499999999998,27.498124999999987,31.848297872340403
603722,2020-04-16,28.09,27.5,28.11,27.0,27.64,14536.0,39906800.0,27.4,27.74,27.490000000000016,28.83,32.3,43.24,-1.06,-1.35,0.29,阿科力,化学原料和化学制品制造业,主板,27.382500000000054,27.778749999999985,27.62999999999998,27.510624999999987,31.7187234042553
603722,2020-04-17,27.59,27.44,27.97,27.44,27.5,14602.0,40382700.0,27.39,27.73,27.45950000000002,28.54,32.16,42.98,-1.0,-1.28,0.28,阿科力,化学原料和化学制品制造业,主板,27.625000000000057,27.627499999999984,27.639999999999983,27.494374999999987,31.58531914893615
603722,2020-04-20,27.44,28.02,28.02,27.37,27.44,12583.0,35005200.0,27.7,27.77,27.468500000000017,28.27,32.02,46.35,-0.89,-1.2,0.31,阿科力,化学原料和化学制品制造业,主板,27.65000000000006,27.587499999999984,27.736666666666647,27.542499999999986,31.452127659574447
603722,2020-04-21,27.7,27.83,27.86,27.27,28.02,8322.0,22956400.0,27.69,27.69,27.538000000000018,28.07,31.89,45.4,-0.82,-1.12,0.3,阿科力,化学原料和化学制品制造业,主板,27.69750000000006,27.537499999999984,27.759999999999977,27.568124999999984,31.30468085106381
603722,2020-04-22,27.8,27.56,27.8,27.2,27.83,13204.0,36205300.0,27.67,27.61,27.551000000000016,27.84,31.75,44.03,-0.77,-1.05,0.28,阿科力,化学原料和化学制品制造业,主板,27.712500000000055,27.547499999999985,27.756666666666643,27.650624999999984,31.17063829787232
603722,2020-04-23,27.59,28.32,28.55,27.41,27.56,21314.0,59784000.0,27.83,27.62,27.582000000000015,27.69,31.65,48.73,-0.67,-0.98,0.31,阿科力,化学原料和化学制品制造业,主板,27.932500000000054,27.778749999999985,27.729166666666643,27.713124999999984,31.021702127659555
603722,2020-04-24,28.33,28.56,29.08,27.46,28.32,23915.5,67329700.0,28.06,27.73,27.647500000000015,27.62,31.52,50.16,-0.55,-0.89,0.34,阿科力,化学原料和化学制品制造业,主板,28.067500000000056,27.858749999999986,27.747499999999977,27.819374999999983,30.848723404255296
603722,2020-04-27,28.57,26.99,28.82,26.68,28.56,32710.0,89302900.0,27.85,27.78,27.626000000000015,27.55,31.4,41.94,-0.58,-0.83,0.25,阿科力,化学原料和化学制品制造业,主板,27.857500000000055,27.77749999999999,27.644166666666646,27.784374999999983,30.61382978723402
603722,2020-04-28,26.82,25.6,27.08,25.03,26.99,21474.5,55620900.0,27.41,27.55,27.594000000000015,27.5,31.32,36.28,-0.72,-0.81,0.09,阿科力,化学原料和化学制品制造业,主板,27.367500000000057,27.53999999999999,27.48749999999998,27.659374999999983,30.350212765957423
603722,2020-04-29,25.41,25.29,25.88,25.21,25.6,10357.0,26490400.0,26.95,27.31,27.492500000000014,27.43,31.19,35.14,-0.84,-0.81,-0.03,阿科力,化学原料和化学制品制造业,主板,26.610000000000056,27.271249999999988,27.389166666666643,27.449374999999986,30.078085106382957
603722,2020-04-30,25.58,26.03,26.33,25.58,25.29,13633.5,35453200.0,26.49,27.16,27.45100000000001,27.38,31.09,39.99,-0.87,-0.82,-0.05,阿科力,化学原料和化学制品制造业,主板,25.977500000000056,27.022499999999987,27.23166666666664,27.30499999999999,29.81659574468083
603722,2020-05-06,25.74,27.07,27.17,25.69,26.03,16076.8,42821100.0,26.2,27.13,27.427000000000014,27.35,30.96,46.08,-0.79,-0.82,0.03,阿科力,化学原料和化学制品制造业,主板,25.997500000000056,26.927499999999988,27.18416666666664,27.232499999999987,29.547872340425506
603722,2020-05-07,27.58,27.11,27.75,26.81,27.07,12324.5,33429000.0,26.22,27.04,27.402500000000014,27.32,30.84,46.31,-0.71,-0.8,0.09,阿科力,化学原料和化学制品制造业,主板,26.375000000000057,26.87124999999999,27.151666666666642,27.209374999999987,29.209787234042526
603722,2020-05-08,27.7,27.2,27.7,27.17,27.11,12354.5,33808400.0,26.54,26.97,27.33000000000002,27.35,30.73,46.85,-0.65,-0.77,0.12,阿科力,化学原料和化学制品制造业,主板,26.852500000000056,26.73124999999999,27.131666666666643,27.25499999999999,28.95234042553189
603722,2020-05-11,27.5,27.69,28.37,27.2,27.2,17400.5,48215700.0,27.02,26.99,27.29750000000002,27.36,30.63,49.81,-0.55,-0.72,0.17,阿科力,化学原料和化学制品制造业,主板,27.267500000000055,26.622499999999988,27.104166666666643,27.240624999999987,28.788936170212747
603722,2020-05-12,27.4,27.4,27.87,27.01,27.69,10036.0,27457900.0,27.29,26.89,27.256000000000018,27.35,30.52,48.1,-0.49,-0.68,0.19,阿科力,化学原料和化学制品制造业,主板,27.35000000000006,26.673749999999988,27.06833333333331,27.225624999999987,28.61063829787232
603722,2020-05-13,27.6,28.36,28.69,27.32,27.4,17672.0,49522700.0,27.55,26.87,27.30000000000002,27.39,30.41,53.75,-0.35,-0.61,0.26,阿科力,化学原料和化学制品制造业,主板,27.662500000000055,27.018749999999986,27.134999999999977,27.279374999999987,28.449999999999978
603722,2020-05-14,28.08,28.2,28.95,28.08,28.36,17265.0,49020200.0,27.77,26.99,27.38650000000002,27.42,30.31,52.72,-0.26,-0.54,0.28,阿科力,化学原料和化学制品制造业,主板,27.912500000000055,27.382499999999986,27.124999999999975,27.326874999999987,28.289148936170193
603722,2020-05-15,28.25,28.03,28.68,28.01,28.2,12620.0,35701400.0,27.94,27.24,27.392000000000017,27.48,30.19,51.59,-0.2,-0.47,0.27,阿科力,化学原料和化学制品制造业,主板,27.99750000000006,27.632499999999986,27.080833333333313,27.327499999999986,28.118936170212745
603722,2020-05-18,28.58,27.8,28.58,27.45,28.03,14009.0,38897800.0,27.96,27.49,27.400000000000016,27.49,30.04,50.03,-0.16,-0.41,0.25,阿科力,化学原料和化学制品制造业,主板,28.09750000000006,27.72374999999999,27.148333333333312,27.325624999999988,27.936170212765933
603722,2020-05-19,27.9,28.29,28.33,27.8,27.8,15070.0,42362700.0,28.14,27.71,27.439500000000017,27.54,29.88,53.28,-0.09,-0.35,0.26,阿科力,化学原料和化学制品制造业,主板,28.08000000000006,27.87124999999999,27.372499999999977,27.37124999999999,27.82425531914891
603722,2020-05-20,28.33,31.12,31.12,28.2,28.29,25369.0,76618300.0,28.69,28.12,27.623500000000014,27.66,29.77,66.73,0.18,-0.24,0.42,阿科力,化学原料和化学制品制造业,主板,28.810000000000056,28.36124999999999,27.85833333333331,27.54624999999999,27.752553191489334
603722,2020-05-21,32.88,30.22,33.45,29.6,31.12,67476.3,212947000.0,29.09,28.43,27.733500000000014,27.75,29.64,60.74,0.33,-0.13,0.46,阿科力,化学原料和化学制品制造业,主板,29.35750000000005,28.677499999999988,28.207499999999982,27.649999999999988,27.69361702127657
603722,2020-05-22,29.8,28.85,30.8,28.61,30.22,35623.0,104762000.0,29.26,28.6,27.784500000000016,27.75,29.48,52.95,0.33,-0.04,0.37,阿科力,化学原料和化学制品制造业,主板,29.62000000000005,28.85874999999999,28.35583333333332,27.76624999999999,27.65744680851061
603722,2020-05-25,28.2,27.65,28.45,27.65,28.85,24243.0,67850800.0,29.23,28.59,27.789000000000016,27.73,29.28,47.23,0.23,0.02,0.21,阿科力,化学原料和化学制品制造业,主板,29.46000000000005,28.76999999999999,28.400833333333313,27.894374999999986,27.623829787234015
603722,2020-05-26,27.9,28.19,28.26,27.22,27.65,19795.5,55224300.0,29.21,28.67,27.782500000000017,27.73,29.03,49.86,0.19,0.05,0.14,阿科力,化学原料和化学制品制造业,主板,28.72750000000005,28.76874999999999,28.483333333333317,28.075624999999985,27.650851063829762
603722,2020-05-27,28.0,28.46,28.61,27.88,28.19,24579.3,69492300.0,28.67,28.68,27.77750000000002,27.76,28.85,51.16,0.18,0.08,0.1,阿科力,化学原料和化学制品制造业,主板,28.28750000000005,28.822499999999987,28.54749999999998,28.227499999999985,27.67234042553189
603722,2020-05-28,28.19,27.68,28.72,27.44,28.46,18620.0,51885600.0,28.17,28.63,27.81200000000002,27.8,28.72,47.32,0.11,0.08,0.03,阿科力,化学原料和化学制品制造业,主板,27.995000000000054,28.807499999999983,28.570833333333315,28.265624999999986,27.67574468085104
603722,2020-05-29,27.61,27.71,27.95,27.4,27.68,12436.5,34402900.0,27.94,28.6,27.917500000000018,27.79,28.59,47.49,0.06,0.08,-0.02,阿科力,化学原料和化学制品制造业,主板,28.010000000000055,28.73499999999998,28.516666666666648,28.303124999999984,27.66851063829785
603722,2020-06-01,27.85,28.43,28.49,27.73,27.71,16389.0,46371600.0,28.09,28.66,28.074500000000018,27.82,28.46,51.38,0.07,0.08,-0.01,阿科力,化学原料和化学制品制造业,主板,28.070000000000057,28.39874999999998,28.535833333333315,28.379999999999985,27.681063829787213
603722,2020-06-02,28.52,29.58,30.47,28.16,28.43,34214.5,99964800.0,28.37,28.79,28.25200000000002,27.89,28.36,56.88,0.17,0.1,0.07,阿科力,化学原料和化学制品制造业,主板,28.35000000000006,28.318749999999977,28.66499999999998,28.498124999999984,27.74787234042551
603722,2020-06-03,29.35,29.44,29.95,29.0,29.58,22922.0,67825300.0,28.57,28.62,28.37050000000002,27.96,28.25,56.05,0.24,0.12,0.12,阿科力,化学原料和化学制品制造业,主板,28.790000000000056,28.392499999999977,28.801666666666648,28.625624999999985,27.79340425531913
603722,2020-06-04,29.3,29.33,29.7,28.9,29.44,18672.0,54610000.0,28.9,28.53,28.481500000000022,28.0,28.13,55.36,0.28,0.16,0.12,阿科力,化学原料和化学制品制造业,主板,29.195000000000057,28.602499999999974,28.88833333333331,28.686249999999983,27.828085106382957
603722,2020-06-05,29.79,29.25,29.79,29.06,29.33,14657.0,43058600.0,29.21,28.57,28.58400000000002,28.05,28.06,54.84,0.3,0.18,0.12,阿科力,化学原料和化学制品制造业,主板,29.400000000000055,28.734999999999978,28.732499999999977,28.751874999999984,27.87063829787232
603722,2020-06-08,29.4,30.76,31.39,29.35,29.25,31973.5,97150400.0,29.67,28.88,28.73750000000002,28.15,28.0,62.13,0.44,0.24,0.2,阿科力,化学原料和化学制品制造业,主板,29.695000000000054,29.022499999999976,28.777499999999975,28.922499999999985,27.94170212765955
603722,2020-06-09,30.5,30.66,31.4,30.05,30.76,23204.0,70865600.0,29.89,29.13,28.900500000000015,28.23,27.96,61.42,0.53,0.29,0.24,阿科力,化学原料和化学制品制造业,主板,30.000000000000057,29.394999999999975,28.92833333333331,29.101249999999986,28.035744680851042
603722,2020-06-10,31.0,32.32,33.73,31.0,30.66,54698.4,179416000.0,30.46,29.52,29.09850000000002,28.36,27.99,67.95,0.73,0.38,0.35,阿科力,化学原料和化学制品制造业,主板,30.747500000000056,29.971249999999973,29.317499999999978,29.353124999999984,28.142127659574445
603722,2020-06-11,32.6,33.27,33.97,32.0,32.32,42845.7,142326000.0,31.25,30.08,29.352000000000015,28.57,28.06,70.97,0.95,0.5,0.45,阿科力,化学原料和化学制品制造业,主板,31.752500000000055,30.576249999999973,29.74083333333331,29.487499999999983,28.278510638297853
603722,2020-06-12,32.1,32.49,33.55,32.03,33.27,35935.8,117449000.0,31.9,30.55,29.575000000000017,28.8,28.15,65.51,1.05,0.61,0.44,阿科力,化学原料和化学制品制造业,主板,32.18500000000006,30.939999999999976,30.076666666666643,29.629374999999982,28.383617021276574
603722,2020-06-15,32.21,30.92,32.21,30.7,32.49,35716.6,111315000.0,31.93,30.8,29.731000000000016,28.98,28.21,56.13,0.99,0.68,0.31,阿科力,化学原料和化学制品制造业,主板,32.250000000000064,31.12499999999998,30.346666666666646,29.75874999999998,28.45425531914892
603722,2020-06-16,31.12,31.21,31.51,30.73,30.92,19703.5,61371900.0,32.04,30.96,29.87700000000002,29.16,28.27,57.35,0.96,0.74,0.22,阿科力,化学原料和化学制品制造业,主板,31.972500000000068,31.359999999999978,30.63833333333331,29.98124999999998,28.508723404255303
603722,2020-06-17,31.21,30.92,31.38,30.56,31.21,15734.1,48576500.0,31.76,31.11,29.86700000000002,29.28,28.32,55.69,0.9,0.77,0.13,阿科力,化学原料和化学制品制造业,主板,31.38500000000007,31.56874999999998,30.845833333333314,30.151874999999983,28.56361702127658
603722,2020-06-18,30.92,30.43,30.92,30.3,30.92,14688.0,44884700.0,31.19,31.22,29.877500000000015,29.4,28.36,52.9,0.81,0.78,0.03,阿科力,化学原料和化学制品制造业,主板,30.87000000000007,31.527499999999982,30.916666666666647,30.27499999999998,28.61042553191488
603722,2020-06-19,30.43,31.06,31.94,30.43,30.43,18394.2,57174700.0,30.91,31.4,29.98800000000001,29.52,28.44,55.95,0.77,0.78,-0.01,阿科力,化学原料和化学制品制造业,主板,30.90500000000007,31.577499999999983,31.051666666666648,30.48624999999998,28.686595744680837
603722,2020-06-22,30.9,31.46,31.67,30.75,31.06,18116.3,56568900.0,31.02,31.47,30.178500000000014,29.65,28.51,57.82,0.77,0.78,-0.01,阿科力,化学原料和化学制品制造业,主板,30.967500000000065,31.469999999999985,31.229166666666647,30.72062499999998,28.792765957446793
603722,2020-06-23,31.46,31.06,31.46,30.8,31.46,10402.3,32237000.0,30.99,31.51,30.32200000000001,29.77,28.56,55.3,0.72,0.76,-0.04,阿科力,化学原料和化学制品制造业,主板,31.002500000000065,31.193749999999984,31.37999999999998,30.88499999999998,28.85957446808509
603722,2020-06-24,31.05,31.16,31.25,30.66,31.06,11480.6,35558300.0,31.03,31.4,30.457000000000004,29.86,28.63,55.81,0.69,0.75,-0.06,阿科力,化学原料和化学制品制造业,主板,31.185000000000066,31.027499999999982,31.413333333333316,30.983749999999983,28.934468085106364
603722,2020-06-29,31.11,30.2,31.38,30.19,31.16,12906.0,39540700.0,30.99,31.09,30.58300000000001,29.93,28.67,49.83,0.58,0.72,-0.14,阿科力,化学原料和化学制品制造业,主板,30.970000000000063,30.93749999999998,31.374999999999982,31.031249999999982,28.991914893617004
603722,2020-06-30,30.6,31.75,32.3,30.2,30.2,24140.0,76242800.0,31.13,31.02,30.785000000000007,30.06,28.77,57.71,0.61,0.69,-0.08,阿科力,化学原料和化学制品制造业,主板,31.04250000000006,31.004999999999978,31.327499999999983,31.182499999999987,29.083617021276577
603722,2020-07-01,31.76,31.85,32.07,31.3,31.75,15993.1,50756700.0,31.2,31.11,30.95600000000001,30.19,28.84,58.17,0.63,0.68,-0.05,阿科力,化学原料和化学制品制造业,主板,31.24000000000006,31.121249999999975,31.20916666666665,31.344999999999985,29.165106382978703
603722,2020-07-02,31.9,31.65,32.05,31.36,31.85,15855.6,50126100.0,31.32,31.15,31.059500000000007,30.3,28.92,56.85,0.63,0.67,-0.04,阿科力,化学原料和化学制品制造业,主板,31.36250000000006,31.27374999999997,31.13916666666665,31.400624999999984,29.24638297872339
603722,2020-07-03,31.63,31.44,31.75,31.21,31.65,16028.0,50314200.0,31.38,31.21,31.15950000000001,30.31,28.99,55.42,0.6,0.66,-0.06,阿科力,化学原料和化学制品制造业,主板,31.67250000000006,31.32124999999997,31.18249999999998,31.449374999999986,29.328936170212753
603722,2020-07-06,31.45,32.69,32.86,31.45,31.44,26530.1,85616200.0,31.88,31.43,31.327500000000004,30.4,29.07,61.6,0.67,0.66,0.01,阿科力,化学原料和化学制品制造业,主板,31.907500000000056,31.47499999999997,31.305833333333315,31.472499999999986,29.42191489361701
603722,2020-07-07,32.83,33.44,33.85,32.35,32.69,31542.5,104611000.0,32.21,31.67,31.537,30.55,29.15,64.75,0.78,0.68,0.1,阿科力,化学原料和化学制品制造业,主板,32.30500000000006,31.772499999999972,31.515833333333315,31.483124999999987,29.525744680851055
603722,2020-07-08,33.4,33.42,33.68,32.69,33.44,26914.1,89501000.0,32.53,31.87,31.669999999999998,30.74,29.24,64.6,0.86,0.72,0.14,阿科力,化学原料和化学制品制造业,主板,32.74750000000005,32.05499999999997,31.764999999999983,31.541249999999984,29.662553191489355
603722,2020-07-09,33.29,34.26,35.29,33.19,33.42,29922.5,102507000.0,33.05,32.19,31.85,30.94,29.34,68.0,0.97,0.77,0.2,阿科力,化学原料和化学制品制造业,主板,33.45250000000005,32.56249999999997,32.031666666666645,31.749999999999982,29.846808510638294
603722,2020-07-10,34.6,33.45,34.6,33.41,34.26,24434.0,82649900.0,33.45,32.42,31.9065,31.11,29.44,61.83,0.98,0.81,0.17,阿科力,化学原料和化学制品制造业,主板,33.642500000000055,32.77499999999997,32.197499999999984,31.889999999999983,30.02042553191489
603722,2020-07-13,33.8,34.02,34.5,33.3,33.45,29405.0,100100000.0,33.72,32.8,31.944,31.32,29.56,64.29,1.03,0.86,0.17,阿科力,化学原料和化学制品制造业,主板,33.78750000000006,33.046249999999965,32.444166666666646,32.08374999999999,30.19042553191489
603722,2020-07-14,33.85,36.85,37.12,33.85,34.02,59736.9,211232000.0,34.4,33.31,32.162,31.63,29.71,73.43,1.28,0.94,0.34,阿科力,化学原料和化学制品制造业,主板,34.64500000000005,33.69624999999997,32.918333333333315,32.48499999999999,30.398510638297868
603722,2020-07-15,39.4,34.91,39.52,34.81,36.85,65005.7,240331000.0,34.7,33.61,32.3615,31.84,29.83,61.76,1.3,1.01,0.29,阿科力,化学原料和化学制品制造业,主板,34.807500000000054,34.129999999999974,33.31083333333331,32.725624999999994,30.564468085106384
603722,2020-07-16,34.21,32.51,34.9,32.21,34.91,36086.0,120755000.0,34.35,33.7,32.4265,31.94,29.91,50.96,1.12,1.03,0.09,阿科力,化学原料和化学制品制造业,主板,34.57250000000005,34.10749999999997,33.374166666666646,32.79124999999999,30.677446808510638
603722,2020-07-17,32.61,31.98,33.19,31.5,32.51,23497.0,76350100.0,34.05,33.75,32.4795,32.02,29.99,48.93,0.93,1.01,-0.08,阿科力,化学原料和化学制品制造业,主板,34.06250000000004,33.924999999999976,33.38499999999998,32.848749999999995,30.768723404255315
603722,2020-07-20,34.3,35.18,35.18,33.36,31.98,21445.5,73963500.0,34.29,34.0,32.717,32.22,30.11,59.45,1.01,1.01,0.0,阿科力,化学原料和化学制品制造业,主板,33.645000000000046,34.144999999999975,33.679166666666646,33.099999999999994,30.93425531914893
603722,2020-07-21,36.5,36.8,37.68,35.21,35.18,55710.2,203886000.0,34.28,34.34,33.004000000000005,32.47,30.26,63.55,1.2,1.05,0.15,阿科力,化学原料和化学制品制造业,主板,34.11750000000004,34.46249999999998,34.12583333333331,33.51249999999999,31.113829787234042
603722,2020-07-22,37.19,38.09,39.35,36.94,36.8,65658.8,253345000.0,34.91,34.8,33.3355,32.71,30.43,66.45,1.43,1.13,0.3,阿科力,化学原料和化学制品制造业,主板,35.512500000000045,35.04249999999998,34.575833333333314,33.90874999999999,31.324255319148932
603722,2020-07-23,39.5,41.9,41.9,39.42,38.09,113026.0,466492000.0,36.79,35.57,33.877500000000005,33.09,30.66,73.24,1.9,1.28,0.62,阿科力,化学原料和化学制品制造业,主板,37.99250000000005,36.02749999999998,35.28083333333331,34.53687499999999,31.61936170212766
603722,2020-07-24,44.0,40.97,45.98,40.51,41.9,146981.0,642999000.0,38.59,36.32,34.36800000000001,33.38,30.87,69.54,2.18,1.46,0.72,阿科力,化学原料和化学制品制造业,主板,39.44000000000005,36.542499999999976,35.90999999999998,35.11937499999999,31.899574468085106
603722,2020-07-27,42.89,45.07,45.07,42.89,40.97,107410.0,478162000.0,40.57,37.43,35.11150000000001,33.77,31.17,75.43,2.7,1.71,0.99,阿科力,化学原料和化学制品制造业,主板,41.50750000000005,37.81249999999997,36.81083333333331,35.97124999999999,32.25659574468085
603722,2020-07-28,46.27,44.05,48.0,42.16,45.07,110364.0,492001000.0,42.02,38.15,35.7265,34.16,31.48,71.71,2.99,1.96,1.03,阿科力,化学原料和化学制品制造业,主板,42.99750000000005,39.254999999999974,37.69416666666665,36.68124999999999,32.53170212765958
603722,2020-07-29,42.5,45.48,47.88,41.55,44.05,94711.5,423321000.0,43.49,39.2,36.408,34.64,31.81,73.67,3.3,2.23,1.07,阿科力,化学原料和化学制品制造业,主板,43.89250000000005,40.942499999999974,38.64916666666665,37.43374999999999,32.8563829787234
603722,2020-07-30,45.74,47.2,49.48,45.74,45.48,100464.0,481060000.0,44.55,40.67,37.185500000000005,35.17,32.17,75.84,3.64,2.51,1.13,阿科力,化学原料和化学制品制造业,主板,45.45000000000005,42.44499999999997,39.51166666666665,38.294999999999995,33.2468085106383
603722,2020-07-31,46.09,51.92,51.92,45.05,47.2,102451.0,495005000.0,46.74,42.67,38.209500000000006,35.88,32.58,80.56,4.24,2.86,1.38,阿科力,化学原料和化学制品制造业,主板,47.16250000000005,44.33499999999997,40.92916666666665,39.39874999999999,33.7631914893617
603722,2020-08-03,55.0,57.11,57.11,53.38,51.92,73616.7,410336000.0,49.15,44.86,39.43050000000001,36.76,33.08,84.22,5.08,3.3,1.78,阿科力,化学原料和化学制品制造业,主板,50.42750000000005,46.71249999999998,42.97916666666666,40.87749999999999,34.37851063829787
603722,2020-08-04,59.6,51.4,59.6,51.4,57.11,128057.0,706453000.0,50.62,46.32,40.328500000000005,37.44,33.48,68.87,5.22,3.69,1.53,阿科力,化学原料和化学制品制造业,主板,51.907500000000056,47.89999999999998,44.59749999999999,41.96374999999999,34.86659574468085
603722,2020-08-05,47.67,48.64,50.58,46.28,51.4,86484.6,417912000.0,51.25,47.37,41.08950000000001,38.02,33.83,62.91,5.05,3.96,1.09,阿科力,化学原料和化学制品制造业,主板,52.267500000000055,48.85874999999997,45.71916666666666,42.70062499999999,35.312553191489364
603722,2020-08-06,47.93,49.51,51.0,47.83,48.64,66148.0,326633000.0,51.72,48.14,41.85200000000001,38.63,34.2,63.97,4.93,4.15,0.78,阿科力,化学原料和化学制品制造业,主板,51.66500000000005,49.41374999999997,46.77833333333333,43.61312499999999,35.776382978723404
603722,2020-08-07,48.14,47.93,48.9,46.41,49.51,58608.0,279455000.0,50.92,48.83,42.57600000000001,39.19,34.53,60.58,4.66,4.25,0.41,阿科力,化学原料和化学制品制造业,主板,49.37000000000005,49.89874999999997,47.59833333333332,44.57687499999999,36.19127659574468
603722,2020-08-10,47.1,46.18,47.56,45.08,47.93,47255.9,217333000.0,48.73,48.94,43.184000000000005,39.72,34.83,56.98,4.25,4.25,0.0,阿科力,化学原料和化学制品制造业,主板,48.06500000000005,49.98624999999997,47.954999999999984,45.46437499999998,36.54446808510639
603722,2020-08-11,46.11,43.95,46.75,43.8,46.18,40845.1,184249000.0,47.24,48.93,43.539,40.13,35.09,52.69,3.71,4.14,-0.43,阿科力,化学原料和化学制品制造业,主板,46.892500000000055,49.57999999999997,48.20333333333332,46.01249999999999,36.853191489361706
603722,2020-08-12,43.86,42.02,44.59,40.72,43.95,43934.1,186637000.0,45.92,48.59,43.89450000000001,40.47,35.33,49.23,3.08,3.93,-0.85,阿科力,化学原料和化学制品制造业,主板,45.02000000000006,48.342499999999966,47.94916666666665,46.33874999999999,37.12319148936171
603722,2020-08-13,42.95,42.3,43.28,41.8,42.02,21957.0,93382100.0,44.48,48.1,44.384,40.82,35.56,49.75,2.57,3.66,-1.09,阿科力,化学原料和化学制品制造业,主板,43.612500000000054,46.491249999999965,47.80333333333331,46.601874999999986,37.40085106382979
603722,2020-08-14,42.68,42.09,42.7,41.05,42.3,23798.0,99437500.0,43.31,47.11,44.889500000000005,41.18,35.75,49.35,2.14,3.36,-1.22,阿科力,化学原料和化学制品制造业,主板,42.59000000000005,45.32749999999997,47.520833333333314,46.61374999999999,37.64191489361702
603722,2020-08-17,42.28,42.81,43.0,41.22,42.09,35822.0,151487000.0,42.63,45.68,45.27100000000001,41.51,35.96,50.82,1.83,3.05,-1.22,阿科力,化学原料和化学制品制造业,主板,42.30500000000005,44.598749999999974,47.15499999999997,46.72874999999999,37.90042553191489
603722,2020-08-18,42.91,41.95,42.91,41.5,42.81,27709.0,116404000.0,42.23,44.74,45.528500000000015,41.8,36.17,48.99,1.5,2.74,-1.24,阿科力,化学原料和化学制品制造业,主板,42.287500000000044,43.653749999999974,46.32416666666665,46.53374999999999,38.10531914893617
603722,2020-08-19,42.0,40.2,42.18,40.16,41.95,30158.5,123146000.0,41.87,43.89,45.634000000000015,42.02,36.38,45.39,1.08,2.41,-1.33,阿科力,化学原料和化学制品制造业,主板,41.762500000000045,42.68749999999997,44.914999999999985,46.293124999999996,38.25276595744681
603722,2020-08-20,40.01,40.54,40.59,39.22,40.2,22122.8,88721900.0,41.52,43.0,45.56600000000002,42.23,36.59,46.22,0.77,2.08,-1.31,阿科力,化学原料和化学制品制造业,主板,41.37500000000004,41.98249999999997,44.009999999999984,45.98437499999999,38.42404255319149
603722,2020-08-21,40.15,40.19,40.74,39.68,40.54,18256.0,73423300.0,41.14,42.22,45.52700000000001,42.46,36.78,45.46,0.48,1.76,-1.28,阿科力,化学原料和化学制品制造业,主板,40.72000000000004,41.512499999999974,43.30583333333331,45.546249999999986,38.62127659574468
603722,2020-08-24,40.43,40.47,40.93,39.44,40.19,17464.8,70292300.0,40.67,41.65,45.29700000000001,42.67,37.0,46.22,0.28,1.46,-1.18,阿科力,化学原料和化学制品制造业,主板,40.35000000000004,41.31874999999998,42.55249999999998,44.83062499999999,38.81829787234042
603722,2020-08-25,40.78,39.71,40.78,39.34,40.47,16581.3,66151800.0,40.22,41.23,45.08000000000001,42.77,37.2,44.4,0.06,1.18,-1.12,阿科力,化学原料和化学制品制造业,主板,40.227500000000035,40.994999999999976,41.867499999999986,43.74312499999999,39.005319148936174
603722,2020-08-26,39.6,38.42,40.03,38.11,39.71,21056.2,81944600.0,39.87,40.87,44.72700000000001,42.89,37.36,41.42,-0.22,0.9,-1.12,阿科力,化学原料和化学制品制造业,主板,39.69750000000004,40.53624999999998,41.22083333333332,42.93187499999999,39.17531914893617
603722,2020-08-27,38.56,39.12,39.3,38.38,38.42,11544.0,44864000.0,39.58,40.55,44.32300000000001,43.11,37.52,43.63,-0.38,0.65,-1.03,阿科力,化学原料和化学制品制造业,主板,39.43000000000004,40.07499999999998,40.818333333333314,42.33687499999999,39.3468085106383
603722,2020-08-28,39.07,39.58,39.64,38.6,39.12,11653.5,45748900.0,39.46,40.3,43.70600000000001,43.36,37.69,45.1,-0.47,0.42,-0.89,阿科力,化学原料和化学制品制造业,主板,39.207500000000046,39.77874999999998,40.61499999999998,41.716249999999995,39.5195744680851
603722,2020-08-31,39.8,39.15,40.4,39.15,39.58,16327.0,64820100.0,39.2,39.93,42.80800000000001,43.49,37.86,43.95,-0.57,0.22,-0.79,阿科力,化学原料和化学制品制造业,主板,39.067500000000045,39.64749999999998,40.35249999999998,41.1675,39.691702127659575
603722,2020-09-01,39.0,39.1,39.43,38.38,39.15,10301.0,40063100.0,39.07,39.65,42.19300000000001,43.57,38.02,43.81,-0.64,0.05,-0.69,阿科力,化学原料和化学制品制造业,主板,39.23750000000004,39.46749999999998,40.1033333333333,40.725,39.860638297872335
603722,2020-09-02,39.1,38.54,39.6,38.4,39.1,13662.0,53063000.0,39.1,39.48,41.68800000000001,43.58,38.15,42.19,-0.73,-0.1,-0.63,阿科力,化学原料和化学制品制造业,主板,39.09250000000004,39.26124999999998,39.74749999999997,40.386874999999996,40.03808510638297
603722,2020-09-03,38.77,37.95,39.39,37.55,38.54,19381.5,74031800.0,38.86,39.22,41.110000000000014,43.45,38.27,40.49,-0.84,-0.25,-0.59,阿科力,化学原料和化学制品制造业,主板,38.685000000000045,38.94624999999998,39.41416666666664,40.1325,40.169999999999995
603722,2020-09-04,37.31,37.67,37.79,37.08,37.95,11735.1,43793800.0,38.48,38.97,40.597000000000016,43.34,38.36,39.67,-0.94,-0.39,-0.55,阿科力,化学原料和化学制品制造业,主板,38.31500000000005,38.69124999999998,39.203333333333305,39.843125,40.29382978723404
603722,2020-09-07,37.51,36.71,38.33,36.71,37.67,13509.0,50710800.0,37.99,38.6,40.12350000000002,43.06,38.42,36.93,-1.09,-0.53,-0.56,阿科力,化学原料和化学制品制造业,主板,37.71750000000005,38.47749999999998,38.88416666666664,39.506875,40.401489361702126
603722,2020-09-08,36.71,36.21,36.98,35.32,36.71,17751.0,63892200.0,37.42,38.24,39.73650000000002,42.8,38.48,35.54,-1.22,-0.67,-0.55,阿科力,化学原料和化学制品制造业,主板,37.135000000000055,38.113749999999975,38.55249999999997,39.094375,40.502978723404254
603722,2020-09-09,36.07,34.97,36.2,33.33,36.21,17478.0,61900800.0,36.7,37.9,39.38400000000002,42.45,38.55,32.32,-1.42,-0.82,-0.6,阿科力,化学原料和化学制品制造业,主板,36.39000000000006,37.53749999999997,38.09416666666663,38.658125,40.551489361702124
603722,2020-09-10,35.2,33.69,35.5,33.57,34.97,14447.0,49541300.0,35.85,37.36,38.95350000000002,42.0,38.59,29.35,-1.66,-0.99,-0.67,阿科力,化学原料和化学制品制造业,主板,35.39500000000005,36.854999999999976,37.592499999999966,38.25125,40.5568085106383
603722,2020-09-11,33.7,34.1,34.47,33.45,33.69,11458.0,39042700.0,35.14,36.81,38.554000000000016,41.41,38.64,31.52,-1.8,-1.15,-0.65,阿科力,化学原料和化学制品制造业,主板,34.74250000000005,36.229999999999976,37.232499999999966,37.84875,40.57127659574467
603722,2020-09-14,34.68,34.58,35.24,34.25,34.1,16066.0,55689100.0,34.71,36.35,38.14250000000002,40.66,38.71,34.07,-1.84,-1.29,-0.55,阿科力,化学原料和化学制品制造业,主板,34.33500000000004,35.73499999999997,36.85416666666663,37.498125,40.57808510638297
603722,2020-09-15,35.37,34.88,35.37,33.8,34.58,15707.3,54145600.0,34.44,35.93,37.789000000000016,40.11,38.77,35.68,-1.83,-1.4,-0.43,阿科力,化学原料和化学制品制造业,主板,34.31250000000004,35.35124999999997,36.46249999999996,37.14875,40.608510638297865
603722,2020-09-16,34.99,34.45,35.48,33.9,34.88,14713.0,50889700.0,34.34,35.52,37.501500000000014,39.63,38.82,34.38,-1.84,-1.48,-0.36,阿科力,化学原料和化学制品制造业,主板,34.50250000000004,34.94874999999997,36.0708333333333,36.82,40.61765957446808
603722,2020-09-17,34.7,34.79,35.33,34.3,34.45,21454.0,74821700.0,34.56,35.2,37.21400000000001,39.14,38.89,36.35,-1.8,-1.55,-0.25,阿科力,化学原料和化学制品制造业,主板,34.67500000000004,34.708749999999974,35.71166666666663,36.593125,40.57382978723404
603722,2020-09-18,35.0,35.26,35.26,33.77,34.79,19593.0,67613900.0,34.79,34.96,36.967500000000015,38.72,38.95,39.08,-1.71,-1.58,-0.13,阿科力,化学原料和化学制品制造业,主板,34.84500000000004,34.589999999999975,35.4383333333333,36.351875,40.581276595744676
603722,2020-09-21,35.28,35.1,35.68,34.95,35.26,17319.0,61148900.0,34.9,34.8,36.69900000000002,38.35,39.04,38.47,-1.64,-1.59,-0.05,阿科力,化学原料和化学制品制造业,主板,34.90000000000004,34.606249999999974,35.2008333333333,36.071875,40.6363829787234
603722,2020-09-22,34.98,34.4,35.6,34.24,35.1,14777.0,51656500.0,34.8,34.62,36.433500000000016,38.03,39.08,35.86,-1.6,-1.59,-0.01,阿科力,化学原料和化学制品制造业,主板,34.887500000000045,34.69499999999997,34.92833333333329,35.775,40.68787234042553
603722,2020-09-23,34.74,35.55,36.66,34.17,34.4,28706.1,102109000.0,35.02,34.68,36.29000000000001,37.82,39.14,42.74,-1.47,-1.57,0.1,阿科力,化学原料和化学制品制造业,主板,35.07750000000005,34.87624999999997,34.83166666666663,35.553124999999994,40.69574468085106
603722,2020-09-24,35.47,34.35,35.5,34.2,35.55,17833.2,61875700.0,34.93,34.75,36.05150000000002,37.55,39.19,38.14,-1.45,-1.55,0.1,阿科力,化学原料和化学制品制造业,主板,34.85000000000005,34.847499999999975,34.676666666666634,35.29125,40.64361702127658
603722,2020-09-25,34.68,34.47,35.5,34.11,34.35,20998.9,73103800.0,34.77,34.78,35.796000000000014,37.3,39.24,38.85,-1.42,-1.52,0.1,阿科力,化学原料和化学制品制造业,主板,34.69250000000005,34.79624999999997,34.63499999999996,35.07375,40.566595744680846
603722,2020-09-28,34.12,32.48,34.25,32.23,34.47,23351.0,76471200.0,34.25,34.57,35.46250000000002,36.95,39.23,32.26,-1.52,-1.52,0.0,阿科力,化学原料和化学制品制造业,主板,34.21250000000005,34.549999999999976,34.53416666666663,34.749375,40.36617021276595
603722,2020-09-29,32.71,33.7,34.85,32.16,32.48,25121.9,84390700.0,34.11,34.46,35.19250000000002,36.68,39.24,39.08,-1.49,-1.51,0.02,阿科力,化学原料和化学制品制造业,主板,33.75000000000004,34.41374999999997,34.5008333333333,34.56125,40.21148936170212
603722,2020-09-30,34.09,33.23,34.22,32.9,33.7,13924.8,46355200.0,33.65,34.33,34.92700000000002,36.45,39.23,37.51,-1.49,-1.51,0.02,阿科力,化学原料和化学制品制造业,主板,33.47000000000004,34.159999999999975,34.3883333333333,34.375,39.9595744680851
603722,2020-10-09,33.9,34.57,34.7,33.6,33.23,15943.0,54772100.0,33.69,34.31,34.758000000000024,36.25,39.24,44.37,-1.37,-1.48,0.11,阿科力,化学原料和化学制品制造业,主板,33.49500000000004,34.09374999999997,34.36249999999996,34.35,39.75787234042552
603722,2020-10-12,34.71,35.4,35.68,34.39,34.57,21950.0,77266200.0,33.88,34.33,34.64450000000002,36.09,39.27,48.16,-1.18,-1.42,0.24,阿科力,化学原料和化学制品制造业,主板,34.225000000000044,34.21874999999997,34.44166666666663,34.456875,39.543404255319146
603722,2020-10-13,35.62,36.0,36.8,34.85,35.4,27624.0,99029900.0,34.58,34.42,34.60900000000002,35.94,39.31,50.77,-0.98,-1.33,0.35,阿科力,化学原料和化学制品制造业,主板,34.80000000000004,34.27499999999997,34.54249999999996,34.575624999999995,39.305106382978714
603722,2020-10-14,35.78,35.0,35.78,34.99,36.0,15647.0,55111600.0,34.84,34.48,34.54850000000002,35.78,39.27,46.56,-0.89,-1.24,0.35,阿科力,化学原料和化学制品制造业,主板,35.24250000000004,34.35624999999997,34.52083333333329,34.60187499999999,38.945106382978715
603722,2020-10-15,35.46,34.63,35.48,34.53,35.0,16714.5,58390500.0,35.12,34.38,34.531500000000015,35.65,39.27,45.07,-0.84,-1.16,0.32,阿科力,化学原料和化学制品制造业,主板,35.25750000000004,34.37624999999997,34.48166666666663,34.58624999999999,38.466808510638295
603722,2020-10-16,34.88,34.29,34.88,33.9,34.63,13680.3,46928800.0,35.06,34.38,34.56150000000001,35.49,39.3,43.69,-0.81,-1.09,0.28,阿科力,化学原料和化学制品制造业,主板,34.98000000000004,34.60249999999997,34.47249999999996,34.57624999999999,38.1027659574468
603722,2020-10-19,34.7,33.93,34.7,33.84,34.29,10824.0,37003000.0,34.77,34.32,34.55300000000001,35.3,39.33,42.21,-0.82,-1.04,0.22,阿科力,化学原料和化学制品制造业,主板,34.46250000000004,34.63124999999997,34.33749999999996,34.52249999999999,37.78978723404255
603722,2020-10-20,34.0,34.07,34.11,33.09,33.93,16793.0,56341500.0,34.38,34.48,34.52750000000001,35.14,39.31,43.02,-0.8,-0.99,0.19,阿科力,化学原料和化学制品制造业,主板,34.23000000000004,34.73624999999997,34.31416666666663,34.44812499999999,37.46127659574467
603722,2020-10-21,34.17,32.8,34.7,32.8,34.07,22737.0,76240400.0,33.94,34.39,34.423500000000004,34.93,39.25,37.85,-0.87,-0.97,0.1,阿科力,化学原料和化学制品制造业,主板,33.772500000000036,34.51499999999997,34.17499999999996,34.304374999999986,37.13936170212765
603722,2020-10-22,32.1,32.4,32.96,31.32,32.8,13941.5,44987600.0,33.5,34.31,34.321000000000005,34.72,39.15,36.37,-0.96,-0.97,0.01,阿科力,化学原料和化学制品制造业,主板,33.30000000000004,34.13999999999997,34.168333333333294,34.179374999999986,36.84617021276595
603722,2020-10-23,32.44,32.88,34.92,32.03,32.4,29802.0,100645000.0,33.22,34.14,34.225500000000004,34.55,39.0,39.43,-0.97,-0.97,0.0,阿科力,化学原料和化学制品制造业,主板,33.03750000000004,33.74999999999997,34.09999999999996,34.01249999999999,36.610638297872335
603722,2020-10-26,31.85,35.02,35.1,31.85,32.88,30056.5,102330000.0,33.43,34.1,34.2135,34.46,38.9,50.8,-0.81,-0.93,0.12,阿科力,化学原料和化学制品制造业,主板,33.27500000000004,33.75249999999997,34.249166666666625,34.054374999999986,36.461702127659564
603722,2020-10-27,34.65,32.95,34.88,32.06,35.02,34466.2,114385000.0,33.21,33.8,34.10600000000001,34.34,38.7,42.49,-0.83,-0.91,0.08,阿科力,化学原料和化学制品制造业,主板,33.31250000000004,33.54249999999997,34.11416666666663,33.95937499999999,36.2627659574468
603722,2020-10-28,32.5,32.57,32.95,32.01,32.95,13046.5,42279900.0,33.16,33.55,34.01450000000001,34.22,38.51,41.16,-0.87,-0.91,0.04,阿科力,化学原料和化学制品制造业,主板,33.35500000000004,33.327499999999965,33.878333333333295,33.96499999999999,36.06021276595744
603722,2020-10-29,32.52,31.98,32.55,31.81,32.57,13131.8,42100900.0,33.08,33.29,33.83600000000001,34.12,38.28,39.11,-0.93,-0.91,-0.02,阿科力,化学原料和化学制品制造业,主板,33.13000000000004,33.08374999999997,33.543333333333294,33.85749999999999,35.82978723404255
603722,2020-10-30,31.5,30.19,31.76,30.11,31.98,24116.0,74028200.0,32.54,32.88,33.628000000000014,34.0,38.0,33.64,-1.12,-0.95,-0.17,阿科力,化学原料和化学制品制造业,主板,31.922500000000035,32.59874999999997,33.14249999999996,33.66749999999999,35.5795744680851
603722,2020-11-02,29.78,29.51,30.09,29.37,30.19,12614.0,37356900.0,31.44,32.44,33.38000000000001,33.85,37.63,31.82,-1.3,-1.02,-0.28,阿科力,化学原料和化学制品制造业,主板,31.062500000000032,32.187499999999964,32.71583333333329,33.351249999999986,35.352127659574464
603722,2020-11-03,30.03,31.28,31.59,29.67,29.51,19559.0,60168800.0,31.11,32.16,33.32000000000001,33.74,37.2,40.8,-1.3,-1.08,-0.22,阿科力,化学原料和化学制品制造业,主板,30.740000000000038,32.04749999999997,32.46499999999996,33.093749999999986,35.155106382978715
603722,2020-11-04,31.5,31.77,32.8,31.12,31.28,29280.5,93905200.0,30.95,32.06,33.22350000000001,33.63,36.87,43.04,-1.24,-1.11,-0.13,阿科力,化学原料和化学制品制造业,主板,30.68750000000004,31.90874999999997,32.28499999999996,32.829374999999985,34.9759574468085
603722,2020-11-05,32.2,32.6,32.93,30.5,31.77,24452.0,79067800.0,31.07,32.08,33.19200000000001,33.57,36.6,46.71,-1.1,-1.11,0.01,阿科力,化学原料和化学制品制造业,主板,31.290000000000042,31.60624999999997,32.16249999999996,32.679374999999986,34.80851063829786
603722,2020-11-06,32.78,32.3,32.78,31.86,32.6,13354.9,43015200.0,31.49,32.02,33.078500000000005,33.49,36.32,45.57,-1.02,-1.09,0.07,阿科力,化学原料和化学制品制造业,主板,31.987500000000036,31.52499999999997,32.120833333333294,32.53374999999998,34.650851063829776
603722,2020-11-09,32.29,33.43,33.76,32.16,32.3,23107.0,76607100.0,32.28,31.86,32.980000000000004,33.43,36.07,50.49,-0.84,-1.04,0.2,阿科力,化学原料和化学制品制造业,主板,32.525000000000034,31.632499999999972,32.20666666666663,32.47999999999998,34.544680851063816
603722,2020-11-10,33.83,34.45,35.43,33.0,33.43,35784.0,123279000.0,32.91,32.01,32.9025,33.41,35.88,54.48,-0.62,-0.96,0.34,阿科力,化学原料和化学制品制造业,主板,33.19500000000003,31.94124999999997,32.33749999999996,32.51249999999999,34.445319148936164
603722,2020-11-11,35.6,34.46,36.1,34.0,34.45,39687.0,138647000.0,33.45,32.2,32.8755,33.41,35.72,54.52,-0.43,-0.85,0.42,阿科力,化学原料和化学制品制造业,主板,33.66000000000003,32.47499999999997,32.290833333333296,32.53687499999999,34.3363829787234
603722,2020-11-12,33.87,34.0,34.18,33.16,34.46,21881.0,73798900.0,33.73,32.4,32.84400000000001,33.36,35.59,52.32,-0.32,-0.74,0.42,阿科力,化学原料和化学制品制造业,主板,34.085000000000036,33.036249999999974,32.378333333333295,32.61187499999999,34.22680851063829
603722,2020-11-13,34.0,34.43,35.44,33.89,34.0,26397.0,91598000.0,34.15,32.82,32.851000000000006,33.36,35.46,54.18,-0.2,-0.64,0.44,阿科力,化学原料和化学制品制造业,主板,34.335000000000036,33.42999999999998,32.533333333333296,32.73874999999999,34.12744680851063
603722,2020-11-16,33.9,34.48,34.76,33.9,34.43,19643.1,67518200.0,34.36,33.32,32.87850000000001,33.36,35.33,54.41,-0.09,-0.53,0.44,阿科力,化学原料和化学制品制造业,主板,34.34250000000003,33.76874999999998,32.74166666666663,32.83874999999999,34.041063829787234
603722,2020-11-17,34.47,33.82,34.74,33.5,34.48,15491.6,52570100.0,34.24,33.57,32.86600000000001,33.4,35.18,50.88,-0.06,-0.43,0.37,阿科力,化学原料和化学制品制造业,主板,34.182500000000026,33.92124999999998,33.044166666666634,32.763749999999995,33.95319148936169
603722,2020-11-18,34.36,35.87,35.9,34.22,33.82,40726.5,143476000.0,34.52,33.98,33.01950000000001,33.48,35.08,59.64,0.13,-0.32,0.45,阿科力,化学原料和化学制品制造业,主板,34.65000000000003,34.36749999999998,33.574166666666635,32.94624999999999,33.914893617021264
603722,2020-11-19,36.0,34.41,36.0,33.8,35.87,40846.5,141630000.0,34.6,34.17,33.12000000000001,33.52,34.98,52.46,0.16,-0.22,0.38,阿科力,化学原料和化学制品制造业,主板,34.645000000000024,34.489999999999974,33.83499999999997,33.06124999999999,33.8659574468085
603722,2020-11-20,34.0,34.2,34.47,33.38,34.41,25307.0,85518600.0,34.56,34.36,33.186000000000014,33.5,34.88,51.5,0.17,-0.15,0.32,阿科力,化学原料和化学制品制造业,主板,34.575000000000024,34.458749999999974,34.03749999999997,33.19999999999999,33.82319148936169
603722,2020-11-23,34.21,33.3,34.27,33.2,34.2,29908.0,100499000.0,34.32,34.34,33.10000000000001,33.43,34.76,47.49,0.09,-0.1,0.19,阿科力,化学原料和化学制品制造业,主板,34.44500000000002,34.31374999999998,34.0958333333333,33.39437499999998,33.78765957446807
603722,2020-11-24,32.2,32.2,32.46,31.46,33.3,28253.0,90601500.0,34.0,34.12,33.062500000000014,33.31,34.62,43.08,-0.05,-0.09,0.04,阿科力,化学原料和化学制品制造业,主板,33.52750000000002,34.088749999999976,34.08749999999997,33.562499999999986,33.7559574468085
603722,2020-11-25,32.25,31.98,32.36,31.62,32.2,17523.0,55893400.0,33.22,33.87,33.03300000000001,33.21,34.49,42.23,-0.18,-0.11,-0.07,阿科力,化学原料和化学制品制造业,主板,32.920000000000016,33.78249999999998,33.96666666666663,33.60624999999999,33.71085106382978
603722,2020-11-26,31.89,31.3,31.89,30.89,31.98,13444.0,42008100.0,32.6,33.6,32.99900000000001,33.1,34.38,39.64,-0.33,-0.15,-0.18,阿科力,化学原料和化学制品制造业,主板,32.19500000000002,33.38499999999998,33.70416666666664,33.57687499999999,33.64106382978723
603722,2020-11-27,31.04,31.48,31.5,30.66,31.3,11847.0,36746700.0,32.05,33.3,33.063500000000005,33.0,34.25,40.68,-0.43,-0.21,-0.22,阿科力,化学原料和化学制品制造业,主板,31.74000000000002,33.09249999999998,33.45583333333331,33.50687499999999,33.56872340425531
603722,2020-11-30,31.49,31.75,32.21,31.3,31.48,11748.0,37290700.0,31.74,33.03,33.17550000000001,32.93,34.12,42.28,-0.49,-0.26,-0.23,阿科力,化学原料和化学制品制造业,主板,31.627500000000023,32.57749999999998,33.26833333333331,33.47249999999999,33.51127659574467
603722,2020-12-01,31.75,32.25,32.5,31.2,31.75,11300.0,36177800.0,31.75,32.87,33.224000000000004,32.87,34.0,45.23,-0.48,-0.31,-0.17,阿科力,化学原料和化学制品制造业,主板,31.695000000000025,32.307499999999976,33.08666666666664,33.39874999999999,33.45723404255318
603722,2020-12-02,32.2,31.82,32.46,31.71,32.25,10196.0,32586300.0,31.72,32.47,33.22650000000001,32.84,33.88,43.19,-0.51,-0.35,-0.16,阿科力,化学原料和化学制品制造业,主板,31.825000000000028,32.00999999999998,32.864999999999974,33.23437499999999,33.38404255319148
603722,2020-12-03,31.71,32.0,32.25,31.36,31.82,8279.0,26320200.0,31.86,32.23,33.19650000000001,32.82,33.77,44.32,-0.52,-0.38,-0.14,阿科力,化学原料和化学制品制造业,主板,31.95500000000003,31.847499999999975,32.7133333333333,33.08062499999999,33.31808510638297
603722,2020-12-04,31.95,32.2,32.5,31.49,32.0,14132.0,45296300.0,32.0,32.03,33.19150000000001,32.8,33.68,45.62,-0.49,-0.4,-0.09,阿科力,化学原料和化学制品制造业,主板,32.06750000000003,31.847499999999975,32.40749999999997,32.96812499999999,33.27127659574467
603722,2020-12-07,32.05,31.69,32.1,31.52,32.2,9603.09,30484100.0,31.99,31.87,33.104500000000016,32.69,33.58,42.87,-0.51,-0.42,-0.09,阿科力,化学原料和化学制品制造业,主板,31.92750000000003,31.811249999999976,32.180833333333304,32.796875,33.189148936170206
603722,2020-12-08,31.54,32.03,32.03,31.43,31.69,10512.0,33359400.0,31.95,31.85,32.983500000000014,32.66,33.5,45.24,-0.49,-0.44,-0.05,阿科力,化学原料和化学制品制造业,主板,31.980000000000032,31.902499999999975,31.999999999999968,32.64375,33.139787234042544
603722,2020-12-09,32.0,31.56,32.15,31.51,32.03,8684.19,27485100.0,31.9,31.81,32.83850000000001,32.62,33.42,42.61,-0.51,-0.45,-0.06,阿科力,化学原料和化学制品制造业,主板,31.870000000000033,31.912499999999977,31.854999999999965,32.50249999999999,33.07787234042552
603722,2020-12-10,31.57,31.65,31.85,31.22,31.56,6459.45,20322900.0,31.83,31.84,32.72100000000001,32.61,33.37,43.29,-0.51,-0.46,-0.05,阿科力,化学原料和化学制品制造业,主板,31.732500000000034,31.899999999999977,31.80916666666663,32.23874999999999,33.06021276595744
603722,2020-12-11,31.61,30.9,31.63,30.63,31.65,8883.0,27554900.0,31.57,31.79,32.54450000000001,32.64,33.32,39.13,-0.56,-0.48,-0.08,阿科力,化学原料和化学制品制造业,主板,31.535000000000032,31.731249999999974,31.719166666666627,32.01937499999999,33.000638297872335
603722,2020-12-14,31.18,30.6,31.21,30.52,30.9,6741.0,20742600.0,31.35,31.67,32.35050000000001,32.67,33.26,37.58,-0.62,-0.51,-0.11,阿科力,化学原料和化学制品制造业,主板,31.17750000000003,31.578749999999978,31.660833333333297,31.79437499999999,32.94468085106382
603722,2020-12-15,30.61,29.65,30.64,29.58,30.6,15175.0,45360200.0,30.87,31.41,32.14200000000001,32.62,33.18,33.09,-0.74,-0.56,-0.18,阿科力,化学原料和化学制品制造业,主板,30.70000000000003,31.284999999999975,31.508333333333294,31.566249999999993,32.839999999999996
603722,2020-12-16,29.69,29.47,30.3,29.39,29.65,7364.0,21855300.0,30.45,31.18,31.82200000000001,32.54,33.09,32.31,-0.83,-0.61,-0.22,阿科力,化学原料和化学制品制造业,主板,30.15500000000003,30.943749999999973,31.31833333333329,31.395624999999992,32.71382978723404
603722,2020-12-17,29.24,29.45,29.55,28.35,29.47,12819.0,37003400.0,30.01,30.92,31.574000000000012,32.44,33.01,32.22,-0.9,-0.67,-0.23,阿科力,化学原料和化学制品制造业,主板,29.792500000000025,30.663749999999972,31.084999999999955,31.23749999999999,32.574468085106375
603722,2020-12-18,29.4,28.91,29.6,28.82,29.45,7772.0,22699600.0,29.62,30.59,31.309500000000007,32.32,32.91,29.76,-0.99,-0.73,-0.26,阿科力,化学原料和化学制品制造业,主板,29.370000000000026,30.273749999999975,30.84249999999996,31.088124999999987,32.44489361702127
603722,2020-12-21,28.92,29.75,30.05,28.5,28.91,13355.0,39130000.0,29.45,30.4,31.132000000000012,32.2,32.82,37.71,-0.98,-0.78,-0.2,阿科力,化学原料和化学制品制造业,主板,29.395000000000024,30.047499999999978,30.65499999999996,30.97999999999999,32.34106382978723
603722,2020-12-22,29.6,28.63,29.62,28.55,29.75,11530.0,33420800.0,29.24,30.06,30.95350000000001,32.01,32.71,32.44,-1.04,-0.83,-0.21,阿科力,化学原料和化学制品制造业,主板,29.185000000000024,29.669999999999977,30.35749999999996,30.78499999999999,32.22063829787234
603722,2020-12-23,28.42,28.62,28.88,28.42,28.63,6581.0,18833500.0,29.07,29.76,30.785500000000006,31.81,32.61,32.4,-1.09,-0.89,-0.2,阿科力,化学原料和化学制品制造业,主板,28.977500000000024,29.384999999999973,30.101666666666627,30.55812499999999,32.10765957446808
603722,2020-12-24,28.5,28.97,29.56,28.12,28.62,10303.0,29628400.0,28.98,29.49,30.66900000000001,31.65,32.5,35.65,-1.08,-0.92,-0.16,阿科力,化学原料和化学制品制造业,主板,28.992500000000028,29.181249999999974,29.846666666666625,30.379999999999992,31.999148936170208
603722,2020-12-25,28.6,28.6,28.97,28.32,28.97,6656.0,19026500.0,28.91,29.26,30.525000000000013,31.45,32.41,33.8,-1.1,-0.96,-0.14,阿科力,化学原料和化学制品制造业,主板,28.705000000000027,29.049999999999972,29.599999999999962,30.16749999999999,31.909787234042547
603722,2020-12-28,28.58,27.62,28.58,27.4,28.6,9955.0,27594400.0,28.49,28.97,30.31850000000001,31.22,32.29,29.43,-1.17,-1.0,-0.17,阿科力,化学原料和化学制品制造业,主板,28.45250000000003,28.81874999999997,29.26416666666663,29.88124999999999,31.80808510638297
603722,2020-12-29,27.5,27.47,27.8,27.18,27.62,6602.0,18141200.0,28.26,28.75,30.079500000000014,31.01,32.21,28.82,-1.23,-1.05,-0.18,阿科力,化学原料和化学制品制造业,主板,28.165000000000028,28.57124999999997,28.978333333333296,29.61749999999999,31.692978723404245
603722,2020-12-30,27.45,26.89,27.45,26.1,27.47,8769.0,23512900.0,27.91,28.49,29.83300000000001,30.71,32.09,26.52,-1.3,-1.1,-0.2,阿科力,化学原料和化学制品制造业,主板,27.64500000000003,28.31874999999997,28.669166666666626,29.296249999999986,31.519999999999992
603722,2020-12-31,27.16,27.39,27.51,26.87,26.89,7302.07,19978300.0,27.59,28.29,29.60250000000001,30.48,32.0,31.59,-1.31,-1.14,-0.17,阿科力,化学原料和化学制品制造业,主板,27.342500000000037,28.02374999999997,28.480833333333294,29.035624999999985,31.40170212765957
603722,2021-01-04,27.39,28.16,28.38,26.86,27.39,7776.0,21803700.0,27.51,28.21,29.400500000000005,30.28,31.89,38.62,-1.24,-1.16,-0.08,阿科力,化学原料和化学制品制造业,主板,27.477500000000035,27.96499999999997,28.37166666666663,28.81749999999999,31.30787234042553
603722,2021-01-05,27.95,27.94,28.11,27.71,28.16,7128.0,19871500.0,27.57,28.03,29.213000000000005,30.1,31.77,37.43,-1.19,-1.17,-0.02,阿科力,化学原料和化学制品制造业,主板,27.595000000000034,27.87999999999997,28.245833333333298,28.63249999999999,31.22191489361702
603722,2021-01-06,27.9,27.63,28.17,27.3,27.94,8031.0,22068200.0,27.6,27.93,28.993000000000006,29.95,31.63,35.77,-1.16,-1.16,0.0,阿科力,化学原料和化学制品制造业,主板,27.780000000000033,27.71249999999997,28.13916666666663,28.446874999999988,31.167446808510636
603722,2021-01-07,27.53,26.73,27.53,26.52,27.63,10329.0,27788500.0,27.57,27.74,28.75150000000001,29.77,31.49,31.41,-1.19,-1.17,-0.02,阿科力,化学原料和化学制品制造业,主板,27.615000000000034,27.47874999999997,27.887499999999964,28.26437499999999,31.108297872340422
603722,2021-01-08,26.73,26.86,27.14,26.1,26.73,6655.0,17782300.0,27.46,27.53,28.51200000000001,29.62,31.36,32.69,-1.2,-1.18,-0.02,阿科力,化学原料和化学制品制造业,主板,27.290000000000035,27.38374999999997,27.739999999999966,28.101249999999993,31.014255319148933
603722,2021-01-11,26.86,25.9,26.99,25.57,26.86,13218.1,34565600.0,27.01,27.26,28.26200000000001,29.44,31.22,28.47,-1.26,-1.19,-0.07,阿科力,化学原料和化学制品制造业,主板,26.780000000000037,27.18749999999997,27.513333333333296,27.879374999999992,30.88936170212766
603722,2021-01-12,25.89,25.5,26.15,25.38,25.9,6641.0,16981300.0,26.52,27.05,28.007000000000012,29.23,31.08,26.91,-1.33,-1.22,-0.11,阿科力,化学原料和化学制品制造业,主板,26.247500000000038,27.013749999999973,27.224166666666633,27.66624999999999,30.738297872340425
603722,2021-01-13,25.5,25.0,25.5,24.31,25.5,9488.15,23532800.0,26.0,26.8,27.77450000000001,28.99,30.93,25.07,-1.41,-1.26,-0.15,阿科力,化学原料和化学制品制造业,主板,25.815000000000037,26.714999999999975,26.924166666666633,27.36937499999999,30.582978723404256
603722,2021-01-14,24.83,24.67,25.28,24.24,25.0,6951.9,17119700.0,25.59,26.58,27.53450000000001,28.75,30.79,23.9,-1.48,-1.3,-0.18,阿科力,化学原料和化学制品制造业,主板,25.267500000000037,26.278749999999977,26.6783333333333,27.121874999999992,30.39659574468085
603722,2021-01-15,24.42,26.27,26.98,24.42,24.67,15703.8,40744400.0,25.47,26.47,27.375500000000006,28.56,30.69,38.76,-1.39,-1.32,-0.07,阿科力,化学原料和化学制品制造业,主板,25.360000000000035,26.06999999999998,26.5783333333333,26.97499999999999,30.22255319148936
603722,2021-01-18,26.27,27.3,27.48,26.27,26.27,11705.0,31852500.0,25.75,26.38,27.295000000000005,28.39,30.6,46.07,-1.23,-1.3,0.07,阿科力,化学原料和化学制品制造业,主板,25.810000000000038,26.02874999999998,26.61249999999997,26.87062499999999,30.070212765957447
603722,2021-01-19,27.3,28.07,28.57,27.3,27.3,14796.0,41620600.0,26.26,26.39,27.211000000000006,28.27,30.48,50.79,-1.02,-1.25,0.23,阿科力,化学原料和化学制品制造业,主板,26.577500000000036,26.19624999999998,26.669166666666637,26.837499999999988,29.944042553191487
603722,2021-01-20,28.1,29.94,30.16,28.1,28.07,19300.0,56584300.0,27.25,26.62,27.27650000000001,28.2,30.43,59.96,-0.7,-1.14,0.44,阿科力,化学原料和化学制品制造业,主板,27.895000000000035,26.581249999999983,26.817499999999967,26.982499999999987,29.84851063829787
603722,2021-01-21,29.94,28.99,30.1,28.95,29.94,18640.0,54769100.0,28.11,26.85,27.29500000000001,28.12,30.37,54.41,-0.51,-1.01,0.5,阿科力,化学原料和化学制品制造业,主板,28.575000000000035,26.967499999999983,26.90499999999997,27.077499999999986,29.73170212765957
603722,2021-01-22,29.32,29.21,29.46,28.34,28.99,9598.0,27853700.0,28.7,27.08,27.30700000000001,28.04,30.32,55.44,-0.34,-0.88,0.54,阿科力,化学原料和化学制品制造业,主板,29.052500000000034,27.431249999999984,27.036666666666633,27.222499999999986,29.633617021276596
603722,2021-01-25,29.68,27.42,29.68,27.3,29.21,14554.5,40972300.0,28.73,27.24,27.248000000000008,27.92,30.28,46.29,-0.35,-0.77,0.42,阿科力,化学原料和化学制品制造业,主板,28.890000000000036,27.733749999999986,27.094166666666634,27.224374999999988,29.453829787234046
603722,2021-01-26,27.83,26.86,28.2,26.7,27.42,11076.1,30266100.0,28.48,27.37,27.210000000000008,27.8,30.23,43.85,-0.39,-0.7,0.31,阿科力,化学原料和化学制品制造业,主板,28.120000000000033,28.007499999999986,27.094166666666634,27.143124999999987,29.2931914893617
603722,2021-01-27,26.84,27.29,27.47,26.62,26.86,8893.0,24092200.0,27.95,27.6,27.201000000000004,27.72,30.17,46.2,-0.4,-0.64,0.24,阿科力,化学原料和化学制品制造业,主板,27.695000000000032,28.134999999999984,27.20999999999997,27.10249999999999,29.146170212765956
603722,2021-01-28,27.28,26.35,27.3,26.3,27.29,6256.0,16696500.0,27.43,27.77,27.174000000000007,27.61,30.08,42.06,-0.46,-0.6,0.14,阿科力,化学原料和化学制品制造业,主板,26.980000000000032,28.01624999999998,27.280833333333305,27.02249999999999,28.998297872340423
603722,2021-01-29,26.35,25.64,26.83,25.61,26.35,7670.0,20061700.0,26.71,27.71,27.086500000000008,27.49,29.96,39.21,-0.57,-0.59,0.02,阿科力,化学原料和化学制品制造业,主板,26.53500000000003,27.712499999999984,27.334166666666636,26.954374999999988,28.85872340425532
603722,2021-02-01,25.46,28.2,28.2,25.46,25.64,10627.0,28971100.0,26.87,27.8,27.08850000000001,27.46,29.89,51.89,-0.44,-0.56,0.12,阿科力,化学原料和化学制品制造业,主板,26.87000000000003,27.494999999999983,27.628333333333302,27.038124999999987,28.778297872340424
603722,2021-02-02,29.61,29.2,29.98,28.5,28.2,24493.0,71885300.0,27.34,27.91,27.15150000000001,27.44,29.82,55.77,-0.25,-0.5,0.25,阿科力,化学原料和化学制品制造业,主板,27.347500000000032,27.52124999999998,27.87249999999997,27.244374999999987,28.733617021276597
603722,2021-02-03,29.31,29.0,29.69,28.8,29.2,13565.0,39658300.0,27.68,27.82,27.22000000000001,27.46,29.73,54.81,-0.12,-0.42,0.3,阿科力,化学原料和化学制品制造业,主板,28.010000000000034,27.49499999999998,28.014166666666636,27.463124999999987,28.680851063829788
603722,2021-02-04,28.99,28.63,29.28,28.21,29.0,9968.0,28544500.0,28.13,27.78,27.31500000000001,27.46,29.64,53.01,-0.04,-0.35,0.31,阿科力,化学原料和化学制品制造业,主板,28.757500000000032,27.64624999999998,28.060833333333303,27.689999999999987,28.614468085106385
603722,2021-02-05,29.18,28.16,29.92,28.03,28.63,11703.0,34044300.0,28.64,27.68,27.380000000000006,27.43,29.54,50.73,-0.03,-0.28,0.25,阿科力,化学原料和化学制品制造业,主板,28.747500000000034,27.808749999999982,27.91249999999997,27.908124999999988,28.527446808510643
603722,2021-02-08,28.18,29.0,29.69,27.2,28.16,13904.0,39232700.0,28.8,27.83,27.535000000000007,27.44,29.45,54.5,0.06,-0.22,0.28,阿科力,化学原料和化学制品制造业,主板,28.69750000000003,28.022499999999983,27.913333333333302,28.07874999999999,28.467446808510644
603722,2021-02-09,29.0,29.25,29.5,28.53,29.0,8883.0,25899700.0,28.81,28.07,27.722500000000007,27.5,29.36,55.59,0.15,-0.14,0.29,阿科力,化学原料和化学制品制造业,主板,28.760000000000034,28.384999999999984,27.91666666666664,28.200624999999988,28.408936170212773
603722,2021-02-10,28.99,28.27,29.2,27.9,29.25,11838.0,33589200.0,28.66,28.17,27.886000000000006,27.52,29.27,50.49,0.13,-0.09,0.22,阿科力,化学原料和化学制品制造业,主板,28.670000000000037,28.713749999999983,27.98749999999997,28.213124999999987,28.325319148936174
603722,2021-02-18,28.68,29.31,29.47,28.4,28.27,11069.0,32255100.0,28.8,28.47,28.118000000000006,27.6,29.16,55.19,0.21,-0.03,0.24,阿科力,化学原料和化学制品制造业,主板,28.95750000000004,28.852499999999985,28.191666666666634,28.173749999999988,28.27468085106383
603722,2021-02-19,29.28,29.76,29.76,28.98,29.31,12961.0,38196500.0,29.12,28.88,28.292500000000008,27.68,29.08,57.09,0.29,0.04,0.25,阿科力,化学原料和化学制品制造业,主板,29.147500000000036,28.922499999999985,28.397499999999965,28.221874999999986,28.226382978723407
603722,2021-02-22,30.0,29.74,30.58,29.65,29.76,15302.1,46126200.0,29.27,29.03,28.41450000000001,27.74,29.01,56.97,0.36,0.1,0.26,阿科力,化学原料和化学制品制造业,主板,29.27000000000004,29.014999999999986,28.679999999999964,28.25499999999999,28.18765957446809
603722,2021-02-23,29.87,28.91,29.87,28.66,29.74,11473.5,33316400.0,29.2,29.0,28.456500000000005,27.77,28.93,52.24,0.34,0.15,0.19,阿科力,化学原料和化学制品制造业,主板,29.43000000000004,29.04999999999999,28.95249999999997,28.34812499999999,28.129361702127664
603722,2021-02-24,28.67,28.01,29.28,27.9,28.91,11596.0,33082100.0,29.15,28.9,28.360000000000003,27.78,28.86,47.63,0.25,0.17,0.08,阿科力,化学原料和化学制品制造业,主板,29.10500000000004,29.03124999999999,28.936666666666635,28.419999999999987,28.067872340425534
603722,2021-02-25,28.44,27.59,28.56,27.5,28.01,6720.92,18675400.0,28.8,28.8,28.290000000000003,27.81,28.79,45.61,0.14,0.16,-0.02,阿科力,化学原料和化学制品制造业,主板,28.56250000000004,28.85499999999999,28.802499999999966,28.438749999999985,28.003829787234043
603722,2021-02-26,27.34,27.37,27.66,26.64,27.59,6402.41,17463300.0,28.32,28.72,28.198,27.83,28.72,44.54,0.03,0.14,-0.11,阿科力,化学原料和化学制品制造业,主板,27.970000000000038,28.61999999999999,28.666666666666632,28.502499999999984,27.955319148936166
603722,2021-03-01,27.45,28.44,28.44,27.34,27.37,6790.41,19071400.0,28.06,28.66,28.249000000000006,27.91,28.67,50.6,0.04,0.12,-0.08,阿科力,化学原料和化学制品制造业,主板,27.852500000000042,28.64124999999999,28.6508333333333,28.677499999999984,27.933404255319147
603722,2021-03-02,29.02,28.85,29.38,28.2,28.44,12957.0,37462400.0,28.05,28.62,28.34850000000001,28.02,28.63,52.73,0.08,0.11,-0.03,阿科力,化学原料和化学制品制造业,主板,28.06250000000004,28.583749999999988,28.7083333333333,28.718124999999986,27.920638297872337
603722,2021-03-03,28.55,29.34,29.45,28.46,28.85,10245.0,29789400.0,28.32,28.73,28.45100000000001,28.17,28.58,55.21,0.14,0.12,0.02,阿科力,化学原料和化学制品制造业,主板,28.500000000000036,28.531249999999986,28.736666666666633,28.726874999999986,27.929787234042543
603722,2021-03-04,29.0,28.84,29.26,28.7,29.34,9567.0,27650500.0,28.57,28.68,28.575500000000012,28.31,28.53,52.2,0.15,0.12,0.03,阿科力,化学原料和化学制品制造业,主板,28.867500000000035,28.41874999999998,28.70249999999996,28.716874999999984,27.910425531914882
603722,2021-03-05,28.61,28.25,29.2,28.2,28.84,10730.5,30708300.0,28.74,28.53,28.70600000000001,28.37,28.46,48.81,0.11,0.12,-0.01,阿科力,化学原料和化学制品制造业,主板,28.820000000000036,28.336249999999982,28.700833333333296,28.693124999999984,27.902340425531904
603722,2021-03-08,28.58,27.98,29.29,27.66,28.25,11770.0,33647500.0,28.65,28.36,28.69500000000001,28.4,28.39,47.3,0.05,0.11,-0.06,阿科力,化学原料和化学制品制造业,主板,28.602500000000035,28.332499999999982,28.589999999999964,28.681874999999984,27.88872340425531
603722,2021-03-09,28.0,27.7,28.2,26.5,27.98,14931.0,41022000.0,28.42,28.24,28.62000000000001,28.38,28.33,45.71,-0.01,0.08,-0.09,阿科力,化学原料和化学制品制造业,主板,28.19250000000003,28.34624999999998,28.418333333333297,28.600624999999983,27.861702127659566
603722,2021-03-10,27.72,27.52,28.01,26.93,27.7,6762.0,18531000.0,28.06,28.19,28.54600000000001,28.3,28.25,44.68,-0.07,0.05,-0.12,阿科力,化学原料和化学制品制造业,主板,27.862500000000033,28.36499999999998,28.233333333333295,28.492499999999982,27.838723404255312
603722,2021-03-11,27.52,27.65,27.9,27.2,27.52,5974.0,16477200.0,27.82,28.19,28.497000000000007,28.26,28.19,45.63,-0.11,0.02,-0.13,阿科力,化学原料和化学制品制造业,主板,27.712500000000034,28.26624999999998,28.12833333333329,28.45374999999998,27.839361702127654
603722,2021-03-12,27.71,27.52,27.87,27.4,27.65,3820.0,10518500.0,27.67,28.21,28.46500000000001,28.2,28.12,44.8,-0.16,-0.02,-0.14,阿科力,化学原料和化学制品制造业,主板,27.597500000000036,28.099999999999984,28.08749999999996,28.34187499999998,27.84042553191489
603722,2021-03-15,27.4,27.01,27.54,26.95,27.52,5888.0,16000500.0,27.48,28.07,28.365500000000008,28.19,28.05,41.59,-0.23,-0.06,-0.17,阿科力,化学原料和化学制品制造业,主板,27.425000000000036,27.808749999999982,28.039166666666627,28.16999999999998,27.842978723404247
603722,2021-03-16,27.01,27.63,27.68,27.01,27.01,5342.0,14638500.0,27.47,27.94,28.28450000000001,28.21,28.0,46.6,-0.23,-0.09,-0.14,阿科力,化学原料和化学制品制造业,主板,27.45250000000004,27.65749999999998,28.060833333333292,28.03812499999998,27.84808510638297
603722,2021-03-17,27.53,27.65,27.77,27.3,27.63,3212.0,8857430.0,27.49,27.78,28.25350000000001,28.23,27.97,46.76,-0.23,-0.12,-0.11,阿科力,化学原料和化学制品制造业,主板,27.452500000000036,27.582499999999982,27.99499999999996,27.959374999999977,27.837234042553185
603722,2021-03-18,27.68,27.49,28.18,27.4,27.65,6064.0,16801800.0,27.46,27.64,28.162500000000012,28.26,27.94,45.59,-0.24,-0.14,-0.1,阿科力,化学原料和化学制品制造业,主板,27.44500000000004,27.521249999999984,27.88166666666662,27.926874999999978,27.82765957446808
603722,2021-03-19,27.2,27.27,27.65,27.2,27.49,4704.17,12863700.0,27.41,27.54,28.03800000000001,28.32,27.9,43.97,-0.26,-0.17,-0.09,阿科力,化学原料和化学制品制造业,主板,27.510000000000037,27.467499999999987,27.709166666666622,27.906874999999978,27.81999999999999
603722,2021-03-22,27.27,27.39,27.6,27.01,27.27,3336.17,9115060.0,27.49,27.48,27.92050000000001,28.29,27.88,45.12,-0.27,-0.19,-0.08,阿科力,化学原料和化学制品制造业,主板,27.45000000000004,27.451249999999984,27.588333333333292,27.908124999999977,27.83404255319148
603722,2021-03-23,27.44,27.23,27.52,27.11,27.39,3253.0,8842380.0,27.41,27.44,27.83650000000001,28.23,27.83,43.82,-0.28,-0.21,-0.07,阿科力,化学原料和化学制品制造业,主板,27.345000000000034,27.398749999999982,27.50333333333329,27.83249999999998,27.841914893617016
603722,2021-03-24,27.11,27.26,27.35,27.11,27.23,2122.0,5778640.0,27.33,27.41,27.799000000000014,28.17,27.81,44.15,-0.28,-0.22,-0.06,阿科力,化学原料和化学制品制造业,主板,27.287500000000033,27.36624999999998,27.44333333333329,27.733124999999976,27.87085106382978
603722,2021-03-25,27.26,27.56,27.78,27.16,27.26,4517.25,12420700.0,27.34,27.4,27.797500000000007,28.13,27.79,47.4,-0.26,-0.23,-0.03,阿科力,化学原料和化学制品制造业,主板,27.36000000000003,27.43499999999998,27.431666666666626,27.621874999999978,27.91468085106382
603722,2021-03-26,27.75,27.88,28.16,27.6,27.56,5614.0,15676900.0,27.46,27.44,27.823000000000008,28.12,27.78,50.7,-0.21,-0.23,0.02,阿科力,化学原料和化学制品制造业,主板,27.482500000000034,27.46624999999998,27.461666666666627,27.56187499999998,27.975957446808504
603722,2021-03-29,27.87,28.81,28.96,27.66,27.88,10731.0,30666400.0,27.75,27.62,27.841500000000003,28.12,27.78,58.8,-0.09,-0.2,0.11,阿科力,化学原料和化学制品制造业,主板,27.87750000000003,27.61124999999998,27.558333333333294,27.59687499999998,28.06404255319148
603722,2021-03-30,28.81,28.94,29.28,28.0,28.81,8845.45,25455000.0,28.09,27.75,27.846000000000004,28.11,27.8,59.79,0.0,-0.16,0.16,阿科力,化学原料和化学制品制造业,主板,28.29750000000003,27.79249999999998,27.67666666666663,27.656874999999978,28.12085106382978
603722,2021-03-31,28.95,28.81,29.46,28.7,28.94,8586.0,24890700.0,28.4,27.86,27.819499999999998,28.12,27.82,58.28,0.07,-0.11,0.18,阿科力,化学原料和化学制品制造业,主板,28.610000000000028,27.984999999999978,27.82666666666663,27.72624999999998,28.152978723404246
603722,2021-04-01,29.15,29.0,29.18,28.29,28.81,9740.0,28013900.0,28.69,28.01,27.827499999999997,28.11,27.86,59.88,0.14,-0.06,0.2,阿科力,化学原料和化学制品制造业,主板,28.89000000000003,28.18624999999998,27.9408333333333,27.81874999999998,28.172765957446803
603722,2021-04-02,29.0,28.82,29.06,28.45,29.0,5289.0,15194900.0,28.88,28.17,27.856,28.08,27.88,57.62,0.18,-0.01,0.19,阿科力,化学原料和化学制品制造业,主板,28.892500000000027,28.38499999999998,28.0383333333333,27.89187499999998,28.148936170212757
603722,2021-04-06,28.44,28.55,28.97,28.44,28.82,5739.45,16414300.0,28.82,28.29,27.884499999999996,28.04,27.89,54.32,0.18,0.02,0.16,阿科力,化学原料和化学制品制造业,主板,28.79500000000003,28.546249999999983,28.126666666666633,27.956249999999983,28.139574468085094
603722,2021-04-07,28.46,28.63,28.84,28.4,28.55,4252.0,12180100.0,28.76,28.43,27.930999999999994,28.03,27.9,55.14,0.19,0.06,0.13,阿科力,化学原料和化学制品制造业,主板,28.75000000000003,28.679999999999986,28.239999999999966,28.057499999999983,28.127234042553184
603722,2021-04-08,28.55,30.57,31.49,28.26,28.63,36548.4,112057000.0,29.11,28.76,28.083499999999997,28.12,27.95,69.46,0.35,0.12,0.23,阿科力,化学原料和化学制品制造业,主板,29.142500000000027,29.016249999999985,28.504999999999967,28.241249999999983,28.194255319148922
603722,2021-04-09,30.03,32.25,32.46,29.78,30.57,36936.4,116238000.0,29.76,29.23,28.313499999999998,28.27,28.04,76.47,0.6,0.21,0.39,阿科力,化学原料和化学制品制造业,主板,30.00000000000003,29.446249999999985,28.9233333333333,28.528749999999985,28.308936170212757
603722,2021-04-12,32.22,30.98,32.92,30.7,32.25,22290.0,70384500.0,30.2,29.54,28.4865,28.39,28.11,64.43,0.69,0.31,0.38,阿科力,化学原料和化学制品制造业,主板,30.607500000000027,29.701249999999987,29.233333333333302,28.746874999999985,28.387446808510628
603722,2021-04-13,30.97,31.07,31.44,30.28,30.98,13324.0,41163800.0,30.7,29.76,28.689500000000002,28.48,28.2,64.86,0.76,0.4,0.36,阿科力,化学原料和化学制品制造业,主板,31.21750000000003,29.983749999999986,29.5258333333333,28.984374999999986,28.487872340425522
603722,2021-04-14,31.09,30.6,31.49,30.55,31.07,13228.0,40773700.0,31.09,29.93,28.838000000000005,28.54,28.28,60.8,0.78,0.48,0.3,阿科力,化学原料和化学制品制造业,主板,31.22500000000003,30.18374999999999,29.75249999999997,29.184999999999988,28.593404255319136
603722,2021-04-15,30.53,33.03,33.66,30.2,30.6,28749.4,92779900.0,31.59,30.35,29.107000000000006,28.66,28.42,70.93,0.97,0.57,0.4,阿科力,化学原料和化学制品制造业,主板,31.42000000000003,30.709999999999987,30.104166666666632,29.547499999999985,28.696170212765942
603722,2021-04-16,32.77,33.16,33.98,32.62,33.03,21148.0,70594400.0,31.77,30.77,29.390500000000003,28.81,28.56,71.35,1.12,0.68,0.44,阿科力,化学原料和化学制品制造业,主板,31.96500000000003,31.28624999999999,30.455833333333302,29.916249999999984,28.78042553191488
603722,2021-04-19,32.95,32.56,33.17,32.1,33.16,16851.1,55010900.0,32.08,31.14,29.65500000000001,28.95,28.66,66.5,1.18,0.78,0.4,阿科力,化学原料和化学制品制造业,主板,32.337500000000034,31.77749999999999,30.768333333333302,30.228749999999984,28.856170212765942
603722,2021-04-20,32.57,33.6,34.63,32.3,32.56,22335.4,74867900.0,32.59,31.64,29.96550000000001,29.14,28.77,70.27,1.29,0.88,0.41,阿科力,化学原料和化学制品制造业,主板,33.087500000000034,32.15624999999999,31.15166666666664,30.586249999999986,28.961914893617003
603722,2021-04-21,33.3,34.92,35.19,32.6,33.6,23227.0,79166200.0,33.45,32.27,30.350000000000005,29.38,28.88,74.24,1.47,1.0,0.47,阿科力,化学原料和化学制品制造业,主板,33.56000000000004,32.489999999999995,31.65999999999997,30.968124999999983,29.105744680851046
603722,2021-04-22,34.65,36.11,36.2,34.65,34.92,32240.0,114313000.0,34.07,32.83,30.792500000000008,29.66,28.98,77.19,1.69,1.14,0.55,阿科力,化学原料和化学制品制造业,主板,34.297500000000035,33.131249999999994,32.28999999999997,31.41624999999998,29.257021276595722
603722,2021-04-23,35.89,35.94,36.98,35.33,36.11,19311.7,69888100.0,34.63,33.2,31.21150000000001,29.94,29.1,75.85,1.83,1.28,0.55,阿科力,化学原料和化学制品制造业,主板,35.142500000000034,33.739999999999995,32.89916666666664,31.86187499999998,29.39936170212764
603722,2021-04-26,35.85,33.91,35.88,33.5,35.94,29822.0,102529000.0,34.9,33.49,31.513000000000012,30.15,29.18,62.03,1.76,1.37,0.39,阿科力,化学原料和化学制品制造业,主板,35.220000000000034,34.15374999999999,33.177499999999974,32.16874999999998,29.519361702127643
603722,2021-04-27,33.69,32.49,34.1,32.2,33.91,23261.0,76368600.0,34.67,33.63,31.697000000000013,30.34,29.26,54.54,1.56,1.41,0.15,阿科力,化学原料和化学制品制造业,主板,34.61250000000004,34.08624999999999,33.19749999999998,32.39812499999998,29.587021276595728
603722,2021-04-28,32.25,32.77,32.9,32.23,32.49,12641.9,41231200.0,34.24,33.85,31.88850000000001,30.51,29.36,55.68,1.41,1.41,0.0,阿科力,化学原料和化学制品制造业,主板,33.777500000000046,34.037499999999994,33.34666666666664,32.66187499999998,29.65106382978722
603722,2021-04-29,32.36,34.75,35.33,32.36,32.77,21247.3,72294400.0,33.97,34.02,32.18550000000001,30.74,29.49,62.77,1.45,1.42,0.03,阿科力,化学原料和化学制品制造业,主板,33.48000000000005,34.311249999999994,33.65333333333331,33.04437499999998,29.757659574468068
603722,2021-04-30,34.85,35.09,35.3,34.34,34.75,15489.5,54090300.0,33.8,34.21,32.490000000000016,31.0,29.63,63.84,1.48,1.43,0.05,阿科力,化学原料和化学制品制造业,主板,33.77500000000005,34.49749999999999,34.027499999999975,33.32687499999998,29.889148936170194
603722,2021-05-06,34.84,35.93,36.32,34.38,35.09,16133.3,56980000.0,34.21,34.55,32.84550000000001,31.29,29.8,66.4,1.56,1.46,0.1,阿科力,化学原料和化学制品制造业,主板,34.63500000000005,34.62374999999999,34.26916666666664,33.55687499999998,30.057659574468065
603722,2021-05-07,35.5,34.35,36.25,34.35,35.93,13743.5,48395500.0,34.58,34.63,33.135500000000015,31.52,29.91,58.05,1.46,1.46,0.0,阿科力,化学原料和化学制品制造业,主板,35.030000000000044,34.40374999999999,34.36833333333331,33.76749999999998,30.20148936170211
603722,2021-05-10,34.25,33.8,34.77,33.57,34.35,9396.29,31950400.0,34.78,34.51,33.39400000000001,31.74,29.98,55.44,1.34,1.43,-0.09,阿科力,化学原料和化学制品制造业,主板,34.79250000000005,34.13624999999999,34.47166666666664,33.93812499999997,30.33829787234041
603722,2021-05-11,33.45,34.59,34.7,32.85,33.8,8918.27,30265500.0,34.75,34.36,33.59500000000001,31.98,30.07,58.34,1.29,1.41,-0.12,阿科力,化学原料和化学制品制造业,主板,34.66750000000005,34.22125,34.554166666666646,34.18749999999997,30.469148936170193
603722,2021-05-12,34.39,34.31,34.71,33.6,34.59,5880.45,20094100.0,34.6,34.2,33.698000000000015,32.21,30.17,56.93,1.22,1.37,-0.15,阿科力,化学原料和化学制品制造业,主板,34.262500000000045,34.44875,34.50333333333331,34.26749999999997,30.58531914893615
603722,2021-05-13,34.21,34.4,35.0,33.8,34.31,7888.9,27244400.0,34.29,34.25,33.869000000000014,32.42,30.27,57.29,1.14,1.32,-0.18,阿科力,化学原料和化学制品制造业,主板,34.27500000000005,34.652499999999996,34.36083333333331,34.34499999999997,30.692978723404238
603722,2021-05-14,34.28,35.2,35.68,34.0,34.4,14862.2,52151000.0,34.46,34.52,34.07550000000001,32.64,30.38,60.44,1.14,1.29,-0.15,阿科力,化学原料和化学制品制造业,主板,34.62500000000004,34.708749999999995,34.29916666666664,34.50999999999998,30.82829787234041
603722,2021-05-17,35.5,34.37,35.52,33.82,35.2,13214.0,45270000.0,34.57,34.68,34.26400000000001,32.82,30.46,55.83,1.06,1.24,-0.18,阿科力,化学原料和化学制品制造业,主板,34.57000000000004,34.61874999999999,34.33749999999998,34.558124999999976,30.958510638297856
603722,2021-05-18,34.19,33.58,34.24,33.17,34.37,9805.07,32857400.0,34.37,34.56,34.29150000000001,32.98,30.55,51.79,0.92,1.18,-0.26,阿科力,化学原料和化学制品制造业,主板,34.387500000000045,34.32499999999999,34.428333333333306,34.47437499999998,31.07765957446807
603722,2021-05-19,33.18,33.05,33.85,32.51,33.58,14396.1,47453700.0,34.12,34.36,34.286000000000016,33.11,30.61,49.22,0.76,1.09,-0.33,阿科力,化学原料和化学制品制造业,主板,34.05000000000005,34.16249999999999,34.45166666666665,34.28312499999998,31.191489361702107
603722,2021-05-20,32.7,33.22,34.28,32.55,33.05,10129.0,33797900.0,33.88,34.09,34.31900000000002,33.26,30.67,50.07,0.64,1.0,-0.36,阿科力,化学原料和化学制品制造业,主板,33.55500000000005,34.08999999999998,34.32416666666665,34.11312499999998,31.31276595744679
603722,2021-05-21,33.15,33.63,34.25,33.01,33.22,6903.0,23299300.0,33.57,34.02,34.32050000000002,33.43,30.74,52.17,0.58,0.92,-0.34,阿科力,化学原料和化学制品制造业,主板,33.37000000000005,33.969999999999985,34.20249999999998,34.095624999999984,31.439999999999984
603722,2021-05-24,33.63,33.4,33.63,32.87,33.63,9897.0,32815200.0,33.38,33.98,34.244500000000016,33.59,30.81,50.88,0.49,0.83,-0.34,阿科力,化学原料和化学制品制造业,主板,33.325000000000045,33.85624999999998,33.99166666666664,34.15249999999998,31.56510638297871
603722,2021-05-25,33.4,36.74,36.74,33.2,33.4,30916.0,109996000.0,34.01,34.19,34.27600000000002,33.79,30.96,64.59,0.69,0.8,-0.11,阿科力,化学原料和化学制品制造业,主板,34.247500000000045,34.148749999999986,34.19083333333331,34.400624999999984,31.77212765957445
603722,2021-05-26,36.88,36.81,40.3,36.74,36.74,58887.0,225893000.0,34.76,34.44,34.31950000000002,33.95,31.11,64.81,0.84,0.81,0.03,阿科力,化学原料和化学制品制造业,主板,35.145000000000046,34.34999999999999,34.44166666666664,34.52937499999999,31.96744680851062
603722,2021-05-27,36.54,35.36,36.81,35.03,36.81,43634.3,155107000.0,35.19,34.54,34.39200000000002,34.09,31.24,56.87,0.84,0.82,0.02,阿科力,化学原料和化学制品制造业,主板,35.57750000000004,34.47374999999999,34.50583333333331,34.546249999999986,32.1314893617021
603722,2021-05-28,35.36,38.9,38.9,35.36,35.36,75466.0,289042000.0,36.24,34.91,34.71250000000002,34.35,31.42,67.38,1.11,0.88,0.23,阿科力,化学原料和化学制品制造业,主板,36.95250000000004,35.13874999999999,34.88833333333331,34.73187499999999,32.374255319148915
603722,2021-05-31,38.3,42.0,42.52,38.19,38.9,76056.0,306466000.0,37.96,35.67,35.17400000000002,34.73,31.64,73.47,1.56,1.01,0.55,阿科力,化学原料和化学制品制造业,主板,38.26750000000004,36.257499999999986,35.52166666666664,35.20999999999999,32.687659574468064
603722,2021-06-01,41.8,44.54,45.37,41.31,42.0,61699.4,270619000.0,39.52,36.76,35.66350000000001,35.12,31.89,77.23,2.09,1.23,0.86,阿科力,化学原料和化学制品制造业,主板,40.20000000000004,37.672499999999985,36.299999999999976,35.88124999999999,33.05255319148934
603722,2021-06-02,43.88,43.54,44.64,42.4,44.54,49029.0,213019000.0,40.87,37.81,36.08600000000001,35.46,32.13,72.85,2.4,1.46,0.94,阿科力,化学原料和化学制品制造业,主板,42.24500000000003,38.91124999999999,37.064166666666644,36.44062499999998,33.399574468085085
603722,2021-06-03,43.5,43.82,44.8,42.41,43.54,30663.5,133880000.0,42.56,38.87,36.48050000000002,35.84,32.39,73.31,2.64,1.7,0.94,阿科力,化学原料和化学制品制造业,主板,43.47500000000003,40.21374999999999,37.91749999999998,37.03499999999998,33.751914893617
603722,2021-06-04,44.38,41.19,44.38,40.77,43.82,46309.8,195050000.0,43.02,39.63,36.82250000000002,36.09,32.61,62.67,2.59,1.88,0.71,阿科力,化学原料和化学制品制造业,主板,43.27250000000003,40.76999999999999,38.59583333333331,37.45937499999999,34.041914893617
603722,2021-06-07,42.0,45.31,45.31,41.57,41.19,29921.1,132112000.0,43.68,40.82,37.398000000000025,36.44,32.91,70.01,2.85,2.07,0.78,阿科力,化学原料和化学制品制造业,主板,43.46500000000003,41.83249999999999,39.60333333333332,38.09124999999999,34.41276595744678
603722,2021-06-08,46.04,43.5,48.54,43.45,45.31,47756.9,216584000.0,43.47,41.5,37.84350000000002,36.68,33.17,64.05,2.88,2.23,0.65,阿科力,化学原料和化学制品制造业,主板,43.455000000000034,42.84999999999999,40.425833333333316,38.66187499999999,34.725319148936144
603722,2021-06-09,45.0,42.5,45.0,42.0,43.5,35782.1,153590000.0,43.26,42.07,38.25300000000002,36.9,33.42,60.96,2.78,2.34,0.44,阿科力,化学原料和化学制品制造业,主板,43.125000000000036,43.29999999999999,41.18416666666665,39.219374999999985,35.013829787234016
603722,2021-06-10,44.21,41.59,44.21,40.58,42.5,34449.0,143260000.0,42.82,42.69,38.612500000000026,37.16,33.66,58.21,2.61,2.4,0.21,阿科力,化学原料和化学制品制造业,主板,43.22500000000004,43.24874999999999,41.58833333333332,39.75312499999999,35.28574468085104
603722,2021-06-11,41.75,40.61,42.6,40.61,41.59,23762.0,98967900.0,42.7,42.86,38.883000000000024,37.43,33.88,55.32,2.36,2.39,-0.03,阿科力,化学原料和化学制品制造业,主板,42.05000000000004,42.757499999999986,41.90499999999999,40.21499999999999,35.53276595744678
603722,2021-06-15,41.02,39.8,41.39,39.2,40.61,21215.0,84409100.0,41.6,42.64,39.15450000000002,37.66,34.09,52.98,2.08,2.33,-0.25,阿科力,化学原料和化学制品制造业,主板,41.12500000000004,42.289999999999985,42.274999999999984,40.60062499999999,35.76638297872338
603722,2021-06-16,40.02,38.72,40.1,38.0,39.8,17918.0,69481800.0,40.64,42.06,39.41150000000002,37.8,34.27,49.94,1.74,2.21,-0.47,阿科力,化学原料和化学制品制造业,主板,40.18000000000004,41.65249999999998,42.25999999999999,40.93312499999999,35.98276595744678
603722,2021-06-17,38.47,40.0,41.5,38.15,38.72,19356.0,77230700.0,40.14,41.7,39.75900000000002,37.96,34.48,53.35,1.57,2.08,-0.51,阿科力,化学原料和化学制品制造业,主板,39.78250000000004,41.50374999999998,42.09333333333333,41.13687499999999,36.2246808510638
603722,2021-06-18,39.94,39.82,40.43,39.01,40.0,13751.0,54658600.0,39.79,41.3,40.08900000000002,38.09,34.69,52.81,1.39,1.94,-0.55,阿科力,化学原料和化学制品制造业,主板,39.585000000000036,40.81749999999998,41.699999999999996,41.32499999999999,36.4214893617021
603722,2021-06-21,39.81,40.48,41.67,39.7,39.82,16669.0,67938400.0,39.76,41.23,40.43150000000002,38.29,34.91,54.64,1.3,1.81,-0.51,阿科力,化学原料和化学制品制造业,主板,39.75500000000004,40.43999999999998,41.444999999999986,41.64499999999999,36.59659574468082
603722,2021-06-22,40.81,44.53,44.53,40.0,40.48,62177.0,269636000.0,40.71,41.15,40.98800000000002,38.65,35.19,63.9,1.52,1.76,-0.24,阿科力,化学原料和化学制品制造业,主板,41.20750000000004,40.69374999999998,41.504166666666656,41.99687499999999,36.88489361702125
603722,2021-06-23,45.46,48.98,48.98,44.61,44.53,43495.5,208090000.0,42.76,41.7,41.60000000000002,39.13,35.56,70.92,2.04,1.81,0.23,阿科力,化学原料和化学制品制造业,主板,43.452500000000036,41.61749999999998,42.15333333333332,42.43312499999999,37.26595744680848
603722,2021-06-24,49.0,49.19,53.58,48.0,48.98,84181.5,418549000.0,44.6,42.37,42.21900000000003,39.63,35.92,71.21,2.45,1.94,0.51,阿科力,化学原料和化学制品制造业,主板,45.79500000000004,42.689999999999976,42.47666666666665,42.723749999999995,37.6614893617021
603722,2021-06-25,50.23,48.73,50.68,47.71,49.19,34278.0,167587000.0,46.38,43.09,42.88750000000003,40.1,36.26,69.6,2.7,2.09,0.61,阿科力,化学原料和化学制品制造业,主板,47.85750000000004,43.80624999999998,42.91249999999999,43.048125,37.99553191489359
603722,2021-06-28,48.85,49.03,50.42,48.0,48.73,29247.0,143743000.0,48.09,43.93,43.39400000000003,40.56,36.6,70.07,2.89,2.25,0.64,阿科力,化学原料和化学制品制造业,主板,48.98250000000004,45.09499999999997,43.45666666666665,43.373749999999994,38.333191489361674
603722,2021-06-29,49.1,50.35,51.3,48.3,49.03,31216.0,155950000.0,49.26,44.98,43.81150000000003,41.1,36.96,72.13,3.1,2.42,0.68,阿科力,化学原料和化学制品制造业,主板,49.32500000000004,46.38874999999997,44.186666666666646,43.94624999999999,38.71170212765955
603722,2021-06-30,50.36,52.0,52.16,49.03,50.35,20718.0,105484000.0,49.86,46.31,44.18450000000003,41.71,37.34,74.5,3.37,2.61,0.76,阿科力,化学原料和化学制品制造业,主板,50.02750000000004,47.911249999999974,45.135833333333316,44.364374999999995,39.10319148936168
603722,2021-07-01,52.01,49.35,52.01,49.3,52.0,17369.0,86870600.0,49.89,47.25,44.47500000000004,42.25,37.68,64.97,3.34,2.76,0.58,阿科力,化学原料和化学制品制造业,主板,50.18250000000004,49.019999999999975,45.93166666666665,44.73,39.41021276595742
603722,2021-07-02,49.08,49.2,50.16,48.7,49.35,17657.8,87243000.0,49.99,48.18,44.744000000000035,42.79,38.02,64.46,3.25,2.86,0.39,阿科力,化学原料和化学制品制造业,主板,50.225000000000044,49.60374999999998,46.804999999999986,45.14875,39.68872340425529
603722,2021-07-05,49.88,49.6,51.8,49.0,49.2,16308.8,81569400.0,50.1,49.1,45.16450000000003,43.32,38.37,65.24,3.18,2.92,0.26,阿科力,化学原料和化学制品制造业,主板,50.037500000000044,49.68124999999998,47.60499999999999,45.649375,39.97936170212763
603722,2021-07-06,49.54,48.21,49.54,47.14,49.6,22446.4,107687000.0,49.67,49.46,45.309500000000035,43.81,38.7,60.33,2.98,2.93,0.05,阿科力,化学原料和化学制品制造业,主板,49.090000000000046,49.558749999999975,48.30416666666665,46.124375,40.28361702127656
603722,2021-07-07,47.98,48.1,48.56,45.72,48.21,17720.0,84492700.0,48.89,49.38,45.53950000000004,44.19,38.99,59.94,2.78,2.9,-0.12,阿科力,化学原料和化学制品制造业,主板,48.777500000000046,49.479999999999976,48.93916666666666,46.643125000000005,40.61574468085103
603722,2021-07-08,48.68,46.99,48.68,46.0,48.1,17433.0,82288700.0,48.42,49.16,45.76400000000004,44.53,39.24,56.06,2.5,2.82,-0.32,阿科力,化学原料和化学制品制造业,主板,48.22500000000005,49.22499999999998,49.144166666666656,47.160000000000004,40.918297872340396
603722,2021-07-09,47.59,47.1,48.08,46.62,46.99,15083.0,71104400.0,48.0,48.99,46.03950000000004,44.92,39.51,56.36,2.27,2.71,-0.44,阿科力,化学原料和化学制品制造业,主板,47.60000000000005,48.81874999999998,48.98749999999999,47.603750000000005,41.1810638297872
603722,2021-07-12,47.13,47.68,48.9,46.91,47.1,21097.0,100762000.0,47.62,48.86,46.393000000000036,45.22,39.78,58.0,2.11,2.59,-0.48,阿科力,化学原料和化学制品制造业,主板,47.46750000000005,48.27874999999998,48.86166666666666,48.095,41.44893617021273
603722,2021-07-13,47.37,46.46,49.75,46.0,47.68,26487.5,125533000.0,47.27,48.47,46.72600000000004,45.36,40.05,53.46,1.86,2.44,-0.58,阿科力,化学原料和化学制品制造业,主板,47.057500000000054,47.917499999999976,48.67249999999999,48.46875,41.67297872340422
603722,2021-07-14,45.97,45.43,46.8,44.0,46.46,22243.0,101956000.0,46.73,47.81,47.06150000000004,45.39,40.25,49.9,1.55,2.27,-0.72,阿科力,化学原料和化学制品制造业,主板,46.667500000000054,47.44624999999998,48.372499999999995,48.525,41.90872340425529
603722,2021-07-15,45.25,44.86,45.55,43.37,45.43,17548.0,77986000.0,46.31,47.36,47.30450000000003,45.44,40.45,48.0,1.26,2.06,-0.8,阿科力,化学原料和化学制品制造业,主板,46.10750000000005,46.85374999999998,47.91499999999999,48.2675,42.14404255319146
603722,2021-07-16,44.86,45.52,45.67,43.64,44.86,17506.7,78069900.0,45.99,47.0,47.58950000000003,45.49,40.67,50.36,1.06,1.86,-0.8,阿科力,化学原料和化学制品制造业,主板,45.56750000000005,46.51749999999998,47.37499999999999,48.038124999999994,42.37659574468082
603722,2021-07-19,45.4,43.75,45.4,42.64,45.52,22822.8,99637600.0,45.2,46.41,47.75300000000003,45.58,40.84,44.53,0.75,1.64,-0.89,阿科力,化学原料和化学制品制造业,主板,44.89000000000005,45.973749999999974,46.908333333333324,47.72687499999999,42.57744680851061
603722,2021-07-20,43.19,44.35,44.6,42.76,43.75,10496.0,45791100.0,44.78,46.02,47.744000000000035,45.55,40.99,46.78,0.56,1.42,-0.86,阿科力,化学原料和化学制品制造业,主板,44.62000000000005,45.643749999999976,46.504166666666656,47.434374999999996,42.78914893617018
603722,2021-07-21,44.44,44.62,44.88,43.6,44.35,13074.2,58114200.0,44.62,45.68,47.52600000000003,45.58,41.13,47.8,0.41,1.22,-0.81,阿科力,化学原料和化学制品制造业,主板,44.560000000000045,45.333749999999974,46.08916666666665,47.076249999999995,42.989574468085074
603722,2021-07-22,44.89,44.0,44.89,43.0,44.62,15801.0,69285400.0,44.45,45.38,47.26650000000003,45.64,41.27,45.63,0.25,1.03,-0.78,阿科力,化学原料和化学制品制造业,主板,44.18000000000004,44.87374999999997,45.738333333333316,46.576249999999995,43.19446808510635
603722,2021-07-23,43.9,41.97,44.0,41.3,44.0,33744.8,142134000.0,43.74,44.86,46.92850000000003,45.65,41.4,39.32,-0.05,0.81,-0.86,阿科力,化学原料和化学制品制造业,主板,43.73500000000004,44.31249999999998,45.227499999999985,46.114999999999995,43.37297872340422
603722,2021-07-26,41.6,43.36,44.0,41.22,41.97,27047.1,116148000.0,43.66,44.43,46.64500000000003,45.74,41.58,44.93,-0.17,0.62,-0.79,阿科力,化学原料和化学制品制造业,主板,43.48750000000005,44.05374999999998,44.92499999999998,45.74999999999999,43.59234042553188
603722,2021-07-27,42.76,41.42,43.59,41.0,43.36,19171.0,80954100.0,43.07,43.93,46.19850000000003,45.79,41.73,39.45,-0.42,0.41,-0.83,阿科力,化学原料和化学制品制造业,主板,42.68750000000004,43.62374999999998,44.45166666666665,45.23874999999999,43.76680851063827
603722,2021-07-28,40.88,39.96,41.41,38.99,41.42,16725.2,66831300.0,42.14,43.38,45.596500000000034,45.83,41.81,35.89,-0.71,0.18,-0.89,阿科力,化学原料和化学制品制造业,主板,41.677500000000045,42.92874999999998,43.808333333333316,44.72312499999999,43.9014893617021
603722,2021-07-29,40.96,41.27,42.1,40.0,39.96,20130.1,82735700.0,41.6,43.02,45.19250000000003,45.88,41.92,41.03,-0.84,-0.02,-0.82,阿科力,化学原料和化学制品制造业,主板,41.50250000000005,42.61874999999998,43.37583333333331,44.296249999999986,44.06893617021273
603722,2021-07-30,41.0,43.08,43.49,40.8,41.27,17459.0,73537300.0,41.82,42.78,44.88650000000003,45.99,42.04,47.3,-0.79,-0.17,-0.62,阿科力,化学原料和化学制品制造业,主板,41.43250000000005,42.45999999999997,43.179999999999986,44.05187499999999,44.203829787234014
603722,2021-08-02,43.0,43.25,43.7,42.2,43.08,14974.0,64102900.0,41.8,42.73,44.56900000000003,46.08,42.19,47.86,-0.72,-0.28,-0.44,阿科力,化学原料和化学制品制造业,主板,41.89000000000004,42.28874999999997,43.04583333333332,43.81124999999999,44.34085106382976
603722,2021-08-03,43.3,43.66,45.36,42.6,43.25,20984.0,92682700.0,42.24,42.66,44.341500000000025,46.05,42.35,49.27,-0.63,-0.35,-0.28,阿科力,化学原料和化学制品制造业,主板,42.81500000000004,42.246249999999975,42.89083333333332,43.55999999999999,44.517446808510606
603722,2021-08-04,43.69,46.39,46.5,43.69,43.66,31433.2,142793000.0,43.53,42.84,44.25600000000002,45.96,42.55,57.48,-0.33,-0.35,0.02,阿科力,化学原料和化学制品制造业,主板,44.095000000000034,42.79874999999997,43.11083333333332,43.555624999999985,44.67680851063826
603722,2021-08-05,46.5,45.28,46.69,44.8,46.39,20522.0,93529500.0,44.33,42.96,44.17050000000002,45.83,42.73,53.67,-0.18,-0.31,0.13,阿科力,化学原料和化学制品制造业,主板,44.64500000000004,43.038749999999965,43.18833333333331,43.546249999999986,44.74659574468082
603722,2021-08-06,45.35,45.61,46.7,44.53,45.28,21624.9,98736200.0,44.84,43.33,44.09600000000002,45.73,42.92,54.63,-0.04,-0.26,0.22,阿科力,化学原料和化学制品制造业,主板,45.23500000000004,43.562499999999964,43.270833333333314,43.593124999999986,44.769361702127625
603722,2021-08-09,49.0,44.87,49.0,44.61,45.61,27667.1,127030000.0,45.16,43.48,43.95550000000002,45.59,43.08,52.03,0.01,-0.21,0.22,阿科力,化学原料和化学制品制造业,主板,45.537500000000044,44.17624999999997,43.34333333333331,43.55249999999999,44.79765957446805
603722,2021-08-10,44.87,46.24,47.2,44.71,44.87,24557.5,113899000.0,45.68,43.96,43.94450000000002,45.45,43.28,56.19,0.17,-0.13,0.3,阿科力,化学原料和化学制品制造业,主板,45.50000000000004,44.79749999999997,43.69916666666665,43.70812499999999,44.849148936170174
603722,2021-08-11,46.56,45.38,46.7,45.18,46.24,16287.6,74387000.0,45.48,44.5,43.94200000000002,45.23,43.47,53.08,0.21,-0.06,0.27,阿科力,化学原料和化学制品制造业,主板,45.52500000000004,45.08499999999997,43.86749999999998,43.77249999999999,44.938297872340385
603722,2021-08-12,45.8,46.44,47.26,45.1,45.38,18388.8,85271600.0,45.71,45.02,44.02100000000002,45.14,43.69,56.3,0.34,0.02,0.32,阿科力,化学原料和化学制品制造业,主板,45.732500000000044,45.48374999999997,44.28583333333331,43.88624999999998,44.96234042553188
603722,2021-08-13,46.58,45.19,46.63,44.62,46.44,16865.2,76577900.0,45.62,45.23,44.00450000000002,45.0,43.89,51.79,0.33,0.08,0.25,阿科力,化学原料和化学制品制造业,主板,45.81250000000004,45.67499999999997,44.721666666666636,43.96062499999998,44.99829787234039
603722,2021-08-16,45.47,43.62,45.47,42.95,45.19,20379.8,89355500.0,45.37,45.27,43.99800000000002,44.8,44.06,46.72,0.19,0.1,0.09,阿科力,化学原料和化学制品制造业,主板,45.15750000000004,45.32874999999997,44.91749999999997,44.06374999999998,45.02212765957443
603722,2021-08-17,43.65,42.33,44.39,42.31,43.62,12776.2,55417600.0,44.59,45.14,43.89700000000002,44.61,44.21,43.0,-0.02,0.08,-0.1,阿科力,化学原料和化学制品制造业,主板,44.39500000000004,44.959999999999965,44.85499999999997,43.99937499999998,45.03787234042549
603722,2021-08-18,42.34,42.36,43.2,42.03,42.33,8215.0,34934800.0,43.99,44.73,43.78400000000002,44.41,44.3,43.12,-0.19,0.02,-0.21,阿科力,化学原料和化学制品制造业,主板,43.37500000000004,44.553749999999965,44.780833333333305,44.05812499999998,45.07510638297868
603722,2021-08-19,41.66,42.58,43.4,41.66,42.36,9441.0,40148500.0,43.22,44.46,43.71300000000002,44.27,44.4,44.0,-0.3,-0.04,-0.26,阿科力,化学原料和化学制品制造业,主板,42.72250000000004,44.26749999999996,44.69083333333331,44.22187499999998,45.134255319148885
603722,2021-08-20,40.7,43.15,43.41,40.16,42.58,17312.1,73321700.0,42.81,44.22,43.77200000000002,44.14,44.53,46.32,-0.33,-0.1,-0.23,阿科力,化学原料和化学制品制造业,主板,42.60500000000004,43.88124999999996,44.42083333333331,44.33937499999998,45.22851063829783
603722,2021-08-23,44.66,47.33,47.47,44.27,43.15,35415.0,164901000.0,43.55,44.46,43.97050000000002,44.12,44.67,59.54,-0.02,-0.08,0.06,阿科力,化学原料和化学制品制造业,主板,43.85500000000005,44.12499999999996,44.59166666666665,44.60499999999998,45.38446808510634
603722,2021-08-24,47.48,52.06,52.06,47.0,47.33,50311.5,257218000.0,45.5,45.04,44.502500000000026,44.31,44.84,68.88,0.6,0.05,0.55,阿科力,化学原料和化学制品制造业,主板,46.280000000000044,44.82749999999996,45.129166666666656,45.155624999999986,45.644893617021225
603722,2021-08-25,51.95,50.28,52.0,48.27,52.06,55336.4,276852000.0,47.08,45.53,45.018500000000024,44.47,44.93,62.99,0.94,0.23,0.71,阿科力,化学原料和化学制品制造业,主板,48.20500000000004,45.463749999999955,45.579999999999984,45.56937499999999,45.853404255319106
603722,2021-08-26,51.99,50.98,52.66,50.34,50.28,23069.5,118633000.0,48.76,45.99,45.504000000000026,44.68,45.06,64.28,1.25,0.43,0.82,阿科力,化学原料和化学制品制造业,主板,50.16250000000004,46.38374999999996,45.97499999999999,45.85624999999999,45.99063829787229
603722,2021-08-27,51.16,51.14,51.8,50.34,50.98,16007.3,81663900.0,50.36,46.58,45.907000000000025,44.86,45.18,64.59,1.49,0.65,0.84,阿科力,化学原料和化学制品制造业,主板,51.11500000000004,47.48499999999996,46.454999999999984,46.22249999999999,46.036595744680795
603722,2021-08-30,50.61,49.45,51.14,48.7,51.14,22262.0,110483000.0,50.78,47.17,46.21700000000003,45.05,45.32,58.87,1.52,0.82,0.7,阿科力,化学原料和化学制品制造业,主板,50.462500000000034,48.371249999999954,46.70583333333332,46.46249999999999,46.04212765957441
603722,2021-08-31,49.52,49.5,49.95,48.5,49.45,18228.0,89700500.0,50.27,47.88,46.50900000000003,45.23,45.39,58.99,1.54,0.96,0.58,阿科力,化学原料和化学制品制造业,主板,50.267500000000034,49.236249999999956,47.064999999999976,46.75187499999999,46.05851063829781
603722,2021-09-01,49.8,49.12,51.35,47.6,49.5,23901.2,118447000.0,50.04,48.56,46.64550000000003,45.38,45.48,57.66,1.5,1.07,0.43,阿科力,化学原料和化学制品制造业,主板,49.80250000000004,49.98249999999996,47.52333333333331,46.93187499999999,46.06042553191483
603722,2021-09-02,48.6,49.08,49.69,48.5,49.12,10890.8,53420300.0,49.66,49.21,46.83550000000003,45.54,45.59,57.51,1.45,1.15,0.3,阿科力,化学原料和化学制品制造业,主板,49.28750000000004,50.20124999999996,48.08583333333331,47.163124999999994,46.033404255319084
603722,2021-09-03,49.0,48.19,49.8,47.6,49.08,11431.8,55411300.0,49.07,49.71,46.96450000000003,45.75,45.7,54.21,1.33,1.18,0.15,阿科力,化学原料和化学制品制造业,主板,48.97250000000004,49.71749999999996,48.57166666666665,47.272499999999994,45.95234042553185
603722,2021-09-06,48.0,48.97,49.21,47.58,48.19,10290.2,49734200.0,48.97,49.88,47.16950000000003,45.94,45.84,56.56,1.28,1.2,0.08,阿科力,化学原料和化学制品制造业,主板,48.84000000000004,49.553749999999965,49.10416666666665,47.50874999999999,45.94425531914887
603722,2021-09-07,48.9,51.4,51.89,48.11,48.97,19091.0,96249400.0,49.35,49.81,47.42750000000002,46.27,46.03,62.96,1.42,1.25,0.17,阿科力,化学原料和化学制品制造业,主板,49.41000000000004,49.60624999999996,49.79166666666665,47.99499999999999,45.99106382978717
603722,2021-09-08,51.3,53.85,54.18,50.5,51.4,19543.2,103351000.0,50.3,50.17,47.85100000000003,46.74,46.28,68.06,1.71,1.34,0.37,阿科力,化学原料和化学制品制造业,主板,50.602500000000035,49.944999999999965,50.33499999999998,48.71499999999999,46.08148936170207
603722,2021-09-09,53.69,53.02,54.5,52.6,53.85,14125.0,75129700.0,51.09,50.37,48.18000000000003,47.13,46.5,64.8,1.84,1.44,0.4,阿科力,化学原料和化学制品制造业,主板,51.81000000000004,50.391249999999964,50.414999999999985,49.38124999999999,46.18382978723398
603722,2021-09-10,53.02,52.82,53.19,51.55,53.02,14995.5,78674500.0,52.01,50.54,48.56150000000004,47.45,46.72,64.01,1.92,1.54,0.38,阿科力,化学原料和化学制品制造业,主板,52.77250000000004,50.80624999999996,50.62666666666666,50.02124999999999,46.28425531914888
603722,2021-09-13,52.63,52.5,53.5,50.9,52.82,12650.5,65549300.0,52.72,50.84,49.00550000000003,47.76,46.92,62.68,1.93,1.61,0.32,阿科力,化学原料和化学制品制造业,主板,53.047500000000035,51.22874999999996,50.75333333333332,50.60562499999999,46.401489361702076
603722,2021-09-14,52.25,50.47,52.3,50.37,52.5,11355.0,58095100.0,52.53,50.94,49.41250000000003,47.99,47.02,54.92,1.76,1.64,0.12,阿科力,化学原料和化学制品制造业,主板,52.202500000000036,51.40249999999997,50.69749999999999,50.80187499999999,46.473191489361646
603722,2021-09-15,50.49,54.22,54.81,50.04,50.47,25058.3,132256000.0,52.61,51.45,50.005500000000026,48.25,47.11,63.83,1.89,1.69,0.2,阿科力,化学原料和化学制品制造业,主板,52.50250000000003,52.156249999999964,51.09499999999999,50.936874999999986,46.61234042553186
603722,2021-09-16,54.22,50.97,54.55,50.8,54.22,21705.0,112592000.0,52.2,51.64,50.42500000000002,48.44,47.13,53.89,1.72,1.7,0.02,阿科力,化学原料和化学制品制造业,主板,52.040000000000035,52.40624999999996,51.217499999999994,50.97999999999999,46.70829787234037
603722,2021-09-17,50.71,50.9,52.15,49.13,50.97,12353.0,62453400.0,51.81,51.91,50.812500000000014,48.61,47.17,53.69,1.56,1.67,-0.11,阿科力,化学原料和化学制品制造业,主板,51.64000000000003,52.34374999999996,51.36583333333332,50.97499999999999,46.824680851063775
603722,2021-09-22,50.44,49.94,50.81,48.87,50.9,12842.0,63880800.0,51.3,52.01,50.94300000000001,48.78,47.19,50.98,1.34,1.6,-0.26,阿科力,化学原料和化学制品制造业,主板,51.50750000000003,51.854999999999954,51.43749999999999,50.899999999999984,46.932765957446755
603722,2021-09-23,49.77,48.73,50.17,47.8,49.94,14776.0,71822800.0,50.95,51.74,50.77650000000001,48.87,47.16,47.71,1.06,1.5,-0.44,阿科力,化学原料和化学制品制造业,主板,50.135000000000026,51.31874999999996,51.482499999999995,50.85499999999998,47.00106382978718
603722,2021-09-24,48.68,47.45,48.68,46.92,48.73,14336.0,67867800.0,49.6,51.1,50.63500000000001,48.93,47.08,44.46,0.72,1.34,-0.62,阿科力,化学原料和化学制品制造业,主板,49.25500000000003,50.64749999999996,51.35583333333333,50.726874999999986,47.07978723404249
603722,2021-09-27,47.45,45.03,47.46,44.3,47.45,16343.2,73923700.0,48.41,50.3,50.33750000000001,48.89,47.01,39.05,0.26,1.12,-0.86,阿科力,化学原料和化学制品制造业,主板,47.78750000000003,49.71374999999996,50.824999999999996,50.47124999999998,47.094255319148886
603722,2021-09-28,45.03,44.87,45.57,44.0,45.03,8917.33,39923800.0,47.2,49.51,50.02400000000001,48.88,46.94,38.71,-0.12,0.88,-1.0,阿科力,化学原料和化学制品制造业,主板,46.52000000000003,49.01374999999996,50.07666666666666,50.20812499999998,47.09957446808505
603722,2021-09-29,44.5,43.88,45.22,43.5,44.87,8567.0,37691300.0,45.99,48.65,49.74550000000001,48.89,46.84,36.62,-0.5,0.6,-1.1,阿科力,化学原料和化学制品制造业,主板,45.30750000000003,47.721249999999955,49.315,49.938749999999985,47.0970212765957
603722,2021-09-30,44.2,44.08,44.93,43.76,43.88,9869.0,43626900.0,45.06,48.01,49.4745,48.94,46.78,37.35,-0.76,0.33,-1.09,阿科力,化学原料和化学制品制造业,主板,44.46500000000003,46.85999999999996,48.586666666666666,49.633124999999986,47.14191489361698
603722,2021-10-08,44.3,45.05,45.8,44.3,44.08,7502.0,33919500.0,44.58,47.09,49.271,49.03,46.72,40.95,-0.9,0.08,-0.98,阿科力,化学原料和化学制品制造业,主板,44.470000000000034,46.12874999999996,47.96583333333333,49.236249999999984,47.17787234042549
603722,2021-10-11,45.29,44.33,45.29,44.18,45.05,6926.56,30905400.0,44.44,46.43,49.0335,49.09,46.68,39.15,-1.04,-0.14,-0.9,阿科力,化学原料和化学制品制造业,主板,44.335000000000036,45.42749999999996,47.45416666666666,48.641249999999985,47.2397872340425
603722,2021-10-12,44.5,42.94,44.74,42.43,44.33,9080.06,39114100.0,44.06,45.63,48.770999999999994,49.09,46.61,35.88,-1.25,-0.36,-0.89,阿科力,化学原料和化学制品制造业,主板,44.10000000000004,44.70374999999996,46.514166666666654,48.01124999999999,47.30319148936165
603722,2021-10-13,43.34,43.23,43.47,41.85,42.94,6060.8,25868800.0,43.93,44.96,48.483999999999995,48.95,46.54,37.06,-1.38,-0.57,-0.81,阿科力,化学原料和化学制品制造业,主板,43.88750000000003,44.17624999999996,45.86916666666665,47.41187499999999,47.34489361702123
603722,2021-10-14,43.2,44.38,44.8,42.5,43.23,7332.0,32057600.0,43.99,44.52,48.132999999999996,48.69,46.5,41.65,-1.38,-0.73,-0.65,阿科力,化学原料和化学制品制造业,主板,43.72000000000003,44.094999999999956,45.32583333333332,46.90437499999999,47.37255319148932
603722,2021-10-15,44.38,45.88,46.68,43.11,44.38,9625.33,43832100.0,44.15,44.37,47.73449999999999,48.55,46.51,47.07,-1.24,-0.83,-0.41,阿科力,化学原料和化学制品制造业,主板,44.10750000000003,44.221249999999955,44.98749999999999,46.617499999999986,47.42851063829783
603722,2021-10-18,45.89,45.5,46.0,44.78,45.88,6277.0,28365300.0,44.39,44.41,47.35849999999999,48.36,46.52,45.91,-1.14,-0.89,-0.25,阿科力,化学原料和化学制品制造业,主板,44.74750000000003,44.423749999999956,44.71833333333333,46.072499999999984,47.467659574468044
603722,2021-10-19,44.86,45.08,45.62,44.7,45.5,5023.0,22634800.0,44.81,44.44,46.97149999999999,48.16,46.51,44.6,-1.1,-0.93,-0.17,阿科力,化学原料和化学制品制造业,主板,45.21000000000003,44.548749999999956,44.52083333333332,45.704374999999985,47.43978723404252
603722,2021-10-20,44.51,45.3,45.9,44.51,45.08,6848.13,31035600.0,45.23,44.58,46.61149999999999,48.02,46.54,45.48,-1.03,-0.95,-0.08,阿科力,化学原料和化学制品制造业,主板,45.440000000000026,44.579999999999956,44.54333333333332,45.35437499999998,47.44021276595741
603722,2021-10-21,45.3,44.8,45.8,44.56,45.3,6446.0,29035100.0,45.31,44.65,46.32799999999999,47.87,46.55,43.78,-1.0,-0.96,-0.04,阿科力,化学原料和化学制品制造业,主板,45.17000000000003,44.63874999999996,44.53749999999999,45.033124999999984,47.42297872340422
603722,2021-10-22,44.2,44.41,45.2,44.0,44.8,4627.0,20601100.0,45.02,44.58,45.837499999999984,47.71,46.54,42.44,-1.0,-0.97,-0.03,阿科力,化学原料和化学制品制造业,主板,44.89750000000003,44.822499999999955,44.58166666666665,44.76312499999998,47.413191489361665
603722,2021-10-25,44.41,44.73,44.95,43.57,44.41,4819.25,21399500.0,44.86,44.62,45.52549999999998,47.56,46.55,43.95,-0.96,-0.97,0.01,阿科力,化学原料和化学制品制造业,主板,44.81000000000003,45.009999999999955,44.635833333333316,44.59312499999998,47.3810638297872
603722,2021-10-26,44.51,45.53,46.23,44.14,44.73,8511.0,38660500.0,44.95,44.88,45.256999999999984,47.48,46.61,47.65,-0.85,-0.94,0.09,阿科力,化学原料和化学制品制造业,主板,44.867500000000035,45.15374999999996,44.675833333333316,44.62437499999998,47.384255319148906
603722,2021-10-27,45.45,44.57,45.52,43.5,45.53,7118.0,31747500.0,44.81,45.02,44.98849999999999,47.33,46.63,43.91,-0.83,-0.92,0.09,阿科力,化学原料和化学制品制造业,主板,44.81000000000003,44.98999999999996,44.69583333333332,44.60562499999998,47.34446808510636
603722,2021-10-28,44.0,42.89,44.78,42.38,44.57,7276.0,31502700.0,44.43,44.87,44.696499999999986,47.04,46.66,38.25,-0.95,-0.93,-0.02,阿科力,化学原料和化学制品制造业,主板,44.43000000000003,44.66374999999996,44.69166666666664,44.54374999999998,47.29553191489359
603722,2021-10-29,42.89,43.83,43.88,42.59,42.89,5095.62,22122000.0,44.31,44.66,44.51549999999999,46.71,46.72,42.7,-0.95,-0.93,-0.02,阿科力,化学原料和化学制品制造业,主板,44.205000000000034,44.50749999999996,44.741666666666646,44.52812499999998,47.29999999999997
603722,2021-11-01,43.69,42.42,44.5,42.0,43.83,9332.03,39765300.0,43.85,44.36,44.384999999999984,46.36,46.74,38.25,-1.05,-0.96,-0.09,阿科力,化学原料和化学制品制造业,主板,43.42750000000003,44.14749999999996,44.57833333333331,44.36374999999998,47.301914893616996
603722,2021-11-02,42.42,42.64,43.87,41.92,42.42,7409.0,31794200.0,43.27,44.11,44.273499999999984,46.02,46.73,39.31,-1.1,-0.98,-0.12,阿科力,化学原料和化学制品制造业,主板,42.945000000000036,43.877499999999955,44.30833333333331,44.25812499999998,47.3078723404255
603722,2021-11-03,42.64,45.19,45.25,42.44,42.64,10749.1,47184200.0,43.39,44.1,44.338999999999984,45.77,46.77,50.04,-0.93,-0.97,0.04,阿科力,化学原料和化学制品制造业,主板,43.52000000000004,43.97499999999995,44.28249999999997,44.39874999999998,47.36340425531912
603722,2021-11-04,45.65,48.28,48.5,44.15,45.19,22151.6,103737000.0,44.47,44.45,44.54899999999998,45.7,46.84,59.41,-0.54,-0.89,0.35,阿科力,化学原料和化学制品制造业,主板,44.632500000000036,44.418749999999946,44.54916666666663,44.714374999999976,47.47255319148933
603722,2021-11-05,48.1,47.11,49.39,47.0,48.28,12341.5,59176900.0,45.13,44.72,44.65199999999998,45.46,46.86,55.19,-0.31,-0.77,0.46,阿科力,化学原料和化学制品制造业,主板,45.805000000000035,44.61624999999995,44.69999999999997,44.88499999999998,47.46787234042551
603722,2021-11-08,46.91,45.42,46.99,45.1,47.11,12625.0,57676900.0,45.73,44.79,44.70649999999998,45.28,46.86,49.7,-0.27,-0.67,0.4,阿科力,化学原料和化学制品制造业,主板,46.50000000000004,44.722499999999954,44.75166666666664,44.856249999999974,47.32659574468083
603722,2021-11-09,45.42,48.35,49.2,45.04,45.42,18863.6,90444400.0,46.87,45.07,44.976999999999975,45.19,46.9,57.58,0.0,-0.54,0.54,阿科力,化学原料和化学制品制造业,主板,47.29000000000004,45.40499999999996,45.07999999999998,45.034374999999976,47.28553191489359
603722,2021-11-10,48.01,48.56,49.57,47.6,48.35,13389.2,65122500.0,47.54,45.47,45.24349999999997,45.15,46.97,58.09,0.23,-0.38,0.61,阿科力,化学原料和化学制品制造业,主板,47.36000000000004,45.99624999999996,45.399166666666645,45.25187499999998,47.23404255319146
603722,2021-11-11,48.69,50.33,51.05,48.21,48.56,17235.0,86618000.0,47.95,46.21,45.540999999999976,45.2,47.03,62.19,0.54,-0.2,0.74,阿科力,化学原料和化学制品制造业,主板,48.165000000000035,46.98499999999996,45.79916666666665,45.56624999999998,47.21680851063827
603722,2021-11-12,50.33,49.98,51.36,49.23,50.33,12651.6,63295100.0,48.53,46.83,45.745999999999974,45.29,47.11,60.92,0.76,-0.01,0.77,阿科力,化学原料和化学制品制造业,主板,49.305000000000035,47.90249999999996,46.24999999999998,45.889999999999986,47.228085106382956
603722,2021-11-15,49.96,48.83,49.96,47.72,49.98,11905.6,58162800.0,49.21,47.47,45.91249999999998,45.41,47.15,56.82,0.82,0.16,0.66,阿科力,化学原料和化学制品制造业,主板,49.42500000000003,48.35749999999996,46.74499999999998,46.16624999999999,47.21382978723402
603722,2021-11-16,48.59,48.68,50.0,48.0,48.83,9137.31,44469400.0,49.28,48.07,46.09249999999997,45.54,47.21,56.28,0.86,0.3,0.56,阿科力,化学原料和化学制品制造业,主板,49.455000000000034,48.407499999999956,47.149166666666645,46.41312499999999,47.204468085106356
603722,2021-11-17,48.68,50.1,51.19,48.21,48.68,12234.0,60976500.0,49.58,48.56,46.332499999999975,45.75,47.32,60.1,0.99,0.44,0.55,阿科力,化学原料和化学制品制造业,主板,49.397500000000036,48.78124999999996,47.78916666666665,46.69874999999999,47.22617021276593
603722,2021-11-18,50.2,49.63,51.07,49.3,50.1,8986.13,45153100.0,49.44,48.7,46.57399999999998,45.93,47.44,58.28,1.04,0.56,0.48,阿科力,化学原料和化学制品制造业,主板,49.31000000000004,49.307499999999955,48.37166666666665,47.014999999999986,47.25680851063827
603722,2021-11-19,49.13,54.59,54.59,49.13,49.63,32613.1,174669000.0,50.37,49.45,47.082999999999984,46.25,47.64,68.93,1.46,0.74,0.72,阿科力,化学原料和化学制品制造业,主板,50.75000000000004,50.08749999999995,49.154999999999994,47.74624999999999,47.376382978723385
603722,2021-11-22,55.95,55.2,57.2,53.5,54.59,40988.8,225877000.0,51.64,50.42,47.60649999999998,46.61,47.85,69.95,1.83,0.96,0.87,阿科力,化学原料和化学制品制造业,主板,52.38000000000004,50.91749999999995,49.73166666666666,48.45687499999999,47.45723404255317
603722,2021-11-23,55.55,56.8,58.66,54.58,55.2,30888.4,176268000.0,53.26,51.27,48.16999999999998,47.07,48.08,72.49,2.22,1.21,1.01,阿科力,化学原料和化学制品制造业,主板,54.05500000000004,51.72624999999995,50.53916666666666,49.35562499999999,47.51999999999998
603722,2021-11-24,58.0,57.99,58.89,56.75,56.8,27810.0,160949000.0,54.84,52.21,48.84099999999998,47.57,48.26,74.23,2.6,1.49,1.11,阿科力,化学原料和化学制品制造业,主板,56.14500000000004,52.72749999999995,51.586666666666666,50.31499999999999,47.62574468085104
603722,2021-11-25,57.0,55.0,57.8,54.8,57.99,25303.4,140740000.0,55.92,52.68,49.446499999999986,47.92,48.31,63.36,2.63,1.72,0.91,阿科力,化学原料和化学制品制造业,主板,56.24750000000004,53.49874999999995,52.140833333333326,50.928124999999994,47.67212765957444
603722,2021-11-26,54.01,55.98,56.46,53.51,55.0,16156.0,89810200.0,56.19,53.28,50.05399999999998,48.26,48.4,65.16,2.7,1.91,0.79,阿科力,化学原料和化学制品制造业,主板,56.44250000000004,54.41124999999995,52.75916666666666,51.409375,47.74617021276593
603722,2021-11-29,56.15,55.17,56.3,54.11,55.98,14102.0,77428700.0,56.19,53.91,50.69149999999998,48.58,48.47,62.43,2.66,2.06,0.6,阿科力,化学原料和化学制品制造业,主板,56.03500000000004,55.04499999999995,53.16249999999999,51.913124999999994,47.84617021276594
603722,2021-11-30,55.5,54.66,55.93,53.79,55.17,12252.0,66826100.0,55.76,54.51,51.292499999999976,48.9,48.53,60.7,2.56,2.16,0.4,阿科力,化学原料和化学制品制造业,主板,55.20250000000004,55.673749999999956,53.55249999999998,52.490624999999994,47.8555319148936
603722,2021-12-01,54.66,54.21,54.66,53.52,54.66,10081.0,54461200.0,55.0,54.92,51.74349999999997,49.2,48.61,59.15,2.41,2.21,0.2,阿科力,化学原料和化学制品制造业,主板,55.00500000000004,55.626249999999956,54.00083333333331,52.856874999999995,47.92446808510637
603722,2021-12-02,54.59,52.65,55.25,52.5,54.21,11083.0,59136200.0,54.53,55.22,51.961999999999975,49.46,48.66,53.99,2.14,2.2,-0.06,阿科力,化学原料和化学制品制造业,主板,54.172500000000035,55.307499999999955,54.33166666666665,53.1125,47.961702127659564
603722,2021-12-03,52.64,53.86,54.07,52.5,52.65,9897.0,52730900.0,54.11,55.15,52.29949999999998,49.77,48.74,57.11,2.0,2.16,-0.16,阿科力,化学原料和化学制品制造业,主板,53.84500000000003,54.939999999999955,54.64499999999998,53.333124999999995,48.04510638297871
603722,2021-12-06,53.9,52.76,54.5,52.55,53.86,8900.32,47391700.0,53.63,54.91,52.66649999999997,50.04,48.8,53.55,1.79,2.08,-0.29,阿科力,化学原料和化学制品制造业,主板,53.370000000000026,54.28624999999995,54.90583333333331,53.506874999999994,48.13085106382978
603722,2021-12-07,53.4,51.36,53.85,51.0,52.76,8636.0,44908400.0,52.97,54.36,52.81699999999997,50.23,48.86,49.34,1.48,1.96,-0.48,阿科力,化学原料和化学制品制造业,主板,52.65750000000002,53.831249999999955,54.63666666666665,53.66499999999999,48.21404255319149
603722,2021-12-08,51.38,53.17,53.5,51.38,51.36,6553.0,34598600.0,52.76,53.88,53.04749999999998,50.52,48.92,54.34,1.37,1.84,-0.47,阿科力,化学原料和化学制品制造业,主板,52.787500000000016,53.479999999999954,54.46749999999997,53.94562499999999,48.38723404255319
603722,2021-12-09,53.52,53.03,54.9,52.6,53.17,9043.0,48598200.0,52.84,53.68,53.18249999999998,50.86,48.95,53.9,1.26,1.73,-0.47,阿科力,化学原料和化学制品制造业,主板,52.58000000000001,53.212499999999956,54.15333333333331,54.12874999999999,48.56085106382979
603722,2021-12-10,53.4,52.85,53.44,51.8,53.03,6598.83,34669400.0,52.63,53.37,53.32599999999998,51.16,48.94,53.3,1.15,1.61,-0.46,阿科力,化学原料和化学制品制造业,主板,52.60250000000002,52.986249999999956,53.72499999999997,54.32999999999999,48.75170212765957
603722,2021-12-13,53.6,53.43,53.6,52.16,52.85,5135.75,27303500.0,52.77,53.2,53.55599999999998,51.53,48.94,55.04,1.09,1.51,-0.42,阿科力,化学原料和化学制品制造业,主板,53.12000000000002,52.88874999999996,53.59416666666664,54.257499999999986,48.95063829787234
603722,2021-12-14,53.82,53.15,53.82,53.01,53.43,4063.0,21624600.0,53.13,53.05,53.779499999999985,51.88,48.95,53.99,1.01,1.41,-0.4,阿科力,化学原料和化学制品制造业,主板,53.11500000000001,52.95124999999996,53.3583333333333,54.12937499999998,49.12297872340425
603722,2021-12-15,53.07,52.83,53.6,52.71,53.15,3804.0,20185700.0,53.06,52.91,53.91599999999998,52.13,48.95,52.76,0.91,1.31,-0.4,阿科力,化学原料和化学制品制造业,主板,53.065000000000005,52.822499999999955,53.163333333333306,53.88124999999999,49.30382978723404
603722,2021-12-16,52.83,56.13,56.8,52.62,52.83,15458.0,85640300.0,53.68,53.26,54.240999999999985,52.39,49.05,62.33,1.08,1.26,-0.18,阿科力,化学原料和化学制品制造业,主板,53.88500000000001,53.243749999999956,53.28583333333331,53.764999999999986,49.58446808510638
603722,2021-12-17,55.8,54.06,55.8,54.0,56.13,9880.0,53896700.0,53.92,53.28,54.21449999999999,52.63,49.04,54.83,1.04,1.22,-0.18,阿科力,化学原料和化学制品制造业,主板,54.042500000000004,53.581249999999955,53.27333333333331,53.70624999999998,49.81489361702127
603722,2021-12-20,54.04,51.98,54.19,51.8,54.06,7198.99,37960900.0,53.63,53.2,54.053499999999985,52.84,49.06,48.5,0.83,1.14,-0.31,阿科力,化学原料和化学制品制造业,主板,53.75000000000001,53.432499999999955,53.21749999999998,53.45624999999998,49.97659574468084
603722,2021-12-21,52.0,51.97,52.88,51.2,51.98,5472.99,28387700.0,53.39,53.26,53.81199999999999,52.96,49.08,48.48,0.66,1.04,-0.38,阿科力,化学原料和化学制品制造业,主板,53.53500000000001,53.299999999999955,53.05999999999998,53.25624999999999,50.106170212765946
603722,2021-12-22,51.97,52.57,53.25,51.64,51.97,3904.0,20528800.0,53.34,53.2,53.54099999999998,53.1,49.12,50.39,0.56,0.95,-0.39,阿科力,化学原料和化学制品制造业,主板,52.64500000000001,53.26499999999995,53.044166666666655,53.12562499999999,50.25659574468084
603722,2021-12-23,53.03,52.52,53.03,52.01,52.57,3236.0,16961000.0,52.62,53.15,53.41699999999999,53.17,49.19,50.22,0.47,0.85,-0.38,阿科力,化学原料和化学制品制造业,主板,52.260000000000005,53.15124999999995,53.14083333333332,53.01999999999999,50.414893617021264
603722,2021-12-24,52.81,51.2,53.14,51.2,52.52,5226.0,27046100.0,52.05,52.98,53.17799999999998,53.21,49.25,45.89,0.3,0.74,-0.44,阿科力,化学原料和化学制品制造业,主板,52.065000000000005,52.90749999999995,52.97666666666666,52.92937499999999,50.54042553191488
603722,2021-12-27,51.18,51.86,52.35,50.0,51.2,4141.0,21322800.0,52.02,52.83,53.012499999999974,53.31,49.36,48.29,0.2,0.63,-0.43,阿科力,化学原料和化学制品制造业,主板,52.0375,52.78624999999995,52.87916666666666,52.80437499999999,50.69063829787232
603722,2021-12-28,52.49,52.59,52.85,51.56,51.86,2873.0,14997800.0,52.15,52.77,52.90899999999997,53.44,49.49,50.89,0.19,0.54,-0.35,阿科力,化学原料和化学制品制造业,主板,52.042500000000004,52.34374999999996,52.857499999999995,52.793749999999996,50.86468085106382
603722,2021-12-29,52.7,53.13,53.19,51.61,52.59,4370.0,22951000.0,52.26,52.8,52.854999999999976,53.54,49.65,52.78,0.22,0.48,-0.26,阿科力,化学原料和化学制品制造业,主板,52.195,52.22749999999996,52.8325,52.904374999999995,51.04340425531914
603722,2021-12-30,53.13,53.0,53.25,52.5,53.13,3276.01,17324300.0,52.36,52.49,52.87249999999997,53.66,49.79,52.25,0.23,0.43,-0.2,阿科力,化学原料和化学制品制造业,主板,52.644999999999996,52.354999999999954,52.82,52.89375,51.2023404255319
603722,2021-12-31,53.09,53.92,54.16,52.41,53.0,4363.0,23299500.0,52.9,52.47,52.875499999999974,53.63,49.94,55.6,0.3,0.4,-0.1,阿科力,化学原料和化学制品制造业,主板,53.16,52.59874999999995,52.91083333333333,52.949374999999996,51.40127659574466
603722,2022-01-04,53.88,51.9,54.39,51.78,53.92,5794.0,30404100.0,52.91,52.47,52.83249999999998,53.52,50.07,47.7,0.21,0.37,-0.16,阿科力,化学原料和化学制品制造业,主板,52.98749999999999,52.51499999999995,52.55833333333333,52.88999999999999,51.592978723404244
603722,2022-01-05,52.49,51.7,52.58,51.51,51.9,7673.0,39922000.0,52.73,52.44,52.84949999999999,53.35,50.21,46.99,0.11,0.31,-0.2,阿科力,化学原料和化学制品制造业,主板,52.629999999999995,52.41249999999995,52.36166666666666,52.781875,51.760425531914876
603722,2022-01-06,52.22,55.74,56.29,51.58,51.7,20854.7,115043000.0,53.25,52.76,52.97799999999999,53.28,50.42,59.98,0.35,0.32,0.03,阿科力,化学原料和化学制品制造业,主板,53.315,52.979999999999954,52.67499999999999,52.94375,52.043829787234024
603722,2022-01-07,55.99,53.64,57.67,53.4,55.74,16237.7,90368900.0,53.38,52.87,53.00849999999999,53.23,50.58,52.74,0.37,0.33,0.04,阿科力,化学原料和化学制品制造业,主板,53.24499999999999,53.20249999999995,52.81416666666666,52.994375,52.27787234042551
603722,2022-01-10,53.6,52.98,53.89,52.0,53.64,7033.0,37333500.0,53.19,53.05,53.015,53.13,50.7,50.68,0.33,0.33,0.0,阿科力,化学原料和化学制品制造业,主板,53.51499999999999,53.251249999999956,52.84833333333332,52.7975,52.44361702127657
603722,2022-01-11,53.88,53.31,55.32,52.58,52.98,6013.37,32344200.0,53.47,53.19,53.00899999999999,53.07,50.83,51.7,0.32,0.33,-0.01,阿科力,化学原料和化学制品制造业,主板,53.917500000000004,53.27374999999996,52.91416666666665,52.750625,52.55063829787231
603722,2022-01-12,53.02,55.15,55.32,52.56,53.31,7740.52,41994700.0,54.16,53.45,53.108999999999995,53.09,50.99,57.03,0.46,0.35,0.11,阿科力,化学原料和化学制品制造业,主板,53.769999999999996,53.542499999999954,53.24333333333331,52.94875,52.72170212765955
603722,2022-01-13,55.0,55.19,55.96,54.21,55.15,7843.54,43297500.0,54.05,53.65,53.227,53.12,51.16,57.14,0.56,0.4,0.16,阿科力,化学原料和化学制品制造业,主板,54.1575,53.70124999999995,53.52083333333331,53.14999999999999,52.92957446808508
603722,2022-01-14,54.38,55.8,56.3,54.18,55.19,8216.54,45841600.0,54.49,53.93,53.21049999999999,53.23,51.34,58.88,0.68,0.45,0.23,阿科力,化学原料和化学制品制造业,主板,54.862500000000004,54.188749999999956,53.7883333333333,53.351874999999986,53.088085106382955
603722,2022-01-17,55.51,58.73,58.9,55.51,55.8,13340.5,77258600.0,55.64,54.41,53.443999999999996,53.39,51.58,66.02,1.0,0.56,0.44,阿科力,化学原料和化学制品制造业,主板,56.2175,55.06749999999996,54.25499999999997,53.73999999999999,53.304468085106365
603722,2022-01-18,58.85,58.12,60.1,57.89,58.73,8933.54,52496500.0,56.6,55.04,53.75099999999999,53.57,51.8,63.55,1.2,0.69,0.51,阿科力,化学原料和化学制品制造业,主板,56.96,55.36499999999996,54.681666666666636,54.172499999999985,53.47021276595743
603722,2022-01-19,57.85,57.36,58.57,57.05,58.12,5285.99,30376700.0,57.04,55.6,54.020499999999984,53.77,52.0,60.51,1.27,0.81,0.46,阿科力,化学原料和化学制品制造业,主板,57.5025,55.82999999999996,54.968333333333305,54.516249999999985,53.62723404255317
603722,2022-01-20,57.6,55.31,59.21,55.06,57.36,16257.0,93010500.0,57.06,55.56,54.157499999999985,53.84,52.18,53.12,1.16,0.88,0.28,阿科力,化学原料和化学制品制造业,主板,57.379999999999995,56.12124999999996,55.25249999999997,54.68624999999998,53.76510638297871
603722,2022-01-21,55.32,57.27,58.3,54.5,55.31,13861.0,78498800.0,57.36,55.92,54.39499999999998,53.98,52.42,58.35,1.2,0.94,0.26,阿科力,化学原料和化学制品制造业,主板,57.01499999999999,56.61624999999996,55.71666666666663,54.94499999999998,53.94787234042552
603722,2022-01-24,57.34,58.26,59.5,56.58,57.27,8821.0,51534600.0,57.26,56.45,54.747999999999976,54.16,52.66,60.74,1.31,1.02,0.29,阿科力,化学原料和化学制品制造业,主板,57.05,57.00499999999996,55.92666666666663,55.27374999999998,54.12148936170212
603722,2022-01-25,58.26,57.25,59.11,57.0,58.26,8708.0,50592500.0,57.09,56.84,55.017499999999984,54.29,52.91,57.14,1.3,1.07,0.23,阿科力,化学原料和化学制品制造业,主板,57.022499999999994,57.26249999999997,56.227499999999964,55.48187499999998,54.283617021276584
603722,2022-01-26,57.68,58.27,59.89,57.51,57.25,8404.0,49242100.0,57.27,57.16,55.30149999999999,54.46,53.17,59.74,1.35,1.13,0.22,阿科力,化学原料和化学制品制造业,主板,57.76249999999999,57.57124999999997,56.668333333333294,55.87999999999998,54.361914893617005
603722,2022-01-27,57.83,56.34,58.04,55.66,58.27,10404.0,59010500.0,57.48,57.27,55.461999999999975,54.58,53.35,53.18,1.23,1.15,0.08,阿科力,化学原料和化学制品制造业,主板,57.529999999999994,57.272499999999965,56.92083333333329,56.16999999999998,54.38617021276595
603722,2022-01-28,56.1,55.17,57.55,54.5,56.34,8613.0,48016700.0,57.06,57.21,55.57049999999998,54.54,53.47,49.63,1.02,1.12,-0.1,阿科力,化学原料和化学制品制造业,主板,56.75749999999999,56.90374999999996,56.92249999999996,56.13437499999998,54.351489361702114
603722,2022-02-07,55.35,55.55,57.73,55.28,55.17,7187.0,40609700.0,56.52,56.89,55.65199999999997,54.59,53.61,50.78,0.89,1.08,-0.19,阿科力,化学原料和化学制品制造业,主板,56.332499999999996,56.67749999999996,56.95249999999995,56.253749999999975,54.299574468085105
603722,2022-02-08,55.0,53.76,55.53,52.8,55.55,7538.75,40457500.0,55.82,56.45,55.74499999999997,54.65,53.75,45.5,0.62,0.98,-0.36,阿科力,化学原料和化学制品制造业,主板,55.20499999999999,56.48374999999996,56.78249999999995,56.302499999999974,54.27319148936171
603722,2022-02-09,53.76,54.08,54.36,53.1,53.76,3730.0,20022600.0,54.98,56.13,55.86399999999996,54.72,53.84,46.57,0.43,0.87,-0.44,阿科力,化学原料和化学制品制造业,主板,54.63999999999999,56.08499999999996,56.39499999999995,56.35062499999998,54.23276595744681
603722,2022-02-10,53.76,52.98,54.07,52.18,54.08,7318.0,38643900.0,54.31,55.89,55.725999999999964,54.74,53.92,43.42,0.18,0.74,-0.56,阿科力,化学原料和化学制品制造业,主板,54.09249999999999,55.42499999999996,55.96666666666662,56.21499999999998,54.18617021276596
603722,2022-02-11,52.96,50.95,53.12,50.89,52.98,7349.42,37920400.0,53.46,55.26,55.59149999999996,54.68,53.93,38.27,-0.17,0.55,-0.72,阿科力,化学原料和化学制品制造业,主板,52.94249999999998,54.63749999999996,55.432499999999955,55.94999999999999,54.10723404255319
603722,2022-02-14,50.51,50.3,51.7,49.73,50.95,6889.0,34911800.0,52.41,54.46,55.45749999999996,54.65,53.93,36.77,-0.49,0.35,-0.84,阿科力,化学原料和化学制品制造业,主板,52.077499999999986,53.641249999999964,55.01499999999995,55.60624999999999,54.02404255319149
603722,2022-02-15,50.31,51.3,51.86,49.35,50.3,7140.55,36277900.0,51.92,53.87,55.35699999999996,54.64,53.97,40.63,-0.66,0.14,-0.8,阿科力,化学原料和化学制品制造业,主板,51.38249999999999,53.01124999999996,54.51749999999995,55.141874999999985,53.995319148936176
603722,2022-02-16,51.63,51.19,51.8,50.3,51.3,5771.0,29428000.0,51.34,53.16,55.158999999999956,54.59,54.02,40.34,-0.79,-0.04,-0.75,阿科力,化学原料和化学制品制造业,主板,50.934999999999995,52.51374999999996,53.928333333333285,54.70874999999999,53.93851063829788
603722,2022-02-17,51.19,51.28,52.18,51.05,51.19,4399.0,22700100.0,51.0,52.66,54.963499999999954,54.53,54.04,40.72,-0.89,-0.21,-0.68,阿科力,化学原料和化学制品制造业,主板,51.0175,51.979999999999954,53.43083333333328,54.328749999999985,53.90702127659575
603722,2022-02-18,51.2,51.59,51.66,50.51,51.28,5006.0,25533000.0,51.13,52.3,54.75299999999995,54.48,54.07,42.07,-0.92,-0.35,-0.57,阿科力,化学原料和化学制品制造业,主板,51.34,51.70874999999995,52.87416666666662,54.09624999999998,53.91191489361702
603722,2022-02-21,51.59,51.04,52.0,50.78,51.59,6710.19,34338700.0,51.28,51.85,54.36849999999995,54.38,54.01,40.31,-0.98,-0.48,-0.5,阿科力,化学原料和化学制品制造业,主板,51.275000000000006,51.32874999999996,52.43249999999995,53.70687499999998,53.86659574468085
603722,2022-02-22,50.81,50.7,51.48,49.63,51.04,4984.83,25231400.0,51.16,51.54,53.99749999999996,54.34,53.93,39.22,-1.04,-0.59,-0.45,阿科力,化学原料和化学制品制造业,主板,51.1525,51.04374999999995,52.05999999999995,53.234374999999986,53.81702127659574
603722,2022-02-23,50.49,51.26,51.3,50.49,50.7,4995.0,25537000.0,51.17,51.26,53.69249999999996,54.33,53.84,42.0,-1.04,-0.68,-0.36,阿科力,化学原料和化学制品制造业,主板,51.1475,51.08249999999995,51.70249999999996,52.859999999999985,53.7831914893617
603722,2022-02-24,51.06,50.54,51.68,49.4,51.26,7717.0,38894900.0,51.03,51.02,53.453999999999965,54.16,53.72,39.5,-1.08,-0.76,-0.32,阿科力,化学原料和化学制品制造业,主板,50.885,51.112499999999955,51.43416666666662,52.376874999999984,53.721702127659576
603722,2022-02-25,50.5,53.01,53.09,50.5,50.54,8170.0,42652300.0,51.31,51.22,53.240999999999964,54.13,53.68,50.42,-0.9,-0.79,-0.11,阿科力,化学原料和化学制品制造业,主板,51.377500000000005,51.32624999999995,51.34499999999995,52.16874999999998,53.71872340425532
603722,2022-02-28,53.4,52.93,53.85,51.65,53.01,5816.0,30711200.0,51.69,51.48,52.97449999999996,54.13,53.63,50.1,-0.76,-0.78,0.02,阿科力,化学原料和化学制品制造业,主板,51.935,51.54374999999995,51.34083333333328,52.02874999999998,53.72085106382979
603722,2022-03-01,53.0,53.25,54.3,52.6,52.93,4435.0,23704100.0,52.2,51.68,52.77449999999997,54.13,53.6,51.41,-0.61,-0.75,0.14,阿科力,化学原料和化学制品制造业,主板,52.432500000000005,51.78999999999995,51.53249999999994,51.884999999999984,53.659574468085104
603722,2022-03-02,52.81,53.38,53.47,52.2,53.25,2341.0,12386000.0,52.62,51.9,52.52999999999997,54.07,53.58,51.96,-0.48,-0.69,0.21,阿科力,化学原料和化学制品制造业,主板,53.142500000000005,52.013749999999945,51.78916666666661,51.861249999999984,53.645106382978724
603722,2022-03-03,52.96,52.08,53.58,51.88,53.38,3717.0,19493500.0,52.93,51.98,52.31699999999997,53.97,53.54,46.3,-0.48,-0.65,0.17,阿科力,化学原料和化学制品制造业,主板,52.91000000000001,52.14374999999994,51.85416666666662,51.736249999999984,53.647234042553194
603722,2022-03-04,52.06,52.08,52.85,51.6,52.08,2798.0,14572500.0,52.74,52.03,52.162499999999966,53.84,53.54,46.3,-0.47,-0.62,0.15,阿科力,化学原料和化学制品制造业,主板,52.697500000000005,52.31624999999994,51.928333333333285,51.679999999999986,53.64957446808511
603722,2022-03-07,52.08,51.7,52.52,51.3,52.08,3215.87,16671400.0,52.5,52.09,51.96999999999997,53.61,53.5,44.65,-0.48,-0.59,0.11,阿科力,化学原料和化学制品制造业,主板,52.31,52.37124999999994,51.96333333333329,51.726874999999986,53.63106382978723
603722,2022-03-08,52.0,50.73,52.0,50.6,51.7,3770.56,19301900.0,51.99,52.1,51.81849999999997,53.36,53.47,40.67,-0.57,-0.58,0.01,阿科力,化学原料和化学制品制造业,主板,51.64750000000001,52.39499999999994,51.89166666666662,51.75374999999999,53.59297872340425
603722,2022-03-09,50.39,49.64,51.01,47.71,50.73,7303.64,35982800.0,51.25,51.93,51.59649999999998,53.11,53.44,36.71,-0.72,-0.61,-0.11,阿科力,化学原料和化学制品制造业,主板,51.03750000000001,51.97374999999994,51.774999999999956,51.64999999999999,53.55978723404255
603722,2022-03-10,50.9,51.0,51.51,50.5,49.64,2945.0,15022100.0,51.03,51.98,51.49749999999998,52.96,53.4,44.04,-0.72,-0.63,-0.09,阿科力,化学原料和化学制品制造业,主板,50.76750000000001,51.73249999999994,51.799999999999955,51.63812499999999,53.541489361702126
603722,2022-03-11,49.38,50.46,50.75,48.63,51.0,4500.0,22350400.0,50.71,51.72,51.47299999999998,52.74,53.36,41.96,-0.75,-0.66,-0.09,阿科力,化学原料和化学制品制造业,主板,50.45750000000001,51.383749999999935,51.73333333333329,51.58687499999999,53.49617021276595
603722,2022-03-14,49.64,48.32,50.46,48.08,50.46,4847.0,23632400.0,50.03,51.26,51.37399999999998,52.4,53.28,34.93,-0.94,-0.71,-0.23,阿科力,化学原料和化学制品制造业,主板,49.85500000000001,50.751249999999935,51.5483333333333,51.38249999999999,53.39382978723404
603722,2022-03-15,49.16,46.82,49.16,46.6,48.32,5254.0,25043700.0,49.25,50.62,51.14999999999998,52.06,53.17,31.01,-1.2,-0.81,-0.39,阿科力,化学原料和化学制品制造业,主板,49.150000000000006,50.093749999999936,51.03249999999997,51.11875,53.26234042553191
603722,2022-03-16,47.77,47.66,47.77,45.61,46.82,5012.0,23448900.0,48.85,50.05,50.97349999999998,51.7,53.08,35.38,-1.31,-0.91,-0.4,阿科力,化学原料和化学制品制造业,主板,48.315000000000005,49.54124999999994,50.593333333333305,50.928749999999994,53.1291489361702
603722,2022-03-17,48.9,47.8,49.05,47.8,47.66,4756.0,23002000.0,48.21,49.62,50.79949999999998,51.42,53.0,36.11,-1.38,-1.0,-0.38,阿科力,化学原料和化学制品制造业,主板,47.65,49.053749999999944,50.13916666666663,50.71249999999999,53.04191489361702
603722,2022-03-18,47.9,48.21,48.38,47.05,47.8,2695.36,12893300.0,47.76,49.23,50.63049999999998,51.19,52.86,38.3,-1.39,-1.08,-0.31,阿科力,化学原料和化学制品制造业,主板,47.6225,48.73874999999994,49.70833333333331,50.566874999999996,52.96765957446809
603722,2022-03-21,48.21,48.12,49.16,47.8,48.21,2775.0,13405700.0,47.72,48.88,50.48449999999998,50.94,52.77,37.99,-1.39,-1.14,-0.25,阿科力,化学原料和化学制品制造业,主板,47.947500000000005,48.54874999999994,49.3783333333333,50.26125,52.80553191489362
603722,2022-03-22,48.0,48.23,48.7,47.28,48.12,2301.93,11086300.0,48.0,48.63,50.360999999999976,50.75,52.7,38.64,-1.35,-1.18,-0.17,阿科力,化学原料和化学制品制造业,主板,48.09,48.202499999999944,49.05749999999997,49.9675,52.6904255319149
603722,2022-03-23,48.23,49.2,50.8,47.11,48.23,5954.93,29590000.0,48.31,48.58,50.25799999999998,50.59,52.66,44.19,-1.24,-1.2,-0.04,阿科力,化学原料和化学制品制造业,主板,48.44,48.044999999999945,48.84916666666663,49.714375000000004,52.61
603722,2022-03-24,49.09,48.66,49.26,48.4,49.2,3169.0,15450400.0,48.48,48.35,50.16399999999999,50.45,52.59,41.92,-1.18,-1.19,0.01,阿科力,化学原料和化学制品制造业,主板,48.552499999999995,48.08749999999994,48.67666666666663,49.419375,52.51106382978723
603722,2022-03-25,48.65,48.79,49.37,48.39,48.66,2170.35,10626100.0,48.6,48.18,49.95299999999999,50.38,52.53,42.68,-1.11,-1.18,0.07,阿科力,化学原料和化学制品制造业,主板,48.71999999999999,48.333749999999945,48.605833333333294,49.21375,52.375744680851064
603722,2022-03-28,49.05,48.98,49.15,48.0,48.79,2333.93,11346600.0,48.77,48.25,49.75549999999999,50.33,52.49,43.84,-1.02,-1.14,0.12,阿科力,化学原料和化学制品制造业,主板,48.90749999999999,48.498749999999944,48.437499999999964,49.019999999999996,52.24361702127659
603722,2022-03-29,48.1,49.79,51.12,48.1,48.98,4537.0,22756600.0,49.08,48.54,49.582499999999996,50.28,52.46,48.63,-0.88,-1.09,0.21,阿科力,化学原料和化学制品制造业,主板,49.05499999999999,48.747499999999945,48.381666666666625,48.90062499999999,52.11574468085106
603722,2022-03-30,49.8,49.57,50.74,49.42,49.79,4679.0,23381400.0,49.16,48.74,49.39199999999999,50.23,52.41,47.45,-0.78,-1.03,0.25,阿科力,化学原料和化学制品制造业,主板,49.28249999999999,48.91749999999995,48.48583333333329,48.82812499999999,51.92085106382978
603722,2022-03-31,50.98,48.7,50.98,48.11,49.57,6285.75,31010500.0,49.17,48.82,49.222999999999985,50.14,52.33,42.99,-0.76,-0.98,0.22,阿科力,化学原料和化学制品制造业,主板,49.26,48.989999999999945,48.642499999999956,48.769375,51.720425531914884
603722,2022-04-01,49.0,48.92,49.47,48.0,48.7,3987.3,19432800.0,49.19,48.9,49.06499999999998,50.05,52.27,44.41,-0.72,-0.92,0.2,阿科力,化学原料和化学制品制造业,主板,49.245,49.076249999999945,48.74749999999995,48.639374999999994,51.54085106382978
603722,2022-04-06,48.95,50.0,50.1,48.74,48.92,3055.0,15154500.0,49.4,49.08,48.97999999999998,50.02,52.2,50.88,-0.59,-0.86,0.27,阿科力,化学原料和化学制品制造业,主板,49.2975,49.176249999999946,48.93083333333329,48.61062499999999,51.42787234042552
603722,2022-04-07,50.69,49.67,51.88,49.63,50.0,5977.98,30269600.0,49.37,49.23,48.926999999999985,49.98,52.16,49.01,-0.51,-0.79,0.28,阿科力,化学原料和化学制品制造业,主板,49.322500000000005,49.30249999999995,49.05249999999995,48.694999999999986,51.26617021276595
603722,2022-04-08,49.98,48.65,49.98,48.03,49.67,4003.64,19474600.0,49.19,49.17,48.87749999999999,49.9,52.11,43.65,-0.52,-0.73,0.21,阿科力,化学原料和化学制品制造业,主板,49.31,49.28499999999995,49.096666666666614,48.80937499999998,51.061702127659565
603722,2022-04-11,48.14,46.09,48.75,46.0,48.65,5274.0,24832500.0,48.67,48.92,48.63199999999999,49.75,51.95,33.69,-0.73,-0.73,0.0,阿科力,化学原料和化学制品制造业,主板,48.602500000000006,48.92374999999994,48.91833333333329,48.711249999999986,50.82425531914893
603722,2022-04-12,45.92,46.45,47.2,45.62,46.09,5316.0,24548600.0,48.17,48.68,48.43149999999999,49.53,51.83,35.9,-0.85,-0.76,-0.09,阿科力,化学原料和化学制品制造业,主板,47.715,48.50624999999994,48.689166666666615,48.62687499999999,50.5727659574468
603722,2022-04-13,46.29,44.1,46.29,43.96,46.45,5914.0,26550400.0,46.99,48.19,48.220499999999994,49.24,51.68,29.08,-1.14,-0.83,-0.31,阿科力,化学原料和化学制品制造业,主板,46.322500000000005,47.82249999999994,48.30916666666662,48.36999999999999,50.3123404255319
603722,2022-04-14,44.13,44.01,44.49,43.0,44.1,3891.0,16996100.0,45.86,47.62,48.07999999999999,48.93,51.53,28.85,-1.34,-0.93,-0.41,阿科力,化学原料和化学制品制造业,主板,45.1625,47.23624999999994,47.910833333333294,48.11312499999999,50.07489361702127
603722,2022-04-15,43.83,43.3,44.83,42.65,44.01,3627.0,15718700.0,44.79,46.99,47.86199999999999,48.59,51.33,27.06,-1.54,-1.06,-0.48,阿科力,化学原料和化学制品制造业,主板,44.464999999999996,46.53374999999994,47.43749999999995,47.804999999999986,49.81425531914893
603722,2022-04-18,44.3,44.16,44.42,41.2,43.3,3034.0,13252400.0,44.4,46.54,47.67999999999999,48.33,51.15,32.52,-1.62,-1.17,-0.45,阿科力,化学原料和化学制品制造业,主板,43.8925,45.80374999999994,46.968333333333284,47.48999999999998,49.609999999999985
603722,2022-04-19,43.99,44.38,44.96,43.8,44.16,2326.0,10287000.0,43.99,46.08,47.48849999999999,48.07,50.96,33.88,-1.65,-1.26,-0.39,阿科力,化学原料和化学制品制造业,主板,43.9625,45.142499999999934,46.53583333333328,47.22249999999998,49.40361702127658
603722,2022-04-20,43.37,43.41,44.42,43.19,44.38,3242.0,14186400.0,43.85,45.42,47.252999999999986,47.79,50.7,30.92,-1.72,-1.36,-0.36,阿科力,化学原料和化学制品制造业,主板,43.8125,44.48749999999994,46.09499999999994,46.88624999999998,49.19999999999998
603722,2022-04-21,43.99,41.6,43.99,41.02,43.41,4202.0,17628500.0,43.37,44.61,46.92149999999999,47.49,50.43,26.29,-1.9,-1.46,-0.44,阿科力,化学原料和化学制品制造业,主板,43.3875,43.92624999999994,45.48499999999995,46.42499999999998,49.00106382978722
603722,2022-04-22,41.6,41.52,41.81,39.81,41.6,3802.98,15540800.0,43.01,43.9,46.53749999999998,47.22,50.16,26.11,-2.04,-1.58,-0.46,阿科力,化学原料和化学制品制造业,主板,42.727500000000006,43.30999999999994,44.77833333333328,45.908124999999984,48.81425531914892
603722,2022-04-25,41.98,38.1,41.98,38.08,41.52,7767.0,30477100.0,41.8,43.1,46.00949999999999,46.79,49.88,19.7,-2.38,-1.74,-0.64,阿科力,化学原料和化学制品制造业,主板,41.157500000000006,42.55999999999994,43.814166666666615,45.19124999999998,48.53340425531913
603722,2022-04-26,38.28,36.25,38.28,35.89,38.1,6190.0,22931400.0,40.18,42.08,45.382499999999986,46.32,49.53,17.23,-2.79,-1.95,-0.84,阿科力,化学原料和化学制品制造业,主板,39.36750000000001,41.58999999999994,42.780833333333284,44.41312499999998,48.21553191489359
603722,2022-04-27,35.9,38.13,38.13,35.02,36.25,4151.94,15180200.0,39.12,41.49,44.83999999999999,45.98,49.19,27.2,-2.91,-2.14,-0.77,阿科力,化学原料和化学制品制造业,主板,38.50000000000001,40.94374999999994,42.11749999999995,43.73874999999998,47.93574468085104
603722,2022-04-28,38.0,40.6,40.69,37.83,38.13,5229.0,20530500.0,38.92,41.14,44.38049999999999,45.77,48.91,37.8,-2.78,-2.27,-0.51,阿科力,化学原料和化学制品制造业,主板,38.27,40.498749999999944,41.62999999999995,43.15124999999998,47.70191489361699
603722,2022-04-29,40.61,40.94,41.5,39.61,40.6,5874.99,23888800.0,38.8,40.91,43.948999999999984,45.54,48.62,39.12,-2.63,-2.34,-0.29,阿科力,化学原料和化学制品制造业,主板,38.980000000000004,40.068749999999945,41.36666666666662,42.60562499999998,47.48702127659571
603722,2022-05-05,42.26,45.03,45.03,41.28,40.94,11043.0,48539600.0,40.19,41.0,43.76549999999998,45.45,48.44,52.2,-2.14,-2.3,0.16,阿科力,化学原料和化学制品制造业,主板,41.175000000000004,40.27124999999995,41.45166666666662,42.37937499999998,47.36638297872338
603722,2022-05-06,44.84,44.17,47.29,43.8,45.03,17728.0,80941600.0,41.77,40.98,43.52799999999998,45.32,48.25,49.78,-1.8,-2.2,0.4,阿科力,化学原料和化学制品制造业,主板,42.685,40.59249999999995,41.52416666666661,42.25937499999998,47.21553191489359
603722,2022-05-09,43.98,45.0,45.45,43.76,44.17,6613.0,29652200.0,43.15,41.13,43.27799999999998,45.21,48.08,52.09,-1.46,-2.05,0.59,阿科力,化学原料和化学制品制造业,主板,43.785000000000004,41.027499999999954,41.59416666666661,42.168749999999974,47.09765957446806
603722,2022-05-10,44.42,46.22,46.5,44.03,45.0,5520.45,25218000.0,44.27,41.6,43.105499999999985,45.15,47.95,55.34,-1.07,-1.86,0.79,阿科力,化学原料和化学制品制造业,主板,45.105000000000004,42.04249999999995,41.747499999999945,42.301249999999975,46.953191489361664
603722,2022-05-11,46.16,46.36,47.67,45.81,46.22,6334.0,29686900.0,45.36,42.08,42.990999999999985,45.05,47.82,55.71,-0.75,-1.64,0.89,阿科力,化学原料和化学制品制造业,主板,45.43750000000001,43.30624999999995,41.99333333333328,42.448124999999976,46.81340425531912
603722,2022-05-12,46.39,45.99,46.41,45.19,46.36,3861.0,17703600.0,45.55,42.87,42.98599999999998,44.96,47.71,54.42,-0.51,-1.41,0.9,阿科力,化学原料和化学制品制造业,主板,45.89250000000001,44.28874999999995,42.35916666666662,42.61624999999998,46.65893617021273
603722,2022-05-13,46.43,45.33,46.43,45.08,45.99,3366.0,15301600.0,45.78,43.78,42.929999999999986,44.85,47.61,52.11,-0.37,-1.2,0.83,阿科力,化学原料和化学制品制造业,主板,45.97500000000001,44.879999999999946,42.67666666666662,42.689374999999984,46.48765957446805
603722,2022-05-16,45.51,46.18,47.5,45.51,45.33,5229.0,24415500.0,46.02,44.58,43.03399999999998,44.75,47.54,54.78,-0.2,-1.0,0.8,阿科力,化学原料和化学制品制造业,主板,45.96500000000001,45.53499999999995,43.349999999999945,42.80187499999998,46.362127659574426
603722,2022-05-17,46.04,47.05,47.19,46.01,46.18,5259.0,24602400.0,46.18,45.23,43.18599999999998,44.66,47.47,57.39,0.01,-0.8,0.81,阿科力,化学原料和化学制品制造业,主板,46.1375,45.78749999999995,44.24999999999994,43.02937499999998,46.25510638297869
603722,2022-05-18,46.97,47.05,47.9,46.87,47.05,3486.0,16482300.0,46.32,45.84,43.37349999999998,44.58,47.4,57.39,0.19,-0.6,0.79,阿科力,化学原料和化学制品制造业,主板,46.4025,46.14749999999995,44.993333333333275,43.369999999999976,46.15617021276593
603722,2022-05-19,46.75,47.48,47.75,46.01,47.05,3219.43,15186000.0,46.62,46.08,43.53949999999998,44.54,47.34,58.76,0.34,-0.41,0.75,阿科力,化学原料和化学制品制造业,主板,46.94,46.45749999999995,45.566666666666606,43.74249999999998,46.08702127659572
603722,2022-05-20,47.48,47.79,48.42,47.31,47.48,3594.0,17189700.0,47.11,46.44,43.70999999999998,44.5,47.28,59.76,0.49,-0.23,0.72,阿科力,化学原料和化学制品制造业,主板,47.342499999999994,46.65374999999996,46.13749999999993,44.348124999999975,46.047659574468064
603722,2022-05-23,47.79,49.08,49.4,47.4,47.79,4274.0,20878100.0,47.69,46.85,43.99349999999998,44.47,47.24,63.72,0.71,-0.04,0.75,阿科力,化学原料和化学制品制造业,主板,47.849999999999994,46.993749999999956,46.47499999999994,45.14999999999998,46.00680851063827
603722,2022-05-24,49.55,48.58,49.94,48.28,49.08,4574.0,22470100.0,48.0,47.09,44.34249999999999,44.43,47.21,61.21,0.82,0.13,0.69,阿科力,化学原料和化学制品制造业,主板,48.23249999999999,47.31749999999995,46.842499999999944,45.80312499999998,45.96680851063827
603722,2022-05-25,47.12,47.4,49.12,47.12,48.58,5253.49,24964400.0,48.07,47.19,44.636499999999984,44.39,47.14,55.64,0.82,0.27,0.55,阿科力,化学原料和化学制品制造业,主板,48.21249999999999,47.57624999999995,47.04249999999994,46.22812499999998,45.94723404255316
603722,2022-05-26,48.3,48.66,48.87,47.23,47.4,4348.0,20981900.0,48.3,47.46,45.16449999999998,44.48,47.11,59.84,0.9,0.39,0.51,阿科力,化学原料和化学制品制造业,主板,48.42999999999999,47.886249999999954,47.24583333333327,46.71062499999998,45.98638297872337
603722,2022-05-27,47.98,48.49,48.89,47.6,48.66,4619.0,22282700.0,48.44,47.78,45.776499999999984,44.55,47.04,59.03,0.94,0.5,0.44,阿科力,化学原料和化学制品制造业,主板,48.2825,48.066249999999954,47.42333333333327,46.92687499999998,46.004042553191454
603722,2022-05-30,48.72,48.2,49.25,47.81,48.49,3637.0,17547800.0,48.27,47.98,46.27999999999999,44.68,46.96,57.59,0.94,0.59,0.35,阿科力,化学原料和化学制品制造业,主板,48.1875,48.20999999999995,47.60749999999994,47.17874999999999,46.01255319148932
603722,2022-05-31,49.18,49.36,49.44,47.61,48.2,4307.25,21066600.0,48.42,48.21,46.71799999999998,44.86,46.89,61.62,1.02,0.68,0.34,阿科力,化学原料和化学制品制造业,主板,48.6775,48.44499999999995,47.94333333333327,47.45124999999999,46.0370212765957
603722,2022-06-01,49.15,51.13,51.8,48.7,49.36,8652.66,43441300.0,49.17,48.62,47.227499999999985,45.12,46.86,66.79,1.21,0.78,0.43,阿科力,化学原料和化学制品制造业,主板,49.295,48.86249999999995,48.35583333333327,47.758124999999986,46.10106382978719
603722,2022-06-02,50.34,50.84,51.5,49.85,51.13,5523.45,27888400.0,49.6,48.95,47.51799999999999,45.34,46.84,65.24,1.33,0.89,0.44,阿科力,化学原料和化学制品制造业,主板,49.8825,49.082499999999946,48.67166666666662,48.03812499999999,46.156595744680814
603722,2022-06-06,51.16,52.0,53.19,51.16,50.84,6702.0,35151000.0,50.31,49.37,47.909499999999994,45.6,46.83,68.41,1.5,1.01,0.49,阿科力,化学原料和化学制品制造业,主板,50.832499999999996,49.50999999999995,49.08416666666662,48.413749999999986,46.216170212765924
603722,2022-06-07,51.21,51.64,52.66,51.21,52.0,6573.0,34010300.0,50.99,49.63,48.24149999999999,45.87,46.83,66.39,1.58,1.13,0.45,阿科力,化学原料和化学制品制造业,主板,51.40249999999999,50.03999999999995,49.43083333333328,48.80812499999998,46.27957446808507
603722,2022-06-08,52.02,51.0,52.37,49.86,51.64,5904.0,30037600.0,51.32,49.87,48.48049999999999,46.19,46.84,62.83,1.58,1.22,0.36,阿科力,化学原料和化学制品制造业,主板,51.36999999999999,50.33249999999995,49.69833333333329,49.109374999999986,46.32659574468082
603722,2022-06-09,52.0,50.19,52.0,49.88,51.0,2911.0,14735700.0,51.13,50.15,48.67199999999998,46.47,46.85,58.56,1.49,1.27,0.22,阿科力,化学原料和化学制品制造业,主板,51.20749999999999,50.54499999999995,49.79083333333329,49.30562499999999,46.352340425531885
603722,2022-06-10,49.0,51.41,52.4,49.0,50.19,6954.0,35819300.0,51.25,50.43,48.942999999999984,46.92,46.85,62.68,1.51,1.32,0.19,阿科力,化学原料和化学制品制造业,主板,51.05999999999999,50.94624999999996,50.026666666666614,49.57812499999999,46.38680851063827
603722,2022-06-13,51.45,52.2,52.88,50.5,51.41,5337.0,27801500.0,51.29,50.8,49.28649999999998,47.45,46.88,65.09,1.56,1.37,0.19,阿科力,化学原料和化学制品制造业,主板,51.19999999999999,51.30124999999995,50.42666666666662,49.873124999999995,46.44276595744677
603722,2022-06-14,51.94,52.2,52.52,51.1,52.2,3458.0,17913000.0,51.4,51.2,49.587499999999984,47.92,46.95,65.09,1.59,1.41,0.18,阿科力,化学原料和化学制品制造业,主板,51.499999999999986,51.43499999999995,50.72166666666663,50.14875,46.51723404255315
603722,2022-06-15,52.66,51.46,52.66,51.4,52.2,4323.0,22407600.0,51.49,51.41,49.80799999999998,48.28,47.02,60.82,1.54,1.44,0.1,阿科力,化学原料和化学制品制造业,主板,51.81749999999998,51.512499999999946,50.96916666666663,50.2975,46.57127659574464
603722,2022-06-16,51.48,50.84,52.33,50.6,51.46,3817.0,19577400.0,51.62,51.38,49.99749999999998,48.61,47.08,57.41,1.42,1.43,-0.01,阿科力,化学原料和化学制品制造业,主板,51.674999999999976,51.36749999999995,51.18916666666663,50.43875,46.589148936170176
603722,2022-06-17,51.5,52.1,52.5,50.96,50.84,6290.0,32682300.0,51.76,51.5,50.228499999999976,48.85,47.15,62.06,1.42,1.43,-0.01,阿科力,化学原料和化学制品制造业,主板,51.64999999999998,51.424999999999955,51.41749999999996,50.7325,46.64085106382974
603722,2022-06-20,51.15,53.42,54.19,51.15,52.1,7806.49,41608000.0,52.0,51.65,50.50999999999998,49.16,47.24,66.22,1.51,1.45,0.06,阿科力,化学原料和化学制品制造业,主板,51.954999999999984,51.72749999999996,51.60833333333329,51.03,46.74234042553187
603722,2022-06-21,53.23,51.65,53.42,51.18,53.42,5429.0,28219100.0,51.89,51.65,50.63849999999998,49.38,47.3,57.17,1.41,1.44,-0.03,阿科力,化学原料和化学制品制造业,主板,52.002499999999976,51.909999999999954,51.67583333333329,51.2275,46.8606382978723
603722,2022-06-22,51.0,51.16,52.16,50.8,51.65,3085.0,15869100.0,51.83,51.66,50.76749999999998,49.54,47.34,54.93,1.29,1.41,-0.12,阿科力,化学原料和化学制品制造业,主板,52.082499999999975,51.878749999999954,51.60583333333329,51.412499999999994,46.96085106382974
603722,2022-06-23,51.16,52.88,52.97,50.85,51.16,6103.0,31809000.0,52.24,51.93,51.04149999999998,49.76,47.41,60.74,1.31,1.39,-0.08,阿科力,化学原料和化学制品制造业,主板,52.27749999999998,51.963749999999955,51.70916666666662,51.63249999999999,47.14765957446805
603722,2022-06-24,52.0,53.4,54.2,52.0,52.88,9726.0,51836400.0,52.5,52.13,51.27849999999997,50.01,47.48,62.32,1.36,1.38,-0.02,阿科力,化学原料和化学制品制造业,主板,52.27249999999998,52.11374999999995,51.909166666666614,51.77437499999999,47.3474468085106
603722,2022-06-27,54.1,54.2,54.99,53.56,53.4,5942.0,32200800.0,52.66,52.33,51.56399999999998,50.3,47.57,64.68,1.44,1.4,0.04,阿科力,化学原料和化学制品制造业,主板,52.909999999999975,52.456249999999955,52.24333333333328,51.98437499999999,47.57936170212761
603722,2022-06-28,54.23,55.29,56.09,54.04,54.2,15370.0,85366600.0,53.39,52.64,51.91849999999997,50.6,47.68,67.65,1.58,1.43,0.15,阿科力,化学原料和化学制品制造业,主板,53.942499999999974,53.01249999999996,52.56666666666661,52.18999999999999,47.81617021276591
603722,2022-06-29,54.49,50.3,55.57,50.01,55.29,18096.8,94112000.0,53.21,52.52,51.96549999999998,50.71,47.69,47.82,1.27,1.4,-0.13,阿科力,化学原料和化学制品制造业,主板,53.29749999999997,52.78749999999996,52.408333333333275,52.10624999999999,47.942127659574425
603722,2022-06-30,51.0,50.43,52.98,49.97,50.3,17712.8,90993200.0,52.72,52.48,51.930499999999974,50.83,47.7,48.25,1.03,1.33,-0.3,阿科力,化学原料和化学制品制造业,主板,52.55499999999997,52.41374999999996,52.26083333333327,52.070624999999986,48.09148936170208
603722,2022-07-01,50.47,51.2,52.28,50.09,50.43,12525.4,64393700.0,52.28,52.39,51.94849999999998,50.95,47.74,50.81,0.88,1.24,-0.36,阿科力,化学原料和化学制品制造业,主板,51.80499999999998,52.35749999999996,52.2391666666666,52.13374999999999,48.295744680851016
603722,2022-07-04,51.11,51.6,52.0,50.45,51.2,8666.0,44474200.0,51.76,52.21,51.92849999999997,51.08,47.79,52.13,0.79,1.15,-0.36,阿科力,化学原料和化学制品制造业,主板,50.882499999999986,52.412499999999966,52.30249999999993,52.145624999999995,48.5102127659574
603722,2022-07-05,52.07,51.69,53.3,51.01,51.6,14233.4,74134500.0,51.04,52.22,51.93099999999997,51.16,47.82,52.44,0.72,1.06,-0.34,阿科力,化学原料和化学制品制造业,主板,51.22999999999999,52.263749999999966,52.26833333333327,52.113749999999996,48.79936170212761
603722,2022-07-06,51.88,51.28,52.11,50.79,51.69,6145.36,31617100.0,51.24,52.23,51.94499999999997,51.25,47.84,50.83,0.61,0.97,-0.36,阿科力,化学原料和化学制品制造业,主板,51.44249999999998,51.99874999999997,52.08999999999994,52.05624999999999,49.11914893617017
603722,2022-07-07,51.29,50.0,51.3,49.3,51.28,11425.4,57229400.0,51.15,51.94,51.93549999999997,51.34,47.87,46.05,0.43,0.86,-0.43,阿科力,化学原料和化学制品制造业,主板,51.142499999999984,51.473749999999974,51.95249999999994,51.96499999999999,49.37170212765953
603722,2022-07-08,50.3,49.8,51.38,49.7,50.0,8222.89,41413500.0,50.87,51.58,51.85499999999996,51.38,47.93,45.34,0.27,0.74,-0.47,阿科力,化学原料和化学制品制造业,主板,50.69249999999999,50.78749999999997,51.83916666666661,51.899999999999984,49.5674468085106
603722,2022-07-11,49.73,49.36,50.07,48.26,49.8,8439.0,41311100.0,50.43,51.1,51.71299999999995,51.41,47.98,43.73,0.1,0.62,-0.52,阿科力,化学原料和化学制品制造业,主板,50.109999999999985,50.66999999999997,51.54583333333327,51.728749999999984,49.74659574468082
603722,2022-07-12,50.34,48.71,50.65,47.63,49.36,12974.0,63430000.0,49.83,50.44,51.53849999999996,51.42,48.05,41.39,-0.08,0.48,-0.56,阿科力,化学原料和化学制品制造业,主板,49.46749999999999,50.45499999999997,51.154999999999944,51.43437499999999,49.82489361702124
603722,2022-07-13,48.7,49.96,50.78,48.17,48.71,8508.23,42426400.0,49.57,50.4,51.463499999999954,51.44,48.15,47.23,-0.13,0.36,-0.49,阿科力,化学原料和化学制品制造业,主板,49.45749999999999,50.29999999999997,50.80166666666661,51.32874999999999,49.94808510638294
603722,2022-07-14,50.44,50.39,51.11,49.33,49.96,8195.23,41287300.0,49.64,50.4,51.44099999999996,51.42,48.27,49.12,-0.13,0.26,-0.39,阿科力,化学原料和化学制品制造业,主板,49.60499999999999,50.148749999999964,50.39333333333328,51.28062499999999,50.062765957446764
603722,2022-07-15,50.6,49.41,51.2,48.51,50.39,8745.0,43258400.0,49.57,50.22,51.30649999999997,51.37,48.36,45.16,-0.2,0.17,-0.37,阿科力,化学原料和化学制品制造业,主板,49.61749999999999,49.86374999999996,50.31916666666661,51.06374999999999,50.1306382978723
603722,2022-07-18,49.93,48.56,49.93,47.84,49.41,9491.89,45903700.0,49.41,49.92,51.06349999999997,51.26,48.43,42.01,-0.33,0.07,-0.4,阿科力,化学原料和化学制品制造业,主板,49.57999999999999,49.523749999999964,50.16333333333329,50.76125,50.177446808510595
603722,2022-07-19,48.88,53.42,53.42,48.06,48.56,21116.2,109733000.0,50.35,50.09,51.15199999999997,51.32,48.59,59.45,-0.03,0.05,-0.08,阿科力,化学原料和化学制品制造业,主板,50.444999999999986,49.951249999999966,50.34833333333328,50.71249999999999,50.33553191489358
603722,2022-07-20,53.16,52.14,53.41,51.33,53.42,26299.4,136599000.0,50.78,50.18,51.200999999999965,51.36,48.77,54.78,0.09,0.06,0.03,阿科力,化学原料和化学制品制造业,主板,50.88249999999999,50.24374999999996,50.39333333333328,50.51562499999999,50.480425531914854
603722,2022-07-21,52.0,50.96,53.25,50.6,52.14,15389.9,79378800.0,50.9,50.27,51.10499999999997,51.38,48.93,50.81,0.1,0.06,0.04,阿科力,化学原料和化学制品制造业,主板,51.269999999999996,50.44374999999996,50.332499999999946,50.556875,50.58212765957443
603722,2022-07-22,51.3,50.72,52.16,49.7,50.96,12136.0,61448100.0,51.16,50.36,50.97099999999996,51.36,49.14,50.02,0.08,0.07,0.01,阿科力,化学原料和化学制品制造业,主板,51.809999999999995,50.69499999999996,50.28583333333328,50.575,50.660212765957404
603722,2022-07-25,49.58,48.92,50.99,48.55,50.72,11807.4,58227500.0,51.23,50.32,50.70699999999996,51.25,49.35,44.42,-0.08,0.04,-0.12,阿科力,化学原料和化学制品制造业,主板,50.68499999999999,50.56499999999996,50.195833333333276,50.4325,50.69999999999995
603722,2022-07-26,48.57,48.77,49.6,47.85,48.92,8409.28,40900800.0,50.3,50.32,50.38099999999996,51.13,49.53,43.98,-0.21,-0.01,-0.2,阿科力,化学原料和化学制品制造业,主板,49.84249999999999,50.36249999999996,50.10999999999995,50.255624999999995,50.72744680851059
603722,2022-07-27,48.67,49.63,50.18,48.67,48.77,7157.92,35558700.0,49.8,50.29,50.34749999999997,51.07,49.68,47.22,-0.24,-0.06,-0.18,阿科力,化学原料和化学制品制造业,主板,49.509999999999984,50.38999999999996,50.13249999999994,50.126875,50.76659574468081
603722,2022-07-28,49.64,50.22,50.9,49.2,49.63,6879.0,34506800.0,49.65,50.28,50.336999999999975,51.05,49.83,49.38,-0.22,-0.09,-0.13,阿科力,化学原料和化学制品制造业,主板,49.384999999999984,50.59749999999996,50.258333333333276,50.060625,50.79085106382974
603722,2022-07-29,49.8,48.98,50.22,48.8,50.22,6870.0,33952000.0,49.3,50.23,50.225999999999964,50.95,49.9,45.19,-0.3,-0.13,-0.17,阿科力,化学原料和化学制品制造业,主板,49.39999999999998,50.04249999999996,50.17666666666661,49.996875,50.79936170212761
603722,2022-08-01,48.72,48.99,49.67,48.2,48.98,6170.0,30204600.0,49.32,50.28,50.095499999999966,50.8,49.98,45.23,-0.36,-0.18,-0.18,阿科力,化学原料和化学制品制造业,主板,49.45499999999998,49.648749999999964,50.059999999999945,49.946250000000006,50.83319148936165
603722,2022-08-02,49.0,47.83,49.6,46.66,48.99,11561.0,54945200.0,49.13,49.72,49.90249999999996,50.67,50.02,41.42,-0.49,-0.24,-0.25,阿科力,化学原料和化学制品制造业,主板,49.00499999999998,49.257499999999965,49.928333333333285,49.85062500000001,50.81553191489357
603722,2022-08-03,47.96,47.83,49.6,47.32,47.83,8638.42,42099100.0,48.77,49.28,49.72999999999996,50.56,50.05,41.42,-0.59,-0.31,-0.28,阿科力,化学原料和化学制品制造业,主板,48.40749999999998,48.89624999999997,49.86749999999995,49.79562500000001,50.80148936170208
603722,2022-08-04,48.55,48.18,48.68,47.0,47.83,3197.0,15379500.0,48.36,49.01,49.63899999999997,50.41,50.08,43.1,-0.63,-0.37,-0.26,阿科力,化学原料和化学制品制造业,主板,48.20749999999998,48.803749999999965,49.43083333333328,49.684375,50.80106382978719
603722,2022-08-05,48.35,48.46,49.35,47.8,48.18,4888.0,23704400.0,48.26,48.78,49.57199999999997,50.24,50.12,44.47,-0.63,-0.43,-0.2,阿科力,化学原料和化学制品制造业,主板,48.07499999999998,48.764999999999965,49.12416666666662,49.563750000000006,50.78191489361697
603722,2022-08-08,48.22,48.42,48.84,47.84,48.46,4518.0,21856000.0,48.14,48.73,49.52499999999997,50.05,50.17,44.3,-0.63,-0.47,-0.16,阿科力,化学原料和化学制品制造业,主板,48.22249999999998,48.61374999999997,48.912499999999945,49.501875000000005,50.72425531914889
603722,2022-08-09,48.9,48.65,49.39,48.2,48.42,4769.0,23279100.0,48.31,48.72,49.52199999999997,49.83,50.22,45.55,-0.61,-0.49,-0.12,阿科力,化学原料和化学制品制造业,主板,48.42749999999998,48.41749999999996,48.739999999999945,49.50750000000001,50.67765957446804
603722,2022-08-10,48.71,48.8,49.5,48.37,48.65,4335.0,21184500.0,48.5,48.64,49.46399999999996,49.78,50.25,46.39,-0.57,-0.51,-0.06,阿科力,化学原料和化学制品制造业,主板,48.58249999999998,48.39499999999996,48.72999999999994,49.21875000000001,50.60957446808506
603722,2022-08-11,48.86,50.82,51.92,48.8,48.8,11719.0,59486100.0,49.03,48.7,49.48549999999996,49.79,50.31,56.21,-0.37,-0.48,0.11,阿科力,化学原料和化学制品制造业,主板,49.17249999999998,48.62374999999996,48.90083333333328,49.13625000000001,50.59212765957443
603722,2022-08-12,50.71,50.01,51.79,50.01,50.82,7561.0,38407000.0,49.34,48.8,49.51549999999997,49.75,50.35,52.09,-0.28,-0.44,0.16,阿科力,化学原料和化学制品制造业,主板,49.56999999999998,48.89624999999996,48.93249999999995,49.07687500000001,50.5710638297872
603722,2022-08-15,49.88,50.69,51.19,49.0,50.01,6850.0,34459200.0,49.79,48.97,49.62199999999997,49.72,50.4,55.07,-0.14,-0.38,0.24,阿科力,化学原料和化学制品制造业,主板,50.07999999999998,49.25374999999996,48.971666666666614,49.075,50.58170212765954
603722,2022-08-16,50.9,51.5,52.22,49.9,50.69,7879.13,40501400.0,50.36,49.34,49.52599999999997,49.71,50.44,58.38,0.02,-0.3,0.32,阿科力,化学原料和化学制品制造业,主板,50.75499999999998,49.66874999999996,49.181666666666615,49.236250000000005,50.58361702127657
603722,2022-08-17,51.77,50.76,51.99,50.46,51.5,8999.0,45683000.0,50.76,49.63,49.45699999999998,49.7,50.48,54.43,0.1,-0.22,0.32,阿科力,化学原料和化学制品制造业,主板,50.73999999999998,49.95624999999996,49.329166666666616,49.360625000000006,50.55297872340423
603722,2022-08-18,50.89,51.94,52.89,50.52,50.76,18892.0,97927900.0,50.98,50.0,49.50599999999997,49.76,50.55,59.18,0.25,-0.13,0.38,阿科力,化学原料和化学制品制造业,主板,51.22249999999998,50.39624999999996,49.67166666666662,49.505,50.54744680851062
603722,2022-08-19,51.27,50.0,51.87,48.7,51.94,26915.0,134703000.0,50.98,50.16,49.46999999999997,49.77,50.57,49.96,0.21,-0.06,0.27,阿科力,化学原料和化学制品制造业,主板,51.04999999999998,50.56499999999996,49.85249999999994,49.49125,50.516382978723385
603722,2022-08-22,49.69,48.75,49.69,48.58,50.0,17109.0,83691300.0,50.59,50.19,49.46149999999997,49.75,50.58,45.09,0.08,-0.03,0.11,阿科力,化学原料和化学制品制造业,主板,50.36249999999998,50.55874999999996,49.89999999999995,49.476875,50.471914893617
603722,2022-08-23,48.95,48.9,49.48,48.3,48.75,7564.76,36925100.0,50.07,50.22,49.467999999999975,49.75,50.59,45.77,-0.01,-0.03,0.02,阿科力,化学原料和化学制品制造业,主板,49.89749999999999,50.31874999999996,49.93666666666661,49.47125,50.403829787234024
603722,2022-08-24,49.19,47.99,49.19,47.44,48.9,11267.0,54047000.0,49.52,50.14,49.385999999999974,49.69,50.57,42.33,-0.16,-0.05,-0.11,阿科力,化学原料和化学制品制造业,主板,48.90999999999999,50.06624999999996,49.90083333333328,49.481249999999996,50.2882978723404
603722,2022-08-25,47.92,47.8,48.36,47.39,47.99,5742.66,27413200.0,48.69,49.83,49.26499999999997,49.6,50.51,41.63,-0.28,-0.1,-0.18,阿科力,化学原料和化学制品制造业,主板,48.359999999999985,49.70499999999996,49.82999999999995,49.47937499999999,50.20638297872338
603722,2022-08-26,48.5,47.3,48.5,47.05,47.8,5602.83,26690400.0,48.15,49.56,49.18099999999997,49.53,50.45,39.75,-0.43,-0.17,-0.26,阿科力,化学原料和化学制品制造业,主板,47.99749999999999,49.179999999999964,49.70499999999995,49.42437499999999,50.12425531914892
603722,2022-08-29,47.07,47.73,47.76,46.51,47.3,4615.11,21840500.0,47.94,49.27,49.117999999999974,49.5,50.38,42.16,-0.49,-0.23,-0.26,阿科力,化学原料和化学制品制造业,主板,47.704999999999984,48.80124999999997,49.44749999999994,49.37874999999999,50.01468085106381
603722,2022-08-30,47.93,47.4,48.07,46.83,47.73,4149.0,19620300.0,47.64,48.86,49.09649999999998,49.3,50.31,40.81,-0.56,-0.3,-0.26,阿科力,化学原料和化学制品制造业,主板,47.55749999999998,48.233749999999965,49.22999999999994,49.31499999999999,49.887021276595725
603722,2022-08-31,47.78,45.67,47.78,45.0,47.4,9902.13,45339800.0,47.18,48.35,48.98849999999997,49.09,50.22,34.57,-0.76,-0.39,-0.37,阿科力,化学原料和化学制品制造业,主板,47.02499999999998,47.69249999999997,48.81166666666661,49.12874999999999,49.705531914893605
603722,2022-09-01,46.0,44.25,46.08,43.96,45.67,9184.0,40954900.0,46.47,47.58,48.79199999999998,48.86,50.12,30.45,-1.01,-0.51,-0.5,阿科力,化学原料和化学制品制造业,主板,46.262499999999974,47.12999999999997,48.207499999999946,48.84437499999999,49.47063829787233
603722,2022-09-02,44.0,44.55,44.77,43.35,44.25,4598.0,20336400.0,45.92,47.03,48.59649999999998,48.66,50.01,32.28,-1.17,-0.64,-0.53,阿科力,化学原料和化学制品制造业,主板,45.46749999999998,46.58624999999997,47.68999999999994,48.452499999999986,49.34829787234041
603722,2022-09-05,44.98,45.23,46.16,44.01,44.55,4818.0,21815100.0,45.42,46.68,48.436999999999976,48.54,49.89,36.38,-1.23,-0.76,-0.47,阿科力,化学原料和化学制品制造业,主板,44.924999999999976,46.24124999999997,47.13083333333327,48.15374999999999,49.237659574468076
603722,2022-09-06,45.23,44.9,45.82,44.37,45.23,4263.0,19097000.0,44.92,46.28,48.249499999999976,48.41,49.77,35.27,-1.29,-0.87,-0.42,阿科力,化学原料和化学制品制造业,主板,44.73249999999997,45.87874999999997,46.70583333333327,47.79187499999999,49.10361702127659
603722,2022-09-07,45.0,46.35,47.08,44.84,44.9,6078.0,28118100.0,45.06,46.12,48.12699999999998,48.3,49.68,43.47,-1.21,-0.94,-0.27,阿科力,化学原料和化学制品制造业,主板,45.25749999999997,45.75999999999997,46.50583333333327,47.46999999999999,48.99191489361702
603722,2022-09-08,46.4,45.24,47.05,45.0,46.35,5462.28,25070500.0,45.25,45.86,47.84799999999998,48.13,49.59,39.36,-1.22,-0.99,-0.23,阿科力,化学原料和化学制品制造业,主板,45.42999999999998,45.44874999999997,46.20083333333327,47.12499999999999,48.85468085106382
603722,2022-09-09,45.78,44.38,45.78,44.0,45.24,5681.0,25214400.0,45.22,45.57,47.56649999999998,47.98,49.46,36.48,-1.28,-1.05,-0.23,阿科力,化学原料和化学制品制造业,主板,45.21749999999998,45.07124999999997,45.89999999999994,46.65249999999999,48.707872340425524
603722,2022-09-13,44.35,44.64,44.97,43.54,44.38,4063.0,17945200.0,45.1,45.26,47.263999999999974,47.83,49.32,37.96,-1.29,-1.1,-0.19,阿科力,化学原料和化学制品制造业,主板,45.15249999999998,44.94249999999997,45.636666666666606,46.31749999999999,48.59382978723403
603722,2022-09-14,44.0,43.91,44.23,43.57,44.64,3266.0,14314300.0,44.9,44.91,46.884499999999974,47.7,49.19,35.46,-1.35,-1.15,-0.2,阿科力,化学原料和化学制品制造业,主板,44.54249999999998,44.89999999999996,45.35416666666661,46.014999999999986,48.46851063829785
603722,2022-09-15,44.16,42.78,44.3,42.45,43.91,5030.0,21665400.0,44.19,44.62,46.48549999999997,47.53,49.05,31.96,-1.46,-1.21,-0.25,阿科力,化学原料和化学制品制造业,主板,43.92749999999998,44.67874999999996,44.941666666666606,45.632499999999986,48.32851063829786
603722,2022-09-16,42.57,43.03,44.0,41.88,42.78,5960.0,25668700.0,43.75,44.5,46.03999999999998,47.36,48.88,33.53,-1.52,-1.27,-0.25,阿科力,化学原料和化学制品制造业,主板,43.58999999999998,44.40374999999996,44.57749999999994,45.322499999999984,48.20765957446807
603722,2022-09-19,41.83,42.57,44.49,41.83,43.03,8691.0,37519600.0,43.39,44.3,45.66849999999998,47.17,48.7,32.07,-1.58,-1.33,-0.25,阿科力,化学原料和化学制品制造业,主板,43.07249999999998,44.11249999999996,44.31916666666661,44.99562499999999,48.05042553191488
603722,2022-09-20,42.78,43.14,43.88,42.35,42.57,5223.0,22622200.0,43.09,44.09,45.38799999999998,46.99,48.52,35.8,-1.56,-1.38,-0.18,阿科力,化学原料和化学制品制造业,主板,42.879999999999974,43.71124999999996,44.22666666666661,44.73562499999999,47.896170212765945
603722,2022-09-21,42.65,43.33,43.5,42.57,43.14,3788.0,16294000.0,42.97,43.94,45.10949999999998,46.81,48.32,37.04,-1.52,-1.41,-0.11,阿科力,化学原料和化学制品制造业,主板,43.01749999999998,43.472499999999954,44.12499999999995,44.46062499999999,47.766808510638285
603722,2022-09-22,43.5,43.15,43.88,43.04,43.33,2655.0,11525000.0,43.04,43.62,44.86749999999998,46.62,48.2,36.32,-1.49,-1.42,-0.07,阿科力,化学原料和化学制品制造业,主板,43.04749999999998,43.31874999999995,43.95166666666662,44.19499999999999,47.65170212765957
603722,2022-09-23,43.03,42.29,43.21,41.81,43.15,3947.99,16729700.0,42.9,43.32,44.59199999999998,46.34,48.06,33.03,-1.5,-1.44,-0.06,阿科力,化学原料和化学制品制造业,主板,42.97749999999998,43.024999999999956,43.73416666666662,43.98374999999999,47.414893617021264
603722,2022-09-26,41.93,41.33,42.26,41.1,42.29,3858.0,16049600.0,42.65,43.02,44.29349999999998,46.05,47.9,29.79,-1.58,-1.47,-0.11,阿科力,化学原料和化学制品制造业,主板,42.52499999999998,42.70249999999996,43.31583333333328,43.801249999999996,47.18489361702127
603722,2022-09-27,41.94,42.3,42.34,41.34,41.33,3716.0,15597300.0,42.48,42.78,44.02199999999998,45.77,47.75,36.57,-1.55,-1.48,-0.07,阿科力,化学原料和化学制品制造业,主板,42.267499999999984,42.642499999999956,43.070833333333276,43.660624999999996,47.000638297872335
603722,2022-09-28,42.31,41.0,42.7,41.0,42.3,4188.0,17511800.0,42.01,42.49,43.701999999999984,45.42,47.57,32.1,-1.6,-1.51,-0.09,阿科力,化学原料和化学制品制造业,主板,41.72999999999998,42.38874999999996,42.78916666666661,43.396249999999995,46.79382978723404
603722,2022-09-29,41.47,41.31,41.85,40.64,41.0,4624.92,19087300.0,41.65,42.34,43.48399999999999,45.11,47.4,34.16,-1.61,-1.53,-0.08,阿科力,化学原料和化学制品制造业,主板,41.484999999999985,42.23124999999996,42.511666666666606,43.17187499999999,46.631914893617015
603722,2022-09-30,41.28,42.6,43.17,41.12,41.31,6007.78,25388100.0,41.71,42.3,43.401499999999984,44.79,47.28,42.07,-1.49,-1.52,0.03,阿科力,化学原料和化学制品制造业,主板,41.80249999999998,42.163749999999965,42.40249999999995,42.93749999999999,46.500638297872335
603722,2022-10-10,42.64,44.62,45.08,42.2,42.6,14159.0,62445800.0,42.37,42.51,43.40499999999999,44.61,47.19,51.82,-1.22,-1.46,0.24,阿科力,化学原料和化学制品制造业,主板,42.38249999999998,42.32499999999997,42.55583333333328,42.89874999999999,46.39404255319148
603722,2022-10-11,44.9,44.24,44.9,43.5,44.62,8066.0,35459700.0,42.75,42.62,43.35549999999999,44.46,47.11,50.11,-1.02,-1.37,0.35,阿科力,化学原料和化学制品制造业,主板,43.19249999999998,42.46124999999997,42.65666666666662,42.88999999999999,46.266808510638285
603722,2022-10-12,44.2,44.65,44.9,43.4,44.24,6541.0,28856700.0,43.48,42.75,43.34299999999999,44.32,47.04,51.95,-0.82,-1.26,0.44,阿科力,化学原料和化学制品制造业,主板,44.02749999999998,42.756249999999966,42.82999999999995,42.89062499999999,46.17468085106382
603722,2022-10-13,44.44,44.76,45.4,43.8,44.65,7187.02,32293600.0,44.17,42.91,43.263499999999986,44.22,46.95,52.46,-0.65,-1.14,0.49,阿科力,化学原料和化学制品制造业,主板,44.56749999999998,43.18499999999997,42.96499999999995,42.943749999999994,46.08468085106383
603722,2022-10-14,44.61,46.63,46.89,44.61,44.76,9435.0,43443000.0,44.98,43.34,43.332999999999984,44.18,46.89,60.15,-0.36,-0.98,0.62,阿科力,化学原料和化学制品制造业,主板,45.06999999999998,43.726249999999965,43.239999999999945,43.184374999999996,46.05914893617022
603722,2022-10-17,46.05,47.1,47.1,46.02,46.63,4214.0,19710300.0,45.48,43.92,43.46899999999999,44.17,46.85,61.83,-0.09,-0.8,0.71,阿科力,化学原料和化学制品制造业,主板,45.784999999999975,44.48874999999997,43.56916666666661,43.43875,46.0436170212766
603722,2022-10-18,48.2,45.93,48.4,45.63,47.1,9129.0,42403900.0,45.81,44.28,43.53349999999999,44.11,46.81,55.57,0.03,-0.64,0.67,阿科力,化学原料和化学制品制造业,主板,46.104999999999976,45.06624999999997,43.872499999999945,43.64874999999999,45.99574468085107
603722,2022-10-19,46.0,46.0,46.69,45.0,45.93,3792.0,17497800.0,46.08,44.78,43.63799999999999,44.06,46.68,55.86,0.13,-0.48,0.61,阿科力,化学原料和化学制品制造业,主板,46.41499999999998,45.491249999999965,44.261666666666606,43.82749999999999,45.94340425531915
603722,2022-10-20,46.25,45.63,46.89,45.51,46.0,3046.45,14059300.0,46.26,45.22,43.78049999999999,44.06,46.57,53.87,0.18,-0.35,0.53,阿科力,化学原料和化学制品制造业,主板,46.16499999999998,45.617499999999964,44.53916666666661,43.97124999999999,45.88404255319149
603722,2022-10-21,45.86,46.6,47.46,45.4,45.63,6938.0,32517200.0,46.25,45.62,43.95899999999999,44.14,46.5,58.08,0.29,-0.22,0.51,阿科力,化学原料和化学制品制造业,主板,46.03999999999998,45.912499999999966,45.00583333333328,44.18687499999999,45.840425531914896
603722,2022-10-24,46.1,46.47,47.22,45.68,46.6,5091.0,23646600.0,46.13,45.8,44.15399999999999,44.2,46.43,57.33,0.37,-0.1,0.47,阿科力,化学原料和化学制品制造业,主板,46.174999999999976,46.13999999999997,45.43583333333328,44.448125,45.79085106382978
603722,2022-10-25,46.44,46.8,47.52,45.86,46.47,7537.23,35400100.0,46.3,46.06,44.33699999999999,44.26,46.4,58.79,0.44,0.0,0.44,阿科力,化学原料和化学制品制造业,主板,46.37499999999997,46.394999999999975,45.78583333333327,44.78999999999999,45.70531914893616
603722,2022-10-26,47.36,48.48,48.56,46.5,46.8,11538.2,55428100.0,46.8,46.44,44.59449999999999,44.38,46.39,65.31,0.64,0.13,0.51,阿科力,化学原料和化学制品制造业,主板,47.08749999999997,46.62624999999998,46.10749999999994,45.176249999999996,45.6727659574468
603722,2022-10-27,48.6,48.25,49.16,48.05,48.48,8596.16,41792200.0,47.32,46.79,44.84949999999999,44.44,46.37,63.82,0.76,0.26,0.5,阿科力,化学原料和化学制品制造业,主板,47.49999999999997,46.769999999999975,46.441666666666606,45.629374999999996,45.620851063829775
603722,2022-10-28,48.79,47.88,49.2,47.5,48.25,8983.0,43457400.0,47.58,46.91,45.12899999999999,44.53,46.33,61.4,0.82,0.37,0.45,阿科力,化学原料和化学制品制造业,主板,47.85249999999997,47.01374999999997,46.71083333333328,46.03999999999999,45.54382978723403
603722,2022-10-31,47.2,48.33,49.08,47.2,47.88,5283.0,25592500.0,47.95,47.04,45.47899999999999,44.66,46.32,63.23,0.89,0.47,0.42,阿科力,化学原料和化学制品制造业,主板,48.23499999999997,47.30499999999997,47.008333333333276,46.39812499999999,45.49212765957445
603722,2022-11-01,48.0,48.11,48.87,47.4,48.33,6694.0,32075400.0,48.21,47.26,45.769499999999994,44.77,46.3,61.69,0.92,0.56,0.36,阿科力,化学原料和化学制品制造业,主板,48.14249999999998,47.614999999999974,47.13166666666661,46.616249999999994,45.410638297872325
603722,2022-11-02,48.56,48.41,48.99,47.11,48.11,4908.0,23581400.0,48.2,47.5,46.13999999999999,44.92,46.31,63.01,0.96,0.64,0.32,阿科力,化学原料和化学制品制造业,主板,48.182499999999976,47.841249999999974,47.24083333333328,46.87687499999999,45.37680851063828
603722,2022-11-03,48.21,48.29,48.4,47.95,48.41,3046.2,14673500.0,48.2,47.76,46.48899999999999,45.11,46.32,62.09,0.97,0.71,0.26,阿科力,化学原料和化学制品制造业,主板,48.284999999999975,48.06874999999998,47.43749999999994,47.10437499999999,45.36702127659573
603722,2022-11-04,48.29,48.26,48.79,48.01,48.29,3919.0,18956700.0,48.28,47.93,46.771999999999984,45.28,46.32,61.84,0.96,0.76,0.2,阿科力,化学原料和化学制品制造业,主板,48.26749999999997,48.25124999999998,47.625833333333276,47.32312499999999,45.353404255319134
603722,2022-11-07,48.9,50.79,51.42,48.35,48.26,14107.1,70986900.0,48.77,48.36,47.08049999999999,45.56,46.36,71.88,1.15,0.84,0.31,阿科力,化学原料和化学制品制造业,主板,48.93749999999997,48.53999999999998,48.055833333333275,47.58312499999999,45.412978723404244
603722,2022-11-08,50.76,50.23,51.35,49.71,50.79,6037.0,30378900.0,49.2,48.7,47.37999999999998,45.79,46.39,67.64,1.23,0.92,0.31,阿科力,化学原料和化学制品制造业,主板,49.39249999999997,48.78749999999998,48.35833333333327,47.77874999999999,45.46468085106381
603722,2022-11-09,50.48,48.68,50.48,48.39,50.23,6335.99,31023700.0,49.25,48.72,47.581499999999984,45.97,46.39,57.52,1.16,0.96,0.2,阿科力,化学原料和化学制品制造业,主板,49.489999999999974,48.88749999999998,48.54249999999993,47.95062499999999,45.49404255319146
603722,2022-11-10,48.86,47.18,48.86,46.96,48.68,5315.11,25272200.0,49.03,48.62,47.70249999999998,46.1,46.36,49.76,0.98,0.97,0.01,阿科力,化学原料和化学制品制造业,主板,49.21999999999998,48.743749999999984,48.5741666666666,48.024374999999985,45.48234042553189
603722,2022-11-11,48.8,47.17,48.8,46.7,47.18,6389.0,30179700.0,48.81,48.54,47.72949999999998,46.27,46.3,49.72,0.81,0.94,-0.13,阿科力,化学原料和化学制品制造业,主板,48.314999999999976,48.626249999999985,48.464999999999925,48.12062499999998,45.477446808510614
603722,2022-11-14,47.55,47.2,47.55,46.18,47.17,4328.34,20389800.0,48.09,48.43,47.73449999999998,46.46,46.26,49.87,0.69,0.89,-0.2,阿科力,化学原料和化学制品制造业,主板,47.55749999999998,48.47499999999998,48.377499999999934,48.158124999999984,45.50999999999997
603722,2022-11-15,47.91,47.98,48.0,46.77,47.2,3585.23,17077800.0,47.64,48.42,47.83699999999998,46.65,46.21,53.89,0.64,0.84,-0.2,阿科力,化学原料和化学制品制造业,主板,47.38249999999998,48.43624999999998,48.38583333333327,48.25249999999998,45.589361702127626
603722,2022-11-16,47.69,47.64,47.98,47.24,47.98,2507.0,11935300.0,47.43,48.34,47.91899999999998,46.87,46.15,51.94,0.56,0.78,-0.22,阿科力,化学原料和化学制品制造业,主板,47.497499999999974,48.35874999999998,48.32833333333326,48.304999999999986,45.65510638297869
603722,2022-11-17,47.48,47.81,47.9,47.21,47.64,2132.23,10120700.0,47.56,48.29,48.02799999999998,47.09,46.1,52.86,0.52,0.73,-0.21,阿科力,化学原料和化学制品制造业,主板,47.65749999999997,47.98624999999998,48.303333333333256,48.26312499999999,45.70999999999996
603722,2022-11-18,47.79,47.62,48.15,47.3,47.81,2616.16,12457200.0,47.65,48.23,48.07899999999998,47.26,46.03,51.67,0.46,0.68,-0.22,阿科力,化学原料和化学制品制造业,主板,47.762499999999974,47.659999999999975,48.237499999999926,48.22374999999999,45.767872340425484
603722,2022-11-21,47.0,47.3,47.85,46.81,47.62,3681.0,17308000.0,47.67,47.88,48.12049999999998,47.35,45.98,49.64,0.38,0.62,-0.24,阿科力,化学原料和化学制品制造业,主板,47.59249999999998,47.487499999999976,48.15499999999992,48.187499999999986,45.78808510638294
603722,2022-11-22,46.61,47.5,47.7,46.55,47.3,1822.0,8625610.0,47.57,47.61,48.155499999999975,47.46,45.96,50.93,0.33,0.56,-0.23,阿科力,化学原料和化学制品制造业,主板,47.557499999999976,47.527499999999975,48.09166666666659,48.13562499999998,45.83617021276592
603722,2022-11-23,47.8,47.57,48.1,46.7,47.5,5180.0,24541300.0,47.56,47.5,48.10999999999998,47.55,45.94,51.41,0.29,0.51,-0.22,阿科力,化学原料和化学制品制造业,主板,47.497499999999974,47.57749999999997,47.82333333333327,48.101874999999986,45.90404255319145
603722,2022-11-24,47.86,47.63,48.35,47.28,47.57,4094.0,19486400.0,47.52,47.54,48.07899999999998,47.65,45.93,51.83,0.27,0.46,-0.19,阿科力,化学原料和化学制品制造业,主板,47.49999999999997,47.63124999999997,47.6066666666666,48.05312499999999,45.96765957446806
603722,2022-11-25,47.12,46.82,47.88,46.7,47.63,3439.0,16181100.0,47.36,47.51,48.02599999999998,47.66,45.92,45.95,0.18,0.4,-0.22,阿科力,化学原料和化学制品制造业,主板,47.37999999999997,47.48624999999997,47.451666666666604,47.96124999999999,46.02957446808509
603722,2022-11-28,46.65,46.35,46.82,45.9,46.82,2377.0,11016600.0,47.17,47.42,47.92699999999998,47.63,45.9,42.91,0.07,0.34,-0.27,阿科力,化学原料和化学制品制造业,主板,47.092499999999966,47.324999999999974,47.38249999999994,47.841874999999995,46.10553191489359
603722,2022-11-29,46.68,46.79,47.19,46.3,46.35,2254.0,10534200.0,47.03,47.3,47.860999999999976,47.66,45.88,46.48,0.02,0.27,-0.25,阿科力,化学原料和化学制品制造业,主板,46.897499999999965,47.19749999999998,47.35083333333328,47.591874999999995,46.18553191489358
603722,2022-11-30,47.16,45.7,47.16,45.4,46.79,3591.0,16482000.0,46.66,47.11,47.72549999999998,47.65,45.86,39.83,-0.11,0.2,-0.31,阿科力,化学原料和化学制品制造业,主板,46.414999999999964,46.957499999999975,47.22583333333328,47.308749999999996,46.25212765957443
603722,2022-12-01,45.89,46.06,46.15,45.58,45.7,3523.0,16177100.0,46.34,46.93,47.61399999999999,47.66,45.86,42.75,-0.18,0.12,-0.3,阿科力,化学原料和化学制品制造业,主板,46.224999999999966,46.802499999999974,47.06583333333327,47.145,46.3142553191489
603722,2022-12-02,46.05,46.2,46.65,45.91,46.06,2426.0,11227200.0,46.22,46.79,47.51099999999999,47.65,45.89,43.89,-0.22,0.05,-0.27,阿科力,化学原料和化学制品制造业,主板,46.187499999999964,46.63999999999997,46.945833333333276,47.08375000000001,46.37531914893613
603722,2022-12-05,46.71,46.3,47.47,46.18,46.2,3266.0,15203600.0,46.21,46.69,47.28649999999999,47.64,45.92,44.73,-0.24,-0.01,-0.23,阿科力,化学原料和化学制品制造业,主板,46.06499999999996,46.481249999999974,46.819999999999936,47.02937500000001,46.442340425531874
603722,2022-12-06,46.0,47.65,47.95,45.91,46.3,6447.0,30335400.0,46.38,46.71,47.157499999999985,47.67,45.96,54.66,-0.15,-0.03,-0.12,阿科力,化学原料和化学制品制造业,主板,46.55249999999997,46.48374999999997,46.822499999999934,47.057500000000005,46.55638297872337
603722,2022-12-07,47.94,46.79,47.95,46.33,47.65,4836.0,22829600.0,46.6,46.63,47.06299999999999,47.62,46.0,48.66,-0.15,-0.06,-0.09,阿科力,化学原料和化学制品制造业,主板,46.734999999999964,46.479999999999976,46.77999999999994,46.983125,46.67255319148933
603722,2022-12-08,47.02,46.28,47.02,46.12,46.79,2489.0,11570400.0,46.64,46.49,47.01799999999999,47.55,45.99,45.48,-0.17,-0.08,-0.09,阿科力,化学原料和化学制品制造业,主板,46.75499999999997,46.47124999999997,46.67833333333326,46.898125,46.75723404255316
603722,2022-12-09,46.36,46.06,46.52,45.9,46.28,2470.0,11395400.0,46.62,46.42,46.96249999999999,47.49,46.01,44.13,-0.22,-0.11,-0.11,阿科力,化学原料和化学制品制造业,主板,46.694999999999965,46.37999999999997,46.552499999999924,46.78875000000001,46.86489361702124
603722,2022-12-12,46.69,46.43,47.0,45.16,46.06,3536.0,16390900.0,46.64,46.43,46.92399999999999,47.43,46.04,46.97,-0.22,-0.13,-0.09,阿科力,化学原料和化学制品制造业,主板,46.389999999999965,46.47124999999997,46.45249999999992,46.714375000000004,46.973829787234
603722,2022-12-13,45.81,44.95,46.26,44.81,46.43,3712.0,16831000.0,46.1,46.24,46.772499999999994,47.32,46.05,38.54,-0.34,-0.17,-0.17,阿科力,化学原料和化学制品制造业,主板,45.92999999999997,46.33249999999997,46.29666666666659,46.56750000000001,47.023829787234
603722,2022-12-14,45.0,44.61,45.2,44.41,44.95,2084.0,9331960.0,45.67,46.13,46.620999999999995,47.19,46.06,36.9,-0.45,-0.23,-0.22,阿科力,化学原料和化学制品制造业,主板,45.51249999999997,46.13374999999997,46.151666666666586,46.38687500000001,47.02361702127656
603722,2022-12-15,44.66,44.13,47.0,43.52,44.61,3945.0,17582000.0,45.24,45.94,46.43699999999999,47.06,46.08,34.67,-0.57,-0.3,-0.27,阿科力,化学原料和化学制品制造业,主板,45.029999999999966,45.86249999999997,45.92999999999992,46.17187500000001,47.02127659574465
603722,2022-12-16,44.1,43.01,44.11,42.85,44.13,3590.0,15511700.0,44.63,45.62,46.20649999999999,46.88,46.08,30.08,-0.76,-0.39,-0.37,阿科力,化学原料和化学制品制造业,主板,44.17499999999996,45.28249999999997,45.70583333333325,45.88312500000001,46.98638297872338
603722,2022-12-19,43.7,41.85,43.7,41.6,43.01,4674.0,19625000.0,43.71,45.18,45.93399999999999,46.58,46.07,26.21,-0.98,-0.51,-0.47,阿科力,化学原料和化学制品制造业,主板,43.39999999999996,44.66499999999997,45.354999999999926,45.572500000000005,46.92446808510635
603722,2022-12-20,41.98,41.21,41.98,40.0,41.85,7109.0,29191700.0,42.96,44.53,45.619499999999995,46.28,46.04,24.35,-1.19,-0.64,-0.55,阿科力,化学原料和化学制品制造业,主板,42.54999999999997,44.03124999999997,44.93916666666659,45.251250000000006,46.80914893617018
603722,2022-12-21,41.4,41.62,41.73,40.72,41.21,5952.0,24585800.0,42.36,44.02,45.32199999999999,46.05,46.01,27.88,-1.32,-0.78,-0.54,阿科力,化学原料和化学制品制造业,主板,41.92249999999997,43.47624999999997,44.54916666666659,44.92812500000001,46.692553191489324
603722,2022-12-22,41.74,40.15,41.74,40.01,41.62,5987.0,24314400.0,41.57,43.4,44.94799999999999,45.81,45.96,23.62,-1.51,-0.93,-0.58,阿科力,化学原料和化学制品制造业,主板,41.207499999999975,42.69124999999997,43.92416666666659,44.581250000000004,46.56957446808508
603722,2022-12-23,40.2,38.93,40.2,38.6,40.15,8101.0,31637900.0,40.75,42.69,44.553499999999985,45.54,45.9,20.79,-1.75,-1.09,-0.66,阿科力,化学原料和化学制品制造业,主板,40.47749999999998,41.93874999999997,43.26916666666659,44.135625000000005,46.41914893617018
603722,2022-12-26,39.59,40.57,40.66,38.03,38.93,4577.0,18353700.0,40.5,42.1,44.264499999999984,45.32,45.89,32.52,-1.79,-1.23,-0.56,阿科力,化学原料和化学制品制造业,主板,40.317499999999974,41.43374999999997,42.793333333333266,43.783750000000005,46.311489361702094
603722,2022-12-27,40.57,39.82,40.73,39.06,40.57,6973.0,27641300.0,40.22,41.59,43.91599999999999,45.04,45.85,30.31,-1.85,-1.35,-0.5,阿科力,化学原料和化学制品制造业,主板,39.86749999999997,40.89499999999997,42.27333333333327,43.37875000000001,46.16723404255317
603722,2022-12-28,40.2,38.43,41.89,38.15,39.82,8389.0,32386200.0,39.58,40.97,43.55249999999999,44.74,45.81,26.69,-2.0,-1.48,-0.52,阿科力,化学原料和化学制品制造业,主板,39.43749999999997,40.32249999999997,41.606666666666605,42.80250000000001,45.99617021276593
603722,2022-12-29,38.33,38.58,39.0,38.02,38.43,3339.0,12895200.0,39.27,40.42,43.178499999999985,44.43,45.76,27.69,-2.07,-1.6,-0.47,阿科力,化学原料和化学制品制造业,主板,39.349999999999966,39.913749999999965,41.07583333333327,42.289375000000014,45.82127659574465
603722,2022-12-30,38.7,38.61,39.01,38.09,38.58,3345.0,12881100.0,39.2,39.98,42.798999999999985,44.13,45.69,27.9,-2.1,-1.7,-0.4,阿科力,化学原料和化学制品制造业,主板,38.85999999999997,39.58874999999997,40.575833333333264,41.81000000000002,45.611276595744656
603722,2023-01-03,38.48,39.76,40.0,38.31,38.61,4957.23,19550400.0,39.04,39.77,42.47199999999999,43.88,45.61,35.71,-2.02,-1.76,-0.26,阿科力,化学原料和化学制品制造业,主板,38.84499999999997,39.35624999999997,40.211666666666595,41.41625000000002,45.430638297872314
603722,2023-01-04,39.96,39.9,40.3,39.44,39.76,5146.23,20552600.0,39.06,39.64,42.084499999999984,43.63,45.54,36.61,-1.91,-1.79,-0.12,阿科力,化学原料和化学制品制造业,主板,39.21249999999997,39.32499999999997,39.95249999999993,41.00812500000002,45.26085106382976
603722,2023-01-05,39.7,40.58,41.26,39.68,39.9,5730.0,23259400.0,39.49,39.53,41.77399999999999,43.39,45.47,40.93,-1.75,-1.78,0.03,阿科力,化学原料和化学制品制造业,主板,39.71249999999998,39.531249999999964,39.8466666666666,40.73500000000002,45.095957446808484
603722,2023-01-06,40.5,41.78,42.35,40.5,40.58,9805.0,40875100.0,40.13,39.7,41.54899999999999,43.2,45.42,47.71,-1.51,-1.73,0.22,阿科力,化学原料和化学制品制造业,主板,40.50499999999998,39.68249999999997,39.8941666666666,40.55812500000002,44.96127659574466
603722,2023-01-09,41.77,40.18,41.79,39.0,41.78,14873.9,59839100.0,40.44,39.82,41.25499999999998,42.98,45.32,40.96,-1.44,-1.67,0.23,阿科力,化学原料和化学制品制造业,主板,40.609999999999985,39.72749999999997,39.774166666666595,40.311250000000015,44.78617021276593
603722,2023-01-10,39.71,39.99,40.3,39.21,40.18,9434.23,37437600.0,40.49,39.76,40.932999999999986,42.76,45.2,40.23,-1.37,-1.61,0.24,阿科力,化学原料和化学制品制造业,主板,40.632499999999986,39.92249999999997,39.76083333333327,40.12250000000002,44.60957446808508
603722,2023-01-11,39.91,39.57,40.2,39.38,39.99,3427.25,13577100.0,40.42,39.74,40.66399999999999,42.52,45.09,38.6,-1.34,-1.56,0.22,阿科力,化学原料和化学制品制造业,主板,40.37999999999998,40.04624999999997,39.8141666666666,39.98000000000002,44.424680851063805
603722,2023-01-12,39.5,39.3,39.9,39.27,39.57,2712.0,10704900.0,40.16,39.83,40.398499999999984,42.31,44.98,37.55,-1.32,-1.51,0.19,阿科力,化学原料和化学制品制造业,主板,39.759999999999984,40.13249999999997,39.70833333333327,39.86062500000001,44.18021276595742
603722,2023-01-13,39.24,39.4,39.66,39.0,39.3,3887.0,15285400.0,39.69,39.91,40.161999999999985,42.09,44.88,38.22,-1.29,-1.47,0.18,阿科力,化学原料和化学制品制造业,主板,39.56499999999998,40.08749999999997,39.673333333333275,39.72187500000001,43.94978723404253
603722,2023-01-16,39.39,39.82,40.18,39.3,39.4,2921.0,11649000.0,39.62,40.03,40.00249999999998,41.88,44.76,41.09,-1.21,-1.41,0.2,阿科力,化学原料和化学制品制造业,主板,39.52249999999998,40.07749999999997,39.78916666666661,39.701250000000016,43.76127659574467
603722,2023-01-17,40.0,39.83,40.39,39.8,39.82,2521.0,10103100.0,39.58,40.04,39.901499999999984,41.66,44.65,41.16,-1.13,-1.36,0.23,阿科力,化学原料和化学制品制造业,主板,39.58749999999998,39.98374999999997,39.893333333333274,39.75750000000002,43.60489361702126
603722,2023-01-18,40.17,40.0,40.17,39.66,39.83,3615.76,14443700.0,39.67,40.04,39.84099999999999,41.4,44.54,42.42,-1.05,-1.3,0.25,阿科力,化学原料和化学制品制造业,主板,39.762499999999974,39.761249999999976,40.00916666666661,39.72187500000002,43.4523404255319
603722,2023-01-19,39.83,40.22,40.36,39.8,40.0,2108.0,8446850.0,39.85,40.01,39.77099999999999,41.19,44.4,44.08,-0.96,-1.23,0.27,阿科力,化学原料和化学制品制造业,主板,39.96749999999997,39.76624999999998,40.04749999999995,39.74687500000002,43.30382978723402
603722,2023-01-20,40.22,41.88,41.99,40.22,40.22,9401.9,38785800.0,40.35,40.02,39.85749999999999,41.04,44.29,54.71,-0.74,-1.13,0.39,阿科力,化学原料和化学制品制造业,主板,40.48249999999997,40.002499999999976,40.21249999999995,39.96250000000002,43.17404255319147
603722,2023-01-30,41.9,41.98,42.51,41.82,41.88,6304.0,26595600.0,40.78,40.2,40.00999999999999,40.9,44.2,55.26,-0.55,-1.01,0.46,阿科力,化学原料和化学制品制造业,主板,41.01999999999997,40.30374999999998,40.329166666666616,40.17500000000002,43.05361702127657
603722,2023-01-31,42.2,42.58,42.65,41.39,41.98,5441.9,23059600.0,41.33,40.46,40.11049999999999,40.77,44.1,58.53,-0.34,-0.88,0.54,阿科力,化学原料和化学制品制造业,主板,41.664999999999964,40.713749999999976,40.395833333333286,40.42312500000002,42.942340425531896
603722,2023-02-01,42.6,42.87,42.98,41.98,42.58,4689.0,19945300.0,41.91,40.79,40.26299999999999,40.71,44.01,60.05,-0.17,-0.74,0.57,阿科力,化学原料和化学制品制造业,主板,42.327499999999965,41.14749999999998,40.619999999999955,40.61750000000002,42.84127659574466
603722,2023-02-02,43.33,42.88,43.5,42.5,42.87,5579.63,23988900.0,42.44,41.15,40.48549999999999,40.65,43.92,60.1,-0.02,-0.59,0.57,阿科力,化学原料和化学制品制造业,主板,42.577499999999965,41.52999999999998,40.86083333333329,40.80375000000002,42.747234042553174
603722,2023-02-03,42.65,42.5,42.88,41.84,42.88,4716.0,19966200.0,42.56,41.46,40.681499999999986,40.59,43.82,56.94,0.07,-0.46,0.53,阿科力,化学原料和化学制品制造业,主板,42.70749999999997,41.86374999999998,41.104999999999954,40.92375000000002,42.640851063829764
603722,2023-02-06,42.5,42.2,43.16,42.01,42.5,3710.0,15712500.0,42.61,41.69,40.86099999999999,40.57,43.72,54.5,0.11,-0.35,0.46,阿科力,化学原料和化学制品制造业,主板,42.61249999999997,42.13874999999998,41.34666666666662,40.950000000000024,42.52659574468083
603722,2023-02-07,42.0,41.9,42.64,41.62,42.2,5618.0,23536500.0,42.47,41.9,40.96799999999999,40.57,43.58,52.1,0.12,-0.25,0.37,阿科力,化学原料和化学制品制造业,主板,42.36999999999997,42.34874999999998,41.55499999999996,41.057500000000026,42.40468085106381
603722,2023-02-08,42.07,42.08,42.29,41.58,41.9,6154.0,25836400.0,42.31,42.11,41.07699999999999,40.6,43.44,53.42,0.14,-0.18,0.32,阿科力,化学原料和化学制品制造业,主板,42.16999999999997,42.37374999999998,41.7433333333333,41.18812500000003,42.30382978723402
603722,2023-02-09,42.08,43.16,43.31,41.71,42.08,6008.0,25736700.0,42.37,42.4,41.20599999999999,40.65,43.35,60.49,0.23,-0.09,0.32,阿科力,化学原料和化学制品制造业,主板,42.33499999999997,42.52124999999998,42.0208333333333,41.41250000000002,42.23595744680849
603722,2023-02-10,43.18,44.5,44.75,43.03,43.16,14918.0,65970900.0,42.77,42.66,41.34199999999999,40.79,43.3,67.15,0.42,0.01,0.41,阿科力,化学原料和化学制品制造业,主板,42.90999999999997,42.76124999999998,42.39583333333329,41.737500000000026,42.18723404255318
603722,2023-02-13,44.46,44.6,45.07,43.92,44.5,7470.0,33132100.0,43.25,42.93,41.562999999999995,40.98,43.26,67.59,0.56,0.12,0.44,阿科力,化学原料和化学制品制造业,主板,43.584999999999965,42.977499999999985,42.760833333333295,42.06250000000003,42.16382978723402
603722,2023-02-14,44.38,43.87,44.66,43.64,44.6,6810.4,29936300.0,43.64,43.06,41.75699999999999,41.09,43.2,61.16,0.62,0.22,0.4,阿科力,化学原料和化学制品制造业,主板,44.03249999999997,43.101249999999986,42.92666666666663,42.315625000000026,42.11723404255317
603722,2023-02-15,43.87,44.78,45.71,43.3,43.87,11339.0,50623700.0,44.18,43.25,42.01749999999999,41.26,43.15,65.56,0.72,0.32,0.4,阿科力,化学原料和化学制品制造业,主板,44.43749999999997,43.38624999999999,43.15999999999996,42.62500000000002,42.08702127659572
603722,2023-02-16,45.55,42.8,45.65,42.38,44.78,8408.17,36797100.0,44.11,43.24,42.19249999999999,41.4,43.07,51.82,0.64,0.38,0.26,阿科力,化学原料和化学制品制造业,主板,44.012499999999974,43.46124999999999,43.178333333333285,42.80000000000002,42.01255319148934
603722,2023-02-17,42.85,42.86,43.5,42.63,42.8,4529.0,19469100.0,43.78,43.28,42.36549999999999,41.55,42.99,52.14,0.57,0.42,0.15,阿科力,化学原料和化学制品制造业,主板,43.57749999999998,43.58125,43.17749999999995,42.96500000000002,41.91063829787232
603722,2023-02-20,42.86,43.85,43.98,42.11,42.86,6116.0,26463000.0,43.63,43.44,42.56699999999999,41.72,42.93,57.3,0.58,0.45,0.13,阿科力,化学原料和化学制品制造业,主板,43.57249999999998,43.8025,43.25833333333329,43.08812500000002,41.84808510638295
603722,2023-02-21,45.17,43.82,45.22,43.51,43.85,5696.0,25229100.0,43.62,43.63,42.76649999999999,41.86,42.87,57.1,0.59,0.48,0.11,阿科力,化学原料和化学制品制造业,主板,43.332499999999975,43.885000000000005,43.36833333333329,43.20312500000002,41.79574468085104
603722,2023-02-22,43.6,43.35,43.9,43.2,43.82,3624.0,15770300.0,43.34,43.76,42.93399999999999,41.97,42.8,53.91,0.56,0.5,0.06,阿科力,化学原料和化学制品制造业,主板,43.46999999999997,43.74125000000001,43.46416666666662,43.25125000000002,41.738085106382954
603722,2023-02-23,43.41,43.39,43.92,43.0,43.35,3041.0,13188000.0,43.45,43.78,43.09249999999999,42.06,42.73,54.15,0.52,0.5,0.02,阿科力,化学原料和化学制品制造业,主板,43.602499999999964,43.59,43.58833333333329,43.28375000000002,41.67340425531912
603722,2023-02-24,43.22,44.0,44.19,43.04,43.39,4077.0,17846400.0,43.68,43.73,43.19849999999999,42.14,42.67,57.68,0.53,0.51,0.02,阿科力,化学原料和化学制品制造业,主板,43.639999999999965,43.60625,43.748333333333285,43.35375000000002,41.653191489361674
603722,2023-02-27,43.92,43.55,44.9,43.47,44.0,6196.0,27189600.0,43.62,43.63,43.27699999999999,42.25,42.61,54.35,0.5,0.51,-0.01,阿科力,化学原料和化学制品制造业,主板,43.57249999999996,43.4525,43.780833333333284,43.41937500000002,41.630638297872316
603722,2023-02-28,43.69,43.6,44.06,43.17,43.55,2880.55,12542500.0,43.58,43.6,43.32799999999999,42.37,42.57,54.67,0.48,0.5,-0.02,阿科力,化学原料和化学制品制造业,主板,43.63499999999996,43.5525,43.70583333333329,43.506875000000015,41.61936170212763
603722,2023-03-01,43.6,47.96,47.96,43.6,43.6,34904.7,163269000.0,44.5,43.92,43.58249999999999,42.65,42.59,72.43,0.8,0.56,0.24,阿科力,化学原料和化学制品制造业,主板,44.77749999999996,44.19,43.98583333333329,43.88562500000002,41.7246808510638
603722,2023-03-02,47.51,49.8,51.58,47.51,47.96,33133.7,163108000.0,45.78,44.62,43.928499999999985,43.0,42.66,76.6,1.2,0.69,0.51,阿科力,化学原料和化学制品制造业,主板,46.227499999999964,44.933749999999996,44.479999999999954,44.36812500000001,41.89382978723401
603722,2023-03-03,49.64,47.62,49.8,46.4,49.8,36172.2,172688000.0,46.51,45.09,44.184499999999986,43.28,42.68,64.21,1.32,0.81,0.51,阿科力,化学原料和化学制品制造业,主板,47.24499999999996,45.40875,44.71666666666662,44.646875000000016,42.030212765957415
603722,2023-03-06,47.12,47.6,49.51,47.05,47.62,20836.5,100679000.0,47.32,45.47,44.45449999999998,43.53,42.7,64.11,1.39,0.93,0.46,阿科力,化学原料和化学制品制造业,主板,48.24499999999996,45.94,45.116666666666625,44.84062500000002,42.157446808510606
603722,2023-03-07,47.9,47.0,48.06,46.58,47.6,15396.5,72771700.0,48.0,45.79,44.709499999999984,43.77,42.72,60.97,1.38,1.02,0.36,阿科力,化学原料和化学制品制造业,主板,48.00499999999996,46.39125,45.46166666666662,44.990625000000016,42.303191489361666
603722,2023-03-08,46.7,47.03,47.27,46.18,47.0,9761.0,45533900.0,47.81,46.16,44.95699999999998,44.01,42.71,61.07,1.37,1.09,0.28,阿科力,化学原料和化学制品制造业,主板,47.31249999999996,46.769999999999996,45.726666666666624,45.188125000000014,42.47553191489358
603722,2023-03-09,47.03,47.83,48.99,46.64,47.03,14306.2,68810400.0,47.42,46.6,45.190499999999986,44.26,42.72,63.81,1.4,1.15,0.25,阿科力,化学原料和化学制品制造业,主板,47.36499999999995,47.30499999999999,46.060833333333285,45.37875000000002,42.62999999999997
603722,2023-03-10,47.4,46.53,48.29,46.34,47.83,10973.0,51441800.0,47.2,46.85,45.29199999999999,44.42,42.73,56.82,1.31,1.18,0.13,阿科力,化学原料和化学制品制造业,主板,47.097499999999954,47.671249999999986,46.325833333333286,45.61187500000002,42.77276595744678
603722,2023-03-13,46.52,46.84,46.84,45.85,46.53,6286.0,29117700.0,47.05,47.18,45.40399999999998,44.58,42.74,58.0,1.25,1.2,0.05,阿科力,化学原料和化学制品制造业,主板,47.057499999999955,47.53124999999999,46.61333333333329,45.86062500000002,42.951702127659544
603722,2023-03-14,46.78,45.59,46.78,44.85,46.84,9275.53,42157400.0,46.76,47.38,45.48999999999999,44.68,42.73,51.84,1.09,1.18,-0.09,阿科力,化学原料和化学制品制造业,主板,46.697499999999955,47.00499999999999,46.74583333333329,45.96937500000002,43.10085106382975
603722,2023-03-15,45.92,45.4,46.29,45.36,45.59,4553.0,20887500.0,46.44,47.12,45.52099999999999,44.76,42.73,50.96,0.93,1.13,-0.2,阿科力,化学原料和化学制品制造业,主板,46.08999999999996,46.727499999999985,46.899999999999956,46.068125000000016,43.24531914893614
603722,2023-03-16,45.58,44.27,45.58,44.0,45.4,7909.0,35239700.0,45.73,46.57,45.59449999999999,44.81,42.73,45.93,0.71,1.04,-0.33,阿科力,化学原料和化学制品制造业,主板,45.52499999999996,46.31124999999998,46.95583333333329,46.125625000000014,43.34127659574465
603722,2023-03-17,44.67,44.8,45.57,44.02,44.27,6732.0,30178800.0,45.38,46.29,45.691499999999984,44.89,42.74,48.5,0.57,0.95,-0.38,阿科力,化学原料和化学制品制造业,主板,45.014999999999965,46.03624999999998,46.692499999999946,46.21375000000001,43.445531914893586
603722,2023-03-20,45.0,44.86,45.44,44.38,44.8,5491.0,24647900.0,44.98,46.02,45.74199999999998,44.97,42.77,48.79,0.45,0.85,-0.4,阿科力,化学原料和化学制品制造业,主板,44.83249999999996,45.764999999999986,46.280833333333284,46.26750000000001,43.53659574468083
603722,2023-03-21,44.95,45.9,46.88,44.54,44.86,7361.0,33764200.0,45.05,45.9,45.84599999999998,45.11,42.84,53.76,0.45,0.77,-0.32,阿科力,化学原料和化学制品制造业,主板,44.95749999999996,45.523749999999986,46.13749999999995,46.414375000000014,43.62425531914891
603722,2023-03-22,45.93,47.45,47.51,45.86,45.9,12429.0,58254400.0,45.46,45.95,46.05099999999998,45.29,42.94,59.99,0.56,0.73,-0.17,阿科力,化学原料和化学制品制造业,主板,45.75249999999996,45.63874999999999,46.12499999999995,46.655000000000015,43.77893617021274
603722,2023-03-23,47.43,52.2,52.2,46.76,47.45,39680.1,201146000.0,47.04,46.38,46.49149999999999,45.59,43.12,72.3,1.02,0.79,0.23,阿科力,化学原料和化学制品制造业,主板,47.602499999999964,46.30874999999999,46.55833333333329,46.920000000000016,44.03872340425529
603722,2023-03-24,53.65,54.88,55.87,52.48,52.2,48768.5,265926000.0,49.06,47.22,47.035499999999985,45.93,43.36,76.66,1.59,0.95,0.64,阿科力,化学原料和化学制品制造业,主板,50.10749999999996,47.469999999999985,47.212499999999956,47.23750000000002,44.36446808510636
603722,2023-03-27,54.66,52.97,55.33,52.4,54.88,28998.0,155810000.0,50.68,47.83,47.50649999999999,46.21,43.6,68.39,1.85,1.13,0.72,阿科力,化学原料和化学制品制造业,主板,51.87499999999996,48.41624999999999,47.64083333333329,47.57187500000002,44.65531914893614
603722,2023-03-28,52.86,49.71,52.86,49.42,52.97,34052.6,172325000.0,51.44,48.24,47.81199999999999,46.41,43.75,57.08,1.78,1.26,0.52,阿科力,化学原料和化学制品制造业,主板,52.439999999999955,49.09624999999999,47.9058333333333,47.70375000000002,44.87468085106379
603722,2023-03-29,49.45,48.94,50.0,47.74,49.71,22489.4,109480000.0,51.74,48.6,47.86099999999999,46.55,43.9,54.77,1.64,1.33,0.31,阿科力,化学原料和化学制品制造业,主板,51.62499999999996,49.61374999999999,48.08083333333329,47.82500000000002,45.06872340425528
603722,2023-03-30,48.49,47.46,48.63,47.09,48.94,24421.4,116187000.0,50.79,48.92,47.74399999999999,46.7,44.05,50.55,1.4,1.35,0.05,阿科力,化学原料和化学制品制造业,主板,49.76999999999996,49.938749999999985,48.23666666666662,47.85187500000002,45.231063829787196
603722,2023-03-31,47.1,49.0,50.6,47.1,47.46,32432.0,158970000.0,49.62,49.34,47.812999999999995,46.91,44.23,54.48,1.32,1.34,-0.02,阿科力,化学原料和化学制品制造业,主板,48.77749999999996,50.32624999999999,48.536666666666626,47.92500000000002,45.42255319148933
603722,2023-04-03,48.18,49.6,51.0,47.4,49.0,36392.1,178505000.0,48.94,49.81,47.913,47.1,44.41,55.95,1.28,1.33,-0.05,阿科力,化学原料和化学制品制造业,主板,48.74999999999996,50.59499999999999,48.980833333333294,48.11687500000002,45.62212765957443
603722,2023-04-04,49.61,48.7,49.61,48.28,49.6,14114.0,68997200.0,48.74,50.09,47.998,47.26,44.56,53.18,1.17,1.3,-0.13,阿科力,化学原料和化学制品制造业,主板,48.689999999999955,50.15749999999999,49.305833333333304,48.23312500000002,45.76723404255315
603722,2023-04-06,48.26,48.8,49.18,48.08,48.7,11998.0,58409500.0,48.71,50.23,48.086499999999994,47.44,44.71,53.45,1.08,1.25,-0.17,阿科力,化学原料和化学制品制造业,主板,49.024999999999956,49.397499999999994,49.63416666666663,48.43375000000002,45.91234042553188
603722,2023-04-07,48.9,50.25,50.99,48.9,48.8,22010.0,110032000.0,49.27,50.03,48.207499999999996,47.67,44.87,57.38,1.11,1.23,-0.12,阿科力,化学原料和化学制品制造业,主板,49.337499999999956,49.05749999999999,49.996666666666634,48.73687500000002,46.07553191489358
603722,2023-04-10,50.0,51.23,52.38,49.01,50.25,24857.0,126398000.0,49.72,49.67,48.442499999999995,47.91,45.03,59.85,1.2,1.22,-0.02,阿科力,化学原料和化学制品制造业,主板,49.744999999999955,49.247499999999995,50.31166666666663,49.17187500000002,46.25340425531912
603722,2023-04-11,51.83,50.55,51.83,49.58,51.23,13035.0,65771100.0,49.91,49.42,48.62799999999999,48.15,45.2,57.37,1.2,1.22,-0.02,阿科力,化学原料和化学制品制造业,主板,50.20749999999995,49.44875,50.17416666666662,49.53125000000002,46.41659574468082
603722,2023-04-12,50.55,50.18,51.0,49.68,50.55,9562.0,47953900.0,50.2,49.47,48.85749999999999,48.36,45.37,56.01,1.16,1.2,-0.04,阿科力,化学原料和化学制品制造业,主板,50.55249999999995,49.78875,49.78249999999995,49.86375000000002,46.57999999999996
603722,2023-04-13,50.0,51.62,51.87,49.7,50.18,18298.4,93237400.0,50.77,49.74,49.16849999999999,48.49,45.57,59.98,1.23,1.21,0.02,阿科力,化学原料和化学制品制造业,主板,50.89499999999995,50.11625,49.66999999999995,50.22125000000002,46.78042553191486
603722,2023-04-14,51.7,54.46,55.55,51.0,51.62,33935.0,181969000.0,51.61,50.44,49.67799999999998,48.64,45.82,66.43,1.5,1.27,0.23,阿科力,化学原料和化学制品制造业,主板,51.70249999999995,50.723749999999995,50.06583333333328,50.65937500000002,47.04765957446805
603722,2023-04-17,56.96,55.27,58.08,53.77,54.46,35802.0,200740000.0,52.42,51.07,50.20149999999999,48.9,46.09,68.01,1.75,1.36,0.39,阿科力,化学原料和化学制品制造业,主板,52.88249999999995,51.544999999999995,50.593333333333284,50.851250000000014,47.32829787234039
603722,2023-04-18,56.23,54.16,57.3,52.99,55.27,21145.0,114562000.0,53.14,51.52,50.66649999999999,49.12,46.33,63.59,1.84,1.46,0.38,阿科力,化学原料和化学制品制造业,主板,53.877499999999955,52.214999999999996,51.151666666666614,50.80625000000001,47.56234042553188
603722,2023-04-19,54.23,53.5,54.7,52.7,54.16,16690.0,89374600.0,53.8,52.0,51.046499999999995,49.33,46.55,61.04,1.84,1.54,0.3,阿科力,化学原料和化学制品制造业,主板,54.347499999999954,52.621249999999996,51.526666666666614,50.83937500000001,47.75382978723401
603722,2023-04-20,53.5,53.49,53.67,52.5,53.5,12731.4,67577800.0,54.18,52.47,51.34849999999999,49.55,46.78,61.0,1.82,1.59,0.23,阿科力,化学原料和化学制品制造业,主板,54.104999999999954,52.903749999999995,51.85083333333328,51.07562500000001,47.94297872340422
603722,2023-04-21,53.48,53.07,54.73,51.61,53.49,19594.0,104361000.0,53.9,52.75,51.39199999999998,49.72,46.99,59.26,1.74,1.62,0.12,阿科力,化学原料和化学制品制造业,主板,53.55499999999996,53.21874999999999,52.21499999999995,51.33375000000001,48.13872340425529
603722,2023-04-24,52.71,52.85,54.08,51.32,53.07,16168.1,85048200.0,53.41,52.92,51.29049999999997,49.93,47.17,58.31,1.65,1.63,0.02,阿科力,化学原料和化学制品制造业,主板,53.22749999999996,53.552499999999995,52.55249999999995,51.67062500000001,48.31042553191486
603722,2023-04-25,53.0,52.45,53.24,51.5,52.85,14773.0,77138300.0,53.07,53.1,51.26449999999998,50.12,47.35,56.55,1.53,1.61,-0.08,阿科力,化学原料和化学制品制造业,主板,52.96499999999996,53.65624999999999,52.73583333333329,51.88625000000001,48.51574468085102
603722,2023-04-26,52.39,52.5,53.6,51.56,52.45,15855.0,83461800.0,52.87,53.34,51.403999999999975,50.35,47.51,56.73,1.41,1.57,-0.16,阿科力,化学原料和化学制品制造业,主板,52.71749999999996,53.411249999999995,52.84166666666662,52.06750000000001,48.72085106382974
603722,2023-04-27,52.5,51.64,53.18,51.55,52.5,14908.1,77675400.0,52.5,53.34,51.53899999999997,50.56,47.66,52.77,1.25,1.5,-0.25,阿科力,化学原料和化学制品制造业,主板,52.35999999999996,52.957499999999996,52.932499999999955,52.251250000000006,48.886595744680804
603722,2023-04-28,51.64,52.2,52.35,50.5,51.64,10504.1,54385600.0,52.33,53.11,51.775999999999975,50.82,47.82,54.98,1.14,1.43,-0.29,阿科力,化学原料和化学制品制造业,主板,52.197499999999955,52.71249999999999,53.1008333333333,52.46375000000001,49.06489361702122
603722,2023-05-04,50.08,57.42,57.42,50.08,52.2,35824.0,196148000.0,53.24,53.33,52.19699999999998,51.24,48.06,69.33,1.47,1.44,0.03,阿科力,化学原料和化学制品制造业,主板,53.439999999999955,53.20249999999999,53.584166666666626,52.91187500000001,49.36425531914889
603722,2023-05-05,57.71,57.08,58.0,56.06,57.42,25493.0,145556000.0,54.17,53.62,52.570999999999984,51.65,48.31,67.81,1.67,1.49,0.18,阿科力,化学原料和化学制品制造业,主板,54.58499999999995,53.65124999999999,53.80249999999996,53.27750000000001,49.655531914893565
603722,2023-05-08,57.77,55.8,57.77,54.28,57.08,13960.0,77472300.0,54.83,53.85,52.92599999999997,51.98,48.54,62.29,1.72,1.53,0.19,阿科力,化学原料和化学制品制造业,主板,55.62499999999996,53.99249999999999,53.84666666666663,53.60562500000001,49.90659574468081
603722,2023-05-09,55.8,53.54,55.8,53.0,55.8,15084.4,81235500.0,55.21,53.86,53.162999999999975,52.18,48.74,53.94,1.55,1.54,0.01,阿科力,化学原料和化学制品制造业,主板,55.959999999999965,54.07874999999999,53.79499999999996,53.81562500000001,50.11914893617016
603722,2023-05-10,53.31,52.6,54.44,51.08,53.54,17389.0,91117500.0,55.29,53.81,53.280499999999975,52.2,48.89,50.88,1.32,1.49,-0.17,阿科力,化学原料和化学制品制造业,主板,54.75499999999997,54.0975,53.71999999999996,53.87687500000001,50.31063829787229
603722,2023-05-11,52.98,52.89,53.15,52.0,52.6,8907.38,46766100.0,54.38,53.81,53.36349999999997,52.13,49.03,51.79,1.16,1.43,-0.27,阿科力,化学原料和化学制品制造业,主板,53.70749999999997,54.146249999999995,53.66999999999996,53.77875000000001,50.41553191489356
603722,2023-05-12,53.36,51.39,53.5,51.01,52.89,8598.62,44417000.0,53.24,53.71,53.40549999999998,52.08,49.15,46.95,0.9,1.32,-0.42,阿科力,化学原料和化学制品制造业,主板,52.60499999999996,54.114999999999995,53.52999999999995,53.53625000000001,50.4493617021276
603722,2023-05-15,51.26,52.3,52.5,50.77,51.39,6531.0,33864400.0,52.54,53.69,53.51149999999998,52.16,49.29,50.0,0.75,1.21,-0.46,阿科力,化学原料和化学制品制造业,主板,52.294999999999966,54.1275,53.48416666666662,53.42000000000001,50.54893617021271
603722,2023-05-16,52.28,53.95,54.29,51.34,52.3,13081.3,69351000.0,52.63,53.92,53.627999999999986,52.33,49.44,55.05,0.76,1.12,-0.36,阿科力,化学原料和化学制品制造业,主板,52.63249999999997,53.693749999999994,53.60916666666662,53.44812500000001,50.68404255319143
603722,2023-05-17,55.23,54.85,57.56,53.61,53.95,26918.1,149346000.0,53.08,54.18,53.64749999999998,52.58,49.64,57.56,0.83,1.06,-0.23,阿科力,化学原料和化学制品制造业,主板,53.122499999999974,53.415,53.80499999999995,53.53312500000001,50.85106382978718
603722,2023-05-18,54.58,53.54,55.45,53.16,54.85,15514.0,83720400.0,53.21,53.79,53.56099999999998,52.73,49.82,52.92,0.78,1.0,-0.22,阿科力,化学原料和化学制品制造业,主板,53.65999999999998,53.1325,53.96333333333328,53.56250000000001,50.989574468085046
603722,2023-05-19,53.59,53.8,54.58,53.02,53.54,11038.6,59330200.0,53.69,53.47,53.54299999999997,52.87,49.98,53.72,0.74,0.95,-0.21,阿科力,化学原料和化学制品制造业,主板,54.03499999999998,53.165,54.09666666666661,53.621875,51.116595744680794
603722,2023-05-22,53.42,54.32,54.86,53.33,53.8,9105.42,49311400.0,54.09,53.32,53.58399999999997,53.06,50.16,55.35,0.75,0.91,-0.16,阿科力,化学原料和化学制品制造业,主板,54.12749999999998,53.379999999999995,53.83833333333328,53.73875,51.28234042553186
603722,2023-05-23,53.68,52.71,54.2,52.4,54.32,13364.0,71072300.0,53.84,53.24,53.54499999999997,53.19,50.31,49.53,0.61,0.85,-0.24,阿科力,化学原料和化学制品制造业,主板,53.59249999999998,53.357499999999995,53.47416666666661,53.751875000000005,51.40723404255313
603722,2023-05-24,52.8,53.33,53.87,52.05,52.71,7940.0,42337400.0,53.54,53.31,53.55799999999997,53.29,50.48,51.64,0.55,0.79,-0.24,阿科力,化学原料和化学制品制造业,主板,53.539999999999985,53.599999999999994,53.26833333333329,53.85750000000001,51.571914893616956
603722,2023-05-25,53.1,52.6,53.65,51.4,53.33,16067.5,83848400.0,53.35,53.28,53.54549999999997,53.34,50.62,49.04,0.44,0.72,-0.28,阿科力,化学原料和化学制品制造业,主板,53.23999999999998,53.637499999999996,53.18999999999996,53.88250000000001,51.72510638297865
603722,2023-05-26,53.0,53.29,53.73,51.91,52.6,8022.04,42281500.0,53.25,53.47,53.58749999999996,53.43,50.79,51.52,0.4,0.66,-0.26,阿科力,化学原料和化学制品制造业,主板,52.98249999999999,53.555,53.24749999999995,53.62437500000001,51.917021276595676
603722,2023-05-29,53.06,53.07,53.3,52.08,53.29,5576.14,29390100.0,53.0,53.55,53.615999999999964,53.52,50.94,50.68,0.35,0.6,-0.25,阿科力,化学原料和化学制品制造业,主板,53.072499999999984,53.332499999999996,53.26249999999996,53.37375000000001,52.09297872340419
603722,2023-05-30,52.5,52.41,52.98,51.91,53.07,4931.0,25771900.0,52.94,53.39,53.65449999999996,53.55,51.02,48.12,0.26,0.53,-0.27,阿科力,化学原料和化学制品制造业,主板,52.84249999999999,53.19124999999999,53.34749999999996,53.16187500000001,52.25361702127652
603722,2023-05-31,52.37,52.86,52.86,51.65,52.41,4140.0,21615000.0,52.85,53.19,53.68749999999996,53.5,51.07,49.97,0.21,0.46,-0.25,阿科力,化学原料和化学制品制造业,主板,52.90749999999999,53.07374999999999,53.39416666666663,53.11937500000001,52.4017021276595
603722,2023-06-01,52.85,52.06,54.8,51.99,52.86,9000.0,47653400.0,52.74,53.04,53.41949999999995,53.39,51.14,46.78,0.12,0.4,-0.28,阿科力,化学原料和化学制品制造业,主板,52.59999999999999,52.79124999999999,53.23666666666662,53.085625000000014,52.49978723404248
603722,2023-06-02,52.71,52.89,55.5,52.03,52.06,17932.0,95666700.0,52.66,52.95,53.20999999999996,53.35,51.23,50.33,0.1,0.34,-0.24,阿科力,化学原料和化学制品制造业,主板,52.55499999999999,52.81374999999999,53.07333333333329,53.085625000000014,52.51446808510631
603722,2023-06-05,52.44,50.7,52.44,50.55,52.89,16355.0,83833300.0,52.18,52.59,52.95499999999996,53.25,51.29,42.3,-0.09,0.25,-0.34,阿科力,化学原料和化学制品制造业,主板,52.12749999999999,52.48499999999999,52.83666666666662,53.04250000000002,52.42553191489354
603722,2023-06-06,50.0,50.12,50.58,49.8,50.7,6276.44,31408500.0,51.73,52.33,52.783999999999956,53.14,51.34,40.46,-0.28,0.14,-0.42,阿科力,化学原料和化学制品制造业,主板,51.44249999999998,52.17499999999999,52.529999999999966,52.90625000000002,52.3648936170212
603722,2023-06-07,50.18,48.5,50.27,48.21,50.12,13762.0,67342600.0,50.85,51.85,52.578999999999965,52.99,51.36,35.78,-0.55,0.01,-0.56,阿科力,化学原料和化学制品制造业,主板,50.55249999999998,51.57624999999999,52.04499999999996,52.56562500000002,52.33914893617013
603722,2023-06-08,48.22,50.12,50.73,48.22,48.5,18289.0,90759200.0,50.47,51.6,52.44049999999995,52.9,51.42,42.9,-0.64,-0.12,-0.52,阿科力,化学原料和化学制品制造业,主板,49.859999999999985,51.20749999999999,51.82916666666662,52.27000000000002,52.36425531914885
603722,2023-06-09,50.12,50.33,51.88,49.92,50.12,12648.0,64241400.0,49.95,51.31,52.387499999999946,52.83,51.47,43.77,-0.67,-0.23,-0.44,阿科力,化学原料和化学制品制造业,主板,49.767499999999984,50.94749999999999,51.57916666666662,52.06937500000002,52.42531914893609
603722,2023-06-12,51.48,52.47,53.88,50.46,50.33,18154.0,95191000.0,50.31,51.25,52.395999999999944,52.83,51.59,51.82,-0.53,-0.29,-0.24,阿科力,化学原料和化学制品制造业,主板,50.35499999999998,50.89874999999999,51.56833333333329,51.98625000000003,52.49914893617013
603722,2023-06-13,52.73,52.21,53.0,50.47,52.47,11058.0,57075800.0,50.73,51.23,52.30899999999995,52.84,51.7,50.87,-0.43,-0.32,-0.11,阿科力,化学原料和化学制品制造业,主板,51.282499999999985,50.91749999999999,51.478333333333296,51.854375000000026,52.55468085106374
603722,2023-06-14,54.0,51.83,55.44,51.04,52.21,23317.0,123008000.0,51.39,51.12,52.157999999999944,52.83,51.83,49.44,-0.37,-0.33,-0.04,阿科力,化学原料和化学制品制造业,主板,51.70999999999998,50.78499999999999,51.374999999999964,51.799375000000026,52.6212765957446
603722,2023-06-15,51.3,51.01,51.95,50.5,51.83,12283.0,62557800.0,51.57,51.02,52.03149999999995,52.62,51.93,46.4,-0.39,-0.34,-0.05,阿科力,化学原料和化学制品制造业,主板,51.87999999999998,50.82374999999999,51.2583333333333,51.65437500000002,52.66829787234035
603722,2023-06-16,51.04,50.88,51.54,50.83,51.01,6038.06,30878700.0,51.68,50.82,51.88549999999996,52.41,52.03,45.92,-0.41,-0.36,-0.05,阿科力,化学原料和化学制品制造业,主板,51.48249999999998,50.91874999999999,51.0933333333333,51.54687500000002,52.6817021276595
603722,2023-06-19,50.52,49.9,50.9,49.46,50.88,15285.5,76405500.0,51.17,50.74,51.66449999999996,52.22,52.1,42.36,-0.5,-0.38,-0.12,阿科力,化学原料和化学制品制造业,主板,50.90499999999998,51.093749999999986,50.9133333333333,51.33500000000002,52.653404255319074
603722,2023-06-20,50.16,49.8,50.2,49.29,49.9,7911.0,39334400.0,50.68,50.7,51.51899999999996,52.09,52.14,42.0,-0.57,-0.42,-0.15,阿科力,化学原料和化学制品制造业,主板,50.39749999999998,51.05374999999999,50.6558333333333,51.130625000000016,52.63744680851056
603722,2023-06-21,49.48,48.85,49.77,48.61,49.8,7516.0,36819300.0,50.09,50.74,51.29499999999996,51.97,52.08,38.65,-0.7,-0.48,-0.22,阿科力,化学原料和化学制品制造业,主板,49.85749999999998,50.86874999999999,50.50166666666663,50.90812500000002,52.609148936170136
603722,2023-06-26,48.9,48.8,49.61,48.07,48.85,4712.0,23047900.0,49.65,50.61,51.104999999999954,51.83,51.98,38.48,-0.79,-0.54,-0.25,阿科力,化学原料和化学制品制造业,主板,49.33749999999998,50.41,50.39166666666662,50.654375000000016,52.54914893617014
603722,2023-06-27,48.46,48.92,49.38,48.46,48.8,3899.2,19042200.0,49.25,50.47,50.886499999999955,51.75,51.91,39.18,-0.85,-0.6,-0.25,阿科力,化学原料和化学制品制造业,主板,49.09249999999998,49.99875,50.42666666666662,50.45812500000001,52.43127659574461
603722,2023-06-28,48.92,48.92,49.28,48.2,48.92,4443.0,21592200.0,49.06,50.11,50.67899999999996,51.63,51.9,39.18,-0.88,-0.66,-0.22,阿科力,化学原料和化学制品制造业,主板,48.872499999999974,49.635000000000005,50.32666666666662,50.21000000000001,52.296170212765894
603722,2023-06-29,48.81,48.62,49.5,48.57,48.92,4619.0,22602300.0,48.82,49.75,50.48949999999996,51.46,51.89,37.92,-0.93,-0.71,-0.22,阿科力,化学原料和化学制品制造业,主板,48.814999999999976,49.33625000000001,50.18416666666661,50.080000000000005,52.17829787234036
603722,2023-06-30,48.75,49.78,50.0,48.54,48.62,9508.0,47002300.0,49.01,49.55,50.33549999999996,51.29,51.93,45.27,-0.85,-0.74,-0.11,阿科力,化学原料和化学制品制造业,主板,49.059999999999974,49.198750000000004,49.959999999999944,50.05875,52.09914893617015
603722,2023-07-03,49.74,48.47,50.29,47.98,49.78,12921.0,62922000.0,48.94,49.29,50.15599999999996,51.12,51.92,39.57,-0.9,-0.77,-0.13,阿科力,化学原料和化学制品制造业,主板,48.94749999999998,49.02000000000001,49.64833333333328,50.056875000000005,51.99234042553186
603722,2023-07-04,47.61,50.01,50.29,47.61,48.47,16157.0,80013100.0,49.16,49.21,50.01199999999996,50.99,51.93,47.87,-0.79,-0.78,-0.01,阿科力,化学原料和化学制品制造业,主板,49.21999999999997,49.04625000000001,49.496666666666606,50.050000000000004,51.92723404255313
603722,2023-07-05,50.01,48.7,50.2,48.45,50.01,9535.0,46796300.0,49.12,49.09,49.911999999999956,50.81,51.93,42.52,-0.81,-0.78,-0.03,阿科力,化学原料和化学制品制造业,主板,49.23999999999997,49.0275,49.30416666666661,49.948125000000005,51.838936170212705
603722,2023-07-06,48.7,48.7,48.85,47.96,48.7,5102.0,24709100.0,49.13,48.98,49.84099999999996,50.67,51.93,42.52,-0.81,-0.79,-0.02,阿科力,化学原料和化学制品制造业,主板,48.96999999999996,49.015,49.122499999999945,49.712500000000006,51.75914893617015
603722,2023-07-07,48.4,48.14,48.53,47.93,48.7,5285.0,25438600.0,48.8,48.91,49.82299999999996,50.5,51.89,40.29,-0.85,-0.8,-0.05,阿科力,化学原料和化学制品制造业,主板,48.88749999999997,48.9175,48.97583333333328,49.458125,51.66638297872334
603722,2023-07-10,48.38,48.1,48.38,47.52,48.14,4460.0,21310700.0,48.73,48.84,49.72199999999995,50.35,51.84,40.13,-0.87,-0.81,-0.06,阿科力,化学原料和化学制品制造业,主板,48.40999999999997,48.815,48.83416666666662,49.225,51.59106382978717
603722,2023-07-11,47.82,48.11,48.2,47.12,48.1,2912.06,13904800.0,48.35,48.76,49.61099999999995,50.18,51.8,40.19,-0.88,-0.83,-0.05,阿科力,化学原料和化学制品制造业,主板,48.262499999999974,48.75125,48.77249999999995,49.04375,51.50404255319143
603722,2023-07-12,48.0,48.46,49.08,47.52,48.11,6805.0,32981600.0,48.3,48.71,49.41049999999994,50.02,51.77,42.54,-0.84,-0.83,-0.01,阿科力,化学原料和化学制品制造业,主板,48.20249999999997,48.58624999999999,48.74416666666662,48.892500000000005,51.31340425531909
603722,2023-07-13,47.78,48.02,48.71,47.78,48.46,3620.0,17416000.0,48.17,48.65,49.200999999999944,49.88,51.71,40.39,-0.84,-0.83,-0.01,阿科力,化学原料和化学制品制造业,主板,48.17249999999997,48.52999999999999,48.66916666666663,48.775000000000006,51.12063829787228
603722,2023-07-14,48.02,47.38,48.57,47.3,48.02,5104.0,24429400.0,48.01,48.41,48.97849999999995,49.69,51.59,37.44,-0.89,-0.84,-0.05,阿科力,化学原料和化学制品制造业,主板,47.99249999999997,48.20124999999999,48.540833333333296,48.62375000000001,50.94148936170207
603722,2023-07-17,47.47,46.69,47.8,46.43,47.38,6699.0,31383300.0,47.73,48.23,48.762499999999946,49.51,51.45,34.51,-0.96,-0.87,-0.09,阿科力,化学原料和化学制品制造业,主板,47.637499999999974,47.94999999999999,48.37999999999997,48.48875,50.79574468085101
603722,2023-07-18,46.7,45.89,46.7,45.11,46.69,10643.0,48909100.0,47.29,47.82,48.51299999999994,49.28,51.31,31.44,-1.08,-0.91,-0.17,阿科力,化学原料和化学制品制造业,主板,46.99499999999997,47.59874999999999,48.055833333333304,48.306875000000005,50.652978723404196
603722,2023-07-19,46.29,46.08,46.65,45.61,45.89,4541.07,20889900.0,46.81,47.56,48.321999999999946,49.13,51.19,32.96,-1.14,-0.96,-0.18,阿科力,化学原料和化学制品制造业,主板,46.50999999999997,47.34124999999999,47.856666666666634,48.12937500000001,50.50808510638292
603722,2023-07-20,45.92,45.53,46.16,45.4,46.08,2795.0,12772100.0,46.31,47.24,48.10849999999995,48.97,51.06,30.82,-1.22,-1.01,-0.21,阿科力,化学原料和化学制品制造业,主板,46.04749999999997,47.01999999999998,47.4833333333333,47.91750000000001,50.3834042553191
603722,2023-07-21,46.7,45.7,46.87,45.37,45.53,4627.0,21332800.0,45.98,47.0,47.95099999999995,48.88,50.93,32.29,-1.26,-1.06,-0.2,阿科力,化学原料和化学制品制造业,主板,45.79999999999997,46.71874999999998,47.2333333333333,47.735000000000014,50.2429787234042
603722,2023-07-24,45.93,46.1,46.44,45.33,45.7,1541.35,7098550.0,45.86,46.8,47.81599999999995,48.75,50.82,35.73,-1.23,-1.09,-0.14,阿科力,化学原料和化学制品制造业,主板,45.852499999999964,46.423749999999984,47.01666666666663,47.50500000000002,50.07595744680846
603722,2023-07-25,46.3,46.95,47.3,46.13,46.1,5578.0,26115500.0,46.07,46.68,47.71749999999996,48.63,50.73,42.43,-1.14,-1.1,-0.04,阿科力,化学原料和化学制品制造业,主板,46.069999999999965,46.289999999999985,46.91749999999997,47.41000000000002,49.90787234042548
603722,2023-07-26,46.5,47.19,47.39,46.4,46.95,3256.0,15297400.0,46.29,46.55,47.63099999999996,48.46,50.64,44.2,-1.03,-1.09,0.06,阿科力,化学原料和化学制品制造业,主板,46.484999999999964,46.266249999999985,46.84166666666663,47.233750000000015,49.77276595744675
603722,2023-07-27,46.95,46.65,47.3,46.58,47.19,3321.07,15543200.0,46.52,46.42,47.532499999999956,48.27,50.56,41.14,-0.98,-1.07,0.09,阿科力,化学原料和化学制品制造业,主板,46.72249999999997,46.26124999999998,46.71999999999996,47.10562500000001,49.62063829787228
603722,2023-07-28,46.67,46.6,47.44,46.33,46.65,5852.99,27356400.0,46.7,46.34,47.37349999999996,48.1,50.47,40.85,-0.92,-1.04,0.12,阿科力,化学原料和化学制品制造业,主板,46.84749999999997,46.34999999999999,46.56499999999996,46.97437500000001,49.45638297872334
603722,2023-07-31,46.6,44.67,46.92,43.7,46.6,14428.2,65307500.0,46.41,46.14,47.18349999999995,47.89,50.25,31.79,-1.03,-1.04,0.01,阿科力,化学原料和化学制品制造业,主板,46.277499999999975,46.17374999999999,46.285833333333294,46.75750000000001,49.28531914893611
603722,2023-08-01,44.89,43.76,44.89,43.25,44.67,12950.0,56502800.0,45.77,45.92,46.87099999999995,47.65,50.03,28.57,-1.17,-1.06,-0.11,阿科力,化学原料和化学制品制造业,主板,45.41999999999997,45.952499999999986,45.984166666666624,46.486250000000005,49.08170212765952
603722,2023-08-02,43.77,43.15,44.15,42.87,43.76,6867.0,29710400.0,44.97,45.63,46.59349999999995,47.42,49.82,26.62,-1.32,-1.11,-0.21,阿科力,化学原料和化学制品制造业,主板,44.54499999999997,45.633749999999985,45.68916666666663,46.17625,48.88063829787229
603722,2023-08-03,43.15,43.02,43.3,42.61,43.15,4293.0,18424500.0,44.24,45.38,46.30949999999994,47.2,49.64,26.21,-1.44,-1.18,-0.26,阿科力,化学原料和化学制品制造业,主板,43.64999999999998,45.24874999999998,45.44999999999996,45.83625,48.662127659574416
603722,2023-08-04,43.44,43.35,43.63,43.0,43.02,2765.0,11981400.0,43.59,45.14,46.06999999999995,47.02,49.49,29.19,-1.48,-1.24,-0.24,阿科力,化学原料和化学制品制造业,主板,43.31999999999998,44.798749999999984,45.22249999999996,45.544375,48.45531914893611
603722,2023-08-07,43.18,42.36,43.3,41.91,43.35,4633.07,19707200.0,43.13,44.77,45.782999999999944,46.8,49.32,25.82,-1.57,-1.31,-0.26,阿科力,化学原料和化学制品制造业,主板,42.969999999999985,44.194999999999986,44.95833333333329,45.230625,48.24148936170208
603722,2023-08-08,42.36,42.34,42.85,42.03,42.36,2325.0,9841470.0,42.84,44.31,45.494499999999945,46.58,49.16,25.76,-1.63,-1.37,-0.26,阿科力,化学原料和化学制品制造业,主板,42.767499999999984,43.656249999999986,44.67833333333329,44.95875000000001,48.017659574468034
603722,2023-08-09,42.66,42.01,43.12,41.9,42.34,4914.0,20830300.0,42.62,43.79,45.17199999999995,46.35,48.99,24.66,-1.69,-1.43,-0.26,阿科力,化学原料和化学制品制造业,主板,42.51499999999998,43.08249999999998,44.337499999999956,44.71625000000001,47.803829787234
603722,2023-08-10,42.14,42.22,42.96,42.0,42.01,4091.0,17344200.0,42.46,43.35,44.88199999999995,46.14,48.8,26.8,-1.69,-1.49,-0.2,阿科力,化学原料和化学制品制造业,主板,42.23249999999998,42.77624999999998,43.94333333333329,44.47500000000001,47.57680851063825
603722,2023-08-11,42.6,41.52,42.6,41.47,42.22,3492.0,14609400.0,42.09,42.84,44.58899999999995,45.86,48.58,24.32,-1.74,-1.54,-0.2,阿科力,化学原料和化学制品制造业,主板,42.02249999999998,42.49624999999998,43.47083333333328,44.22437500000001,47.38148936170209
603722,2023-08-14,41.56,41.85,41.92,40.98,41.52,3264.0,13507700.0,41.99,42.56,44.346999999999944,45.64,48.38,27.71,-1.72,-1.57,-0.15,阿科力,化学原料和化学制品制造业,主板,41.89999999999998,42.33374999999999,43.07083333333329,43.98375000000001,47.20553191489358
603722,2023-08-15,41.85,41.95,42.35,41.5,41.85,2236.0,9365940.0,41.91,42.38,44.14999999999995,45.37,48.18,28.76,-1.68,-1.59,-0.09,阿科力,化学原料和化学制品制造业,主板,41.88499999999998,42.19999999999999,42.68333333333329,43.72437500000001,47.06617021276591
603722,2023-08-16,41.9,41.79,42.47,41.7,41.95,2555.0,10745100.0,41.87,42.24,43.93549999999995,45.14,47.97,28.06,-1.65,-1.61,-0.04,阿科力,化学原料和化学制品制造业,主板,41.777499999999975,42.00499999999999,42.443333333333285,43.401875000000004,46.88893617021272
603722,2023-08-17,41.55,42.95,43.77,41.12,41.79,6406.0,27372100.0,42.01,42.23,43.80649999999995,44.95,47.81,39.51,-1.51,-1.59,0.08,阿科力,化学原料和化学制品制造业,主板,42.13499999999997,42.078749999999985,42.37583333333328,43.136875,46.731914893616974
603722,2023-08-18,44.07,45.96,47.25,44.02,42.95,33105.0,153057000.0,42.9,42.5,43.81949999999995,44.88,47.69,58.13,-1.15,-1.5,0.35,阿科力,化学原料和化学制品制造业,主板,43.16249999999997,42.531249999999986,42.60999999999996,43.09375000000001,46.59340425531911
603722,2023-08-21,45.15,44.31,47.7,44.31,45.96,15610.0,71230400.0,43.39,42.69,43.72999999999995,44.75,47.55,49.19,-0.97,-1.39,0.42,阿科力,化学原料和化学制品制造业,主板,43.75249999999997,42.81874999999999,42.71749999999995,42.95062500000001,46.425319148936126
603722,2023-08-22,44.86,44.59,45.18,43.73,44.31,7866.79,34908900.0,43.92,42.92,43.611999999999945,44.63,47.41,50.58,-0.8,-1.27,0.47,阿科力,化学原料和化学制品制造业,主板,44.45249999999997,43.11499999999998,42.82083333333329,42.945625000000014,46.271276595744645
603722,2023-08-23,44.34,43.15,44.56,43.1,44.59,5810.0,25242000.0,44.19,43.03,43.40999999999995,44.46,47.24,43.93,-0.78,-1.18,0.4,阿科力,化学原料和化学制品制造业,主板,44.50249999999997,43.31874999999998,42.88666666666662,42.90750000000001,46.10404255319145
603722,2023-08-24,43.02,43.31,43.8,42.38,43.15,4525.0,19445200.0,44.26,43.14,43.242999999999945,44.3,47.09,44.8,-0.75,-1.09,0.34,阿科力,化学原料和化学制品制造业,主板,43.83999999999997,43.50124999999998,42.967499999999944,42.91750000000001,45.94297872340421
603722,2023-08-25,43.2,44.06,44.18,42.26,43.31,6932.43,30000600.0,43.88,43.39,43.11599999999994,44.19,46.94,48.8,-0.64,-1.0,0.36,阿科力,化学原料和化学制品制造业,主板,43.77749999999997,43.76499999999998,43.138333333333286,42.982500000000016,45.81872340425527
603722,2023-08-28,46.89,43.16,46.89,43.0,44.06,7228.0,31978500.0,43.65,43.52,43.040499999999945,44.07,46.79,44.62,-0.63,-0.93,0.3,阿科力,化学原料和化学制品制造业,主板,43.419999999999966,43.93624999999998,43.21666666666661,42.97062500000001,45.67744680851058
603722,2023-08-29,43.07,46.4,47.3,43.06,43.16,17107.0,77899100.0,44.02,43.97,43.17249999999994,44.09,46.69,58.43,-0.35,-0.81,0.46,阿科力,化学原料和化学制品制造业,主板,44.232499999999966,44.36749999999998,43.62333333333328,43.22312500000001,45.62531914893612
603722,2023-08-30,46.53,45.7,47.23,45.26,46.4,12642.0,58490400.0,44.53,44.36,43.29999999999995,44.08,46.6,55.23,-0.19,-0.69,0.5,阿科力,化学原料和化学制品制造业,主板,44.82999999999997,44.33499999999998,43.94416666666661,43.43312500000001,45.5593617021276
603722,2023-08-31,45.29,45.75,45.95,44.7,45.7,8040.0,36437000.0,45.01,44.64,43.43649999999995,44.08,46.53,55.41,-0.05,-0.56,0.51,阿科力,化学原料和化学制品制造业,主板,45.25249999999997,44.51499999999998,44.260833333333274,43.66687500000001,45.49191489361696
603722,2023-09-01,45.57,45.4,46.19,44.9,45.75,4956.0,22429100.0,45.28,44.58,43.538999999999945,44.07,46.48,53.71,0.03,-0.44,0.47,阿科力,化学原料和化学制品制造业,主板,45.81249999999997,44.61624999999998,44.56166666666661,43.86562500000001,45.41702127659568
603722,2023-09-04,45.98,45.28,46.05,45.15,45.4,3473.0,15767300.0,45.71,44.68,43.684999999999945,44.05,46.4,53.11,0.08,-0.34,0.42,阿科力,化学原料和化学制品制造业,主板,45.53249999999997,44.88249999999998,44.75583333333327,44.10062500000001,45.345957446808455
603722,2023-09-05,45.16,46.26,47.03,45.01,45.28,10565.0,49077900.0,45.68,44.85,43.88099999999994,44.02,46.33,57.32,0.2,-0.23,0.43,阿科力,化学原料和化学制品制造业,主板,45.67249999999997,45.25124999999998,44.78083333333327,44.376250000000006,45.27106382978718
603722,2023-09-06,46.53,46.86,47.0,46.04,46.26,8075.0,37674400.0,45.91,45.22,44.12349999999994,44.01,46.24,59.7,0.33,-0.12,0.45,阿科力,化学原料和化学制品制造业,主板,45.949999999999974,45.60124999999998,44.99333333333326,44.683125000000004,45.236808510638255
603722,2023-09-07,46.53,46.34,47.46,46.28,46.86,8361.0,39245500.0,46.03,45.52,44.329499999999946,44.0,46.14,56.74,0.4,-0.01,0.41,阿科力,化学原料和化学制品制造业,主板,46.184999999999974,45.99874999999999,45.1391666666666,44.96750000000001,45.15872340425527
603722,2023-09-08,46.46,47.48,48.0,46.12,46.34,6655.0,31330100.0,46.44,45.86,44.62749999999995,44.03,46.07,61.27,0.53,0.09,0.44,阿科力,化学原料和化学制品制造业,主板,46.73499999999997,46.13374999999999,45.499999999999936,45.25062500000001,45.132765957446765
603722,2023-09-11,48.23,47.8,48.23,46.73,47.48,11739.0,55887800.0,46.95,46.33,44.92499999999994,44.14,46.01,62.46,0.66,0.21,0.45,阿科力,化学原料和化学制品制造业,主板,47.119999999999976,46.396249999999995,45.87416666666659,45.365625,45.11361702127656
603722,2023-09-12,47.79,46.64,47.79,46.5,47.8,8873.0,41461300.0,47.02,46.35,45.15949999999994,44.23,45.94,55.78,0.66,0.3,0.36,阿科力,化学原料和化学制品制造业,主板,47.06499999999997,46.50749999999999,46.089166666666586,45.511250000000004,45.08170212765954
603722,2023-09-13,46.31,46.5,46.86,45.4,46.64,8853.0,40698200.0,46.95,46.43,45.39499999999994,44.34,45.88,55.01,0.63,0.36,0.27,阿科力,化学原料和化学制品制造业,主板,47.10499999999997,46.644999999999996,46.36749999999992,45.630625,45.04765957446805
603722,2023-09-14,45.98,45.05,46.1,44.89,46.5,8058.0,36485500.0,46.69,46.36,45.499999999999936,44.41,45.8,47.72,0.5,0.39,0.11,阿科力,化学原料和化学制品制造业,主板,46.49749999999997,46.616249999999994,46.25499999999992,45.749375,44.98255319148933
603722,2023-09-15,45.2,44.8,45.9,44.69,45.05,3479.0,15659900.0,46.16,46.3,45.441999999999936,44.46,45.74,46.57,0.36,0.39,-0.03,阿科力,化学原料和化学制品制造业,主板,45.74749999999996,46.433749999999996,46.179999999999914,45.8425,44.9046808510638
603722,2023-09-18,44.8,44.83,46.08,44.68,44.8,7046.0,31971700.0,45.56,46.26,45.46799999999994,44.54,45.67,46.73,0.26,0.36,-0.1,阿科力,化学原料和化学制品制造业,主板,45.29499999999996,46.17999999999999,46.10333333333325,45.890625,44.83680851063827
603722,2023-09-19,44.61,44.02,45.18,43.81,44.83,6690.0,29580000.0,45.04,46.03,45.43949999999994,44.6,45.59,42.87,0.1,0.31,-0.21,阿科力,化学原料和化学制品制造业,主板,44.67499999999996,45.889999999999986,45.98833333333325,45.944375,44.765319148936136
603722,2023-09-20,44.0,43.63,44.48,43.2,44.02,6048.06,26356100.0,44.47,45.71,45.46349999999994,44.65,45.5,41.11,-0.04,0.24,-0.28,阿科力,化学原料和化学制品制造业,主板,44.319999999999965,45.40874999999998,45.85083333333325,45.77125,44.70021276595742
603722,2023-09-21,43.94,44.92,46.66,43.94,43.63,10903.0,49272100.0,44.44,45.57,45.54399999999994,44.74,45.44,48.63,-0.06,0.18,-0.24,阿科力,化学原料和化学制品制造业,主板,44.349999999999966,45.048749999999984,45.739166666666584,45.7225,44.67957446808508
603722,2023-09-22,44.7,45.66,45.93,43.9,44.92,8541.0,38399700.0,44.61,45.39,45.62399999999993,44.88,45.37,52.38,-0.01,0.14,-0.15,阿科力,化学原料和化学制品制造业,主板,44.55749999999996,44.92624999999998,45.639166666666576,45.716874999999995,44.67063829787231
603722,2023-09-25,45.66,49.05,49.88,45.4,45.66,40664.0,196851000.0,45.46,45.51,45.91849999999993,45.12,45.38,65.0,0.3,0.17,0.13,阿科力,化学原料和化学制品制造业,主板,45.81499999999996,45.24499999999998,45.8649999999999,45.94499999999999,44.74553191489359
603722,2023-09-26,48.68,47.16,49.05,46.98,49.05,13657.0,65348500.0,46.08,45.56,45.956499999999934,45.29,45.33,56.08,0.38,0.21,0.17,阿科力,化学原料和化学制品制造业,主板,46.69749999999996,45.508749999999985,45.83833333333323,46.06249999999999,44.77659574468082
603722,2023-09-27,46.71,46.66,47.59,46.36,47.16,10465.2,49061500.0,46.69,45.58,46.00449999999993,45.46,45.3,53.97,0.41,0.25,0.16,阿科力,化学原料和化学制品制造业,主板,47.132499999999965,45.74124999999999,45.74333333333323,46.08749999999999,44.78851063829784
603722,2023-09-28,46.85,46.7,47.65,46.31,46.66,5132.0,23973900.0,47.05,45.74,46.05199999999993,45.58,45.27,54.12,0.42,0.29,0.13,阿科力,化学原料和化学制品制造业,主板,47.39249999999996,45.97499999999999,45.74833333333324,46.07749999999999,44.78319148936167
603722,2023-10-09,46.7,47.88,48.8,46.0,46.7,13115.0,62569600.0,47.49,46.05,46.17599999999993,45.64,45.26,58.39,0.53,0.34,0.19,阿科力,化学原料和化学制品制造业,主板,47.099999999999966,46.45749999999999,45.86333333333324,46.17374999999999,44.797872340425506
603722,2023-10-10,48.11,47.78,49.11,47.31,47.88,8812.75,42395400.0,47.24,46.35,46.30099999999993,45.76,45.26,57.9,0.6,0.39,0.21,阿科力,化学原料和化学制品制造业,主板,47.25499999999997,46.97624999999999,46.090833333333244,46.19249999999999,44.82191489361699
603722,2023-10-11,47.79,47.78,48.37,47.52,47.78,5298.0,25319000.0,47.36,46.72,46.37699999999993,45.87,45.25,57.9,0.64,0.44,0.2,阿科力,化学原料和化学制品制造业,主板,47.53499999999997,47.33374999999999,46.33916666666658,46.19124999999999,44.847021276595726
603722,2023-10-12,47.78,48.16,48.3,47.12,47.78,4516.0,21575600.0,47.66,47.18,46.44199999999993,46.03,45.25,59.41,0.7,0.49,0.21,阿科力,化学原料和化学制品制造业,主板,47.89999999999996,47.646249999999995,46.61666666666657,46.28624999999999,44.92127659574466
603722,2023-10-13,47.97,46.74,48.0,46.63,48.16,6411.0,30183800.0,47.67,47.36,46.461999999999925,46.15,45.22,51.92,0.63,0.52,0.11,阿科力,化学原料和化学制品制造业,主板,47.61499999999997,47.357499999999995,46.84333333333324,46.30124999999999,44.98468085106379
603722,2023-10-16,46.74,45.87,47.01,45.6,46.74,5994.0,27637000.0,47.27,47.38,46.381499999999924,46.21,45.2,47.94,0.49,0.51,-0.02,阿科力,化学原料和化学制品制造业,主板,47.13749999999997,47.19624999999999,47.02999999999991,46.35249999999999,45.042553191489326
603722,2023-10-17,45.54,45.77,46.39,45.05,45.87,3720.0,17004800.0,46.86,47.05,46.27999999999993,46.3,45.18,47.49,0.37,0.48,-0.11,阿科力,化学原料和化学制品制造业,主板,46.63499999999997,47.084999999999994,47.10083333333324,46.413124999999994,45.10106382978719
603722,2023-10-18,45.6,46.26,46.99,45.26,45.77,8165.0,37783700.0,46.56,46.96,46.260999999999925,46.29,45.19,49.97,0.32,0.45,-0.13,阿科力,化学原料和化学制品制造业,主板,46.15999999999997,47.029999999999994,47.150833333333246,46.50249999999999,45.16297872340422
603722,2023-10-19,46.46,45.77,46.6,45.4,46.26,5511.0,25293600.0,46.08,46.87,46.22449999999993,46.29,45.19,47.55,0.22,0.41,-0.19,阿科力,化学原料和化学制品制造业,主板,45.91749999999997,46.76624999999999,46.87749999999991,46.61187499999999,45.235531914893585
603722,2023-10-20,45.7,45.46,46.21,45.38,45.77,4843.0,22112800.0,45.83,46.75,46.24499999999993,46.28,45.18,46.03,0.12,0.35,-0.23,阿科力,化学原料和化学制品制造业,主板,45.81499999999997,46.47624999999999,46.735833333333254,46.72624999999999,45.30191489361698
603722,2023-10-23,44.91,44.93,45.41,44.6,45.46,4127.0,18555400.0,45.64,46.45,46.25149999999993,46.27,45.17,43.47,0.0,0.28,-0.28,阿科力,化学原料和化学制品制造业,主板,45.60499999999997,46.11999999999999,46.59166666666658,46.72687499999999,45.364042553191446
603722,2023-10-24,44.85,45.43,46.28,44.46,44.93,5159.0,23398100.0,45.57,46.22,46.28149999999992,46.27,45.16,46.49,-0.05,0.21,-0.26,阿科力,化学原料和化学制品制造业,主板,45.39749999999997,45.77874999999999,46.48583333333324,46.71249999999999,45.43234042553187
603722,2023-10-25,45.45,45.67,46.12,45.18,45.43,3179.0,14505000.0,45.45,46.01,46.363999999999926,46.25,45.14,47.93,-0.07,0.16,-0.23,阿科力,化学原料和化学制品制造业,主板,45.37249999999997,45.64499999999999,46.30166666666657,46.50124999999999,45.520638297872296
603722,2023-10-26,45.4,45.22,45.6,44.72,45.67,4304.05,19395400.0,45.34,45.71,46.44349999999993,46.2,45.11,45.46,-0.13,0.1,-0.23,阿科力,化学原料和化学制品制造业,主板,45.312499999999964,45.563749999999985,46.088333333333246,46.379999999999995,45.59234042553187
603722,2023-10-27,44.77,45.95,46.3,44.77,45.22,4594.05,21075400.0,45.44,45.63,46.49499999999993,46.19,45.09,49.96,-0.11,0.06,-0.17,阿科力,化学原料和化学制品制造业,主板,45.56749999999997,45.586249999999986,45.93583333333325,46.335625,45.677446808510595
603722,2023-10-30,45.95,45.99,46.34,45.68,45.95,3208.0,14750900.0,45.65,45.64,46.511499999999934,46.14,45.08,50.21,-0.09,0.03,-0.12,阿科力,化学原料和化学制品制造业,主板,45.70749999999997,45.55249999999999,45.75499999999992,46.29125,45.76680851063825
603722,2023-10-31,46.4,46.32,46.99,46.0,45.99,9116.34,42367800.0,45.83,45.7,46.374999999999936,46.09,45.11,52.26,-0.05,0.01,-0.06,阿科力,化学原料和化学制品制造业,主板,45.86999999999996,45.62124999999999,45.71999999999992,46.19375,45.838510638297834
603722,2023-11-01,46.8,46.4,47.39,46.25,46.32,5586.0,26100900.0,45.98,45.71,46.33699999999994,46.08,45.16,52.77,-0.01,0.01,-0.02,阿科力,化学原料和化学制品制造业,主板,46.164999999999964,45.73874999999999,45.76416666666659,46.1075,45.84787234042549
603722,2023-11-02,46.0,45.45,46.38,45.43,46.4,3428.0,15679000.0,46.02,45.68,46.27649999999994,46.04,45.19,46.44,-0.05,0.0,-0.05,阿科力,化学原料和化学制品制造业,主板,46.039999999999964,45.80374999999999,45.737499999999926,45.961875000000006,45.872127659574424
603722,2023-11-03,45.1,46.21,46.29,45.09,45.45,2543.0,11705300.0,46.07,45.76,46.25199999999994,46.08,45.25,51.46,-0.02,-0.01,-0.01,阿科力,化学原料和化学制品制造业,主板,46.09499999999996,45.90124999999998,45.73333333333326,45.84000000000001,45.90659574468081
603722,2023-11-06,46.24,46.69,46.73,45.87,46.21,3911.0,18143400.0,46.21,45.93,46.192499999999946,46.15,45.3,54.37,0.04,0.0,0.04,阿科力,化学原料和化学制品制造业,主板,46.187499999999964,46.02874999999998,45.809999999999924,45.836875000000006,45.981914893616974
603722,2023-11-07,46.74,46.25,46.74,45.5,46.69,5082.0,23362900.0,46.2,46.02,46.11599999999994,46.19,45.37,51.33,0.05,0.01,0.04,阿科力,化学原料和化学制品制造业,主板,46.14999999999996,46.157499999999985,45.875833333333254,45.860625000000006,46.04446808510634
603722,2023-11-08,46.09,47.79,49.46,46.09,46.25,18695.1,89466200.0,46.48,46.23,46.116499999999945,46.32,45.46,59.79,0.18,0.05,0.13,阿科力,化学原料和化学制品制造业,主板,46.73499999999996,46.38749999999999,46.11416666666659,45.986875000000005,46.123829787233994
603722,2023-11-09,47.29,47.13,48.29,46.85,47.79,9457.75,44835300.0,46.81,46.42,46.06499999999995,46.43,45.54,55.35,0.22,0.08,0.14,阿科力,化学原料和化学制品制造业,主板,46.964999999999954,46.52999999999999,46.255833333333264,46.041250000000005,46.20829787234039
603722,2023-11-10,46.73,46.01,46.96,45.8,47.13,6986.0,32319300.0,46.77,46.42,46.028499999999944,46.47,45.61,48.73,0.17,0.1,0.07,阿科力,化学原料和化学制品制造业,主板,46.79499999999995,46.49124999999999,46.2841666666666,46.056250000000006,46.19999999999996
603722,2023-11-13,46.01,45.9,46.17,45.35,46.01,7569.0,34638600.0,46.62,46.42,46.029999999999944,46.48,45.68,48.13,0.12,0.1,0.02,阿科力,化学原料和化学制品制造业,主板,46.70749999999995,46.42874999999999,46.34083333333326,46.08375,46.204255319148906
603722,2023-11-14,45.9,45.97,46.15,45.3,45.9,5093.98,23317700.0,46.56,46.38,46.03999999999995,46.38,45.75,48.57,0.08,0.1,-0.02,阿科力,化学原料和化学制品制造业,主板,46.252499999999955,46.493749999999984,46.34249999999992,46.14875000000001,46.20893617021273
603722,2023-11-15,46.23,47.64,47.88,46.16,45.97,20892.7,98939300.0,46.53,46.5,46.108999999999945,46.39,45.84,57.77,0.19,0.12,0.07,阿科力,化学原料和化学制品制造业,主板,46.37999999999995,46.672499999999985,46.479999999999926,46.28687500000001,46.25659574468081
603722,2023-11-16,47.84,47.85,49.36,47.25,47.64,40375.0,195846000.0,46.67,46.74,46.21299999999995,46.43,45.94,58.77,0.28,0.15,0.13,阿科力,化学原料和化学制品制造业,主板,46.839999999999954,46.81749999999999,46.60749999999992,46.42312500000001,46.31127659574464
603722,2023-11-17,47.64,48.93,50.0,47.0,47.85,26172.0,127346000.0,47.26,47.02,46.38649999999994,46.51,46.04,63.55,0.44,0.21,0.23,阿科力,化学原料和化学制品制造业,主板,47.597499999999954,47.15249999999999,46.81833333333325,46.65500000000001,46.36808510638293
603722,2023-11-20,48.93,49.0,49.49,48.08,48.93,12687.0,61818100.0,47.88,47.25,46.58999999999995,46.54,46.09,63.84,0.56,0.28,0.28,阿科力,化学原料和化学制品制造业,主板,48.354999999999954,47.30374999999999,47.114166666666584,46.845625000000005,46.413617021276536
603722,2023-11-21,49.06,47.6,49.5,47.45,49.0,13396.0,64614000.0,48.2,47.38,46.69849999999995,46.54,46.15,54.43,0.54,0.33,0.21,阿科力,化学原料和化学制品制造业,主板,48.344999999999956,47.36249999999999,47.22999999999991,46.946250000000006,46.44042553191483
603722,2023-11-22,47.5,46.17,47.86,46.17,47.6,10653.0,49822200.0,47.91,47.22,46.72349999999995,46.48,46.18,46.84,0.4,0.34,0.06,阿科力,化学原料和化学制品制造业,主板,47.92499999999996,47.38249999999999,47.186666666666575,46.936875,46.4125531914893
603722,2023-11-23,46.43,46.86,47.35,46.1,46.17,7175.0,33512800.0,47.71,47.19,46.80549999999995,46.44,46.24,50.43,0.34,0.34,0.0,阿科力,化学原料和化学制品制造业,主板,47.407499999999956,47.5025,47.237499999999905,46.965625,46.3925531914893
603722,2023-11-24,46.81,45.95,46.85,45.5,46.86,8765.0,40248700.0,47.12,47.19,46.80549999999995,46.41,46.28,46.02,0.23,0.32,-0.09,阿科力,化学原料和化学制品制造业,主板,46.64499999999995,47.5,47.08416666666658,46.996875,46.37787234042547
603722,2023-11-27,45.55,46.06,46.18,45.43,45.95,4320.0,19770700.0,46.53,47.2,46.80899999999995,46.42,46.31,46.63,0.14,0.28,-0.14,阿科力,化学原料和化学制品制造业,主板,46.259999999999955,47.3025,46.99499999999992,46.9875,46.368510638297806
603722,2023-11-28,45.92,47.0,48.32,45.8,46.06,10163.6,47797000.0,46.41,47.31,46.84299999999995,46.46,46.38,51.64,0.14,0.26,-0.12,阿科力,化学原料和化学制品制造业,主板,46.46749999999996,47.19625,47.07749999999992,47.006874999999994,46.40999999999993
603722,2023-11-29,47.0,47.12,47.87,46.4,47.0,12054.0,56690300.0,46.6,47.25,46.87899999999995,46.49,46.39,52.26,0.15,0.23,-0.08,阿科力,化学原料和化学制品制造业,主板,46.532499999999956,46.97,47.17916666666659,47.061249999999994,46.45936170212759
603722,2023-11-30,47.3,45.08,47.3,44.5,47.12,20227.0,91770900.0,46.24,46.98,46.860499999999945,46.47,46.38,42.37,-0.01,0.19,-0.2,阿科力,化学原料和化学制品制造业,主板,46.314999999999955,46.48,47.104999999999926,46.891875,46.464680851063754
603722,2023-12-01,44.84,43.34,45.03,43.07,45.08,16190.0,70829500.0,45.72,46.42,46.71699999999994,46.4,46.34,36.09,-0.26,0.1,-0.36,阿科力,化学原料和化学制品制造业,主板,45.634999999999955,45.94749999999999,46.74666666666659,46.655,46.450212765957374
603722,2023-12-04,43.0,43.62,44.12,42.89,43.34,5734.0,24947000.0,45.23,45.88,46.56349999999994,46.35,46.31,37.69,-0.44,-0.01,-0.43,阿科力,化学原料和化学制品制造业,主板,44.78999999999996,45.62874999999999,46.39416666666659,46.505625,46.449999999999925
603722,2023-12-05,43.6,43.57,44.68,43.39,43.62,5978.0,26283600.0,44.55,45.48,46.42949999999995,46.29,46.28,37.51,-0.59,-0.13,-0.46,阿科力,化学原料和化学制品制造业,主板,43.902499999999954,45.21749999999999,45.947499999999934,46.36000000000001,46.42127659574461
603722,2023-12-06,43.53,43.26,44.22,43.1,43.57,5818.0,25365300.0,43.77,45.19,46.202999999999946,46.21,46.23,36.35,-0.71,-0.24,-0.47,阿科力,化学原料和化学制品制造业,主板,43.44749999999995,44.88124999999999,45.4691666666666,46.190625000000004,46.37021276595738
603722,2023-12-07,43.26,42.62,43.26,42.19,43.26,6690.0,28464200.0,43.28,44.76,45.97749999999995,46.12,46.16,34.0,-0.85,-0.36,-0.49,阿科力,化学原料和化学制品制造业,主板,43.26749999999995,44.45124999999999,45.054166666666596,45.876875000000005,46.23340425531908
603722,2023-12-08,43.18,42.93,43.37,42.43,42.62,4578.0,19579700.0,43.2,44.46,45.823499999999946,46.02,46.1,36.15,-0.93,-0.48,-0.45,阿科力,化学原料和化学制品制造业,主板,43.09499999999995,43.94249999999999,44.7841666666666,45.569375,46.143404255319076
603722,2023-12-11,42.86,43.02,43.08,42.28,42.93,4575.0,19514300.0,43.08,44.16,45.67949999999995,45.92,46.03,36.79,-0.98,-0.58,-0.4,阿科力,化学原料和化学制品制造业,主板,42.95749999999995,43.429999999999986,44.46416666666659,45.2,46.06595744680844
603722,2023-12-12,43.29,43.55,43.7,42.69,43.02,4918.0,21216700.0,43.08,43.81,45.55849999999994,45.83,45.96,40.59,-0.96,-0.65,-0.31,阿科力,化学原料和化学制品制造业,主板,43.02999999999996,43.23874999999999,44.26416666666659,44.859375,45.9989361702127
603722,2023-12-13,43.54,44.91,46.68,43.54,43.55,23061.4,104526000.0,43.41,43.59,45.42199999999994,45.78,45.93,49.04,-0.81,-0.69,-0.12,阿科力,化学原料和化学制品制造业,主板,43.60249999999996,43.43499999999999,44.16833333333326,44.69125,45.935744680850995
603722,2023-12-14,45.32,44.01,45.6,44.0,44.91,6866.0,30849800.0,43.68,43.48,45.22999999999994,45.73,45.89,44.53,-0.78,-0.7,-0.08,阿科力,化学原料和化学制品制造业,主板,43.87249999999995,43.483749999999986,43.91916666666659,44.55625,45.85553191489355
603722,2023-12-15,44.0,43.3,44.44,42.99,44.01,7641.0,33202600.0,43.76,43.48,44.94849999999994,45.64,45.86,41.3,-0.78,-0.72,-0.06,阿科力,化学原料和化学制品制造业,主板,43.942499999999946,43.44999999999999,43.60083333333325,44.333749999999995,45.76021276595738
603722,2023-12-18,43.3,41.73,43.88,41.51,43.3,12354.0,52213700.0,43.5,43.29,44.58499999999994,45.47,45.81,35.21,-0.91,-0.76,-0.15,阿科力,化学原料和化学制品制造业,主板,43.48749999999994,43.25874999999999,43.32166666666658,44.06999999999999,45.62340425531909
603722,2023-12-19,41.8,42.29,42.56,41.42,41.73,6104.0,25618200.0,43.25,43.16,44.319499999999934,45.34,45.77,38.68,-0.96,-0.8,-0.16,阿科力,化学原料和化学制品制造业,主板,42.83249999999994,43.217499999999994,43.234166666666574,43.834374999999994,45.52872340425526
603722,2023-12-20,42.5,46.52,46.52,42.5,42.29,71818.0,329302000.0,43.57,43.49,44.33699999999994,45.3,45.81,57.29,-0.65,-0.77,0.12,阿科力,化学原料和化学制品制造业,主板,43.459999999999944,43.66624999999999,43.47583333333324,43.80437499999999,45.542553191489304
603722,2023-12-21,48.0,46.0,48.0,44.81,46.52,50482.7,233183000.0,43.97,43.83,44.29399999999994,45.26,45.85,55.08,-0.44,-0.7,0.26,阿科力,化学原料和化学制品制造业,主板,44.13499999999995,44.03874999999999,43.678333333333235,43.73437499999999,45.54744680851058
603722,2023-12-22,46.21,46.02,48.34,45.8,46.0,45667.0,214509000.0,44.51,44.14,44.297499999999935,45.26,45.87,55.15,-0.27,-0.62,0.35,阿科力,化学原料和化学制品制造业,主板,45.20749999999995,44.34749999999999,43.90833333333324,43.79312499999999,45.542340425531854
603722,2023-12-25,46.12,47.73,48.19,45.68,46.02,33413.9,157768000.0,45.71,44.61,44.380999999999936,45.32,45.9,60.9,0.02,-0.49,0.51,阿科力,化学原料和化学制品制造业,主板,46.56749999999995,44.69999999999999,44.33416666666657,44.06749999999999,45.58404255319143
603722,2023-12-26,47.88,47.2,48.59,46.14,47.73,24896.0,117707000.0,46.69,44.97,44.39099999999994,45.36,45.87,58.4,0.18,-0.36,0.54,阿科力,化学原料和化学制品制造业,主板,46.73749999999995,45.09874999999999,44.68999999999991,44.29124999999999,45.62106382978717
603722,2023-12-27,46.66,48.43,49.5,46.66,47.2,38923.0,187548000.0,47.08,45.32,44.456499999999934,45.39,45.89,62.27,0.41,-0.2,0.61,阿科力,化学原料和化学制品制造业,主板,47.34499999999995,45.73999999999999,45.14083333333324,44.594999999999985,45.69553191489355
603722,2023-12-28,48.42,49.0,50.74,47.56,48.43,50010.2,244840000.0,47.68,45.82,44.65249999999993,45.43,45.93,63.94,0.64,-0.03,0.67,阿科力,化学原料和化学制品制造业,主板,48.08999999999995,46.648749999999986,45.594999999999914,44.953749999999985,45.771489361702066
603722,2023-12-29,48.75,53.9,53.9,48.75,49.0,75301.8,391854000.0,49.25,46.88,45.18049999999993,45.59,46.05,74.44,1.2,0.21,0.99,阿科力,化学原料和化学制品制造业,主板,49.63249999999995,48.09999999999998,46.34416666666658,45.65874999999998,45.946595744680785
603722,2024-01-02,57.0,53.18,59.29,52.79,53.9,109531.0,617274000.0,50.34,48.03,45.65849999999993,45.73,46.14,71.16,1.56,0.48,1.08,阿科力,化学原料和化学制品制造业,主板,51.127499999999955,48.93249999999998,47.10833333333324,46.29937499999998,46.11595744680845
603722,2024-01-03,54.51,52.15,54.8,49.81,53.18,81890.8,426902000.0,51.33,49.01,46.08749999999993,45.88,46.21,66.64,1.74,0.73,1.01,阿科力,化学原料和化学制品制造业,主板,52.05749999999995,49.70124999999998,47.845833333333246,46.86999999999998,46.247872340425474
603722,2024-01-04,52.0,50.53,53.9,49.63,52.15,52547.0,266974000.0,51.75,49.41,46.45099999999992,46.03,46.26,60.17,1.75,0.94,0.81,阿科力,化学原料和化学制品制造业,主板,52.43999999999994,50.264999999999986,48.57916666666657,47.306249999999984,46.344468085106335
603722,2024-01-05,50.28,48.63,51.39,48.41,50.53,44993.5,225048000.0,51.68,49.68,46.75149999999992,46.09,46.26,53.59,1.57,1.06,0.51,阿科力,化学原料和化学制品制造业,主板,51.12249999999994,50.37749999999998,49.10749999999991,47.538749999999986,46.39361702127655
603722,2024-01-08,48.21,46.95,49.0,46.87,48.63,24758.0,117899000.0,50.29,49.77,46.95249999999993,46.12,46.27,48.54,1.28,1.11,0.17,阿科力,化学原料和化学制品制造业,主板,49.56499999999994,50.34624999999998,49.14333333333325,47.72249999999999,46.405319148936115
603722,2024-01-09,46.93,47.95,51.0,46.91,46.95,40431.8,197529000.0,49.24,49.79,47.198999999999934,46.18,46.3,51.47,1.13,1.11,0.02,阿科力,化学原料和化学制品制造业,主板,48.51499999999994,50.28624999999998,49.305833333333254,48.013124999999995,46.45851063829782
603722,2024-01-10,47.48,46.7,48.31,45.4,47.95,28042.0,131230000.0,48.15,49.74,47.35649999999994,46.17,46.32,47.8,0.89,1.07,-0.18,阿科力,化学原料和化学制品制造业,主板,47.55749999999994,49.99874999999998,49.362499999999926,48.32375,46.46893617021271
603722,2024-01-11,46.8,47.98,48.49,45.58,46.7,25964.2,123749000.0,47.64,49.7,47.50999999999994,46.2,46.35,51.6,0.79,1.01,-0.22,阿科力,化学原料和化学制品制造业,主板,47.39499999999994,49.258749999999985,49.38333333333326,48.679375,46.49638297872335
603722,2024-01-12,47.8,47.28,48.3,47.2,47.98,11789.0,56185000.0,47.37,49.52,47.67349999999994,46.28,46.37,49.48,0.65,0.94,-0.29,阿科力,化学原料和化学制品制造业,主板,47.477499999999935,48.52124999999999,49.38999999999992,48.726875,46.51829787234037
603722,2024-01-15,47.11,46.3,47.39,46.0,47.28,15793.0,73522800.0,47.24,48.76,47.82349999999994,46.38,46.39,46.59,0.45,0.84,-0.39,阿科力,化学原料和化学制品制造业,主板,47.06499999999994,47.78999999999999,49.21249999999992,48.745625,46.4865957446808
603722,2024-01-16,46.27,45.63,46.85,44.86,46.3,17066.0,77909400.0,46.78,48.01,48.01849999999994,46.44,46.4,44.67,0.24,0.72,-0.48,阿科力,化学原料和化学制品制造业,主板,46.79749999999994,47.177499999999995,48.93166666666659,48.72125,46.45468085106378
603722,2024-01-17,45.41,43.61,45.69,43.53,45.63,14246.0,63222200.0,46.16,47.16,48.08449999999994,46.44,46.37,39.4,-0.09,0.56,-0.65,阿科力,化学原料和化学制品制造业,主板,45.70499999999995,46.55,48.07416666666659,48.46375,46.403617021276546
603722,2024-01-18,43.5,42.63,43.6,40.96,43.61,29908.1,125723000.0,45.09,46.37,47.889999999999944,46.42,46.32,37.11,-0.42,0.36,-0.78,阿科力,化学原料和化学制品制造业,主板,44.54249999999995,46.01,47.19499999999993,48.178124999999994,46.33404255319144
603722,2024-01-19,44.1,46.89,46.89,44.1,42.63,37962.6,176584000.0,45.01,46.19,47.93449999999994,46.57,46.34,50.56,-0.34,0.22,-0.56,阿科力,化学原料和化学制品制造业,主板,44.68999999999994,45.8775,46.7566666666666,48.081875,46.35361702127655
603722,2024-01-22,47.0,42.2,48.6,42.2,46.89,54312.1,247054000.0,44.19,45.72,47.74349999999994,46.54,46.28,40.33,-0.65,0.05,-0.7,阿科力,化学原料和化学制品制造业,主板,43.83249999999994,45.315,46.062499999999936,47.656875,46.23787234042548
603722,2024-01-23,41.74,43.16,43.88,41.74,42.2,30831.9,132021000.0,43.7,45.24,47.514999999999944,46.55,46.24,42.88,-0.8,-0.12,-0.68,阿科力,化学原料和化学制品制造业,主板,43.71999999999994,44.71249999999999,45.6066666666666,46.985625,46.138085106382924
603722,2024-01-24,43.16,41.48,43.16,39.55,43.16,37108.4,152474000.0,43.27,44.72,47.22899999999994,46.48,46.15,39.69,-1.05,-0.31,-0.74,阿科力,化学原料和化学制品制造业,主板,43.43249999999994,43.9875,45.15083333333326,46.254375,45.979574468085055
603722,2024-01-25,41.39,41.9,42.3,39.71,41.48,24342.9,100427000.0,43.13,44.11,46.90249999999994,46.38,46.08,40.87,-1.2,-0.49,-0.71,阿科力,化学原料和化学制品制造业,主板,42.184999999999945,43.43749999999999,44.64666666666659,45.61375,45.82851063829783
603722,2024-01-26,41.5,41.6,43.41,41.2,41.9,15752.7,66575200.0,42.07,43.54,46.53249999999994,46.3,46.02,40.26,-1.32,-0.65,-0.67,阿科力,化学原料和化学制品制造业,主板,42.03499999999994,42.933749999999996,44.221666666666586,45.055625000000006,45.70085106382974
603722,2024-01-29,42.1,39.62,42.6,39.4,41.6,18793.0,75922300.0,41.55,42.87,45.81849999999994,46.17,45.91,36.41,-1.57,-0.84,-0.73,阿科力,化学原料和化学制品制造业,主板,41.14999999999994,42.434999999999995,43.52499999999992,44.49250000000001,45.56148936170208
603722,2024-01-30,38.3,38.29,39.41,37.8,39.62,14684.9,56719600.0,40.58,42.14,45.07399999999994,46.06,45.77,34.05,-1.85,-1.04,-0.81,阿科力,化学原料和化学制品制造业,主板,40.35249999999994,41.8925,42.77583333333325,43.95125,45.37914893617016
603722,2024-01-31,38.01,36.16,38.47,36.01,38.29,15584.0,57752000.0,39.51,41.39,44.27449999999995,45.85,45.6,30.63,-2.21,-1.27,-0.94,阿科力,化学原料和化学制品制造业,主板,38.91749999999994,40.551249999999996,41.93083333333325,43.214375,45.17085106382974
603722,2024-02-01,36.01,34.09,36.1,33.56,36.16,36534.2,125877000.0,37.95,40.54,43.452499999999944,45.44,45.37,27.72,-2.63,-1.54,-1.09,阿科力,化学原料和化学制品制造业,主板,37.03999999999994,39.5375,40.96916666666658,42.426249999999996,44.916170212765905
603722,2024-02-02,34.37,34.22,34.66,32.5,34.09,26299.0,88095800.0,36.48,39.27,42.73199999999995,45.05,45.15,28.18,-2.93,-1.82,-1.11,阿科力,化学原料和化学制品制造业,主板,35.68999999999994,38.42,40.18666666666658,41.56625,44.64425531914888
603722,2024-02-05,34.21,30.8,34.21,30.8,34.22,26489.1,83278100.0,34.71,38.13,41.924499999999945,44.54,44.9,23.86,-3.4,-2.14,-1.26,阿科力,化学原料和化学制品制造业,主板,33.817499999999946,37.085,39.20083333333324,40.536249999999995,44.2970212765957
603722,2024-02-06,29.97,30.51,32.29,28.96,30.8,23628.7,71394800.0,33.16,36.87,41.05249999999994,43.97,44.64,23.53,-3.75,-2.46,-1.29,阿科力,化学原料和化学制品制造业,主板,32.404999999999944,35.66125,37.83583333333325,39.549375,43.987021276595705
603722,2024-02-07,30.74,29.13,31.0,28.32,30.51,23030.6,67505100.0,31.75,35.63,40.173999999999936,43.36,44.36,21.97,-4.1,-2.79,-1.31,阿科力,化学原料和化学制品制造业,主板,31.164999999999942,34.1025,36.74666666666658,38.518125,43.68468085106379
603722,2024-02-08,29.54,32.04,32.04,28.72,29.13,16415.3,50317100.0,31.34,34.65,39.37699999999994,42.82,44.1,32.16,-4.08,-3.05,-1.03,阿科力,化学原料和化学制品制造业,主板,30.61999999999994,33.155,35.819999999999915,37.794999999999995,43.438297872340385
603722,2024-02-19,34.0,33.45,34.44,32.16,32.04,25119.4,83956500.0,31.19,33.83,38.68549999999994,42.3,43.86,36.48,-3.92,-3.22,-0.7,阿科力,化学原料和化学制品制造业,主板,31.282499999999946,32.55,35.150833333333246,37.22125,43.22297872340421
603722,2024-02-20,33.1,34.07,34.31,32.17,33.45,12740.0,42584700.0,31.84,33.28,38.07399999999994,41.64,43.62,38.34,-3.69,-3.31,-0.38,阿科力,化学原料和化学制品制造业,主板,32.17249999999995,32.28874999999999,34.49833333333325,36.42,43.0274468085106
603722,2024-02-21,33.97,34.5,35.86,33.39,34.07,17472.0,61181000.0,32.64,32.9,37.51749999999994,41.02,43.37,39.66,-3.44,-3.34,-0.1,阿科力,化学原料和化学制品制造业,主板,33.51499999999995,32.33999999999999,33.90666666666658,35.93875,42.85468085106379
603722,2024-02-22,34.13,36.36,36.48,34.03,34.5,15248.0,54247800.0,34.08,32.92,37.154999999999944,40.49,43.19,45.14,-3.05,-3.28,0.23,阿科力,化学原料和化学制品制造业,主板,34.59499999999995,32.60749999999999,33.63499999999991,35.51375,42.71489361702124
603722,2024-02-23,36.35,37.37,37.48,35.55,36.36,11667.0,42659900.0,35.15,33.24,36.891999999999946,40.05,43.04,47.9,-2.63,-3.15,0.52,阿科力,化学原料和化学制品制造业,主板,35.574999999999946,33.42874999999999,33.558333333333245,35.256875,42.59468085106379
603722,2024-02-26,37.36,38.02,39.12,37.0,37.37,15198.0,57862000.0,36.06,33.62,36.448499999999946,39.7,42.89,49.66,-2.23,-2.97,0.74,阿科力,化学原料和化学制品制造业,主板,36.56249999999995,34.367499999999986,33.713333333333246,35.014375,42.47702127659571
603722,2024-02-27,37.77,38.6,38.85,37.0,38.02,11850.2,45115100.0,36.97,34.4,36.268499999999946,39.42,42.77,51.24,-1.84,-2.74,0.9,阿科力,化学原料和化学制品制造业,主板,37.58749999999995,35.55124999999999,34.08916666666658,34.826875,42.342765957446765
603722,2024-02-28,38.64,36.23,40.0,36.2,38.6,23707.1,90490000.0,37.32,34.98,35.92199999999995,39.03,42.61,45.02,-1.7,-2.53,0.83,阿科力,化学原料和化学制品制造业,主板,37.55499999999995,36.07499999999999,34.256666666666575,34.615,42.17723404255315
603722,2024-02-29,35.86,38.62,38.72,35.86,36.23,16716.9,62098200.0,37.77,35.93,35.77899999999995,38.76,42.47,51.42,-1.38,-2.3,0.92,阿科力,化学原料和化学制品制造业,主板,37.86749999999995,36.72124999999999,34.90833333333324,34.635625000000005,42.07765957446804
603722,2024-03-01,38.41,38.5,39.5,38.01,38.62,8833.0,34071800.0,37.99,36.57,35.608999999999945,38.44,42.32,51.1,-1.12,-2.07,0.95,阿科力,化学原料和化学制品制造业,主板,37.98749999999995,37.27499999999999,35.57416666666658,34.78187500000001,42.00893617021272
603722,2024-03-04,38.5,38.51,38.98,37.01,38.5,11041.0,41843600.0,38.09,37.08,35.454499999999946,38.15,42.21,51.13,-0.91,-1.83,0.92,阿科力,化学原料和化学制品制造业,主板,37.96499999999995,37.77624999999999,36.355833333333244,35.058125000000004,41.92851063829783
603722,2024-03-05,38.5,37.29,38.5,37.1,38.51,7750.43,29187700.0,37.83,37.4,35.337999999999944,37.85,42.11,47.62,-0.83,-1.63,0.8,阿科力,化学原料和化学制品制造业,主板,38.22999999999995,37.89249999999999,36.793333333333244,35.25,41.732127659574424
603722,2024-03-06,37.54,37.58,38.27,37.16,37.29,8029.43,30242100.0,38.1,37.71,35.302499999999945,37.58,42.01,48.52,-0.74,-1.46,0.72,阿科力,化学原料和化学制品制造业,主板,37.96999999999994,37.91874999999999,37.13749999999991,35.673750000000005,41.55297872340421
603722,2024-03-07,37.5,37.74,37.97,37.3,37.58,6823.27,25708600.0,37.92,37.85,35.381499999999946,37.39,41.91,49.05,-0.64,-1.29,0.65,阿科力,化学原料和化学制品制造业,主板,37.779999999999944,37.88374999999999,37.44333333333324,36.12562500000001,41.376808510638256
603722,2024-03-08,37.71,38.5,39.58,37.5,37.74,12831.0,49296000.0,37.92,37.96,35.60199999999995,37.25,41.84,51.56,-0.49,-1.13,0.64,阿科力,化学原料和化学制品制造业,主板,37.77749999999995,37.87124999999999,37.77666666666658,36.71125000000001,41.18042553191485
603722,2024-03-11,38.28,38.7,38.7,37.85,38.5,7729.43,29562600.0,37.96,38.03,35.82599999999995,36.97,41.77,52.23,-0.36,-0.98,0.62,阿科力,化学原料和化学制品制造业,主板,38.129999999999946,38.179999999999986,37.97166666666657,37.12750000000001,40.999574468085065
603722,2024-03-12,38.68,39.3,39.37,38.3,38.7,8792.0,34229900.0,38.36,38.1,36.25099999999995,36.88,41.71,54.27,-0.2,-0.82,0.62,阿科力,化学原料和化学制品制造业,主板,38.559999999999945,38.264999999999986,38.13249999999991,37.493125000000006,40.80531914893613
603722,2024-03-13,39.3,39.29,39.57,38.72,39.3,9733.0,38088800.0,38.71,38.4,36.68999999999995,36.75,41.65,54.23,-0.08,-0.67,0.59,阿科力,化学原料和化学制品制造业,主板,38.94749999999994,38.36374999999999,38.238333333333244,37.819375,40.598723404255274
603722,2024-03-14,39.26,38.8,39.68,38.23,39.29,10005.0,39111100.0,38.92,38.42,37.17349999999995,36.66,41.57,52.12,-0.02,-0.54,0.52,阿科力,化学原料和化学制品制造业,主板,39.02249999999994,38.39999999999999,38.25499999999991,38.088125,40.27744680851059
603722,2024-03-15,38.89,42.27,42.68,38.53,38.8,28033.0,114885000.0,39.67,38.8,37.684999999999945,36.67,41.52,63.07,0.3,-0.37,0.67,阿科力,化学原料和化学制品制造业,主板,39.914999999999935,39.02249999999999,38.75833333333324,38.457499999999996,40.045319148936116
603722,2024-03-18,42.0,41.42,42.6,41.1,42.27,17635.0,73235800.0,40.22,39.09,38.083499999999944,36.67,41.48,59.48,0.49,-0.2,0.69,阿科力,化学原料和化学制品制造业,主板,40.444999999999936,39.50249999999999,38.991666666666575,38.71062499999999,39.817021276595696
603722,2024-03-19,40.83,41.18,41.8,40.61,41.42,10590.7,43595400.0,40.59,39.48,38.438999999999936,36.72,41.45,58.47,0.61,-0.04,0.65,阿科力,化学原料和化学制品制造业,主板,40.91749999999994,39.93249999999999,39.21499999999991,38.90812499999999,39.61808510638293
603722,2024-03-20,41.25,41.5,41.88,41.0,41.18,8330.0,34527700.0,41.03,39.87,38.78899999999994,36.83,41.44,59.46,0.72,0.11,0.61,阿科力,化学原料和化学制品制造业,主板,41.592499999999944,40.30749999999999,39.46416666666658,39.08937499999999,39.46638297872335
603722,2024-03-21,41.5,41.95,42.81,41.11,41.5,12168.9,51157500.0,41.66,40.29,39.068499999999936,37.02,41.44,60.87,0.83,0.26,0.57,阿科力,化学原料和化学制品制造业,主板,41.51249999999994,40.71374999999999,39.852499999999914,39.44687499999999,39.35999999999995
603722,2024-03-22,41.95,41.35,42.13,41.0,41.95,7736.0,32064500.0,41.48,40.58,39.26749999999994,37.26,41.35,57.97,0.86,0.38,0.48,阿科力,化学原料和化学制品制造业,主板,41.49499999999993,40.96999999999999,40.16666666666658,39.61749999999999,39.21957446808505
603722,2024-03-25,41.35,41.35,42.0,40.58,41.35,8474.0,34920900.0,41.47,40.84,39.43399999999994,37.5,41.27,57.97,0.88,0.48,0.4,阿科力,化学原料和化学制品制造业,主板,41.53749999999993,41.22749999999999,40.46749999999991,39.795624999999994,39.105744680851004
603722,2024-03-26,41.25,40.85,41.58,40.1,41.35,8077.0,32894100.0,41.4,41.0,39.54649999999994,37.83,41.19,55.42,0.84,0.55,0.29,阿科力,化学原料和化学制品制造业,主板,41.37499999999993,41.48374999999999,40.66333333333324,39.941874999999996,38.95404255319143
603722,2024-03-27,40.98,40.9,42.95,40.12,40.85,11547.0,47729300.0,41.28,41.16,39.77999999999994,38.18,41.07,55.63,0.81,0.6,0.21,阿科力,化学原料和化学制品制造业,主板,41.112499999999926,41.31249999999999,40.84666666666657,40.1675,38.818297872340366
603722,2024-03-28,40.23,41.55,41.9,40.23,40.9,9954.0,41252300.0,41.2,41.43,39.92649999999993,38.59,40.98,58.38,0.83,0.65,0.18,阿科力,化学原料和化学制品制造业,主板,41.16249999999993,41.32874999999999,41.03416666666657,40.41562499999999,38.71723404255314
603722,2024-03-29,41.41,42.69,42.72,41.41,41.55,10120.0,42659900.0,41.47,41.47,40.13599999999993,38.95,40.88,62.74,0.91,0.7,0.21,阿科力,化学原料和化学制品制造业,主板,41.49749999999993,41.51749999999999,41.3174999999999,40.724999999999994,38.65468085106377
603722,2024-04-01,42.65,42.88,43.22,42.16,42.69,7931.0,33812400.0,41.77,41.62,40.35449999999993,39.26,40.78,63.43,0.99,0.76,0.23,阿科力,化学原料和化学制品制造业,主板,42.00499999999993,41.68999999999999,41.65749999999991,40.998749999999994,38.63914893617016
603722,2024-04-02,42.69,44.45,45.61,42.69,42.88,18210.4,81337900.0,42.49,41.95,40.712499999999935,39.61,40.62,68.59,1.16,0.84,0.32,阿科力,化学原料和化学制品制造业,主板,42.892499999999934,42.00249999999999,41.83916666666658,41.358124999999994,38.67787234042547
603722,2024-04-03,44.22,42.78,44.99,42.69,44.45,16152.9,69795800.0,42.87,42.08,40.97249999999993,39.88,40.45,59.05,1.16,0.9,0.26,阿科力,化学原料和化学制品制造业,主板,43.19999999999993,42.18124999999999,41.95249999999991,41.575624999999995,38.59042553191484
603722,2024-04-08,42.49,42.05,43.7,41.96,42.78,14441.4,61531400.0,42.97,42.08,41.18799999999993,40.07,40.28,55.42,1.08,0.94,0.14,阿科力,化学原料和化学制品制造业,主板,43.039999999999935,42.26874999999999,42.024999999999906,41.748124999999995,38.587234042553135
603722,2024-04-09,42.05,41.08,42.44,40.55,42.05,14290.0,58966200.0,42.65,42.06,41.316999999999936,40.2,40.12,50.94,0.93,0.94,-0.01,阿科力,化学原料和化学制品制造业,主板,42.58999999999993,42.297499999999985,41.9899999999999,41.890625,38.54297872340419
603722,2024-04-10,41.42,41.09,41.42,40.51,41.08,9958.0,40725100.0,42.29,42.03,41.43649999999993,40.3,40.0,50.98,0.8,0.91,-0.11,阿科力,化学原料和化学制品制造业,主板,41.74999999999993,42.32124999999999,41.918333333333244,41.816875,38.53468085106376
603722,2024-04-11,41.25,40.18,41.25,40.0,41.09,11452.0,46255800.0,41.44,41.96,41.480499999999935,40.35,39.89,46.86,0.62,0.85,-0.23,阿科力,化学原料和化学制品制造业,主板,41.09999999999993,42.14999999999999,41.82083333333324,41.739375,38.49808510638291
603722,2024-04-12,39.8,41.14,41.88,38.91,40.18,16087.0,64994000.0,41.11,41.99,41.57299999999994,40.52,39.77,51.33,0.54,0.79,-0.25,阿科力,化学原料和化学制品制造业,主板,40.87249999999993,41.95624999999999,41.803333333333235,41.736875000000005,38.48829787234036
603722,2024-04-15,40.39,39.99,41.34,39.49,41.14,14060.0,56365500.0,40.7,41.83,41.632499999999936,40.56,39.66,46.31,0.39,0.71,-0.32,阿科力,化学原料和化学制品制造业,主板,40.59999999999994,41.59499999999999,41.73166666666657,41.642500000000005,38.4961702127659
603722,2024-04-16,39.6,37.37,39.94,36.48,39.99,17120.0,65020900.0,39.95,41.3,41.38749999999994,40.52,39.48,37.34,0.05,0.58,-0.53,阿科力,化学原料和化学制品制造业,主板,39.66999999999994,40.709999999999994,41.43749999999991,41.35625,38.47659574468079
603722,2024-04-17,38.0,39.5,39.6,37.56,37.37,9996.14,38875200.0,39.64,40.96,41.29149999999994,40.56,39.35,46.42,-0.04,0.45,-0.49,阿科力,化学原料和化学制品制造业,主板,39.499999999999936,40.3,41.26666666666657,41.240625,38.54765957446802
603722,2024-04-18,39.68,40.0,41.24,38.78,39.5,9292.0,37291500.0,39.6,40.52,41.232499999999945,40.65,39.25,48.32,-0.07,0.35,-0.42,阿科力,化学原料和化学制品制造业,主板,39.21499999999993,40.043749999999996,41.04249999999991,41.15625,38.673404255319085
603722,2024-04-19,40.0,39.1,40.42,39.0,40.0,4241.0,16745700.0,39.19,40.15,41.11249999999994,40.7,39.14,45.22,-0.17,0.25,-0.42,阿科力,化学原料和化学制品制造业,主板,38.99249999999993,39.79625,40.72749999999991,41.046875,38.777234042553125
603722,2024-04-22,39.24,38.57,39.54,38.38,39.1,3825.0,14845500.0,38.91,39.8,40.94349999999994,40.73,39.06,43.45,-0.29,0.14,-0.43,阿科力,化学原料和化学制品制造业,主板,39.292499999999926,39.48125,40.23749999999991,40.901250000000005,38.942553191489296
603722,2024-04-23,38.57,39.53,39.79,38.32,38.57,5672.0,22218400.0,39.34,39.65,40.85249999999994,40.76,39.0,47.46,-0.3,0.05,-0.35,阿科力,化学原料和化学制品制造业,主板,39.299999999999926,39.4,39.96666666666658,40.775000000000006,39.13446808510632
603722,2024-04-24,39.42,39.98,40.0,39.38,39.53,4758.0,18932900.0,39.44,39.54,40.78399999999994,40.8,38.89,49.27,-0.26,-0.01,-0.25,阿科力,化学原料和化学制品制造业,主板,39.29499999999992,39.255,39.794166666666584,40.605625,39.3653191489361
603722,2024-04-25,39.98,40.38,41.17,39.5,39.98,10987.2,44398800.0,39.51,39.56,40.76049999999994,40.84,38.86,50.89,-0.21,-0.05,-0.16,阿科力,化学原料和化学制品制造业,主板,39.614999999999924,39.30375,39.735833333333254,40.449375,39.54276595744675
603722,2024-04-26,38.9,39.74,40.8,38.9,40.38,6440.0,25647900.0,39.64,39.42,40.702499999999944,40.85,38.8,48.24,-0.21,-0.08,-0.13,阿科力,化学原料和化学制品制造业,主板,39.90749999999993,39.6,39.62333333333325,40.155,39.67659574468079
603722,2024-04-29,39.35,41.75,41.9,39.0,39.74,11745.0,48218000.0,40.28,39.59,40.71249999999994,40.95,38.81,56.01,-0.05,-0.08,0.03,阿科力,化学原料和化学制品制造业,主板,40.46249999999993,39.88125,39.754166666666585,40.090625,39.83999999999994
603722,2024-04-30,41.87,41.67,42.3,41.07,41.75,6964.0,29003100.0,40.7,40.02,40.66149999999995,40.93,38.8,55.65,0.07,-0.05,0.12,阿科力,化学原料和化学制品制造业,主板,40.88499999999993,40.09,39.798333333333254,40.066875,39.9925531914893
603722,2024-05-06,42.0,42.96,43.12,41.6,41.67,10695.2,45258200.0,41.3,40.37,40.665499999999945,40.98,38.82,60.08,0.26,0.01,0.25,阿科力,化学原料和化学制品制造业,主板,41.52999999999993,40.5725,40.045833333333256,40.184375,40.1329787234042
603722,2024-05-07,42.9,43.41,44.33,42.6,42.96,10577.2,46052500.0,41.91,40.71,40.613499999999945,41.06,38.89,61.53,0.45,0.1,0.35,阿科力,化学原料和化学制品制造业,主板,42.44749999999993,41.1775,40.549166666666586,40.329375,40.261489361702075
603722,2024-05-08,43.41,42.2,43.43,41.9,43.41,7365.23,31312100.0,42.4,41.02,40.58449999999995,41.08,38.95,55.69,0.5,0.18,0.32,阿科力,化学原料和化学制品制造业,主板,42.55999999999993,41.511250000000004,40.77416666666659,40.455625000000005,40.350425531914844
603722,2024-05-09,42.96,43.2,43.86,42.5,42.2,6182.48,26738200.0,42.69,41.48,40.64199999999995,41.12,39.07,59.14,0.6,0.26,0.34,阿科力,化学原料和化学制品制造业,主板,42.942499999999924,41.91375,41.04083333333326,40.58437500000001,40.448297872340376
603722,2024-05-10,43.14,42.41,43.5,42.33,43.2,4308.0,18353900.0,42.84,41.77,40.708499999999944,41.16,39.21,55.47,0.62,0.34,0.28,阿科力,化学原料和化学制品制造业,主板,42.80499999999992,42.167500000000004,41.316666666666585,40.735625000000006,40.579787234042506
603722,2024-05-13,41.99,41.31,42.31,41.19,42.41,7527.28,31231100.0,42.51,41.9,40.71949999999994,41.16,39.33,50.74,0.54,0.38,0.16,阿科力,化学原料和化学制品制造业,主板,42.27999999999992,42.36375,41.544999999999916,40.98187500000001,40.637021276595696
603722,2024-05-14,41.49,40.83,41.88,40.5,41.31,5744.0,23539400.0,41.99,41.95,40.751999999999946,41.16,39.49,48.79,0.44,0.39,0.05,阿科力,化学原料和化学制品制造业,主板,41.93749999999993,42.24875,41.65333333333325,41.06500000000001,40.6865957446808
603722,2024-05-15,40.68,42.21,42.85,40.48,40.83,10739.0,44891000.0,41.99,42.2,40.80549999999995,41.2,39.69,54.24,0.45,0.4,0.05,阿科力,化学原料和化学制品制造业,主板,41.68999999999993,42.31625,41.839166666666586,41.203125000000014,40.76531914893612
603722,2024-05-16,41.2,42.89,43.46,41.2,42.21,9314.48,39996700.0,41.93,42.31,40.95049999999995,41.24,39.92,56.69,0.51,0.42,0.09,阿科力,化学原料和化学制品制造业,主板,41.809999999999924,42.3075,42.048333333333254,41.44000000000001,40.88446808510634
603722,2024-05-17,43.12,43.41,43.7,42.38,42.89,8364.37,36081400.0,42.13,42.48,41.25249999999995,41.27,40.11,58.52,0.6,0.46,0.14,阿科力,化学原料和化学制品制造业,主板,42.33499999999992,42.307500000000005,42.35416666666658,41.74250000000001,41.00851063829783
603722,2024-05-20,43.39,44.27,44.5,43.1,43.41,12742.0,56057700.0,42.72,42.61,41.49099999999994,41.32,40.29,61.42,0.73,0.51,0.22,阿科力,化学原料和化学制品制造业,主板,43.19499999999992,42.566250000000004,42.56416666666658,42.03875000000001,41.147446808510594
603722,2024-05-21,44.5,43.72,44.92,43.17,44.27,7060.0,30915000.0,43.3,42.64,41.67699999999995,41.29,40.45,58.59,0.78,0.57,0.21,阿科力,化学原料和化学制品制造业,主板,43.57249999999992,42.63125,42.73499999999992,42.27250000000001,41.25851063829783
603722,2024-05-22,43.69,44.21,44.39,43.3,43.72,8520.0,37388700.0,43.7,42.85,41.93249999999995,41.34,40.61,60.34,0.85,0.62,0.23,阿科力,化学原料和化学制品制造业,主板,43.90249999999992,42.85625,42.839166666666586,42.51187500000001,41.37574468085102
603722,2024-05-23,44.12,43.66,45.2,43.2,44.21,13031.0,57549700.0,43.85,42.89,42.18699999999994,41.39,40.73,57.41,0.85,0.67,0.18,阿科力,化学原料和化学制品制造业,主板,43.96499999999992,43.15,42.85999999999992,42.75687500000001,41.468510638297836
603722,2024-05-24,44.25,46.3,47.12,43.01,43.66,27147.0,124311000.0,44.43,43.28,42.525499999999944,41.57,40.88,65.96,1.05,0.74,0.31,阿科力,化学原料和化学制品制造业,主板,44.47249999999992,43.83375,43.201666666666576,43.041250000000005,41.61765957446804
603722,2024-05-27,45.89,45.0,46.15,44.16,46.3,15586.0,70355600.0,44.58,43.65,42.77649999999994,41.7,41.0,59.61,1.09,0.81,0.28,阿科力,化学原料和化学制品制造业,主板,44.79249999999992,44.182500000000005,43.351666666666574,43.24937500000001,41.749574468085065
603722,2024-05-28,44.88,44.89,45.36,44.3,45.0,9146.0,41057900.0,44.81,44.06,43.00199999999994,41.85,41.1,59.1,1.1,0.87,0.23,阿科力,化学原料和化学制品制造业,主板,44.96249999999991,44.432500000000005,43.558333333333245,43.370000000000005,41.805319148936135
603722,2024-05-29,44.69,44.2,45.49,44.0,44.89,9343.0,41730400.0,44.81,44.26,43.224999999999945,41.96,41.24,55.82,1.04,0.9,0.14,阿科力,化学原料和化学制品制造业,主板,45.09749999999992,44.53125,43.799166666666586,43.41937500000001,41.864468085106346
603722,2024-05-30,44.12,43.64,44.42,43.38,44.2,4643.52,20324600.0,44.81,44.33,43.31949999999994,42.08,41.32,53.24,0.95,0.91,0.04,阿科力,化学原料和化学制品制造业,主板,44.43249999999992,44.4525,44.033333333333246,43.509375000000006,41.91680851063826
603722,2024-05-31,43.75,45.2,45.65,43.49,43.64,13511.4,60611500.0,44.59,44.51,43.495999999999945,42.34,41.43,58.93,0.97,0.93,0.04,阿科力,化学原料和化学制品制造业,主板,44.482499999999916,44.6375,44.282499999999914,43.634375000000006,41.99553191489358
603722,2024-06-03,45.27,47.9,49.6,45.27,45.2,21833.9,105043000.0,45.17,44.87,43.742999999999945,42.62,41.59,66.53,1.21,0.98,0.23,阿科力,化学原料和化学制品制造业,主板,45.234999999999914,45.09875,44.69999999999991,43.977500000000006,42.12212765957443
603722,2024-06-04,46.69,47.65,48.29,46.5,47.9,11575.9,54813800.0,45.72,45.26,43.95499999999994,42.87,41.76,65.32,1.35,1.06,0.29,阿科力,化学原料和化学制品制造业,主板,46.09749999999991,45.5975,45.05333333333325,44.37375,42.25617021276593
603722,2024-06-05,47.1,47.85,48.96,46.81,47.65,13429.0,64776300.0,46.45,45.63,44.23749999999994,43.16,41.93,65.86,1.47,1.14,0.33,阿科力,化学原料和化学制品制造业,主板,47.149999999999906,45.79125,45.35166666666658,44.8125,42.394468085106354
603722,2024-06-06,47.55,45.3,47.77,45.0,47.85,12459.0,57460100.0,46.78,45.79,44.34249999999994,43.39,42.06,54.39,1.34,1.18,0.16,阿科力,化学原料和化学制品制造业,主板,47.17499999999991,45.82875,45.48333333333324,45.005624999999995,42.48914893617018
603722,2024-06-07,45.45,46.0,46.45,45.23,45.3,6780.0,31105900.0,46.94,45.76,44.52199999999994,43.6,42.18,56.62,1.27,1.2,0.07,阿科力,化学原料和化学制品制造业,主板,46.69999999999991,45.9675,45.63249999999991,45.199999999999996,42.597659574468054
603722,2024-06-11,46.33,46.16,46.33,45.03,46.0,4908.0,22527400.0,46.59,45.88,44.76449999999994,43.81,42.31,57.14,1.23,1.2,0.03,阿科力,化学原料和化学制品制造业,主板,46.32749999999991,46.2125,45.840833333333244,45.371874999999996,42.695744680851035
603722,2024-06-12,46.1,45.75,46.63,45.56,46.16,5681.0,26174400.0,46.21,45.96,45.01049999999994,43.99,42.41,55.32,1.14,1.19,-0.05,阿科力,化学原料和化学制品制造业,主板,45.80249999999991,46.47625,45.79499999999991,45.464375,42.76085106382976
603722,2024-06-13,45.98,46.4,47.28,45.84,45.75,8472.0,39495700.0,45.92,46.18,45.219999999999935,44.21,42.53,57.62,1.11,1.17,-0.06,阿科力,化学原料和化学制品制造业,主板,46.077499999999915,46.62625,45.91166666666658,45.631874999999994,42.835744680851036
603722,2024-06-14,46.7,46.07,46.7,45.3,46.4,7164.0,32804900.0,46.08,46.43,45.37899999999994,44.36,42.65,56.04,1.05,1.15,-0.1,阿科力,化学原料和化学制品制造业,主板,46.094999999999914,46.3975,46.00999999999991,45.748124999999995,42.870212765957426
603722,2024-06-17,45.99,45.55,47.23,45.33,46.07,7263.0,33553000.0,45.99,46.46,45.48599999999994,44.48,42.71,53.55,0.95,1.11,-0.16,阿科力,化学原料和化学制品制造业,主板,45.94249999999992,46.135000000000005,46.12249999999991,45.866249999999994,42.92914893617019
603722,2024-06-18,45.63,46.4,47.47,45.3,45.55,8941.0,41670500.0,46.03,46.31,45.59249999999994,44.6,42.79,56.92,0.93,1.07,-0.14,阿科力,化学原料和化学制品制造业,主板,46.10499999999992,45.95375,46.35249999999991,45.872499999999995,43.02170212765955
603722,2024-06-19,46.45,45.79,46.53,45.61,46.4,4188.0,19200000.0,46.04,46.13,45.695999999999934,44.68,42.87,53.9,0.85,1.03,-0.18,阿科力,化学原料和化学制品制造业,主板,45.952499999999915,46.015,46.401666666666564,45.92187499999999,43.121914893617
603722,2024-06-20,45.82,44.76,45.92,44.6,45.79,5522.0,24920800.0,45.71,45.82,45.72349999999993,44.76,42.92,49.15,0.7,0.96,-0.26,阿科力,化学原料和化学制品制造业,主板,45.624999999999915,45.86,46.1399999999999,45.91374999999999,43.19999999999999
603722,2024-06-21,44.76,44.38,45.17,43.8,44.76,3575.0,15851800.0,45.38,45.73,45.75949999999993,44.8,42.96,47.49,0.54,0.88,-0.34,阿科力,化学原料和化学制品制造业,主板,45.33249999999991,45.6375,45.8674999999999,45.92499999999999,43.28936170212764
603722,2024-06-24,44.04,43.88,44.68,43.66,44.38,6083.0,26839200.0,45.04,45.51,45.63849999999994,44.85,43.01,45.32,0.37,0.78,-0.41,阿科力,化学原料和化学制品制造业,主板,44.70249999999991,45.40375,45.53666666666657,45.93999999999999,43.34765957446806
603722,2024-06-25,44.02,44.39,46.71,43.88,43.88,11557.0,52503000.0,44.64,45.34,45.60799999999993,44.96,43.06,47.94,0.28,0.68,-0.4,阿科力,化学原料和化学制品制造业,主板,44.352499999999914,45.1525,45.460833333333234,45.88937499999999,43.44127659574466
603722,2024-06-26,44.39,46.11,46.34,43.89,44.39,5872.0,26602000.0,44.7,45.37,45.66899999999994,45.13,43.14,55.64,0.34,0.61,-0.27,阿科力,化学原料和化学制品制造业,主板,44.68999999999991,45.157500000000006,45.46999999999991,45.77749999999999,43.62723404255317
603722,2024-06-27,46.0,45.52,46.7,45.1,46.11,4655.0,21373900.0,44.86,45.28,45.734999999999935,45.24,43.22,52.76,0.33,0.55,-0.22,阿科力,化学原料和化学制品制造业,主板,44.974999999999916,45.15375,45.41666666666657,45.64437499999999,43.75531914893615
603722,2024-06-28,45.55,45.25,46.08,44.83,45.52,4686.0,21233400.0,45.03,45.2,45.815499999999936,45.32,43.28,51.44,0.3,0.5,-0.2,阿科力,化学原料和化学制品制造业,主板,45.31749999999992,45.010000000000005,45.37499999999991,45.48187499999999,43.86702127659573
603722,2024-07-01,45.07,45.2,45.76,44.71,45.25,4741.0,21484400.0,45.29,45.17,45.815499999999936,45.38,43.32,51.19,0.27,0.46,-0.19,阿科力,化学原料和化学制品制造业,主板,45.519999999999925,44.93625,45.27499999999991,45.475624999999994,43.996808510638274
603722,2024-07-02,45.16,45.72,46.28,45.0,45.2,5577.0,25429900.0,45.56,45.1,45.706499999999934,45.43,43.37,53.75,0.28,0.42,-0.14,阿科力,化学原料和化学制品制造业,主板,45.42249999999993,45.056250000000006,45.245833333333245,45.458124999999995,44.148936170212735
603722,2024-07-03,45.89,45.11,46.12,44.6,45.72,3744.0,16899800.0,45.36,45.03,45.57949999999994,45.47,43.38,50.41,0.24,0.39,-0.15,阿科力,化学原料和化学制品制造业,主板,45.31999999999993,45.14750000000001,45.20916666666658,45.3925,44.267659574468055
603722,2024-07-04,45.1,44.4,45.29,44.11,45.11,3013.0,13417200.0,45.14,45.0,45.40699999999994,45.48,43.41,46.77,0.15,0.34,-0.19,阿科力,化学原料和化学制品制造业,主板,45.10749999999993,45.212500000000006,45.04249999999991,45.308125,44.36170212765955
603722,2024-07-05,44.4,44.68,44.77,43.8,44.4,2244.0,9934480.0,45.02,45.03,45.375999999999934,45.52,43.45,48.35,0.11,0.29,-0.18,阿科力,化学原料和化学制品制造业,主板,44.977499999999935,45.24875000000001,44.94999999999991,45.200624999999995,44.453191489361664
603722,2024-07-08,44.98,44.49,46.79,43.3,44.68,8749.0,39362600.0,44.88,45.09,45.300499999999936,45.45,43.51,47.32,0.04,0.24,-0.2,阿科力,化学原料和化学制品制造业,主板,44.66999999999994,45.04625000000001,44.92749999999992,45.10187499999999,44.5542553191489
603722,2024-07-09,43.3,42.28,44.7,40.91,44.49,18515.6,78284000.0,44.19,44.88,45.10649999999994,45.36,43.53,37.36,-0.17,0.16,-0.33,阿科力,化学原料和化学制品制造业,主板,43.962499999999935,44.641250000000014,44.75249999999991,44.897499999999994,44.56553191489358
603722,2024-07-10,41.8,43.16,44.21,41.08,42.28,11374.0,49054800.0,43.8,44.58,44.97699999999993,45.31,43.58,42.54,-0.27,0.07,-0.34,阿科力,化学原料和化学制品制造业,主板,43.65249999999993,44.38000000000001,44.69249999999991,44.69499999999999,44.597234042553154
603722,2024-07-11,43.28,43.2,43.78,42.39,43.16,7615.0,32697100.0,43.56,44.35,44.816999999999936,45.27,43.61,42.78,-0.34,-0.01,-0.33,阿科力,化学原料和化学制品制造业,主板,43.28249999999993,44.13000000000001,44.59333333333325,44.533125,44.60234042553188
603722,2024-07-12,44.05,42.95,44.05,42.62,43.2,3400.0,14614500.0,43.22,44.12,44.66099999999994,45.25,43.66,41.64,-0.42,-0.09,-0.33,阿科力,化学原料和化学制品制造业,主板,42.89749999999992,43.78375000000001,44.32999999999992,44.42,44.59255319148932
603722,2024-07-15,42.97,42.5,43.12,42.5,42.95,2590.0,11042700.0,42.82,43.85,44.50849999999994,45.16,43.75,39.61,-0.5,-0.17,-0.33,阿科力,化学原料和化学制品制造业,主板,42.95249999999992,43.45750000000001,44.078333333333255,44.3025,44.59893617021273
603722,2024-07-16,42.02,41.19,42.59,41.05,42.5,6420.0,26630400.0,42.6,43.4,44.24799999999994,44.94,43.78,34.36,-0.68,-0.27,-0.41,阿科力,化学原料和化学制品制造业,主板,42.45999999999992,43.05625000000001,43.73999999999992,44.134375,44.55617021276593
603722,2024-07-17,41.2,40.0,41.4,39.49,41.19,8002.9,32099500.0,41.97,42.89,43.958499999999944,44.68,43.78,30.41,-0.9,-0.4,-0.5,阿科力,化学原料和化学制品制造业,主板,41.659999999999926,42.47125000000001,43.30666666666658,43.86,44.504893617021246
603722,2024-07-18,39.73,39.24,39.8,38.88,40.0,5162.0,20264600.0,41.18,42.37,43.68249999999994,44.39,43.78,28.19,-1.11,-0.54,-0.57,阿科力,化学原料和化学制品制造业,主板,40.73249999999993,41.81500000000001,42.76666666666657,43.430625,44.46085106382976
603722,2024-07-19,39.7,39.8,40.77,39.09,39.24,4159.0,16576500.0,40.55,41.88,43.45349999999994,44.21,43.8,32.13,-1.23,-0.68,-0.55,阿科力,化学原料和化学制品制造业,主板,40.05749999999993,41.50500000000001,42.32416666666657,43.073125,44.43893617021274
603722,2024-07-22,39.8,39.53,40.18,39.3,39.8,2979.0,11792400.0,39.95,41.39,43.23599999999994,44.0,43.8,31.24,-1.33,-0.81,-0.52,阿科力,化学原料和化学制品制造业,主板,39.642499999999934,41.05125000000001,41.91833333333324,42.715624999999996,44.381914893617
603722,2024-07-23,39.53,38.12,39.53,38.02,39.53,6224.0,23967700.0,39.34,40.97,42.92249999999994,43.73,43.77,27.02,-1.5,-0.95,-0.55,阿科力,化学原料和化学制品制造业,主板,39.172499999999935,40.41625000000001,41.37166666666657,42.27312499999999,44.28042553191487
603722,2024-07-24,37.82,38.17,38.35,37.72,38.12,3432.0,13051300.0,38.97,40.47,42.52549999999994,43.47,43.73,27.4,-1.62,-1.08,-0.54,阿科力,化学原料和化学制品制造业,主板,38.90499999999993,39.818750000000016,40.84499999999991,41.80124999999999,44.168936170212746
603722,2024-07-25,37.75,38.11,38.48,37.62,38.17,2317.0,8793540.0,38.75,39.96,42.15499999999994,43.2,43.71,27.22,-1.7,-1.21,-0.49,阿科力,化学原料和化学制品制造业,主板,38.48249999999993,39.27000000000002,40.49749999999991,41.36374999999999,44.037872340425515
603722,2024-07-26,37.88,38.15,38.28,37.73,38.11,2584.0,9823860.0,38.42,39.48,41.79999999999994,42.93,43.64,27.56,-1.74,-1.31,-0.43,阿科力,化学原料和化学制品制造业,主板,38.13749999999993,38.890000000000015,40.079999999999906,40.97312499999999,43.91936170212765
603722,2024-07-29,38.13,37.53,38.45,37.38,38.15,2909.0,11005400.0,38.02,38.98,41.416499999999935,42.67,43.58,25.56,-1.8,-1.41,-0.39,阿科力,化学原料和化学制品制造业,主板,37.98999999999993,38.58125000000001,39.60749999999991,40.52624999999999,43.77723404255319
603722,2024-07-30,37.52,37.6,37.81,37.19,37.53,1874.0,7031970.0,37.91,38.62,41.01049999999994,42.37,43.49,26.21,-1.81,-1.49,-0.32,阿科力,化学原料和化学制品制造业,主板,37.847499999999926,38.37625000000001,39.16166666666657,40.09562499999999,43.64829787234042
603722,2024-07-31,37.77,38.22,38.79,37.31,37.6,4601.0,17606600.0,37.92,38.45,40.66599999999993,42.12,43.4,31.9,-1.76,-1.54,-0.22,阿科力,化学原料和化学制品制造业,主板,37.87499999999993,38.178750000000015,38.8049999999999,39.841874999999995,43.4763829787234
603722,2024-08-01,38.2,37.89,38.81,37.18,38.22,5791.0,21941400.0,37.88,38.31,40.340499999999935,41.89,43.33,30.55,-1.73,-1.58,-0.15,阿科力,化学原料和化学制品制造业,主板,37.809999999999924,37.97375000000001,38.5299999999999,39.512499999999996,43.32510638297872
603722,2024-08-02,38.0,37.64,38.04,37.26,37.89,2269.0,8561680.0,37.78,38.1,39.98849999999994,41.67,43.24,29.53,-1.7,-1.6,-0.1,阿科力,化学原料和化学制品制造业,主板,37.83749999999993,37.91375000000001,38.333333333333236,39.16499999999999,43.17085106382978
603722,2024-08-05,37.67,36.49,38.06,36.48,37.64,4384.0,16331800.0,37.57,37.79,39.58849999999994,41.42,43.14,25.34,-1.75,-1.63,-0.12,阿科力,化学原料和化学制品制造业,主板,37.55999999999993,37.70375000000001,38.104166666666565,38.76124999999999,43.00680851063829
603722,2024-08-06,36.48,37.1,37.11,36.37,36.49,4531.0,16635500.0,37.47,37.69,39.32949999999994,41.18,43.07,30.94,-1.72,-1.65,-0.07,阿科力,化学原料和化学制品制造业,主板,37.27999999999993,37.57750000000001,37.87916666666657,38.42374999999999,42.86765957446808
603722,2024-08-07,36.63,37.38,37.63,36.63,37.1,2629.0,9796020.0,37.3,37.61,39.04049999999994,40.89,43.01,33.41,-1.66,-1.65,-0.01,阿科力,化学原料和化学制品制造业,主板,37.15249999999993,37.48125000000001,37.6999999999999,38.18562499999999,42.701276595744666
603722,2024-08-08,37.38,36.82,37.5,36.68,37.38,2974.0,10987200.0,37.09,37.48,38.72149999999994,40.6,42.92,31.02,-1.62,-1.65,0.03,阿科力,化学原料和化学制品制造业,主板,36.947499999999934,37.39250000000001,37.59166666666657,37.98687499999999,42.4655319148936
603722,2024-08-09,37.64,36.96,38.5,36.5,36.82,4241.0,15757800.0,36.95,37.36,38.42199999999994,40.32,42.82,32.32,-1.58,-1.63,0.05,阿科力,化学原料和化学制品制造业,主板,37.064999999999934,37.31250000000001,37.490833333333235,37.84437499999999,42.23808510638296
603722,2024-08-12,36.65,36.43,37.0,36.31,36.96,2542.0,9298170.0,36.94,37.25,38.11849999999994,40.03,42.7,30.01,-1.57,-1.62,0.05,阿科力,化学原料和化学制品制造业,主板,36.89749999999994,37.088750000000005,37.350833333333235,37.63374999999999,41.99510638297871
603722,2024-08-13,36.07,36.48,36.84,35.91,36.43,3115.0,11273400.0,36.81,37.14,37.88299999999994,39.72,42.57,30.52,-1.53,-1.6,0.07,阿科力,化学原料和化学制品制造业,主板,36.672499999999935,36.91250000000001,37.21166666666657,37.443124999999995,41.807446808510626
603722,2024-08-14,36.5,35.35,36.5,35.3,36.48,4101.0,14690700.0,36.41,36.85,37.65049999999994,39.4,42.43,25.96,-1.58,-1.6,0.02,阿科力,化学原料和化学制品制造业,主板,36.304999999999936,36.62625000000001,37.02999999999991,37.269999999999996,41.58085106382977
603722,2024-08-15,35.55,35.35,35.62,34.48,35.35,6797.0,23774000.0,36.11,36.6,37.45599999999994,39.09,42.29,25.96,-1.6,-1.6,0.0,阿科力,化学原料和化学制品制造业,主板,35.90249999999993,36.483750000000015,36.84249999999991,37.09375,41.350851063829765
603722,2024-08-16,35.35,36.0,36.34,34.74,35.35,5348.0,19126500.0,35.92,36.44,37.26599999999994,38.8,42.16,32.67,-1.54,-1.59,0.05,阿科力,化学原料和化学制品制造业,主板,35.79499999999993,36.34625000000001,36.65749999999991,36.961875,41.14340425531913
603722,2024-08-19,36.0,35.45,36.25,35.16,36.0,2776.0,9880180.0,35.73,36.33,37.06199999999994,38.5,41.98,30.18,-1.53,-1.58,0.05,阿科力,化学原料和化学制品制造业,主板,35.53749999999993,36.10500000000001,36.45416666666657,36.793125,40.910425531914875
603722,2024-08-20,35.58,34.41,35.66,34.0,35.45,4452.0,15420100.0,35.31,36.06,36.87649999999994,38.24,41.8,26.12,-1.58,-1.58,0.0,阿科力,化学原料和化学制品制造业,主板,35.30249999999993,35.803750000000015,36.18499999999991,36.598125,40.662340425531895
603722,2024-08-21,34.34,34.38,34.53,34.0,34.41,2371.0,8142280.0,35.12,35.76,36.68699999999994,37.95,41.63,26.01,-1.6,-1.58,-0.02,阿科力,化学原料和化学制品制造业,主板,35.05999999999993,35.48125000000002,36.00916666666657,36.396875,40.42468085106382
603722,2024-08-22,34.38,33.03,34.5,32.88,34.38,7017.0,23433600.0,34.65,35.38,36.43299999999994,37.61,41.44,21.65,-1.71,-1.61,-0.1,阿科力,化学原料和化学制品制造业,主板,34.31749999999993,35.05625000000001,35.6699999999999,36.0725,40.14021276595743
603722,2024-08-23,33.05,32.07,33.05,31.76,33.03,6200.0,19922300.0,33.87,34.89,36.12899999999995,37.25,41.25,19.18,-1.85,-1.66,-0.19,阿科力,化学原料和化学制品制造业,主板,33.472499999999926,34.50500000000001,35.2274999999999,35.70875,39.84829787234041
603722,2024-08-26,32.07,32.34,33.05,31.14,32.07,7340.0,23766500.0,33.25,34.49,35.869499999999945,36.91,41.03,21.88,-1.92,-1.71,-0.21,阿科力,化学原料和化学制品制造业,主板,32.95499999999993,34.12875000000001,34.854166666666565,35.377500000000005,39.58404255319147
603722,2024-08-27,32.35,31.3,32.36,30.98,32.34,4286.0,13485200.0,32.62,33.97,35.55449999999995,36.58,40.76,19.22,-2.04,-1.77,-0.27,阿科力,化学原料和化学制品制造业,主板,32.18499999999993,33.62250000000001,34.3824999999999,35.053125,39.30574468085104
603722,2024-08-28,31.1,31.88,32.2,31.1,31.3,4234.0,13423600.0,32.12,33.62,35.23749999999994,36.31,40.49,24.71,-2.06,-1.83,-0.23,阿科力,化学原料和化学制品制造业,主板,31.89749999999993,33.10750000000001,34.00333333333324,34.726875,39.050425531914875
603722,2024-08-29,31.98,32.95,33.08,31.62,31.88,5261.0,17086900.0,32.11,33.38,34.99049999999995,36.1,40.25,33.67,-1.96,-1.86,-0.1,阿科力,化学原料和化学制品制造业,主板,32.117499999999936,32.79500000000001,33.70916666666657,34.45,38.80702127659572
603722,2024-08-30,33.28,33.9,34.63,32.79,32.95,7420.0,25191000.0,32.47,33.17,34.80349999999994,35.9,40.06,40.45,-1.8,-1.85,0.05,阿科力,化学原料和化学制品制造业,主板,32.507499999999936,32.73125,33.58833333333323,34.2675,38.54723404255317
603722,2024-09-02,33.9,34.34,35.2,33.9,33.9,10284.0,35524500.0,32.87,33.06,34.69599999999995,35.73,39.86,43.33,-1.61,-1.8,0.19,阿科力,化学原料和化学制品制造业,主板,33.267499999999934,32.72625000000001,33.504166666666556,34.10375,38.30936170212764
603722,2024-09-03,34.34,36.25,36.26,34.01,34.34,9751.0,34618000.0,33.86,33.24,34.653499999999944,35.67,39.7,53.8,-1.29,-1.7,0.41,阿科力,化学原料和化学制品制造业,主板,34.359999999999935,33.12875000000001,33.52499999999989,34.0925,38.117872340425514
603722,2024-09-04,36.25,37.05,37.63,35.9,36.25,10675.0,39423900.0,34.9,33.51,34.636999999999944,35.63,39.55,57.36,-0.96,-1.55,0.59,阿科力,化学原料和化学制品制造业,主板,35.384999999999934,33.75125000000001,33.658333333333225,34.128125,37.94446808510636
603722,2024-09-05,37.05,36.48,37.52,36.01,37.05,10936.0,40230600.0,35.6,33.86,34.61999999999994,35.57,39.39,54.16,-0.74,-1.39,0.65,阿科力,化学原料和化学制品制造业,主板,36.02999999999993,34.26875000000001,33.83083333333323,34.19875,37.74787234042551
603722,2024-09-06,36.77,35.57,36.84,35.31,36.48,6353.0,22861700.0,35.94,34.21,34.55049999999994,35.49,39.21,49.42,-0.62,-1.23,0.61,阿科力,化学原料和化学制品制造业,主板,36.33749999999993,34.80250000000001,33.9299999999999,34.2125,37.54489361702125
603722,2024-09-09,34.9,36.7,36.98,34.9,35.57,6820.0,24792200.0,36.41,34.64,34.56399999999995,35.46,39.06,54.72,-0.45,-1.08,0.63,阿科力,化学原料和化学制品制造业,主板,36.44999999999993,35.40500000000001,34.23583333333323,34.25625,37.38106382978721
603722,2024-09-10,36.6,36.0,36.78,35.77,36.7,8138.0,29410000.0,36.36,35.11,34.53999999999995,35.41,38.89,51.15,-0.35,-0.93,0.58,阿科力,化学原料和化学制品制造业,主板,36.18749999999993,35.78625000000001,34.56333333333323,34.290625,37.19638297872338
603722,2024-09-11,36.03,35.54,36.38,35.08,36.0,7223.0,25709700.0,36.06,35.48,34.549499999999945,35.32,38.72,48.89,-0.31,-0.81,0.5,阿科力,化学原料和化学制品制造业,主板,35.95249999999993,35.991250000000015,34.8299999999999,34.36125,37.00595744680849
603722,2024-09-12,35.47,34.83,35.8,34.72,35.54,5141.05,18098400.0,35.73,35.67,34.52349999999994,35.22,38.55,45.55,-0.33,-0.71,0.38,阿科力,化学原料和化学制品制造业,主板,35.76749999999993,36.05250000000001,35.12416666666656,34.389375,36.84744680851061
603722,2024-09-13,34.96,33.48,35.25,33.4,34.83,6152.0,20887400.0,35.31,35.62,34.397499999999944,35.08,38.37,39.95,-0.45,-0.66,0.21,阿科力,化学原料和化学制品制造业,主板,34.96249999999992,35.70625000000001,35.2574999999999,34.417500000000004,36.6414893617021
603722,2024-09-18,33.88,33.72,33.93,32.88,33.48,6719.95,22491700.0,34.71,35.56,34.31099999999994,34.98,38.2,41.33,-0.52,-0.63,0.11,阿科力,化学原料和化学制品制造业,主板,34.39249999999992,35.29000000000001,35.321666666666566,34.520625,36.43978723404253
603722,2024-09-19,33.72,34.95,35.75,33.72,33.72,5827.0,20159400.0,34.5,35.43,34.33799999999995,34.91,38.05,47.93,-0.47,-0.6,0.13,阿科力,化学原料和化学制品制造业,主板,34.244999999999926,35.09875000000001,35.40916666666657,34.68375,36.26957446808508
603722,2024-09-20,35.1,35.49,36.28,35.1,34.95,10766.0,38395700.0,34.49,35.28,34.393499999999946,34.85,37.87,50.56,-0.39,-0.56,0.17,阿科力,化学原料和化学制品制造业,主板,34.409999999999926,35.08875000000001,35.5049999999999,34.94562500000001,36.12042553191487
603722,2024-09-23,36.5,34.0,37.2,33.44,35.49,15290.0,53435300.0,34.33,35.03,34.44199999999995,34.76,37.68,43.96,-0.43,-0.53,0.1,阿科力,化学原料和化学制品制造业,主板,34.53999999999993,34.75125000000001,35.3174999999999,35.07812500000001,35.96744680851061
603722,2024-09-24,33.99,33.24,34.3,31.5,34.0,25279.0,82492500.0,34.28,34.8,34.500499999999946,34.63,37.48,41.02,-0.52,-0.53,0.01,阿科力,化学原料和化学制品制造业,主板,34.41999999999993,34.406250000000014,34.9999999999999,35.096250000000005,35.82361702127657
603722,2024-09-25,33.16,32.45,34.77,32.23,33.24,29819.9,99914000.0,34.03,34.37,34.50599999999995,34.5,37.26,38.16,-0.66,-0.56,-0.1,阿科力,化学原料和化学制品制造业,主板,33.79499999999993,34.02000000000001,34.66416666666657,35.00562500000001,35.679148936170186
603722,2024-09-26,32.4,33.47,33.54,31.78,32.45,17016.9,55470200.0,33.73,34.12,34.61449999999995,34.4,37.06,43.63,-0.66,-0.58,-0.08,阿科力,化学原料和化学制品制造业,主板,33.28999999999993,33.850000000000016,34.48916666666657,34.95125000000001,35.54446808510636
603722,2024-09-27,34.95,36.08,36.3,34.66,34.37,17136.0,60812400.0,33.85,34.17,34.82449999999996,34.42,36.91,54.66,-0.46,-0.55,0.09,阿科力,化学原料和化学制品制造业,主板,33.80999999999993,34.17500000000001,34.4374999999999,34.94062500000001,35.471063829787205
603722,2024-09-30,37.04,39.12,39.6,36.3,36.08,35286.0,134896000.0,34.87,34.6,35.13299999999995,34.55,36.82,63.6,-0.05,-0.45,0.4,阿科力,化学原料和化学制品制造业,主板,35.27999999999993,34.85000000000001,34.6974999999999,35.070000000000014,35.492340425531886
603722,2024-10-08,43.03,38.91,43.03,37.18,39.12,52095.2,205917000.0,36.01,35.14,35.383499999999955,34.65,36.73,62.68,0.25,-0.31,0.56,阿科力,化学原料和化学制品制造业,主板,36.894999999999925,35.345000000000006,34.97833333333323,35.22187500000001,35.50808510638295
603722,2024-10-09,39.02,37.47,39.09,36.3,38.91,30870.5,117670000.0,37.01,35.52,35.53999999999995,34.71,36.61,56.63,0.37,-0.18,0.55,阿科力,化学原料和化学制品制造业,主板,37.894999999999925,35.5925,35.19833333333323,35.34062500000001,35.49446808510636
603722,2024-10-10,37.5,37.06,38.18,36.58,37.47,16392.0,61012000.0,37.73,35.73,35.58049999999995,34.8,36.52,55.01,0.43,-0.05,0.48,阿科力,化学原料和化学制品制造业,主板,38.13999999999993,35.975,35.49666666666656,35.36312500000001,35.471276595744655
603722,2024-10-11,37.0,36.77,37.56,36.5,37.06,15017.4,55593800.0,37.87,35.86,35.56649999999995,34.88,36.41,53.83,0.45,0.05,0.4,阿科力,化学原料和化学制品制造业,主板,37.55249999999993,36.41625,35.750833333333226,35.41125000000001,35.4551063829787
603722,2024-10-14,37.17,37.37,37.5,36.4,36.77,10170.0,37615300.0,37.52,36.19,35.61099999999995,35.03,36.32,55.93,0.5,0.14,0.36,阿科力,化学原料和化学制品制造业,主板,37.16749999999993,37.03125,35.952499999999894,35.52562500000001,35.45021276595742
603722,2024-10-15,37.37,36.41,37.44,36.41,37.37,10256.0,37803900.0,37.02,36.51,35.65299999999995,35.17,36.21,51.86,0.47,0.2,0.27,阿科力,化学原料和化学制品制造业,主板,36.90249999999993,37.39874999999999,36.02916666666656,35.62437500000001,35.411702127659545
603722,2024-10-16,36.2,36.17,36.63,35.7,36.41,5960.0,21591800.0,36.76,36.88,35.62649999999994,35.3,36.1,50.87,0.41,0.24,0.17,阿科力,化学原料和化学制品制造业,主板,36.679999999999936,37.41,36.2099999999999,35.792500000000004,35.3751063829787
603722,2024-10-17,36.17,36.09,36.99,35.97,36.17,8674.0,31588200.0,36.56,37.14,35.63099999999994,35.46,36.02,50.52,0.36,0.27,0.09,阿科力,化学原料和化学制品制造业,主板,36.509999999999934,37.03125,36.4474999999999,35.940625000000004,35.34212765957444
603722,2024-10-18,36.08,36.83,37.38,35.85,36.09,15941.0,58692900.0,36.57,37.22,35.695499999999946,35.62,35.97,53.68,0.37,0.29,0.08,阿科力,化学原料和化学制品制造业,主板,36.37499999999993,36.771249999999995,36.81249999999989,36.058125000000004,35.34936170212763
603722,2024-10-21,36.85,38.08,39.26,36.85,36.83,29900.0,114588000.0,36.72,37.12,35.85799999999995,35.79,35.95,58.5,0.48,0.33,0.15,阿科力,化学原料和化学制品制造业,主板,36.792499999999926,36.8475,37.196666666666566,36.220000000000006,35.37021276595741
603722,2024-10-22,38.08,37.24,38.11,36.71,38.08,18522.0,68767500.0,36.88,36.95,36.04599999999995,35.91,35.9,54.4,0.49,0.36,0.13,阿科力,化学原料和化学制品制造业,主板,37.05999999999993,36.87,37.29333333333323,36.42250000000001,35.36723404255316
603722,2024-10-23,36.48,36.7,37.32,36.48,37.24,11758.0,43458600.0,36.99,36.87,36.19499999999995,35.98,35.86,51.89,0.45,0.38,0.07,阿科力,化学原料和化学制品制造业,主板,37.21249999999993,36.86125,37.09166666666656,36.63875000000001,35.364680851063795
603722,2024-10-24,36.81,37.69,38.65,36.35,36.7,21929.0,82474400.0,37.31,36.94,36.33199999999995,36.03,35.85,55.91,0.49,0.4,0.09,阿科力,化学原料和化学制品制造业,主板,37.427499999999924,36.90125,36.989999999999895,36.96625,35.38021276595742
603722,2024-10-25,37.41,39.22,39.56,36.9,37.69,34970.0,134296000.0,37.79,37.18,36.518499999999946,36.1,35.87,61.3,0.64,0.45,0.19,阿科力,化学原料和化学制品制造业,主板,37.71249999999992,37.2525,37.13583333333323,37.325625,35.43957446808508
603722,2024-10-28,38.9,40.1,40.3,38.72,39.22,28208.0,112256000.0,38.19,37.45,36.82349999999995,36.22,35.9,64.03,0.82,0.52,0.3,阿科力,化学原料和化学制品制造业,主板,38.42749999999992,37.74375,37.38916666666656,37.576875,35.516595744680814
603722,2024-10-29,40.2,39.19,40.57,38.5,40.1,18319.0,72090200.0,38.58,37.73,37.120999999999945,36.35,35.92,59.37,0.88,0.59,0.29,阿科力,化学原料和化学制品制造业,主板,39.04999999999991,38.131249999999994,37.59083333333323,37.581250000000004,35.598297872340396
603722,2024-10-30,38.61,39.1,39.59,38.52,39.19,11018.0,42976600.0,39.06,38.02,37.45349999999995,36.43,35.94,58.92,0.9,0.66,0.24,阿科力,化学原料和化学制品制造业,主板,39.40249999999991,38.415,37.7349999999999,37.59312500000001,35.678085106382945
603722,2024-10-31,38.85,39.28,39.7,38.51,39.1,17848.6,69850800.0,39.38,38.34,37.74399999999994,36.53,35.97,59.58,0.93,0.71,0.22,阿科力,化学原料和化学制品制造业,主板,39.41749999999991,38.565000000000005,37.97416666666657,37.706250000000004,35.7478723404255
603722,2024-11-01,39.3,42.0,42.92,39.3,39.28,48425.3,200731000.0,39.93,38.86,38.03999999999994,36.75,36.03,68.05,1.16,0.8,0.36,阿科力,化学原料和化学制品制造业,主板,39.89249999999991,39.160000000000004,38.4599999999999,38.015,35.88723404255316
603722,2024-11-04,42.0,46.2,46.2,41.12,42.0,68779.1,308188000.0,41.15,39.67,38.39399999999994,37.13,36.17,76.3,1.66,0.97,0.69,阿科力,化学原料和化学制品制造业,主板,41.64499999999991,40.347500000000004,39.302499999999895,38.604375000000005,36.138085106382945
603722,2024-11-05,46.01,46.9,47.5,45.03,46.2,50785.0,234489000.0,42.7,40.64,38.793499999999945,37.58,36.33,77.35,2.09,1.2,0.89,阿科力,化学原料和化学制品制造业,主板,43.594999999999914,41.49875,40.14166666666656,39.2,36.40446808510635
603722,2024-11-06,47.58,50.07,51.48,47.3,46.9,51239.5,255270000.0,44.89,41.98,39.42349999999995,38.12,36.55,81.38,2.66,1.49,1.17,阿科力,化学原料和化学制品制造业,主板,46.29249999999991,42.855000000000004,41.14083333333323,40.05375000000001,36.76702127659571
603722,2024-11-07,49.06,49.75,51.0,49.06,50.07,29696.6,148151000.0,46.98,43.18,40.05799999999995,38.62,36.76,79.83,3.04,1.8,1.24,阿科力,化学原料和化学制品制造业,主板,48.22999999999991,44.06125,42.18333333333322,40.90250000000001,37.14319148936167
603722,2024-11-08,50.15,47.23,50.2,46.66,49.75,43228.0,208256000.0,48.03,43.98,40.580999999999946,39.01,36.93,68.78,3.11,2.06,1.05,阿科力,化学原料和化学制品制造业,主板,48.48749999999991,45.066250000000004,43.06083333333322,41.59875000000001,37.459999999999965
603722,2024-11-11,47.87,50.45,50.99,46.85,47.23,37572.0,185401000.0,48.88,45.02,41.23499999999995,39.55,37.16,73.78,3.38,2.32,1.06,阿科力,化学原料和化学制品制造业,主板,49.37499999999991,46.485,44.124166666666554,42.45000000000001,37.86744680851061
603722,2024-11-12,50.0,47.53,50.5,47.2,50.45,30331.0,147447000.0,49.01,45.85,41.790999999999954,40.03,37.33,63.8,3.32,2.52,0.8,阿科力,化学原料和化学制品制造业,主板,48.73999999999991,47.51625,44.81666666666655,43.040625000000006,38.20042553191486
603722,2024-11-13,47.33,47.4,48.08,45.44,47.53,23106.4,107725000.0,48.47,46.68,42.35249999999995,40.53,37.51,63.39,3.23,2.67,0.56,阿科力,化学原料和化学制品制造业,主板,48.15249999999991,48.19125,45.424999999999876,43.675625000000004,38.5078723404255
603722,2024-11-14,47.79,45.53,48.27,45.41,47.4,14826.0,69120400.0,47.63,47.31,42.82449999999995,40.93,37.67,57.64,2.97,2.73,0.24,阿科力,化学原料和化学制品制造业,主板,47.727499999999914,48.107499999999995,45.953333333333205,44.2275,38.75531914893614
603722,2024-11-15,45.54,47.01,48.97,45.03,45.53,26873.0,127900000.0,47.58,47.81,43.333499999999944,41.3,37.86,60.68,2.86,2.75,0.11,阿科力,化学原料和化学制品制造业,主板,46.86749999999991,48.121249999999996,46.61249999999987,44.81,39.02489361702124
603722,2024-11-18,47.3,45.3,47.86,45.01,47.01,14323.0,65960600.0,46.55,47.72,43.69449999999994,41.5,38.03,55.71,2.59,2.72,-0.13,阿科力,化学原料和化学制品制造业,主板,46.30999999999991,47.525,47.114166666666534,45.19,39.21744680851061
603722,2024-11-19,45.31,45.98,46.41,43.92,45.3,19388.2,87594900.0,46.24,47.62,44.131499999999946,41.74,38.19,57.21,2.42,2.66,-0.24,阿科力,化学原料和化学制品制造业,主板,45.954999999999906,47.05375,47.445833333333205,45.5575,39.407446808510606
603722,2024-11-20,45.98,47.2,47.74,45.54,45.98,15504.0,72778300.0,46.2,47.34,44.656499999999944,42.06,38.39,59.84,2.34,2.6,-0.26,阿科力,化学原料和化学制品制造业,主板,46.37249999999991,47.05,47.529166666666534,46.058125000000004,39.63553191489358
603722,2024-11-21,46.86,47.55,48.5,46.45,47.2,12189.0,57880600.0,46.61,47.12,45.14949999999995,42.41,38.61,60.59,2.29,2.53,-0.24,阿科力,化学原料和化学制品制造业,主板,46.50749999999991,46.6875,47.5833333333332,46.58625,39.890425531914865
603722,2024-11-22,47.2,46.08,47.7,46.0,47.55,11588.0,54199700.0,46.42,47.0,45.49249999999994,42.72,38.8,55.88,2.1,2.45,-0.35,阿科力,化学原料和化学制品制造业,主板,46.7024999999999,46.506249999999994,47.2508333333332,47.011250000000004,40.08999999999997
603722,2024-11-25,46.3,47.69,48.03,45.8,46.08,13183.0,62149600.0,46.9,46.73,45.87199999999994,43.07,39.05,59.59,2.06,2.37,-0.31,阿科力,化学原料和化学制品制造业,主板,47.1299999999999,46.5425,47.07916666666654,47.36687500000001,40.33872340425528
603722,2024-11-26,47.56,47.23,49.59,47.03,47.69,16150.0,77749900.0,47.15,46.7,46.273999999999944,43.43,39.3,58.08,1.96,2.29,-0.33,阿科力,化学原料和化学制品制造业,主板,47.1374999999999,46.754999999999995,47.07916666666654,47.431250000000006,40.587446808510606
603722,2024-11-27,47.45,48.45,48.8,45.61,47.23,17032.0,80695800.0,47.4,46.8,46.741499999999945,43.84,39.57,60.9,1.97,2.22,-0.25,阿科力,化学原料和化学制品制造业,主板,47.3624999999999,46.934999999999995,46.91249999999987,47.52812500000001,40.87723404255316
603722,2024-11-28,47.98,47.56,48.74,47.21,48.45,9884.0,47306000.0,47.4,47.0,47.15549999999995,44.22,39.84,57.85,1.87,2.15,-0.28,阿科力,化学原料和化学制品制造业,主板,47.7324999999999,47.217499999999994,46.91499999999987,47.37125000000001,41.17680851063827
603722,2024-11-29,47.56,46.31,47.98,46.3,47.56,14209.0,66728600.0,47.45,46.94,47.370999999999945,44.53,40.08,53.77,1.68,2.06,-0.38,阿科力,化学原料和化学制品制造业,主板,47.3874999999999,47.25874999999999,46.824166666666535,47.156250000000014,41.4446808510638
603722,2024-12-02,46.26,46.55,47.3,46.06,46.31,10137.8,47275800.0,47.22,47.06,47.388499999999944,44.82,40.31,54.44,1.53,1.95,-0.42,阿科力,化学原料和化学制品制造业,主板,47.21749999999991,47.177499999999995,46.90916666666653,47.11375000000001,41.6914893617021
603722,2024-12-03,46.5,45.4,46.52,45.16,46.55,10824.7,49430200.0,46.85,47.0,47.31349999999994,45.09,40.5,50.68,1.31,1.82,-0.51,阿科力,化学原料和化学制品制造业,主板,46.45499999999991,46.90874999999999,46.774999999999864,46.798125000000006,41.90234042553188
603722,2024-12-04,45.5,44.68,45.69,44.05,45.4,7189.51,32327500.0,46.1,46.75,47.04399999999994,45.35,40.67,48.43,1.05,1.67,-0.62,阿科力,化学原料和化学制品制造业,主板,45.734999999999914,46.73374999999999,46.723333333333194,46.620000000000005,42.129574468085075
603722,2024-12-05,44.36,43.86,45.01,43.42,44.68,13619.8,60014700.0,45.36,46.38,46.74949999999994,45.56,40.8,45.92,0.79,1.49,-0.7,阿科力,化学原料和化学制品制造业,主板,45.12249999999992,46.254999999999995,46.54666666666653,46.39875000000001,42.35553191489358
603722,2024-12-06,43.82,43.46,43.82,42.5,43.86,14722.0,63559000.0,44.79,46.12,46.560999999999936,45.7,40.9,44.71,0.52,1.3,-0.78,阿科力,化学原料和化学制品制造业,主板,44.34999999999992,45.78374999999999,46.234999999999864,46.26937500000001,42.58978723404252
603722,2024-12-09,43.54,43.4,44.08,42.88,43.46,13055.1,56736000.0,44.16,45.69,46.20849999999994,45.81,41.02,44.52,0.31,1.1,-0.79,阿科力,化学原料和化学制品制造业,主板,43.84999999999992,45.15249999999999,45.88916666666653,46.04375000000001,42.8010638297872
603722,2024-12-10,44.3,43.97,44.78,43.48,43.4,14463.0,63782400.0,43.87,45.36,46.03049999999994,45.97,41.16,46.83,0.19,0.92,-0.73,阿科力,化学原料和化学制品制造业,主板,43.67249999999992,44.70374999999999,45.713333333333196,45.960625000000014,42.968936170212736
603722,2024-12-11,43.61,42.8,43.88,42.51,43.97,13398.0,57599900.0,43.5,44.8,45.800499999999936,46.09,41.26,42.88,0.0,0.74,-0.74,阿科力,化学原料和化学制品制造业,主板,43.407499999999914,44.26499999999999,45.30583333333319,45.76187500000001,43.04723404255317
603722,2024-12-12,42.96,43.88,43.96,42.5,42.8,14568.5,63123300.0,43.5,44.43,45.71799999999994,46.25,41.39,47.3,-0.07,0.57,-0.64,阿科力,化学原料和化学制品制造业,主板,43.51249999999991,43.93124999999999,45.02666666666652,45.55437500000001,43.15297872340423
603722,2024-12-13,43.7,42.81,43.7,42.78,43.88,7069.48,30497500.0,43.37,44.08,45.50799999999994,46.27,41.51,43.69,-0.2,0.42,-0.62,阿科力,化学原料和化学制品制造业,主板,43.36499999999991,43.607499999999995,44.55666666666652,45.25812500000001,43.26659574468083
603722,2024-12-16,42.78,42.39,43.08,42.01,42.81,5486.0,23269000.0,43.17,43.67,45.36249999999994,46.15,41.64,42.33,-0.34,0.27,-0.61,阿科力,化学原料和化学制品制造业,主板,42.96999999999991,43.32124999999999,44.12583333333318,45.0275,43.37999999999998
603722,2024-12-17,42.26,42.11,42.7,41.6,42.39,7977.0,33676400.0,42.8,43.34,45.16899999999994,45.99,41.78,41.4,-0.46,0.12,-0.58,阿科力,化学原料和化学制品制造业,主板,42.7974999999999,43.10249999999999,43.775833333333175,44.67875000000001,43.493617021276584
603722,2024-12-18,42.2,42.48,43.46,41.9,42.11,8205.0,35005500.0,42.73,43.12,44.932999999999936,45.73,41.93,43.17,-0.53,-0.01,-0.52,阿科力,化学原料和化学制品制造业,主板,42.4474999999999,42.98,43.43666666666652,44.38187500000001,43.60234042553191
603722,2024-12-19,42.28,43.95,44.44,42.0,42.48,13362.5,58276600.0,42.75,43.12,44.75299999999994,45.54,42.08,49.69,-0.45,-0.1,-0.35,阿科力,化学原料和化学制品制造业,主板,42.7324999999999,43.04875,43.31583333333319,44.10062500000001,43.762765957446796
603722,2024-12-20,43.65,43.3,44.65,43.03,43.95,7755.0,33875400.0,42.85,43.11,44.61399999999993,45.41,42.21,47.12,-0.44,-0.17,-0.27,阿科力,化学原料和化学制品制造业,主板,42.95999999999991,42.965,43.200833333333186,43.83437500000001,43.91446808510637
603722,2024-12-23,43.35,41.7,43.35,41.4,43.3,8267.38,34787400.0,42.71,42.94,44.31449999999994,45.12,42.34,41.43,-0.56,-0.24,-0.32,阿科力,化学原料和化学制品制造业,主板,42.8574999999999,42.8275,43.020833333333194,43.546250000000015,44.033829787234026
603722,2024-12-24,42.09,42.0,42.3,41.05,41.7,3902.38,16323000.0,42.69,42.74,44.05299999999994,44.93,42.48,42.82,-0.61,-0.32,-0.29,阿科力,化学原料和化学制品制造业,主板,42.737499999999905,42.5925,42.899166666666524,43.26187500000002,44.143829787234026
603722,2024-12-25,42.0,40.58,42.0,40.5,42.0,6927.0,28401300.0,42.31,42.52,43.65949999999994,44.71,42.62,38.19,-0.77,-0.41,-0.36,阿科力,化学原料和化学制品制造业,主板,41.89499999999991,42.31375,42.664166666666524,42.96062500000002,44.19702127659573
603722,2024-12-26,40.74,41.85,42.33,40.5,40.58,14108.0,58497800.0,41.89,42.32,43.373999999999945,44.58,42.76,44.02,-0.78,-0.48,-0.3,阿科力,化学原料和化学制品制造业,主板,41.532499999999914,42.24625,42.48749999999986,42.783750000000026,44.29510638297871
603722,2024-12-27,41.7,42.89,42.98,41.65,41.85,9975.0,42305700.0,41.8,42.32,43.20299999999994,44.45,42.87,48.32,-0.69,-0.52,-0.17,阿科力,化学原料和化学制品制造业,主板,41.82999999999991,42.34375,42.494999999999855,42.723125000000024,44.42680851063829
603722,2024-12-30,42.9,45.03,47.15,42.89,42.89,35401.0,161417000.0,42.47,42.59,43.12699999999994,44.44,42.97,55.84,-0.45,-0.51,0.06,阿科力,化学原料和化学制品制造业,主板,42.58749999999991,42.662499999999994,42.590833333333194,42.82125000000002,44.582978723404246
603722,2024-12-31,44.78,42.0,44.89,42.0,45.03,18097.6,78330600.0,42.47,42.58,42.956999999999944,44.31,43.02,45.7,-0.49,-0.51,0.02,阿科力,化学原料和化学制品制造业,主板,42.94249999999991,42.418749999999996,42.52333333333319,42.73375000000002,44.64212765957446
603722,2025-01-02,42.02,42.65,44.29,41.57,42.0,15050.0,64925300.0,42.88,42.6,42.85549999999994,44.15,43.11,47.89,-0.47,-0.5,0.03,阿科力,化学原料和化学制品制造业,主板,43.14249999999991,42.33749999999999,42.54499999999987,42.65125000000002,44.696382978723406
603722,2025-01-03,42.65,39.95,43.33,39.8,42.65,11205.1,45955500.0,42.5,42.2,42.65999999999995,43.9,43.16,40.58,-0.67,-0.53,-0.14,阿科力,化学原料和化学制品制造业,主板,42.407499999999914,42.11874999999999,42.36499999999987,42.473125000000024,44.712553191489356
603722,2025-01-06,39.9,40.09,40.39,39.07,39.95,5616.0,22341300.0,41.94,41.87,42.491499999999945,43.7,43.21,41.08,-0.8,-0.59,-0.21,阿科力,化学原料和化学制品制造业,主板,41.172499999999914,41.879999999999995,42.165833333333204,42.23625000000003,44.733617021276594
603722,2025-01-07,39.97,40.48,40.48,39.8,40.09,4255.35,17068000.0,41.03,41.75,42.345499999999944,43.46,43.26,42.54,-0.86,-0.64,-0.22,阿科力,化学原料和化学制品制造业,主板,40.79249999999991,41.8675,41.87666666666654,42.09062500000003,44.759148936170206
603722,2025-01-08,40.48,37.9,40.48,37.1,40.48,18145.1,69173200.0,40.21,41.34,42.041999999999945,43.15,43.29,36.17,-1.11,-0.73,-0.38,阿科力,化学原料和化学制品制造业,主板,39.60499999999991,41.373749999999994,41.42666666666654,41.81000000000003,44.67191489361702
603722,2025-01-09,37.99,38.78,39.55,37.97,37.9,8841.0,34371800.0,39.44,41.16,41.840999999999944,42.83,43.33,39.5,-1.22,-0.83,-0.39,阿科力,化学原料和化学制品制造业,主板,39.312499999999915,40.86,41.18333333333321,41.60187500000003,44.514042553191494
603722,2025-01-10,38.91,37.39,39.2,37.3,38.78,7773.0,29725700.0,38.93,40.72,41.516499999999944,42.49,43.35,36.28,-1.4,-0.95,-0.45,阿科力,化学原料和化学制品制造业,主板,38.63749999999991,39.905,40.799166666666544,41.283750000000026,44.31170212765958
603722,2025-01-13,37.11,37.4,38.46,36.66,37.39,8039.0,30007600.0,38.39,40.17,41.245999999999945,42.19,43.36,36.32,-1.53,-1.06,-0.47,阿科力,化学原料和化学制品制造业,主板,37.867499999999914,39.33,40.53416666666654,40.87437500000002,44.04212765957447
603722,2025-01-14,37.38,39.73,39.76,37.38,37.4,10330.3,40172700.0,38.24,39.64,41.11299999999995,41.96,43.39,45.02,-1.42,-1.13,-0.29,阿科力,化学原料和化学制品制造业,主板,38.32499999999991,38.965,40.357499999999874,40.651250000000026,43.828936170212764
603722,2025-01-15,40.07,40.35,41.2,39.2,39.73,10569.0,42642500.0,38.73,39.47,41.02499999999995,41.8,43.44,47.09,-1.28,-1.16,-0.12,阿科力,化学原料和化学制品制造业,主板,38.71749999999991,39.01500000000001,40.14583333333321,40.566875000000024,43.68255319148936
603722,2025-01-16,40.15,39.36,40.88,39.0,40.35,8810.35,34915600.0,38.85,39.14,40.86899999999995,41.62,43.49,44.23,-1.22,-1.17,-0.05,阿科力,化学原料和化学制品制造业,主板,39.20999999999991,38.92375000000001,39.67333333333321,40.401875000000025,43.44659574468085
603722,2025-01-17,39.26,40.76,41.34,39.0,39.36,12783.3,51860700.0,39.52,39.22,40.70949999999995,41.51,43.54,48.96,-1.05,-1.15,0.1,阿科力,化学原料和化学制品制造业,主板,40.049999999999905,38.95875000000001,39.56999999999988,40.41312500000002,43.30255319148936
603722,2025-01-20,40.75,40.81,41.14,40.39,40.76,5384.0,21897400.0,40.2,39.3,40.584999999999944,41.43,43.56,49.12,-0.91,-1.1,0.19,阿科力,化学原料和化学制品制造业,主板,40.31999999999991,39.32250000000001,39.41666666666654,40.34812500000002,43.162340425531916
603722,2025-01-21,41.09,41.65,41.88,40.51,40.81,5851.0,24180400.0,40.59,39.41,40.58249999999994,41.37,43.59,51.95,-0.72,-1.03,0.31,阿科力,化学原料和化学制品制造业,主板,40.64499999999991,39.681250000000006,39.55833333333321,40.27062500000002,43.079787234042556
603722,2025-01-22,41.6,40.3,41.65,40.1,41.65,6517.0,26507600.0,40.58,39.65,40.49749999999994,41.25,43.61,47.39,-0.67,-0.95,0.28,阿科力,化学原料和化学制品制造业,主板,40.87999999999991,40.04500000000001,39.57583333333321,39.975000000000016,42.93702127659575
603722,2025-01-23,40.48,40.52,41.47,40.27,40.3,5960.0,24321000.0,40.81,39.83,40.49449999999994,41.17,43.63,48.19,-0.6,-0.88,0.28,阿科力,化学原料和化学制品制造业,主板,40.819999999999915,40.43500000000001,39.57916666666654,39.882500000000014,42.83531914893618
603722,2025-01-24,40.5,41.56,42.18,40.35,40.52,8865.0,36884700.0,40.97,40.24,40.47999999999993,41.09,43.67,51.9,-0.47,-0.8,0.33,阿科力,化学原料和化学制品制造业,主板,41.007499999999915,40.66375000000001,39.88416666666654,39.81437500000002,42.741276595744694
603722,2025-01-27,41.49,41.3,42.1,41.23,41.56,4744.0,19772500.0,41.07,40.63,40.40049999999993,41.04,43.66,50.92,-0.37,-0.71,0.34,阿科力,化学原料和化学制品制造业,主板,40.91999999999991,40.782500000000006,40.09416666666653,39.898750000000014,42.61574468085108
603722,2025-02-05,41.35,41.94,43.6,41.31,41.3,9757.0,41421100.0,41.12,40.86,40.24599999999994,41.03,43.59,53.27,-0.24,-0.62,0.38,阿科力,化学原料和化学制品制造业,主板,41.32999999999991,41.105000000000004,40.473333333333194,40.01437500000001,42.496382978723425
603722,2025-02-06,41.76,42.8,42.91,41.49,41.94,7021.0,29697100.0,41.62,41.1,40.28599999999993,41.05,43.52,56.29,-0.06,-0.51,0.45,阿科力,化学原料和化学制品制造业,主板,41.89999999999991,41.36000000000001,40.9233333333332,40.159375000000004,42.42659574468087
603722,2025-02-07,42.8,43.56,45.33,42.8,42.8,14312.5,63259400.0,42.23,41.52,40.331499999999934,41.09,43.41,58.82,0.13,-0.38,0.51,阿科力,化学原料和化学制品制造业,主板,42.39999999999991,41.70375000000001,41.24249999999986,40.51312500000001,42.33872340425533
603722,2025-02-10,43.34,45.0,45.29,43.0,43.56,11098.5,49119500.0,42.92,41.94,40.58399999999993,41.12,43.33,63.18,0.4,-0.22,0.62,阿科力,化学原料和化学制品制造业,主板,43.32499999999992,42.12250000000001,41.62999999999985,40.90187500000001,42.2912765957447
603722,2025-02-11,45.15,45.0,46.0,44.55,45.0,10288.0,46472400.0,43.66,42.36,40.829499999999925,41.18,43.29,63.18,0.6,-0.06,0.66,阿科力,化学原料和化学制品制造业,主板,44.08999999999992,42.71000000000001,42.09999999999985,41.37750000000001,42.217872340425544
603722,2025-02-12,44.98,46.21,46.89,44.54,45.0,13618.5,62941400.0,44.51,42.82,41.11599999999993,41.33,43.22,66.62,0.85,0.12,0.73,阿科力,化学原料和化学制品制造业,主板,44.942499999999924,43.42125000000001,42.554166666666525,41.928125000000016,42.18914893617023
603722,2025-02-13,46.28,45.18,46.68,45.1,46.21,10569.0,48143100.0,44.99,43.31,41.479999999999926,41.43,43.18,61.36,0.95,0.29,0.66,阿科力,化学原料和化学制品制造业,主板,45.347499999999926,43.87375000000001,42.91833333333318,42.26875000000001,42.16510638297874
603722,2025-02-14,45.2,43.54,45.65,43.3,45.18,15470.0,67974200.0,44.99,43.61,41.717999999999925,41.53,43.12,54.05,0.9,0.41,0.49,阿科力,化学原料和化学制品制造业,主板,44.98249999999992,44.15375000000001,43.07583333333318,42.46812500000001,42.10106382978725
603722,2025-02-17,43.81,42.95,44.0,42.1,43.54,11677.3,49852600.0,44.58,43.75,41.99599999999993,41.57,43.08,51.66,0.79,0.49,0.3,阿科力,化学原料和化学制品制造业,主板,44.46999999999993,44.28000000000001,43.29666666666652,42.69250000000001,42.048936170212784
603722,2025-02-18,43.0,43.0,43.5,42.35,42.95,10903.0,46947300.0,44.18,43.92,42.27599999999993,41.57,43.01,51.86,0.71,0.53,0.18,阿科力,化学原料和化学制品制造业,主板,43.667499999999926,44.30500000000001,43.50333333333319,42.83250000000001,42.013191489361716
603722,2025-02-19,42.91,43.23,43.76,42.89,43.0,5748.0,24851700.0,43.58,44.05,42.45099999999993,41.51,42.98,52.8,0.65,0.55,0.1,阿科力,化学原料和化学制品制造业,主板,43.17999999999992,44.26375000000001,43.64249999999985,42.983750000000015,41.99978723404257
603722,2025-02-20,43.75,45.0,45.13,43.09,43.23,15702.0,69386900.0,43.54,44.27,42.68349999999993,41.61,42.96,59.36,0.74,0.59,0.15,阿科力,化学原料和化学制品制造业,主板,43.54499999999992,44.26375000000001,43.950833333333186,43.193125000000016,42.03255319148938
603722,2025-02-21,45.35,45.7,47.0,44.29,45.0,22465.0,102573000.0,43.98,44.48,43.00049999999993,41.71,42.93,61.63,0.85,0.64,0.21,阿科力,化学原料和化学制品制造业,主板,44.23249999999993,44.35125000000001,44.26416666666652,43.53062500000002,42.08148936170215
603722,2025-02-24,45.74,43.8,45.74,43.5,45.7,13402.4,59154500.0,44.15,44.36,43.15249999999993,41.84,42.87,52.97,0.78,0.67,0.11,阿科力,化学原料和化学制品制造业,主板,44.43249999999993,44.05000000000001,44.347499999999854,43.73562500000002,42.07787234042555
603722,2025-02-25,43.2,43.86,44.68,42.89,43.8,8410.45,37009900.0,44.32,44.25,43.30499999999993,41.97,42.83,53.2,0.73,0.68,0.05,阿科力,化学原料和化学制品制造业,主板,44.58999999999994,43.88500000000001,44.37249999999985,43.879375000000024,42.10042553191491
603722,2025-02-26,43.56,43.88,44.38,43.53,43.86,8829.45,38770000.0,44.45,44.01,43.41649999999993,42.08,42.77,53.28,0.67,0.68,-0.01,阿科力,化学原料和化学制品制造业,主板,44.30999999999994,43.92750000000001,44.27916666666652,44.04062500000003,42.10042553191491
603722,2025-02-27,43.73,43.25,43.88,42.51,43.88,8279.59,35686400.0,44.1,43.82,43.56399999999993,42.26,42.7,50.37,0.57,0.66,-0.09,阿科力,化学原料和化学制品制造业,主板,43.697499999999934,43.96500000000001,44.133333333333184,44.12250000000003,42.10978723404257
603722,2025-02-28,42.86,42.47,44.31,42.31,43.25,9329.0,40278200.0,43.45,43.71,43.66149999999993,42.38,42.61,46.95,0.42,0.61,-0.19,阿科力,化学原料和化学制品制造业,主板,43.36499999999994,43.89875000000001,43.821666666666516,44.101875000000035,42.11148936170214
603722,2025-03-03,42.49,42.92,44.01,42.23,42.47,9386.0,40497800.0,43.28,43.71,43.72949999999993,42.57,42.53,49.09,0.34,0.56,-0.22,阿科力,化学原料和化学制品制造业,主板,43.12999999999994,43.86000000000001,43.633333333333184,44.06187500000003,42.12872340425534
603722,2025-03-04,43.29,43.17,43.5,42.4,42.92,4619.0,19811500.0,43.14,43.73,43.82299999999993,42.76,42.48,50.3,0.3,0.51,-0.21,阿科力,化学原料和化学制品制造业,主板,42.952499999999944,43.63125000000001,43.60249999999985,43.947500000000026,42.14340425531917
603722,2025-03-05,43.11,43.23,43.52,42.76,43.17,3696.0,15934100.0,43.01,43.73,43.88749999999993,42.88,42.42,50.6,0.26,0.46,-0.2,阿科力,化学原料和化学制品制造业,主板,42.94749999999994,43.32250000000001,43.62583333333318,43.83687500000003,42.128085106383
603722,2025-03-06,43.25,43.02,43.44,42.5,43.23,6409.0,27548100.0,42.96,43.53,43.898499999999935,42.97,42.38,49.47,0.21,0.41,-0.2,阿科力,化学原料和化学制品制造业,主板,43.084999999999944,43.22500000000001,43.62749999999985,43.637500000000024,42.12212765957449
603722,2025-03-07,42.91,42.6,43.29,42.52,43.02,6542.0,28004700.0,42.99,43.22,43.85049999999993,43.07,42.35,47.19,0.13,0.35,-0.22,阿科力,化学原料和化学制品制造业,主板,43.00499999999994,43.06750000000001,43.57499999999985,43.47625000000003,42.1412765957447
603722,2025-03-10,42.6,42.23,42.81,42.0,42.6,4479.0,18931900.0,42.85,43.06,43.71199999999993,43.12,42.32,45.22,0.04,0.29,-0.25,阿科力,化学原料和化学制品制造业,主板,42.76999999999994,42.86125000000001,43.34416666666652,43.39437500000003,42.14617021276597
603722,2025-03-11,41.71,42.18,42.25,41.32,42.23,4889.0,20417600.0,42.65,42.9,43.57099999999993,43.17,42.3,44.94,-0.04,0.22,-0.26,阿科力,化学原料和化学制品制造业,主板,42.50749999999994,42.72750000000001,43.05083333333317,43.346250000000026,42.180212765957464
603722,2025-03-12,43.0,43.07,44.8,42.35,42.18,12371.0,53993000.0,42.62,42.81,43.41399999999993,43.22,42.29,50.66,-0.01,0.18,-0.19,阿科力,化学原料和化学制品制造业,主板,42.51999999999994,42.80250000000001,42.989999999999846,43.35062500000003,42.206170212765976
603722,2025-03-13,43.04,41.92,43.04,41.5,43.07,9357.0,39312500.0,42.4,42.68,43.250999999999934,43.27,42.26,44.27,-0.1,0.12,-0.22,阿科力,化学原料和化学制品制造业,主板,42.349999999999945,42.67750000000001,42.82833333333318,43.268750000000026,42.18553191489364
603722,2025-03-14,41.96,42.69,42.93,41.58,41.92,8118.0,34504000.0,42.42,42.7,43.20849999999994,43.34,42.26,48.92,-0.1,0.08,-0.18,阿科力,化学原料和化学制品制造业,主板,42.46499999999995,42.61750000000001,42.72916666666651,43.12437500000003,42.13574468085108
603722,2025-03-17,42.4,43.12,43.4,42.37,42.69,6949.0,29856100.0,42.6,42.72,43.216999999999935,43.39,42.24,51.36,-0.07,0.05,-0.12,阿科力,化学原料和化学制品制造业,主板,42.699999999999946,42.603750000000005,42.71833333333317,42.963125000000026,42.159574468085125
603722,2025-03-18,43.02,43.58,43.92,42.98,43.12,8798.0,38160100.0,42.88,42.76,43.24599999999994,43.47,42.26,53.9,0.0,0.04,-0.04,阿科力,化学原料和化学制品制造业,主板,42.827499999999944,42.673750000000005,42.81083333333317,42.94937500000003,42.17936170212768
603722,2025-03-19,43.31,43.75,44.3,43.3,43.58,6150.0,26900600.0,43.01,42.82,43.271999999999935,43.53,42.28,54.84,0.06,0.04,0.02,阿科力,化学原料和化学制品制造业,主板,43.28499999999994,42.8175,42.879999999999846,42.94250000000003,42.26021276595746
603722,2025-03-20,43.9,43.05,43.95,43.01,43.75,5918.0,25633600.0,43.24,42.82,43.17449999999993,43.54,42.29,50.3,0.06,0.05,0.01,阿科力,化学原料和化学制品制造业,主板,43.37499999999994,42.92,42.86999999999984,42.89062500000003,42.32319148936172
603722,2025-03-21,43.22,42.3,43.22,42.22,43.05,5771.0,24600100.0,43.16,42.79,43.00449999999993,43.5,42.29,45.91,-0.01,0.03,-0.04,阿科力,化学原料和化学制品制造业,主板,43.169999999999945,42.935,42.79249999999984,42.831250000000026,42.36191489361703
603722,2025-03-24,42.3,42.53,42.89,41.89,42.3,5157.0,21824700.0,43.04,42.82,42.94099999999993,43.41,42.27,47.43,-0.05,0.02,-0.07,阿科力,化学原料和化学制品制造业,主板,42.90749999999994,42.8675,42.7516666666665,42.83500000000002,42.46042553191491
603722,2025-03-25,42.53,41.87,42.61,41.49,42.53,5216.0,21838500.0,42.7,42.79,42.841499999999925,43.31,42.24,43.65,-0.12,-0.01,-0.11,阿科力,化学原料和化学制品制造业,主板,42.43749999999994,42.86125,42.69083333333317,42.769375000000025,42.52617021276597
