code,timestamps,open,close,high,low,ycp,vol,amount,MA5,MA10,MA20,MA30,MA60,MSI,DIF,DEA,MACD_Hist,name,industry,block,MA4,MA8,MA12,MA16,MA47
605008,2020-11-20,29.37,29.1,31.1,28.85,29.73,37544.0,112738000.0,,,29.1,,,,0.0,0.0,0.0,长鸿高科,化学原料和化学制品制造业,主板,29.1,29.1,29.1,29.1,29.1
605008,2020-11-23,29.65,30.07,30.96,29.5,29.1,40072.8,121011000.0,,,29.585,,,,0.08,0.02,0.06,长鸿高科,化学原料和化学制品制造业,主板,29.585,29.585,29.585,29.585,29.585
605008,2020-11-24,29.89,33.08,33.08,29.81,30.07,54725.6,175867000.0,,,30.75,,,,0.38,0.09,0.29,长鸿高科,化学原料和化学制品制造业,主板,30.75,30.75,30.75,30.75,30.75
605008,2020-11-25,33.99,32.72,34.6,32.51,33.08,60775.8,203694000.0,,,31.2425,,,,0.58,0.19,0.39,长鸿高科,化学原料和化学制品制造业,主板,31.2425,31.2425,31.2425,31.2425,31.2425
605008,2020-11-26,33.85,35.05,35.3,32.7,32.72,59410.0,201282000.0,32.0,,32.004,,,,0.92,0.33,0.59,长鸿高科,化学原料和化学制品制造业,主板,32.73,32.004,32.004,32.004,32.004
605008,2020-11-27,34.62,34.34,35.58,33.41,35.05,51032.5,174720000.0,33.05,,32.39333333333333,,,,1.12,0.49,0.63,长鸿高科,化学原料和化学制品制造业,主板,33.7975,32.39333333333333,32.39333333333333,32.39333333333333,32.39333333333333
605008,2020-11-30,34.0,35.99,37.77,34.0,34.34,92560.2,337879000.0,34.24,,32.90714285714286,,,,1.38,0.67,0.71,长鸿高科,化学原料和化学制品制造业,主板,34.525000000000006,32.90714285714286,32.90714285714286,32.90714285714286,32.90714285714286
605008,2020-12-01,36.12,34.99,37.26,33.68,35.99,98306.2,345236000.0,34.62,,33.1675,,,,1.51,0.84,0.67,长鸿高科,化学原料和化学制品制造业,主板,35.09250000000001,33.1675,33.1675,33.1675,33.1675
605008,2020-12-02,34.5,31.49,34.78,31.49,34.99,102566.0,330600000.0,34.37,,32.98111111111111,,,,1.3,0.93,0.37,长鸿高科,化学原料和化学制品制造业,主板,34.202500000000015,33.466249999999995,32.98111111111111,32.98111111111111,32.98111111111111
605008,2020-12-03,31.35,28.35,31.36,28.34,31.49,102581.0,299528000.0,33.03,32.52,32.518,,,,0.88,0.92,-0.04,长鸿高科,化学原料和化学制品制造业,主板,32.70500000000001,33.25125,32.518,32.518,32.518
605008,2020-12-04,28.0,27.74,28.28,26.71,28.35,86530.0,236050000.0,31.71,32.38,32.083636363636366,,,,0.49,0.83,-0.34,长鸿高科,化学原料和化学制品制造业,主板,30.642500000000013,32.58375,32.083636363636366,32.083636363636366,32.083636363636366
605008,2020-12-07,27.0,28.27,29.25,26.66,27.74,69672.0,197011000.0,30.17,32.2,31.765833333333333,,,,0.22,0.71,-0.49,长鸿高科,化学原料和化学制品制造业,主板,28.962500000000013,32.0275,31.765833333333333,31.765833333333333,31.765833333333333
605008,2020-12-08,28.2,28.2,28.76,27.58,28.27,38807.0,108650000.0,28.81,31.71,31.49153846153846,,,,0.0,0.57,-0.57,长鸿高科,化学原料和化学制品制造业,主板,28.14000000000001,31.17125,31.69083333333333,31.49153846153846,31.49153846153846
605008,2020-12-09,28.08,27.19,28.33,27.02,28.2,36988.4,101437000.0,27.95,31.16,31.184285714285714,,,36.73,-0.26,0.4,-0.66,长鸿高科,化学原料和化学制品制造业,主板,27.850000000000016,30.2775,31.450833333333332,31.184285714285714,31.184285714285714
605008,2020-12-10,26.99,27.25,27.45,26.13,27.19,41950.0,112070000.0,27.73,30.38,30.922,,,37.08,-0.44,0.23,-0.67,长鸿高科,化学原料和化学制品制造业,主板,27.727500000000017,29.185000000000002,30.965,30.922,30.922
605008,2020-12-11,27.64,26.08,28.01,25.51,27.25,53751.2,142479000.0,27.4,29.56,30.619374999999998,,,33.29,-0.68,0.05,-0.73,长鸿高科,化学原料和化学制品制造业,主板,27.180000000000017,28.07125,30.41166666666666,30.619374999999998,30.619374999999998
605008,2020-12-14,26.24,28.4,28.58,26.02,26.08,77360.7,212374000.0,27.42,28.8,30.48882352941176,,,45.22,-0.68,-0.09,-0.59,长鸿高科,化学原料和化学制品制造业,主板,27.230000000000015,27.685,29.85749999999999,30.575624999999995,30.48882352941176
605008,2020-12-15,28.4,27.55,28.43,27.36,28.4,46118.9,128098000.0,27.29,28.05,30.32555555555555,,,42.24,-0.73,-0.22,-0.51,长鸿高科,化学原料和化学制品制造业,主板,27.320000000000014,27.585,29.291666666666657,30.418124999999993,30.32555555555555
605008,2020-12-16,27.07,27.6,28.4,26.39,27.55,45742.1,125188000.0,27.38,27.66,30.18210526315789,,,42.48,-0.76,-0.33,-0.43,长鸿高科,化学原料和化学制品制造业,主板,27.407500000000013,27.5675,28.59249999999999,30.07562499999999,30.18210526315789
605008,2020-12-17,27.58,27.57,27.7,26.82,27.6,30741.9,83857800.0,27.44,27.58,30.051499999999997,,,42.37,-0.78,-0.42,-0.36,长鸿高科,化学原料和化学制品制造业,主板,27.780000000000012,27.479999999999997,27.974166666666658,29.75374999999999,30.051499999999997
605008,2020-12-18,27.58,26.85,27.58,26.81,27.57,27914.9,75457400.0,27.59,27.5,29.939,,,39.62,-0.84,-0.5,-0.34,长鸿高科,化学原料和化学制品制造业,主板,27.392500000000013,27.311249999999998,27.58749999999999,29.24124999999999,29.899047619047618
605008,2020-12-21,26.8,27.23,27.38,26.63,26.85,34025.5,92285600.0,27.36,27.39,29.796999999999997,,,41.77,-0.85,-0.57,-0.28,长鸿高科,化学原料和化学制品制造业,主板,27.31250000000001,27.316249999999997,27.494166666666658,28.796874999999993,29.777727272727272
605008,2020-12-22,27.31,26.79,27.99,26.1,27.23,40716.8,110611000.0,27.21,27.25,29.482499999999995,,,40.0,-0.88,-0.63,-0.25,长鸿高科,化学原料和化学制品制造业,主板,27.110000000000014,27.258749999999996,27.414999999999992,28.221874999999994,29.64782608695652
605008,2020-12-23,26.4,26.22,26.66,25.79,26.79,32480.6,84768700.0,26.93,27.15,29.15749999999999,,,37.76,-0.94,-0.7,-0.24,长鸿高科,化学原料和化学制品制造业,主板,26.772500000000015,27.276249999999997,27.24416666666666,27.67374999999999,29.505
605008,2020-12-24,26.43,24.2,26.49,23.6,26.22,51503.8,126369000.0,26.26,26.85,28.615,,,31.13,-1.14,-0.78,-0.36,长鸿高科,化学原料和化学制品制造业,主板,26.110000000000014,26.751249999999995,26.91083333333333,27.21812499999999,29.292800000000003
605008,2020-12-25,23.98,24.99,25.36,23.36,24.2,34654.0,85492200.0,25.89,26.74,28.147499999999997,,,35.87,-1.22,-0.87,-0.35,长鸿高科,化学原料和化学制品制造业,主板,25.550000000000015,26.431249999999995,26.727499999999996,27.00812499999999,29.127307692307696
605008,2020-12-28,25.09,25.32,26.5,24.8,24.99,28725.8,73123500.0,25.5,26.43,27.613999999999997,,,37.8,-1.24,-0.95,-0.29,长鸿高科,化学原料和化学制品制造业,主板,25.18250000000002,26.146249999999995,26.566666666666663,26.856874999999988,28.9862962962963
605008,2020-12-29,25.3,25.21,25.57,24.37,25.32,18322.8,45752200.0,25.19,26.2,27.125,,,37.4,-1.25,-1.01,-0.24,长鸿高科,化学原料和化学制品制造业,主板,24.93000000000002,25.851249999999997,26.49416666666666,26.665624999999988,28.851428571428578
605008,2020-12-30,25.0,24.98,25.29,24.62,25.21,21571.4,53795900.0,24.94,25.94,26.799500000000002,,,36.52,-1.26,-1.06,-0.2,长鸿高科,化学原料和化学制品制造业,主板,25.12500000000002,25.617499999999996,26.209166666666665,26.46437499999999,28.717931034482763
605008,2020-12-31,25.0,24.78,25.0,24.42,24.98,24064.8,59355100.0,25.06,25.66,26.621,28.59,,35.74,-1.28,-1.1,-0.18,长鸿高科,化学原料和化学制品制造业,主板,25.072500000000023,25.311249999999998,25.978333333333328,26.313749999999988,28.58666666666667
605008,2021-01-04,25.0,26.28,26.76,24.99,24.78,44832.0,116528000.0,25.31,25.6,26.547999999999995,28.49,,45.25,-1.15,-1.11,-0.04,长鸿高科,化学原料和化学制品制造业,主板,25.31250000000002,25.2475,25.86833333333333,26.25312499999999,28.512258064516132
605008,2021-01-05,26.16,28.91,28.91,26.15,26.28,76282.8,216670000.0,26.03,25.77,26.579999999999995,28.45,,57.21,-0.84,-1.06,0.22,长鸿高科,化学原料和化学制品制造业,主板,26.23750000000002,25.58375,25.98,26.429999999999993,28.524687500000002
605008,2021-01-06,31.0,31.8,31.8,30.42,28.91,88058.0,276098000.0,27.35,26.27,26.75999999999999,28.41,,66.0,-0.34,-0.91,0.57,长鸿高科,化学原料和化学制品制造业,主板,27.94250000000002,26.53375,26.3925,26.642499999999995,28.623939393939395
605008,2021-01-07,32.16,32.04,32.88,29.1,31.8,105215.0,330664000.0,28.76,26.85,27.002499999999987,28.39,,66.61,0.07,-0.72,0.79,长鸿高科,化学原料和化学制品制造业,主板,29.75750000000002,27.415,26.793333333333333,26.923124999999995,28.72441176470588
605008,2021-01-08,31.01,28.84,31.31,28.84,32.04,77692.5,230209000.0,29.57,27.32,27.081999999999987,28.18,,52.91,0.13,-0.55,0.68,长鸿高科,化学原料和化学制品制造业,主板,30.397500000000022,27.855,26.96416666666666,27.000624999999992,28.727714285714285
605008,2021-01-11,28.55,31.72,31.72,27.36,28.84,90727.9,274421000.0,30.66,27.99,27.363999999999987,28.09,,60.74,0.41,-0.36,0.77,长鸿高科,化学原料和化学制品制造业,主板,31.100000000000023,28.66875,27.422499999999996,27.259999999999994,28.810833333333335
605008,2021-01-12,32.0,31.5,32.2,30.45,31.72,72412.5,227236000.0,31.18,28.61,27.518999999999988,27.94,,59.92,0.6,-0.16,0.76,长鸿高科,化学原料和化学制品制造业,主板,31.025000000000023,29.483750000000004,28.03083333333333,27.550624999999993,28.883513513513513
605008,2021-01-13,31.19,30.93,31.66,30.2,31.5,45549.5,140761000.0,31.01,29.18,27.687999999999988,27.81,,57.74,0.7,0.01,0.69,长鸿高科,化学原料和化学制品制造业,主板,30.747500000000024,30.2525,28.525833333333328,27.781874999999992,28.937368421052636
605008,2021-01-14,30.86,28.99,30.86,28.91,30.93,43667.8,129318000.0,30.4,29.58,27.757499999999986,27.73,,50.97,0.62,0.13,0.49,长鸿高科,化学原料和化学制品制造业,主板,30.785000000000025,30.59125,28.831666666666663,27.91937499999999,28.93871794871795
605008,2021-01-15,29.0,31.89,31.89,28.5,28.99,60182.6,186845000.0,31.01,30.29,27.973499999999984,27.84,,58.76,0.78,0.26,0.52,长鸿高科,化学原料和化学制品制造业,主板,30.827500000000022,30.96375,29.388333333333332,28.273749999999993,29.012500000000006
605008,2021-01-18,33.0,32.59,34.6,31.95,31.89,112111.0,371432000.0,31.18,30.92,28.260499999999986,28.01,,60.39,0.95,0.4,0.55,长鸿高科,化学原料和化学制品制造业,主板,31.100000000000023,31.0625,30.022499999999997,28.798124999999995,29.09975609756098
605008,2021-01-19,33.46,33.06,34.48,32.1,32.59,92906.9,309643000.0,31.49,31.34,28.551999999999985,28.17,,61.5,1.12,0.54,0.58,长鸿高科,化学原料和化学制品制造业,主板,31.63250000000002,31.19,30.712499999999995,29.302499999999995,29.19404761904762
605008,2021-01-20,32.78,32.15,32.91,31.0,33.06,50622.7,162308000.0,31.74,31.37,28.819999999999986,28.3,,58.12,1.15,0.66,0.49,长鸿高科,化学原料和化学制品制造业,主板,32.42250000000002,31.60375,31.201666666666664,29.729374999999994,29.262790697674422
605008,2021-01-21,32.3,31.49,33.7,31.3,32.15,75811.8,245065000.0,32.24,31.32,29.083499999999987,28.44,,55.73,1.12,0.76,0.36,长鸿高科,化学原料和化学制品制造业,主板,32.32250000000002,31.575,31.41666666666666,30.121874999999996,29.313409090909094
605008,2021-01-22,31.19,31.5,31.81,29.88,31.49,65922.8,203633000.0,32.16,31.58,29.448499999999985,28.58,,55.76,1.08,0.82,0.26,长鸿高科,化学原料和化学制品制造业,主板,32.05000000000002,31.575000000000003,31.391666666666662,30.529374999999995,29.362000000000005
605008,2021-01-25,31.5,30.5,31.65,30.18,31.5,56946.5,175549000.0,31.74,31.46,29.723999999999982,28.73,,52.0,0.96,0.85,0.11,长鸿高科,化学原料和化学制品制造业,主板,31.410000000000018,31.521250000000002,31.263333333333325,30.886874999999996,29.386739130434787
605008,2021-01-26,30.3,29.13,30.3,29.03,30.5,43157.9,127341000.0,30.95,31.22,29.914499999999983,28.75,,47.3,0.74,0.83,-0.09,长鸿高科,化学原料和化学制品制造业,主板,30.655000000000015,31.53875,31.287499999999994,31.064999999999998,29.381276595744687
605008,2021-01-27,28.93,30.36,30.75,27.36,29.13,61187.2,179520000.0,30.6,31.17,30.17199999999998,28.85,,51.53,0.66,0.79,-0.13,长鸿高科,化学原料和化学制品制造业,主板,30.37250000000002,31.347500000000004,31.17416666666666,31.155624999999997,29.408085106382984
605008,2021-01-28,29.5,29.1,30.5,28.7,30.36,48164.4,141266000.0,30.12,31.18,30.37799999999998,28.9,,47.34,0.5,0.73,-0.23,长鸿高科,化学原料和化学制品制造业,主板,29.772500000000022,30.911250000000006,30.97416666666666,30.986874999999994,29.387446808510642
605008,2021-01-29,29.1,27.27,29.4,26.7,29.1,39168.0,109595000.0,29.27,30.71,30.50249999999998,28.89,,41.98,0.21,0.63,-0.42,长鸿高科,化学原料和化学制品制造业,主板,28.965000000000025,30.187500000000007,30.66916666666666,30.688749999999995,29.263829787234048
605008,2021-02-01,27.84,30.0,30.0,27.84,27.27,47944.7,140259000.0,29.17,30.46,30.688499999999983,28.99,,50.9,0.2,0.54,-0.34,长鸿高科,化学原料和化学制品制造业,主板,29.182500000000026,29.918750000000006,30.753333333333327,30.76125,29.205957446808515
605008,2021-02-02,31.2,30.05,31.48,29.96,30.0,72294.4,222407000.0,29.36,30.16,30.745499999999982,29.09,,51.05,0.19,0.47,-0.28,长鸿高科,化学原料和化学制品制造业,主板,29.10500000000003,29.738750000000003,30.599999999999994,30.656875,29.099574468085112
605008,2021-02-03,29.86,29.33,31.2,29.28,30.05,58637.2,177452000.0,29.15,29.87,30.621999999999986,29.17,,48.76,0.13,0.4,-0.27,长鸿高科,化学原料和化学制品制造业,主板,29.16250000000003,29.4675,30.32833333333333,30.521250000000002,28.99297872340426
605008,2021-02-04,29.12,28.53,29.66,28.33,29.33,37751.4,108829000.0,29.04,29.58,30.446499999999986,29.25,,46.28,0.01,0.33,-0.32,长鸿高科,化学原料和化学制品制造业,主板,29.47750000000003,29.221249999999998,29.950833333333325,30.37125,28.83425531914894
605008,2021-02-05,28.5,26.9,29.16,26.9,28.53,41736.4,116219000.0,28.96,29.12,30.349499999999985,29.34,,41.64,-0.21,0.22,-0.43,长鸿高科,化学原料和化学制品制造业,主板,28.70250000000003,28.942499999999995,29.513333333333325,30.240625,28.662127659574477
605008,2021-02-08,26.9,26.58,27.26,25.31,26.9,32069.8,85111200.0,28.28,28.72,30.092499999999983,29.39,,40.77,-0.39,0.1,-0.49,长鸿高科,化学原料和化学制品制造业,主板,27.835000000000026,28.46999999999999,29.104166666666657,29.90875,28.55765957446809
605008,2021-02-09,26.66,27.11,28.17,26.45,26.58,33462.2,91487300.0,27.69,28.52,29.872999999999983,29.45,,42.89,-0.51,-0.02,-0.49,长鸿高科,化学原料和化学制品制造业,主板,27.280000000000026,28.221249999999994,28.738333333333326,29.566250000000004,28.531276595744686
605008,2021-02-10,27.21,27.2,27.47,25.98,27.11,40804.0,107820000.0,27.26,28.21,29.686499999999988,29.52,,43.26,-0.57,-0.13,-0.44,长鸿高科,化学原料和化学制品制造业,主板,26.947500000000026,28.21249999999999,28.463333333333324,29.200000000000003,28.51978723404256
605008,2021-02-18,28.04,27.39,28.07,27.1,27.2,34403.4,94665100.0,27.04,28.04,29.60649999999999,29.6,,44.09,-0.61,-0.23,-0.38,长鸿高科,化学原料和化学制品制造业,主板,27.07000000000003,27.88624999999999,28.318333333333324,28.902500000000003,28.501063829787242
605008,2021-02-19,27.39,27.59,27.59,26.55,27.39,27699.3,75274600.0,27.17,28.07,29.39149999999999,29.69,29.14,44.99,-0.62,-0.31,-0.31,长鸿高科,化学原料和化学制品制造业,主板,27.32250000000003,27.57874999999999,28.087499999999988,28.65875,28.488085106382986
605008,2021-02-22,28.42,29.98,30.3,28.28,27.59,64081.9,188266000.0,27.85,28.07,29.26099999999999,29.81,29.15,54.49,-0.42,-0.33,-0.09,长鸿高科,化学原料和化学制品制造业,主板,28.04000000000003,27.65999999999999,28.16083333333332,28.563750000000002,28.547446808510642
605008,2021-02-23,29.4,28.94,29.81,28.86,29.98,42383.8,123891000.0,28.22,27.95,29.054999999999996,29.82,29.13,50.41,-0.34,-0.33,-0.01,长鸿高科,化学原料和化学制品制造业,主板,28.475000000000033,27.71124999999999,28.299999999999986,28.466250000000002,28.583404255319156
605008,2021-02-24,28.89,29.88,30.39,28.5,28.94,54919.2,163052000.0,28.76,28.01,28.941499999999998,29.75,29.08,53.78,-0.21,-0.31,0.1,长鸿高科,化学原料和化学制品制造业,主板,29.097500000000036,28.083749999999988,28.28999999999999,28.513125000000002,28.664255319148946
605008,2021-02-25,30.2,30.27,30.99,29.36,29.88,45999.3,138655000.0,29.33,28.18,28.880499999999994,29.69,29.04,55.14,-0.06,-0.26,0.2,长鸿高科,化学原料和化学制品制造业,主板,29.767500000000034,28.544999999999987,28.30833333333332,28.5075,28.704042553191496
605008,2021-02-26,29.7,29.42,30.34,29.04,30.27,28919.2,85872300.0,29.7,28.44,28.77649999999999,29.71,28.95,51.58,-0.02,-0.21,0.19,长鸿高科,化学原料和化学制品制造业,主板,29.62750000000003,28.833749999999988,28.31583333333332,28.5275,28.743829787234052
605008,2021-03-01,30.11,30.45,30.75,29.53,29.42,33700.4,101532000.0,29.79,28.82,28.773999999999994,29.67,28.88,55.35,0.09,-0.15,0.24,长鸿高科,化学原料和化学制品制造业,主板,30.00500000000003,29.239999999999988,28.475833333333316,28.72625,28.804468085106397
605008,2021-03-02,30.86,29.6,30.9,29.36,30.45,29512.7,88211900.0,29.92,29.07,28.797499999999996,29.61,28.78,51.77,0.12,-0.1,0.22,长鸿高科,化学原料和化学制品制造业,主板,29.93500000000003,29.516249999999992,28.70083333333332,28.70125,28.847659574468096
605008,2021-03-03,29.38,29.67,30.09,29.09,29.6,18604.8,55265000.0,29.88,29.32,28.762999999999995,29.56,28.69,52.04,0.14,-0.05,0.19,长鸿高科,化学原料和化学制品制造业,主板,29.785000000000036,29.776249999999994,28.958333333333325,28.677500000000002,28.907659574468102
605008,2021-03-04,29.58,28.68,29.65,28.1,29.67,28882.9,82954700.0,29.56,29.45,28.74199999999999,29.55,28.64,47.88,0.07,-0.03,0.1,长鸿高科,化学原料和化学制品制造业,主板,29.600000000000033,29.613749999999992,29.089166666666657,28.636875000000003,28.93851063829789
605008,2021-03-05,27.91,28.74,29.26,27.91,28.68,18598.8,53275000.0,29.43,29.56,28.815499999999993,29.45,28.65,48.15,0.03,-0.01,0.04,长鸿高科,化学原料和化学制品制造业,主板,29.17250000000003,29.58874999999999,29.21749999999999,28.650000000000006,28.980000000000018
605008,2021-03-08,28.72,27.4,29.25,27.39,28.74,26783.1,75556900.0,28.82,29.3,28.68549999999999,29.28,28.64,42.81,-0.11,-0.03,-0.08,长鸿高科,化学原料和化学制品制造业,主板,28.62250000000003,29.278749999999988,29.218333333333323,28.681250000000006,29.00510638297874
605008,2021-03-09,27.21,27.3,27.63,26.27,27.4,21364.6,57774300.0,28.36,29.14,28.54799999999999,29.08,28.62,42.43,-0.23,-0.07,-0.16,长鸿高科,化学原料和化学制品制造业,主板,28.030000000000033,28.907499999999988,29.19416666666666,28.726250000000007,29.071063829787253
605008,2021-03-10,27.59,27.23,27.59,26.84,27.3,11161.5,30394200.0,27.87,28.88,28.44299999999999,28.92,28.61,42.15,-0.33,-0.12,-0.21,长鸿高科,化学原料和化学制品制造业,主板,27.667500000000032,28.633749999999985,28.964999999999993,28.733750000000008,29.118723404255338
605008,2021-03-11,27.24,27.53,27.54,26.98,27.23,11757.1,32153600.0,27.64,28.6,28.39299999999999,28.79,28.61,43.86,-0.38,-0.18,-0.2,长鸿高科,化学原料和化学制品制造业,主板,27.365000000000034,28.26874999999999,28.847499999999993,28.754375000000007,29.165744680851084
605008,2021-03-12,27.53,26.97,27.53,26.82,27.53,14842.7,40225100.0,27.29,28.36,28.396499999999993,28.64,28.61,41.4,-0.45,-0.23,-0.22,长鸿高科,化学原料和化学制品制造业,主板,27.25750000000003,27.93999999999999,28.60499999999999,28.728125000000006,29.20319148936172
605008,2021-03-15,26.8,25.9,26.9,25.25,26.97,29914.2,77674600.0,26.99,27.9,28.36249999999999,28.48,28.61,37.1,-0.6,-0.3,-0.3,长鸿高科,化学原料和化学制品制造业,主板,26.90750000000003,27.468749999999993,28.240833333333324,28.622500000000006,29.22276595744683
605008,2021-03-16,25.95,26.25,26.26,25.75,25.9,12646.9,32895900.0,26.78,27.57,28.319499999999987,28.39,28.57,39.32,-0.67,-0.38,-0.29,长鸿高科,化学原料和化学制品制造业,主板,26.662500000000026,27.164999999999992,27.976666666666656,28.389375000000005,29.25404255319151
605008,2021-03-17,26.01,26.66,26.78,25.79,26.25,10304.4,27289000.0,26.66,27.27,28.292499999999983,28.26,28.56,41.9,-0.69,-0.44,-0.25,长鸿高科,化学原料和化学制品制造业,主板,26.44500000000003,26.90499999999999,27.660833333333326,28.246875000000006,29.262127659574492
605008,2021-03-18,26.69,26.81,26.9,26.38,26.66,12294.4,32730100.0,26.52,27.08,28.263499999999983,28.19,28.54,42.86,-0.68,-0.49,-0.19,长鸿高科,化学原料和化学制品制造业,主板,26.40500000000003,26.83124999999999,27.428333333333324,28.055000000000007,29.21744680851066
605008,2021-03-19,26.4,26.52,26.63,26.24,26.81,9017.0,23852800.0,26.43,26.86,28.20999999999998,28.16,28.52,41.44,-0.7,-0.53,-0.17,长鸿高科,化学原料和化学制品制造业,主板,26.56000000000003,26.73374999999999,27.16583333333332,27.820625000000007,29.105106382978743
605008,2021-03-22,26.56,26.48,26.72,26.4,26.52,15770.0,41879100.0,26.54,26.77,28.03499999999998,28.05,28.52,41.23,-0.7,-0.56,-0.14,长鸿高科,化学原料和化学制品制造业,主板,26.617500000000028,26.63999999999999,26.982499999999987,27.636875000000007,28.98680851063832
605008,2021-03-23,26.48,25.55,26.55,25.3,26.48,18249.0,46963100.0,26.4,26.59,27.865499999999976,27.9,28.49,36.72,-0.77,-0.61,-0.16,长鸿高科,化学原料和化学制品制造业,主板,26.340000000000032,26.39249999999999,26.716666666666654,27.33062500000001,28.91680851063832
605008,2021-03-24,25.25,25.19,25.68,25.1,25.55,10728.5,27216500.0,26.11,26.39,27.63099999999998,27.76,28.46,35.12,-0.85,-0.65,-0.2,长鸿高科,化学原料和化学制品制造业,主板,25.93500000000003,26.16999999999999,26.532499999999988,27.055000000000007,28.777872340425557
605008,2021-03-25,25.19,26.6,27.11,25.02,25.19,25445.7,67327400.0,26.07,26.29,27.44749999999998,27.69,28.47,45.2,-0.78,-0.68,-0.1,长鸿高科,化学原料和化学制品制造业,主板,25.95500000000003,26.25749999999999,26.474166666666658,26.863125000000007,28.673617021276616
605008,2021-03-26,26.33,26.45,26.57,26.02,26.6,13916.0,36652400.0,26.05,26.24,27.298999999999985,27.68,28.51,44.41,-0.73,-0.69,-0.04,长鸿高科,化学原料和化学制品制造业,主板,25.94750000000003,26.282499999999988,26.409166666666653,26.723750000000006,28.578297872340446
605008,2021-03-29,26.5,26.58,26.84,26.35,26.45,22594.0,59978400.0,26.07,26.31,27.105499999999985,27.68,28.53,45.31,-0.68,-0.69,0.01,长鸿高科,化学原料和化学制品制造业,主板,26.20500000000003,26.27249999999999,26.329999999999984,26.588750000000005,28.527021276595764
605008,2021-03-30,26.45,26.78,26.91,26.05,26.58,18664.3,49488600.0,26.32,26.36,26.96449999999998,27.67,28.56,46.73,-0.61,-0.67,0.06,长鸿高科,化学原料和化学制品制造业,主板,26.602500000000035,26.26874999999999,26.314166666666647,26.550000000000004,28.418297872340442
605008,2021-03-31,26.96,26.29,26.96,26.24,26.78,13499.6,35629500.0,26.54,26.32,26.795499999999983,27.64,28.58,43.73,-0.59,-0.66,0.07,长鸿高科,化学原料和化学制品制造业,主板,26.525000000000034,26.239999999999988,26.34666666666665,26.486875000000005,28.284255319148954
605008,2021-04-01,26.32,26.15,26.54,26.0,26.29,10897.9,28575300.0,26.45,26.26,26.668999999999983,27.6,28.6,42.89,-0.58,-0.64,0.06,长鸿高科,化学原料和化学制品制造业,主板,26.450000000000035,26.19874999999999,26.338333333333313,26.419375000000002,28.13723404255321
605008,2021-04-02,25.95,26.11,26.36,25.95,26.15,9726.41,25448600.0,26.38,26.22,26.537499999999984,27.55,28.62,42.63,-0.57,-0.63,0.06,长鸿高科,化学原料和化学制品制造业,主板,26.332500000000035,26.26874999999999,26.29249999999998,26.330625000000005,28.008723404255335
605008,2021-04-06,26.25,26.45,26.83,25.98,26.11,16555.0,43645000.0,26.36,26.21,26.489999999999988,27.43,28.62,45.58,-0.53,-0.61,0.08,长鸿高科,化学原料和化学制品制造业,主板,26.250000000000036,26.42624999999999,26.262499999999978,26.298125000000006,27.901489361702144
605008,2021-04-07,26.45,28.06,28.23,26.25,26.45,40809.9,111728000.0,26.61,26.47,26.527999999999984,27.4,28.61,56.87,-0.36,-0.56,0.2,长鸿高科,化学原料和化学制品制造业,主板,26.692500000000038,26.60874999999999,26.390833333333315,26.433125000000008,27.828297872340443
605008,2021-04-08,28.25,28.59,28.94,28.04,28.06,30514.4,86894900.0,27.07,26.81,26.595999999999986,27.36,28.55,59.82,-0.17,-0.48,0.31,长鸿高科,化学原料和化学制品制造业,主板,27.302500000000038,26.87624999999999,26.566666666666645,26.579375000000006,27.787659574468098
605008,2021-04-09,28.42,28.35,28.85,28.06,28.59,15136.4,42841600.0,27.51,26.98,26.63699999999999,27.29,28.49,57.89,-0.05,-0.39,0.34,长鸿高科,化学原料和化学制品制造业,主板,27.862500000000036,27.09749999999999,26.79999999999998,26.685000000000006,27.771063829787245
605008,2021-04-12,29.1,29.61,29.81,28.69,28.35,40670.1,119352000.0,28.21,27.3,26.768999999999988,27.3,28.5,64.4,0.14,-0.29,0.43,长鸿高科,化学原料和化学制品制造业,主板,28.652500000000035,27.45124999999999,27.16833333333331,26.860000000000007,27.755106382978735
605008,2021-04-13,29.58,28.7,29.58,28.67,29.61,24099.0,69821300.0,28.66,27.51,26.908999999999992,27.24,28.45,57.49,0.23,-0.18,0.41,长鸿高科,化学原料和化学制品制造业,主板,28.812500000000036,27.75249999999999,27.34333333333331,26.996250000000007,27.746595744680864
605008,2021-04-14,28.46,28.72,28.92,28.46,28.7,15605.7,44769600.0,28.79,27.7,27.03249999999999,27.21,28.41,57.6,0.29,-0.09,0.38,长鸿高科,化学原料和化学制品制造业,主板,28.845000000000034,28.07374999999999,27.532499999999974,27.136250000000004,27.777446808510653
605008,2021-04-15,28.79,29.0,29.1,28.4,28.72,13519.5,38900700.0,28.88,27.97,27.149499999999996,27.19,28.38,59.16,0.35,0.0,0.35,长鸿高科,化学原料和化学制品制造业,主板,29.007500000000036,28.434999999999988,27.734166666666642,27.351875000000003,27.756170212765973
605008,2021-04-16,29.19,28.97,29.29,28.78,29.0,10289.0,29796100.0,29.0,28.26,27.2575,27.2,28.38,58.91,0.4,0.08,0.32,长鸿高科,化学原料和化学制品制造业,主板,28.847500000000036,28.749999999999993,27.916666666666647,27.588125,27.73319148936172
605008,2021-04-19,28.96,30.84,31.67,28.8,28.97,59873.3,181550000.0,29.25,28.73,27.4735,27.27,28.36,67.99,0.59,0.18,0.41,长鸿高科,化学原料和化学制品制造业,主板,29.382500000000032,29.09749999999999,28.29583333333331,27.853125,27.765319148936186
605008,2021-04-20,30.83,29.29,31.2,29.09,30.84,53220.4,158451000.0,29.36,29.01,27.613999999999997,27.33,28.3,56.78,0.59,0.26,0.33,长鸿高科,化学原料和化学制品制造业,主板,29.525000000000034,29.18499999999999,28.55749999999998,28.030625,27.781489361702143
605008,2021-04-21,28.3,28.77,29.54,28.25,29.29,23742.0,68994000.0,29.37,29.08,27.775,27.38,28.23,53.59,0.55,0.32,0.23,长鸿高科,化学原料和化学制品制造业,主板,29.467500000000037,29.237499999999994,28.779166666666644,28.1675,27.821276595744692
605008,2021-04-22,28.75,28.78,29.28,27.97,28.77,25055.2,71701600.0,29.33,29.1,27.954499999999996,27.43,28.18,53.65,0.52,0.36,0.16,长鸿高科,化学原料和化学制品制造业,主板,29.420000000000037,29.133749999999992,28.973333333333315,28.292500000000004,27.868085106382992
605008,2021-04-23,28.8,28.37,28.89,28.26,28.78,16946.0,48215600.0,29.21,29.1,28.042999999999996,27.46,28.12,51.03,0.45,0.38,0.07,长鸿高科,化学原料和化学制品制造业,主板,28.802500000000038,29.092499999999994,28.99916666666665,28.422500000000003,27.89489361702129
605008,2021-04-26,28.6,27.81,28.69,27.25,28.37,21935.5,61764400.0,28.6,28.92,28.11099999999999,27.49,28.06,47.61,0.35,0.37,-0.02,长鸿高科,化学原料和化学制品制造业,主板,28.43250000000004,28.978749999999994,28.934166666666652,28.526250000000005,27.907872340425545
605008,2021-04-27,27.82,27.38,28.07,26.86,27.81,17367.0,47285700.0,28.22,28.79,28.15099999999999,27.54,28.01,45.11,0.23,0.34,-0.11,长鸿高科,化学原料和化学制品制造业,主板,28.08500000000004,28.776249999999997,28.853333333333314,28.605625000000003,27.907659574468095
605008,2021-04-28,27.38,27.46,27.99,27.06,27.38,11501.0,31642100.0,27.96,28.67,28.18499999999999,27.58,27.98,45.68,0.14,0.3,-0.16,长鸿高科,化学原料和化学制品制造业,主板,27.755000000000038,28.587499999999995,28.674166666666647,28.668750000000003,27.90489361702129
605008,2021-04-29,27.31,27.15,27.68,26.91,27.46,11371.0,31040000.0,27.63,28.48,28.22799999999999,27.59,27.93,43.78,0.05,0.25,-0.2,长鸿高科,化学原料和化学制品制造业,主板,27.45000000000004,28.126249999999995,28.544999999999977,28.611875,27.844680851063845
605008,2021-04-30,27.14,27.75,28.28,27.02,27.15,31776.8,87615300.0,27.51,28.36,28.307999999999993,27.62,27.91,48.27,0.02,0.21,-0.19,长鸿高科,化学原料和化学制品制造业,主板,27.435000000000038,27.933749999999996,28.464166666666642,28.559375000000003,27.819361702127672
605008,2021-05-06,26.87,26.76,27.35,26.51,27.75,25595.4,68755200.0,27.3,27.95,28.34049999999999,27.63,27.9,42.27,-0.08,0.15,-0.23,长鸿高科,化学原料和化学制品制造业,主板,27.280000000000037,27.682499999999994,28.277499999999975,28.46,27.75297872340427
605008,2021-05-07,26.74,26.76,27.17,26.53,26.76,14623.8,39224100.0,27.18,27.7,28.355999999999987,27.64,27.84,42.27,-0.16,0.09,-0.25,长鸿高科,化学原料和化学制品制造业,主板,27.105000000000032,27.429999999999993,28.093333333333305,28.281875,27.678297872340437
605008,2021-05-10,26.76,26.16,26.8,25.89,26.76,18920.5,49582700.0,26.92,27.44,28.26099999999999,27.66,27.78,38.88,-0.27,0.02,-0.29,长鸿高科,化学原料和化学制品制造业,主板,26.85750000000003,27.15374999999999,27.70333333333331,28.123125,27.60893617021278
605008,2021-05-11,26.0,26.06,26.43,25.55,26.16,14044.1,36399700.0,26.7,27.17,28.134499999999985,27.69,27.72,38.33,-0.35,-0.06,-0.29,长鸿高科,化学原料和化学制品制造业,主板,26.43500000000003,26.93499999999999,27.43416666666664,27.956875000000004,27.51553191489363
605008,2021-05-12,26.02,26.44,26.53,25.61,26.06,12724.8,33248400.0,26.44,26.97,28.038999999999987,27.69,27.69,41.71,-0.39,-0.12,-0.27,长鸿高科,化学原料和化学制品制造业,主板,26.35500000000003,26.817499999999992,27.239999999999977,27.796875000000004,27.44829787234044
605008,2021-05-13,26.15,26.03,26.68,25.91,26.44,12814.0,33647200.0,26.29,26.8,27.859999999999985,27.67,27.68,39.21,-0.45,-0.19,-0.26,长鸿高科,化学原料和化学制品制造业,主板,26.172500000000024,26.63874999999999,27.010833333333313,27.613125000000004,27.370851063829797
605008,2021-05-14,26.11,26.98,27.4,26.11,26.03,25653.0,69390400.0,26.33,26.76,27.773999999999983,27.69,27.68,47.13,-0.41,-0.23,-0.18,长鸿高科,化学原料和化学制品制造业,主板,26.377500000000026,26.61749999999999,26.894999999999982,27.371875000000006,27.33468085106384
605008,2021-05-17,26.98,26.96,27.57,26.71,26.98,18435.0,50001300.0,26.49,26.7,27.685999999999986,27.69,27.68,46.99,-0.38,-0.26,-0.12,长鸿高科,化学原料和化学制品制造业,主板,26.602500000000028,26.51874999999999,26.824166666666645,27.226250000000004,27.296808510638307
605008,2021-05-18,27.05,26.82,27.31,26.72,26.96,11524.8,30956800.0,26.65,26.67,27.576999999999988,27.71,27.67,45.97,-0.37,-0.28,-0.09,长鸿高科,化学原料和化学制品制造业,主板,26.697500000000026,26.52624999999999,26.77749999999998,27.104375000000005,27.28446808510639
605008,2021-05-19,27.02,26.39,27.02,26.1,26.82,22636.8,59642200.0,26.64,26.54,27.447999999999986,27.72,27.66,42.89,-0.38,-0.3,-0.08,长鸿高科,化学原料和化学制品制造业,主板,26.78750000000003,26.47999999999999,26.688333333333315,26.955000000000005,27.265106382978733
605008,2021-05-20,18.72,19.46,20.39,18.67,26.39,34634.0,67556600.0,25.32,25.81,26.878999999999984,27.5,27.52,19.83,-0.93,-0.43,-0.5,长鸿高科,化学原料和化学制品制造业,主板,24.90750000000003,25.64249999999999,26.04749999999998,26.398125000000004,27.099787234042562
605008,2021-05-21,19.0,18.7,19.17,18.39,19.46,26318.6,49343800.0,23.67,25.0,26.34949999999999,27.24,27.33,18.64,-1.43,-0.63,-0.8,长鸿高科,化学原料和化学制品制造业,主板,22.84250000000003,24.72249999999999,25.29333333333331,25.828750000000003,26.911914893617034
605008,2021-05-24,18.71,18.16,18.78,17.89,18.7,22731.9,41356000.0,21.91,24.2,25.81899999999999,26.91,27.15,17.83,-1.84,-0.87,-0.97,长鸿高科,化学原料和化学制品制造业,主板,20.67750000000003,23.68749999999999,24.57666666666665,25.252500000000005,26.7244680851064
605008,2021-05-25,18.17,18.17,18.43,17.78,18.16,21175.6,38315200.0,20.18,23.41,25.28849999999999,26.56,26.96,17.9,-2.14,-1.12,-1.02,长鸿高科,化学原料和化学制品制造业,主板,18.62250000000003,22.704999999999988,23.860833333333318,24.671875000000007,26.560000000000013
605008,2021-05-26,18.77,19.99,19.99,18.76,18.17,67843.4,132329000.0,18.9,22.77,24.869499999999988,26.28,26.79,29.87,-2.2,-1.34,-0.86,长鸿高科,化学原料和化学制品制造业,主板,18.75500000000003,21.83124999999999,23.34666666666665,24.22437500000001,26.42680851063831
605008,2021-05-27,20.89,19.5,20.96,19.46,19.99,104695.0,211097000.0,18.9,22.11,24.453999999999986,25.94,26.62,28.66,-2.27,-1.53,-0.74,长鸿高科,化学原料和化学制品制造业,主板,18.95500000000003,20.89874999999999,22.799999999999983,23.70875000000001,26.274468085106395
605008,2021-05-28,19.25,19.15,19.68,19.03,19.5,54860.0,105598000.0,18.99,21.33,24.042499999999986,25.63,26.43,27.79,-2.33,-1.69,-0.64,长鸿高科,化学原料和化学制品制造业,主板,19.20250000000003,19.93999999999999,22.19249999999998,23.23312500000001,26.11148936170214
605008,2021-05-31,19.15,19.19,19.45,18.84,19.15,37008.0,70731400.0,19.2,20.55,23.628999999999987,25.31,26.26,28.06,-2.33,-1.82,-0.51,长鸿高科,化学原料和化学制品制造业,主板,19.457500000000028,19.039999999999992,21.622499999999985,22.76000000000001,25.955531914893633
605008,2021-06-01,19.18,19.4,19.6,18.92,19.19,39644.2,76699400.0,19.45,19.81,23.241499999999988,24.99,26.09,29.54,-2.3,-1.91,-0.39,长鸿高科,化学原料和化学制品制造业,主板,19.310000000000027,19.03249999999999,20.990833333333317,22.337500000000006,25.804893617021296
605008,2021-06-02,19.24,18.52,19.53,18.5,19.4,51700.1,97802800.0,19.15,19.02,22.779999999999987,24.64,25.92,27.03,-2.32,-1.99,-0.33,长鸿高科,化学原料和化学制品制造业,主板,19.065000000000026,19.009999999999994,20.287499999999984,21.866250000000004,25.65531914893619
605008,2021-06-03,18.52,18.43,18.83,18.39,18.52,26833.6,49856600.0,18.94,18.92,22.363499999999988,24.23,25.75,26.78,-2.31,-2.06,-0.25,长鸿高科,化学原料和化学制品制造业,主板,18.885000000000026,19.043749999999996,19.588333333333313,21.365625000000005,25.511489361702147
605008,2021-06-04,18.21,18.55,18.86,18.2,18.43,21063.6,39129800.0,18.82,18.91,21.95299999999999,23.87,25.6,27.74,-2.27,-2.1,-0.17,长鸿高科,化学原料和化学制品制造业,主板,18.725000000000026,19.091249999999995,18.934999999999985,20.898125000000007,25.340212765957467
605008,2021-06-07,18.4,18.69,18.84,18.4,18.55,17332.4,32343200.0,18.72,18.96,21.57949999999999,23.53,25.46,28.91,-2.2,-2.12,-0.08,长鸿高科,化学原料和化学制品制造业,主板,18.547500000000028,18.928749999999994,18.870833333333316,20.380000000000006,25.175106382978743
605008,2021-06-08,18.69,18.44,18.8,18.34,18.69,19882.4,36789000.0,18.53,18.99,21.19849999999999,23.19,25.31,28.04,-2.14,-2.12,-0.02,长鸿高科,化学原料和化学制品制造业,主板,18.52750000000003,18.796249999999993,18.84916666666665,19.847500000000007,25.001914893617045
605008,2021-06-09,18.62,18.47,18.62,18.3,18.44,14439.2,26597200.0,18.52,18.83,20.799999999999986,22.86,25.16,28.32,-2.07,-2.11,0.04,长鸿高科,化学原料和化学制品制造业,主板,18.53750000000003,18.711249999999993,18.874999999999982,19.325625000000006,24.825106382978746
605008,2021-06-10,18.42,18.58,18.6,18.2,18.47,20410.0,37557900.0,18.55,18.74,20.427499999999988,22.55,25.02,29.4,-1.98,-2.09,0.11,长鸿高科,化学原料和化学制品制造业,主板,18.54500000000003,18.63499999999999,18.90916666666665,18.837500000000006,24.661063829787256
605008,2021-06-11,18.76,19.01,19.2,18.63,18.58,40147.4,76056300.0,18.64,18.73,20.028999999999986,22.27,24.9,33.63,-1.85,-2.04,0.19,长鸿高科,化学原料和化学制品制造业,主板,18.625000000000032,18.58624999999999,18.827499999999983,18.809375000000006,24.509148936170234
605008,2021-06-15,18.8,18.51,19.0,18.28,19.01,24924.0,46166000.0,18.6,18.66,19.606499999999986,21.97,24.78,31.29,-1.77,-1.99,0.22,长鸿高科,化学原料和化学制品制造业,主板,18.642500000000034,18.584999999999987,18.74499999999998,18.797500000000007,24.34744680851066
605008,2021-06-16,18.37,18.26,18.5,18.0,18.51,19541.4,35524900.0,18.57,18.55,19.178499999999985,21.68,24.64,30.15,-1.71,-1.93,0.22,长鸿高科,化学原料和化学制品制造业,主板,18.590000000000035,18.563749999999985,18.670833333333313,18.803750000000004,24.173191489361724
605008,2021-06-17,18.21,18.36,18.38,18.13,18.26,12043.9,22029100.0,18.54,18.53,18.776999999999987,21.36,24.49,31.23,-1.64,-1.87,0.23,长鸿高科,化学原料和化学制品制造业,主板,18.535000000000036,18.539999999999985,18.601666666666645,18.815625000000004,23.96680851063832
605008,2021-06-18,18.33,18.75,18.97,18.08,18.36,26905.1,50227200.0,18.58,18.56,18.741499999999988,21.1,24.36,35.39,-1.52,-1.8,0.28,长鸿高科,化学原料和化学制品制造业,主板,18.470000000000034,18.547499999999985,18.547499999999978,18.738125000000004,23.75744680851066
605008,2021-06-21,18.64,18.51,18.74,18.23,18.75,25086.0,46319100.0,18.48,18.56,18.73199999999999,20.82,24.23,34.03,-1.44,-1.73,0.29,长鸿高科,化学原料和化学制品制造业,主板,18.470000000000034,18.556249999999984,18.546666666666642,18.676250000000003,23.548085106383002
605008,2021-06-22,18.69,18.55,18.69,18.36,18.51,12682.7,23501700.0,18.49,18.54,18.751499999999986,20.57,24.12,34.48,-1.35,-1.65,0.3,长鸿高科,化学原料和化学制品制造业,主板,18.542500000000032,18.566249999999986,18.556666666666644,18.638750000000005,23.312765957446835
605008,2021-06-23,18.55,18.64,18.7,18.35,18.55,19904.2,36749000.0,18.56,18.56,18.774999999999984,20.32,24.01,35.56,-1.26,-1.57,0.31,长鸿高科,化学原料和化学制品制造业,主板,18.612500000000033,18.57374999999999,18.56416666666664,18.604375000000005,23.098723404255345
605008,2021-06-24,18.53,18.86,19.16,18.4,18.64,25519.2,47869800.0,18.66,18.6,18.718499999999985,20.07,23.88,38.22,-1.16,-1.49,0.33,长鸿高科,化学原料和化学制品制造业,主板,18.640000000000033,18.554999999999993,18.57833333333331,18.570625000000007,22.88893617021279
605008,2021-06-25,18.67,18.71,18.86,18.53,18.86,17538.8,32719800.0,18.65,18.62,18.678999999999984,19.82,23.75,37.1,-1.08,-1.41,0.33,长鸿高科,化学原料和化学制品制造业,主板,18.69000000000003,18.579999999999995,18.60083333333331,18.582500000000007,22.670000000000023
605008,2021-06-28,18.59,18.52,18.73,18.45,18.71,12935.2,24014200.0,18.66,18.57,18.647499999999987,19.54,23.61,35.66,-1.02,-1.33,0.31,长鸿高科,化学原料和化学制品制造业,主板,18.68250000000003,18.612499999999997,18.60499999999998,18.588125000000005,22.44765957446811
605008,2021-06-29,18.5,19.06,19.1,18.4,18.52,34397.6,64675900.0,18.76,18.62,18.640999999999984,19.28,23.48,42.47,-0.92,-1.25,0.33,长鸿高科,化学原料和化学制品制造业,主板,18.78750000000003,18.699999999999996,18.64499999999998,18.620000000000005,22.19702127659577
605008,2021-06-30,19.11,19.14,19.79,18.91,19.06,38736.2,74714300.0,18.86,18.71,18.627999999999986,19.02,23.37,43.43,-0.82,-1.16,0.34,长鸿高科,化学原料和化学制品制造业,主板,18.85750000000003,18.748749999999994,18.65583333333331,18.648125000000004,21.98106382978726
605008,2021-07-01,19.14,19.24,19.58,18.75,19.14,36455.8,70219300.0,18.93,18.8,18.663999999999987,18.78,23.25,44.66,-0.73,-1.08,0.35,长鸿高科,化学原料和化学制品制造业,主板,18.99000000000003,18.839999999999996,18.716666666666644,18.698125000000005,21.778297872340453
605008,2021-07-02,19.02,18.88,19.43,18.83,19.24,22328.7,42407100.0,18.97,18.81,18.686499999999988,18.76,23.13,41.17,-0.67,-1.0,0.33,长鸿高科,化学原料和化学制品制造业,主板,19.08000000000003,18.881249999999994,18.768333333333313,18.723750000000003,21.567659574468117
605008,2021-07-05,18.89,19.0,19.24,18.76,18.88,18692.2,35567500.0,19.06,18.86,18.708999999999985,18.77,23.01,42.78,-0.61,-0.92,0.31,长鸿高科,化学原料和化学制品制造业,主板,19.06500000000003,18.926249999999996,18.821666666666644,18.750000000000004,21.368297872340456
605008,2021-07-06,19.15,18.88,19.19,18.66,19.0,17924.9,33932400.0,19.03,18.89,18.718499999999985,18.8,22.85,41.56,-0.57,-0.85,0.28,长鸿高科,化学原料和化学制品制造业,主板,19.00000000000003,18.928749999999994,18.83249999999998,18.741875000000004,21.17829787234046
605008,2021-07-07,19.04,19.3,19.5,18.81,18.88,25700.8,49344200.0,19.06,18.96,18.761499999999987,18.84,22.7,47.24,-0.5,-0.78,0.28,长鸿高科,化学原料和化学制品制造业,主板,19.01500000000003,19.002499999999994,18.898333333333312,18.791250000000005,21.006382978723433
605008,2021-07-08,19.27,20.56,20.85,19.16,19.3,80609.6,162987000.0,19.32,19.13,18.865999999999985,18.86,22.57,59.84,-0.33,-0.69,0.36,长鸿高科,化学原料和化学制品制造业,主板,19.43500000000003,19.257499999999993,19.065833333333313,18.935000000000006,20.859574468085135
605008,2021-07-09,20.35,20.73,20.74,20.01,20.56,47885.4,98000900.0,19.69,19.33,18.973499999999987,18.9,22.42,61.19,-0.19,-0.59,0.4,长鸿高科,化学原料和化学制品制造业,主板,19.86750000000003,19.46624999999999,19.239999999999977,19.083125000000006,20.722978723404285
605008,2021-07-12,20.65,20.61,21.08,20.25,20.73,39666.1,81365300.0,20.02,19.54,19.05349999999999,18.94,22.29,59.67,-0.08,-0.49,0.41,长鸿高科,化学原料和化学制品制造业,主板,20.300000000000033,19.64999999999999,19.38583333333331,19.199375000000007,20.571063829787263
605008,2021-07-13,20.51,20.65,20.79,20.28,20.61,26116.9,53513200.0,20.37,19.7,19.16049999999999,18.99,22.15,60.02,0.01,-0.39,0.4,长鸿高科,化学原料和化学制品制造业,主板,20.637500000000035,19.82624999999999,19.547499999999975,19.333125000000006,20.441063829787264
605008,2021-07-14,20.64,21.1,21.73,20.46,20.65,58500.9,124838000.0,20.73,19.9,19.302499999999988,19.05,22.02,63.9,0.11,-0.29,0.4,长鸿高科,化学原料和化学制品制造业,主板,20.772500000000036,20.10374999999999,19.762499999999974,19.492500000000007,20.32063829787237
605008,2021-07-15,21.11,21.61,21.89,20.89,21.1,52169.5,112380000.0,20.94,20.13,19.46499999999999,19.15,21.9,67.71,0.23,-0.18,0.41,长鸿高科,化学原料和化学制品制造业,主板,20.992500000000035,20.429999999999993,19.974999999999977,19.67812500000001,20.223829787234074
605008,2021-07-16,21.61,21.2,21.66,21.02,21.61,40900.0,86998800.0,21.03,20.36,19.587499999999988,19.25,21.74,62.03,0.29,-0.09,0.38,长鸿高科,化学原料和化学制品制造业,主板,21.140000000000036,20.71999999999999,20.146666666666643,19.824375000000007,20.120425531914925
605008,2021-07-19,21.19,19.72,21.19,19.6,21.2,59782.5,120513000.0,20.86,20.44,19.64799999999999,19.28,21.58,46.79,0.22,-0.03,0.25,长鸿高科,化学原料和化学制品制造业,主板,20.907500000000034,20.77249999999999,20.18666666666664,19.887500000000006,19.97744680851067
605008,2021-07-20,19.72,19.61,20.29,19.16,19.72,37204.4,72668200.0,20.65,20.51,19.70099999999999,19.32,21.42,45.89,0.15,0.01,0.14,长鸿高科,化学原料和化学制品制造业,主板,20.535000000000032,20.653749999999988,20.247499999999974,19.95562500000001,19.84085106382982
605008,2021-07-21,19.48,19.83,19.86,19.48,19.61,26870.0,52868800.0,20.39,20.56,19.76049999999999,19.36,21.27,48.04,0.11,0.03,0.08,长鸿高科,化学原料和化学制品制造业,主板,20.090000000000032,20.541249999999987,20.316666666666638,20.003750000000007,19.688723404255352
605008,2021-07-22,19.85,19.55,20.08,19.43,19.83,27002.0,53083400.0,19.98,20.46,19.79499999999999,19.4,21.13,45.55,0.06,0.03,0.03,长鸿高科,化学原料和化学制品制造业,主板,19.67750000000003,20.40874999999999,20.372499999999974,20.02937500000001,19.531063829787268
605008,2021-07-23,19.61,18.94,19.73,18.82,19.55,31156.6,59729600.0,19.53,20.28,19.806499999999993,19.41,20.98,40.61,-0.03,0.02,-0.05,长鸿高科,化学原料和化学制品制造业,主板,19.48250000000003,20.19499999999999,20.342499999999973,20.010625000000008,19.363404255319182
605008,2021-07-26,18.52,18.74,19.56,18.5,18.94,25572.8,48494500.0,19.33,20.1,19.817499999999992,19.4,20.84,39.12,-0.13,-0.01,-0.12,长鸿高科,化学原料和化学制品制造业,主板,19.26500000000003,19.89999999999999,20.190833333333305,20.00187500000001,19.200638297872374
605008,2021-07-27,18.82,18.03,19.19,17.99,18.74,32487.8,60418100.0,19.02,19.83,19.765999999999995,19.38,20.68,34.28,-0.24,-0.05,-0.19,长鸿高科,化学原料和化学制品制造业,主板,18.81500000000003,19.452499999999993,19.96583333333331,19.94125000000001,19.17021276595748
605008,2021-07-28,17.96,16.99,17.99,16.98,18.03,36428.4,62837400.0,18.45,19.42,19.658499999999997,19.34,20.51,28.69,-0.42,-0.13,-0.29,长鸿高科,化学原料和化学制品制造业,主板,18.17500000000003,18.926249999999996,19.66416666666664,19.82312500000001,19.133829787234074
605008,2021-07-29,17.08,17.26,17.5,16.99,16.99,19932.2,34370800.0,17.99,18.99,19.559499999999993,19.31,20.33,31.8,-0.54,-0.21,-0.33,长鸿高科,化学原料和化学制品制造业,主板,17.75500000000003,18.618749999999995,19.38166666666664,19.69562500000001,19.11468085106386
605008,2021-07-30,17.26,17.38,17.55,17.19,17.26,14995.0,26008100.0,17.68,18.6,19.484499999999993,19.26,20.18,33.19,-0.61,-0.29,-0.32,长鸿高科,化学原料和化学制品制造业,主板,17.41500000000003,18.339999999999996,19.07166666666664,19.49687500000001,19.097872340425564
605008,2021-08-02,17.5,17.87,17.96,17.15,17.38,18229.5,32258100.0,17.51,18.42,19.427999999999994,19.24,20.03,38.71,-0.62,-0.36,-0.26,长鸿高科,化学原料和化学制品制造业,主板,17.375000000000032,18.095,18.759999999999973,19.31812500000001,19.05276595744684
605008,2021-08-03,17.98,18.03,18.58,17.87,17.87,23162.8,42229800.0,17.51,18.26,19.385499999999997,19.22,19.89,40.43,-0.61,-0.41,-0.2,长鸿高科,化学原料和化学制品制造业,主板,17.635000000000034,17.904999999999998,18.495833333333305,19.156875000000007,19.02148936170216
605008,2021-08-04,18.06,18.05,18.26,17.81,18.03,14833.0,26680900.0,17.72,18.08,19.322999999999997,19.2,19.76,40.66,-0.59,-0.44,-0.15,长鸿高科,化学原料和化学制品制造业,主板,17.83250000000003,17.79375,18.35666666666664,18.99437500000001,18.99808510638301
605008,2021-08-05,18.05,17.98,18.3,17.82,18.05,12588.0,22540400.0,17.86,17.93,19.193999999999996,19.17,19.62,40.09,-0.57,-0.47,-0.1,长鸿高科,化学原料和化学制品制造业,主板,17.982500000000034,17.698749999999997,18.220833333333307,18.79937500000001,18.972340425531947
605008,2021-08-06,18.03,17.94,18.12,17.81,17.98,11067.4,19788600.0,17.97,17.83,19.054499999999997,19.15,19.49,39.75,-0.56,-0.49,-0.07,长鸿高科,化学原料和化学制品制造业,主板,18.000000000000032,17.687499999999996,18.063333333333308,18.570000000000007,18.941276595744714
605008,2021-08-09,17.95,17.93,18.04,17.7,17.94,10289.7,18371000.0,17.99,17.75,18.920499999999997,19.13,19.33,39.65,-0.54,-0.5,-0.04,长鸿高科,化学原料和化学制品制造业,主板,17.97500000000003,17.804999999999996,17.92833333333331,18.36562500000001,18.92872340425535
605008,2021-08-10,17.94,18.26,18.47,17.84,17.93,12648.8,23062800.0,18.03,17.77,18.800999999999995,19.1,19.19,44.22,-0.49,-0.5,0.01,长鸿高科,化学原料和化学制品制造业,主板,18.027500000000032,17.929999999999996,17.87166666666664,18.274375000000006,18.925106382978754
605008,2021-08-11,18.38,18.4,18.63,18.03,18.26,22297.6,40894300.0,18.1,17.91,18.665999999999993,19.08,19.05,46.08,-0.44,-0.48,0.04,长鸿高科,化学原料和化学制品制造业,主板,18.132500000000032,18.057499999999997,17.84333333333331,18.198750000000004,18.921914893617053
605008,2021-08-12,18.69,18.21,18.69,18.13,18.4,17355.8,31758300.0,18.15,18.01,18.49599999999999,19.04,18.91,43.94,-0.41,-0.47,0.06,长鸿高科,化学原料和化学制品制造业,主板,18.20000000000003,18.099999999999998,17.85833333333331,18.097500000000004,18.911702127659606
605008,2021-08-13,18.21,18.06,18.28,18.01,18.21,14787.8,26759900.0,18.17,18.07,18.33899999999999,19.01,18.89,42.26,-0.39,-0.45,0.06,长鸿高科,化学原料和化学制品制造业,主板,18.23250000000003,18.103749999999998,17.947499999999973,18.004375000000003,18.903617021276624
605008,2021-08-16,17.78,17.77,18.05,17.0,18.06,20918.2,36935200.0,18.14,18.06,18.24149999999999,18.97,18.87,39.16,-0.4,-0.44,0.04,长鸿高科,化学原料和化学制品制造业,主板,18.110000000000028,18.068749999999998,17.989999999999977,17.931250000000002,18.888723404255348
605008,2021-08-17,17.77,17.24,17.88,17.15,17.77,24122.1,41848600.0,17.94,17.98,18.12299999999999,18.92,18.86,34.21,-0.44,-0.44,0.0,长鸿高科,化学原料和化学制品制造业,主板,17.82000000000003,17.97625,17.97833333333331,17.837500000000002,18.860212765957474
605008,2021-08-18,17.02,16.26,17.24,16.13,17.24,41610.2,68826100.0,17.51,17.8,17.94449999999999,18.82,18.83,27.34,-0.55,-0.46,-0.09,长鸿高科,化学原料和化学制品制造业,主板,17.33250000000003,17.76625,17.84416666666664,17.726875,18.801702127659603
605008,2021-08-19,16.26,16.34,16.52,16.1,16.26,15300.9,25024700.0,17.13,17.64,17.78399999999999,18.68,18.77,28.6,-0.61,-0.49,-0.12,长鸿高科,化学原料和化学制品制造业,主板,16.902500000000032,17.5675,17.70333333333331,17.686249999999998,18.755531914893645
605008,2021-08-20,16.45,15.87,16.45,15.4,16.34,25666.2,40774400.0,16.7,17.43,17.63049999999999,18.51,18.71,25.77,-0.71,-0.54,-0.17,长鸿高科,化学原料和化学制品制造业,主板,16.427500000000034,17.26875,17.521666666666643,17.599375,18.70468085106386
605008,2021-08-23,15.9,16.86,17.27,15.9,15.87,42207.6,70395300.0,16.51,17.33,17.53649999999999,18.39,18.67,39.38,-0.68,-0.57,-0.11,长鸿高科,化学原料和化学制品制造业,主板,16.332500000000035,17.076249999999998,17.42833333333331,17.566875,18.67276595744684
605008,2021-08-24,16.88,17.16,18.07,16.88,16.86,43961.5,77083400.0,16.5,17.22,17.492999999999988,18.27,18.63,42.8,-0.64,-0.58,-0.06,长鸿高科,化学原料和化学制品制造业,主板,16.557500000000033,16.944999999999997,17.363333333333312,17.5225,18.638936170212794
605008,2021-08-25,17.18,16.79,17.45,16.7,17.16,30305.8,51070800.0,16.6,17.06,17.48299999999999,18.13,18.59,39.82,-0.62,-0.59,-0.03,长鸿高科,化学原料和化学制品制造业,主板,16.67000000000003,16.786249999999995,17.26833333333331,17.445,18.602340425531942
605008,2021-08-26,16.79,16.45,16.9,16.42,16.79,19014.9,31527700.0,16.63,16.88,17.44249999999999,17.96,18.56,37.24,-0.63,-0.6,-0.03,长鸿高科,化学原料和化学制品制造业,主板,16.81500000000003,16.621249999999993,17.117499999999975,17.345,18.557659574468115
605008,2021-08-27,16.4,16.32,16.62,16.0,16.45,21272.4,34642300.0,16.72,16.71,17.38949999999999,17.79,18.52,36.28,-0.64,-0.61,-0.03,长鸿高科,化学原料和化学制品制造业,主板,16.68000000000003,16.50624999999999,16.944166666666643,17.241249999999997,18.508297872340457
605008,2021-08-30,16.78,15.95,16.78,15.89,16.32,32600.4,52692400.0,16.53,16.52,17.293499999999987,17.67,18.48,33.61,-0.67,-0.62,-0.05,长鸿高科,化学原料和化学制品制造业,主板,16.377500000000033,16.46749999999999,16.755833333333307,17.116874999999997,18.446382978723435
605008,2021-08-31,15.7,15.24,15.95,15.1,15.95,39083.4,60224100.0,16.15,16.32,17.15399999999999,17.52,18.42,29.18,-0.75,-0.64,-0.11,长鸿高科,化学原料和化学制品制造业,主板,15.990000000000032,16.32999999999999,16.520833333333307,16.948749999999997,18.37255319148939
605008,2021-09-01,15.29,14.88,15.31,14.84,15.24,41463.1,62056400.0,15.77,16.19,16.99549999999999,17.36,18.36,27.22,-0.82,-0.68,-0.14,长鸿高科,化学原料和化学制品制造业,主板,15.597500000000032,16.20624999999999,16.279999999999973,16.737499999999997,18.295106382978755
605008,2021-09-02,14.9,14.54,14.9,14.45,14.88,36406.6,53110700.0,15.39,16.01,16.82349999999999,17.19,18.29,25.48,-0.9,-0.72,-0.18,长鸿高科,化学原料和化学制品制造业,主板,15.15250000000003,15.91624999999999,16.05499999999997,16.49625,18.198936170212797
605008,2021-09-03,14.45,14.49,14.99,14.37,14.54,45475.5,66418100.0,15.02,15.87,16.65099999999999,17.04,18.23,25.22,-0.95,-0.77,-0.18,长鸿高科,化学原料和化学制品制造业,主板,14.78750000000003,15.582499999999989,15.907499999999972,16.26375,18.100000000000033
605008,2021-09-06,14.52,14.6,14.65,14.45,14.49,38679.2,56205200.0,14.75,15.64,16.48449999999999,16.9,18.15,26.96,-0.97,-0.81,-0.16,长鸿高科,化学原料和化学制品制造业,主板,14.627500000000028,15.30874999999999,15.762499999999973,16.047500000000003,18.001276595744713
605008,2021-09-07,14.75,15.27,15.28,14.7,14.6,81689.5,123294000.0,14.76,15.45,16.33499999999999,16.81,18.1,36.61,-0.93,-0.83,-0.1,长鸿高科,化学原料和化学制品制造业,主板,14.725000000000028,15.16124999999999,15.712499999999972,15.891250000000001,17.924468085106415
605008,2021-09-08,15.22,15.07,15.22,14.85,15.27,53472.4,80201900.0,14.79,15.28,16.16849999999999,16.75,18.05,35.12,-0.9,-0.85,-0.05,长鸿高科,化学原料和化学制品制造业,主板,14.857500000000028,15.004999999999992,15.563333333333304,15.755625000000002,17.84085106382982
605008,2021-09-09,14.96,15.07,15.19,14.91,15.07,29737.1,44717300.0,14.9,15.14,16.01149999999999,16.68,17.99,35.12,-0.86,-0.85,-0.01,长鸿高科,化学原料和化学制品制造业,主板,15.002500000000028,14.89499999999999,15.389166666666638,15.681250000000002,17.759787234042587
605008,2021-09-10,15.07,15.46,15.56,14.95,15.07,45512.0,69647900.0,15.09,15.06,15.881499999999992,16.61,17.94,40.59,-0.79,-0.84,0.05,长鸿高科,化学原料和化学制品制造业,主板,15.217500000000028,14.92249999999999,15.278333333333306,15.62625,17.678085106383016
605008,2021-09-13,15.65,15.39,15.78,15.33,15.46,37791.6,58624200.0,15.25,15.0,15.762499999999992,16.53,17.88,39.94,-0.74,-0.82,0.08,长鸿高科,化学原料和化学制品制造业,主板,15.247500000000027,14.986249999999991,15.189999999999975,15.596250000000001,17.568085106383016
605008,2021-09-14,15.41,15.06,15.44,15.01,15.39,29740.9,45034900.0,15.21,14.98,15.65349999999999,16.43,17.83,36.93,-0.71,-0.8,0.09,长鸿高科,化学原料和化学制品制造业,主板,15.245000000000028,15.051249999999992,15.084999999999974,15.48375,17.447446808510673
605008,2021-09-15,15.14,15.36,15.41,15.07,15.06,26014.6,39694000.0,15.27,15.03,15.608499999999992,16.34,17.77,41.26,-0.66,-0.77,0.11,长鸿高科,化学原料和化学制品制造业,主板,15.31750000000003,15.159999999999991,15.03583333333331,15.371250000000002,17.3357446808511
605008,2021-09-16,15.42,15.57,16.23,15.42,15.36,53678.6,84953200.0,15.37,15.13,15.569999999999993,16.26,17.72,44.15,-0.6,-0.74,0.14,长鸿高科,化学原料和化学制品制造业,主板,15.345000000000029,15.281249999999993,15.06333333333331,15.295000000000003,17.227659574468124
605008,2021-09-17,15.58,15.22,15.58,14.92,15.57,35474.4,53812600.0,15.32,15.21,15.537499999999994,16.17,17.66,40.57,-0.56,-0.7,0.14,长鸿高科,化学原料和化学制品制造业,主板,15.30250000000003,15.274999999999993,15.091666666666642,15.218125000000004,17.1025531914894
605008,2021-09-22,15.0,14.98,15.2,14.88,15.22,17723.8,26584300.0,15.24,15.24,15.443499999999995,16.07,17.6,38.27,-0.55,-0.67,0.12,长鸿高科,化学原料和化学制品制造业,主板,15.28250000000003,15.263749999999995,15.128333333333309,15.134375000000006,16.961489361702164
605008,2021-09-23,15.14,15.04,15.25,15.0,14.98,15123.0,22815200.0,15.23,15.22,15.337499999999995,15.96,17.53,39.2,-0.53,-0.64,0.11,长鸿高科,化学原料和化学制品制造业,主板,15.202500000000033,15.259999999999994,15.174166666666641,15.077500000000008,16.83042553191493
605008,2021-09-24,15.04,14.87,15.06,14.84,15.04,16953.8,25259900.0,15.14,15.2,15.241499999999993,15.85,17.46,37.48,-0.53,-0.62,0.09,长鸿高科,化学原料和化学制品制造业,主板,15.027500000000034,15.186249999999994,15.196666666666642,15.054375000000007,16.727234042553228
605008,2021-09-27,14.6,14.53,14.85,14.43,14.87,22475.1,32830300.0,14.93,15.15,15.145499999999993,15.72,17.38,34.26,-0.54,-0.6,0.06,长鸿高科,化学原料和化学制品制造业,主板,14.855000000000032,15.078749999999994,15.134999999999975,15.032500000000008,16.619148936170248
605008,2021-09-28,14.52,14.31,14.53,14.26,14.53,17838.3,25664100.0,14.75,15.03,15.044999999999993,15.6,17.31,32.32,-0.56,-0.6,0.04,长鸿高科,化学原料和化学制品制造业,主板,14.687500000000032,14.984999999999992,15.071666666666642,15.018125000000008,16.501702127659605
605008,2021-09-29,14.31,13.8,14.35,13.8,14.31,19158.4,26678100.0,14.51,14.87,14.937499999999995,15.47,17.22,28.31,-0.61,-0.6,-0.01,长鸿高科,化学原料和化学制品制造业,主板,14.377500000000031,14.789999999999994,14.96583333333331,14.975000000000009,16.379361702127692
605008,2021-09-30,13.79,13.82,13.9,13.68,13.8,17184.8,23666000.0,14.27,14.75,14.866499999999993,15.35,17.14,28.69,-0.65,-0.61,-0.04,长鸿高科,化学原料和化学制品制造业,主板,14.115000000000032,14.571249999999996,14.829166666666643,14.926250000000008,16.270425531914928
605008,2021-10-08,13.97,14.12,14.25,13.9,13.82,16578.2,23299400.0,14.12,14.63,14.828499999999995,15.28,17.05,34.22,-0.64,-0.61,-0.03,长鸿高科,化学原料和化学制品制造业,主板,14.012500000000031,14.433749999999996,14.72333333333331,14.854375000000008,16.1721276595745
605008,2021-10-11,14.17,14.15,14.25,14.0,14.12,12108.9,17098100.0,14.04,14.48,14.808999999999992,15.21,16.94,34.76,-0.63,-0.62,-0.01,长鸿高科,化学原料和化学制品制造业,主板,13.972500000000032,14.329999999999997,14.647499999999978,14.796875000000009,16.08957446808514
605008,2021-10-12,14.12,14.0,14.14,13.6,14.15,20483.0,28413100.0,13.98,14.36,14.78449999999999,15.15,16.83,33.28,-0.63,-0.62,-0.01,长鸿高科,化学原料和化学制品制造业,主板,14.022500000000033,14.2,14.534166666666644,14.73000000000001,16.025957446808544
605008,2021-10-13,13.99,14.0,14.06,13.83,14.0,8625.2,12023000.0,14.02,14.26,14.75449999999999,15.05,16.72,33.28,-0.61,-0.62,0.01,长鸿高科,化学原料和化学制品制造业,主板,14.067500000000033,14.091249999999999,14.403333333333313,14.638750000000009,15.956595744680884
605008,2021-10-14,14.07,13.94,14.09,13.92,14.0,11276.0,15775000.0,14.04,14.15,14.687999999999992,14.94,16.61,32.63,-0.6,-0.61,0.01,长鸿高科,化学原料和化学制品制造业,主板,14.022500000000035,14.017499999999998,14.296666666666646,14.54812500000001,15.883404255319183
605008,2021-10-15,13.99,14.25,14.25,13.7,13.94,17599.2,24697400.0,14.07,14.09,14.646999999999991,14.86,16.49,39.2,-0.55,-0.6,0.05,长鸿高科,化学原料和化学制品制造业,主板,14.047500000000037,14.009999999999998,14.235833333333312,14.49750000000001,15.806382978723438
605008,2021-10-18,14.26,14.26,14.55,14.25,14.25,16252.4,23324200.0,14.09,14.07,14.606499999999992,14.79,16.37,39.41,-0.52,-0.59,0.07,长鸿高科,化学原料和化学制品制造业,主板,14.112500000000036,14.067499999999999,14.170833333333313,14.428750000000008,15.726170212765991
605008,2021-10-19,14.25,14.27,14.45,14.16,14.26,12047.0,17229800.0,14.14,14.06,14.546999999999992,14.72,16.26,39.63,-0.48,-0.56,0.08,长鸿高科,化学原料和化学制品制造业,主板,14.180000000000035,14.123749999999998,14.120833333333314,14.347500000000009,15.645744680851099
605008,2021-10-20,14.44,14.38,14.47,14.21,14.27,13455.6,19293900.0,14.22,14.12,14.496499999999992,14.66,16.17,42.11,-0.43,-0.54,0.11,长鸿高科,化学原料和化学制品制造业,主板,14.290000000000035,14.156249999999996,14.108333333333313,14.295000000000009,15.569148936170247
605008,2021-10-21,14.43,14.51,14.77,14.43,14.38,18423.2,26844900.0,14.33,14.19,14.46899999999999,14.64,16.08,44.99,-0.39,-0.51,0.12,长鸿高科,化学原料和化学制品制造业,主板,14.355000000000036,14.201249999999996,14.124999999999979,14.265625000000009,15.49617021276599
605008,2021-10-22,14.63,14.44,14.65,14.31,14.51,15207.0,21970600.0,14.37,14.22,14.422999999999991,14.63,15.99,43.73,-0.35,-0.48,0.13,长鸿高科,化学原料和化学制品制造业,主板,14.400000000000036,14.256249999999998,14.178333333333311,14.22812500000001,15.421914893617055
605008,2021-10-25,14.45,14.51,14.65,14.45,14.44,15840.0,23044100.0,14.42,14.26,14.36999999999999,14.62,15.91,45.38,-0.31,-0.44,0.13,长鸿高科,化学原料和化学制品制造业,主板,14.460000000000036,14.319999999999997,14.23583333333331,14.205625000000008,15.342127659574503
605008,2021-10-26,14.51,14.23,14.58,14.14,14.51,15499.6,22173000.0,14.41,14.28,14.32049999999999,14.62,15.83,40.29,-0.3,-0.41,0.11,长鸿高科,化学原料和化学制品制造业,主板,14.422500000000037,14.356249999999996,14.244999999999976,14.186875000000008,15.253404255319184
605008,2021-10-27,14.23,13.99,14.24,13.85,14.23,13932.8,19487600.0,14.34,14.28,14.27099999999999,14.6,15.75,36.51,-0.31,-0.39,0.08,长鸿高科,化学原料和化学制品制造业,主板,14.292500000000038,14.323749999999997,14.231666666666642,14.166875000000008,15.16361702127663
605008,2021-10-28,13.97,13.64,14.06,13.6,13.99,13976.3,19197600.0,14.16,14.25,14.200999999999988,14.54,15.68,31.82,-0.34,-0.38,0.04,长鸿高科,化学原料和化学制品制造业,主板,14.092500000000037,14.246249999999995,14.201666666666645,14.156875000000007,15.069574468085142
605008,2021-10-29,13.65,14.06,14.26,13.65,13.64,17797.4,24986800.0,14.09,14.23,14.160499999999988,14.51,15.63,41.53,-0.32,-0.37,0.05,长鸿高科,化学原料和化学制品制造业,主板,13.980000000000038,14.219999999999994,14.206666666666644,14.171875000000007,14.990638297872376
605008,2021-11-01,14.25,14.92,15.2,14.15,14.06,50513.2,74804400.0,14.17,14.29,14.179999999999989,14.5,15.59,55.49,-0.24,-0.34,0.1,长鸿高科,化学原料和化学制品制造业,主板,14.152500000000035,14.287499999999994,14.288333333333311,14.221875000000006,14.941276595744714
605008,2021-11-02,14.92,14.86,15.01,14.64,14.92,25202.0,37353600.0,14.29,14.35,14.20749999999999,14.48,15.55,54.51,-0.17,-0.31,0.14,长鸿高科,化学原料和化学制品制造业,主板,14.370000000000035,14.331249999999995,14.339166666666642,14.266250000000005,14.911489361702163
605008,2021-11-03,14.85,15.27,15.46,14.8,14.86,35198.6,53526800.0,14.55,14.44,14.280999999999988,14.48,15.5,59.74,-0.09,-0.27,0.18,长鸿高科,化学原料和化学制品制造业,主板,14.777500000000035,14.434999999999995,14.42333333333331,14.345625000000005,14.888723404255353
605008,2021-11-04,15.27,15.21,15.42,15.09,15.27,19526.8,29686100.0,14.86,14.51,14.350499999999988,14.48,15.46,58.68,-0.03,-0.22,0.19,长鸿高科,化学原料和化学制品制造业,主板,15.065000000000033,14.522499999999996,14.501666666666644,14.421250000000006,14.874680851063864
605008,2021-11-05,15.23,15.21,15.4,15.08,15.21,24198.6,36851500.0,15.09,14.59,14.404999999999987,14.48,15.41,58.68,0.02,-0.17,0.19,长鸿高科,化学原料和化学制品制造业,主板,15.137500000000035,14.644999999999994,14.570833333333312,14.500625000000007,14.839574468085141
605008,2021-11-08,15.21,14.93,15.26,14.85,15.21,17653.2,26407200.0,15.1,14.63,14.443999999999988,14.46,15.36,53.53,0.04,-0.13,0.17,长鸿高科,化学原料和化学制品制造业,主板,15.155000000000033,14.762499999999994,14.605833333333313,14.543125000000007,14.792127659574502
605008,2021-11-09,15.0,15.1,15.23,14.75,14.93,20653.6,30938100.0,15.14,14.72,14.49899999999999,14.45,15.31,56.05,0.06,-0.09,0.15,长鸿高科,化学原料和化学制品制造业,主板,15.112500000000033,14.944999999999995,14.660833333333313,14.595625000000007,14.756170212765992
605008,2021-11-10,15.11,15.21,15.48,15.0,15.1,24304.4,37138200.0,15.13,14.84,14.55949999999999,14.46,15.27,57.65,0.09,-0.05,0.14,长鸿高科,化学原料和化学制品制造业,主板,15.112500000000034,15.088749999999994,14.719166666666647,14.654375000000007,14.729787234042588
605008,2021-11-11,15.41,15.05,15.41,14.98,15.21,16594.6,25119700.0,15.1,14.98,14.61499999999999,14.46,15.21,54.54,0.1,-0.02,0.12,长鸿高科,化学原料和化学制品制造业,主板,15.072500000000035,15.104999999999995,14.787499999999982,14.696250000000008,14.702765957446841
605008,2021-11-12,14.65,14.85,14.95,14.31,15.05,35123.9,51402100.0,15.03,15.06,14.64499999999999,14.46,15.15,50.84,0.09,0.0,0.09,长鸿高科,化学原料和化学制品制造业,主板,15.052500000000036,15.103749999999996,14.859166666666647,14.717500000000008,14.679361702127693
605008,2021-11-15,14.75,15.31,15.37,14.72,14.85,39024.5,59103100.0,15.1,15.1,14.697499999999991,14.49,15.11,57.91,0.11,0.02,0.09,长鸿高科,化学原料和化学制品制造业,主板,15.105000000000034,15.108749999999995,14.998333333333315,14.771875000000009,14.680851063829818
605008,2021-11-16,15.5,15.15,15.5,15.11,15.31,20720.2,31611500.0,15.11,15.13,14.741499999999991,14.51,15.06,54.95,0.12,0.04,0.08,长鸿高科,化学原料和化学制品制造业,主板,15.090000000000034,15.101249999999993,15.08916666666665,14.81187500000001,14.686595744680883
605008,2021-11-17,15.0,15.21,15.31,14.99,15.15,14452.6,21908900.0,15.11,15.12,14.78299999999999,14.56,15.01,55.86,0.14,0.06,0.08,长鸿高科,化学原料和化学制品制造业,主板,15.130000000000035,15.101249999999993,15.113333333333317,14.87312500000001,14.70085106382982
605008,2021-11-18,15.17,15.41,15.72,15.17,15.21,29295.8,45309800.0,15.19,15.14,14.827999999999992,14.61,14.98,58.85,0.16,0.08,0.08,长鸿高科,化学原料和化学制品制造业,主板,15.270000000000033,15.161249999999992,15.15916666666665,14.96187500000001,14.720425531914925
605008,2021-11-19,15.41,16.76,16.9,15.36,15.41,88558.5,144658000.0,15.57,15.3,14.943999999999992,14.7,14.99,72.41,0.28,0.12,0.16,长鸿高科,化学原料和化学制品制造业,主板,15.632500000000032,15.368749999999991,15.283333333333315,15.15687500000001,14.766382978723435
605008,2021-11-22,16.82,16.78,16.95,16.45,16.76,54730.8,91525300.0,15.86,15.48,15.057499999999994,14.79,15.0,72.56,0.37,0.17,0.2,长鸿高科,化学原料和化学制品制造业,主板,16.04000000000003,15.56499999999999,15.414166666666647,15.326875000000012,14.798510638297904
605008,2021-11-23,16.67,16.91,17.5,16.66,16.78,70605.7,120318000.0,16.21,15.66,15.191499999999994,14.89,15.02,73.53,0.46,0.23,0.23,长鸿高科,化学原料和化学制品制造业,主板,16.465000000000032,15.79749999999999,15.555833333333313,15.451250000000014,14.837659574468114
605008,2021-11-24,16.91,16.88,17.08,16.66,16.91,28975.8,48692700.0,16.55,15.83,15.335999999999993,14.98,15.02,72.89,0.51,0.28,0.23,长鸿高科,化学原料和化学制品制造业,主板,16.83250000000003,16.051249999999992,15.718333333333312,15.577500000000015,14.876170212765986
605008,2021-11-25,16.87,16.68,16.87,16.56,16.88,17756.0,29692900.0,16.8,15.99,15.487999999999994,15.07,15.01,68.6,0.53,0.33,0.2,长鸿高科,化学原料和化学制品制造业,主板,16.812500000000032,16.222499999999993,15.84999999999998,15.665625000000015,14.902127659574495
605008,2021-11-26,16.6,16.41,16.75,16.23,16.68,24987.8,41053800.0,16.73,16.15,15.605499999999996,15.15,15.0,63.2,0.52,0.37,0.15,长鸿高科,化学原料和化学制品制造业,主板,16.72000000000003,16.379999999999992,15.94999999999998,15.740625000000014,14.923829787234068
605008,2021-11-29,16.28,16.42,16.43,15.66,16.41,30765.8,49642200.0,16.66,16.26,15.680499999999995,15.22,15.0,63.31,0.5,0.4,0.1,长鸿高科,化学原料和化学制品制造业,主板,16.597500000000032,16.53124999999999,16.064166666666647,15.816250000000013,14.952765957446834
605008,2021-11-30,16.48,16.19,16.65,16.01,16.42,22717.6,36960400.0,16.52,16.37,15.746999999999995,15.28,15.0,58.75,0.47,0.41,0.06,长鸿高科,化学原料和化学制品制造业,主板,16.425000000000033,16.62874999999999,16.175833333333312,15.895000000000014,14.97042553191492
605008,2021-12-01,16.2,16.35,16.43,15.94,16.19,22739.6,36764600.0,16.41,16.48,15.800999999999997,15.35,15.01,60.86,0.45,0.42,0.03,长鸿高科,化学原料和化学制品制造业,主板,16.34250000000003,16.57749999999999,16.262499999999978,15.973125000000016,14.98702127659577
605008,2021-12-02,16.3,15.93,16.54,15.93,16.35,30242.5,48734100.0,16.26,16.53,15.836999999999998,15.4,15.02,53.17,0.4,0.42,-0.02,长鸿高科,化学原料和化学制品制造业,主板,16.222500000000032,16.47124999999999,16.32749999999998,16.018125000000015,15.002127659574493
605008,2021-12-03,15.93,16.17,16.41,15.9,15.93,44883.9,72746300.0,16.21,16.47,15.885,15.45,15.04,56.55,0.37,0.41,-0.04,长鸿高科,化学原料和化学制品制造业,主板,16.160000000000032,16.378749999999993,16.407499999999978,16.088125000000016,15.027446808510662
605008,2021-12-06,16.04,15.96,16.38,15.96,16.17,30755.6,49721600.0,16.12,16.39,15.936499999999999,15.5,15.06,52.95,0.32,0.39,-0.07,长鸿高科,化学原料和化学制品制造业,主板,16.102500000000035,16.263749999999995,16.453333333333312,16.157500000000013,15.04702127659577
605008,2021-12-07,16.05,15.62,16.19,15.37,15.96,29140.0,45622000.0,16.01,16.26,15.962499999999997,15.55,15.08,47.66,0.27,0.37,-0.1,长鸿高科,化学原料和化学制品制造业,主板,15.920000000000035,16.131249999999994,16.358333333333313,16.176875000000013,15.06297872340428
605008,2021-12-08,15.66,15.79,15.98,15.5,15.62,21383.6,33664900.0,15.89,16.15,15.991499999999998,15.61,15.1,50.33,0.23,0.34,-0.11,长鸿高科,化学原料和化学制品制造业,主板,15.885000000000035,16.053749999999994,16.275833333333313,16.216875000000016,15.089787234042578
605008,2021-12-09,15.88,15.67,15.88,15.63,15.79,18135.2,28541200.0,15.84,16.05,16.0225,15.68,15.11,48.45,0.17,0.3,-0.13,长鸿高科,化学原料和化学制品制造业,主板,15.760000000000034,15.959999999999992,16.172499999999978,16.245625000000018,15.118723404255345
605008,2021-12-10,15.75,15.56,15.81,15.55,15.67,13626.6,21338300.0,15.72,15.97,16.058,15.73,15.12,46.73,0.13,0.27,-0.14,长鸿高科,化学原料和化学制品制造业,主板,15.660000000000034,15.88124999999999,16.06249999999998,16.255000000000017,15.156170212765982
605008,2021-12-13,15.57,15.31,15.78,15.25,15.56,22601.2,34683500.0,15.59,15.86,16.058,15.74,15.12,42.99,0.07,0.23,-0.16,长鸿高科,化学原料和化学制品制造业,主板,15.582500000000033,15.751249999999992,15.948333333333311,16.164375000000017,15.187872340425555
605008,2021-12-14,15.31,15.33,15.5,15.21,15.31,10961.2,16856500.0,15.53,15.77,16.067,15.75,15.12,43.38,0.03,0.19,-0.16,长鸿高科,化学原料和化学制品制造业,主板,15.467500000000035,15.676249999999992,15.858333333333313,16.073750000000018,15.213617021276619
605008,2021-12-15,15.33,15.59,15.78,15.25,15.33,22743.0,35441700.0,15.49,15.69,16.086,15.76,15.12,48.33,0.02,0.16,-0.14,长鸿高科,化学原料和化学制品制造业,主板,15.447500000000034,15.603749999999993,15.789166666666645,15.991250000000017,15.24425531914896
605008,2021-12-16,15.64,15.71,15.72,15.33,15.59,22648.4,35228500.0,15.5,15.67,16.100999999999996,15.78,15.13,50.49,0.02,0.13,-0.11,长鸿高科,化学原料和化学制品制造业,主板,15.485000000000035,15.572499999999991,15.749166666666646,15.918125000000018,15.280638297872366
605008,2021-12-17,15.72,15.55,15.95,15.51,15.71,25185.2,39442800.0,15.5,15.61,16.040499999999998,15.79,15.14,47.64,0.0,0.1,-0.1,长鸿高科,化学原料和化学制品制造业,主板,15.545000000000034,15.563749999999992,15.682499999999981,15.847500000000018,15.31361702127662
605008,2021-12-20,15.55,14.8,15.56,14.8,15.55,38480.6,57829000.0,15.4,15.49,15.941499999999996,15.79,15.12,37.07,-0.07,0.07,-0.14,长鸿高科,化学原料和化学制品制造业,主板,15.412500000000033,15.439999999999994,15.588333333333315,15.746875000000019,15.331914893617043
605008,2021-12-21,14.76,15.0,15.11,14.65,14.8,13524.6,20202300.0,15.33,15.43,15.845999999999995,15.79,15.12,40.84,-0.11,0.03,-0.14,长鸿高科,化学原料和化学制品制造业,主板,15.265000000000033,15.356249999999994,15.490833333333313,15.658125000000016,15.347872340425555
605008,2021-12-22,15.0,15.05,15.15,14.82,15.0,13421.0,20108600.0,15.22,15.36,15.754499999999997,15.78,15.12,41.77,-0.13,0.0,-0.13,长鸿高科,化学原料和化学制品制造业,主板,15.100000000000032,15.292499999999993,15.41499999999998,15.586875000000017,15.36468085106385
605008,2021-12-23,14.75,14.91,15.06,14.69,15.05,17296.3,25766500.0,15.06,15.28,15.665999999999997,15.78,15.12,39.87,-0.16,-0.03,-0.13,长鸿高科,化学原料和化学制品制造业,主板,14.940000000000033,15.242499999999993,15.355833333333313,15.496875000000019,15.378297872340447
605008,2021-12-24,14.85,14.81,15.05,14.66,14.91,24862.6,36837200.0,14.91,15.21,15.585999999999995,15.77,15.12,38.51,-0.19,-0.06,-0.13,长鸿高科,化学原料和化学制品制造业,主板,14.942500000000035,15.177499999999993,15.274166666666646,15.426875000000017,15.387446808510658
605008,2021-12-27,14.77,14.53,14.77,14.47,14.81,17405.0,25328900.0,14.86,15.13,15.491499999999993,15.75,15.12,34.94,-0.23,-0.1,-0.13,长鸿高科,化学原料和化学制品制造业,主板,14.825000000000035,15.044999999999991,15.179166666666648,15.324375000000014,15.387872340425552
605008,2021-12-28,14.51,14.67,15.05,14.0,14.53,16147.2,23664900.0,14.79,15.06,15.415499999999994,15.73,15.12,38.04,-0.26,-0.13,-0.13,长鸿高科,化学原料和化学制品制造业,主板,14.730000000000036,14.914999999999988,15.10499999999998,15.243750000000015,15.392765957446827
605008,2021-12-29,14.66,14.75,14.88,14.41,14.67,14412.6,21143800.0,14.73,14.98,15.335499999999993,15.72,15.14,39.8,-0.25,-0.15,-0.1,长鸿高科,化学原料和化学制品制造业,主板,14.690000000000037,14.814999999999989,15.058333333333314,15.189375000000013,15.39787234042555
605008,2021-12-30,14.81,14.58,14.81,14.56,14.75,13056.0,19107500.0,14.67,14.86,15.267999999999992,15.69,15.15,37.37,-0.27,-0.18,-0.09,长鸿高科,化学原料和化学制品制造业,主板,14.632500000000036,14.787499999999989,14.995833333333314,15.113750000000012,15.405319148936188
605008,2021-12-31,14.61,14.77,14.82,14.52,14.58,11418.0,16791700.0,14.66,14.79,15.19799999999999,15.62,15.16,41.66,-0.27,-0.2,-0.07,长鸿高科,化学原料和化学制品制造业,主板,14.692500000000035,14.758749999999988,14.92749999999998,15.057500000000013,15.42191489361704
605008,2022-01-04,14.86,14.96,15.1,14.72,14.77,19909.8,29692300.0,14.75,14.8,15.14799999999999,15.56,15.18,45.67,-0.24,-0.2,-0.04,长鸿高科,化学原料和化学制品制造业,主板,14.765000000000033,14.74749999999999,14.86499999999998,15.020000000000014,15.450000000000019
605008,2022-01-05,14.97,14.64,15.08,14.51,14.96,18195.4,26840000.0,14.74,14.77,15.09899999999999,15.49,15.19,40.61,-0.25,-0.21,-0.04,长鸿高科,化学原料和化学制品制造业,主板,14.737500000000033,14.71374999999999,14.789166666666645,14.978125000000013,15.462340425531934
605008,2022-01-06,14.69,15.02,15.13,14.65,14.64,24737.6,36985100.0,14.79,14.76,15.060499999999987,15.42,15.2,47.98,-0.22,-0.21,-0.01,长鸿高科,化学原料和化学制品制造业,主板,14.847500000000032,14.739999999999991,14.807499999999978,14.958750000000013,15.464468085106404
605008,2022-01-07,15.19,14.94,15.33,14.9,15.02,19709.2,29788300.0,14.87,14.77,15.023999999999987,15.37,15.22,46.67,-0.2,-0.21,0.01,长鸿高科,化学原料和化学制品制造业,主板,14.890000000000033,14.791249999999991,14.802499999999979,14.918125000000012,15.466170212765979
605008,2022-01-10,14.95,15.09,15.13,14.83,14.94,14433.6,21697000.0,14.93,14.79,15.000499999999985,15.32,15.23,49.46,-0.17,-0.2,0.03,长鸿高科,化学原料和化学制品制造业,主板,14.922500000000033,14.843749999999991,14.805833333333311,14.879375000000012,15.462340425531938
605008,2022-01-11,15.09,15.29,15.48,15.09,15.09,22532.6,34511200.0,15.0,14.87,14.999499999999987,15.28,15.25,53.0,-0.13,-0.19,0.06,长鸿高科,化学原料和化学制品制造业,主板,15.085000000000033,14.911249999999992,14.837499999999977,14.86312500000001,15.46404255319151
605008,2022-01-12,15.29,15.55,15.65,15.22,15.29,24651.6,38079900.0,15.18,14.96,15.010499999999988,15.26,15.27,57.19,-0.07,-0.17,0.1,长鸿高科,化学原料和化学制品制造业,主板,15.217500000000033,15.032499999999994,14.899166666666645,14.91000000000001,15.4712765957447
605008,2022-01-13,15.56,15.78,16.09,15.46,15.55,37303.6,59016600.0,15.33,15.06,15.019999999999987,15.24,15.3,60.55,-0.01,-0.13,0.12,长鸿高科,化学原料和化学制品制造业,主板,15.427500000000034,15.158749999999992,15.00333333333331,14.95875000000001,15.48936170212768
605008,2022-01-14,15.7,15.7,15.99,15.61,15.78,23127.0,36545400.0,15.48,15.17,15.019499999999988,15.24,15.32,58.82,0.02,-0.1,0.12,长鸿高科,化学原料和化学制品制造业,主板,15.580000000000034,15.251249999999992,15.089166666666644,14.99937500000001,15.502127659574487
605008,2022-01-17,15.66,16.11,16.28,15.6,15.7,33904.4,54411800.0,15.69,15.31,15.047499999999989,15.23,15.34,64.42,0.09,-0.06,0.15,长鸿高科,化学原料和化学制品制造业,主板,15.785000000000034,15.434999999999993,15.202499999999977,15.074375000000009,15.5212765957447
605008,2022-01-18,16.2,15.71,16.2,15.59,16.11,30953.4,48904400.0,15.77,15.38,15.092999999999986,15.23,15.36,56.37,0.11,-0.03,0.14,长鸿高科,化学原料和化学制品制造业,主板,15.825000000000035,15.521249999999993,15.296666666666644,15.130625000000009,15.53531914893619
605008,2022-01-19,15.51,15.64,15.84,15.43,15.71,17358.8,27149500.0,15.79,15.48,15.124999999999986,15.23,15.39,55.07,0.11,0.0,0.11,长鸿高科,化学原料和化学制品制造业,主板,15.790000000000035,15.608749999999993,15.369166666666642,15.200000000000008,15.552127659574488
605008,2022-01-20,15.64,15.18,15.76,15.15,15.64,19401.4,29790500.0,15.67,15.5,15.131499999999985,15.21,15.41,47.36,0.09,0.02,0.07,长鸿高科,化学原料和化学制品制造业,主板,15.660000000000036,15.619999999999994,15.387499999999974,15.231875000000008,15.54936170212768
605008,2022-01-21,15.26,14.89,15.26,14.81,15.18,12889.6,19312100.0,15.51,15.49,15.130499999999984,15.18,15.43,43.25,0.04,0.02,0.02,长鸿高科,化学原料和化学制品制造业,主板,15.355000000000036,15.569999999999997,15.408333333333308,15.240625000000009,15.543829787234063
605008,2022-01-24,14.89,14.63,15.03,14.6,14.89,14187.8,20890100.0,15.21,15.45,15.121499999999983,15.15,15.44,39.9,-0.02,0.01,-0.03,长鸿高科,化学原料和化学制品制造业,主板,15.085000000000035,15.454999999999997,15.375833333333306,15.243750000000007,15.531489361702148
605008,2022-01-25,14.68,14.06,14.73,14.0,14.63,20408.6,29209600.0,14.88,15.32,15.097999999999985,15.11,15.42,33.74,-0.12,-0.01,-0.11,长鸿高科,化学原料和化学制品制造业,主板,14.690000000000033,15.239999999999995,15.302499999999974,15.199375000000005,15.502765957446828
605008,2022-01-26,14.25,14.06,14.34,13.91,14.06,14169.6,19964700.0,14.56,15.18,15.067499999999985,15.07,15.41,33.74,-0.19,-0.05,-0.14,长鸿高科,化学原料和化学制品制造业,主板,14.410000000000034,15.034999999999995,15.21666666666664,15.143125000000003,15.44531914893619
605008,2022-01-27,14.06,13.5,14.26,13.4,14.06,17257.6,23718200.0,14.23,14.95,15.004999999999985,15.0,15.38,28.69,-0.28,-0.1,-0.18,长鸿高科,化学原料和化学制品制造业,主板,14.062500000000032,14.708749999999997,15.067499999999974,15.071875000000002,15.375531914893635
605008,2022-01-28,13.56,13.89,13.93,13.4,13.5,16127.8,22133700.0,14.03,14.77,14.970499999999983,14.94,15.36,35.89,-0.33,-0.14,-0.19,长鸿高科,化学原料和化学制品制造业,主板,13.877500000000031,14.481249999999996,14.92916666666664,15.00125,15.3112765957447
605008,2022-02-07,14.0,14.38,14.43,14.0,13.89,13793.2,19770700.0,13.98,14.59,14.950999999999985,14.9,15.34,43.59,-0.31,-0.18,-0.13,长鸿高科,化学原料和化学制品制造业,主板,13.957500000000032,14.323749999999995,14.812499999999973,14.96625,15.258085106382998
605008,2022-02-08,14.38,14.69,14.82,14.25,14.38,19771.6,28780700.0,14.1,14.49,14.937499999999986,14.89,15.34,47.85,-0.28,-0.2,-0.08,长鸿高科,化学原料和化学制品制造业,主板,14.11500000000003,14.262499999999996,14.728333333333309,14.94125,15.215744680851085
605008,2022-02-09,14.85,14.62,14.89,14.5,14.69,10391.2,15260300.0,14.22,14.39,14.936499999999986,14.88,15.33,46.99,-0.25,-0.21,-0.04,长鸿高科,化学原料和化学制品制造业,主板,14.395000000000032,14.228749999999996,14.604166666666643,14.899375000000001,15.177659574468107
605008,2022-02-10,14.55,14.51,14.69,14.41,14.62,9653.0,14048800.0,14.42,14.32,14.910999999999987,14.86,15.32,45.6,-0.24,-0.21,-0.03,长鸿高科,化学原料和化学制品制造业,主板,14.550000000000033,14.213749999999997,14.504166666666642,14.834375,15.137021276595767
605008,2022-02-11,14.66,14.48,14.66,14.28,14.51,10278.4,14826700.0,14.54,14.28,14.887999999999987,14.85,15.31,45.2,-0.23,-0.22,-0.01,长鸿高科,化学原料和化学制品制造业,主板,14.575000000000033,14.266249999999996,14.407499999999976,14.753124999999999,15.100638297872363
605008,2022-02-14,14.32,14.55,14.63,14.3,14.48,7915.4,11470700.0,14.57,14.27,14.86099999999999,14.84,15.31,46.37,-0.21,-0.22,0.01,长鸿高科,化学原料和化学制品制造业,主板,14.540000000000035,14.327499999999997,14.354999999999976,14.68125,15.062340425531936
605008,2022-02-15,14.11,13.83,14.38,13.3,14.55,42908.3,58945300.0,14.4,14.25,14.787999999999988,14.82,15.28,37.53,-0.25,-0.22,-0.03,长鸿高科,化学原料和化学制品制造业,主板,14.342500000000035,14.368749999999999,14.266666666666643,14.53875,15.017659574468107
605008,2022-02-16,13.83,13.88,14.2,13.67,13.83,19379.2,26969300.0,14.25,14.23,14.704499999999987,14.79,15.26,38.41,-0.28,-0.23,-0.05,长鸿高科,化学原料和化学制品制造业,主板,14.185000000000036,14.367499999999998,14.204166666666643,14.424375,14.968936170212789
605008,2022-02-17,13.88,13.67,13.89,13.61,13.88,20917.6,28713500.0,14.08,14.25,14.59899999999999,14.75,15.24,36.12,-0.31,-0.25,-0.06,长鸿高科,化学原料和化学制品制造业,主板,13.982500000000034,14.278749999999999,14.17166666666664,14.30125,14.92021276595747
605008,2022-02-18,13.72,13.76,13.77,13.53,13.67,10277.9,14045400.0,13.94,14.24,14.50199999999999,14.73,15.21,37.83,-0.33,-0.27,-0.06,长鸿高科,化学原料和化学制品制造业,主板,13.785000000000036,14.1625,14.14666666666664,14.212499999999999,14.880638297872363
605008,2022-02-21,13.71,13.83,13.85,13.7,13.76,10158.2,13989600.0,13.79,14.18,14.387999999999987,14.69,15.16,39.2,-0.33,-0.28,-0.05,长鸿高科,化学原料和化学制品制造业,主板,13.785000000000036,14.063749999999999,14.174166666666641,14.146249999999998,14.838936170212788
605008,2022-02-22,13.72,13.39,13.85,13.35,13.83,25125.2,33843000.0,13.71,14.05,14.271999999999988,14.64,15.1,34.12,-0.36,-0.29,-0.07,长鸿高科,化学原料和化学制品制造业,主板,13.662500000000035,13.923749999999998,14.132499999999974,14.068749999999998,14.790425531914916
605008,2022-02-23,13.52,13.65,13.65,13.31,13.39,17376.0,23441400.0,13.66,13.96,14.172499999999989,14.61,15.05,39.14,-0.37,-0.31,-0.06,长鸿高科,化学原料和化学制品制造业,主板,13.657500000000034,13.819999999999999,14.071666666666642,14.043124999999998,14.749787234042577
605008,2022-02-24,13.6,13.76,14.49,13.41,13.65,46124.1,64187600.0,13.68,13.88,14.101499999999987,14.57,15.0,41.18,-0.36,-0.32,-0.04,长鸿高科,化学原料和化学制品制造业,主板,13.657500000000036,13.72125,13.994166666666642,14.024374999999997,14.716808510638323
605008,2022-02-25,13.77,13.66,13.88,13.52,13.76,24886.2,34075900.0,13.66,13.8,14.039999999999988,14.52,14.95,39.87,-0.35,-0.33,-0.02,长鸿高科,化学原料和化学制品制造业,主板,13.615000000000038,13.7,13.91416666666664,14.034374999999997,14.681276595744704
605008,2022-02-28,13.66,13.42,13.66,13.28,13.66,15101.1,20216800.0,13.58,13.68,13.979499999999991,14.47,14.9,36.84,-0.36,-0.33,-0.03,长鸿高科,化学原料和化学制品制造业,主板,13.622500000000038,13.6425,13.823333333333307,14.004999999999995,14.635106382978746
605008,2022-03-01,13.44,13.46,13.64,13.33,13.42,10531.8,14136400.0,13.59,13.65,13.94949999999999,14.41,14.85,37.69,-0.36,-0.34,-0.02,长鸿高科,化学原料和化学制品制造业,主板,13.57500000000004,13.616249999999999,13.738333333333308,13.947499999999996,14.587234042553213
605008,2022-03-02,13.46,13.45,13.48,13.32,13.46,8763.65,11749800.0,13.55,13.6,13.918999999999988,14.34,14.8,37.56,-0.36,-0.34,-0.02,长鸿高科,化学原料和化学制品制造业,主板,13.49750000000004,13.577499999999999,13.64666666666664,13.869999999999996,14.542553191489386
605008,2022-03-03,13.5,13.78,14.2,13.37,13.45,35087.4,48600800.0,13.55,13.62,13.932999999999987,14.27,14.76,44.65,-0.33,-0.34,0.01,长鸿高科,化学原料和化学制品制造业,主板,13.527500000000039,13.57125,13.642499999999972,13.817499999999995,14.520851063829811
605008,2022-03-04,13.6,13.87,14.12,13.59,13.78,34267.4,47379800.0,13.6,13.63,13.931999999999988,14.21,14.72,46.44,-0.29,-0.33,0.04,长鸿高科,化学原料和化学制品制造业,主板,13.64000000000004,13.63125,13.641666666666639,13.777499999999996,14.496808510638322
605008,2022-03-07,13.88,13.5,13.97,13.38,13.87,20991.8,28658600.0,13.61,13.59,13.887999999999987,14.12,14.68,40.63,-0.29,-0.32,0.03,长鸿高科,化学原料和化学制品制造业,主板,13.65000000000004,13.612499999999999,13.627499999999975,13.716249999999997,14.463829787234069
605008,2022-03-08,13.5,12.68,13.55,12.65,13.5,23985.3,31303800.0,13.46,13.52,13.787499999999989,14.02,14.62,31.29,-0.35,-0.33,-0.02,长鸿高科,化学原料和化学制品制造业,主板,13.457500000000039,13.477499999999997,13.537499999999975,13.599374999999997,14.41638297872343
605008,2022-03-09,12.6,12.31,12.79,12.03,12.68,24840.9,30822700.0,13.23,13.39,13.671999999999988,13.91,14.57,28.15,-0.42,-0.35,-0.07,长鸿高科,化学原料和化学制品制造业,主板,13.090000000000039,13.308749999999998,13.410833333333308,13.504374999999996,14.363191489361727
605008,2022-03-10,12.6,12.3,12.75,12.22,12.31,15261.9,18954500.0,12.93,13.24,13.56149999999999,13.82,14.51,28.06,-0.47,-0.37,-0.1,长鸿高科,化学原料和化学制品制造业,主板,12.697500000000039,13.168749999999998,13.319999999999974,13.405624999999997,14.315744680851088
605008,2022-03-11,12.0,12.05,12.13,11.61,12.3,30046.7,35724000.0,12.57,13.08,13.439999999999989,13.72,14.45,26.02,-0.53,-0.4,-0.13,长鸿高科,化学原料和化学制品制造业,主板,12.33500000000004,12.992499999999996,13.18666666666664,13.304374999999999,14.260000000000025
605008,2022-03-14,11.99,11.73,12.1,11.71,12.05,15058.0,17899900.0,12.21,12.91,13.298999999999989,13.62,14.39,23.65,-0.6,-0.44,-0.16,长鸿高科,化学原料和化学制品制造业,主板,12.097500000000041,12.777499999999996,13.017499999999975,13.177499999999998,14.195744680851089
605008,2022-03-15,11.69,10.79,11.69,10.79,11.73,27640.4,30933000.0,11.84,12.65,13.146999999999991,13.51,14.31,18.35,-0.71,-0.5,-0.21,长鸿高科,化学原料和化学制品制造业,主板,11.71750000000004,12.403749999999995,12.778333333333308,12.987499999999997,14.115106382978746
605008,2022-03-16,10.81,11.31,11.38,10.7,10.79,26844.5,29581300.0,11.64,12.43,13.018499999999992,13.42,14.24,27.96,-0.76,-0.55,-0.21,长鸿高科,化学原料和化学制品制造业,主板,11.470000000000041,12.083749999999995,12.602499999999976,12.857499999999998,14.041489361702151
605008,2022-03-17,11.4,11.47,11.67,11.36,11.31,17828.6,20548300.0,11.47,12.2,12.908499999999993,13.36,14.18,30.67,-0.77,-0.59,-0.18,长鸿高科,化学原料和化学制品制造业,主板,11.325000000000042,11.829999999999995,12.43666666666664,12.721249999999998,13.967234042553214
605008,2022-03-18,11.51,11.52,11.6,11.38,11.47,10689.2,12294500.0,11.36,11.97,12.796499999999991,13.28,14.11,31.53,-0.76,-0.63,-0.13,长鸿高科,化学原料和化学制品制造业,主板,11.27250000000004,11.684999999999995,12.27583333333331,12.581249999999999,13.90085106382981
605008,2022-03-21,11.58,11.61,11.64,11.47,11.52,11489.8,13271000.0,11.34,11.78,12.685499999999992,13.18,14.04,33.15,-0.74,-0.65,-0.09,长鸿高科,化学原料和化学制品制造业,主板,11.47750000000004,11.597499999999995,12.094999999999978,12.453124999999998,13.828297872340448
605008,2022-03-22,11.61,11.49,11.61,11.4,11.61,8078.89,9278560.0,11.48,11.66,12.590499999999992,13.08,13.99,32.06,-0.74,-0.67,-0.07,长鸿高科,化学原料和化学制品制造业,主板,11.52250000000004,11.496249999999995,11.896666666666645,12.3325,13.754893617021299
605008,2022-03-23,11.53,11.67,11.78,11.4,11.49,15235.1,17759300.0,11.55,11.59,12.491499999999991,12.98,13.93,35.48,-0.7,-0.67,-0.03,长鸿高科,化学原料和化学制品制造业,主板,11.57250000000004,11.448749999999995,11.744166666666644,12.220624999999998,13.682127659574489
605008,2022-03-24,11.59,11.43,11.78,11.43,11.67,9915.8,11393600.0,11.54,11.51,12.374999999999991,12.88,13.87,33.09,-0.69,-0.68,-0.01,长鸿高科,化学原料和化学制品制造业,主板,11.55000000000004,11.411249999999994,11.639999999999977,12.094375,13.600000000000021
605008,2022-03-25,11.38,11.47,11.61,11.31,11.43,7480.68,8616540.0,11.53,11.45,12.265499999999992,12.78,13.81,33.89,-0.66,-0.67,0.01,长鸿高科,化学原料和化学制品制造业,主板,11.51500000000004,11.496249999999993,11.569999999999977,11.95,13.513191489361724
605008,2022-03-28,11.35,11.34,11.5,11.08,11.47,9179.0,10319700.0,11.48,11.41,12.161499999999993,12.67,13.75,32.53,-0.65,-0.67,0.02,长鸿高科,化学原料和化学制品制造业,主板,11.47750000000004,11.499999999999993,11.489999999999975,11.791875,13.418723404255342
605008,2022-03-29,11.35,11.11,11.4,11.1,11.34,8798.2,9861170.0,11.4,11.44,12.043999999999993,12.58,13.7,30.22,-0.65,-0.67,0.02,长鸿高科,化学原料和化学制品制造业,主板,11.33750000000004,11.454999999999993,11.411666666666642,11.642499999999998,13.321063829787256
605008,2022-03-30,11.3,11.42,11.46,11.16,11.11,12465.4,14092300.0,11.35,11.45,11.942499999999992,12.5,13.64,36.74,-0.62,-0.66,0.04,长鸿高科,化学原料和化学制品制造业,主板,11.33500000000004,11.442499999999994,11.38583333333331,11.563749999999997,13.221276595744703
605008,2022-03-31,11.43,11.35,11.58,11.34,11.42,12834.7,14727100.0,11.34,11.44,11.820999999999993,12.42,13.59,35.92,-0.58,-0.64,0.06,长鸿高科,化学原料和化学制品制造业,主板,11.30500000000004,11.409999999999993,11.432499999999976,11.503749999999997,13.128510638297893
605008,2022-04-01,11.28,11.38,11.4,11.15,11.35,10135.6,11391400.0,11.32,11.43,11.696499999999991,12.34,13.53,36.57,-0.56,-0.62,0.06,长鸿高科,化学原料和化学制品制造业,主板,11.31500000000004,11.396249999999993,11.43833333333331,11.446249999999996,13.037872340425553
605008,2022-04-06,11.24,11.37,11.56,11.24,11.38,10200.4,11640900.0,11.33,11.4,11.589999999999993,12.26,13.48,36.44,-0.52,-0.6,0.08,长鸿高科,化学原料和化学制品制造业,主板,11.38000000000004,11.358749999999993,11.429999999999977,11.403749999999995,12.95680851063832
605008,2022-04-07,11.37,11.25,11.5,11.23,11.37,11098.4,12537400.0,11.35,11.38,11.518499999999992,12.19,13.41,34.81,-0.51,-0.59,0.08,长鸿高科,化学原料和化学制品制造业,主板,11.33750000000004,11.336249999999993,11.407499999999976,11.373749999999996,12.879361702127682
605008,2022-04-08,11.28,11.47,11.59,11.13,11.25,16199.4,18361400.0,11.36,11.36,11.47649999999999,12.11,13.36,40.11,-0.47,-0.56,0.09,长鸿高科,化学原料和化学制品制造业,主板,11.367500000000039,11.336249999999993,11.395833333333309,11.416249999999996,12.812127659574491
605008,2022-04-11,11.51,11.1,11.55,10.99,11.47,14691.0,16581200.0,11.31,11.33,11.41649999999999,12.03,13.3,34.96,-0.46,-0.54,0.08,长鸿高科,化学原料和化学制品制造业,主板,11.297500000000039,11.306249999999991,11.363333333333308,11.403124999999996,12.749148936170238
605008,2022-04-12,11.11,11.36,11.36,10.73,11.1,15785.8,17471600.0,11.31,11.32,11.38199999999999,11.95,13.24,40.72,-0.43,-0.52,0.09,长鸿高科,化学原料和化学制品制造业,主板,11.295000000000039,11.337499999999991,11.337499999999975,11.396249999999997,12.691702127659601
605008,2022-04-13,11.28,11.18,11.45,11.06,11.36,11834.0,13350700.0,11.27,11.3,11.354499999999991,11.87,13.17,38.2,-0.42,-0.5,0.08,长鸿高科,化学原料和化学制品制造业,主板,11.277500000000039,11.307499999999992,11.316666666666642,11.374999999999996,12.64234042553194
605008,2022-04-14,11.27,11.15,11.41,11.08,11.18,13578.0,15130200.0,11.25,11.3,11.372499999999992,11.8,13.1,37.78,-0.41,-0.48,0.07,长鸿高科,化学原料和化学制品制造业,主板,11.197500000000039,11.282499999999994,11.289999999999976,11.346249999999998,12.584042553191514
605008,2022-04-15,11.14,10.72,11.14,10.7,11.15,16322.4,17808000.0,11.1,11.23,11.342999999999993,11.71,13.02,32.3,-0.42,-0.47,0.05,长鸿高科,化学原料和化学制品制造业,主板,11.102500000000038,11.199999999999994,11.238333333333308,11.298124999999997,12.506170212765984
605008,2022-04-18,10.73,10.82,10.89,10.4,10.72,12273.8,13085900.0,11.05,11.18,11.310499999999992,11.61,12.94,34.67,-0.43,-0.46,0.03,长鸿高科,化学原料和化学制品制造业,主板,10.967500000000038,11.131249999999994,11.214166666666642,11.244999999999997,12.423829787234068
605008,2022-04-19,10.83,10.88,11.04,10.8,10.82,8520.2,9310210.0,10.95,11.13,11.27849999999999,11.51,12.86,36.12,-0.42,-0.45,0.03,长鸿高科,化学原料和化学制品制造业,主板,10.89250000000004,11.084999999999994,11.169166666666642,11.210624999999997,12.344255319148962
605008,2022-04-20,10.88,10.78,11.13,10.72,10.88,12666.8,13868600.0,10.87,11.07,11.236999999999991,11.42,12.77,34.74,-0.42,-0.45,0.03,长鸿高科,化学原料和化学制品制造业,主板,10.80000000000004,10.998749999999994,11.121666666666643,11.167499999999997,12.264893617021302
605008,2022-04-21,10.77,10.4,10.9,10.32,10.78,11521.8,12207100.0,10.72,10.99,11.182499999999992,11.34,12.68,30.04,-0.44,-0.45,0.01,长鸿高科,化学原料和化学制品制造业,主板,10.72000000000004,10.911249999999995,11.039999999999978,11.108749999999997,12.178085106383003
605008,2022-04-22,10.3,10.2,10.69,10.09,10.4,10157.4,10436600.0,10.62,10.86,11.108999999999991,11.27,12.59,27.9,-0.47,-0.45,-0.02,长鸿高科,化学原料和化学制品制造业,主板,10.565000000000039,10.766249999999996,10.942499999999976,11.051874999999995,12.085531914893643
605008,2022-04-25,10.12,9.22,10.18,9.18,10.2,20570.8,19623300.0,10.3,10.67,10.998499999999991,11.17,12.49,20.28,-0.56,-0.47,-0.09,长鸿高科,化学原料和化学制品制造业,主板,10.150000000000038,10.521249999999995,10.77333333333331,10.914374999999996,11.987446808510665
605008,2022-04-26,9.22,8.64,9.24,8.6,9.22,14571.4,13083300.0,9.85,10.4,10.856999999999992,11.05,12.39,17.27,-0.68,-0.51,-0.17,长鸿高科,化学原料和化学制品制造业,主板,9.615000000000038,10.207499999999994,10.537499999999978,10.744999999999996,11.875957446808536
605008,2022-04-27,8.61,9.13,9.19,8.47,8.64,20891.4,18465300.0,9.52,10.19,10.746499999999992,10.97,12.3,27.1,-0.72,-0.55,-0.17,长鸿高科,化学原料和化学制品制造业,主板,9.297500000000039,10.008749999999994,10.373333333333312,10.604374999999996,11.779361702127686
605008,2022-04-28,9.42,9.26,9.53,9.13,9.13,18449.2,17153600.0,9.29,10.0,10.653999999999991,10.92,12.22,29.5,-0.73,-0.59,-0.14,长鸿高科,化学原料和化学制品制造业,主板,9.062500000000039,9.813749999999995,10.198333333333311,10.472499999999995,11.683617021276623
605008,2022-04-29,9.45,9.82,9.87,9.29,9.26,18245.4,17564000.0,9.21,9.92,10.573999999999991,10.87,12.15,38.82,-0.7,-0.61,-0.09,长鸿高科,化学原料和化学制品制造业,主板,9.21250000000004,9.681249999999995,10.084999999999978,10.383124999999994,11.598297872340453
605008,2022-05-05,9.85,10.29,10.5,9.76,9.82,23065.1,23688400.0,9.43,9.86,10.52099999999999,10.83,12.09,45.35,-0.62,-0.61,-0.01,长鸿高科,化学原料和化学制品制造业,主板,9.625000000000039,9.619999999999994,10.013333333333309,10.309374999999994,11.532340425531942
605008,2022-05-06,10.08,10.53,10.55,9.96,10.29,20485.1,21243400.0,9.81,9.83,10.478499999999991,10.79,12.04,48.38,-0.53,-0.6,0.07,长鸿高科,化学原料和化学制品制造业,主板,9.975000000000039,9.636249999999993,9.997499999999976,10.273749999999994,11.465957446808536
605008,2022-05-09,10.53,10.96,11.1,10.39,10.53,20313.6,21937000.0,10.17,9.85,10.457999999999991,10.77,11.98,53.37,-0.42,-0.56,0.14,长鸿高科,化学原料和化学制品制造业,主板,10.40000000000004,9.731249999999994,10.009166666666644,10.248749999999994,11.406382978723432
605008,2022-05-10,10.95,11.23,11.31,10.79,10.96,18160.6,20175200.0,10.57,9.93,10.45699999999999,10.76,11.92,56.23,-0.31,-0.51,0.2,长鸿高科,化学原料和化学制品制造业,主板,10.752500000000039,9.982499999999995,10.038333333333311,10.251874999999993,11.354680851063858
605008,2022-05-11,11.33,11.2,11.58,11.2,11.23,22710.8,25784900.0,10.84,10.03,10.44349999999999,10.75,11.86,55.82,-0.22,-0.45,0.23,长鸿高科,化学原料和化学制品制造业,主板,10.980000000000038,10.302499999999995,10.07333333333331,10.254999999999992,11.307446808510669
605008,2022-05-12,11.16,11.74,11.79,11.11,11.2,32056.6,36830600.0,11.13,10.28,10.475499999999991,10.76,11.82,61.29,-0.1,-0.38,0.28,长鸿高科,化学原料和化学制品制造业,主板,11.282500000000038,10.628749999999995,10.184999999999976,10.318749999999993,11.270851063829816
605008,2022-05-13,11.76,11.76,11.99,11.5,11.74,20435.4,23961700.0,11.38,10.59,10.49549999999999,10.77,11.77,61.48,-0.01,-0.31,0.3,长鸿高科,化学原料和化学制品制造业,主板,11.482500000000037,10.941249999999995,10.314999999999975,10.377499999999992,11.234893617021305
605008,2022-05-16,11.9,11.72,11.96,11.55,11.76,14789.7,17317800.0,11.53,10.85,10.52249999999999,10.78,11.73,60.84,0.05,-0.24,0.29,长鸿高科,化学原料和化学制品制造业,主板,11.605000000000036,11.178749999999994,10.52333333333331,10.429999999999993,11.191063829787263
605008,2022-05-17,11.72,11.73,11.73,11.38,11.72,16475.4,19048900.0,11.63,11.1,10.551499999999988,10.8,11.69,60.95,0.12,-0.17,0.29,长鸿高科,化学原料和化学制品制造业,主板,11.737500000000036,11.358749999999993,10.78083333333331,10.489374999999992,11.145531914893647
605008,2022-05-18,11.6,11.37,11.68,11.34,11.73,13190.3,15122100.0,11.66,11.25,10.583999999999989,10.8,11.65,54.96,0.13,-0.11,0.24,长鸿高科,化学原料和化学制品制造业,主板,11.645000000000035,11.463749999999994,10.967499999999978,10.549999999999992,11.100212765957476
605008,2022-05-19,11.24,11.39,11.43,11.17,11.37,16486.4,18545900.0,11.59,11.36,10.612499999999988,10.8,11.61,55.22,0.13,-0.06,0.19,长鸿高科,化学原料和化学制品制造业,主板,11.552500000000036,11.517499999999995,11.144999999999976,10.624374999999993,11.072765957446839
605008,2022-05-20,11.29,11.53,11.55,11.26,11.39,12279.8,14073200.0,11.55,11.46,10.644999999999989,10.81,11.57,57.11,0.15,-0.02,0.17,长鸿高科,化学原料和化学制品制造业,主板,11.505000000000036,11.554999999999994,11.287499999999978,10.768749999999994,11.056170212765988
605008,2022-05-23,11.54,11.61,11.67,11.47,11.53,8858.19,10245100.0,11.53,11.53,10.686499999999988,10.81,11.54,58.2,0.17,0.02,0.15,长鸿高科,化学原料和化学制品制造业,主板,11.475000000000037,11.606249999999994,11.397499999999978,10.954374999999995,11.04148936170216
605008,2022-05-24,11.64,11.1,11.72,11.07,11.61,11288.6,12833800.0,11.4,11.52,10.721499999999988,10.81,11.5,49.58,0.14,0.04,0.1,长鸿高科,化学原料和化学制品制造业,主板,11.407500000000038,11.526249999999994,11.444999999999977,11.077499999999995,11.021276595744714
605008,2022-05-25,11.14,11.37,11.4,11.1,11.1,9034.6,10136000.0,11.4,11.53,10.779999999999989,10.81,11.46,53.51,0.14,0.06,0.08,长鸿高科,化学原料和化学制品制造业,主板,11.402500000000037,11.477499999999994,11.479166666666643,11.209374999999996,11.013617021276628
605008,2022-05-26,11.34,11.22,11.43,11.04,11.37,8530.8,9562850.0,11.37,11.48,10.879999999999988,10.81,11.42,51.12,0.12,0.07,0.05,长鸿高科,化学原料和化学制品制造业,主板,11.325000000000037,11.414999999999994,11.47833333333331,11.296874999999996,11.022765957446843
605008,2022-05-27,11.1,11.09,11.35,10.95,11.22,12927.6,14389700.0,11.28,11.41,11.002499999999989,10.8,11.38,49.09,0.1,0.08,0.02,长鸿高科,化学原料和化学制品制造业,主板,11.195000000000036,11.334999999999994,11.469166666666645,11.346874999999997,11.018085106383015
605008,2022-05-30,11.15,11.41,11.49,11.11,11.09,15351.9,17324500.0,11.24,11.38,11.11649999999999,10.81,11.34,53.95,0.11,0.09,0.02,长鸿高科,化学原料和化学制品制造业,主板,11.272500000000035,11.339999999999993,11.441666666666643,11.401874999999997,11.016808510638333
605008,2022-05-31,11.5,11.45,11.53,11.18,11.41,11790.1,13406700.0,11.31,11.35,11.225999999999988,10.82,11.31,54.54,0.12,0.09,0.03,长鸿高科,化学原料和化学制品制造业,主板,11.292500000000034,11.347499999999993,11.41583333333331,11.432499999999996,11.015319148936207
605008,2022-06-01,11.44,11.51,11.66,11.3,11.45,19594.0,22436900.0,11.34,11.37,11.310499999999989,10.85,11.28,55.45,0.12,0.1,0.02,长鸿高科,化学原料和化学制品制造业,主板,11.365000000000034,11.344999999999994,11.39833333333331,11.449999999999996,11.013191489361738
605008,2022-06-02,11.51,11.62,11.68,11.43,11.51,14203.0,16458600.0,11.42,11.39,11.37699999999999,10.87,11.24,57.15,0.13,0.1,0.03,长鸿高科,化学原料和化学制品制造业,主板,11.497500000000034,11.346249999999994,11.389166666666645,11.476249999999997,11.015957446808548
605008,2022-06-06,11.69,11.98,12.07,11.63,11.62,21547.6,25509200.0,11.59,11.44,11.44949999999999,10.91,11.21,62.24,0.18,0.12,0.06,长鸿高科,化学原料和化学制品制造业,主板,11.640000000000036,11.456249999999995,11.439999999999976,11.491249999999996,11.022553191489399
605008,2022-06-07,12.07,11.95,12.12,11.89,11.98,14913.8,17882400.0,11.7,11.47,11.498999999999988,10.95,11.18,61.58,0.2,0.14,0.06,长鸿高科,化学原料和化学制品制造业,主板,11.765000000000036,11.528749999999995,11.486666666666641,11.503124999999995,11.033617021276635
605008,2022-06-08,11.94,12.17,12.22,11.87,11.95,23770.2,28706900.0,11.85,11.58,11.545999999999989,11.01,11.17,64.53,0.24,0.16,0.08,长鸿高科,化学原料和化学制品制造业,主板,11.930000000000037,11.647499999999996,11.539999999999973,11.531249999999995,11.04851063829791
605008,2022-06-09,12.17,12.02,12.3,11.98,12.17,21942.6,26604800.0,11.95,11.64,11.586999999999989,11.07,11.17,61.09,0.25,0.18,0.07,长鸿高科,化学原料和化学制品制造业,主板,12.030000000000038,11.763749999999995,11.574166666666642,11.549374999999996,11.062978723404292
605008,2022-06-10,11.94,12.14,12.21,11.82,12.02,12585.9,15217800.0,12.05,11.73,11.606999999999989,11.16,11.17,62.8,0.27,0.19,0.08,长鸿高科,化学原料和化学制品制造业,主板,12.07000000000004,11.854999999999995,11.660833333333308,11.597499999999997,11.084893617021313
605008,2022-06-13,12.15,13.09,13.35,12.06,12.14,59918.8,77327200.0,12.27,11.93,11.673499999999988,11.31,11.18,72.94,0.35,0.23,0.12,长鸿高科,化学原料和化学制品制造业,主板,12.35500000000004,12.059999999999995,11.80416666666664,11.703749999999996,11.12042553191493
605008,2022-06-14,13.13,13.59,13.98,13.07,13.09,73997.1,99976700.0,12.6,12.15,11.766999999999989,11.46,11.21,76.56,0.46,0.27,0.19,长鸿高科,化学原料和化学制品制造业,主板,12.71000000000004,12.319999999999995,12.001666666666642,11.832499999999996,11.168085106383018
605008,2022-06-15,13.66,13.6,13.75,12.96,13.59,46799.8,63422500.0,12.89,12.37,11.86049999999999,11.61,11.26,76.63,0.53,0.32,0.21,长鸿高科,化学原料和化学制品制造业,主板,13.10500000000004,12.567499999999994,12.210833333333307,11.956874999999997,11.215319148936208
605008,2022-06-16,13.61,13.9,14.15,13.61,13.6,39037.0,54433200.0,13.26,12.61,11.98699999999999,11.74,11.3,78.62,0.61,0.38,0.23,长鸿高科,化学原料和化学制品制造业,主板,13.54500000000004,12.807499999999994,12.418333333333308,12.131874999999997,11.26914893617025
605008,2022-06-17,14.1,14.2,14.49,13.8,13.9,44629.2,63233100.0,13.68,12.86,12.127499999999989,11.87,11.35,80.41,0.68,0.44,0.24,长鸿高科,化学原料和化学制品制造业,主板,13.82250000000004,13.088749999999994,12.647499999999974,12.308749999999996,11.33191489361706
605008,2022-06-20,14.26,14.79,14.84,14.23,14.2,58346.8,85661300.0,14.02,13.15,12.29049999999999,12.01,11.4,83.37,0.79,0.51,0.28,长鸿高科,化学原料和化学制品制造业,主板,14.122500000000038,13.416249999999993,12.920833333333308,12.531874999999996,11.4025531914894
605008,2022-06-21,14.8,14.66,15.12,14.35,14.79,51902.8,76630400.0,14.23,13.42,12.442999999999989,12.14,11.46,80.49,0.84,0.58,0.26,长鸿高科,化学原料和化学制品制造业,主板,14.387500000000037,13.746249999999993,13.174166666666641,12.754999999999995,11.478297872340463
605008,2022-06-22,14.66,14.68,15.0,14.6,14.66,31714.6,46889500.0,14.45,13.67,12.62199999999999,12.25,11.51,80.6,0.89,0.64,0.25,长鸿高科,化学原料和化学制品制造业,主板,14.582500000000037,14.063749999999994,13.399166666666643,12.959374999999996,11.548936170212801
605008,2022-06-23,14.82,14.75,14.95,14.6,14.68,22416.3,33035800.0,14.62,13.94,12.790999999999991,12.37,11.56,81.0,0.91,0.69,0.22,长鸿高科,化学原料和化学制品制造业,主板,14.720000000000038,14.271249999999993,13.632499999999977,13.165624999999997,11.624893617021312
605008,2022-06-24,14.76,14.96,15.14,14.61,14.75,38435.9,57316000.0,14.77,14.22,12.977999999999989,12.48,11.62,82.21,0.93,0.74,0.19,长鸿高科,化学原料和化学制品制造业,主板,14.762500000000037,14.442499999999992,13.864999999999979,13.381249999999998,11.705957446808549
605008,2022-06-27,15.15,14.83,15.15,14.76,14.96,30186.4,44940300.0,14.78,14.4,13.164999999999988,12.58,11.67,78.87,0.94,0.78,0.16,长鸿高科,化学原料和化学制品制造业,主板,14.805000000000039,14.596249999999994,14.099166666666646,13.581874999999998,11.793404255319187
605008,2022-06-28,14.83,14.46,14.94,14.33,14.83,46904.9,68433500.0,14.74,14.48,13.317499999999987,12.67,11.73,70.13,0.89,0.8,0.09,长鸿高科,化学原料和化学制品制造业,主板,14.750000000000037,14.666249999999994,14.29249999999998,13.736875,11.870851063829825
605008,2022-06-29,14.46,13.87,14.46,13.69,14.46,37992.2,52891700.0,14.57,14.51,13.438499999999987,12.74,11.77,58.93,0.81,0.8,0.01,长鸿高科,化学原料和化学制品制造业,主板,14.530000000000037,14.624999999999995,14.35749999999998,13.856875,11.93446808510642
605008,2022-06-30,13.87,14.02,14.25,13.73,13.87,30962.4,43526200.0,14.43,14.52,13.563999999999988,12.83,11.82,60.65,0.74,0.79,-0.05,长鸿高科,化学原料和化学制品制造业,主板,14.295000000000035,14.528749999999995,14.393333333333315,13.972500000000002,12.003404255319188
605008,2022-07-01,14.02,14.09,14.16,13.9,14.02,17717.8,24909500.0,14.25,14.51,13.687499999999986,12.92,11.86,61.46,0.69,0.77,-0.08,长鸿高科,化学原料和化学制品制造业,主板,14.110000000000035,14.457499999999996,14.434166666666648,14.101875000000001,12.08191489361706
605008,2022-07-04,14.09,14.12,14.23,13.96,14.09,15773.6,22263000.0,14.11,14.44,13.794499999999985,13.01,11.91,61.82,0.64,0.74,-0.1,长鸿高科,化学原料和化学制品制造业,主板,14.025000000000036,14.387499999999996,14.452499999999981,14.225625,12.16531914893621
605008,2022-07-05,14.21,14.15,14.27,14.0,14.12,24175.0,34098100.0,14.05,14.39,13.904499999999985,13.09,11.95,62.21,0.6,0.72,-0.12,长鸿高科,化学原料和化学制品制造业,主板,14.095000000000036,14.312499999999996,14.448333333333316,14.291875000000001,12.270212765957485
605008,2022-07-06,14.09,13.98,14.18,13.88,14.15,14287.8,19934300.0,14.07,14.32,13.994999999999985,13.19,12.0,58.61,0.54,0.68,-0.14,长鸿高科,化学原料和化学制品制造业,主板,14.085000000000036,14.189999999999994,14.380833333333316,14.31625,12.383829787234081
605008,2022-07-07,13.88,14.08,14.14,13.88,13.98,15475.0,21701100.0,14.08,14.26,14.097999999999985,13.28,12.04,60.07,0.5,0.64,-0.14,长鸿高科,化学原料和化学制品制造业,主板,14.082500000000035,14.096249999999994,14.332499999999984,14.346250000000001,12.48914893617025
605008,2022-07-08,14.0,13.94,14.48,13.86,14.08,35200.4,49647400.0,14.05,14.15,14.187999999999985,13.37,12.09,57.03,0.45,0.61,-0.16,长鸿高科,化学原料和化学制品制造业,主板,14.037500000000035,14.031249999999993,14.270833333333316,14.34875,12.58872340425536
605008,2022-07-11,13.91,13.96,14.12,13.6,13.94,37644.8,52217100.0,14.02,14.07,14.231499999999986,13.47,12.13,57.37,0.41,0.57,-0.16,长鸿高科,化学原料和化学制品制造业,主板,13.990000000000036,14.042499999999993,14.204999999999984,14.333750000000002,12.676808510638338
605008,2022-07-12,14.08,14.78,15.09,13.88,13.96,65315.4,95730500.0,14.15,14.1,14.290999999999986,13.58,12.19,68.21,0.44,0.54,-0.1,长鸿高科,化学原料和化学制品制造业,主板,14.190000000000033,14.137499999999994,14.189999999999984,14.333125000000003,12.772340425531954
605008,2022-07-13,14.7,15.99,16.25,14.7,14.78,86268.3,135560000.0,14.55,14.31,14.410499999999985,13.73,12.27,77.36,0.55,0.54,0.01,长鸿高科,化学原料和化学制品制造业,主板,14.667500000000032,14.374999999999993,14.28666666666665,14.416250000000003,12.888510638297912
605008,2022-07-14,15.98,16.49,16.65,15.84,15.99,66383.0,108841000.0,15.03,14.56,14.539999999999987,13.9,12.37,79.93,0.68,0.57,0.11,长鸿高科,化学原料和化学制品制造业,主板,15.305000000000032,14.671249999999993,14.455833333333317,14.529375000000003,13.006170212765998
605008,2022-07-15,16.62,16.91,17.66,16.45,16.49,88173.4,151399000.0,15.63,14.84,14.675499999999989,14.07,12.47,81.8,0.8,0.62,0.18,长鸿高科,化学原料和化学制品制造业,主板,16.042500000000032,15.016249999999992,14.709166666666649,14.664375000000003,13.127021276595784
605008,2022-07-18,17.12,17.0,17.48,16.65,16.91,48014.4,81407200.0,16.23,15.13,14.785999999999987,14.24,12.57,82.18,0.89,0.67,0.22,长鸿高科,化学原料和化学制品制造业,主板,16.597500000000032,15.393749999999992,14.957499999999982,14.791875000000003,13.250425531914932
605008,2022-07-19,17.04,16.97,17.29,16.92,17.0,29159.5,49874800.0,16.67,15.41,14.901499999999984,14.41,12.68,81.56,0.95,0.73,0.22,长鸿高科,化学原料和化学制品制造业,主板,16.842500000000033,15.754999999999994,15.197499999999982,14.925625000000002,13.361702127659614
605008,2022-07-20,17.09,17.19,17.23,16.84,16.97,29957.0,51126000.0,16.91,15.73,15.026999999999983,14.57,12.79,82.59,1.01,0.78,0.23,长鸿高科,化学原料和化学制品制造业,主板,17.017500000000034,16.161249999999995,15.453333333333314,15.096250000000003,13.477234042553231
605008,2022-07-21,17.2,17.22,17.45,17.06,17.19,27435.2,47412200.0,17.06,16.04,15.150499999999983,14.75,12.91,82.73,1.04,0.83,0.21,长鸿高科,化学原料和化学制品制造业,主板,17.095000000000034,16.568749999999994,15.709166666666647,15.305625000000003,13.594255319148976
605008,2022-07-22,17.31,17.64,17.94,17.15,17.22,55226.8,97293300.0,17.2,16.42,15.284499999999984,14.93,13.05,84.62,1.09,0.89,0.2,长鸿高科,化学原料和化学制品制造业,主板,17.255000000000035,16.926249999999992,16.014166666666647,15.531875000000001,13.72000000000004
605008,2022-07-25,17.66,17.62,18.29,17.2,17.64,49680.6,87603800.0,17.33,16.78,15.423999999999984,15.08,13.2,84.15,1.11,0.93,0.18,长鸿高科,化学原料和化学制品制造业,主板,17.417500000000036,17.129999999999992,16.309166666666645,15.7525,13.852978723404295
605008,2022-07-26,17.5,17.33,17.61,17.15,17.62,32244.8,55822900.0,17.4,17.04,15.567499999999985,15.21,13.33,77.41,1.09,0.96,0.13,长鸿高科,化学原料和化学制品制造业,主板,17.452500000000036,17.234999999999992,16.591666666666644,15.953125,13.9793617021277
605008,2022-07-27,17.34,17.52,17.93,17.34,17.33,38300.5,67279200.0,17.47,17.19,15.749999999999982,15.34,13.47,78.62,1.08,0.99,0.09,长鸿高科,化学原料和化学制品制造业,主板,17.527500000000035,17.311249999999994,16.88833333333331,16.16375,14.106808510638338
605008,2022-07-28,17.6,17.51,17.77,17.26,17.52,41097.8,71619100.0,17.52,17.29,15.924499999999984,15.46,13.6,78.38,1.06,1.0,0.06,长鸿高科,化学原料和化学制品制造业,主板,17.495000000000037,17.374999999999993,17.11583333333331,16.384375,14.232340425531955
605008,2022-07-29,17.54,17.57,17.76,17.38,17.51,26688.2,46957300.0,17.51,17.36,16.098499999999984,15.57,13.72,78.8,1.03,1.01,0.02,长鸿高科,化学原料和化学制品制造业,主板,17.482500000000037,17.449999999999992,17.247499999999977,16.6025,14.37000000000004
605008,2022-08-01,17.57,18.18,18.35,17.56,17.57,52873.4,95842900.0,17.62,17.48,16.301499999999983,15.68,13.85,82.47,1.06,1.02,0.04,长鸿高科,化学原料和化学制品制造业,主板,17.69500000000004,17.573749999999993,17.38833333333331,16.8675,14.514893617021317
605008,2022-08-02,18.15,17.25,18.4,17.18,18.18,57923.8,102001000.0,17.61,17.5,16.456499999999984,15.77,13.95,64.2,0.98,1.01,-0.03,长鸿高科,化学原料和化学制品制造业,主板,17.62750000000004,17.577499999999993,17.416666666666643,17.073125,14.643191489361742
605008,2022-08-03,17.2,16.99,17.99,16.85,17.25,49720.8,86643400.0,17.5,17.48,16.606999999999985,15.85,14.05,60.18,0.89,0.99,-0.1,长鸿高科,化学原料和化学制品制造业,主板,17.497500000000038,17.496249999999996,17.41583333333331,17.211250000000003,14.768723404255358
605008,2022-08-04,17.01,17.19,17.48,16.88,16.99,28510.6,48933400.0,17.44,17.48,16.762499999999985,15.93,14.15,62.14,0.83,0.95,-0.12,长鸿高科,化学原料和化学制品制造业,主板,17.40250000000004,17.442499999999995,17.434166666666645,17.286250000000003,14.891702127659615
605008,2022-08-05,17.19,17.8,17.83,17.08,17.19,31066.4,54649700.0,17.48,17.5,16.955499999999986,16.02,14.25,67.42,0.82,0.93,-0.11,长鸿高科,化学原料和化学制品制造业,主板,17.30750000000004,17.50125,17.484999999999978,17.368125000000003,15.026808510638336
605008,2022-08-08,18.1,17.65,18.4,17.4,17.8,51533.4,91916900.0,17.38,17.5,17.139999999999986,16.12,14.35,65.02,0.79,0.9,-0.11,长鸿高科,化学原料和化学制品制造业,主板,17.40750000000004,17.5175,17.52083333333331,17.414375,15.157446808510677
605008,2022-08-09,17.87,16.97,17.94,16.95,17.65,57398.4,98838400.0,17.32,17.46,17.24949999999999,16.2,14.44,55.4,0.71,0.86,-0.15,长鸿高科,化学原料和化学制品制造业,主板,17.402500000000042,17.45,17.46499999999998,17.4125,15.27127659574472
605008,2022-08-10,16.45,17.41,17.87,16.35,16.97,100488.0,174597000.0,17.4,17.45,17.32049999999999,16.32,14.53,59.57,0.66,0.82,-0.16,长鸿高科,化学原料和化学制品制造业,主板,17.457500000000042,17.43,17.44749999999998,17.440000000000005,15.386808510638335
605008,2022-08-11,17.5,18.3,18.44,17.45,17.41,80748.1,146499000.0,17.63,17.53,17.41099999999999,16.46,14.65,66.41,0.69,0.8,-0.11,长鸿高科,化学原料和化学制品制造业,主板,17.582500000000042,17.445,17.52833333333331,17.509375000000006,15.521914893617057
605008,2022-08-12,18.15,18.0,18.51,17.56,18.3,54835.1,98863100.0,17.67,17.57,17.465499999999988,16.59,14.76,62.57,0.69,0.77,-0.08,长鸿高科,化学原料和化学制品制造业,主板,17.670000000000044,17.53875,17.56833333333331,17.558125000000004,15.645957446808547
605008,2022-08-15,17.9,17.27,17.9,17.14,18.0,38078.1,66183000.0,17.59,17.48,17.47899999999999,16.7,14.85,54.33,0.62,0.74,-0.12,长鸿高科,化学原料和化学制品制造业,主板,17.745000000000044,17.57375,17.548333333333314,17.535000000000004,15.757659574468121
605008,2022-08-16,17.44,17.08,17.57,16.95,17.27,28687.0,49248700.0,17.61,17.47,17.484499999999986,16.79,14.94,52.4,0.54,0.7,-0.16,长鸿高科,化学原料和化学制品制造业,主板,17.662500000000044,17.560000000000002,17.50749999999998,17.501250000000002,15.862765957446847
605008,2022-08-17,17.19,16.72,17.19,16.4,17.08,35693.2,59634800.0,17.47,17.44,17.460999999999988,16.88,15.04,48.85,0.44,0.65,-0.21,长鸿高科,化学原料和化学制品制造业,主板,17.267500000000044,17.425,17.385833333333313,17.463125,15.940000000000037
605008,2022-08-18,16.79,16.7,17.05,16.59,16.72,23952.4,40258100.0,17.15,17.39,17.434999999999985,16.97,15.13,48.65,0.36,0.59,-0.23,长鸿高科,化学原料和化学制品制造业,主板,16.942500000000045,17.30625,17.33999999999998,17.411875000000002,16.006170212765994
605008,2022-08-19,16.75,16.86,17.15,16.45,16.7,46445.0,77999000.0,16.93,17.3,17.395999999999987,17.07,15.22,50.38,0.31,0.54,-0.23,长鸿高科,化学原料和化学制品制造业,主板,16.840000000000046,17.2925,17.32916666666664,17.371250000000003,16.075531914893656
605008,2022-08-22,16.83,17.3,17.75,16.8,16.86,57179.6,99562000.0,16.93,17.26,17.37999999999999,17.18,15.32,54.87,0.29,0.49,-0.2,长鸿高科,化学原料和化学制品制造业,主板,16.895000000000046,17.278750000000002,17.33833333333331,17.354375000000005,16.147872340425568
605008,2022-08-23,17.57,17.64,17.83,17.2,17.3,48265.4,84440800.0,17.04,17.33,17.395499999999988,17.28,15.43,58.03,0.31,0.45,-0.14,长鸿高科,化学原料和化学制品制造业,主板,17.125000000000046,17.19625,17.324999999999974,17.320625000000003,16.22106382978727
605008,2022-08-24,17.75,17.45,17.99,17.25,17.64,43287.3,75832600.0,17.19,17.33,17.39199999999999,17.32,15.53,55.68,0.3,0.42,-0.12,长鸿高科,化学原料和化学制品制造业,主板,17.312500000000046,17.127499999999998,17.308333333333305,17.333125000000003,16.277659574468125
605008,2022-08-25,17.48,16.98,17.65,16.89,17.45,33709.6,57947600.0,17.25,17.2,17.36549999999999,17.34,15.62,50.27,0.25,0.39,-0.14,长鸿高科,化学原料和化学制品制造业,主板,17.342500000000047,17.091249999999995,17.309166666666638,17.332500000000003,16.327021276595783
605008,2022-08-26,17.09,17.66,18.05,17.01,16.98,51503.4,90771900.0,17.41,17.17,17.36999999999999,17.37,15.72,56.81,0.26,0.36,-0.1,长鸿高科,化学原料和化学制品制造业,主板,17.432500000000047,17.163749999999993,17.329999999999973,17.361875000000005,16.390425531914932
605008,2022-08-29,17.48,17.03,17.57,16.97,17.66,43673.9,75014100.0,17.35,17.14,17.312499999999993,17.37,15.8,50.22,0.22,0.33,-0.11,长鸿高科,化学原料和化学制品制造业,主板,17.280000000000047,17.202499999999993,17.224166666666637,17.313750000000002,16.438936170212806
605008,2022-08-30,16.99,16.6,17.1,16.53,17.03,22925.2,38335700.0,17.14,17.09,17.279999999999994,17.35,15.88,46.27,0.16,0.3,-0.14,长鸿高科,化学原料和化学制品制造业,主板,17.06750000000005,17.189999999999994,17.10749999999997,17.248125000000005,16.47382978723408
605008,2022-08-31,17.5,16.21,17.94,15.92,16.6,55705.4,93756000.0,16.9,17.04,17.240999999999993,17.32,15.95,42.97,0.06,0.25,-0.19,长鸿高科,化学原料和化学制品制造业,主板,16.875000000000046,17.108749999999993,17.01916666666664,17.200625000000002,16.50319148936174
605008,2022-09-01,16.2,16.48,16.64,16.06,16.21,35470.5,57917400.0,16.8,17.02,17.205499999999994,17.3,16.02,45.85,0.02,0.2,-0.18,长鸿高科,化学原料和化学制品制造业,主板,16.580000000000048,17.00624999999999,16.969166666666638,17.142500000000002,16.546170212765997
605008,2022-09-02,16.6,16.57,16.7,16.36,16.48,14850.6,24540300.0,16.58,16.99,17.14399999999999,17.26,16.1,46.81,-0.01,0.16,-0.17,长鸿高科,化学原料和化学制品制造业,主板,16.465000000000046,16.872499999999988,16.95666666666664,17.034375,16.603617021276634
605008,2022-09-05,16.58,16.39,16.67,16.3,16.57,15799.6,26034300.0,16.45,16.9,17.080999999999992,17.22,16.15,45.09,-0.05,0.12,-0.17,长鸿高科,化学原料和化学制品制造业,主板,16.412500000000044,16.739999999999988,16.930833333333307,16.93375,16.654042553191527
605008,2022-09-06,16.53,16.3,16.55,16.17,16.39,16680.8,27203400.0,16.39,16.77,17.047499999999992,17.19,16.2,44.21,-0.09,0.08,-0.17,长鸿高科,化学原料和化学制品制造业,主板,16.435000000000045,16.65499999999999,16.88416666666664,16.873125,16.70106382978727
605008,2022-09-07,16.4,16.56,16.89,16.2,16.3,25636.8,42521600.0,16.46,16.68,17.00499999999999,17.15,16.25,47.4,-0.09,0.04,-0.13,长鸿高科,化学原料和化学制品制造业,主板,16.455000000000044,16.51749999999999,16.822499999999973,16.840625000000003,16.75297872340429
605008,2022-09-08,16.67,16.52,16.78,16.4,16.56,15398.6,25521800.0,16.47,16.63,16.91599999999999,17.12,16.29,46.95,-0.1,0.02,-0.12,长鸿高科,化学原料和化学制品制造业,主板,16.442500000000045,16.453749999999992,16.72916666666664,16.828125,16.803404255319187
605008,2022-09-09,16.61,16.6,16.65,16.3,16.52,21449.8,35396200.0,16.47,16.53,16.84599999999999,17.09,16.33,48.0,-0.1,-0.01,-0.09,长鸿高科,化学原料和化学制品制造业,主板,16.495000000000044,16.453749999999992,16.658333333333307,16.821875000000002,16.85914893617025
605008,2022-09-13,16.75,16.61,16.75,16.4,16.6,12136.4,20087900.0,16.52,16.48,16.81299999999999,17.04,16.36,48.14,-0.1,-0.03,-0.07,长鸿高科,化学原料和化学制品制造业,主板,16.572500000000044,16.503749999999993,16.627499999999973,16.806250000000002,16.91297872340429
605008,2022-09-14,16.6,16.32,16.6,15.91,16.61,26900.8,43452700.0,16.52,16.46,16.77499999999999,17.01,16.39,44.45,-0.12,-0.05,-0.07,长鸿高科,化学原料和化学制品制造业,主板,16.512500000000045,16.483749999999993,16.515833333333305,16.745,16.96361702127663
605008,2022-09-15,16.36,15.97,16.5,15.86,16.32,22263.6,35986200.0,16.4,16.43,16.737499999999994,16.97,16.41,40.42,-0.16,-0.07,-0.09,长鸿高科,化学原料和化学制品制造业,主板,16.375000000000046,16.408749999999994,16.42749999999997,16.640625000000004,17.00638297872344
605008,2022-09-16,16.08,15.95,16.3,15.89,15.97,15771.0,25246700.0,16.29,16.38,16.699999999999996,16.93,16.43,40.2,-0.19,-0.09,-0.1,长鸿高科,化学原料和化学制品制造业,主板,16.21250000000005,16.35374999999999,16.373333333333303,16.546875000000004,17.031276595744718
605008,2022-09-19,16.04,15.62,16.14,15.53,15.95,23231.8,36792400.0,16.09,16.28,16.637999999999995,16.86,16.44,36.59,-0.23,-0.12,-0.11,长鸿高科,化学原料和化学制品制造业,主板,15.96500000000005,16.26874999999999,16.32416666666664,16.461875000000003,17.023404255319186
605008,2022-09-20,15.72,15.46,15.73,15.2,15.62,21288.0,32831400.0,15.86,16.19,16.545999999999992,16.78,16.45,34.95,-0.28,-0.15,-0.13,长鸿高科,化学原料和化学制品制造业,主板,15.750000000000048,16.13124999999999,16.239166666666637,16.324375,17.001489361702166
605008,2022-09-21,15.57,15.5,15.68,15.1,15.46,15479.2,24049900.0,15.7,16.11,16.438999999999993,16.74,16.47,35.73,-0.32,-0.19,-0.13,长鸿高科,化学原料和化学制品制造业,主板,15.63250000000005,16.00374999999999,16.149999999999974,16.228749999999998,16.971489361702165
605008,2022-09-22,15.5,15.59,15.67,15.36,15.5,11896.2,18443700.0,15.62,16.01,16.345999999999993,16.67,16.5,37.53,-0.34,-0.22,-0.12,长鸿高科,化学原料和化学制品制造业,主板,15.54250000000005,15.87749999999999,16.083333333333304,16.165624999999995,16.941489361702168
605008,2022-09-23,15.5,15.4,15.56,15.13,15.59,17200.0,26336700.0,15.51,15.9,16.26699999999999,16.58,16.52,35.28,-0.36,-0.25,-0.11,长鸿高科,化学原料和化学制品制造业,主板,15.487500000000052,15.726249999999991,16.008333333333304,16.114999999999995,16.908085106383016
605008,2022-09-26,15.33,15.15,15.38,15.09,15.4,7656.38,11657900.0,15.42,15.76,16.141499999999986,16.48,16.54,32.52,-0.38,-0.27,-0.11,长鸿高科,化学原料和化学制品制造业,主板,15.410000000000052,15.579999999999991,15.890833333333305,16.031874999999992,16.864680851063866
605008,2022-09-27,15.13,15.0,15.3,14.8,15.15,20208.2,30319900.0,15.33,15.6,16.039999999999985,16.41,16.55,30.95,-0.43,-0.3,-0.13,长鸿高科,化学原料和化学制品制造业,主板,15.285000000000053,15.458749999999991,15.764166666666638,15.933749999999993,16.817446808510674
605008,2022-09-28,15.05,14.38,15.15,14.3,15.0,15380.6,22438300.0,15.1,15.4,15.928999999999984,16.32,16.56,25.49,-0.49,-0.34,-0.15,长鸿高科,化学原料和化学制品制造业,主板,14.982500000000051,15.26249999999999,15.579166666666637,15.808124999999993,16.748085106383016
605008,2022-09-29,14.56,15.0,15.36,14.42,14.38,22606.2,33700300.0,14.99,15.31,15.868499999999987,16.26,16.57,37.39,-0.49,-0.37,-0.12,长鸿高科,化学原料和化学制品制造业,主板,14.882500000000052,15.184999999999988,15.44499999999997,15.726874999999993,16.69234042553195
605008,2022-09-30,15.0,14.97,15.25,14.76,15.0,10723.9,16018200.0,14.9,15.21,15.792999999999987,16.2,16.59,37.08,-0.49,-0.39,-0.1,长鸿高科,化学原料和化学制品制造业,主板,14.837500000000054,15.123749999999987,15.33249999999997,15.627499999999994,16.642127659574502
605008,2022-10-10,15.45,15.8,16.02,13.52,14.97,34852.8,54266700.0,15.03,15.22,15.754499999999988,16.17,16.62,49.5,-0.42,-0.4,-0.02,长鸿高科,化学原料和化学制品制造业,主板,15.037500000000055,15.161249999999988,15.318333333333305,15.582499999999994,16.605531914893653
605008,2022-10-11,15.88,15.55,16.0,15.52,15.8,16820.4,26388500.0,15.14,15.23,15.712499999999988,16.11,16.64,46.52,-0.38,-0.4,0.02,长鸿高科,化学原料和化学制品制造业,主板,15.330000000000053,15.15624999999999,15.284999999999973,15.516874999999994,16.563829787234077
605008,2022-10-12,15.52,16.02,16.02,15.39,15.55,19068.6,29971700.0,15.47,15.29,15.698499999999987,16.05,16.67,52.33,-0.3,-0.38,0.08,长鸿高科,化学原料和化学制品制造业,主板,15.585000000000054,15.23374999999999,15.318333333333307,15.479999999999993,16.530851063829818
605008,2022-10-13,16.02,16.16,16.3,16.02,16.02,15753.2,25483000.0,15.7,15.34,15.678499999999989,16.01,16.67,53.93,-0.22,-0.35,0.13,长鸿高科,化学原料和化学制品制造业,主板,15.882500000000054,15.359999999999989,15.376666666666639,15.469999999999995,16.487872340425564
605008,2022-10-14,16.36,16.37,16.48,16.16,16.16,14458.4,23625700.0,15.98,15.44,15.670999999999989,15.99,16.67,56.31,-0.15,-0.31,0.16,长鸿高科,化学原料和化学制品制造业,主板,16.025000000000055,15.53124999999999,15.44916666666664,15.494999999999996,16.469148936170246
605008,2022-10-17,16.3,16.33,16.62,16.18,16.37,13096.6,21408300.0,16.09,15.56,15.657499999999988,15.95,16.66,55.72,-0.09,-0.26,0.17,长鸿高科,化学原料和化学制品制造业,主板,16.220000000000056,15.774999999999991,15.510833333333307,15.518749999999997,16.45510638297876
605008,2022-10-18,16.33,16.87,16.9,16.2,16.33,23117.6,38423300.0,16.35,15.74,15.670499999999986,15.94,16.65,61.57,-0.01,-0.21,0.2,长鸿高科,化学原料和化学制品制造业,主板,16.432500000000058,16.008749999999992,15.633333333333306,15.596874999999997,16.448297872340458
605008,2022-10-19,16.86,16.68,17.28,16.61,16.87,20713.6,34931300.0,16.48,15.98,15.688499999999987,15.94,16.65,58.63,0.05,-0.16,0.21,长鸿高科,化学原料和化学制品制造业,主板,16.562500000000057,16.222499999999993,15.760833333333307,15.673124999999997,16.424468085106415
605008,2022-10-20,16.68,16.68,16.88,16.48,16.68,17027.6,28379500.0,16.59,16.14,15.723999999999986,15.96,16.64,58.63,0.1,-0.11,0.21,长鸿高科,化学原料和化学制品制造业,主板,16.640000000000057,16.332499999999992,15.900833333333308,15.746874999999996,16.403829787234073
605008,2022-10-21,16.68,16.5,16.78,16.36,16.68,9400.2,15496500.0,16.61,16.3,15.751499999999988,15.96,16.63,55.72,0.12,-0.06,0.18,长鸿高科,化学原料和化学制品制造业,主板,16.682500000000058,16.45124999999999,16.077499999999976,15.803749999999996,16.393829787234075
605008,2022-10-24,16.72,16.5,16.8,16.3,16.5,15317.9,25341100.0,16.65,16.37,15.795499999999986,15.96,16.61,55.72,0.13,-0.02,0.15,长鸿高科,化学原料和化学制品制造业,主板,16.590000000000057,16.51124999999999,16.202499999999976,15.872499999999993,16.374468085106415
605008,2022-10-25,16.5,16.56,16.81,16.32,16.5,17620.2,29215400.0,16.58,16.47,15.850499999999988,15.96,16.59,56.55,0.15,0.01,0.14,长鸿高科,化学原料和化学制品制造业,主板,16.56000000000006,16.56124999999999,16.334999999999976,15.960624999999991,16.33744680851067
605008,2022-10-26,16.72,16.53,16.81,16.25,16.56,17680.2,29177900.0,16.55,16.52,15.901999999999987,15.97,16.58,55.98,0.15,0.04,0.11,长鸿高科,化学原料和化学制品制造业,主板,16.522500000000058,16.58124999999999,16.395833333333307,16.05624999999999,16.306170212765988
605008,2022-10-27,16.55,16.6,16.75,16.45,16.53,12811.6,21287700.0,16.54,16.56,15.95249999999999,15.97,16.56,57.07,0.16,0.06,0.1,长鸿高科,化学原料和化学制品制造业,主板,16.547500000000056,16.614999999999988,16.483333333333306,16.194999999999993,16.291914893617054
605008,2022-10-28,16.58,16.45,16.6,16.12,16.6,11721.4,19187500.0,16.53,16.57,16.00499999999999,15.97,16.55,53.99,0.15,0.08,0.07,长鸿高科,化学原料和化学制品制造业,主板,16.535000000000057,16.562499999999986,16.51916666666664,16.285624999999992,16.278510638297906
605008,2022-10-31,16.42,16.3,16.47,16.03,16.45,13435.0,21764600.0,16.49,16.57,16.062499999999993,15.96,16.52,51.04,0.13,0.09,0.04,长鸿高科,化学原料和化学制品制造业,主板,16.470000000000056,16.514999999999986,16.530833333333305,16.36874999999999,16.269574468085136
605008,2022-11-01,16.3,16.49,16.69,16.17,16.3,21846.1,35751700.0,16.47,16.53,16.136999999999993,15.96,16.5,54.44,0.13,0.1,0.03,长鸿高科,化学原料和化学制品制造业,主板,16.460000000000054,16.491249999999987,16.540833333333307,16.41187499999999,16.265106382978754
605008,2022-11-02,16.65,16.99,17.28,16.55,16.49,30662.7,51989300.0,16.57,16.56,16.26749999999999,15.98,16.49,61.94,0.17,0.11,0.06,长鸿高科,化学原料和化学制品制造业,主板,16.557500000000054,16.552499999999988,16.595833333333307,16.50187499999999,16.267872340425562
605008,2022-11-03,17.0,16.66,17.1,16.63,16.99,15976.3,26794600.0,16.58,16.56,16.350499999999993,16.0,16.49,55.45,0.17,0.12,0.05,长鸿高科,化学原料和化学制品制造业,主板,16.610000000000053,16.572499999999987,16.57833333333331,16.541874999999994,16.254255319148967
605008,2022-11-04,16.8,16.77,16.93,16.62,16.66,19344.2,32391500.0,16.64,16.58,16.440499999999993,16.03,16.48,57.07,0.18,0.14,0.04,长鸿高科,化学原料和化学制品制造业,主板,16.727500000000052,16.59874999999999,16.58583333333331,16.57999999999999,16.235744680851095
605008,2022-11-07,16.9,16.78,17.13,16.74,16.77,18216.4,30697400.0,16.74,16.61,16.48949999999999,16.07,16.46,57.22,0.18,0.14,0.04,长鸿高科,化学原料和化学制品制造业,主板,16.800000000000054,16.62999999999999,16.59416666666664,16.60562499999999,16.221489361702154
605008,2022-11-08,16.84,17.12,17.31,16.69,16.78,22949.2,39061200.0,16.86,16.67,16.56799999999999,16.12,16.45,62.12,0.21,0.16,0.05,长鸿高科,化学原料和化学制品制造业,主板,16.832500000000056,16.69499999999999,16.645833333333307,16.65499999999999,16.224468085106412
605008,2022-11-09,17.2,17.12,17.27,16.99,17.12,10806.2,18440000.0,16.89,16.73,16.62299999999999,16.18,16.46,62.12,0.23,0.17,0.06,长鸿高科,化学原料和化学制品制造业,主板,16.94750000000006,16.77874999999999,16.697499999999973,16.67062499999999,16.212978723404284
605008,2022-11-10,17.1,16.8,17.14,16.66,17.12,20712.6,34858700.0,16.92,16.75,16.65499999999999,16.22,16.45,55.21,0.22,0.18,0.04,长鸿高科,化学原料和化学制品制造业,主板,16.95500000000006,16.84124999999999,16.717499999999976,16.67812499999999,16.208085106383006
605008,2022-11-11,17.08,16.75,17.18,16.72,16.8,17440.0,29542600.0,16.91,16.78,16.67399999999999,16.26,16.42,54.2,0.2,0.19,0.01,长鸿高科,化学原料和化学制品制造业,主板,16.94750000000006,16.87374999999999,16.735833333333307,16.68249999999999,16.21127659574471
605008,2022-11-14,16.8,16.48,16.91,16.4,16.75,16513.6,27541100.0,16.85,16.8,16.681499999999993,16.31,16.4,48.97,0.17,0.18,-0.01,长鸿高科,化学原料和化学制品制造业,主板,16.78750000000006,16.809999999999988,16.72583333333331,16.68124999999999,16.217021276595773
605008,2022-11-15,16.6,16.54,16.63,16.4,16.48,14582.4,24026300.0,16.74,16.8,16.664999999999992,16.36,16.38,50.12,0.14,0.17,-0.03,长鸿高科,化学原料和化学制品制造业,主板,16.642500000000055,16.794999999999987,16.73333333333331,16.683749999999993,16.21829787234045
605008,2022-11-16,16.58,16.49,16.65,16.46,16.54,7450.0,12318400.0,16.61,16.75,16.655499999999993,16.43,16.37,49.13,0.11,0.16,-0.05,长鸿高科,化学原料和化学制品制造业,主板,16.565000000000055,16.759999999999987,16.749166666666643,16.679374999999993,16.216595744680877
605008,2022-11-17,16.65,16.49,16.67,16.38,16.49,8222.0,13521200.0,16.55,16.73,16.645999999999994,16.48,16.37,49.13,0.1,0.15,-0.05,长鸿高科,化学原料和化学制品制造业,主板,16.500000000000053,16.72374999999999,16.749166666666643,16.676874999999995,16.218723404255346
605008,2022-11-18,16.49,16.2,16.52,16.1,16.49,13863.0,22600900.0,16.44,16.68,16.630999999999993,16.52,16.36,43.34,0.05,0.13,-0.08,长鸿高科,化学原料和化学制品制造业,主板,16.430000000000053,16.608749999999986,16.683333333333305,16.651874999999993,16.21659574468088
605008,2022-11-21,16.2,16.96,16.98,16.06,16.2,21124.5,35088200.0,16.54,16.7,16.65399999999999,16.56,16.36,57.48,0.08,0.12,-0.04,长鸿高科,化学原料和化学制品制造业,主板,16.535000000000053,16.588749999999987,16.708333333333307,16.683749999999993,16.225106382978755
605008,2022-11-22,16.96,17.88,18.29,16.87,16.96,68278.6,121279000.0,16.8,16.77,16.71999999999999,16.64,16.37,67.92,0.18,0.13,0.05,长鸿高科,化学原料和化学制品制造业,主板,16.882500000000054,16.723749999999985,16.800833333333305,16.78249999999999,16.25404255319152
605008,2022-11-23,17.6,17.21,17.8,17.02,17.88,40539.0,70430100.0,16.95,16.78,16.75399999999999,16.68,16.36,56.95,0.2,0.15,0.05,长鸿高科,化学原料和化学制品制造业,主板,17.062500000000053,16.781249999999986,16.83666666666664,16.82749999999999,16.267021276595774
605008,2022-11-24,17.2,18.55,18.87,17.2,17.21,91489.2,168073000.0,17.36,16.96,16.85149999999999,16.76,16.38,68.06,0.31,0.18,0.13,长鸿高科,化学原料和化学制品制造业,主板,17.650000000000052,17.03999999999999,16.955833333333306,16.92499999999999,16.308297872340454
605008,2022-11-25,18.5,18.42,18.69,18.31,18.55,40282.7,74381300.0,17.8,17.12,16.949999999999992,16.82,16.41,66.27,0.39,0.22,0.17,长鸿高科,化学原料和化学制品制造业,主板,18.01500000000005,17.274999999999988,17.06416666666664,17.03499999999999,16.352978723404284
605008,2022-11-28,18.27,18.33,19.2,18.09,18.42,62253.6,116500000.0,18.08,17.31,17.05149999999999,16.89,16.42,65.0,0.45,0.27,0.18,长鸿高科,化学原料和化学制品制造业,主板,18.12750000000005,17.50499999999999,17.191666666666638,17.13249999999999,16.40319148936173
605008,2022-11-29,18.44,17.88,18.44,17.82,18.33,59614.9,107664000.0,18.08,17.44,17.120999999999988,16.92,16.43,58.91,0.44,0.3,0.14,长鸿高科,化学原料和化学制品制造业,主板,18.29500000000005,17.678749999999987,17.285833333333304,17.201249999999987,16.44425531914896
605008,2022-11-30,18.0,18.0,18.52,17.66,17.88,39978.1,72263000.0,18.24,17.59,17.171499999999988,16.97,16.46,59.99,0.45,0.33,0.12,长鸿高科,化学原料和化学制品制造业,主板,18.157500000000052,17.903749999999988,17.412499999999973,17.256249999999987,16.494893617021305
605008,2022-12-01,17.95,18.35,18.65,17.85,18.0,40192.4,73830300.0,18.2,17.78,17.25599999999999,17.02,16.49,63.03,0.47,0.36,0.11,长鸿高科,化学原料和化学制品制造业,主板,18.140000000000054,18.077499999999986,17.563333333333308,17.33312499999999,16.55638297872343
605008,2022-12-02,18.35,18.21,18.79,18.05,18.35,29396.6,53977800.0,18.15,17.98,17.32799999999999,17.08,16.52,61.03,0.47,0.38,0.09,长鸿高科,化学原料和化学制品制造业,主板,18.110000000000053,18.118749999999988,17.70666666666664,17.421249999999986,16.614042553191517
605008,2022-12-05,18.5,18.21,18.54,18.0,18.21,19965.4,36184300.0,18.13,18.1,17.39949999999999,17.14,16.55,61.03,0.48,0.4,0.08,长鸿高科,化学原料和化学制品制造业,主板,18.192500000000052,18.243749999999988,17.849999999999973,17.512499999999985,16.66978723404258
605008,2022-12-06,18.12,18.09,18.31,17.99,18.21,15771.8,28587400.0,18.17,18.12,17.447999999999986,17.19,16.58,59.17,0.45,0.41,0.04,长鸿高科,化学原料和化学制品制造业,主板,18.215000000000053,18.186249999999987,18.007499999999975,17.613124999999982,16.727021276595774
605008,2022-12-07,18.21,18.43,18.57,18.08,18.09,29304.0,53673300.0,18.26,18.25,17.513499999999986,17.25,16.61,62.65,0.46,0.42,0.04,长鸿高科,化学原料和化学制品制造业,主板,18.235000000000056,18.187499999999986,18.129999999999974,17.73124999999998,16.796808510638325
605008,2022-12-08,18.62,18.61,19.15,18.47,18.43,48020.0,89860100.0,18.31,18.25,17.60399999999999,17.32,16.65,64.38,0.48,0.43,0.05,长鸿高科,化学原料和化学制品制造业,主板,18.335000000000058,18.22249999999999,18.190833333333305,17.863749999999982,16.873617021276623
605008,2022-12-09,18.58,18.06,18.58,18.05,18.61,27453.0,50241800.0,18.28,18.22,17.66949999999999,17.37,16.67,55.86,0.45,0.44,0.01,长鸿高科,化学原料和化学制品制造业,主板,18.297500000000056,18.24499999999999,18.26166666666664,17.96187499999998,16.951914893617047
605008,2022-12-12,18.16,18.12,18.38,17.89,18.06,19617.6,35536000.0,18.26,18.2,17.751499999999986,17.43,16.7,56.53,0.41,0.43,-0.02,长鸿高科,化学原料和化学制品制造业,主板,18.305000000000057,18.25999999999999,18.225833333333306,18.081874999999982,17.01829787234045
605008,2022-12-13,17.9,17.93,18.23,17.88,18.12,16642.4,29993100.0,18.23,18.2,17.820999999999987,17.48,16.72,53.73,0.37,0.42,-0.05,长鸿高科,化学原料和化学制品制造业,主板,18.180000000000057,18.207499999999992,18.184999999999974,18.142499999999984,17.081276595744708
605008,2022-12-14,18.0,18.59,18.73,18.0,17.93,32051.8,59276000.0,18.26,18.26,17.925999999999984,17.53,16.76,60.97,0.38,0.41,-0.03,长鸿高科,化学原料和化学制品制造业,主板,18.175000000000058,18.254999999999992,18.20666666666664,18.186874999999983,17.140638297872368
605008,2022-12-15,18.87,18.69,19.28,18.58,18.59,59044.4,111434000.0,18.28,18.29,18.035999999999984,17.6,16.8,61.95,0.4,0.41,-0.01,长鸿高科,化学原料和化学制品制造业,主板,18.332500000000056,18.31499999999999,18.27416666666664,18.279374999999984,17.207446808510667
605008,2022-12-16,18.82,18.0,18.82,17.86,18.69,30804.1,56051000.0,18.27,18.27,18.125999999999983,17.64,16.84,52.27,0.35,0.4,-0.05,长鸿高科,化学原料和化学制品制造业,主板,18.302500000000055,18.30374999999999,18.27416666666664,18.244999999999983,17.249574468085136
605008,2022-12-19,17.8,17.35,17.94,17.23,18.0,24152.6,42175900.0,18.11,18.19,18.145499999999988,17.66,16.87,45.12,0.26,0.37,-0.11,长鸿高科,化学原料和化学制品制造业,主板,18.157500000000056,18.16874999999999,18.190833333333305,18.178124999999984,17.274893617021306
605008,2022-12-20,17.35,17.4,17.68,17.28,17.35,17850.1,31121100.0,18.01,18.12,18.121499999999987,17.67,16.9,45.73,0.19,0.33,-0.14,长鸿高科,化学原料和化学制品制造业,主板,17.860000000000056,18.01749999999999,18.123333333333306,18.119999999999983,17.29680851063833
605008,2022-12-21,17.4,17.17,17.42,17.01,17.4,11221.2,19232400.0,17.72,17.99,18.119499999999988,17.67,16.93,43.33,0.11,0.29,-0.18,长鸿高科,化学原料和化学制品制造业,主板,17.480000000000057,17.906249999999993,18.03666666666664,18.075624999999985,17.31468085106386
605008,2022-12-22,17.13,17.06,17.49,16.81,17.17,15778.2,26854000.0,17.4,17.84,18.044999999999987,17.68,16.95,42.18,0.04,0.24,-0.2,长鸿高科,化学原料和化学制品制造业,主板,17.245000000000058,17.773749999999993,17.950833333333307,18.016874999999985,17.318723404255348
605008,2022-12-23,17.01,16.32,17.18,16.27,17.06,17228.3,28569000.0,17.06,17.66,17.939999999999987,17.67,16.96,35.42,-0.08,0.18,-0.26,长鸿高科,化学原料和化学制品制造业,主板,16.98750000000006,17.57249999999999,17.774999999999974,17.889999999999983,17.311063829787262
605008,2022-12-26,16.64,17.09,17.2,16.43,16.32,34324.2,57851000.0,17.01,17.56,17.877999999999986,17.69,17.0,45.26,-0.1,0.12,-0.22,长鸿高科,化学原料和化学制品制造业,主板,16.91000000000006,17.38499999999999,17.64833333333331,17.819999999999983,17.319787234042582
605008,2022-12-27,17.1,17.05,17.13,16.85,17.09,16144.0,27411000.0,16.94,17.47,17.836499999999987,17.7,17.03,44.88,-0.13,0.07,-0.2,长鸿高科,化学原料和化学制品制造业,主板,16.88000000000006,17.179999999999993,17.56416666666664,17.747499999999985,17.331489361702157
605008,2022-12-28,17.17,16.9,17.2,16.73,17.05,18607.4,31456900.0,16.88,17.3,17.781499999999987,17.72,17.07,43.39,-0.15,0.03,-0.18,长鸿高科,化学原料和化学制品制造业,主板,16.84000000000006,17.042499999999993,17.462499999999974,17.673124999999985,17.34000000000003
605008,2022-12-29,17.15,16.48,17.18,16.42,16.9,20495.0,34160200.0,16.77,17.08,17.687999999999985,17.72,17.1,39.47,-0.21,-0.02,-0.19,长鸿高科,化学原料和化学制品制造业,主板,16.88000000000006,16.933749999999993,17.34166666666664,17.551249999999985,17.338297872340455
605008,2022-12-30,16.6,16.31,16.6,16.13,16.48,22501.1,36740100.0,16.77,16.91,17.592999999999986,17.72,17.12,37.97,-0.26,-0.07,-0.19,长鸿高科,化学原料和化学制品制造业,主板,16.68500000000006,16.797499999999992,17.15166666666664,17.407499999999985,17.333617021276627
605008,2023-01-03,16.31,15.96,16.49,15.8,16.31,29715.4,47768800.0,16.54,16.77,17.480499999999985,17.69,17.12,35.02,-0.33,-0.12,-0.21,长鸿高科,化学原料和化学制品制造业,主板,16.412500000000062,16.646249999999995,16.92416666666664,17.276249999999983,17.320000000000032
605008,2023-01-04,15.93,15.79,15.95,15.25,15.96,37905.6,59217100.0,16.29,16.61,17.36549999999999,17.62,17.13,33.65,-0.39,-0.17,-0.22,长鸿高科,化学原料和化学制品制造业,主板,16.135000000000062,16.487499999999994,16.739999999999974,17.130624999999984,17.305957446808538
605008,2023-01-05,15.8,15.72,15.92,15.53,15.79,24316.4,38224600.0,16.05,16.47,17.22999999999999,17.57,17.12,33.08,-0.44,-0.23,-0.21,长鸿高科,化学原料和化学制品制造业,主板,15.94500000000006,16.412499999999994,16.60416666666664,16.992499999999986,17.293617021276628
605008,2023-01-06,15.85,15.93,16.2,15.75,15.72,25354.6,40360600.0,15.94,16.35,17.09599999999999,17.48,17.12,36.57,-0.46,-0.27,-0.19,长鸿高科,化学原料和化学制品制造业,主板,15.850000000000058,16.267499999999995,16.48166666666664,16.826249999999987,17.281702127659603
605008,2023-01-09,16.03,15.65,16.05,15.65,15.93,22372.6,35357100.0,15.81,16.29,16.97549999999999,17.39,17.11,34.02,-0.49,-0.32,-0.17,长鸿高科,化学原料和化学制品制造业,主板,15.77250000000006,16.092499999999994,16.354999999999976,16.636249999999986,17.25319148936173
605008,2023-01-10,15.74,15.3,15.74,15.18,15.65,25951.3,39746200.0,15.68,16.11,16.834499999999988,17.29,17.09,31.11,-0.53,-0.36,-0.17,长鸿高科,化学原料和化学制品制造业,主板,15.65000000000006,15.892499999999995,16.20833333333331,16.467499999999987,17.224255319148963
605008,2023-01-11,15.31,15.09,15.32,15.07,15.3,17619.7,26692200.0,15.54,15.91,16.69249999999999,17.2,17.06,29.48,-0.58,-0.4,-0.18,长鸿高科,化学原料和化学制品制造业,主板,15.49250000000006,15.718749999999995,16.10583333333331,16.326249999999984,17.188510638297902
605008,2023-01-12,15.08,15.14,15.2,14.95,15.09,11716.5,17689600.0,15.42,15.74,16.51999999999999,17.1,17.03,30.41,-0.61,-0.45,-0.16,长鸿高科,化学原料和化学制品制造业,主板,15.29500000000006,15.572499999999994,15.943333333333312,16.184999999999985,17.153617021276624
605008,2023-01-13,15.19,15.02,15.19,14.97,15.14,13347.5,20089000.0,15.24,15.59,16.336499999999987,16.99,17.01,29.4,-0.64,-0.48,-0.16,长鸿高科,化学原料和化学制品制造业,主板,15.137500000000061,15.454999999999995,15.774166666666645,16.050624999999982,17.108936170212797
605008,2023-01-16,15.1,15.17,15.35,15.07,15.02,21211.3,32190600.0,15.14,15.48,16.194999999999986,16.89,16.98,32.42,-0.63,-0.51,-0.12,长鸿高科,化学原料和化学制品制造业,主板,15.10500000000006,15.377499999999994,15.629999999999976,15.932499999999983,17.067446808510667
605008,2023-01-17,15.22,15.1,15.24,15.05,15.17,8988.2,13590100.0,15.1,15.39,16.08249999999999,16.78,16.96,31.74,-0.63,-0.54,-0.09,长鸿高科,化学原料和化学制品制造业,主板,15.107500000000059,15.299999999999994,15.514999999999977,15.856249999999985,17.03127659574471
605008,2023-01-18,15.18,15.14,15.19,15.02,15.1,9142.4,13818200.0,15.11,15.33,15.969499999999988,16.69,16.94,32.61,-0.62,-0.55,-0.07,长鸿高科,化学原料和化学制品制造业,主板,15.107500000000059,15.201249999999995,15.417499999999976,15.734374999999984,16.997021276595774
605008,2023-01-19,15.14,15.07,15.17,14.94,15.14,15649.0,23530500.0,15.1,15.26,15.864499999999987,16.57,16.91,31.84,-0.6,-0.56,-0.04,长鸿高科,化学原料和化学制品制造业,主板,15.120000000000058,15.128749999999993,15.343333333333307,15.610624999999985,16.967021276595776
605008,2023-01-20,15.14,15.28,15.28,15.07,15.07,14385.6,21887700.0,15.15,15.2,15.775499999999985,16.46,16.89,36.65,-0.58,-0.57,-0.01,长鸿高科,化学原料和化学制品制造业,主板,15.147500000000058,15.126249999999994,15.300833333333308,15.509374999999983,16.940212765957476
605008,2023-01-30,15.28,15.43,15.64,15.28,15.28,20674.8,31973900.0,15.2,15.17,15.730999999999986,16.38,16.87,39.92,-0.53,-0.56,0.03,长鸿高科,化学原料和化学制品制造业,主板,15.230000000000059,15.168749999999992,15.276666666666642,15.443749999999982,16.917659574468114
605008,2023-01-31,15.43,15.55,15.57,15.38,15.43,14919.6,23125600.0,15.29,15.2,15.653999999999987,16.29,16.86,42.47,-0.48,-0.54,0.06,长鸿高科,化学原料和化学制品制造业,主板,15.33250000000006,15.219999999999994,15.244999999999976,15.39624999999998,16.89765957446811
605008,2023-02-01,15.6,15.78,15.86,15.51,15.55,17588.5,27499400.0,15.42,15.27,15.590499999999986,16.22,16.85,47.11,-0.42,-0.52,0.1,长鸿高科,化学原料和化学制品制造业,主板,15.51000000000006,15.314999999999992,15.255833333333308,15.384999999999978,16.888723404255344
605008,2023-02-02,15.89,15.67,15.89,15.65,15.78,12278.8,19300100.0,15.54,15.32,15.528999999999987,16.12,16.83,45.23,-0.37,-0.49,0.12,长鸿高科,化学原料和化学制品制造业,主板,15.607500000000059,15.377499999999992,15.28666666666664,15.377499999999978,16.861276595744705
605008,2023-02-03,15.72,15.63,15.78,15.54,15.67,13611.0,21268900.0,15.61,15.38,15.486499999999987,16.02,16.81,44.53,-0.34,-0.46,0.12,长鸿高科,化学原料和化学制品制造业,主板,15.657500000000057,15.443749999999994,15.33166666666664,15.37187499999998,16.813404255319174
605008,2023-02-06,15.65,15.63,15.8,15.54,15.63,12873.0,20141900.0,15.65,15.43,15.452499999999986,15.94,16.79,44.53,-0.3,-0.43,0.13,长鸿高科,化学原料和化学制品制造业,主板,15.677500000000059,15.504999999999994,15.372499999999974,15.35312499999998,16.779787234042576
605008,2023-02-07,15.71,15.71,15.76,15.61,15.63,15119.3,23716400.0,15.68,15.49,15.439999999999987,15.88,16.77,46.44,-0.27,-0.4,0.13,长鸿高科,化学原料和化学制品制造业,主板,15.66000000000006,15.584999999999994,15.429999999999973,15.35687499999998,16.719361702127685
605008,2023-02-08,15.71,15.58,15.82,15.57,15.71,10940.4,17162000.0,15.64,15.53,15.429499999999985,15.82,16.75,43.8,-0.25,-0.37,0.12,长鸿高科,化学原料和化学制品制造业,主板,15.63750000000006,15.622499999999995,15.464166666666642,15.37437499999998,16.658936170212794
605008,2023-02-09,15.56,15.81,15.81,15.54,15.58,16299.6,25601300.0,15.67,15.61,15.433999999999983,15.78,16.73,49.29,-0.21,-0.34,0.13,长鸿高科,化学原料和化学制品制造业,主板,15.68250000000006,15.669999999999995,15.52333333333331,15.41937499999998,16.605319148936196
605008,2023-02-10,15.9,15.75,15.91,15.69,15.81,11554.7,18221600.0,15.7,15.65,15.424999999999983,15.74,16.71,47.98,-0.19,-0.31,0.12,长鸿高科,化学原料和化学制品制造业,主板,15.71250000000006,15.694999999999995,15.574166666666642,15.457499999999982,16.560000000000024
605008,2023-02-13,15.75,16.1,16.22,15.74,15.75,21972.6,35155200.0,15.79,15.72,15.447499999999986,15.73,16.7,55.45,-0.14,-0.27,0.13,长鸿高科,化学原料和化学制品制造业,主板,15.810000000000061,15.734999999999996,15.659999999999975,15.524999999999983,16.519574468085132
605008,2023-02-14,16.1,16.28,16.36,16.08,16.1,22016.4,35770000.0,15.9,15.79,15.496499999999983,15.7,16.69,58.74,-0.08,-0.23,0.15,长鸿高科,化学原料和化学制品制造业,主板,15.98500000000006,15.811249999999996,15.74333333333331,15.594374999999983,16.47553191489364
605008,2023-02-15,16.29,16.15,16.32,16.08,16.28,13677.8,22115800.0,16.02,15.83,15.549499999999984,15.67,16.69,55.55,-0.04,-0.2,0.16,长鸿高科,化学原料和化学制品制造业,主板,16.070000000000057,15.876249999999995,15.803333333333308,15.659999999999984,16.431702127659598
605008,2023-02-16,16.15,15.58,16.16,15.41,16.15,24973.8,39622100.0,15.97,15.82,15.571499999999983,15.63,16.67,44.23,-0.06,-0.17,0.11,长鸿高科,化学原料和化学制品制造业,主板,16.027500000000057,15.869999999999997,15.80583333333331,15.687499999999986,16.37574468085109
605008,2023-02-17,15.6,15.6,15.92,15.53,15.58,12434.9,19486800.0,15.94,15.82,15.600499999999986,15.6,16.66,44.65,-0.08,-0.15,0.07,长鸿高科,化学原料和化学制品制造业,主板,15.902500000000055,15.856249999999996,15.790833333333309,15.720624999999988,16.322765957446833
605008,2023-02-20,15.65,15.49,15.7,15.34,15.6,13004.8,20093100.0,15.82,15.81,15.616499999999984,15.57,16.65,42.72,-0.09,-0.14,0.05,长鸿高科,化学原料和化学制品制造业,主板,15.705000000000055,15.844999999999997,15.77583333333331,15.733749999999988,16.260212765957473
605008,2023-02-21,15.58,15.69,15.75,15.5,15.49,11215.0,17569000.0,15.7,15.8,15.645999999999983,15.56,16.62,47.2,-0.09,-0.13,0.04,长鸿高科,化学原料和化学制品制造业,主板,15.590000000000055,15.829999999999998,15.78083333333331,15.74999999999999,16.198085106383004
605008,2023-02-22,15.68,15.61,15.75,15.56,15.69,11215.5,17520300.0,15.59,15.81,15.669499999999985,15.56,16.59,45.66,-0.09,-0.12,0.03,长鸿高科,化学原料和化学制品制造业,主板,15.597500000000057,15.8125,15.779166666666645,15.75374999999999,16.145957446808538
605008,2023-02-23,15.61,15.51,15.74,15.46,15.61,8801.4,13699000.0,15.58,15.78,15.691499999999985,15.55,16.56,43.74,-0.1,-0.12,0.02,长鸿高科,化学原料和化学制品制造业,主板,15.575000000000058,15.73875,15.762499999999976,15.736874999999989,16.09042553191492
605008,2023-02-24,15.47,15.5,15.7,15.45,15.51,7914.6,12277900.0,15.56,15.75,15.702499999999986,15.53,16.51,43.54,-0.1,-0.11,0.01,长鸿高科,化学原料和化学制品制造业,主板,15.57750000000006,15.64125,15.755833333333308,15.726249999999991,16.038723404255347
605008,2023-02-27,15.51,15.66,15.92,15.4,15.5,20389.7,32021700.0,15.59,15.71,15.713999999999988,15.53,16.46,47.61,-0.1,-0.11,0.01,长鸿高科,化学原料和化学制品制造业,主板,15.57000000000006,15.579999999999998,15.74333333333331,15.728124999999991,15.97638297872343
605008,2023-02-28,15.66,15.52,15.81,15.42,15.66,15642.0,24323300.0,15.56,15.63,15.712499999999986,15.54,16.41,44.58,-0.1,-0.11,0.01,长鸿高科,化学原料和化学制品制造业,主板,15.54750000000006,15.5725,15.724166666666642,15.72124999999999,15.90893617021279
605008,2023-03-01,15.58,15.47,15.63,15.43,15.52,10659.0,16517400.0,15.53,15.56,15.696999999999989,15.55,16.37,43.52,-0.1,-0.11,0.01,长鸿高科,化学原料和化学制品制造业,主板,15.53750000000006,15.556250000000002,15.671666666666644,15.706249999999992,15.855106382978748
605008,2023-03-02,15.54,15.83,15.88,15.46,15.47,25323.7,39648100.0,15.6,15.59,15.704999999999988,15.58,16.34,52.34,-0.08,-0.1,0.02,长鸿高科,化学原料和化学制品制造业,主板,15.620000000000061,15.598750000000004,15.634166666666644,15.721874999999992,15.822765957446835
605008,2023-03-03,15.81,15.41,15.86,15.35,15.83,27083.0,41959400.0,15.58,15.57,15.693999999999988,15.59,16.29,43.76,-0.09,-0.1,0.01,长鸿高科,化学原料和化学制品制造业,主板,15.557500000000061,15.563750000000006,15.572499999999977,15.696874999999991,15.780425531914918
605008,2023-03-06,15.38,15.3,15.41,15.09,15.41,15327.5,23331700.0,15.51,15.55,15.67749999999999,15.59,16.24,41.82,-0.11,-0.1,-0.01,长鸿高科,化学原料和化学制品制造业,主板,15.502500000000062,15.525000000000007,15.549166666666643,15.668749999999992,15.740638297872366
605008,2023-03-07,15.33,15.15,15.42,15.06,15.3,16350.9,24906100.0,15.43,15.5,15.649499999999989,15.6,16.19,39.27,-0.13,-0.11,-0.02,长鸿高科,化学原料和化学制品制造业,主板,15.422500000000063,15.480000000000006,15.511666666666644,15.609374999999991,15.700000000000026
605008,2023-03-08,15.15,15.05,15.21,14.99,15.15,9846.4,14807000.0,15.35,15.44,15.62299999999999,15.59,16.14,37.62,-0.16,-0.12,-0.04,长鸿高科,化学原料和化学制品制造业,主板,15.227500000000063,15.423750000000005,15.474999999999978,15.53249999999999,15.67297872340428
605008,2023-03-09,15.06,15.09,15.28,15.05,15.05,9891.57,14975800.0,15.2,15.4,15.586999999999989,15.59,16.08,38.73,-0.17,-0.13,-0.04,长鸿高科,化学原料和化学制品制造业,主板,15.147500000000065,15.352500000000006,15.424999999999978,15.46624999999999,15.630425531914918
605008,2023-03-10,15.08,14.95,15.15,14.93,15.09,11434.4,17136800.0,15.11,15.34,15.546999999999988,15.58,16.02,36.3,-0.2,-0.14,-0.06,长鸿高科,化学原料和化学制品制造业,主板,15.060000000000066,15.281250000000005,15.369999999999976,15.42687499999999,15.58574468085109
605008,2023-03-13,15.05,14.97,15.08,14.93,14.95,8335.68,12489100.0,15.04,15.27,15.490499999999988,15.57,15.97,36.91,-0.21,-0.16,-0.05,长鸿高科,化学原料和化学制品制造业,主板,15.015000000000066,15.218750000000007,15.324999999999976,15.38749999999999,15.544680851063857
605008,2023-03-14,14.99,14.98,15.18,14.9,14.97,11697.0,17537200.0,15.01,15.22,15.425499999999989,15.55,15.92,37.23,-0.22,-0.17,-0.05,长鸿高科,化学原料和化学制品制造业,主板,14.997500000000066,15.112500000000006,15.281666666666643,15.35562499999999,15.512765957446836
605008,2023-03-15,15.07,15.08,15.37,15.03,14.98,8626.8,13072000.0,15.01,15.18,15.37199999999999,15.52,15.87,40.51,-0.21,-0.18,-0.03,长鸿高科,化学原料和化学制品制造业,主板,14.995000000000065,15.071250000000006,15.233333333333311,15.317499999999988,15.48659574468088
605008,2023-03-16,15.08,14.96,15.15,14.94,15.08,9007.69,13531900.0,14.99,15.09,15.340999999999989,15.5,15.81,37.95,-0.21,-0.18,-0.03,长鸿高科,化学原料和化学制品制造业,主板,14.997500000000063,15.028750000000008,15.186666666666644,15.276874999999986,15.4653191489362
605008,2023-03-17,15.06,14.91,15.08,14.9,14.96,13594.2,20383400.0,14.98,15.04,15.30649999999999,15.48,15.75,36.9,-0.22,-0.19,-0.03,长鸿高科,化学原料和化学制品制造业,主板,14.982500000000062,14.998750000000008,15.139999999999977,15.239374999999988,15.44659574468088
605008,2023-03-20,15.02,15.15,15.36,14.87,14.91,18880.9,28557000.0,15.02,15.03,15.289499999999986,15.46,15.7,44.78,-0.2,-0.19,-0.01,长鸿高科,化学原料和化学制品制造业,主板,15.025000000000063,15.01125000000001,15.083333333333309,15.217499999999987,15.434468085106412
605008,2023-03-21,15.29,15.26,15.35,15.18,15.15,10575.4,16139800.0,15.07,15.04,15.267999999999986,15.45,15.67,47.98,-0.17,-0.19,0.02,长鸿高科,化学原料和化学制品制造业,主板,15.070000000000064,15.03250000000001,15.07083333333331,15.192499999999987,15.420212765957476
605008,2023-03-22,15.49,15.44,15.66,15.29,15.26,13969.4,21648400.0,15.14,15.08,15.259499999999985,15.44,15.63,52.81,-0.14,-0.18,0.04,长鸿高科,化学原料和化学制品制造业,主板,15.190000000000063,15.093750000000009,15.082499999999975,15.187499999999988,15.415744680851095
605008,2023-03-23,15.54,15.29,15.54,15.15,15.44,13920.2,21250800.0,15.21,15.1,15.248499999999988,15.42,15.6,48.75,-0.11,-0.16,0.05,长鸿高科,化学原料和化学制品制造业,主板,15.285000000000064,15.13375000000001,15.09416666666664,15.176249999999987,15.415531914893648
605008,2023-03-24,15.29,15.38,15.42,15.26,15.29,11334.4,17389800.0,15.3,15.14,15.242499999999987,15.41,15.57,51.18,-0.1,-0.15,0.05,长鸿高科,化学原料和化学制品制造业,主板,15.342500000000063,15.183750000000009,15.12166666666664,15.148124999999988,15.421702127659605
605008,2023-03-27,15.54,16.03,16.25,15.39,15.38,41822.6,66401200.0,15.48,15.25,15.260999999999987,15.41,15.57,64.31,-0.02,-0.13,0.11,长鸿高科,化学原料和化学制品制造业,主板,15.535000000000066,15.302500000000007,15.199999999999973,15.186874999999988,15.44063829787237
605008,2023-03-28,16.06,16.3,16.49,16.03,16.03,35256.0,57568900.0,15.69,15.38,15.299999999999988,15.41,15.56,68.14,0.05,-0.09,0.14,长鸿高科,化学原料和化学制品制造业,主板,15.750000000000068,15.470000000000006,15.312499999999973,15.249374999999986,15.467872340425561
605008,2023-03-29,16.25,16.07,16.27,15.91,16.3,20042.0,32238100.0,15.81,15.48,15.329999999999988,15.41,15.54,62.03,0.1,-0.05,0.15,长鸿高科,化学原料和化学制品制造业,主板,15.94500000000007,15.615000000000006,15.40416666666664,15.306874999999986,15.487021276595776
605008,2023-03-30,16.07,16.07,16.17,15.9,16.07,15608.4,24966400.0,15.97,15.59,15.341999999999988,15.42,15.53,62.03,0.12,-0.02,0.14,长鸿高科,化学原料和化学制品制造业,主板,16.11750000000007,15.730000000000004,15.494999999999974,15.370624999999986,15.507659574468116
605008,2023-03-31,16.07,15.8,16.2,15.73,16.07,17487.8,27725900.0,16.05,15.68,15.361499999999987,15.43,15.51,55.28,0.12,0.01,0.11,长鸿高科,化学原料和化学制品制造业,主板,16.06000000000007,15.797500000000005,15.554999999999973,15.414999999999987,15.521702127659605
605008,2023-04-03,15.78,15.49,15.97,15.45,15.8,23044.0,35844600.0,15.95,15.71,15.370999999999986,15.43,15.5,48.72,0.1,0.03,0.07,长鸿高科,化学原料和化学制品制造业,主板,15.85750000000007,15.803750000000004,15.59916666666664,15.448749999999986,15.53063829787237
605008,2023-04-04,15.59,15.5,15.65,15.35,15.49,12578.0,19530800.0,15.79,15.74,15.388499999999988,15.42,15.49,48.93,0.08,0.04,0.04,长鸿高科,化学原料和化学制品制造业,主板,15.71500000000007,15.830000000000005,15.648333333333307,15.481874999999986,15.535319148936201
605008,2023-04-06,15.55,15.5,15.73,15.48,15.5,13368.5,20848800.0,15.67,15.74,15.410999999999987,15.42,15.49,48.93,0.07,0.04,0.03,长鸿高科,化学原料和化学制品制造业,主板,15.572500000000067,15.845000000000006,15.677499999999974,15.514374999999989,15.53680851063833
605008,2023-04-07,15.51,15.33,15.57,15.33,15.5,11986.4,18486400.0,15.52,15.75,15.422999999999988,15.41,15.48,45.27,0.04,0.04,0.0,长鸿高科,化学原料和化学制品制造业,主板,15.45500000000007,15.757500000000007,15.683333333333309,15.529999999999989,15.532127659574503
605008,2023-04-10,15.33,15.27,15.43,15.19,15.33,11796.1,18004700.0,15.42,15.74,15.438999999999988,15.41,15.47,44.02,0.01,0.04,-0.03,长鸿高科,化学原料和化学制品制造业,主板,15.400000000000068,15.628750000000009,15.669166666666642,15.549374999999989,15.521276595744714
605008,2023-04-11,15.3,15.35,15.67,15.22,15.27,8314.2,12731400.0,15.39,15.67,15.457999999999988,15.4,15.47,46.16,-0.01,0.03,-0.04,长鸿高科,化学原料和化学制品制造业,主板,15.362500000000068,15.538750000000011,15.674166666666643,15.576874999999989,15.514468085106419
605008,2023-04-12,15.38,15.55,15.64,15.38,15.35,12211.8,18952200.0,15.4,15.59,15.486499999999987,15.4,15.47,51.18,0.0,0.02,-0.02,长鸿高科,化学原料和化学制品制造业,主板,15.375000000000068,15.473750000000013,15.688333333333311,15.601874999999987,15.512765957446844
605008,2023-04-13,15.55,15.68,15.85,15.53,15.55,13321.9,20887600.0,15.44,15.55,15.516499999999988,15.4,15.48,54.17,0.02,0.02,0.0,长鸿高科,化学原料和化学制品制造业,主板,15.462500000000066,15.458750000000014,15.659166666666644,15.628124999999986,15.513829787234076
605008,2023-04-14,15.71,15.68,15.87,15.64,15.68,13421.8,21130400.0,15.51,15.52,15.55249999999999,15.4,15.49,54.17,0.02,0.02,0.0,长鸿高科,化学原料和化学制品制造业,主板,15.565000000000065,15.482500000000014,15.607499999999979,15.643124999999987,15.513191489361734
605008,2023-04-17,15.74,15.84,16.05,15.68,15.68,12028.2,19098800.0,15.62,15.52,15.598999999999986,15.41,15.5,57.86,0.05,0.03,0.02,长鸿高科,化学原料和化学制品制造业,主板,15.687500000000066,15.525000000000013,15.588333333333312,15.677499999999986,15.51872340425535
605008,2023-04-18,15.85,15.84,16.01,15.77,15.84,8714.0,13821900.0,15.72,15.55,15.633499999999987,15.43,15.51,57.86,0.06,0.03,0.03,长鸿高科,化学原料和化学制品制造业,主板,15.760000000000066,15.567500000000013,15.569166666666646,15.706249999999986,15.519361702127693
605008,2023-04-19,15.84,15.63,15.86,15.55,15.84,17297.0,27109100.0,15.73,15.57,15.651999999999987,15.45,15.52,51.55,0.05,0.04,0.01,长鸿高科,化学原料和化学制品制造业,主板,15.747500000000064,15.605000000000013,15.554999999999978,15.681249999999986,15.51680851063833
605008,2023-04-20,15.73,15.46,15.79,15.33,15.63,14539.4,22472700.0,15.69,15.56,15.652999999999986,15.46,15.53,47.07,0.04,0.04,0.0,长鸿高科,化学原料和化学制品制造业,主板,15.692500000000065,15.628750000000013,15.552499999999979,15.628749999999986,15.503191489361736
605008,2023-04-21,15.5,15.26,15.58,15.21,15.46,26390.6,40546300.0,15.61,15.56,15.651499999999984,15.47,15.53,42.4,0.01,0.03,-0.02,长鸿高科,化学原料和化学制品制造业,主板,15.547500000000063,15.617500000000014,15.532499999999978,15.578124999999986,15.481489361702161
605008,2023-04-24,15.26,14.99,15.26,14.95,15.26,16259.4,24456600.0,15.44,15.53,15.631999999999985,15.47,15.53,37.06,-0.03,0.02,-0.05,长鸿高科,化学原料和化学制品制造业,主板,15.335000000000061,15.547500000000015,15.489999999999979,15.510624999999987,15.456808510638332
605008,2023-04-25,15.02,14.51,15.18,14.44,14.99,16882.5,24833800.0,15.17,15.44,15.555999999999983,15.45,15.51,29.86,-0.11,-0.01,-0.1,长鸿高科,化学原料和化学制品制造业,主板,15.055000000000062,15.401250000000015,15.421666666666644,15.429999999999986,15.434042553191523
605008,2023-04-26,14.54,14.8,14.94,14.46,14.51,11258.1,16589700.0,15.0,15.37,15.480999999999984,15.45,15.5,37.73,-0.14,-0.03,-0.11,长鸿高科,化学原料和化学制品制造业,主板,14.890000000000063,15.291250000000016,15.382499999999977,15.386874999999986,15.417021276595777
605008,2023-04-27,14.76,14.92,15.05,14.75,14.8,10137.1,15085100.0,14.9,15.29,15.423499999999985,15.44,15.48,40.7,-0.16,-0.06,-0.1,长鸿高科,化学原料和化学制品制造业,主板,14.805000000000062,15.176250000000014,15.346666666666643,15.350624999999987,15.404893617021308
605008,2023-04-28,14.9,14.89,15.08,14.8,14.92,10701.7,15980400.0,14.82,15.21,15.364499999999984,15.44,15.47,40.18,-0.17,-0.08,-0.09,长鸿高科,化学原料和化学制品制造业,主板,14.78000000000006,15.057500000000015,15.291666666666643,15.312499999999986,15.387872340425561
605008,2023-05-04,15.07,14.98,15.2,14.92,14.89,9533.5,14298600.0,14.82,15.13,15.323499999999985,15.44,15.46,42.53,-0.17,-0.1,-0.07,长鸿高科,化学原料和化学制品制造业,主板,14.89750000000006,14.976250000000014,15.233333333333308,15.290624999999986,15.374468085106413
605008,2023-05-05,14.94,14.82,15.08,14.68,14.98,13994.4,20791100.0,14.88,15.03,15.289999999999983,15.43,15.45,39.56,-0.19,-0.12,-0.07,长鸿高科,化学原料和化学制品制造业,主板,14.90250000000006,14.896250000000013,15.16166666666664,15.262499999999987,15.359787234042583
605008,2023-05-08,15.03,14.87,15.2,14.81,14.82,10560.8,15850900.0,14.9,14.95,15.258499999999984,15.42,15.43,40.95,-0.19,-0.13,-0.06,长鸿高科,化学原料和化学制品制造业,主板,14.890000000000061,14.847500000000013,15.080833333333308,15.232499999999986,15.346382978723435
605008,2023-05-09,15.03,14.88,15.03,14.7,14.87,8018.8,11878800.0,14.89,14.89,15.227499999999983,15.4,15.42,41.24,-0.18,-0.14,-0.04,长鸿高科,化学原料和化学制品制造业,主板,14.88750000000006,14.833750000000014,15.000833333333306,15.190624999999986,15.329787234042584
605008,2023-05-10,14.84,14.88,14.99,14.72,14.88,6412.38,9511580.0,14.89,14.85,15.204999999999984,15.39,15.4,41.24,-0.18,-0.15,-0.03,长鸿高科,化学原料和化学制品制造业,主板,14.862500000000058,14.880000000000015,14.938333333333306,15.140624999999986,15.31617021276599
605008,2023-05-11,14.86,14.66,14.95,14.6,14.88,9030.0,13274000.0,14.82,14.82,15.174499999999986,15.36,15.39,36.63,-0.2,-0.16,-0.04,长鸿高科,化学原料和化学制品制造业,主板,14.822500000000057,14.862500000000017,14.87166666666664,15.076874999999987,15.298936170212796
605008,2023-05-12,14.8,14.6,14.8,14.4,14.66,8322.6,12089700.0,14.78,14.83,15.136999999999986,15.31,15.36,35.47,-0.21,-0.17,-0.04,长鸿高科,化学原料和化学制品制造业,主板,14.755000000000058,14.822500000000018,14.81666666666664,14.999374999999986,15.272765957446838
605008,2023-05-15,14.6,14.56,14.68,14.46,14.6,5812.3,8451640.0,14.72,14.81,15.087499999999986,15.26,15.33,34.68,-0.22,-0.18,-0.04,长鸿高科,化学原料和化学制品制造业,主板,14.675000000000056,14.781250000000016,14.780833333333305,14.919374999999986,15.25468085106386
605008,2023-05-16,14.55,14.02,14.56,13.81,14.56,19978.0,28078600.0,14.54,14.72,15.004499999999984,15.19,15.3,26.18,-0.27,-0.2,-0.07,长鸿高科,化学原料和化学制品制造业,主板,14.460000000000056,14.661250000000015,14.739999999999974,14.818749999999987,15.227446808510669
605008,2023-05-17,14.02,14.06,14.17,13.99,14.02,7587.86,10685500.0,14.38,14.63,14.923499999999985,15.12,15.27,27.6,-0.3,-0.22,-0.08,长鸿高科,化学原料和化学制品制造业,主板,14.310000000000056,14.566250000000014,14.678333333333306,14.731249999999987,15.204255319148965
605008,2023-05-18,14.07,14.05,14.18,13.96,14.06,5884.03,8275760.0,14.26,14.54,14.833999999999985,15.06,15.25,27.46,-0.32,-0.24,-0.08,长鸿高科,化学原料和化学制品制造业,主板,14.172500000000054,14.463750000000015,14.605833333333308,14.655624999999988,15.182978723404284
605008,2023-05-19,14.14,14.26,14.32,13.96,14.05,8331.8,11832100.0,14.19,14.48,14.754999999999987,15.02,15.23,35.0,-0.32,-0.25,-0.07,长鸿高科,化学原料和化学制品制造业,主板,14.097500000000053,14.386250000000015,14.553333333333308,14.609999999999987,15.165319148936199
605008,2023-05-22,14.29,14.62,14.64,14.27,14.26,12345.0,17927700.0,14.2,14.46,14.704499999999987,14.99,15.21,45.47,-0.28,-0.26,-0.02,长鸿高科,化学原料和化学制品制造业,主板,14.247500000000056,14.353750000000016,14.52333333333331,14.616874999999988,15.158297872340453
605008,2023-05-23,14.57,14.52,14.88,14.48,14.62,10688.4,15663300.0,14.3,14.42,14.657499999999988,14.96,15.19,43.38,-0.26,-0.26,0.0,长鸿高科,化学原料和化学制品制造业,主板,14.362500000000054,14.336250000000017,14.498333333333312,14.599374999999988,15.148723404255346
605008,2023-05-24,14.5,14.46,14.59,14.39,14.52,8061.22,11661600.0,14.38,14.38,14.617499999999987,14.93,15.17,42.13,-0.25,-0.26,0.01,长鸿高科,化学原料和化学制品制造业,主板,14.465000000000057,14.31875000000002,14.464166666666644,14.570624999999989,15.137659574468112
605008,2023-05-25,14.59,14.49,14.68,14.35,14.46,8889.0,12853500.0,14.47,14.36,14.592499999999987,14.9,15.16,43.01,-0.23,-0.25,0.02,长鸿高科,化学原料和化学制品制造业,主板,14.522500000000056,14.31000000000002,14.431666666666645,14.54562499999999,15.12510638297875
605008,2023-05-26,14.5,14.49,14.57,14.25,14.49,8490.0,12254000.0,14.52,14.35,14.591499999999987,14.88,15.14,43.01,-0.21,-0.24,0.03,长鸿高科,化学原料和化学制品制造业,主板,14.490000000000057,14.368750000000022,14.399166666666646,14.514999999999992,15.11510638297875
605008,2023-05-29,14.59,14.69,14.9,14.54,14.49,12216.0,17997300.0,14.53,14.37,14.585999999999988,14.85,15.12,49.04,-0.18,-0.23,0.05,长鸿高科,化学原料和化学制品制造业,主板,14.53250000000006,14.447500000000023,14.401666666666648,14.506874999999992,15.110425531914922
605008,2023-05-30,14.7,14.55,14.8,14.37,14.69,9330.86,13547400.0,14.54,14.42,14.567499999999987,14.81,15.11,45.42,-0.17,-0.22,0.05,长鸿高科,化学原料和化学制品制造业,主板,14.555000000000058,14.510000000000025,14.397499999999981,14.486874999999992,15.097659574468112
605008,2023-05-31,14.55,14.38,14.6,14.33,14.55,5669.09,8179290.0,14.52,14.45,14.541999999999987,14.77,15.08,41.42,-0.16,-0.21,0.05,长鸿高科,化学原料和化学制品制造业,主板,14.527500000000058,14.525000000000025,14.38249999999998,14.455624999999992,15.078936170212794
605008,2023-06-01,14.93,14.33,15.38,14.28,14.38,23718.2,34464800.0,14.49,14.48,14.509499999999985,14.72,15.06,40.3,-0.17,-0.2,0.03,长鸿高科,化学原料和化学制品制造业,主板,14.48750000000006,14.488750000000024,14.408333333333315,14.421249999999993,15.055319148936197
605008,2023-06-02,14.27,14.38,14.86,14.25,14.33,13884.8,20108800.0,14.47,14.49,14.487499999999986,14.67,15.05,41.99,-0.17,-0.19,0.02,长鸿高科,化学原料和化学制品制造业,主板,14.41000000000006,14.471250000000024,14.434999999999981,14.403749999999993,15.035957446808538
605008,2023-06-05,14.37,14.25,14.57,14.16,14.38,8689.4,12400500.0,14.38,14.45,14.456499999999986,14.62,15.03,38.9,-0.17,-0.19,0.02,长鸿高科,化学原料和化学制品制造业,主板,14.335000000000061,14.445000000000025,14.451666666666647,14.381874999999994,15.01191489361705
605008,2023-06-06,14.25,14.17,14.33,14.1,14.25,8518.0,12092400.0,14.3,14.42,14.420999999999987,14.58,15.02,37.09,-0.18,-0.19,0.01,长鸿高科,化学原料和化学制品制造业,主板,14.282500000000061,14.405000000000024,14.444166666666646,14.357499999999993,14.972340425531943
605008,2023-06-07,14.25,14.18,14.31,14.15,14.17,6822.2,9702100.0,14.26,14.39,14.385999999999987,14.54,15.0,37.48,-0.18,-0.19,0.01,长鸿高科,化学原料和化学制品制造业,主板,14.245000000000061,14.366250000000024,14.40749999999998,14.367499999999993,14.927234042553218
605008,2023-06-08,14.18,14.04,14.26,14.04,14.18,8324.6,11755400.0,14.2,14.35,14.354999999999986,14.51,14.99,34.27,-0.19,-0.19,0.0,长鸿高科,化学原料和化学制品制造业,主板,14.160000000000059,14.285000000000025,14.367499999999978,14.366249999999992,14.884042553191515
605008,2023-06-09,14.13,14.11,14.2,13.96,14.04,6193.32,8700990.0,14.15,14.31,14.330499999999986,14.5,14.98,37.17,-0.19,-0.19,0.0,长鸿高科,化学原料和化学制品制造业,主板,14.125000000000057,14.230000000000027,14.338333333333312,14.36999999999999,14.84234042553194
605008,2023-06-12,14.11,14.04,14.26,14.04,14.11,8071.8,11394300.0,14.11,14.24,14.304499999999987,14.47,14.96,35.48,-0.2,-0.19,-0.01,长鸿高科,化学原料和化学制品制造业,主板,14.092500000000054,14.187500000000028,14.30083333333331,14.35624999999999,14.804893617021301
605008,2023-06-13,14.1,14.03,14.12,13.97,14.04,5490.8,7707450.0,14.08,14.19,14.304999999999987,14.44,14.94,35.23,-0.2,-0.19,-0.01,长鸿高科,化学原料和化学制品制造业,主板,14.055000000000055,14.150000000000029,14.262499999999976,14.31937499999999,14.773829787234067
605008,2023-06-14,14.1,14.11,14.19,13.97,14.03,6060.2,8513750.0,14.07,14.16,14.307499999999987,14.42,14.93,38.89,-0.2,-0.19,-0.01,长鸿高科,化学原料和化学制品制造业,主板,14.072500000000053,14.11625000000003,14.214166666666642,14.29374999999999,14.74425531914896
605008,2023-06-15,14.12,14.12,14.16,14.0,14.11,6616.2,9314450.0,14.08,14.14,14.310999999999988,14.39,14.91,39.35,-0.19,-0.19,0.0,长鸿高科,化学原料和化学制品制造业,主板,14.075000000000053,14.10000000000003,14.178333333333308,14.27249999999999,14.714893617021302
605008,2023-06-16,14.12,14.4,14.42,14.12,14.12,9630.06,13734000.0,14.14,14.14,14.317999999999987,14.37,14.9,50.57,-0.15,-0.18,0.03,长鸿高科,化学原料和化学制品制造业,主板,14.165000000000054,14.12875000000003,14.179999999999977,14.26687499999999,14.695106382978746
605008,2023-06-19,14.5,14.11,14.66,14.05,14.4,16972.3,24226000.0,14.15,14.13,14.292499999999986,14.35,14.88,41.92,-0.15,-0.18,0.03,长鸿高科,化学原料和化学制品制造业,主板,14.185000000000052,14.12000000000003,14.16166666666664,14.243124999999988,14.670425531914917
605008,2023-06-20,14.11,14.02,14.65,13.9,14.11,10000.6,14035500.0,14.15,14.12,14.267499999999988,14.32,14.86,39.65,-0.16,-0.17,0.01,长鸿高科,化学原料和化学制品制造业,主板,14.162500000000051,14.117500000000028,14.131666666666641,14.20124999999999,14.642127659574491
605008,2023-06-21,14.03,13.92,14.18,13.9,14.02,8479.8,11882200.0,14.11,14.09,14.240499999999988,14.29,14.84,37.24,-0.17,-0.17,0.0,长鸿高科,化学原料和化学制品制造业,主板,14.112500000000052,14.093750000000028,14.104166666666641,14.161874999999988,14.607446808510662
605008,2023-06-26,13.89,14.03,14.06,13.8,13.92,9987.4,13940200.0,14.1,14.09,14.217499999999987,14.27,14.81,41.46,-0.16,-0.17,0.01,长鸿高科,化学原料和化学制品制造业,主板,14.020000000000051,14.09250000000003,14.092499999999974,14.139999999999988,14.572340425531939
605008,2023-06-27,14.1,14.14,14.26,14.01,14.03,10412.0,14762500.0,14.04,14.09,14.199999999999985,14.25,14.78,45.41,-0.15,-0.17,0.02,长鸿高科,化学原料和化学制品制造业,主板,14.02750000000005,14.10625000000003,14.089166666666642,14.128124999999988,14.539574468085132
605008,2023-06-28,14.23,14.17,14.26,14.08,14.14,7645.4,10835500.0,14.06,14.1,14.173999999999987,14.24,14.75,46.47,-0.13,-0.16,0.03,长鸿高科,化学原料和化学制品制造业,主板,14.065000000000051,14.11375000000003,14.099999999999975,14.114999999999988,14.504042553191512
605008,2023-06-29,14.27,13.93,14.35,13.81,14.17,20553.0,28795400.0,14.04,14.1,14.142999999999986,14.23,14.71,39.8,-0.14,-0.16,0.02,长鸿高科,化学原料和化学制品制造业,主板,14.067500000000049,14.090000000000028,14.084999999999974,14.094999999999988,14.46340425531917
605008,2023-06-30,13.88,14.26,14.33,13.88,13.93,19173.7,27234100.0,14.11,14.11,14.136999999999986,14.24,14.68,50.35,-0.12,-0.15,0.03,长鸿高科,化学原料和化学制品制造业,主板,14.12500000000005,14.072500000000028,14.103333333333309,14.100624999999988,14.434255319148956
605008,2023-07-03,14.26,14.22,14.52,14.19,14.26,10452.8,14952800.0,14.14,14.12,14.131499999999988,14.25,14.65,49.22,-0.1,-0.14,0.04,长鸿高科,化学原料和化学制品制造业,主板,14.14500000000005,14.086250000000028,14.119166666666642,14.103124999999988,14.407872340425552
605008,2023-07-04,14.25,14.22,14.38,14.15,14.22,7185.8,10215600.0,14.16,14.1,14.12349999999999,14.25,14.63,49.22,-0.09,-0.13,0.04,长鸿高科,化学原料和化学制品制造业,主板,14.157500000000049,14.111250000000028,14.128333333333307,14.114374999999988,14.385744680851085
605008,2023-07-05,14.22,14.28,14.33,14.22,14.22,5855.6,8357110.0,14.18,14.12,14.12499999999999,14.23,14.61,51.12,-0.07,-0.12,0.05,长鸿高科,化学原料和化学制品制造业,主板,14.245000000000049,14.156250000000028,14.141666666666639,14.12499999999999,14.370638297872361
605008,2023-07-06,14.28,14.27,14.38,14.23,14.28,7452.01,10646500.0,14.25,14.14,14.129999999999987,14.23,14.59,50.78,-0.05,-0.1,0.05,长鸿高科,化学原料和化学制品制造业,主板,14.24750000000005,14.186250000000028,14.130833333333307,14.13937499999999,14.365531914893637
605008,2023-07-07,14.27,14.44,14.66,14.21,14.27,12850.4,18530100.0,14.29,14.2,14.142999999999986,14.23,14.58,56.14,-0.04,-0.09,0.05,长鸿高科,化学原料和化学制品制造业,主板,14.302500000000052,14.223750000000027,14.158333333333308,14.16499999999999,14.357872340425555
605008,2023-07-10,14.44,15.04,15.16,14.4,14.44,24320.2,36165100.0,14.45,14.3,14.192999999999987,14.24,14.57,68.98,0.04,-0.06,0.1,长鸿高科,化学原料和化学制品制造业,主板,14.50750000000005,14.332500000000026,14.243333333333306,14.223124999999989,14.360425531914917
605008,2023-07-11,14.99,15.22,15.29,14.84,15.04,19090.0,28908600.0,14.65,14.4,14.248499999999988,14.27,14.57,71.66,0.1,-0.03,0.13,长鸿高科,化学原料和化学制品制造业,主板,14.74250000000005,14.493750000000027,14.35166666666664,14.291874999999989,14.367446808510662
605008,2023-07-12,15.21,15.3,15.39,15.16,15.22,16763.3,25628600.0,14.85,14.52,14.311499999999986,14.29,14.57,72.78,0.16,0.01,0.15,长鸿高科,化学原料和化学制品制造业,主板,15.00000000000005,14.623750000000028,14.457499999999975,14.348124999999989,14.37425531914896
605008,2023-07-13,15.3,15.18,15.4,15.06,15.3,12156.2,18418300.0,15.04,14.64,14.36899999999999,14.31,14.56,68.4,0.2,0.05,0.15,长鸿高科,化学原料和化学制品制造业,主板,15.185000000000052,14.743750000000027,14.54416666666664,14.414999999999988,14.381914893617042
605008,2023-07-14,15.22,15.3,15.35,15.15,15.18,10507.7,16032800.0,15.21,14.75,14.428499999999989,14.34,14.55,70.32,0.23,0.08,0.15,长鸿高科,化学原料和化学制品制造业,主板,15.250000000000052,14.878750000000029,14.638333333333309,14.494999999999989,14.391063829787253
605008,2023-07-17,15.28,15.35,15.42,15.22,15.3,9328.01,14273600.0,15.27,14.86,14.48999999999999,14.37,14.54,71.11,0.26,0.12,0.14,长鸿高科,化学原料和化学制品制造业,主板,15.282500000000052,15.012500000000028,14.756666666666641,14.584374999999989,14.401063829787255
605008,2023-07-18,15.42,15.5,15.58,15.33,15.35,10361.4,16017700.0,15.33,14.99,14.544999999999991,14.41,14.54,73.4,0.28,0.15,0.13,长鸿高科,化学原料和化学制品制造业,主板,15.332500000000053,15.166250000000028,14.859999999999976,14.676249999999989,14.414255319148957
605008,2023-07-19,15.5,15.44,15.63,15.37,15.5,7202.54,11147600.0,15.35,15.1,14.611499999999989,14.45,14.54,70.98,0.3,0.18,0.12,长鸿高科,化学原料和化学制品制造业,主板,15.397500000000052,15.29125000000003,14.961666666666643,14.75749999999999,14.43085106382981
605008,2023-07-20,15.44,15.33,15.51,15.29,15.44,10588.4,16327300.0,15.38,15.21,14.676999999999989,14.49,14.53,66.64,0.3,0.2,0.1,长鸿高科,化学原料和化学制品制造业,主板,15.405000000000054,15.327500000000033,15.054166666666644,14.829999999999991,14.446382978723426
605008,2023-07-21,15.44,15.25,15.44,15.18,15.33,9966.6,15235700.0,15.37,15.29,14.743499999999989,14.53,14.53,63.59,0.29,0.22,0.07,长鸿高科,化学原料和化学制品制造业,主板,15.380000000000054,15.331250000000033,15.134999999999977,14.91249999999999,14.461063829787257
605008,2023-07-24,15.39,15.11,15.39,15.04,15.25,8118.66,12298000.0,15.33,15.3,14.79749999999999,14.56,14.54,58.55,0.27,0.23,0.04,长鸿高科,化学原料和化学制品制造业,主板,15.282500000000056,15.307500000000035,15.204999999999977,14.965624999999992,14.48425531914896
605008,2023-07-25,15.27,14.94,15.3,14.91,15.11,12170.4,18331300.0,15.21,15.27,14.837499999999991,14.59,14.54,53.05,0.24,0.23,0.01,长鸿高科,化学原料和化学制品制造业,主板,15.157500000000056,15.277500000000035,15.246666666666643,15.010624999999992,14.502978723404281
605008,2023-07-26,15.12,15.08,15.17,14.92,14.94,9588.12,14419900.0,15.14,15.25,14.88299999999999,14.62,14.55,56.66,0.22,0.23,-0.01,长鸿高科,化学原料和化学制品制造业,主板,15.095000000000056,15.250000000000037,15.249999999999979,15.064374999999993,14.524893617021304
605008,2023-07-27,15.06,14.96,15.16,14.93,15.08,5329.0,7999950.0,15.07,15.23,14.93449999999999,14.65,14.55,52.9,0.2,0.22,-0.02,长鸿高科,化学原料和化学制品制造业,主板,15.022500000000058,15.201250000000037,15.228333333333312,15.106874999999993,14.539787234042583
605008,2023-07-28,14.95,15.0,15.14,14.89,14.96,8186.0,12295000.0,15.02,15.2,14.971499999999988,14.68,14.55,54.0,0.18,0.22,-0.04,长鸿高科,化学原料和化学制品制造业,主板,14.995000000000058,15.138750000000037,15.203333333333312,15.152499999999995,14.547872340425561
605008,2023-07-31,15.02,15.55,15.63,14.83,15.0,30835.6,46905500.0,15.11,15.22,15.037999999999988,14.73,14.56,65.78,0.2,0.21,-0.01,长鸿高科,化学原料和化学制品制造业,主板,15.147500000000058,15.152500000000039,15.234166666666646,15.221874999999994,14.569787234042582
605008,2023-08-01,15.58,15.18,15.98,15.1,15.55,44288.3,68556300.0,15.15,15.18,15.085999999999988,14.76,14.57,55.48,0.19,0.21,-0.02,长鸿高科,化学原料和化学制品制造业,主板,15.17250000000006,15.13375000000004,15.224166666666646,15.230624999999995,14.58510638297875
605008,2023-08-02,15.31,15.15,15.31,15.09,15.18,13519.8,20498800.0,15.17,15.16,15.129499999999988,14.79,14.57,54.74,0.18,0.2,-0.02,长鸿高科,化学原料和化学制品制造业,主板,15.220000000000061,15.121250000000039,15.20749999999998,15.226249999999995,14.59914893617024
605008,2023-08-03,15.11,14.88,15.14,14.84,15.15,9618.28,14387300.0,15.15,15.11,15.159999999999988,14.82,14.57,48.41,0.14,0.19,-0.05,长鸿高科,化学原料和化学制品制造业,主板,15.190000000000062,15.092500000000038,15.155833333333312,15.199999999999996,14.607446808510664
605008,2023-08-04,14.88,15.3,15.42,14.73,14.88,20792.5,31463700.0,15.21,15.12,15.202999999999989,14.87,14.58,56.78,0.15,0.18,-0.03,长鸿高科,化学原料和化学制品制造业,主板,15.127500000000062,15.137500000000038,15.144166666666647,15.207499999999996,14.620425531914917
605008,2023-08-07,15.25,15.57,15.8,15.25,15.3,25109.8,39115500.0,15.22,15.16,15.229499999999987,14.92,14.59,61.14,0.17,0.18,-0.01,长鸿高科,化学原料和化学制品制造业,主板,15.22500000000006,15.198750000000038,15.164166666666645,15.224374999999995,14.642127659574493
605008,2023-08-08,15.61,15.64,16.0,14.99,15.57,35317.2,54602200.0,15.31,15.23,15.250499999999985,14.97,14.61,62.21,0.2,0.18,0.02,长鸿高科,化学原料和化学制品制造业,主板,15.347500000000062,15.283750000000037,15.196666666666644,15.242499999999994,14.668936170212792
605008,2023-08-09,15.65,15.3,15.75,15.19,15.64,30499.0,46965400.0,15.34,15.25,15.250499999999985,15.01,14.62,54.41,0.18,0.18,0.0,长鸿高科,化学原料和化学制品制造业,主板,15.452500000000063,15.321250000000038,15.212499999999977,15.229999999999993,14.68957446808513
605008,2023-08-10,15.38,15.37,15.44,15.12,15.3,14842.0,22697500.0,15.44,15.29,15.259999999999986,15.05,14.64,55.64,0.18,0.18,0.0,长鸿高科,化学原料和化学制品制造业,主板,15.470000000000063,15.29875000000004,15.248333333333312,15.225624999999994,14.710638297872364
605008,2023-08-11,15.49,14.95,15.5,14.92,15.37,11776.6,17777700.0,15.37,15.29,15.242499999999984,15.08,14.66,47.36,0.14,0.17,-0.03,长鸿高科,化学原料和化学制品制造业,主板,15.315000000000063,15.270000000000039,15.237499999999976,15.201874999999992,14.725531914893642
605008,2023-08-14,15.0,14.92,15.0,14.73,14.95,9328.0,13839800.0,15.24,15.23,15.220999999999984,15.1,14.67,46.82,0.1,0.16,-0.06,长鸿高科,化学原料和化学制品制造业,主板,15.135000000000062,15.241250000000036,15.23416666666664,15.181249999999991,14.741489361702152
605008,2023-08-15,14.9,14.95,15.14,14.83,14.92,8866.67,13279100.0,15.1,15.2,15.193499999999982,15.12,14.69,47.46,0.07,0.14,-0.07,长鸿高科,化学原料和化学制品制造业,主板,15.047500000000063,15.250000000000036,15.229999999999974,15.17124999999999,14.757872340425559
605008,2023-08-16,14.94,14.87,15.01,14.77,14.95,8619.2,12805500.0,15.01,15.18,15.164999999999983,15.14,14.69,45.88,0.05,0.12,-0.07,长鸿高科,化学原料和化学制品制造业,主板,14.922500000000065,15.196250000000036,15.173333333333305,15.16687499999999,14.775531914893644
605008,2023-08-17,14.95,15.44,15.45,14.68,14.87,18389.1,27871100.0,15.03,15.23,15.170499999999985,15.18,14.71,56.92,0.07,0.11,-0.04,长鸿高科,化学原料和化学制品制造业,主板,15.045000000000066,15.180000000000039,15.194999999999972,15.18937499999999,14.80382978723407
605008,2023-08-18,15.45,15.32,15.55,15.28,15.44,12760.6,19642600.0,15.1,15.23,15.173999999999984,15.21,14.72,54.41,0.07,0.1,-0.03,长鸿高科,化学原料和化学制品制造业,主板,15.145000000000064,15.140000000000038,15.209166666666638,15.21187499999999,14.831063829787265
605008,2023-08-21,15.3,14.92,15.5,14.92,15.32,10793.8,16287000.0,15.1,15.17,15.164499999999984,15.21,14.73,46.95,0.05,0.09,-0.04,长鸿高科,化学原料和化学制品制造业,主板,15.137500000000063,15.092500000000038,15.21249999999997,15.20687499999999,14.85000000000003
605008,2023-08-22,14.95,14.76,15.05,14.63,14.92,8826.4,13046300.0,15.06,15.08,15.155499999999984,15.19,14.73,44.34,0.01,0.08,-0.07,长鸿高科,化学原料和化学制品制造业,主板,15.110000000000065,15.016250000000039,15.167499999999968,15.157499999999988,14.863829787234073
605008,2023-08-23,14.86,14.58,14.86,14.51,14.76,7179.8,10486000.0,15.0,15.01,15.130499999999984,15.17,14.73,41.53,-0.02,0.06,-0.08,长鸿高科,化学原料和化学制品制造业,主板,14.895000000000067,14.97000000000004,15.08499999999997,15.119999999999987,14.873617021276626
605008,2023-08-24,14.68,14.8,15.09,14.61,14.58,9048.38,13439500.0,14.88,14.95,15.122499999999985,15.16,14.73,46.02,-0.04,0.04,-0.08,长鸿高科,化学原料和化学制品制造业,主板,14.765000000000066,14.95500000000004,15.014999999999972,15.098124999999987,14.882127659574499
605008,2023-08-25,14.8,14.66,14.94,14.62,14.8,8689.0,12824100.0,14.74,14.92,15.105499999999987,15.14,14.74,43.72,-0.06,0.02,-0.08,长鸿高科,化学原料和化学制品制造业,主板,14.700000000000067,14.91875000000004,14.961666666666638,15.084374999999987,14.893829787234072
605008,2023-08-28,15.19,14.47,15.3,14.45,14.66,15433.0,22893700.0,14.65,14.88,15.051499999999987,15.11,14.74,40.74,-0.09,0.0,-0.09,长鸿高科,化学原料和化学制品制造业,主板,14.627500000000067,14.868750000000041,14.886666666666637,15.032499999999986,14.90340425531918
605008,2023-08-29,14.54,15.14,15.15,14.54,14.47,15725.6,23557400.0,14.73,14.9,15.049499999999986,15.09,14.75,52.92,-0.06,-0.01,-0.05,长鸿高科,化学原料和化学制品制造业,主板,14.767500000000066,14.83125000000004,14.90249999999997,15.005624999999988,14.92936170212769
605008,2023-08-30,15.17,15.45,15.45,15.11,15.14,15882.6,24385500.0,14.9,14.95,15.064499999999986,15.09,14.77,57.3,-0.02,-0.02,0.0,长鸿高科,化学原料和化学制品制造业,主板,14.930000000000067,14.84750000000004,14.946666666666637,14.993749999999988,14.959574468085139
605008,2023-08-31,15.44,15.48,15.54,15.35,15.45,15853.2,24506400.0,15.04,14.96,15.094499999999988,15.1,14.79,57.71,0.02,-0.01,0.03,长鸿高科,化学原料和化学制品制造业,主板,15.135000000000069,14.917500000000038,14.990833333333304,15.004999999999987,14.98808510638301
605008,2023-09-01,15.6,14.76,15.83,14.73,15.48,33266.4,50072000.0,15.06,14.9,15.067499999999987,15.08,14.8,46.24,0.0,-0.01,0.01,长鸿高科,化学原料和化学制品制造业,主板,15.20750000000007,14.917500000000038,14.981666666666635,14.966874999999986,15.000638297872374
605008,2023-09-04,14.76,14.78,14.9,14.69,14.76,20012.0,29546000.0,15.12,14.89,15.027999999999986,15.07,14.82,46.56,-0.02,-0.01,-0.01,长鸿高科,化学原料和化学制品制造业,主板,15.11750000000007,14.942500000000036,14.926666666666636,14.956249999999986,15.018723404255352
605008,2023-09-05,14.62,14.71,14.85,14.61,14.78,11699.4,17223700.0,15.04,14.88,14.981499999999986,15.06,14.83,45.55,-0.04,-0.02,-0.02,长鸿高科,化学原料和化学制品制造业,主板,14.932500000000072,14.931250000000036,14.875833333333304,14.943124999999988,15.02829787234046
605008,2023-09-06,14.66,15.17,15.2,14.66,14.71,20697.2,31024300.0,14.98,14.94,14.974999999999985,15.07,14.85,52.82,-0.02,-0.02,0.0,长鸿高科,化学原料和化学制品制造业,主板,14.855000000000071,14.995000000000037,14.896666666666638,14.956874999999988,15.048510638297905
605008,2023-09-07,15.14,14.96,15.27,14.94,15.17,15494.4,23371600.0,14.88,14.96,14.954499999999985,15.07,14.86,49.57,-0.02,-0.02,0.0,长鸿高科,化学原料和化学制品制造业,主板,14.90500000000007,15.056250000000038,14.913333333333306,14.962499999999988,15.06425531914897
605008,2023-09-08,14.95,14.98,15.14,14.88,14.96,14548.0,21832000.0,14.92,14.99,14.955999999999985,15.07,14.88,49.88,-0.02,-0.02,0.0,长鸿高科,化学原料和化学制品制造业,主板,14.95500000000007,15.036250000000036,14.946666666666637,14.933749999999987,15.079148936170247
605008,2023-09-11,14.98,14.69,15.12,14.66,14.98,15932.0,23562200.0,14.9,15.01,14.944499999999985,15.04,14.89,45.43,-0.04,-0.02,-0.02,长鸿高科,化学原料和化学制品制造业,主板,14.950000000000069,14.941250000000037,14.93749999999997,14.894374999999988,15.088085106383014
605008,2023-09-12,14.69,14.49,14.79,14.47,14.69,11803.0,17217500.0,14.86,14.95,14.921499999999986,15.02,14.89,42.6,-0.07,-0.03,-0.04,长鸿高科,化学原料和化学制品制造业,主板,14.780000000000069,14.817500000000036,14.923333333333304,14.867499999999989,15.089148936170249
605008,2023-09-13,14.53,14.32,14.59,14.3,14.49,9479.0,13636100.0,14.69,14.83,14.893999999999986,14.99,14.89,40.31,-0.11,-0.05,-0.06,长鸿高科,化学原料和化学制品制造业,主板,14.62000000000007,14.762500000000037,14.910833333333303,14.83999999999999,15.073829787234079
605008,2023-09-14,14.39,14.12,14.39,14.0,14.32,10286.0,14535300.0,14.52,14.7,14.827999999999985,14.96,14.89,37.73,-0.15,-0.07,-0.08,长鸿高科,化学原料和化学制品制造业,主板,14.405000000000069,14.680000000000035,14.825833333333302,14.811249999999989,15.05042553191493
605008,2023-09-15,14.15,14.21,14.37,14.12,14.12,9896.2,14071600.0,14.37,14.64,14.772499999999985,14.93,14.9,39.6,-0.17,-0.09,-0.08,长鸿高科,化学原料和化学制品制造业,主板,14.285000000000068,14.617500000000035,14.72249999999997,14.774374999999988,15.02723404255323
605008,2023-09-18,14.21,14.33,14.48,14.21,14.21,9439.4,13559200.0,14.29,14.6,14.742999999999984,14.88,14.9,42.1,-0.19,-0.11,-0.08,长鸿高科,化学原料和化学制品制造业,主板,14.245000000000067,14.512500000000037,14.626666666666639,14.75374999999999,15.009148936170252
605008,2023-09-19,14.33,14.29,14.42,14.19,14.33,7376.2,10541900.0,14.25,14.56,14.719499999999986,14.84,14.9,41.48,-0.2,-0.13,-0.07,长鸿高科,化学原料和化学制品制造业,主板,14.237500000000066,14.428750000000036,14.587499999999972,14.742499999999989,14.987659574468125
605008,2023-09-20,14.29,14.2,14.33,14.15,14.29,4943.0,7027880.0,14.23,14.46,14.700499999999986,14.8,14.9,40.06,-0.21,-0.14,-0.07,长鸿高科,化学原料和化学制品制造业,主板,14.257500000000066,14.331250000000034,14.539166666666638,14.68374999999999,14.963191489361742
605008,2023-09-21,14.2,14.16,14.27,14.11,14.2,8232.0,11677800.0,14.24,14.38,14.668499999999986,14.76,14.91,39.42,-0.22,-0.16,-0.06,长鸿高科,化学原料和化学制品制造业,主板,14.245000000000067,14.265000000000036,14.493333333333304,14.60312499999999,14.93468085106387
605008,2023-09-22,14.23,14.31,14.34,14.15,14.16,7586.52,10812600.0,14.26,14.31,14.650999999999986,14.74,14.91,43.12,-0.2,-0.17,-0.03,长鸿高科,化学原料和化学制品制造业,主板,14.240000000000066,14.242500000000037,14.421666666666638,14.52999999999999,14.910638297872378
605008,2023-09-25,14.45,14.35,14.45,14.01,14.31,12219.0,17438400.0,14.26,14.28,14.644999999999985,14.72,14.91,44.1,-0.19,-0.17,-0.02,长鸿高科,化学原料和化学制品制造业,主板,14.255000000000065,14.246250000000039,14.370833333333303,14.50437499999999,14.88978723404259
605008,2023-09-26,14.37,14.34,14.57,14.29,14.35,15448.0,22271700.0,14.27,14.26,14.604999999999984,14.7,14.91,43.9,-0.19,-0.18,-0.01,长鸿高科,化学原料和化学制品制造业,主板,14.290000000000063,14.273750000000039,14.317499999999972,14.47687499999999,14.87042553191493
605008,2023-09-27,14.37,14.09,14.41,14.09,14.34,9752.22,13878200.0,14.25,14.24,14.536999999999983,14.68,14.91,39.04,-0.2,-0.18,-0.02,长鸿高科,化学原料和化学制品制造业,主板,14.272500000000065,14.258750000000038,14.267499999999972,14.43812499999999,14.848723404255358
605008,2023-09-28,14.16,13.64,14.23,13.46,14.09,26901.2,37081600.0,14.15,14.19,14.444999999999983,14.62,14.9,32.14,-0.24,-0.19,-0.05,长鸿高科,化学原料和化学制品制造业,主板,14.105000000000064,14.172500000000039,14.196666666666639,14.342499999999992,14.82106382978727
605008,2023-10-09,13.64,12.96,13.67,12.88,13.64,24995.4,32954700.0,13.88,14.07,14.35499999999998,14.54,14.88,24.97,-0.32,-0.22,-0.1,长鸿高科,化学原料和化学制品制造业,主板,13.757500000000062,14.00625000000004,14.083333333333307,14.217499999999992,14.775957446808548
605008,2023-10-10,13.02,13.26,13.43,13.02,12.96,23944.3,31827900.0,13.66,13.96,14.278999999999982,14.48,14.85,32.16,-0.36,-0.25,-0.11,长鸿高科,化学原料和化学制品制造业,主板,13.487500000000061,13.88875000000004,14.01166666666664,14.109999999999992,14.73978723404259
605008,2023-10-11,13.33,13.17,13.39,13.0,13.26,11823.8,15541600.0,13.42,13.85,14.201999999999984,14.43,14.81,31.2,-0.4,-0.28,-0.12,长鸿高科,化学原料和化学制品制造业,主板,13.25750000000006,13.765000000000041,13.92499999999997,14.014999999999992,14.700851063829822
605008,2023-10-12,13.18,13.45,13.45,12.91,13.17,16092.2,21258100.0,13.3,13.77,14.115999999999982,14.39,14.78,37.49,-0.39,-0.3,-0.09,长鸿高科,化学原料和化学制品制造业,主板,13.210000000000061,13.657500000000041,13.851666666666636,13.94999999999999,14.656170212765995
605008,2023-10-13,13.4,13.2,13.41,13.12,13.45,7642.2,10082700.0,13.21,13.68,14.027999999999983,14.34,14.75,34.46,-0.41,-0.32,-0.09,长鸿高科,化学原料和化学制品制造业,主板,13.270000000000062,13.513750000000043,13.760833333333302,13.87999999999999,14.614042553191528
605008,2023-10-16,13.2,13.12,13.31,13.05,13.2,9505.4,12467800.0,13.24,13.56,13.934999999999983,14.29,14.71,33.53,-0.42,-0.34,-0.08,长鸿高科,化学原料和化学制品制造业,主板,13.235000000000062,13.361250000000043,13.670833333333304,13.81749999999999,14.570851063829826
605008,2023-10-17,13.23,13.22,13.36,13.13,13.12,9719.2,12865800.0,13.23,13.44,13.861499999999984,14.24,14.68,35.87,-0.41,-0.36,-0.05,长鸿高科,化学原料和化学制品制造业,主板,13.247500000000063,13.252500000000042,13.592499999999971,13.75562499999999,14.535531914893657
605008,2023-10-18,13.26,13.03,13.3,12.96,13.22,6413.02,8389620.0,13.2,13.31,13.788499999999981,14.17,14.63,33.46,-0.43,-0.37,-0.06,长鸿高科,化学原料和化学制品制造业,主板,13.142500000000062,13.176250000000042,13.485833333333304,13.674374999999989,14.487234042553233
605008,2023-10-19,12.97,12.92,13.14,12.91,13.03,5842.2,7587840.0,13.1,13.2,13.718499999999983,14.09,14.59,32.11,-0.44,-0.38,-0.06,长鸿高科,化学原料和化学制品制造业,主板,13.072500000000062,13.171250000000043,13.366666666666637,13.588749999999989,14.430851063829826
605008,2023-10-20,12.9,13.0,13.07,12.79,12.92,6989.81,9023700.0,13.06,13.13,13.662499999999984,14.01,14.55,34.18,-0.44,-0.4,-0.04,长鸿高科,化学原料和化学制品制造业,主板,13.042500000000063,13.138750000000043,13.254999999999969,13.51374999999999,14.374680851063868
605008,2023-10-23,12.96,13.0,13.25,12.75,13.0,19768.5,25705700.0,13.03,13.14,13.601999999999984,13.95,14.52,34.18,-0.43,-0.4,-0.03,长鸿高科,化学原料和化学制品制造业,主板,12.987500000000061,13.117500000000042,13.164166666666636,13.44124999999999,14.325744680851104
605008,2023-10-24,13.0,12.99,13.12,12.94,13.0,13049.2,16972700.0,12.99,13.11,13.534999999999986,13.89,14.48,34.03,-0.42,-0.41,-0.01,长鸿高科,化学原料和化学制品制造业,主板,12.97750000000006,13.060000000000041,13.109999999999971,13.35874999999999,14.275106382978764
605008,2023-10-25,12.99,13.05,13.15,12.93,12.99,11583.4,15091700.0,12.99,13.1,13.472999999999985,13.83,14.45,35.86,-0.4,-0.4,0.0,长鸿高科,化学原料和化学制品制造业,主板,13.010000000000058,13.04125000000004,13.117499999999971,13.277499999999991,14.234680851063867
605008,2023-10-26,13.05,13.25,13.25,12.93,13.05,12518.2,16423800.0,13.06,13.08,13.425499999999985,13.77,14.42,41.66,-0.37,-0.4,0.03,长鸿高科,化学原料和化学制品制造业,主板,13.072500000000058,13.05750000000004,13.116666666666639,13.20937499999999,14.199148936170252
605008,2023-10-27,13.24,13.9,13.97,13.23,13.25,20462.0,28007000.0,13.24,13.15,13.412499999999984,13.73,14.4,55.68,-0.28,-0.37,0.09,长鸿高科,化学原料和化学制品制造业,主板,13.29750000000006,13.142500000000041,13.177499999999974,13.197499999999991,14.176808510638335
605008,2023-10-30,13.9,14.5,14.56,13.76,13.9,20416.8,29073500.0,13.54,13.29,13.421999999999983,13.72,14.39,64.23,-0.17,-0.33,0.16,长鸿高科,化学原料和化学制品制造业,主板,13.67500000000006,13.32625000000004,13.264999999999974,13.251249999999992,14.168936170212804
605008,2023-10-31,14.6,14.46,14.67,14.41,14.5,17806.2,25816900.0,13.83,13.41,13.42749999999998,13.71,14.37,63.35,-0.08,-0.28,0.2,长鸿高科,化学原料和化学制品制造业,主板,14.02750000000006,13.518750000000042,13.369999999999976,13.344999999999992,14.148085106383016
605008,2023-11-01,14.49,14.36,14.52,14.08,14.46,20878.8,29835400.0,14.09,13.54,13.428499999999982,13.71,14.36,61.1,-0.02,-0.23,0.21,长鸿高科,化学原料和化学制品制造业,主板,14.30500000000006,13.688750000000041,13.47333333333331,13.413749999999993,14.12765957446812
605008,2023-11-02,14.35,14.24,14.5,14.17,14.36,14235.4,20309800.0,14.29,13.68,13.435999999999984,13.7,14.35,58.43,0.03,-0.18,0.21,长鸿高科,化学原料和化学制品制造业,主板,14.39000000000006,13.84375000000004,13.55833333333331,13.480624999999995,14.11319148936174
605008,2023-11-03,14.24,14.48,14.54,14.24,14.24,13152.2,18991000.0,14.41,13.82,13.477999999999986,13.72,14.34,62.01,0.08,-0.13,0.21,长鸿高科,化学原料和化学制品制造业,主板,14.385000000000058,14.030000000000042,13.679166666666644,13.544999999999995,14.107234042553229
605008,2023-11-06,14.59,14.71,14.73,14.5,14.48,14190.2,20761800.0,14.45,13.99,13.565499999999986,13.73,14.33,65.12,0.13,-0.08,0.21,长鸿高科,化学原料和化学制品制造业,主板,14.447500000000057,14.237500000000042,13.828333333333312,13.639374999999996,14.110000000000039
605008,2023-11-07,14.75,15.16,15.28,14.68,14.71,21153.0,31751000.0,14.59,14.21,13.660499999999988,13.76,14.32,70.24,0.21,-0.02,0.23,长鸿高科,化学原料和化学制品制造业,主板,14.647500000000058,14.476250000000043,14.008333333333312,13.766874999999995,14.117659574468123
605008,2023-11-08,15.23,15.4,15.46,15.06,15.16,20619.4,31538500.0,14.8,14.45,13.771999999999986,13.8,14.32,72.56,0.29,0.04,0.25,长鸿高科,化学原料和化学制品制造业,主板,14.937500000000059,14.663750000000043,14.208333333333313,13.903124999999996,14.133404255319187
605008,2023-11-09,15.49,15.44,15.56,15.31,15.4,12766.2,19703900.0,15.04,14.66,13.871499999999987,13.84,14.32,72.93,0.35,0.1,0.25,长鸿高科,化学原料和化学制品制造业,主板,15.177500000000059,14.781250000000043,14.412499999999978,14.053749999999996,14.154042553191529
605008,2023-11-10,15.45,15.55,15.73,15.38,15.44,18874.2,29410900.0,15.25,14.83,13.988999999999987,13.88,14.32,74.0,0.4,0.16,0.24,长鸿高科,化学原料和化学制品制造业,主板,15.387500000000058,14.917500000000043,14.62083333333331,14.218124999999997,14.162765957446847
605008,2023-11-13,15.59,15.95,15.95,15.4,15.55,27853.2,43780400.0,15.5,14.98,14.130499999999987,13.94,14.34,77.46,0.47,0.23,0.24,长鸿高科,化学原料和化学制品制造业,主板,15.585000000000058,15.116250000000042,14.84583333333331,14.402499999999996,14.173404255319188
605008,2023-11-14,15.95,16.26,16.28,15.87,15.95,19093.9,30696300.0,15.72,15.16,14.282499999999985,14.0,14.36,79.71,0.54,0.29,0.25,长鸿高科,化学原料和化学制品制造业,主板,15.80000000000006,15.368750000000043,15.042499999999976,14.606249999999996,14.190000000000037
605008,2023-11-15,16.28,16.06,16.38,15.93,16.26,20692.2,33363700.0,15.85,15.32,14.433999999999987,14.06,14.38,74.53,0.58,0.35,0.23,长鸿高科,化学原料和化学制品制造业,主板,15.955000000000059,15.566250000000041,15.172499999999976,14.798124999999995,14.217659574468122
605008,2023-11-16,16.04,15.99,16.17,15.96,16.06,13831.3,22190600.0,15.96,15.5,14.587499999999986,14.12,14.4,72.75,0.6,0.4,0.2,长鸿高科,化学原料和化学制品制造业,主板,16.065000000000058,15.72625000000004,15.299999999999976,14.981874999999995,14.243404255319186
605008,2023-11-17,15.99,16.24,16.29,15.99,15.99,14338.6,23215400.0,16.1,15.68,14.749499999999987,14.21,14.41,75.05,0.62,0.44,0.18,长鸿高科,化学原料和化学制品制造业,主板,16.137500000000056,15.861250000000041,15.456666666666644,15.168749999999996,14.275957446808548
605008,2023-11-20,16.25,16.99,17.04,16.25,16.24,50555.2,84950600.0,16.31,15.9,14.948999999999987,14.34,14.44,80.38,0.69,0.49,0.2,长鸿高科,化学原料和化学制品制造业,主板,16.320000000000054,16.06000000000004,15.685833333333312,15.361874999999996,14.314680851063867
605008,2023-11-21,17.0,16.78,17.11,16.75,16.99,19716.8,33370600.0,16.41,16.07,15.138499999999988,14.46,14.47,75.51,0.72,0.54,0.18,长鸿高科,化学原料和化学制品制造业,主板,16.500000000000053,16.227500000000042,15.877499999999978,15.504374999999996,14.353404255319186
605008,2023-11-22,16.8,16.72,16.96,16.65,16.78,15974.8,26875100.0,16.54,16.2,15.321999999999989,14.58,14.5,74.13,0.74,0.58,0.16,长鸿高科,化学原料和化学制品制造业,主板,16.682500000000054,16.37375000000004,16.044999999999977,15.645624999999997,14.39042553191493
605008,2023-11-23,16.73,16.96,17.05,16.7,16.72,14175.6,23956600.0,16.74,16.35,15.507499999999988,14.7,14.54,76.02,0.76,0.61,0.15,长鸿高科,化学原料和化学制品制造业,主板,16.862500000000058,16.500000000000043,16.19499999999998,15.808124999999997,14.438723404255356
605008,2023-11-24,16.99,16.98,17.2,16.79,16.96,30496.4,51882000.0,16.89,16.49,15.66149999999999,14.82,14.58,76.18,0.77,0.65,0.12,长鸿高科,化学原料和化学制品制造业,主板,16.86000000000006,16.590000000000042,16.326666666666643,15.979374999999997,14.491702127659611
605008,2023-11-27,16.89,17.37,17.45,16.78,16.98,27830.2,47699900.0,16.96,16.64,15.804999999999989,14.97,14.63,79.04,0.8,0.68,0.12,长鸿高科,化学原料和化学制品制造业,主板,17.00750000000006,16.753750000000043,16.48749999999998,16.159999999999997,14.556595744680887
605008,2023-11-28,17.32,17.29,17.47,17.22,17.37,12594.2,21813100.0,17.06,16.74,15.946499999999991,15.1,14.67,77.0,0.81,0.7,0.11,长鸿高科,化学原料和化学制品制造业,主板,17.150000000000063,16.91625000000004,16.632499999999975,16.32125,14.624042553191524
605008,2023-11-29,17.29,17.28,17.34,17.15,17.29,11648.2,20085000.0,17.18,16.86,16.09249999999999,15.24,14.71,76.73,0.8,0.72,0.08,长鸿高科,化学原料和化学制品制造业,主板,17.23000000000006,17.04625000000004,16.74333333333331,16.453749999999996,14.689361702127693
605008,2023-11-30,17.25,16.9,17.33,16.77,17.28,19812.2,33630800.0,17.16,16.95,16.22549999999999,15.38,14.73,67.18,0.75,0.73,0.02,长鸿高科,化学原料和化学制品制造业,主板,17.21000000000006,17.03500000000004,16.796666666666646,16.547499999999996,14.744042553191521
605008,2023-12-01,16.88,16.84,16.99,16.74,16.9,17977.4,30269000.0,17.14,17.01,16.343499999999985,15.5,14.76,65.79,0.71,0.72,-0.01,长鸿高科,化学原料和化学制品制造业,主板,17.07750000000006,17.04250000000004,16.861666666666647,16.634999999999994,14.79829787234046
605008,2023-12-04,16.89,16.86,17.05,16.71,16.84,12288.0,20690800.0,17.03,17.0,16.450999999999986,15.63,14.79,66.04,0.67,0.71,-0.04,长鸿高科,化学原料和化学制品制造业,主板,16.970000000000063,17.06000000000004,16.934166666666645,16.716874999999995,14.85489361702131
605008,2023-12-05,17.0,16.77,17.04,16.63,16.86,26680.6,44685800.0,16.93,17.0,16.531499999999987,15.76,14.82,63.76,0.62,0.69,-0.07,长鸿高科,化学原料和化学制品制造业,主板,16.84250000000006,17.03625000000004,16.978333333333314,16.768124999999994,14.910425531914926
605008,2023-12-06,16.73,16.8,17.0,16.62,16.77,18937.6,31803700.0,16.83,17.0,16.601499999999987,15.88,14.86,64.2,0.58,0.67,-0.09,长鸿高科,化学原料和化学制品制造业,主板,16.81750000000006,17.013750000000044,16.96249999999998,16.801874999999995,14.963404255319182
605008,2023-12-07,16.93,16.47,17.14,16.44,16.8,31726.0,53301200.0,16.75,16.96,16.652999999999988,15.99,14.88,56.07,0.51,0.64,-0.13,长鸿高科,化学原料和化学制品制造业,主板,16.72500000000006,16.901250000000044,16.936666666666646,16.827499999999997,15.008510638297906
605008,2023-12-08,16.55,16.38,16.69,16.35,16.47,26850.4,44191600.0,16.66,16.9,16.694499999999987,16.07,14.9,54.06,0.45,0.6,-0.15,长鸿高科,化学原料和化学制品制造业,主板,16.605000000000057,16.787500000000044,16.908333333333314,16.851874999999996,15.051914893617054
605008,2023-12-11,16.35,16.18,16.4,16.1,16.38,27286.8,44260600.0,16.52,16.78,16.70599999999999,16.13,14.92,49.78,0.37,0.56,-0.19,长鸿高科,化学原料和化学制品制造业,主板,16.457500000000056,16.650000000000045,16.843333333333312,16.848124999999996,15.096382978723435
605008,2023-12-12,16.47,15.97,16.47,15.77,16.18,24540.4,39263800.0,16.36,16.64,16.69149999999999,16.18,14.95,45.7,0.3,0.5,-0.2,长鸿高科,化学原料和化学制品制造业,主板,16.250000000000057,16.533750000000044,16.759166666666648,16.784374999999997,15.145957446808543
605008,2023-12-13,16.04,15.81,16.29,15.7,15.97,18837.0,29824900.0,16.16,16.5,16.67899999999999,16.23,14.97,42.81,0.22,0.45,-0.23,长鸿高科,化学原料和化学制品制造业,主板,16.085000000000058,16.405000000000044,16.629166666666645,16.723749999999995,15.20659574468088
605008,2023-12-14,15.81,15.75,16.0,15.67,15.81,18112.5,28585500.0,16.02,16.38,16.66699999999999,16.28,14.99,41.75,0.15,0.39,-0.24,长鸿高科,化学原料和化学制品制造业,主板,15.927500000000059,16.266250000000042,16.500833333333315,16.663124999999994,15.259574468085136
605008,2023-12-15,15.9,15.7,15.9,15.59,15.75,14147.0,22160000.0,15.88,16.27,16.63999999999999,16.32,15.02,40.84,0.09,0.33,-0.24,长鸿高科,化学原料和化学制品制造业,主板,15.80750000000006,16.13250000000004,16.369166666666647,16.584374999999994,15.313404255319181
605008,2023-12-18,15.71,15.66,15.8,15.54,15.7,14700.2,23074900.0,15.78,16.15,16.57349999999999,16.35,15.04,40.08,0.04,0.27,-0.23,长鸿高科,化学原料和化学制品制造业,主板,15.73000000000006,15.99000000000004,16.265833333333312,16.501874999999995,15.360425531914924
605008,2023-12-19,15.63,15.75,15.82,15.54,15.66,11202.0,17537700.0,15.73,16.05,16.52199999999999,16.37,15.07,42.65,0.01,0.22,-0.21,长鸿高科,化学原料和化学制品制造业,主板,15.71500000000006,15.900000000000038,16.17499999999998,16.400624999999994,15.414680851063858
605008,2023-12-20,15.87,15.89,16.13,15.7,15.75,38658.6,61787100.0,15.75,15.96,16.48049999999999,16.39,15.09,46.48,0.0,0.17,-0.17,长鸿高科,化学原料和化学制品制造业,主板,15.75000000000006,15.83875000000004,16.09416666666664,16.313124999999992,15.473617021276624
605008,2023-12-21,15.85,16.12,16.15,15.79,15.89,25483.7,40689900.0,15.82,15.92,16.43849999999999,16.41,15.12,52.15,0.0,0.14,-0.14,长鸿高科,化学原料和化学制品制造业,主板,15.85500000000006,15.83125000000004,16.039999999999974,16.240624999999994,15.535319148936198
605008,2023-12-22,16.13,15.94,16.19,15.87,16.12,17512.8,28057000.0,15.87,15.88,16.38649999999999,16.42,15.15,47.88,-0.01,0.11,-0.12,长鸿高科,化学原料和化学制品制造业,主板,15.925000000000061,15.82750000000004,15.968333333333307,16.180624999999996,15.597234042553222
605008,2023-12-25,16.11,15.94,16.12,15.89,15.94,13116.4,20916900.0,15.93,15.85,16.31499999999999,16.42,15.18,47.88,-0.01,0.09,-0.1,长鸿高科,化学原料和化学制品制造业,主板,15.97250000000006,15.843750000000039,15.924166666666641,16.124374999999997,15.66148936170216
605008,2023-12-26,15.94,15.88,16.05,15.82,15.94,11908.4,18950100.0,15.95,15.84,16.244499999999988,16.41,15.21,46.41,-0.02,0.06,-0.08,长鸿高科,化学原料和化学制品制造业,主板,15.97000000000006,15.860000000000039,15.882499999999974,16.063124999999996,15.72276595744684
605008,2023-12-27,15.89,15.97,15.99,15.8,15.88,8338.6,13274300.0,15.97,15.86,16.17899999999999,16.41,15.23,48.94,-0.03,0.05,-0.08,长鸿高科,化学原料和化学制品制造业,主板,15.932500000000058,15.893750000000038,15.864999999999974,16.013125,15.785957446808544
605008,2023-12-28,16.01,15.82,16.03,15.73,15.97,12939.6,20492500.0,15.91,15.87,16.124999999999993,16.4,15.26,45.11,-0.03,0.03,-0.06,长鸿高科,化学原料和化学制品制造业,主板,15.90250000000006,15.91375000000004,15.852499999999973,15.951874999999998,15.84617021276599
605008,2023-12-29,15.87,15.87,15.89,15.66,15.82,12128.0,19193700.0,15.9,15.88,16.076499999999992,16.39,15.3,46.61,-0.04,0.02,-0.06,长鸿高科,化学原料和化学制品制造业,主板,15.885000000000062,15.92875000000004,15.857499999999973,15.914374999999998,15.906170212765993
605008,2024-01-02,15.86,15.72,16.03,15.7,15.87,14479.2,22955300.0,15.85,15.89,16.019499999999994,16.35,15.35,42.84,-0.05,0.0,-0.05,长鸿高科,化学原料和化学制品制造业,主板,15.845000000000061,15.90750000000004,15.854999999999974,15.873124999999998,15.958723404255354
605008,2024-01-03,15.74,15.77,15.89,15.69,15.72,16067.6,25375500.0,15.83,15.89,15.969499999999993,16.31,15.39,44.45,-0.07,-0.01,-0.06,长鸿高科,化学原料和化学制品制造业,主板,15.795000000000062,15.863750000000039,15.860833333333309,15.847499999999997,15.998510638297908
605008,2024-01-04,15.82,15.65,15.82,15.57,15.77,10500.6,16426100.0,15.77,15.87,15.911999999999992,16.28,15.43,41.43,-0.07,-0.02,-0.05,长鸿高科,化学原料和化学制品制造业,主板,15.752500000000063,15.82750000000004,15.859999999999976,15.827499999999995,16.02297872340429
605008,2024-01-05,15.68,15.33,15.85,15.21,15.65,16818.6,26064600.0,15.67,15.79,15.85499999999999,16.22,15.46,34.65,-0.12,-0.04,-0.08,长鸿高科,化学原料和化学制品制造业,主板,15.617500000000065,15.751250000000041,15.824999999999976,15.797499999999996,16.041489361702162
605008,2024-01-08,15.33,15.08,15.73,14.85,15.33,34646.0,52669800.0,15.51,15.7,15.789999999999988,16.16,15.49,30.46,-0.16,-0.07,-0.09,长鸿高科,化学原料和化学制品制造业,主板,15.457500000000067,15.651250000000044,15.757499999999979,15.755624999999995,16.056808510638334
605008,2024-01-09,15.12,14.99,15.3,14.87,15.08,22058.2,33149500.0,15.36,15.61,15.730499999999989,16.08,15.52,29.1,-0.21,-0.09,-0.12,长鸿高科,化学原料和化学制品制造业,主板,15.262500000000067,15.528750000000045,15.663333333333313,15.711249999999996,16.072765957446844
605008,2024-01-10,14.98,15.09,15.25,14.8,14.99,28170.4,42261900.0,15.23,15.53,15.686499999999986,16.01,15.55,32.7,-0.23,-0.12,-0.11,长鸿高科,化学原料和化学制品制造业,主板,15.122500000000068,15.437500000000046,15.59249999999998,15.675624999999995,16.0857446808511
605008,2024-01-11,15.07,14.69,15.17,14.55,15.09,39707.8,59128500.0,15.04,15.4,15.630499999999987,15.92,15.58,26.83,-0.27,-0.15,-0.12,长鸿高科,化学原料和化学制品制造业,主板,14.96250000000007,15.290000000000045,15.488333333333314,15.609374999999996,16.085319148936208
605008,2024-01-12,14.6,14.76,14.92,14.33,14.69,23963.5,35136300.0,14.92,15.29,15.580999999999985,15.85,15.61,29.22,-0.31,-0.18,-0.13,长鸿高科,化学原料和化学制品制造业,主板,14.882500000000071,15.170000000000044,15.39499999999998,15.538749999999997,16.076808510638333
605008,2024-01-15,14.75,15.35,15.9,14.75,14.76,52785.8,81021100.0,14.98,15.24,15.563499999999987,15.8,15.65,45.45,-0.27,-0.2,-0.07,长鸿高科,化学原料和化学制品制造业,主板,14.97250000000007,15.117500000000044,15.343333333333312,15.490624999999998,16.075744680851102
605008,2024-01-16,15.31,15.28,15.59,15.01,15.35,35516.4,54341500.0,15.03,15.2,15.544499999999985,15.75,15.69,44.15,-0.26,-0.21,-0.05,长鸿高科,化学原料和化学制品制造业,主板,15.020000000000067,15.071250000000042,15.298333333333312,15.449374999999996,16.07234042553195
605008,2024-01-17,15.25,14.73,15.25,14.53,15.28,20088.2,29752600.0,14.96,15.1,15.493499999999987,15.68,15.72,35.59,-0.28,-0.23,-0.05,长鸿高科,化学原料和化学制品制造业,主板,15.030000000000069,14.99625000000004,15.203333333333312,15.373749999999998,16.054893617021314
605008,2024-01-18,14.68,14.56,14.69,14.07,14.73,24117.2,34483200.0,14.94,14.99,15.426999999999987,15.6,15.74,33.43,-0.31,-0.24,-0.07,长鸿高科,化学原料和化学制品制造业,主板,14.98000000000007,14.93125000000004,15.106666666666646,15.291249999999998,16.025319148936205
605008,2024-01-19,14.69,14.44,14.86,14.42,14.56,12904.8,18889700.0,14.87,14.9,15.342999999999986,15.54,15.76,31.95,-0.34,-0.26,-0.08,长鸿高科,化学原料和化学制品制造业,主板,14.75250000000007,14.862500000000042,14.99583333333331,15.195624999999998,15.986595744680887
605008,2024-01-22,14.56,13.55,14.56,13.5,14.44,17248.6,24052300.0,14.51,14.74,15.223499999999987,15.44,15.76,23.63,-0.43,-0.3,-0.13,长鸿高科,化学原料和化学制品制造业,主板,14.320000000000071,14.67000000000004,14.820833333333312,15.053749999999997,15.93319148936174
605008,2024-01-23,13.6,13.85,14.0,13.42,13.55,15032.5,20590300.0,14.23,14.63,15.11899999999999,15.36,15.75,30.23,-0.48,-0.33,-0.15,长鸿高科,化学原料和化学制品制造业,主板,14.100000000000069,14.56500000000004,14.697499999999977,14.927499999999997,15.887659574468122
605008,2024-01-24,13.85,14.14,14.3,13.62,13.85,10290.1,14361200.0,14.11,14.54,15.031999999999988,15.3,15.74,35.98,-0.47,-0.36,-0.11,长鸿高科,化学原料和化学制品制造业,主板,13.995000000000068,14.487500000000038,14.619166666666642,14.828749999999998,15.842978723404292
605008,2024-01-25,14.2,14.54,14.79,14.09,14.14,15924.4,23147600.0,14.1,14.52,14.960499999999987,15.26,15.74,42.97,-0.44,-0.38,-0.06,长鸿高科,化学原料和化学制品制造业,主板,14.020000000000067,14.38625000000004,14.58166666666664,14.751874999999997,15.790851063829823
605008,2024-01-26,14.58,14.13,14.61,14.0,14.54,22256.8,31595400.0,14.04,14.46,14.875999999999987,15.21,15.74,38.35,-0.44,-0.39,-0.05,长鸿高科,化学原料和化学制品制造业,主板,14.165000000000067,14.242500000000039,14.501666666666639,14.656874999999996,15.73446808510642
605008,2024-01-29,14.16,14.13,14.28,13.91,14.13,9301.4,13084400.0,14.16,14.34,14.788999999999987,15.15,15.74,38.35,-0.44,-0.4,-0.04,长鸿高科,化学原料和化学制品制造业,主板,14.235000000000065,14.167500000000038,14.454999999999972,14.581874999999995,15.679361702127695
605008,2024-01-30,14.12,13.76,14.28,13.7,14.13,10230.8,14335100.0,14.14,14.18,14.690999999999985,15.09,15.72,34.47,-0.46,-0.41,-0.05,长鸿高科,化学原料和化学制品制造业,主板,14.140000000000065,14.067500000000038,14.37166666666664,14.499374999999993,15.611276595744716
605008,2024-01-31,13.97,13.3,13.97,13.11,13.76,12704.0,17060000.0,13.97,14.04,14.567499999999987,15.01,15.69,30.36,-0.51,-0.43,-0.08,长鸿高科,化学原料和化学制品制造业,主板,13.830000000000064,13.925000000000038,14.200833333333307,14.393749999999994,15.532978723404288
605008,2024-02-01,13.27,13.05,13.49,12.66,13.3,22806.2,29605800.0,13.67,13.89,14.43749999999999,14.91,15.65,28.38,-0.56,-0.46,-0.1,长鸿高科,化学原料和化学制品制造业,主板,13.560000000000064,13.862500000000038,14.014999999999974,14.266249999999994,15.441063829787266
605008,2024-02-02,13.08,13.18,13.44,12.58,13.05,34568.2,45083600.0,13.48,13.76,14.32999999999999,14.82,15.61,30.9,-0.59,-0.48,-0.11,长鸿高科,化学原料和化学制品制造业,主板,13.322500000000064,13.778750000000038,13.88583333333331,14.171874999999995,15.353617021276627
605008,2024-02-05,13.18,12.0,13.3,11.86,13.18,61291.8,74269600.0,13.06,13.61,14.175999999999991,14.68,15.55,22.98,-0.69,-0.52,-0.17,长鸿高科,化学原料和化学制品制造业,主板,12.882500000000062,13.511250000000038,13.672499999999976,13.999374999999995,15.241276595744713
605008,2024-02-06,11.98,12.54,13.2,11.09,12.0,36291.6,43980800.0,12.81,13.48,14.05349999999999,14.57,15.5,31.62,-0.73,-0.57,-0.16,长鸿高科,化学原料和化学制品制造业,主板,12.692500000000063,13.26125000000004,13.514166666666641,13.823749999999995,15.148510638297903
605008,2024-02-07,12.54,12.7,13.09,12.43,12.54,43213.4,54844400.0,12.69,13.33,13.933999999999992,14.47,15.44,33.98,-0.73,-0.6,-0.13,长鸿高科,化学原料和化学制品制造业,主板,12.605000000000064,13.08250000000004,13.443333333333307,13.662499999999994,15.060425531914925
605008,2024-02-08,12.99,12.6,12.99,11.74,12.7,34815.3,42608700.0,12.6,13.14,13.829499999999992,14.35,15.38,33.21,-0.73,-0.62,-0.11,长鸿高科,化学原料和化学制品制造业,主板,12.460000000000065,12.89125000000004,13.33916666666664,13.529374999999995,14.969787234042586
605008,2024-02-19,12.62,13.44,13.54,12.62,12.6,23839.2,31541200.0,12.66,13.07,13.763499999999993,14.27,15.34,44.6,-0.66,-0.63,-0.03,长鸿高科,化学原料和化学制品制造业,主板,12.820000000000064,12.85125000000004,13.280833333333305,13.459374999999994,14.8989361702128
605008,2024-02-20,13.32,13.77,13.84,13.16,13.44,21775.7,29498800.0,13.01,13.03,13.684499999999991,14.2,15.3,48.33,-0.57,-0.62,0.05,长鸿高科,化学原料和化学制品制造业,主板,13.127500000000063,12.91000000000004,13.21666666666664,13.417499999999995,14.834468085106417
605008,2024-02-21,13.77,13.38,14.35,13.35,13.77,62841.4,87375000.0,13.18,13.0,13.589499999999992,14.13,15.24,44.52,-0.52,-0.6,0.08,长鸿高科,化学原料和化学制品制造业,主板,13.297500000000063,12.951250000000039,13.15416666666664,13.406874999999994,14.768723404255352
605008,2024-02-22,13.36,13.32,13.56,13.0,13.38,24732.6,32937700.0,13.3,13.0,13.518999999999991,14.04,15.18,43.94,-0.48,-0.58,0.1,长鸿高科,化学原料和化学制品制造业,主板,13.477500000000061,12.968750000000039,13.08666666666664,13.373749999999994,14.703617021276632
605008,2024-02-23,13.3,13.5,13.68,13.09,13.32,25840.2,34476800.0,13.48,13.04,13.46599999999999,13.97,15.12,46.18,-0.43,-0.55,0.12,长鸿高科,化学原料和化学制品制造业,主板,13.492500000000064,13.156250000000039,13.064999999999975,13.333749999999995,14.646595744680887
605008,2024-02-26,13.47,13.35,13.65,13.28,13.5,25307.4,34034900.0,13.46,13.06,13.411499999999993,13.91,15.06,44.58,-0.41,-0.52,0.11,长鸿高科,化学原料和化学制品制造业,主板,13.387500000000063,13.25750000000004,13.06916666666664,13.259374999999995,14.590851063829824
605008,2024-02-27,13.35,13.37,13.65,13.24,13.35,32135.2,43214300.0,13.38,13.2,13.402499999999993,13.85,15.0,44.86,-0.37,-0.49,0.12,长鸿高科,化学原料和化学制品制造业,主板,13.385000000000064,13.34125000000004,13.095833333333305,13.211874999999996,14.538936170212803
605008,2024-02-28,13.38,12.82,13.43,12.63,13.37,35455.9,46272500.0,13.27,13.22,13.35099999999999,13.78,14.93,39.12,-0.39,-0.47,0.08,长鸿高科,化学原料和化学制品制造业,主板,13.260000000000064,13.368750000000041,13.065833333333304,13.129999999999995,14.476595744680889
605008,2024-02-29,12.6,13.05,13.21,12.6,12.82,23670.4,30720800.0,13.22,13.26,13.296499999999991,13.71,14.86,42.44,-0.37,-0.45,0.08,长鸿高科,化学原料和化学制品制造业,主板,13.147500000000065,13.320000000000041,13.153333333333306,13.085624999999997,14.420212765957483
605008,2024-03-01,13.05,13.45,13.5,12.77,13.05,45148.8,59140500.0,13.21,13.34,13.24199999999999,13.67,14.79,47.76,-0.33,-0.43,0.1,长鸿高科,化学原料和化学制品制造业,主板,13.172500000000065,13.280000000000042,13.229166666666638,13.094999999999995,14.37319148936174
605008,2024-03-04,13.44,13.27,13.5,13.11,13.45,18248.0,24211700.0,13.19,13.33,13.19899999999999,13.62,14.73,45.71,-0.31,-0.4,0.09,长鸿高科,化学原料和化学制品制造业,主板,13.147500000000067,13.266250000000042,13.27666666666664,13.108749999999995,14.320425531914932
605008,2024-03-05,13.27,13.13,13.28,12.94,13.27,10691.6,13999000.0,13.14,13.26,13.14899999999999,13.54,14.67,44.13,-0.29,-0.38,0.09,长鸿高科,化学原料和化学制品制造业,主板,13.225000000000067,13.242500000000042,13.320833333333306,13.105624999999995,14.261702127659612
605008,2024-03-06,13.0,13.15,13.23,12.9,13.13,9545.6,12500000.0,13.21,13.24,13.118499999999989,13.47,14.61,44.42,-0.29,-0.36,0.07,长鸿高科,化学原料和化学制品制造业,主板,13.250000000000068,13.198750000000043,13.29666666666664,13.177499999999995,14.19851063829791
605008,2024-03-07,13.15,13.15,13.29,12.95,13.15,10415.8,13674800.0,13.23,13.22,13.110999999999986,13.42,14.55,44.42,-0.27,-0.34,0.07,长鸿高科,化学原料和化学制品制造业,主板,13.175000000000068,13.173750000000044,13.244999999999974,13.215624999999996,14.139148936170248
605008,2024-03-08,13.15,13.0,13.46,12.96,13.15,20869.3,27321500.0,13.14,13.17,13.108499999999987,13.37,14.49,42.46,-0.26,-0.33,0.07,长鸿高科,化学原料和化学制品制造业,主板,13.10750000000007,13.127500000000044,13.213333333333308,13.234374999999996,14.076595744680885
605008,2024-03-11,12.97,13.05,13.12,12.75,13.0,36832.8,47701100.0,13.1,13.14,13.101999999999986,13.32,14.43,43.36,-0.25,-0.31,0.06,长鸿高科,化学原料和化学制品制造业,主板,13.087500000000068,13.156250000000043,13.190833333333309,13.262499999999998,14.016382978723438
605008,2024-03-12,12.96,12.82,13.03,12.69,13.05,22765.0,29116000.0,13.03,13.09,13.142999999999986,13.3,14.37,40.25,-0.27,-0.3,0.03,长鸿高科,化学原料和化学制品制造业,主板,13.005000000000068,13.127500000000042,13.134166666666642,13.223749999999997,13.949361702127694
605008,2024-03-13,12.76,12.69,12.88,12.58,12.82,31407.0,40007400.0,12.94,13.08,13.150499999999985,13.26,14.31,38.56,-0.28,-0.3,0.02,长鸿高科,化学原料和化学制品制造业,主板,12.89000000000007,13.032500000000041,13.079166666666643,13.156249999999996,13.882765957446843
605008,2024-03-14,12.71,12.62,12.82,12.47,12.69,21767.0,27461000.0,12.84,13.03,13.146499999999985,13.21,14.26,37.65,-0.29,-0.3,0.01,长鸿高科,化学原料和化学制品制造业,主板,12.79500000000007,12.951250000000043,13.016666666666643,13.108749999999997,13.81361702127663
605008,2024-03-15,12.55,12.66,12.73,12.4,12.62,13350.2,16793000.0,12.77,12.95,13.149499999999986,13.15,14.2,38.55,-0.3,-0.3,0.0,长鸿高科,化学原料和化学制品制造业,主板,12.697500000000069,12.892500000000043,13.003333333333309,13.067499999999997,13.748510638297905
605008,2024-03-18,12.65,13.93,13.93,12.65,12.66,62502.8,84165600.0,12.94,13.02,13.173999999999987,13.14,14.17,58.8,-0.19,-0.28,0.09,长鸿高科,化学原料和化学制品制造业,主板,12.97500000000007,12.990000000000041,13.076666666666641,13.094374999999998,13.709361702127692
605008,2024-03-19,14.09,13.89,14.3,13.81,13.93,79215.2,111282000.0,13.16,13.1,13.179999999999987,13.13,14.14,58.15,-0.12,-0.24,0.12,长鸿高科,化学原料和化学制品制造业,主板,13.27500000000007,13.08250000000004,13.11333333333331,13.128124999999999,13.671914893617053
605008,2024-03-20,13.82,13.94,14.1,13.73,13.89,27722.0,38577700.0,13.41,13.18,13.207999999999988,13.14,14.11,58.76,-0.05,-0.21,0.16,长鸿高科,化学原料和化学制品制造业,主板,13.60500000000007,13.20000000000004,13.169166666666642,13.163749999999999,13.642340425531948
605008,2024-03-21,13.93,14.66,15.33,13.93,13.94,85688.4,126371000.0,13.82,13.33,13.274999999999988,13.18,14.1,66.4,0.06,-0.15,0.21,长鸿高科,化学原料和化学制品制造业,主板,14.105000000000071,13.40125000000004,13.296666666666644,13.278749999999999,13.63340425531918
605008,2024-03-22,14.69,14.41,14.69,14.15,14.66,52558.4,75588300.0,14.17,13.47,13.32049999999999,13.23,14.07,62.1,0.12,-0.1,0.22,长鸿高科,化学原料和化学制品制造业,主板,14.22500000000007,13.60000000000004,13.401666666666642,13.363749999999998,13.621063829787264
605008,2024-03-25,14.35,14.0,14.47,13.97,14.41,27015.4,38442700.0,14.18,13.56,13.352999999999989,13.26,14.04,55.72,0.15,-0.05,0.2,长鸿高科,化学原料和化学制品制造业,主板,14.252500000000072,13.76375000000004,13.472499999999975,13.398124999999999,13.597872340425562
605008,2024-03-26,14.13,13.61,14.29,13.46,14.0,20368.9,27909700.0,14.12,13.64,13.36499999999999,13.31,14.0,50.42,0.13,-0.01,0.14,长鸿高科,化学原料和化学制品制造业,主板,14.170000000000073,13.88750000000004,13.523333333333307,13.419374999999997,13.574893617021305
605008,2024-03-27,13.61,13.37,13.61,13.28,13.61,26727.0,35871100.0,14.01,13.71,13.39249999999999,13.34,13.95,47.43,0.09,0.01,0.08,长鸿高科,化学原料和化学制品制造业,主板,13.847500000000075,13.976250000000041,13.549999999999974,13.434374999999998,13.5453191489362
605008,2024-03-28,13.3,13.35,13.76,13.25,13.37,28486.0,38416700.0,13.75,13.78,13.40749999999999,13.36,13.91,47.18,0.06,0.02,0.04,长鸿高科,化学原料和化学制品制造业,主板,13.582500000000074,13.903750000000041,13.59416666666664,13.446874999999997,13.502765957446837
605008,2024-03-29,13.45,13.54,13.55,13.21,13.35,20382.4,27262300.0,13.57,13.87,13.411999999999992,13.39,13.87,49.89,0.05,0.02,0.03,长鸿高科,化学原料和化学制品制造业,主板,13.467500000000072,13.86000000000004,13.664999999999973,13.471249999999996,13.465744680851092
605008,2024-04-01,13.54,13.95,13.95,13.46,13.54,16646.4,22897500.0,13.56,13.87,13.445999999999993,13.41,13.84,55.24,0.08,0.04,0.04,长鸿高科,化学原料和化学制品制造业,主板,13.552500000000073,13.861250000000041,13.775833333333305,13.530624999999995,13.449148936170243
605008,2024-04-02,13.95,13.88,14.08,13.74,13.95,14426.1,20047500.0,13.62,13.87,13.483499999999992,13.41,13.81,54.18,0.08,0.04,0.04,长鸿高科,化学原料和化学制品制造业,主板,13.680000000000073,13.76375000000004,13.877499999999971,13.582499999999994,13.43468085106386
605008,2024-04-03,13.9,13.78,13.95,13.58,13.88,11265.0,15447700.0,13.7,13.86,13.514999999999992,13.42,13.77,52.62,0.09,0.05,0.04,长鸿高科,化学原料和化学制品制造业,主板,13.78750000000007,13.685000000000041,13.864999999999972,13.642499999999995,13.420638297872369
605008,2024-04-08,13.81,13.69,13.99,13.54,13.78,16050.0,22085000.0,13.77,13.76,13.541999999999993,13.44,13.74,51.19,0.08,0.06,0.02,长鸿高科,化学原料和化学制品制造业,主板,13.825000000000072,13.646250000000041,13.848333333333306,13.704999999999995,13.423617021276627
605008,2024-04-09,13.69,13.82,13.86,13.6,13.69,11555.0,15904600.0,13.82,13.7,13.582999999999993,13.45,13.71,53.17,0.09,0.07,0.02,长鸿高科,化学原料和化学制品制造业,主板,13.792500000000071,13.67250000000004,13.838333333333305,13.779999999999994,13.422978723404286
605008,2024-04-10,13.81,13.71,13.81,13.39,13.82,18087.0,24600400.0,13.78,13.67,13.61599999999999,13.46,13.68,51.28,0.08,0.07,0.01,长鸿高科,化学原料和化学制品制造业,主板,13.75000000000007,13.715000000000039,13.759166666666639,13.845624999999995,13.413829787234075
605008,2024-04-11,13.65,13.57,13.8,13.47,13.71,15209.0,20743800.0,13.71,13.67,13.65349999999999,13.47,13.66,48.89,0.06,0.07,-0.01,长鸿高科,化学原料和化学制品制造业,主板,13.697500000000069,13.742500000000039,13.689166666666639,13.823124999999994,13.393191489361737
605008,2024-04-12,13.57,13.76,13.8,13.37,13.57,17005.2,23202000.0,13.71,13.71,13.70699999999999,13.5,13.64,52.14,0.06,0.07,-0.01,长鸿高科,化学原料和化学制品制造业,主板,13.715000000000071,13.770000000000039,13.669166666666639,13.814999999999994,13.385319148936205
605008,2024-04-15,13.76,13.49,13.84,13.1,13.76,19623.8,26383200.0,13.67,13.72,13.750499999999992,13.51,13.61,47.52,0.04,0.06,-0.02,长鸿高科,化学原料和化学制品制造业,主板,13.63250000000007,13.712500000000038,13.659166666666641,13.786874999999995,13.371702127659608
605008,2024-04-16,13.62,13.03,13.62,12.98,13.49,18141.0,23776600.0,13.51,13.67,13.768999999999988,13.5,13.58,40.87,-0.02,0.04,-0.06,长鸿高科,化学原料和化学制品制造业,主板,13.462500000000068,13.606250000000038,13.630833333333307,13.684999999999995,13.356170212765992
605008,2024-04-17,13.14,13.2,13.57,13.04,13.03,26643.7,35356000.0,13.41,13.59,13.732499999999987,13.5,13.56,43.99,-0.05,0.03,-0.08,长鸿高科,化学原料和化学制品制造业,主板,13.370000000000067,13.533750000000039,13.618333333333306,13.609374999999995,13.354042553191526
605008,2024-04-18,13.18,13.34,13.45,12.98,13.2,14485.0,19193200.0,13.36,13.54,13.704999999999988,13.5,13.52,46.49,-0.05,0.01,-0.06,长鸿高科,化学原料和化学制品制造业,主板,13.265000000000066,13.49000000000004,13.60166666666664,13.568124999999995,13.360212765957485
605008,2024-04-19,13.34,14.12,14.17,13.08,13.34,27987.9,38714600.0,13.44,13.57,13.713999999999988,13.53,13.5,57.81,0.01,0.01,0.0,长鸿高科,化学原料和化学制品制造业,主板,13.422500000000065,13.527500000000039,13.615833333333308,13.599999999999994,13.380212765957486
605008,2024-04-22,14.2,13.75,14.34,13.6,14.12,21535.0,29897400.0,13.49,13.58,13.668499999999986,13.55,13.49,52.17,0.01,0.01,0.0,长鸿高科,化学原料和化学制品制造业,主板,13.602500000000063,13.532500000000038,13.604999999999976,13.623749999999994,13.417446808510677
605008,2024-04-23,13.7,13.87,13.9,13.64,13.75,8976.0,12400400.0,13.66,13.58,13.641499999999985,13.58,13.48,53.75,0.03,0.01,0.02,长鸿高科,化学原料和化学制品制造业,主板,13.770000000000064,13.57000000000004,13.612499999999976,13.656249999999995,13.445744680851103
605008,2024-04-24,13.87,13.97,13.97,13.68,13.87,12602.0,17443800.0,13.81,13.61,13.639999999999986,13.61,13.47,55.07,0.06,0.02,0.04,长鸿高科,化学原料和化学制品制造业,主板,13.927500000000062,13.596250000000039,13.63583333333331,13.683124999999995,13.472765957446848
605008,2024-04-25,13.95,14.33,14.4,13.8,13.97,17666.6,25159800.0,14.01,13.69,13.675999999999984,13.66,13.48,59.57,0.11,0.04,0.07,长鸿高科,化学原料和化学制品制造业,主板,13.980000000000063,13.701250000000039,13.678333333333311,13.706874999999997,13.509574468085146
605008,2024-04-26,14.45,14.37,14.45,14.13,14.33,21509.0,30671600.0,14.06,13.75,13.725999999999985,13.72,13.49,60.05,0.14,0.06,0.08,长鸿高科,化学原料和化学制品制造业,主板,14.135000000000062,13.86875000000004,13.733333333333311,13.737499999999997,13.529361702127698
605008,2024-04-29,14.49,15.42,15.76,14.43,14.37,49546.4,75180900.0,14.39,13.94,13.829499999999985,13.81,13.51,70.07,0.25,0.1,0.15,长鸿高科,化学原料和化学制品制造业,主板,14.522500000000063,14.14625000000004,13.887499999999976,13.839999999999996,13.564468085106421
605008,2024-04-30,14.95,15.4,15.42,14.86,15.42,31749.4,48246000.0,14.7,14.18,13.922499999999982,13.9,13.53,69.71,0.34,0.15,0.19,长鸿高科,化学原料和化学制品制造业,主板,14.880000000000063,14.403750000000038,14.024166666666645,13.946874999999997,13.607446808510677
605008,2024-05-06,15.41,15.8,15.95,15.41,15.4,42621.5,67097300.0,15.06,14.44,14.014999999999983,13.97,13.55,72.72,0.43,0.2,0.23,长鸿高科,化学原料和化学制品制造业,主板,15.247500000000063,14.613750000000039,14.216666666666645,14.070624999999998,13.660212765957482
605008,2024-05-07,15.8,15.96,16.19,15.71,15.8,25112.8,40167400.0,15.39,14.7,14.118999999999982,14.04,13.58,73.84,0.51,0.26,0.25,长鸿高科,化学原料和化学制品制造业,主板,15.645000000000062,14.89000000000004,14.460833333333312,14.211249999999998,13.712553191489398
605008,2024-05-08,15.94,15.82,15.98,15.69,15.96,13942.2,22026300.0,15.68,14.87,14.220999999999984,14.1,13.62,71.09,0.56,0.32,0.24,长鸿高科,化学原料和化学制品制造业,主板,15.745000000000061,15.133750000000038,14.679166666666646,14.351874999999998,13.765106382978761
605008,2024-05-09,15.88,15.44,15.88,15.38,15.82,23489.2,36537700.0,15.68,15.04,14.308499999999984,14.12,13.65,64.12,0.55,0.37,0.18,长鸿高科,化学原料和化学制品制造业,主板,15.755000000000061,15.317500000000038,14.854166666666645,14.456874999999998,13.809148936170251
605008,2024-05-10,15.41,15.38,15.5,15.3,15.44,14046.2,21626700.0,15.68,15.19,14.386499999999984,14.16,13.69,63.07,0.54,0.4,0.14,长鸿高科,化学原料和化学制品制造业,主板,15.650000000000063,15.448750000000038,14.959166666666645,14.574999999999998,13.863617021276633
605008,2024-05-13,15.3,15.49,15.5,15.2,15.38,11522.6,17685700.0,15.62,15.34,14.475499999999986,14.21,13.73,64.22,0.54,0.43,0.11,长鸿高科,化学原料和化学制品制造业,主板,15.532500000000061,15.588750000000037,15.104166666666645,14.728749999999998,13.915531914893656
605008,2024-05-14,15.49,15.86,15.89,15.49,15.49,24444.6,38530700.0,15.6,15.49,14.589999999999986,14.28,13.8,67.88,0.56,0.46,0.1,长鸿高科,化学原料和化学制品制造业,主板,15.542500000000059,15.643750000000034,15.269999999999976,14.895,13.966808510638336
605008,2024-05-15,15.9,15.82,15.98,15.68,15.86,10855.1,17167000.0,15.6,15.64,14.692999999999987,14.36,13.85,67.08,0.56,0.48,0.08,长鸿高科,化学原料和化学制品制造业,主板,15.63750000000006,15.696250000000035,15.424166666666643,15.049999999999999,14.021063829787273
605008,2024-05-16,15.85,15.8,16.25,15.71,15.82,14972.0,23880800.0,15.67,15.68,14.808499999999986,14.45,13.9,66.66,0.56,0.49,0.07,长鸿高科,化学原料和化学制品制造业,主板,15.742500000000058,15.696250000000036,15.546666666666644,15.154999999999998,14.07787234042557
605008,2024-05-17,15.81,15.83,15.91,15.69,15.8,7377.0,11632100.0,15.76,15.72,14.948499999999987,14.52,13.96,66.99,0.55,0.5,0.05,长鸿高科,化学原料和化学制品制造业,主板,15.82750000000006,15.680000000000035,15.66833333333331,15.284999999999997,14.134893617021316
605008,2024-05-20,15.87,15.68,16.06,15.6,15.83,20097.0,31772900.0,15.8,15.71,15.072499999999987,14.58,13.99,63.55,0.53,0.51,0.02,长鸿高科,化学原料和化学制品制造业,主板,15.78250000000006,15.662500000000037,15.689999999999978,15.398124999999997,14.188723404255358
605008,2024-05-21,15.52,15.68,15.9,15.52,15.68,8978.0,14061800.0,15.76,15.68,15.18949999999999,14.64,14.02,63.55,0.5,0.51,-0.01,长鸿高科,化学原料和化学制品制造业,主板,15.747500000000057,15.692500000000038,15.713333333333312,15.504999999999997,14.245744680851102
605008,2024-05-22,15.75,15.63,15.77,15.56,15.68,6189.0,9677390.0,15.72,15.66,15.26499999999999,14.7,14.06,62.32,0.47,0.5,-0.03,长鸿高科,化学原料和化学制品制造业,主板,15.705000000000059,15.723750000000038,15.699166666666644,15.586249999999998,14.300638297872379
605008,2024-05-23,15.54,15.38,15.6,15.3,15.63,9076.8,14000100.0,15.64,15.66,15.346499999999988,14.76,14.1,56.41,0.43,0.49,-0.06,长鸿高科,化学原料和化学制品制造业,主板,15.592500000000058,15.710000000000038,15.65083333333331,15.649375,14.35510638297876
605008,2024-05-24,15.33,15.2,15.4,15.16,15.38,10068.0,15380600.0,15.51,15.64,15.412999999999988,14.8,14.12,52.54,0.37,0.46,-0.09,长鸿高科,化学原料和化学制品制造业,主板,15.472500000000059,15.627500000000039,15.599166666666642,15.635625,14.40851063829791
605008,2024-05-27,15.24,15.16,15.3,14.93,15.2,12974.4,19505200.0,15.41,15.6,15.472499999999988,14.85,14.16,51.7,0.31,0.43,-0.12,长鸿高科,化学原料和化学制品制造业,主板,15.34250000000006,15.54500000000004,15.575833333333309,15.620624999999999,14.462553191489398
605008,2024-05-28,15.1,15.13,15.4,14.9,15.16,17178.8,26092500.0,15.3,15.53,15.512499999999989,14.9,14.18,51.03,0.27,0.4,-0.13,长鸿高科,化学原料和化学制品制造业,主板,15.21750000000006,15.46125000000004,15.554999999999977,15.57875,14.515106382978761
605008,2024-05-29,15.18,15.45,15.49,15.0,15.13,24275.2,37156100.0,15.26,15.49,15.566499999999987,14.96,14.23,57.33,0.26,0.37,-0.11,长鸿高科,化学原料和化学制品制造业,主板,15.235000000000058,15.413750000000041,15.551666666666641,15.546874999999998,14.547446808510678
605008,2024-05-30,15.57,15.38,15.57,15.23,15.45,8090.2,12418800.0,15.26,15.45,15.564499999999986,15.02,14.27,55.65,0.24,0.35,-0.11,长鸿高科,化学原料和化学制品制造业,主板,15.280000000000058,15.376250000000041,15.511666666666642,15.519375,14.579148936170252
605008,2024-05-31,15.39,15.23,15.41,15.15,15.38,9847.0,14996200.0,15.27,15.39,15.555999999999989,15.1,14.3,52.11,0.2,0.32,-0.12,长鸿高科,化学原料和化学制品制造业,主板,15.29750000000006,15.32000000000004,15.462499999999975,15.506250000000001,14.60659574468089
605008,2024-06-03,15.18,15.15,15.25,15.04,15.23,8503.2,12860100.0,15.27,15.34,15.523499999999988,15.16,14.33,50.27,0.17,0.29,-0.12,长鸿高科,化学原料和化学制品制造业,主板,15.30250000000006,15.26000000000004,15.408333333333308,15.491875,14.617021276595784
605008,2024-06-04,15.32,14.79,15.32,14.68,15.15,19775.0,29409200.0,15.2,15.25,15.46499999999999,15.21,14.36,42.94,0.12,0.25,-0.13,长鸿高科,化学原料和化学制品制造业,主板,15.13750000000006,15.18625000000004,15.321666666666639,15.448125000000001,14.625106382978762
605008,2024-06-05,14.9,14.62,14.9,14.52,14.79,12860.8,18897500.0,15.03,15.15,15.40499999999999,15.23,14.38,39.97,0.06,0.21,-0.15,长鸿高科,化学原料和化学制品制造业,主板,14.94750000000006,15.11375000000004,15.233333333333306,15.370625,14.638297872340464
605008,2024-06-06,14.53,14.22,14.64,14.1,14.62,14127.2,20152300.0,14.8,15.03,15.34399999999999,15.24,14.4,34.02,-0.02,0.17,-0.19,长鸿高科,化学原料和化学制品制造业,主板,14.69500000000006,14.996250000000042,15.111666666666638,15.270625000000003,14.65127659574472
605008,2024-06-07,14.3,14.63,14.81,14.26,14.22,14801.2,21476900.0,14.68,14.98,15.306499999999991,15.27,14.43,43.34,-0.05,0.12,-0.17,长鸿高科,化学原料和化学制品制造业,主板,14.56500000000006,14.933750000000042,15.028333333333306,15.197500000000002,14.678085106383017
605008,2024-06-11,14.63,14.48,14.63,14.15,14.63,14904.9,21408100.0,14.55,14.91,15.255999999999991,15.28,14.45,41.05,-0.08,0.08,-0.16,长鸿高科,化学原料和化学制品制造业,主板,14.48750000000006,14.81250000000004,14.953333333333305,15.113125000000002,14.702127659574506
605008,2024-06-12,14.48,14.49,14.55,14.31,14.48,14670.8,21122100.0,14.49,14.84,15.187499999999991,15.29,14.48,41.27,-0.1,0.05,-0.15,长鸿高科,化学原料和化学制品制造业,主板,14.45500000000006,14.70125000000004,14.89416666666664,15.03875,14.722340425531955
605008,2024-06-13,14.41,14.36,14.5,14.2,14.49,13273.8,19018300.0,14.44,14.74,15.114499999999992,15.29,14.5,39.21,-0.13,0.01,-0.14,长鸿高科,化学原料和化学制品制造业,主板,14.490000000000059,14.592500000000038,14.827499999999974,14.95625,14.731063829787272
605008,2024-06-14,14.16,14.08,14.18,13.69,14.36,14869.4,20631500.0,14.41,14.6,15.02849999999999,15.24,14.53,35.12,-0.18,-0.03,-0.15,长鸿高科,化学原料和化学制品制造业,主板,14.352500000000058,14.458750000000038,14.739999999999975,14.859375000000002,14.73531914893621
605008,2024-06-17,14.08,14.07,14.5,13.96,14.08,13458.0,19074800.0,14.3,14.49,14.940499999999991,15.2,14.55,34.98,-0.21,-0.06,-0.15,长鸿高科,化学原料和化学制品制造业,主板,14.250000000000057,14.368750000000038,14.624999999999977,14.777500000000002,14.74148936170217
605008,2024-06-18,14.01,14.0,14.25,13.79,14.07,18317.2,25590700.0,14.2,14.37,14.856499999999992,15.14,14.55,33.96,-0.24,-0.1,-0.14,长鸿高科,化学原料和化学制品制造业,主板,14.127500000000056,14.291250000000037,14.509999999999977,14.702500000000002,14.74808510638302
605008,2024-06-19,14.48,13.86,14.48,13.85,14.0,12930.0,18100400.0,14.07,14.28,14.765499999999992,15.07,14.55,31.95,-0.27,-0.13,-0.14,长鸿高科,化学原料和化学制品制造业,主板,14.002500000000058,14.246250000000035,14.395833333333313,14.621250000000002,14.748936170212806
605008,2024-06-20,13.99,13.75,14.01,13.7,13.86,9777.4,13537500.0,13.95,14.19,14.671499999999991,15.0,14.55,30.43,-0.3,-0.17,-0.13,长鸿高科,化学原料和化学制品制造业,主板,13.920000000000059,14.136250000000036,14.279166666666645,14.535000000000002,14.749787234042593
605008,2024-06-21,13.79,13.96,14.09,13.53,13.75,10244.4,14251100.0,13.93,14.17,14.600499999999991,14.95,14.54,36.64,-0.31,-0.2,-0.11,长鸿高科,化学原料和化学制品制造业,主板,13.89250000000006,14.071250000000036,14.20999999999998,14.441875000000003,14.758085106383017
605008,2024-06-24,13.91,13.49,13.99,13.41,13.96,15800.8,21671800.0,13.81,14.05,14.514999999999992,14.89,14.52,30.15,-0.34,-0.22,-0.12,长鸿高科,化学原料和化学制品制造业,主板,13.765000000000061,13.946250000000036,14.115833333333313,14.323750000000004,14.752340425531953
605008,2024-06-25,13.21,13.34,13.61,13.21,13.49,8254.6,11029900.0,13.68,13.94,14.423999999999989,14.82,14.51,28.42,-0.37,-0.25,-0.12,长鸿高科,化学原料和化学制品制造业,主板,13.635000000000062,13.818750000000037,14.04249999999998,14.205625000000005,14.749148936170252
605008,2024-06-26,13.35,13.63,13.64,13.21,13.34,7506.0,10109600.0,13.63,13.85,14.34899999999999,14.74,14.51,36.06,-0.38,-0.28,-0.1,长鸿高科,化学原料和化学制品制造业,主板,13.60500000000006,13.762500000000037,13.959166666666647,14.110625000000004,14.761914893617062
605008,2024-06-27,13.56,13.37,13.65,13.32,13.63,6192.0,8320910.0,13.56,13.76,14.24499999999999,14.66,14.51,32.69,-0.4,-0.3,-0.1,长鸿高科,化学原料和化学制品制造业,主板,13.457500000000062,13.675000000000036,13.866666666666648,14.021875000000005,14.765531914893655
605008,2024-06-28,13.27,13.1,13.47,12.97,13.37,11901.0,15660500.0,13.39,13.66,14.130999999999991,14.57,14.51,29.6,-0.42,-0.33,-0.09,长鸿高科,化学原料和化学制品制造业,主板,13.360000000000062,13.562500000000036,13.750833333333313,13.926875000000004,14.760425531914933
605008,2024-07-01,13.66,13.24,13.66,13.05,13.1,10751.3,14199300.0,13.34,13.57,14.03149999999999,14.49,14.5,33.13,-0.44,-0.35,-0.09,长鸿高科,化学原料和化学制品制造业,主板,13.335000000000061,13.485000000000035,13.65749999999998,13.865625000000005,14.741702127659613
605008,2024-07-02,13.15,13.06,13.38,13.03,13.24,6739.6,8860900.0,13.28,13.48,13.926999999999992,14.4,14.49,30.98,-0.45,-0.37,-0.08,长鸿高科,化学原料和化学制品制造业,主板,13.192500000000061,13.398750000000035,13.572499999999978,13.767500000000005,14.727021276595783
605008,2024-07-03,12.96,12.94,13.13,12.88,13.06,7067.0,9165530.0,13.14,13.39,13.834499999999991,14.31,14.47,29.6,-0.47,-0.39,-0.08,长鸿高科,化学原料和化学制品制造业,主板,13.085000000000063,13.271250000000034,13.478333333333312,13.671250000000006,14.70723404255323
605008,2024-07-04,12.88,12.64,12.98,12.57,12.94,7798.6,9949140.0,13.0,13.28,13.735499999999991,14.21,14.45,26.43,-0.5,-0.41,-0.09,长鸿高科,化学原料和化学制品制造业,主板,12.970000000000061,13.165000000000035,13.36499999999998,13.555625000000006,14.678936170212804
605008,2024-07-05,12.61,12.62,12.71,12.42,12.64,12777.8,16036500.0,12.9,13.14,13.65549999999999,14.11,14.44,26.23,-0.52,-0.43,-0.09,长鸿高科,化学原料和化学制品制造业,主板,12.81500000000006,13.075000000000035,13.261666666666647,13.446875000000006,14.6425531914894
605008,2024-07-08,12.62,12.05,12.62,11.97,12.62,11371.8,13844400.0,12.66,13.0,13.52649999999999,14.01,14.41,21.25,-0.58,-0.46,-0.12,长鸿高科,化学原料和化学制品制造业,主板,12.56250000000006,12.877500000000035,13.119999999999981,13.320000000000006,14.593191489361738
605008,2024-07-09,12.08,12.2,12.25,11.82,12.05,7975.02,9613820.0,12.49,12.88,13.412499999999989,13.91,14.38,25.27,-0.6,-0.49,-0.11,长鸿高科,化学原料和化学制品制造业,主板,12.377500000000062,12.731250000000035,12.973333333333313,13.203125000000005,14.524680851063868
605008,2024-07-10,12.15,12.18,12.48,11.98,12.2,7479.0,9205420.0,12.34,12.74,13.296999999999988,13.81,14.36,25.09,-0.61,-0.51,-0.1,长鸿高科,化学原料和化学制品制造业,主板,12.262500000000061,12.616250000000036,12.864166666666646,13.089375000000006,14.456170212765995
605008,2024-07-11,12.44,12.48,12.6,12.34,12.18,7143.4,8913780.0,12.31,12.65,13.202999999999989,13.71,14.34,32.96,-0.59,-0.53,-0.06,长鸿高科,化学原料和化学制品制造业,主板,12.227500000000061,12.521250000000038,12.792499999999977,13.003125000000004,14.385531914893656
605008,2024-07-12,12.38,12.37,12.58,12.35,12.48,4431.7,5496100.0,12.26,12.58,13.117499999999989,13.61,14.32,31.65,-0.58,-0.54,-0.04,长鸿高科,化学原料和化学制品制造业,主板,12.307500000000061,12.435000000000038,12.687499999999979,12.916875000000005,14.309148936170251
605008,2024-07-15,12.34,12.17,12.39,12.09,12.37,7116.8,8655280.0,12.28,12.47,13.02249999999999,13.51,14.3,29.36,-0.58,-0.55,-0.03,长鸿高科,化学原料和化学制品制造业,主板,12.300000000000061,12.338750000000038,12.587499999999977,12.805000000000003,14.231489361702163
605008,2024-07-16,12.07,12.09,12.27,12.03,12.17,7269.98,8817970.0,12.26,12.37,12.926999999999989,13.41,14.29,28.47,-0.58,-0.55,-0.03,长鸿高科,化学原料和化学制品制造业,主板,12.277500000000062,12.270000000000039,12.50333333333331,12.717500000000003,14.160212765957482
605008,2024-07-17,12.12,12.04,12.24,12.0,12.09,6909.0,8337680.0,12.23,12.28,12.83599999999999,13.32,14.26,27.9,-0.58,-0.56,-0.02,长鸿高科,化学原料和化学制品制造业,主板,12.16750000000006,12.197500000000037,12.40333333333331,12.636250000000002,14.089148936170249
605008,2024-07-18,12.05,12.11,12.19,11.86,12.04,8422.8,10075900.0,12.16,12.23,12.75399999999999,13.23,14.23,30.01,-0.57,-0.56,-0.01,长鸿高科,化学原料和化学制品制造业,主板,12.102500000000061,12.205000000000037,12.324166666666642,12.541250000000002,14.017234042553227
605008,2024-07-19,12.08,12.07,12.16,11.97,12.11,7616.26,9186240.0,12.1,12.18,12.65949999999999,13.16,14.2,29.48,-0.55,-0.56,0.01,长鸿高科,化学原料和化学制品制造业,主板,12.077500000000061,12.188750000000036,12.251666666666642,12.46,13.936595744680886
605008,2024-07-22,11.99,11.47,12.11,11.07,12.07,41756.6,48084700.0,11.96,12.12,12.55849999999999,13.06,14.16,22.94,-0.57,-0.56,-0.01,长鸿高科,化学原料和化学制品制造业,主板,11.92250000000006,12.100000000000037,12.15416666666664,12.358125000000001,13.844042553191525
605008,2024-07-23,11.67,11.56,11.89,11.45,11.47,24058.4,28168300.0,11.85,12.05,12.46949999999999,12.96,14.12,25.6,-0.58,-0.57,-0.01,长鸿高科,化学原料和化学制品制造业,主板,11.80250000000006,11.985000000000037,12.065833333333307,12.253125,13.753829787234078
605008,2024-07-24,11.48,11.3,11.66,11.22,11.56,12032.8,13729600.0,11.7,11.97,12.352999999999989,12.85,14.07,23.11,-0.61,-0.57,-0.04,长鸿高科,化学原料和化学制品制造业,主板,11.600000000000062,11.851250000000036,12.003333333333307,12.143125000000001,13.657446808510672
605008,2024-07-25,11.43,11.4,11.58,11.18,11.3,8093.45,9237620.0,11.56,11.86,12.254499999999988,12.75,14.02,26.09,-0.61,-0.58,-0.03,长鸿高科,化学原料和化学制品制造业,主板,11.432500000000061,11.755000000000036,11.93666666666664,12.046875000000002,13.566382978723437
605008,2024-07-26,11.4,11.49,11.56,11.3,11.4,12215.0,13948300.0,11.44,11.77,12.173999999999989,12.67,13.96,28.76,-0.59,-0.58,-0.01,长鸿高科,化学原料和化学制品制造业,主板,11.437500000000062,11.680000000000035,11.879166666666642,11.975000000000001,13.477234042553226
605008,2024-07-29,11.55,11.16,11.55,11.11,11.49,19435.0,21843100.0,11.38,11.67,12.069999999999988,12.57,13.89,25.17,-0.61,-0.59,-0.02,长鸿高科,化学原料和化学制品制造业,主板,11.337500000000063,11.570000000000036,11.769166666666642,11.883750000000001,13.382127659574502
605008,2024-07-30,11.12,12.28,12.28,11.08,11.16,27107.8,32140400.0,11.53,11.69,12.030999999999988,12.51,13.83,48.63,-0.52,-0.57,0.05,长鸿高科,化学原料和化学制品制造业,主板,11.582500000000064,11.591250000000036,11.761666666666642,11.898125,13.316170212765991
605008,2024-07-31,12.56,12.23,12.7,11.97,12.28,54348.3,66154100.0,11.71,11.71,11.995499999999987,12.46,13.76,47.9,-0.45,-0.55,0.1,长鸿高科,化学原料和化学制品制造业,主板,11.790000000000065,11.611250000000037,11.766666666666643,11.9,13.252978723404288
605008,2024-08-01,12.13,12.18,12.23,12.04,12.23,22938.6,27824000.0,11.87,11.71,11.972499999999988,12.41,13.7,47.15,-0.39,-0.52,0.13,长鸿高科,化学原料和化学制品制造业,主板,11.962500000000064,11.700000000000038,11.774166666666643,11.9,13.189574468085139
605008,2024-08-02,12.1,12.0,12.23,12.0,12.18,16540.0,20030700.0,11.97,11.71,11.941499999999987,12.34,13.65,44.44,-0.35,-0.48,0.13,长鸿高科,化学原料和化学制品制造业,主板,12.172500000000063,11.755000000000038,11.770833333333309,11.870000000000001,13.12297872340429
605008,2024-08-05,11.88,11.65,12.03,11.6,12.0,15743.2,18592600.0,12.07,11.72,11.921499999999988,12.28,13.58,39.66,-0.36,-0.46,0.1,长鸿高科,化学原料和化学制品制造业,主板,12.015000000000063,11.79875000000004,11.732499999999979,11.825000000000001,13.0421276595745
605008,2024-08-06,11.65,11.76,11.84,11.59,11.65,11310.2,13272400.0,11.96,11.74,11.899499999999987,12.23,13.52,41.78,-0.34,-0.44,0.1,长鸿高科,化学原料和化学制品制造业,主板,11.897500000000061,11.843750000000039,11.706666666666644,11.799375000000001,12.965106382978755
605008,2024-08-07,11.75,11.62,11.87,11.59,11.76,9488.1,11069900.0,11.84,11.78,11.871499999999987,12.16,13.45,39.86,-0.34,-0.42,0.08,长鸿高科,化学原料和化学制品制造业,主板,11.75750000000006,11.86000000000004,11.719166666666645,11.770000000000001,12.888297872340457
605008,2024-08-08,11.62,11.89,11.93,11.45,11.62,11290.4,13227500.0,11.78,11.83,11.841999999999988,12.11,13.39,45.1,-0.31,-0.4,0.09,长鸿高科,化学原料和化学制品制造业,主板,11.73000000000006,11.95125000000004,11.746666666666647,11.760625000000003,12.818936170212798
605008,2024-08-09,11.89,11.63,11.95,11.61,11.89,8185.4,9594820.0,11.71,11.84,11.804999999999989,12.06,13.32,41.36,-0.3,-0.38,0.08,长鸿高科,化学原料和化学制品制造业,主板,11.725000000000062,11.87000000000004,11.774166666666645,11.730625000000003,12.751702127659607
605008,2024-08-12,11.56,11.73,11.74,11.49,11.63,10962.0,12772600.0,11.73,11.9,11.782999999999989,12.01,13.25,43.31,-0.28,-0.36,0.08,长鸿高科,化学原料和化学制品制造业,主板,11.717500000000063,11.80750000000004,11.801666666666643,11.709375000000003,12.69021276595748
605008,2024-08-13,12.0,11.7,12.1,11.53,11.73,7022.0,8168220.0,11.71,11.84,11.763499999999988,11.97,13.18,42.85,-0.27,-0.34,0.07,长鸿高科,化学原料和化学制品制造业,主板,11.737500000000063,11.747500000000041,11.819166666666641,11.723750000000003,12.636595744680884
605008,2024-08-14,11.75,11.65,11.78,11.59,11.7,4300.0,5014370.0,11.72,11.78,11.74399999999999,11.92,13.12,42.05,-0.26,-0.32,0.06,长鸿高科,化学原料和化学制品制造业,主板,11.677500000000062,11.703750000000042,11.859999999999976,11.729375000000003,12.573191489361735
605008,2024-08-15,11.56,11.74,11.86,11.55,11.65,11458.0,13435500.0,11.69,11.74,11.725499999999988,11.89,13.05,44.07,-0.24,-0.31,0.07,长鸿高科,化学原料和化学制品制造业,主板,11.705000000000062,11.71500000000004,11.814999999999976,11.756875000000003,12.51489361702131
605008,2024-08-16,11.74,11.67,11.77,11.57,11.74,7743.4,9012850.0,11.7,11.7,11.705499999999988,11.86,12.99,42.82,-0.23,-0.29,0.06,长鸿高科,化学原料和化学制品制造业,主板,11.690000000000062,11.70375000000004,11.76833333333331,11.773750000000001,12.454893617021307
605008,2024-08-19,11.58,11.61,11.78,11.56,11.67,5685.0,6622990.0,11.67,11.7,11.712499999999988,11.85,12.93,41.73,-0.23,-0.28,0.05,长鸿高科,化学原料和化学制品制造业,主板,11.66750000000006,11.70250000000004,11.720833333333308,11.78125,12.396382978723436
605008,2024-08-20,11.57,11.41,11.62,11.37,11.61,5494.2,6286610.0,11.62,11.66,11.704999999999988,11.82,12.87,38.22,-0.23,-0.27,0.04,长鸿高科,化学原料和化学制品制造业,主板,11.60750000000006,11.64250000000004,11.67166666666664,11.796875,12.339574468085136
605008,2024-08-21,11.33,11.28,11.39,11.26,11.41,3630.0,4107170.0,11.54,11.63,11.703999999999986,11.79,12.8,36.1,-0.24,-0.26,0.02,长鸿高科,化学原料和化学制品制造业,主板,11.49250000000006,11.59875000000004,11.640833333333306,11.734375,12.280212765957476
605008,2024-08-22,11.4,11.21,11.4,11.17,11.28,3887.4,4387960.0,11.44,11.56,11.694499999999987,11.75,12.73,34.97,-0.26,-0.26,0.0,长鸿高科,化学原料和化学制品制造业,主板,11.37750000000006,11.533750000000039,11.594999999999976,11.670625000000001,12.220851063829816
605008,2024-08-23,11.19,11.4,11.46,10.93,11.21,13648.4,15345700.0,11.38,11.54,11.689999999999987,11.72,12.66,40.41,-0.25,-0.26,0.01,长鸿高科,化学原料和化学制品制造业,主板,11.32500000000006,11.496250000000039,11.576666666666641,11.621875000000001,12.168510638297901
605008,2024-08-26,11.31,11.52,11.52,11.31,11.4,5366.4,6131710.0,11.36,11.52,11.707999999999988,11.69,12.6,43.61,-0.23,-0.25,0.02,长鸿高科,化学原料和化学制品制造业,主板,11.35250000000006,11.480000000000038,11.545833333333311,11.591875000000002,12.121063829787262
605008,2024-08-27,11.46,11.35,11.51,11.28,11.52,4480.0,5092300.0,11.35,11.48,11.661499999999986,11.67,12.54,40.3,-0.23,-0.25,0.02,长鸿高科,化学原料和化学制品制造业,主板,11.37000000000006,11.431250000000038,11.522499999999978,11.573125000000001,12.065531914893645
605008,2024-08-28,11.24,11.48,11.57,11.19,11.35,6524.0,7470500.0,11.39,11.47,11.623999999999986,11.65,12.48,43.81,-0.21,-0.24,0.03,长鸿高科,化学原料和化学制品制造业,主板,11.437500000000059,11.407500000000038,11.501666666666644,11.555625000000001,12.022765957446836
605008,2024-08-29,11.48,11.68,11.71,11.42,11.48,11190.0,12985200.0,11.49,11.46,11.598999999999986,11.64,12.44,48.8,-0.18,-0.23,0.05,长鸿高科,化学原料和化学制品制造业,主板,11.507500000000059,11.416250000000039,11.499999999999979,11.559375000000001,11.987446808510665
605008,2024-08-30,11.76,11.66,12.04,11.57,11.68,17479.1,20507700.0,11.54,11.46,11.581999999999987,11.62,12.39,48.34,-0.16,-0.22,0.06,长鸿高科,化学原料和化学制品制造业,主板,11.54250000000006,11.447500000000039,11.500833333333311,11.545000000000002,11.945531914893643
605008,2024-09-02,11.92,11.7,12.22,11.67,11.66,20768.3,24626300.0,11.57,11.47,11.584499999999986,11.63,12.34,49.37,-0.14,-0.2,0.06,长鸿高科,化学原料和化学制品制造业,主板,11.630000000000061,11.500000000000039,11.497499999999976,11.549375000000001,11.910000000000027
605008,2024-09-03,11.59,11.85,12.02,11.59,11.7,13902.0,16513400.0,11.67,11.51,11.588999999999986,11.64,12.3,53.15,-0.11,-0.18,0.07,长鸿高科,化学原料和化学制品制造业,主板,11.72250000000006,11.580000000000037,11.512499999999976,11.556875000000002,11.883404255319174
605008,2024-09-04,11.72,11.83,11.97,11.72,11.85,7692.5,9118450.0,11.74,11.57,11.599499999999987,11.66,12.26,52.59,-0.08,-0.16,0.08,长鸿高科,化学原料和化学制品制造业,主板,11.76000000000006,11.633750000000036,11.53083333333331,11.565000000000003,11.853404255319175
605008,2024-09-05,11.85,11.85,11.92,11.79,11.83,7602.4,9009410.0,11.78,11.63,11.597499999999986,11.67,12.21,53.13,-0.06,-0.14,0.08,长鸿高科,化学原料和化学制品制造业,主板,11.807500000000061,11.675000000000036,11.567499999999976,11.577500000000002,11.827659574468113
605008,2024-09-06,11.73,11.72,11.88,11.66,11.85,5414.0,6357660.0,11.79,11.66,11.601999999999986,11.68,12.17,49.23,-0.05,-0.12,0.07,长鸿高科,化学原料和化学制品制造业,主板,11.81250000000006,11.721250000000037,11.604166666666643,11.576250000000002,11.801702127659603
605008,2024-09-09,11.68,11.65,11.81,11.56,11.72,6325.6,7391140.0,11.78,11.68,11.597999999999987,11.7,12.13,47.23,-0.05,-0.11,0.06,长鸿高科,化学原料和化学制品制造业,主板,11.76250000000006,11.742500000000037,11.64083333333331,11.575000000000003,11.780638297872368
605008,2024-09-10,11.65,11.66,11.75,11.45,11.65,5031.2,5831250.0,11.74,11.71,11.595999999999986,11.68,12.1,47.55,-0.04,-0.09,0.05,长鸿高科,化学原料和化学制品制造业,主板,11.72000000000006,11.740000000000038,11.662499999999975,11.578125000000004,11.760212765957474
605008,2024-09-11,11.56,11.57,11.78,11.46,11.66,7559.0,8775340.0,11.69,11.72,11.591999999999986,11.66,12.06,44.84,-0.05,-0.09,0.04,长鸿高科,化学原料和化学制品制造业,主板,11.650000000000059,11.728750000000037,11.666666666666641,11.588125000000003,11.750000000000028
605008,2024-09-12,11.79,11.57,11.79,11.38,11.57,9401.4,10920100.0,11.63,11.71,11.583499999999985,11.63,12.02,44.84,-0.05,-0.08,0.03,长鸿高科,化学原料和化学制品制造业,主板,11.61250000000006,11.712500000000036,11.684999999999974,11.606250000000003,11.73659574468088
605008,2024-09-13,11.52,11.29,11.56,11.28,11.57,7480.5,8511350.0,11.55,11.67,11.564499999999985,11.61,11.98,37.2,-0.08,-0.08,0.0,长鸿高科,化学原料和化学制品制造业,主板,11.52250000000006,11.642500000000037,11.66916666666664,11.611250000000002,11.717659574468115
605008,2024-09-18,11.27,11.24,11.35,11.02,11.29,7362.1,8208790.0,11.47,11.62,11.545999999999987,11.6,11.94,36.02,-0.1,-0.08,-0.02,长鸿高科,化学原料和化学制品制造业,主板,11.41750000000006,11.568750000000037,11.632499999999974,11.601250000000002,11.69127659574471
605008,2024-09-19,11.41,11.52,11.6,11.25,11.24,9346.0,10723600.0,11.44,11.59,11.551499999999987,11.59,11.91,46.3,-0.1,-0.09,-0.01,长鸿高科,化学原料和化学制品制造业,主板,11.40500000000006,11.527500000000037,11.620833333333309,11.601250000000002,11.67319148936173
605008,2024-09-20,11.6,11.48,11.64,11.36,11.52,6942.45,7949790.0,11.42,11.56,11.561499999999986,11.58,11.87,45.18,-0.09,-0.09,0.0,长鸿高科,化学原料和化学制品制造业,主板,11.382500000000059,11.497500000000038,11.602499999999976,11.609375000000002,11.658510638297903
605008,2024-09-23,11.36,11.37,11.48,11.34,11.48,4770.0,5437970.0,11.38,11.51,11.569499999999987,11.57,11.84,42.17,-0.1,-0.09,-0.01,长鸿高科,化学原料和化学制品制造业,主板,11.402500000000058,11.462500000000038,11.562499999999977,11.602500000000003,11.643191489361731
605008,2024-09-24,11.53,11.68,11.7,11.11,11.37,9356.0,10847400.0,11.46,11.5,11.583499999999987,11.57,11.82,51.9,-0.08,-0.09,0.01,长鸿高科,化学原料和化学制品制造业,主板,11.512500000000058,11.465000000000039,11.549999999999976,11.602500000000003,11.635531914893646
605008,2024-09-25,11.98,11.68,11.98,11.61,11.68,11204.0,13208400.0,11.55,11.51,11.591499999999986,11.57,11.79,51.9,-0.06,-0.08,0.02,长鸿高科,化学原料和化学制品制造业,主板,11.552500000000059,11.47875000000004,11.53583333333331,11.603750000000003,11.626382978723433
605008,2024-09-26,11.67,11.91,11.91,11.63,11.68,7425.2,8744000.0,11.62,11.53,11.619499999999986,11.57,11.77,57.99,-0.02,-0.07,0.05,长鸿高科,化学原料和化学制品制造业,主板,11.660000000000057,11.521250000000041,11.551666666666643,11.616875000000004,11.622978723404282
605008,2024-09-27,12.02,12.37,12.39,12.02,11.97,16924.3,20649800.0,11.8,11.61,11.663999999999987,11.6,11.76,66.99,0.03,-0.05,0.08,长鸿高科,化学原料和化学制品制造业,主板,11.910000000000057,11.656250000000043,11.611666666666643,11.649375000000004,11.642127659574493
605008,2024-09-30,12.65,13.38,13.55,12.5,12.37,46542.9,60621700.0,12.2,11.79,11.748999999999986,11.65,11.77,78.08,0.17,-0.01,0.18,长鸿高科,化学原料和化学制品制造业,主板,12.335000000000058,11.923750000000043,11.754999999999976,11.746250000000003,11.680851063829813
605008,2024-10-08,14.7,13.5,14.7,12.9,13.38,75819.8,102929000.0,12.57,12.01,11.840999999999987,11.71,11.79,78.99,0.27,0.05,0.22,长鸿高科,化学原料和化学制品制造业,主板,12.790000000000058,12.171250000000043,11.91583333333331,11.849375000000004,11.727659574468113
605008,2024-10-09,13.42,12.17,13.42,12.15,13.5,48622.4,60761200.0,12.67,12.11,11.864499999999987,11.73,11.79,52.93,0.25,0.09,0.16,长鸿高科,化学原料和化学制品制造业,主板,12.855000000000057,12.257500000000043,11.96583333333331,11.877500000000003,11.744042553191516
605008,2024-10-10,12.0,12.14,12.51,11.92,12.17,34478.2,42045900.0,12.71,12.17,11.878999999999987,11.76,11.79,52.51,0.23,0.12,0.11,长鸿高科,化学原料和化学制品制造业,主板,12.797500000000058,12.353750000000042,12.036666666666646,11.908125000000004,11.757872340425559
605008,2024-10-11,12.22,11.98,12.32,11.88,12.14,24010.2,28985900.0,12.63,12.22,11.886499999999986,11.78,11.79,50.22,0.19,0.13,0.06,长鸿高科,化学原料和化学制品制造业,主板,12.447500000000057,12.391250000000042,12.09833333333331,11.928125000000003,11.775319148936198
605008,2024-10-14,11.98,12.11,12.19,11.87,11.98,23382.6,28172600.0,12.38,12.29,11.899499999999986,11.81,11.78,52.05,0.18,0.14,0.04,长鸿高科,化学原料和化学制品制造业,主板,12.100000000000056,12.445000000000043,12.147499999999978,11.961875000000003,11.771702127659603
605008,2024-10-15,12.13,11.8,12.13,11.8,12.11,24156.8,28945600.0,12.04,12.3,11.903499999999985,11.82,11.77,47.56,0.13,0.14,-0.01,长鸿高科,化学原料和化学制品制造业,主板,12.007500000000057,12.431250000000043,12.174166666666645,11.976250000000004,11.762553191489388
605008,2024-10-16,11.59,11.95,12.07,11.53,11.8,22097.6,26262900.0,12.0,12.33,11.918499999999984,11.84,11.77,49.82,0.11,0.13,-0.02,长鸿高科,化学原料和化学制品制造业,主板,11.960000000000058,12.378750000000043,12.222499999999977,12.017500000000004,11.757659574468114
605008,2024-10-17,12.0,11.93,12.25,11.92,11.95,23275.0,28088000.0,11.95,12.33,11.931999999999984,11.86,11.76,49.51,0.09,0.12,-0.03,长鸿高科,化学原料和化学制品制造业,主板,11.947500000000058,12.197500000000044,12.243333333333311,12.060625000000003,11.756170212765985
605008,2024-10-18,11.9,12.05,12.17,11.79,11.93,26475.9,31681600.0,11.97,12.3,11.955999999999985,11.88,11.76,51.44,0.08,0.12,-0.04,长鸿高科,化学原料和化学制品制造业,主板,11.932500000000058,12.016250000000044,12.274166666666645,12.093750000000004,11.764680851063858
605008,2024-10-21,12.05,11.99,12.16,11.9,12.05,29522.8,35458200.0,11.94,12.16,11.976999999999986,11.89,11.76,50.4,0.07,0.11,-0.04,长鸿高科,化学原料和化学制品制造业,主板,11.980000000000057,11.993750000000043,12.280833333333312,12.125625000000005,11.769574468085134
605008,2024-10-22,11.88,12.09,12.19,11.88,11.99,26282.8,31756000.0,12.0,12.02,12.016999999999987,11.9,11.76,52.13,0.07,0.1,-0.03,长鸿高科,化学原料和化学制品制造业,主板,12.015000000000057,11.987500000000043,12.257499999999979,12.170625000000005,11.779574468085135
605008,2024-10-23,12.09,12.13,12.27,12.06,12.09,20694.6,25142500.0,12.04,12.02,12.061499999999986,11.92,11.77,52.84,0.07,0.09,-0.02,长鸿高科,化学原料和化学制品制造业,主板,12.065000000000058,12.006250000000042,12.153333333333313,12.198750000000004,11.78468085106386
605008,2024-10-24,12.1,12.13,12.25,12.04,12.13,14834.8,17959300.0,12.08,12.02,12.091999999999986,11.92,11.78,52.84,0.07,0.09,-0.02,长鸿高科,化学原料和化学制品制造业,主板,12.085000000000058,12.008750000000042,12.039166666666645,12.226875000000003,11.7953191489362
605008,2024-10-25,12.13,12.4,12.45,12.13,12.13,30697.5,37862200.0,12.15,12.06,12.137999999999987,11.94,11.8,57.74,0.09,0.09,0.0,长鸿高科,化学原料和化学制品制造业,主板,12.187500000000057,12.083750000000043,12.058333333333314,12.257500000000004,11.809574468085135
605008,2024-10-28,12.44,12.54,12.69,12.3,12.4,28379.2,35428400.0,12.26,12.1,12.196499999999986,11.97,11.82,60.06,0.12,0.1,0.02,长鸿高科,化学原料和化学制品制造业,主板,12.300000000000058,12.157500000000043,12.091666666666645,12.268125000000003,11.827446808510665
605008,2024-10-29,12.65,12.33,12.66,12.22,12.54,23985.0,29654600.0,12.31,12.15,12.228999999999985,11.99,11.83,55.17,0.12,0.1,0.02,长鸿高科,化学原料和化学制品制造业,主板,12.350000000000056,12.207500000000042,12.120833333333314,12.202500000000004,11.84191489361705
605008,2024-10-30,12.22,12.2,12.39,12.08,12.33,20118.8,24554800.0,12.32,12.18,12.254999999999985,12.01,11.85,52.33,0.11,0.1,0.01,长鸿高科,化学原料和化学制品制造业,主板,12.367500000000055,12.226250000000043,12.12833333333331,12.121250000000003,11.851702127659603
605008,2024-10-31,12.35,12.21,12.51,12.08,12.2,39989.8,49296100.0,12.34,12.21,12.269999999999984,12.02,11.85,52.53,0.11,0.1,0.01,长鸿高科,化学原料和化学制品制造业,主板,12.320000000000055,12.253750000000045,12.162499999999978,12.123750000000005,11.863191489361732
605008,2024-11-01,12.11,11.77,12.17,11.75,12.21,36174.0,43043000.0,12.21,12.18,12.239999999999984,12.03,11.84,43.74,0.06,0.09,-0.03,长鸿高科,化学原料和化学制品制造业,主板,12.127500000000056,12.213750000000044,12.14749999999998,12.100625000000004,11.86659574468088
605008,2024-11-04,11.68,12.09,12.2,11.67,11.77,33326.6,40035600.0,12.12,12.19,12.175499999999982,12.05,11.84,50.26,0.05,0.09,-0.04,长鸿高科,化学原料和化学制品制造业,主板,12.067500000000056,12.208750000000045,12.160833333333313,12.107500000000005,11.881063829787264
605008,2024-11-05,12.1,12.36,12.53,11.94,12.09,47198.8,57501300.0,12.13,12.22,12.118499999999983,12.08,11.85,55.0,0.07,0.08,-0.01,长鸿高科,化学原料和化学制品制造业,主板,12.107500000000055,12.237500000000045,12.186666666666644,12.123125000000005,11.904042553191521
605008,2024-11-06,12.3,12.4,12.4,12.18,12.36,33695.4,41517200.0,12.17,12.24,12.129999999999985,12.12,11.86,55.68,0.08,0.08,0.0,长鸿高科,化学原料和化学制品制造业,主板,12.155000000000054,12.237500000000045,12.22083333333331,12.160625000000005,11.92936170212769
605008,2024-11-07,12.18,12.64,12.67,12.18,12.4,41212.6,51442500.0,12.25,12.29,12.154999999999983,12.16,11.87,59.59,0.11,0.09,0.02,长鸿高科,化学原料和化学制品制造业,主板,12.372500000000056,12.250000000000046,12.266666666666644,12.203750000000007,11.955744680851094
605008,2024-11-08,12.76,12.54,12.86,12.43,12.64,34667.7,43672000.0,12.41,12.31,12.182999999999984,12.19,11.89,57.32,0.12,0.09,0.03,长鸿高科,化学原料和化学制品制造业,主板,12.485000000000056,12.276250000000045,12.30083333333331,12.241875000000006,11.977446808510669
605008,2024-11-11,12.44,12.9,13.19,12.4,12.54,63796.3,81861500.0,12.57,12.34,12.222499999999982,12.25,11.91,62.81,0.16,0.11,0.05,长鸿高科,化学原料和化学制品制造业,主板,12.620000000000056,12.363750000000046,12.364999999999979,12.295000000000005,12.010425531914922
605008,2024-11-12,12.94,12.76,13.16,12.63,12.9,38863.6,49881000.0,12.65,12.39,12.27049999999998,12.28,11.93,59.6,0.18,0.12,0.06,长鸿高科,化学原料和化学制品制造业,主板,12.710000000000056,12.432500000000047,12.394999999999976,12.343125000000004,12.037659574468114
605008,2024-11-13,12.75,12.72,12.93,12.48,12.76,29981.7,38017500.0,12.71,12.44,12.308999999999983,12.32,11.94,58.67,0.19,0.14,0.05,长鸿高科,化学原料和化学制品制造业,主板,12.730000000000055,12.551250000000048,12.409999999999977,12.382500000000004,12.059787234042583
605008,2024-11-14,12.71,12.45,12.75,12.37,12.72,22939.6,28720200.0,12.67,12.46,12.334999999999983,12.33,11.95,52.74,0.17,0.14,0.03,长鸿高科,化学原料和化学制品制造业,主板,12.707500000000055,12.596250000000047,12.419999999999975,12.402500000000003,12.076595744680883
605008,2024-11-15,12.4,12.41,12.64,12.34,12.45,24454.9,30562400.0,12.65,12.53,12.352999999999984,12.34,11.97,51.9,0.15,0.14,0.01,长鸿高科,化学原料和化学制品制造业,主板,12.585000000000056,12.602500000000047,12.437499999999977,12.420000000000003,12.091702127659605
605008,2024-11-18,12.54,12.31,12.55,12.1,12.41,22575.9,27800800.0,12.53,12.55,12.368999999999982,12.3,11.98,49.77,0.12,0.14,-0.02,长鸿高科,化学原料和化学制品制造业,主板,12.472500000000057,12.591250000000047,12.44583333333331,12.414375000000003,12.101489361702157
605008,2024-11-19,12.32,12.54,12.54,12.25,12.31,23842.8,29604400.0,12.49,12.57,12.391499999999983,12.27,11.99,54.4,0.13,0.14,-0.01,长鸿高科,化学原料和化学制品制造业,主板,12.427500000000057,12.578750000000047,12.509999999999975,12.414375000000003,12.116595744680877
605008,2024-11-20,12.61,12.76,12.77,12.5,12.54,32791.6,41584600.0,12.49,12.6,12.422999999999984,12.29,12.01,58.36,0.14,0.14,0.0,长鸿高科,化学原料和化学制品制造业,主板,12.505000000000056,12.606250000000049,12.565833333333307,12.441250000000002,12.135957446808536
605008,2024-11-21,12.85,12.76,13.02,12.69,12.76,32879.2,42135700.0,12.56,12.61,12.454499999999985,12.31,12.03,58.36,0.15,0.14,0.01,长鸿高科,化学原料和化学制品制造业,主板,12.592500000000054,12.588750000000049,12.599166666666639,12.476250000000002,12.158085106383004
605008,2024-11-22,12.81,12.15,12.85,12.14,12.76,33636.8,41884900.0,12.5,12.58,12.441999999999982,12.31,12.05,45.63,0.11,0.13,-0.02,长鸿高科,化学原料和化学制品制造业,主板,12.552500000000054,12.512500000000049,12.578333333333305,12.472500000000002,12.168723404255344
605008,2024-11-25,12.4,12.41,12.62,12.22,12.15,32710.6,40676900.0,12.52,12.53,12.435499999999983,12.32,12.07,50.58,0.09,0.13,-0.04,长鸿高科,化学原料和化学制品制造业,主板,12.520000000000055,12.473750000000049,12.559166666666636,12.512500000000001,12.184680851063856
605008,2024-11-26,12.42,12.19,12.5,12.17,12.41,19787.6,24387700.0,12.45,12.47,12.428499999999984,12.34,12.08,46.7,0.06,0.11,-0.05,长鸿高科,化学原料和化学制品制造业,主板,12.377500000000055,12.441250000000048,12.529999999999971,12.51875,12.197872340425558
605008,2024-11-27,12.29,12.3,12.3,11.83,12.19,27202.5,32782700.0,12.36,12.43,12.433499999999984,12.35,12.09,48.81,0.04,0.1,-0.06,长鸿高科,化学原料和化学制品制造业,主板,12.262500000000054,12.427500000000048,12.47999999999997,12.515,12.213404255319173
605008,2024-11-28,12.3,12.35,12.43,12.16,12.3,30846.0,38042000.0,12.28,12.42,12.440499999999984,12.36,12.11,49.79,0.03,0.08,-0.05,长鸿高科,化学原料和化学制品制造业,主板,12.312500000000055,12.432500000000047,12.445833333333304,12.511875,12.235957446808536
605008,2024-11-29,12.37,12.49,12.59,12.28,12.35,37560.4,46800100.0,12.35,12.43,12.476499999999984,12.38,12.13,52.51,0.05,0.08,-0.03,长鸿高科,化学原料和化学制品制造业,主板,12.332500000000056,12.426250000000046,12.42666666666664,12.502500000000001,12.262553191489387
605008,2024-12-02,12.53,12.76,12.83,12.51,12.49,46163.4,58407800.0,12.42,12.47,12.509999999999984,12.4,12.14,57.32,0.07,0.08,-0.01,长鸿高科,化学原料和化学制品制造业,主板,12.475000000000056,12.426250000000046,12.452499999999972,12.516250000000001,12.288936170212791
605008,2024-12-03,12.75,12.76,12.84,12.64,12.76,27616.8,35194200.0,12.53,12.49,12.529999999999983,12.43,12.16,57.32,0.08,0.08,0.0,长鸿高科,化学原料和化学制品制造业,主板,12.590000000000057,12.426250000000046,12.481666666666639,12.5075,12.316170212765982
605008,2024-12-04,12.76,12.56,12.83,12.46,12.76,33527.2,42471900.0,12.58,12.47,12.537999999999984,12.44,12.18,52.73,0.08,0.08,0.0,长鸿高科,化学原料和化学制品制造业,主板,12.642500000000057,12.477500000000045,12.502499999999971,12.495000000000001,12.34148936170215
605008,2024-12-05,12.56,12.66,12.71,12.51,12.56,24684.0,31213700.0,12.65,12.46,12.538999999999984,12.46,12.19,54.69,0.08,0.08,0.0,长鸿高科,化学原料和化学制品制造业,主板,12.685000000000057,12.508750000000045,12.512499999999973,12.49125,12.362340425531938
605008,2024-12-06,12.68,12.7,12.72,12.53,12.66,32911.0,41613500.0,12.69,12.52,12.546999999999985,12.47,12.21,55.48,0.1,0.08,0.02,长鸿高科,化学原料和化学制品制造业,主板,12.670000000000057,12.572500000000046,12.507499999999972,12.506875,12.384042553191515
605008,2024-12-09,12.69,12.72,13.03,12.61,12.7,56514.8,72163000.0,12.68,12.55,12.537999999999984,12.47,12.22,55.89,0.1,0.09,0.01,长鸿高科,化学原料和化学制品制造业,主板,12.660000000000057,12.625000000000046,12.50416666666664,12.526250000000001,12.401276595744708
605008,2024-12-10,12.96,12.8,13.45,12.75,12.72,92457.6,120129000.0,12.69,12.61,12.539999999999983,12.49,12.24,57.6,0.11,0.09,0.02,长鸿高科,化学原料和化学制品制造业,主板,12.720000000000056,12.681250000000047,12.558333333333307,12.556875000000002,12.41042553191492
605008,2024-12-11,12.74,12.48,12.79,12.33,12.8,79491.5,99302300.0,12.67,12.63,12.527999999999984,12.5,12.25,49.38,0.09,0.09,0.0,长鸿高科,化学原料和化学制品制造业,主板,12.675000000000058,12.680000000000048,12.564166666666639,12.553125000000001,12.391276595744706
605008,2024-12-12,12.44,12.6,12.63,12.35,12.48,46642.3,58181000.0,12.66,12.65,12.535499999999985,12.51,12.27,52.14,0.08,0.09,-0.01,长鸿高科,化学原料和化学制品制造业,主板,12.650000000000059,12.660000000000046,12.598333333333306,12.543125000000002,12.372127659574495
605008,2024-12-13,12.57,12.47,12.69,12.41,12.6,50901.0,63776600.0,12.61,12.65,12.538499999999987,12.53,12.28,49.02,0.06,0.08,-0.02,长鸿高科,化学原料和化学制品制造业,主板,12.587500000000059,12.623750000000046,12.61249999999997,12.525000000000002,12.3785106382979
605008,2024-12-16,12.59,12.52,12.73,12.47,12.47,38234.0,48130000.0,12.57,12.63,12.548999999999987,12.55,12.3,50.25,0.05,0.08,-0.03,长鸿高科,化学原料和化学制品制造业,主板,12.517500000000059,12.618750000000045,12.626666666666639,12.548125000000002,12.386595744680879
605008,2024-12-17,12.5,12.11,12.51,12.1,12.52,38608.0,47267000.0,12.44,12.56,12.527499999999987,12.54,12.31,41.42,0.01,0.06,-0.05,长鸿高科,化学原料和化学制品制造业,主板,12.425000000000058,12.550000000000045,12.59499999999997,12.529375000000003,12.389361702127689
605008,2024-12-18,12.16,12.02,12.24,11.98,12.11,22956.8,27728700.0,12.34,12.51,12.490499999999988,12.53,12.32,39.77,-0.02,0.05,-0.07,长鸿高科,化学原料和化学制品制造业,主板,12.280000000000056,12.465000000000044,12.533333333333305,12.518750000000004,12.387446808510665
605008,2024-12-19,11.94,11.97,12.02,11.77,12.02,22472.2,26762900.0,12.22,12.44,12.45099999999999,12.51,12.33,38.84,-0.06,0.03,-0.09,长鸿高科,化学原料和化学制品制造业,主板,12.155000000000056,12.371250000000044,12.467499999999973,12.498125000000003,12.391063829787264
605008,2024-12-20,11.95,12.05,12.09,11.95,11.97,14372.6,17286300.0,12.13,12.37,12.44599999999999,12.49,12.34,41.2,-0.08,0.0,-0.08,长鸿高科,化学原料和化学制品制造业,主板,12.037500000000058,12.277500000000044,12.424999999999974,12.479375000000005,12.39319148936173
605008,2024-12-23,12.02,11.9,12.14,11.87,12.05,22975.6,27524900.0,12.01,12.29,12.420499999999992,12.46,12.35,38.22,-0.1,-0.02,-0.08,长鸿高科,化学原料和化学制品制造业,主板,11.985000000000058,12.205000000000044,12.361666666666641,12.442500000000004,12.39255319148939
605008,2024-12-24,11.9,12.06,12.08,11.87,11.9,16229.0,19443300.0,12.0,12.22,12.41399999999999,12.43,12.36,42.96,-0.11,-0.04,-0.07,长鸿高科,化学原料和化学制品制造业,主板,11.995000000000058,12.137500000000045,12.308333333333309,12.398750000000005,12.392765957446835
605008,2024-12-25,12.07,12.05,12.17,11.85,12.06,24476.3,29418900.0,12.01,12.18,12.40149999999999,12.41,12.36,42.74,-0.12,-0.05,-0.07,长鸿高科,化学原料和化学制品制造业,主板,12.015000000000057,12.085000000000045,12.252499999999976,12.354375000000006,12.394042553191516
605008,2024-12-26,11.99,12.07,12.14,11.91,12.05,17429.3,21017600.0,12.03,12.12,12.38749999999999,12.4,12.37,43.37,-0.12,-0.07,-0.05,长鸿高科,化学原料和化学制品制造业,主板,12.020000000000056,12.028750000000047,12.191666666666642,12.323750000000006,12.393617021276622
605008,2024-12-27,12.01,12.25,12.35,12.0,12.07,32373.8,39647300.0,12.07,12.1,12.375499999999988,12.39,12.36,48.8,-0.11,-0.07,-0.04,长鸿高科,化学原料和化学制品制造业,主板,12.107500000000057,12.046250000000047,12.172499999999976,12.298125000000006,12.396170212765984
605008,2024-12-30,12.25,12.19,12.26,12.1,12.25,15823.0,19265400.0,12.12,12.07,12.346999999999989,12.39,12.34,47.17,-0.09,-0.08,-0.01,长鸿高科,化学原料和化学制品制造业,主板,12.140000000000056,12.067500000000047,12.138333333333309,12.266250000000007,12.397446808510667
605008,2024-12-31,12.2,11.94,12.2,11.9,12.19,24375.1,29286600.0,12.1,12.05,12.305999999999989,12.37,12.32,41.05,-0.11,-0.08,-0.03,长鸿高科,化学原料和化学制品制造业,主板,12.112500000000054,12.063750000000047,12.094166666666643,12.217500000000006,12.387659574468115
605008,2025-01-02,11.95,11.59,11.99,11.48,11.94,34084.6,39887200.0,12.01,12.01,12.257499999999988,12.33,12.31,34.32,-0.15,-0.1,-0.05,长鸿高科,化学原料和化学制品制造业,主板,11.992500000000055,12.006250000000048,12.016666666666643,12.141875000000006,12.36744680851067
605008,2025-01-03,11.62,11.42,11.75,11.36,11.59,23584.5,27274800.0,11.88,11.95,12.195499999999988,12.28,12.3,31.61,-0.19,-0.12,-0.07,长鸿高科,化学原料和化学制品制造业,主板,11.785000000000055,11.946250000000047,11.959166666666642,12.075625000000006,12.348085106383008
605008,2025-01-06,11.42,11.44,11.59,11.22,11.42,15406.0,17585200.0,11.72,11.89,12.13249999999999,12.26,12.29,32.29,-0.22,-0.14,-0.08,长鸿高科,化学原料和化学制品制造业,主板,11.597500000000055,11.868750000000047,11.910833333333308,12.003125000000006,12.33191489361705
605008,2025-01-07,11.44,11.67,11.75,11.39,11.44,18941.0,21865800.0,11.61,11.87,12.079999999999988,12.24,12.28,39.69,-0.21,-0.15,-0.06,长鸿高科,化学原料和化学制品制造业,主板,11.530000000000056,11.821250000000047,11.885833333333307,11.953125000000005,12.320425531914921
605008,2025-01-08,11.63,11.61,11.65,11.35,11.67,17552.8,20216000.0,11.55,11.82,12.020499999999988,12.22,12.28,38.5,-0.22,-0.17,-0.05,长鸿高科,化学原料和化学制品制造业,主板,11.535000000000057,11.763750000000048,11.849166666666639,11.896250000000004,12.317021276595773
605008,2025-01-09,11.6,11.59,11.68,11.45,11.61,11831.0,13728600.0,11.55,11.78,11.975999999999988,12.19,12.27,38.1,-0.22,-0.18,-0.04,长鸿高科,化学原料和化学制品制造业,主板,11.577500000000057,11.681250000000048,11.823333333333304,11.863750000000003,12.306382978723432
605008,2025-01-10,11.54,11.24,11.62,11.24,11.59,14344.0,16415100.0,11.51,11.69,11.907999999999989,12.16,12.26,31.77,-0.24,-0.19,-0.05,长鸿高科,化学原料和化学制品制造业,主板,11.527500000000058,11.562500000000048,11.754999999999972,11.815000000000003,12.28255319148939
605008,2025-01-13,11.0,10.78,11.17,10.69,11.24,30823.6,33610600.0,11.38,11.55,11.823499999999989,12.1,12.24,25.72,-0.31,-0.21,-0.1,长鸿高科,化学原料和化学制品制造业,主板,11.305000000000058,11.417500000000048,11.649166666666638,11.740625000000003,12.248085106383007
605008,2025-01-14,10.8,11.04,11.07,10.78,10.78,41318.8,45096200.0,11.25,11.43,11.749499999999987,12.04,12.22,33.43,-0.32,-0.23,-0.09,长鸿高科,化学原料和化学制品制造业,主板,11.162500000000058,11.348750000000049,11.563333333333304,11.677500000000002,12.214042553191517
605008,2025-01-15,10.96,10.92,10.98,10.8,11.04,23064.3,25081500.0,11.11,11.33,11.689999999999987,11.98,12.2,31.79,-0.34,-0.26,-0.08,长鸿高科,化学原料和化学制品制造业,主板,10.995000000000058,11.286250000000049,11.45249999999997,11.61625,12.179574468085134
605008,2025-01-16,11.05,10.93,11.14,10.85,10.92,22699.4,24989700.0,10.98,11.26,11.635499999999986,11.93,12.18,32.09,-0.35,-0.27,-0.08,长鸿高科,化学原料和化学制品制造业,主板,10.917500000000057,11.22250000000005,11.34749999999997,11.545625000000001,12.137659574468112
605008,2025-01-17,10.93,11.0,11.18,10.87,10.93,18982.4,20892300.0,10.93,11.22,11.586999999999986,11.87,12.16,34.26,-0.35,-0.29,-0.06,长鸿高科,化学原料和化学制品制造业,主板,10.972500000000057,11.13875000000005,11.269166666666637,11.48,12.100212765957474
605008,2025-01-20,11.15,11.01,11.15,10.98,11.0,16482.8,18186000.0,10.98,11.18,11.534999999999986,11.81,12.14,34.59,-0.35,-0.3,-0.05,长鸿高科,化学原料和化学制品制造业,主板,10.965000000000057,11.06375000000005,11.220833333333303,11.41375,12.063829787234068
605008,2025-01-21,11.05,10.97,11.08,10.93,11.01,12188.6,13374000.0,10.97,11.11,11.488499999999984,11.76,12.11,33.87,-0.34,-0.31,-0.03,长鸿高科,化学原料和化学制品制造业,主板,10.977500000000056,10.98625000000005,11.183333333333303,11.33375,12.032340425531942
605008,2025-01-22,10.98,10.83,11.0,10.79,10.97,12785.2,13884500.0,10.95,11.03,11.426999999999985,11.69,12.09,31.42,-0.35,-0.32,-0.03,长鸿高科,化学原料和化学制品制造业,主板,10.952500000000056,10.93500000000005,11.132499999999972,11.248750000000001,11.998723404255347
605008,2025-01-23,10.99,10.94,11.17,10.94,10.83,27410.2,30315500.0,10.95,10.97,11.371499999999985,11.64,12.07,35.38,-0.34,-0.32,-0.02,长鸿高科,化学原料和化学制品制造业,主板,10.937500000000055,10.95500000000005,11.071666666666639,11.186250000000001,11.969574468085137
605008,2025-01-24,10.93,10.93,10.99,10.85,10.94,13591.3,14844600.0,10.94,10.93,11.314499999999985,11.58,12.05,35.18,-0.32,-0.32,0.0,长鸿高科,化学原料和化学制品制造业,主板,10.917500000000055,10.94125000000005,11.014999999999972,11.145000000000001,11.9353191489362
605008,2025-01-27,10.99,10.93,11.08,10.92,10.93,15576.8,17128800.0,10.92,10.95,11.248499999999986,11.53,12.03,35.18,-0.31,-0.32,0.01,长鸿高科,化学原料和化学制品制造业,主板,10.907500000000056,10.94250000000005,10.959999999999972,11.114375000000003,11.896382978723434
605008,2025-02-05,10.99,10.99,11.02,10.87,10.93,10489.4,11500300.0,10.92,10.94,11.188499999999987,11.48,12.02,37.61,-0.29,-0.31,0.02,长鸿高科,化学原料和化学制品制造业,主板,10.947500000000057,10.950000000000049,10.939166666666639,11.086250000000003,11.858723404255349
605008,2025-02-06,10.98,11.09,11.1,10.9,10.99,16942.0,18655000.0,10.98,10.96,11.145999999999987,11.45,11.99,41.56,-0.27,-0.3,0.03,长鸿高科,化学原料和化学制品制造业,主板,10.985000000000056,10.96125000000005,10.964999999999973,11.050000000000004,11.836170212765987
605008,2025-02-07,11.1,11.24,11.39,11.0,11.09,29974.6,33636300.0,11.04,10.99,11.128499999999987,11.42,11.97,46.97,-0.23,-0.29,0.06,长鸿高科,化学原料和化学制品制造业,主板,11.062500000000057,10.990000000000048,10.98166666666664,11.026875000000004,11.811276595744712
605008,2025-02-10,11.25,11.27,11.32,11.22,11.24,17017.8,19158800.0,11.1,11.02,11.120999999999988,11.4,11.95,48.01,-0.2,-0.27,0.07,长鸿高科,化学原料和化学制品制造业,主板,11.147500000000056,11.027500000000048,11.01083333333331,11.006875000000004,11.791702127659605
605008,2025-02-11,11.27,11.27,11.35,11.15,11.27,18891.2,21231400.0,11.17,11.05,11.112499999999988,11.37,11.93,48.01,-0.18,-0.25,0.07,长鸿高科,化学原料和化学制品制造业,主板,11.217500000000056,11.082500000000048,11.039166666666643,11.008750000000004,11.769787234042584
605008,2025-02-12,11.27,11.67,11.72,11.21,11.27,40969.4,47072400.0,11.31,11.12,11.112499999999988,11.36,11.91,60.08,-0.11,-0.22,0.11,长鸿高科,化学原料和化学制品制造业,主板,11.362500000000058,11.173750000000048,11.094999999999976,11.064375000000004,11.755319148936199
605008,2025-02-13,11.67,11.78,12.15,11.57,11.67,44615.4,52731800.0,11.45,11.21,11.12099999999999,11.35,11.89,62.65,-0.07,-0.19,0.12,长鸿高科,化学原料和化学制品制造业,主板,11.497500000000057,11.280000000000047,11.159166666666643,11.110625000000004,11.740212765957475
605008,2025-02-14,11.65,11.74,11.82,11.65,11.78,18146.6,21292100.0,11.55,11.29,11.12849999999999,11.34,11.88,61.11,-0.03,-0.16,0.13,长鸿高科,化学原料和化学制品制造业,主板,11.615000000000059,11.381250000000048,11.22333333333331,11.161875000000006,11.718510638297902
605008,2025-02-17,11.7,11.53,11.84,11.52,11.74,25768.0,29880900.0,11.6,11.35,11.14299999999999,11.33,11.86,53.65,-0.01,-0.13,0.12,长鸿高科,化学原料和化学制品制造业,主板,11.68000000000006,11.448750000000048,11.281666666666643,11.199375000000005,11.692340425531944
605008,2025-02-18,11.59,11.61,11.99,11.52,11.53,36608.2,42986100.0,11.67,11.42,11.18449999999999,11.31,11.85,55.86,0.01,-0.1,0.11,长鸿高科,化学原料和化学制品制造业,主板,11.66500000000006,11.513750000000048,11.337499999999977,11.237500000000004,11.672127659574498
605008,2025-02-19,11.54,12.27,12.29,11.54,11.61,65867.0,79457200.0,11.79,11.55,11.245999999999992,11.31,11.85,68.99,0.08,-0.07,0.15,长鸿高科,化学原料和化学制品制造业,主板,11.787500000000058,11.642500000000048,11.449166666666644,11.316250000000005,11.663829787234073
605008,2025-02-20,12.41,13.5,13.5,12.41,12.27,144765.0,189533000.0,12.13,11.79,11.374999999999991,11.36,11.86,80.59,0.23,-0.01,0.24,长鸿高科,化学原料和化学制品制造业,主板,12.227500000000058,11.921250000000049,11.663333333333311,11.474375000000006,11.680851063829817
605008,2025-02-21,13.95,13.55,14.1,13.34,13.5,227250.0,311808000.0,12.49,12.02,11.505999999999991,11.43,11.88,80.9,0.35,0.06,0.29,长鸿高科,化学原料和化学制品制造业,主板,12.732500000000059,12.206250000000049,11.876666666666644,11.644375000000005,11.6985106382979
605008,2025-02-24,12.99,13.5,13.62,12.86,13.55,120004.0,159448000.0,12.89,12.24,11.630999999999991,11.49,11.89,79.52,0.43,0.14,0.29,长鸿高科,化学原料和化学制品制造业,主板,13.205000000000059,12.435000000000048,12.077499999999977,11.804375000000006,11.713404255319178
605008,2025-02-25,13.2,13.1,13.45,13.1,13.5,68462.6,90686300.0,13.18,12.42,11.735499999999991,11.55,11.91,69.34,0.46,0.2,0.26,长鸿高科,化学原料和化学制品制造业,主板,13.412500000000058,12.600000000000048,12.232499999999975,11.940000000000005,11.72659574468088
605008,2025-02-26,13.11,13.25,13.57,13.02,13.1,54537.2,72401700.0,13.38,12.58,11.849499999999992,11.6,11.92,70.84,0.49,0.26,0.23,长鸿高科,化学原料和化学制品制造业,主板,13.350000000000058,12.788750000000048,12.397499999999974,12.085000000000004,11.740425531914921
605008,2025-02-27,13.37,13.3,13.46,12.97,13.25,46191.0,61092200.0,13.34,12.74,11.972999999999992,11.66,11.94,71.35,0.51,0.31,0.2,长鸿高科,化学原料和化学制品制造业,主板,13.287500000000058,13.010000000000048,12.566666666666642,12.229375000000005,11.758085106383005
605008,2025-02-28,13.28,13.04,13.3,13.0,13.3,32978.8,43201500.0,13.24,12.86,12.077999999999992,11.71,11.95,65.03,0.5,0.35,0.15,长鸿高科,化学原料和化学制品制造业,主板,13.172500000000056,13.188750000000047,12.68083333333331,12.351250000000004,11.76914893617024
605008,2025-03-03,13.15,13.23,13.59,13.0,13.04,58963.8,78585600.0,13.18,13.04,12.19299999999999,11.77,11.96,67.31,0.5,0.38,0.12,长鸿高科,化学原料和化学制品制造业,主板,13.205000000000057,13.308750000000048,12.801666666666641,12.475625000000003,11.792978723404282
605008,2025-03-04,13.1,13.46,13.5,13.03,13.23,49237.8,65738300.0,13.26,13.22,12.31949999999999,11.86,11.98,69.87,0.51,0.4,0.11,长鸿高科,化学原料和化学制品制造业,主板,13.257500000000057,13.303750000000047,12.944999999999974,12.612500000000002,11.823617021276624
605008,2025-03-05,13.5,13.54,13.64,13.4,13.46,39799.8,53813900.0,13.31,13.35,12.446999999999992,11.95,11.99,70.73,0.53,0.43,0.1,长鸿高科,化学原料和化学制品制造业,主板,13.317500000000056,13.302500000000046,13.112499999999974,12.754375000000001,11.85702127659577
605008,2025-03-06,13.57,13.64,13.8,13.5,13.54,44114.1,60272400.0,13.38,13.36,12.57449999999999,12.04,12.01,71.81,0.54,0.45,0.09,长鸿高科,化学原料和化学制品制造业,主板,13.467500000000056,13.320000000000046,13.281666666666638,12.877500000000003,11.890851063829814
605008,2025-03-07,13.63,14.0,14.18,13.53,13.64,71938.8,100049000.0,13.57,13.41,12.712499999999988,12.14,12.03,75.34,0.57,0.48,0.09,长鸿高科,化学原料和化学制品制造业,主板,13.660000000000057,13.432500000000047,13.425833333333303,13.016250000000003,11.935531914893645
605008,2025-03-10,14.31,15.03,15.39,14.02,14.0,116836.0,173365000.0,13.93,13.56,12.900499999999989,12.27,12.07,82.21,0.67,0.51,0.16,长鸿高科,化学原料和化学制品制造业,主板,14.052500000000057,13.655000000000047,13.553333333333304,13.221875000000002,11.998723404255347
605008,2025-03-11,14.76,15.15,15.32,14.71,15.03,81531.2,122238000.0,14.27,13.76,13.094499999999988,12.41,12.11,82.81,0.75,0.56,0.19,长鸿高科,化学原料和化学制品制造业,主板,14.455000000000057,13.886250000000048,13.686666666666637,13.448125000000003,12.064680851063859
605008,2025-03-12,15.04,15.49,15.55,15.04,15.15,71786.2,110178000.0,14.66,13.99,13.285499999999988,12.56,12.16,84.41,0.83,0.62,0.21,长鸿高科,化学原料和化学制品制造业,主板,14.917500000000057,14.192500000000049,13.85249999999997,13.690625000000004,12.137446808510665
605008,2025-03-13,15.48,15.32,15.65,15.0,15.49,74894.2,114187000.0,15.0,14.19,13.462499999999988,12.71,12.2,80.37,0.87,0.67,0.2,长鸿高科,化学原料和化学制品制造业,主板,15.24750000000006,14.453750000000047,14.037499999999971,13.881250000000003,12.202765957446838
605008,2025-03-14,15.23,15.39,15.42,15.06,15.32,49643.7,75824000.0,15.28,14.42,13.644999999999987,12.86,12.25,80.78,0.9,0.71,0.19,长鸿高科,化学原料和化学制品制造业,主板,15.337500000000059,14.695000000000046,14.215833333333302,13.999375000000004,12.270851063829815
605008,2025-03-17,15.4,15.93,16.46,15.4,15.39,71329.4,114398000.0,15.46,14.69,13.86499999999999,13.03,12.31,83.61,0.95,0.76,0.19,长鸿高科,化学原料和化学制品制造业,主板,15.532500000000057,14.993750000000048,14.434999999999969,14.148125000000004,12.355744680851089
605008,2025-03-18,15.75,16.04,16.19,15.75,15.93,58007.8,92759600.0,15.63,14.95,14.08649999999999,13.2,12.36,84.12,1.0,0.81,0.19,长鸿高科,化学原料和化学制品制造业,主板,15.670000000000057,15.293750000000047,14.684999999999969,14.306875000000003,12.450425531914917
605008,2025-03-19,16.0,16.81,16.94,16.0,16.04,71919.2,119144000.0,15.9,15.28,14.31349999999999,13.39,12.44,87.15,1.08,0.86,0.22,长鸿高科,化学原料和化学制品制造业,主板,16.042500000000054,15.645000000000046,14.983333333333304,14.538750000000004,12.565106382978746
605008,2025-03-20,16.83,16.61,16.9,16.06,16.81,78341.3,129300000.0,16.16,15.58,14.46899999999999,13.58,12.51,82.74,1.11,0.91,0.2,长鸿高科,化学原料和化学制品制造业,主板,16.347500000000053,15.842500000000047,15.245833333333302,14.748750000000005,12.675106382978745
605008,2025-03-21,16.45,15.84,16.59,15.75,16.61,74822.4,120307000.0,16.25,15.76,14.58349999999999,13.73,12.58,68.37,1.07,0.94,0.13,长鸿高科,化学原料和化学制品制造业,主板,16.325000000000053,15.928750000000047,15.43749999999997,14.907500000000004,12.763829787234066
605008,2025-03-24,15.8,15.84,16.14,15.29,15.84,77387.6,121839000.0,16.23,15.84,14.700499999999987,13.88,12.64,68.37,1.02,0.96,0.06,长鸿高科,化学原料和化学制品制造业,主板,16.275000000000055,15.972500000000048,15.620833333333303,15.082500000000005,12.853829787234067
605008,2025-03-25,15.84,15.81,16.07,15.59,15.84,39475.4,62519000.0,16.18,15.91,14.835999999999988,14.03,12.7,67.84,0.97,0.96,0.01,长鸿高科,化学原料和化学制品制造业,主板,16.025000000000055,16.033750000000047,15.771666666666638,15.243750000000004,12.943617021276618
