code,timestamps,open,close,high,low,ycp,vol,amount,MA5,MA10,MA20,MA30,MA60,MSI,DIF,DEA,MACD_Hist,name,industry,block,MA4,MA8,MA12,MA16,MA47
688025,2020-01-23,51.03,49.55,53.5,48.6,52.21,33173.6,169992000.0,,,49.55,,,,0.0,0.0,0.0,杰普特,计算机、通信和其他电子设备制造业,科创板,49.55,49.55,49.55,49.55,49.55
688025,2020-02-03,39.7,39.64,42.0,39.64,49.55,27412.6,109959000.0,,,44.595,,,,-0.79,-0.16,-0.63,杰普特,计算机、通信和其他电子设备制造业,科创板,44.595,44.595,44.595,44.595,44.595
688025,2020-02-04,40.4,42.85,43.44,40.15,39.64,29555.2,124075000.0,,,44.01333333333333,,,,-1.14,-0.35,-0.79,杰普特,计算机、通信和其他电子设备制造业,科创板,44.01333333333333,44.01333333333333,44.01333333333333,44.01333333333333,44.01333333333333
688025,2020-02-05,43.0,44.65,46.0,42.86,42.85,28026.5,125348000.0,,,44.1725,,,,-1.27,-0.54,-0.73,杰普特,计算机、通信和其他电子设备制造业,科创板,44.1725,44.1725,44.1725,44.1725,44.1725
688025,2020-02-06,44.7,46.6,47.25,44.05,44.65,27394.2,125526000.0,44.66,,44.658,,,,-1.19,-0.67,-0.52,杰普特,计算机、通信和其他电子设备制造业,科创板,43.435,44.658,44.658,44.658,44.658
688025,2020-02-07,46.8,49.0,49.45,46.05,46.6,29888.2,142917000.0,44.55,,45.38166666666666,,,,-0.92,-0.72,-0.2,杰普特,计算机、通信和其他电子设备制造业,科创板,45.775000000000006,45.38166666666666,45.38166666666666,45.38166666666666,45.38166666666666
688025,2020-02-10,49.6,49.8,51.95,48.01,49.0,29952.3,149672000.0,46.58,,46.012857142857136,,,,-0.64,-0.7,0.06,杰普特,计算机、通信和其他电子设备制造业,科创板,47.51250000000001,46.012857142857136,46.012857142857136,46.012857142857136,46.012857142857136
688025,2020-02-11,50.0,47.51,50.45,47.28,49.8,23875.9,115610000.0,47.51,,46.199999999999996,,,,-0.6,-0.68,0.08,杰普特,计算机、通信和其他电子设备制造业,科创板,48.227500000000006,46.199999999999996,46.199999999999996,46.199999999999996,46.199999999999996
688025,2020-02-12,47.06,51.4,51.4,47.06,47.51,33106.0,164437000.0,48.86,,46.77777777777777,,,,-0.25,-0.6,0.35,杰普特,计算机、通信和其他电子设备制造业,科创板,49.42750000000001,46.43124999999999,46.77777777777777,46.77777777777777,46.77777777777777
688025,2020-02-13,51.4,51.86,53.87,50.08,51.4,40652.2,212114000.0,49.91,47.29,47.285999999999994,,,,0.07,-0.46,0.53,杰普特,计算机、通信和其他电子设备制造业,科创板,50.14250000000001,47.958749999999995,47.285999999999994,47.285999999999994,47.285999999999994
688025,2020-02-14,52.4,52.58,54.47,50.37,51.86,40016.9,210679000.0,50.63,47.59,47.76727272727272,,,,0.37,-0.3,0.67,杰普特,计算机、通信和其他电子设备制造业,科创板,50.837500000000006,49.17499999999999,47.76727272727272,47.76727272727272,47.76727272727272
688025,2020-02-17,52.58,54.08,54.26,51.89,52.58,33711.7,179050000.0,51.49,49.03,48.29333333333333,,,,0.73,-0.09,0.82,杰普特,计算机、通信和其他电子设备制造业,科创板,52.480000000000004,50.35374999999999,48.29333333333333,48.29333333333333,48.29333333333333
688025,2020-02-18,54.11,54.52,55.5,52.71,54.08,35741.6,193354000.0,52.89,50.2,48.77230769230769,,,,1.03,0.13,0.9,杰普特,计算机、通信和其他电子设备制造业,科创板,53.26,51.343749999999986,48.7075,48.77230769230769,48.77230769230769
688025,2020-02-19,53.48,51.9,54.01,51.6,54.52,34524.9,182302000.0,52.99,50.92,48.99571428571428,,,56.0,1.05,0.32,0.73,杰普特,计算机、通信和其他电子设备制造业,科创板,53.269999999999996,51.70624999999998,49.729166666666664,48.99571428571428,48.99571428571428
688025,2020-02-20,51.88,51.55,52.99,50.01,51.9,22599.7,116159000.0,52.93,51.42,49.16599999999999,,,54.89,1.02,0.46,0.56,杰普特,计算机、通信和其他电子设备制造业,科创板,53.0125,51.92499999999998,50.45416666666666,49.16599999999999,49.16599999999999
688025,2020-02-21,51.2,50.25,52.27,50.12,51.55,25804.0,132125000.0,52.46,51.54,49.23374999999999,,,50.84,0.88,0.54,0.34,杰普特,计算机、通信和其他电子设备制造业,科创板,52.05500000000001,52.267499999999984,50.92083333333333,49.23374999999999,49.23374999999999
688025,2020-02-24,50.0,50.42,50.69,48.62,50.25,27685.3,137290000.0,51.73,51.61,49.3035294117647,,,51.34,0.78,0.59,0.19,杰普特,计算机、通信和其他电子设备制造业,科创板,51.03000000000001,52.14499999999999,51.239166666666655,49.288124999999994,49.3035294117647
688025,2020-02-25,48.86,49.7,50.58,47.9,50.42,23211.1,114736000.0,50.76,51.83,49.32555555555555,,,49.04,0.64,0.6,0.04,杰普特,计算机、通信和其他电子设备制造业,科创板,50.48000000000001,51.874999999999986,51.29749999999999,49.916875,49.32555555555555
688025,2020-02-26,48.73,47.41,49.38,47.41,49.7,21626.3,104722000.0,49.87,51.43,49.22473684210526,,,42.52,0.33,0.55,-0.22,杰普特,计算机、通信和其他电子设备制造业,科创板,49.44500000000001,51.228749999999984,51.09833333333333,50.201874999999994,49.22473684210526
688025,2020-02-27,47.6,46.6,48.47,46.17,47.41,13622.8,64081800.0,48.88,50.9,49.09349999999999,,,40.47,0.02,0.44,-0.42,杰普特,计算机、通信和其他电子设备制造业,科创板,48.532500000000006,50.29374999999999,51.0225,50.32375,49.09349999999999
688025,2020-02-28,44.9,43.48,45.74,43.2,46.6,17315.3,77098800.0,47.52,49.99,48.79,,,33.72,-0.47,0.26,-0.73,杰普特,计算机、通信和其他电子设备制造业,科创板,46.7975,48.91374999999999,50.362500000000004,50.12875,48.82619047619047
688025,2020-03-02,43.85,46.0,46.33,43.85,43.48,14748.3,66821900.0,46.64,49.18,49.108,,,42.12,-0.65,0.08,-0.73,杰普特,计算机、通信和其他电子设备制造业,科创板,45.8725,48.176249999999996,49.87416666666667,49.94125,48.69772727272727
688025,2020-03-03,46.76,46.42,48.28,46.03,46.0,14772.5,69622800.0,45.98,48.37,49.2865,,,43.4,-0.74,-0.09,-0.65,杰普特,计算机、通信和其他电子设备制造业,科创板,45.62500000000001,47.535,49.360833333333325,49.73,48.59869565217391
688025,2020-03-04,46.42,47.15,47.67,45.45,46.42,13529.0,63052600.0,45.93,47.9,49.4115,,,45.66,-0.76,-0.22,-0.54,杰普特,计算机、通信和其他电子设备制造业,科创板,45.76250000000001,47.147499999999994,48.783333333333324,49.707499999999996,48.538333333333334
688025,2020-03-05,47.74,46.92,47.81,46.71,47.15,17447.3,82072000.0,45.99,47.43,49.427499999999995,,,45.05,-0.77,-0.33,-0.44,杰普特,计算机、通信和其他电子设备制造业,科创板,46.62250000000001,46.709999999999994,48.149999999999984,49.427499999999995,48.473600000000005
688025,2020-03-06,46.0,46.55,47.3,45.92,46.92,9453.1,43917100.0,46.61,47.06,49.30499999999999,,,44.03,-0.81,-0.43,-0.38,杰普特,计算机、通信和其他电子设备制造业,科创板,46.760000000000005,46.31625,47.70416666666665,49.09562499999999,48.39961538461539
688025,2020-03-09,45.66,43.88,46.45,43.57,46.55,16015.9,71403600.0,46.18,46.41,49.009,,,37.44,-1.04,-0.55,-0.49,杰普特,计算机、通信和其他电子设备制造业,科创板,46.125,45.875,47.06499999999999,48.55187499999999,48.23222222222223
688025,2020-03-10,43.03,45.09,45.11,42.42,43.88,15469.6,67739900.0,45.92,45.95,48.888,,,41.7,-1.11,-0.66,-0.45,杰普特,计算机、通信和其他电子设备制造业,科创板,45.61,45.68625,46.63499999999999,47.98999999999999,48.120000000000005
688025,2020-03-11,45.42,44.0,45.6,44.0,45.09,11113.4,49921600.0,45.29,45.61,48.518,,,39.12,-1.25,-0.78,-0.47,杰普特,计算机、通信和其他电子设备制造业,科创板,44.879999999999995,45.75125,46.099999999999994,47.33249999999999,47.977931034482765
688025,2020-03-12,43.45,43.34,43.86,42.7,44.0,8555.83,37051900.0,44.57,45.28,48.092,47.82,,37.6,-1.39,-0.9,-0.49,杰普特,计算机、通信和其他电子设备制造业,科创板,44.0775,45.41875,45.56999999999999,46.79749999999999,47.82333333333334
688025,2020-03-13,41.0,42.42,42.92,40.6,43.34,11620.2,48754900.0,43.75,45.18,47.583999999999996,47.59,,35.53,-1.55,-1.03,-0.52,杰普特,计算机、通信和其他电子设备制造业,科创板,43.712500000000006,44.91875,45.15416666666666,46.22687499999999,47.64903225806452
688025,2020-03-16,42.7,40.95,43.33,40.64,42.42,11093.8,46593900.0,43.16,44.67,46.927499999999995,47.63,,32.45,-1.79,-1.18,-0.61,杰普特,计算机、通信和其他电子设备制造业,科创板,42.6775,44.143750000000004,44.68333333333333,45.645624999999995,47.439687500000005
688025,2020-03-17,41.2,41.32,41.88,39.82,40.95,9662.81,39624600.0,42.41,44.16,46.2675,47.58,,34.0,-1.91,-1.33,-0.58,杰普特,计算机、通信和其他电子设备制造业,科创板,42.0075,43.44375,44.50333333333333,45.076875,47.25424242424243
688025,2020-03-18,41.81,41.3,43.17,41.01,41.32,11690.9,49341200.0,41.87,43.58,45.7375,47.47,,33.96,-2.0,-1.46,-0.54,杰普特,计算机、通信和其他电子设备制造业,科创板,41.497499999999995,42.7875,44.11166666666666,44.551874999999995,47.07911764705882
688025,2020-03-19,40.8,42.04,42.12,40.8,41.3,10068.5,41723900.0,41.61,43.09,45.262,47.31,,37.29,-1.98,-1.57,-0.41,杰普特,计算机、通信和其他电子设备制造业,科创板,41.40249999999999,42.557500000000005,43.74666666666666,44.216249999999995,46.93514285714286
688025,2020-03-20,42.4,42.12,42.8,41.66,42.04,7963.25,33663400.0,41.55,42.65,44.8555,47.09,,37.65,-1.94,-1.64,-0.3,杰普特,计算机、通信和其他电子设备制造业,科创板,41.69499999999999,42.18625,43.32749999999999,43.936249999999994,46.80138888888889
688025,2020-03-23,41.0,39.58,41.43,39.5,42.12,10879.2,43901200.0,41.27,42.22,44.313500000000005,46.74,,31.39,-2.08,-1.73,-0.35,杰普特,计算机、通信和其他电子设备制造业,科创板,41.25999999999999,41.63375,42.715833333333336,43.692499999999995,46.60621621621621
688025,2020-03-24,40.6,40.17,40.63,38.88,39.58,9061.41,36098200.0,41.04,41.72,43.837,46.5,,34.13,-2.13,-1.81,-0.32,杰普特,计算机、通信和其他电子设备制造业,科创板,40.97749999999999,41.2375,42.18416666666666,43.32812499999999,46.43684210526315
688025,2020-03-25,41.5,40.84,41.59,40.52,40.17,8821.38,36211600.0,40.95,41.41,43.508500000000005,46.15,,37.2,-2.09,-1.87,-0.22,杰普特,计算机、通信和其他电子设备制造业,科创板,40.677499999999995,41.04,41.93083333333333,42.979375,46.29333333333333
688025,2020-03-26,40.51,40.21,40.88,40.02,40.84,6653.01,26838600.0,40.58,41.1,43.18900000000001,45.76,,35.52,-2.08,-1.91,-0.17,杰普特,计算机、通信和其他电子设备制造业,科创板,40.199999999999996,40.9475,41.524166666666666,42.545625,46.14125
688025,2020-03-27,40.8,40.19,41.19,39.83,40.21,5450.17,21974300.0,40.2,40.87,43.0245,45.35,,35.47,-2.05,-1.94,-0.11,杰普特,计算机、通信和其他电子设备制造业,科创板,40.35249999999999,40.80625,41.20666666666667,42.12500000000001,45.996097560975606
688025,2020-03-30,39.85,39.13,39.85,38.4,40.19,9237.29,35983100.0,40.11,40.69,42.681,44.85,,32.61,-2.09,-1.97,-0.12,杰普特,计算机、通信和其他电子设备制造业,科创板,40.09249999999999,40.535,40.85583333333333,41.66125000000001,45.83261904761905
688025,2020-03-31,39.4,38.74,39.65,38.7,39.13,4021.69,15739900.0,39.82,40.43,42.297000000000004,44.32,,31.6,-2.13,-2.0,-0.13,杰普特,计算机、通信和其他电子设备制造业,科创板,39.56749999999999,40.122499999999995,40.549166666666665,41.34000000000001,45.667674418604655
688025,2020-04-01,38.97,40.7,41.28,38.56,38.74,14961.6,59920900.0,39.79,40.37,41.974500000000006,43.95,,41.42,-1.98,-2.0,0.02,杰普特,计算机、通信和其他电子设备制造业,科创板,39.68999999999999,39.94499999999999,40.52833333333333,41.06562500000001,45.55477272727273
688025,2020-04-02,40.0,42.92,43.2,40.0,40.7,20365.9,86342700.0,40.34,40.46,41.7745,43.66,,50.15,-1.66,-1.93,0.27,杰普特,计算机、通信和其他电子设备制造业,科创板,40.37249999999999,40.3625,40.66166666666667,40.99812500000001,45.49622222222222
688025,2020-04-03,42.92,42.67,44.1,42.39,42.92,12494.7,53951900.0,40.83,40.52,41.58050000000001,43.41,,49.26,-1.41,-1.82,0.41,杰普特,计算机、通信和其他电子设备制造业,科创板,41.25749999999999,40.675,40.77583333333333,40.956250000000004,45.43478260869565
688025,2020-04-07,43.66,44.8,44.88,43.08,42.67,13391.5,59258900.0,41.97,41.04,41.62650000000001,43.22,,56.37,-1.03,-1.67,0.64,杰普特,计算机、通信和其他电子设备制造业,科创板,42.772499999999994,41.17,41.005833333333335,41.105000000000004,45.421276595744686
688025,2020-04-08,44.8,43.62,44.8,43.3,44.8,10979.8,48268600.0,42.94,41.38,41.553000000000004,43.02,,52.02,-0.81,-1.49,0.68,杰普特,计算机、通信和其他电子设备制造业,科创板,43.5025,41.596250000000005,41.13083333333333,41.271875,45.29510638297872
688025,2020-04-09,44.0,44.09,44.17,43.53,43.62,4734.56,20758700.0,43.62,41.71,41.557500000000005,42.91,,53.56,-0.61,-1.32,0.71,杰普特,计算机、通信和其他电子设备制造业,科创板,43.795,42.08375,41.50666666666667,41.445,45.38978723404256
688025,2020-04-10,44.09,43.62,44.09,42.85,44.09,9596.28,41776400.0,43.76,42.05,41.5715,42.81,,51.77,-0.46,-1.15,0.69,杰普特,计算机、通信和其他电子设备制造业,科创板,44.0325,42.645,41.79416666666666,41.59,45.40617021276596
688025,2020-04-13,44.14,45.35,46.55,44.12,43.62,22039.8,100326000.0,44.3,42.56,41.718,42.87,,57.4,-0.22,-0.96,0.74,杰普特,计算机、通信和其他电子设备制造业,科创板,44.17,43.471250000000005,42.16999999999999,41.79687500000001,45.421063829787236
688025,2020-04-14,45.48,48.5,48.76,45.48,45.35,25875.5,124060000.0,45.04,43.5,42.0955,42.95,,65.33,0.23,-0.72,0.95,杰普特,计算机、通信和其他电子设备制造业,科创板,45.39,44.446250000000006,42.86083333333332,42.19562500000001,45.46148936170213
688025,2020-04-15,48.12,46.99,48.86,46.51,48.5,12930.4,61424000.0,45.71,44.33,42.379000000000005,42.97,,59.6,0.47,-0.48,0.95,杰普特,计算机、通信和其他电子设备制造业,科创板,46.115,44.955000000000005,43.42749999999999,42.658750000000005,45.41872340425532
688025,2020-04-16,46.69,47.26,47.64,46.1,46.99,9020.49,42377500.0,46.34,44.98,42.67700000000001,42.98,,60.27,0.67,-0.25,0.92,杰普特,计算机、通信和其他电子设备制造业,科创板,47.025,45.52875,44.10499999999999,43.10187500000001,45.364680851063824
688025,2020-04-17,47.08,47.44,47.89,46.52,47.26,8418.37,39651200.0,47.11,45.43,42.947,42.99,,60.74,0.82,-0.04,0.86,杰普特,计算机、通信和其他电子设备制造业,科创板,47.5475,45.85875,44.829999999999984,43.51437500000001,45.3631914893617
688025,2020-04-20,47.38,47.98,49.0,46.5,47.44,11352.5,54751100.0,47.63,45.96,43.24,43.04,,62.18,0.99,0.17,0.82,杰普特,计算机、通信和其他电子设备制造业,科创板,47.4175,46.40375,45.436666666666646,44.00000000000001,45.290425531914885
688025,2020-04-21,48.08,47.24,48.78,47.1,47.98,9768.97,46683700.0,47.38,46.21,43.623000000000005,43.15,,58.99,1.04,0.34,0.7,杰普特,计算机、通信和其他电子设备制造业,科创板,47.48,46.7975,45.79666666666665,44.44062500000001,45.19212765957445
688025,2020-04-22,47.0,47.73,47.88,46.52,47.24,6868.87,32562300.0,47.53,46.62,44.001000000000005,43.24,,60.44,1.11,0.5,0.61,杰普特,计算机、通信和其他电子设备制造业,科创板,47.5975,47.31125,46.21833333333333,44.97812500000001,45.088936170212754
688025,2020-04-23,47.72,46.65,48.45,46.41,47.73,8339.35,39121300.0,47.41,46.88,44.2915,43.33,,55.76,1.06,0.61,0.45,杰普特,计算机、通信和其他电子设备制造业,科创板,47.4,47.473749999999995,46.372499999999995,45.47250000000001,44.93085106382978
688025,2020-04-24,46.66,45.3,46.8,44.81,46.65,7800.93,35546100.0,46.98,47.04,44.546,43.4,45.61,50.5,0.91,0.67,0.24,杰普特,计算机、通信和其他电子设备制造业,科创板,46.73,47.07375,46.51249999999999,45.760000000000005,44.73468085106382
688025,2020-04-27,45.01,45.65,46.2,44.88,45.3,4428.3,20165100.0,46.51,47.07,44.818999999999996,43.5,45.54,51.77,0.81,0.7,0.11,杰普特,计算机、通信和其他电子设备制造业,科创板,46.332499999999996,46.90624999999999,46.642499999999984,45.930625000000006,44.60170212765957
688025,2020-04-28,45.06,41.8,45.06,39.3,45.65,13988.1,58509200.0,45.43,46.4,44.95249999999999,43.53,45.58,39.71,0.41,0.64,-0.23,杰普特,计算机、通信和其他电子设备制造业,科创板,44.85,46.223749999999995,46.49083333333331,45.876250000000006,44.39425531914893
688025,2020-04-29,41.19,41.24,42.2,40.38,41.8,5949.27,24608300.0,44.13,45.83,45.07749999999999,43.53,45.55,38.31,0.05,0.52,-0.47,杰普特,计算机、通信和其他电子设备制造业,科创板,43.4975,45.44875,46.14833333333331,45.65375000000001,44.20255319148935
688025,2020-04-30,41.9,45.1,46.03,41.1,41.24,14004.7,61248800.0,43.82,45.61,45.29749999999999,43.66,45.56,51.09,0.08,0.43,-0.35,杰普特,计算机、通信和其他电子设备制造业,科创板,43.447500000000005,45.08875,45.86499999999998,45.74625000000001,44.08936170212765
688025,2020-05-06,44.51,47.17,47.5,43.82,45.1,14749.9,67472200.0,44.19,45.59,45.50999999999999,43.83,45.57,56.32,0.26,0.4,-0.14,杰普特,计算机、通信和其他电子设备制造业,科创板,43.82750000000001,45.08,45.879999999999974,45.938750000000006,44.03553191489361
688025,2020-05-07,47.25,45.5,49.88,45.33,47.17,18336.3,86639400.0,44.16,45.34,45.65149999999999,43.94,45.51,51.54,0.26,0.37,-0.11,杰普特,计算机、通信和其他电子设备制造业,科创板,44.75250000000001,44.801249999999996,45.73333333333331,46.056250000000006,43.99489361702127
688025,2020-05-08,45.51,44.6,46.6,44.3,45.5,20031.5,90780300.0,44.72,45.07,45.64149999999999,44.11,45.43,49.11,0.2,0.34,-0.14,杰普特,计算机、通信和其他电子设备制造业,科创板,45.59250000000001,44.545,45.49666666666665,46.009375000000006,43.95234042553191
688025,2020-05-11,44.68,43.85,45.4,42.81,44.6,12934.8,57076200.0,45.24,44.69,45.653,44.23,45.36,47.13,0.08,0.29,-0.21,杰普特,计算机、通信和其他电子设备制造业,科创板,45.28000000000001,44.36375,45.15249999999998,45.71875000000001,43.960212765957436
688025,2020-05-12,43.51,43.21,43.93,41.96,43.85,12059.7,51719600.0,44.87,44.34,45.608999999999995,44.31,45.23,45.44,-0.06,0.22,-0.28,杰普特,计算机、通信和其他电子设备制造业,科创板,44.290000000000006,44.05875,44.816666666666656,45.48250000000001,43.90085106382978
688025,2020-05-13,42.51,43.6,44.08,42.5,43.21,8737.93,38031300.0,44.15,44.17,45.608,44.42,45.09,46.69,-0.14,0.15,-0.29,杰普特,计算机、通信和其他电子设备制造业,科创板,43.815000000000005,44.283750000000005,44.47249999999999,45.25375000000001,43.840851063829774
688025,2020-05-14,43.86,43.76,45.15,43.4,43.6,10563.8,46665500.0,43.8,43.98,45.528499999999994,44.54,44.94,47.23,-0.19,0.08,-0.27,杰普特,计算机、通信和其他电子设备制造业,科创板,43.605000000000004,44.59875,44.231666666666655,45.02375000000001,43.76872340425531
688025,2020-05-15,44.0,44.03,44.96,43.4,43.76,8733.2,38551500.0,43.69,44.21,45.30499999999999,44.7,44.78,48.17,-0.2,0.02,-0.22,杰普特,计算机、通信和其他电子设备制造业,科创板,43.650000000000006,44.465,44.125833333333325,44.776875000000004,43.70723404255319
688025,2020-05-18,44.15,41.32,44.48,40.23,44.03,28125.1,117414000.0,43.18,44.21,45.021499999999996,44.79,44.56,40.35,-0.42,-0.07,-0.35,杰普特,计算机、通信和其他电子设备制造业,科创板,43.1775,43.73375,43.76499999999999,44.40687500000001,43.595957446808505
688025,2020-05-19,41.68,42.1,42.26,41.4,41.32,12480.5,52293600.0,42.96,43.91,44.7635,44.84,44.39,43.21,-0.54,-0.16,-0.38,杰普特,计算机、通信和其他电子设备制造业,科创板,42.8025,43.30875,43.79,44.05500000000001,43.55808510638297
688025,2020-05-20,42.2,42.81,43.8,41.61,42.1,14026.8,60215700.0,42.8,43.48,44.532,44.83,44.25,45.76,-0.56,-0.24,-0.32,杰普特,计算机、通信和其他电子设备制造业,科创板,42.565000000000005,43.085,43.92083333333333,43.815000000000005,43.5095744680851
688025,2020-05-21,42.66,41.92,43.6,41.66,42.81,11134.2,47418100.0,42.44,43.12,44.22899999999999,44.81,44.11,43.14,-0.65,-0.32,-0.33,杰普特,计算机、通信和其他电子设备制造业,科创板,42.0375,42.84375,43.65583333333333,43.603750000000005,43.46531914893616
688025,2020-05-22,41.87,41.05,42.29,40.4,41.92,7840.91,32328100.0,41.84,42.76,43.919499999999985,44.68,43.95,40.69,-0.77,-0.41,-0.36,杰普特,计算机、通信和其他电子设备制造业,科创板,41.97,42.573750000000004,43.14583333333332,43.316250000000004,43.41659574468085
688025,2020-05-25,41.01,41.1,41.35,40.31,41.05,7982.46,32536800.0,41.8,42.49,43.58799999999999,44.6,43.81,40.9,-0.86,-0.5,-0.36,杰普特,计算机、通信和其他电子设备制造业,科创板,41.72,42.261250000000004,42.77916666666666,43.27250000000001,43.388510638297866
688025,2020-05-26,41.15,45.92,45.99,41.15,41.1,32487.4,143703000.0,42.56,42.76,43.55149999999999,44.66,43.78,56.65,-0.53,-0.51,-0.02,杰普特,计算机、通信和其他电子设备制造业,科创板,42.4975,42.53125000000001,42.889166666666654,43.565000000000005,43.494255319148934
688025,2020-05-27,45.13,46.0,46.9,44.9,45.92,20282.3,93613400.0,43.2,43.0,43.58649999999999,44.74,43.77,56.86,-0.26,-0.46,0.2,杰普特,计算机、通信和其他电子设备制造业,科创板,43.5175,42.7775,43.06833333333332,43.62125,43.59382978723403
688025,2020-05-28,46.0,44.78,46.12,44.09,46.0,10975.5,49197100.0,43.77,43.1,43.54299999999999,44.72,43.8,52.75,-0.14,-0.39,0.25,杰普特,计算机、通信和其他电子设备制造业,科创板,44.45,43.21,43.19916666666665,43.471875000000004,43.66787234042552
688025,2020-05-29,44.78,45.54,45.98,44.51,44.78,13135.5,59289700.0,44.67,43.25,43.72999999999999,44.62,43.79,54.93,0.01,-0.31,0.32,杰普特,计算机、通信和其他电子设备制造业,科创板,45.56,43.64,43.36083333333331,43.474375,43.7423404255319
688025,2020-06-01,45.66,49.48,49.49,45.66,45.54,28926.3,139608000.0,46.34,44.07,44.14199999999999,44.7,43.84,64.18,0.44,-0.16,0.6,杰普特,计算机、通信和其他电子设备制造业,科创板,46.45,44.47375,43.83749999999998,43.779375,43.89893617021276
688025,2020-06-02,49.03,52.63,57.0,49.03,49.48,45875.1,245112000.0,47.69,45.12,44.51849999999999,44.88,43.93,69.55,1.02,0.07,0.95,杰普特,计算机、通信和其他电子设备制造业,科创板,48.1075,45.8125,44.554166666666646,44.328125,44.176595744680846
688025,2020-06-03,52.56,52.0,53.5,51.5,52.63,20968.9,109328000.0,48.89,46.04,44.75999999999999,45.04,44.01,67.38,1.43,0.35,1.08,杰普特,计算机、通信和其他电子设备制造业,科创板,49.9125,47.18125,45.44416666666664,44.8775,44.428297872340416
688025,2020-06-04,51.31,49.96,52.16,49.0,52.0,22555.5,113108000.0,49.92,46.85,44.98299999999999,45.1,44.07,60.74,1.56,0.59,0.97,杰普特,计算机、通信和其他电子设备制造业,科创板,51.017500000000005,48.28874999999999,46.09916666666664,45.275,44.6223404255319
688025,2020-06-05,50.4,50.0,51.35,49.4,49.96,17612.4,88453100.0,50.81,47.74,45.25299999999999,45.19,44.17,60.82,1.65,0.8,0.85,杰普特,计算机、通信和其他电子设备制造业,科创板,51.14750000000001,48.79874999999999,46.6983333333333,45.665,44.83063829787233
688025,2020-06-08,50.01,49.53,51.69,49.14,50.0,15871.0,79916500.0,50.82,48.58,45.53699999999999,45.25,44.25,59.27,1.66,0.97,0.69,杰普特,计算机、通信和其他电子设备制造业,科创板,50.37250000000001,49.239999999999995,47.332499999999975,46.00875,45.02936170212765
688025,2020-06-09,50.52,47.8,50.52,47.5,49.53,14017.6,67922000.0,49.86,48.77,45.766499999999986,45.29,44.31,53.81,1.52,1.08,0.44,杰普特,计算机、通信和其他电子设备制造业,科创板,49.322500000000005,49.61749999999999,47.894999999999975,46.41374999999999,45.21382978723404
688025,2020-06-10,48.87,50.18,51.36,47.82,47.8,21938.7,109779000.0,49.49,49.19,46.09549999999998,45.45,44.42,59.36,1.58,1.18,0.4,杰普特,计算机、通信和其他电子设备制造业,科创板,49.377500000000005,50.19749999999999,48.651666666666635,46.91874999999999,45.45723404255319
688025,2020-06-11,49.5,50.1,51.15,49.1,50.18,14812.5,74150600.0,49.52,49.72,46.41249999999998,45.6,44.55,59.1,1.59,1.26,0.33,杰普特,计算机、通信和其他电子设备制造业,科创板,49.4025,50.27499999999999,48.99999999999997,47.374374999999986,45.65723404255319
688025,2020-06-12,48.41,51.8,52.48,48.29,50.1,18293.9,93200500.0,49.88,50.35,46.80099999999998,45.94,44.73,62.78,1.73,1.36,0.37,杰普特,计算机、通信和其他电子设备制造业,科创板,49.970000000000006,50.17124999999999,49.4833333333333,47.991874999999986,45.846170212765955
688025,2020-06-15,51.5,48.97,51.51,48.76,51.8,15989.8,79792400.0,49.77,50.3,47.18349999999998,46.19,44.86,54.05,1.58,1.4,0.18,杰普特,计算机、通信和其他电子设备制造业,科创板,50.2625,49.79249999999999,49.832499999999975,48.48687499999999,45.98021276595744
688025,2020-06-16,49.5,50.5,50.65,49.37,48.97,12790.8,63981200.0,50.31,50.08,47.60349999999998,46.37,45.01,57.49,1.58,1.44,0.14,杰普特,计算机、通信和其他电子设备制造业,科创板,50.3425,49.85999999999999,50.24583333333331,49.07437499999999,46.101489361702114
688025,2020-06-17,50.01,51.55,51.86,49.5,50.5,13951.5,70908700.0,50.58,50.04,48.04049999999997,46.52,45.17,59.72,1.64,1.48,0.16,杰普特,计算机、通信和其他电子设备制造业,科创板,50.705000000000005,50.053749999999994,50.4183333333333,49.42624999999999,46.270212765957446
688025,2020-06-18,51.63,50.81,52.5,50.52,51.55,9171.49,47201800.0,50.73,50.12,48.48499999999997,46.7,45.32,57.44,1.61,1.5,0.11,杰普特,计算机、通信和其他电子设备制造业,科创板,50.45750000000001,50.21374999999999,50.266666666666644,49.72687499999999,46.413191489361694
688025,2020-06-19,51.79,51.85,52.33,50.01,50.81,14127.1,72506000.0,50.74,50.31,49.02499999999998,46.94,45.52,59.77,1.66,1.54,0.12,杰普特,计算机、通信和其他电子设备制造业,科创板,51.17750000000001,50.71999999999999,50.25416666666664,50.168749999999996,46.58829787234042
688025,2020-06-22,52.0,54.58,56.95,52.0,51.85,23744.2,130697000.0,51.86,50.81,49.69899999999997,47.3,45.76,65.16,1.89,1.61,0.28,杰普特,计算机、通信和其他电子设备制造业,科创板,52.197500000000005,51.26999999999999,50.63916666666665,50.73375,46.784680851063825
688025,2020-06-23,54.58,56.36,56.88,52.87,54.58,22637.2,124754000.0,53.03,51.67,50.220999999999975,47.73,46.02,68.16,2.19,1.72,0.47,杰普特,计算机、通信和其他电子设备制造业,科创板,53.400000000000006,52.05249999999999,51.16916666666665,51.16375,46.951914893617015
688025,2020-06-24,55.66,55.34,58.88,54.78,56.36,14931.1,84963100.0,53.79,52.19,50.687999999999974,48.13,46.27,64.72,2.31,1.84,0.47,杰普特,计算机、通信和其他电子设备制造业,科创板,54.53250000000001,52.49499999999998,51.653333333333315,51.333125,47.12957446808511
688025,2020-06-29,58.0,57.86,59.19,55.71,55.34,21505.1,124703000.0,55.2,52.96,51.34199999999997,48.6,46.57,68.9,2.6,1.99,0.61,杰普特,计算机、通信和其他电子设备制造业,科创板,56.03500000000002,53.60624999999999,52.49166666666665,51.699375,47.355106382978725
688025,2020-06-30,57.11,57.5,58.5,56.63,57.86,12386.5,71150000.0,56.33,53.53,51.939999999999976,49.04,46.87,67.66,2.75,2.14,0.61,杰普特,计算机、通信和其他电子设备制造业,科创板,56.76500000000003,54.48124999999999,53.10166666666666,52.170625,47.569148936170215
688025,2020-07-01,57.29,55.99,58.41,55.63,57.5,14796.8,84064400.0,56.61,54.23,52.265499999999975,49.53,47.16,62.61,2.72,2.26,0.46,杰普特,计算机、通信和其他电子设备制造业,科创板,56.67250000000003,55.03624999999999,53.592499999999994,52.545,47.7395744680851
688025,2020-07-02,55.99,55.3,56.48,54.75,55.99,12186.3,67499900.0,56.4,54.71,52.398999999999965,49.97,47.4,60.39,2.61,2.33,0.28,杰普特,计算机、通信和其他电子设备制造业,科创板,56.66250000000003,55.59749999999999,53.88416666666666,52.905625,47.91106382978724
688025,2020-07-03,55.29,60.35,60.5,55.29,55.3,22364.8,130822000.0,57.4,55.59,52.81649999999996,50.56,47.7,69.04,2.9,2.44,0.46,杰普特,计算机、通信和其他电子设备制造业,科创板,57.285000000000025,56.65999999999999,54.83249999999999,53.690000000000005,48.17957446808511
688025,2020-07-06,62.83,67.2,71.25,61.8,60.35,30686.2,205072000.0,59.27,57.23,53.678499999999964,51.4,48.1,76.53,3.64,2.68,0.96,杰普特,计算机、通信和其他电子设备制造业,科创板,59.71000000000002,58.23749999999999,56.22416666666666,54.75375000000001,48.61680851063829
688025,2020-07-07,66.58,72.5,77.97,66.31,67.2,29560.1,214590000.0,62.27,59.3,54.803499999999964,52.45,48.57,80.47,4.61,3.07,1.54,杰普特,计算机、通信和其他电子设备制造业,科创板,63.83750000000002,60.25499999999998,57.97,56.15375000000001,49.19553191489361
688025,2020-07-08,74.49,73.5,75.0,69.64,72.5,17155.8,124354000.0,65.77,61.19,56.00199999999997,53.53,49.06,81.11,5.38,3.53,1.85,杰普特,计算机、通信和其他电子设备制造业,科创板,68.38750000000002,62.52499999999998,59.860833333333325,57.51000000000001,49.788085106382965
688025,2020-07-09,72.37,75.9,77.49,71.88,73.5,23931.3,177096000.0,69.89,63.14,57.40699999999997,54.53,49.59,82.59,6.13,4.05,2.08,杰普特,计算机、通信和其他电子设备制造业,科创板,72.275,64.77999999999997,61.86499999999999,59.19312500000001,50.51361702127658
688025,2020-07-10,74.85,73.49,77.57,72.59,75.9,15783.5,118462000.0,72.52,64.96,58.57249999999997,55.45,50.09,76.13,6.45,4.53,1.92,杰普特,计算机、通信和其他电子设备制造业,科创板,73.84750000000001,66.77874999999997,63.44083333333332,60.63000000000001,51.19978723404254
688025,2020-07-13,73.48,78.48,79.88,71.6,73.49,19952.3,151195000.0,74.77,67.02,59.991499999999974,56.57,50.64,79.68,7.02,5.03,1.99,杰普特,计算机、通信和其他电子设备制造业,科创板,75.34250000000002,69.58999999999997,65.28416666666665,62.313125000000014,51.90999999999999
688025,2020-07-14,78.49,74.57,78.5,71.9,78.48,19815.1,147946000.0,75.19,68.73,61.129999999999974,57.54,51.08,70.8,7.08,5.44,1.64,杰普特,计算机、通信和其他电子设备制造业,科创板,75.61000000000001,71.99874999999997,66.88666666666664,63.79812500000001,52.49297872340425
688025,2020-07-15,73.59,70.8,74.99,70.01,74.57,12581.8,91294500.0,74.65,70.21,62.22149999999997,58.25,51.48,63.46,6.74,5.7,1.04,杰普特,计算机、通信和其他电子设备制造业,科创板,74.33500000000001,73.30499999999996,67.96499999999997,64.98250000000002,53.03127659574468
688025,2020-07-16,70.2,67.12,73.1,67.12,70.8,13241.1,93254500.0,72.89,71.39,63.05249999999997,58.73,51.81,57.22,6.1,5.78,0.32,杰普特,计算机、通信和其他电子设备制造业,科创板,72.7425,73.29499999999996,68.76666666666664,65.76625000000001,53.51042553191489
688025,2020-07-17,67.89,72.29,72.98,67.5,67.12,16919.9,119464000.0,72.65,72.59,64.08949999999996,59.41,52.22,62.76,5.95,5.81,0.14,杰普特,计算机、通信和其他电子设备制造业,科创板,71.19500000000001,73.26874999999995,70.12499999999997,66.76187500000002,54.115531914893616
688025,2020-07-20,73.31,78.98,81.48,73.31,72.29,19230.5,150163000.0,72.75,73.76,65.49799999999996,60.37,52.74,68.45,6.3,5.91,0.39,杰普特,计算机、通信和其他电子设备制造业,科创板,72.29750000000001,73.95374999999996,72.09833333333331,68.23937500000002,54.87659574468085
688025,2020-07-21,79.96,75.04,80.78,74.66,78.98,12543.5,96692700.0,72.85,74.02,66.65749999999997,61.21,53.2,62.4,6.18,5.96,0.22,杰普特,计算机、通信和其他电子设备制造业,科创板,73.35750000000002,73.84624999999996,73.32249999999998,69.31312500000003,55.545531914893616
688025,2020-07-22,76.0,76.5,77.52,74.02,75.04,8956.88,68234400.0,73.99,74.32,67.75349999999997,62.11,53.68,63.68,6.14,6.0,0.14,杰普特,计算机、通信和其他电子设备制造业,科创板,75.70250000000001,74.22249999999995,74.09749999999997,70.50062500000003,56.24212765957446
688025,2020-07-23,76.5,78.89,80.25,75.25,76.5,12041.1,93840000.0,76.34,74.62,68.87999999999998,63.14,54.22,65.74,6.23,6.05,0.18,杰普特,计算机、通信和其他电子设备制造业,科创板,77.3525,74.27374999999995,74.62999999999997,71.93187500000003,56.98382978723403
688025,2020-07-24,79.14,73.7,81.77,72.38,78.89,13050.1,101244000.0,76.62,74.64,69.79799999999999,63.93,54.69,58.05,5.81,6.0,-0.19,杰普特,计算机、通信和其他电子设备制造业,科创板,76.0325,74.16499999999996,74.64666666666663,73.08187500000004,57.672765957446785
688025,2020-07-27,75.28,75.47,76.51,70.1,73.7,10402.4,77544400.0,75.92,74.34,70.6785,64.77,55.19,59.78,5.55,5.91,-0.36,杰普特,计算机、通信和其他电子设备制造业,科创板,76.14,74.74874999999997,74.6108333333333,74.02687500000005,58.382765957446786
688025,2020-07-28,77.33,70.25,77.66,67.52,75.47,12903.7,92073200.0,74.96,73.9,71.316,65.39,55.66,52.86,4.88,5.7,-0.82,杰普特,计算机、通信和其他电子设备制造业,科创板,74.5775,75.13999999999997,74.34083333333331,74.21750000000004,58.96659574468083
688025,2020-07-29,69.15,73.42,74.21,68.7,70.25,13663.2,98012000.0,74.35,74.17,72.1875,66.2,56.2,56.18,4.54,5.47,-0.93,杰普特,计算机、通信和其他电子设备制造业,科创板,73.21000000000001,75.28124999999997,73.91916666666664,74.27500000000005,59.636808510638275
688025,2020-07-30,72.99,71.35,73.42,70.67,73.42,6973.41,49913500.0,72.84,74.59,72.99,66.9,56.64,53.53,4.07,5.19,-1.12,杰普特,计算机、通信和其他电子设备制造业,科创板,72.62250000000002,74.32749999999997,73.65083333333331,74.14062500000004,60.2814893617021
688025,2020-07-31,71.54,70.97,74.82,70.5,71.35,8944.16,64728200.0,72.29,74.46,73.521,67.55,57.03,53.04,3.61,4.87,-1.26,杰普特,计算机、通信和其他电子设备制造业,科创板,71.4975,73.81874999999998,73.66499999999998,73.83250000000004,60.91702127659571
688025,2020-08-03,70.98,76.03,76.03,69.18,70.97,15119.3,110434000.0,72.4,74.16,73.9625,68.39,57.54,58.53,3.62,4.62,-1.0,杰普特,计算机、通信和其他电子设备制造业,科创板,72.9425,73.75999999999998,74.40749999999998,73.99125000000004,61.557659574468055
688025,2020-08-04,76.22,73.22,76.22,72.52,76.03,8523.15,62969100.0,73.0,73.98,73.9985,69.1,58.02,54.7,3.36,4.37,-1.01,杰普特,计算机、通信和其他电子设备制造业,科创板,72.8925,73.05124999999998,74.48499999999999,73.66250000000004,62.13680851063827
688025,2020-08-05,73.31,72.59,75.49,71.11,73.22,8840.76,64219600.0,72.83,73.59,73.953,69.7,58.5,53.85,3.07,4.11,-1.04,杰普特,计算机、通信和其他电子设备制造业,科创板,73.20249999999999,72.91249999999998,73.95249999999999,73.53875000000004,62.72851063829784
688025,2020-08-06,72.57,75.2,78.48,71.7,72.59,13535.7,101930000.0,73.6,73.22,73.91799999999999,70.33,59.03,56.84,3.02,3.89,-0.87,杰普特,计算机、通信和其他电子设备制造业,科创板,74.25999999999999,72.87874999999998,73.96583333333332,73.81375000000004,63.35957446808507
688025,2020-08-07,75.2,73.03,76.19,71.03,75.2,7029.29,51048100.0,74.01,73.15,73.895,70.92,59.52,53.73,2.77,3.67,-0.9,杰普特,计算机、通信和其他电子设备制造业,科创板,73.50999999999999,73.22624999999998,73.67666666666666,74.18312500000005,63.860638297872306
688025,2020-08-10,72.2,72.03,73.87,69.23,73.03,8289.37,59651800.0,73.21,72.81,73.57249999999999,71.39,59.99,52.3,2.46,3.43,-0.97,杰普特,计算机、通信和其他电子设备制造业,科创板,73.21249999999998,73.05249999999998,73.10499999999999,74.16687500000005,64.27340425531912
688025,2020-08-11,70.62,68.0,73.07,67.2,72.03,7111.3,49673700.0,72.17,72.58,73.244,71.74,60.39,46.91,1.87,3.12,-1.25,杰普特,计算机、通信和其他电子设备制造业,科创板,72.06499999999997,72.63374999999998,72.62999999999998,73.48062500000005,64.61382978723401
688025,2020-08-12,68.0,73.67,74.99,68.0,68.0,13834.8,98237900.0,72.39,72.61,73.3875,72.33,60.93,54.08,1.84,2.86,-1.02,杰普特,计算机、通信和其他电子设备制造业,科创板,71.68249999999998,72.97124999999997,72.47999999999998,73.39500000000005,65.11829787234039
688025,2020-08-13,74.44,77.0,79.0,74.44,73.67,11897.1,91773300.0,72.75,73.17,73.8815,73.05,61.51,57.7,2.06,2.7,-0.64,杰普特,计算机、通信和其他电子设备制造业,科创板,72.67499999999998,73.09249999999997,73.04249999999998,73.42625000000005,65.69276595744678
688025,2020-08-14,78.96,78.21,78.96,74.53,77.0,6753.97,51651000.0,73.78,73.9,74.17750000000001,73.65,62.1,58.96,2.3,2.62,-0.32,杰普特,计算机、通信和其他电子设备制造业,科创板,74.21999999999997,73.71624999999997,73.44166666666665,73.38375000000005,66.30297872340422
688025,2020-08-17,79.21,73.0,79.21,71.17,78.21,14481.0,105303000.0,73.98,73.6,73.8785,73.84,62.62,51.79,2.06,2.51,-0.45,杰普特,计算机、通信和其他电子设备制造业,科创板,75.46999999999997,73.76749999999997,73.57916666666665,73.34000000000005,66.83914893617018
688025,2020-08-18,73.29,73.86,73.87,70.11,73.0,7752.17,55798500.0,75.15,73.66,73.8195,73.89,63.17,52.81,1.9,2.39,-0.49,杰普特,计算机、通信和其他电子设备制造业,科创板,75.51749999999997,73.59999999999997,73.81999999999998,73.23937500000004,67.34297872340423
688025,2020-08-19,74.3,71.76,74.3,71.0,73.86,3722.14,26926800.0,74.77,73.58,73.58250000000001,73.83,63.68,50.02,1.6,2.23,-0.63,杰普特,计算机、通信和其他电子设备制造业,科创板,74.20749999999997,73.44124999999997,73.46416666666666,73.33375000000004,67.80382978723402
688025,2020-08-20,71.77,68.92,73.41,67.83,71.76,8551.86,59507400.0,73.15,72.95,73.084,73.59,64.06,46.45,1.11,2.01,-0.9,杰普特,计算机、通信和其他电子设备制造业,科创板,71.88499999999998,73.05249999999997,73.10583333333331,73.05250000000004,68.16808510638295
688025,2020-08-21,70.54,66.2,71.59,65.54,68.92,8168.77,55755400.0,70.75,72.26,72.709,73.35,64.4,43.27,0.51,1.71,-1.2,杰普特,计算机、通信和其他电子设备制造业,科创板,70.18499999999997,72.82749999999997,72.57333333333331,72.73062500000005,68.5346808510638
688025,2020-08-24,67.17,67.07,68.4,64.48,66.2,6258.86,41274400.0,69.56,71.77,72.289,72.97,64.77,44.57,0.09,1.38,-1.29,杰普特,计算机、通信和其他电子设备制造业,科创板,68.48749999999997,72.00249999999998,71.89583333333331,72.48687500000004,68.88723404255317
688025,2020-08-25,64.03,62.59,67.6,61.81,67.07,23836.3,151939000.0,67.31,71.23,71.90599999999999,72.57,65.05,39.52,-0.6,0.99,-1.59,杰普特,计算机、通信和其他电子设备制造业,科创板,66.19499999999996,70.20124999999999,71.02583333333332,71.64687500000004,69.12212765957445
688025,2020-08-26,62.83,60.9,65.32,60.5,62.59,10456.0,65039900.0,65.14,69.95,71.28,72.24,65.24,37.78,-1.26,0.54,-1.8,杰普特,计算机、通信和其他电子设备制造业,科创板,64.18999999999996,68.03749999999998,70.09833333333331,70.87687500000004,69.33680851063828
688025,2020-08-27,62.22,62.94,64.87,60.79,60.9,7729.99,48827300.0,63.94,68.54,70.8595,72.1,65.42,41.15,-1.6,0.11,-1.71,杰普特,计算机、通信和其他电子设备制造业,科创板,63.37499999999996,66.77999999999997,69.67666666666666,70.27375000000005,69.57276595744679
688025,2020-08-28,64.55,61.86,64.55,61.1,62.94,3357.26,20741300.0,63.07,66.91,70.404,71.76,65.58,39.92,-1.94,-0.3,-1.64,杰普特,计算机、通信和其他电子设备制造业,科创板,62.07249999999996,65.27999999999997,68.6925,69.44000000000004,69.72765957446808
688025,2020-08-31,62.05,60.0,62.05,59.13,61.86,8703.77,52374100.0,61.66,65.61,69.60249999999999,71.12,65.75,37.81,-2.32,-0.7,-1.62,杰普特,计算机、通信和其他电子设备制造业,科创板,61.42499999999996,63.809999999999974,67.27583333333332,68.62562500000004,69.8051063829787
688025,2020-09-01,59.49,60.73,61.23,59.0,60.0,3451.64,20798200.0,61.29,64.3,68.978,70.65,65.93,39.17,-2.54,-1.07,-1.47,杰普特,计算机、通信和其他电子设备制造业,科创板,61.38249999999996,62.786249999999974,65.81916666666666,67.91937500000004,69.91978723404253
688025,2020-09-02,60.83,60.05,60.98,59.51,60.73,3338.88,20066100.0,61.12,63.13,68.351,70.1,66.1,38.33,-2.75,-1.41,-1.34,杰普特,计算机、通信和其他电子设备制造业,科创板,60.659999999999954,62.01749999999998,64.74,67.42250000000004,69.96638297872339
688025,2020-09-03,60.84,58.54,61.86,58.54,60.05,5215.81,30883100.0,60.24,62.09,67.518,69.42,66.28,36.47,-2.99,-1.72,-1.27,杰普特,计算机、通信和其他电子设备制造业,科创板,59.829999999999956,60.95124999999998,63.46333333333332,66.47687500000004,69.98851063829785
688025,2020-09-04,58.0,58.89,59.0,56.98,58.54,3023.91,17598600.0,59.64,61.36,66.811,68.92,66.43,37.23,-3.12,-2.0,-1.12,杰普特,计算机、通信和其他电子设备制造业,科创板,59.55249999999995,60.48874999999998,62.39083333333332,65.34500000000004,70.05021276595743
688025,2020-09-07,59.03,58.52,59.96,58.01,58.89,3652.03,21462700.0,59.35,60.5,66.13550000000001,68.36,66.57,36.73,-3.22,-2.25,-0.97,杰普特,计算机、通信和其他电子设备制造业,科创板,58.99999999999995,60.19124999999998,61.52416666666665,64.11437500000004,70.11872340425529
688025,2020-09-08,59.12,58.82,59.97,57.53,58.52,3553.6,20840800.0,58.96,60.12,65.6765,67.98,66.68,37.46,-3.22,-2.44,-0.78,杰普特,计算机、通信和其他电子设备制造业,科创板,58.69249999999995,59.67624999999999,60.90916666666666,63.228125000000034,70.08617021276594
688025,2020-09-09,58.99,55.52,59.45,55.29,58.82,4242.96,24340600.0,58.06,59.59,64.76899999999999,67.38,66.79,32.93,-3.46,-2.64,-0.82,杰普特,计算机、通信和其他电子设备制造业,科创板,57.93749999999995,58.88374999999999,59.94666666666666,62.08187500000003,69.83765957446808
688025,2020-09-10,56.79,52.7,56.79,52.53,55.52,4015.4,21711400.0,56.89,58.56,63.553999999999995,66.76,66.83,29.63,-3.84,-2.88,-0.96,杰普特,计算机、通信和其他电子设备制造业,科创板,56.38999999999996,57.97125,59.122499999999995,60.89062500000003,69.41638297872339
688025,2020-09-11,53.34,54.16,54.98,51.64,52.7,3912.73,20846200.0,55.94,57.79,62.3515,66.2,66.87,33.35,-3.97,-3.1,-0.87,杰普特,计算机、通信和其他电子设备制造业,科创板,55.29999999999995,57.14999999999999,58.56083333333333,59.968125000000036,69.00489361702125
688025,2020-09-14,55.0,53.0,56.75,52.11,54.16,7280.1,39153700.0,54.84,57.09,61.3515,65.43,66.91,31.91,-4.12,-3.3,-0.82,杰普特,计算机、通信和其他电子设备制造业,科创板,53.844999999999956,56.26874999999999,57.732499999999995,59.14312500000003,68.51765957446807
688025,2020-09-15,52.36,53.0,54.13,52.1,53.0,5139.29,27342400.0,53.68,56.32,60.3085,64.76,66.93,31.91,-4.19,-3.48,-0.71,杰普特,计算机、通信和其他电子设备制造业,科创板,53.214999999999954,55.57624999999999,56.994166666666665,58.26375000000003,68.08170212765955
688025,2020-09-16,52.5,51.45,53.47,51.2,53.0,5067.9,26328200.0,52.86,55.46,59.293000000000006,64.05,66.88,29.9,-4.32,-3.65,-0.67,杰普特,计算机、通信和其他电子设备制造业,科创板,52.90249999999996,54.64624999999999,56.281666666666666,57.56750000000003,67.50659574468084
688025,2020-09-17,51.61,53.21,53.79,50.92,51.45,6637.85,34946700.0,52.96,54.93,58.50750000000001,63.32,66.82,34.91,-4.24,-3.77,-0.47,杰普特,计算机、通信和其他电子设备制造业,科创板,52.66499999999996,53.98249999999999,55.655,57.086875000000035,67.05212765957444
688025,2020-09-18,52.48,55.01,55.77,52.48,53.21,5523.46,30115700.0,53.13,54.54,57.948,62.72,66.82,39.66,-3.97,-3.81,-0.16,杰普特,计算机、通信和其他电子设备制造业,科创板,53.16749999999996,53.50624999999999,55.23500000000001,56.59125000000003,66.71617021276593
688025,2020-09-21,54.92,55.08,55.87,54.51,55.01,2892.25,15971400.0,53.55,54.2,57.3485,62.16,66.77,39.84,-3.72,-3.79,0.07,杰普特,计算机、通信和其他电子设备制造业,科创板,53.68749999999996,53.45124999999999,54.94666666666668,56.16750000000003,66.45999999999998
688025,2020-09-22,55.11,54.66,55.57,53.92,55.08,3279.57,17924400.0,53.88,53.78,56.95200000000001,61.71,66.72,39.07,-3.51,-3.73,0.22,杰普特,计算机、通信和其他电子设备制造业,科创板,54.48999999999997,53.696249999999985,54.59416666666667,55.83375000000003,66.08489361702125
688025,2020-09-23,55.45,55.54,56.16,54.88,54.66,2666.4,14806200.0,54.7,53.78,56.684000000000005,61.11,66.72,41.61,-3.24,-3.64,0.4,杰普特,计算机、通信和其他电子设备制造业,科创板,55.07249999999997,53.86874999999999,54.34583333333334,55.50937500000003,65.58617021276594
688025,2020-09-24,55.78,53.43,55.78,52.85,55.54,3291.66,17698600.0,54.74,53.85,56.2085,60.32,66.69,37.57,-3.15,-3.54,0.39,杰普特,计算机、通信和其他电子设备制造业,科创板,54.67749999999997,53.92249999999999,53.89666666666667,55.09562500000003,65.12638297872337
688025,2020-09-25,53.05,50.92,53.8,50.92,53.43,5547.35,28801900.0,53.93,53.53,55.66150000000001,59.41,66.53,33.4,-3.26,-3.48,0.22,杰普特,计算机、通信和其他电子设备制造业,科创板,53.637499999999974,53.662499999999994,53.51333333333333,54.619375000000026,64.58212765957444
688025,2020-09-28,51.59,51.01,52.3,49.14,50.92,5680.45,28639800.0,53.11,53.33,55.21200000000001,58.68,66.26,33.69,-3.29,-3.44,0.15,杰普特,计算机、通信和其他电子设备制造业,科创板,52.72499999999997,53.607499999999995,53.372499999999995,54.12687500000003,63.988936170212746
688025,2020-09-29,52.03,51.36,52.04,50.79,51.01,1732.18,8922660.0,52.45,53.17,54.743500000000004,57.93,65.91,34.85,-3.25,-3.41,0.16,杰普特,计算机、通信和其他电子设备制造业,科创板,51.67999999999997,53.37625,53.13916666666666,53.67937500000003,63.51361702127658
688025,2020-09-30,51.1,51.37,52.5,50.51,51.36,1966.75,10092400.0,51.62,53.16,54.3095,57.25,65.54,34.88,-3.18,-3.36,0.18,杰普特,计算机、通信和其他电子设备制造业,科创板,51.164999999999964,52.92125,53.00333333333333,53.213750000000026,63.00085106382978
688025,2020-10-09,52.48,55.21,55.39,52.08,51.37,7872.49,42242700.0,51.97,53.36,54.14300000000001,56.79,65.19,46.75,-2.78,-3.24,0.46,杰普特,计算机、通信和其他电子设备制造业,科创板,52.237499999999955,52.9375,53.1875,53.19437500000003,62.68085106382978
688025,2020-10-12,55.41,56.78,58.83,55.01,55.21,8956.89,50804400.0,53.15,53.54,54.0375,56.48,64.91,50.71,-2.32,-3.06,0.74,杰普特,计算机、通信和其他电子设备制造业,科创板,53.67999999999995,53.2025,53.63166666666666,53.449375000000025,62.326808510638294
688025,2020-10-13,57.0,55.96,57.0,55.15,56.78,4922.3,27480700.0,54.14,53.62,53.9095,56.11,64.54,48.68,-1.99,-2.85,0.86,杰普特,计算机、通信和其他电子设备制造业,科创板,54.82999999999994,53.254999999999995,53.860833333333325,53.56187500000003,61.99936170212766
688025,2020-10-14,56.0,53.48,56.34,53.28,55.96,8827.37,48013500.0,54.56,53.51,53.642500000000005,55.8,64.19,43.05,-1.91,-2.66,0.75,杰普特,计算机、通信和其他电子设备制造业,科创板,55.357499999999945,53.26125,53.73333333333333,53.59187500000003,61.62723404255319
688025,2020-10-15,53.0,52.06,53.99,52.04,53.48,5210.68,27528800.0,54.7,53.16,53.469500000000004,55.51,63.88,40.19,-1.93,-2.51,0.58,杰普特,计算机、通信和其他电子设备制造业,科创板,54.56999999999994,53.403749999999995,53.481666666666655,53.53312500000003,61.117234042553186
688025,2020-10-16,52.05,50.02,52.59,50.0,52.06,8876.76,45336300.0,53.66,52.82,53.3355,55.08,63.59,36.44,-2.09,-2.43,0.34,杰普特,计算机、通信和其他电子设备制造业,科创板,52.879999999999946,53.279999999999994,53.09499999999999,53.44375000000002,60.623617021276594
688025,2020-10-19,50.15,49.5,50.82,49.0,50.02,4823.15,24066800.0,52.2,52.68,53.1025,54.67,63.21,35.53,-2.24,-2.39,0.15,杰普特,计算机、通信和其他电子设备制造业,科创板,51.26499999999994,53.04749999999999,52.59166666666666,53.21187500000002,60.13234042553191
688025,2020-10-20,49.68,49.73,49.94,48.68,49.5,4873.63,24059500.0,50.96,52.55,52.939,54.32,62.72,36.29,-2.32,-2.38,0.06,杰普特,计算机、通信和其他电子设备制造业,科创板,50.32749999999994,52.842499999999994,52.28333333333333,52.88187500000002,59.590425531914896
688025,2020-10-21,49.73,46.5,49.73,46.26,49.73,13300.0,63335700.0,49.56,52.06,52.614,53.85,62.25,30.81,-2.6,-2.42,-0.18,杰普特,计算机、通信和其他电子设备制造业,科创板,48.937499999999936,51.75375,51.915,52.34562500000002,59.025957446808505
688025,2020-10-22,46.66,46.2,46.68,45.8,46.5,6765.54,31216900.0,48.39,51.54,52.3515,53.39,61.74,30.35,-2.82,-2.5,-0.32,杰普特,计算机、通信和其他电子设备制造业,科创板,47.98249999999994,50.43124999999999,51.514166666666675,51.816875000000024,58.47638297872339
688025,2020-10-23,46.2,45.13,46.65,44.92,46.2,5947.87,27260200.0,47.41,50.54,51.947500000000005,52.94,61.18,28.71,-3.04,-2.61,-0.43,杰普特,计算机、通信和其他电子设备制造业,科创板,46.88999999999994,49.07749999999999,50.995000000000005,51.166250000000026,57.989787234042545
688025,2020-10-26,45.47,44.55,46.19,44.0,45.13,6503.64,29238000.0,46.42,49.31,51.4245,52.46,60.69,27.83,-3.23,-2.73,-0.5,杰普特,计算机、通信和其他电子设备制造业,科创板,45.594999999999935,47.96124999999999,50.42666666666667,50.61125000000003,57.37021276595744
688025,2020-10-27,44.6,46.2,46.52,44.06,44.55,8074.45,36882300.0,45.72,48.34,50.9805,52.05,60.21,34.01,-3.2,-2.83,-0.37,杰普特,计算机、通信和其他电子设备制造业,科创板,45.51999999999994,47.22874999999999,49.67583333333334,50.31625000000003,56.71489361702127
688025,2020-10-28,46.2,46.26,46.73,45.61,46.2,6359.15,29315200.0,45.67,47.61,50.560500000000005,51.63,59.81,34.24,-3.15,-2.89,-0.26,杰普特,计算机、通信和其他电子设备制造业,科创板,45.53499999999994,46.75874999999999,48.79916666666667,50.01937500000003,56.03510638297872
688025,2020-10-29,46.18,48.73,49.86,45.45,46.26,14286.2,68671300.0,46.17,47.28,50.220000000000006,51.41,59.39,42.73,-2.87,-2.89,0.02,杰普特,计算机、通信和其他电子设备制造业,科创板,46.43499999999994,46.662499999999994,48.196666666666665,49.85500000000003,55.51872340425531
688025,2020-10-30,48.9,45.98,50.33,45.55,48.73,16502.9,78712800.0,46.34,46.88,49.84750000000001,51.18,58.97,37.0,-2.84,-2.88,0.04,杰普特,计算机、通信和其他电子设备制造业,科创板,46.79249999999993,46.193749999999994,47.571666666666665,49.51812500000003,54.925531914893604
688025,2020-11-02,46.0,44.84,47.73,44.5,45.98,22308.0,102303000.0,46.4,46.41,49.54350000000001,50.87,58.54,34.91,-2.87,-2.88,0.01,杰普特,计算机、通信和其他电子设备制造业,科创板,46.45249999999993,45.98625,46.970000000000006,48.87000000000003,54.3527659574468
688025,2020-11-03,44.83,47.26,47.66,44.82,44.84,18248.8,84266000.0,46.61,46.16,49.356000000000016,50.68,58.06,42.35,-2.68,-2.84,0.16,杰普特,计算机、通信和其他电子设备制造业,科创板,46.70249999999993,46.11875,46.74000000000001,48.275000000000034,53.89191489361701
688025,2020-11-04,47.68,48.46,48.68,47.0,47.26,19485.2,93270600.0,47.05,46.36,49.21100000000002,50.53,57.64,45.67,-2.39,-2.75,0.36,杰普特,计算机、通信和其他电子设备制造业,科创板,46.634999999999934,46.535,46.65333333333334,47.806250000000034,53.51446808510638
688025,2020-11-05,49.98,48.69,49.98,48.3,48.46,16512.8,80705400.0,47.05,46.61,49.07700000000001,50.44,57.25,46.31,-2.12,-2.62,0.5,杰普特,计算机、通信和其他电子设备制造业,科创板,47.312499999999936,47.052499999999995,46.566666666666684,47.506875000000036,53.123404255319144
688025,2020-11-06,49.27,49.8,50.84,48.51,48.69,25873.0,128022000.0,47.81,47.08,48.806500000000014,50.32,56.82,49.39,-1.8,-2.46,0.66,杰普特,计算机、通信和其他电子设备制造业,科创板,48.55249999999993,47.5025,46.841666666666676,47.36562500000004,52.85127659574468
688025,2020-11-09,49.18,51.46,51.46,48.08,49.8,36070.2,179705000.0,49.13,47.77,48.54050000000002,50.21,56.46,53.68,-1.4,-2.25,0.85,杰普特,计算机、通信和其他电子设备制造业,科创板,49.602499999999935,48.152499999999996,47.28000000000001,47.45562500000004,52.650425531914884
688025,2020-11-10,50.52,49.93,50.99,49.82,51.46,17482.5,87920200.0,49.67,48.14,48.23900000000002,50.03,56.09,49.52,-1.18,-2.03,0.85,杰普特,计算机、通信和其他电子设备制造业,科创板,49.969999999999935,48.302499999999995,47.68000000000001,47.48250000000004,52.37361702127659
688025,2020-11-11,49.6,48.6,49.74,48.47,49.93,12794.2,62652600.0,49.7,48.38,47.99500000000002,49.83,55.77,46.16,-1.11,-1.85,0.74,杰普特,计算机、通信和其他电子设备制造业,科创板,49.947499999999934,48.629999999999995,48.01750000000001,47.41187500000004,52.09148936170211
688025,2020-11-12,49.06,49.05,50.37,48.63,48.6,16453.1,81364300.0,49.77,48.41,47.84450000000002,49.62,55.36,47.46,-1.01,-1.68,0.67,杰普特,计算机、通信和其他电子设备制造业,科创板,49.759999999999934,49.15625,48.255,47.571250000000035,51.85851063829786
688025,2020-11-13,48.64,49.07,50.18,48.43,49.05,21731.9,106996000.0,49.62,48.72,47.79700000000002,49.47,54.9,47.52,-0.92,-1.53,0.61,杰普特,计算机、通信和其他电子设备制造业,科创板,49.16249999999993,49.3825,48.48916666666668,47.750625000000035,51.610425531914885
688025,2020-11-16,49.5,47.97,49.5,47.8,49.07,17767.8,85813500.0,48.92,49.03,47.72050000000002,49.37,54.39,44.49,-0.91,-1.4,0.49,杰普特,计算机、通信和其他电子设备制造业,科创板,48.67249999999993,49.32125,48.425833333333344,47.92812500000004,51.353404255319134
688025,2020-11-17,47.8,46.78,48.06,46.1,47.97,13037.7,60944600.0,48.29,48.98,47.57300000000002,49.23,53.95,41.41,-1.0,-1.32,0.32,杰普特,计算机、通信和其他电子设备制造业,科创板,48.21749999999993,49.0825,48.49250000000001,48.06750000000004,51.10319148936169
688025,2020-11-18,46.78,46.95,47.35,46.22,46.78,9608.67,45093500.0,47.96,48.83,47.59550000000002,49.08,53.51,42.02,-1.04,-1.27,0.23,杰普特,计算机、通信和其他电子设备制造业,科创板,47.692499999999924,48.72625,48.668333333333344,48.11437500000004,50.8491489361702
688025,2020-11-19,46.95,47.0,47.32,46.63,46.95,5771.04,27171200.0,47.55,48.66,47.63550000000002,48.94,53.09,42.22,-1.06,-1.23,0.17,杰普特,计算机、通信和其他电子设备制造业,科创板,47.174999999999926,48.16875,48.646666666666675,48.16062500000004,50.604042553191476
688025,2020-11-20,46.98,47.32,47.43,46.66,47.0,5974.28,28153400.0,47.2,48.41,47.74500000000002,48.68,52.73,43.51,-1.04,-1.19,0.15,杰普特,计算机、通信和其他电子设备制造业,科创板,47.012499999999925,47.8425,48.55166666666668,48.07250000000004,50.35936170212765
688025,2020-11-23,47.48,46.6,47.48,46.45,47.32,7975.63,37300800.0,46.93,47.93,47.847500000000025,48.34,52.41,41.27,-1.06,-1.16,0.1,杰普特,计算机、通信和其他电子设备制造业,科创板,46.96749999999992,47.5925,48.37750000000002,48.11125000000004,50.169574468085095
688025,2020-11-24,46.68,46.91,47.21,46.21,46.6,5217.78,24390600.0,46.96,47.62,47.883000000000024,48.03,52.07,42.64,-1.05,-1.14,0.09,杰普特,计算机、通信和其他电子设备制造业,科创板,46.957499999999925,47.324999999999996,48.136666666666684,48.24062500000004,50.04638297872339
688025,2020-11-25,47.01,46.17,47.53,46.17,46.91,7689.2,35720100.0,46.8,47.38,47.87850000000002,47.79,51.8,40.23,-1.08,-1.13,0.05,杰普特,计算机、通信和其他电子设备制造业,科创板,46.74999999999993,46.9625,47.69583333333335,48.172500000000035,49.8763829787234
688025,2020-11-26,46.02,46.15,46.62,46.01,46.17,4029.07,18638800.0,46.63,47.09,47.74950000000002,47.59,51.55,40.16,-1.09,-1.12,0.03,杰普特,计算机、通信和其他电子设备制造业,科创板,46.45749999999993,46.735,47.38083333333335,48.02812500000003,49.73063829787233
688025,2020-11-27,46.0,45.4,46.22,45.09,46.15,6899.83,31450500.0,46.25,46.72,47.720500000000015,47.44,51.26,37.66,-1.16,-1.13,-0.03,杰普特,计算机、通信和其他电子设备制造业,科创板,46.157499999999935,46.5625,47.11416666666668,47.82250000000003,49.56893617021276
688025,2020-11-30,45.59,46.35,46.87,45.08,45.4,8611.18,39757500.0,46.2,46.56,47.796000000000014,47.33,51.0,42.54,-1.11,-1.12,0.01,杰普特,计算机、通信和其他电子设备制造业,科创板,46.017499999999934,46.487500000000004,46.88916666666668,47.60687500000004,49.46042553191489
688025,2020-12-01,46.2,47.36,47.46,46.15,46.35,8096.86,38044700.0,46.29,46.62,47.801000000000016,47.26,50.79,47.27,-0.99,-1.1,0.11,杰普特,计算机、通信和其他电子设备制造业,科创板,46.31499999999993,46.532500000000006,46.74666666666668,47.350625000000036,49.33595744680851
688025,2020-12-02,47.78,47.29,48.27,46.8,47.36,9176.61,43520400.0,46.51,46.66,47.742500000000014,47.28,50.57,46.98,-0.89,-1.06,0.17,杰普特,计算机、通信和其他电子设备制造业,科创板,46.59999999999992,46.52875000000001,46.690000000000005,47.18562500000004,49.17170212765957
688025,2020-12-03,47.06,47.63,48.0,46.5,47.29,7168.01,33834000.0,46.81,46.72,47.68950000000001,47.33,50.36,48.62,-0.77,-1.0,0.23,杰普特,计算机、通信和其他电子设备制造业,科创板,47.15749999999992,46.657500000000006,46.760833333333345,47.125000000000036,49.0131914893617
688025,2020-12-04,47.63,48.17,48.79,47.3,47.63,9847.37,47429900.0,47.36,46.8,47.60800000000001,47.43,50.19,51.2,-0.63,-0.93,0.3,杰普特,计算机、通信和其他电子设备制造业,科创板,47.61249999999992,46.81500000000001,46.862500000000004,47.070000000000036,48.87510638297873
688025,2020-12-07,48.5,48.0,48.86,47.81,48.17,8842.15,42775300.0,47.69,46.94,47.43500000000001,47.55,50.0,50.34,-0.52,-0.84,0.32,杰普特,计算机、通信和其他电子设备制造业,科创板,47.77249999999992,47.04375000000001,46.94583333333333,47.00312500000003,48.71468085106383
688025,2020-12-08,47.96,48.07,48.58,47.64,48.0,5538.39,26699200.0,47.83,47.06,47.34200000000001,47.61,49.83,50.71,-0.42,-0.76,0.34,杰普特,计算机、通信和其他电子设备制造业,科创板,47.96749999999992,47.28375000000001,47.00833333333333,47.009375000000034,48.60063829787235
688025,2020-12-09,47.88,46.66,48.29,46.46,48.07,8697.31,41083700.0,47.71,47.11,47.24500000000001,47.62,49.63,43.72,-0.45,-0.7,0.25,杰普特,计算机、通信和其他电子设备制造业,科创板,47.72499999999992,47.44125000000001,47.01333333333333,47.001875000000034,48.510000000000005
688025,2020-12-10,46.68,46.72,47.67,45.8,46.66,8977.28,41935500.0,47.52,47.16,47.12850000000002,47.55,49.48,44.07,-0.47,-0.65,0.18,杰普特,计算机、通信和其他电子设备制造业,科创板,47.362499999999926,47.48750000000001,46.9975,46.98750000000003,48.41872340425532
688025,2020-12-11,46.72,45.11,46.85,44.26,46.72,14409.5,65236200.0,46.91,47.14,46.93050000000001,47.53,49.35,37.3,-0.6,-0.64,0.04,杰普特,计算机、通信和其他电子设备制造业,科创板,46.63999999999993,47.20625000000001,46.90916666666667,46.86937500000003,48.28574468085106
688025,2020-12-14,45.11,45.68,46.23,44.6,45.11,5369.15,24425400.0,46.45,47.07,46.81600000000001,47.55,49.21,40.77,-0.65,-0.64,-0.01,杰普特,计算机、通信和其他电子设备制造业,科创板,46.04249999999993,47.00500000000001,46.870000000000005,46.76687500000003,48.16468085106383
688025,2020-12-15,45.16,46.08,46.5,45.16,45.68,3777.32,17344800.0,46.05,46.94,46.78100000000001,47.51,49.1,43.15,-0.66,-0.65,-0.01,杰普特,计算机、通信和其他电子设备制造业,科创板,45.89749999999993,46.81125000000001,46.92666666666668,46.73437500000003,47.970425531914884
688025,2020-12-16,46.45,45.68,46.45,45.32,46.08,3747.83,17134700.0,45.85,46.78,46.71750000000001,47.42,48.98,41.36,-0.69,-0.66,-0.03,杰普特,计算机、通信和其他电子设备制造业,科创板,45.63749999999993,46.50000000000001,46.87083333333334,46.65750000000003,47.73425531914892
688025,2020-12-17,45.35,45.9,46.39,44.51,45.68,7560.38,34251100.0,45.69,46.61,46.66250000000001,47.33,48.88,42.76,-0.68,-0.66,-0.02,杰普特,计算机、通信和其他电子设备制造业,科创板,45.83499999999994,46.237500000000004,46.74916666666667,46.64062500000003,47.52021276595743
688025,2020-12-18,45.72,44.52,45.83,44.01,45.9,11295.9,50461200.0,45.57,46.24,46.5225,47.15,48.74,36.81,-0.78,-0.68,-0.1,杰普特,计算机、通信和其他电子设备制造业,科创板,45.54499999999994,45.79375,46.51833333333334,46.53875000000003,47.32957446808509
688025,2020-12-21,44.08,44.82,45.0,43.86,44.52,5251.03,23414100.0,45.4,45.92,46.4335,46.93,48.57,38.8,-0.82,-0.71,-0.11,杰普特,计算机、通信和其他电子设备制造业,科创板,45.22999999999993,45.56375,46.28416666666667,46.50250000000003,47.175531914893604
688025,2020-12-22,44.82,42.63,44.82,42.62,44.82,10024.3,43767200.0,44.71,45.38,46.219500000000004,46.69,48.36,31.09,-1.03,-0.78,-0.25,杰普特,计算机、通信和其他电子设备制造业,科创板,44.46749999999993,45.052499999999995,45.82250000000001,46.27000000000003,47.01829787234042
688025,2020-12-23,42.85,41.65,42.85,40.66,42.63,13037.2,53946400.0,43.9,44.88,45.993500000000004,46.46,48.14,28.37,-1.25,-0.87,-0.38,杰普特,计算机、通信和其他电子设备制造业,科创板,43.40499999999993,44.61999999999999,45.293333333333344,45.91312500000003,46.85127659574468
688025,2020-12-24,41.65,40.84,41.75,40.64,41.65,7827.44,32201900.0,42.89,44.29,45.72800000000001,46.18,47.9,26.32,-1.48,-0.99,-0.49,杰普特,计算机、通信和其他电子设备制造业,科创板,42.48499999999993,44.01499999999999,44.69083333333334,45.51000000000003,46.662127659574466
688025,2020-12-25,40.75,41.63,41.85,40.75,40.84,5890.46,24401000.0,42.31,43.94,45.53950000000001,45.93,47.7,31.52,-1.58,-1.11,-0.47,杰普特,计算机、通信和其他电子设备制造业,科创板,41.68749999999993,43.458749999999995,44.271666666666675,45.13500000000003,46.558510638297875
688025,2020-12-28,41.63,39.78,41.63,39.25,41.63,11523.6,46520500.0,41.31,43.35,45.211000000000006,45.66,47.52,26.76,-1.78,-1.24,-0.54,杰普特,计算机、通信和其他电子设备制造业,科创板,40.97499999999993,42.72124999999999,43.693333333333335,44.610625000000034,46.42191489361703
688025,2020-12-29,39.68,39.6,41.79,39.36,39.78,16213.3,65633000.0,40.7,42.7,44.82300000000001,45.42,47.33,26.34,-1.93,-1.38,-0.55,杰普特,计算机、通信和其他电子设备制造业,科创板,40.46249999999993,41.933749999999996,43.234166666666674,44.085625000000036,46.30425531914894
688025,2020-12-30,39.75,40.87,41.25,39.01,39.6,9465.89,38259800.0,40.54,42.22,44.50200000000001,45.22,47.15,34.13,-1.93,-1.49,-0.44,杰普特,计算机、通信和其他电子设备制造业,科创板,40.46999999999993,41.4775,42.83333333333334,43.63562500000003,46.22595744680851
688025,2020-12-31,40.88,43.71,44.1,40.88,40.87,16918.6,72967000.0,41.12,42.0,44.30600000000001,45.11,47.02,47.51,-1.68,-1.53,-0.15,杰普特,计算机、通信和其他电子设备制造业,科创板,40.98999999999993,41.33875,42.635833333333345,43.45125000000004,46.172978723404256
688025,2021-01-04,43.95,44.46,44.95,43.28,43.71,11897.4,52632100.0,41.68,42.0,44.120500000000014,45.01,46.84,50.37,-1.41,-1.5,0.09,杰普特,计算机、通信和其他电子设备制造业,科创板,42.15999999999993,41.567499999999995,42.53416666666668,43.31000000000004,46.13468085106383
688025,2021-01-05,44.46,45.45,46.2,44.02,44.46,11967.5,54114900.0,42.82,42.06,43.993000000000016,44.98,46.66,53.95,-1.1,-1.42,0.32,杰普特,计算机、通信和其他电子设备制造业,科创板,43.62249999999994,42.0425,42.49666666666668,43.33125000000004,46.06489361702127
688025,2021-01-06,45.0,44.6,46.17,44.4,45.45,6708.92,30026300.0,43.82,42.26,43.81950000000002,44.9,46.47,50.58,-0.91,-1.32,0.41,杰普特,计算机、通信和其他电子设备制造业,科创板,44.554999999999936,42.5125,42.50333333333335,43.263750000000044,46.03553191489361
688025,2021-01-07,44.3,42.13,44.3,41.83,44.6,10104.9,43150700.0,44.07,42.31,43.59300000000002,44.76,46.28,42.31,-0.95,-1.25,0.3,杰普特,计算机、通信和其他电子设备制造业,科创板,44.15999999999993,42.575,42.27916666666668,43.01687500000004,45.97787234042552
688025,2021-01-08,42.12,42.51,43.36,41.0,42.13,5442.26,23092900.0,43.83,42.47,43.382500000000014,44.64,46.12,43.83,-0.93,-1.18,0.25,杰普特,计算机、通信和其他电子设备制造业,科创板,43.67249999999993,42.916250000000005,42.269166666666685,42.818750000000044,45.87680851063829
688025,2021-01-11,42.58,41.02,42.61,40.91,42.51,6791.64,28308600.0,43.14,42.41,43.17800000000001,44.5,45.97,39.44,-1.04,-1.15,0.11,杰普特,计算机、通信和其他电子设备制造业,科创板,42.56499999999993,43.09375,42.21666666666669,42.513750000000044,45.718510638297865
688025,2021-01-12,41.25,41.01,42.4,40.82,41.02,6750.39,28039900.0,42.25,42.54,42.94450000000002,44.32,45.83,39.41,-1.11,-1.15,0.04,杰普特,计算机、通信和其他电子设备制造业,科创板,41.667499999999926,43.11125,42.23083333333335,42.294375000000045,45.555106382978714
688025,2021-01-13,41.01,40.01,41.56,39.82,41.01,6395.81,25755200.0,41.34,42.58,42.64100000000001,44.07,45.66,36.56,-1.23,-1.16,-0.07,杰普特,计算机、通信和其他电子设备制造业,科创板,41.137499999999925,42.64875,42.09583333333335,41.99375000000004,45.34680851063829
688025,2021-01-14,40.33,42.7,43.38,39.68,40.01,12577.1,52970300.0,41.45,42.76,42.49200000000002,43.92,45.6,47.55,-1.09,-1.15,0.06,杰普特,计算机、通信和其他电子设备制造业,科创板,41.18499999999993,42.42875,42.33916666666669,41.998125000000044,45.16042553191488
688025,2021-01-15,43.1,43.06,43.89,42.5,42.7,8528.3,36877000.0,41.56,42.7,42.350000000000016,43.77,45.55,48.83,-0.95,-1.11,0.16,杰普特,计算机、通信和其他电子设备制造业,科创板,41.69499999999993,42.13,42.627500000000026,42.08625000000004,45.01425531914893
688025,2021-01-18,43.62,43.61,43.87,42.65,43.06,6910.0,29963400.0,42.08,42.61,42.30450000000002,43.62,45.52,50.8,-0.78,-1.04,0.26,杰普特,计算机、通信和其他电子设备制造业,科创板,42.34499999999993,42.00625,42.85583333333336,42.25937500000004,44.90808510638298
688025,2021-01-19,43.8,43.57,44.55,43.37,43.61,6495.57,28509000.0,42.59,42.42,42.24200000000002,43.47,45.51,50.64,-0.64,-0.96,0.32,杰普特,计算机、通信和其他电子设备制造业,科创板,43.23499999999993,42.18625,42.844166666666695,42.380625000000045,44.791489361702126
688025,2021-01-20,43.89,44.17,44.3,42.78,43.57,5533.36,24232400.0,43.42,42.38,42.31900000000002,43.34,45.47,52.93,-0.47,-0.86,0.39,杰普特,计算机、通信和其他电子设备制造业,科创板,43.602499999999935,42.393750000000004,42.82000000000002,42.655000000000044,44.687234042553186
688025,2021-01-21,44.3,43.25,44.3,43.2,44.17,6229.39,27162100.0,43.53,42.49,42.399000000000015,43.23,45.42,49.17,-0.42,-0.78,0.36,杰普特,计算机、通信和其他电子设备制造业,科创板,43.649999999999935,42.67250000000001,42.63666666666669,42.88312500000004,44.5868085106383
688025,2021-01-22,43.01,42.28,43.61,42.08,43.25,5350.39,22704300.0,43.38,42.47,42.47100000000002,43.08,45.32,45.5,-0.43,-0.71,0.28,杰普特,计算机、通信和其他电子设备制造业,科创板,43.31749999999994,42.83125000000001,42.44333333333336,42.97125000000004,44.49106382978723
688025,2021-01-25,42.3,41.0,42.85,40.73,42.28,5827.15,24072800.0,42.85,42.47,42.43950000000002,42.94,45.23,41.13,-0.55,-0.67,0.12,杰普特,计算机、通信和其他电子设备制造业,科创板,42.67499999999994,42.95500000000001,42.34916666666669,42.80187500000004,44.36446808510639
688025,2021-01-26,41.03,40.69,41.83,40.61,41.0,4460.48,18282900.0,42.28,42.43,42.485000000000014,42.77,45.16,40.13,-0.66,-0.67,0.01,杰普特,计算机、通信和其他电子设备制造业,科创板,41.804999999999936,42.703750000000014,42.197500000000026,42.56625000000004,44.230212765957454
688025,2021-01-27,41.25,40.95,41.25,40.05,40.69,4576.03,18603700.0,41.63,42.53,42.552500000000016,42.6,45.06,41.42,-0.72,-0.68,-0.04,杰普特,计算机、通信和其他电子设备制造业,科创板,41.22999999999993,42.44000000000001,42.1916666666667,42.28500000000004,44.09468085106383
688025,2021-01-28,40.9,40.21,41.73,40.2,40.95,4269.15,17519400.0,41.03,42.28,42.519500000000015,42.42,44.92,38.85,-0.82,-0.71,-0.11,杰普特,计算机、通信和其他电子设备制造业,科创板,40.712499999999935,42.01500000000001,42.125000000000036,42.01062500000004,43.958723404255316
688025,2021-01-29,41.0,42.85,43.56,40.82,40.21,18131.7,77274500.0,41.14,42.26,42.476500000000016,42.32,44.82,50.62,-0.68,-0.7,0.02,杰普特,计算机、通信和其他电子设备制造业,科创板,41.17499999999993,41.92500000000001,42.36166666666671,42.05562500000004,43.87234042553192
688025,2021-02-01,42.9,42.03,43.47,41.5,42.85,9462.58,39899900.0,41.35,42.1,42.35500000000001,42.24,44.69,47.56,-0.62,-0.69,0.07,杰普特,计算机、通信和其他电子设备制造业,科创板,41.509999999999934,41.657500000000006,42.305833333333375,42.02562500000004,43.78425531914894
688025,2021-02-02,41.88,42.19,43.5,41.58,42.03,9489.0,40375500.0,41.65,41.96,42.19200000000001,42.15,44.54,48.22,-0.55,-0.66,0.11,杰普特,计算机、通信和其他电子设备制造业,科创板,41.819999999999936,41.525000000000006,42.23333333333337,42.09875000000004,43.7
688025,2021-02-03,42.44,41.15,42.96,41.1,42.19,7984.85,33305800.0,41.69,41.66,42.01950000000001,42.1,44.39,44.32,-0.59,-0.65,0.06,杰普特,计算机、通信和其他电子设备制造业,科创板,42.054999999999936,41.383750000000006,42.02833333333337,42.10750000000004,43.60957446808511
688025,2021-02-04,41.13,39.79,41.53,39.11,41.15,8225.87,33022300.0,41.6,41.31,41.9025,42.04,44.25,39.8,-0.71,-0.66,-0.05,杰普特,计算机、通信和其他电子设备制造业,科创板,41.289999999999935,41.23250000000001,41.713333333333374,42.093750000000036,43.470000000000006
688025,2021-02-05,39.99,39.37,40.87,39.24,39.79,5396.59,21655800.0,40.91,41.02,41.74550000000001,41.99,44.09,38.49,-0.83,-0.69,-0.14,杰普特,计算机、通信和其他电子设备制造业,科创板,40.624999999999936,41.06750000000001,41.31333333333337,41.88562500000003,43.300000000000004
688025,2021-02-08,39.39,38.25,40.2,38.07,39.37,7750.45,30002700.0,40.15,40.75,41.607000000000006,41.88,43.91,35.17,-1.0,-0.75,-0.25,杰普特,计算机、通信和其他电子设备制造业,科创板,39.63999999999994,40.73000000000001,40.896666666666704,41.585000000000036,43.107659574468094
688025,2021-02-09,38.68,38.83,38.96,38.04,38.25,5236.25,20169400.0,39.48,40.56,41.498000000000005,41.84,43.75,38.15,-1.09,-0.82,-0.27,杰普特,计算机、通信和其他电子设备制造业,科创板,39.05999999999994,40.55750000000001,40.60916666666671,41.28625000000004,42.9204255319149
688025,2021-02-10,39.12,38.58,39.12,38.39,38.83,3552.41,13738300.0,38.96,40.33,41.42650000000001,41.81,43.62,37.35,-1.16,-0.89,-0.27,杰普特,计算机、通信和其他电子设备制造业,科创板,38.75749999999994,40.02375000000001,40.40750000000005,40.97437500000004,42.71638297872341
688025,2021-02-18,38.68,39.65,40.15,38.68,38.58,5383.42,21287300.0,38.94,40.27,41.27400000000001,41.77,43.49,42.84,-1.11,-0.93,-0.18,杰普特,计算机、通信和其他电子设备制造业,科创板,38.827499999999944,39.72625000000001,40.320833333333375,40.69187500000004,42.53872340425532
688025,2021-02-19,39.9,41.51,41.9,39.28,39.65,6524.77,26652800.0,39.36,40.14,41.1965,41.7,43.4,50.9,-0.92,-0.93,0.01,杰普特,计算机、通信和其他电子设备制造业,科创板,39.64249999999994,39.64125000000001,40.36750000000005,40.58312500000004,42.39914893617022
688025,2021-02-22,41.64,41.87,43.2,41.35,41.51,11028.5,46718000.0,40.09,40.12,41.109500000000004,41.61,43.31,52.3,-0.72,-0.89,0.17,杰普特,计算机、通信和其他电子设备制造业,科创板,40.40249999999995,39.73125000000001,40.50583333333338,40.55750000000004,42.29723404255319
688025,2021-02-23,41.75,40.96,42.32,40.68,41.87,6772.61,27822500.0,40.51,40.0,40.979,41.46,43.22,48.53,-0.64,-0.84,0.2,杰普特,计算机、通信和其他电子设备制造业,科创板,40.997499999999945,39.877500000000005,40.34833333333338,40.55500000000004,42.17468085106383
688025,2021-02-24,40.94,40.72,41.77,40.1,40.96,7602.73,31154000.0,40.94,39.95,40.80650000000001,41.33,43.11,47.56,-0.58,-0.79,0.21,杰普特,计算机、通信和其他电子设备制造业,科创板,41.264999999999944,40.04625,40.23916666666671,40.55687500000005,42.08127659574468
688025,2021-02-25,41.0,39.99,41.25,39.8,40.72,6117.53,24555600.0,41.01,39.97,40.6435,41.26,43.01,44.62,-0.59,-0.75,0.16,杰普特,计算机、通信和其他电子设备制造业,科创板,40.88499999999995,40.26375,40.05583333333338,40.496875000000045,41.96021276595745
688025,2021-02-26,39.51,40.14,40.52,39.19,39.99,5122.6,20435900.0,40.74,40.05,40.536500000000004,41.18,42.91,45.37,-0.58,-0.71,0.13,杰普特,计算机、通信和其他电子设备制造业,科创板,40.452499999999944,40.4275,39.97166666666672,40.49250000000004,41.83382978723405
688025,2021-03-01,39.53,41.28,41.8,39.53,40.14,6898.23,28225000.0,40.62,40.35,40.55050000000001,41.19,42.84,50.79,-0.46,-0.66,0.2,杰普特,计算机、通信和其他电子设备制造业,科创板,40.53249999999994,40.76500000000001,40.09583333333338,40.39437500000004,41.74021276595745
688025,2021-03-02,40.98,41.8,41.8,40.58,41.28,9383.79,38544800.0,40.79,40.65,40.60600000000001,41.22,42.77,53.08,-0.34,-0.6,0.26,杰普特,计算机、通信和其他电子设备制造业,科创板,40.802499999999945,41.03375000000001,40.29833333333338,40.38000000000004,41.65297872340425
688025,2021-03-03,41.41,41.88,41.92,41.26,41.8,6321.59,26291000.0,41.02,40.98,40.6525,41.28,42.68,53.44,-0.23,-0.52,0.29,杰普特,计算机、通信和其他电子设备制造业,科创板,41.27499999999994,41.08000000000001,40.600833333333384,40.36062500000004,41.596808510638304
688025,2021-03-04,40.81,42.4,43.3,40.81,41.88,11133.5,47565400.0,41.5,41.26,40.762,41.27,42.59,55.8,-0.1,-0.44,0.34,杰普特,计算机、通信和其他电子设备制造业,科创板,41.83999999999995,41.14625000000001,40.89833333333338,40.43875000000004,41.54531914893618
688025,2021-03-05,42.2,43.27,44.15,42.05,42.4,11577.5,50298300.0,42.13,41.43,40.783,41.27,42.52,59.51,0.09,-0.33,0.42,杰普特,计算机、通信和其他电子设备制造业,科创板,42.33749999999995,41.43500000000001,41.28916666666672,40.65625000000004,41.55893617021277
688025,2021-03-08,43.31,42.68,43.73,42.68,43.27,6040.7,26012700.0,42.41,41.51,40.8155,41.24,42.43,56.07,0.17,-0.23,0.4,杰普特,计算机、通信和其他电子设备制造业,科创板,42.55749999999995,41.68000000000001,41.54166666666672,40.86312500000004,41.58085106382979
688025,2021-03-09,42.69,41.08,42.69,40.9,42.68,11249.3,46778800.0,42.26,41.52,40.760000000000005,41.16,42.31,47.99,0.11,-0.16,0.27,杰普特,计算机、通信和其他电子设备制造业,科创板,42.357499999999945,41.816250000000004,41.50583333333339,41.04000000000004,41.585957446808514
688025,2021-03-10,41.53,41.76,41.93,40.5,41.08,6319.66,26009300.0,42.24,41.63,40.7905,41.08,42.21,51.21,0.11,-0.11,0.22,杰普特,计算机、通信和其他电子设备制造业,科创板,42.19749999999994,42.018750000000004,41.49666666666673,41.22312500000004,41.58872340425532
688025,2021-03-11,41.71,42.09,42.09,40.83,41.76,7065.6,29246900.0,42.18,41.84,40.9055,41.04,42.13,52.74,0.15,-0.06,0.21,杰普特,计算机、通信和其他电子设备制造业,科创板,41.90249999999994,42.120000000000005,41.5908333333334,41.44250000000004,41.63787234042553
688025,2021-03-12,41.47,41.25,41.94,41.19,42.09,3849.66,15970800.0,41.77,41.95,40.999500000000005,41.01,42.04,48.57,0.1,-0.03,0.13,杰普特,计算机、通信和其他电子设备制造业,科创板,41.54499999999994,42.05125,41.63500000000007,41.54250000000004,41.672978723404256
688025,2021-03-15,41.29,41.5,41.68,41.1,41.25,3292.17,13626600.0,41.54,41.97,41.162000000000006,41.02,41.98,49.84,0.08,0.0,0.08,杰普特,计算机、通信和其他电子设备制造业,科创板,41.649999999999935,42.003750000000004,41.7608333333334,41.54187500000004,41.68638297872341
688025,2021-03-16,41.5,41.29,41.67,40.91,41.5,3471.08,14328500.0,41.58,41.92,41.285000000000004,41.04,41.91,48.75,0.05,0.01,0.04,杰普特,计算机、通信和其他电子设备制造业,科创板,41.532499999999935,41.86500000000001,41.85666666666673,41.50562500000004,41.63489361702128
688025,2021-03-17,41.24,40.6,41.45,40.6,41.29,3309.46,13553600.0,41.35,41.79,41.386,41.03,41.82,45.24,-0.02,0.0,-0.02,杰普特,计算机、通信和其他电子设备制造业,科创板,41.15999999999993,41.531250000000014,41.80000000000007,41.48312500000004,41.55276595744681
688025,2021-03-18,40.63,39.41,40.63,39.2,40.6,7727.08,30611500.0,40.81,41.49,41.374,41.01,41.71,39.91,-0.18,-0.04,-0.14,杰普特,计算机、通信和其他电子设备制造业,科创板,40.69999999999993,41.12250000000001,41.6008333333334,41.40125000000003,41.42425531914894
688025,2021-03-19,39.22,39.52,39.83,39.22,39.41,3364.38,13293900.0,40.46,41.12,41.2745,40.89,41.61,40.61,-0.29,-0.09,-0.2,杰普特,计算机、通信和其他电子设备制造业,科创板,40.204999999999934,40.92750000000001,41.40416666666673,41.37187500000003,41.31617021276596
688025,2021-03-22,39.24,39.55,39.98,39.24,39.52,2502.73,9913680.0,40.07,40.8,41.1585,40.81,41.52,40.81,-0.38,-0.15,-0.23,杰普特,计算机、通信和其他电子设备制造业,科创板,39.76999999999993,40.65125000000001,41.166666666666735,41.33500000000003,41.26127659574468
688025,2021-03-23,39.67,38.54,39.82,38.43,39.55,6994.35,27201000.0,39.52,40.55,41.037499999999994,40.69,41.42,36.34,-0.52,-0.22,-0.3,杰普特,计算机、通信和其他电子设备制造业,科创板,39.25499999999993,40.20750000000001,40.772500000000065,41.16375000000003,41.176808510638296
688025,2021-03-24,38.54,38.08,38.6,38.06,38.54,5868.2,22383100.0,39.02,40.18,40.905499999999996,40.59,41.34,34.49,-0.67,-0.31,-0.36,杰普特,计算机、通信和其他电子设备制造业,科创板,38.922499999999935,39.81125000000001,40.38916666666673,40.931250000000034,41.11425531914893
688025,2021-03-25,38.2,37.01,38.2,36.85,38.08,7570.61,28277400.0,38.54,39.67,40.756499999999996,40.5,41.27,30.59,-0.85,-0.42,-0.43,杰普特,计算机、通信和其他电子设备制造业,科创板,38.29499999999993,39.25000000000001,40.050000000000075,40.626875000000034,41.02914893617021
688025,2021-03-26,37.44,36.86,37.48,36.61,37.01,5490.76,20272100.0,38.01,39.24,40.592499999999994,40.41,41.2,30.07,-1.0,-0.53,-0.47,杰普特,计算机、通信和其他电子设备制造业,科创板,37.62249999999993,38.696250000000006,39.64166666666674,40.280625000000036,40.96212765957446
688025,2021-03-29,36.86,35.77,37.55,35.7,36.86,10432.3,37907100.0,37.25,38.66,40.31699999999999,40.33,41.1,26.58,-1.19,-0.67,-0.52,杰普特,计算机、通信和其他电子设备制造业,科创板,36.929999999999936,38.0925,39.115000000000066,39.811875000000036,40.81468085106383
688025,2021-03-30,36.0,34.12,36.0,34.0,35.77,13800.2,47633300.0,36.37,37.95,39.933,40.17,41.01,22.34,-1.46,-0.82,-0.64,杰普特,计算机、通信和其他电子设备制造业,科创板,35.93999999999994,37.431250000000006,38.5208333333334,39.27687500000004,40.62446808510638
688025,2021-03-31,35.21,35.42,36.79,34.53,34.12,16860.8,59905300.0,35.84,37.43,39.61,40.07,40.94,31.59,-1.55,-0.97,-0.58,杰普特,计算机、通信和其他电子设备制造业,科创板,35.54249999999995,36.91875000000001,38.01416666666673,38.923125000000034,40.450212765957446
688025,2021-04-01,35.69,35.08,35.71,34.8,35.42,8898.84,31261400.0,35.45,36.99,39.244,39.91,40.84,30.56,-1.63,-1.1,-0.53,杰普特,计算机、通信和其他电子设备制造业,科创板,35.09749999999994,36.36000000000001,37.496666666666734,38.50562500000004,40.2695744680851
688025,2021-04-02,35.18,35.93,36.19,35.07,35.08,9627.87,34373300.0,35.26,36.64,38.876999999999995,39.73,40.71,36.14,-1.61,-1.2,-0.41,杰普特,计算机、通信和其他电子设备制造业,科创板,35.13749999999994,36.033750000000005,37.107500000000066,38.12062500000003,40.094255319148935
688025,2021-04-06,36.49,37.11,37.75,36.09,35.93,14247.4,52621200.0,35.53,36.39,38.5985,39.57,40.59,42.99,-1.47,-1.26,-0.21,杰普特,计算机、通信和其他电子设备制造业,科创板,35.884999999999934,35.91250000000001,36.9158333333334,37.86187500000003,39.96361702127659
688025,2021-04-07,37.45,36.77,37.45,36.68,37.11,11557.9,42634000.0,36.06,36.22,38.382999999999996,39.43,40.45,41.61,-1.39,-1.28,-0.11,杰普特,计算机、通信和其他电子设备制造业,科创板,36.22249999999994,35.88250000000001,36.68666666666673,37.56625000000003,39.8463829787234
688025,2021-04-08,36.77,36.08,36.98,36.0,36.77,7526.76,27515200.0,36.19,36.02,38.099000000000004,39.28,40.3,38.87,-1.35,-1.3,-0.05,杰普特,计算机、通信和其他电子设备制造业,科创板,36.47249999999994,35.785000000000004,36.397500000000065,37.24062500000004,39.741702127659565
688025,2021-04-09,36.3,36.37,36.69,36.02,36.08,4721.43,17197600.0,36.45,35.95,37.813,39.15,40.21,40.64,-1.29,-1.3,0.01,杰普特,计算机、通信和其他电子设备制造业,科创板,36.58249999999994,35.86000000000001,36.21666666666673,36.976250000000036,39.64978723404254
688025,2021-04-12,36.62,35.7,36.62,35.55,36.37,6482.31,23289400.0,36.41,35.83,37.5355,39.01,40.09,37.91,-1.27,-1.29,0.02,杰普特,计算机、通信和其他电子设备制造业,科创板,36.22999999999993,36.057500000000005,36.018333333333395,36.74437500000004,39.538085106382965
688025,2021-04-13,35.99,35.5,35.99,35.39,35.7,3961.59,14120700.0,36.08,35.81,37.2355,38.81,40.0,37.11,-1.27,-1.29,0.02,杰普特,计算机、通信和其他电子设备制造业,科创板,35.91249999999993,36.0675,35.89250000000006,36.49312500000004,39.43787234042552
688025,2021-04-14,35.9,36.03,36.19,35.37,35.5,5138.46,18317200.0,35.94,36.0,36.972500000000004,38.62,39.92,40.68,-1.21,-1.27,0.06,杰普特,计算机、通信和其他电子设备制造业,科创板,35.899999999999935,36.18625000000001,35.8233333333334,36.27312500000004,39.2927659574468
688025,2021-04-15,35.56,35.99,36.2,35.56,36.03,3591.14,12876200.0,35.92,36.06,36.742000000000004,38.43,39.85,40.5,-1.15,-1.25,0.1,杰普特,计算机、通信和其他电子设备制造业,科创板,35.804999999999936,36.19375000000001,35.84166666666673,36.113750000000046,39.16425531914893
688025,2021-04-16,36.04,36.9,36.91,35.9,35.99,6496.24,23752100.0,36.02,36.24,36.6165,38.24,39.75,46.52,-1.01,-1.2,0.19,杰普特,计算机、通信和其他电子设备制造业,科创板,36.10499999999993,36.167500000000004,36.0733333333334,36.04000000000004,39.05170212765957
688025,2021-04-19,36.81,38.32,38.88,36.81,36.9,12183.5,46475500.0,36.55,36.48,36.55650000000001,38.08,39.68,54.3,-0.79,-1.12,0.33,杰普特,计算机、通信和其他电子设备制造业,科创板,36.80999999999993,36.361250000000005,36.31500000000006,36.121875000000045,38.991489361702115
688025,2021-04-20,37.82,37.44,38.1,37.4,38.32,11203.0,42255200.0,36.94,36.51,36.45100000000001,37.9,39.57,49.49,-0.66,-1.03,0.37,杰普特,计算机、通信和其他电子设备制造业,科创板,37.16249999999993,36.53125000000001,36.511666666666734,36.15812500000005,38.94148936170212
688025,2021-04-21,37.21,37.18,37.68,37.0,37.44,5901.65,22009700.0,37.17,36.55,36.38300000000001,37.77,39.47,48.14,-0.59,-0.94,0.35,杰普特,计算机、通信和其他电子设备制造业,科创板,37.45999999999993,36.63250000000001,36.6158333333334,36.246250000000046,38.89489361702127
688025,2021-04-22,37.22,37.18,37.56,36.88,37.18,6369.04,23686500.0,37.4,36.66,36.33800000000001,37.62,39.35,48.14,-0.52,-0.86,0.34,杰普特,计算机、通信和其他电子设备制造业,科创板,37.52999999999993,36.81750000000001,36.621666666666734,36.43750000000004,38.87212765957447
688025,2021-04-23,36.98,37.2,37.61,36.3,37.18,5768.05,21376400.0,37.46,36.74,36.34750000000001,37.46,39.25,48.27,-0.45,-0.77,0.32,杰普特,计算机、通信和其他电子设备制造业,科创板,37.24999999999993,37.03000000000001,36.65750000000006,36.54875000000005,38.837446808510634
688025,2021-04-26,37.28,37.5,37.9,37.02,37.2,7017.49,26400200.0,37.3,36.92,36.37950000000001,37.33,39.17,50.22,-0.38,-0.7,0.32,杰普特,计算机、通信和其他电子设备制造业,科创板,37.26499999999993,37.213750000000005,36.7758333333334,36.700000000000045,38.814468085106384
688025,2021-04-27,37.4,36.91,37.45,36.5,37.5,5680.22,20937000.0,37.19,37.06,36.43650000000001,37.18,39.1,46.5,-0.36,-0.63,0.27,杰普特,计算机、通信和其他电子设备制造业,科创板,37.19749999999993,37.32875,36.820833333333404,36.76125000000005,38.75617021276596
688025,2021-04-28,37.18,36.4,37.18,36.07,36.91,6877.82,25013200.0,37.04,37.1,36.55050000000001,37.02,39.03,43.49,-0.39,-0.58,0.19,杰普特,计算机、通信和其他电子设备制造业,科创板,37.00249999999993,37.26625,36.879166666666734,36.716875000000044,38.64744680851064
688025,2021-04-29,36.46,37.4,38.05,36.1,36.4,10844.0,40645300.0,37.08,37.24,36.6495,36.91,38.97,50.28,-0.32,-0.53,0.21,杰普特,计算机、通信和其他电子设备制造业,科创板,37.052499999999924,37.15125,37.037500000000065,36.756250000000044,38.55234042553192
688025,2021-04-30,37.25,37.33,37.95,37.12,37.4,8415.77,31561000.0,37.11,37.29,36.76200000000001,36.84,38.92,49.83,-0.27,-0.48,0.21,杰普特,计算机、通信和其他电子设备制造业,科创板,37.00999999999992,37.137499999999996,37.1458333333334,36.834375000000044,38.47510638297873
688025,2021-05-06,37.44,38.59,39.6,37.44,37.33,13713.0,52978400.0,37.33,37.31,36.89500000000001,36.81,38.85,57.26,-0.12,-0.41,0.29,杰普特,计算机、通信和其他电子设备制造业,科创板,37.42999999999992,37.31374999999999,37.36250000000007,36.973125000000046,38.42978723404256
688025,2021-05-07,38.45,37.58,38.78,37.5,38.59,10758.6,40963800.0,37.46,37.33,36.91850000000001,36.74,38.78,50.77,-0.09,-0.34,0.25,杰普特,计算机、通信和其他电子设备制造业,科创板,37.724999999999916,37.36374999999999,37.41916666666673,37.090625000000045,38.37851063829787
688025,2021-05-10,37.52,37.3,37.89,37.12,37.58,6872.76,25718800.0,37.64,37.34,36.94500000000001,36.7,38.7,49.1,-0.09,-0.29,0.2,杰普特,计算机、通信和其他电子设备制造业,科创板,37.69999999999991,37.37624999999999,37.33416666666674,37.20312500000004,38.31808510638297
688025,2021-05-11,37.18,37.05,37.34,36.43,37.3,6775.05,24974800.0,37.57,37.33,36.993500000000004,36.67,38.63,47.61,-0.11,-0.26,0.15,杰普特,计算机、通信和其他电子设备制造业,科创板,37.62999999999991,37.31999999999999,37.30166666666674,37.26687500000004,38.22808510638298
688025,2021-05-12,36.75,37.07,37.19,36.71,37.05,7155.97,26474100.0,37.52,37.31,37.02850000000001,36.67,38.58,47.74,-0.11,-0.23,0.12,杰普特,计算机、通信和其他电子设备制造业,科创板,37.24999999999991,37.33999999999999,37.29250000000007,37.334375000000044,38.12744680851063
688025,2021-05-13,36.72,37.24,37.85,36.61,37.07,11604.4,43319300.0,37.25,37.29,37.105500000000006,36.68,38.55,48.97,-0.11,-0.2,0.09,杰普特,计算机、通信和其他电子设备制造业,科创板,37.16499999999991,37.44499999999999,37.29750000000007,37.355625000000046,38.02872340425531
688025,2021-05-14,37.04,37.74,37.88,37.04,37.24,10551.4,39633400.0,37.28,37.37,37.21750000000001,36.75,38.54,52.5,-0.06,-0.17,0.11,杰普特,计算机、通信和其他电子设备制造业,科创板,37.274999999999906,37.4875,37.34250000000007,37.31937500000004,37.9295744680851
688025,2021-05-17,37.74,37.5,37.91,37.35,37.74,8681.55,32620900.0,37.32,37.48,37.29100000000001,36.86,38.52,50.68,-0.04,-0.15,0.11,杰普特,计算机、通信和其他电子设备制造业,科创板,37.3874999999999,37.50875,37.34250000000007,37.32312500000005,37.80680851063829
688025,2021-05-18,37.51,38.41,38.45,37.4,37.5,13407.2,50896400.0,37.59,37.58,37.412000000000006,36.96,38.51,56.77,0.04,-0.11,0.15,杰普特,计算机、通信和其他电子设备制造业,科创板,37.722499999999904,37.48625,37.46750000000008,37.40000000000005,37.7159574468085
688025,2021-05-19,38.34,38.8,38.8,37.71,38.41,9906.75,38010200.0,37.94,37.73,37.507000000000005,37.08,38.5,59.11,0.14,-0.06,0.2,杰普特,计算机、通信和其他电子设备制造业,科创板,38.1124999999999,37.63875,37.66750000000008,37.50125000000005,37.66744680851063
688025,2021-05-20,39.0,39.37,40.26,38.4,38.8,22109.8,87463500.0,38.36,37.81,37.5595,37.2,38.46,62.3,0.27,0.01,0.26,杰普特,计算机、通信和其他电子设备制造业,科创板,38.5199999999999,37.8975,37.83166666666675,37.636875000000046,37.61659574468084
688025,2021-05-21,39.43,40.5,41.17,39.16,39.37,26361.7,106130000.0,38.92,38.1,37.7125,37.31,38.44,67.7,0.45,0.09,0.36,杰普特,计算机、通信和其他电子设备制造业,科创板,39.2699999999999,38.32875,38.09583333333342,37.824375000000046,37.5827659574468
688025,2021-05-24,39.97,40.76,41.1,39.92,40.5,16660.6,67619000.0,39.57,38.44,37.8915,37.44,38.44,68.81,0.61,0.2,0.41,杰普特,计算机、通信和其他电子设备制造业,科创板,39.857499999999895,38.79,38.27666666666675,38.06500000000005,37.572340425531905
688025,2021-05-25,40.94,43.19,43.36,40.3,40.76,27524.3,115900000.0,40.52,39.06,38.192,37.68,38.48,76.8,0.92,0.34,0.58,杰普特,计算机、通信和其他电子设备制造业,科创板,40.9549999999999,39.53375,38.74416666666675,38.489375000000045,37.60829787234042
688025,2021-05-26,43.3,42.26,44.48,42.18,43.19,30702.6,133202000.0,41.22,39.58,38.445,37.88,38.52,69.46,1.08,0.49,0.59,杰普特,计算机、通信和其他电子设备制造业,科创板,41.677499999999895,40.098749999999995,39.15750000000008,38.793125000000046,37.62893617021276
688025,2021-05-27,42.19,44.51,44.83,41.88,42.26,27916.3,121703000.0,42.24,40.3,38.7955,38.17,38.59,75.55,1.37,0.67,0.7,杰普特,计算机、通信和其他电子设备制造业,科创板,42.67999999999989,40.974999999999994,39.77916666666675,39.24187500000004,37.71212765957446
688025,2021-05-28,44.66,43.54,44.92,43.14,44.51,16809.0,73454100.0,42.85,40.88,39.126999999999995,38.44,38.63,69.15,1.51,0.83,0.68,杰普特,计算机、通信和其他电子设备制造业,科创板,43.37499999999989,41.616249999999994,40.31833333333342,39.55125000000004,37.79999999999999
688025,2021-05-31,43.55,44.04,45.33,42.76,43.54,20534.3,90521500.0,43.51,41.54,39.509,38.71,38.66,70.54,1.64,1.0,0.64,杰普特,计算机、通信和其他电子设备制造业,科创板,43.58749999999989,42.271249999999995,40.88500000000008,39.955000000000034,37.89617021276595
688025,2021-06-01,43.96,45.13,46.38,43.8,44.04,18410.5,82695200.0,43.9,42.21,39.8955,39.01,38.72,73.35,1.8,1.16,0.64,杰普特,计算机、通信和其他电子设备制造业,科创板,44.30499999999989,42.991249999999994,41.50083333333342,40.444375000000036,38.01489361702127
688025,2021-06-02,45.2,43.8,45.37,43.5,45.13,15914.7,70302600.0,44.2,42.71,40.218999999999994,39.24,38.74,65.18,1.81,1.29,0.52,杰普特,计算机、通信和其他电子设备制造业,科创板,44.1274999999999,43.403749999999995,42.025833333333416,40.866250000000036,38.12680851063829
688025,2021-06-03,43.73,42.9,44.78,42.61,43.8,15455.3,67478100.0,43.88,43.06,40.43449999999999,39.39,38.74,60.28,1.72,1.37,0.35,杰普特,计算机、通信和其他电子设备制造业,科创板,43.9674999999999,43.67124999999999,42.400000000000084,41.23062500000003,38.22936170212766
688025,2021-06-04,42.63,42.6,43.55,42.5,42.9,8638.35,37005900.0,43.69,43.27,40.68549999999999,39.57,38.73,58.7,1.61,1.42,0.19,杰普特,计算机、通信和其他电子设备制造业,科创板,43.6074999999999,43.5975,42.716666666666754,41.56562500000003,38.348297872340424
688025,2021-06-07,42.8,42.66,44.0,42.15,42.6,10508.0,45223400.0,43.42,43.46,40.95349999999999,39.75,38.76,58.93,1.51,1.44,0.07,杰普特,计算机、通信和其他电子设备制造业,科创板,42.9899999999999,43.647499999999994,42.99083333333342,41.87312500000003,38.471702127659576
688025,2021-06-08,42.35,41.65,42.66,41.3,42.66,12379.0,51608400.0,42.72,43.31,41.183499999999995,39.9,38.76,53.49,1.34,1.42,-0.08,杰普特,计算机、通信和其他电子设备制造业,科创板,42.4524999999999,43.28999999999999,43.08666666666675,42.13250000000003,38.596808510638304
688025,2021-06-09,41.15,41.6,41.8,40.7,41.65,6845.94,28275500.0,42.28,43.24,41.40999999999999,40.04,38.75,53.22,1.17,1.37,-0.2,杰普特,计算机、通信和其他电子设备制造业,科创板,42.1274999999999,43.04749999999999,43.15666666666675,42.33187500000003,38.755957446808516
688025,2021-06-10,41.7,44.1,45.2,41.1,41.6,19763.3,85405400.0,42.52,43.2,41.75299999999999,40.26,38.8,63.0,1.24,1.34,-0.1,杰普特,计算机、通信和其他电子设备制造业,科创板,42.5024999999999,43.05499999999999,43.232500000000094,42.663125000000036,38.94063829787234
688025,2021-06-11,44.17,42.1,44.53,42.0,44.1,11414.6,49023300.0,42.42,43.06,41.97099999999999,40.44,38.81,53.39,1.11,1.3,-0.19,杰普特,计算机、通信和其他电子设备制造业,科创板,42.3624999999999,42.676249999999996,43.21916666666676,42.83375000000004,39.09
688025,2021-06-15,42.38,42.05,43.1,41.39,42.1,9264.68,38912600.0,42.3,42.86,42.19849999999999,40.63,38.82,53.17,0.99,1.24,-0.25,杰普特,计算机、通信和其他电子设备制造业,科创板,42.4624999999999,42.457499999999996,43.01416666666676,42.930625000000035,39.22021276595744
688025,2021-06-16,42.45,39.82,42.71,39.57,42.05,17430.4,70922000.0,41.93,42.33,42.26899999999999,40.71,38.81,44.44,0.72,1.13,-0.41,杰普特,计算机、通信和其他电子设备制造业,科创板,42.0174999999999,42.0725,42.704166666666765,42.87187500000004,39.27787234042553
688025,2021-06-17,39.82,40.67,40.96,39.33,39.82,11264.7,45264900.0,41.75,42.02,42.3625,40.82,38.83,47.95,0.56,1.02,-0.46,杰普特,计算机、通信和其他电子设备制造业,科创板,41.159999999999904,41.83125,42.423333333333424,42.71437500000003,39.36085106382979
688025,2021-06-18,40.5,41.9,42.19,40.25,40.67,12835.3,53207100.0,41.31,41.92,42.48899999999999,40.93,38.87,52.61,0.53,0.92,-0.39,杰普特,计算机、通信和其他电子设备制造业,科创板,41.10999999999991,41.73625,42.15416666666676,42.69187500000003,39.484680851063835
688025,2021-06-21,41.89,43.83,44.49,41.8,41.9,16015.5,69927300.0,41.65,42.04,42.655499999999996,41.14,38.94,58.84,0.65,0.87,-0.22,杰普特,计算机、通信和其他电子设备制造业,科创板,41.55499999999991,42.00875,42.156666666666766,42.649375000000035,39.643404255319155
688025,2021-06-22,44.2,45.51,46.48,43.49,43.83,23400.8,106362000.0,42.35,42.32,42.892999999999994,41.41,39.06,63.36,0.87,0.87,0.0,杰普特,计算机、通信和其他电子设备制造业,科创板,42.97749999999991,42.497499999999995,42.374166666666774,42.772500000000036,39.85212765957447
688025,2021-06-23,46.02,46.0,46.6,45.03,45.51,12805.8,58615000.0,43.58,42.76,43.03349999999999,41.71,39.19,64.58,1.08,0.91,0.17,杰普特,计算机、通信和其他电子设备制造业,科创板,44.3099999999999,42.73499999999999,42.657500000000105,42.89500000000004,40.075531914893624
688025,2021-06-24,45.42,46.29,46.69,44.76,46.0,15118.2,69463800.0,44.71,43.23,43.23499999999999,42.02,39.34,65.31,1.24,0.98,0.26,杰普特,计算机、通信和其他电子设备制造业,科创板,45.4074999999999,43.25874999999999,42.9600000000001,42.96750000000004,40.293829787234046
688025,2021-06-25,46.16,45.1,46.5,44.01,46.29,12277.4,55201100.0,45.35,43.33,43.26449999999999,42.28,39.48,59.82,1.26,1.03,0.23,杰普特,计算机、通信和其他电子设备制造业,科创板,45.724999999999895,43.63999999999999,43.24750000000011,43.04875000000004,40.48765957446809
688025,2021-06-28,44.91,45.96,46.58,44.48,45.1,12503.1,57248200.0,45.77,43.71,43.38549999999999,42.55,39.65,62.29,1.34,1.09,0.25,杰普特,计算机、通信和其他电子设备制造业,科创板,45.8374999999999,44.40749999999999,43.61083333333344,43.240000000000045,40.68042553191489
688025,2021-06-29,45.74,44.7,46.1,44.45,45.96,8472.56,38115500.0,45.61,43.98,43.4185,42.79,39.83,56.78,1.29,1.13,0.16,杰普特,计算机、通信和其他电子设备制造业,科创板,45.5124999999999,44.91124999999999,43.66083333333344,43.371250000000046,40.81617021276596
688025,2021-06-30,44.06,47.11,47.7,44.06,44.7,16282.2,75759500.0,45.83,44.71,43.5175,43.08,40.02,63.44,1.41,1.19,0.22,杰普特,计算机、通信和其他电子设备制造业,科创板,45.71749999999991,45.56249999999999,44.07833333333344,43.64937500000005,41.02191489361702
688025,2021-07-01,46.92,45.6,47.45,45.21,47.11,14444.5,67048900.0,45.69,45.2,43.6075,43.31,40.2,57.47,1.38,1.23,0.15,杰普特,计算机、通信和其他电子设备制造业,科创板,45.84249999999991,45.78375,44.37416666666678,43.89625000000005,41.20106382978723
688025,2021-07-02,45.88,44.28,46.35,43.6,45.6,13758.5,61783300.0,45.53,45.44,43.676500000000004,43.47,40.34,52.79,1.23,1.23,0.0,杰普特,计算机、通信和其他电子设备制造业,科创板,45.42249999999991,45.629999999999995,44.745833333333444,44.06375000000005,41.352127659574464
688025,2021-07-05,44.6,45.03,45.28,43.7,44.28,11214.6,50010900.0,45.34,45.56,43.798,43.62,40.47,55.03,1.17,1.22,-0.05,杰普特,计算机、通信和其他电子设备制造业,科创板,45.50499999999991,45.50874999999999,45.10916666666677,44.121875000000045,41.51872340425531
688025,2021-07-06,45.17,44.5,46.3,43.86,45.03,11673.0,52441900.0,45.3,45.46,43.89,43.75,40.6,53.11,1.05,1.18,-0.13,杰普特,计算机、通信和其他电子设备制造业,科创板,44.85249999999991,45.28499999999999,45.32583333333344,44.271875000000044,41.667659574468075
688025,2021-07-07,44.49,45.25,45.55,43.82,44.5,9840.46,44125800.0,44.93,45.38,44.07000000000001,43.82,40.75,55.47,1.02,1.15,-0.13,杰普特,计算机、通信和其他电子设备制造业,科创板,44.76499999999991,45.30374999999999,45.444166666666774,44.47187500000005,41.84510638297871
688025,2021-07-08,44.75,46.85,47.36,44.52,45.25,15535.8,71886400.0,45.18,45.44,44.3325,43.97,40.92,60.1,1.1,1.14,-0.04,杰普特,计算机、通信和其他电子设备制造业,科创板,45.40749999999991,45.41499999999999,45.555833333333446,44.911250000000045,42.067446808510624
688025,2021-07-09,46.66,45.83,46.85,45.52,46.85,17714.6,81653400.0,45.49,45.51,44.419000000000004,44.01,41.09,56.1,1.08,1.13,-0.05,杰普特,计算机、通信和其他电子设备制造业,科创板,45.60749999999991,45.55624999999999,45.54166666666678,45.23375000000005,42.24680851063828
688025,2021-07-12,46.06,48.18,48.25,45.83,45.83,23945.2,113198000.0,46.12,45.73,44.723,44.17,41.3,62.32,1.23,1.15,0.08,杰普特,计算机、通信和其他电子设备制造业,科创板,46.52749999999991,45.68999999999999,45.69916666666678,45.62625000000005,42.47765957446807
688025,2021-07-13,48.22,49.3,51.38,47.7,48.18,31046.1,154512000.0,47.08,46.19,45.0855,44.34,41.52,64.88,1.43,1.2,0.23,杰普特,计算机、通信和其他电子设备制造业,科创板,47.53999999999991,46.15249999999999,46.04916666666677,45.96812500000004,42.705531914893605
688025,2021-07-14,48.6,47.63,49.65,47.49,49.3,17550.4,85255300.0,47.56,46.24,45.476,44.43,41.72,58.51,1.43,1.25,0.18,杰普特,计算机、通信和其他电子设备制造业,科创板,47.73499999999991,46.57124999999999,46.18833333333344,46.10062500000004,42.91936170212765
688025,2021-07-15,47.59,47.0,47.98,46.0,47.63,14983.5,70447800.0,47.59,46.38,45.792500000000004,44.53,41.89,56.26,1.37,1.27,0.1,杰普特,计算机、通信和其他电子设备制造业,科创板,48.027499999999904,46.817499999999995,46.3800000000001,46.16312500000004,43.12574468085106
688025,2021-07-16,47.13,46.14,47.86,45.96,47.0,14300.0,66817600.0,47.65,46.57,46.0045,44.64,42.02,53.26,1.23,1.27,-0.04,杰普特,计算机、通信和其他电子设备制造业,科创板,47.5174999999999,47.022499999999994,46.299166666666764,46.153750000000045,43.31914893617021
688025,2021-07-19,46.01,44.8,46.05,44.56,46.14,12224.6,55034500.0,46.97,46.55,46.053,44.71,42.14,48.88,1.0,1.21,-0.21,杰普特,计算机、通信和其他电子设备制造业,科创板,46.3924999999999,46.966249999999995,46.232500000000094,46.13500000000004,43.483617021276594
688025,2021-07-20,44.51,44.6,45.09,43.72,44.8,10618.0,47044400.0,46.03,46.56,46.0075,44.78,42.26,48.24,0.8,1.13,-0.33,杰普特,计算机、通信和其他电子设备制造业,科创板,45.6349999999999,46.684999999999995,46.259166666666765,46.05000000000004,43.64021276595745
688025,2021-07-21,44.77,46.02,46.44,44.37,44.6,12137.5,55703500.0,45.71,46.64,46.0085,44.92,42.41,52.93,0.75,1.05,-0.3,杰普特,计算机、通信和其他电子设备制造业,科创板,45.3899999999999,46.708749999999995,46.34166666666676,46.132500000000036,43.81638297872341
688025,2021-07-22,45.98,47.91,48.55,45.45,46.02,17438.8,82466200.0,45.89,46.74,46.0895,45.14,42.59,58.35,0.85,1.01,-0.16,杰普特,计算机、通信和其他电子设备制造业,科创板,45.8324999999999,46.67499999999999,46.625833333333425,46.18250000000003,44.03787234042554
688025,2021-07-23,48.44,48.2,48.58,46.32,47.91,19146.4,90866600.0,46.31,46.98,46.2445,45.27,42.77,59.13,0.93,1.0,-0.07,杰普特,计算机、通信和其他电子设备制造业,科创板,46.68249999999989,46.53749999999999,46.87166666666676,46.345000000000034,44.24617021276596
688025,2021-07-26,47.99,48.23,48.88,46.5,48.2,17111.7,81860900.0,46.99,46.98,46.358,45.48,42.96,59.21,1.0,1.0,0.0,杰普特,计算机、通信和其他电子设备制造业,科创板,47.58999999999989,46.61249999999999,46.986666666666764,46.59187500000004,44.4468085106383
688025,2021-07-27,48.2,48.18,50.99,47.9,48.23,26434.7,131077000.0,47.71,46.87,46.532,45.68,43.15,58.99,1.04,1.01,0.03,杰普特,计算机、通信和其他电子设备制造业,科创板,48.12999999999989,46.75999999999999,47.18250000000009,46.788750000000036,44.634255319148934
688025,2021-07-28,47.35,47.6,50.66,47.28,48.18,33002.4,161961000.0,48.02,46.87,46.55649999999999,45.94,43.32,56.38,1.0,1.0,0.0,杰普特,计算机、通信和其他电子设备制造业,科创板,48.05249999999989,46.942499999999995,47.134166666666765,46.98250000000004,44.78531914893617
688025,2021-07-29,48.45,53.46,54.45,48.45,47.6,40149.3,210336000.0,49.13,47.51,46.94949999999999,46.37,43.59,70.56,1.44,1.09,0.35,杰普特,计算机、通信和其他电子设备制造业,科创板,49.36749999999989,48.02499999999999,47.480833333333436,47.49562500000004,45.05553191489361
688025,2021-07-30,52.68,54.35,55.2,52.66,53.46,26923.4,145460000.0,50.36,48.34,47.452999999999996,46.78,43.85,72.05,1.83,1.24,0.59,杰普特,计算机、通信和其他电子设备制造业,科创板,50.897499999999894,49.24374999999999,48.04083333333344,47.96437500000004,45.29297872340425
688025,2021-08-02,56.64,65.15,65.22,56.5,54.35,74781.8,475361000.0,53.75,50.37,48.458999999999996,47.49,44.31,83.16,2.98,1.59,1.39,杰普特,计算机、通信和其他电子设备制造业,科创板,55.13999999999989,51.63499999999999,49.553333333333434,49.171875000000036,45.77999999999999
688025,2021-08-03,63.0,62.1,63.71,58.88,65.15,71900.1,443457000.0,56.53,52.12,49.339,48.04,44.73,74.19,3.6,1.99,1.61,杰普特,计算机、通信和其他电子设备制造业,科创板,58.764999999999894,53.40875,50.88333333333344,50.04187500000004,46.154255319148916
688025,2021-08-04,61.0,71.02,72.0,60.53,62.1,64977.9,431908000.0,61.22,54.62,50.6275,48.88,45.29,80.73,4.76,2.54,2.22,杰普特,计算机、通信和其他电子设备制造业,科创板,63.154999999999895,56.26125,53.06833333333344,51.39937500000004,46.738936170212746
688025,2021-08-05,73.66,70.7,73.66,67.5,71.02,31404.0,220670000.0,64.66,56.9,51.82000000000001,49.69,45.85,79.95,5.58,3.15,2.43,杰普特,计算机、通信和其他电子设备制造业,科创板,67.2424999999999,59.06999999999999,55.243333333333446,52.841250000000045,47.306170212765934
688025,2021-08-06,73.0,68.0,73.19,66.0,70.7,28090.3,190994000.0,67.39,58.88,52.92850000000001,50.46,46.37,73.47,5.95,3.71,2.24,杰普特,计算机、通信和其他电子设备制造业,科创板,67.9549999999999,61.54749999999999,57.07500000000011,54.153750000000045,47.79276595744678
688025,2021-08-09,68.98,68.27,69.69,65.0,68.0,26959.3,182942000.0,68.02,60.88,53.93300000000001,51.2,46.88,73.7,6.19,4.21,1.98,杰普特,计算机、通信和其他电子设备制造业,科创板,69.49749999999989,64.13125,58.77166666666678,55.536875000000045,48.31340425531912
688025,2021-08-10,69.47,70.39,75.75,68.45,68.27,32819.4,234513000.0,69.68,63.1,54.98750000000001,52.06,47.42,75.5,6.49,4.66,1.83,杰普特,计算机、通信和其他电子设备制造业,科创板,69.33999999999989,66.24749999999999,60.620833333333444,57.13625000000005,48.89829787234039
688025,2021-08-11,70.2,70.3,71.5,67.04,70.39,15449.9,106881000.0,69.53,65.37,56.121,52.83,47.96,75.26,6.63,5.06,1.57,杰普特,计算机、通信和其他电子设备制造业,科创板,69.2399999999999,68.24124999999998,62.4600000000001,58.74250000000004,49.487659574468054
688025,2021-08-12,69.84,76.0,77.76,68.16,70.3,26911.6,196412000.0,70.59,67.63,57.571000000000005,53.84,48.58,79.59,7.12,5.47,1.65,杰普特,计算机、通信和其他电子设备制造业,科创板,71.2399999999999,69.59749999999998,64.77833333333344,60.61625000000004,50.19702127659572
688025,2021-08-13,77.77,72.9,77.89,72.33,76.0,23444.7,174974000.0,71.57,69.48,58.909000000000006,54.8,49.13,72.19,7.18,5.81,1.37,杰普特,计算机、通信和其他电子设备制造业,科创板,72.3974999999999,70.94749999999998,66.88666666666677,62.178125000000044,50.861914893617
688025,2021-08-16,72.0,70.32,73.54,69.26,72.9,19814.0,139777000.0,71.98,70.0,60.185,55.64,49.63,66.65,6.94,6.04,0.9,杰普特,计算机、通信和其他电子设备制造业,科创板,72.3799999999999,70.85999999999999,68.29166666666676,63.560625000000044,51.47297872340424
688025,2021-08-17,68.81,65.4,70.5,64.45,70.32,23531.6,157795000.0,70.98,70.33,61.22500000000001,56.34,50.04,57.56,6.27,6.08,0.19,杰普特,计算机、通信和其他电子设备制造业,科创板,71.1549999999999,70.19749999999998,69.21250000000009,64.63375000000005,51.92617021276594
688025,2021-08-18,66.55,63.08,66.89,62.07,65.4,23783.8,151719000.0,69.54,69.54,62.07800000000001,56.93,50.37,53.84,5.51,5.97,-0.46,杰普特,计算机、通信和其他电子设备制造业,科创板,67.9249999999999,69.58249999999998,69.04000000000009,65.56500000000004,52.372553191489345
688025,2021-08-19,63.78,63.8,65.49,62.35,63.08,15121.4,96847800.0,67.1,68.85,62.8725,57.5,50.73,54.81,4.89,5.75,-0.86,杰普特,计算机、通信和其他电子设备制造业,科创板,65.64999999999989,69.02374999999998,69.18166666666676,66.57750000000004,52.83531914893616
688025,2021-08-20,64.61,61.51,64.89,60.21,63.8,14691.7,90607300.0,64.82,68.2,63.538,58.02,51.02,51.11,4.18,5.44,-1.26,杰普特,计算机、通信和其他电子设备制造业,科创板,63.44749999999989,67.91374999999998,68.38916666666675,67.08062500000004,53.296808510638286
688025,2021-08-23,61.37,65.8,66.93,61.37,61.51,14552.5,94672800.0,63.92,67.95,64.4165,58.61,51.39,56.98,3.9,5.13,-1.23,杰普特,计算机、通信和其他电子设备制造业,科创板,63.54749999999989,67.35124999999998,67.98083333333342,67.79625000000004,53.83148936170212
688025,2021-08-24,65.8,66.6,67.0,64.5,65.8,13513.4,89124900.0,64.16,67.57,65.33749999999999,59.18,51.76,57.99,3.71,4.85,-1.14,杰普特,计算机、通信和其他电子设备制造业,科创板,64.4274999999999,66.17624999999998,67.86416666666675,67.88687500000003,54.35702127659573
688025,2021-08-25,64.69,62.26,65.06,60.33,66.6,30664.4,190146000.0,63.99,66.77,66.0705,59.67,52.05,50.98,3.18,4.51,-1.33,杰普特,计算机、通信和其他电子设备制造业,科创板,64.04249999999989,64.84624999999998,67.36333333333341,67.89687500000004,54.7491489361702
688025,2021-08-26,61.67,58.86,62.41,58.66,62.26,23654.4,141484000.0,63.01,65.05,66.34049999999999,60.06,52.3,46.26,2.45,4.1,-1.65,杰普特,计算机、通信和其他电子设备制造业,科创板,63.379999999999896,63.413749999999986,66.40250000000009,67.13687500000003,55.03319148936169
688025,2021-08-27,58.77,57.66,60.13,57.58,58.86,15456.4,90335500.0,62.24,63.53,66.506,60.45,52.55,44.69,1.76,3.63,-1.87,杰普特,计算机、通信和其他电子设备制造业,科创板,61.3449999999999,62.44624999999999,65.34916666666676,66.32187500000003,55.281276595744664
688025,2021-08-30,58.48,59.3,62.68,57.79,57.66,21217.8,128336000.0,60.94,62.43,66.21349999999998,60.93,52.82,47.32,1.32,3.17,-1.85,杰普特,计算机、通信和其他电子设备制造业,科创板,59.519999999999904,61.97374999999999,63.95750000000009,65.77812500000003,55.55808510638297
688025,2021-08-31,59.63,56.0,60.33,55.95,59.3,19981.3,114082000.0,58.82,61.49,65.90849999999999,61.31,53.05,42.89,0.7,2.68,-1.98,杰普特,计算机、通信和其他电子设备制造业,科创板,57.9549999999999,60.998749999999994,62.54916666666676,65.01125000000003,55.78999999999999
688025,2021-09-01,57.56,55.31,58.0,54.8,56.0,16296.4,91402700.0,57.43,60.71,65.12299999999999,61.62,53.27,42.01,0.15,2.17,-2.02,杰普特,计算机、通信和其他电子设备制造业,科创板,57.067499999999896,60.223749999999995,61.298333333333424,64.06875000000002,55.98893617021276
688025,2021-09-02,56.0,57.2,58.37,54.7,55.31,12811.8,73021000.0,57.09,60.05,64.448,61.93,53.53,45.34,-0.13,1.71,-1.84,杰普特,计算机、通信和其他电子设备制造业,科创板,56.952499999999894,59.14875,60.615000000000094,63.25000000000003,56.25489361702127
688025,2021-09-03,57.54,55.16,58.69,55.13,57.2,13918.0,78437000.0,56.59,59.42,63.806,62.16,53.72,42.5,-0.51,1.27,-1.78,杰普特,计算机、通信和其他电子设备制造业,科创板,55.91749999999989,57.71875,59.95500000000009,61.94750000000003,56.42617021276594
688025,2021-09-06,55.33,56.59,57.1,54.61,55.16,9011.3,50575900.0,56.05,58.49,63.221999999999994,62.44,53.96,45.09,-0.68,0.88,-1.56,杰普特,计算机、通信和其他电子设备制造业,科创板,56.064999999999884,57.010000000000005,59.354166666666764,60.92812500000003,56.65999999999999
688025,2021-09-07,57.08,57.95,60.09,57.08,56.59,15619.1,91530800.0,56.44,57.63,62.59999999999999,62.77,54.22,47.52,-0.71,0.56,-1.27,杰普特,计算机、通信和其他电子设备制造业,科创板,56.72499999999988,56.89625000000001,59.0575000000001,60.15500000000003,56.95085106382977
688025,2021-09-08,58.13,60.87,62.5,58.1,57.95,21504.3,129034000.0,57.55,57.49,62.12849999999999,63.21,54.58,52.38,-0.49,0.35,-0.84,杰普特,计算机、通信和其他电子设备制造业,科创板,57.642499999999885,57.297500000000014,58.64666666666677,59.87187500000003,57.28787234042551
688025,2021-09-09,60.0,57.92,60.64,56.1,60.87,30169.1,173982000.0,57.7,57.4,61.22449999999999,63.36,54.86,47.58,-0.54,0.17,-0.71,杰普特,计算机、通信和其他电子设备制造业,科创板,58.33249999999989,57.12500000000001,57.92333333333343,59.549375000000026,57.573404255319126
688025,2021-09-10,57.59,59.44,60.0,55.08,57.92,26619.2,151946000.0,58.55,57.57,60.55149999999999,63.53,55.16,50.12,-0.46,0.05,-0.51,杰普特,计算机、通信和其他电子设备制造业,科创板,59.04499999999988,57.55500000000001,57.688333333333425,59.27687500000003,57.87531914893615
688025,2021-09-13,59.0,57.4,59.99,57.04,59.44,19933.4,116313000.0,58.72,57.38,59.905499999999996,63.27,55.38,46.84,-0.55,-0.07,-0.48,杰普特,计算机、通信和其他电子设备制造业,科创板,58.907499999999885,57.816250000000004,57.566666666666755,59.02000000000003,58.09978723404254
688025,2021-09-14,57.37,60.46,62.63,56.57,57.4,21469.7,129334000.0,59.22,57.83,59.65849999999999,63.22,55.63,51.91,-0.37,-0.13,-0.24,杰普特,计算机、通信和其他电子设备制造业,科创板,58.80499999999988,58.22375,57.8000000000001,58.68625000000004,58.41106382978722
688025,2021-09-15,59.71,61.65,64.2,59.57,60.46,15840.7,98081800.0,59.37,58.46,59.587,62.9,55.89,53.76,-0.13,-0.13,0.0,杰普特,计算机、通信和其他电子设备制造业,科创板,59.73749999999987,59.03500000000001,57.99583333333343,58.376875000000034,58.69765957446808
688025,2021-09-16,60.6,58.42,60.9,58.12,61.65,13936.7,82559700.0,59.47,58.59,59.318000000000005,62.49,56.09,48.33,-0.2,-0.15,-0.05,杰普特,计算机、通信和其他电子设备制造业,科创板,59.482499999999874,59.26375,58.1975000000001,58.13687500000003,58.89170212765956
688025,2021-09-17,57.5,53.58,58.39,50.06,58.42,25465.8,137899000.0,58.3,58.43,58.9215,62.01,56.23,41.56,-0.64,-0.24,-0.4,杰普特,计算机、通信和其他电子设备制造业,科创板,58.52749999999987,58.71750000000001,58.053333333333434,57.80687500000003,59.01829787234041
688025,2021-09-22,53.18,53.58,54.76,51.1,53.58,15209.4,80662800.0,57.54,58.13,58.310500000000005,61.52,56.36,41.56,-0.97,-0.39,-0.58,杰普特,计算机、通信和其他电子设备制造业,科创板,56.80749999999987,57.806250000000006,57.75166666666677,57.55187500000004,59.158297872340405
688025,2021-09-23,54.91,55.7,56.94,53.13,53.58,13746.9,75830400.0,56.59,57.9,57.76550000000001,61.03,56.54,45.44,-1.06,-0.52,-0.54,杰普特,计算机、通信和其他电子设备制造业,科创板,55.31999999999987,57.52875000000001,57.79666666666677,57.326875000000044,59.361702127659555
688025,2021-09-24,56.27,55.85,58.28,54.18,55.7,15092.0,85383500.0,55.43,57.4,57.44500000000001,60.55,56.69,45.72,-1.1,-0.64,-0.46,杰普特,计算机、通信和其他电子设备制造业,科创板,54.67749999999987,57.080000000000005,57.735000000000106,57.317500000000045,59.596808510638276
688025,2021-09-27,56.04,53.0,56.99,52.81,55.85,20905.1,114315000.0,54.34,56.91,57.15200000000001,59.79,56.81,41.45,-1.34,-0.78,-0.56,杰普特,计算机、通信和其他电子设备制造业,科创板,54.53249999999987,56.53000000000001,57.322500000000105,57.17312500000004,59.77553191489359
688025,2021-09-28,53.18,54.19,55.08,52.88,53.0,11019.6,59766700.0,54.46,56.38,56.97850000000001,59.16,56.98,43.81,-1.42,-0.91,-0.51,杰普特,计算机、通信和其他电子设备制造业,科创板,54.684999999999874,55.74625000000001,56.76583333333344,56.98500000000004,59.94936170212764
688025,2021-09-29,53.55,51.84,54.12,51.51,54.19,10080.0,53134700.0,54.12,55.83,56.605500000000006,58.55,57.09,40.35,-1.66,-1.06,-0.6,杰普特,计算机、通信和其他电子设备制造业,科创板,53.71999999999987,54.52000000000001,56.25916666666678,56.777500000000046,60.03297872340424
688025,2021-09-30,52.11,54.05,54.95,52.11,51.84,11255.5,60968800.0,53.79,55.19,56.508,58.17,57.25,44.77,-1.65,-1.18,-0.47,杰普特,计算机、通信和其他电子设备制造业,科创板,53.269999999999875,53.97375000000001,55.810000000000116,56.61875000000004,60.15744680851063
688025,2021-10-08,55.0,53.5,56.3,52.56,54.05,12440.4,67395000.0,53.32,54.37,56.417500000000004,57.85,57.39,43.9,-1.67,-1.28,-0.39,杰普特,计算机、通信和其他电子设备制造业,科创板,53.39499999999987,53.96375000000001,55.48500000000012,56.34062500000004,60.269574468085096
688025,2021-10-11,53.47,50.59,53.5,49.8,53.5,15842.6,80822900.0,52.83,53.59,56.087,57.41,57.45,39.51,-1.89,-1.4,-0.49,杰普特,计算机、通信和其他电子设备制造业,科创板,52.49499999999988,53.59000000000001,54.662500000000115,55.69812500000004,60.320851063829785
688025,2021-10-12,50.48,47.55,51.29,46.5,50.59,22206.1,106207000.0,51.51,52.98,55.70649999999999,56.94,57.48,35.52,-2.29,-1.58,-0.71,杰普特,计算机、通信和其他电子设备制造业,科创板,51.42249999999988,52.57125000000001,53.48750000000012,55.05000000000004,60.31978723404256
688025,2021-10-13,47.07,47.96,48.89,47.07,47.55,11836.0,56953800.0,50.73,52.42,55.275,56.35,57.48,36.46,-2.55,-1.77,-0.78,杰普特,计算机、通信和其他电子设备制造业,科创板,49.89999999999988,51.58500000000001,52.615833333333455,54.33250000000004,60.202765957446815
688025,2021-10-14,48.02,48.9,49.27,47.4,47.96,14914.9,72191200.0,49.7,51.74,54.822500000000005,55.76,57.47,38.64,-2.65,-1.95,-0.7,杰普特,计算机、通信和其他电子设备制造业,科创板,48.74999999999988,51.072500000000005,52.22583333333345,53.80125000000004,60.086808510638306
688025,2021-10-15,48.7,47.9,48.94,47.47,48.9,8529.13,40931100.0,48.58,50.95,54.174000000000014,55.28,57.47,37.18,-2.76,-2.11,-0.65,杰普特,计算机、通信和其他电子设备制造业,科创板,48.07749999999988,50.28625,51.75250000000011,53.016250000000035,59.71978723404256
688025,2021-10-18,48.59,47.39,49.21,47.0,47.9,8451.57,40359300.0,47.94,50.39,53.647500000000015,54.9,57.48,36.42,-2.87,-2.26,-0.61,杰普特,计算机、通信和其他电子设备制造业,科创板,48.03749999999988,49.730000000000004,51.06000000000011,52.125000000000036,59.40680851063831
688025,2021-10-19,47.5,47.33,48.65,47.19,47.39,9144.92,43689200.0,47.9,49.7,53.04200000000001,54.55,57.5,36.32,-2.93,-2.4,-0.53,杰普特,计算机、通信和其他电子设备制造业,科创板,47.879999999999875,48.89,50.35000000000011,51.43187500000004,58.90276595744682
688025,2021-10-20,47.61,46.5,47.61,46.0,47.33,10473.3,48764900.0,47.6,49.17,52.497,54.13,57.53,34.98,-3.0,-2.52,-0.48,杰普特,计算机、通信和其他电子设备制造业,科创板,47.27999999999987,48.015,49.808333333333444,50.98937500000004,58.387872340425545
688025,2021-10-21,46.7,46.6,47.26,45.72,46.5,9559.3,44511200.0,47.14,48.42,51.803999999999995,53.81,57.56,35.29,-3.02,-2.62,-0.4,杰普特,计算机、通信和其他电子设备制造业,科创板,46.95499999999987,47.51625,49.175833333333436,50.55312500000004,57.93255319148937
688025,2021-10-22,46.3,47.53,48.75,45.77,46.6,12234.1,58110200.0,47.07,47.82,51.098,53.55,57.59,38.25,-2.92,-2.68,-0.24,杰普特,计算机、通信和其他电子设备制造业,科创板,46.98999999999987,47.513749999999995,48.81666666666677,50.04250000000003,57.491276595744694
688025,2021-10-25,48.0,46.5,48.0,44.67,47.53,19163.8,88184200.0,46.89,47.42,50.502,53.2,57.56,36.27,-2.9,-2.72,-0.18,杰普特,计算机、通信和其他电子设备制造业,科创板,46.78249999999987,47.33125,48.18750000000011,49.45812500000003,56.98297872340427
688025,2021-10-26,46.67,47.08,48.49,45.85,46.5,16685.4,78657200.0,46.84,47.37,50.17700000000001,52.93,57.55,38.21,-2.81,-2.74,-0.07,杰普特,计算机、通信和其他电子设备制造业,科创板,46.92749999999987,47.10375,47.65250000000011,49.08812500000003,56.488936170212774
688025,2021-10-27,46.96,45.22,46.96,44.68,47.08,19478.3,88361100.0,46.59,47.1,49.759,52.55,57.5,34.58,-2.84,-2.76,-0.08,杰普特,计算机、通信和其他电子设备制造业,科创板,46.58249999999987,46.76875,47.205000000000105,48.52750000000003,55.834042553191495
688025,2021-10-28,44.83,45.03,46.69,44.65,45.22,16539.3,75120000.0,46.27,46.71,49.2255,52.12,57.44,34.22,-2.85,-2.78,-0.07,杰普特,计算机、通信和其他电子设备制造业,科创板,45.95749999999987,46.473749999999995,46.99500000000011,48.10187500000003,55.241063829787244
688025,2021-10-29,46.0,46.4,47.11,45.3,45.03,16225.8,75049800.0,46.05,46.56,48.753,51.64,57.42,39.11,-2.72,-2.77,0.05,杰普特,计算机、通信和其他电子设备制造业,科创板,45.93249999999987,46.357499999999995,46.8650000000001,47.62375000000003,54.73212765957447
688025,2021-11-01,46.6,48.22,48.92,45.78,46.4,27905.2,132350000.0,46.39,46.64,48.514,51.31,57.34,44.96,-2.44,-2.7,0.26,杰普特,计算机、通信和其他电子设备制造业,科创板,46.21749999999987,46.57249999999999,46.808333333333444,47.29375000000003,54.36659574468085
688025,2021-11-02,48.12,46.6,49.36,45.82,48.22,28259.3,133557000.0,46.29,46.57,48.1345,50.88,57.21,41.17,-2.33,-2.63,0.3,杰普特,计算机、通信和其他电子设备制造业,科创板,46.56249999999987,46.57249999999999,46.70000000000011,47.04437500000003,54.015957446808514
688025,2021-11-03,46.13,48.88,49.91,46.05,46.6,25020.9,121178000.0,47.03,46.81,47.9865,50.6,56.94,47.84,-2.02,-2.51,0.49,杰普特,计算机、通信和其他电子设备制造业,科创板,47.52499999999987,46.741249999999994,46.82416666666678,47.12750000000003,53.69851063829787
688025,2021-11-04,49.2,52.42,52.65,49.05,48.88,31257.6,158809000.0,48.5,47.39,47.905,50.33,56.77,56.16,-1.49,-2.3,0.81,杰普特,计算机、通信和其他电子设备制造业,科创板,49.029999999999866,47.481249999999996,47.24833333333344,47.40625000000003,53.50510638297872
688025,2021-11-05,52.58,52.39,55.4,51.51,52.42,31767.8,168953000.0,49.7,47.87,47.8495,50.02,56.46,56.07,-1.04,-2.05,1.01,杰普特,计算机、通信和其他电子设备制造业,科创板,50.07249999999987,48.144999999999996,47.73916666666677,47.62437500000003,53.21978723404254
688025,2021-11-08,51.25,51.5,53.28,50.43,52.39,18577.1,95553200.0,50.36,48.37,47.894999999999996,49.79,56.14,53.59,-0.76,-1.79,1.03,杰普特,计算机、通信和其他电子设备制造业,科创板,51.29749999999987,48.92999999999999,48.1475000000001,47.84937500000003,52.898510638297864
688025,2021-11-09,51.17,54.06,54.3,50.61,51.5,22372.7,117421000.0,51.85,49.07,48.2205,49.81,55.91,59.19,-0.32,-1.5,1.18,杰普特,计算机、通信和其他电子设备制造业,科创板,52.59249999999987,50.05874999999999,48.69166666666678,48.266250000000035,52.724042553191474
688025,2021-11-10,54.11,54.19,56.67,53.53,54.06,29148.6,160236000.0,52.91,49.97,48.532000000000004,49.83,55.68,59.46,0.03,-1.19,1.22,杰普特,计算机、通信和其他电子设备制造业,科创板,53.03499999999987,51.03249999999999,49.33250000000012,48.69500000000003,52.624680851063815
688025,2021-11-11,54.58,54.78,56.44,53.17,54.19,22132.9,121385000.0,53.38,50.94,48.82600000000001,49.8,55.42,60.72,0.36,-0.88,1.24,杰普特,计算机、通信和其他电子设备制造业,科创板,53.63249999999988,51.85249999999999,49.974166666666775,49.21250000000003,52.56340425531914
688025,2021-11-12,54.37,58.1,58.48,54.15,54.78,27918.7,159596000.0,54.53,52.11,49.336000000000006,49.87,55.21,66.95,0.87,-0.53,1.4,杰普特,计算机、通信和其他电子设备制造业,科创板,55.282499999999885,53.28999999999999,51.047500000000106,49.93125000000003,52.537872340425515
688025,2021-11-15,60.4,58.3,62.56,56.91,58.1,35221.0,208153000.0,55.89,53.12,49.88150000000001,50.05,54.92,67.28,1.28,-0.17,1.45,杰普特,计算机、通信和其他电子设备制造业,科创板,56.34249999999989,54.467499999999994,52.15333333333344,50.604375000000026,52.586808510638285
688025,2021-11-16,57.65,56.06,59.3,55.95,58.3,23173.6,132936000.0,56.29,54.07,50.31800000000001,50.11,54.64,59.93,1.41,0.15,1.26,杰普特,计算机、通信和其他电子设备制造业,科创板,56.80999999999989,54.92249999999999,52.958333333333435,51.20187500000003,52.6027659574468
688025,2021-11-17,55.51,58.0,58.15,55.51,56.06,21720.1,123788000.0,57.05,54.98,50.89300000000001,50.32,54.43,63.63,1.65,0.45,1.2,杰普特,计算机、通信和其他电子设备制造业,科创板,57.61499999999989,55.623749999999994,53.77333333333343,51.88437500000003,52.61978723404255
688025,2021-11-18,58.35,54.5,58.35,53.96,58.0,35659.6,197707000.0,56.99,55.19,51.28800000000001,50.33,54.25,53.94,1.54,0.67,0.87,杰普特,计算机、通信和其他电子设备制造业,科创板,56.7149999999999,55.998749999999994,54.431666666666764,52.464375000000025,52.60574468085106
688025,2021-11-19,54.29,56.0,56.6,52.5,54.5,38758.7,212806000.0,56.57,55.55,51.711500000000015,50.42,54.13,56.96,1.55,0.84,0.71,杰普特,计算机、通信和其他电子设备制造业,科创板,56.13999999999989,56.241249999999994,55.0250000000001,53.15000000000003,52.59319148936169
688025,2021-11-22,55.95,58.85,59.2,55.9,56.0,27223.2,157639000.0,56.68,56.28,52.32900000000001,50.69,54.05,62.06,1.77,1.03,0.74,杰普特,计算机、通信和其他电子设备制造业,科创板,56.83749999999989,56.82375,55.56083333333344,53.92812500000003,52.61234042553191
688025,2021-11-23,58.13,58.4,59.47,57.52,58.85,20204.6,117637000.0,57.15,56.72,52.89500000000002,51.05,54.0,60.84,1.89,1.2,0.69,杰普特,计算机、通信和其他电子设备制造业,科创板,56.937499999999886,57.276250000000005,56.061666666666774,54.56437500000003,52.55978723404255
688025,2021-11-24,57.88,60.05,61.25,57.57,58.4,31002.3,184853000.0,57.56,57.3,53.63650000000001,51.46,53.9,63.67,2.09,1.38,0.71,杰普特,计算机、通信和其他电子设备制造业,科创板,58.32499999999989,57.519999999999996,56.774166666666765,55.40500000000002,52.605106382978725
688025,2021-11-25,59.94,58.59,60.74,58.08,60.05,24118.8,143054000.0,58.38,57.68,54.31450000000001,51.78,53.77,59.57,2.11,1.52,0.59,杰普特,计算机、通信和其他电子设备制造业,科创板,58.97249999999988,57.55625,57.15166666666678,56.011875000000025,52.58702127659575
688025,2021-11-26,58.43,56.9,59.18,56.0,58.59,24550.3,139691000.0,58.56,57.56,54.83950000000001,52.08,53.68,55.13,1.97,1.61,0.36,杰普特,计算机、通信和其他电子设备制造业,科创板,58.48499999999988,57.66125,57.37750000000011,56.291875000000026,52.57638297872341
688025,2021-11-29,55.9,58.17,58.37,55.76,56.9,24275.9,139319000.0,58.42,57.55,55.33700000000001,52.44,53.67,57.68,1.93,1.68,0.25,杰普特,计算机、通信和其他电子设备制造业,科创板,58.427499999999874,57.682500000000005,57.66000000000011,56.653125000000024,52.52765957446809
688025,2021-11-30,58.97,58.6,59.98,57.64,58.17,21935.1,129006000.0,58.46,57.81,55.93700000000001,52.81,53.68,58.54,1.92,1.73,0.19,杰普特,计算机、通信和其他电子设备制造业,科创板,58.06499999999987,58.19500000000001,57.701666666666775,57.096875000000026,52.462765957446805
688025,2021-12-01,58.29,61.07,63.28,58.29,58.6,36487.1,224888000.0,58.67,58.11,56.5465,53.3,53.71,63.16,2.08,1.8,0.28,杰普特,计算机、通信和其他电子设备制造业,科创板,58.68499999999987,58.828750000000014,57.93250000000012,57.535000000000025,52.51914893617022
688025,2021-12-02,61.21,58.57,61.71,57.61,61.07,22280.5,131440000.0,58.66,58.52,56.854,53.7,53.76,56.32,1.98,1.83,0.15,杰普特,计算机、通信和其他电子设备制造业,科创板,59.10249999999987,58.79375000000002,58.14166666666679,57.80875000000003,52.62531914893618
688025,2021-12-03,58.43,64.8,65.79,58.42,58.57,46543.0,291271000.0,60.24,59.4,57.47449999999999,54.27,53.91,66.16,2.39,1.94,0.45,杰普特,计算机、通信和其他电子设备制造业,科创板,60.75999999999986,59.593750000000014,58.70833333333345,58.43500000000003,52.8640425531915
688025,2021-12-06,65.3,64.02,66.17,62.35,64.8,55457.1,355201000.0,61.41,59.92,58.10049999999999,54.86,54.03,64.21,2.61,2.08,0.53,杰普特,计算机、通信和其他电子设备制造业,科创板,62.11499999999986,60.09000000000001,59.50166666666678,58.80500000000003,53.04106382978725
688025,2021-12-07,65.0,64.37,68.2,62.8,64.02,57846.2,378808000.0,62.57,60.51,58.615999999999985,55.43,54.18,64.71,2.79,2.22,0.57,杰普特,计算机、通信和其他电子设备制造业,科创板,62.93999999999987,60.812500000000014,60.19916666666678,59.18437500000003,53.22234042553193
688025,2021-12-08,64.48,67.0,67.82,62.8,64.37,45236.4,298733000.0,63.75,61.21,59.25649999999998,56.16,54.35,68.32,3.1,2.4,0.7,杰普特,计算机、通信和其他电子设备制造业,科创板,65.04749999999987,62.07500000000002,60.878333333333444,59.868125000000035,53.52021276595746
688025,2021-12-09,68.19,65.83,68.99,65.0,67.0,27315.2,180741000.0,65.2,61.93,59.80899999999998,56.85,54.49,65.13,3.22,2.56,0.66,杰普特,计算机、通信和其他电子设备制造业,科创板,65.30499999999986,63.03250000000002,61.497500000000116,60.35750000000004,53.76787234042555
688025,2021-12-10,65.31,66.5,66.95,64.63,65.83,22159.7,145873000.0,65.54,62.89,60.228999999999985,57.52,54.58,66.1,3.33,2.71,0.62,杰普特,计算机、通信和其他电子设备制造业,科创板,65.92499999999987,64.02000000000002,62.03500000000012,61.107500000000044,54.07978723404256
688025,2021-12-13,66.63,66.68,69.6,66.51,66.5,25854.7,175628000.0,66.08,63.74,60.64799999999999,58.14,54.73,66.38,3.38,2.85,0.53,杰普特,计算机、通信和其他电子设备制造业,科创板,66.50249999999987,64.72125000000001,62.70916666666679,61.77500000000005,54.348510638297874
688025,2021-12-14,66.7,69.12,70.0,65.65,66.68,29076.2,197460000.0,67.03,64.8,61.301,58.89,54.89,69.9,3.59,3.0,0.59,杰普特,计算机、通信和其他电子设备制造业,科创板,67.03249999999987,66.04,63.72750000000013,62.416875000000054,54.680851063829785
688025,2021-12-15,69.0,72.32,73.98,67.9,69.12,38617.6,275566000.0,68.09,65.92,62.016999999999996,59.67,55.14,73.78,3.97,3.19,0.78,杰普特,计算机、通信和其他电子设备制造业,科创板,68.65499999999987,66.98000000000002,64.9066666666668,63.28687500000006,55.143191489361705
688025,2021-12-16,72.27,72.22,74.72,71.35,72.32,20780.3,151501000.0,69.37,67.29,62.903,60.33,55.33,73.46,4.21,3.39,0.82,杰普特,计算机、通信和其他电子设备制造业,科创板,70.08499999999987,68.00500000000002,66.0416666666668,64.04750000000006,55.66808510638297
688025,2021-12-17,71.18,70.3,73.82,68.31,72.22,27138.1,191941000.0,70.13,67.84,63.617999999999995,60.93,55.48,67.44,4.19,3.55,0.64,杰普特,计算机、通信和其他电子设备制造业,科创板,70.98999999999987,68.74625000000002,66.81083333333346,64.77937500000006,56.14340425531915
688025,2021-12-20,71.0,66.98,71.41,66.51,70.3,21258.1,146290000.0,70.19,68.13,64.0245,61.44,55.62,58.5,3.87,3.62,0.25,杰普特,计算机、通信和其他电子设备制造业,科创板,70.45499999999987,68.74375000000002,67.51166666666678,65.40937500000005,56.528085106382974
688025,2021-12-21,67.18,67.0,68.5,66.1,66.98,14053.5,94773600.0,69.76,68.4,64.4545,61.88,55.84,58.54,3.57,3.61,-0.04,杰普特,计算机、通信和其他电子设备制造业,科创板,69.12499999999987,68.89000000000001,67.69500000000012,65.96125000000005,56.934468085106374
688025,2021-12-22,68.1,72.97,74.2,67.3,67.0,24485.5,175380000.0,69.89,68.99,65.1005,62.5,56.17,67.51,3.78,3.64,0.14,杰普特,计算机、通信和其他电子设备制造业,科创板,69.31249999999986,69.69875000000002,68.44083333333346,66.85937500000006,57.47872340425531
688025,2021-12-23,72.4,72.9,75.34,70.4,72.97,20607.2,151322000.0,70.03,69.7,65.816,63.11,56.45,67.32,3.89,3.69,0.2,杰普特,计算机、通信和其他电子设备制造业,科创板,69.96249999999985,70.47625000000002,69.1516666666668,67.59875000000007,58.0227659574468
688025,2021-12-24,72.9,71.32,73.45,70.71,72.9,15436.7,110895000.0,70.23,70.18,66.537,63.55,56.71,63.14,3.81,3.72,0.09,杰普特,计算机、通信和其他电子设备制造业,科创板,71.04749999999984,70.75125000000001,69.51166666666678,68.39562500000007,58.55085106382978
688025,2021-12-27,71.27,71.57,74.18,70.1,71.32,19142.3,138269000.0,71.15,70.67,67.207,63.99,57.02,63.53,3.72,3.72,0.0,杰普特,计算机、通信和其他电子设备制造业,科创板,72.18999999999984,70.65750000000003,69.99000000000011,68.81875000000007,59.08212765957447
688025,2021-12-28,71.57,69.82,72.43,69.0,71.57,18347.7,128790000.0,71.72,70.74,67.768,64.45,57.28,58.88,3.47,3.67,-0.2,杰普特,计算机、通信和其他电子设备制造业,科创板,71.40249999999983,70.35750000000002,70.26666666666678,69.18125000000006,59.556382978723406
688025,2021-12-29,68.2,73.31,74.18,68.0,69.82,25059.1,176917000.0,71.78,70.84,68.38,64.96,57.64,64.46,3.51,3.64,-0.13,杰普特,计算机、通信和其他电子设备制造业,科创板,71.50499999999982,70.73375000000001,70.81916666666677,69.74000000000007,60.1268085106383
688025,2021-12-30,72.76,75.76,77.34,72.08,73.31,21757.1,163607000.0,72.36,71.19,69.23949999999999,65.67,58.0,67.77,3.7,3.65,0.05,杰普特,计算机、通信和其他电子设备制造业,科创板,72.61499999999982,71.83125000000001,71.3725000000001,70.28750000000007,60.737021276595755
688025,2021-12-31,75.75,77.05,78.4,74.69,75.76,19636.1,150937000.0,73.5,71.87,69.852,66.37,58.39,69.39,3.91,3.7,0.21,杰普特,计算机、通信和其他电子设备制造业,科创板,73.98499999999983,73.0875,71.76666666666677,70.98875000000007,61.41425531914895
688025,2022-01-04,75.58,69.7,78.79,68.02,77.05,44669.8,317406000.0,73.13,72.14,70.136,66.73,58.71,53.06,3.44,3.65,-0.21,杰普特,计算机、通信和其他电子设备制造业,科创板,73.95499999999983,72.67875000000001,71.55666666666677,71.18875000000007,61.93914893617022
688025,2022-01-05,69.9,66.0,70.64,64.1,69.7,36794.5,243768000.0,72.36,72.04,70.2175,66.98,59.02,47.06,2.74,3.47,-0.73,杰普特,计算机、通信和其他电子设备制造业,科创板,72.12749999999983,71.81625000000001,71.19833333333344,71.14625000000007,62.35617021276596
688025,2022-01-06,64.47,65.19,67.67,64.0,66.0,23035.0,150792000.0,70.74,71.26,70.127,67.15,59.31,45.84,2.09,3.19,-1.1,杰普特,计算机、通信和其他电子设备制造业,科创板,69.48499999999983,71.05000000000001,71.04916666666678,70.90062500000008,62.7172340425532
688025,2022-01-07,65.18,61.25,66.6,61.0,65.19,33073.1,207688000.0,67.84,70.1,69.898,67.24,59.51,40.34,1.25,2.8,-1.55,杰普特,计算机、通信和其他电子设备制造业,科创板,65.53499999999983,69.76000000000002,70.5700000000001,70.20875000000008,63.02893617021278
688025,2022-01-10,60.41,60.39,61.91,59.0,61.25,29899.4,180912000.0,64.51,69.0,69.5925,67.36,59.72,39.24,0.51,2.34,-1.83,杰普特,计算机、通信和其他电子设备制造业,科创板,63.207499999999825,68.58125000000001,69.52166666666677,69.46937500000008,63.27382978723405
688025,2022-01-11,60.21,57.6,60.52,57.11,60.39,25492.8,149550000.0,62.09,67.61,69.1385,67.34,59.89,35.81,-0.31,1.81,-2.12,杰普特,计算机、通信和其他电子设备制造业,科创板,61.10749999999983,66.6175,68.24666666666677,68.67562500000008,63.38404255319149
688025,2022-01-12,57.6,57.93,58.68,55.85,57.6,27630.2,158472000.0,60.47,66.42,68.579,67.32,60.07,36.52,-0.91,1.27,-2.18,杰普特,计算机、通信和其他电子设备制造业,科创板,59.29249999999983,64.38875,67.13083333333344,68.11000000000008,63.50191489361703
688025,2022-01-13,57.71,58.01,59.58,56.11,57.93,20188.3,117205000.0,59.04,64.89,67.8635,67.22,60.26,36.7,-1.37,0.74,-2.11,杰普特,计算机、通信和其他电子设备制造业,科创板,58.48249999999983,62.00875,66.00083333333345,67.54812500000008,63.6404255319149
688025,2022-01-14,57.7,60.41,62.08,57.7,58.01,21420.7,129641000.0,58.87,63.35,67.273,67.28,60.49,42.06,-1.52,0.29,-1.81,杰普特,计算机、通信和其他电子设备制造业,科创板,58.48749999999984,60.847500000000004,65.21666666666677,66.76312500000009,63.77553191489362
688025,2022-01-17,61.25,63.84,64.85,61.0,60.41,17843.4,112940000.0,59.56,62.03,66.95,67.25,60.76,48.74,-1.35,-0.04,-1.31,杰普特,计算机、通信和其他电子设备制造业,科创板,60.04749999999985,60.5775,64.42750000000011,66.19687500000008,63.980851063829796
688025,2022-01-18,63.5,64.6,65.48,62.54,63.84,17478.0,112446000.0,60.96,61.52,66.83099999999999,67.26,61.06,50.12,-1.14,-0.26,-0.88,杰普特,计算机、通信和其他电子设备制造业,科创板,61.71499999999985,60.503750000000004,63.49750000000011,65.77687500000008,64.18978723404256
688025,2022-01-19,65.0,63.45,65.0,61.51,64.6,17778.1,112062000.0,62.06,61.27,66.6535,67.23,61.33,48.02,-1.05,-0.42,-0.63,杰普特,计算机、通信和其他电子设备制造业,科创板,63.07499999999985,60.77875,62.36416666666678,65.26937500000008,64.3036170212766
688025,2022-01-20,63.28,62.52,63.88,59.97,63.45,21488.1,132232000.0,62.96,61.0,66.131,67.08,61.62,46.33,-1.04,-0.54,-0.5,杰普特,计算机、通信和其他电子设备制造业,科创板,63.60249999999984,61.045,61.76583333333344,64.81312500000008,64.39340425531914
688025,2022-01-21,62.08,61.04,63.03,60.71,62.52,11912.5,73451500.0,63.09,60.98,65.53799999999998,66.92,61.89,43.7,-1.15,-0.66,-0.49,杰普特,计算机、通信和其他电子设备制造业,科创板,62.90249999999984,61.474999999999994,61.352500000000106,64.04625000000009,64.49936170212766
688025,2022-01-24,60.89,61.23,62.66,60.21,61.04,8835.3,54412500.0,62.57,61.06,65.03349999999999,66.75,62.14,44.14,-1.2,-0.77,-0.43,杰普特,计算机、通信和其他电子设备制造业,科创板,62.05999999999984,61.887499999999996,61.022500000000115,63.13812500000009,64.56808510638298
688025,2022-01-25,61.3,57.09,62.58,57.03,61.23,24788.5,144786000.0,61.07,61.01,64.30949999999999,66.43,62.28,37.32,-1.55,-0.93,-0.62,杰普特,计算机、通信和其他电子设备制造业,科创板,60.46999999999984,61.772499999999994,60.67583333333345,61.890625000000085,64.6231914893617
688025,2022-01-26,57.18,57.8,58.95,56.81,57.09,11475.7,66369200.0,59.94,61.0,63.708499999999994,66.05,62.47,39.06,-1.76,-1.09,-0.67,杰普特,计算机、通信和其他电子设备制造业,科创板,59.28999999999984,61.44624999999999,60.460000000000115,61.14687500000008,64.66148936170212
688025,2022-01-27,60.2,57.5,62.64,57.5,57.8,22277.8,133609000.0,58.93,60.95,62.91799999999999,65.56,62.61,38.57,-1.93,-1.26,-0.67,杰普特,计算机、通信和其他电子设备制造业,科创板,58.40499999999985,60.65374999999999,60.451666666666775,60.61562500000008,64.63276595744681
688025,2022-01-28,57.18,56.49,58.48,54.66,57.5,25600.4,143093000.0,58.02,60.56,61.954499999999996,65.03,62.68,36.9,-2.12,-1.43,-0.69,杰普特,计算机、通信和其他电子设备制造业,科创板,57.21999999999985,59.639999999999986,60.331666666666784,60.07187500000008,64.59212765957447
688025,2022-02-07,56.5,56.19,57.51,55.58,56.49,15228.2,85547600.0,57.01,59.79,60.911500000000004,64.56,62.75,36.4,-2.26,-1.6,-0.66,杰普特,计算机、通信和其他电子设备制造业,科创板,56.99499999999984,58.732499999999995,60.18000000000012,59.75562500000008,64.50999999999999
688025,2022-02-08,56.47,54.6,56.76,53.58,56.19,17955.0,98399500.0,56.52,58.79,60.156499999999994,64.15,62.8,33.77,-2.47,-1.77,-0.7,杰普特,计算机、通信和其他电子设备制造业,科创板,56.19499999999984,57.74249999999999,59.69583333333346,59.39375000000008,64.42510638297871
688025,2022-02-09,53.14,53.91,54.59,52.5,54.6,14925.6,79792600.0,55.74,57.84,59.552,63.71,62.8,32.66,-2.67,-1.95,-0.72,杰普特,计算机、通信和其他电子设备制造业,科创板,55.29749999999984,56.851249999999986,58.86833333333345,59.16312500000008,64.36148936170211
688025,2022-02-10,54.15,51.45,54.15,50.6,53.91,35268.4,182042000.0,54.53,56.73,58.864999999999995,63.0,62.75,29.02,-2.99,-2.16,-0.83,杰普特,计算机、通信和其他电子设备制造业,科创板,54.03749999999984,55.62874999999998,57.77250000000012,58.758125000000085,64.21851063829786
688025,2022-02-11,51.0,50.86,52.25,50.5,51.45,19440.3,99737000.0,53.4,55.71,58.345499999999994,62.26,62.68,28.21,-3.26,-2.38,-0.88,杰普特,计算机、通信和其他电子设备制造业,科创板,52.70499999999984,54.84999999999998,56.72333333333345,58.311250000000086,64.05382978723402
688025,2022-02-14,50.08,50.1,51.31,49.22,50.86,12850.9,64530700.0,52.18,54.6,57.83099999999998,61.56,62.55,27.16,-3.48,-2.6,-0.88,杰普特,计算机、通信和其他电子设备制造业,科创板,51.57999999999985,53.88749999999998,55.68833333333345,57.66687500000009,63.82042553191487
688025,2022-02-15,50.34,54.4,54.59,50.12,50.1,23978.8,126312000.0,52.14,54.33,57.67099999999999,60.98,62.49,40.67,-3.28,-2.74,-0.54,杰普特,计算机、通信和其他电子设备制造业,科创板,51.70249999999985,53.49999999999998,55.135000000000126,57.076875000000086,63.73170212765955
688025,2022-02-16,54.7,54.47,57.51,54.02,54.4,30479.5,170562000.0,52.26,54.0,57.49799999999999,60.47,62.46,40.86,-3.08,-2.8,-0.28,杰普特,计算机、通信和其他电子设备制造业,科创板,52.457499999999854,53.247499999999974,54.57166666666679,56.44375000000009,63.51191489361699
688025,2022-02-17,55.15,57.9,59.07,55.06,54.47,28353.5,162402000.0,53.55,54.04,57.49249999999999,59.96,62.46,49.5,-2.61,-2.77,0.16,杰普特,计算机、通信和其他电子设备制造业,科创板,54.217499999999845,53.46124999999997,54.63916666666679,56.09687500000008,63.381702127659544
688025,2022-02-18,57.17,57.71,57.99,56.19,57.9,13787.2,78542900.0,54.92,54.16,57.357499999999995,59.36,62.51,49.07,-2.23,-2.66,0.43,杰普特,计算机、通信和其他电子设备制造业,科创板,56.11999999999984,53.849999999999966,54.631666666666796,55.796250000000086,63.239999999999974
688025,2022-02-21,58.2,57.56,58.41,56.35,57.71,11189.9,64076400.0,56.41,54.3,57.043499999999995,58.71,62.54,48.71,-1.92,-2.51,0.59,杰普特,计算机、通信和其他电子设备制造业,科创板,56.90999999999985,54.30624999999996,54.63666666666679,55.578750000000085,63.039148936170186
688025,2022-02-22,57.56,56.5,57.62,55.37,57.56,15711.0,88371700.0,56.83,54.49,56.6385,58.27,62.5,46.15,-1.74,-2.36,0.62,杰普特,计算机、通信和其他电子设备制造业,科创板,57.417499999999855,54.937499999999964,54.637500000000124,55.283125000000084,62.84063829787232
688025,2022-02-23,56.5,61.31,61.53,56.5,56.5,22566.5,134685000.0,58.2,55.23,56.531499999999994,58.11,62.55,57.16,-1.19,-2.12,0.93,杰普特,计算机、通信和其他电子设备制造业,科创板,58.26999999999986,56.24374999999996,55.06416666666678,55.54687500000008,62.73021276595742
688025,2022-02-24,61.0,59.5,62.24,57.5,61.31,16079.7,96133100.0,58.52,56.03,56.3805,57.92,62.54,52.78,-0.9,-1.88,0.98,杰普特,计算机、通信和其他电子设备制造业,科创板,58.717499999999866,57.41874999999996,55.47250000000011,55.65312500000008,62.577446808510615
688025,2022-02-25,60.8,58.76,61.4,58.62,59.5,9511.83,56739800.0,58.73,56.82,56.26649999999999,57.84,62.54,51.06,-0.71,-1.64,0.93,杰普特,计算机、通信和其他电子设备制造业,科创板,59.01749999999987,57.96374999999996,55.87666666666678,55.73187500000008,62.35702127659573
688025,2022-02-28,58.35,59.41,60.25,57.0,58.76,11507.5,67507800.0,59.1,57.75,56.1755,57.8,62.58,52.53,-0.51,-1.42,0.91,杰普特,计算机、通信和其他电子设备制造业,科创板,59.74499999999986,58.581249999999955,56.540000000000106,55.91437500000008,62.082340425531896
688025,2022-03-01,59.86,59.6,60.68,58.88,59.41,9293.95,55462300.0,59.72,58.27,56.301,57.87,62.61,52.97,-0.33,-1.2,0.87,杰普特,计算机、通信和其他电子设备制造业,科创板,59.31749999999987,58.79374999999996,57.26833333333344,56.12750000000008,61.81382978723402
688025,2022-03-02,59.56,58.39,59.95,57.52,59.6,7940.05,46044400.0,59.13,58.66,56.33050000000001,57.89,62.6,49.79,-0.28,-1.02,0.74,杰普特,计算机、通信和其他电子设备制造业,科创板,59.039999999999864,58.87874999999996,57.95916666666677,56.36437500000008,61.560425531914866
688025,2022-03-03,58.43,55.6,58.5,55.46,58.39,14927.3,84076000.0,58.35,58.43,56.2355,57.81,62.51,43.32,-0.46,-0.91,0.45,杰普特,计算机、通信和其他电子设备制造业,科创板,58.24999999999987,58.63374999999996,58.059166666666776,56.470000000000084,61.318297872340395
688025,2022-03-04,55.08,54.07,56.33,53.73,55.6,10615.3,58154600.0,57.41,58.07,56.1145,57.6,62.44,40.24,-0.72,-0.87,0.15,杰普特,计算机、通信和其他电子设备制造业,科创板,56.91499999999987,58.329999999999956,58.025833333333445,56.633750000000084,61.043191489361675
688025,2022-03-07,53.86,51.37,54.08,51.3,54.07,15502.6,80893700.0,55.81,57.45,55.87349999999999,57.18,62.21,35.44,-1.13,-0.92,-0.21,杰普特,计算机、通信和其他电子设备制造业,科创板,54.85749999999987,57.087499999999956,57.481666666666776,56.665625000000084,60.583617021276574
688025,2022-03-08,51.96,51.3,52.8,50.3,51.37,13847.4,71570200.0,54.15,56.93,55.708499999999994,56.74,62.0,35.32,-1.44,-1.02,-0.42,杰普特,计算机、通信和其他电子设备制造业,科创板,53.084999999999866,56.06249999999996,56.947500000000105,56.74062500000008,60.124042553191465
688025,2022-03-09,52.0,50.05,52.7,48.62,51.3,16610.8,83029400.0,52.48,55.8,55.51549999999999,56.29,61.76,33.2,-1.77,-1.17,-0.6,杰普特,计算机、通信和其他电子设备制造业,科创板,51.69749999999987,54.97374999999996,56.32166666666677,56.46875000000008,59.67148936170211
688025,2022-03-10,51.41,49.9,51.86,49.2,50.05,14551.5,73477900.0,51.34,54.85,55.43799999999999,55.87,61.48,32.95,-2.02,-1.34,-0.68,杰普特,计算机、通信和其他电子设备制造业,科创板,50.65499999999987,53.784999999999954,55.77166666666677,56.183125000000075,59.21042553191487
688025,2022-03-11,48.67,48.83,49.35,47.22,49.9,15251.4,73496200.0,50.29,53.85,55.33649999999999,55.46,61.19,31.11,-2.29,-1.53,-0.76,杰普特,计算机、通信和其他电子设备制造业,科创板,50.01999999999987,52.43874999999995,54.731666666666776,55.61625000000008,58.763829787234016
688025,2022-03-14,47.59,46.67,49.3,46.6,48.83,18332.5,87014000.0,49.35,52.58,55.165,54.98,60.86,27.74,-2.63,-1.75,-0.88,杰普特,计算机、通信和其他电子设备制造业,科创板,48.86249999999987,50.97374999999995,53.66250000000011,54.926250000000074,58.19702127659572
688025,2022-03-15,45.66,43.78,46.99,43.78,46.67,26983.4,122186000.0,47.85,51.0,54.63399999999999,54.53,60.48,24.0,-3.1,-2.02,-1.08,杰普特,计算机、通信和其他电子设备制造业,科创板,47.294999999999874,49.49624999999995,52.41416666666677,54.06500000000007,57.51659574468083
688025,2022-03-16,44.27,45.24,45.59,42.78,43.78,20065.7,89461200.0,46.88,49.68,54.17249999999999,54.11,60.08,29.2,-3.32,-2.28,-1.04,杰普特,计算机、通信和其他电子设备制造业,科创板,46.129999999999875,48.39249999999995,51.23333333333344,53.36125000000007,56.83978723404252
688025,2022-03-17,47.12,47.55,48.31,45.67,45.24,19615.8,92661500.0,46.41,48.88,53.65499999999999,53.78,59.67,36.58,-3.27,-2.48,-0.79,杰普特,计算机、通信和其他电子设备制造业,科创板,45.809999999999874,47.91499999999995,50.22916666666677,52.50125000000007,56.36851063829785
688025,2022-03-18,47.0,46.12,47.33,45.8,47.55,13599.1,62903400.0,45.87,48.08,53.07549999999998,53.44,59.24,34.2,-3.3,-2.64,-0.66,杰普特,计算机、通信和其他电子设备制造业,科创板,45.67249999999987,47.26749999999995,49.20666666666677,51.66500000000007,55.945531914893586
688025,2022-03-21,46.01,48.67,48.79,46.01,46.12,15019.2,71837000.0,46.27,47.81,52.630999999999986,53.19,58.87,41.51,-3.1,-2.73,-0.37,杰普特,计算机、通信和其他电子设备制造业,科创板,46.894999999999875,47.09499999999995,48.62916666666677,51.03437500000007,55.594042553191464
688025,2022-03-22,51.0,50.68,52.37,50.01,48.67,27851.1,142154000.0,47.65,47.75,52.33999999999999,53.06,58.6,46.54,-2.73,-2.73,0.0,杰普特,计算机、通信和其他电子设备制造业,科创板,48.254999999999875,47.19249999999995,48.346666666666756,50.48875000000007,55.369148936170184
688025,2022-03-23,50.7,51.87,52.99,49.72,50.68,22234.9,114265000.0,48.98,47.93,51.86799999999998,52.99,58.35,49.33,-2.32,-2.65,0.33,杰普特,计算机、通信和其他电子设备制造业,科创板,49.33499999999988,47.572499999999955,48.38833333333343,50.005625000000066,55.1878723404255
688025,2022-03-24,51.0,49.7,51.87,49.1,51.87,18185.1,90843800.0,49.41,47.91,51.377999999999986,52.93,57.96,44.75,-2.15,-2.55,0.4,杰普特,计算机、通信和其他电子设备制造业,科创板,50.229999999999876,47.95124999999995,48.2550000000001,49.46250000000007,55.01978723404252
688025,2022-03-25,50.06,49.15,50.91,48.71,49.7,12790.4,63575300.0,50.01,47.94,50.897499999999994,52.87,57.57,43.65,-2.03,-2.45,0.42,杰普特,计算机、通信和其他电子设备制造业,科创板,50.34999999999988,48.622499999999945,48.1800000000001,49.05937500000007,54.83297872340423
688025,2022-03-28,48.55,48.14,49.48,47.6,49.15,13320.7,64236500.0,49.91,48.09,50.333999999999996,52.81,57.18,41.62,-2.0,-2.36,0.36,杰普特,计算机、通信和其他电子设备制造业,科创板,49.714999999999876,48.98499999999994,48.03333333333344,48.68875000000006,54.62297872340422
688025,2022-03-29,48.38,48.09,49.23,47.5,48.14,10845.8,52476700.0,49.39,48.52,49.7585,52.6,56.79,41.51,-1.95,-2.28,0.33,杰普特,计算机、通信和其他电子设备制造业,科创板,48.769999999999875,49.052499999999945,47.97166666666677,48.483750000000065,54.360851063829756
688025,2022-03-30,49.0,49.78,50.78,49.0,48.09,12381.1,61779800.0,48.97,48.98,49.328,52.44,56.46,46.35,-1.76,-2.17,0.41,杰普特,计算机、通信和其他电子设备制造业,科创板,48.78999999999988,49.50999999999995,48.230833333333436,48.388750000000066,54.06170212765955
688025,2022-03-31,49.46,47.72,49.8,47.17,49.78,16440.8,78838200.0,48.58,48.99,48.934,52.1,56.03,41.81,-1.76,-2.09,0.33,杰普特,计算机、通信和其他电子设备制造业,科创板,48.43249999999988,49.39124999999995,48.559166666666776,48.24312500000007,53.70255319148933
688025,2022-04-01,47.72,47.4,48.45,47.06,47.72,11598.7,55196300.0,48.23,49.12,48.6005,51.76,55.56,41.14,-1.75,-2.02,0.27,杰普特,计算机、通信和其他电子设备制造业,科创板,48.247499999999874,48.981249999999946,48.73916666666677,48.08687500000007,53.36106382978721
688025,2022-04-06,47.4,45.48,47.64,44.71,47.4,19163.5,87666100.0,47.69,48.8,48.306,51.35,55.03,37.26,-1.89,-2.0,0.11,杰普特,计算机、通信和其他电子设备制造业,科创板,47.59499999999987,48.18249999999995,48.56666666666678,47.87750000000007,52.99851063829785
688025,2022-04-07,45.78,45.5,46.84,45.49,45.48,17550.7,80735400.0,47.18,48.28,48.016,50.99,54.63,37.32,-1.96,-1.99,0.03,杰普特,计算机、通信和其他电子设备制造业,科创板,46.52499999999987,47.65749999999995,48.51500000000011,47.80437500000007,52.66787234042551
688025,2022-04-08,45.77,43.94,45.77,43.71,45.5,12768.6,56769100.0,46.01,47.49,47.7105,50.41,54.26,34.28,-2.14,-2.02,-0.12,杰普特,计算机、通信和其他电子设备制造业,科创板,45.57999999999987,47.00624999999995,48.120833333333444,47.81437500000007,52.299999999999976
688025,2022-04-11,43.75,42.48,44.07,42.0,43.94,16531.2,71014800.0,44.96,46.77,47.3395,49.84,53.88,31.68,-2.36,-2.09,-0.27,杰普特,计算机、通信和其他电子设备制造业,科创板,44.349999999999866,46.298749999999956,47.437500000000114,47.64187500000007,51.98914893617019
688025,2022-04-12,42.55,44.8,44.89,42.3,42.48,14650.0,63938000.0,44.44,46.33,47.138,49.38,53.61,39.54,-2.32,-2.13,-0.19,杰普特,计算机、通信和其他电子设备制造业,科创板,44.17999999999987,45.88749999999996,46.84833333333344,47.47000000000007,51.712553191489334
688025,2022-04-13,44.47,44.83,45.6,43.52,44.8,11976.9,53439000.0,44.31,46.0,47.04600000000001,48.89,53.35,39.63,-2.26,-2.16,-0.1,杰普特,计算机、通信和其他电子设备制造业,科创板,44.012499999999875,45.268749999999955,46.44250000000011,47.38937500000007,51.44297872340423
688025,2022-04-14,45.27,45.0,45.86,44.0,44.83,13392.3,60462000.0,44.21,45.69,47.107000000000006,48.4,53.14,40.22,-2.18,-2.16,-0.02,杰普特,计算机、通信和其他电子设备制造业,科创板,44.277499999999876,44.92874999999995,46.09666666666678,47.160000000000075,51.198510638297854
688025,2022-04-15,44.0,43.2,44.05,42.66,45.0,16607.6,71761100.0,44.06,45.04,47.00500000000001,47.9,52.89,36.22,-2.23,-2.18,-0.05,杰普特,计算机、通信和其他电子设备制造业,科创板,44.457499999999875,44.40374999999995,45.685000000000116,46.69250000000008,50.92212765957444
688025,2022-04-18,42.65,44.9,45.3,42.1,43.2,10259.0,45388200.0,44.55,44.75,46.87250000000001,47.54,52.67,42.07,-2.11,-2.16,0.05,杰普特,计算机、通信和其他电子设备制造业,科创板,44.482499999999874,44.33124999999995,45.419166666666776,46.25687500000008,50.71574468085104
688025,2022-04-19,44.57,44.78,45.52,44.0,44.9,9131.5,40854300.0,44.54,44.49,46.80550000000001,47.23,52.41,41.78,-2.0,-2.13,0.13,杰普特,计算机、通信和其他电子设备制造业,科创板,44.46999999999987,44.24124999999995,45.00250000000011,45.949375000000074,50.521489361702116
688025,2022-04-20,44.76,44.63,45.6,44.28,44.78,7855.47,35195300.0,44.5,44.41,46.60350000000001,47.01,52.09,41.39,-1.9,-2.08,0.18,杰普特,计算机、通信和其他电子设备制造业,科创板,44.37749999999987,44.32749999999995,44.74500000000011,45.666875000000076,50.3763829787234
688025,2022-04-21,44.07,43.12,44.93,42.4,44.63,11253.6,48687800.0,44.13,44.17,46.22550000000001,46.73,51.73,37.63,-1.92,-2.05,0.13,杰普特,计算机、通信和其他电子设备制造业,科创板,44.357499999999874,44.40749999999995,44.38833333333344,45.35312500000008,50.211702127659564
688025,2022-04-22,42.86,40.27,42.86,39.83,43.12,18408.5,75228900.0,43.54,43.8,45.64550000000001,46.41,51.35,31.76,-2.15,-2.07,-0.08,杰普特,计算机、通信和其他电子设备制造业,科创板,43.199999999999875,43.841249999999945,43.95416666666677,44.864375000000074,50.00255319148935
688025,2022-04-25,38.91,36.61,38.91,35.81,40.27,19151.2,71463700.0,41.88,43.21,44.99100000000001,45.96,50.92,26.12,-2.59,-2.17,-0.42,杰普特,计算机、通信和其他电子设备制造业,科创板,41.15749999999988,42.81374999999995,43.213333333333445,44.041250000000076,49.62404255319148
688025,2022-04-26,36.5,35.5,37.2,35.2,36.61,16448.3,59358100.0,40.03,42.28,44.30850000000001,45.52,50.49,24.69,-3.0,-2.34,-0.66,杰普特,计算机、通信和其他电子设备制造业,科创板,38.87499999999988,41.62624999999995,42.51000000000011,43.277500000000074,49.220425531914884
688025,2022-04-27,34.94,37.05,37.16,34.0,35.5,20467.6,73236400.0,38.51,41.51,43.754000000000005,45.2,50.09,30.42,-3.16,-2.5,-0.66,杰普特,计算机、通信和其他电子设备制造业,科创板,37.357499999999874,40.85749999999995,42.05750000000011,42.63062500000007,48.77680851063829
688025,2022-04-28,36.82,36.45,37.2,35.31,37.05,13866.2,50276800.0,37.18,40.65,43.17200000000001,44.96,49.74,29.49,-3.3,-2.66,-0.64,杰普特,计算机、通信和其他电子设备制造业,科创板,36.40249999999987,39.80124999999995,41.36166666666678,42.066250000000075,48.324468085106375
688025,2022-04-29,36.35,39.55,39.69,36.35,36.45,13645.1,52728700.0,37.03,40.29,42.660500000000006,44.77,49.44,39.79,-3.12,-2.75,-0.37,杰普特,计算机、通信和其他电子设备制造业,科创板,37.13749999999986,39.14749999999995,40.92166666666678,41.69437500000007,47.941276595744675
688025,2022-05-05,38.0,38.42,39.09,37.8,39.55,23045.4,88470500.0,37.39,39.64,42.1955,44.46,49.12,37.63,-3.03,-2.81,-0.22,杰普特,计算机、通信和其他电子设备制造业,科创板,37.867499999999865,38.371249999999954,40.37333333333345,41.349375000000066,47.55659574468085
688025,2022-05-06,37.0,37.0,37.85,36.77,38.42,22350.8,83198000.0,37.69,38.86,41.67550000000001,44.16,48.8,35.06,-3.05,-2.86,-0.19,杰普特,计算机、通信和其他电子设备制造业,科创板,37.85499999999986,37.60624999999995,39.85666666666678,41.006875000000065,47.03936170212766
688025,2022-05-09,36.72,36.28,37.39,36.0,37.0,14511.8,53065400.0,37.54,38.02,41.215500000000006,43.74,48.46,33.8,-3.08,-2.9,-0.18,杰普特,计算机、通信和其他电子设备制造业,科创板,37.81249999999986,37.10749999999996,39.138333333333456,40.474375000000066,46.54531914893617
688025,2022-05-10,35.8,38.2,38.82,35.22,36.28,18989.1,71679200.0,37.89,37.53,40.850500000000004,43.33,48.19,40.0,-2.92,-2.91,-0.01,杰普特,计算机、通信和其他电子设备制造业,科创板,37.47499999999985,37.306249999999956,38.59000000000012,40.060000000000066,46.10787234042552
688025,2022-05-11,38.6,38.99,39.98,37.9,38.2,23840.4,93557400.0,37.78,37.4,40.60300000000001,42.9,47.94,42.39,-2.69,-2.86,0.17,杰普特,计算机、通信和其他电子设备制造业,科创板,37.61749999999985,37.74249999999996,38.12000000000012,39.68437500000007,45.67340425531914
688025,2022-05-12,38.7,37.82,38.7,37.5,38.99,14736.9,55836300.0,37.66,37.53,40.37000000000001,42.5,47.72,39.86,-2.58,-2.81,0.23,杰普特,计算机、通信和其他电子设备制造业,科创板,37.82249999999985,37.838749999999955,37.67833333333345,39.34812500000007,45.21
688025,2022-05-13,38.04,37.85,38.87,37.53,37.82,14293.7,54467700.0,37.83,37.76,40.022500000000015,42.13,47.5,39.96,-2.47,-2.74,0.27,杰普特,计算机、通信和其他电子设备制造业,科创板,38.21499999999985,38.01374999999996,37.47666666666679,38.90750000000007,44.77297872340425
688025,2022-05-16,38.26,39.25,40.0,37.99,37.85,20131.1,79125400.0,38.42,37.98,39.74350000000001,41.83,47.32,44.55,-2.23,-2.64,0.41,杰普特,计算机、通信和其他电子设备制造业,科创板,38.47749999999985,37.97624999999996,37.696666666666786,38.56187500000007,44.425106382978726
688025,2022-05-17,39.1,39.77,40.58,38.73,39.25,18024.2,71574100.0,38.74,38.31,39.48200000000001,41.55,47.07,46.2,-1.98,-2.51,0.53,杰普特,计算机、通信和其他电子设备制造业,科创板,38.67249999999985,38.14499999999995,38.052500000000116,38.25812500000007,44.12085106382978
688025,2022-05-18,39.58,39.99,40.9,39.51,39.77,17366.4,69923500.0,38.94,38.36,39.32150000000001,41.23,46.83,46.91,-1.74,-2.35,0.61,杰普特,计算机、通信和其他电子设备制造业,科创板,39.214999999999854,38.518749999999955,38.29750000000012,38.06250000000007,43.87872340425531
688025,2022-05-19,39.28,40.6,40.79,39.23,39.99,14706.4,59146700.0,39.49,38.58,39.10650000000001,40.99,46.54,48.95,-1.49,-2.18,0.69,杰普特,计算机、通信和其他电子设备制造业,科创板,39.902499999999854,39.05874999999996,38.64333333333345,38.083125000000074,43.65106382978722
688025,2022-05-20,40.75,40.99,41.3,39.51,40.6,15703.2,63529700.0,40.12,38.97,38.917000000000016,40.78,46.27,50.26,-1.24,-1.99,0.75,杰普特,计算机、通信和其他电子设备制造业,科创板,40.33749999999986,39.40749999999996,38.763333333333456,38.35687500000007,43.45829787234041
688025,2022-05-23,41.19,40.78,41.19,40.1,40.99,11858.5,48123600.0,40.43,39.42,38.72450000000001,40.62,45.99,49.52,-1.05,-1.8,0.75,杰普特,计算机、通信和其他电子设备制造业,科创板,40.589999999999854,39.631249999999966,38.960000000000115,38.68687500000007,43.264255319148916
688025,2022-05-24,40.55,38.52,41.25,38.34,40.78,20509.0,81405500.0,40.18,39.46,38.49450000000001,40.39,45.69,42.32,-1.07,-1.66,0.59,杰普特,计算机、通信和其他电子设备制造业,科创板,40.222499999999854,39.718749999999964,39.08666666666678,38.77875000000007,43.04489361702126
688025,2022-05-25,38.4,38.1,38.96,37.51,38.52,14531.9,55275800.0,39.8,39.37,38.38600000000001,40.19,45.3,41.12,-1.11,-1.55,0.44,杰普特,计算机、通信和其他电子设备制造业,科创板,39.597499999999854,39.749999999999964,39.23833333333345,38.88187500000007,42.86255319148934
688025,2022-05-26,38.16,37.9,38.75,36.62,38.1,14926.2,56242800.0,39.26,39.38,38.45050000000001,40.04,44.94,40.53,-1.13,-1.46,0.33,杰普特,计算机、通信和其他电子设备制造业,科创板,38.824999999999854,39.58124999999996,39.213333333333445,38.77875000000007,42.73744680851062
688025,2022-05-27,38.32,37.85,39.18,37.52,37.9,13172.1,50457100.0,38.63,39.38,38.56800000000001,39.81,44.59,40.38,-1.16,-1.4,0.24,杰普特,计算机、通信和其他电子设备制造业,科创板,38.09249999999985,39.34124999999997,39.118333333333446,38.74312500000008,42.58021276595743
688025,2022-05-30,37.96,38.2,38.6,37.18,37.85,13508.9,51332500.0,38.11,39.27,38.62550000000002,39.59,44.24,42.05,-1.13,-1.35,0.22,杰普特,计算机、通信和其他电子设备制造业,科创板,38.012499999999854,39.117499999999964,39.15000000000011,38.81812500000008,42.381276595744666
688025,2022-05-31,38.21,43.99,45.31,37.5,38.2,61970.1,263541000.0,39.21,39.69,39.00250000000001,39.55,43.98,61.39,-0.63,-1.2,0.57,杰普特,计算机、通信和其他电子设备制造业,科创板,39.48499999999986,39.54124999999996,39.661666666666775,39.30000000000008,42.33595744680849
688025,2022-06-01,43.99,41.56,43.99,41.0,43.99,52648.9,220234000.0,39.9,39.85,39.10300000000002,39.5,43.7,53.34,-0.43,-1.05,0.62,杰普特,计算机、通信和其他电子设备制造业,科创板,40.39999999999986,39.61249999999996,39.85416666666678,39.510000000000076,42.18468085106381
688025,2022-06-02,41.8,44.54,44.99,41.21,41.56,61646.8,266434000.0,41.23,40.24,39.40900000000002,39.49,43.51,60.23,-0.02,-0.84,0.82,杰普特,计算机、通信和其他电子设备制造业,科创板,42.072499999999856,40.08249999999997,40.25166666666678,39.85687500000007,42.05404255319147
688025,2022-06-06,46.6,47.6,47.77,44.6,44.54,74780.1,344219000.0,43.18,40.9,39.93900000000002,39.58,43.4,65.8,0.54,-0.57,1.11,杰普特,计算机、通信和其他电子设备制造业,科创板,44.42249999999986,41.21749999999997,40.885833333333444,40.46812500000007,41.963191489361684
688025,2022-06-07,47.5,45.22,47.5,44.7,47.6,53667.6,244099000.0,44.58,41.35,40.386000000000024,39.6,43.3,58.89,0.77,-0.3,1.07,杰普特,计算机、通信和其他电子设备制造业,科创板,44.729999999999855,42.10749999999997,41.27083333333345,40.92875000000007,41.867872340425514
688025,2022-06-08,45.35,44.03,45.65,42.53,45.22,44562.9,195572000.0,44.59,41.9,40.67750000000002,39.63,43.18,55.73,0.86,-0.07,0.93,杰普特,计算机、通信和其他电子设备制造业,科创板,45.347499999999854,42.87374999999997,41.52416666666678,41.22750000000007,41.75893617021274
688025,2022-06-09,43.39,42.38,43.66,42.17,44.03,25452.1,108868000.0,44.75,42.33,40.84700000000002,39.7,43.05,51.6,0.79,0.1,0.69,杰普特,计算机、通信和其他电子设备制造业,科创板,44.807499999999855,43.43999999999997,41.65750000000011,41.39062500000007,41.63638297872338
688025,2022-06-10,41.84,43.35,43.7,41.81,42.38,27336.8,117807000.0,44.52,42.87,41.12350000000002,39.92,42.94,53.77,0.8,0.24,0.56,杰普特,计算机、通信和其他电子设备制造业,科创板,43.744999999999855,44.083749999999974,42.060000000000116,41.60062500000007,41.535531914893596
688025,2022-06-13,42.81,44.06,44.8,42.51,43.35,30873.5,134977000.0,43.81,43.49,41.43400000000002,40.21,42.86,55.35,0.85,0.36,0.49,杰普特,计算机、通信和其他电子设备制造业,科创板,43.454999999999856,44.09249999999997,42.55666666666678,41.816875000000074,41.41382978723402
688025,2022-06-14,43.59,43.17,43.65,41.68,44.06,28030.7,119636000.0,43.4,43.99,41.63000000000002,40.41,42.81,52.91,0.81,0.45,0.36,杰普特,计算机、通信和其他电子设备制造业,科创板,43.23999999999986,44.293749999999974,42.995833333333444,41.95312500000007,41.317021276595725
688025,2022-06-15,43.5,44.12,45.55,43.21,43.17,35247.6,156546000.0,43.42,44.0,41.84750000000002,40.67,42.81,55.18,0.85,0.53,0.32,杰普特,计算机、通信和其他电子设备制造业,科创板,43.67499999999986,44.24124999999997,43.51833333333344,42.16187500000007,41.24723404255317
688025,2022-06-16,44.05,45.57,47.5,43.9,44.12,39340.3,179096000.0,44.05,44.4,42.12650000000002,40.87,42.82,58.47,0.98,0.62,0.36,杰普特,计算机、通信和其他电子设备制造业,科创板,44.22999999999986,43.98749999999997,44.13250000000011,42.60250000000008,41.24914893617019
688025,2022-06-17,44.3,48.13,48.48,44.24,45.57,51412.2,242435000.0,45.01,44.76,42.50300000000002,41.19,42.83,63.55,1.29,0.76,0.53,杰普特,计算机、通信和其他电子设备制造业,科创板,45.24749999999986,44.351249999999965,44.477500000000106,43.229375000000076,41.3051063829787
688025,2022-06-20,48.5,47.82,49.35,47.01,48.13,43646.6,209454000.0,45.76,44.78,42.844500000000025,41.55,42.86,62.55,1.48,0.9,0.58,杰普特,计算机、通信和其他电子设备制造业,科创板,46.409999999999854,44.82499999999996,44.99916666666678,43.84937500000008,41.38765957446806
688025,2022-06-21,47.76,46.76,47.78,45.9,47.82,34402.4,160688000.0,46.48,44.94,43.143500000000024,41.9,42.82,59.13,1.53,1.03,0.5,杰普特,计算机、通信和其他电子设备制造业,科创板,47.06999999999985,45.37249999999996,45.18416666666678,44.40625000000008,41.47872340425529
688025,2022-06-22,47.18,48.3,50.66,46.5,46.76,50097.6,242583000.0,47.32,45.37,43.63250000000002,42.24,42.78,62.35,1.68,1.16,0.52,杰普特,计算机、通信和其他电子设备制造业,科创板,47.752499999999856,45.99124999999996,45.24250000000011,45.03750000000007,41.55319148936167
688025,2022-06-23,48.02,54.0,55.5,47.61,48.3,58133.1,293930000.0,49.0,46.53,44.42750000000002,42.74,42.82,71.35,2.23,1.37,0.86,杰普特,计算机、通信和其他电子设备制造业,科创板,49.21999999999986,47.23374999999996,45.974166666666775,45.66312500000007,41.748297872340395
688025,2022-06-24,53.0,56.05,57.09,52.9,54.0,49870.1,273316000.0,50.59,47.8,45.33500000000002,43.35,42.93,73.78,2.8,1.66,1.14,杰普特,计算机、通信和其他电子设备制造业,科创板,51.27749999999986,48.84374999999996,46.97583333333344,46.568750000000065,41.98340425531912
688025,2022-06-27,56.99,54.0,57.0,53.29,56.05,48868.6,267203000.0,51.82,48.79,46.14250000000002,43.89,43.01,67.61,3.05,1.94,1.11,杰普特,计算机、通信和其他电子设备制造业,科创板,53.087499999999864,50.07874999999996,47.944166666666774,47.16000000000007,42.21319148936167
688025,2022-06-28,54.26,53.05,54.85,51.1,54.0,44403.1,233288000.0,53.08,49.78,46.88500000000001,44.35,43.09,64.9,3.13,2.17,0.96,杰普特,计算机、通信和其他电子设备制造业,科创板,54.274999999999864,51.01374999999996,48.752500000000104,47.50062500000006,42.38659574468082
688025,2022-06-29,52.47,48.59,53.19,48.32,53.05,48443.4,243489000.0,53.14,50.23,47.115000000000016,44.64,43.1,53.97,2.81,2.3,0.51,杰普特,计算机、通信和其他电子设备制造业,科创板,52.92249999999987,51.071249999999964,49.13000000000011,47.711250000000064,42.46765957446805
688025,2022-06-30,48.8,49.58,50.45,47.87,48.59,38320.5,189025000.0,52.25,50.63,47.51600000000002,44.96,43.09,55.75,2.6,2.36,0.24,杰普特,计算机、通信和其他电子设备制造业,科创板,51.304999999999865,51.29124999999996,49.66416666666678,48.05812500000007,42.57297872340422
688025,2022-07-01,49.55,49.98,51.35,49.21,49.58,29843.8,150377000.0,51.04,50.81,47.788000000000025,45.27,43.13,56.48,2.44,2.38,0.06,杰普特,计算机、通信和其他电子设备制造业,科创板,50.29999999999986,51.693749999999966,50.15250000000012,48.53312500000007,42.71893617021273
688025,2022-07-04,50.23,51.11,51.6,49.0,49.98,28614.7,144700000.0,50.46,51.14,47.963500000000025,45.61,43.19,58.57,2.38,2.38,0.0,杰普特,计算机、通信和其他电子设备制造业,科创板,49.814999999999856,52.044999999999966,50.61416666666678,49.01812500000007,42.94957446808507
688025,2022-07-05,51.59,47.53,51.74,46.7,51.11,43478.5,210671000.0,49.36,51.22,48.07900000000002,45.84,43.23,50.33,2.01,2.3,-0.29,杰普特,计算机、通信和其他电子设备制造业,科创板,49.549999999999855,51.23624999999997,50.56416666666678,49.23500000000007,43.18191489361699
688025,2022-07-06,47.3,48.6,49.72,47.3,47.53,27720.5,135337000.0,49.36,51.25,48.30750000000002,46.17,43.28,52.48,1.79,2.2,-0.41,杰普特,计算机、通信和其他电子设备制造业,科创板,49.30499999999985,50.30499999999997,50.62916666666678,49.574375000000074,43.460638297872315
688025,2022-07-07,49.3,49.15,50.26,48.71,48.6,22458.8,111037000.0,49.27,50.76,48.64600000000002,46.54,43.37,53.6,1.64,2.09,-0.45,杰普特,计算机、通信和其他电子设备制造业,科创板,49.097499999999854,49.69874999999997,50.82833333333344,49.88875000000007,43.71808510638295
688025,2022-07-08,49.1,48.61,50.2,48.48,49.15,21268.8,104807000.0,49.0,50.02,48.90900000000002,46.9,43.47,52.3,1.46,1.96,-0.5,杰普特,计算机、通信和其他电子设备制造业,科创板,48.472499999999854,49.14374999999997,50.85416666666678,50.07875000000007,43.97680851063828
688025,2022-07-11,48.08,49.54,49.91,46.64,48.61,26546.5,129146000.0,48.69,49.57,49.18300000000003,47.29,43.55,54.35,1.38,1.85,-0.47,杰普特,计算机、通信和其他电子设备制造业,科创板,48.97499999999985,49.262499999999974,50.48250000000011,50.16687500000007,44.189361702127634
688025,2022-07-12,49.3,50.86,52.4,48.3,49.54,35058.7,177523000.0,49.35,49.36,49.567500000000024,47.71,43.65,57.16,1.4,1.76,-0.36,杰普特,计算机、通信和其他电子设备制造业,科创板,49.53999999999986,49.42249999999998,50.05000000000012,50.356875000000066,44.454042553191464
688025,2022-07-13,50.13,50.5,51.96,49.45,50.86,23772.8,120348000.0,49.73,49.55,49.88650000000002,47.93,43.74,56.14,1.39,1.68,-0.29,杰普特,计算机、通信和其他电子设备制造业,科创板,49.877499999999856,49.487499999999976,49.75833333333345,50.59062500000007,44.74127659574466
688025,2022-07-14,50.5,51.68,52.78,49.26,50.5,22276.8,115164000.0,50.24,49.76,50.192000000000014,48.26,43.88,58.73,1.44,1.64,-0.2,杰普特,计算机、通信和其他电子设备制造业,科创板,50.644999999999854,49.558749999999975,49.644166666666784,50.80187500000007,45.06893617021273
688025,2022-07-15,51.31,50.52,52.7,50.3,51.68,22456.8,115015000.0,50.62,49.81,50.31150000000002,48.46,43.97,55.28,1.38,1.58,-0.2,杰普特,计算机、通信和其他电子设备制造业,科创板,50.88999999999986,49.932499999999976,49.80500000000011,50.584375000000065,45.331063829787205
688025,2022-07-18,50.4,51.71,52.49,48.97,50.52,24692.1,125023000.0,51.05,49.87,50.506000000000014,48.6,44.09,58.0,1.4,1.55,-0.15,杰普特,计算机、通信和其他电子设备制造业,科创板,51.102499999999864,50.32124999999997,49.98250000000011,50.31312500000007,45.60170212765955
688025,2022-07-19,51.37,50.2,51.65,49.69,51.71,22495.5,113416000.0,50.92,50.14,50.67800000000001,48.76,44.18,53.54,1.3,1.5,-0.2,杰普特,计算机、通信和其他电子设备制造业,科创板,51.02749999999986,50.45249999999997,50.000833333333446,50.07562500000007,45.86510638297869
688025,2022-07-20,50.45,52.02,52.33,49.8,50.2,31522.1,160432000.0,51.23,50.48,50.86400000000001,49.03,44.33,57.76,1.33,1.46,-0.13,杰普特,计算机、通信和其他电子设备制造业,科创板,51.112499999999855,50.87874999999997,50.076666666666775,50.011250000000075,46.16659574468082
688025,2022-07-21,52.18,56.29,57.42,51.5,52.02,63494.5,349878000.0,52.15,51.19,50.97850000000001,49.5,44.6,65.64,1.69,1.51,0.18,杰普特,计算机、通信和其他电子设备制造业,科创板,52.55499999999986,51.72249999999997,50.80666666666678,50.49250000000007,46.52914893617018
688025,2022-07-22,56.0,54.61,56.36,54.23,56.29,30839.0,170316000.0,52.97,51.79,50.90650000000001,49.87,44.9,60.83,1.82,1.57,0.25,杰普特,计算机、通信和其他电子设备制造业,科创板,53.27999999999985,52.19124999999997,51.30750000000011,50.80687500000007,46.84489361702125
688025,2022-07-25,54.71,52.95,54.71,52.3,54.61,23719.8,126213000.0,53.21,52.13,50.854000000000006,50.17,45.19,56.43,1.77,1.61,0.16,杰普特,计算机、通信和其他电子设备制造业,科创板,53.96749999999986,52.49749999999997,51.62416666666678,50.99250000000007,47.12063829787231
688025,2022-07-26,52.5,55.62,55.62,51.5,52.95,26448.2,142696000.0,54.3,52.61,50.9825,50.58,45.5,61.28,1.92,1.67,0.25,杰普特,计算机、通信和其他电子设备制造业,科创板,54.86749999999986,52.98999999999997,52.20833333333345,51.27437500000007,47.44021276595742
688025,2022-07-27,55.0,58.8,59.0,54.68,55.62,35790.2,205194000.0,55.65,53.44,51.49300000000001,51.07,45.87,66.12,2.27,1.79,0.48,杰普特,计算机、通信和其他电子设备制造业,科创板,55.494999999999855,54.02499999999997,52.98000000000011,51.97875000000007,47.819148936170194
688025,2022-07-28,59.6,59.19,60.67,58.09,58.8,26865.9,160191000.0,56.23,54.19,51.973500000000016,51.52,46.2,66.67,2.54,1.94,0.6,杰普特,计算机、通信和其他电子设备制造业,科创板,56.639999999999844,54.95999999999997,53.674166666666785,52.640625000000064,48.210851063829764
688025,2022-07-29,58.69,60.5,62.5,58.31,59.19,25488.1,155512000.0,57.41,55.19,52.49950000000001,51.94,46.57,68.52,2.84,2.12,0.72,杰普特,计算机、通信和其他电子设备制造业,科创板,58.52749999999985,56.247499999999974,54.507500000000114,53.350000000000065,48.67851063829785
688025,2022-08-01,60.1,60.4,64.83,59.4,60.5,27166.5,168231000.0,58.9,56.06,52.96400000000002,52.36,46.96,68.21,3.03,2.3,0.73,杰普特,计算机、通信和其他电子设备制造业,科创板,59.72249999999984,57.29499999999997,55.23416666666679,54.08687500000006,49.15297872340424
688025,2022-08-02,60.4,59.33,61.87,58.49,60.4,27029.8,161690000.0,59.64,56.97,53.554000000000016,52.78,47.34,64.82,3.06,2.45,0.61,杰普特,计算机、通信和其他电子设备制造业,科创板,59.85499999999983,57.674999999999976,55.968333333333455,54.69875000000007,49.60893617021274
688025,2022-08-03,59.64,56.6,61.28,56.53,59.33,31552.7,185298000.0,59.2,57.43,53.95400000000002,53.05,47.65,57.03,2.83,2.53,0.3,杰普特,计算机、通信和其他电子设备制造业,科创板,59.20749999999984,57.92374999999997,56.37583333333345,55.05750000000007,50.00787234042551
688025,2022-08-04,57.05,56.8,58.28,55.74,56.6,26938.2,152483000.0,58.73,57.48,54.336500000000015,53.15,47.94,57.43,2.64,2.55,0.09,杰普特,计算机、通信和其他电子设备制造业,科创板,58.28249999999984,58.404999999999966,56.92583333333345,55.451250000000066,50.40361702127658
688025,2022-08-05,56.99,58.74,59.9,56.99,56.8,28163.2,165058000.0,58.37,57.89,54.84300000000002,53.24,48.29,61.23,2.61,2.56,0.05,杰普特,计算机、通信和其他电子设备制造业,科创板,57.86749999999984,58.79499999999996,57.48583333333345,55.89250000000007,50.71744680851062
688025,2022-08-08,58.84,59.29,60.3,55.0,58.74,29846.3,172454000.0,58.15,58.53,55.330500000000015,53.41,48.65,62.26,2.59,2.57,0.02,杰普特,计算机、通信和其他电子设备制造业,科创板,57.857499999999845,58.85624999999995,57.73583333333345,56.44062500000007,51.09468085106381
688025,2022-08-09,58.5,60.85,62.11,58.21,59.29,23253.2,141021000.0,58.46,59.05,55.83000000000002,53.67,49.01,65.09,2.68,2.59,0.09,杰普特,计算机、通信和其他电子设备制造业,科创板,58.91999999999985,59.06374999999995,58.25583333333345,57.01187500000007,51.44170212765956
688025,2022-08-10,60.65,64.68,65.58,60.2,60.85,30358.9,194192000.0,60.07,59.64,56.53900000000002,54.21,49.42,70.87,3.03,2.68,0.35,杰普特,计算机、通信和其他电子设备制造业,科创板,60.88999999999986,59.58624999999995,59.23333333333344,57.91687500000006,51.80510638297871
688025,2022-08-11,64.85,64.85,66.48,63.03,64.68,25967.9,167815000.0,61.68,60.2,57.19750000000001,54.72,49.84,71.1,3.27,2.8,0.47,杰普特,计算机、通信和其他电子设备制造业,科创板,62.41749999999985,60.142499999999956,60.00250000000011,58.718750000000064,52.222765957446796
688025,2022-08-12,64.78,61.38,67.47,61.2,64.85,24251.2,154582000.0,62.21,60.29,57.74050000000002,55.1,50.18,60.64,3.16,2.87,0.29,杰普特,计算机、通信和其他电子设备制造业,科创板,62.93999999999985,60.39874999999996,60.217500000000115,59.036875000000066,52.59191489361701
688025,2022-08-15,61.38,64.33,64.64,61.0,61.38,17330.3,109409000.0,63.22,60.68,58.37150000000001,55.54,50.57,65.31,3.27,2.95,0.32,杰普特,计算机、通信和其他电子设备制造业,科创板,63.80999999999985,61.36499999999995,60.64583333333345,59.64437500000007,53.058936170212746
688025,2022-08-16,64.32,67.1,68.5,63.22,64.33,23386.8,155815000.0,64.47,61.46,59.21650000000001,56.19,51.01,69.03,3.53,3.07,0.46,杰普特,计算机、通信和其他电子设备制造业,科创板,64.41499999999985,62.652499999999954,61.19583333333345,60.528750000000066,53.56425531914892
688025,2022-08-17,67.05,68.7,72.5,66.25,67.1,50528.7,354565000.0,65.27,62.67,60.050500000000014,56.86,51.52,70.97,3.82,3.22,0.6,杰普特,计算机、通信和其他电子设备制造业,科创板,65.37749999999986,63.89749999999995,61.887500000000124,61.34625000000006,54.08851063829785
688025,2022-08-18,69.1,73.31,75.0,68.89,68.7,45892.1,331289000.0,66.96,64.32,60.90150000000001,57.67,52.1,75.68,4.38,3.45,0.93,杰普特,计算机、通信和其他电子设备制造业,科创板,68.35999999999986,65.64999999999995,63.052500000000116,62.25312500000007,54.729787234042526
688025,2022-08-19,73.6,69.61,74.78,69.45,73.31,53802.3,388159000.0,68.61,65.41,61.65150000000001,58.37,52.63,66.36,4.47,3.65,0.82,杰普特,计算机、通信和其他电子设备制造业,科创板,69.67999999999986,66.74499999999995,64.13666666666678,62.90437500000006,55.27212765957445
688025,2022-08-22,69.32,68.37,70.89,67.3,69.61,37726.1,260037000.0,69.42,66.32,62.4225,58.99,53.14,63.54,4.39,3.8,0.59,杰普特,计算机、通信和其他电子设备制造业,科创板,69.99749999999986,67.20624999999995,65.10083333333345,63.396250000000066,55.757234042553165
688025,2022-08-23,68.36,68.3,69.5,66.9,68.37,35636.2,242906000.0,69.66,67.06,63.05650000000001,59.57,53.64,63.38,4.28,3.9,0.38,杰普特,计算机、通信和其他电子设备制造业,科创板,69.89749999999987,67.63749999999995,65.89750000000011,63.890000000000065,56.18638297872338
688025,2022-08-24,67.7,62.97,68.4,61.0,68.3,59398.6,379072000.0,68.51,66.89,63.26500000000001,59.99,53.96,52.31,3.71,3.86,-0.15,杰普特,计算机、通信和其他电子设备制造业,科创板,67.31249999999987,67.83624999999995,66.20416666666678,64.11750000000006,56.508723404255285
688025,2022-08-25,62.71,61.53,63.64,59.0,62.97,51388.5,316435000.0,66.16,66.56,63.382000000000005,60.32,54.29,49.78,3.11,3.71,-0.6,杰普特,计算机、通信和其他电子设备制造业,科创板,65.29249999999988,67.48624999999994,66.26083333333345,64.42562500000007,56.822978723404226
688025,2022-08-26,62.98,62.83,63.67,60.5,61.53,31233.1,195813000.0,64.8,66.71,63.4985,60.73,54.6,52.04,2.71,3.51,-0.8,杰普特,计算机、通信和其他电子设备制造业,科创板,63.90749999999987,66.95249999999994,66.10666666666678,64.80250000000007,57.13212765957443
688025,2022-08-29,62.23,65.0,67.86,61.01,62.83,26982.7,176983000.0,64.13,66.77,63.7285,61.17,54.89,55.62,2.54,3.32,-0.78,杰普特,计算机、通信和其他电子设备制造业,科创板,63.08249999999987,66.48999999999994,66.11916666666677,65.19375000000007,57.36617021276592
688025,2022-08-30,65.6,63.04,66.81,62.9,65.0,17974.8,116110000.0,63.07,66.37,63.914,61.6,55.18,51.85,2.22,3.1,-0.88,杰普特,计算机、通信和其他电子设备制造业,科创板,63.09999999999987,65.20624999999993,66.2575000000001,65.42812500000007,57.51489361702124
688025,2022-08-31,62.63,57.6,63.0,57.39,63.04,30982.9,182579000.0,62.0,65.26,63.964,61.79,55.41,43.12,1.51,2.78,-1.27,杰普特,计算机、通信和其他电子设备制造业,科创板,62.11749999999987,63.70499999999993,65.69666666666677,65.22500000000007,57.59148936170208
688025,2022-09-01,58.07,56.29,58.17,55.96,57.6,14777.5,83584600.0,60.95,63.55,63.9385,61.79,55.64,41.32,0.82,2.39,-1.57,杰普特,计算机、通信和其他电子设备制造业,科创板,60.482499999999874,62.19499999999992,64.79583333333343,64.70062500000006,57.660425531914846
688025,2022-09-02,57.43,59.8,61.8,56.0,56.29,20817.1,124726000.0,60.35,62.57,63.991499999999995,61.96,55.91,47.64,0.57,2.02,-1.45,杰普特,计算机、通信和其他电子设备制造业,科创板,59.18249999999988,61.132499999999915,64.05416666666676,64.38500000000006,57.898936170212714
688025,2022-09-05,60.97,58.91,60.98,57.01,59.8,20187.1,120567000.0,59.13,61.63,63.972500000000004,62.16,56.16,46.28,0.28,1.68,-1.4,杰普特,计算机、通信和其他电子设备制造业,科创板,58.149999999999885,60.624999999999915,62.854166666666764,64.23062500000006,58.09744680851059
688025,2022-09-06,59.1,61.22,62.97,58.11,58.91,18319.8,111903000.0,58.76,60.92,63.99100000000001,62.34,56.46,50.25,0.25,1.39,-1.14,杰普特,计算机、通信和其他电子设备制造业,科创板,59.054999999999886,60.58624999999992,62.15500000000009,64.03625000000007,58.3365957446808
688025,2022-09-07,62.01,63.84,65.3,61.01,61.22,14613.5,93565000.0,60.01,61.01,63.949,62.51,56.79,54.37,0.42,1.2,-0.78,杰普特,计算机、通信和其他电子设备制造业,科创板,60.94249999999989,60.71249999999993,61.777500000000096,63.83250000000006,58.60744680851058
688025,2022-09-08,63.85,62.5,65.5,62.18,63.84,8800.9,56193300.0,61.25,61.1,63.831500000000005,62.62,57.07,52.0,0.44,1.04,-0.6,杰普特,计算机、通信和其他电子设备制造业,科创板,61.61749999999988,60.39999999999992,61.29416666666677,63.445000000000064,58.925957446808454
688025,2022-09-09,62.27,59.95,63.28,59.11,62.5,17154.4,102894000.0,61.28,60.82,63.760000000000005,62.6,57.27,47.73,0.26,0.89,-0.63,杰普特,计算机、通信和其他电子设备制造业,科创板,61.87749999999988,60.01374999999992,61.0425000000001,62.61000000000007,59.167446808510576
688025,2022-09-13,60.97,60.66,61.97,59.61,59.95,9738.01,58980300.0,61.63,60.38,63.57650000000001,62.61,57.48,48.99,0.17,0.74,-0.57,杰普特,计算机、通信和其他电子设备制造业,科创板,61.737499999999876,60.396249999999924,60.970000000000105,62.050625000000075,59.41234042553185
688025,2022-09-14,59.58,61.0,61.8,59.2,60.66,9629.49,58583700.0,61.59,60.18,63.27150000000002,62.67,57.72,49.61,0.12,0.62,-0.5,杰普特,计算机、通信和其他电子设备制造业,科创板,61.02749999999987,60.98499999999992,60.8175000000001,61.59000000000008,59.67595744680844
688025,2022-09-15,61.8,57.73,61.8,55.5,61.0,21617.3,124605000.0,60.37,60.19,62.72300000000001,62.71,57.88,44.03,-0.19,0.46,-0.65,杰普特,计算机、通信和其他电子设备制造业,科创板,59.834999999999866,60.726249999999915,60.211666666666765,60.92937500000008,59.85021276595738
688025,2022-09-16,56.5,57.23,58.99,55.7,57.73,14101.0,80800600.0,59.31,60.28,61.91900000000002,62.72,57.93,43.23,-0.46,0.27,-0.73,杰普特,计算机、通信和其他电子设备制造业,科创板,59.15499999999987,60.516249999999914,59.727500000000106,60.57062500000008,59.98574468085099
688025,2022-09-19,56.66,55.85,58.88,54.82,57.23,12771.4,72010000.0,58.49,59.89,61.231000000000016,62.62,57.93,41.01,-0.78,0.06,-0.84,杰普特,计算机、通信和其他电子设备制造业,科创板,57.95249999999988,59.844999999999914,59.58166666666677,60.215625000000074,60.09957446808504
688025,2022-09-20,56.44,56.65,58.34,55.04,55.85,8775.22,49979900.0,57.69,59.66,60.645000000000024,62.54,57.97,42.84,-0.95,-0.14,-0.81,杰普特,计算机、通信和其他电子设备制造业,科创板,56.86499999999988,58.94624999999991,59.61166666666677,59.82937500000007,60.205319148936105
688025,2022-09-21,56.81,55.18,57.49,54.5,56.65,10731.9,59960400.0,56.53,59.06,59.98900000000003,62.35,58.01,40.36,-1.2,-0.35,-0.85,杰普特,计算机、通信和其他电子设备制造业,科创板,56.227499999999885,58.0312499999999,59.22666666666677,59.21562500000007,60.304468085106315
688025,2022-09-22,54.52,55.9,57.69,54.17,55.18,12645.4,71055400.0,56.16,58.26,59.635500000000036,62.05,58.13,42.13,-1.33,-0.55,-0.78,杰普特,计算机、通信和其他电子设备制造业,科创板,55.89499999999989,57.5249999999999,58.97583333333344,58.76937500000007,60.393617021276526
688025,2022-09-23,56.28,50.78,56.28,50.41,55.9,35450.7,183611000.0,54.87,57.09,59.098000000000035,61.59,58.15,34.34,-1.81,-0.8,-1.01,杰普特,计算机、通信和其他电子设备制造业,科创板,54.62749999999989,56.28999999999991,58.105833333333436,58.343125000000065,60.40595744680845
688025,2022-09-26,50.6,51.6,52.88,49.56,50.78,17611.9,90691900.0,54.02,56.26,58.53650000000003,61.26,58.18,36.37,-2.11,-1.06,-1.05,杰普特,计算机、通信和其他电子设备制造业,科创板,53.36499999999989,55.11499999999991,57.08583333333343,58.05000000000007,60.39702127659568
688025,2022-09-27,52.0,52.45,52.79,50.52,51.6,18023.6,92782000.0,53.18,55.44,57.909000000000034,60.86,58.2,38.49,-2.25,-1.3,-0.95,杰普特,计算机、通信和其他电子设备制造业,科创板,52.68249999999989,54.454999999999906,56.24833333333344,57.590625000000074,60.315319148936105
688025,2022-09-28,52.4,51.02,53.0,50.4,52.45,13326.5,68247200.0,52.35,54.44,57.308000000000035,60.33,58.26,36.3,-2.44,-1.53,-0.91,杰普特,计算机、通信和其他电子设备制造业,科创板,51.462499999999885,53.6787499999999,55.50416666666677,57.097500000000075,60.238936170212696
688025,2022-09-29,51.28,52.01,52.92,50.11,51.02,10805.6,56003500.0,51.57,53.87,57.028500000000044,59.77,58.32,38.9,-2.49,-1.72,-0.77,杰普特,计算机、通信和其他电子设备制造业,科创板,51.76999999999989,53.1987499999999,54.78333333333344,56.52187500000007,60.21893617021271
688025,2022-09-30,51.47,50.71,53.0,50.65,52.01,10199.4,52646000.0,51.56,53.22,56.74950000000005,59.02,58.34,36.78,-2.61,-1.9,-0.71,杰普特,计算机、通信和其他电子设备制造业,科创板,51.54749999999989,52.4562499999999,53.925833333333436,55.70125000000007,60.114468085106324
688025,2022-10-10,50.7,48.0,50.7,47.69,50.71,14490.6,70358100.0,50.84,52.43,56.15950000000005,58.3,58.33,32.77,-2.88,-2.09,-0.79,杰普特,计算机、通信和其他电子设备制造业,科创板,50.43499999999989,51.5587499999999,53.1150000000001,54.79500000000007,59.88468085106377
688025,2022-10-11,47.95,46.9,48.5,46.6,48.0,9329.78,44415600.0,49.73,51.46,55.55900000000005,57.58,58.29,31.28,-3.16,-2.31,-0.85,杰普特,计算机、通信和其他电子设备制造业,科创板,49.40499999999989,50.4337499999999,52.25416666666677,53.97937500000007,59.623191489361645
688025,2022-10-12,47.2,50.26,50.6,46.57,46.9,12592.7,60900300.0,49.58,50.96,55.011000000000045,56.98,58.28,40.22,-3.06,-2.46,-0.6,杰普特,计算机、通信和其他电子设备制造业,科创板,48.96749999999989,50.36874999999989,51.78833333333343,53.32937500000007,59.405319148936115
688025,2022-10-13,50.0,47.49,50.29,47.49,50.26,16904.7,82195000.0,48.67,50.12,54.19350000000005,56.46,58.23,36.06,-3.18,-2.6,-0.58,杰普特,计算机、通信和其他电子设备制造业,科创板,48.16249999999989,49.85499999999989,51.0250000000001,52.48500000000007,59.13063829787228
688025,2022-10-14,48.0,48.9,49.66,47.35,47.49,13948.4,67682200.0,48.31,49.93,53.51350000000006,56.04,58.18,39.49,-3.11,-2.7,-0.41,杰普特,计算机、通信和其他电子设备制造业,科创板,48.38749999999989,49.41124999999989,50.50166666666677,51.93312500000007,58.90872340425526
688025,2022-10-17,48.85,50.77,50.95,47.55,48.9,15731.3,78024600.0,48.86,49.85,53.054500000000054,55.64,58.18,43.8,-2.88,-2.74,-0.14,杰普特,计算机、通信和其他电子设备制造业,科创板,49.35499999999989,49.37999999999989,50.07416666666677,51.529375000000066,58.784680851063776
688025,2022-10-18,51.18,49.52,51.18,49.2,50.77,12301.9,61276800.0,49.39,49.56,52.497500000000045,55.13,58.15,41.66,-2.77,-2.75,-0.02,杰普特,计算机、通信和其他电子设备制造业,科创板,49.169999999999895,49.06874999999989,49.96916666666677,51.13375000000006,58.629787234042496
688025,2022-10-19,49.05,47.91,49.52,47.82,49.52,13638.5,66048200.0,48.92,49.25,51.84300000000005,54.62,58.11,39.02,-2.78,-2.75,-0.03,杰普特,计算机、通信和其他电子设备制造业,科创板,49.27499999999989,48.71874999999989,49.66166666666677,50.58750000000006,58.3993617021276
688025,2022-10-20,47.5,47.53,48.05,45.7,47.91,14396.5,67609400.0,48.93,48.8,51.33300000000005,54.29,58.04,38.4,-2.78,-2.76,-0.02,杰普特,计算机、通信和其他电子设备制造业,科创板,48.93249999999989,48.6599999999999,49.25166666666676,50.109375000000064,58.14914893617016
688025,2022-10-21,47.8,48.31,48.55,46.47,47.53,9835.88,47034500.0,48.81,48.56,50.88700000000004,54.02,57.9,40.49,-2.69,-2.74,0.05,杰普特,计算机、通信和其他电子设备制造业,科创板,48.31749999999989,48.8362499999999,49.02583333333342,49.63500000000007,57.882340425531865
688025,2022-10-24,48.33,46.38,49.66,46.22,48.31,14713.0,70255700.0,47.93,48.4,50.41350000000005,53.57,57.77,37.14,-2.74,-2.74,0.0,杰普特,计算机、通信和其他电子设备制造业,科创板,47.532499999999885,48.3512499999999,48.55666666666676,49.36000000000007,57.49297872340421
688025,2022-10-25,46.35,48.59,49.28,45.49,46.38,15128.3,72021100.0,47.74,48.57,50.01050000000005,53.23,57.69,42.96,-2.58,-2.71,0.13,杰普特,计算机、通信和其他电子设备制造业,科创板,47.70249999999989,48.4887499999999,48.38000000000009,49.17187500000007,57.1470212765957
688025,2022-10-26,48.75,51.05,51.3,48.03,48.59,21337.2,107028000.0,48.37,48.64,49.80400000000006,52.89,57.62,48.66,-2.22,-2.61,0.39,杰普特,计算机、通信和其他电子设备制造业,科创板,48.58249999999989,48.7574999999999,48.63416666666675,49.084375000000065,56.92723404255315
688025,2022-10-27,50.88,49.04,52.14,49.04,51.05,12858.7,64700400.0,48.67,48.8,49.46100000000006,52.4,57.45,44.73,-2.08,-2.51,0.43,杰普特,计算机、通信和其他电子设备制造业,科创板,48.76499999999989,48.541249999999906,48.812500000000085,48.960625000000064,56.60191489361698
688025,2022-10-28,48.2,44.81,49.04,44.02,49.04,30079.9,138271000.0,47.97,48.39,49.162500000000065,51.81,57.21,37.8,-2.28,-2.46,0.18,杰普特,计算机、通信和其他电子设备制造业,科创板,48.37249999999989,47.95249999999991,48.35833333333343,48.51062500000006,56.12765957446805
688025,2022-10-31,43.99,46.73,47.65,43.99,44.81,16742.4,78182900.0,48.04,47.99,48.91900000000007,51.37,56.98,42.18,-2.26,-2.42,0.16,杰普特,计算机、通信和其他电子设备制造业,科创板,47.907499999999885,47.80499999999991,48.295000000000094,48.26187500000006,55.66021276595741
688025,2022-11-01,46.63,47.7,48.25,45.62,46.73,14003.6,66279100.0,47.87,47.8,48.681500000000064,50.93,56.77,44.31,-2.14,-2.36,0.22,杰普特,计算机、通信和其他电子设备制造业,科创板,47.06999999999988,47.8262499999999,48.1950000000001,48.24312500000006,55.11531914893613
688025,2022-11-02,52.0,52.8,55.3,51.5,47.7,33970.3,181243000.0,48.22,48.29,48.77050000000006,50.66,56.66,53.93,-1.61,-2.21,0.6,杰普特,计算机、通信和其他电子设备制造业,科创板,48.009999999999884,48.3874999999999,48.36416666666676,48.61187500000006,54.75765957446805
688025,2022-11-03,52.2,51.1,52.98,50.83,52.8,20309.1,105062000.0,48.63,48.65,48.72500000000006,50.44,56.57,50.78,-1.32,-2.03,0.71,杰普特,计算机、通信和其他电子设备制造业,科创板,49.58249999999988,48.97749999999991,48.49583333333343,48.664375000000064,54.39021276595741
688025,2022-11-04,51.52,51.98,52.6,50.68,51.1,16031.2,83095300.0,50.06,49.02,48.788500000000056,50.26,56.49,52.33,-1.0,-1.83,0.83,杰普特,计算机、通信和其他电子设备制造业,科创板,50.89499999999988,49.401249999999905,48.8350000000001,48.945000000000064,54.04297872340422
688025,2022-11-07,52.0,52.56,53.28,51.1,51.98,16797.6,87817100.0,51.23,49.64,49.01650000000005,50.15,56.39,53.37,-0.7,-1.6,0.9,杰普特,计算机、通信和其他电子设备制造业,科创板,52.109999999999886,49.589999999999904,49.25416666666678,49.17375000000006,53.82148936170209
688025,2022-11-08,53.0,50.81,53.0,50.15,52.56,19925.5,101533000.0,51.85,49.86,49.21200000000005,49.96,56.25,49.83,-0.59,-1.4,0.81,杰普特,计算机、通信和其他电子设备制造业,科创板,51.61249999999988,49.8112499999999,49.46250000000011,49.17625000000007,53.59340425531911
688025,2022-11-09,51.28,50.33,51.28,49.8,50.81,8215.07,41426300.0,51.36,49.79,49.215500000000056,49.8,56.07,48.87,-0.53,-1.23,0.7,杰普特,计算机、通信和其他电子设备制造业,科创板,51.41999999999988,50.5012499999999,49.79166666666678,49.22687500000007,53.327446808510594
688025,2022-11-10,50.03,48.48,50.85,48.4,50.33,12508.6,61716900.0,50.83,49.73,49.26500000000006,49.55,55.8,45.26,-0.63,-1.11,0.48,杰普特,计算机、通信和其他电子设备制造业,科创板,50.54499999999988,50.7199999999999,49.78250000000011,49.262500000000074,52.97595744680847
688025,2022-11-11,49.93,48.51,50.33,48.44,48.48,16602.5,81623000.0,50.14,50.1,49.24550000000006,49.48,55.53,45.33,-0.71,-1.03,0.32,杰普特,计算机、通信和其他电子设备制造业,科创板,49.53249999999988,50.8212499999999,49.57083333333345,49.323750000000075,52.66680851063826
688025,2022-11-14,49.0,47.41,49.0,47.17,48.51,13059.5,62561000.0,49.11,50.17,49.07750000000006,49.34,55.3,43.14,-0.84,-0.99,0.15,杰普特,计算机、通信和其他电子设备制造业,科创板,48.68249999999988,50.1474999999999,49.435000000000116,49.26750000000007,52.44999999999996
688025,2022-11-15,47.09,49.7,49.87,47.09,47.41,12333.0,60247100.0,48.89,50.37,49.08650000000006,49.24,55.05,48.71,-0.75,-0.94,0.19,杰普特,计算机、通信和其他电子设备制造业,科创板,48.52499999999988,49.9724999999999,49.84250000000012,49.47500000000007,52.30978723404251
688025,2022-11-16,49.71,51.39,52.47,49.71,49.7,17703.6,90890500.0,49.1,50.23,49.260500000000064,49.26,54.79,52.41,-0.54,-0.86,0.32,杰普特,计算机、通信和其他电子设备制造业,科创板,49.25249999999988,49.89874999999989,50.23083333333346,49.65000000000007,52.13085106382974
688025,2022-11-17,51.2,51.3,51.35,49.4,51.39,15025.1,75657700.0,49.66,50.25,49.44900000000007,49.23,54.5,52.19,-0.38,-0.77,0.39,杰普特,计算机、通信和其他电子设备制造业,科创板,49.949999999999875,49.741249999999894,50.53083333333345,49.66562500000007,51.96893617021273
688025,2022-11-18,51.12,51.06,53.12,51.04,51.3,13344.8,69558500.0,50.17,50.16,49.58650000000007,49.24,54.13,51.58,-0.26,-0.66,0.4,杰普特,计算机、通信和其他电子设备制造业,科创板,50.862499999999876,49.772499999999894,50.38583333333346,49.791875000000076,51.75276595744677
688025,2022-11-21,50.0,52.62,52.68,50.0,51.06,13824.8,71458600.0,51.21,50.16,49.89850000000006,49.4,53.85,55.25,-0.05,-0.54,0.49,杰普特,计算机、通信和其他电子设备制造业,科创板,51.59249999999987,50.0587499999999,50.512500000000124,50.28000000000007,51.514042553191445
688025,2022-11-22,52.68,53.0,56.49,52.59,52.62,21963.9,119185000.0,51.87,50.38,50.11900000000006,49.6,53.59,56.12,0.15,-0.4,0.55,杰普特,计算机、通信和其他电子设备制造业,科创板,51.99499999999988,50.623749999999895,50.59750000000012,50.67187500000007,51.31191489361698
688025,2022-11-23,52.5,52.1,53.79,50.8,53.0,10496.7,54449700.0,52.02,50.56,50.17150000000006,49.66,53.32,53.47,0.24,-0.27,0.51,杰普特,计算机、通信和其他电子设备制造业,科创板,52.19499999999988,51.0724999999999,50.55916666666678,50.94687500000007,51.14489361702124
688025,2022-11-24,52.68,53.0,53.37,51.36,52.1,9951.41,52203900.0,52.36,51.01,50.36950000000006,49.85,53.16,55.72,0.37,-0.15,0.52,杰普特,计算机、通信和其他电子设备制造业,科创板,52.67999999999988,51.771249999999895,50.74166666666679,50.95937500000007,50.98191489361698
688025,2022-11-25,53.03,50.13,53.2,50.02,53.0,11649.4,59391600.0,52.17,51.17,50.63550000000007,49.89,52.97,47.77,0.25,-0.07,0.32,杰普特,计算机、通信和其他电子设备制造业,科创板,52.05749999999988,51.824999999999896,50.725000000000115,50.89875000000007,50.75063829787231
688025,2022-11-28,49.15,48.48,49.83,48.03,50.13,10985.4,53401600.0,51.34,51.28,50.72300000000007,49.81,52.73,43.89,0.01,-0.05,0.06,杰普特,计算机、通信和其他电子设备制造业,科创板,50.92749999999988,51.4612499999999,50.725000000000115,50.68000000000007,50.55382978723401
688025,2022-11-29,48.48,48.45,49.7,47.75,48.48,13772.9,67127500.0,50.43,51.15,50.76050000000007,49.78,52.45,43.82,-0.17,-0.07,-0.1,杰普特,计算机、通信和其他电子设备制造业,科创板,50.01499999999988,51.1049999999999,50.72000000000012,50.42312500000007,50.36702127659571
688025,2022-11-30,48.8,47.28,48.8,47.22,48.45,15963.7,76115900.0,49.47,50.74,50.48450000000007,49.75,52.19,41.08,-0.41,-0.14,-0.27,杰普特,计算机、通信和其他电子设备制造业,科创板,48.58499999999988,50.6324999999999,50.70916666666679,50.20250000000007,50.184680851063796
688025,2022-12-01,48.0,48.85,49.89,47.51,47.28,17619.0,86263700.0,48.64,50.5,50.372000000000064,49.8,52.04,45.96,-0.46,-0.21,-0.25,杰普特,计算机、通信和其他电子设备制造业,科创板,48.26499999999988,50.1612499999999,50.638333333333456,50.11000000000007,50.01872340425528
688025,2022-12-02,49.01,49.58,51.91,48.9,48.85,11514.7,57697100.0,48.53,50.35,50.252000000000066,49.84,51.93,48.11,-0.44,-0.25,-0.19,杰普特,计算机、通信和其他电子设备制造业,科创板,48.539999999999885,49.7337499999999,50.487500000000125,50.17875000000007,49.89957446808507
688025,2022-12-05,50.07,48.58,51.06,48.32,49.58,16182.8,79397500.0,48.55,49.94,50.05300000000007,49.91,51.74,45.44,-0.51,-0.3,-0.21,杰普特,计算机、通信和其他电子设备制造业,科创板,48.57249999999989,49.293749999999896,50.260833333333466,50.183125000000075,49.743829787234006
688025,2022-12-06,48.4,52.88,53.89,48.4,48.58,45641.9,235400000.0,49.43,49.93,50.15650000000007,50.06,51.64,56.6,-0.2,-0.28,0.08,杰普特,计算机、通信和其他电子设备制造业,科创板,49.97249999999989,49.278749999999896,50.412500000000136,50.52500000000008,49.78851063829783
688025,2022-12-07,52.61,50.75,53.3,50.2,52.88,25350.8,130601000.0,50.13,49.8,50.17750000000007,50.05,51.47,51.03,-0.14,-0.25,0.11,杰普特,计算机、通信和其他电子设备制造业,科创板,50.44749999999989,49.356249999999896,50.2566666666668,50.590625000000074,49.77042553191485
688025,2022-12-08,50.82,50.45,51.3,49.95,50.75,13071.8,66195200.0,50.45,49.54,50.27600000000007,50.09,51.24,50.28,-0.1,-0.22,0.12,杰普特,计算机、通信和其他电子设备制造业,科创板,50.66499999999989,49.60249999999989,50.044166666666804,50.53187500000008,49.72787234042549
688025,2022-12-09,50.44,50.73,52.18,50.22,50.45,13871.2,71013900.0,50.68,49.6,50.38700000000007,50.29,51.05,51.01,-0.05,-0.19,0.14,杰普特,计算机、通信和其他电子设备制造业,科创板,51.20249999999989,49.887499999999896,49.93000000000014,50.49625000000008,49.72170212765954
688025,2022-12-12,50.68,51.44,52.07,49.88,50.73,11803.8,60226500.0,51.25,49.9,50.588500000000074,50.45,50.91,52.88,0.04,-0.14,0.18,杰普特,计算机、通信和其他电子设备制造业,科创板,50.84249999999989,50.4074999999999,49.800000000000146,50.52000000000008,49.709574468085066
688025,2022-12-13,51.44,49.52,51.5,49.4,51.44,9185.99,46037900.0,50.58,50.01,50.579500000000074,50.51,50.72,47.58,-0.03,-0.12,0.09,杰普特,计算机、通信和其他电子设备制造业,科创板,50.53499999999989,50.491249999999894,49.74916666666681,50.32625000000008,49.684255319148896
688025,2022-12-14,50.01,49.33,50.63,49.18,49.52,7183.64,35810000.0,50.29,50.21,50.47650000000007,50.39,50.53,47.08,-0.12,-0.12,0.0,杰普特,计算机、通信和其他电子设备制造业,科创板,50.254999999999896,50.459999999999894,49.82000000000014,50.09687500000008,49.71255319148932
688025,2022-12-15,49.49,50.42,50.47,48.63,49.33,6643.92,33253500.0,50.29,50.37,50.432500000000076,50.37,50.4,50.32,-0.09,-0.11,0.02,杰普特,计算机、通信和其他电子设备制造业,科创板,50.1774999999999,50.6899999999999,49.9841666666668,49.99187500000008,49.787446808510595
688025,2022-12-16,50.28,47.21,50.28,47.19,50.42,15868.4,76170400.0,49.58,50.13,50.24000000000008,50.21,50.24,42.13,-0.32,-0.16,-0.16,杰普特,计算机、通信和其他电子设备制造业,科创板,49.119999999999905,49.981249999999896,49.978333333333474,49.63000000000008,49.72255319148931
688025,2022-12-19,47.08,46.62,47.73,46.26,47.21,10133.2,47452800.0,48.62,49.94,49.94000000000007,50.01,50.08,40.82,-0.54,-0.23,-0.31,杰普特,计算机、通信和其他电子设备制造业,科创板,48.394999999999904,49.4649999999999,49.79250000000014,49.41062500000008,49.70404255319144
688025,2022-12-20,46.06,46.66,47.3,46.06,46.62,5126.52,24023300.0,48.05,49.31,49.62300000000007,49.88,49.92,40.95,-0.71,-0.33,-0.38,杰普特,计算机、通信和其他电子设备制造业,科创板,47.72749999999991,48.9912499999999,49.5491666666668,49.29687500000008,49.65638297872336
688025,2022-12-21,46.79,45.04,47.23,44.5,46.66,11745.9,53458800.0,47.19,48.74,49.27000000000007,49.7,49.75,37.26,-0.96,-0.45,-0.51,杰普特,计算机、通信和其他电子设备制造业,科创板,46.38249999999991,48.2799999999999,49.2541666666668,49.08375000000007,49.53446808510633
688025,2022-12-22,45.43,44.42,45.43,44.28,45.04,7962.17,35681200.0,45.99,48.14,48.841000000000065,49.56,49.56,35.92,-1.21,-0.61,-0.6,杰普特,计算机、通信和其他电子设备制造业,科创板,45.68499999999991,47.402499999999904,48.54916666666679,48.90500000000007,49.42595744680846
688025,2022-12-23,44.01,42.7,44.28,42.1,44.42,10929.4,46799700.0,45.09,47.34,48.46950000000007,49.37,49.42,32.45,-1.51,-0.79,-0.72,杰普特,计算机、通信和其他电子设备制造业,科创板,44.70499999999991,46.549999999999905,47.878333333333465,48.520625000000074,49.315106382978676
688025,2022-12-26,42.98,44.65,44.88,42.23,42.7,8662.34,38318000.0,44.69,46.66,48.27800000000006,49.28,49.31,39.58,-1.58,-0.95,-0.63,杰普特,计算机、通信和其他电子设备制造业,科创板,44.202499999999915,45.964999999999904,47.395000000000124,48.21250000000007,49.25382978723399
688025,2022-12-27,45.0,45.32,45.87,43.8,44.65,8131.37,36566200.0,44.43,46.24,48.12150000000007,49.13,49.19,41.86,-1.56,-1.07,-0.49,杰普特,计算机、通信和其他电子设备制造业,科创板,44.272499999999916,45.3274999999999,46.944166666666796,48.00875000000007,49.1902127659574
688025,2022-12-28,44.79,44.76,45.58,44.56,45.32,4952.05,22276300.0,44.37,45.78,47.995500000000064,48.91,49.08,40.48,-1.57,-1.17,-0.4,杰普特,计算机、通信和其他电子设备制造业,科创板,44.357499999999916,45.0212499999999,46.387500000000124,47.50125000000007,49.15574468085102
688025,2022-12-29,44.95,45.14,45.88,44.43,44.76,5927.62,26874700.0,44.51,45.25,47.810000000000066,48.71,48.97,41.88,-1.53,-1.24,-0.29,杰普特,计算机、通信和其他电子设备制造业,科创板,44.967499999999916,44.8362499999999,46.02250000000012,47.15062500000007,49.08234042553186
688025,2022-12-30,45.38,44.39,45.38,44.12,45.14,7131.73,31772100.0,44.85,44.97,47.55050000000006,48.48,48.86,39.89,-1.55,-1.3,-0.25,杰普特,计算机、通信和其他电子设备制造业,科创板,44.90249999999991,44.552499999999895,45.61083333333345,46.771875000000065,48.94063829787228
688025,2023-01-03,44.4,47.0,47.14,44.0,44.39,12737.7,58265300.0,45.32,45.01,47.47150000000006,48.3,48.85,48.95,-1.33,-1.31,-0.02,杰普特,计算机、通信和其他电子设备制造业,科创板,45.32249999999991,44.79749999999989,45.325833333333456,46.538750000000064,48.89723404255314
688025,2023-01-04,47.0,46.09,47.29,45.7,47.0,7982.37,36957700.0,45.48,44.95,47.13200000000006,48.07,48.83,46.33,-1.22,-1.29,0.07,杰普特,计算机、通信和其他电子设备制造业,科创板,45.654999999999916,45.00624999999989,45.23250000000012,46.20437500000007,48.924468085106334
688025,2023-01-05,46.09,47.36,48.25,45.84,46.09,10439.8,49246300.0,46.0,45.18,46.96250000000006,47.91,48.79,50.32,-1.02,-1.24,0.22,杰普特,计算机、通信和其他电子设备制造业,科创板,46.20999999999992,45.58874999999989,45.29416666666679,46.06937500000007,48.93787234042548
688025,2023-01-06,47.32,48.6,49.48,47.03,47.36,12725.7,61852100.0,46.69,45.6,46.87000000000006,47.76,48.8,53.93,-0.75,-1.14,0.39,杰普特,计算机、通信和其他电子设备制造业,科创板,47.26249999999992,46.0824999999999,45.45583333333346,46.02375000000007,48.9570212765957
688025,2023-01-09,48.8,50.95,51.1,48.8,48.6,31060.2,156063000.0,48.0,46.43,46.881000000000064,47.79,48.84,59.88,-0.34,-0.98,0.64,杰普特,计算机、通信和其他电子设备制造业,科创板,48.249999999999915,46.786249999999896,45.948333333333466,46.056875000000076,48.91765957446803
688025,2023-01-10,50.42,50.77,51.18,49.96,50.95,15747.5,79717800.0,48.75,47.04,46.84750000000006,47.86,48.84,59.25,-0.03,-0.79,0.76,杰普特,计算机、通信和其他电子设备制造业,科创板,49.419999999999916,47.537499999999895,46.477500000000134,46.27937500000007,48.91063829787229
688025,2023-01-11,50.23,49.77,50.92,49.6,50.77,11166.1,56018400.0,49.49,47.48,46.860000000000056,47.91,48.84,55.73,0.12,-0.61,0.73,杰普特,计算机、通信和其他电子设备制造业,科创板,50.02249999999992,48.116249999999894,47.0666666666668,46.47625000000007,48.86361702127654
688025,2023-01-12,49.42,49.5,50.66,49.0,49.77,11025.2,54556400.0,49.92,47.96,46.868500000000054,47.98,48.87,54.79,0.23,-0.44,0.67,杰普特,计算机、通信和其他电子设备制造业,科创板,50.247499999999924,48.754999999999896,47.470833333333466,46.65375000000007,48.79851063829782
688025,2023-01-13,49.5,49.23,50.43,48.5,49.5,8146.25,39935400.0,50.04,48.37,46.80900000000006,48.0,48.9,53.81,0.29,-0.29,0.58,杰普特,计算机、通信和其他电子设备制造业,科创板,49.817499999999924,49.0337499999999,47.796666666666795,46.91562500000008,48.76489361702122
688025,2023-01-16,49.4,50.28,51.39,49.23,49.23,12261.0,62143600.0,49.91,48.96,46.962500000000055,48.02,48.93,57.03,0.41,-0.15,0.56,杰普特,计算机、通信和其他电子设备制造业,科创板,49.69499999999992,49.55749999999989,48.256666666666796,47.28187500000008,48.763829787233995
688025,2023-01-17,50.07,51.71,52.08,50.07,50.28,14504.3,74416800.0,50.1,49.43,47.217000000000056,48.12,49.02,61.03,0.62,0.0,0.62,杰普特,计算机、通信和其他电子设备制造业,科创板,50.17999999999992,50.10124999999989,48.804166666666795,47.84500000000008,48.83255319148932
688025,2023-01-18,51.55,53.99,54.44,50.82,51.71,24420.2,129281000.0,50.94,50.22,47.58350000000006,48.16,49.11,66.39,0.96,0.19,0.77,杰普特,计算机、通信和其他电子设备制造业,科创板,51.302499999999924,50.774999999999885,49.6041666666668,48.42875000000008,48.949148936170154
688025,2023-01-19,53.9,57.73,58.46,53.9,53.99,38760.3,218548000.0,52.59,51.25,48.21800000000006,48.39,49.22,72.96,1.51,0.46,1.05,杰普特,计算机、通信和其他电子设备制造业,科创板,53.42749999999993,51.62249999999989,50.49833333333347,49.20437500000008,49.16872340425527
688025,2023-01-20,58.36,57.73,58.98,56.03,57.73,32693.4,187358000.0,54.29,52.17,48.88350000000007,48.64,49.36,72.96,1.93,0.75,1.18,杰普特,计算机、通信和其他电子设备制造业,科创板,55.28999999999993,52.49249999999989,51.46833333333347,50.01500000000008,49.33957446808506
688025,2023-01-30,57.85,60.4,60.6,57.07,57.73,36417.8,214669000.0,56.31,53.11,49.76850000000006,48.96,49.62,76.73,2.44,1.09,1.35,杰普特,计算机、通信和其他电子设备制造业,科创板,57.46249999999993,53.82124999999989,52.55500000000013,50.96875000000008,49.531276595744636
688025,2023-01-31,59.25,60.31,64.68,57.51,60.4,51917.6,317786000.0,58.03,54.06,50.55150000000006,49.25,49.85,76.34,2.81,1.43,1.38,杰普特,计算机、通信和其他电子设备制造业,科创板,59.04249999999993,55.17249999999989,53.53083333333347,51.96375000000008,49.72297872340421
688025,2023-02-01,61.0,63.3,63.65,59.29,60.31,51418.3,314914000.0,59.89,55.42,51.45050000000007,49.71,50.11,79.95,3.31,1.81,1.5,杰普特,计算机、通信和其他电子设备制造业,科创板,60.43499999999994,56.93124999999989,54.56000000000012,52.98250000000008,49.98340425531911
688025,2023-02-02,62.48,60.45,63.19,59.01,63.3,49968.7,303134000.0,60.44,56.51,52.23500000000007,50.08,50.24,69.12,3.43,2.13,1.3,杰普特,计算机、通信和其他电子设备制造业,科创板,61.114999999999945,58.2024999999999,55.366666666666795,53.88000000000008,50.149999999999956
688025,2023-02-03,61.5,62.06,63.5,60.57,60.45,49473.9,306235000.0,61.3,57.8,53.08100000000006,50.47,50.42,71.47,3.62,2.43,1.19,杰普特,计算机、通信和其他电子设备制造业,科创板,61.52999999999994,59.4962499999999,56.39083333333347,54.79875000000008,50.342765957446765
688025,2023-02-06,60.79,60.5,61.5,58.06,62.06,38633.2,231083000.0,61.32,58.82,53.886500000000055,50.91,50.56,66.22,3.6,2.66,0.94,杰普特,计算机、通信和其他电子设备制造业,科创板,61.577499999999944,60.30999999999989,57.30750000000014,55.542500000000075,50.52148936170208
688025,2023-02-07,60.5,60.0,62.49,59.11,60.5,32980.0,200250000.0,61.26,59.65,54.53650000000006,51.36,50.69,64.58,3.51,2.83,0.68,杰普特,计算机、通信和其他电子设备制造业,科创板,60.75249999999994,60.593749999999886,58.20500000000013,56.10812500000007,50.67042553191485
688025,2023-02-08,59.03,59.78,61.2,58.7,60.0,20117.7,119856000.0,60.56,60.23,55.22100000000006,51.8,50.84,63.83,3.37,2.94,0.43,杰普特,计算机、通信和其他电子设备制造业,科创板,60.58499999999994,60.84999999999988,58.996666666666805,56.67125000000007,50.87574468085102
688025,2023-02-09,59.86,62.15,63.8,59.19,59.78,31014.0,192236000.0,60.9,60.67,55.96050000000007,52.37,51.03,68.12,3.41,3.03,0.38,杰普特,计算机、通信和其他电子设备制造业,科创板,60.60749999999993,61.06874999999988,59.866666666666795,57.44500000000007,51.16659574468081
688025,2023-02-10,61.9,61.51,63.35,60.78,62.15,22106.4,136767000.0,60.79,61.05,56.60600000000007,52.94,51.25,65.85,3.37,3.1,0.27,杰普特,计算机、通信和其他电子设备制造业,科创板,60.85999999999993,61.21874999999988,60.49333333333346,58.19562500000007,51.44446808510635
688025,2023-02-13,61.01,60.32,61.5,59.59,61.51,29225.8,176162000.0,60.75,61.04,57.07450000000007,53.52,51.45,61.72,3.19,3.12,0.07,杰普特,计算机、通信和其他电子设备制造业,科创板,60.93999999999993,60.84624999999988,60.709166666666796,58.88875000000007,51.72191489361699
688025,2023-02-14,60.0,60.07,61.66,59.5,60.32,14937.3,90237500.0,60.77,61.01,57.53950000000007,54.04,51.66,60.86,2.99,3.09,-0.1,杰普特,计算机、通信和其他电子设备制造业,科创板,61.012499999999925,60.79874999999988,60.904166666666804,59.50062500000008,51.960638297872315
688025,2023-02-15,60.4,59.89,61.13,59.62,60.07,11343.5,68276600.0,60.79,60.67,58.045500000000075,54.52,51.83,60.21,2.79,3.03,-0.24,杰普特,计算机、通信和其他电子设备制造业,科创板,60.44749999999993,60.52749999999988,60.8616666666668,60.011875000000074,52.17999999999997
688025,2023-02-16,60.14,56.85,60.77,56.37,59.89,26777.8,155505000.0,59.73,60.31,58.41300000000007,54.93,51.92,50.39,2.36,2.9,-0.54,杰普特,计算机、通信和其他电子设备制造业,科创板,59.28249999999993,60.07124999999988,60.57333333333347,60.190625000000075,52.35595744680848
688025,2023-02-17,56.96,55.5,57.39,55.02,56.85,21288.4,119224000.0,58.53,59.66,58.726500000000065,55.27,51.99,46.75,1.88,2.69,-0.81,杰普特,计算机、通信和其他电子设备制造业,科创板,58.07749999999993,59.50874999999988,59.92333333333348,60.051250000000074,52.411702127659545
688025,2023-02-20,55.5,55.4,55.55,53.98,55.5,17699.2,96889600.0,57.54,59.15,58.98250000000007,55.64,52.06,46.48,1.49,2.45,-0.96,杰普特,计算机、通信和其他电子设备制造业,科创板,56.909999999999926,58.96124999999988,59.50250000000014,59.90562500000007,52.51063829787231
688025,2023-02-21,55.2,55.31,57.03,54.69,55.4,17784.8,99067500.0,56.59,58.68,59.162500000000065,55.92,52.11,46.22,1.16,2.19,-1.03,杰普特,计算机、通信和其他电子设备制造业,科创板,55.76499999999993,58.10624999999989,58.94000000000015,59.58750000000007,52.61404255319146
688025,2023-02-22,55.0,57.12,58.3,55.0,55.31,20240.7,115516000.0,56.04,58.41,59.31900000000006,56.28,52.18,51.98,1.01,1.96,-0.95,杰普特,计算机、通信和其他电子设备制造业,科创板,55.83249999999993,57.55749999999989,58.65833333333348,59.38812500000007,52.74999999999997
688025,2023-02-23,56.79,56.64,57.86,56.16,57.12,12343.5,70230200.0,55.99,57.86,59.26450000000007,56.59,52.25,50.44,0.86,1.74,-0.88,杰普特,计算机、通信和其他电子设备制造业,科创板,56.117499999999936,57.09749999999989,58.37833333333348,58.971875000000075,52.860638297872306
688025,2023-02-24,56.35,56.19,57.48,55.8,56.64,9104.58,51324500.0,56.13,57.33,59.18750000000007,56.85,52.3,48.97,0.7,1.53,-0.83,杰普特,计算机、通信和其他电子设备制造业,科创板,56.314999999999934,56.61249999999989,58.07916666666682,58.70562500000007,53.00255319148933
688025,2023-02-27,56.11,55.59,57.1,55.22,56.19,9839.66,55216500.0,56.17,56.86,58.94700000000006,57.0,52.4,47.01,0.52,1.33,-0.81,杰普特,计算机、通信和其他电子设备制造业,科创板,56.384999999999934,56.07499999999989,57.53250000000016,58.30125000000007,53.13574468085104
688025,2023-02-28,56.06,56.05,56.89,55.3,55.59,10098.7,56476900.0,56.32,56.45,58.73400000000006,57.18,52.52,48.7,0.4,1.14,-0.74,杰普特,计算机、通信和其他电子设备制造业,科创板,56.117499999999936,55.97499999999989,57.07750000000016,58.023125000000064,53.255531914893595
688025,2023-03-01,56.05,56.49,57.5,54.91,56.05,19564.2,109467000.0,56.19,56.11,58.39350000000006,57.4,52.66,50.34,0.34,0.98,-0.64,杰普特,计算机、通信和其他电子设备制造业,科创板,56.07999999999994,56.09874999999989,56.75833333333349,57.803750000000065,53.45297872340423
688025,2023-03-02,56.49,55.6,57.63,55.2,56.49,12401.6,69670500.0,55.98,55.99,58.15100000000005,57.6,52.79,47.07,0.21,0.83,-0.62,杰普特,计算机、通信和其他电子设备制造业,科创板,55.93249999999995,56.123749999999895,56.38583333333349,57.54250000000007,53.64404255319146
688025,2023-03-03,55.52,56.1,57.2,55.14,55.6,16374.0,92329300.0,55.97,56.05,57.85300000000005,57.83,52.91,49.07,0.16,0.69,-0.53,杰普特,计算机、通信和其他电子设备制造业,科创板,56.05999999999995,56.2224999999999,56.07000000000016,57.16437500000007,53.84489361702125
688025,2023-03-06,55.73,56.54,57.46,55.21,56.1,17638.2,99835800.0,56.16,56.16,57.65500000000005,58.04,53.03,50.84,0.14,0.58,-0.44,杰普特,计算机、通信和其他电子设备制造业,科创板,56.18249999999995,56.1499999999999,56.04416666666682,56.85375000000007,54.089574468085075
688025,2023-03-07,56.89,54.3,57.2,54.3,56.54,12578.9,69869300.0,55.81,56.06,57.37000000000005,58.13,53.13,42.73,-0.04,0.46,-0.5,杰普特,计算机、通信和其他电子设备制造业,科创板,55.63499999999995,55.8574999999999,55.94416666666681,56.47750000000006,54.299787234042526
688025,2023-03-08,54.05,54.39,55.37,53.85,54.3,14328.0,77973300.0,55.39,55.79,57.10050000000005,58.14,53.15,43.12,-0.18,0.33,-0.51,杰普特,计算机、通信和其他电子设备制造业,科创板,55.332499999999946,55.6324999999999,55.86000000000015,56.12250000000006,54.54851063829785
688025,2023-03-09,54.29,53.88,54.79,53.63,54.39,9757.73,52837100.0,55.04,55.51,56.687000000000054,58.01,53.2,41.39,-0.33,0.2,-0.53,杰普特,计算机、通信和其他电子设备制造业,科创板,54.777499999999954,55.4187499999999,55.74083333333348,55.74687500000006,54.744893617021255
688025,2023-03-10,54.26,52.6,54.26,52.28,53.88,12994.3,68940700.0,54.34,55.15,56.24150000000005,57.84,53.24,37.33,-0.55,0.05,-0.6,杰普特,计算机、通信和其他电子设备制造业,科创板,53.792499999999954,54.987499999999905,55.36416666666681,55.48125000000006,54.89978723404252
688025,2023-03-13,52.2,51.71,53.0,51.38,52.6,11019.8,57194300.0,53.38,54.77,55.81100000000006,57.55,53.26,34.78,-0.78,-0.12,-0.66,杰普特,计算机、通信和其他电子设备制造业,科创板,53.14499999999995,54.3899999999999,54.95333333333348,55.24437500000006,55.04765957446805
688025,2023-03-14,51.93,51.07,51.96,49.99,51.71,9284.97,47380600.0,52.73,54.27,55.36100000000006,57.25,53.25,33.04,-1.01,-0.3,-0.71,杰普特,计算机、通信和其他电子设备制造业,科创板,52.314999999999955,53.8237499999999,54.52666666666681,54.97375000000007,55.17382978723401
688025,2023-03-15,51.35,53.45,54.85,51.35,51.07,18498.4,98902400.0,52.54,53.96,55.03900000000006,56.92,53.31,44.25,-0.99,-0.43,-0.56,杰普特,计算机、通信和其他电子设备制造业,科创板,52.20749999999995,53.49249999999989,54.34833333333348,54.85750000000007,55.36659574468082
688025,2023-03-16,53.22,51.11,53.41,50.9,53.45,11760.3,61045800.0,51.99,53.52,54.75200000000005,56.61,53.34,37.59,-1.14,-0.58,-0.56,杰普特,计算机、通信和其他电子设备制造业,科创板,51.83499999999996,52.81374999999989,53.93666666666682,54.48187500000007,55.454042553191464
688025,2023-03-17,51.35,52.25,52.28,50.6,51.11,15842.2,81760200.0,51.92,53.13,54.58950000000006,56.28,53.38,42.16,-1.15,-0.69,-0.46,杰普特,计算机、通信和其他电子设备制造业,科创板,51.96999999999995,52.55749999999989,53.583333333333485,54.207500000000074,55.585106382978694
688025,2023-03-20,52.1,53.65,54.29,50.4,52.25,18792.0,98999200.0,52.31,52.84,54.50200000000005,56.05,53.48,47.27,-1.05,-0.76,-0.29,杰普特,计算机、通信和其他电子设备制造业,科创板,52.61499999999995,52.46499999999989,53.42083333333348,54.04875000000007,55.718936170212736
688025,2023-03-21,53.47,54.73,54.73,52.76,53.65,12906.6,69529100.0,53.04,52.88,54.473000000000056,55.87,53.62,50.87,-0.86,-0.78,-0.08,杰普特,计算机、通信和其他电子设备制造业,科创板,52.93499999999996,52.57124999999989,53.306666666666814,53.99500000000007,55.84936170212763
688025,2023-03-22,54.5,55.1,56.56,54.2,54.73,18372.4,101472000.0,53.37,52.96,54.37200000000006,55.72,53.76,52.08,-0.68,-0.76,0.08,杰普特,计算机、通信和其他电子设备制造业,科创板,53.93249999999996,52.88374999999989,53.18666666666682,53.93562500000007,55.93765957446806
688025,2023-03-23,54.9,56.16,56.28,54.23,55.1,18867.2,104301000.0,54.38,53.18,54.348000000000056,55.52,53.94,55.46,-0.44,-0.7,0.26,杰普特,计算机、通信和其他电子设备制造业,科创板,54.90999999999997,53.43999999999989,53.34166666666682,53.91500000000007,56.05234042553189
688025,2023-03-24,56.9,58.0,62.06,56.9,56.16,52211.1,310325000.0,55.53,53.72,54.438500000000055,55.4,54.17,60.65,-0.1,-0.58,0.48,杰普特,计算机、通信和其他电子设备制造业,科创板,55.99749999999997,54.30624999999989,53.642500000000155,54.06500000000007,56.227446808510614
688025,2023-03-27,59.0,57.83,59.37,56.3,58.0,29054.8,168545000.0,56.36,54.34,54.550500000000056,55.32,54.42,59.95,0.15,-0.43,0.58,杰普特,计算机、通信和其他电子设备制造业,科创板,56.77249999999997,54.85374999999989,53.97166666666683,54.17312500000007,56.4046808510638
688025,2023-03-28,57.64,55.61,57.77,55.08,57.83,23210.4,130126000.0,56.54,54.79,54.52850000000005,55.17,54.6,51.63,0.17,-0.31,0.48,杰普特,计算机、通信和其他电子设备制造业,科创板,56.89999999999997,55.41624999999989,54.22250000000016,54.11500000000007,56.54042553191486
688025,2023-03-29,56.53,55.96,56.83,55.22,55.61,13668.7,76710000.0,56.71,55.04,54.50200000000005,55.04,54.78,52.75,0.21,-0.21,0.42,杰普特,计算机、通信和其他电子设备制造业,科创板,56.84999999999997,55.87999999999989,54.576666666666824,54.21875000000008,56.66127659574465
688025,2023-03-30,57.99,59.55,59.98,56.83,55.96,53291.0,313485000.0,57.39,55.88,54.69950000000006,55.13,55.03,62.33,0.53,-0.06,0.59,杰普特,计算机、通信和其他电子设备制造业,科创板,57.23749999999997,56.61749999999989,55.28333333333348,54.541250000000076,56.82808510638295
688025,2023-03-31,57.98,52.51,57.98,51.7,59.55,56502.6,303001000.0,56.29,55.91,54.52000000000006,55.03,55.15,43.64,0.21,-0.01,0.22,杰普特,计算机、通信和其他电子设备制造业,科创板,55.90749999999997,56.33999999999989,55.20500000000015,54.455625000000076,56.796595744680836
688025,2023-04-03,52.03,53.1,53.39,50.81,52.51,31808.3,166230000.0,55.35,55.86,54.348000000000056,54.95,55.3,45.13,0.0,0.0,0.0,杰普特,计算机、通信和其他电子设备制造业,科创板,55.27999999999997,56.08999999999989,55.37083333333348,54.486875000000076,56.698085106382955
688025,2023-04-04,52.76,51.3,53.39,51.1,53.1,28380.0,147654000.0,54.48,55.51,54.19800000000006,54.82,55.37,41.53,-0.31,-0.07,-0.24,杰普特,计算机、通信和其他电子设备制造业,科创板,54.114999999999974,55.48249999999989,55.291666666666806,54.46125000000007,56.561276595744665
688025,2023-04-06,50.8,52.45,52.97,50.29,51.3,25173.8,130176000.0,53.78,55.25,54.101000000000056,54.66,55.47,44.57,-0.45,-0.14,-0.31,杰普特,计算机、通信和其他电子设备制造业,科创板,52.339999999999975,54.78874999999989,55.19166666666681,54.54750000000007,56.39212765957445
688025,2023-04-07,52.5,52.81,53.1,51.75,52.45,16908.6,88726300.0,52.43,54.91,54.04750000000005,54.54,55.57,45.52,-0.53,-0.22,-0.31,杰普特,计算机、通信和其他电子设备制造业,科创板,52.41499999999998,54.16124999999989,55.03166666666681,54.507500000000064,56.23255319148934
688025,2023-04-10,53.19,52.72,55.8,52.66,52.81,28463.7,153438000.0,52.48,54.38,54.05350000000006,54.42,55.63,45.31,-0.6,-0.3,-0.3,杰普特,计算机、通信和其他电子设备制造业,科创板,52.31999999999997,53.79999999999988,54.83333333333348,54.608125000000065,56.00744680851061
688025,2023-04-11,53.1,51.93,53.13,51.2,52.72,17098.7,89170600.0,52.24,53.79,54.06450000000005,54.3,55.65,43.42,-0.69,-0.37,-0.32,杰普特,计算机、通信和其他电子设备制造业,科创板,52.477499999999964,53.29624999999989,54.48083333333347,54.58812500000006,55.82617021276592
688025,2023-04-12,54.47,54.98,56.32,53.6,51.93,34283.6,187502000.0,52.98,53.73,54.26000000000006,54.26,55.72,51.8,-0.53,-0.41,-0.12,杰普特,计算机、通信和其他电子设备制造业,科创板,53.10999999999997,52.72499999999989,54.229166666666806,54.671250000000065,55.67553191489359
688025,2023-04-13,54.98,52.17,54.98,51.98,54.98,24872.1,132857000.0,52.92,53.35,54.19600000000006,54.12,55.76,45.16,-0.62,-0.45,-0.17,杰普特,计算机、通信和其他电子设备制造业,科创板,52.949999999999974,52.68249999999989,53.757500000000135,54.51125000000006,55.498297872340395
688025,2023-04-14,52.17,53.36,53.79,51.84,52.17,19873.3,105020000.0,53.03,52.73,54.30850000000006,54.04,55.82,48.19,-0.58,-0.47,-0.11,杰普特,计算机、通信和其他电子设备制造业,科创板,53.10999999999998,52.71499999999989,53.570000000000135,54.40250000000006,55.35702127659572
688025,2023-04-17,53.21,52.3,54.18,51.8,53.36,18897.9,99216500.0,52.95,52.71,54.31100000000006,53.92,55.88,45.77,-0.63,-0.51,-0.12,杰普特,计算机、通信和其他电子设备制造业,科创板,53.20249999999997,52.83999999999989,53.26500000000013,54.16125000000006,55.197872340425505
688025,2023-04-18,52.25,53.27,53.78,50.88,52.3,23605.8,124137000.0,53.22,52.73,54.29200000000005,53.81,55.93,48.33,-0.59,-0.52,-0.07,杰普特,计算机、通信和其他电子设备制造业,科创板,52.77499999999997,52.94249999999989,52.741666666666795,53.86562500000006,55.00893617021274
688025,2023-04-19,52.8,52.56,53.59,52.0,53.27,18672.5,98560000.0,52.73,52.86,54.18350000000005,53.75,55.94,46.59,-0.6,-0.54,-0.06,杰普特,计算机、通信和其他电子设备制造业,科创板,52.87249999999996,52.91124999999989,52.74583333333347,53.53625000000006,54.81851063829784
688025,2023-04-20,52.43,52.37,53.0,51.13,52.56,15708.0,81771300.0,52.77,52.85,54.04700000000005,53.68,55.91,46.12,-0.62,-0.55,-0.07,杰普特,计算机、通信和其他电子设备制造业,科创板,52.62499999999996,52.86749999999989,52.68500000000014,53.33375000000006,54.64936170212762
688025,2023-04-21,52.06,48.37,52.3,48.37,52.37,21814.2,108465000.0,51.77,52.4,53.65750000000004,53.5,55.76,37.43,-0.95,-0.63,-0.32,杰普特,计算机、通信和其他电子设备制造业,科创板,51.642499999999956,52.42249999999989,52.44083333333347,52.85937500000006,54.40042553191485
688025,2023-04-24,48.61,47.64,49.0,47.39,48.37,12789.3,61574300.0,50.84,51.9,53.13950000000004,53.33,55.59,36.1,-1.26,-0.76,-0.5,杰普特,计算机、通信和其他电子设备制造业,科创板,50.23499999999995,51.50499999999989,52.040000000000134,52.11500000000006,54.13978723404251
688025,2023-04-25,47.64,44.49,47.96,44.0,47.64,22613.1,102374000.0,49.09,51.15,52.472500000000046,53.09,55.32,30.96,-1.73,-0.95,-0.78,杰普特,计算机、通信和其他电子设备制造业,科创板,48.21749999999995,50.54499999999989,51.346666666666806,51.61375000000006,53.87680851063825
688025,2023-04-26,45.0,45.96,46.73,44.62,44.49,18047.7,83145000.0,47.77,50.25,51.99000000000005,52.92,55.08,35.57,-1.96,-1.15,-0.81,杰普特,计算机、通信和其他电子设备制造业,科创板,46.61499999999995,49.619999999999884,50.78333333333347,51.16750000000006,53.673829787234
688025,2023-04-27,47.2,48.35,50.3,46.0,45.96,36329.1,177030000.0,46.96,49.87,51.60950000000005,52.75,54.84,42.31,-1.94,-1.31,-0.63,杰普特,计算机、通信和其他电子设备制造业,科创板,46.60999999999995,49.126249999999885,50.48500000000015,50.983125000000065,53.52382978723399
688025,2023-04-28,49.7,58.02,58.02,49.55,48.35,77345.0,429309000.0,48.89,50.33,51.53300000000005,52.98,54.79,60.37,-1.12,-1.27,0.15,杰普特,计算机、通信和其他电子设备制造业,科创板,49.204999999999956,49.719999999999885,50.73833333333348,51.33125000000006,53.581489361702076
688025,2023-05-04,57.57,57.6,58.01,56.0,58.02,37231.7,212147000.0,50.88,50.86,51.787500000000044,53.16,54.72,59.5,-0.5,-1.12,0.62,杰普特,计算机、通信和其他电子设备制造业,科创板,52.48249999999995,50.34999999999989,51.19083333333348,51.630625000000066,53.591702127659524
688025,2023-05-05,57.56,56.89,57.6,55.1,57.6,27302.9,153215000.0,53.36,51.22,51.977000000000054,53.27,54.66,57.98,-0.07,-0.91,0.84,杰普特,计算机、通信和其他电子设备制造业,科创板,55.214999999999954,50.914999999999885,51.48500000000015,51.89125000000006,53.5970212765957
688025,2023-05-08,55.79,56.15,58.6,55.28,56.89,38244.9,216725000.0,55.4,51.58,52.21950000000006,53.32,54.6,56.36,0.22,-0.68,0.9,杰普特,计算机、通信和其他电子设备制造业,科创板,57.16499999999996,51.88749999999988,51.80583333333348,52.155000000000065,53.596170212765905
688025,2023-05-09,56.5,57.63,60.36,55.42,56.15,47962.2,279795000.0,57.26,52.11,52.47850000000007,53.4,54.56,58.83,0.55,-0.44,0.99,杰普特,计算机、通信和其他电子设备制造业,科创板,57.06749999999996,53.13624999999988,52.16916666666682,52.320625000000064,53.63957446808506
688025,2023-05-10,57.76,57.88,59.98,56.7,57.63,32998.3,191310000.0,57.23,53.06,52.73200000000007,53.46,54.49,59.25,0.83,-0.18,1.01,杰普特,计算机、通信和其他电子设备制造业,科创板,57.13749999999997,54.80999999999988,52.612500000000146,52.677500000000066,53.67851063829782
688025,2023-05-11,57.72,58.03,59.47,56.83,57.88,37837.6,221007000.0,57.32,54.1,52.99750000000007,53.46,54.43,59.52,1.05,0.06,0.99,杰普特,计算机、通信和其他电子设备制造业,科创板,57.42249999999997,56.31874999999989,53.08416666666681,52.96937500000006,53.711276595744636
688025,2023-05-12,58.04,56.86,59.19,56.66,58.03,27781.5,160032000.0,57.31,55.34,53.244000000000064,53.43,54.37,56.41,1.11,0.27,0.84,杰普特,计算机、通信和其他电子设备制造业,科创板,57.59999999999997,57.38249999999989,53.791666666666806,53.25437500000007,53.73808510638294
688025,2023-05-15,57.97,57.18,58.68,56.0,56.86,24658.9,140923000.0,57.52,56.46,53.35400000000006,53.48,54.32,57.07,1.17,0.45,0.72,杰普特,计算机、通信和其他电子设备制造业,科创板,57.48749999999997,57.27749999999989,54.58666666666681,53.498750000000065,53.7610638297872
688025,2023-05-16,57.6,59.19,61.1,56.51,57.18,51554.5,305143000.0,57.83,57.54,53.70500000000006,53.59,54.31,61.06,1.37,0.64,0.73,杰普特,计算机、通信和其他电子设备制造业,科创板,57.81499999999997,57.476249999999894,55.8116666666668,53.913125000000065,53.8174468085106
688025,2023-05-17,58.57,58.8,60.22,58.01,59.19,33304.7,196298000.0,58.01,57.62,53.97700000000007,53.56,54.35,59.9,1.48,0.8,0.68,杰普特,计算机、通信和其他电子设备制造业,科创板,58.00749999999997,57.71499999999989,56.881666666666796,54.31500000000006,53.913191489361665
688025,2023-05-18,59.6,62.18,62.44,58.76,58.8,53829.6,328031000.0,58.84,58.08,54.471000000000075,53.88,54.46,65.95,1.82,1.01,0.81,杰普特,计算机、通信和其他电子设备制造业,科创板,59.33749999999996,58.468749999999886,58.034166666666785,55.17812500000006,54.07893617021273
688025,2023-05-19,61.96,58.83,63.59,58.58,62.18,57828.4,351642000.0,59.24,58.27,54.749000000000066,54.08,54.51,56.8,1.8,1.17,0.63,杰普特,计算机、通信和其他电子设备制造业,科创板,59.74999999999996,58.61874999999989,58.101666666666794,55.87750000000006,54.184255319148896
688025,2023-05-22,60.57,62.6,64.14,60.3,58.83,65385.6,406073000.0,60.32,58.92,55.25100000000007,54.45,54.64,63.02,2.06,1.34,0.72,杰普特,计算机、通信和其他电子设备制造业,科创板,60.602499999999964,59.208749999999895,58.51833333333346,57.00937500000006,54.3970212765957
688025,2023-05-23,62.55,59.06,62.99,59.06,62.6,42564.7,257328000.0,60.29,59.06,55.58550000000007,54.67,54.67,55.01,1.96,1.47,0.49,杰普特,计算机、通信和其他电子设备制造业,科创板,60.66749999999996,59.33749999999989,58.6991666666668,57.82812500000006,54.55340425531911
688025,2023-05-24,59.08,61.88,65.78,58.0,59.06,58132.0,359067000.0,60.91,59.46,56.26100000000008,54.98,54.76,59.43,2.09,1.59,0.5,杰普特,计算机、通信和其他电子设备制造业,科创板,60.59249999999996,59.96499999999989,59.1766666666668,58.673750000000055,54.783404255319105
688025,2023-05-25,61.5,61.33,63.45,60.45,61.88,45198.9,279164000.0,60.74,59.79,56.945500000000074,55.26,54.84,58.23,2.11,1.7,0.41,杰普特,计算机、通信和其他电子设备制造业,科创板,61.21749999999996,60.483749999999894,59.485000000000134,58.88062500000006,54.951063829787195
688025,2023-05-26,61.58,63.4,64.25,59.36,61.33,43168.0,268241000.0,61.65,60.45,57.891000000000076,55.64,54.97,61.4,2.28,1.81,0.47,杰普特,计算机、通信和其他电子设备制造业,科创板,61.417499999999954,61.0099999999999,59.945000000000135,59.243125000000056,55.21255319148932
688025,2023-05-29,63.48,61.68,63.56,61.05,63.4,41105.4,256837000.0,61.47,60.9,58.67700000000008,55.87,55.07,57.5,2.24,1.9,0.34,杰普特,计算机、通信和其他电子设备制造业,科创板,62.07249999999995,61.3699999999999,60.2491666666668,59.542500000000054,55.41319148936166
688025,2023-05-30,61.6,60.83,62.45,60.0,61.68,27101.1,164914000.0,61.82,61.06,59.30100000000008,56.16,55.14,55.62,2.12,1.94,0.18,杰普特,计算机、通信和其他电子设备制造业,科创板,61.809999999999945,61.201249999999895,60.58000000000013,59.83500000000006,55.56595744680846
688025,2023-05-31,60.6,64.6,64.99,59.77,60.83,53358.9,339361000.0,62.37,61.64,59.630000000000074,56.53,55.29,61.61,2.3,2.01,0.29,杰普特,计算机、通信和其他电子设备制造业,科创板,62.627499999999955,61.92249999999989,61.19833333333347,60.27062500000006,55.775957446808455
688025,2023-06-01,65.76,69.37,70.29,65.25,64.6,71185.3,483453000.0,63.98,62.36,60.218500000000084,57.1,55.51,67.58,2.8,2.17,0.63,杰普特,计算机、通信和其他电子设备制造业,科创板,64.11999999999996,62.76874999999988,62.046666666666816,60.98875000000006,56.079574468085056
688025,2023-06-02,70.74,67.32,74.0,67.06,69.37,63145.7,439951000.0,64.76,63.21,60.74000000000008,57.57,55.69,63.04,2.99,2.33,0.66,杰普特,计算机、通信和其他电子设备制造业,科创板,65.52999999999996,63.80124999999989,62.75666666666681,61.569375000000065,56.317021276595696
688025,2023-06-05,68.59,69.1,70.77,66.35,67.32,47524.8,326395000.0,66.24,63.86,61.38750000000007,58.12,55.93,65.23,3.25,2.52,0.73,杰普特,计算机、通信和其他电子设备制造业,科创板,67.59749999999995,64.70374999999989,63.333333333333485,62.33437500000006,56.55319148936165
688025,2023-06-06,65.0,57.12,65.4,56.01,69.1,91127.0,538803000.0,65.5,63.66,61.36200000000006,58.28,55.98,45.68,2.46,2.51,-0.05,杰普特,计算机、通信和其他电子设备制造业,科创板,65.72749999999996,64.17749999999988,63.19083333333348,62.33062500000006,56.53808510638293
688025,2023-06-07,58.5,63.6,64.88,58.5,57.12,82997.4,518370000.0,65.3,63.84,61.648000000000046,58.79,56.14,53.75,2.34,2.47,-0.13,杰普特,计算机、通信和其他电子设备制造业,科创板,64.28499999999997,64.20249999999989,63.274166666666815,62.60625000000006,56.708085106382924
688025,2023-06-08,62.56,62.2,66.1,62.2,63.6,40187.2,257587000.0,63.87,63.92,61.856500000000054,59.27,56.3,51.95,2.1,2.4,-0.3,杰普特,计算机、通信和其他电子设备制造业,科创板,63.00499999999997,64.2674999999999,63.53583333333349,62.818750000000065,56.84085106382973
688025,2023-06-09,62.67,60.36,62.99,58.9,62.2,41295.9,250077000.0,62.48,63.62,62.03150000000005,59.8,56.45,49.61,1.74,2.27,-0.53,杰普特,计算机、通信和其他电子设备制造业,科创板,60.81999999999997,64.2087499999999,63.40916666666683,62.70500000000006,56.858085106382916
688025,2023-06-12,59.87,63.2,64.44,59.59,60.36,33268.2,207868000.0,61.3,63.77,62.33250000000005,60.37,56.65,53.13,1.66,2.15,-0.49,杰普特,计算机、通信和其他电子设备制造业,科创板,62.339999999999975,64.0337499999999,63.56500000000016,62.978125000000055,57.08553191489355
688025,2023-06-13,62.98,64.47,64.99,61.5,63.2,24623.3,155758000.0,62.77,64.13,62.59650000000005,60.91,56.83,54.65,1.69,2.05,-0.36,杰普特,计算机、通信和其他电子设备制造业,科创板,62.55749999999998,63.4212499999999,63.65416666666683,63.09500000000005,57.327446808510565
688025,2023-06-14,64.62,69.24,71.9,64.62,64.47,68181.5,466355000.0,63.89,64.6,63.118500000000054,61.29,57.13,59.93,2.07,2.06,0.01,杰普特,计算机、通信和其他电子设备制造业,科创板,64.31749999999998,63.6612499999999,64.28416666666683,63.731250000000045,57.70914893617013
688025,2023-06-15,70.18,68.49,72.8,68.12,69.24,38358.1,267701000.0,65.15,64.51,63.43400000000005,61.65,57.41,58.77,2.28,2.1,0.18,杰普特,计算机、通信和其他电子设备制造业,科创板,66.34999999999998,63.584999999999894,64.92250000000017,64.14437500000004,58.05042553191481
688025,2023-06-16,67.77,68.27,69.67,67.3,68.49,21324.4,145764000.0,66.73,64.6,63.90600000000005,62.03,57.65,58.41,2.41,2.16,0.25,杰普特,计算机、通信和其他电子设备制造业,科创板,67.61749999999998,64.97874999999989,65.2283333333335,64.57812500000004,58.37936170212758
688025,2023-06-19,67.51,76.5,77.6,67.0,68.27,60623.9,443677000.0,69.39,65.34,64.60100000000006,62.71,58.01,66.58,3.13,2.36,0.77,杰普特,计算机、通信和其他电子设备制造业,科创板,70.62499999999997,66.59124999999989,65.82250000000016,65.39687500000004,58.8853191489361
688025,2023-06-20,74.8,82.12,82.55,74.8,76.5,71778.6,570754000.0,72.92,67.84,65.75400000000006,63.52,58.46,70.8,4.11,2.71,1.4,杰普特,计算机、通信和其他电子设备制造业,科创板,73.84499999999997,69.08124999999988,67.0558333333335,66.67437500000004,59.52765957446801
688025,2023-06-21,82.51,79.8,86.62,79.01,82.12,53963.9,441947000.0,75.04,69.46,66.65000000000006,64.25,58.86,67.04,4.66,3.1,1.56,杰普特,计算机、通信和其他电子设备制造业,科创板,76.67249999999997,71.51124999999988,67.94750000000015,67.86000000000004,60.05574468085099
688025,2023-06-26,80.11,76.31,80.4,75.6,79.8,40392.4,314184000.0,76.6,70.88,67.39900000000006,64.86,59.16,61.72,4.74,3.43,1.31,杰普特,计算机、通信和其他电子设备制造业,科创板,78.68249999999998,73.14999999999986,69.54666666666682,68.59187500000004,60.56936170212759
688025,2023-06-27,76.51,83.27,85.36,75.12,76.31,51006.3,408604000.0,79.6,73.17,68.39250000000006,65.74,59.59,67.29,5.31,3.8,1.51,杰普特,计算机、通信和其他电子设备制造业,科创板,80.37499999999997,75.49999999999986,71.18583333333349,69.46062500000005,61.20574468085099
688025,2023-06-28,83.34,78.86,88.78,77.44,83.27,73363.7,599876000.0,80.07,74.73,69.25150000000005,66.47,59.97,61.22,5.35,4.11,1.24,杰普特,计算机、通信和其他电子设备制造业,科创板,79.55999999999997,76.70249999999986,72.57416666666681,70.18187500000005,61.77085106382971
688025,2023-06-29,77.57,84.3,86.44,77.35,78.86,47734.7,391819000.0,80.51,76.72,70.42500000000004,67.3,60.45,65.37,5.75,4.44,1.31,杰普特,计算机、通信和其他电子设备制造业,科创板,80.68499999999997,78.67874999999985,74.56916666666682,71.13187500000005,62.43106382978716
688025,2023-06-30,85.15,87.35,90.88,85.12,84.3,44938.5,394510000.0,82.02,78.53,71.56250000000004,68.25,60.91,67.47,6.24,4.8,1.44,杰普特,计算机、通信和其他电子设备制造业,科创板,83.44499999999998,81.06374999999986,76.5816666666668,73.02125000000005,63.17127659574461
688025,2023-07-03,89.85,84.0,94.98,82.7,87.35,86387.3,759061000.0,83.56,80.08,72.29400000000005,68.98,61.43,62.95,6.29,5.1,1.19,杰普特,计算机、通信和其他电子设备制造业,科创板,83.62749999999998,82.00124999999986,78.2091666666668,74.29625000000006,63.844255319148864
688025,2023-07-04,83.44,86.4,88.8,83.2,84.0,45893.1,393696000.0,84.18,81.89,73.24800000000006,69.9,61.99,64.77,6.45,5.37,1.08,杰普特,计算机、通信和其他电子设备制造业,科创板,85.51249999999999,82.53624999999985,79.63916666666681,75.80875000000006,64.65340425531909
688025,2023-07-05,87.11,85.52,88.28,83.26,86.4,25503.3,219850000.0,85.51,82.79,74.06900000000006,70.67,62.56,63.54,6.42,5.58,0.84,杰普特,计算机、通信和其他电子设备制造业,科创板,85.81749999999998,83.25124999999986,81.05833333333347,77.38125000000007,65.4593617021276
688025,2023-07-06,84.0,84.8,89.0,83.0,85.52,25084.9,214409000.0,85.61,83.06,75.45300000000006,71.52,63.1,62.49,6.27,5.72,0.55,杰普特,计算机、通信和其他电子设备制造业,科创板,85.17999999999998,84.31249999999986,82.43583333333346,78.73125000000006,66.31702127659568
688025,2023-07-07,84.8,82.37,85.05,80.36,84.8,27204.3,223390000.0,84.62,83.32,76.39150000000006,72.21,63.59,58.95,5.9,5.75,0.15,杰普特,计算机、通信和其他电子设备制造业,科创板,84.77249999999998,84.19999999999986,82.92500000000014,79.85000000000007,67.09170212765952
688025,2023-07-10,81.15,80.17,82.6,78.52,82.37,33387.7,266463000.0,83.85,83.7,77.29000000000006,72.83,64.05,55.87,5.35,5.67,-0.32,杰普特,计算机、通信和其他电子设备制造业,科创板,83.21499999999997,84.36374999999985,82.76250000000014,80.53312500000007,67.76872340425527
688025,2023-07-11,79.67,82.83,83.43,79.04,80.17,28212.2,230007000.0,83.14,83.66,78.41350000000007,73.48,64.56,58.68,5.08,5.55,-0.47,杰普特,计算机、通信和其他电子设备制造业,科创板,82.54249999999998,84.17999999999986,83.01500000000016,81.42937500000006,68.2965957446808
688025,2023-07-12,82.83,81.94,84.48,80.5,82.83,14903.0,122062000.0,82.42,83.97,79.35050000000007,74.16,65.01,57.37,4.74,5.39,-0.65,杰普特,计算机、通信和其他电子设备制造业,科创板,81.82749999999997,83.50374999999987,83.48416666666684,82.28375000000007,68.81446808510633
688025,2023-07-13,81.75,85.66,86.73,79.73,81.94,27776.7,234710000.0,82.59,84.1,80.41000000000007,74.98,65.57,61.28,4.72,5.26,-0.54,杰普特,计算机、通信和其他电子设备制造业,科创板,82.64999999999998,83.71124999999986,83.68333333333351,82.85625000000007,69.4265957446808
688025,2023-07-14,86.32,87.57,89.6,85.14,85.66,21972.7,191669000.0,83.63,84.13,81.32650000000007,75.75,66.14,63.15,4.79,5.16,-0.37,杰普特,计算机、通信和其他电子设备制造业,科创板,84.49999999999997,83.85749999999986,84.40916666666683,83.19687500000006,70.09510638297867
688025,2023-07-17,88.25,83.5,88.25,83.39,87.57,13917.6,118719000.0,84.3,84.08,82.07700000000007,76.22,66.66,56.85,4.47,5.02,-0.55,杰普特,计算机、通信和其他电子设备制造业,科创板,84.66749999999998,83.60499999999986,84.34250000000019,83.42812500000007,70.64553191489357
688025,2023-07-18,84.45,86.54,92.8,84.0,83.5,26807.4,236642000.0,85.04,84.09,82.99050000000007,76.86,67.22,60.05,4.41,4.9,-0.49,杰普特,计算机、通信和其他电子设备制造业,科创板,85.81749999999998,83.82249999999986,84.27500000000018,84.06750000000007,71.25531914893611
688025,2023-07-19,86.54,85.62,89.0,83.51,86.54,13809.6,118161000.0,85.78,84.1,83.44650000000006,77.41,67.77,58.63,4.25,4.77,-0.52,杰普特,计算机、通信和其他电子设备制造业,科创板,85.80749999999998,84.22874999999986,84.41000000000018,84.21437500000008,71.84234042553184
688025,2023-07-20,85.64,80.19,87.97,79.7,85.62,26902.5,220399000.0,84.68,83.64,83.35000000000007,78.18,68.23,50.97,3.63,4.54,-0.91,杰普特,计算机、通信和其他电子设备制造业,科创板,83.96249999999998,84.23124999999986,83.89250000000018,84.29750000000008,72.33872340425525
688025,2023-07-21,79.34,79.0,79.95,77.19,80.19,15652.0,123239000.0,82.97,83.3,83.31000000000007,78.69,68.74,49.45,3.02,4.24,-1.22,杰普特,计算机、通信和其他电子设备制造业,科创板,82.83749999999998,83.75249999999986,83.34916666666686,83.96625000000009,72.8029787234042
688025,2023-07-24,80.0,79.39,81.41,77.8,79.0,13106.9,104269000.0,82.15,83.22,83.46400000000008,79.27,69.27,49.98,2.53,3.9,-1.37,杰普特,计算机、通信和其他电子设备制造业,科创板,81.04999999999997,83.43374999999986,82.89833333333354,83.4687500000001,73.23276595744674
688025,2023-07-25,80.2,80.0,84.0,79.66,79.39,18829.1,154451000.0,80.84,82.94,83.30050000000008,79.92,69.86,50.84,2.17,3.55,-1.38,杰普特,计算机、通信和其他电子设备制造业,科创板,79.64499999999997,82.72624999999987,82.70083333333353,83.2187500000001,73.68382978723398
688025,2023-07-26,78.8,77.57,80.0,77.23,80.0,16221.5,126722000.0,79.23,82.5,83.23600000000008,80.4,70.39,47.33,1.67,3.18,-1.51,杰普特,计算机、通信和其他电子设备制造业,科创板,78.98999999999997,81.47624999999988,82.48416666666688,82.66687500000009,74.01127659574462
688025,2023-07-27,78.05,74.5,78.05,74.13,77.57,23496.7,177736000.0,78.09,81.39,82.74600000000008,80.74,70.82,43.27,1.01,2.74,-1.73,杰普特,计算机、通信和其他电子设备制造业,科创板,77.86499999999997,80.35124999999988,81.79000000000022,81.97812500000009,74.34468085106377
688025,2023-07-28,74.11,73.18,75.3,73.0,74.5,17225.5,127193000.0,76.93,79.95,82.0375000000001,80.87,71.08,41.61,0.38,2.27,-1.89,杰普特,计算机、通信和其他电子设备制造业,科创板,76.31249999999997,78.68124999999989,81.06000000000022,81.2518750000001,74.5697872340425
688025,2023-07-31,73.1,74.68,76.0,72.16,73.18,18158.8,134953000.0,75.99,79.07,81.5715000000001,81.07,71.36,44.22,0.0,1.82,-1.82,杰普特,计算机、通信和其他电子设备制造业,科创板,74.98249999999997,77.3137499999999,80.14500000000022,80.7712500000001,74.9021276595744
688025,2023-08-01,75.22,77.99,79.62,72.67,74.68,27510.6,211111000.0,75.58,78.21,81.1510000000001,81.4,71.71,49.58,-0.04,1.44,-1.48,杰普特,计算机、通信和其他电子设备制造业,科创板,75.08749999999998,77.03874999999991,79.34666666666688,80.63500000000009,75.2448936170212
688025,2023-08-02,78.11,79.9,82.24,76.49,77.99,20230.8,161077000.0,76.05,77.64,80.87000000000009,81.51,72.11,52.42,0.09,1.17,-1.08,杰普特,计算机、通信和其他电子设备制造业,科创板,76.43749999999997,77.1512499999999,79.0466666666669,80.4518750000001,75.63999999999993
688025,2023-08-03,79.79,80.4,83.88,77.5,79.9,16650.6,135797000.0,77.23,77.66,80.6500000000001,81.45,72.49,53.16,0.23,0.98,-0.75,杰普特,计算机、通信和其他电子设备制造业,科创板,78.24249999999996,77.2774999999999,78.53500000000024,80.3556250000001,76.0017021276595
688025,2023-08-04,80.42,81.5,82.79,79.1,80.4,13896.2,113044000.0,78.89,77.91,80.6065000000001,81.51,72.88,54.84,0.43,0.87,-0.44,杰普特,计算机、通信和其他电子设备制造业,科创板,79.94749999999996,77.4649999999999,78.1916666666669,80.0956250000001,76.42340425531908
688025,2023-08-07,80.61,83.99,86.28,80.48,81.5,22149.9,185138000.0,80.76,78.37,80.7975000000001,81.77,73.31,58.45,0.76,0.85,-0.09,杰普特,计算机、通信和其他电子设备制造业,科创板,81.44749999999996,78.2674999999999,78.50833333333357,79.8718750000001,76.91617021276589
688025,2023-08-08,84.6,81.95,84.6,81.1,83.99,8616.74,70951500.0,81.55,78.57,80.7535000000001,81.72,73.73,54.6,0.87,0.85,0.02,杰普特,计算机、通信和其他电子设备制造业,科创板,81.95999999999995,79.1987499999999,78.7541666666669,79.7750000000001,77.2853191489361
688025,2023-08-09,82.54,79.7,82.54,78.65,81.95,9543.56,75970200.0,81.51,78.78,80.6415000000001,81.75,74.11,50.63,0.75,0.83,-0.08,杰普特,计算机、通信和其他电子设备制造业,科创板,81.78499999999994,80.0137499999999,78.78000000000024,79.34750000000011,77.50510638297865
688025,2023-08-10,80.32,81.54,82.74,78.63,79.7,7367.86,59267700.0,81.74,79.48,80.43550000000009,81.66,74.48,53.6,0.81,0.83,-0.02,杰普特,计算机、通信和其他电子设备制造业,科创板,81.79499999999994,80.87124999999989,78.90833333333359,79.09250000000011,77.807659574468
688025,2023-08-11,82.0,79.6,82.51,79.17,81.54,6143.24,49657300.0,81.36,80.13,80.03700000000009,81.4,74.83,50.17,0.69,0.8,-0.11,杰普特,计算机、通信和其他电子设备制造业,科创板,80.69749999999993,81.07249999999989,79.07750000000026,79.0556250000001,78.03106382978716
688025,2023-08-14,79.15,78.4,79.46,76.59,79.6,14374.2,111789000.0,80.24,80.5,79.7820000000001,81.21,75.1,48.12,0.49,0.74,-0.25,杰普特,计算机、通信和其他电子设备制造业,科创板,79.80999999999993,80.88499999999989,79.40250000000026,79.01812500000011,78.48382978723397
688025,2023-08-15,79.6,76.29,80.13,74.73,78.4,16320.5,125087000.0,79.11,80.33,79.2695000000001,80.88,75.39,44.66,0.16,0.62,-0.46,杰普特,计算机、通信和其他电子设备制造业,科创板,78.95749999999994,80.37124999999989,79.66166666666692,78.8243750000001,78.75382978723397
688025,2023-08-16,75.12,71.6,76.57,71.07,76.29,36354.5,263294000.0,77.49,79.5,78.56850000000009,80.41,75.54,38.11,-0.49,0.4,-0.89,杰普特,计算机、通信和其他电子设备制造业,科创板,76.47249999999993,79.13374999999989,79.40500000000024,78.2993750000001,78.95382978723397
688025,2023-08-17,71.97,72.4,73.36,70.5,71.6,19558.8,140588000.0,75.66,78.7,78.17900000000009,80.0,75.76,39.74,-0.91,0.14,-1.05,杰普特,计算机、通信和其他电子设备制造业,科创板,74.67249999999993,77.68499999999989,78.9391666666669,77.9762500000001,79.20999999999994
688025,2023-08-18,72.07,72.52,75.5,71.89,72.4,17187.3,125772000.0,74.24,77.8,77.85500000000009,79.67,75.94,39.99,-1.23,-0.14,-1.09,杰普特,计算机、通信和其他电子设备制造业,科创板,73.20249999999993,76.50624999999988,78.32416666666691,77.8525000000001,79.40829787234036
688025,2023-08-21,72.97,71.46,74.04,71.21,72.52,10500.9,76294000.0,72.85,76.55,77.45850000000009,79.38,76.11,38.45,-1.54,-0.42,-1.12,杰普特,计算机、通信和其他电子设备制造业,科创板,71.99499999999992,75.47624999999988,77.57916666666692,77.7450000000001,79.55702127659568
688025,2023-08-22,71.6,74.61,74.91,71.46,71.46,14048.7,102817000.0,72.52,75.81,77.18900000000008,79.11,76.29,45.22,-1.53,-0.64,-0.89,杰普特,计算机、通信和其他电子设备制造业,科创板,72.74749999999992,74.60999999999989,77.00500000000025,77.7406250000001,79.67127659574463
688025,2023-08-23,74.62,70.62,74.62,70.16,74.61,13560.3,97076400.0,72.32,74.9,76.84150000000008,78.73,76.44,39.32,-1.81,-0.87,-0.94,杰普特,计算机、通信和其他电子设备制造业,科创板,72.30249999999992,73.48749999999988,75.89083333333359,77.2800000000001,79.7165957446808
688025,2023-08-24,71.6,70.8,73.15,70.4,70.62,9604.09,68678100.0,72.0,73.83,76.65650000000008,78.23,76.61,39.7,-2.0,-1.1,-0.9,杰普特,计算机、通信和其他电子设备制造业,科创板,71.87249999999993,72.53749999999988,74.96166666666691,76.71125000000009,79.77042553191485
688025,2023-08-25,69.8,68.14,69.8,66.71,70.8,16776.5,114368000.0,71.13,72.68,76.40450000000007,77.59,76.67,36.08,-2.34,-1.35,-0.99,杰普特,计算机、通信和其他电子设备制造业,科创板,71.04249999999993,71.51874999999988,73.99833333333358,75.94500000000009,79.59255319148932
688025,2023-08-28,71.39,66.21,72.8,66.06,68.14,16120.3,109306000.0,70.08,71.46,75.98100000000008,77.01,76.62,33.69,-2.73,-1.62,-1.11,杰普特,计算机、通信和其他电子设备制造业,科创板,68.94249999999992,70.84499999999989,72.72083333333357,74.9893750000001,79.25404255319144
688025,2023-08-29,66.76,71.56,72.16,65.13,66.21,17437.8,122483000.0,69.47,70.99,75.65950000000007,76.51,76.69,44.66,-2.58,-1.81,-0.77,杰普特,计算机、通信和其他电子设备制造业,科创板,69.17749999999992,70.73999999999988,72.05083333333359,74.21250000000009,79.07872340425527
688025,2023-08-30,71.56,74.6,76.86,70.08,71.56,25007.8,187024000.0,70.26,71.29,75.39450000000006,76.14,76.78,49.75,-2.18,-1.89,-0.29,杰普特,计算机、通信和其他电子设备制造业,科创板,70.12749999999993,70.99999999999989,71.73416666666692,73.75312500000008,79.04234042553186
688025,2023-08-31,74.2,76.61,77.86,73.81,74.6,28821.8,219778000.0,71.42,71.71,75.20500000000006,76.02,77.1,52.84,-1.7,-1.85,0.15,杰普特,计算机、通信和其他电子设备制造业,科创板,72.24499999999993,71.64374999999988,71.7608333333336,73.56000000000007,78.90063829787229
688025,2023-09-01,76.5,75.5,76.61,75.01,76.61,9940.06,75091800.0,72.9,72.01,74.90500000000006,75.91,77.3,50.98,-1.38,-1.76,0.38,杰普特,计算机、通信和其他电子设备制造业,科创板,74.56749999999994,71.75499999999988,72.08583333333358,73.18250000000008,78.82914893617016
688025,2023-09-04,75.11,73.97,75.89,71.08,75.5,18537.5,135026000.0,74.45,72.26,74.40400000000005,75.73,77.5,48.44,-1.24,-1.65,0.41,杰普特,计算机、通信和其他电子设备制造业,科创板,75.16999999999994,72.17374999999988,72.21666666666692,72.83062500000008,78.6093617021276
688025,2023-09-05,74.51,75.36,76.8,73.44,73.97,19488.5,146625000.0,75.21,72.34,74.07450000000004,75.57,77.75,50.83,-1.0,-1.52,0.52,杰普特,计算机、通信和其他电子设备制造业,科创板,75.35999999999996,72.74374999999989,72.45333333333359,72.64062500000007,78.35425531914888
688025,2023-09-06,74.99,74.9,75.46,72.13,75.36,14141.8,104590000.0,75.27,72.76,73.83450000000005,75.48,77.94,50.01,-0.85,-1.39,0.54,杰普特,计算机、通信和其他电子设备制造业,科创板,74.93249999999995,73.58874999999989,72.74000000000025,72.55375000000008,78.16063829787228
688025,2023-09-07,75.02,72.5,75.33,72.16,74.9,10515.5,77151000.0,74.45,72.94,73.38250000000005,75.42,78.08,45.82,-0.9,-1.29,0.39,杰普特,计算机、通信和其他电子设备制造业,科创板,74.18249999999995,74.37499999999989,72.56416666666692,72.61000000000008,77.86489361702122
688025,2023-09-08,73.23,75.75,77.59,72.44,72.5,16596.0,124264000.0,74.5,73.7,73.19000000000005,75.5,78.18,51.72,-0.68,-1.17,0.49,杰普特,计算机、通信和其他电子设备制造业,科创板,74.62749999999994,74.8987499999999,72.99166666666692,72.81937500000008,77.65702127659569
688025,2023-09-11,76.8,77.2,79.29,75.2,75.75,16103.4,123872000.0,75.14,74.8,73.13000000000005,75.59,78.33,54.12,-0.37,-1.01,0.64,杰普特,计算机、通信和其他电子设备制造业,科创板,75.08749999999993,75.2237499999999,73.52500000000026,73.11187500000008,77.4953191489361
688025,2023-09-12,77.01,80.76,82.39,76.45,77.2,28454.2,228114000.0,76.22,75.72,73.35350000000005,75.68,78.54,59.45,0.14,-0.78,0.92,杰普特,计算机、通信和其他电子设备制造业,科创板,76.55249999999992,75.7424999999999,74.57666666666692,73.69312500000008,77.46106382978718
688025,2023-09-13,79.2,77.79,79.44,74.0,80.76,25884.1,197756000.0,76.8,76.03,73.66300000000005,75.61,78.56,53.83,0.32,-0.56,0.88,杰普特,计算机、通信和其他电子设备制造业,科创板,77.87499999999993,76.02874999999989,75.54166666666693,73.89187500000008,77.41042553191484
688025,2023-09-14,76.6,74.91,78.4,74.28,77.79,10652.9,80169900.0,77.28,75.86,73.78850000000006,75.42,78.44,48.99,0.21,-0.41,0.62,杰普特,计算机、通信和其他电子设备制造业,科创板,77.66499999999994,76.14624999999988,75.8208333333336,74.16000000000008,77.24191489361696
688025,2023-09-15,74.5,73.8,76.11,73.5,74.91,7966.62,59289500.0,76.89,75.69,73.85250000000005,75.17,78.34,47.23,0.05,-0.31,0.36,杰普特,计算机、通信和其他电子设备制造业,科创板,76.81499999999994,75.95124999999987,75.75416666666692,74.34750000000008,77.06872340425527
688025,2023-09-18,73.5,73.07,75.0,72.6,73.8,5864.38,43222800.0,76.07,75.6,73.93300000000005,74.8,78.29,46.06,-0.14,-0.28,0.14,杰普特,计算机、通信和其他电子设备制造业,科创板,74.89249999999994,75.72249999999987,75.45916666666692,74.65562500000007,76.80085106382974
688025,2023-09-19,72.7,71.76,73.5,70.1,73.07,7089.21,50596700.0,74.27,75.24,73.79050000000005,74.46,78.09,43.95,-0.4,-0.3,-0.1,杰普特,计算机、通信和其他电子设备制造业,科创板,73.38499999999993,75.62999999999987,75.14750000000025,75.00250000000007,76.46446808510633
688025,2023-09-20,71.86,71.43,72.74,70.2,71.76,9542.32,67977000.0,72.99,74.9,73.83100000000006,74.19,77.97,43.41,-0.62,-0.37,-0.25,杰普特,计算机、通信和其他电子设备制造业,科创板,72.51499999999993,75.08999999999986,74.93583333333358,74.99437500000008,76.20765957446802
688025,2023-09-21,71.45,70.0,71.87,69.6,71.43,8465.58,59739200.0,72.01,74.65,73.79100000000007,73.8,77.73,41.06,-0.9,-0.47,-0.43,杰普特,计算机、通信和其他电子设备制造业,科创板,71.56499999999993,74.18999999999986,74.48916666666692,74.70687500000008,75.85574468085102
688025,2023-09-22,70.58,73.94,74.2,70.18,70.0,11506.8,83930000.0,72.04,74.47,74.08100000000006,73.62,77.51,49.22,-0.79,-0.54,-0.25,杰普特,计算机、通信和其他电子设备制造业,科创板,71.78249999999993,73.33749999999986,74.4091666666669,74.54000000000009,75.60723404255315
688025,2023-09-25,74.1,72.59,74.88,72.18,73.94,7720.86,56439200.0,71.94,74.0,74.40000000000006,73.42,77.32,46.83,-0.8,-0.59,-0.21,杰普特,计算机、通信和其他电子设备制造业,科创板,71.98999999999992,72.68749999999987,74.41666666666691,74.35812500000009,75.44553191489356
688025,2023-09-26,72.78,71.71,73.86,71.46,72.59,9399.0,67861900.0,71.93,73.1,74.40750000000006,73.27,77.07,45.28,-0.88,-0.65,-0.23,杰普特,计算机、通信和其他电子设备制造业,科创板,72.05999999999992,72.28749999999988,74.08000000000025,74.21687500000009,75.29042553191485
688025,2023-09-27,71.67,72.66,73.5,70.23,71.71,8350.0,60373100.0,72.18,72.59,74.31050000000008,73.3,76.86,47.3,-0.85,-0.69,-0.16,杰普特,计算机、通信和其他电子设备制造业,科创板,72.72499999999991,72.14499999999988,73.70166666666691,74.0481250000001,75.14723404255315
688025,2023-09-28,72.68,74.61,76.2,72.68,72.66,10351.1,77458300.0,73.1,72.56,74.21050000000007,73.38,76.69,51.28,-0.66,-0.68,0.02,杰普特,计算机、通信和其他电子设备制造业,科创板,72.89249999999991,72.33749999999989,73.1891666666669,74.03000000000009,75.03255319148931
688025,2023-10-09,74.36,73.66,75.0,72.09,74.61,9864.06,72284500.0,73.05,72.54,74.11850000000007,73.42,76.54,49.33,-0.58,-0.66,0.08,杰普特,计算机、通信和其他电子设备制造业,科创板,73.15999999999991,72.57499999999989,72.84500000000024,74.10250000000009,74.9493617021276
688025,2023-10-10,73.32,73.04,74.24,71.8,73.66,7536.87,55069100.0,73.14,72.54,74.07200000000007,73.47,76.42,48.04,-0.56,-0.64,0.08,杰普特,计算机、通信和其他电子设备制造业,科创板,73.49249999999992,72.77624999999989,72.6891666666669,73.93312500000009,74.91829787234037
688025,2023-10-11,74.0,77.71,79.8,73.51,73.04,16138.2,123920000.0,74.34,73.14,74.18950000000008,73.57,76.34,57.11,-0.17,-0.55,0.38,杰普特,计算机、通信和其他电子设备制造业,科创板,74.75499999999991,73.7399999999999,73.01500000000026,73.96500000000009,75.01468085106379
688025,2023-10-12,78.97,78.25,79.6,75.23,77.71,13653.3,106257000.0,75.45,73.82,74.35700000000007,73.83,76.28,58.03,0.19,-0.4,0.59,杰普特,计算机、通信和其他电子设备制造业,科创板,75.6649999999999,74.27874999999989,73.44666666666693,73.80812500000009,75.0906382978723
688025,2023-10-13,77.77,77.28,78.54,76.38,78.25,7187.55,55625100.0,75.99,74.54,74.59600000000007,74.04,76.14,55.73,0.38,-0.24,0.62,杰普特,计算机、通信和其他电子设备制造业,科创板,76.56999999999991,74.86499999999988,73.90666666666692,73.77625000000009,75.07553191489359
688025,2023-10-16,77.3,75.26,77.3,74.1,77.28,9281.39,69857100.0,76.31,74.68,74.57150000000007,74.28,75.93,51.19,0.37,-0.12,0.49,杰普特,计算机、通信和其他电子设备制造业,科创板,77.1249999999999,75.30874999999988,74.22583333333358,73.79812500000008,74.97680851063826
688025,2023-10-17,75.41,75.22,76.59,74.09,75.26,4730.21,35503400.0,76.74,74.94,74.47250000000007,74.58,75.79,51.1,0.36,-0.02,0.38,杰普特,计算机、通信和其他电子设备制造业,科创板,76.5024999999999,75.62874999999988,74.66083333333358,73.88687500000009,74.86659574468081
688025,2023-10-18,75.22,73.8,76.3,73.15,75.22,6994.34,51679300.0,75.96,75.15,74.12450000000007,74.65,75.58,47.93,0.23,0.03,0.2,杰普特,计算机、通信和其他电子设备制造业,科创板,75.3899999999999,75.52749999999988,74.64916666666691,73.93250000000009,74.70276595744677
688025,2023-10-19,73.01,73.42,74.56,72.75,73.8,4973.74,36514800.0,75.0,75.22,73.90600000000008,74.62,75.38,47.08,0.09,0.04,0.05,杰普特,计算机、通信和其他电子设备制造业,科创板,74.4249999999999,75.49749999999987,74.71833333333358,74.0362500000001,74.4778723404255
688025,2023-10-20,73.6,73.17,73.71,71.3,73.42,8548.27,61964500.0,74.17,75.08,73.81900000000007,74.5,75.26,46.5,-0.04,0.02,-0.06,杰普特,计算机、通信和其他电子设备制造业,科创板,73.9024999999999,75.51374999999987,74.84000000000023,74.1450000000001,74.2910638297872
688025,2023-10-23,73.01,69.71,73.32,68.66,73.17,8354.97,58980100.0,73.06,74.69,73.61450000000008,74.31,75.11,39.29,-0.41,-0.06,-0.35,杰普特,计算机、通信和其他电子设备制造业,科创板,72.52499999999989,74.51374999999987,74.59416666666691,74.1268750000001,74.07851063829786
688025,2023-10-24,69.5,69.9,70.55,68.34,69.71,7316.9,50709000.0,72.0,74.37,73.45600000000009,74.17,74.95,39.84,-0.68,-0.19,-0.49,杰普特,计算机、通信和其他电子设备制造业,科创板,71.54999999999988,73.46999999999987,74.2016666666669,73.8743750000001,73.83085106382977
688025,2023-10-25,70.48,68.6,71.33,68.58,69.9,7266.68,50823200.0,70.96,73.46,73.29800000000009,73.95,74.76,37.34,-1.0,-0.35,-0.65,杰普特,计算机、通信和其他电子设备制造业,科创板,70.34499999999987,72.38499999999988,73.78000000000024,73.6250000000001,73.59680851063828
688025,2023-10-26,69.55,68.39,69.65,67.25,68.6,7374.87,50438700.0,69.95,72.47,73.14600000000009,73.73,74.61,36.94,-1.24,-0.53,-0.71,杰普特,计算机、通信和其他电子设备制造业,科创板,69.14999999999986,71.52624999999988,73.39250000000024,73.4175000000001,73.38382978723402
688025,2023-10-27,68.11,73.11,74.47,66.2,68.39,11678.3,83465000.0,69.94,72.06,73.30150000000008,73.75,74.58,50.01,-1.05,-0.63,-0.42,杰普特,计算机、通信和其他电子设备制造业,科创板,69.99999999999987,71.26249999999987,73.0091666666669,73.44562500000009,73.31617021276594
688025,2023-10-30,73.0,77.11,78.57,72.3,73.11,15152.1,115608000.0,71.42,72.24,73.46000000000006,73.8,74.65,57.96,-0.57,-0.62,0.05,杰普特,计算机、通信和其他电子设备制造业,科创板,71.80249999999987,71.67624999999988,72.9141666666669,73.60187500000009,73.43340425531913
688025,2023-10-31,77.71,79.38,81.0,77.71,77.11,22466.8,178444000.0,73.32,72.66,73.79950000000007,73.87,74.73,61.68,0.01,-0.49,0.5,杰普特,计算机、通信和其他电子设备制造业,科创板,74.49749999999986,72.42124999999989,73.08916666666691,73.9593750000001,73.58191489361701
688025,2023-11-01,78.98,76.8,79.93,76.24,79.38,10501.6,81068000.0,74.96,72.96,74.05400000000006,73.74,74.71,55.65,0.24,-0.35,0.59,杰普特,计算机、通信和其他电子设备制造业,科创板,76.59999999999987,72.87499999999989,73.21750000000024,74.1943750000001,73.67297872340424
688025,2023-11-02,77.5,76.06,78.0,75.62,76.8,8578.77,65637400.0,76.49,73.22,74.22400000000006,73.68,74.64,54.02,0.36,-0.21,0.57,杰普特,计算机、通信和其他电子设备制造业,科创板,77.33749999999986,73.66874999999987,73.28750000000024,74.09125000000009,73.77085106382978
688025,2023-11-03,76.37,78.3,79.0,76.37,76.06,9139.92,71032400.0,77.53,73.74,74.40850000000006,73.79,74.61,58.03,0.64,-0.04,0.68,杰普特,计算机、通信和其他电子设备制造业,科创板,77.63499999999986,74.71874999999987,73.66250000000024,74.09437500000008,73.84936170212765
688025,2023-11-06,79.1,80.77,81.88,78.3,78.3,11199.0,89747500.0,78.26,74.84,74.76400000000005,74.02,74.6,61.97,1.04,0.18,0.86,杰普特,计算机、通信和其他电子设备制造业,科创板,77.98249999999986,76.23999999999987,74.27500000000023,74.31250000000009,74.06531914893617
688025,2023-11-07,81.27,84.4,86.5,79.96,80.77,24811.8,209787000.0,79.27,76.29,75.33200000000006,74.4,74.6,66.89,1.63,0.47,1.16,杰普特,计算机、通信和其他电子设备制造业,科创板,79.88249999999987,78.24124999999987,75.21083333333357,74.88375000000009,74.35468085106382
688025,2023-11-08,84.4,81.19,84.41,80.56,84.4,13680.9,111953000.0,80.14,77.55,75.50600000000006,74.72,74.59,59.55,1.82,0.74,1.08,杰普特,计算机、通信和其他电子设备制造业,科创板,81.16499999999986,79.25124999999987,76.16750000000023,75.2568750000001,74.63234042553191
688025,2023-11-09,81.19,79.3,81.4,78.44,81.19,13624.8,108632000.0,80.79,78.64,75.55850000000007,74.98,74.58,55.68,1.8,0.95,0.85,杰普特,计算机、通信和其他电子设备制造业,科创板,81.41499999999986,79.52499999999986,76.95083333333356,75.6006250000001,74.91085106382978
688025,2023-11-10,79.3,82.88,84.6,77.53,79.3,23536.2,191430000.0,81.71,79.62,75.83850000000005,75.41,74.61,60.87,2.05,1.17,0.88,杰普特,计算机、通信和其他电子设备制造业,科创板,81.94249999999987,79.96249999999986,78.14083333333356,76.1918750000001,75.15170212765958
688025,2023-11-13,82.59,83.84,84.65,81.7,82.88,12369.3,103141000.0,82.32,80.29,76.26750000000006,75.74,74.68,62.15,2.3,1.4,0.9,杰普特,计算机、通信和其他电子设备制造业,科创板,81.80249999999987,80.84249999999987,79.42833333333355,76.85875000000009,75.34829787234044
688025,2023-11-14,83.94,82.35,84.45,81.63,83.84,10131.9,83757200.0,81.91,80.59,76.62400000000005,76.06,74.74,58.93,2.35,1.59,0.76,杰普特,计算机、通信和其他电子设备制造业,科创板,82.09249999999987,81.62874999999988,80.19833333333357,77.64875000000008,75.4704255319149
688025,2023-11-15,82.98,85.0,87.28,82.35,82.35,13924.1,118388000.0,82.67,81.41,77.18400000000005,76.51,74.89,62.64,2.57,1.78,0.79,杰普特,计算机、通信和其他电子设备制造业,科创板,83.51749999999987,82.46624999999989,80.85583333333356,78.59250000000007,75.67255319148937
688025,2023-11-16,84.86,82.53,85.88,82.4,85.0,7268.86,60991400.0,83.32,82.06,77.63950000000004,76.83,75.07,57.43,2.52,1.93,0.59,杰普特,计算机、通信和其他电子设备制造业,科创板,83.42999999999986,82.68624999999989,81.11833333333358,79.46312500000008,75.85468085106385
688025,2023-11-17,82.1,83.47,84.9,82.08,82.53,8317.74,69461100.0,83.44,82.57,78.15450000000004,77.13,75.25,58.83,2.52,2.05,0.47,杰普特,计算机、通信和其他电子设备制造业,科创板,83.33749999999986,82.5699999999999,81.6741666666669,80.40562500000007,76.02723404255319
688025,2023-11-20,83.81,83.78,86.23,83.0,83.47,21852.8,184924000.0,83.43,82.87,78.85800000000003,77.47,75.44,59.31,2.52,2.14,0.38,杰普特,计算机、通信和其他电子设备制造业,科创板,83.69499999999985,82.8937499999999,82.31750000000024,81.07250000000008,76.21617021276596
688025,2023-11-21,83.78,81.95,84.0,81.44,83.78,16260.8,134058000.0,83.35,82.63,79.46050000000004,77.76,75.62,55.25,2.35,2.18,0.17,杰普特,计算机、通信和其他电子设备制造业,科创板,82.93249999999985,83.22499999999991,82.62166666666691,81.37500000000009,76.41723404255319
688025,2023-11-22,81.53,78.57,82.76,78.01,81.95,18231.8,145247000.0,82.06,82.37,79.95900000000003,77.79,75.68,48.62,1.92,2.13,-0.21,杰普特,计算机、通信和其他电子设备制造业,科创板,81.94249999999985,82.6862499999999,82.43833333333357,81.32437500000009,76.47723404255319
688025,2023-11-23,78.0,79.9,80.9,76.5,78.57,13472.6,106952000.0,81.53,82.43,80.53450000000004,77.85,75.84,51.11,1.66,2.04,-0.38,杰普特,计算机、通信和其他电子设备制造业,科创板,81.04999999999984,82.1937499999999,82.06333333333359,81.5181250000001,76.53468085106384
688025,2023-11-24,80.49,79.11,81.65,78.01,79.9,7763.05,61823600.0,80.66,82.05,80.83450000000003,77.91,75.98,49.57,1.38,1.91,-0.53,杰普特,计算机、通信和其他电子设备制造业,科创板,79.88249999999985,81.7887499999999,81.89000000000026,81.7087500000001,76.49957446808511
688025,2023-11-27,78.86,79.83,80.59,78.01,79.11,9429.14,74798000.0,79.87,81.65,80.97050000000004,78.06,76.17,51.02,1.21,1.77,-0.56,杰普特,计算机、通信和其他电子设备制造业,科创板,79.35249999999985,81.1424999999999,81.93416666666691,81.80437500000009,76.54297872340426
688025,2023-11-28,80.3,85.67,86.23,80.3,79.83,32230.8,272274000.0,80.62,81.98,81.28500000000004,78.41,76.49,60.81,1.51,1.72,-0.21,杰普特,计算机、通信和其他电子设备制造业,科创板,81.12749999999986,81.5349999999999,82.16666666666693,82.1106250000001,76.77191489361704
688025,2023-11-29,85.0,87.7,88.23,84.53,85.67,21215.5,184444000.0,82.44,82.25,81.83000000000004,78.87,76.76,63.54,1.9,1.75,0.15,杰普特,计算机、通信和其他电子设备制造业,科创板,83.07749999999984,82.0637499999999,82.48833333333359,82.3168750000001,77.0676595744681
688025,2023-11-30,87.94,86.62,88.0,85.88,87.7,13497.5,117403000.0,83.79,82.66,82.35800000000003,79.31,76.96,61.1,2.1,1.82,0.28,杰普特,计算机、通信和其他电子设备制造业,科创板,84.95499999999984,82.4187499999999,82.84416666666691,82.65625000000009,77.35595744680852
688025,2023-12-01,86.45,87.69,89.47,86.05,86.62,14827.9,130537000.0,85.5,83.08,82.82750000000004,79.8,77.15,62.63,2.31,1.92,0.39,杰普特,计算机、通信和其他电子设备制造业,科创板,86.91999999999985,83.1362499999999,83.06833333333357,83.18062500000009,77.69489361702128
688025,2023-12-04,87.69,86.2,87.79,85.0,87.69,11108.4,95690400.0,86.78,83.32,83.09900000000005,80.35,77.33,59.14,2.34,2.0,0.34,杰普特,计算机、通信和其他电子设备制造业,科创板,87.05249999999984,84.08999999999992,83.37416666666691,83.38812500000009,78.0091489361702
688025,2023-12-05,86.71,84.03,88.29,84.0,86.2,12028.3,102684000.0,86.45,83.53,83.08050000000004,80.82,77.49,54.39,2.15,2.03,0.12,杰普特,计算机、通信和其他电子设备制造业,科创板,86.13499999999983,84.60624999999992,83.42083333333358,83.40000000000009,78.30765957446809
688025,2023-12-06,83.99,84.66,85.17,83.08,84.03,9243.48,77781400.0,85.84,84.14,83.25400000000005,81.35,77.65,55.51,2.04,2.03,0.01,杰普特,计算机、通信和其他电子设备制造业,科创板,85.64499999999984,85.29999999999991,83.49416666666691,83.5443750000001,78.53574468085107
688025,2023-12-07,84.01,85.83,88.98,83.48,84.66,16234.8,140795000.0,85.68,84.73,83.58050000000004,81.93,77.83,57.59,2.02,2.03,-0.01,杰普特,计算机、通信和其他电子设备制造业,科创板,85.17999999999984,86.04999999999991,83.81750000000024,83.5962500000001,78.81744680851062
688025,2023-12-08,85.5,87.45,91.57,85.09,85.83,22449.4,198591000.0,85.63,85.57,83.80900000000004,82.41,78.08,60.35,2.11,2.05,0.06,杰普特,计算机、通信和其他电子设备制造业,科创板,85.49249999999984,86.27249999999992,84.55750000000025,83.9037500000001,79.1523404255319
688025,2023-12-11,89.0,92.1,97.98,87.09,87.45,44688.2,412262000.0,86.81,86.8,84.22200000000004,82.91,78.35,66.99,2.53,2.14,0.39,杰普特,计算机、通信和其他电子设备制造业,科创板,87.50999999999985,86.82249999999992,85.5741666666669,84.4431250000001,79.5659574468085
688025,2023-12-12,92.1,90.76,92.7,89.33,92.1,16557.4,150250000.0,88.16,87.3,84.64250000000004,83.29,78.58,63.68,2.72,2.26,0.46,杰普特,计算机、通信和其他电子设备制造业,科创板,89.03499999999985,87.33999999999992,86.54500000000024,84.8793750000001,79.9095744680851
688025,2023-12-13,90.9,87.89,92.21,87.66,90.76,22092.8,196981000.0,88.81,87.32,84.78700000000005,83.66,78.7,57.16,2.61,2.33,0.28,杰普特,计算机、通信和其他电子设备制造业,科创板,89.54999999999986,87.36499999999992,87.21666666666692,85.2506250000001,80.2123404255319
688025,2023-12-14,87.7,86.66,89.23,86.13,87.89,18731.8,163669000.0,88.97,87.33,84.99350000000005,84.01,78.85,54.59,2.39,2.34,0.05,杰普特,计算机、通信和其他电子设备制造业,科创板,89.35249999999986,87.42249999999991,87.29916666666692,85.75625000000011,80.50212765957446
688025,2023-12-15,87.29,88.5,90.61,85.82,86.66,16281.8,144516000.0,89.18,87.41,85.24500000000005,84.35,79.07,57.66,2.34,2.34,0.0,杰普特,计算机、通信和其他电子设备制造业,科创板,88.45249999999987,87.98124999999992,87.36583333333358,86.2937500000001,80.73170212765956
688025,2023-12-18,88.33,90.47,91.79,87.62,88.5,16779.2,151268000.0,88.86,87.84,85.57950000000005,84.68,79.35,60.73,2.43,2.36,0.07,杰普特,计算机、通信和其他电子设备制造业,科创板,88.37999999999988,88.70749999999992,87.68666666666691,87.00375000000011,80.99170212765956
688025,2023-12-19,91.44,94.43,95.5,88.05,90.47,25449.6,234748000.0,89.59,88.88,86.20350000000005,85.01,79.71,66.05,2.8,2.45,0.35,杰普特,计算机、通信和其他电子设备制造业,科创板,90.01499999999989,89.78249999999993,88.24833333333358,87.91625000000012,81.35659574468083
688025,2023-12-20,94.63,92.83,96.84,92.0,94.43,21022.9,198335000.0,90.58,89.69,86.91650000000006,85.4,80.06,62.37,2.93,2.54,0.39,杰普特,计算机、通信和其他电子设备制造业,科创板,91.55749999999989,90.45499999999993,88.80083333333357,88.36375000000011,81.73042553191486
688025,2023-12-21,92.34,90.34,92.72,88.41,92.83,18762.9,168964000.0,91.31,90.14,87.43850000000005,85.77,80.37,57.05,2.78,2.59,0.19,杰普特,计算机、通信和其他电子设备制造业,科创板,92.0174999999999,90.23499999999993,89.3266666666669,88.5287500000001,82.05212765957444
688025,2023-12-22,90.68,90.36,93.8,89.62,90.34,15513.4,142096000.0,91.69,90.43,88.00100000000005,86.02,80.71,57.08,2.65,2.6,0.05,杰普特,计算机、通信和其他电子设备制造业,科创板,91.9899999999999,90.18499999999993,89.80166666666689,88.7625000000001,82.40446808510636
688025,2023-12-25,90.0,93.42,95.19,89.09,90.36,16847.7,157043000.0,92.28,90.57,88.68050000000005,86.34,81.04,61.73,2.76,2.63,0.13,杰普特,计算机、通信和其他电子设备制造业,科创板,91.7374999999999,90.87624999999993,90.4341666666669,89.1206250000001,82.82999999999997
688025,2023-12-26,92.58,88.55,92.99,86.53,93.42,19932.5,176780000.0,91.1,90.34,88.82450000000004,86.54,81.3,52.06,2.42,2.59,-0.17,杰普特,计算机、通信和其他电子设备制造业,科创板,90.6674999999999,91.11249999999993,90.52583333333355,89.2675000000001,83.15723404255317
688025,2023-12-27,88.6,88.62,91.16,87.0,88.55,16471.6,146888000.0,90.26,90.42,88.87050000000005,86.66,81.58,52.18,2.13,2.5,-0.37,杰普特,计算机、通信和其他电子设备制造业,科创板,90.2374999999999,91.12749999999993,90.23583333333356,89.55437500000009,83.55957446808507
688025,2023-12-28,88.08,85.2,88.08,84.2,88.62,31616.5,270492000.0,89.23,90.27,88.79950000000005,86.75,81.79,46.28,1.61,2.32,-0.71,杰普特,计算机、通信和其他电子设备制造业,科创板,88.94749999999989,90.46874999999993,89.77250000000022,89.58812500000009,83.88510638297869
688025,2023-12-29,85.0,92.55,94.0,84.6,85.2,39701.0,359532000.0,89.67,90.68,89.04250000000005,87.06,82.09,57.41,1.77,2.21,-0.44,杰普特,计算机、通信和其他电子设备制造业,科创板,88.72999999999989,90.23374999999993,90.16083333333354,90.00812500000009,84.39468085106381
688025,2024-01-02,91.03,88.1,91.8,88.01,92.55,25918.9,231813000.0,88.6,90.44,89.13750000000005,87.2,82.33,50.58,1.53,2.07,-0.54,杰普特,计算机、通信和其他电子设备制造业,科创板,88.61749999999988,89.64249999999993,90.28083333333353,90.04875000000008,84.81404255319147
688025,2024-01-03,87.5,82.41,87.5,78.49,88.1,47893.0,394592000.0,87.38,89.24,89.05650000000006,87.21,82.49,43.46,0.86,1.83,-0.97,杰普特,计算机、通信和其他电子设备制造业,科创板,87.06499999999988,88.65124999999992,89.77333333333354,89.4431250000001,85.01191489361699
688025,2024-01-04,81.99,82.86,84.57,80.6,82.41,18232.3,150288000.0,86.22,88.24,88.96650000000004,87.36,82.58,44.13,0.36,1.54,-1.18,杰普特,计算机、通信和其他电子设备制造业,科创板,86.47999999999989,87.71374999999992,89.13916666666687,88.94937500000009,85.1342553191489
688025,2024-01-05,83.55,81.89,85.33,81.0,82.86,13448.8,111831000.0,85.56,87.4,88.76950000000005,87.42,82.64,42.95,-0.1,1.21,-1.31,杰普特,计算机、通信和其他电子设备制造业,科创板,83.81499999999988,86.27249999999992,88.09416666666687,88.57437500000009,85.18765957446804
688025,2024-01-08,81.54,78.6,81.66,77.14,81.89,19935.7,157164000.0,82.77,86.22,88.32700000000004,87.41,82.66,39.12,-0.73,0.82,-1.55,杰普特,计算机、通信和其他电子设备制造业,科创板,81.43999999999988,85.02874999999993,86.90833333333353,88.07062500000008,85.22595744680847
688025,2024-01-09,78.57,79.32,82.95,78.0,78.6,20596.3,165518000.0,81.02,84.81,87.68800000000005,87.39,82.73,40.37,-1.16,0.43,-1.59,杰普特,计算机、通信和其他电子设备制造业,科创板,80.66749999999988,83.86624999999994,85.9900000000002,87.49687500000007,85.29531914893613
688025,2024-01-10,79.3,75.2,79.3,75.0,79.32,17977.3,137452000.0,79.57,83.48,86.91000000000005,87.04,82.73,35.83,-1.81,-0.02,-1.79,杰普特,计算机、通信和其他电子设备制造业,科创板,78.75249999999987,82.61624999999994,84.72666666666687,86.54250000000008,85.22936170212762
688025,2024-01-11,75.03,77.49,78.25,75.0,75.2,15186.2,117382000.0,78.5,82.36,86.39000000000004,86.7,82.79,39.88,-2.12,-0.44,-1.68,杰普特,计算机、通信和其他电子设备制造业,科创板,77.65249999999988,80.73374999999994,83.39916666666686,85.48375000000007,85.15957446808505
688025,2024-01-12,77.49,75.5,77.69,74.5,77.49,14381.4,108971000.0,77.22,81.39,85.83200000000004,86.33,82.82,37.66,-2.5,-0.85,-1.65,杰普特,计算机、通信和其他电子设备制造业,科创板,76.87749999999988,79.15874999999994,82.31166666666685,84.40062500000008,84.9702127659574
688025,2024-01-15,75.23,75.62,78.38,74.82,75.5,20455.5,156456000.0,76.63,79.7,85.18800000000003,85.93,82.86,37.88,-2.75,-1.23,-1.52,杰普特,计算机、通信和其他电子设备制造业,科创板,75.95249999999989,78.30999999999995,81.22833333333354,83.48062500000007,84.85170212765952
688025,2024-01-16,76.37,73.18,76.37,71.51,75.62,32519.1,237454000.0,75.4,78.21,84.32350000000004,85.49,82.92,35.11,-3.11,-1.61,-1.5,杰普特,计算机、通信和其他电子设备制造业,科创板,75.44749999999989,77.09999999999995,80.22666666666686,82.40687500000008,84.72148936170207
688025,2024-01-17,73.55,68.83,74.14,68.12,73.18,33643.1,234632000.0,74.12,76.85,83.04350000000002,84.99,82.9,30.78,-3.71,-2.03,-1.68,杰普特,计算机、通信和其他电子设备制造业,科创板,73.28249999999989,75.46749999999996,78.25000000000018,80.87000000000008,84.4225531914893
688025,2024-01-18,67.85,69.59,70.0,64.58,68.83,35046.3,235983000.0,72.54,75.52,81.88150000000003,84.48,82.92,32.35,-4.08,-2.44,-1.64,杰普特,计算机、通信和其他电子设备制造业,科创板,71.8049999999999,74.34124999999996,76.7075000000002,79.68500000000007,84.11936170212759
688025,2024-01-19,69.41,69.26,72.0,68.48,69.59,25418.9,178234000.0,71.3,74.26,80.82750000000003,83.93,82.93,32.01,-4.34,-2.82,-1.52,杰普特,计算机、通信和其他电子设备制造业,科创板,70.21499999999989,73.08374999999995,75.61166666666686,78.47500000000008,83.84085106382973
688025,2024-01-22,69.23,64.9,72.5,63.99,69.26,39419.2,268479000.0,69.15,72.89,79.55450000000005,83.18,82.8,27.86,-4.85,-3.23,-1.62,杰普特,计算机、通信和其他电子设备制造业,科创板,68.14499999999988,71.79624999999994,74.1150000000002,77.20625000000008,83.41319148936165
688025,2024-01-23,64.02,64.71,65.28,62.29,64.9,30851.5,196424000.0,67.46,71.43,78.11900000000004,82.27,82.59,27.69,-5.2,-3.62,-1.58,杰普特,计算机、通信和其他电子设备制造业,科创板,67.11499999999988,70.19874999999995,72.68333333333352,75.46625000000009,83.03404255319143
688025,2024-01-24,64.6,60.97,65.5,59.45,64.71,43669.4,266501000.0,65.89,70.01,76.74000000000004,81.28,82.28,24.54,-5.72,-4.04,-1.68,杰普特,计算机、通信和其他电子设备制造业,科创板,64.95999999999987,68.38249999999995,71.21416666666686,73.7706250000001,82.5553191489361
688025,2024-01-25,60.8,61.74,63.88,59.87,60.97,40121.6,248468000.0,64.32,68.43,75.39600000000004,80.4,82.03,26.39,-6.0,-4.43,-1.57,杰普特,计算机、通信和其他电子设备制造业,科创板,63.07999999999987,66.64749999999995,69.74916666666685,72.47875000000009,82.08638297872334
688025,2024-01-26,61.09,58.64,62.34,58.2,61.74,31048.2,184510000.0,62.19,66.74,74.06800000000005,79.47,81.74,23.85,-6.39,-4.82,-1.57,杰普特,计算机、通信和其他电子设备制造业,科创板,61.514999999999866,64.82999999999996,68.36916666666686,70.9650000000001,81.59042553191483
688025,2024-01-29,59.74,55.69,59.74,55.13,58.64,32890.3,186165000.0,60.35,64.75,72.22500000000005,78.38,81.36,21.71,-6.87,-5.23,-1.64,杰普特,计算机、通信和其他电子设备制造业,科创板,59.25999999999986,63.187499999999964,66.55250000000018,69.3275000000001,81.10361702127652
688025,2024-01-30,55.06,54.78,57.88,54.54,55.69,22462.2,125466000.0,58.36,62.91,70.55900000000005,77.19,80.93,21.08,-7.24,-5.63,-1.61,杰普特,计算机、通信和其他电子设备制造业,科创板,57.71249999999987,61.336249999999964,64.8258333333335,67.8387500000001,80.56914893617015
688025,2024-01-31,54.99,51.2,55.85,50.63,54.78,31219.8,163413000.0,56.41,61.15,68.99850000000006,75.74,80.38,18.77,-7.73,-6.05,-1.68,杰普特,计算机、通信和其他电子设备制造业,科创板,55.07749999999987,59.07874999999997,62.79083333333352,66.08125000000011,79.9753191489361
688025,2024-02-01,51.2,51.22,52.11,49.05,51.2,35245.7,178625000.0,54.31,59.31,67.41650000000007,74.36,79.88,18.82,-8.02,-6.45,-1.57,杰普特,计算机、通信和其他电子设备制造业,科创板,53.22249999999988,57.36874999999998,60.96083333333352,64.58250000000011,79.36659574468078
688025,2024-02-02,51.76,48.76,52.06,46.65,51.22,35439.7,175161000.0,52.33,57.26,65.76000000000006,72.97,79.37,17.32,-8.36,-6.83,-1.53,杰普特,计算机、通信和其他电子设备制造业,科创板,51.48999999999988,55.37499999999998,59.28833333333352,62.78687500000011,78.58127659574461
688025,2024-02-05,48.29,44.04,48.97,43.39,48.76,44564.0,203110000.0,50.0,55.18,64.03200000000007,71.43,78.72,14.85,-8.9,-7.24,-1.66,杰普特,计算机、通信和其他电子设备制造业,科创板,48.80499999999988,53.25874999999998,57.15916666666684,60.820625000000106,77.65234042553185
688025,2024-02-06,43.38,47.51,48.48,40.88,44.04,57138.9,254613000.0,48.55,53.46,62.44150000000006,69.9,78.12,23.46,-8.95,-7.58,-1.37,杰普特,计算机、通信和其他电子设备制造业,科创板,47.88249999999988,51.479999999999976,55.34666666666684,59.063750000000105,76.82021276595738
688025,2024-02-07,48.2,46.97,51.25,45.51,47.51,65748.0,319531000.0,47.7,52.05,61.030000000000065,68.51,77.53,23.07,-8.93,-7.85,-1.08,杰普特,计算机、通信和其他电子设备制造业,科创板,46.81999999999988,50.02124999999998,53.852500000000184,57.42562500000011,75.95382978723397
688025,2024-02-08,47.94,54.75,56.36,46.09,46.97,59818.7,305061000.0,48.41,51.36,59.893000000000065,67.38,77.02,38.88,-8.19,-7.92,-0.27,杰普特,计算机、通信和其他电子设备制造业,科创板,48.31749999999988,49.90374999999998,53.02250000000018,56.54562500000011,75.28468085106377
688025,2024-02-19,54.4,53.33,54.58,49.1,54.75,64699.1,332895000.0,49.32,50.82,58.78450000000006,66.32,76.54,37.37,-7.63,-7.86,0.23,杰普特,计算机、通信和其他电子设备制造业,科创板,50.63999999999988,49.72249999999998,52.385833333333515,55.52937500000011,74.63148936170205
688025,2024-02-20,51.82,51.01,51.82,49.25,53.33,60784.1,305475000.0,50.71,50.36,57.554000000000066,64.94,76.0,34.98,-7.29,-7.75,0.46,杰普特,计算机、通信和其他电子设备制造业,科创板,51.51499999999988,49.69874999999998,51.491666666666845,54.38875000000011,73.91553191489355
688025,2024-02-21,50.52,53.02,54.89,49.6,51.01,53497.1,282798000.0,51.82,50.18,56.54600000000006,63.77,75.48,38.64,-6.78,-7.55,0.77,杰普特,计算机、通信和其他电子设备制造业,科创板,53.02749999999988,49.923749999999984,51.02333333333351,53.64625000000011,73.21744680851057
688025,2024-02-22,53.0,52.55,53.79,51.2,53.02,43631.2,227526000.0,52.93,50.32,55.73200000000006,62.77,74.99,38.1,-6.34,-7.31,0.97,杰普特,计算机、通信和其他电子设备制造业,科创板,52.47749999999988,50.39749999999999,50.76166666666685,52.8862500000001,72.47489361702122
688025,2024-02-23,52.97,58.32,59.9,52.6,52.55,64677.7,361724000.0,53.65,51.03,55.168500000000066,61.95,74.66,47.75,-5.47,-6.94,1.47,杰普特,计算机、通信和其他电子设备制造业,科创板,53.72499999999988,52.18249999999998,51.05666666666685,52.720625000000105,71.75617021276591
688025,2024-02-26,58.4,60.03,62.15,57.36,58.32,71801.9,429191000.0,54.99,52.15,54.707000000000065,61.22,74.32,50.23,-4.58,-6.47,1.89,杰普特,计算机、通信和其他电子设备制造业,科创板,55.979999999999876,53.74749999999999,51.79250000000018,52.6137500000001,71.10234042553186
688025,2024-02-27,58.88,59.74,60.0,56.51,60.03,57994.8,337566000.0,56.73,53.72,54.449000000000055,60.6,74.0,49.8,-3.86,-5.95,2.09,杰普特,计算机、通信和其他电子设备制造业,科创板,57.659999999999876,55.343749999999986,52.502500000000175,52.682500000000104,70.5034042553191
688025,2024-02-28,59.79,53.49,60.91,53.0,59.74,59966.7,342799000.0,56.83,54.32,53.888000000000055,59.73,73.56,41.52,-3.74,-5.51,1.77,杰普特,计算机、通信和其他电子设备制造业,科创板,57.89499999999987,55.18624999999999,52.896666666666846,52.5450000000001,69.79765957446803
688025,2024-02-29,51.57,54.99,55.65,51.55,53.49,52094.7,281966000.0,57.31,55.12,53.589000000000055,59.06,73.05,43.93,-3.5,-5.11,1.61,杰普特,计算机、通信和其他电子设备制造业,科创板,57.06249999999987,55.39374999999999,53.80916666666685,52.5581250000001,69.08468085106377
688025,2024-03-01,54.89,55.65,55.89,53.72,54.99,45258.9,249129000.0,56.78,55.21,53.28450000000006,58.33,72.52,45.01,-3.2,-4.72,1.52,杰普特,计算机、通信和其他电子设备制造业,科创板,55.967499999999866,55.97374999999999,54.48750000000018,52.8362500000001,68.34382978723399
688025,2024-03-04,55.8,54.5,56.58,53.43,55.65,47811.1,259708000.0,55.67,55.33,53.07750000000006,57.63,71.98,43.45,-3.04,-4.39,1.35,杰普特,计算机、通信和其他电子设备制造业,科创板,54.65749999999986,56.15874999999999,55.11500000000018,53.0412500000001,67.49425531914889
688025,2024-03-05,54.08,52.82,54.84,52.5,54.5,38661.7,207008000.0,54.29,55.51,52.93400000000005,56.87,71.4,41.2,-3.0,-4.11,1.11,杰普特,计算机、通信和其他电子设备制造业,科创板,54.48999999999985,56.19249999999999,54.95416666666685,53.2950000000001,66.64297872340421
688025,2024-03-06,52.7,55.72,56.39,52.01,52.82,58757.8,319651000.0,54.74,55.78,52.98100000000005,56.29,70.89,46.36,-2.71,-3.83,1.12,杰普特,计算机、通信和其他电子设备制造业,科创板,54.67249999999984,55.867499999999986,55.153333333333514,54.025000000000105,65.90638297872336
688025,2024-03-07,55.99,53.37,58.78,53.03,55.72,53187.2,291552000.0,54.41,55.86,53.089500000000044,55.78,70.38,43.06,-2.64,-3.59,0.95,杰普特,计算机、通信和其他电子设备制造业,科创板,54.10249999999984,55.03499999999998,55.350000000000186,54.391250000000106,65.1193617021276
688025,2024-03-08,53.69,54.98,55.69,53.45,53.37,38820.2,212631000.0,54.28,55.53,53.277500000000046,55.29,69.89,45.9,-2.42,-3.36,0.94,杰普特,计算机、通信和其他电子设备制造业,科创板,54.22249999999984,54.43999999999998,55.51333333333352,54.891875000000105,64.30148936170207
688025,2024-03-11,54.1,55.16,55.25,53.2,54.98,35980.4,195300000.0,54.41,55.04,53.597500000000046,54.82,69.38,46.22,-2.21,-3.13,0.92,杰普特,计算机、通信和其他电子设备制造业,科创板,54.80749999999985,54.64874999999998,55.73083333333352,54.9175000000001,63.59106382978717
688025,2024-03-12,55.18,55.29,56.48,54.52,55.16,38516.1,212874000.0,54.9,54.6,54.160000000000046,54.5,68.84,46.47,-2.01,-2.9,0.89,杰普特,计算机、通信和其他电子设备制造业,科创板,54.699999999999854,54.68624999999998,55.47833333333352,55.0400000000001,62.88191489361696
688025,2024-03-13,55.8,55.05,56.38,54.96,55.29,36585.8,203790000.0,54.77,54.75,54.53700000000005,54.18,68.22,46.05,-1.85,-2.69,0.84,杰普特,计算机、通信和其他电子设备制造业,科创板,55.11999999999985,54.611249999999984,55.06333333333351,55.292500000000096,62.24042553191484
688025,2024-03-14,55.01,52.57,55.46,51.65,55.05,48276.5,256739000.0,54.61,54.51,54.81700000000004,53.9,67.59,41.81,-1.9,-2.53,0.63,杰普特,计算机、通信和其他电子设备制造业,科创板,54.51749999999985,54.36999999999998,54.465833333333514,55.2643750000001,61.3897872340425
688025,2024-03-15,52.3,54.11,54.14,51.66,52.57,35474.1,187933000.0,54.44,54.36,54.78500000000004,53.64,67.02,45.18,-1.8,-2.39,0.59,杰普特,计算机、通信和其他电子设备制造业,科创板,54.254999999999846,54.531249999999986,54.51750000000018,55.361875000000104,60.6665957446808
688025,2024-03-18,54.73,56.59,56.6,54.11,54.11,45977.6,255184000.0,54.72,54.57,54.948000000000036,53.57,66.52,50.19,-1.5,-2.21,0.71,杰普特,计算机、通信和其他电子设备制造业,科创板,54.57999999999985,54.639999999999986,54.650833333333516,55.2537500000001,60.11723404255315
688025,2024-03-19,56.71,58.05,60.89,56.66,56.59,67407.0,394204000.0,55.27,55.09,55.30000000000003,53.65,66.01,52.91,-1.13,-1.99,0.86,杰普特,计算机、通信和其他电子设备制造业,科创板,55.32999999999984,55.22499999999999,54.85083333333352,55.1300000000001,59.58936170212762
688025,2024-03-20,58.13,57.17,59.5,55.66,58.05,45459.5,259598000.0,55.7,55.23,55.507500000000036,53.73,65.46,51.1,-0.89,-1.77,0.88,杰普特,计算机、通信和其他电子设备制造业,科创板,56.47999999999985,55.49874999999999,55.073333333333515,54.9693750000001,59.063404255319114
688025,2024-03-21,57.01,56.39,57.2,55.46,57.17,31982.1,180256000.0,56.46,55.54,55.69950000000004,53.9,64.82,49.48,-0.76,-1.57,0.81,杰普特,计算机、通信和其他电子设备制造业,科创板,57.04999999999984,55.65249999999999,55.37083333333351,55.1506250000001,58.590851063829746
688025,2024-03-22,55.9,55.26,56.6,54.67,56.39,31503.6,174700000.0,56.69,55.56,55.54650000000005,54.04,64.2,47.15,-0.74,-1.4,0.66,杰普特,计算机、通信和其他电子设备制造业,科创板,56.71749999999984,55.648749999999986,55.332500000000174,55.167500000000096,58.07893617021273
688025,2024-03-25,54.9,50.4,55.25,50.37,55.26,47417.7,249018000.0,55.45,55.09,55.065000000000055,54.09,63.53,38.7,-1.11,-1.35,0.24,杰普特,计算机、通信和其他电子设备制造业,科创板,54.804999999999836,55.06749999999998,55.08500000000017,54.839375000000096,57.551276595744646
688025,2024-03-26,50.48,49.16,51.22,48.5,50.4,34115.1,168771000.0,53.68,54.48,54.53600000000006,54.26,62.85,36.88,-1.48,-1.37,-0.11,杰普特,计算机、通信和其他电子设备制造业,科创板,52.802499999999824,54.64124999999998,54.600000000000165,54.505625000000094,56.94851063829784
688025,2024-03-27,48.9,46.67,49.35,46.3,49.16,31883.6,152175000.0,51.58,53.64,54.195000000000064,54.24,62.07,33.49,-1.96,-1.49,-0.47,杰普特,计算机、通信和其他电子设备制造业,科创板,50.37249999999983,53.71124999999998,53.89250000000016,54.12125000000009,56.335106382978694
688025,2024-03-28,47.2,47.78,48.7,46.67,46.67,28020.5,133922000.0,49.85,53.16,53.83450000000006,54.26,61.39,36.3,-2.21,-1.63,-0.58,杰普特,计算机、通信和其他电子设备制造业,科创板,48.502499999999834,52.60999999999997,53.26666666666683,53.625000000000085,55.742765957446785
688025,2024-03-29,47.77,48.35,48.47,46.9,47.78,21788.6,104104000.0,48.47,52.58,53.46950000000005,54.05,60.72,37.76,-2.35,-1.78,-0.57,杰普特,计算机、通信和其他电子设备制造业,科创板,47.98999999999983,51.39749999999997,52.708333333333506,53.311250000000086,55.21446808510636
688025,2024-04-01,48.33,50.25,50.57,48.15,48.35,21583.0,107235000.0,48.44,51.95,53.25700000000005,53.95,60.13,42.49,-2.27,-1.88,-0.39,杰普特,计算机、通信和其他电子设备制造业,科创板,48.26249999999983,50.53249999999997,52.515000000000164,53.015625000000085,54.819148936170194
688025,2024-04-02,50.1,48.52,50.2,48.12,50.25,27628.4,134706000.0,48.31,51.0,53.04200000000005,53.86,59.4,39.54,-2.33,-1.97,-0.36,杰普特,计算机、通信和其他电子设备制造业,科创板,48.72499999999984,49.54874999999997,52.04916666666683,52.600625000000086,54.37085106382976
688025,2024-04-03,48.6,48.43,48.97,47.42,48.52,21803.2,104870000.0,48.67,50.12,52.67750000000005,53.71,58.74,39.39,-2.34,-2.04,-0.3,杰普特,计算机、通信和其他电子设备制造业,科创板,48.88749999999984,48.69499999999997,51.36916666666682,52.171875000000085,53.92765957446805
688025,2024-04-08,48.12,47.08,48.3,46.5,48.43,21517.5,101827000.0,48.53,49.19,52.363000000000056,53.53,58.15,37.07,-2.45,-2.12,-0.33,杰普特,计算机、通信和其他电子设备制造业,科创板,48.569999999999844,48.27999999999997,50.45500000000016,51.67375000000009,53.548510638297834
688025,2024-04-09,47.01,48.03,48.19,46.77,47.08,13528.6,64265200.0,48.46,48.47,52.01550000000005,53.19,57.57,39.76,-2.42,-2.18,-0.24,杰普特,计算机、通信和其他电子设备制造业,科创板,48.014999999999844,48.13874999999997,49.6933333333335,51.390000000000086,53.193617021276566
688025,2024-04-10,48.11,45.92,48.11,45.72,48.03,20272.1,94023000.0,47.6,48.02,51.55350000000006,52.72,56.97,36.08,-2.54,-2.25,-0.29,杰普特,计算机、通信和其他电子设备制造业,科创板,47.364999999999846,48.04499999999997,48.820833333333496,50.87812500000008,52.87340425531912
688025,2024-04-11,45.92,45.36,46.55,45.3,45.92,16670.7,76555800.0,46.96,47.64,51.05700000000005,52.24,56.42,35.15,-2.65,-2.33,-0.32,杰普特,计算机、通信和其他电子设备制造业,科创板,46.59749999999984,47.74249999999998,47.9958333333335,50.17625000000008,52.524893617021256
688025,2024-04-12,45.53,45.07,46.38,45.02,45.36,13812.1,62959300.0,46.29,47.48,50.55800000000005,51.96,55.85,34.65,-2.73,-2.41,-0.32,杰普特,计算机、通信和其他电子设备制造业,科创板,46.09499999999984,47.332499999999975,47.55166666666684,49.36500000000009,52.23617021276595
688025,2024-04-15,45.0,42.77,45.4,41.9,45.07,35924.2,155734000.0,45.43,46.98,50.06800000000005,51.55,55.3,30.91,-2.94,-2.52,-0.42,杰普特,计算机、通信和其他电子设备制造业,科创板,44.779999999999845,46.39749999999997,47.01916666666684,48.46500000000009,51.96127659574467
688025,2024-04-16,42.42,40.05,42.76,39.41,42.77,28081.4,114054000.0,43.83,46.15,49.36500000000005,51.03,54.68,27.17,-3.29,-2.67,-0.62,杰普特,计算机、通信和其他电子设备制造业,科创板,43.312499999999844,45.338749999999976,46.46750000000017,47.44375000000009,51.647872340425515
688025,2024-04-17,40.86,42.29,42.65,40.67,40.05,23143.7,96954100.0,43.11,45.35,48.65000000000005,50.62,54.13,34.22,-3.36,-2.81,-0.55,杰普特,计算机、通信和其他电子设备制造业,科创板,42.544999999999845,44.57124999999998,46.01000000000017,46.633125000000085,51.45829787234042
688025,2024-04-18,42.58,42.94,44.22,41.55,42.29,18899.9,81032100.0,42.62,44.79,47.89450000000005,50.29,53.58,36.16,-3.31,-2.91,-0.4,杰普特,计算机、通信和其他电子设备制造业,科创板,42.01249999999985,44.05374999999998,45.55916666666683,46.16687500000008,51.28212765957446
688025,2024-04-19,42.6,41.95,42.8,41.33,42.94,15673.9,65790200.0,42.0,44.15,47.133500000000055,49.83,53.06,34.49,-3.32,-2.99,-0.33,杰普特,计算机、通信和其他电子设备制造业,科创板,41.80749999999984,43.293749999999974,44.86750000000017,45.71625000000009,51.137234042553175
688025,2024-04-22,42.02,41.83,42.47,40.67,41.95,13760.3,57463300.0,41.81,43.62,46.40550000000006,49.45,52.61,34.29,-3.3,-3.05,-0.25,杰普特,计算机、通信和其他电子设备制造业,科创板,42.25249999999984,42.78249999999997,44.31000000000017,45.41375000000009,51.09021276595743
688025,2024-04-23,42.11,42.67,42.88,41.77,41.83,14190.2,60260200.0,42.34,43.08,45.77600000000005,49.04,52.16,37.12,-3.17,-3.08,-0.09,杰普特,计算机、通信和其他电子设备制造业,科创板,42.34749999999985,42.44624999999997,43.830000000000176,45.09437500000009,50.987234042553176
688025,2024-04-24,42.89,43.99,44.2,42.49,42.67,14752.3,64223700.0,42.68,42.89,45.45550000000006,48.67,51.74,41.38,-2.94,-3.05,0.11,杰普特,计算机、通信和其他电子设备制造业,科创板,42.60999999999985,42.31124999999997,43.57250000000017,44.82187500000009,50.92382978723403
688025,2024-04-25,43.54,44.05,44.42,43.13,43.99,10154.0,44694000.0,42.9,42.76,45.20000000000006,48.29,51.4,41.58,-2.71,-2.98,0.27,杰普特,计算机、通信和其他电子设备制造业,科创板,43.13499999999985,42.471249999999976,43.240833333333505,44.43437500000009,50.69617021276594
688025,2024-04-26,44.0,44.76,45.19,43.8,44.05,15030.8,67353500.0,43.46,42.73,45.10450000000006,47.95,51.06,43.94,-2.44,-2.87,0.43,杰普特,计算机、通信和其他电子设备制造业,科创板,43.86749999999985,43.059999999999974,43.14416666666684,44.19937500000009,50.51382978723404
688025,2024-04-29,45.0,46.77,46.88,45.0,44.76,18169.5,84201600.0,44.45,43.13,45.05400000000006,47.76,50.83,50.1,-2.05,-2.71,0.66,杰普特,计算机、通信和其他电子设备制造业,科创板,44.892499999999856,43.61999999999997,43.261666666666834,44.09562500000009,50.423617021276584
688025,2024-04-30,46.79,45.8,46.92,45.5,46.77,19541.3,90131000.0,45.07,43.7,44.926500000000054,47.48,50.56,47.4,-1.79,-2.52,0.73,杰普特,计算机、通信和其他电子设备制造业,科创板,45.34499999999986,43.97749999999997,43.32250000000016,44.015625000000085,50.26999999999999
688025,2024-05-06,47.09,46.48,47.95,46.37,45.8,18555.2,87379300.0,45.57,44.12,44.738000000000056,47.14,50.36,49.46,-1.52,-2.32,0.8,杰普特,计算机、通信和其他电子设备制造业,科创板,45.95249999999986,44.543749999999974,43.63166666666683,43.91875000000009,50.14085106382978
688025,2024-05-07,46.44,46.01,46.89,45.68,46.48,13322.3,61474800.0,45.96,44.43,44.612500000000054,46.74,50.2,48.06,-1.33,-2.13,0.8,杰普特,计算机、通信和其他电子设备制造业,科创板,46.26499999999986,45.066249999999975,44.1283333333335,43.92437500000009,49.878936170212754
688025,2024-05-08,45.55,44.49,45.95,44.35,46.01,12462.2,55993200.0,45.91,44.68,44.41550000000006,46.32,50.02,43.74,-1.28,-1.96,0.68,杰普特,计算机、通信和其他电子设备制造业,科创板,45.69499999999986,45.293749999999974,44.31166666666684,43.87000000000009,49.548297872340406
688025,2024-05-09,44.3,45.8,45.85,44.3,44.49,12726.5,57916700.0,45.72,45.08,44.35150000000006,45.96,49.93,48.07,-1.12,-1.79,0.67,杰普特,计算机、通信和其他电子设备制造业,科创板,45.69499999999985,45.519999999999975,44.55000000000016,43.915625000000084,49.25170212765956
688025,2024-05-10,46.0,43.43,46.08,43.39,45.8,18323.4,80688100.0,45.24,45.16,44.121500000000054,45.57,49.8,41.8,-1.18,-1.67,0.49,杰普特,计算机、通信和其他电子设备制造业,科创板,44.932499999999855,45.442499999999974,44.67333333333349,43.95687500000008,49.03765957446807
688025,2024-05-13,43.92,41.96,43.92,41.66,43.43,15341.8,65113900.0,44.34,44.96,43.92350000000006,45.29,49.69,38.45,-1.33,-1.6,0.27,杰普特,计算机、通信和其他电子设备制造业,科创板,43.91999999999986,45.09249999999997,44.68416666666682,44.07625000000009,48.76042553191489
688025,2024-05-14,42.4,44.74,44.89,42.3,41.96,29865.8,130033000.0,44.08,45.02,43.892500000000055,45.14,49.7,47.09,-1.2,-1.52,0.32,杰普特,计算机、通信和其他电子设备制造业,科创板,43.98249999999986,44.838749999999976,44.856666666666825,44.22937500000009,48.52829787234042
688025,2024-05-15,44.51,43.02,44.65,42.58,44.74,21330.2,92220600.0,43.79,44.85,43.790000000000056,45.02,49.63,43.06,-1.23,-1.46,0.23,杰普特,计算机、通信和其他电子设备制造业,科创板,43.287499999999866,44.49124999999997,44.77583333333349,44.234375000000085,48.284042553191476
688025,2024-05-16,43.11,42.7,43.78,42.65,43.02,13491.9,58297800.0,43.17,44.44,43.78650000000006,44.85,49.56,42.34,-1.27,-1.42,0.15,杰普特,计算机、通信和其他电子设备制造业,科创板,43.10499999999986,44.01874999999997,44.6633333333335,44.281250000000085,48.0687234042553
688025,2024-05-17,42.86,44.12,44.5,42.53,42.7,22623.0,98875700.0,43.31,44.28,43.99000000000006,44.71,49.38,46.63,-1.16,-1.37,0.21,杰普特,计算机、通信和其他电子设备制造业,科创板,43.64499999999986,43.78249999999997,44.61000000000016,44.42437500000008,47.821914893617006
688025,2024-05-20,44.3,43.85,45.27,43.53,44.12,18394.7,81354800.0,43.69,44.01,44.06800000000006,44.5,49.22,45.93,-1.09,-1.31,0.22,杰普特,计算机、通信和其他电子设备制造业,科创板,43.42249999999986,43.70249999999997,44.36666666666684,44.49812500000009,47.61936170212764
688025,2024-05-21,44.07,43.95,44.3,43.0,43.85,10924.8,47726000.0,43.53,43.81,44.11850000000006,44.34,49.1,46.25,-1.01,-1.25,0.24,杰普特,计算机、通信和其他电子设备制造业,科创板,43.65499999999985,43.47124999999997,44.212500000000176,44.49562500000009,47.384680851063806
688025,2024-05-22,44.0,45.45,45.68,43.72,43.95,23066.4,103770000.0,44.01,43.9,44.293500000000066,44.24,48.98,50.97,-0.83,-1.17,0.34,杰普特,计算机、通信和其他电子设备制造业,科创板,44.34249999999986,43.72374999999997,44.12666666666684,44.583125000000095,47.17808510638296
688025,2024-05-23,45.5,43.87,45.5,43.75,45.45,18620.2,82487200.0,44.25,43.71,44.39550000000006,44.14,48.83,46.35,-0.79,-1.09,0.3,杰普特,计算机、通信和其他电子设备制造业,科创板,44.27999999999986,43.96249999999997,43.948333333333515,44.527500000000096,46.9351063829787
688025,2024-05-24,44.0,42.5,44.24,42.46,43.87,14834.3,63982600.0,43.92,43.62,44.387000000000064,43.95,48.57,42.74,-0.87,-1.05,0.18,杰普特,计算机、通信和其他电子设备制造业,科创板,43.94249999999986,43.68249999999997,43.78250000000018,44.2606250000001,46.668085106382954
688025,2024-05-27,42.23,42.28,42.68,40.65,42.5,16360.7,67937900.0,43.61,43.65,44.30150000000006,43.83,48.27,42.17,-0.93,-1.02,0.09,杰普特,计算机、通信和其他电子设备制造业,科创板,43.524999999999864,43.589999999999975,43.48916666666685,44.0406250000001,46.44914893617019
688025,2024-05-28,42.65,41.67,42.87,41.4,42.28,11089.5,46717500.0,43.15,43.34,44.18250000000006,43.71,47.97,40.56,-1.03,-1.03,0.0,杰普特,计算机、通信和其他电子设备制造业,科创板,42.57999999999987,43.46124999999998,43.34250000000018,43.740000000000094,46.18446808510635
688025,2024-05-29,41.44,41.89,42.78,41.44,41.67,12692.1,53510300.0,42.44,43.23,44.03900000000006,43.6,47.78,41.43,-1.06,-1.03,-0.03,杰普特,计算机、通信和其他电子设备制造业,科创板,42.084999999999866,43.182499999999976,43.336666666666844,43.482500000000094,45.87170212765954
688025,2024-05-30,41.8,43.49,43.87,41.25,41.89,20883.7,89647900.0,42.37,43.31,43.875000000000064,43.63,47.59,47.45,-0.96,-1.02,0.06,杰普特,计算机、通信和其他电子设备制造业,科创板,42.33249999999987,43.137499999999974,43.23250000000018,43.420000000000094,45.56191489361698
688025,2024-05-31,44.0,43.8,45.18,43.46,43.49,18229.6,80961800.0,42.63,43.28,43.77500000000006,43.75,47.39,48.55,-0.83,-0.98,0.15,杰普特,计算机、通信和其他电子设备制造业,科创板,42.71249999999987,43.11874999999998,43.29750000000018,43.295000000000094,45.2774468085106
688025,2024-06-03,43.74,43.38,44.35,43.02,43.8,13471.9,58697300.0,42.85,43.23,43.62000000000006,43.79,47.2,47.11,-0.77,-0.94,0.17,杰普特,计算机、通信和其他电子设备制造业,科创板,43.13999999999987,42.85999999999998,43.354166666666835,43.2918750000001,45.00063829787231
688025,2024-06-04,44.1,42.55,44.1,41.79,43.38,15170.9,64199300.0,43.02,43.09,43.44700000000006,43.78,47.03,44.31,-0.77,-0.9,0.13,杰普特,计算机、通信和其他电子设备制造业,科创板,43.30499999999988,42.69499999999998,43.2233333333335,43.32875000000009,44.73021276595741
688025,2024-06-05,42.7,42.0,42.88,42.0,42.55,9746.96,41426500.0,43.04,42.74,43.32250000000006,43.78,46.81,42.5,-0.8,-0.88,0.08,杰普特,计算机、通信和其他电子设备制造业,科创板,42.93249999999988,42.63249999999998,43.06916666666683,43.15750000000009,44.55148936170209
688025,2024-06-06,42.42,39.64,42.68,39.54,42.0,23363.3,94617500.0,42.27,42.32,43.01450000000006,43.7,46.58,35.77,-1.02,-0.91,-0.11,杰普特,计算机、通信和其他电子设备制造业,科创板,41.89249999999987,42.30249999999998,42.71000000000016,42.94625000000009,44.34893617021273
688025,2024-06-07,40.0,39.94,40.77,39.54,39.64,13319.4,53442200.0,41.5,42.06,42.84000000000006,43.61,46.33,37.14,-1.14,-0.96,-0.18,杰普特,计算机、通信和其他电子设备制造业,科创板,41.03249999999987,42.08624999999998,42.25083333333349,42.77375000000009,44.205744680851026
688025,2024-06-11,40.0,42.3,42.44,39.0,39.94,18829.7,77380000.0,41.29,42.07,42.857000000000056,43.56,46.11,46.71,-1.04,-0.97,-0.07,杰普特,计算机、通信和其他电子设备制造业,科创板,40.96999999999987,42.13749999999998,42.120000000000154,42.66000000000009,44.089148936170176
688025,2024-06-12,43.0,44.12,45.38,42.5,42.3,32929.4,146351000.0,41.6,42.31,42.82600000000006,43.56,45.93,52.7,-0.8,-0.94,0.14,杰普特,计算机、通信和其他电子设备制造业,科创板,41.49999999999987,42.21624999999998,42.25500000000016,42.67687500000009,43.99914893617017
688025,2024-06-13,43.76,44.16,45.5,43.6,44.12,23634.2,105014000.0,42.03,42.54,42.88300000000005,43.54,45.74,52.82,-0.6,-0.87,0.27,杰普特,计算机、通信和其他电子设备制造业,科创板,42.62999999999987,42.26124999999998,42.411666666666825,42.69000000000008,43.86957446808506
688025,2024-06-14,44.16,43.84,44.16,43.01,44.16,16055.5,70027600.0,42.87,42.57,42.940000000000055,43.44,45.6,51.64,-0.47,-0.79,0.32,杰普特,计算机、通信和其他电子设备制造业,科创板,43.60499999999987,42.31874999999998,42.59250000000016,42.58937500000008,43.76999999999996
688025,2024-06-17,43.83,45.48,46.49,43.09,43.84,32051.1,145118000.0,43.98,42.74,43.00800000000005,43.43,45.45,56.95,-0.23,-0.68,0.45,杰普特,计算机、通信和其他电子设备制造业,科创板,44.399999999999864,42.68499999999998,42.89166666666682,42.69000000000008,43.70723404255316
688025,2024-06-18,45.45,45.3,46.34,44.93,45.48,24118.2,109892000.0,44.58,42.93,43.08050000000005,43.39,45.27,56.22,-0.04,-0.55,0.51,杰普特,计算机、通信和其他电子设备制造业,科创板,44.694999999999865,43.09749999999998,43.04250000000015,42.86500000000008,43.66936170212763
688025,2024-06-19,45.25,44.9,46.6,44.53,45.3,26640.7,120948000.0,44.74,43.17,43.12800000000005,43.35,45.05,54.55,0.06,-0.43,0.49,杰普特,计算机、通信和其他电子设备制造业,科创板,44.87999999999987,43.75499999999998,43.13416666666682,43.02875000000008,43.60276595744678
688025,2024-06-20,45.28,44.49,46.06,44.27,44.9,24233.5,109511000.0,44.8,43.42,43.08000000000005,43.35,44.84,52.82,0.12,-0.32,0.44,杰普特,计算机、通信和其他电子设备制造业,科创板,45.04249999999987,44.32374999999998,43.22666666666682,43.205000000000084,43.57234042553188
688025,2024-06-21,44.11,43.79,44.26,43.11,44.49,15333.8,66896900.0,44.79,43.83,43.07600000000004,43.29,44.63,49.9,0.1,-0.24,0.34,杰普特,计算机、通信和其他电子设备制造业,科创板,44.61999999999987,44.509999999999984,43.330000000000155,43.32375000000008,43.53893617021273
688025,2024-06-24,43.49,40.1,43.49,39.79,43.79,33667.6,139090000.0,43.72,43.85,42.956000000000046,43.18,44.37,37.99,-0.21,-0.23,0.02,杰普特,计算机、通信和其他电子设备制造业,科创板,43.319999999999865,44.007499999999986,43.17166666666682,43.11187500000008,43.43319148936167
688025,2024-06-25,40.23,38.59,40.46,38.04,40.1,27382.8,106709000.0,42.37,43.48,42.771500000000046,43.06,44.18,34.38,-0.58,-0.3,-0.28,杰普特,计算机、通信和其他电子设备制造业,科创板,41.742499999999865,43.31124999999999,43.084166666666825,42.78625000000009,43.34425531914891
688025,2024-06-26,38.78,39.9,40.21,37.9,38.59,16383.1,63721300.0,41.37,43.05,42.68300000000005,42.9,44.02,39.74,-0.75,-0.39,-0.36,杰普特,计算机、通信和其他电子设备制造业,科创板,40.594999999999864,42.81874999999998,43.08083333333349,42.56875000000009,43.3410638297872
688025,2024-06-27,39.8,39.2,40.98,39.18,39.9,17474.5,69846100.0,40.32,42.56,42.548500000000054,42.78,43.9,37.95,-0.92,-0.5,-0.42,杰普特,计算机、通信和其他电子设备制造业,科创板,39.44749999999987,42.033749999999976,42.82250000000016,42.35937500000009,43.27531914893614
688025,2024-06-28,39.25,40.39,41.8,38.78,39.2,27360.5,111359000.0,39.64,42.21,42.39350000000005,42.7,43.77,42.66,-0.97,-0.59,-0.38,杰普特,计算机、通信和其他电子设备制造业,科创板,39.519999999999875,41.41999999999997,42.51166666666683,42.25875000000009,43.221063829787205
688025,2024-07-01,40.51,39.28,40.98,37.95,40.39,27605.0,107892000.0,39.47,41.59,42.167500000000054,42.54,43.62,39.64,-1.07,-0.69,-0.38,杰普特,计算机、通信和其他电子设备制造业,科创板,39.692499999999875,40.71749999999997,42.10500000000016,42.23625000000009,43.16425531914891
688025,2024-07-02,39.28,37.98,39.28,37.9,39.28,18173.9,69910100.0,39.35,40.86,41.89750000000005,42.34,43.42,36.39,-1.25,-0.8,-0.45,杰普特,计算机、通信和其他电子设备制造业,科创板,39.21249999999987,39.903749999999974,41.61666666666682,42.113750000000095,43.08234042553188
688025,2024-07-03,38.15,37.57,38.38,36.5,37.98,17850.0,66722300.0,38.88,40.13,41.648500000000055,42.13,43.24,35.4,-1.39,-0.92,-0.47,杰普特,计算机、通信和其他电子设备制造业,科创板,38.804999999999865,39.12624999999997,40.95750000000016,41.8181250000001,42.97382978723401
688025,2024-07-04,37.67,36.2,37.97,36.04,37.57,16740.2,61689000.0,38.28,39.3,41.35850000000006,41.82,43.03,32.26,-1.61,-1.06,-0.55,杰普特,计算机、通信和其他电子设备制造业,科创板,37.757499999999865,38.638749999999966,40.199166666666834,41.323125000000104,42.80808510638295
688025,2024-07-05,35.8,36.01,36.5,35.01,36.2,14004.4,50051400.0,37.41,38.52,41.17700000000006,41.56,42.85,31.83,-1.78,-1.2,-0.58,杰普特,计算机、通信和其他电子设备制造业,科创板,36.93999999999986,38.31624999999997,39.458333333333506,40.813750000000105,42.63702127659571
688025,2024-07-08,36.37,34.69,36.37,34.54,36.01,13427.9,47134600.0,36.49,37.98,40.914500000000054,41.3,42.63,28.99,-2.0,-1.36,-0.64,杰普特,计算机、通信和其他电子设备制造业,科创板,36.117499999999865,37.66499999999997,38.641666666666836,40.2418750000001,42.42276595744678
688025,2024-07-09,34.83,36.25,36.56,34.38,34.69,15836.2,56440700.0,36.14,37.75,40.61200000000006,41.1,42.46,36.24,-2.01,-1.49,-0.52,杰普特,计算机、通信和其他电子设备制造业,科创板,35.787499999999866,37.29624999999997,38.0133333333335,39.6650000000001,42.19893617021273
688025,2024-07-10,36.1,36.29,36.93,35.96,36.25,14148.9,51598200.0,35.89,37.39,40.22050000000006,40.92,42.31,36.42,-2.0,-1.59,-0.41,杰普特,计算机、通信和其他电子设备制造业,科创板,35.80999999999986,36.783749999999976,37.6958333333335,39.1018750000001,41.99659574468082
688025,2024-07-11,36.93,37.85,37.9,36.67,36.29,17850.0,66939400.0,36.22,37.25,39.90500000000006,40.78,42.19,43.13,-1.85,-1.64,-0.21,杰普特,计算机、通信和其他电子设备制造业,科创板,36.26999999999986,36.604999999999976,37.634166666666836,38.6612500000001,41.81297872340422
688025,2024-07-12,37.38,37.29,37.82,37.11,37.85,11279.8,42141100.0,36.47,36.94,39.57750000000006,40.58,42.1,41.43,-1.75,-1.67,-0.08,杰普特,计算机、通信和其他电子设备制造业,科创板,36.91999999999986,36.518749999999976,37.41666666666684,38.2112500000001,41.627446808510605
688025,2024-07-15,37.21,36.14,37.61,35.97,37.29,13209.9,48071300.0,36.76,36.63,39.11050000000005,40.32,42.04,38.13,-1.74,-1.68,-0.06,杰普特,计算机、通信和其他电子设备制造业,科创板,36.892499999999856,36.339999999999975,37.16166666666684,37.7331250000001,41.449787234042525
688025,2024-07-16,36.38,36.63,36.75,35.37,36.14,14110.4,51050900.0,36.84,36.49,38.677000000000056,40.1,41.94,40.31,-1.68,-1.68,0.0,杰普特,计算机、通信和其他电子设备制造业,科创板,36.97749999999986,36.393749999999976,36.84833333333351,37.5162500000001,41.2546808510638
688025,2024-07-17,36.68,35.82,36.73,35.74,36.63,12036.7,43393400.0,36.75,36.32,38.223000000000056,39.87,41.82,37.93,-1.68,-1.68,0.0,杰普特,计算机、通信和其他电子设备制造业,科创板,36.46999999999986,36.369999999999976,36.56000000000017,37.3431250000001,41.09276595744678
688025,2024-07-18,35.53,35.13,35.79,34.37,35.82,16525.3,57738400.0,36.2,36.21,37.75500000000006,39.64,41.71,35.98,-1.71,-1.69,-0.02,杰普特,计算机、通信和其他电子设备制造业,科创板,35.92999999999986,36.424999999999976,36.32250000000017,37.0450000000001,40.947446808510605
688025,2024-07-19,35.13,35.77,36.28,35.02,35.13,15370.4,55101500.0,35.9,36.19,37.354000000000056,39.51,41.61,39.11,-1.67,-1.68,0.01,杰普特,计算机、通信和其他电子设备制造业,科创板,35.837499999999864,36.364999999999974,36.17250000000017,36.8306250000001,40.75659574468082
688025,2024-07-22,35.43,35.5,35.93,35.24,35.77,10963.4,38980300.0,35.77,36.27,37.12400000000006,39.37,41.49,38.26,-1.63,-1.67,0.04,杰普特,计算机、通信和其他电子设备制造业,科创板,35.554999999999865,36.26624999999997,36.11416666666684,36.5250000000001,40.59659574468082
688025,2024-07-23,35.55,33.8,35.56,33.75,35.5,17681.7,61078800.0,35.2,36.02,36.88450000000005,39.08,41.32,33.34,-1.72,-1.68,-0.04,杰普特,计算机、通信和其他电子设备制造业,科创板,35.04999999999987,35.75999999999997,35.93000000000017,36.1825000000001,40.407234042553156
688025,2024-07-24,33.8,32.77,34.22,32.7,33.8,14334.6,47666300.0,34.59,35.67,36.528000000000056,38.7,41.13,30.77,-1.86,-1.72,-0.14,杰普特,计算机、通信和其他电子设备制造业,科创板,34.45999999999987,35.194999999999965,35.770000000000174,35.856875000000095,40.165744680851034
688025,2024-07-25,32.67,32.75,33.28,32.11,32.77,12680.7,41433700.0,34.12,35.16,36.20550000000005,38.32,40.93,30.72,-1.95,-1.76,-0.19,杰普特,计算机、通信和其他电子设备制造业,科创板,33.70499999999987,34.77124999999997,35.4783333333335,35.55562500000009,39.92957446808508
688025,2024-07-26,32.98,33.34,33.54,32.8,32.75,10593.1,35216100.0,33.63,34.76,35.85300000000005,37.97,40.71,34.1,-1.94,-1.8,-0.14,杰普特,计算机、通信和其他电子设备制造业,科创板,33.16499999999987,34.35999999999997,35.23250000000017,35.37687500000009,39.703829787234014
688025,2024-07-29,33.65,32.94,33.65,32.54,33.34,11356.8,37414700.0,33.12,34.44,35.53600000000006,37.56,40.49,32.92,-1.96,-1.83,-0.13,杰普特,计算机、通信和其他电子设备制造业,科创板,32.949999999999875,33.99999999999997,34.8233333333335,35.18500000000009,39.43765957446806
688025,2024-07-30,32.68,32.95,33.15,32.11,32.94,12582.0,41130800.0,32.95,34.08,35.28450000000006,37.14,40.27,32.99,-1.93,-1.85,-0.08,杰普特,计算机、通信和其他电子设备制造业,科创板,32.99499999999987,33.72749999999997,34.46166666666684,35.07625000000009,39.20531914893614
688025,2024-07-31,33.3,34.96,35.0,33.0,32.95,23067.6,79004100.0,33.39,33.99,35.15400000000006,36.81,40.08,44.17,-1.74,-1.83,0.09,杰普特,计算机、通信和其他电子设备制造业,科创板,33.54749999999987,33.62624999999997,34.3633333333335,34.99562500000009,39.04489361702125
688025,2024-08-01,35.1,35.04,35.43,34.71,34.96,14365.6,50451500.0,33.85,33.98,35.09600000000005,36.5,39.93,44.56,-1.56,-1.78,0.22,杰普特,计算机、通信和其他电子设备制造业,科创板,33.97249999999987,33.56874999999997,34.2308333333335,34.91750000000009,38.890851063829764
688025,2024-08-02,34.46,33.79,35.13,33.68,35.04,14412.3,49589100.0,33.94,33.78,34.985000000000056,36.16,39.73,39.81,-1.51,-1.72,0.21,杰普特,计算机、通信和其他电子设备制造业,科创板,34.18499999999987,33.567499999999974,34.06166666666684,34.663750000000086,38.723191489361675
688025,2024-08-05,33.35,32.2,33.98,32.19,33.79,20079.5,66354200.0,33.79,33.45,34.86050000000006,35.9,39.54,34.73,-1.56,-1.69,0.13,杰普特,计算机、通信和其他电子设备制造业,科创板,33.997499999999874,33.496249999999975,33.81750000000017,34.34562500000009,38.51702127659571
688025,2024-08-06,32.74,33.17,33.36,32.67,32.2,15570.7,51419500.0,33.83,33.39,34.706500000000055,35.72,39.39,39.78,-1.52,-1.66,0.14,杰普特,计算机、通信和其他电子设备制造业,科创板,33.549999999999876,33.54874999999998,33.600833333333505,34.16000000000009,38.29744680851061
688025,2024-08-07,33.27,33.08,33.49,32.54,33.17,12828.9,42428700.0,33.46,33.42,34.54600000000006,35.49,39.2,39.47,-1.48,-1.62,0.14,杰普特,计算机、通信和其他电子设备制造业,科创板,33.05999999999988,33.51624999999997,33.39916666666684,33.93812500000009,38.06936170212763
688025,2024-08-08,33.33,33.03,33.55,32.32,33.08,12588.1,41438200.0,33.05,33.45,34.30500000000006,35.29,39.03,39.29,-1.43,-1.58,0.15,杰普特,计算机、通信和其他电子设备制造业,科创板,32.869999999999884,33.52749999999997,33.33500000000017,33.76375000000009,37.84914893617018
688025,2024-08-09,33.24,32.6,33.47,32.6,33.03,10021.2,32972000.0,32.82,33.38,34.07050000000006,35.03,38.86,37.7,-1.41,-1.55,0.14,杰普特,计算机、通信和其他电子设备制造业,科创板,32.969999999999885,33.48374999999997,33.32083333333351,33.60562500000009,37.6374468085106
688025,2024-08-12,32.5,32.21,32.97,32.0,32.6,11173.1,36027100.0,32.82,33.3,33.874000000000066,34.79,38.66,36.26,-1.4,-1.52,0.12,杰普特,计算机、通信和其他电子设备制造业,科创板,32.72999999999989,33.13999999999997,33.27583333333351,33.38312500000009,37.42914893617018
688025,2024-08-13,32.42,32.97,32.97,32.05,32.21,12771.2,41658200.0,32.78,33.3,33.69100000000007,34.62,38.48,40.98,-1.33,-1.48,0.15,杰普特,计算机、通信和其他电子设备制造业,科创板,32.70249999999989,32.88124999999997,33.245000000000175,33.225000000000094,37.28723404255316
688025,2024-08-14,33.18,32.85,33.21,32.4,32.97,11185.0,36655100.0,32.73,33.09,33.54250000000006,34.47,38.3,40.47,-1.27,-1.44,0.17,杰普特,计算机、通信和其他电子设备制造业,科创板,32.657499999999885,32.76374999999997,33.237500000000175,33.1656250000001,37.13638297872337
688025,2024-08-15,32.8,33.06,34.0,32.6,32.85,15024.3,50000900.0,32.74,32.9,33.439000000000064,34.36,38.09,41.83,-1.18,-1.39,0.21,杰普特,计算机、通信和其他电子设备制造业,科创板,32.77249999999989,32.871249999999975,33.24666666666685,33.1837500000001,36.93978723404252
688025,2024-08-16,33.29,33.35,34.05,33.06,33.06,20000.4,67270100.0,32.89,32.85,33.31800000000006,34.27,37.92,43.75,-1.08,-1.33,0.25,杰普特,计算机、通信和其他电子设备制造业,科创板,33.057499999999884,32.893749999999976,33.11250000000018,33.221250000000104,36.7106382978723
688025,2024-08-19,33.36,32.25,33.41,32.08,33.35,18318.6,59832900.0,32.9,32.86,33.15550000000006,34.19,37.75,38.56,-1.08,-1.28,0.2,杰普特,计算机、通信和其他电子设备制造业,科创板,32.877499999999884,32.78999999999998,32.88000000000018,33.1531250000001,36.457234042553154
688025,2024-08-20,32.42,31.47,32.6,31.39,32.25,14236.9,45395300.0,32.6,32.69,33.039000000000065,34.03,37.57,35.36,-1.12,-1.25,0.13,杰普特,计算机、通信和其他电子设备制造业,科创板,32.532499999999885,32.594999999999985,32.686666666666845,33.0612500000001,36.19404255319145
688025,2024-08-21,31.41,31.9,32.26,31.3,31.47,13087.8,41845900.0,32.41,32.57,32.995500000000064,33.89,37.4,38.4,-1.11,-1.22,0.11,杰普特,计算机、通信和其他电子设备制造业,科创板,32.242499999999886,32.50749999999998,32.66166666666684,32.995625000000096,35.90510638297869
688025,2024-08-22,31.91,31.17,32.17,31.1,31.9,11232.7,35420000.0,32.03,32.38,32.91650000000006,33.66,37.22,35.36,-1.15,-1.2,0.05,杰普特,计算机、通信和其他电子设备制造业,科创板,31.697499999999884,32.37749999999998,32.495000000000175,32.75875000000009,35.60446808510635
688025,2024-08-23,31.46,31.15,31.46,30.61,31.17,10943.9,34013900.0,31.59,32.24,32.80700000000006,33.46,37.02,35.28,-1.17,-1.2,0.03,杰普特,计算机、通信和其他电子设备制造业,科创板,31.422499999999886,32.14999999999998,32.33416666666684,32.51562500000009,35.311914893616986
688025,2024-08-26,32.0,33.04,34.14,31.99,31.15,28697.5,95027900.0,31.75,32.32,32.812000000000054,33.36,36.84,47.68,-1.02,-1.16,0.14,杰普特,计算机、通信和其他电子设备制造业,科创板,31.814999999999884,32.17374999999998,32.33500000000018,32.46875000000009,35.068297872340395
688025,2024-08-27,33.0,32.45,33.27,32.33,33.04,18277.9,59795400.0,31.94,32.27,32.787000000000056,33.22,36.66,44.79,-0.93,-1.12,0.19,杰普特,计算机、通信和其他电子设备制造业,科创板,31.95249999999988,32.097499999999975,32.322500000000176,32.48437500000009,34.827021276595715
688025,2024-08-28,32.6,32.78,32.97,32.1,32.45,11235.5,36613100.0,32.12,32.26,32.678000000000054,33.12,36.49,46.73,-0.83,-1.06,0.23,杰普特,计算机、通信和其他电子设备制造业,科创板,32.354999999999876,32.026249999999976,32.37000000000018,32.46000000000009,34.67127659574465
688025,2024-08-29,32.78,34.74,34.89,32.69,32.78,28272.8,96290900.0,32.83,32.43,32.66300000000005,33.1,36.37,56.51,-0.59,-0.96,0.37,杰普特,计算机、通信和其他电子设备制造业,科创板,33.25249999999988,32.33749999999998,32.51750000000018,32.56375000000009,34.58936170212763
688025,2024-08-30,34.8,35.55,36.13,34.2,34.74,32302.4,114569000.0,33.71,32.65,32.751000000000055,33.1,36.3,59.8,-0.32,-0.84,0.52,杰普特,计算机、通信和其他电子设备制造业,科创板,33.879999999999875,32.84749999999998,32.742500000000184,32.72125000000009,34.49680851063827
688025,2024-09-02,35.6,34.9,35.89,34.87,35.55,22672.1,80199400.0,34.08,32.92,32.88600000000005,33.08,36.22,56.13,-0.16,-0.7,0.54,杰普特,计算机、通信和其他电子设备制造业,科创板,34.49249999999988,33.22249999999998,32.89583333333351,32.86500000000009,34.40531914893614
688025,2024-09-03,34.75,35.23,35.84,34.41,34.9,13467.9,47468800.0,34.64,33.29,32.989000000000054,33.12,36.1,57.56,-0.01,-0.56,0.55,杰普特,计算机、通信和其他电子设备制造业,科创板,35.104999999999876,33.72999999999998,33.05250000000018,33.053750000000086,34.29553191489359
688025,2024-09-04,34.98,35.18,35.5,34.69,35.23,11061.4,38831800.0,35.12,33.62,33.09400000000005,33.2,35.95,57.25,0.11,-0.43,0.54,杰普特,计算机、通信和其他电子设备制造业,科创板,35.214999999999876,34.233749999999986,33.296666666666844,33.19187500000008,34.208297872340395
688025,2024-09-05,35.18,34.87,35.4,34.72,35.18,12603.9,44076800.0,35.15,33.99,33.18600000000005,33.27,35.8,55.31,0.17,-0.31,0.48,杰普特,计算机、通信和其他电子设备制造业,科创板,35.044999999999874,34.462499999999984,33.58000000000018,33.31812500000008,34.142127659574435
688025,2024-09-06,34.9,33.65,35.29,33.55,34.87,13057.8,44303400.0,34.77,34.24,33.23850000000005,33.28,35.63,48.35,0.12,-0.22,0.34,杰普特,计算机、通信和其他电子设备制造业,科创板,34.732499999999874,34.61249999999998,33.72583333333352,33.355000000000075,34.05872340425529
688025,2024-09-09,33.68,33.07,33.99,32.85,33.65,12928.2,43051900.0,34.4,34.24,33.28150000000005,33.29,35.42,45.43,0.03,-0.17,0.2,杰普特,计算机、通信和其他电子设备制造业,科创板,34.192499999999875,34.64874999999998,33.88416666666685,33.33750000000008,33.992127659574436
688025,2024-09-10,33.03,33.45,33.64,32.54,33.07,12510.9,41343000.0,34.04,34.34,33.30550000000005,33.31,35.22,47.66,-0.01,-0.14,0.13,杰普特,计算机、通信和其他电子设备制造业,科创板,33.75999999999988,34.487499999999976,34.07583333333351,33.41250000000008,33.93765957446806
688025,2024-09-11,33.46,33.39,33.8,33.04,33.45,8705.61,29124000.0,33.69,34.4,33.33250000000005,33.25,35.03,47.33,-0.04,-0.12,0.08,杰普特,计算机、通信和其他电子设备制造业,科创板,33.38999999999987,34.21749999999997,34.10500000000018,33.53250000000008,33.90999999999997
688025,2024-09-12,33.52,32.6,33.78,32.55,33.39,12179.3,40361900.0,33.23,34.19,33.30950000000005,33.17,34.83,43.11,-0.12,-0.12,0.0,杰普特,计算机、通信和其他电子设备制造业,科创板,33.12749999999987,33.92999999999998,34.117500000000184,33.57625000000008,33.83234042553188
688025,2024-09-13,32.79,31.33,33.0,31.27,32.6,14114.3,44967300.0,32.77,33.77,33.20850000000005,33.09,34.63,37.34,-0.3,-0.16,-0.14,杰普特,计算机、通信和其他电子设备制造业,科创板,32.69249999999987,33.442499999999974,33.99666666666685,33.586250000000085,33.726808510638264
688025,2024-09-18,31.33,30.64,31.6,30.0,31.33,16030.7,48907700.0,32.28,33.34,33.12800000000005,33.04,34.47,34.63,-0.48,-0.22,-0.26,杰普特,计算机、通信和其他电子设备制造业,科创板,31.989999999999863,32.87499999999997,33.65500000000018,33.554375000000086,33.57340425531912
688025,2024-09-19,30.92,31.19,31.78,30.42,30.64,14158.4,44101100.0,31.83,32.94,33.11400000000005,32.97,34.35,38.46,-0.58,-0.29,-0.29,杰普特,计算机、通信和其他电子设备制造业,科创板,31.439999999999866,32.41499999999997,33.29166666666685,33.43875000000009,33.44361702127657
688025,2024-09-20,31.3,30.88,31.4,30.64,31.19,8423.94,25988300.0,31.33,32.51,33.06300000000005,32.9,34.2,37.14,-0.67,-0.37,-0.3,杰普特,计算机、通信和其他电子设备制造业,科创板,31.00999999999987,32.06874999999997,32.95666666666685,33.34062500000009,33.33170212765955
688025,2024-09-23,30.82,30.82,31.32,30.46,30.88,8877.37,27496600.0,30.97,32.1,33.045500000000054,32.82,34.06,36.87,-0.74,-0.44,-0.3,杰普特,计算机、通信和其他电子设备制造业,科创板,30.88249999999987,31.787499999999973,32.58916666666685,33.21812500000009,33.208085106382946
688025,2024-09-24,31.18,32.37,32.37,30.51,30.82,18079.4,57239200.0,31.18,31.97,33.106500000000054,32.82,33.92,47.31,-0.66,-0.49,-0.17,杰普特,计算机、通信和其他电子设备制造业,科创板,31.314999999999866,31.652499999999975,32.35500000000018,33.07000000000009,33.1346808510638
688025,2024-09-25,33.28,32.74,34.5,32.66,32.37,22870.4,76413300.0,31.6,31.94,33.09150000000006,32.83,33.81,49.46,-0.57,-0.5,-0.07,杰普特,计算机、通信和其他电子设备制造业,科创板,31.702499999999866,31.571249999999978,32.17750000000018,32.894375000000096,33.08382978723401
688025,2024-09-26,32.75,33.91,33.97,32.56,32.74,16224.7,54095300.0,32.14,31.99,33.164500000000054,32.87,33.75,55.62,-0.39,-0.48,0.09,杰普特,计算机、通信和其他电子设备制造业,科创板,32.459999999999866,31.734999999999975,32.19916666666685,32.832500000000095,33.0442553191489
688025,2024-09-27,34.76,36.76,36.93,34.7,34.27,21216.6,75814600.0,33.32,32.32,33.36350000000006,33.0,33.73,66.37,-0.02,-0.39,0.37,杰普特,计算机、通信和其他电子设备制造业,科创板,33.944999999999865,32.41374999999998,32.506666666666845,32.928125000000094,33.07106382978721
688025,2024-09-30,38.68,42.86,43.07,38.68,36.76,55161.1,226289000.0,35.73,33.35,33.76950000000006,33.32,33.84,78.42,0.76,-0.16,0.92,杰普特,计算机、通信和其他电子设备制造业,科创板,36.56749999999987,33.94124999999998,33.29083333333352,33.4081250000001,33.26382978723401
688025,2024-10-08,51.0,48.28,51.2,44.92,42.86,73907.0,356255000.0,38.91,35.04,34.406000000000056,33.82,34.05,83.93,1.79,0.23,1.56,杰普特,计算机、通信和其他电子设备制造业,科创板,40.452499999999866,36.07749999999998,34.531666666666844,34.246250000000096,33.59382978723401
688025,2024-10-09,47.68,41.99,47.68,41.69,48.28,59803.8,269276000.0,40.76,36.18,34.76050000000006,34.15,34.17,63.63,2.07,0.6,1.47,杰普特,计算机、通信和其他电子设备制造业,科创板,42.47249999999987,37.46624999999998,35.31416666666684,34.7675000000001,33.79042553191486
688025,2024-10-10,42.68,41.92,44.15,40.85,41.99,36157.8,154251000.0,42.36,37.25,35.095000000000056,34.49,34.26,63.44,2.27,0.93,1.34,杰普特,计算机、通信和其他电子设备制造业,科创板,43.762499999999875,38.853749999999984,36.19666666666685,35.32062500000009,33.972978723404225
688025,2024-10-11,42.18,39.09,42.24,38.41,41.92,33584.5,133223000.0,42.83,38.07,35.29050000000006,34.73,34.31,56.35,2.17,1.18,0.99,杰普特,计算机、通信和其他电子设备制造业,科创板,42.81999999999988,39.69374999999998,36.900833333333516,35.67312500000009,34.10382978723401
688025,2024-10-14,39.8,40.96,40.96,38.49,39.09,34493.4,137553000.0,42.45,39.09,35.59500000000006,35.06,34.36,59.57,2.22,1.39,0.83,杰普特,计算机、通信和其他电子设备制造业,科创板,40.98999999999988,40.721249999999976,37.71500000000018,36.146250000000094,34.27425531914891
688025,2024-10-15,40.99,40.04,41.73,40.04,40.96,26910.5,110071000.0,40.8,39.85,35.91450000000006,35.36,34.41,57.33,2.16,1.54,0.62,杰普特,计算机、通信和其他电子设备制造业,科创板,40.50249999999988,41.48749999999998,38.47833333333352,36.61125000000009,34.38234042553188
688025,2024-10-16,39.6,39.31,40.19,38.81,40.04,22067.8,86940800.0,40.26,40.51,36.22650000000006,35.57,34.46,55.55,2.03,1.64,0.39,杰普特,计算机、通信和其他电子设备制造业,科创板,39.84999999999988,41.806249999999984,39.18583333333352,37.11000000000009,34.47319148936167
688025,2024-10-17,39.63,39.31,40.38,39.0,39.31,21502.6,85721800.0,39.74,41.05,36.519500000000065,35.79,34.51,55.55,1.9,1.69,0.21,杰普特,计算机、通信和其他电子设备制造业,科创板,39.90499999999988,41.36249999999998,39.76416666666685,37.651875000000096,34.5906382978723
688025,2024-10-18,39.38,41.57,42.88,39.17,39.31,37062.7,152545000.0,40.24,41.53,36.928500000000064,36.09,34.6,60.01,1.96,1.75,0.21,杰普特,计算机、通信和其他电子设备制造业,科创板,40.05749999999988,40.52374999999998,40.50000000000019,38.300625000000096,34.789999999999964
688025,2024-10-21,42.53,43.43,44.9,41.7,41.57,46916.6,204377000.0,40.73,41.59,37.47000000000006,36.38,34.74,63.28,2.13,1.82,0.31,杰普特,计算机、通信和其他电子设备制造业,科创板,40.90499999999988,40.70374999999998,41.29333333333352,39.08500000000009,35.008297872340385
688025,2024-10-22,44.51,43.5,45.48,42.96,43.43,42640.4,188603000.0,41.42,41.11,38.07850000000006,36.64,34.87,63.4,2.25,1.91,0.34,杰普特,计算机、通信和其他电子设备制造业,科创板,41.95249999999988,40.901249999999976,41.85500000000019,39.87750000000009,35.22999999999997
688025,2024-10-23,43.98,43.74,44.53,42.7,43.5,32886.2,143984000.0,42.31,41.29,38.73350000000006,36.94,35.01,63.84,2.34,1.99,0.35,杰普特,计算机、通信和其他电子设备制造业,科创板,43.05999999999988,41.48249999999997,41.92833333333352,40.58812500000009,35.457872340425496
688025,2024-10-24,43.34,42.85,43.54,42.0,43.74,23489.4,100346000.0,43.02,41.38,39.31650000000006,37.19,35.16,60.91,2.3,2.06,0.24,杰普特,计算机、通信和其他电子设备制造业,科创板,43.37999999999988,41.71874999999998,41.475833333333526,41.22000000000009,35.675957446808475
688025,2024-10-25,43.06,45.25,46.0,42.95,42.85,42208.4,188300000.0,43.75,42.0,40.03500000000006,37.53,35.36,65.51,2.44,2.13,0.31,杰普特,计算机、通信和其他电子设备制造业,科创板,43.83499999999988,42.369999999999976,41.747500000000194,41.92875000000009,35.953404255319114
688025,2024-10-28,46.79,47.59,47.67,45.02,45.25,48787.0,228063000.0,44.59,42.66,40.87350000000006,37.95,35.61,69.3,2.71,2.25,0.46,杰普特,计算机、通信和其他电子设备制造业,科创板,44.85749999999988,43.40499999999998,42.22000000000019,42.605625000000096,36.264468085106344
688025,2024-10-29,47.67,49.31,51.69,46.75,47.59,67285.1,331853000.0,45.75,43.59,41.72050000000006,38.47,35.88,71.76,3.03,2.4,0.63,杰普特,计算机、通信和其他电子设备制造业,科创板,46.24999999999988,44.65499999999998,43.07166666666686,43.0087500000001,36.614680851063795
688025,2024-10-30,49.9,51.78,53.0,49.37,49.31,73209.5,376745000.0,47.36,44.83,42.672500000000056,39.1,36.19,74.87,3.44,2.61,0.83,杰普特,计算机、通信和其他电子设备制造业,科创板,48.48249999999988,45.931249999999984,43.97333333333352,43.2275000000001,37.01297872340422
688025,2024-10-31,52.76,50.3,52.92,49.85,51.78,46891.7,238128000.0,48.85,45.93,43.492000000000054,39.66,36.48,69.9,3.61,2.81,0.8,杰普特,计算机、通信和其他电子设备制造业,科创板,49.74499999999988,46.789999999999985,44.82833333333352,43.746875000000095,37.37361702127656
688025,2024-11-01,50.25,46.8,50.47,46.49,50.3,53287.5,255851000.0,49.16,46.46,43.99400000000005,40.1,36.68,59.79,3.41,2.93,0.48,杰普特,计算机、通信和其他电子设备制造业,科创板,49.54749999999988,47.202499999999986,45.45250000000018,44.051875000000095,37.68319148936167
688025,2024-11-04,47.0,49.23,49.29,46.76,46.8,37427.1,181647000.0,49.48,47.04,44.31250000000005,40.66,36.91,63.72,3.42,3.03,0.39,杰普特,计算机、通信和其他电子设备制造业,科创板,49.527499999999876,47.88874999999999,46.279166666666846,44.685625000000094,38.061063829787194
688025,2024-11-05,49.3,51.46,52.36,48.5,49.23,46044.1,233182000.0,49.91,47.83,44.471500000000056,41.33,37.21,66.91,3.57,3.14,0.43,杰普特,计算机、通信和其他电子设备制造业,科创板,49.44749999999988,48.96499999999998,47.10333333333352,45.341875000000094,38.47723404255316
688025,2024-11-06,52.01,49.69,52.23,49.5,51.46,37344.3,188971000.0,49.5,48.43,44.856500000000054,41.96,37.5,62.23,3.49,3.21,0.28,杰普特,计算机、通信和其他电子设备制造业,科创板,49.294999999999874,49.51999999999998,47.62500000000018,45.94500000000009,38.871276595744646
688025,2024-11-07,49.0,50.18,50.2,48.16,49.69,32884.6,161822000.0,49.47,49.16,45.26950000000005,42.6,37.78,63.0,3.44,3.25,0.19,杰普特,计算机、通信和其他电子设备制造业,科创板,50.13999999999987,49.843749999999986,48.18166666666684,46.624375000000086,39.27617021276592
688025,2024-11-08,50.32,49.94,52.28,49.76,50.18,38885.2,198233000.0,50.1,49.63,45.812000000000054,43.23,38.07,62.33,3.34,3.27,0.07,杰普特,计算机、通信和其他电子设备制造业,科创板,50.317499999999875,49.922499999999985,48.698333333333515,47.28875000000009,39.635744680851026
688025,2024-11-11,49.95,56.79,57.4,49.94,49.94,61439.1,334045000.0,51.61,50.55,46.60350000000005,44.1,38.46,71.62,3.76,3.37,0.39,杰普特,计算机、通信和其他电子设备制造业,科创板,51.64999999999987,50.548749999999984,49.86000000000018,48.24000000000009,40.15361702127656
688025,2024-11-12,57.06,54.6,57.39,53.61,56.79,44223.2,244098000.0,52.24,51.08,47.33150000000005,44.84,38.83,66.02,3.89,3.47,0.42,杰普特,计算机、通信和其他电子设备制造业,科创板,52.87749999999987,51.086249999999986,50.639166666666846,48.93812500000009,40.61787234042549
688025,2024-11-13,53.99,58.63,58.97,52.16,54.6,58524.5,324579000.0,54.03,51.76,48.29750000000005,45.7,39.27,70.58,4.26,3.63,0.63,杰普特,计算机、通信和其他电子设备制造业,科创板,54.98999999999987,52.56499999999998,51.55916666666684,49.88375000000009,41.12617021276592
688025,2024-11-14,57.94,57.8,59.98,57.41,58.63,39238.1,229204000.0,55.55,52.51,49.22200000000005,46.5,39.68,68.54,4.43,3.79,0.64,杰普特,计算机、通信和其他电子设备制造业,科创板,56.95499999999987,53.63624999999998,52.26666666666684,50.76250000000009,41.599574468085066
688025,2024-11-15,57.9,55.23,60.77,55.08,57.8,49335.5,286964000.0,56.61,53.36,49.905000000000044,47.11,40.06,62.51,4.32,3.9,0.42,杰普特,计算机、通信和其他电子设备制造业,科创板,56.56499999999988,54.10749999999999,52.554166666666845,51.53625000000009,42.03212765957443
688025,2024-11-18,55.99,51.56,56.38,50.98,55.23,47316.8,251010000.0,55.56,53.59,50.31150000000005,47.4,40.36,55.06,3.87,3.89,-0.02,杰普特,计算机、通信和其他电子设备制造业,科创板,55.80499999999987,54.34124999999999,52.65916666666684,51.93062500000009,42.37957446808507
688025,2024-11-19,52.24,53.7,53.72,51.57,51.56,24611.4,129802000.0,55.38,53.81,50.82150000000005,47.58,40.7,58.19,3.66,3.84,-0.18,杰普特,计算机、通信和其他电子设备制造业,科创板,54.57249999999988,54.781249999999986,53.23416666666685,52.31250000000009,42.77361702127656
688025,2024-11-20,53.8,54.89,55.99,53.1,53.7,22695.5,123405000.0,54.64,54.33,51.379000000000055,48.02,41.08,59.86,3.55,3.79,-0.24,杰普特,计算机、通信和其他电子设备制造业,科创板,53.84499999999987,55.399999999999984,53.705833333333516,52.661250000000095,43.19957446808507
688025,2024-11-21,54.5,54.8,56.58,53.29,54.89,25851.6,142107000.0,54.04,54.79,51.97650000000006,48.44,41.47,59.67,3.41,3.71,-0.3,杰普特,计算机、通信和其他电子设备制造业,科创板,53.737499999999876,55.15124999999998,53.984166666666844,52.850000000000094,43.64957446808507
688025,2024-11-22,54.98,50.83,54.98,50.6,54.8,27524.7,145015000.0,53.16,54.88,52.255500000000055,48.84,41.78,51.69,2.94,3.56,-0.62,杰普特,计算机、通信和其他电子设备制造业,科创板,53.55499999999988,54.67999999999998,54.07916666666684,52.8831250000001,44.0274468085106
688025,2024-11-25,51.0,49.98,51.23,48.8,50.83,22931.6,113800000.0,52.84,54.2,52.37500000000006,49.14,42.1,50.14,2.48,3.34,-0.86,杰普特,计算机、通信和其他电子设备制造业,科创板,52.624999999999886,53.59874999999998,54.06250000000018,53.0818750000001,44.379148936170175
688025,2024-11-26,49.98,49.29,50.85,49.19,49.98,15709.0,78624300.0,51.96,53.67,52.37400000000006,49.44,42.4,48.86,2.04,3.08,-1.04,杰普特,计算机、通信和其他电子设备制造业,科创板,51.224999999999895,52.53499999999998,54.00833333333352,53.0856250000001,44.71744680851061
688025,2024-11-27,48.81,49.59,49.59,47.05,49.29,39155.3,189085000.0,50.9,52.77,52.264500000000055,49.79,42.68,49.47,1.69,2.8,-1.11,杰普特,计算机、通信和其他电子设备制造业,科创板,49.9224999999999,51.829999999999984,53.40833333333352,52.9687500000001,45.078936170212735
688025,2024-11-28,49.59,51.63,53.98,49.2,49.59,45970.0,238132000.0,50.26,52.15,52.33100000000006,50.2,43.0,53.48,1.56,2.55,-0.99,杰普特,计算机、通信和其他电子设备制造业,科创板,50.1224999999999,51.83874999999998,53.16083333333352,53.0900000000001,45.51085106382976
688025,2024-11-29,51.75,52.18,53.98,50.5,51.63,28440.4,148841000.0,50.53,51.85,52.600000000000065,50.55,43.32,54.53,1.48,2.34,-0.86,杰普特,计算机、通信和其他电子设备制造业,科创板,50.67249999999991,51.648749999999986,52.62333333333351,53.2150000000001,45.969148936170185
688025,2024-12-02,52.48,53.07,54.16,51.97,52.18,20345.6,107911000.0,51.15,52.0,52.792000000000066,50.87,43.62,56.25,1.47,2.17,-0.7,杰普特,计算机、通信和其他电子设备制造业,科创板,51.61749999999991,51.421249999999986,52.229166666666856,53.41062500000011,46.43468085106381
688025,2024-12-03,52.99,52.38,53.41,51.51,53.07,16688.9,87471400.0,51.77,51.86,52.838000000000065,51.17,43.91,54.53,1.4,2.01,-0.61,杰普特,计算机、通信和其他电子设备制造业,科创板,52.314999999999905,51.118749999999984,51.99166666666685,53.13500000000011,46.89212765957445
688025,2024-12-04,52.48,51.0,52.77,50.56,52.38,16480.7,84989300.0,52.05,51.48,52.903500000000065,51.41,44.17,51.16,1.21,1.85,-0.64,杰普特,计算机、通信和其他电子设备制造业,科创板,52.157499999999914,51.139999999999986,51.945000000000185,52.91000000000011,47.3214893617021
688025,2024-12-05,50.71,51.61,53.17,50.68,51.0,18035.1,93642600.0,52.05,51.16,52.97500000000006,51.7,44.45,52.55,1.1,1.7,-0.6,杰普特,计算机、通信和其他电子设备制造业,科创板,52.014999999999915,51.343749999999986,51.77083333333351,52.47125000000011,47.73085106382977
688025,2024-12-06,51.61,52.05,52.76,50.81,51.61,18306.2,94892600.0,52.02,51.28,53.08050000000005,51.93,44.73,53.59,1.03,1.57,-0.54,杰普特,计算机、通信和其他电子设备制造业,科创板,51.75999999999992,51.688749999999985,51.53416666666684,52.11187500000011,48.14170212765956
688025,2024-12-09,52.06,51.03,52.5,50.51,52.05,14842.2,76021000.0,51.61,51.38,52.792500000000054,52.04,45.0,50.83,0.9,1.43,-0.53,杰普特,计算机、通信和其他电子设备制造业,科创板,51.42249999999993,51.86874999999998,51.22000000000018,51.84937500000011,48.5059574468085
688025,2024-12-10,53.0,52.42,54.1,52.19,51.03,28145.9,149513000.0,51.62,51.7,52.68350000000006,52.15,45.31,54.28,0.88,1.32,-0.44,杰普特,计算机、通信和其他电子设备制造业,科创板,51.77749999999993,51.96749999999998,51.35250000000017,51.9031250000001,48.839148936170204
688025,2024-12-11,52.4,53.59,54.11,51.3,52.42,23283.7,122573000.0,52.14,52.1,52.43150000000005,52.21,45.65,57.02,0.96,1.25,-0.29,杰普特,计算机、通信和其他电子设备制造业,科创板,52.27249999999992,52.143749999999976,51.65333333333351,51.8962500000001,49.06744680851063
688025,2024-12-12,53.75,53.34,53.75,51.79,53.59,21472.7,113516000.0,52.49,52.27,52.20850000000005,52.31,45.98,56.24,0.99,1.2,-0.21,杰普特,计算机、通信和其他电子设备制造业,科创板,52.59499999999993,52.177499999999974,51.99083333333351,51.799375000000104,49.17510638297871
688025,2024-12-13,53.0,51.07,53.0,50.74,53.34,26781.6,137948000.0,52.29,52.16,52.000500000000045,52.45,46.28,49.65,0.81,1.12,-0.31,杰普特,计算机、通信和其他电子设备制造业,科创板,52.604999999999926,52.01374999999997,52.11416666666685,51.56625000000011,49.36829787234043
688025,2024-12-16,51.1,50.35,51.39,49.69,51.07,17300.6,87503100.0,52.15,51.88,51.94000000000004,52.49,46.57,47.74,0.61,1.02,-0.41,杰普特,计算机、通信和其他电子设备制造业,科创板,52.08749999999992,51.932499999999976,52.007500000000185,51.53625000000011,49.54765957446808
688025,2024-12-17,50.36,48.84,50.85,48.8,50.35,16249.2,80487600.0,51.44,51.53,51.69700000000004,52.4,46.87,43.92,0.33,0.88,-0.55,杰普特,计算机、通信和其他电子设备制造业,科创板,50.89999999999993,51.58624999999998,51.729166666666856,51.46500000000011,49.75510638297872
688025,2024-12-18,49.43,49.33,49.99,48.1,48.84,12888.9,63261800.0,50.59,51.36,51.419000000000025,52.39,47.18,45.44,0.14,0.73,-0.59,杰普特,计算机、通信和其他电子设备制造业,科创板,49.89749999999993,51.246249999999975,51.41750000000019,51.467500000000115,49.9331914893617
688025,2024-12-19,49.0,50.4,51.01,48.52,49.33,16306.7,81791200.0,50.0,51.24,51.199000000000034,52.4,47.5,48.72,0.08,0.6,-0.52,杰普特,计算机、通信和其他电子设备制造业,科创板,49.72999999999993,51.167499999999976,51.25250000000019,51.51812500000011,50.15361702127659
688025,2024-12-20,50.5,51.06,51.8,49.87,50.4,15121.5,77377900.0,50.0,51.14,51.21050000000004,52.43,47.83,50.69,0.08,0.5,-0.42,杰普特,计算机、通信和其他电子设备制造业,科创板,49.907499999999935,50.997499999999974,51.257500000000185,51.48250000000011,50.40361702127659
688025,2024-12-23,51.29,48.68,51.8,48.67,51.06,15633.0,78105900.0,49.66,50.91,51.14550000000004,52.16,48.13,44.11,-0.11,0.38,-0.49,杰普特,计算机、通信和其他电子设备制造业,科创板,49.867499999999936,50.38374999999998,51.01333333333351,51.26375000000011,50.60297872340425
688025,2024-12-24,49.28,49.36,49.8,48.08,48.68,9213.74,45127800.0,49.77,50.6,51.149000000000036,51.99,48.41,46.26,-0.2,0.26,-0.46,杰普特,计算机、通信和其他电子设备制造业,科创板,49.87499999999994,49.886249999999976,50.78916666666685,51.031875000000106,50.76872340425531
688025,2024-12-25,49.5,49.1,49.8,47.86,49.36,14203.7,69022000.0,49.72,50.15,51.124500000000026,51.67,48.69,45.54,-0.3,0.15,-0.45,杰普特,计算机、通信和其他电子设备制造业,科创板,49.54999999999994,49.63999999999998,50.62833333333352,50.82687500000011,50.88936170212765
688025,2024-12-26,48.99,50.3,50.5,48.33,49.1,12148.8,60754600.0,49.7,49.85,51.058000000000035,51.42,48.96,49.45,-0.26,0.07,-0.33,杰普特,计算机、通信和其他电子设备制造业,科创板,49.35999999999994,49.63374999999998,50.45166666666685,50.783125000000105,51.03404255319149
688025,2024-12-27,50.38,48.97,50.97,48.9,50.3,18021.9,90087600.0,49.28,49.64,50.89750000000003,51.21,49.16,45.55,-0.35,-0.02,-0.33,杰普特,计算机、通信和其他电子设备制造业,科创板,49.43249999999994,49.64999999999998,50.066666666666855,50.618125000000106,51.14531914893617
688025,2024-12-30,48.97,48.87,50.3,47.6,48.97,15152.4,74496500.0,49.32,49.49,50.68750000000003,51.12,49.26,45.26,-0.42,-0.1,-0.32,杰普特,计算机、通信和其他电子设备制造业,科创板,49.309999999999945,49.59249999999998,49.69416666666685,50.41937500000011,51.27340425531915
688025,2024-12-31,49.2,47.5,49.22,47.12,48.87,13962.0,67197500.0,48.95,49.36,50.44350000000002,50.92,49.25,41.38,-0.57,-0.19,-0.38,杰普特,计算机、通信和其他电子设备制造业,科创板,48.90999999999995,49.22999999999998,49.396666666666846,50.19875000000011,51.32127659574468
688025,2025-01-02,47.5,46.79,48.68,46.22,47.5,13901.0,66120600.0,48.49,49.1,50.233000000000025,50.65,49.33,39.49,-0.75,-0.3,-0.45,杰普特,计算机、通信和其他电子设备制造业,科创板,48.03249999999994,48.696249999999985,49.10000000000017,49.84687500000011,51.30425531914893
688025,2025-01-03,46.9,44.62,47.31,44.18,46.79,14636.1,66943800.0,47.35,48.52,49.88350000000002,50.31,49.38,34.33,-1.05,-0.45,-0.6,杰普特,计算机、通信和其他电子设备制造业,科创板,46.94499999999994,48.188749999999985,48.748333333333505,49.28625000000011,51.20446808510638
688025,2025-01-06,44.78,43.8,45.16,43.2,44.62,13984.8,61582000.0,46.32,47.8,49.471000000000025,50.07,49.45,32.6,-1.33,-0.63,-0.7,杰普特,计算机、通信和其他电子设备制造业,科创板,45.67749999999994,47.493749999999984,48.287500000000165,48.690000000000104,51.034680851063825
688025,2025-01-07,44.05,45.14,45.19,43.91,43.8,10597.4,47291300.0,45.57,47.44,49.17650000000003,49.91,49.52,38.1,-1.44,-0.79,-0.65,杰普特,计算机、通信和其他电子设备制造业,科创板,45.087499999999935,46.99874999999998,47.84916666666683,48.3193750000001,50.92489361702126
688025,2025-01-08,45.0,47.83,48.63,44.46,45.14,28003.8,130623000.0,45.64,47.29,48.94700000000003,49.86,49.65,47.38,-1.29,-0.89,-0.4,杰普特,计算机、通信和其他电子设备制造业,科创板,45.34749999999993,46.689999999999976,47.580000000000176,48.1618750000001,50.94680851063828
688025,2025-01-09,47.6,47.4,48.64,46.9,47.83,14474.4,69023600.0,45.76,47.12,48.63750000000003,49.79,49.79,46.19,-1.19,-0.95,-0.24,杰普特,计算机、通信和其他电子设备制造业,科创板,46.04249999999993,46.49374999999998,47.47333333333351,48.0718750000001,50.90787234042551
688025,2025-01-10,47.6,45.81,48.5,45.78,47.4,15287.9,72296600.0,46.0,46.67,48.26100000000003,49.6,49.9,41.98,-1.23,-1.01,-0.22,杰普特,计算机、通信和其他电子设备制造业,科创板,46.54499999999993,46.11124999999998,47.17750000000017,47.8518750000001,50.787659574468066
688025,2025-01-13,45.99,45.8,46.7,44.52,45.81,8609.15,39279500.0,46.4,46.36,47.997500000000024,49.38,49.97,41.95,-1.25,-1.06,-0.19,杰普特,计算机、通信和其他电子设备制造业,科创板,46.70999999999994,45.89874999999998,46.90250000000017,47.5643750000001,50.70489361702126
688025,2025-01-14,45.81,48.96,48.97,45.68,45.8,17353.1,83168000.0,47.16,46.36,47.928000000000026,49.25,50.06,52.02,-0.99,-1.04,0.05,杰普特,计算机、通信和其他电子设备制造业,科创板,46.992499999999936,46.16999999999997,46.7908333333335,47.4331250000001,50.67893617021275
688025,2025-01-15,49.2,48.55,49.31,48.15,48.96,11139.9,54085500.0,47.3,46.47,47.91350000000002,49.12,50.14,50.79,-0.81,-1.0,0.19,杰普特,计算机、通信和其他电子设备制造业,科创板,47.27999999999994,46.661249999999974,46.7558333333335,47.425000000000104,50.64936170212765
688025,2025-01-16,48.85,48.33,49.65,47.47,48.55,14622.9,70836100.0,47.49,46.62,47.86350000000002,49.03,50.22,50.1,-0.69,-0.93,0.24,杰普特,计算机、通信和其他电子设备制造业,科创板,47.90999999999994,47.22749999999997,46.710833333333504,47.360625000000105,50.46936170212765
688025,2025-01-17,48.8,48.99,49.47,48.04,48.33,14305.0,70078000.0,48.13,47.06,47.79300000000002,48.94,50.32,52.19,-0.52,-0.85,0.33,杰普特,计算机、通信和其他电子设备制造业,科创板,48.70749999999994,47.708749999999974,46.83500000000017,47.353750000000105,50.34999999999999
688025,2025-01-20,49.4,48.4,49.7,48.01,48.99,14851.0,72276600.0,48.65,47.52,47.660000000000025,48.82,50.38,50.17,-0.44,-0.77,0.33,杰普特,计算机、通信和其他电子设备制造业,科创板,48.56749999999994,47.77999999999997,46.96916666666684,47.235000000000106,50.1323404255319
688025,2025-01-21,48.75,49.43,49.63,48.1,48.4,14781.9,72431300.0,48.74,47.95,47.697500000000026,48.77,50.41,53.54,-0.28,-0.67,0.39,杰普特,计算机、通信和其他电子设备制造业,科创板,48.78749999999994,48.033749999999976,47.37000000000017,47.2637500000001,49.95425531914891
688025,2025-01-22,49.36,48.89,49.59,48.31,49.43,10758.0,52585200.0,48.81,48.06,47.67400000000002,48.65,50.4,51.57,-0.19,-0.58,0.39,杰普特,计算机、通信和其他电子设备制造业,科创板,48.92749999999994,48.418749999999974,47.79416666666683,47.2650000000001,49.81936170212764
688025,2025-01-23,49.17,48.42,50.23,48.34,48.89,14203.0,70309400.0,48.83,48.16,47.64000000000002,48.48,50.34,49.85,-0.17,-0.49,0.32,杰普特,计算机、通信和其他电子设备制造业,科创板,48.78499999999994,48.746249999999975,48.067500000000166,47.3225000000001,49.75255319148934
688025,2025-01-24,48.76,49.74,49.75,48.0,48.42,11439.1,56342300.0,48.98,48.55,47.61200000000002,48.36,50.33,54.45,-0.04,-0.4,0.36,杰普特,计算机、通信和其他电子设备制造业,科创板,49.11999999999994,48.84374999999998,48.22666666666683,47.5068750000001,49.6682978723404
688025,2025-01-27,49.77,48.12,49.77,48.12,49.74,12667.8,61646400.0,48.92,48.78,47.56950000000002,48.26,50.36,48.56,-0.07,-0.34,0.27,杰普特,计算机、通信和其他电子设备制造业,科创板,48.79249999999994,48.78999999999998,48.28666666666683,47.7256250000001,49.524255319148914
688025,2025-02-05,48.53,48.29,49.03,48.12,48.12,10925.0,52975100.0,48.69,48.72,47.54050000000002,48.19,50.34,49.19,-0.07,-0.28,0.21,杰普特,计算机、通信和其他电子设备制造业,科创板,48.64249999999994,48.78499999999998,48.49333333333349,48.0062500000001,49.38574468085104
688025,2025-02-06,48.29,49.49,49.49,48.11,48.29,29832.0,146384000.0,48.81,48.81,47.64000000000002,48.21,50.31,53.45,0.02,-0.22,0.24,杰普特,计算机、通信和其他电子设备制造业,科创板,48.90999999999994,48.84749999999998,48.80083333333349,48.2781250000001,49.35723404255316
688025,2025-02-07,49.37,50.11,50.69,49.02,49.49,29654.7,147996000.0,49.15,48.99,47.806000000000026,48.24,50.31,55.53,0.14,-0.15,0.29,杰普特,计算机、通信和其他电子设备制造业,科创板,49.00249999999994,49.06124999999999,48.896666666666825,48.4206250000001,49.35999999999997
688025,2025-02-10,50.64,49.56,50.64,48.9,50.11,30754.0,151744000.0,49.11,49.04,48.053000000000026,48.21,50.3,53.26,0.19,-0.08,0.27,杰普特,计算机、通信和其他电子设备制造业,科创板,49.36249999999994,49.077499999999986,48.9808333333335,48.5556250000001,49.36574468085104
688025,2025-02-11,49.58,49.34,49.58,48.8,49.56,15315.2,75398600.0,49.36,49.14,48.33000000000003,48.15,50.29,52.34,0.2,-0.03,0.23,杰普特,计算机、通信和其他电子设备制造业,科创板,49.62499999999994,49.13374999999999,49.06500000000017,48.776250000000104,49.36042553191486
688025,2025-02-12,49.3,49.95,50.33,49.06,49.34,24155.7,120145000.0,49.69,49.19,48.57050000000003,48.2,50.18,54.68,0.27,0.03,0.24,杰普特,计算机、通信和其他电子设备制造业,科创板,49.73999999999994,49.32499999999999,49.145000000000174,49.03562500000011,49.324680851063796
688025,2025-02-13,50.0,50.11,51.06,49.09,49.95,34137.2,171298000.0,49.81,49.31,48.68450000000003,48.22,50.1,55.3,0.32,0.09,0.23,杰普特,计算机、通信和其他电子设备制造业,科创板,49.73999999999994,49.37124999999999,49.28750000000017,49.10750000000011,49.280638297872315
688025,2025-02-14,49.67,49.49,50.27,49.03,50.11,20446.1,101406000.0,49.69,49.42,48.78900000000003,48.23,49.95,52.31,0.32,0.14,0.18,杰普特,计算机、通信和其他电子设备制造业,科创板,49.72249999999994,49.54249999999999,49.29250000000018,49.16625000000011,49.20446808510635
688025,2025-02-17,49.55,51.16,52.19,49.51,49.49,34480.8,176653000.0,50.01,49.56,49.05650000000004,48.26,49.84,58.78,0.44,0.2,0.24,杰普特,计算机、通信和其他电子设备制造业,科创板,50.17749999999994,49.90124999999998,49.48166666666685,49.34312500000011,49.17851063829783
688025,2025-02-18,51.99,50.12,52.41,49.66,51.16,30887.7,158124000.0,50.17,49.76,49.272500000000036,48.3,49.76,53.88,0.44,0.25,0.19,杰普特,计算机、通信和其他电子设备制造业,科创板,50.21999999999994,49.97999999999998,49.62333333333351,49.41375000000011,49.15978723404251
688025,2025-02-19,50.0,50.87,51.24,49.83,50.12,16574.8,84133000.0,50.35,50.02,49.36800000000003,48.37,49.75,56.68,0.51,0.3,0.21,杰普特,计算机、通信和其他电子设备制造业,科创板,50.40999999999994,50.07499999999998,49.71750000000018,49.56812500000011,49.14404255319144
688025,2025-02-20,51.02,53.32,53.82,50.61,50.87,35597.6,186769000.0,50.99,50.4,49.606500000000025,48.56,49.74,64.32,0.75,0.39,0.36,杰普特,计算机、通信和其他电子设备制造业,科创板,51.367499999999936,50.54499999999998,50.150833333333516,49.811250000000115,49.17106382978719
688025,2025-02-21,53.56,54.6,55.14,52.56,53.32,30308.1,163497000.0,52.01,50.85,49.92000000000002,48.82,49.73,67.53,1.02,0.52,0.5,杰普特,计算机、通信和其他电子设备制造业,科创板,52.22749999999994,51.202499999999986,50.676666666666854,50.16812500000012,49.24702127659569
688025,2025-02-24,54.5,53.04,54.5,52.38,54.6,28800.8,152181000.0,52.39,51.2,50.122500000000024,49.1,49.7,60.39,1.11,0.63,0.48,杰普特,计算机、通信和其他电子设备制造业,科创板,52.95749999999994,51.58874999999999,50.97250000000019,50.45687500000012,49.26021276595739
688025,2025-02-25,52.51,52.72,53.36,52.16,53.04,21255.1,112350000.0,52.91,51.54,50.338500000000025,49.4,49.74,59.01,1.14,0.74,0.4,杰普特,计算机、通信和其他电子设备制造业,科创板,53.41999999999993,51.91499999999999,51.19000000000019,50.64312500000012,49.24170212765951
688025,2025-02-26,52.81,53.69,53.78,52.16,52.72,25696.7,136522000.0,53.47,51.91,50.551500000000026,49.68,49.8,61.85,1.22,0.83,0.39,杰普特,计算机、通信和其他电子设备制造业,科创板,53.51249999999993,52.43999999999999,51.53416666666686,50.991250000000115,49.249148936170144
688025,2025-02-27,54.46,52.95,54.48,52.06,53.69,26094.2,138423000.0,53.4,52.2,50.75450000000002,49.86,49.86,58.51,1.21,0.91,0.3,杰普特,计算机、通信和其他电子设备制造业,科创板,53.09999999999993,52.66374999999999,51.8350000000002,51.28250000000012,49.289148936170136
688025,2025-02-28,52.8,49.16,53.27,48.95,52.95,32167.8,162451000.0,52.31,52.16,50.79150000000003,49.91,49.85,45.1,0.9,0.91,-0.01,杰普特,计算机、通信和其他电子设备制造业,科创板,52.12999999999993,52.54374999999999,51.769166666666855,51.26187500000012,49.263829787233966
688025,2025-03-03,49.16,49.72,50.66,48.96,49.16,20084.9,100396000.0,51.65,52.02,50.79050000000002,50.04,49.82,47.03,0.68,0.86,-0.18,杰普特,计算机、通信和其他电子设备制造业,科创板,51.37999999999993,52.39999999999999,51.736666666666856,51.23750000000012,49.28255319148928
688025,2025-03-04,49.01,50.7,50.85,49.01,49.72,10189.0,51386300.0,51.24,52.08,50.91950000000002,50.21,49.8,50.32,0.58,0.8,-0.22,杰普特,计算机、通信和其他电子设备制造业,科创板,50.632499999999936,52.07249999999999,51.8375000000002,51.30875000000012,49.31170212765949
688025,2025-03-05,50.77,50.92,51.39,50.2,50.7,10187.9,51717800.0,50.69,52.08,51.05100000000002,50.27,49.76,51.06,0.52,0.75,-0.23,杰普特,计算机、通信和其他电子设备制造业,科创板,50.12499999999994,51.61249999999999,51.817500000000194,51.40750000000011,49.32276595744672
688025,2025-03-06,51.15,52.2,52.9,51.03,50.92,20120.8,105005000.0,50.54,51.97,51.186500000000024,50.39,49.76,55.22,0.55,0.71,-0.16,杰普特,计算机、通信和其他电子设备制造业,科创板,50.88499999999994,51.507499999999986,51.99083333333353,51.54812500000011,49.347021276595655
688025,2025-03-07,52.4,51.13,52.4,50.64,52.2,18103.0,93174100.0,50.93,51.62,51.23750000000003,50.49,49.76,51.3,0.5,0.67,-0.17,杰普特,计算机、通信和其他电子设备制造业,科创板,51.23749999999994,51.30874999999999,52.012500000000195,51.61187500000011,49.39914893617013
688025,2025-03-10,51.4,52.9,53.16,51.0,51.13,23487.5,123156000.0,51.57,51.61,51.40450000000004,50.62,49.78,56.77,0.59,0.65,-0.06,杰普特,计算机、通信和其他电子设备制造业,科创板,51.78749999999994,51.20999999999999,51.97750000000019,51.82500000000011,49.4744680851063
688025,2025-03-11,52.06,53.04,53.19,51.75,52.9,18594.6,97594200.0,52.04,51.64,51.589500000000044,50.77,49.8,57.18,0.67,0.66,0.01,杰普特,计算机、通信和其他电子设备制造业,科创板,52.31749999999994,51.22124999999999,51.84750000000019,51.94250000000011,49.55829787234034
688025,2025-03-12,53.56,54.3,55.2,52.85,53.04,33424.9,180457000.0,52.71,51.7,51.80700000000004,50.94,49.85,60.78,0.82,0.69,0.13,杰普特,计算机、通信和其他电子设备制造业,科创板,52.842499999999944,51.863749999999996,51.952500000000185,52.203750000000106,49.64340425531907
688025,2025-03-13,54.2,52.11,54.2,51.68,54.3,19676.0,103445000.0,52.7,51.62,51.90700000000004,51.04,49.85,52.51,0.75,0.7,0.05,杰普特,计算机、通信和其他电子设备制造业,科创板,53.08749999999995,52.162499999999994,51.90166666666685,52.28125000000011,49.71021276595737
688025,2025-03-14,52.15,52.09,52.32,51.06,52.11,19233.8,99757200.0,52.89,51.91,52.037000000000035,51.16,49.82,52.44,0.69,0.7,-0.01,杰普特,计算机、通信和其他电子设备制造业,科创板,52.884999999999955,52.33625,51.76833333333352,52.204375000000105,49.77872340425525
688025,2025-03-17,52.16,52.41,52.84,51.81,52.09,17840.0,93111100.0,52.79,52.18,52.099500000000035,51.25,49.81,53.51,0.66,0.69,-0.03,杰普特,计算机、通信和其他电子设备制造业,科创板,52.72749999999996,52.5225,51.72333333333352,52.0675000000001,49.88319148936163
688025,2025-03-18,52.4,52.56,53.3,52.26,52.41,14969.0,78895700.0,52.69,52.37,52.221500000000034,51.4,49.83,54.03,0.64,0.68,-0.04,杰普特,计算机、通信和其他电子设备制造业,科创板,52.29249999999995,52.5675,52.00666666666686,52.03750000000011,50.00595744680844
688025,2025-03-19,52.85,51.75,52.85,51.1,52.56,14574.5,75492700.0,52.18,52.45,52.265500000000046,51.52,49.85,50.72,0.56,0.66,-0.1,杰普特,计算机、通信和其他电子设备制造业,科创板,52.202499999999944,52.645,52.17583333333352,51.976875000000106,50.15765957446801
688025,2025-03-20,51.95,56.66,58.28,51.25,51.75,70737.0,392952000.0,53.09,52.9,52.43250000000005,51.76,49.98,64.81,0.87,0.7,0.17,杰普特,计算机、通信和其他电子设备制造业,科创板,53.34499999999995,53.11500000000001,52.672500000000184,52.16250000000011,50.431276595744606
688025,2025-03-21,56.77,54.66,56.83,54.1,56.66,38241.9,210171000.0,53.61,53.25,52.43550000000006,51.91,50.07,57.59,0.95,0.75,0.2,杰普特,计算机、通信和其他电子设备制造业,科创板,53.90749999999995,53.3175,52.98416666666685,52.2693750000001,50.633829787233964
688025,2025-03-24,55.13,58.14,59.16,54.68,54.66,59125.0,340540000.0,54.75,53.77,52.690500000000064,52.19,50.2,64.91,1.28,0.86,0.42,杰普特,计算机、通信和其他电子设备制造业,科创板,55.30249999999995,53.7975,53.47916666666685,52.830625000000104,50.85319148936162
688025,2025-03-25,57.24,56.88,58.86,55.57,58.14,40026.4,227883000.0,55.62,54.16,52.89850000000007,52.45,50.3,60.82,1.42,0.97,0.45,杰普特,计算机、通信和其他电子设备制造业,科创板,56.58499999999995,54.39375,53.95833333333351,53.2781250000001,51.0548936170212
