code,timestamps,open,close,high,low,ycp,vol,amount,MA5,MA10,MA20,MA30,MA60,MSI,DIF,DEA,MACD_Hist,name,industry,block,MA4,MA8,MA12,MA16,MA47
688350,2021-04-29,21.98,21.92,22.22,21.75,21.56,8354.32,18394400.0,,,21.92,,,,0.0,0.0,0.0,富淼科技,化学原料和化学制品制造业,科创板,21.92,21.92,21.92,21.92,21.92
688350,2021-04-30,21.97,22.12,22.19,21.75,21.92,9039.24,19865500.0,,,22.020000000000003,,,,0.02,0.0,0.02,富淼科技,化学原料和化学制品制造业,科创板,22.020000000000003,22.020000000000003,22.020000000000003,22.020000000000003,22.020000000000003
688350,2021-05-06,22.03,22.5,22.75,22.03,22.12,8623.53,19428400.0,,,22.180000000000003,,,,0.06,0.02,0.04,富淼科技,化学原料和化学制品制造业,科创板,22.180000000000003,22.180000000000003,22.180000000000003,22.180000000000003,22.180000000000003
688350,2021-05-07,22.9,22.33,22.9,22.16,22.5,8189.09,18417900.0,,,22.2175,,,,0.08,0.03,0.05,富淼科技,化学原料和化学制品制造业,科创板,22.2175,22.2175,22.2175,22.2175,22.2175
688350,2021-05-10,22.37,22.48,22.57,22.21,22.33,7958.9,17827200.0,22.27,,22.270000000000003,,,,0.1,0.04,0.06,富淼科技,化学原料和化学制品制造业,科创板,22.3575,22.270000000000003,22.270000000000003,22.270000000000003,22.270000000000003
688350,2021-05-11,22.17,21.55,22.17,21.39,22.48,8922.32,19245700.0,22.2,,22.150000000000002,,,,0.05,0.04,0.01,富淼科技,化学原料和化学制品制造业,科创板,22.215,22.150000000000002,22.150000000000002,22.150000000000002,22.150000000000002
688350,2021-05-12,21.48,21.55,21.57,21.06,21.55,8246.0,17568000.0,22.08,,22.064285714285717,,,,0.0,0.04,-0.04,富淼科技,化学原料和化学制品制造业,科创板,21.9775,22.064285714285717,22.064285714285717,22.064285714285717,22.064285714285717
688350,2021-05-13,21.38,21.19,21.65,21.17,21.55,6871.61,14688400.0,21.82,,21.955000000000002,,,,-0.06,0.02,-0.08,富淼科技,化学原料和化学制品制造业,科创板,21.6925,21.955000000000002,21.955000000000002,21.955000000000002,21.955000000000002
688350,2021-05-14,21.52,21.52,21.79,21.18,21.19,6850.16,14692800.0,21.66,,21.90666666666667,,,,-0.08,0.0,-0.08,富淼科技,化学原料和化学制品制造业,科创板,21.452499999999997,21.905,21.90666666666667,21.90666666666667,21.90666666666667
688350,2021-05-17,21.77,21.5,21.77,21.37,21.52,5689.38,12216900.0,21.46,21.87,21.866000000000003,,,,-0.09,-0.02,-0.07,富淼科技,化学原料和化学制品制造业,科创板,21.439999999999998,21.8275,21.866000000000003,21.866000000000003,21.866000000000003
688350,2021-05-18,21.4,21.39,21.47,20.97,21.5,12030.8,25441100.0,21.43,21.81,21.822727272727274,,,,-0.12,-0.04,-0.08,富淼科技,化学原料和化学制品制造业,科创板,21.4,21.68875,21.822727272727274,21.822727272727274,21.822727272727274
688350,2021-05-19,21.39,21.8,21.99,21.34,21.39,12532.2,27165800.0,21.48,21.78,21.820833333333336,,,,-0.11,-0.05,-0.06,富淼科技,化学原料和化学制品制造业,科创板,21.5525,21.622500000000002,21.820833333333336,21.820833333333336,21.820833333333336
688350,2021-05-20,21.79,21.94,22.49,21.63,21.8,12569.3,27624000.0,21.63,21.72,21.830000000000002,,,,-0.08,-0.06,-0.02,富淼科技,化学原料和化学制品制造业,科创板,21.6575,21.555000000000003,21.8225,21.830000000000002,21.830000000000002
688350,2021-05-21,22.19,21.67,22.19,21.6,21.94,10144.3,22061900.0,21.66,21.66,21.81857142857143,,,46.42,-0.08,-0.06,-0.02,富淼科技,化学原料和化学制品制造业,科创板,21.7,21.57,21.785,21.81857142857143,21.81857142857143
688350,2021-05-24,21.6,21.69,21.77,21.33,21.67,6692.58,14422500.0,21.7,21.58,21.810000000000002,,,46.93,-0.08,-0.07,-0.01,富淼科技,化学原料和化学制品制造业,科创板,21.775,21.5875,21.7175,21.810000000000002,21.810000000000002
688350,2021-05-25,21.69,21.8,21.9,21.66,21.69,7194.7,15675200.0,21.78,21.6,21.809375000000003,,,49.77,-0.07,-0.07,0.0,富淼科技,化学原料和化学制品制造业,科创板,21.775,21.66375,21.673333333333336,21.809375000000003,21.809375000000003
688350,2021-05-26,21.8,21.95,22.03,21.71,21.8,9289.1,20342400.0,21.81,21.64,21.817647058823532,,,53.43,-0.05,-0.06,0.01,富淼科技,化学原料和化学制品制造业,科创板,21.7775,21.717499999999998,21.629166666666666,21.81125,21.817647058823532
688350,2021-05-27,21.88,22.2,22.38,21.88,21.95,11179.4,24832000.0,21.86,21.75,21.83888888888889,,,58.81,0.0,-0.05,0.05,富淼科技,化学原料和化学制品制造业,科创板,21.91,21.804999999999996,21.683333333333334,21.81625,21.83888888888889
688350,2021-05-28,22.15,21.94,22.35,21.8,22.2,9369.36,20639600.0,21.92,21.79,21.84421052631579,,,52.07,0.0,-0.04,0.04,富淼科技,化学原料和化学制品制造业,科创板,21.9725,21.873749999999994,21.715833333333332,21.78125,21.84421052631579
688350,2021-05-31,21.94,22.65,22.71,21.94,21.94,15489.4,34660900.0,22.11,21.9,21.8845,,,64.15,0.07,-0.02,0.09,富淼科技,化学原料和化学制品制造业,科创板,22.185,21.979999999999993,21.837499999999995,21.80125,21.8845
688350,2021-06-01,22.75,23.16,23.22,22.5,22.65,22634.9,51945300.0,22.38,22.08,21.9465,,,70.0,0.16,0.02,0.14,富淼科技,化学原料和化学制品制造业,科创板,22.487499999999997,22.132499999999993,21.974166666666665,21.84375,21.945238095238096
688350,2021-06-02,23.13,23.7,24.43,22.91,23.16,37916.7,90194000.0,22.73,22.27,22.0255,,,74.7,0.27,0.07,0.2,富淼科技,化学原料和化学制品制造业,科创板,22.862499999999997,22.38624999999999,22.1575,21.978125,22.025000000000002
688350,2021-06-03,23.59,22.82,23.84,22.77,23.7,24364.7,56677200.0,22.85,22.36,22.0415,,,58.58,0.28,0.11,0.17,富淼科技,化学原料和化学制品制造业,科创板,23.082499999999996,22.52749999999999,22.276666666666667,22.057499999999997,22.059565217391306
688350,2021-06-04,22.98,22.91,23.65,22.7,22.82,16379.4,37690900.0,23.05,22.48,22.070500000000003,,,59.54,0.3,0.15,0.15,富淼科技,化学原料和化学制品制造业,科创板,23.147499999999994,22.666249999999987,22.36916666666667,22.165,22.095
688350,2021-06-07,22.76,22.85,23.13,22.74,22.91,10506.3,24031000.0,23.09,22.6,22.089000000000002,,,58.56,0.3,0.18,0.12,富淼科技,化学原料和化学制品制造业,科创板,23.069999999999993,22.778749999999988,22.445000000000004,22.248125,22.1252
688350,2021-06-08,22.73,22.41,22.84,22.38,22.85,10465.0,23590200.0,22.94,22.66,22.132,,,51.85,0.26,0.19,0.07,富淼科技,化学原料和化学制品制造业,科创板,22.74749999999999,22.80499999999999,22.50666666666667,22.305000000000003,22.136153846153846
688350,2021-06-09,22.55,22.61,22.65,22.2,22.41,6614.74,14886800.0,22.72,22.72,22.185000000000002,,,54.41,0.25,0.21,0.04,富淼科技,化学原料和化学制品制造业,科创板,22.694999999999993,22.888749999999987,22.58333333333334,22.381250000000005,22.1537037037037
688350,2021-06-10,22.6,22.9,22.97,22.41,22.61,13106.6,29759400.0,22.74,22.8,22.270500000000002,,,57.9,0.25,0.21,0.04,富淼科技,化学原料和化学制品制造业,科创板,22.692499999999995,22.919999999999987,22.675,22.450000000000003,22.18035714285714
688350,2021-06-11,22.91,22.49,23.15,22.23,22.9,11393.1,25916100.0,22.65,22.85,22.319000000000003,,,51.85,0.22,0.22,0.0,富淼科技,化学原料和化学制品制造业,科创板,22.602499999999992,22.83624999999999,22.720000000000002,22.484375000000004,22.19103448275862
688350,2021-06-15,22.57,22.2,22.64,22.02,22.49,10780.2,23996400.0,22.52,22.8,22.354000000000003,22.19,,48.03,0.18,0.21,-0.03,富淼科技,化学原料和化学制品制造业,科创板,22.549999999999994,22.64874999999999,22.720000000000002,22.517500000000002,22.191333333333333
688350,2021-06-16,22.19,21.71,22.26,21.61,22.2,7573.3,16615700.0,22.38,22.66,22.37,22.18,,42.35,0.1,0.19,-0.09,富淼科技,化学原料和化学制品制造业,科创板,22.324999999999992,22.50999999999999,22.700833333333335,22.51875,22.175806451612903
688350,2021-06-17,21.66,21.89,21.93,21.58,21.71,8252.43,17956500.0,22.24,22.48,22.3745,22.18,,44.93,0.05,0.16,-0.11,富淼科技,化学原料和化学制品制造业,科创板,22.07249999999999,22.38249999999999,22.637500000000003,22.524375,22.166875
688350,2021-06-18,21.91,21.95,21.99,21.66,21.89,5397.08,11811700.0,22.05,22.39,22.375,22.16,,45.8,0.02,0.13,-0.11,富淼科技,化学原料和化学制品制造业,科创板,21.937499999999993,22.26999999999999,22.536666666666665,22.524375,22.160303030303034
688350,2021-06-21,21.88,22.24,22.33,21.78,21.95,9544.0,21109400.0,22.0,22.32,22.4035,22.16,,49.91,0.02,0.11,-0.09,富淼科技,化学原料和化学制品制造业,科创板,21.94749999999999,22.24874999999999,22.415000000000003,22.526875,22.16264705882353
688350,2021-06-22,22.38,22.73,23.33,22.3,22.24,20540.6,47132200.0,22.1,22.31,22.4555,22.16,,55.99,0.05,0.1,-0.05,富淼科技,化学原料和化学制品制造业,科创板,22.202499999999993,22.263749999999987,22.407500000000002,22.57625,22.178857142857147
688350,2021-06-23,22.71,22.93,23.36,22.5,22.73,17448.8,40184600.0,22.35,22.36,22.512,22.21,,58.22,0.1,0.1,0.0,富淼科技,化学原料和化学制品制造业,科创板,22.462499999999995,22.267499999999988,22.409166666666668,22.593750000000004,22.199722222222224
688350,2021-06-24,22.93,23.06,23.22,22.72,22.93,14210.0,32643000.0,22.58,22.41,22.567500000000003,22.26,,59.66,0.14,0.11,0.03,富淼科技,化学原料和化学制品制造业,科创板,22.739999999999995,22.338749999999987,22.426666666666666,22.587500000000002,22.222972972972972
688350,2021-06-25,23.06,22.7,23.1,22.54,23.06,10508.0,23837500.0,22.73,22.39,22.5925,22.31,,54.13,0.14,0.11,0.03,富淼科技,化学原料和化学制品制造业,科创板,22.854999999999997,22.401249999999987,22.450833333333332,22.525000000000002,22.235526315789475
688350,2021-06-28,22.7,22.72,22.87,22.25,22.7,7126.11,16140400.0,22.83,22.41,22.631500000000003,22.35,,54.38,0.15,0.12,0.03,富淼科技,化学原料和化学制品制造业,科创板,22.852499999999996,22.527499999999986,22.459999999999997,22.51875,22.24794871794872
688350,2021-06-29,22.57,22.26,22.66,22.2,22.72,8938.61,20013700.0,22.73,22.42,22.612000000000002,22.38,,47.84,0.11,0.12,-0.01,富淼科技,化学原料和化学制品制造业,科创板,22.684999999999995,22.573749999999983,22.406666666666666,22.478125,22.248250000000002
688350,2021-06-30,22.23,22.82,22.88,22.14,22.26,11416.4,25784700.0,22.71,22.53,22.595000000000002,22.42,,54.94,0.12,0.12,0.0,富淼科技,化学原料和化学制品制造业,科创板,22.624999999999993,22.682499999999983,22.434166666666666,22.476249999999997,22.262195121951223
688350,2021-07-01,22.89,22.51,22.9,22.3,22.82,11881.3,26819800.0,22.6,22.59,22.535500000000003,22.45,,50.82,0.11,0.12,-0.01,富淼科技,化学原料和化学制品制造业,科创板,22.577499999999993,22.71624999999998,22.459999999999997,22.482499999999995,22.268095238095242
688350,2021-07-02,22.42,22.05,22.44,22.0,22.51,8726.14,19332400.0,22.47,22.6,22.497000000000003,22.45,,45.38,0.06,0.11,-0.05,富淼科技,化学原料和化学制品制造业,科创板,22.409999999999993,22.631249999999984,22.488333333333333,22.447499999999994,22.263023255813955
688350,2021-07-05,21.9,23.37,23.37,21.9,22.05,23892.9,54917500.0,22.6,22.72,22.520000000000003,22.51,,58.96,0.13,0.11,0.02,富淼科技,化学原料和化学制品制造业,科创板,22.687499999999993,22.686249999999983,22.611666666666668,22.476874999999996,22.28818181818182
688350,2021-07-06,23.38,23.46,23.95,23.02,23.37,21415.2,50234800.0,22.84,22.79,22.5505,22.57,,59.7,0.18,0.12,0.06,富淼科技,化学原料和化学制品制造业,科创板,22.847499999999997,22.736249999999984,22.7375,22.537499999999994,22.314222222222224
688350,2021-07-07,23.7,26.3,27.66,23.39,23.46,66808.2,171174000.0,23.54,23.12,22.744999999999997,22.72,,74.96,0.46,0.19,0.27,富淼科技,化学原料和化学制品制造业,科创板,23.794999999999995,23.186249999999987,23.075833333333335,22.793749999999996,22.40086956521739
688350,2021-07-08,26.32,25.61,26.87,25.36,26.3,39706.6,103027000.0,24.16,23.38,22.895,22.84,,68.2,0.6,0.27,0.33,富淼科技,化学原料和化学制品制造业,科创板,24.684999999999995,23.54749999999999,23.315833333333334,23.037499999999998,22.46914893617021
688350,2021-07-09,25.58,25.7,26.27,25.11,25.61,25377.0,65281800.0,24.89,23.68,23.035,22.96,,68.6,0.73,0.36,0.37,富淼科技,化学原料和化学制品制造业,科创板,25.267499999999995,23.97749999999999,23.546666666666667,23.275624999999998,22.549574468085105
688350,2021-07-12,25.7,26.04,27.19,25.7,25.7,35159.0,93124200.0,25.42,24.01,23.2125,23.09,,70.12,0.84,0.46,0.38,富淼科技,化学原料和化学制品制造业,科创板,25.912499999999994,24.37999999999999,23.795,23.53125,22.632978723404257
688350,2021-07-13,25.68,26.5,26.56,25.4,26.04,21573.4,56212400.0,26.03,24.44,23.427500000000002,23.22,,72.09,0.95,0.56,0.39,富淼科技,化学原料和化学制品制造业,科创板,25.962499999999995,24.87874999999999,24.111666666666668,23.7975,22.71808510638298
688350,2021-07-14,26.18,25.63,26.75,25.61,26.5,16143.1,41859500.0,25.9,24.72,23.6235,23.3,,63.56,0.96,0.64,0.32,富淼科技,化学原料和化学制品制造业,科创板,25.967499999999998,25.326249999999987,24.354166666666668,23.978749999999998,22.78829787234043
688350,2021-07-15,25.51,25.32,26.49,24.52,25.63,23809.2,60366400.0,25.84,25.0,23.795,23.36,,60.8,0.93,0.7,0.23,富淼科技,化学原料和化学制品制造业,科创板,25.8725,25.569999999999986,24.609166666666667,24.128124999999997,22.84872340425532
688350,2021-07-16,25.35,24.52,25.35,24.48,25.32,16975.6,42009800.0,25.6,25.24,23.9235,23.41,,54.25,0.83,0.72,0.11,富淼科技,化学原料和化学制品制造业,科创板,25.4925,25.702499999999986,24.750833333333333,24.219374999999996,22.911914893617023
688350,2021-07-19,24.5,24.57,24.71,24.19,24.52,11334.2,27757400.0,25.31,25.36,24.04,23.47,,54.58,0.75,0.73,0.02,富淼科技,化学原料和化学制品制造业,科创板,25.009999999999998,25.486249999999984,24.9225,24.336249999999996,22.97617021276596
688350,2021-07-20,24.22,24.56,24.74,24.09,24.57,8776.88,21431400.0,24.92,25.48,24.1315,23.53,,54.49,0.68,0.72,-0.04,富淼科技,化学原料和化学制品制造业,科创板,24.7425,25.354999999999983,25.131666666666664,24.451249999999995,23.04787234042553
688350,2021-07-21,24.75,24.95,25.58,24.64,24.56,16712.3,42030200.0,24.78,25.34,24.232499999999998,23.61,,57.27,0.64,0.7,-0.06,富淼科技,化学原料和化学制品制造业,科创板,24.65,25.261249999999983,25.263333333333332,24.619374999999994,23.12085106382979
688350,2021-07-22,24.95,25.86,26.09,24.65,24.95,19023.9,48513000.0,24.89,25.36,24.3725,23.72,,62.95,0.69,0.7,-0.01,富淼科技,化学原料和化学制品制造业,科创板,24.985,25.238749999999985,25.463333333333335,24.809374999999996,23.213617021276594
688350,2021-07-23,25.87,24.54,26.3,24.5,25.86,24079.9,60417800.0,24.9,25.25,24.4645,23.77,,52.13,0.6,0.68,-0.08,富淼科技,化学原料和化学制品制造业,科创板,24.9775,24.993749999999984,25.316666666666666,24.936249999999998,23.280638297872336
688350,2021-07-26,24.96,23.92,25.29,23.51,24.54,16489.3,40263500.0,24.77,25.04,24.5245,23.82,,47.95,0.48,0.64,-0.16,富淼科技,化学原料和化学制品制造业,科创板,24.8175,24.779999999999987,25.175833333333333,25.053124999999998,23.325744680851063
688350,2021-07-27,23.87,23.45,24.35,23.45,23.92,13267.7,31640700.0,24.54,24.73,24.584000000000003,23.86,23.03,45.01,0.34,0.58,-0.24,富淼科技,化学原料和化学制品制造业,科创板,24.4425,24.546249999999986,24.988333333333333,25.058124999999997,23.35787234042553
688350,2021-07-28,23.45,22.14,23.75,21.51,23.45,18355.3,40967000.0,23.98,24.38,24.550000000000004,23.88,23.03,38.01,0.13,0.49,-0.36,富淼科技,化学原料和化学制品制造业,科创板,23.5125,24.248749999999983,24.66333333333333,24.975624999999997,23.36787234042553
688350,2021-07-29,22.25,22.81,23.23,22.15,22.14,13281.7,30421700.0,23.37,24.13,24.565000000000005,23.91,23.04,42.9,0.01,0.39,-0.38,富淼科技,化学原料和化学制品制造业,科创板,23.08,24.028749999999985,24.355833333333333,24.757499999999997,23.39170212765957
688350,2021-07-30,22.68,23.72,23.8,22.6,22.81,15823.9,37172200.0,23.21,24.05,24.648500000000006,23.97,23.06,48.81,-0.01,0.31,-0.32,富淼科技,化学原料和化学制品制造业,科创板,23.029999999999998,23.923749999999984,24.19666666666667,24.639374999999994,23.43255319148936
688350,2021-08-02,23.36,24.16,24.33,23.36,23.72,13669.2,32825400.0,23.26,24.01,24.688000000000006,24.03,23.09,51.43,0.01,0.25,-0.24,富淼科技,化学原料和化学制品制造业,科创板,23.207499999999996,23.824999999999985,24.100000000000005,24.543124999999996,23.479574468085104
688350,2021-08-03,24.17,24.44,24.77,23.96,24.16,13144.9,32103100.0,23.45,24.0,24.73700000000001,24.09,23.13,53.07,0.05,0.21,-0.16,富淼科技,化学原料和化学制品制造业,科创板,23.782499999999995,23.647499999999987,24.093333333333337,24.443124999999995,23.52723404255319
688350,2021-08-04,24.3,24.28,24.55,24.03,24.44,10221.9,24724100.0,23.88,23.93,24.63600000000001,24.13,23.17,51.99,0.06,0.18,-0.12,富淼科技,化学原料和化学制品制造业,科创板,24.149999999999995,23.614999999999988,24.069166666666675,24.304374999999993,23.577021276595744
688350,2021-08-05,24.28,23.77,24.28,23.43,24.28,10336.9,24531400.0,24.07,23.72,24.54400000000001,24.16,23.21,48.59,0.03,0.15,-0.12,富淼科技,化学原料和化学制品制造业,科创板,24.162499999999994,23.59624999999999,24.00333333333334,24.188124999999992,23.600851063829783
688350,2021-08-06,23.76,24.61,24.61,23.76,23.77,13722.8,33439900.0,24.25,23.73,24.489500000000014,24.22,23.26,53.93,0.08,0.14,-0.06,富淼科技,化学原料和化学制品制造业,科创板,24.274999999999995,23.741249999999994,23.97500000000001,24.143749999999994,23.631702127659565
688350,2021-08-09,24.7,25.59,25.79,24.6,24.61,17549.1,44408700.0,24.54,23.9,24.46700000000001,24.32,23.33,59.26,0.19,0.15,0.04,富淼科技,化学原料和化学制品制造业,科创板,24.562499999999996,24.172499999999992,23.952500000000004,24.210624999999993,23.67191489361701
688350,2021-08-10,24.46,25.1,25.12,24.1,25.59,17355.8,43025000.0,24.67,24.06,24.39700000000001,24.41,23.39,55.79,0.24,0.17,0.07,富淼科技,化学原料和化学制品制造业,科创板,24.7675,24.45874999999999,23.99916666666667,24.243749999999995,23.72042553191488
688350,2021-08-11,25.11,24.79,25.13,24.3,25.1,15345.1,37710300.0,24.77,24.33,24.355000000000008,24.48,23.45,53.64,0.25,0.18,0.07,富淼科技,化学原料和化学制品制造业,科创板,25.022499999999997,24.59249999999999,24.071666666666673,24.258124999999996,23.76042553191488
688350,2021-08-12,24.98,24.22,24.98,24.2,24.79,12793.6,31307400.0,24.86,24.47,24.300000000000008,24.53,23.49,49.85,0.2,0.19,0.01,富淼科技,化学原料和化学制品制造业,科创板,24.924999999999997,24.59999999999999,24.135833333333338,24.212499999999995,23.789574468085096
688350,2021-08-13,24.08,23.39,24.19,23.28,24.22,20460.8,48198400.0,24.62,24.44,24.243500000000008,24.58,23.51,44.88,0.11,0.17,-0.06,富淼科技,化学原料和化学制品制造业,科创板,24.374999999999996,24.468749999999993,24.240000000000006,24.058124999999993,23.81042553191488
688350,2021-08-16,23.55,24.9,24.97,23.25,23.39,28947.8,70028400.0,24.48,24.51,24.26000000000001,24.63,23.57,53.89,0.14,0.16,-0.02,富淼科技,化学原料和化学制品制造业,科创板,24.324999999999996,24.546249999999993,24.41416666666667,24.08062499999999,23.859148936170204
688350,2021-08-17,25.3,24.01,25.49,23.9,24.9,22437.2,55017900.0,24.26,24.47,24.23250000000001,24.65,23.61,48.83,0.1,0.15,-0.05,富淼科技,化学原料和化学制品制造业,科创板,24.129999999999995,24.57624999999999,24.438333333333333,24.08624999999999,23.8827659574468
688350,2021-08-18,23.79,24.05,24.7,23.6,24.01,15239.6,36794800.0,24.11,24.44,24.187500000000007,24.57,23.64,49.06,0.07,0.14,-0.07,富淼科技,化学原料和化学制品制造业,科创板,24.087499999999995,24.506249999999994,24.429166666666664,24.12374999999999,23.9159574468085
688350,2021-08-19,23.95,23.05,23.97,22.82,24.05,17383.1,40264800.0,23.88,24.37,24.047000000000008,24.49,23.66,43.73,-0.03,0.1,-0.13,富淼科技,化学原料和化学制品制造业,科创板,24.002499999999994,24.188749999999995,24.313333333333333,24.180624999999992,23.934042553191478
688350,2021-08-20,22.82,22.59,23.06,22.25,23.05,9140.64,20568600.0,23.72,24.17,23.949500000000008,24.38,23.67,41.49,-0.15,0.05,-0.2,富淼科技,化学原料和化学制品制造业,科创板,23.424999999999997,23.874999999999996,24.172499999999996,24.16687499999999,23.952765957446793
688350,2021-08-23,22.75,23.44,23.55,22.6,22.59,12374.8,28810900.0,23.43,23.95,23.925500000000007,24.3,23.69,46.89,-0.17,0.01,-0.18,富淼科技,化学原料和化学制品制造业,科创板,23.282499999999995,23.706249999999997,24.144999999999996,24.149374999999992,23.98574468085105
688350,2021-08-24,23.44,23.67,24.16,23.35,23.44,14032.0,33179400.0,23.36,23.81,23.936500000000006,24.2,23.71,48.28,-0.17,-0.03,-0.14,富淼科技,化学原料和化学制品制造业,科创板,23.187499999999996,23.6375,24.066666666666663,24.11874999999999,24.0223404255319
688350,2021-08-25,23.87,23.94,24.14,23.08,23.67,10211.3,24280300.0,23.34,23.73,24.026500000000006,24.15,23.72,49.94,-0.14,-0.05,-0.09,富淼科技,化学原料和化学制品制造业,科创板,23.409999999999997,23.706249999999997,23.929166666666664,24.08749999999999,24.058510638297857
688350,2021-08-26,23.94,23.53,24.07,23.5,23.94,9478.82,22546800.0,23.43,23.66,24.062500000000007,24.09,23.72,47.45,-0.16,-0.07,-0.09,富淼科技,化学原料和化学制品制造业,科创板,23.644999999999996,23.534999999999997,23.79833333333333,24.04062499999999,24.075531914893602
688350,2021-08-27,23.46,23.75,23.79,23.21,23.53,10221.5,23964500.0,23.67,23.69,24.06400000000001,24.06,23.74,48.92,-0.15,-0.09,-0.06,富淼科技,化学原料和化学制品制造业,科创板,23.722499999999997,23.502499999999998,23.71166666666666,24.039374999999993,24.09297872340424
688350,2021-08-30,23.68,24.69,24.8,23.66,23.75,20647.6,50448000.0,23.92,23.67,24.09050000000001,24.06,23.77,54.75,-0.06,-0.08,0.02,富淼科技,化学原料和化学制品制造业,科创板,23.977499999999996,23.582499999999996,23.750833333333322,24.04437499999999,24.12765957446807
688350,2021-08-31,25.18,24.19,25.19,24.02,24.69,19704.0,48165900.0,24.02,23.69,24.07800000000001,24.05,23.79,51.39,-0.03,-0.07,0.04,富淼科技,化学原料和化学制品制造业,科创板,24.039999999999996,23.724999999999994,23.817499999999992,23.956874999999993,24.159361702127644
688350,2021-09-01,24.19,23.52,24.44,23.14,24.19,14794.4,34946600.0,23.94,23.64,24.04000000000001,24.0,23.81,47.21,-0.07,-0.07,0.0,富淼科技,化学原料和化学制品制造业,科创板,24.037499999999994,23.841249999999995,23.70249999999999,23.85812499999999,24.17638297872339
688350,2021-09-02,23.53,23.67,23.85,23.32,23.52,9607.85,22698100.0,23.96,23.7,24.03500000000001,23.93,23.82,48.23,-0.08,-0.07,-0.01,富淼科技,化学原料和化学制品制造业,科创板,24.017499999999995,23.869999999999997,23.67416666666666,23.78812499999999,24.20638297872339
688350,2021-09-03,23.66,24.89,25.09,23.5,23.67,24998.7,61372400.0,24.19,23.93,24.04900000000001,23.94,23.86,55.69,0.01,-0.06,0.07,富淼科技,化学原料和化学制品制造业,科创板,24.067499999999995,24.022499999999994,23.744166666666658,23.82999999999999,24.250425531914882
688350,2021-09-06,24.87,25.14,25.2,24.27,24.89,17077.2,42385500.0,24.28,24.1,24.02650000000001,23.98,23.9,57.05,0.1,-0.03,0.13,富淼科技,化学原料和化学制品制造业,科创板,24.304999999999996,24.172499999999992,23.918333333333322,23.93937499999999,24.306382978723395
688350,2021-09-07,25.0,24.82,25.22,24.75,25.14,13923.9,34656700.0,24.41,24.21,24.01250000000001,24.03,23.95,54.73,0.14,0.01,0.13,富淼科技,化学原料和化学制品制造业,科创板,24.63,24.33374999999999,24.104166666666657,23.934374999999992,24.365319148936162
688350,2021-09-08,24.82,25.49,25.49,24.48,24.82,20100.8,50532000.0,24.8,24.37,24.047500000000007,24.14,24.01,58.54,0.23,0.05,0.18,富淼科技,化学原料和化学制品制造业,科创板,25.084999999999997,24.551249999999992,24.27499999999999,24.026874999999993,24.41042553191489
688350,2021-09-09,25.42,24.92,25.66,24.68,25.49,16815.0,42083000.0,25.05,24.51,24.08250000000001,24.21,24.06,54.35,0.25,0.09,0.16,富淼科技,化学原料和化学制品制造业,科创板,25.092499999999998,24.57999999999999,24.37916666666666,24.081249999999994,24.44148936170212
688350,2021-09-10,24.92,24.48,25.15,24.38,24.92,14483.7,35810800.0,24.97,24.58,24.13700000000001,24.24,24.1,51.3,0.23,0.12,0.11,富淼科技,化学原料和化学制品制造业,科创板,24.9275,24.61624999999999,24.42416666666666,24.170624999999994,24.402765957446807
688350,2021-09-13,24.31,24.85,24.88,24.21,24.48,10756.5,26423800.0,24.91,24.6,24.134500000000013,24.26,24.14,53.65,0.24,0.14,0.1,富淼科技,化学原料和化学制品制造业,科创板,24.935000000000002,24.782499999999988,24.534166666666664,24.311874999999997,24.386595744680847
688350,2021-09-14,24.84,23.92,24.85,23.7,24.85,14047.0,33985400.0,24.73,24.57,24.130000000000017,24.24,24.16,47.44,0.17,0.15,0.02,富淼科技,化学原料和化学制品制造业,科创板,24.542500000000004,24.813749999999985,24.548333333333332,24.341874999999998,24.348723404255317
688350,2021-09-15,23.72,24.01,24.18,23.71,23.92,6895.97,16547700.0,24.44,24.62,24.128000000000014,24.23,24.18,48.06,0.11,0.14,-0.03,富淼科技,化学原料和化学制品制造业,科创板,24.315000000000005,24.703749999999985,24.491666666666664,24.363124999999997,24.305531914893614
688350,2021-09-16,24.07,24.16,24.62,23.6,24.01,11833.3,28626900.0,24.28,24.67,24.183500000000016,24.25,24.2,49.15,0.09,0.13,-0.04,富淼科技,化学原料和化学制品制造业,科创板,24.235000000000003,24.581249999999983,24.489166666666666,24.376875,24.255744680851063
688350,2021-09-17,24.01,23.45,24.35,23.19,24.16,13770.9,32581500.0,24.08,24.52,24.226500000000016,24.21,24.21,44.41,0.01,0.11,-0.1,富淼科技,化学原料和化学制品制造业,科创板,23.885000000000005,24.409999999999982,24.483333333333334,24.371874999999996,24.20936170212766
688350,2021-09-22,23.49,23.58,23.69,23.18,23.45,6087.28,14272100.0,23.82,24.37,24.233500000000014,24.14,24.23,45.45,-0.04,0.08,-0.12,富淼科技,化学原料和化学制品制造业,科创板,23.800000000000004,24.17124999999998,24.47583333333333,24.361249999999995,24.172340425531914
688350,2021-09-23,23.5,23.91,24.2,23.5,23.58,9409.48,22442500.0,23.82,24.28,24.245500000000014,24.1,24.26,48.1,-0.06,0.05,-0.11,富淼科技,化学原料和化学制品制造业,科创板,23.775000000000002,24.04499999999998,24.394166666666667,24.312499999999996,24.15936170212766
688350,2021-09-24,23.9,22.73,23.9,22.66,23.91,12118.0,27968400.0,23.57,24.0,24.185000000000016,24.03,24.25,40.52,-0.17,0.01,-0.18,富淼科技,化学原料和化学制品制造业,科创板,23.417500000000004,23.82624999999998,24.19333333333334,24.221249999999998,24.120212765957447
688350,2021-09-27,22.75,21.46,22.87,21.33,22.73,14346.7,31353500.0,23.03,23.66,24.081500000000016,23.94,24.24,34.26,-0.34,-0.06,-0.28,富淼科技,化学原料和化学制品制造业,科创板,22.920000000000005,23.402499999999982,23.913333333333338,24.092499999999998,24.05425531914894
688350,2021-09-28,21.46,21.44,21.55,21.2,21.46,4510.18,9650000.0,22.62,23.35,23.966000000000015,23.88,24.23,34.17,-0.49,-0.15,-0.34,富淼科技,化学原料和化学制品制造业,科创板,22.385000000000005,23.09249999999998,23.575833333333335,23.953124999999996,23.97957446808511
688350,2021-09-29,21.3,20.85,21.37,20.74,21.44,7826.41,16423800.0,22.08,22.95,23.77400000000002,23.74,24.18,31.55,-0.64,-0.25,-0.39,富淼科技,化学原料和化学制品制造业,科创板,21.620000000000005,22.69749999999998,23.236666666666668,23.700625,23.87297872340426
688350,2021-09-30,20.81,21.05,21.2,20.81,20.85,4334.42,9114260.0,21.51,22.66,23.61700000000002,23.64,24.14,33.41,-0.73,-0.34,-0.39,富淼科技,化学原料和化学制品制造业,科创板,21.200000000000003,22.308749999999982,22.950833333333335,23.445,23.798723404255323
688350,2021-10-08,21.13,21.37,21.5,21.13,21.05,3577.43,7628600.0,21.23,22.4,23.50950000000002,23.55,24.06,36.4,-0.78,-0.43,-0.35,富淼科技,化学原料和化学制品制造业,科创板,21.177500000000002,22.048749999999984,22.660833333333333,23.229375,23.744468085106384
688350,2021-10-11,21.39,21.48,21.66,21.02,21.37,3580.56,7670110.0,21.24,22.13,23.40000000000002,23.5,23.99,37.43,-0.78,-0.5,-0.28,富淼科技,化学原料和化学制品制造业,科创板,21.187500000000004,21.78624999999998,22.4575,22.97875,23.70255319148936
688350,2021-10-12,21.25,21.14,21.48,20.83,21.48,4309.6,9089920.0,21.18,21.9,23.21250000000002,23.45,23.92,35.51,-0.81,-0.56,-0.25,富淼科技,化学原料和化学制品制造业,科创板,21.260000000000005,21.43999999999998,22.218333333333334,22.7425,23.68127659574468
688350,2021-10-13,20.88,21.23,21.29,20.88,21.14,2998.77,6328200.0,21.25,21.67,23.01700000000002,23.38,23.84,36.44,-0.82,-0.61,-0.21,富淼科技,化学原料和化学制品制造业,科创板,21.305000000000007,21.25249999999998,21.974166666666665,22.539375,23.647659574468086
688350,2021-10-14,21.08,21.3,21.36,21.0,21.23,2857.34,6055590.0,21.3,21.4,22.841000000000022,23.3,23.75,37.2,-0.81,-0.65,-0.16,富淼科技,化学原料和化学制品制造业,科创板,21.287500000000005,21.23249999999998,21.795,22.3175,23.59617021276596
688350,2021-10-15,21.3,21.13,21.43,21.12,21.3,2777.73,5891960.0,21.26,21.24,22.623000000000022,23.2,23.68,36.07,-0.81,-0.68,-0.13,富淼科技,化学原料和化学制品制造业,科创板,21.200000000000003,21.19374999999998,21.590833333333336,22.143124999999998,23.531702127659575
688350,2021-10-18,21.1,21.22,21.25,20.91,21.13,3005.83,6343610.0,21.2,21.22,22.43800000000002,23.13,23.61,37.16,-0.79,-0.71,-0.08,富淼科技,化学原料和化学制品制造业,科创板,21.220000000000002,21.23999999999998,21.36666666666667,21.96875,23.4631914893617
688350,2021-10-19,21.07,21.36,21.47,21.07,21.22,4132.12,8829340.0,21.25,21.21,22.282000000000018,23.05,23.55,38.9,-0.75,-0.71,-0.04,富淼科技,化学原料和化学制品制造业,科创板,21.2525,21.27874999999998,21.252500000000005,21.79375,23.401063829787233
688350,2021-10-20,21.19,21.06,21.36,20.98,21.36,2664.99,5637870.0,21.21,21.23,22.09250000000002,22.93,23.5,36.56,-0.75,-0.72,-0.03,富淼科技,化学原料和化学制品制造业,科创板,21.192500000000003,21.23999999999998,21.21916666666667,21.644375,23.343404255319147
688350,2021-10-21,21.08,20.0,21.2,20.0,21.06,9771.29,19971400.0,20.95,21.13,21.896500000000017,22.79,23.42,29.75,-0.81,-0.74,-0.07,富淼科技,化学原料和化学制品制造业,科创板,20.910000000000004,21.054999999999982,21.099166666666665,21.420625,23.24531914893617
688350,2021-10-22,20.03,19.37,20.03,19.3,20.0,8447.53,16597500.0,20.6,20.93,21.664500000000018,22.65,23.33,26.59,-0.91,-0.77,-0.14,富淼科技,化学原料和化学制品制造业,科创板,20.447500000000005,20.83374999999998,20.975833333333334,21.136875,23.112978723404254
688350,2021-10-25,19.38,19.6,19.88,19.24,19.37,3243.78,6370440.0,20.28,20.74,21.436500000000017,22.51,23.22,29.54,-0.95,-0.81,-0.14,富淼科技,化学原料和化学制品制造业,科创板,20.007500000000004,20.62999999999998,20.855,20.94125,22.99595744680851
688350,2021-10-26,19.6,19.5,19.75,19.32,19.6,3845.34,7510070.0,19.91,20.58,21.23900000000002,22.33,23.14,28.99,-0.98,-0.84,-0.14,富淼科技,化学原料和化学制品制造业,科创板,19.617500000000003,20.40499999999998,20.699166666666667,20.81875,22.88340425531915
688350,2021-10-27,19.62,18.47,19.62,18.16,19.5,8121.01,15136000.0,19.39,20.3,20.983500000000017,22.11,23.05,24.06,-1.07,-0.89,-0.18,富淼科技,化学原料和化学制品制造业,科创板,19.235000000000003,20.07249999999998,20.448333333333334,20.633125000000003,22.761063829787233
688350,2021-10-28,18.39,17.95,18.5,17.9,18.47,4631.24,8397060.0,18.98,19.97,20.685500000000015,21.88,22.96,22.03,-1.18,-0.95,-0.23,富淼科技,化学原料和化学制品制造业,科创板,18.880000000000003,19.66374999999998,20.182500000000005,20.451875,22.645319148936167
688350,2021-10-29,18.24,19.05,19.64,18.14,17.95,9214.88,17556700.0,18.91,19.76,20.501500000000014,21.67,22.9,34.63,-1.16,-0.99,-0.17,富淼科技,化学原料和化学制品制造业,科创板,18.7425,19.37499999999998,20.00083333333334,20.326875,22.520851063829785
688350,2021-11-01,19.61,19.55,19.61,19.0,19.05,4620.18,8938420.0,18.9,19.59,20.406000000000017,21.49,22.85,39.42,-1.09,-1.01,-0.08,富淼科技,化学原料和化学制品制造业,科创板,18.755,19.18624999999998,19.855000000000004,20.213125,22.425957446808507
688350,2021-11-02,19.63,19.08,19.95,18.6,19.55,7249.85,13969300.0,18.82,19.36,20.288000000000018,21.31,22.77,36.7,-1.06,-1.02,-0.04,富淼科技,化学原料和化学制品制造业,科创板,18.9075,19.071249999999978,19.68416666666667,20.063125,22.32021276595744
688350,2021-11-03,19.1,18.99,19.2,18.7,19.08,3728.77,7067220.0,18.92,19.16,20.195000000000014,21.11,22.69,36.18,-1.03,-1.02,-0.01,富淼科技,化学原料和化学制品制造业,科创板,19.167499999999997,19.02374999999998,19.49833333333334,19.92875,22.233829787234036
688350,2021-11-04,19.0,19.41,19.5,18.83,18.99,3899.2,7493650.0,19.22,19.1,20.113000000000017,20.96,22.6,40.39,-0.97,-1.01,0.04,富淼科技,化学原料和化学制品制造业,科创板,19.257499999999997,18.99999999999998,19.335833333333337,19.815,22.166170212765955
688350,2021-11-05,19.36,19.18,19.51,19.11,19.41,3112.41,6016280.0,19.24,19.08,20.003500000000017,20.8,22.52,38.88,-0.92,-0.99,0.07,富淼科技,化学原料和化学制品制造业,科创板,19.164999999999996,18.95999999999998,19.17916666666667,19.6825,22.075531914893617
688350,2021-11-08,19.4,19.94,20.38,19.2,19.18,7727.78,15487400.0,19.32,19.11,19.926500000000015,20.66,22.45,46.06,-0.82,-0.96,0.14,富淼科技,化学原料和化学制品制造业,科创板,19.379999999999995,19.14374999999998,19.174166666666668,19.608125,21.996170212765957
688350,2021-11-09,19.96,20.31,20.43,19.94,19.94,8456.61,17140000.0,19.57,19.19,19.885000000000016,20.56,22.38,49.19,-0.69,-0.9,0.21,富淼科技,化学原料和化学制品制造业,科创板,19.709999999999997,19.43874999999998,19.2525,19.551250000000003,21.918936170212763
688350,2021-11-10,20.25,20.32,20.44,20.01,20.31,6097.17,12312400.0,19.83,19.38,19.839500000000015,20.45,22.29,49.28,-0.59,-0.84,0.25,富淼科技,化学原料和化学制品制造业,科创板,19.9375,19.59749999999998,19.312500000000004,19.486250000000002,21.850638297872337
688350,2021-11-11,20.32,20.49,20.63,20.18,20.32,5346.19,10970900.0,20.05,19.63,19.799000000000014,20.33,22.22,50.8,-0.49,-0.77,0.28,富淼科技,化学原料和化学制品制造业,科创板,20.265,19.71499999999998,19.395000000000003,19.450625000000002,21.781276595744675
688350,2021-11-12,20.49,20.82,20.9,20.38,20.49,6268.48,12951300.0,20.38,19.81,19.783500000000014,20.27,22.15,53.7,-0.37,-0.69,0.32,富淼科技,化学原料和化学制品制造业,科创板,20.485,19.932499999999976,19.590833333333336,19.501875000000002,21.698936170212757
688350,2021-11-15,20.75,21.3,21.42,20.75,20.82,8872.83,18835500.0,20.65,19.98,19.787500000000016,20.27,22.1,57.61,-0.25,-0.6,0.35,富淼科技,化学原料和化学制品制造业,科创板,20.732499999999998,20.221249999999976,19.870000000000005,19.622500000000002,21.637446808510628
688350,2021-11-16,21.45,20.93,21.45,20.81,21.3,6901.9,14482300.0,20.77,20.17,19.766000000000016,20.25,22.06,53.83,-0.18,-0.52,0.34,富淼科技,化学原料和化学制品制造业,科创板,20.884999999999998,20.411249999999978,20.02666666666667,19.705625,21.582340425531907
688350,2021-11-17,20.93,21.22,21.27,20.88,20.93,4264.32,9004830.0,20.95,20.39,19.774000000000015,20.26,22.0,56.25,-0.09,-0.43,0.34,富淼科技,化学原料和化学制品制造业,科创板,21.0675,20.666249999999977,20.16583333333334,19.813125,21.53021276595744
688350,2021-11-18,21.62,21.37,21.93,21.19,21.22,9687.89,20895400.0,21.13,20.59,19.842500000000015,20.27,21.96,57.5,-0.01,-0.35,0.34,富淼科技,化学原料和化学制品制造业,科创板,21.205,20.844999999999978,20.356666666666673,19.994374999999998,21.455319148936166
688350,2021-11-19,21.15,21.79,21.9,21.15,21.37,9094.3,19695400.0,21.32,20.85,19.963500000000018,20.29,21.92,60.85,0.08,-0.26,0.34,富淼科技,化学原料和化学制品制造业,科创板,21.327499999999997,21.029999999999976,20.590000000000007,20.234375,21.384042553191485
688350,2021-11-22,21.93,21.87,22.2,21.55,21.79,8145.63,17798100.0,21.44,21.04,20.077000000000016,20.3,21.9,61.47,0.17,-0.18,0.35,富淼科技,化学原料和化学制品制造业,科创板,21.5625,21.223749999999978,20.79500000000001,20.410625,21.321276595744678
688350,2021-11-23,21.88,22.28,22.48,21.67,21.87,9653.09,21386400.0,21.71,21.24,20.216000000000015,20.34,21.89,64.58,0.26,-0.09,0.35,富淼科技,化学原料和化学制品制造业,科创板,21.8275,21.447499999999977,21.05333333333334,20.58125,21.25297872340425
688350,2021-11-24,22.15,22.26,22.45,22.14,22.28,6583.07,14668400.0,21.91,21.43,20.40550000000001,20.37,21.87,64.31,0.33,-0.01,0.34,富淼科技,化学原料和化学制品制造业,科创板,22.05,21.627499999999976,21.246666666666673,20.78,21.196382978723403
688350,2021-11-25,22.3,22.78,22.94,22.26,22.26,10944.4,24839900.0,22.2,21.66,20.647000000000013,20.42,21.86,68.08,0.42,0.08,0.34,富淼科技,化学原料和化学制品制造业,科创板,22.2975,21.812499999999975,21.45250000000001,21.016875,21.160212765957443
688350,2021-11-26,22.88,22.65,23.5,22.55,22.78,14472.5,33346300.0,22.37,21.84,20.82700000000001,20.47,21.84,66.2,0.48,0.16,0.32,富淼科技,化学原料和化学制品制造业,科创板,22.4925,22.027499999999975,21.646666666666675,21.219374999999996,21.113404255319146
688350,2021-11-29,22.02,22.38,22.74,21.9,22.65,8361.03,18685400.0,22.47,21.95,20.96850000000001,20.51,21.82,62.34,0.49,0.23,0.26,富淼科技,化学原料和化学制品制造业,科创板,22.5175,22.172499999999975,21.804166666666674,21.419374999999995,21.080638297872337
688350,2021-11-30,22.38,22.52,23.17,22.24,22.38,7278.11,16551700.0,22.52,22.11,21.14050000000001,20.55,21.8,63.52,0.52,0.28,0.24,富淼科技,化学原料和化学制品制造业,科创板,22.582499999999996,22.316249999999975,21.94583333333334,21.580624999999994,21.048936170212762
688350,2021-12-01,22.32,23.66,24.8,22.32,22.52,19884.1,47276400.0,22.8,22.36,21.37400000000001,20.63,21.78,71.43,0.61,0.35,0.26,富淼科技,化学原料和化学制品制造业,科创板,22.802499999999995,22.549999999999976,22.14250000000001,21.789999999999996,21.038297872340422
688350,2021-12-02,23.89,23.28,23.96,23.23,23.66,9921.21,23323300.0,22.9,22.55,21.56750000000001,20.74,21.77,66.27,0.65,0.41,0.24,富淼科技,化学原料和化学制品制造业,科创板,22.959999999999994,22.726249999999975,22.338333333333342,21.974999999999998,21.034680851063825
688350,2021-12-03,23.28,22.88,23.67,22.8,23.28,7970.37,18414700.0,22.94,22.66,21.75250000000001,20.86,21.76,61.26,0.65,0.46,0.19,富淼科技,化学原料和化学制品制造业,科创板,23.084999999999994,22.801249999999975,22.476666666666677,22.124374999999997,21.019787234042546
688350,2021-12-06,22.88,22.16,23.1,22.1,22.88,7338.17,16456100.0,22.9,22.68,21.86350000000001,20.95,21.73,53.43,0.58,0.48,0.1,富淼科技,化学原料和化学制品制造业,科创板,22.994999999999994,22.788749999999975,22.542500000000015,22.208125,20.982553191489355
688350,2021-12-07,22.21,21.82,22.54,21.36,22.16,7695.5,16778900.0,22.76,22.64,21.93900000000001,21.02,21.68,50.17,0.49,0.48,0.01,富淼科技,化学原料和化学制品制造业,科创板,22.534999999999997,22.668749999999974,22.545000000000012,22.240624999999998,20.963191489361698
688350,2021-12-08,21.88,21.87,22.17,21.76,21.82,3380.85,7411850.0,22.4,22.6,22.01650000000001,21.14,21.62,50.65,0.42,0.47,-0.05,富淼科技,化学原料和化学制品制造业,科创板,22.182499999999997,22.571249999999974,22.545000000000012,22.299374999999998,20.971914893617015
688350,2021-12-09,21.71,21.82,21.99,21.6,21.87,5094.81,11102700.0,22.11,22.5,22.08300000000001,21.27,21.57,50.13,0.36,0.45,-0.09,富淼科技,化学原料和化学制品制造业,科创板,21.917499999999997,22.501249999999974,22.50666666666668,22.336875,20.979999999999993
688350,2021-12-10,21.89,21.9,21.96,21.7,21.82,3971.93,8672080.0,21.91,22.43,22.137000000000008,21.36,21.51,50.99,0.3,0.42,-0.12,富淼科技,化学原料和化学制品制造业,科创板,21.8525,22.423749999999973,22.476666666666677,22.369999999999997,21.00234042553191
688350,2021-12-13,21.78,21.79,22.19,21.69,21.9,5541.93,12107600.0,21.84,22.37,22.16150000000001,21.44,21.46,49.72,0.25,0.39,-0.14,富淼科技,化学原料和化学制品制造业,科创板,21.845,22.189999999999973,22.394166666666678,22.369999999999997,21.018085106382973
688350,2021-12-14,21.73,21.9,21.98,21.7,21.79,4860.83,10624600.0,21.86,22.31,22.210000000000008,21.53,21.42,51.04,0.22,0.35,-0.13,富淼科技,化学原料和化学制品制造业,科创板,21.8525,22.017499999999973,22.331666666666678,22.371874999999996,21.02936170212765
688350,2021-12-15,21.91,22.18,22.48,21.8,21.9,8201.61,18273600.0,21.92,22.16,22.25800000000001,21.64,21.37,54.31,0.21,0.32,-0.11,富淼科技,化学原料和化学制品制造业,科创板,21.942500000000003,21.929999999999975,22.315000000000012,22.365624999999994,21.044255319148927
688350,2021-12-16,22.18,22.69,22.69,22.01,22.18,8713.63,19472800.0,22.09,22.1,22.32400000000001,21.75,21.35,59.61,0.25,0.31,-0.06,富淼科技,化学原料和化学制品制造业,科创板,22.14,21.996249999999975,22.32916666666668,22.392499999999995,21.077234042553183
688350,2021-12-17,23.04,22.9,24.21,22.77,22.69,26176.3,61439300.0,22.29,22.1,22.379500000000007,21.87,21.34,61.59,0.29,0.31,-0.02,富淼科技,化学原料和化学制品制造业,科创板,22.417500000000004,22.131249999999977,22.265833333333344,22.39999999999999,21.1127659574468
688350,2021-12-20,23.57,23.3,24.59,23.02,22.9,26750.0,63423000.0,22.59,22.22,22.451000000000008,21.98,21.32,65.09,0.35,0.31,0.04,富淼科技,化学原料和化学制品制造业,科创板,22.767500000000005,22.309999999999977,22.267500000000013,22.440624999999994,21.15531914893616
688350,2021-12-21,23.51,22.8,23.58,22.5,23.3,17984.6,41243200.0,22.77,22.32,22.47700000000001,22.06,21.31,57.97,0.35,0.32,0.03,富淼科技,化学原料和化学制品制造业,科创板,22.922500000000007,22.43249999999998,22.26083333333335,22.466874999999995,21.19085106382978
688350,2021-12-22,22.76,23.85,23.97,22.76,22.8,22939.9,54188000.0,23.11,22.51,22.55650000000001,22.18,21.32,66.31,0.43,0.34,0.09,富淼科技,化学原料和化学制品制造业,科创板,23.212500000000006,22.67624999999998,22.40166666666668,22.549999999999997,21.24680851063829
688350,2021-12-23,23.83,23.28,23.85,23.01,23.85,12597.0,29327700.0,23.23,22.66,22.581500000000013,22.28,21.3,59.42,0.45,0.36,0.09,富淼科技,化学原料和化学制品制造业,科创板,23.307500000000005,22.86249999999998,22.523333333333344,22.526249999999994,21.287659574468076
688350,2021-12-24,23.29,21.54,23.59,21.48,23.28,20761.6,45951500.0,22.95,22.62,22.526000000000014,22.3,21.28,44.29,0.32,0.36,-0.04,富淼科技,化学原料和化学制品制造业,科创板,22.867500000000003,22.817499999999978,22.495833333333348,22.417499999999997,21.29787234042552
688350,2021-12-27,21.76,22.46,22.93,21.38,21.54,15889.1,35552600.0,22.79,22.69,22.530000000000012,22.34,21.3,51.35,0.28,0.34,-0.06,富淼科技,化学原料和化学制品制造业,科创板,22.782500000000002,22.852499999999978,22.54916666666668,22.391249999999996,21.350212765957437
688350,2021-12-28,23.19,22.96,23.46,22.16,22.46,13587.5,31272700.0,22.82,22.8,22.552000000000014,22.41,21.33,54.7,0.29,0.33,-0.04,富淼科技,化学原料和化学制品制造业,科创板,22.560000000000002,22.88624999999998,22.637500000000014,22.441249999999993,21.426595744680842
688350,2021-12-29,23.45,22.78,23.48,22.33,22.96,10581.8,24177300.0,22.6,22.86,22.508000000000013,22.46,21.36,53.28,0.28,0.32,-0.04,富淼科技,化学原料和化学制品制造业,科创板,22.435000000000002,22.87124999999998,22.720000000000013,22.501249999999995,21.49425531914893
688350,2021-12-30,22.78,23.05,23.34,22.68,22.78,10288.4,23655700.0,22.56,22.89,22.496500000000015,22.51,21.39,55.16,0.29,0.31,-0.02,富淼科技,化学原料和化学制品制造业,科创板,22.8125,22.83999999999998,22.815833333333348,22.574999999999996,21.569787234042547
688350,2021-12-31,23.19,23.06,23.22,22.82,23.05,9315.36,21486200.0,22.86,22.91,22.505500000000016,22.56,21.42,55.24,0.3,0.31,-0.01,富淼科技,化学原料和化学制品制造业,科创板,22.9625,22.872499999999977,22.889166666666682,22.652499999999996,21.667446808510633
688350,2022-01-04,23.13,23.44,23.56,22.99,23.06,9192.46,21443700.0,23.06,22.92,22.569500000000012,22.61,21.45,58.0,0.32,0.31,0.01,富淼科技,化学原料和化学制品制造业,科创板,23.082499999999996,22.821249999999978,22.951666666666682,22.748749999999998,21.78425531914893
688350,2022-01-05,23.61,22.87,23.69,22.76,23.44,8274.47,19102800.0,23.04,22.93,22.622000000000014,22.63,21.48,52.74,0.3,0.31,-0.01,富淼科技,化学原料和化学制品制造业,科创板,23.104999999999997,22.76999999999998,22.949166666666684,22.816249999999997,21.86553191489361
688350,2022-01-06,23.11,23.77,24.19,22.83,22.87,17407.8,41188800.0,23.24,22.92,22.717000000000013,22.68,21.52,59.05,0.35,0.32,0.03,富淼科技,化学原料和化学制品制造业,科创板,23.284999999999997,23.04874999999998,22.988333333333347,22.933124999999997,21.955319148936162
688350,2022-01-07,23.97,22.66,23.97,22.63,23.77,14348.3,33228200.0,23.16,22.86,22.759000000000015,22.67,21.55,50.15,0.3,0.31,-0.01,富淼科技,化学原料和化学制品制造业,科创板,23.184999999999995,23.07374999999998,22.976666666666684,22.963124999999998,22.031489361702125
688350,2022-01-10,22.65,23.06,23.41,22.45,22.66,8291.12,19105000.0,23.16,23.01,22.817000000000014,22.69,21.58,52.91,0.28,0.31,-0.03,富淼科技,化学原料和化学制品制造业,科创板,23.089999999999996,23.08624999999998,22.910833333333347,22.98625,22.118085106382974
688350,2022-01-11,23.36,23.12,23.57,23.0,23.06,9381.04,21789200.0,23.1,23.08,22.883500000000016,22.71,21.61,53.32,0.28,0.3,-0.02,富淼科技,化学原料和化学制品制造业,科创板,23.152499999999996,23.12874999999998,22.89750000000002,23.0,22.197021276595734
688350,2022-01-12,23.4,23.46,23.73,23.14,23.12,14729.6,34538100.0,23.21,23.13,22.961500000000015,22.74,21.65,55.72,0.29,0.3,-0.01,富淼科技,化学原料和化学制品制造业,科创板,23.075,23.17999999999998,23.057500000000015,23.009999999999998,22.28808510638297
688350,2022-01-13,23.58,22.78,23.58,22.75,23.46,9749.52,22351400.0,23.02,23.13,22.991500000000016,22.71,21.67,50.18,0.24,0.29,-0.05,富淼科技,化学原料和化学制品制造业,科创板,23.105,23.14499999999998,23.08416666666668,23.008749999999996,22.34851063829786
688350,2022-01-14,22.88,22.4,23.02,22.22,22.78,7308.56,16496100.0,22.96,23.06,22.977000000000015,22.68,21.71,47.35,0.18,0.27,-0.09,富淼科技,化学原料和化学制品制造业,科创板,22.939999999999998,23.01499999999998,23.037500000000012,22.918124999999993,22.392978723404248
688350,2022-01-17,22.45,22.88,23.14,22.29,22.4,7162.86,16323500.0,22.93,23.04,22.976000000000017,22.68,21.77,51.1,0.16,0.25,-0.09,富淼科技,化学原料和化学制品制造业,科创板,22.879999999999995,23.016249999999978,23.04583333333335,22.89312499999999,22.447446808510634
688350,2022-01-18,22.5,22.14,23.1,22.0,22.88,9537.03,21378800.0,22.73,22.91,22.918000000000013,22.68,21.82,45.69,0.09,0.21,-0.12,富淼科技,化学原料和化学制品制造业,科创板,22.549999999999997,22.812499999999975,22.970000000000013,22.93062499999999,22.48255319148936
688350,2022-01-19,22.29,22.25,22.35,21.9,22.14,4869.53,10776800.0,22.49,22.85,22.890500000000014,22.7,21.86,46.6,0.04,0.18,-0.14,富淼科技,化学原料和化学制品制造业,科创板,22.417499999999997,22.761249999999976,22.902500000000014,22.91749999999999,22.512978723404252
688350,2022-01-20,22.16,20.66,22.3,20.58,22.25,17682.8,37389600.0,22.07,22.54,22.731000000000016,22.66,21.9,37.0,-0.13,0.12,-0.25,富淼科技,化学原料和化学制品制造业,科创板,21.982499999999995,22.461249999999975,22.67083333333335,22.773749999999993,22.49936170212766
688350,2022-01-21,20.66,20.41,20.95,20.11,20.66,5040.22,10298900.0,21.67,22.32,22.587500000000016,22.61,21.94,35.76,-0.28,0.04,-0.32,富淼科技,化学原料和化学制品制造业,科创板,21.364999999999995,22.122499999999974,22.46583333333335,22.625624999999992,22.488297872340425
688350,2022-01-24,20.41,20.27,20.61,20.03,20.41,4033.49,8208900.0,21.15,22.04,22.524000000000015,22.56,21.96,35.04,-0.41,-0.05,-0.36,富淼科技,化学原料和化学制品制造业,科创板,20.897499999999994,21.723749999999974,22.174166666666682,22.45187499999999,22.46808510638298
688350,2022-01-25,20.55,19.35,20.55,19.28,20.27,6213.96,12253300.0,20.59,21.66,22.36850000000002,22.48,21.96,30.71,-0.57,-0.16,-0.41,富淼科技,化学原料和化学制品制造业,科创板,20.172499999999992,21.294999999999973,21.89833333333335,22.21999999999999,22.425106382978722
688350,2022-01-26,19.33,19.62,19.79,19.3,19.35,4718.43,9234820.0,20.06,21.28,22.201500000000017,22.4,21.96,33.32,-0.68,-0.26,-0.42,富淼科技,化学原料和化学制品制造业,科创板,19.912499999999994,20.947499999999973,21.611666666666682,21.981249999999992,22.378936170212764
688350,2022-01-27,19.62,19.27,19.63,18.91,19.62,6028.18,11570600.0,19.78,20.92,22.026000000000018,22.3,21.97,31.66,-0.78,-0.36,-0.42,富淼科技,化学原料和化学制品制造业,科创板,19.627499999999994,20.496249999999975,21.29083333333335,21.75624999999999,22.323617021276597
688350,2022-01-28,19.48,20.2,20.49,19.3,19.27,9864.59,19760900.0,19.74,20.7,21.883500000000016,22.22,21.98,40.19,-0.77,-0.45,-0.32,富淼科技,化学原料和化学制品制造业,科创板,19.609999999999996,20.253749999999975,21.01916666666668,21.53312499999999,22.279361702127662
688350,2022-02-07,20.51,21.04,21.48,20.21,20.2,7611.52,15910300.0,19.9,20.52,21.782500000000017,22.16,22.01,46.66,-0.68,-0.49,-0.19,富淼科技,化学原料和化学制品制造业,科创板,20.0325,20.102499999999974,20.874166666666678,21.43187499999999,22.25340425531915
688350,2022-02-08,21.06,21.61,21.7,20.77,21.04,7102.94,15253900.0,20.35,20.47,21.691000000000017,22.1,22.04,50.57,-0.57,-0.51,-0.06,富淼科技,化学原料和化学制品制造业,科创板,20.529999999999998,20.221249999999973,20.808333333333344,21.34124999999999,22.228510638297873
688350,2022-02-09,21.06,21.92,21.96,21.06,21.61,6213.85,13503100.0,20.81,20.43,21.643500000000017,22.07,22.07,52.61,-0.45,-0.5,0.05,富淼科技,化学原料和化学制品制造业,科创板,21.1925,20.40999999999997,20.728333333333342,21.266249999999992,22.212978723404255
688350,2022-02-10,21.9,21.83,22.04,21.53,21.92,3091.8,6728660.0,21.32,20.55,21.546500000000016,22.0,22.09,51.94,-0.36,-0.47,0.11,富淼科技,化学原料和化学制品制造业,科创板,21.599999999999998,20.604999999999972,20.70250000000001,21.164374999999993,22.201276595744677
688350,2022-02-11,21.56,21.5,22.5,21.14,21.83,6371.67,13822300.0,21.58,20.66,21.488500000000016,21.95,22.11,49.46,-0.31,-0.44,0.13,富淼科技,化学原料和化学制品制造业,科创板,21.714999999999996,20.873749999999973,20.64000000000001,21.084374999999994,22.179574468085104
688350,2022-02-14,21.48,21.35,21.9,21.0,21.5,4830.76,10343200.0,21.64,20.77,21.403000000000016,21.94,22.12,48.33,-0.28,-0.41,0.13,富淼科技,化学原料和化学制品制造业,科创板,21.649999999999995,21.08999999999997,20.697500000000012,21.018749999999997,22.130425531914888
688350,2022-02-15,21.35,21.03,21.39,20.77,21.35,5339.99,11216200.0,21.53,20.94,21.29850000000002,21.89,22.11,45.92,-0.28,-0.38,0.1,富淼科技,化学原料和化学制品制造业,科创板,21.427499999999995,21.30999999999997,20.749166666666678,20.903124999999996,22.082553191489353
688350,2022-02-16,21.39,21.6,21.85,21.23,21.03,4303.74,9286260.0,21.46,21.14,21.205500000000022,21.85,22.13,50.64,-0.23,-0.35,0.12,富淼科技,化学原料和化学制品制造业,科创板,21.369999999999994,21.48499999999997,20.86000000000001,20.869374999999998,22.05531914893616
688350,2022-02-17,21.6,21.43,21.96,21.16,21.6,5424.18,11720600.0,21.38,21.35,21.138000000000023,21.8,22.13,49.26,-0.2,-0.32,0.12,富淼科技,化学原料和化学制品制造业,科创板,21.352499999999992,21.533749999999973,21.033333333333342,20.818125,22.039787234042542
688350,2022-02-18,21.36,21.36,21.51,21.1,21.43,3021.19,6453550.0,21.35,21.47,21.086000000000023,21.74,22.13,48.67,-0.18,-0.29,0.11,富淼科技,化学原料和化学制品制造业,科创板,21.35499999999999,21.50249999999997,21.17833333333334,20.861874999999998,22.029999999999987
688350,2022-02-21,21.38,21.47,21.57,21.22,21.36,3646.57,7786070.0,21.38,21.51,21.015500000000024,21.69,22.12,49.69,-0.15,-0.26,0.11,富淼科技,化学原料和化学制品制造业,科创板,21.46499999999999,21.44624999999997,21.36166666666668,20.928124999999998,22.021489361702116
688350,2022-02-22,21.4,20.96,21.43,20.77,21.47,6056.03,12742400.0,21.36,21.44,20.956500000000027,21.61,22.11,45.21,-0.17,-0.25,0.08,富淼科技,化学原料和化学制品制造业,科创板,21.304999999999993,21.33749999999997,21.42500000000001,20.971249999999998,22.003191489361694
688350,2022-02-23,21.37,21.58,21.69,20.89,20.96,5281.43,11347800.0,21.36,21.41,20.923000000000023,21.57,22.1,50.99,-0.13,-0.22,0.09,富淼科技,化学原料和化学制品制造业,科创板,21.342499999999994,21.347499999999968,21.47000000000001,21.110624999999995,21.996382978723393
688350,2022-02-24,21.64,20.99,21.73,20.78,21.58,6965.36,14780600.0,21.27,21.33,20.939500000000024,21.47,22.08,46.02,-0.15,-0.21,0.06,富淼科技,化学原料和化学制品制造业,科创板,21.249999999999993,21.30249999999997,21.41833333333334,21.196249999999996,21.97936170212765
688350,2022-02-25,21.05,20.7,21.28,20.61,20.99,8428.5,17680600.0,21.14,21.25,20.954000000000022,21.41,22.04,43.76,-0.18,-0.2,0.02,富淼科技,化学原料和化学制品制造业,科创板,21.057499999999994,21.26124999999997,21.316666666666674,21.285624999999996,21.95382978723403
688350,2022-02-28,20.67,20.64,20.8,20.03,20.7,5588.76,11429700.0,20.97,21.18,20.97250000000002,21.33,22.01,43.28,-0.22,-0.21,-0.01,富淼科技,化学原料和化学制品制造业,科创板,20.977499999999992,21.141249999999967,21.217500000000005,21.313124999999996,21.921063829787222
688350,2022-03-01,20.64,20.57,20.92,20.42,20.64,3093.27,6366520.0,20.9,21.13,21.03350000000002,21.24,21.98,42.7,-0.24,-0.21,-0.03,富淼科技,化学原料和化学制品制造业,科创板,20.72499999999999,21.033749999999966,21.140000000000004,21.283749999999994,21.8759574468085
688350,2022-03-02,20.64,20.58,20.64,20.31,20.57,2474.22,5064230.0,20.7,21.03,21.08150000000002,21.15,21.94,42.82,-0.26,-0.22,-0.04,富淼科技,化学原料和化学制品制造业,科创板,20.62249999999999,20.936249999999966,21.07583333333334,21.219374999999992,21.826595744680834
688350,2022-03-03,20.51,20.29,20.84,20.28,20.58,3553.17,7263160.0,20.56,20.91,21.13250000000002,21.06,21.89,40.23,-0.29,-0.24,-0.05,富淼科技,化学原料和化学制品制造业,科创板,20.519999999999992,20.788749999999965,21.01416666666667,21.117499999999993,21.762553191489346
688350,2022-03-04,20.43,20.06,20.43,19.93,20.29,4609.8,9279690.0,20.43,20.78,21.125500000000024,20.99,21.84,38.26,-0.33,-0.25,-0.08,富淼科技,化学原料和化学制品制造业,科创板,20.374999999999993,20.676249999999964,20.885833333333334,21.006874999999994,21.70425531914892
688350,2022-03-07,20.05,20.03,20.35,19.86,20.06,5228.21,10501000.0,20.31,20.64,21.07500000000002,20.89,21.79,37.99,-0.37,-0.28,-0.09,富淼科技,化学原料和化学制品制造业,科创板,20.239999999999995,20.482499999999966,20.769166666666667,20.914999999999992,21.622978723404238
688350,2022-03-08,20.16,20.09,20.3,19.7,20.03,6584.64,13206300.0,20.21,20.55,20.999000000000017,20.82,21.75,38.9,-0.38,-0.3,-0.08,富淼科技,化学原料和化学制品制造业,科创板,20.117499999999996,20.369999999999965,20.66333333333333,20.83624999999999,21.555106382978707
688350,2022-03-09,20.25,19.33,20.25,18.75,20.09,5304.31,10319000.0,19.96,20.33,20.869500000000016,20.72,21.71,32.46,-0.45,-0.33,-0.12,富淼科技,化学原料和化学制品制造业,科创板,19.877499999999998,20.19874999999997,20.484999999999996,20.72999999999999,21.50808510638296
688350,2022-03-10,19.67,19.5,20.1,19.5,19.33,4101.76,8134390.0,19.8,20.18,20.753000000000018,20.69,21.67,35.05,-0.49,-0.36,-0.13,富淼科技,化学原料和化学制品制造业,科创板,19.737499999999997,20.05624999999997,20.363333333333326,20.59874999999999,21.445106382978704
688350,2022-03-11,19.5,19.8,19.91,19.23,19.5,2947.71,5756460.0,19.75,20.09,20.668000000000017,20.67,21.64,39.46,-0.48,-0.38,-0.1,富淼科技,化学原料和化学制品制造业,科创板,19.679999999999996,19.959999999999972,20.214999999999993,20.49687499999999,21.37787234042551
688350,2022-03-14,19.3,19.16,19.68,19.1,19.8,5141.74,9957930.0,19.58,19.94,20.558500000000016,20.63,21.59,34.13,-0.53,-0.41,-0.12,富淼科技,化学原料和化学制品制造业,科创板,19.447499999999994,19.78249999999997,20.062499999999996,20.35937499999999,21.300851063829768
688350,2022-03-15,18.91,18.3,19.06,18.22,19.16,6191.65,11479200.0,19.22,19.71,20.42200000000002,20.59,21.53,28.56,-0.62,-0.45,-0.17,富淼科技,化学原料和化学制品制造业,科创板,19.189999999999994,19.533749999999973,19.862499999999997,20.16124999999999,21.199787234042535
688350,2022-03-16,18.5,18.69,18.83,17.95,18.3,7105.04,13008300.0,19.09,19.52,20.27650000000002,20.56,21.48,33.84,-0.66,-0.5,-0.16,富淼科技,化学原料和化学制品制造业,科创板,18.987499999999994,19.362499999999972,19.7,20.01937499999999,21.10680851063828
688350,2022-03-17,18.8,18.89,19.35,18.8,18.69,5345.8,10190000.0,18.97,19.38,20.149500000000018,20.55,21.43,36.43,-0.67,-0.53,-0.14,富淼科技,化学原料和化学制品制造业,科创板,18.759999999999994,19.219999999999974,19.56,19.85124999999999,21.00999999999998
688350,2022-03-18,19.03,19.36,19.62,18.75,18.89,5031.05,9733480.0,18.88,19.32,20.049500000000016,20.52,21.37,42.17,-0.62,-0.55,-0.07,富淼科技,化学原料和化学制品制造业,科创板,18.809999999999995,19.12874999999997,19.458333333333332,19.74937499999999,20.935319148936152
688350,2022-03-21,19.4,19.57,19.77,19.25,19.36,3807.71,7449210.0,18.96,19.27,19.954500000000017,20.47,21.32,44.58,-0.57,-0.55,-0.02,富淼科技,化学原料和化学制品制造业,科创板,19.127499999999994,19.15874999999997,19.398333333333333,19.67874999999999,20.845957446808494
688350,2022-03-22,19.39,19.67,19.89,19.27,19.57,4168.88,8154750.0,19.24,19.23,19.890000000000022,20.41,21.25,45.74,-0.52,-0.55,0.03,富淼科技,化学原料和化学制品制造业,科创板,19.372499999999995,19.17999999999997,19.36583333333333,19.618124999999992,20.7823404255319
688350,2022-03-23,20.66,20.37,21.45,20.02,19.67,14365.0,29894600.0,19.57,19.33,19.82950000000002,20.36,21.21,53.12,-0.4,-0.52,0.12,富淼科技,化学原料和化学制品制造业,科创板,19.742499999999996,19.25124999999997,19.394166666666667,19.605624999999993,20.72510638297871
688350,2022-03-24,20.37,19.79,20.65,19.76,20.37,9151.06,18351300.0,19.75,19.36,19.769500000000022,20.29,21.15,47.37,-0.36,-0.49,0.13,富淼科技,化学原料和化学制品制造业,科创板,19.849999999999998,19.32999999999997,19.369166666666665,19.556249999999995,20.65425531914892
688350,2022-03-25,19.76,19.6,19.96,19.5,19.79,5077.1,10015100.0,19.8,19.34,19.714500000000022,20.23,21.09,45.63,-0.34,-0.46,0.12,富淼科技,化学原料和化学制品制造业,科创板,19.8575,19.492499999999968,19.391666666666666,19.513124999999995,20.572127659574452
688350,2022-03-28,19.49,19.24,19.49,18.88,19.6,4974.7,9532110.0,19.73,19.35,19.644500000000026,20.15,21.05,42.44,-0.35,-0.44,0.09,富淼科技,化学原料和化学制品制造业,科创板,19.75,19.56124999999997,19.37,19.461874999999996,20.49680851063828
688350,2022-03-29,19.45,19.05,19.45,18.91,19.24,4521.76,8639430.0,19.61,19.42,19.568500000000025,20.09,20.99,40.82,-0.36,-0.42,0.06,富淼科技,化学原料和化学制品制造业,科创板,19.419999999999998,19.58124999999997,19.3075,19.400624999999998,20.4255319148936
688350,2022-03-30,19.23,19.34,19.43,19.03,19.05,2832.11,5462310.0,19.4,19.49,19.506500000000024,20.01,20.93,44.31,-0.35,-0.41,0.06,富淼科技,化学原料和化学制品制造业,科创板,19.307499999999997,19.57874999999997,19.3225,19.353749999999998,20.35021276595743
688350,2022-03-31,18.7,19.15,19.55,18.7,19.34,3338.48,6459230.0,19.28,19.51,19.44950000000002,19.94,20.87,42.54,-0.35,-0.39,0.04,富淼科技,化学原料和化学制品制造业,科创板,19.195,19.526249999999973,19.393333333333334,19.342499999999998,20.286595744680834
688350,2022-04-01,19.47,19.22,19.47,18.99,19.15,2946.44,5636590.0,19.2,19.5,19.407500000000024,19.87,20.81,43.44,-0.34,-0.38,0.04,富淼科技,化学原料和化学制品制造业,科创板,19.19,19.46999999999997,19.4375,19.324999999999996,20.22212765957445
688350,2022-04-06,19.33,19.5,19.75,19.33,19.22,3233.1,6299820.0,19.25,19.49,19.38100000000002,19.8,20.75,47.0,-0.31,-0.37,0.06,富淼科技,化学原料和化学制品制造业,科创板,19.302500000000002,19.36124999999997,19.488333333333333,19.306249999999995,20.197446808510623
688350,2022-04-07,19.56,19.09,19.57,19.06,19.5,2811.45,5388560.0,19.26,19.44,19.331000000000024,19.74,20.67,42.75,-0.32,-0.36,0.04,富淼科技,化学原料和化学制品制造业,科创板,19.240000000000002,19.27374999999997,19.465833333333336,19.301874999999992,20.169361702127645
688350,2022-04-08,19.29,19.11,19.33,18.85,19.09,6309.72,12049100.0,19.21,19.31,19.320000000000025,19.66,20.61,43.02,-0.31,-0.35,0.04,富淼科技,化学原料和化学制品制造业,科创板,19.230000000000004,19.212499999999974,19.427500000000006,19.352499999999992,20.144680851063818
688350,2022-04-11,19.44,18.89,19.48,18.81,19.11,5940.77,11338300.0,19.16,19.22,19.289500000000025,19.59,20.53,40.74,-0.32,-0.34,0.02,富淼科技,化学原料和化学制品制造业,科创板,19.147500000000004,19.168749999999974,19.3625,19.36499999999999,20.134893617021262
688350,2022-04-12,18.9,19.07,19.34,18.67,18.89,3597.27,6852290.0,19.13,19.17,19.25300000000002,19.53,20.47,43.39,-0.31,-0.34,0.03,富淼科技,化学原料和化学制品制造业,科创板,19.040000000000006,19.171249999999972,19.254166666666666,19.37624999999999,20.12319148936169
688350,2022-04-13,18.93,18.14,18.99,18.14,19.07,10831.9,19885200.0,18.86,19.06,19.20200000000002,19.45,20.39,34.75,-0.38,-0.35,-0.03,富淼科技,化学原料和化学制品制造业,科创板,18.802500000000006,19.02124999999997,19.116666666666667,19.29999999999999,20.0991489361702
688350,2022-04-14,18.2,18.98,19.06,18.2,18.14,8402.27,15688100.0,18.84,19.05,19.236000000000022,19.4,20.32,45.34,-0.35,-0.35,0.0,富淼科技,化学原料和化学制品制造业,科创板,18.770000000000007,18.999999999999968,19.065,19.26312499999999,20.07319148936169
688350,2022-04-15,18.75,18.38,19.0,18.2,18.98,3903.65,7182800.0,18.69,18.95,19.220500000000023,19.32,20.23,40.31,-0.38,-0.35,-0.03,富淼科技,化学原料和化学制品制造业,科创板,18.642500000000005,18.894999999999968,18.993333333333332,19.18249999999999,20.01659574468084
688350,2022-04-18,18.38,18.51,18.63,18.13,18.38,1937.5,3567610.0,18.62,18.89,19.20150000000002,19.26,20.16,41.81,-0.39,-0.36,-0.03,富淼科技,化学原料和化学制品制造业,科创板,18.502500000000005,18.771249999999966,18.94833333333333,19.06624999999999,19.950638297872327
688350,2022-04-19,18.38,18.54,18.56,18.27,18.51,2547.57,4684790.0,18.51,18.82,19.16050000000002,19.21,20.1,42.18,-0.38,-0.36,-0.02,富淼科技,化学原料和化学制品制造业,科创板,18.602500000000003,18.702499999999965,18.881666666666664,18.98812499999999,19.878723404255307
688350,2022-04-20,18.54,18.39,18.71,18.3,18.54,1939.09,3590610.0,18.56,18.71,19.101500000000023,19.16,20.02,40.81,-0.39,-0.37,-0.02,富淼科技,化学原料和化学制品制造业,科创板,18.455000000000002,18.61249999999996,18.81833333333333,18.912499999999987,19.805531914893603
688350,2022-04-21,18.4,17.81,18.45,17.7,18.39,3104.42,5610640.0,18.33,18.58,19.00850000000002,19.08,19.95,35.95,-0.44,-0.38,-0.06,富淼科技,化学原料和化学制品制造业,科创板,18.312500000000004,18.477499999999964,18.700833333333332,18.823124999999987,19.72702127659573
688350,2022-04-22,18.06,17.68,18.06,17.3,17.81,2381.11,4187750.0,18.19,18.44,18.87400000000002,19.03,19.88,34.94,-0.48,-0.4,-0.08,富淼科技,化学原料和化学制品制造业,科创板,18.105,18.303749999999965,18.549166666666665,18.737499999999986,19.64893617021275
688350,2022-04-25,17.5,16.7,17.9,16.53,17.68,4225.77,7338940.0,17.82,18.22,18.719500000000018,18.93,19.81,28.48,-0.58,-0.44,-0.14,富淼科技,化学原料和化学制品制造业,科创板,17.645000000000003,18.123749999999966,18.349999999999998,18.572499999999987,19.556808510638284
688350,2022-04-26,16.78,15.59,16.9,15.41,16.7,3528.26,5659850.0,17.23,17.87,18.519000000000016,18.79,19.73,23.24,-0.75,-0.5,-0.25,富淼科技,化学原料和化学制品制造业,科创板,16.945000000000004,17.699999999999967,18.05666666666666,18.349999999999987,19.42893617021275
688350,2022-04-27,15.37,15.64,15.81,14.53,15.59,6000.25,9058540.0,16.68,17.62,18.339000000000016,18.68,19.65,23.92,-0.87,-0.57,-0.3,富淼科技,化学原料和化学制品制造业,科创板,16.402500000000003,17.357499999999966,17.78583333333333,18.126249999999985,19.30574468085105
688350,2022-04-28,15.76,15.7,16.25,15.33,15.64,5084.17,8035760.0,16.26,17.29,18.171500000000016,18.59,19.59,24.78,-0.95,-0.65,-0.3,富淼科技,化学原料和化学制品制造业,科创板,15.907500000000004,17.006249999999966,17.504999999999995,17.888749999999984,19.185319148936156
688350,2022-04-29,16.04,16.5,16.85,15.58,15.7,5085.25,8321980.0,16.03,17.11,18.029500000000017,18.52,19.54,35.29,-0.93,-0.71,-0.22,富淼科技,化学原料和化学制品制造业,科创板,15.857500000000005,16.751249999999967,17.36833333333333,17.726874999999986,19.07957446808509
688350,2022-05-05,16.5,16.6,16.86,16.44,16.5,3253.57,5419090.0,16.01,16.92,17.90200000000002,18.44,19.49,36.48,-0.9,-0.74,-0.16,富淼科技,化学原料和化学制品制造业,科创板,16.110000000000007,16.527499999999968,17.169999999999998,17.569999999999986,18.986808510638284
688350,2022-05-06,16.28,16.61,16.78,16.28,16.6,2314.57,3833850.0,16.21,16.72,17.77150000000002,18.35,19.43,36.61,-0.86,-0.77,-0.09,富淼科技,化学原料和化学制品制造业,科创板,16.352500000000006,16.37749999999997,17.022499999999997,17.427499999999988,18.88106382978722
688350,2022-05-09,16.37,16.79,16.87,16.37,16.61,2566.1,4296060.0,16.44,16.56,17.63600000000002,18.26,19.36,38.95,-0.81,-0.78,-0.03,富淼科技,化学原料和化学制品制造业,科创板,16.625000000000004,16.266249999999967,16.879166666666666,17.28499999999999,18.79170212765956
688350,2022-05-10,16.77,17.06,17.14,16.77,16.79,1883.17,3199590.0,16.71,16.49,17.534500000000023,18.17,19.29,42.4,-0.74,-0.77,0.03,富淼科技,化学原料和化学制品制造业,科创板,16.765000000000004,16.31124999999997,16.75583333333333,17.21749999999999,18.71425531914892
688350,2022-05-11,17.17,16.6,17.18,16.52,17.06,3762.61,6316360.0,16.73,16.38,17.409000000000024,18.04,19.2,38.42,-0.72,-0.76,0.04,富淼科技,化学原料和化学制品制造业,科创板,16.765000000000008,16.437499999999968,16.606666666666666,17.06874999999999,18.628297872340408
688350,2022-05-12,16.54,16.79,16.98,16.54,16.6,2155.04,3614940.0,16.77,16.39,17.304000000000023,17.94,19.12,40.89,-0.67,-0.74,0.07,富淼科技,化学原料和化学制品制造业,科创板,16.810000000000006,16.58124999999997,16.521666666666665,16.969374999999992,18.547872340425513
688350,2022-05-13,16.8,16.71,16.94,16.62,16.79,1733.79,2901620.0,16.79,16.5,17.186000000000025,17.85,19.04,40.16,-0.64,-0.72,0.08,富淼科技,化学原料和化学制品制造业,科创板,16.790000000000006,16.70749999999997,16.44083333333333,16.85687499999999,18.465531914893596
688350,2022-05-16,16.61,16.37,16.97,16.35,16.71,2270.97,3756910.0,16.71,16.57,17.097500000000025,17.75,18.95,37.13,-0.62,-0.7,0.08,富淼科技,化学原料和化学制品制造业,科创板,16.617500000000007,16.69124999999997,16.41333333333333,16.72124999999999,18.38212765957445
688350,2022-05-17,16.33,16.1,16.37,15.87,16.37,2528.2,4058050.0,16.51,16.61,16.953500000000027,17.65,18.87,34.87,-0.64,-0.69,0.05,富淼科技,化学原料和化学制品制造业,科创板,16.492500000000007,16.62874999999997,16.45583333333333,16.578124999999993,18.297872340425513
688350,2022-05-18,16.19,16.26,16.54,16.15,16.1,3612.54,5922400.0,16.45,16.59,16.847500000000025,17.55,18.78,37.3,-0.62,-0.67,0.05,富淼科技,化学原料和化学制品制造业,科创板,16.360000000000007,16.584999999999972,16.507499999999997,16.481249999999992,18.21765957446807
688350,2022-05-19,16.04,16.7,16.8,16.04,16.26,4566.48,7576610.0,16.43,16.6,16.757000000000026,17.47,18.7,43.53,-0.57,-0.65,0.08,富淼科技,化学原料和化学制品制造业,科创板,16.35750000000001,16.573749999999972,16.590833333333332,16.41999999999999,18.1455319148936
688350,2022-05-20,16.83,16.78,17.0,16.65,16.7,3026.82,5067330.0,16.44,16.62,16.669000000000025,17.39,18.63,44.61,-0.51,-0.63,0.12,富淼科技,化学原料和化学制品制造业,科创板,16.460000000000008,16.538749999999972,16.614166666666666,16.424999999999994,18.091276595744663
688350,2022-05-23,16.78,16.96,16.99,16.74,16.78,5039.59,8486090.0,16.56,16.63,16.597500000000025,17.3,18.55,47.06,-0.44,-0.59,0.15,富淼科技,化学原料和化学制品制造业,科创板,16.67500000000001,16.583749999999974,16.644166666666667,16.510624999999994,18.037234042553173
688350,2022-05-24,16.81,16.31,16.92,16.04,16.96,4014.93,6631530.0,16.6,16.56,16.522500000000026,17.21,18.47,40.15,-0.44,-0.56,0.12,富淼科技,化学原料和化学制品制造业,科创板,16.68750000000001,16.523749999999975,16.61916666666667,16.552499999999995,17.962978723404238
688350,2022-05-25,16.2,16.34,16.41,16.2,16.31,2803.98,4573340.0,16.62,16.53,16.455500000000022,17.12,18.39,40.59,-0.44,-0.53,0.09,富淼科技,化学原料和化学制品制造业,科创板,16.59750000000001,16.477499999999974,16.581666666666667,16.592499999999994,17.90297872340424
688350,2022-05-26,16.23,16.4,16.51,15.97,16.34,2736.35,4452710.0,16.56,16.49,16.44050000000002,17.03,18.31,41.5,-0.42,-0.51,0.09,富淼科技,化学原料和化学制品制造业,科创板,16.502500000000012,16.481249999999974,16.526666666666667,16.586249999999993,17.862553191489347
688350,2022-05-27,16.08,16.45,16.64,16.04,16.4,4136.85,6772300.0,16.49,16.47,16.483500000000024,16.95,18.24,42.3,-0.4,-0.49,0.09,富淼科技,化学原料和化学制品制造业,科创板,16.375000000000014,16.524999999999974,16.514166666666668,16.57687499999999,17.814893617021262
688350,2022-05-30,16.64,16.63,16.69,16.38,16.45,4201.89,6963620.0,16.43,16.49,16.533000000000023,16.9,18.17,45.18,-0.36,-0.46,0.1,富淼科技,化学原料和化学制品制造业,科创板,16.455000000000013,16.571249999999974,16.500833333333336,16.57812499999999,17.76680851063828
688350,2022-05-31,16.47,16.93,16.97,16.47,16.63,4908.51,8218010.0,16.55,16.58,16.594500000000025,16.83,18.11,49.7,-0.31,-0.43,0.12,富淼科技,化学原料和化学制品制造业,科创板,16.602500000000013,16.599999999999977,16.519166666666667,16.58687499999999,17.715106382978707
688350,2022-06-01,16.95,17.28,17.41,16.75,16.93,6711.14,11527800.0,16.74,16.68,16.633500000000026,16.79,18.06,54.42,-0.23,-0.39,0.16,富淼科技,化学原料和化学制品制造业,科创板,16.822500000000012,16.662499999999977,16.595000000000002,16.60062499999999,17.666382978723387
688350,2022-06-02,17.28,18.11,18.19,17.06,17.28,7521.5,13371000.0,17.08,16.82,16.709000000000024,16.78,18.02,63.23,-0.1,-0.33,0.23,富淼科技,化学原料和化学制品制造业,科创板,17.23750000000001,16.806249999999974,16.7625,16.69499999999999,17.633191489361685
688350,2022-06-06,18.38,18.65,18.86,18.08,18.11,8799.68,16386100.0,17.52,17.01,16.811000000000025,16.78,18.0,67.62,0.05,-0.26,0.31,富淼科技,化学原料和化学制品制造业,科创板,17.742500000000014,17.098749999999974,16.96166666666667,16.811249999999987,17.596595744680833
688350,2022-06-07,18.69,18.1,18.69,18.02,18.65,8003.18,14592400.0,17.81,17.12,16.876500000000025,16.77,17.96,59.8,0.11,-0.18,0.29,富淼科技,化学原料和化学制品制造业,科创板,18.03500000000001,17.318749999999973,17.078333333333337,16.89812499999999,17.560638297872323
688350,2022-06-08,18.27,18.08,18.46,17.64,18.1,5946.14,10696600.0,18.04,17.3,16.927500000000023,16.78,17.93,59.53,0.16,-0.11,0.27,富淼科技,化学原料和化学制品制造业,科创板,18.23500000000001,17.52874999999997,17.18666666666667,17.00499999999999,17.52829787234041
688350,2022-06-09,17.56,17.63,18.32,17.56,18.08,2884.71,5104520.0,18.11,17.43,16.97900000000002,16.78,17.9,53.66,0.17,-0.06,0.23,富淼科技,化学原料和化学制品制造业,科创板,18.11500000000001,17.67624999999997,17.242500000000003,17.100624999999987,17.494042553191473
688350,2022-06-10,17.18,17.9,18.1,17.17,17.63,3691.23,6609680.0,18.07,17.58,17.03450000000002,16.82,17.88,56.43,0.18,-0.01,0.19,富淼科技,化学原料和化学制品制造业,科创板,17.92750000000001,17.834999999999972,17.375000000000004,17.203124999999986,17.469574468085092
688350,2022-06-13,17.89,17.69,18.28,17.46,17.9,3873.69,6855040.0,17.88,17.7,17.083500000000022,16.89,17.84,53.74,0.19,0.03,0.16,富淼科技,化学原料和化学制品制造业,科创板,17.82500000000001,17.92999999999997,17.4875,17.264999999999986,17.434468085106367
688350,2022-06-14,17.69,18.34,18.57,17.26,17.69,6628.03,11856700.0,17.93,17.87,17.18200000000002,16.98,17.83,60.09,0.23,0.07,0.16,富淼科技,化学原料和化学制品制造业,科创板,17.89000000000001,18.06249999999997,17.64916666666667,17.362499999999983,17.417234042553176
688350,2022-06-15,18.33,17.82,18.34,17.79,18.34,5407.3,9768270.0,17.88,17.96,17.26800000000002,17.05,17.82,53.74,0.23,0.1,0.13,富淼科技,化学原料和化学制品制造业,科创板,17.937500000000014,18.02624999999997,17.763333333333335,17.416249999999984,17.387446808510624
688350,2022-06-16,17.81,17.8,18.04,17.66,17.82,3275.41,5847770.0,17.91,18.01,17.34500000000002,17.09,17.8,53.5,0.22,0.13,0.09,富淼科技,化学原料和化学制品制造业,科创板,17.912500000000016,17.91999999999997,17.860833333333336,17.509374999999984,17.351276595744665
688350,2022-06-17,17.8,17.93,17.95,17.64,17.8,2942.71,5248860.0,17.92,17.99,17.40650000000002,17.14,17.79,54.88,0.22,0.14,0.08,富淼科技,化学原料和化学制品制造业,科创板,17.972500000000018,17.89874999999997,17.94416666666667,17.608749999999986,17.326595744680834
688350,2022-06-20,17.99,18.03,18.44,17.85,17.93,6096.18,11039400.0,17.98,17.93,17.469000000000023,17.18,17.77,55.96,0.22,0.16,0.06,富淼科技,化学原料和化学制品制造业,科创板,17.895000000000017,17.89249999999997,18.00666666666667,17.710624999999986,17.30361702127658
688350,2022-06-21,18.29,18.02,18.35,17.72,18.03,5244.54,9441990.0,17.92,17.92,17.522000000000023,17.23,17.74,55.82,0.23,0.17,0.06,富淼科技,化学原料和化学制品制造业,科创板,17.945000000000014,17.94124999999997,17.99916666666667,17.808749999999986,17.285106382978707
688350,2022-06-22,18.15,17.76,18.15,17.7,18.02,4151.98,7443640.0,17.91,17.89,17.59450000000002,17.25,17.71,52.06,0.2,0.18,0.02,富淼科技,化学原料和化学制品制造业,科创板,17.935000000000016,17.92374999999997,17.925000000000004,17.879374999999985,17.257234042553172
688350,2022-06-23,17.94,17.86,17.95,17.52,17.76,3697.07,6554810.0,17.92,17.92,17.670500000000025,17.29,17.67,53.36,0.2,0.18,0.02,富淼科技,化学原料和化学制品制造业,科创板,17.917500000000018,17.944999999999972,17.905000000000005,17.937499999999986,17.251276595744663
688350,2022-06-24,17.95,18.19,18.34,17.69,17.86,7539.23,13658100.0,17.97,17.94,17.760000000000026,17.34,17.64,57.46,0.21,0.19,0.02,富淼科技,化学原料和化学制品制造业,科创板,17.957500000000017,17.92624999999997,17.91416666666667,17.994374999999984,17.234468085106364
688350,2022-06-27,18.25,17.98,18.25,17.9,18.19,5038.4,9092460.0,17.96,17.97,17.836500000000026,17.38,17.61,54.2,0.2,0.19,0.01,富淼科技,化学原料和化学制品制造业,科创板,17.94750000000002,17.94624999999997,17.943333333333335,17.986249999999984,17.225957446808494
688350,2022-06-28,17.99,18.39,18.5,17.86,17.98,8792.29,16022500.0,18.04,17.98,17.924500000000027,17.45,17.6,59.08,0.22,0.2,0.02,富淼科技,化学原料和化学制品制造业,科创板,18.105000000000018,18.019999999999968,17.98416666666667,17.969999999999985,17.22340425531913
688350,2022-06-29,18.55,17.99,18.57,17.97,18.39,5477.35,9921590.0,18.08,18.0,17.977500000000028,17.51,17.58,53.13,0.21,0.2,0.01,富淼科技,化学原料和化学制品制造业,科创板,18.137500000000017,18.027499999999968,18.00916666666667,17.963124999999984,17.21170212765956
688350,2022-06-30,17.98,17.99,18.2,17.88,17.99,4704.03,8475770.0,18.11,18.01,18.013000000000027,17.57,17.56,53.13,0.2,0.2,0.0,富淼科技,化学原料和化学制品制造业,科创板,18.087500000000016,18.02249999999997,17.980000000000004,17.957499999999985,17.203191489361686
688350,2022-07-01,17.99,17.85,18.02,17.61,17.99,4153.2,7408240.0,18.04,18.01,18.00000000000003,17.61,17.54,51.04,0.17,0.19,-0.02,富淼科技,化学原料和化学制品制造业,科创板,18.055000000000017,18.001249999999967,17.982500000000005,17.971249999999987,17.204042553191474
688350,2022-07-04,17.79,18.08,18.3,17.7,17.85,5633.29,10172200.0,18.06,18.01,17.971500000000027,17.65,17.52,54.22,0.17,0.19,-0.02,富淼科技,化学原料和化学制品制造业,科创板,17.977500000000017,18.04124999999997,18.00583333333334,17.982499999999987,17.21255319148935
688350,2022-07-05,18.38,17.84,18.38,17.65,18.08,4867.39,8689530.0,17.95,17.99,17.958500000000026,17.68,17.49,50.53,0.15,0.18,-0.03,富淼科技,化学原料和化学制品制造业,科创板,17.94000000000002,18.038749999999972,17.99833333333334,17.991874999999986,17.236808510638287
688350,2022-07-06,17.8,17.68,18.07,17.48,17.84,5494.2,9709910.0,17.89,17.98,17.938500000000026,17.72,17.47,48.18,0.11,0.17,-0.06,富淼科技,化学原料和化学制品制造业,科创板,17.862500000000022,17.974999999999973,17.96916666666667,17.950624999999988,17.281276595744668
688350,2022-07-07,17.42,17.6,17.75,17.42,17.68,2786.06,4907590.0,17.81,17.96,17.93700000000003,17.77,17.44,47.0,0.07,0.15,-0.08,富淼科技,化学原料和化学制品制造业,科创板,17.800000000000026,17.927499999999974,17.93416666666667,17.93687499999999,17.32297872340424
688350,2022-07-08,17.63,17.65,17.8,17.54,17.6,3258.86,5764810.0,17.77,17.9,17.92450000000003,17.81,17.42,47.86,0.05,0.13,-0.08,富淼科技,化学原料和化学制品制造业,科创板,17.692500000000027,17.834999999999972,17.925000000000004,17.927499999999988,17.364468085106367
688350,2022-07-11,17.3,17.72,17.72,17.3,17.65,3678.5,6473320.0,17.7,17.88,17.92600000000003,17.85,17.4,49.1,0.04,0.11,-0.07,富淼科技,化学原料和化学制品制造业,科创板,17.662500000000026,17.80124999999997,17.913333333333338,17.91437499999999,17.39042553191488
688350,2022-07-12,17.72,18.39,19.25,17.6,17.72,19471.9,36303500.0,17.81,17.88,17.92850000000003,17.91,17.4,59.14,0.08,0.1,-0.02,富淼科技,化学原料和化学制品制造业,科创板,17.840000000000025,17.851249999999972,17.930000000000003,17.936874999999986,17.42851063829786
688350,2022-07-13,18.58,19.1,19.14,18.39,18.39,13005.2,24536800.0,18.09,17.99,17.99250000000003,17.98,17.4,66.65,0.18,0.12,0.06,富淼科技,化学原料和化学制品制造业,科创板,18.215000000000025,18.007499999999972,18.023333333333337,18.00437499999999,17.481489361702113
688350,2022-07-14,19.07,19.03,19.2,18.73,19.1,7851.02,14931300.0,18.38,18.09,18.054000000000034,18.04,17.42,65.38,0.23,0.14,0.09,富淼科技,化学原料和化学制品制造业,科创板,18.560000000000024,18.12624999999997,18.076666666666668,18.083749999999988,17.5291489361702
688350,2022-07-15,19.1,19.15,19.35,18.88,19.03,8111.5,15492000.0,18.68,18.22,18.11500000000003,18.07,17.43,66.56,0.29,0.17,0.12,富淼科技,化学原料和化学制品制造业,科创板,18.917500000000025,18.28999999999997,18.173333333333336,18.164374999999986,17.573617021276583
688350,2022-07-18,19.0,19.74,20.05,18.77,19.15,9800.6,19283800.0,19.08,18.39,18.200500000000034,18.11,17.45,71.68,0.38,0.21,0.17,富淼科技,化学原料和化学制品制造业,科创板,19.255000000000024,18.54749999999997,18.319166666666668,18.261249999999986,17.64042553191488
688350,2022-07-19,19.62,19.47,19.77,19.39,19.74,6029.16,11786200.0,19.3,18.55,18.273000000000035,18.16,17.46,66.65,0.42,0.25,0.17,富淼科技,化学原料和化学制品制造业,科创板,19.347500000000025,18.78124999999997,18.45416666666667,18.354374999999983,17.697446808510627
688350,2022-07-20,19.48,19.09,19.81,18.92,19.47,6428.12,12277100.0,19.3,18.69,18.339500000000037,18.19,17.49,60.25,0.42,0.29,0.13,富淼科技,化学原料和化学制品制造业,科创板,19.362500000000026,18.96124999999997,18.538333333333338,18.398124999999983,17.748085106382966
688350,2022-07-21,19.12,18.93,19.31,18.88,19.09,4549.7,8692720.0,19.28,18.83,18.393000000000036,18.23,17.51,57.73,0.4,0.31,0.09,富淼科技,化学原料和化学制品制造业,科创板,19.307500000000026,19.112499999999972,18.62916666666667,18.456874999999982,17.80255319148935
688350,2022-07-22,19.18,18.84,19.18,18.62,18.93,3873.62,7292120.0,19.21,18.95,18.425500000000035,18.26,17.54,56.31,0.38,0.32,0.06,富淼科技,化学原料和化学制品制造业,科创板,19.082500000000028,19.168749999999974,18.725833333333338,18.50999999999998,17.860851063829774
688350,2022-07-25,18.78,18.86,19.1,18.66,18.84,3282.95,6199390.0,19.04,19.06,18.469500000000032,18.3,17.6,56.56,0.35,0.33,0.02,富淼科技,化学原料和化学制品制造业,科创板,18.930000000000028,19.138749999999977,18.830833333333338,18.57312499999998,17.916170212765945
688350,2022-07-26,18.65,18.7,18.93,18.38,18.86,5024.11,9316000.0,18.88,19.09,18.485000000000035,18.32,17.65,53.84,0.32,0.33,-0.01,富淼科技,化学原料和化学制品制造业,科创板,18.832500000000028,19.097499999999975,18.918333333333337,18.61187499999998,17.958723404255306
688350,2022-07-27,18.68,19.1,19.19,18.66,18.7,5539.33,10499000.0,18.89,19.09,18.540500000000034,18.36,17.7,59.14,0.31,0.32,-0.01,富淼科技,化学原料和化学制品制造业,科创板,18.87500000000003,19.091249999999974,19.033333333333335,18.690624999999983,18.008085106382968
688350,2022-07-28,19.02,19.13,19.19,18.85,19.1,3519.16,6715240.0,18.93,19.1,18.597500000000032,18.4,17.75,59.51,0.32,0.32,0.0,富淼科技,化学原料和化学制品制造业,科创板,18.947500000000026,19.014999999999972,19.095000000000002,18.781249999999982,18.054255319148922
688350,2022-07-29,19.29,19.03,19.5,19.0,19.13,5859.54,11259900.0,18.96,19.09,18.656500000000033,18.44,17.79,57.61,0.3,0.32,-0.02,富淼科技,化学原料和化学制品制造业,科创板,18.990000000000027,18.959999999999972,19.08916666666667,18.870624999999983,18.112127659574455
688350,2022-08-01,18.93,18.91,19.22,18.81,19.03,3604.01,6833530.0,18.97,19.01,18.698000000000036,18.47,17.83,55.33,0.28,0.31,-0.03,富淼科技,化学原料和化学制品制造业,科创板,19.042500000000025,18.93749999999997,19.07916666666667,18.949374999999986,18.166808510638283
688350,2022-08-02,18.91,18.34,18.91,18.0,18.91,6182.1,11338100.0,18.9,18.89,18.723000000000035,18.48,17.85,46.01,0.21,0.29,-0.08,富淼科技,化学原料和化学制品制造业,科创板,18.852500000000028,18.86374999999997,19.01166666666667,18.988124999999982,18.208085106382967
688350,2022-08-03,18.93,18.27,18.97,18.23,18.34,4879.79,9099940.0,18.74,18.81,18.752500000000033,18.5,17.87,45.01,0.16,0.26,-0.1,富淼科技,化学原料和化学制品制造业,科创板,18.637500000000028,18.792499999999972,18.88916666666667,18.980624999999982,18.246808510638285
688350,2022-08-04,18.74,18.69,18.83,18.41,18.27,2868.46,5340310.0,18.65,18.79,18.807000000000034,18.52,17.91,51.8,0.14,0.24,-0.1,富淼科技,化学原料和化学制品制造业,科创板,18.552500000000027,18.771249999999974,18.82416666666667,18.95499999999998,18.290638297872327
688350,2022-08-05,18.68,19.09,19.23,18.68,18.69,4693.19,8905690.0,18.66,18.81,18.879000000000033,18.55,17.95,57.21,0.16,0.22,-0.06,富淼科技,化学原料和化学制品制造业,科创板,18.59750000000003,18.819999999999975,18.82416666666667,18.95874999999998,18.33659574468084
688350,2022-08-08,19.18,19.69,19.78,19.03,19.09,7885.18,15410000.0,18.82,18.9,18.97750000000003,18.61,18.0,63.79,0.21,0.22,-0.01,富淼科技,化学原料和化学制品制造业,科创板,18.935000000000027,18.893749999999976,18.887500000000003,18.992499999999982,18.387872340425524
688350,2022-08-09,19.75,19.88,20.02,19.41,19.69,4254.39,8430440.0,19.12,19.01,19.05200000000003,18.66,18.05,65.59,0.28,0.23,0.05,富淼科技,化学原料和化学制品制造业,科创板,19.337500000000027,18.987499999999976,18.97416666666667,19.00124999999998,18.425531914893607
688350,2022-08-10,19.9,19.98,20.06,19.7,19.88,6000.4,11975900.0,19.47,19.1,19.096000000000032,18.73,18.12,66.53,0.33,0.25,0.08,富淼科技,化学原料和化学制品制造业,科创板,19.66000000000003,19.106249999999974,19.0675,19.033124999999984,18.453829787234035
688350,2022-08-11,19.56,19.95,20.28,19.56,19.98,7179.48,14316800.0,19.72,19.18,19.14200000000003,18.79,18.18,65.95,0.36,0.27,0.09,富淼科技,化学原料和化学制品制造业,科创板,19.87500000000003,19.236249999999973,19.171666666666667,19.086874999999985,18.493191489361696
688350,2022-08-12,19.98,19.7,20.22,19.7,19.95,6714.18,13405300.0,19.84,19.25,19.16950000000003,18.85,18.23,61.13,0.37,0.29,0.08,富淼科技,化学原料和化学制品制造业,科创板,19.87750000000003,19.40624999999997,19.221666666666668,19.134999999999984,18.52765957446808
688350,2022-08-15,19.67,19.48,19.9,19.48,19.7,3906.85,7673430.0,19.8,19.31,19.15650000000003,18.9,18.28,57.17,0.35,0.3,0.05,富淼科技,化学原料和化学制品制造业,科创板,19.777500000000032,19.55749999999997,19.250833333333333,19.174999999999986,18.567021276595735
688350,2022-08-16,19.66,20.2,20.39,19.58,19.48,11525.0,23068500.0,19.86,19.49,19.19300000000003,18.98,18.33,65.13,0.39,0.32,0.07,富淼科技,化学原料和化学制品制造业,科创板,19.83250000000003,19.746249999999968,19.348333333333333,19.258749999999985,18.615957446808505
688350,2022-08-17,20.15,19.62,20.2,19.51,20.2,7747.91,15285300.0,19.79,19.63,19.219500000000032,19.04,18.38,56.08,0.37,0.33,0.04,富淼科技,化学原料和化学制品制造业,科创板,19.750000000000032,19.812499999999968,19.4075,19.316249999999986,18.65702127659574
688350,2022-08-18,19.42,19.93,20.14,19.42,19.62,9060.56,18015800.0,19.79,19.75,19.26950000000003,19.12,18.44,59.34,0.37,0.34,0.03,富淼科技,化学原料和化学制品制造业,科创板,19.80750000000003,19.84249999999997,19.54,19.368124999999985,18.69085106382978
688350,2022-08-19,19.94,19.41,20.18,19.35,19.93,8791.0,17273400.0,19.73,19.78,19.298000000000034,19.18,18.49,52.34,0.33,0.34,-0.01,富淼科技,化学原料和化学制品制造业,科创板,19.790000000000028,19.78374999999997,19.634999999999998,19.385624999999987,18.72468085106382
688350,2022-08-22,19.92,19.21,19.92,19.08,19.41,4390.2,8456320.0,19.67,19.74,19.315500000000032,19.23,18.54,49.9,0.27,0.32,-0.05,富淼科技,化学原料和化学制品制造业,科创板,19.54250000000003,19.68749999999997,19.67833333333333,19.396874999999987,18.75468085106382
688350,2022-08-23,19.23,19.25,19.39,19.03,19.21,2656.08,5103590.0,19.48,19.67,19.343000000000032,19.26,18.58,50.4,0.23,0.3,-0.07,富淼科技,化学原料和化学制品制造业,科创板,19.450000000000028,19.599999999999973,19.691666666666666,19.418124999999986,18.782765957446802
688350,2022-08-24,19.8,19.4,20.55,19.3,19.25,18419.9,36847800.0,19.44,19.62,19.35800000000003,19.27,18.63,52.31,0.21,0.29,-0.08,富淼科技,化学原料和化学制品制造业,科创板,19.317500000000024,19.562499999999975,19.6675,19.484374999999986,18.811914893617015
688350,2022-08-25,19.5,18.54,19.5,18.31,19.4,14351.2,26827300.0,19.16,19.47,19.32850000000003,19.25,18.65,42.25,0.12,0.25,-0.13,富淼科技,化学原料和化学制品制造业,科创板,19.100000000000023,19.444999999999975,19.555833333333332,19.501249999999988,18.822978723404248
688350,2022-08-26,18.66,18.6,19.15,18.26,18.54,7513.28,14145400.0,19.0,19.36,19.307000000000034,19.23,18.65,43.07,0.06,0.21,-0.15,富淼科技,化学原料和化学制品制造业,科创板,18.94750000000002,19.244999999999976,19.440833333333334,19.49562499999999,18.84085106382978
688350,2022-08-29,18.48,19.0,19.18,18.22,18.6,7137.0,13465800.0,18.96,19.32,19.31150000000003,19.21,18.66,48.35,0.04,0.18,-0.14,富淼科技,化学原料和化学制品制造业,科创板,18.88500000000002,19.167499999999976,19.361666666666668,19.48999999999999,18.865106382978716
688350,2022-08-30,18.92,18.59,19.15,18.43,19.0,5375.7,10061200.0,18.83,19.16,19.324000000000034,19.18,18.67,43.86,-0.01,0.14,-0.15,富淼科技,化学原料和化学制品制造业,科创板,18.68250000000002,18.999999999999975,19.269166666666667,19.42124999999999,18.873617021276587
688350,2022-08-31,19.1,18.53,19.25,18.38,18.59,8936.74,16781100.0,18.65,19.05,19.337000000000035,19.16,18.68,43.23,-0.06,0.1,-0.16,富淼科技,化学原料和化学制品制造业,科创板,18.68000000000002,18.889999999999976,19.19,19.336874999999992,18.885319148936162
688350,2022-09-01,18.5,19.52,19.86,18.22,18.53,19457.6,37616700.0,18.85,19.01,19.378500000000034,19.18,18.71,54.81,-0.01,0.08,-0.09,富淼科技,化学原料和化学制品制造业,科创板,18.910000000000018,18.928749999999976,19.133333333333336,19.30812499999999,18.90936170212765
688350,2022-09-02,19.52,19.6,19.88,19.15,19.52,9597.39,18690600.0,19.05,19.02,19.404000000000035,19.21,18.74,55.6,0.03,0.07,-0.04,富淼科技,化学原料和化学制品制造业,科创板,19.060000000000016,18.972499999999975,19.13166666666667,19.286249999999992,18.943617021276587
688350,2022-09-05,19.4,19.95,20.09,19.3,19.6,11852.7,23501900.0,19.24,19.1,19.417000000000037,19.24,18.77,58.98,0.09,0.07,0.02,富淼科技,化学原料和化学制品制造业,科创板,19.400000000000016,19.041249999999973,19.133333333333336,19.301874999999992,18.985319148936163
688350,2022-09-06,20.13,19.95,20.24,19.66,19.95,10437.8,20799100.0,19.51,19.17,19.420500000000036,19.28,18.8,58.98,0.13,0.08,0.05,富淼科技,化学原料和化学制品制造业,科创板,19.755000000000017,19.217499999999973,19.178333333333335,19.33124999999999,19.02999999999999
688350,2022-09-07,19.95,19.98,20.08,19.78,19.95,6742.47,13426800.0,19.8,19.23,19.420500000000036,19.31,18.84,59.28,0.18,0.1,0.08,富淼科技,化学原料和化学制品制造业,科创板,19.87000000000002,19.389999999999972,19.2425,19.317499999999992,19.070425531914886
688350,2022-09-08,19.93,19.99,20.14,19.52,19.98,9199.89,18299100.0,19.89,19.37,19.422500000000035,19.34,18.87,59.39,0.21,0.12,0.09,富淼科技,化学原料和化学制品制造业,科创板,19.967500000000015,19.513749999999973,19.304166666666667,19.340624999999992,19.116170212765947
688350,2022-09-09,20.0,19.58,20.0,19.5,19.99,4195.11,8258180.0,19.89,19.47,19.416500000000035,19.36,18.9,53.1,0.19,0.14,0.05,富淼科技,化学原料和化学制品制造业,科创板,19.875000000000014,19.63749999999997,19.319166666666668,19.31874999999999,19.156595744680843
688350,2022-09-13,19.5,19.49,19.86,19.38,19.58,4765.28,9323560.0,19.8,19.52,19.417000000000037,19.38,18.92,51.8,0.17,0.14,0.03,富淼科技,化学原料和化学制品制造业,科创板,19.760000000000012,19.757499999999972,19.398333333333337,19.32374999999999,19.19680851063829
688350,2022-09-14,19.48,19.3,19.67,19.13,19.49,4045.35,7841610.0,19.67,19.59,19.372000000000035,19.41,18.95,49.08,0.14,0.14,0.0,富淼科技,化学原料和化学制品制造业,科创板,19.59000000000001,19.729999999999972,19.45666666666667,19.32937499999999,19.231914893617013
688350,2022-09-15,19.62,18.92,19.62,18.62,19.3,6670.68,12607600.0,19.46,19.63,19.33700000000004,19.43,18.97,44.08,0.08,0.13,-0.05,富淼科技,化学原料和化学制品制造业,科创板,19.322500000000012,19.64499999999997,19.450000000000003,19.308749999999993,19.25744680851063
688350,2022-09-16,19.03,18.6,19.22,18.54,18.92,5426.51,10125800.0,19.18,19.54,19.270500000000037,19.43,18.98,40.36,0.01,0.11,-0.1,富淼科技,化学原料和化学制品制造业,科创板,19.07750000000001,19.476249999999972,19.450833333333335,19.258749999999996,19.261914893617014
688350,2022-09-19,18.86,18.42,18.86,18.12,18.6,7316.37,13437400.0,18.95,19.42,19.22100000000004,19.41,18.98,38.39,-0.06,0.07,-0.13,富淼科技,化学原料和化学制品制造业,科创板,18.810000000000013,19.284999999999975,19.44166666666667,19.251249999999995,19.247446808510627
688350,2022-09-20,18.7,18.52,18.87,18.42,18.42,3239.65,6018830.0,18.75,19.27,19.186500000000038,19.37,18.99,40.14,-0.11,0.04,-0.15,富淼科技,化学原料和化学制品制造业,科创板,18.615000000000013,19.102499999999978,19.358333333333338,19.246249999999993,19.23659574468084
688350,2022-09-21,18.29,18.62,18.78,18.29,18.52,3903.83,7256880.0,18.62,19.14,19.155000000000037,19.33,18.99,41.91,-0.14,0.0,-0.14,富淼科技,化学原料和化学制品制造业,科创板,18.540000000000013,18.931249999999977,19.27666666666667,19.222499999999993,19.225319148936162
688350,2022-09-22,18.31,18.43,18.8,18.31,18.62,2883.78,5344670.0,18.52,18.99,19.10650000000004,19.28,19.0,39.51,-0.17,-0.03,-0.14,富淼科技,化学原料和化学制品制造业,科创板,18.497500000000016,18.78749999999998,19.150000000000006,19.212499999999995,19.197446808510627
688350,2022-09-23,18.7,17.65,18.7,17.6,18.43,3972.83,7179650.0,18.33,18.75,19.062000000000037,19.2,19.0,31.55,-0.26,-0.08,-0.18,富淼科技,化学原料和化学制品制造业,科创板,18.305000000000017,18.55749999999998,18.95833333333334,19.15749999999999,19.15872340425531
688350,2022-09-26,17.41,16.99,17.69,16.88,17.65,5057.14,8722860.0,18.04,18.49,18.981500000000036,19.11,18.98,26.66,-0.37,-0.14,-0.23,富淼科技,化学原料和化学制品制造业,科创板,17.922500000000017,18.26874999999998,18.709166666666675,18.999374999999993,19.114042553191478
688350,2022-09-27,17.03,17.34,17.38,16.54,16.99,2468.41,4223960.0,17.81,18.28,18.898500000000034,19.04,18.97,32.63,-0.43,-0.2,-0.23,富淼科技,化学原料和化学制品制造业,科创板,17.602500000000017,18.071249999999978,18.48833333333334,18.85812499999999,19.080212765957437
688350,2022-09-28,17.18,17.13,17.46,16.87,17.34,3011.01,5169090.0,17.51,18.06,18.825500000000037,18.94,18.96,31.0,-0.5,-0.26,-0.24,富淼科技,化学原料和化学制品制造业,科创板,17.277500000000018,17.887499999999978,18.284166666666675,18.68187499999999,19.04382978723403
688350,2022-09-29,17.17,16.71,17.24,16.63,17.13,3858.76,6528680.0,17.16,17.84,18.734500000000036,18.84,18.94,27.98,-0.57,-0.32,-0.25,富淼科技,化学原料和化学制品制造业,科创板,17.042500000000018,17.673749999999977,18.052500000000006,18.47937499999999,18.99808510638297
688350,2022-09-30,16.96,16.95,17.27,16.15,16.71,7400.26,12400500.0,17.02,17.68,18.606000000000037,18.74,18.93,32.05,-0.61,-0.38,-0.23,富淼科技,化学原料和化学制品制造业,科创板,17.03250000000002,17.477499999999974,17.856666666666673,18.28999999999999,18.960851063829775
688350,2022-10-10,16.85,16.14,16.86,15.82,16.95,6013.1,9812620.0,16.85,17.45,18.433000000000035,18.63,18.91,26.59,-0.68,-0.44,-0.24,富淼科技,化学原料和化学制品制造业,科创板,16.73250000000002,17.167499999999976,17.625000000000004,18.049374999999987,18.897872340425522
688350,2022-10-11,15.8,16.38,16.5,15.8,16.14,4117.8,6706260.0,16.66,17.23,18.254500000000036,18.54,18.88,30.37,-0.73,-0.5,-0.23,富淼科技,化学原料和化学制品制造业,科创板,16.54500000000002,16.911249999999974,17.440000000000005,17.849374999999988,18.839361702127647
688350,2022-10-12,16.36,16.92,16.92,16.09,16.38,3625.12,6019420.0,16.62,17.06,18.103000000000037,18.46,18.86,38.1,-0.7,-0.54,-0.16,富淼科技,化学原料和化学制品制造业,科创板,16.597500000000018,16.819999999999975,17.315,17.688749999999988,18.79446808510637
688350,2022-10-13,17.18,16.79,17.18,16.7,16.92,3415.94,5764010.0,16.64,16.9,17.943500000000036,18.37,18.82,37.03,-0.69,-0.57,-0.12,富淼科技,化学原料和化学制品制造业,科创板,16.557500000000015,16.794999999999973,17.170833333333334,17.53187499999999,18.749361702127647
688350,2022-10-14,16.9,17.18,17.39,16.81,16.79,5949.8,10181000.0,16.68,16.85,17.803000000000036,18.33,18.79,42.25,-0.64,-0.58,-0.06,富淼科技,化学原料和化学制品制造业,科创板,16.817500000000013,16.774999999999974,17.050833333333333,17.423124999999988,18.724680851063816
688350,2022-10-17,16.95,17.53,17.59,16.95,17.18,7424.57,12918200.0,16.96,16.91,17.700500000000037,18.29,18.76,46.53,-0.56,-0.58,0.02,富淼科技,化学原料和化学制品制造业,科创板,17.105000000000015,16.824999999999974,16.975833333333334,17.35624999999999,18.708936170212752
688350,2022-10-18,17.61,17.56,17.94,17.37,17.53,5191.89,9158790.0,17.2,16.93,17.604000000000035,18.24,18.73,46.89,-0.5,-0.56,0.06,富淼科技,化学原料和化学制品制造业,科创板,17.265000000000015,16.931249999999974,16.968333333333334,17.302499999999988,18.68489361702126
688350,2022-10-19,17.85,17.42,17.85,17.32,17.56,2915.79,5087560.0,17.3,16.96,17.510000000000037,18.2,18.69,45.35,-0.45,-0.54,0.09,富淼科技,化学原料和化学制品制造业,科创板,17.422500000000014,16.989999999999974,17.004166666666666,17.23374999999999,18.649361702127642
688350,2022-10-20,17.37,17.38,17.48,17.0,17.42,3577.06,6165820.0,17.41,17.02,17.433000000000035,18.16,18.66,44.89,-0.41,-0.51,0.1,富淼科技,化学原料和化学制品制造业,科创板,17.47250000000001,17.144999999999975,17.0075,17.15624999999999,18.60021276595743
688350,2022-10-21,17.35,17.54,17.66,17.27,17.38,3958.93,6936070.0,17.49,17.08,17.380000000000035,18.1,18.64,47.18,-0.37,-0.49,0.12,富淼科技,化学原料和化学制品制造业,科创板,17.47500000000001,17.289999999999974,17.041666666666668,17.10062499999999,18.550425531914875
688350,2022-10-24,17.53,17.26,17.8,17.17,17.54,3219.13,5634790.0,17.43,17.2,17.322000000000035,18.02,18.61,43.75,-0.34,-0.46,0.12,富淼科技,化学原料和化学制品制造业,科创板,17.40000000000001,17.332499999999975,17.0875,17.07624999999999,18.492553191489343
688350,2022-10-25,17.43,17.3,17.56,17.07,17.26,3362.31,5845580.0,17.38,17.29,17.261000000000035,17.93,18.59,44.37,-0.32,-0.43,0.11,富淼科技,化学原料和化学制品制造业,科创板,17.370000000000008,17.396249999999977,17.116666666666667,17.09562499999999,18.436170212765937
688350,2022-10-26,17.33,17.55,17.69,17.29,17.3,3612.38,6339490.0,17.41,17.35,17.207500000000035,17.85,18.57,48.22,-0.28,-0.4,0.12,富淼科技,化学原料和化学制品制造业,科创板,17.41250000000001,17.442499999999978,17.234166666666667,17.108749999999993,18.390425531914868
688350,2022-10-27,17.74,17.47,18.17,17.46,17.55,5348.29,9507740.0,17.42,17.42,17.159500000000033,17.77,18.54,47.1,-0.25,-0.37,0.12,富淼科技,化学原料和化学制品制造业,科创板,17.39500000000001,17.434999999999977,17.325,17.129999999999995,18.34765957446806
688350,2022-10-28,17.45,17.12,17.71,17.0,17.47,5672.43,9788800.0,17.34,17.41,17.133000000000035,17.67,18.51,42.44,-0.26,-0.35,0.09,富淼科技,化学原料和化学制品制造业,科创板,17.36000000000001,17.379999999999978,17.34166666666667,17.155624999999997,18.282127659574442
688350,2022-10-31,17.39,17.39,17.65,17.04,17.12,5139.41,8920750.0,17.37,17.4,17.153000000000034,17.6,18.48,46.81,-0.23,-0.32,0.09,富淼科技,化学原料和化学制品制造业,科创板,17.38250000000001,17.376249999999978,17.39166666666667,17.183124999999997,18.234680851063803
688350,2022-11-01,17.17,17.5,17.7,16.9,17.39,8780.69,15174200.0,17.41,17.39,17.161000000000037,17.53,18.46,48.53,-0.2,-0.3,0.1,富淼科技,化学原料和化学制品制造业,科创板,17.37000000000001,17.391249999999978,17.418333333333333,17.268124999999998,18.182978723404233
688350,2022-11-02,17.76,17.65,17.85,17.23,17.5,5480.77,9666260.0,17.43,17.42,17.187000000000033,17.48,18.45,50.85,-0.16,-0.27,0.11,富淼科技,化学原料和化学制品制造业,科创板,17.415000000000013,17.40499999999998,17.428333333333335,17.347499999999997,18.145531914893592
688350,2022-11-03,17.54,18.09,18.28,17.51,17.65,8120.09,14648800.0,17.55,17.49,17.256000000000036,17.45,18.44,56.99,-0.1,-0.24,0.14,富淼科技,化学原料和化学制品制造业,科创板,17.657500000000013,17.50874999999998,17.4725,17.420624999999994,18.12170212765955
688350,2022-11-04,18.29,19.19,19.85,17.94,18.09,24835.4,47055400.0,17.96,17.65,17.368000000000034,17.47,18.45,67.82,0.05,-0.18,0.23,富淼科技,化学原料和化学制品制造业,科创板,18.107500000000012,17.74499999999998,17.62,17.570624999999993,18.120425531914872
688350,2022-11-07,19.48,19.38,19.48,18.76,19.19,13506.4,25872100.0,18.36,17.86,17.530000000000037,17.5,18.46,69.26,0.16,-0.11,0.27,富淼科技,化学原料和化学制品制造业,科创板,18.57750000000001,17.973749999999978,17.786666666666665,17.708124999999992,18.11999999999998
688350,2022-11-08,19.38,19.08,19.38,18.91,19.38,10111.1,19333600.0,18.68,18.04,17.665000000000035,17.52,18.45,64.36,0.24,-0.04,0.28,富淼科技,化学原料和化学制品制造业,科创板,18.93500000000001,18.17499999999998,17.915,17.804999999999993,18.13148936170211
688350,2022-11-09,19.21,19.16,19.32,19.0,19.08,6723.18,12877300.0,18.98,18.2,17.777000000000037,17.54,18.43,65.07,0.3,0.03,0.27,富淼科技,化学原料和化学制品制造业,科创板,19.202500000000008,18.42999999999998,18.073333333333334,17.904999999999994,18.143404255319126
688350,2022-11-10,19.45,18.91,19.55,18.89,19.16,8957.08,17176300.0,19.14,18.35,17.883000000000035,17.56,18.42,60.99,0.32,0.09,0.23,富淼科技,化学原料和化学制品制造业,科创板,19.132500000000007,18.619999999999976,18.2075,17.998124999999995,18.141489361702106
688350,2022-11-11,19.39,19.02,19.39,18.92,18.91,8809.46,16789600.0,19.11,18.54,17.975000000000033,17.6,18.4,62.12,0.35,0.14,0.21,富淼科技,化学原料和化学制品制造业,科创板,19.042500000000008,18.809999999999977,18.33,18.100624999999994,18.150638297872316
688350,2022-11-14,19.01,18.85,19.15,18.75,19.02,5492.49,10424000.0,19.0,18.68,18.041000000000036,17.66,18.39,59.27,0.35,0.18,0.17,富淼科技,化学原料和化学制品制造业,科创板,18.98500000000001,18.959999999999976,18.444999999999997,18.182499999999994,18.157446808510617
688350,2022-11-15,19.09,19.19,19.41,18.85,18.85,13160.2,25231300.0,19.03,18.85,18.122500000000038,17.72,18.38,62.93,0.37,0.22,0.15,富淼科技,化学原料和化学制品制造业,科创板,18.99250000000001,19.097499999999975,18.617499999999996,18.303124999999994,18.150425531914873
688350,2022-11-16,19.29,19.23,19.39,19.1,19.19,7915.23,15240100.0,19.04,19.01,18.213000000000036,17.79,18.37,63.35,0.39,0.25,0.14,富淼科技,化学原料和化学制品制造业,科创板,19.072500000000012,19.102499999999974,18.77083333333333,18.423749999999995,18.14255319148934
688350,2022-11-17,19.11,19.05,19.3,18.8,19.23,8122.52,15467500.0,19.07,19.11,18.296500000000037,17.87,18.36,60.07,0.39,0.28,0.11,富淼科技,化学原料和化学制品制造业,科创板,19.080000000000013,19.061249999999976,18.899999999999995,18.517499999999995,18.123404255319127
688350,2022-11-18,19.14,18.75,19.14,18.65,19.05,6990.79,13217700.0,19.01,19.06,18.357000000000035,17.93,18.34,54.96,0.35,0.29,0.06,富淼科技,化学原料和化学制品制造业,科创板,19.055000000000014,19.019999999999975,18.991666666666664,18.597499999999997,18.097872340425507
688350,2022-11-21,18.75,18.88,19.15,18.73,18.75,8868.32,16782900.0,19.02,19.01,18.438000000000038,18.02,18.33,56.68,0.33,0.3,0.03,富淼科技,化学原料和化学制品制造业,科创板,18.977500000000013,18.984999999999975,19.057499999999994,18.707499999999996,18.074468085106357
688350,2022-11-22,19.15,18.82,19.2,18.75,18.88,9175.74,17362400.0,18.95,18.99,18.514000000000035,18.11,18.32,55.63,0.31,0.3,0.01,富淼科技,化学原料和化学制品制造业,科创板,18.87500000000001,18.973749999999974,19.02666666666666,18.796874999999996,18.049574468085083
688350,2022-11-23,19.1,18.78,19.1,18.51,18.82,7512.01,14101700.0,18.86,18.95,18.575500000000037,18.17,18.31,54.89,0.28,0.3,-0.02,富淼科技,化学原料和化学制品制造业,科创板,18.80750000000001,18.943749999999973,18.976666666666663,18.876875,18.032553191489338
688350,2022-11-24,18.79,18.9,18.99,18.72,18.78,5781.84,10926800.0,18.83,18.95,18.647000000000038,18.24,18.3,56.74,0.27,0.29,-0.02,富淼科技,化学原料和化学制品制造业,科创板,18.845000000000013,18.949999999999974,18.961666666666662,18.955,18.019999999999975
688350,2022-11-25,18.96,18.77,18.96,18.73,18.9,5368.14,10102100.0,18.83,18.92,18.729500000000037,18.29,18.31,54.16,0.25,0.28,-0.03,富淼科技,化学原料和化学制品制造业,科创板,18.817500000000013,18.897499999999976,18.929166666666664,18.9975,18.008723404255296
688350,2022-11-28,18.51,18.77,18.94,18.51,18.77,4490.19,8422900.0,18.81,18.91,18.798500000000036,18.33,18.31,54.16,0.22,0.27,-0.05,富淼科技,化学原料和化学制品制造业,科创板,18.805000000000014,18.83999999999998,18.9175,18.971249999999998,18.00553191489359
688350,2022-11-29,18.9,19.33,19.37,18.58,18.77,8065.78,15470200.0,18.91,18.93,18.890000000000036,18.39,18.32,62.64,0.25,0.27,-0.02,富淼科技,化学原料和化学制品制造业,科创板,18.942500000000013,18.87499999999998,18.94333333333333,18.968124999999997,18.02106382978721
688350,2022-11-30,19.28,19.08,19.45,18.93,19.33,7725.28,14716300.0,18.97,18.91,18.961500000000036,18.45,18.32,57.52,0.24,0.26,-0.02,富淼科技,化学原料和化学制品制造业,科创板,18.98750000000001,18.916249999999977,18.9625,18.968124999999997,18.0351063829787
688350,2022-12-01,19.23,19.07,19.23,19.0,19.08,5335.34,10181400.0,19.0,18.92,19.010500000000036,18.5,18.33,57.32,0.24,0.26,-0.02,富淼科技,化学原料和化学制品制造业,科创板,19.06250000000001,18.939999999999976,18.952499999999997,18.962499999999995,18.04680851063828
688350,2022-12-02,19.08,19.24,19.33,19.07,19.07,5477.62,10534600.0,19.1,18.96,19.013000000000037,18.56,18.33,59.9,0.24,0.25,-0.01,富淼科技,化学原料和化学制品制造业,科创板,19.18000000000001,18.99249999999998,18.953333333333333,18.983124999999994,18.05999999999998
688350,2022-12-05,19.27,19.28,19.5,19.15,19.24,5706.25,11002700.0,19.2,19.0,19.008000000000038,18.63,18.32,60.5,0.25,0.25,0.0,富淼科技,化学原料和化学制品制造业,科创板,19.16750000000001,19.05499999999998,18.9725,18.999374999999993,18.078085106382957
688350,2022-12-06,19.3,19.14,19.3,19.11,19.28,4508.58,8636620.0,19.16,19.04,19.01100000000004,18.69,18.31,57.25,0.25,0.25,0.0,富淼科技,化学原料和化学制品制造业,科创板,19.18250000000001,19.084999999999976,19.005,19.01749999999999,18.109787234042532
688350,2022-12-07,19.25,19.12,19.29,19.02,19.14,5200.13,9956470.0,19.17,19.07,19.009000000000036,18.74,18.3,56.78,0.23,0.25,-0.02,富淼科技,化学原料和化学制品制造业,科创板,19.195000000000014,19.128749999999975,19.025000000000002,19.01312499999999,18.155106382978705
688350,2022-12-08,19.08,19.14,19.29,19.0,19.12,3142.44,6010780.0,19.18,19.09,19.020500000000034,18.8,18.28,57.16,0.22,0.24,-0.02,富淼科技,化学原料和化学制品制造业,科创板,19.170000000000016,19.174999999999972,19.051666666666666,19.00749999999999,18.193404255319127
688350,2022-12-09,19.17,19.3,19.33,19.06,19.14,6189.51,11889800.0,19.2,19.15,19.034500000000037,18.87,18.27,60.16,0.23,0.24,-0.01,富淼科技,化学原料和化学制品制造业,科创板,19.175000000000015,19.171249999999972,19.095000000000002,19.02312499999999,18.239574468085085
688350,2022-12-12,19.3,20.4,20.56,19.21,19.3,59320.4,120160000.0,19.42,19.31,19.112000000000034,18.97,18.28,73.78,0.31,0.25,0.06,富淼科技,化学原料和化学制品制造业,科创板,19.490000000000013,19.33624999999997,19.220000000000002,19.126249999999988,18.318085106382956
688350,2022-12-13,20.4,20.53,20.6,19.92,20.4,50961.0,103584000.0,19.7,19.43,19.179000000000034,19.07,18.3,74.87,0.38,0.28,0.1,富淼科技,化学原料和化学制品制造业,科创板,19.842500000000012,19.518749999999972,19.366666666666667,19.22937499999999,18.39425531914891
688350,2022-12-14,20.56,20.52,21.28,20.51,20.53,44968.1,93724000.0,19.98,19.57,19.243500000000033,19.17,18.32,74.61,0.44,0.31,0.13,富淼科技,化学原料和化学制品制造业,科创板,20.18750000000001,19.678749999999972,19.5125,19.33562499999999,18.487446808510615
688350,2022-12-15,20.28,19.9,20.43,19.69,20.52,32323.1,64836600.0,20.13,19.66,19.28600000000003,19.23,18.34,60.67,0.43,0.34,0.09,富淼科技,化学原料和化学制品制造业,科创板,20.33750000000001,19.756249999999973,19.560000000000002,19.405624999999986,18.56234042553189
688350,2022-12-16,19.96,19.92,20.59,19.82,19.9,15434.5,30874400.0,20.25,19.73,19.344500000000032,19.25,18.36,60.93,0.42,0.35,0.07,富淼科技,化学原料和化学制品制造业,科创板,20.21750000000001,19.853749999999977,19.630000000000006,19.46937499999999,18.62617021276593
688350,2022-12-19,20.19,19.66,20.19,19.61,19.92,17369.1,34354900.0,20.11,19.76,19.383500000000033,19.26,18.38,55.88,0.38,0.36,0.02,富淼科技,化学原料和化学制品制造业,科创板,20.000000000000007,19.921249999999976,19.67916666666667,19.52499999999999,18.687234042553165
688350,2022-12-20,19.49,19.66,19.99,19.49,19.66,14268.4,28155200.0,19.93,19.81,19.425500000000035,19.28,18.4,55.88,0.35,0.36,-0.01,富淼科技,化学原料和化学制品制造业,科创板,19.785000000000007,19.986249999999977,19.71416666666667,19.580624999999994,18.739999999999974
688350,2022-12-21,19.51,19.33,19.73,19.23,19.66,12284.3,23863400.0,19.69,19.84,19.45300000000003,19.28,18.41,49.81,0.29,0.34,-0.05,富淼科技,化学原料和化学制品制造业,科创板,19.642500000000005,19.989999999999974,19.718333333333337,19.580624999999994,18.778297872340403
688350,2022-12-22,19.44,16.89,19.64,16.84,19.33,43285.9,77184600.0,19.09,19.61,19.35250000000003,19.22,18.39,26.71,0.04,0.28,-0.24,富淼科技,化学原料和化学制品制造业,科创板,18.885000000000005,19.55124999999997,19.530833333333337,19.443749999999994,18.764042553191466
688350,2022-12-23,16.93,16.85,17.38,16.71,16.89,18005.2,30606700.0,18.48,19.37,19.256500000000035,19.14,18.37,26.49,-0.14,0.2,-0.34,富淼科技,化学原料和化学制品制造业,科创板,18.182500000000005,19.09124999999997,19.341666666666672,19.304999999999996,18.751914893617002
688350,2022-12-26,17.04,17.24,17.24,16.9,16.85,8724.75,14880300.0,17.99,19.05,19.180000000000035,19.09,18.38,32.27,-0.26,0.11,-0.37,富淼科技,化学原料和化学制品制造业,科创板,17.577500000000004,18.68124999999997,19.183333333333337,19.179999999999996,18.748936170212744
688350,2022-12-27,17.1,17.0,17.47,16.87,17.24,8171.98,13934100.0,17.46,18.7,19.063500000000037,19.02,18.37,30.67,-0.38,0.01,-0.39,富淼科技,化学原料和化学制品制造业,科创板,16.995000000000005,18.31874999999997,18.99166666666667,19.037499999999994,18.73744680851062
688350,2022-12-28,16.86,16.57,17.02,16.48,17.0,8121.16,13561200.0,16.91,18.3,18.938000000000038,18.93,18.36,28.0,-0.49,-0.09,-0.4,富淼科技,化学原料和化学制品制造业,科创板,16.915000000000003,17.89999999999997,18.672500000000003,18.876874999999995,18.72276595744679
688350,2022-12-29,16.74,16.42,16.78,16.4,16.57,8388.67,13899700.0,16.82,17.95,18.805500000000038,18.84,18.36,27.11,-0.59,-0.19,-0.4,富淼科技,化学原料和化学制品制造业,科创板,16.807500000000005,17.494999999999973,18.330000000000002,18.708124999999995,18.70404255319147
688350,2022-12-30,16.67,16.44,16.67,16.31,16.42,7036.59,11562100.0,16.73,17.61,18.665500000000037,18.76,18.35,27.44,-0.65,-0.28,-0.37,富淼科技,化学原料和化学制品制造业,科创板,16.607500000000005,17.092499999999973,17.99,18.539374999999996,18.680425531914878
688350,2023-01-03,16.52,17.11,17.16,16.25,16.44,9770.01,16475000.0,16.71,17.35,18.557000000000038,18.71,18.37,37.64,-0.64,-0.35,-0.29,富淼科技,化学原料和化学制品制造业,科创板,16.635000000000005,16.814999999999976,17.7575,18.402499999999996,18.672765957446792
688350,2023-01-04,17.11,17.13,17.36,16.94,17.11,10005.4,17147000.0,16.73,17.1,18.45650000000004,18.65,18.38,37.92,-0.63,-0.41,-0.22,富淼科技,化学原料和化学制品制造业,科创板,16.775000000000006,16.844999999999978,17.525000000000002,18.198124999999997,18.67297872340424
688350,2023-01-05,17.18,17.3,17.38,17.02,17.13,5327.68,9189080.0,16.88,16.9,18.36550000000004,18.6,18.38,40.37,-0.6,-0.45,-0.15,富淼科技,化学原料和化学制品制造业,科创板,16.995000000000005,16.90124999999998,17.328333333333337,17.996249999999996,18.671063829787215
688350,2023-01-06,17.3,18.25,18.7,17.21,17.3,16831.3,30576000.0,17.25,17.03,18.32100000000004,18.58,18.41,51.84,-0.49,-0.46,-0.03,富淼科技,化学原料和化学制品制造业,科创板,17.447500000000005,17.02749999999998,17.210833333333337,17.854374999999997,18.687021276595726
688350,2023-01-09,18.0,18.66,18.8,17.92,18.25,10594.7,19520700.0,17.69,17.21,18.28900000000004,18.58,18.43,55.79,-0.37,-0.44,0.07,富淼科技,化学原料和化学制品制造业,科创板,17.835000000000004,17.234999999999978,17.155,17.776875,18.708510638297856
688350,2023-01-10,18.48,18.56,18.78,18.4,18.66,4994.43,9284320.0,17.98,17.34,18.197000000000042,18.57,18.45,54.61,-0.27,-0.4,0.13,富淼科技,化学原料和化学制品制造业,科创板,18.192500000000006,17.48374999999998,17.29416666666667,17.691875,18.718510638297854
688350,2023-01-11,18.49,18.15,18.6,18.11,18.56,6171.48,11325300.0,18.18,17.46,18.078000000000042,18.53,18.46,49.96,-0.23,-0.37,0.14,富淼科技,化学原料和化学制品制造业,科创板,18.405000000000005,17.69999999999998,17.402500000000003,17.597499999999997,18.69638297872338
688350,2023-01-12,18.01,18.31,18.58,18.01,18.15,7594.39,13941600.0,18.39,17.63,17.967500000000044,18.5,18.47,51.69,-0.18,-0.33,0.15,富淼科技,化学原料和化学制品制造业,科创板,18.420000000000005,17.933749999999982,17.49166666666667,17.513124999999995,18.673617021276574
688350,2023-01-13,18.71,18.07,18.71,17.97,18.31,7406.12,13432100.0,18.35,17.8,17.876000000000044,18.47,18.49,48.95,-0.16,-0.3,0.14,富淼科技,化学原料和化学制品制造业,科创板,18.272500000000008,18.05374999999998,17.580833333333334,17.434374999999996,18.652127659574447
688350,2023-01-16,18.19,18.31,18.39,18.01,18.07,8495.02,15480500.0,18.28,17.98,17.795500000000043,18.44,18.5,51.7,-0.12,-0.26,0.14,富淼科技,化学原料和化学制品制造业,科创板,18.210000000000008,18.20124999999998,17.725833333333338,17.523124999999997,18.634042553191467
688350,2023-01-17,18.18,18.58,18.65,18.18,18.31,5086.58,9411710.0,18.28,18.13,17.74150000000004,18.42,18.52,54.66,-0.07,-0.22,0.15,富淼科技,化学原料和化学制品制造业,科创板,18.31750000000001,18.361249999999977,17.905833333333334,17.631249999999994,18.627021276595723
688350,2023-01-18,18.48,18.65,18.78,18.42,18.58,4141.45,7705700.0,18.38,18.28,17.691000000000038,18.4,18.54,55.43,-0.02,-0.18,0.16,富淼科技,化学原料和化学制品制造业,科创板,18.40250000000001,18.411249999999978,18.09,17.719374999999992,18.61914893617019
688350,2023-01-19,18.46,18.59,18.7,18.42,18.65,2658.83,4945700.0,18.44,18.41,17.65400000000004,18.38,18.56,54.58,0.01,-0.14,0.15,富淼科技,化学原料和化学制品制造业,科创板,18.532500000000013,18.40249999999998,18.213333333333335,17.81874999999999,18.613617021276575
688350,2023-01-20,18.67,18.54,18.77,18.5,18.59,3772.81,7024020.0,18.53,18.44,17.736500000000042,18.36,18.58,53.84,0.03,-0.11,0.14,富淼科技,化学原料和化学制品制造业,科创板,18.59000000000001,18.399999999999977,18.330833333333334,17.941874999999992,18.59978723404253
688350,2023-01-30,18.75,18.6,18.86,18.55,18.54,10005.1,18704200.0,18.59,18.44,17.82400000000004,18.34,18.6,54.63,0.05,-0.08,0.13,富淼科技,化学原料和化学制品制造业,科创板,18.59500000000001,18.456249999999976,18.439166666666665,18.078124999999993,18.586382978723382
688350,2023-01-31,18.66,18.66,18.78,18.37,18.6,6412.95,11865600.0,18.61,18.45,17.895000000000042,18.28,18.62,55.46,0.08,-0.05,0.13,富淼科技,化学原料和化学制品制造业,科创板,18.59750000000001,18.499999999999975,18.473333333333333,18.216874999999995,18.578085106382957
688350,2023-02-01,18.77,19.04,19.05,18.6,18.66,11396.4,21561700.0,18.69,18.54,17.997000000000043,18.23,18.65,60.37,0.12,-0.01,0.13,富淼科技,化学原料和化学制品制造业,科创板,18.710000000000008,18.621249999999975,18.505,18.337499999999995,18.584255319148912
688350,2023-02-02,19.35,19.17,19.35,18.78,19.04,8346.91,15844100.0,18.8,18.62,18.127000000000045,18.19,18.68,61.92,0.16,0.02,0.14,富淼科技,化学原料和化学制品制造业,科创板,18.867500000000007,18.728749999999977,18.55583333333333,18.464999999999996,18.59042553191487
688350,2023-02-03,18.98,19.06,19.06,18.44,19.17,13029.8,24500300.0,18.91,18.72,18.259000000000043,18.16,18.69,59.79,0.19,0.06,0.13,富淼科技,化学原料和化学制品制造业,科创板,18.98250000000001,18.78874999999998,18.631666666666664,18.574999999999996,18.59553191489359
688350,2023-02-06,19.05,18.78,19.12,18.75,19.06,6573.06,12414000.0,18.94,18.77,18.37600000000004,18.12,18.68,54.64,0.19,0.08,0.11,富淼科技,化学原料和化学制品制造业,科创板,19.01250000000001,18.80499999999998,18.67083333333333,18.608124999999994,18.59553191489359
688350,2023-02-07,18.69,19.05,19.09,18.69,18.78,6255.1,11889000.0,19.02,18.81,18.47300000000004,18.1,18.68,58.37,0.2,0.11,0.09,富淼科技,化学原料和化学制品制造业,科创板,19.015000000000008,18.86249999999998,18.752499999999998,18.632499999999993,18.598723404255292
688350,2023-02-08,19.05,18.95,19.15,18.91,19.05,4588.43,8735570.0,19.0,18.84,18.564000000000043,18.08,18.68,56.52,0.21,0.13,0.08,富淼科技,化学原料和化学制品制造业,科创板,18.960000000000008,18.91374999999998,18.80583333333333,18.656874999999992,18.602553191489335
688350,2023-02-09,18.99,19.12,19.15,18.81,18.95,7435.65,14163900.0,18.99,18.9,18.65500000000004,18.07,18.68,58.9,0.22,0.15,0.07,富淼科技,化学原料和化学制品制造业,科创板,18.97500000000001,18.97874999999998,18.85083333333333,18.717499999999994,18.609999999999975
688350,2023-02-10,18.95,19.14,19.32,18.95,19.12,8602.72,16499900.0,19.01,18.96,18.69950000000004,18.14,18.68,59.18,0.23,0.16,0.07,富淼科技,化学原料和化学制品制造业,科创板,19.06500000000001,19.038749999999983,18.891666666666662,18.769374999999993,18.605957446808485
688350,2023-02-13,19.22,19.67,19.86,19.12,19.14,17006.8,33201700.0,19.19,19.06,18.75000000000004,18.24,18.69,65.9,0.27,0.18,0.09,富淼科技,化学原料和化学制品制造业,科创板,19.22000000000001,19.117499999999982,18.981666666666662,18.869374999999994,18.618510638297845
688350,2023-02-14,19.76,19.95,20.58,19.72,19.67,14422.8,29055100.0,19.37,19.19,18.81950000000004,18.33,18.71,68.82,0.32,0.21,0.11,富淼科技,化学原料和化学制品制造业,科创板,19.47000000000001,19.214999999999982,19.09916666666666,18.971874999999994,18.637234042553164
688350,2023-02-15,20.19,19.94,20.19,19.8,19.95,8594.62,17123600.0,19.56,19.28,18.90900000000004,18.43,18.72,68.59,0.37,0.24,0.13,富淼科技,化学原料和化学制品制造业,科创板,19.675000000000008,19.32499999999998,19.21083333333333,19.056874999999994,18.65212765957444
688350,2023-02-16,20.0,19.23,20.0,19.08,19.94,12467.5,24370500.0,19.59,19.29,18.95500000000004,18.51,18.72,54.84,0.33,0.26,0.07,富淼科技,化学原料和化学制品制造业,科创板,19.69750000000001,19.38124999999998,19.25833333333333,19.093124999999997,18.65106382978721
688350,2023-02-17,19.0,19.09,19.45,19.0,19.23,9709.96,18630500.0,19.58,19.29,19.00600000000004,18.6,18.72,52.59,0.29,0.27,0.02,富淼科技,化学原料和化学制品制造业,科创板,19.55250000000001,19.38624999999998,19.262499999999996,19.124374999999997,18.649999999999974
688350,2023-02-20,19.44,19.21,19.44,18.86,19.09,8240.95,15677300.0,19.48,19.34,19.051000000000037,18.7,18.73,54.32,0.27,0.27,0.0,富淼科技,化学原料和化学制品制造业,科创板,19.36750000000001,19.41874999999998,19.26583333333333,19.166249999999994,18.651914893616997
688350,2023-02-21,19.29,19.43,19.63,19.05,19.21,8366.56,16209400.0,19.38,19.37,19.09350000000004,18.77,18.74,57.38,0.27,0.27,0.0,富淼科技,化学原料和化学制品制造业,科创板,19.24000000000001,19.457499999999982,19.296666666666663,19.218124999999993,18.658085106382952
688350,2023-02-22,19.43,19.68,19.75,19.14,19.43,8452.37,16532100.0,19.33,19.45,19.145000000000042,18.86,18.75,60.6,0.29,0.27,0.02,富淼科技,化学原料和化学制品制造业,科创板,19.35250000000001,19.524999999999984,19.371666666666663,19.281874999999992,18.66617021276593
688350,2023-02-23,19.69,19.85,19.89,19.49,19.68,8354.46,16463300.0,19.45,19.52,19.208000000000045,18.94,18.77,62.67,0.31,0.28,0.03,富淼科技,化学原料和化学制品制造业,科创板,19.54250000000001,19.547499999999985,19.43833333333333,19.332499999999992,18.65446808510636
688350,2023-02-24,19.87,19.55,19.88,19.48,19.85,7088.64,13886300.0,19.54,19.56,19.258500000000044,18.99,18.78,56.98,0.29,0.28,0.01,富淼科技,化学原料和化学制品制造业,科创板,19.627500000000012,19.497499999999988,19.48833333333333,19.356249999999992,18.63361702127657
688350,2023-02-27,19.53,19.71,19.81,19.4,19.55,7657.83,15062500.0,19.64,19.56,19.314000000000043,19.02,18.8,59.12,0.29,0.28,0.01,富淼科技,化学原料和化学制品制造业,科创板,19.697500000000012,19.46874999999999,19.537499999999998,19.39687499999999,18.61638297872338
688350,2023-02-28,20.3,20.91,21.33,20.3,19.71,56751.1,118359000.0,19.94,19.66,19.42650000000004,19.1,18.83,70.8,0.38,0.3,0.08,富淼科技,化学原料和化学制品制造业,科创板,20.00500000000001,19.67874999999999,19.685,19.529999999999994,18.63787234042551
688350,2023-03-01,20.97,20.8,21.19,20.64,20.91,27469.9,57263400.0,20.16,19.75,19.51450000000004,19.19,18.86,68.86,0.44,0.33,0.11,富淼科技,化学原料和化学制品制造业,科创板,20.242500000000007,19.89249999999999,19.779166666666665,19.639374999999994,18.65659574468083
688350,2023-03-02,20.98,22.33,22.33,20.72,20.8,50134.7,109107000.0,20.66,20.06,19.67250000000004,19.32,18.91,77.93,0.61,0.39,0.22,富淼科技,化学原料和化学制品制造业,科创板,20.937500000000007,20.282499999999988,19.977499999999996,19.850624999999994,18.713404255319126
688350,2023-03-03,22.16,21.46,22.2,21.22,22.33,39421.9,85357000.0,21.04,20.29,19.79250000000004,19.43,18.95,66.13,0.66,0.44,0.22,富淼科技,化学原料和化学制品制造业,科创板,21.375000000000007,20.53624999999999,20.10416666666666,19.996874999999992,18.751702127659552
688350,2023-03-06,21.58,21.73,22.19,21.5,21.46,34236.2,74578000.0,21.45,20.54,19.940000000000037,19.55,18.99,67.76,0.72,0.5,0.22,富淼科技,化学原料和化学制品制造业,科创板,21.58000000000001,20.792499999999986,20.312499999999996,20.158749999999994,18.802765957446788
688350,2023-03-07,21.73,21.02,21.73,20.95,21.73,26664.9,56710000.0,21.47,20.7,20.038500000000035,19.63,19.02,59.63,0.69,0.54,0.15,富淼科技,化学原料和化学制品制造业,科创板,21.63500000000001,20.938749999999988,20.473333333333333,20.243124999999992,18.890638297872318
688350,2023-03-08,21.02,21.63,21.67,20.85,21.02,24953.8,53262800.0,21.63,20.9,20.172500000000035,19.73,19.06,63.67,0.71,0.57,0.14,富淼科技,化学原料和化学制品制造业,科创板,21.460000000000008,21.198749999999986,20.675,20.348124999999992,18.992340425531893
688350,2023-03-09,21.63,21.91,22.6,21.43,21.63,29564.0,65050800.0,21.55,21.1,20.312000000000037,19.84,19.11,65.38,0.75,0.61,0.14,富淼科技,化学原料和化学制品制造业,科创板,21.572500000000005,21.473749999999985,20.881666666666664,20.471249999999994,19.091702127659552
688350,2023-03-10,21.99,22.8,23.33,21.89,21.91,57336.4,131213000.0,21.82,21.43,20.49500000000004,19.98,19.17,70.18,0.84,0.65,0.19,富淼科技,化学原料和化学制品制造业,科创板,21.840000000000003,21.709999999999987,21.141666666666666,20.694374999999994,19.2151063829787
688350,2023-03-13,22.79,22.6,23.09,22.4,22.8,33528.0,76035000.0,21.99,21.72,20.64150000000004,20.12,19.23,67.9,0.88,0.7,0.18,富淼科技,化学原料和化学制品制造业,科创板,22.235000000000003,21.934999999999985,21.370833333333334,20.913749999999997,19.343404255319125
688350,2023-03-14,22.68,22.76,23.25,22.45,22.6,26919.0,61369100.0,22.34,21.9,20.78200000000004,20.25,19.27,68.78,0.92,0.74,0.18,富淼科技,化学原料和化学制品制造业,科创板,22.517500000000005,21.988749999999982,21.638333333333332,21.135624999999997,19.478297872340402
688350,2023-03-15,22.67,22.3,22.74,22.24,22.76,16226.5,36415600.0,22.47,22.05,20.90000000000004,20.36,19.3,63.43,0.9,0.77,0.13,富淼科技,化学原料和化学制品制造业,科创板,22.615000000000006,22.093749999999982,21.854166666666668,21.314999999999998,19.60297872340423
688350,2023-03-16,22.3,22.48,22.85,22.28,22.3,18468.1,41579400.0,22.59,22.07,21.06250000000004,20.47,19.33,64.59,0.89,0.8,0.09,富淼科技,化学原料和化学制品制造业,科创板,22.535000000000007,22.187499999999982,21.985,21.49,19.717234042553166
688350,2023-03-17,22.6,21.86,22.83,21.81,22.48,22359.4,49520700.0,22.4,22.11,21.201000000000043,20.56,19.36,57.79,0.82,0.8,0.02,富淼科技,化学原料和化学制品制造业,科创板,22.35000000000001,22.29249999999998,22.073333333333334,21.615624999999998,19.817872340425506
688350,2023-03-20,21.86,22.02,22.34,21.63,21.86,17532.7,38700800.0,22.28,22.14,21.341500000000043,20.67,19.4,58.99,0.77,0.8,-0.03,富淼科技,化学原料和化学制品制造业,科创板,22.165000000000006,22.34124999999998,22.0475,21.769999999999996,19.9182978723404
688350,2023-03-21,22.07,22.49,22.67,21.82,22.02,15629.6,35041300.0,22.23,22.28,21.49450000000004,20.79,19.44,62.37,0.76,0.79,-0.03,富淼科技,化学原料和化学制品制造业,科创板,22.212500000000006,22.413749999999983,22.133333333333336,21.943749999999998,20.008510638297846
688350,2023-03-22,22.5,22.9,23.08,22.3,22.49,14093.0,31938300.0,22.35,22.41,21.65550000000004,20.92,19.5,65.08,0.78,0.79,-0.01,富淼科技,化学原料和化学制品制造业,科创板,22.317500000000006,22.426249999999982,22.230833333333333,22.068124999999995,20.098723404255296
688350,2023-03-23,22.7,22.94,23.24,22.69,22.9,12458.1,28711000.0,22.44,22.52,21.810000000000038,21.05,19.56,65.34,0.79,0.79,0.0,富淼科技,化学原料和化学制品制造业,科创板,22.587500000000006,22.468749999999982,22.390833333333333,22.201874999999994,20.191914893617
688350,2023-03-24,22.94,23.44,23.86,22.93,22.94,22413.7,52609500.0,22.76,22.58,22.00450000000004,21.19,19.67,68.52,0.82,0.79,0.03,富淼科技,化学原料和化学制品制造业,科创板,22.942500000000006,22.553749999999983,22.541666666666668,22.271249999999995,20.30446808510636
688350,2023-03-27,23.44,22.03,23.46,21.7,23.44,32983.5,73275000.0,22.76,22.52,22.120500000000042,21.27,19.75,53.59,0.72,0.78,-0.06,富淼科技,化学原料和化学制品制造业,科创板,22.827500000000008,22.519999999999982,22.551666666666662,22.306874999999994,20.383617021276574
688350,2023-03-28,22.02,21.41,22.04,21.35,22.03,19988.0,43254700.0,22.54,22.39,22.14550000000004,21.32,19.82,48.58,0.6,0.74,-0.14,富淼科技,化学原料和化学制品制造业,科创板,22.455000000000005,22.386249999999983,22.43583333333333,22.286874999999995,20.45468085106381
688350,2023-03-29,21.39,21.5,21.9,21.39,21.41,13437.2,29065900.0,22.26,22.31,22.18050000000004,21.37,19.9,49.32,0.49,0.69,-0.2,富淼科技,化学原料和化学制品制造业,科创板,22.095000000000006,22.34124999999998,22.344166666666663,22.316874999999996,20.52255319148934
688350,2023-03-30,21.51,21.3,21.58,21.0,21.5,10342.1,22073700.0,21.94,22.19,22.12900000000004,21.44,19.98,47.67,0.39,0.63,-0.24,富淼科技,化学原料和化学制品制造业,科创板,21.560000000000006,22.25124999999998,22.222499999999997,22.296249999999997,20.580425531914873
688350,2023-03-31,21.31,20.92,21.5,20.8,21.3,15249.1,32156500.0,21.43,22.1,22.102000000000043,21.5,20.05,44.63,0.27,0.56,-0.29,富淼科技,化学原料和化学制品制造业,科创板,21.282500000000006,22.05499999999998,22.107499999999998,22.234374999999996,20.628723404255297
688350,2023-04-03,21.08,20.72,21.21,20.58,20.92,19757.9,41191000.0,21.17,21.96,22.051500000000043,21.55,20.12,43.07,0.17,0.48,-0.31,富淼科技,化学原料和化学制品制造业,科创板,21.110000000000007,21.782499999999978,21.96083333333333,22.104374999999994,20.674042553191466
688350,2023-04-04,20.96,20.7,20.96,20.0,20.72,14893.0,30730100.0,21.03,21.79,22.035500000000045,21.59,20.18,42.91,0.08,0.4,-0.32,富淼科技,化学原料和化学制品制造业,科创板,20.910000000000007,21.502499999999976,21.864166666666662,21.98562499999999,20.719999999999978
688350,2023-04-06,20.74,20.8,20.89,20.44,20.7,9954.56,20556300.0,20.89,21.58,21.994000000000046,21.63,20.24,44.04,0.02,0.33,-0.31,富淼科技,化学原料和化学制品制造业,科创板,20.785000000000007,21.172499999999978,21.7625,21.863124999999993,20.766808510638274
688350,2023-04-07,20.99,20.53,20.99,20.44,20.8,10681.1,21993700.0,20.73,21.34,21.925000000000043,21.65,20.3,41.64,-0.05,0.25,-0.3,富淼科技,化学原料和化学制品制造业,科创板,20.687500000000007,20.984999999999978,21.59916666666666,21.752499999999994,20.806595744680827
688350,2023-04-10,20.62,19.91,20.62,19.78,20.53,20257.9,40484300.0,20.53,20.98,21.780500000000043,21.66,20.32,36.71,-0.15,0.17,-0.32,富淼科技,化学原料和化学制品制造业,科创板,20.485000000000007,20.797499999999978,21.349999999999998,21.591874999999995,20.8251063829787
688350,2023-04-11,20.0,20.18,20.32,19.8,19.91,13255.4,26654000.0,20.42,20.8,21.659500000000044,21.68,20.35,40.04,-0.22,0.09,-0.31,富淼科技,化学原料和化学制品制造业,科创板,20.355000000000008,20.63249999999998,21.12,21.486874999999994,20.84659574468083
688350,2023-04-12,20.34,19.96,20.4,19.69,20.18,12881.0,25706100.0,20.28,20.65,21.519500000000043,21.65,20.37,38.27,-0.28,0.02,-0.3,富淼科技,化学原料和化学制品制造业,科创板,20.145000000000007,20.46499999999998,20.83,21.358124999999994,20.865744680851044
688350,2023-04-13,19.98,20.05,20.2,19.71,19.96,7752.02,15478000.0,20.13,20.51,21.407000000000043,21.62,20.41,39.45,-0.32,-0.05,-0.27,富淼科技,化学原料和化学制品制造业,科创板,20.025000000000006,20.35624999999998,20.665,21.205624999999994,20.892765957446787
688350,2023-04-14,20.04,20.31,20.38,19.92,20.05,7741.05,15615000.0,20.08,20.41,21.29850000000004,21.56,20.44,42.85,-0.32,-0.1,-0.22,富淼科技,化学原料和化学制品制造业,科创板,20.125000000000007,20.304999999999982,20.57333333333333,21.043749999999996,20.919574468085084
688350,2023-04-17,20.38,20.58,20.67,20.24,20.31,9075.28,18577100.0,20.22,20.37,21.23450000000004,21.53,20.48,46.22,-0.3,-0.14,-0.16,富淼科技,化学原料和化学制品制造业,科创板,20.22500000000001,20.289999999999985,20.496666666666666,20.896249999999995,20.954255319148913
688350,2023-04-18,20.64,20.54,20.83,20.07,20.58,11194.1,22847700.0,20.29,20.36,21.16050000000004,21.49,20.52,45.79,-0.28,-0.17,-0.11,富淼科技,化学原料和化学制品制造业,科创板,20.370000000000005,20.257499999999983,20.433333333333334,20.714999999999996,20.98446808510636
688350,2023-04-19,20.43,20.41,20.74,20.36,20.54,6217.04,12731200.0,20.38,20.33,21.056500000000042,21.47,20.55,44.34,-0.27,-0.19,-0.08,富淼科技,化学原料和化学制品制造业,科创板,20.460000000000004,20.242499999999982,20.390833333333333,20.613749999999996,21.011489361702104
688350,2023-04-20,20.11,19.7,20.39,19.68,20.41,16487.5,32781900.0,20.31,20.22,20.896500000000042,21.4,20.57,37.39,-0.32,-0.22,-0.1,富淼科技,化学原料和化学制品制造业,科创板,20.307500000000005,20.21624999999998,20.305833333333332,20.506874999999994,21.012127659574446
688350,2023-04-21,19.74,19.72,20.05,19.27,19.7,13090.2,25703100.0,20.19,20.14,20.735500000000044,21.33,20.58,37.68,-0.36,-0.25,-0.11,富淼科技,化学原料和化学制品制造业,科创板,20.092500000000005,20.15874999999998,20.224166666666665,20.395624999999995,21.007234042553172
688350,2023-04-24,19.52,19.4,19.55,19.21,19.72,8658.24,16779000.0,19.95,20.08,20.533500000000043,21.22,20.6,34.84,-0.4,-0.28,-0.12,富淼科技,化学原料和化学制品制造业,科创板,19.807500000000005,20.08874999999998,20.107499999999998,20.276874999999993,20.99574468085104
688350,2023-04-25,19.37,19.18,19.74,19.04,19.4,10742.1,20773200.0,19.68,19.99,20.39100000000004,21.1,20.61,33.0,-0.45,-0.31,-0.14,富淼科技,化学原料和化学制品制造业,科创板,19.500000000000007,19.97999999999998,19.994999999999997,20.168124999999993,20.994680851063805
688350,2023-04-26,19.2,19.89,20.16,19.02,19.18,15815.9,31437500.0,19.58,19.98,20.31500000000004,21.01,20.63,43.4,-0.43,-0.33,-0.1,富淼科技,化学原料和化学制品制造业,科创板,19.547500000000007,19.92749999999998,19.993333333333332,20.116249999999994,21.01170212765955
688350,2023-04-27,19.85,19.21,19.85,19.07,19.89,12605.9,24498900.0,19.48,19.89,20.20050000000004,20.9,20.63,37.41,-0.47,-0.36,-0.11,富淼科技,化学原料和化学制品制造业,科创板,19.42000000000001,19.75624999999998,19.912499999999998,20.023124999999993,21.01170212765955
688350,2023-04-28,19.44,20.05,20.19,19.37,19.21,11920.0,23753800.0,19.55,19.87,20.13800000000004,20.82,20.65,47.12,-0.41,-0.37,-0.04,富淼科技,化学原料和化学制品制造业,科创板,19.58250000000001,19.694999999999983,19.919999999999998,19.976249999999993,21.024893617021252
688350,2023-05-04,18.05,16.6,19.07,16.21,20.05,81785.7,139199000.0,18.99,19.47,19.92200000000004,20.65,20.61,27.95,-0.65,-0.43,-0.22,富淼科技,化学原料和化学制品制造业,科创板,18.937500000000007,19.218749999999982,19.632499999999997,19.730624999999996,20.959361702127637
688350,2023-05-05,16.43,16.27,16.59,16.04,16.6,32372.9,52817500.0,18.4,19.04,19.69950000000004,20.45,20.56,26.82,-0.85,-0.51,-0.34,富淼科技,化学原料和化学制品制造业,科创板,18.032500000000006,18.789999999999985,19.29583333333333,19.503124999999994,20.88319148936168
688350,2023-05-08,16.27,16.44,16.73,16.22,16.27,19146.8,31662300.0,17.71,18.65,19.486500000000042,20.25,20.52,28.42,-0.98,-0.61,-0.37,富淼科技,化学原料和化学制品制造业,科创板,17.340000000000003,18.379999999999985,18.950833333333332,19.269374999999993,20.81702127659572
688350,2023-05-09,16.66,16.18,16.66,16.12,16.44,17121.7,27851000.0,17.11,18.29,19.25550000000004,20.03,20.47,27.43,-1.1,-0.7,-0.4,富淼科技,化学原料和化学制品制造业,科创板,16.372500000000006,17.977499999999985,18.5875,19.033124999999995,20.741914893616997
688350,2023-05-10,16.09,16.24,16.34,16.04,16.18,11569.6,18732600.0,16.35,17.95,19.041000000000043,19.81,20.43,28.05,-1.17,-0.8,-0.37,富淼科技,化学原料和化学制品制造业,科创板,16.282500000000006,17.609999999999985,18.24,18.794999999999995,20.642553191489338
688350,2023-05-11,16.25,16.5,16.52,16.1,16.24,11224.8,18291100.0,16.33,17.66,18.870500000000042,19.57,20.38,30.81,-1.19,-0.88,-0.31,富淼科技,化学原料和化学制品制造业,科创板,16.340000000000007,17.186249999999987,17.973333333333333,18.556874999999994,20.55106382978721
688350,2023-05-12,16.44,16.29,16.57,16.23,16.5,6945.24,11383000.0,16.33,17.37,18.67600000000004,19.38,20.33,29.82,-1.22,-0.94,-0.28,富淼科技,化学原料和化学制品制造业,科创板,16.30250000000001,16.821249999999985,17.6875,18.288749999999997,20.42255319148934
688350,2023-05-15,16.39,16.52,16.58,16.11,16.29,8061.81,13237100.0,16.35,17.03,18.50400000000004,19.22,20.27,32.4,-1.2,-1.0,-0.2,富淼科技,化学原料和化学制品制造业,科创板,16.38750000000001,16.379999999999985,17.4475,18.037499999999994,20.317446808510613
688350,2023-05-16,16.72,16.45,16.73,16.4,16.52,9680.58,16028700.0,16.4,16.75,18.32400000000004,19.05,20.21,32.01,-1.18,-1.03,-0.15,富淼科技,化学原料和化学制品制造业,科创板,16.440000000000012,16.361249999999984,17.22,17.789999999999992,20.2051063829787
688350,2023-05-17,16.47,17.07,17.09,16.45,16.45,14003.2,23621700.0,16.57,16.46,18.16200000000004,18.91,20.17,38.93,-1.1,-1.05,-0.05,富淼科技,化学原料和化学制品制造业,科创板,16.58250000000001,16.461249999999982,16.985,17.625624999999992,20.12106382978721
688350,2023-05-18,17.07,17.25,17.39,16.97,17.07,11069.2,19051300.0,16.72,16.52,17.995500000000042,18.79,20.14,40.82,-1.02,-1.04,0.02,富淼科技,化学原料和化学制品制造业,科创板,16.822500000000012,16.562499999999982,16.821666666666665,17.47124999999999,20.02787234042551
688350,2023-05-19,17.26,17.53,17.65,17.15,17.25,13321.6,23256500.0,16.96,16.65,17.84500000000004,18.68,20.12,43.73,-0.91,-1.01,0.1,富淼科技,化学原料和化学制品制造业,科创板,17.075000000000014,16.73124999999998,16.611666666666665,17.35437499999999,19.934680851063806
688350,2023-05-22,17.43,17.74,17.78,17.37,17.53,8829.98,15532900.0,17.21,16.78,17.71150000000004,18.58,20.09,45.88,-0.8,-0.97,0.17,富淼科技,化学原料和化学制品制造业,科创板,17.39750000000001,16.91874999999998,16.706666666666667,17.26437499999999,19.827021276595723
688350,2023-05-23,17.88,17.54,17.88,17.53,17.74,5591.15,9887680.0,17.43,16.91,17.603500000000043,18.47,20.05,44.15,-0.73,-0.92,0.19,富淼科技,化学原料和化学制品制造业,科创板,17.515000000000015,17.04874999999998,16.812499999999996,17.117499999999993,19.719361702127635
688350,2023-05-24,17.6,17.76,17.81,17.51,17.54,8743.46,15475800.0,17.56,17.06,17.50550000000004,18.38,20.02,46.53,-0.63,-0.86,0.23,富淼科技,化学原料和化学制品制造业,科创板,17.642500000000016,17.23249999999998,16.922499999999996,17.026874999999993,19.612978723404233
688350,2023-05-25,17.65,17.57,17.83,17.31,17.76,8052.14,14128800.0,17.63,17.17,17.41400000000004,18.3,19.98,44.76,-0.58,-0.81,0.23,富淼科技,化学原料和化学制品制造业,科创板,17.652500000000018,17.36374999999998,17.03833333333333,16.871874999999992,19.512340425531892
688350,2023-05-26,17.68,17.63,17.75,17.38,17.57,9282.53,16338000.0,17.65,17.31,17.33650000000004,18.22,19.95,45.46,-0.52,-0.75,0.23,富淼科技,化学原料和化学制品制造业,科创板,17.625000000000018,17.51124999999998,17.15416666666666,16.93624999999999,19.40914893617019
688350,2023-05-29,17.7,17.55,17.84,17.5,17.63,6386.66,11278700.0,17.61,17.41,17.219500000000043,18.14,19.89,44.64,-0.47,-0.69,0.22,富淼科技,化学原料和化学制品制造业,科创板,17.62750000000002,17.57124999999998,17.241666666666664,17.016249999999992,19.317446808510617
688350,2023-05-30,17.5,17.57,17.59,17.32,17.55,6582.52,11501800.0,17.62,17.52,17.137500000000042,18.06,19.84,44.91,-0.43,-0.64,0.21,富淼科技,化学原料和化学制品制造业,科创板,17.580000000000016,17.61124999999998,17.34833333333333,17.086874999999992,19.222765957446786
688350,2023-05-31,17.57,17.15,17.65,17.08,17.57,7773.73,13441300.0,17.49,17.53,16.992500000000042,17.95,19.75,40.47,-0.42,-0.6,0.18,富淼科技,化学原料和化学制品制造业,科创板,17.475000000000016,17.56374999999998,17.400833333333328,17.14749999999999,19.10914893617019
688350,2023-06-01,17.26,17.05,17.31,17.0,17.15,6841.91,11744400.0,17.39,17.51,17.01500000000004,17.83,19.68,39.47,-0.42,-0.56,0.14,富淼科技,化学原料和化学制品制造业,科创板,17.330000000000016,17.47749999999998,17.450833333333332,17.19812499999999,18.984680851063807
688350,2023-06-02,17.06,17.26,17.39,16.81,17.05,9888.0,17068700.0,17.32,17.48,17.06450000000004,17.72,19.61,42.68,-0.4,-0.53,0.13,富淼科技,化学原料和化学制品制造业,科创板,17.257500000000018,17.44249999999998,17.466666666666665,17.24562499999999,18.863829787234017
688350,2023-06-05,17.25,17.29,17.4,16.94,17.26,9267.91,15955900.0,17.26,17.44,17.107000000000042,17.62,19.54,43.14,-0.38,-0.5,0.12,富淼科技,化学原料和化学制品制造业,科创板,17.18750000000002,17.38374999999998,17.469999999999995,17.30812499999999,18.73297872340423
688350,2023-06-06,17.26,16.9,17.48,16.9,17.29,6974.1,11903400.0,17.13,17.37,17.14300000000004,17.53,19.46,38.76,-0.39,-0.48,0.09,富淼科技,化学原料和化学制品制造业,科创板,17.12500000000002,17.299999999999983,17.417499999999997,17.33187499999999,18.623829787234015
688350,2023-06-07,17.01,16.85,17.01,16.71,16.9,6213.12,10458200.0,17.07,17.28,17.17350000000004,17.43,19.38,38.22,-0.4,-0.46,0.06,富淼科技,化学原料和化学制品制造业,科创板,17.07500000000002,17.202499999999983,17.34333333333333,17.35687499999999,18.526808510638272
688350,2023-06-08,16.93,16.78,16.96,16.66,16.85,5388.94,9062900.0,17.02,17.2,17.18750000000004,17.34,19.28,37.44,-0.4,-0.45,0.05,富淼科技,化学原料和化学制品制造业,科创板,16.95500000000002,17.10624999999998,17.279999999999998,17.338749999999994,18.426382978723378
688350,2023-06-09,16.75,16.6,16.88,16.51,16.78,6142.32,10242000.0,16.88,17.1,17.20300000000004,17.26,19.18,35.44,-0.42,-0.44,0.02,富淼科技,化学原料和化学制品制造业,科创板,16.78250000000002,16.98499999999998,17.18333333333333,17.298124999999995,18.32638297872338
688350,2023-06-12,16.63,16.79,16.8,16.41,16.6,5068.12,8409860.0,16.78,17.02,17.216500000000043,17.15,19.08,39.14,-0.4,-0.43,0.03,富淼科技,化学原料和化学制品制造业,科创板,16.755000000000017,16.93999999999998,17.11833333333333,17.251875,18.23851063829785
688350,2023-06-13,16.67,16.79,16.88,16.57,16.79,4353.75,7294600.0,16.76,16.95,17.233500000000042,17.07,18.99,39.14,-0.39,-0.43,0.04,富淼科技,化学原料和化学制品制造业,科创板,16.740000000000016,16.907499999999978,17.04833333333333,17.1925,18.15489361702125
688350,2023-06-14,16.6,16.35,16.66,15.66,16.79,19846.3,32091300.0,16.66,16.87,17.197500000000044,16.95,18.89,33.91,-0.41,-0.42,0.01,富淼科技,化学原料和化学制品制造业,科创板,16.632500000000014,16.793749999999978,16.948333333333327,17.118125,18.06234042553189
688350,2023-06-15,16.33,16.23,16.33,15.91,16.35,9335.87,15087000.0,16.55,16.78,17.146500000000046,16.94,18.79,32.63,-0.43,-0.42,-0.01,富淼科技,化学原料和化学制品制造业,科创板,16.540000000000013,16.661249999999978,16.836666666666662,17.0225,17.9651063829787
688350,2023-06-16,16.28,16.2,16.36,16.15,16.23,5986.76,9718390.0,16.47,16.68,17.080000000000048,16.94,18.7,32.31,-0.45,-0.43,-0.02,富淼科技,化学原料和化学制品制造业,科创板,16.392500000000013,16.573749999999976,16.757499999999993,16.936875,17.872978723404234
688350,2023-06-19,16.11,16.19,16.32,16.08,16.2,8098.38,13100700.0,16.35,16.57,17.002500000000047,16.93,18.59,32.19,-0.46,-0.44,-0.02,富淼科技,化学原料和化学制品制造业,科创板,16.242500000000014,16.491249999999976,16.685833333333324,16.846875,17.79382978723402
688350,2023-06-20,16.16,16.04,16.25,15.97,16.19,6620.63,10655700.0,16.2,16.48,16.927500000000045,16.92,18.48,30.42,-0.47,-0.44,-0.03,富淼科技,化学原料和化学制品制造业,科创板,16.165000000000013,16.398749999999975,16.584166666666658,16.7525,17.705744680851044
688350,2023-06-21,16.2,15.9,16.2,15.9,16.04,8219.43,13187400.0,16.11,16.39,16.834500000000045,16.91,18.36,28.83,-0.49,-0.45,-0.04,富淼科技,化学原料和化学制品制造业,科创板,16.082500000000014,16.311249999999976,16.468333333333327,16.648125,17.619361702127637
688350,2023-06-26,15.81,15.82,16.06,15.65,15.9,8447.86,13370400.0,16.03,16.29,16.747000000000046,16.89,18.23,27.93,-0.5,-0.46,-0.04,富淼科技,化学原料和化学制品制造业,科创板,15.987500000000015,16.189999999999976,16.378333333333327,16.565,17.52936170212764
688350,2023-06-27,15.83,16.43,16.55,15.77,15.82,10485.0,16996900.0,16.08,16.27,16.687000000000047,16.89,18.14,42.62,-0.46,-0.46,0.0,富淼科技,化学原料和化学制品制造业,科创板,16.047500000000014,16.14499999999998,16.343333333333327,16.52625,17.446808510638277
688350,2023-06-28,16.38,16.66,16.73,16.25,16.43,10440.6,17262600.0,16.17,16.26,16.642500000000048,16.9,18.06,47.01,-0.4,-0.45,0.05,富淼科技,化学原料和化学制品制造业,科创板,16.202500000000015,16.18374999999998,16.333333333333325,16.488750000000003,17.36340425531913
688350,2023-06-29,16.7,16.66,16.83,16.59,16.66,6531.83,10918000.0,16.29,16.25,16.597000000000047,16.9,17.98,47.01,-0.35,-0.43,0.08,富淼科技,化学原料和化学制品制造业,科创板,16.392500000000013,16.23749999999998,16.338333333333328,16.449375000000003,17.280851063829765
688350,2023-06-30,16.77,16.99,16.99,16.66,16.66,8532.58,14381800.0,16.51,16.31,16.58900000000005,16.9,17.91,52.99,-0.28,-0.4,0.12,富淼科技,化学原料和化学制品制造业,科创板,16.68500000000001,16.336249999999982,16.354999999999993,16.455000000000005,17.20808510638296
688350,2023-07-03,17.09,16.87,17.21,16.81,16.99,8612.14,14590500.0,16.72,16.38,16.580000000000048,16.89,17.84,50.75,-0.23,-0.37,0.14,富淼科技,化学原料和化学制品制造业,科创板,16.79500000000001,16.421249999999983,16.36166666666666,16.456250000000004,17.14787234042551
688350,2023-07-04,16.98,17.07,17.13,16.83,16.87,7372.01,12565000.0,16.85,16.46,16.57050000000005,16.87,17.78,54.23,-0.18,-0.33,0.15,富淼科技,化学原料和化学制品制造业,科创板,16.897500000000008,16.549999999999983,16.421666666666663,16.474375000000002,17.091489361702106
688350,2023-07-05,17.15,17.11,17.25,16.98,17.07,6805.34,11667000.0,16.94,16.56,16.56150000000005,16.85,17.72,54.91,-0.13,-0.29,0.16,富淼科技,化学原料和化学制品制造业,科创板,17.01000000000001,16.701249999999984,16.494999999999997,16.50625,17.04276595744679
688350,2023-07-06,17.08,17.07,17.29,17.0,17.11,4980.74,8519750.0,17.02,16.66,16.57000000000005,16.84,17.66,54.04,-0.08,-0.25,0.17,富淼科技,化学原料和化学制品制造业,科创板,17.030000000000012,16.857499999999984,16.5675,16.52375,16.997872340425513
688350,2023-07-07,17.18,16.92,17.19,16.91,17.07,4628.55,7866410.0,17.01,16.76,16.57350000000005,16.81,17.6,50.78,-0.07,-0.21,0.14,富淼科技,化学原料和化学制品制造业,科创板,17.04250000000001,16.91874999999998,16.62833333333333,16.531875,16.934680851063813
688350,2023-07-10,17.2,17.09,17.2,16.8,16.92,5900.01,10034900.0,17.05,16.89,16.58900000000005,16.79,17.55,54.16,-0.04,-0.18,0.14,富淼科技,化学原料和化学制品制造业,科创板,17.047500000000014,16.972499999999982,16.715833333333332,16.578124999999996,16.889574468085087
688350,2023-07-11,17.12,17.26,17.28,17.0,17.09,5547.15,9527050.0,17.09,16.97,16.62200000000005,16.78,17.5,57.31,0.0,-0.14,0.14,富淼科技,化学原料和化学制品制造业,科创板,17.085000000000015,17.04749999999998,16.829166666666662,16.642499999999995,16.83021276595743
688350,2023-07-12,17.36,16.94,17.36,16.91,17.26,5419.62,9264360.0,17.06,17.0,16.629500000000046,16.76,17.45,50.3,0.0,-0.11,0.11,富淼科技,化学原料和化学制品制造业,科创板,17.052500000000016,17.04124999999998,16.922499999999996,16.688749999999995,16.83744680851062
688350,2023-07-13,17.2,17.1,17.2,16.85,16.94,6383.9,10907300.0,17.06,17.04,16.645000000000046,16.75,17.4,53.37,0.01,-0.09,0.1,富淼科技,化学原料和化学制品制造业,科创板,17.097500000000014,17.06999999999998,16.978333333333328,16.745624999999997,16.855106382978708
688350,2023-07-14,17.25,17.03,17.25,16.97,17.1,5151.41,8786950.0,17.08,17.05,16.67900000000005,16.74,17.35,51.86,0.03,-0.07,0.1,富淼科技,化学原料和化学制品制造业,科创板,17.082500000000014,17.06499999999998,17.009166666666662,16.807499999999994,16.867659574468068
688350,2023-07-17,17.09,16.99,17.1,16.78,17.03,4279.19,7243220.0,17.06,17.06,16.71700000000005,16.74,17.29,50.97,0.02,-0.05,0.07,富淼科技,化学原料和化学制品制造业,科创板,17.01500000000001,17.049999999999983,17.036666666666665,16.875624999999996,16.88489361702126
688350,2023-07-18,17.13,17.06,17.13,16.77,16.99,5408.7,9194990.0,17.02,17.06,16.760000000000048,16.73,17.23,52.5,0.03,-0.03,0.06,富淼科技,化学原料和化学制品制造业,科创板,17.045000000000012,17.048749999999984,17.042499999999997,16.953124999999996,16.902340425531897
688350,2023-07-19,17.06,16.95,17.18,16.8,17.06,5247.46,8900950.0,17.03,17.04,16.798000000000048,16.72,17.17,49.87,0.02,-0.02,0.04,富淼科技,化学原料和化学制品制造业,科创板,17.007500000000014,17.05249999999998,17.04916666666666,16.985624999999995,16.911914893617006
688350,2023-07-20,16.94,16.67,17.05,16.66,16.95,6537.69,11004700.0,16.94,17.0,16.829500000000046,16.71,17.12,43.84,0.0,-0.02,0.02,富淼科技,化学原料和化学制品制造业,科创板,16.917500000000015,16.999999999999982,17.01583333333333,16.986249999999995,16.919999999999984
688350,2023-07-21,16.69,16.5,16.76,16.45,16.67,5835.45,9674160.0,16.83,16.96,16.859500000000047,16.7,17.07,40.63,-0.04,-0.02,-0.02,富淼科技,化学原料和化学制品制造业,科创板,16.795000000000016,16.904999999999983,16.964999999999993,16.976249999999993,16.91957446808509
688350,2023-07-24,16.58,16.59,16.7,16.39,16.5,4498.45,7458000.0,16.75,16.91,16.898000000000046,16.7,17.02,43.01,-0.05,-0.03,-0.02,富淼科技,化学原料和化学制品制造业,科创板,16.677500000000016,16.861249999999984,16.924999999999994,16.95124999999999,16.922553191489346
688350,2023-07-25,16.8,16.93,17.0,16.7,16.59,5122.02,8640290.0,16.73,16.88,16.923000000000048,16.71,16.98,51.0,-0.04,-0.03,-0.01,富淼科技,化学原料和化学制品制造业,科创板,16.672500000000017,16.839999999999986,16.92583333333333,16.95499999999999,16.919574468085088
688350,2023-07-26,16.92,17.03,17.2,16.8,16.93,5803.02,9897360.0,16.74,16.89,16.941500000000044,16.71,16.93,53.09,-0.02,-0.03,0.01,富淼科技,化学原料和化学制品制造业,科创板,16.762500000000017,16.839999999999986,16.92083333333333,16.95249999999999,16.914893617021256
688350,2023-07-27,17.03,16.81,17.13,16.8,17.03,4482.01,7598660.0,16.77,16.86,16.949000000000044,16.72,16.89,48.23,-0.02,-0.03,0.01,富淼科技,化学原料和化学制品制造业,科创板,16.840000000000018,16.817499999999985,16.88333333333333,16.93374999999999,16.899574468085085
688350,2023-07-28,16.9,17.07,17.09,16.71,16.81,5444.08,9236280.0,16.89,16.86,16.953000000000042,16.74,16.84,53.63,-0.01,-0.02,0.01,富淼科技,化学原料和化学制品制造业,科创板,16.960000000000015,16.818749999999984,16.894166666666663,16.93374999999999,16.88531914893615
688350,2023-07-31,17.17,17.11,17.28,16.95,17.07,9007.72,15419700.0,16.99,16.87,16.965000000000042,16.77,16.85,54.42,0.01,-0.02,0.03,富淼科技,化学原料和化学制品制造业,科创板,17.005000000000017,16.838749999999983,16.895,16.94562499999999,16.87617021276594
688350,2023-08-01,17.15,17.08,17.22,17.02,17.11,5032.61,8607150.0,17.02,16.87,16.96550000000004,16.8,16.87,53.68,0.03,-0.01,0.04,富淼科技,化学原料和化学制品制造业,科创板,17.017500000000016,16.88999999999998,16.899166666666666,16.94499999999999,16.86170212765956
688350,2023-08-02,17.1,17.19,17.19,17.01,17.08,5343.41,9152570.0,17.05,16.9,16.969500000000043,16.83,16.88,56.03,0.04,0.0,0.04,富淼科技,化学原料和化学制品制造业,科创板,17.112500000000015,16.97624999999998,16.91583333333333,16.94062499999999,16.85361702127658
688350,2023-08-03,17.1,17.07,17.27,16.9,17.19,6952.75,11833500.0,17.1,16.94,16.969500000000043,16.87,16.89,52.88,0.05,0.01,0.04,富淼科技,化学原料和化学制品制造业,科创板,17.11250000000002,17.036249999999978,16.916666666666664,16.94874999999999,16.84170212765956
688350,2023-08-04,17.12,16.92,17.16,16.86,17.07,5848.76,9942060.0,17.07,16.98,16.969500000000043,16.9,16.91,49.15,0.04,0.02,0.02,富淼科技,化学原料和化学制品制造业,科创板,17.06500000000002,17.034999999999975,16.914166666666663,16.93749999999999,16.82829787234041
688350,2023-08-07,16.81,16.63,16.81,16.59,16.92,4778.37,7964010.0,16.98,16.98,16.946500000000043,16.93,16.91,42.87,0.0,0.01,-0.01,富淼科技,化学原料和化学制品制造业,科创板,16.95250000000002,16.984999999999975,16.91083333333333,16.912499999999987,16.808297872340408
688350,2023-08-08,16.72,16.76,16.79,16.48,16.63,2804.86,4672200.0,16.91,16.97,16.921500000000044,16.94,16.92,46.19,-0.02,0.01,-0.03,富淼科技,化学原料和化学制品制造业,科创板,16.84500000000002,16.978749999999973,16.932499999999994,16.898124999999986,16.799999999999983
688350,2023-08-09,16.53,16.52,16.73,16.52,16.76,3802.49,6298900.0,16.78,16.92,16.900500000000044,16.93,16.92,41.4,-0.04,0.0,-0.04,富淼科技,化学原料和化学制品制造业,科创板,16.707500000000017,16.909999999999975,16.926666666666662,16.864374999999985,16.788723404255304
688350,2023-08-10,16.56,16.88,17.02,16.46,16.52,6396.45,10745600.0,16.74,16.92,16.88950000000004,16.94,16.92,49.81,-0.04,-0.01,-0.03,富淼科技,化学原料和化学制品制造业,科创板,16.697500000000016,16.881249999999973,16.922499999999996,16.859999999999985,16.780638297872326
688350,2023-08-11,17.0,16.76,17.0,16.69,16.88,4396.07,7380550.0,16.71,16.89,16.87600000000004,16.93,16.92,47.37,-0.04,-0.02,-0.02,富淼科技,化学原料和化学制品制造业,科创板,16.730000000000018,16.841249999999974,16.899999999999995,16.865624999999984,16.769361702127643
688350,2023-08-14,16.63,16.46,16.63,16.33,16.76,7680.41,12646200.0,16.68,16.83,16.849500000000038,16.92,16.9,41.85,-0.07,-0.03,-0.04,富淼科技,化学原料和化学制品制造业,科创板,16.65500000000002,16.749999999999975,16.870833333333326,16.863124999999982,16.759999999999987
688350,2023-08-15,16.53,16.48,16.56,16.35,16.46,2657.39,4380790.0,16.62,16.77,16.820500000000038,16.9,16.89,42.33,-0.09,-0.04,-0.05,富淼科技,化学原料和化学制品制造业,科创板,16.64500000000002,16.676249999999975,16.821666666666662,16.856249999999985,16.752127659574455
688350,2023-08-16,16.6,16.34,16.68,16.32,16.48,4591.05,7580610.0,16.58,16.68,16.79000000000004,16.87,16.86,39.84,-0.11,-0.05,-0.06,富淼科技,化学原料和化学制品制造业,科创板,16.510000000000023,16.603749999999977,16.757499999999993,16.819374999999983,16.742765957446796
688350,2023-08-17,16.92,16.59,16.99,16.02,16.34,6568.32,10739500.0,16.53,16.63,16.786000000000037,16.86,16.85,45.96,-0.11,-0.06,-0.05,富淼科技,化学原料和化学制品制造业,科创板,16.467500000000022,16.598749999999978,16.716666666666658,16.791874999999983,16.74255319148935
688350,2023-08-18,16.5,16.66,17.02,16.5,16.59,8496.13,14306700.0,16.51,16.61,16.794000000000036,16.85,16.83,47.56,-0.1,-0.07,-0.03,富淼科技,化学原料和化学制品制造业,科创板,16.51750000000002,16.58624999999998,16.672499999999992,16.782499999999985,16.73978723404254
688350,2023-08-21,16.13,16.42,16.98,16.13,16.66,11621.2,19338600.0,16.5,16.59,16.785500000000038,16.83,16.81,42.86,-0.12,-0.08,-0.04,富淼科技,化学原料和化学制品制造业,科创板,16.50250000000002,16.57374999999998,16.618333333333325,16.741874999999986,16.73191489361701
688350,2023-08-22,16.62,16.3,16.62,15.68,16.42,19910.7,31987800.0,16.46,16.54,16.75400000000004,16.79,16.79,40.69,-0.13,-0.09,-0.04,富淼科技,化学原料和化学制品制造业,科创板,16.492500000000017,16.50124999999998,16.56666666666666,16.691249999999986,16.730851063829775
688350,2023-08-23,16.39,16.55,16.99,16.38,16.3,17504.2,29089600.0,16.5,16.54,16.73000000000004,16.78,16.77,46.73,-0.12,-0.1,-0.02,富淼科技,化学原料和化学制品制造业,科创板,16.482500000000016,16.474999999999984,16.55999999999999,16.658124999999988,16.73765957446807
688350,2023-08-24,16.5,16.21,16.5,15.96,16.55,18908.1,30587900.0,16.43,16.48,16.70000000000004,16.75,16.75,40.67,-0.15,-0.11,-0.04,富淼科技,化学原料和化学制品制造业,科创板,16.37000000000002,16.443749999999984,16.51416666666666,16.596874999999986,16.737872340425515
688350,2023-08-25,16.44,15.83,16.88,15.83,16.21,22791.8,37307100.0,16.26,16.38,16.63800000000004,16.71,16.73,35.17,-0.18,-0.12,-0.06,富淼科技,化学原料和化学制品制造业,科创板,16.222500000000018,16.362499999999986,16.45666666666666,16.519374999999986,16.730212765957432
688350,2023-08-28,16.72,16.0,16.75,15.88,15.83,16153.6,26413000.0,16.18,16.34,16.58250000000004,16.68,16.71,39.13,-0.2,-0.14,-0.06,富淼科技,化学原料和化学制品制造业,科创板,16.14750000000002,16.319999999999986,16.38333333333333,16.461874999999985,16.729361702127644
688350,2023-08-29,16.18,17.01,17.09,16.0,16.0,24457.1,40940000.0,16.32,16.39,16.57900000000004,16.68,16.71,56.25,-0.13,-0.14,0.01,富淼科技,化学原料和化学制品制造业,科创板,16.26250000000002,16.372499999999985,16.40416666666666,16.485624999999985,16.75297872340424
688350,2023-08-30,16.98,17.06,17.39,16.93,17.01,18930.3,32495500.0,16.42,16.46,16.57250000000004,16.68,16.7,56.9,-0.08,-0.12,0.04,富淼科技,化学原料和化学制品制造业,科创板,16.475000000000023,16.422499999999985,16.454166666666662,16.504374999999985,16.77936170212764
688350,2023-08-31,17.2,16.84,17.2,16.73,17.06,9183.11,15468400.0,16.55,16.49,16.56100000000004,16.69,16.7,53.17,-0.05,-0.11,0.06,富淼科技,化学原料和化学制品制造业,科创板,16.727500000000024,16.474999999999987,16.484166666666663,16.524374999999985,16.78808510638296
688350,2023-09-01,17.0,16.76,17.0,16.58,16.84,7987.18,13369800.0,16.73,16.5,16.553000000000036,16.7,16.7,51.85,-0.04,-0.1,0.06,富淼科技,化学原料和化学制品制造业,科创板,16.917500000000025,16.532499999999985,16.51916666666666,16.516874999999985,16.79021276595743
688350,2023-09-04,16.63,16.76,16.95,16.63,16.76,11067.4,18561700.0,16.89,16.53,16.559500000000035,16.7,16.7,51.85,-0.01,-0.08,0.07,富淼科技,化学原料和化学制品制造业,科创板,16.855000000000025,16.558749999999982,16.533333333333328,16.516874999999985,16.7923404255319
688350,2023-09-05,16.82,16.64,17.1,16.6,16.76,10262.2,17165400.0,16.81,16.57,16.553500000000035,16.69,16.7,49.69,-0.01,-0.06,0.05,富淼科技,化学原料和化学制品制造业,科创板,16.750000000000025,16.61249999999998,16.53166666666666,16.528124999999985,16.78489361702126
688350,2023-09-06,16.79,16.95,16.98,16.57,16.64,10036.3,16893600.0,16.79,16.61,16.57500000000004,16.69,16.7,54.91,0.02,-0.05,0.07,富淼科技,化学原料和化学制品制造业,科创板,16.777500000000025,16.752499999999976,16.575833333333325,16.557499999999983,16.786595744680838
688350,2023-09-07,17.0,16.81,17.1,16.76,16.95,10526.5,17819800.0,16.78,16.67,16.571500000000036,16.69,16.7,52.27,0.02,-0.03,0.05,富淼科技,化学原料和化学制品制造业,科创板,16.790000000000024,16.853749999999977,16.618333333333325,16.586874999999985,16.781063829787218
688350,2023-09-08,16.78,16.93,17.1,16.71,16.81,7868.39,13331600.0,16.82,16.78,16.580000000000037,16.68,16.71,54.3,0.04,-0.02,0.06,富淼科技,化学原料和化学制品制造业,科创板,16.83250000000002,16.84374999999998,16.64999999999999,16.608124999999987,16.777234042553175
688350,2023-09-11,16.93,17.07,17.19,16.83,16.93,9506.08,16233700.0,16.88,16.88,16.610500000000037,16.68,16.73,56.61,0.06,0.0,0.06,富淼科技,化学原料和化学制品制造业,科创板,16.940000000000023,16.844999999999978,16.721666666666657,16.633749999999985,16.777234042553175
688350,2023-09-12,17.19,16.99,17.19,16.88,17.07,7607.77,12901600.0,16.95,16.88,16.63600000000004,16.68,16.74,54.9,0.07,0.01,0.06,富淼科技,化学原料和化学制品制造业,科创板,16.95000000000002,16.86374999999998,16.818333333333324,16.669374999999985,16.778723404255302
688350,2023-09-13,16.99,16.88,17.09,16.8,16.99,7724.32,13069200.0,16.94,16.86,16.66300000000004,16.67,16.75,52.55,0.07,0.02,0.05,富淼科技,化学原料和化学制品制造业,科创板,16.96750000000002,16.87874999999998,16.891666666666655,16.705624999999984,16.774255319148917
688350,2023-09-14,17.05,16.9,17.07,16.74,16.88,6667.2,11283500.0,16.95,16.87,16.67850000000004,16.66,16.76,52.94,0.07,0.03,0.04,富淼科技,化学原料和化学制品制造业,科创板,16.960000000000015,16.89624999999998,16.88249999999999,16.72749999999998,16.766595744680835
688350,2023-09-15,16.78,16.91,17.19,16.64,16.9,8538.96,14474100.0,16.95,16.88,16.691000000000038,16.66,16.78,53.15,0.07,0.04,0.03,富淼科技,化学原料和化学制品制造业,科创板,16.920000000000016,16.92999999999998,16.86999999999999,16.771249999999984,16.765957446808493
688350,2023-09-18,16.97,17.06,17.14,16.71,16.91,7177.39,12225300.0,16.95,16.91,16.723000000000038,16.68,16.8,56.3,0.08,0.05,0.03,富淼科技,化学原料和化学制品制造业,科创板,16.937500000000018,16.94374999999998,16.888333333333325,16.848124999999985,16.765106382978704
688350,2023-09-19,17.08,16.77,17.13,16.74,17.06,5713.21,9622450.0,16.9,16.93,16.746500000000037,16.68,16.81,49.39,0.07,0.05,0.02,富淼科技,化学原料和化学制品制造业,科创板,16.910000000000018,16.93874999999998,16.889166666666657,16.896249999999984,16.759574468085084
688350,2023-09-20,16.77,16.91,16.97,16.71,16.77,5539.48,9353970.0,16.91,16.92,16.764500000000037,16.69,16.81,52.43,0.06,0.05,0.01,富淼科技,化学原料和化学制品制造业,科创板,16.912500000000016,16.93624999999998,16.90166666666666,16.889999999999986,16.75787234042551
688350,2023-09-21,17.05,16.85,17.06,16.69,16.91,6727.66,11310400.0,16.9,16.93,16.79650000000004,16.69,16.82,51.01,0.06,0.06,0.0,富淼科技,化学原料和化学制品制造业,科创板,16.897500000000015,16.90874999999998,16.91916666666666,16.876874999999988,16.75340425531913
688350,2023-09-22,16.9,17.05,17.1,16.72,16.85,6479.98,10976900.0,16.93,16.94,16.85750000000004,16.7,16.82,55.33,0.07,0.06,0.01,富淼科技,化学原料和化学制品制造业,科创板,16.895000000000014,16.91624999999998,16.927499999999995,16.88999999999999,16.755531914893595
688350,2023-09-25,16.95,16.84,17.17,16.77,17.05,5642.96,9521180.0,16.88,16.92,16.89950000000004,16.71,16.82,50.32,0.06,0.06,0.0,富淼科技,化学原料和化学制品制造业,科创板,16.912500000000016,16.91124999999998,16.929999999999996,16.89499999999999,16.75914893617019
688350,2023-09-26,16.98,16.78,16.98,16.67,16.84,3709.05,6207310.0,16.89,16.9,16.88800000000004,16.72,16.81,48.95,0.04,0.05,-0.01,富淼科技,化学原料和化学制品制造业,科创板,16.880000000000017,16.89624999999998,16.917499999999993,16.896249999999988,16.765106382978704
688350,2023-09-27,16.79,16.9,16.94,16.71,16.78,6059.3,10207400.0,16.88,16.9,16.880000000000038,16.74,16.81,51.77,0.05,0.05,0.0,富淼科技,化学原料和化学制品制造业,科创板,16.89250000000002,16.894999999999982,16.90333333333333,16.912499999999987,16.77170212765955
688350,2023-09-28,16.78,16.93,16.98,16.7,16.9,5629.86,9509070.0,16.9,16.9,16.88450000000004,16.75,16.8,52.48,0.04,0.05,-0.01,富淼科技,化学原料和化学制品制造业,科创板,16.862500000000022,16.878749999999982,16.89833333333333,16.91124999999999,16.77170212765955
688350,2023-10-09,17.18,16.8,17.18,16.72,16.93,6302.29,10624500.0,16.85,16.89,16.88650000000004,16.76,16.8,49.12,0.03,0.05,-0.02,富淼科技,化学原料和化学制品制造业,科创板,16.85250000000002,16.882499999999983,16.891666666666662,16.91062499999999,16.766808510638274
688350,2023-10-10,16.8,16.54,16.95,16.44,16.8,6471.69,10710900.0,16.79,16.84,16.87550000000004,16.76,16.79,43.17,0.01,0.04,-0.03,富淼科技,化学原料和化学制品制造业,科创板,16.792500000000018,16.836249999999982,16.86166666666666,16.88624999999999,16.76106382978721
688350,2023-10-11,16.55,16.54,16.68,16.34,16.54,6365.14,10522200.0,16.74,16.81,16.870500000000042,16.77,16.78,43.17,-0.01,0.03,-0.04,富淼科技,化学原料和化学制品制造业,科创板,16.702500000000015,16.79749999999998,16.830833333333327,16.85312499999999,16.74978723404253
688350,2023-10-12,16.68,16.73,16.77,16.47,16.54,7102.21,11800500.0,16.71,16.8,16.859500000000047,16.77,16.78,48.46,-0.02,0.02,-0.04,富淼科技,化学原料和化学制品制造业,科创板,16.652500000000018,16.75749999999998,16.803333333333327,16.836874999999992,16.74170212765955
688350,2023-10-13,16.51,16.32,16.64,16.2,16.73,7502.12,12275200.0,16.59,16.74,16.835000000000043,16.78,16.77,39.84,-0.05,0.01,-0.06,富淼科技,化学原料和化学制品制造业,科创板,16.532500000000017,16.692499999999978,16.765833333333326,16.801874999999992,16.725531914893594
688350,2023-10-16,16.32,16.04,16.5,16.03,16.32,7595.54,12260200.0,16.43,16.64,16.790500000000044,16.79,16.75,35.23,-0.1,-0.02,-0.08,富淼科技,化学原料和化学制品制造业,科创板,16.40750000000002,16.599999999999977,16.693333333333324,16.748124999999995,16.70106382978721
688350,2023-10-17,16.2,16.08,16.21,15.93,16.04,6032.53,9660400.0,16.34,16.57,16.741000000000046,16.79,16.73,36.36,-0.13,-0.04,-0.09,富淼科技,化学原料和化学制品制造业,科创板,16.292500000000018,16.497499999999977,16.62916666666666,16.696249999999992,16.679999999999975
688350,2023-10-18,16.1,15.84,16.2,15.83,16.08,5637.47,8956630.0,16.2,16.47,16.683500000000045,16.75,16.71,32.67,-0.18,-0.07,-0.11,富淼科技,化学原料和化学制品制造业,科创板,16.070000000000018,16.361249999999977,16.528333333333325,16.61999999999999,16.65702127659572
688350,2023-10-19,15.88,15.73,16.04,15.7,15.84,6979.7,11045400.0,16.0,16.35,16.626000000000044,16.71,16.69,31.11,-0.22,-0.1,-0.12,富淼科技,化学原料和化学制品制造业,科创板,15.922500000000019,16.227499999999974,16.435833333333324,16.554999999999993,16.63787234042551
688350,2023-10-20,15.8,15.74,15.92,15.6,15.73,6491.13,10215000.0,15.89,16.24,16.568000000000048,16.67,16.68,31.43,-0.25,-0.13,-0.12,富淼科技,化学原料和化学制品制造业,科创板,15.84750000000002,16.127499999999976,16.349166666666658,16.48187499999999,16.616170212765933
688350,2023-10-23,15.78,15.33,15.86,15.2,15.74,7641.32,11761900.0,15.74,16.09,16.489000000000043,16.62,16.66,26.08,-0.31,-0.16,-0.15,富淼科技,化学原料和化学制品制造业,科创板,15.660000000000021,15.976249999999979,16.218333333333327,16.38687499999999,16.590851063829763
688350,2023-10-24,15.32,15.85,16.1,15.27,15.33,9656.65,15210000.0,15.7,16.02,16.428500000000046,16.59,16.65,40.03,-0.3,-0.19,-0.11,富淼科技,化学原料和化学制品制造业,科创板,15.66250000000002,15.866249999999978,16.128333333333327,16.31187499999999,16.568936170212744
688350,2023-10-25,16.0,16.33,16.47,16.0,15.85,9505.51,15534500.0,15.8,16.0,16.406500000000044,16.58,16.64,49.51,-0.26,-0.21,-0.05,富淼科技,化学原料和化学制品制造业,科创板,15.812500000000018,15.867499999999978,16.089166666666657,16.27999999999999,16.55978723404253
688350,2023-10-26,16.31,16.24,16.43,16.04,16.33,5505.39,8898690.0,15.9,15.95,16.373000000000044,16.56,16.62,47.98,-0.23,-0.21,-0.02,富淼科技,化学原料和化学制品制造业,科创板,15.937500000000016,15.89249999999998,16.064166666666658,16.24624999999999,16.555106382978703
688350,2023-10-27,15.74,16.72,16.76,15.74,16.24,10720.5,17736300.0,16.09,15.99,16.36650000000004,16.55,16.62,55.82,-0.16,-0.2,0.04,富淼科技,化学原料和化学制品制造业,科创板,16.285000000000014,15.97249999999998,16.07916666666666,16.234999999999992,16.560212765957427
688350,2023-10-30,16.56,16.8,16.86,16.43,16.72,13789.9,22959100.0,16.39,16.07,16.354000000000042,16.55,16.62,56.98,-0.1,-0.18,0.08,富淼科技,化学原料和化学制品制造业,科创板,16.522500000000015,16.09249999999998,16.084999999999994,16.226874999999993,16.56999999999998
688350,2023-10-31,16.84,16.57,16.84,16.45,16.8,9080.55,15075100.0,16.53,16.11,16.34050000000004,16.53,16.61,52.69,-0.07,-0.16,0.09,富淼科技,化学原料和化学制品制造业,科创板,16.582500000000014,16.19749999999998,16.105833333333326,16.21249999999999,16.569574468085083
688350,2023-11-01,16.64,16.94,17.0,16.49,16.57,11250.9,18908600.0,16.65,16.23,16.34850000000004,16.53,16.61,58.15,-0.02,-0.13,0.11,富淼科技,化学原料和化学制品制造业,科创板,16.757500000000014,16.34749999999998,16.18083333333333,16.23749999999999,16.575531914893595
688350,2023-11-02,16.9,16.64,17.0,16.59,16.94,6177.35,10307000.0,16.73,16.32,16.335500000000042,16.52,16.6,52.82,0.0,-0.1,0.1,富淼科技,化学原料和化学制品制造业,科创板,16.737500000000015,16.51124999999998,16.227499999999996,16.243749999999988,16.580212765957427
688350,2023-11-03,16.51,17.02,17.12,16.51,16.64,10779.9,18315800.0,16.79,16.44,16.34000000000004,16.53,16.6,58.07,0.04,-0.08,0.12,富淼科技,化学原料和化学制品制造业,科创板,16.792500000000015,16.65749999999998,16.325833333333332,16.261874999999986,16.5955319148936
688350,2023-11-06,17.17,17.12,17.22,16.97,17.02,9241.99,15826900.0,16.86,16.62,16.35600000000004,16.53,16.6,59.35,0.09,-0.04,0.13,富淼科技,化学原料和化学制品制造业,科创板,16.930000000000014,16.75624999999998,16.441666666666666,16.311874999999986,16.607659574468066
688350,2023-11-07,17.05,17.19,17.26,16.95,17.12,7057.61,12118600.0,16.98,16.76,16.38850000000004,16.54,16.61,60.26,0.12,-0.01,0.13,富淼科技,化学原料和化学制品制造业,科创板,16.992500000000014,16.87499999999998,16.562499999999996,16.383749999999985,16.628510638297854
688350,2023-11-08,17.25,17.08,17.25,16.97,17.19,6537.17,11180600.0,17.01,16.83,16.415500000000037,16.55,16.61,58.05,0.15,0.02,0.13,富淼科技,化学原料和化学制品制造业,科创板,17.102500000000013,16.919999999999977,16.708333333333332,16.446249999999985,16.655106382978705
688350,2023-11-09,17.08,17.03,17.28,16.96,17.08,5391.02,9225530.0,17.09,16.91,16.430500000000034,16.55,16.62,57.03,0.16,0.05,0.11,富淼科技,化学原料和化学制品制造业,科创板,17.105000000000015,16.948749999999976,16.806666666666665,16.520624999999985,16.677021276595728
688350,2023-11-10,16.89,17.11,17.29,16.89,17.03,8000.75,13685700.0,17.11,16.95,16.470000000000034,16.56,16.63,58.3,0.16,0.07,0.09,富淼科技,化学原料和化学制品制造业,科创板,17.102500000000013,17.016249999999978,16.871666666666666,16.606874999999985,16.679148936170193
688350,2023-11-13,17.2,17.31,17.34,17.1,17.11,7845.02,13512300.0,17.14,17.0,16.533500000000036,16.57,16.63,61.36,0.19,0.1,0.09,富淼科技,化学原料和化学制品制造业,科创板,17.132500000000014,17.06249999999998,16.96083333333333,16.704999999999984,16.684468085106364
688350,2023-11-14,17.37,17.39,17.44,17.2,17.31,8666.05,15028200.0,17.18,17.08,16.599000000000036,16.59,16.65,62.55,0.21,0.12,0.09,富淼科技,化学原料和化学制品制造业,科创板,17.210000000000015,17.15624999999998,17.016666666666662,16.833749999999984,16.69617021276594
688350,2023-11-15,17.52,17.53,17.61,17.43,17.39,7024.8,12306000.0,17.27,17.14,16.683500000000034,16.61,16.67,64.6,0.24,0.14,0.1,富淼科技,化学原料和化学制品制造业,科创板,17.335000000000015,17.219999999999978,17.077499999999997,16.938749999999985,16.71255319148934
688350,2023-11-16,17.52,17.42,17.6,17.36,17.53,5668.26,9912700.0,17.35,17.22,16.768000000000036,16.63,16.69,61.74,0.24,0.16,0.08,富淼科技,化学原料和化学制品制造业,科创板,17.412500000000016,17.25749999999998,17.14833333333333,17.006874999999987,16.726595744680832
688350,2023-11-17,17.33,17.54,17.56,17.33,17.42,4535.4,7924190.0,17.44,17.27,16.858000000000036,16.65,16.7,63.63,0.26,0.18,0.08,富淼科技,化学原料和化学制品制造业,科创板,17.470000000000013,17.30124999999998,17.19833333333333,17.088124999999987,16.745744680851043
688350,2023-11-20,17.24,17.57,17.63,17.17,17.54,8752.54,15320800.0,17.49,17.32,16.970000000000034,16.68,16.72,64.11,0.27,0.2,0.07,富淼科技,化学原料和化学制品制造业,科创板,17.51500000000001,17.362499999999976,17.275833333333328,17.141249999999985,16.758936170212746
688350,2023-11-21,17.68,17.37,17.68,17.34,17.57,5025.85,8786730.0,17.49,17.34,17.046000000000035,16.7,16.73,58.59,0.26,0.21,0.05,富淼科技,化学原料和化学制品制造业,科创板,17.475000000000012,17.404999999999976,17.304999999999996,17.176874999999985,16.770851063829767
688350,2023-11-22,17.41,17.23,17.49,17.18,17.37,5835.13,10103200.0,17.43,17.35,17.091000000000037,16.73,16.75,55.01,0.24,0.22,0.02,富淼科技,化学原料和化学制品制造业,科创板,17.427500000000013,17.419999999999973,17.31416666666666,17.218124999999986,16.777234042553175
688350,2023-11-23,17.27,17.35,17.41,17.12,17.23,4324.5,7459630.0,17.41,17.38,17.14650000000004,16.75,16.76,57.41,0.23,0.22,0.01,富淼科技,化学原料和化学制品制造业,科创板,17.380000000000017,17.424999999999972,17.327499999999993,17.243749999999988,16.783191489361684
688350,2023-11-24,17.35,17.19,17.35,17.01,17.35,5688.2,9777240.0,17.34,17.39,17.170000000000037,16.78,16.78,53.33,0.2,0.22,-0.02,富淼科技,化学原料和化学制品制造业,科创板,17.285000000000018,17.39999999999997,17.33666666666666,17.27812499999999,16.78744680851062
688350,2023-11-27,17.22,17.16,17.32,16.99,17.19,5134.72,8800170.0,17.26,17.38,17.188000000000038,16.81,16.8,52.57,0.18,0.21,-0.03,富淼科技,化学原料和化学制品制造业,科创板,17.232500000000016,17.35374999999997,17.347499999999993,17.28687499999999,16.793404255319132
688350,2023-11-28,17.02,17.4,17.45,17.0,17.16,5053.47,8758640.0,17.27,17.38,17.229500000000037,16.86,16.82,57.73,0.18,0.2,-0.02,富淼科技,化学原料和化学制品制造业,科创板,17.275000000000016,17.351249999999972,17.37166666666666,17.30437499999999,16.804042553191472
688350,2023-11-29,17.46,17.37,17.46,17.23,17.4,6496.47,11263400.0,17.29,17.36,17.25100000000004,16.91,16.83,56.9,0.18,0.2,-0.02,富淼科技,化学原料和化学制品制造业,科创板,17.280000000000015,17.329999999999973,17.37666666666666,17.31562499999999,16.813829787234024
688350,2023-11-30,17.32,17.01,17.32,16.86,17.37,5052.34,8609690.0,17.23,17.32,17.26950000000004,16.95,16.83,47.96,0.13,0.18,-0.05,富淼科技,化学原料和化学制品制造业,科创板,17.235000000000017,17.259999999999973,17.344999999999995,17.31124999999999,16.812765957446793
688350,2023-12-01,17.0,17.18,17.27,16.83,17.01,7444.59,12745100.0,17.22,17.28,17.27750000000004,17.0,16.83,51.81,0.12,0.17,-0.05,富淼科技,化学原料和化学制品制造业,科创板,17.240000000000016,17.236249999999973,17.315833333333327,17.320624999999993,16.82148936170211
688350,2023-12-04,17.23,17.16,17.39,17.01,17.18,6491.36,11130100.0,17.22,17.24,17.27950000000004,17.06,16.84,51.33,0.1,0.16,-0.06,富淼科技,化学原料和化学制品制造业,科创板,17.180000000000014,17.227499999999974,17.29416666666666,17.323749999999993,16.82680851063828
688350,2023-12-05,17.16,16.79,17.16,16.75,17.16,10717.9,18071900.0,17.1,17.18,17.259500000000042,17.09,16.84,43.32,0.07,0.14,-0.07,富淼科技,化学原料和化学制品制造业,科创板,17.03500000000001,17.157499999999974,17.23166666666666,17.291249999999994,16.8255319148936
688350,2023-12-06,16.79,17.05,17.22,16.78,16.79,8774.05,14975400.0,17.04,17.17,17.258000000000045,17.12,16.85,49.3,0.05,0.12,-0.07,富淼科技,化学原料和化学制品制造业,科创板,17.04500000000001,17.139999999999976,17.18833333333333,17.269999999999996,16.8255319148936
688350,2023-12-07,17.12,16.92,17.16,16.83,17.05,4857.53,8222090.0,17.02,17.12,17.252500000000044,17.14,16.85,46.65,0.03,0.1,-0.07,富淼科技,化学原料和化学制品制造业,科创板,16.98000000000001,17.109999999999975,17.150833333333328,17.231874999999995,16.827234042553172
688350,2023-12-08,16.92,16.47,17.0,16.46,16.92,7989.05,13316900.0,16.88,17.05,17.220500000000044,17.13,16.84,38.85,-0.02,0.08,-0.1,富淼科技,化学原料和化学制品制造业,科创板,16.80750000000001,16.993749999999974,17.087499999999995,17.172499999999996,16.82063829787232
688350,2023-12-11,16.47,16.41,16.72,16.23,16.47,8719.09,14322900.0,16.73,16.98,17.175500000000046,17.12,16.83,37.94,-0.06,0.05,-0.11,富淼科技,化学原料和化学制品制造业,科创板,16.712500000000013,16.873749999999973,17.009166666666662,17.101874999999996,16.810212765957427
688350,2023-12-12,16.65,16.58,16.79,16.23,16.41,7178.92,11799800.0,16.69,16.89,17.135000000000044,17.12,16.82,42.08,-0.09,0.02,-0.11,富淼科技,化学原料和化学制品制造业,科创板,16.595000000000013,16.819999999999972,16.95833333333333,17.039999999999996,16.80276595744679
688350,2023-12-13,16.56,16.55,16.7,16.42,16.58,5605.67,9305450.0,16.59,16.81,17.08600000000005,17.1,16.82,41.56,-0.1,0.0,-0.1,富淼科技,化学原料和化学制品制造业,科创板,16.502500000000012,16.741249999999972,16.907499999999995,16.988749999999996,16.79744680851062
688350,2023-12-14,16.4,16.49,16.76,16.4,16.55,6391.29,10601900.0,16.5,16.76,17.039500000000046,17.1,16.81,40.47,-0.12,-0.03,-0.09,富淼科技,化学原料和化学制品制造业,科创板,16.50750000000001,16.657499999999974,16.831666666666663,16.942499999999995,16.79638297872339
688350,2023-12-15,16.33,16.51,16.6,16.32,16.49,4580.62,7552750.0,16.51,16.69,16.988000000000046,17.08,16.8,41.02,-0.13,-0.05,-0.08,富淼科技,化学原料和化学制品制造业,科创板,16.532500000000013,16.622499999999974,16.759999999999994,16.889999999999993,16.795744680851048
688350,2023-12-18,16.51,16.21,16.6,16.11,16.51,7115.17,11605700.0,16.47,16.6,16.920000000000044,17.05,16.79,35.64,-0.17,-0.07,-0.1,富淼科技,化学原料和化学制品制造业,科创板,16.440000000000015,16.517499999999973,16.69333333333333,16.828749999999992,16.784680851063815
688350,2023-12-19,16.33,16.3,16.36,15.99,16.21,5588.85,9027410.0,16.41,16.55,16.866500000000045,17.02,16.78,38.26,-0.19,-0.09,-0.1,富淼科技,化学原料和化学制品制造业,科创板,16.377500000000015,16.439999999999976,16.619999999999997,16.77499999999999,16.78425531914892
688350,2023-12-20,16.44,16.24,16.55,16.2,16.3,4214.01,6897000.0,16.35,16.47,16.817000000000043,16.99,16.77,37.17,-0.2,-0.12,-0.08,富淼科技,化学原料和化学制品制造业,科创板,16.315000000000015,16.411249999999978,16.543333333333333,16.702499999999993,16.788510638297858
688350,2023-12-21,16.3,16.21,16.33,15.82,16.24,10253.4,16522400.0,16.29,16.4,16.76000000000004,16.97,16.76,36.62,-0.21,-0.13,-0.08,富淼科技,化学原料和化学制品制造业,科创板,16.240000000000013,16.38624999999998,16.495,16.629999999999992,16.791276595744666
688350,2023-12-22,16.48,15.96,16.48,15.88,16.21,9980.04,15985600.0,16.18,16.35,16.698500000000042,16.93,16.74,32.26,-0.23,-0.15,-0.08,富淼科技,化学原料和化学制品制造业,科创板,16.17750000000001,16.308749999999982,16.404166666666665,16.56437499999999,16.793829787234028
688350,2023-12-25,16.0,15.97,16.07,15.73,15.96,7298.66,11591800.0,16.14,16.3,16.639000000000042,16.88,16.73,32.61,-0.25,-0.17,-0.08,富淼科技,化学原料和化学制品制造业,科创板,16.09500000000001,16.23624999999998,16.325,16.488749999999992,16.79893617021275
688350,2023-12-26,16.25,15.86,16.25,15.8,15.97,4803.6,7628910.0,16.05,16.23,16.562000000000044,16.83,16.71,30.75,-0.27,-0.19,-0.08,富淼科技,化学原料和化学制品制造业,科创板,16.00000000000001,16.157499999999978,16.274166666666666,16.40749999999999,16.801489361702114
688350,2023-12-27,15.77,16.06,16.09,15.75,15.86,6618.25,10546100.0,16.01,16.18,16.496500000000044,16.78,16.7,37.7,-0.27,-0.21,-0.06,富淼科技,化学原料和化学制品制造业,科创板,15.962500000000011,16.10124999999998,16.245,16.36187499999999,16.817021276595728
688350,2023-12-28,16.05,16.57,16.75,15.89,16.06,8180.88,13428300.0,16.08,16.19,16.47450000000004,16.76,16.69,51.15,-0.22,-0.21,-0.01,富淼科技,化学原料和化学制品制造业,科创板,16.11500000000001,16.146249999999977,16.24416666666667,16.33187499999999,16.8323404255319
688350,2023-12-29,16.57,16.53,16.64,16.41,16.57,9017.24,14877000.0,16.2,16.19,16.442000000000043,16.72,16.69,50.23,-0.19,-0.21,0.02,富淼科技,化学原料和化学制品制造业,科创板,16.25500000000001,16.174999999999976,16.2425,16.307499999999987,16.83659574468083
688350,2024-01-02,16.61,16.75,16.85,16.35,16.53,8620.0,14325700.0,16.35,16.24,16.421500000000044,16.7,16.69,55.01,-0.14,-0.19,0.05,富淼科技,化学原料和化学制品制造业,科创板,16.47750000000001,16.238749999999975,16.264166666666664,16.32499999999999,16.847446808510618
688350,2024-01-03,16.68,16.79,16.94,16.61,16.75,9442.94,15842700.0,16.54,16.29,16.421500000000044,16.68,16.69,55.84,-0.1,-0.17,0.07,富淼科技,化学原料和化学制品制造业,科创板,16.66000000000001,16.311249999999973,16.287499999999998,16.34874999999999,16.848936170212745
688350,2024-01-04,16.67,16.7,16.86,16.57,16.79,7399.19,12340800.0,16.67,16.34,16.404000000000043,16.66,16.69,53.45,-0.07,-0.15,0.08,富淼科技,化学原料和化学制品制造业,科创板,16.69250000000001,16.40374999999997,16.32833333333333,16.35624999999999,16.84680851063828
688350,2024-01-05,16.79,16.78,16.93,16.6,16.7,12058.2,20200000.0,16.71,16.4,16.39700000000004,16.64,16.69,55.28,-0.05,-0.13,0.08,富淼科技,化学原料和化学制品制造业,科创板,16.75500000000001,16.50499999999997,16.36833333333333,16.370624999999986,16.85127659574466
688350,2024-01-08,16.76,16.44,16.88,16.41,16.78,9274.08,15328700.0,16.69,16.44,16.395500000000037,16.61,16.7,46.85,-0.05,-0.12,0.07,富淼科技,化学原料和化学制品制造业,科创板,16.67750000000001,16.577499999999972,16.384999999999994,16.367499999999986,16.84063829787232
688350,2024-01-09,16.44,16.5,16.67,16.27,16.44,7474.82,12329300.0,16.64,16.5,16.400000000000038,16.59,16.7,48.34,-0.04,-0.1,0.06,富淼科技,化学原料和化学制品制造业,科创板,16.60500000000001,16.632499999999972,16.40916666666666,16.366874999999986,16.837659574468066
688350,2024-01-10,16.64,16.52,16.74,16.32,16.5,5290.47,8740530.0,16.59,16.56,16.397000000000038,16.56,16.71,48.86,-0.04,-0.09,0.05,富淼科技,化学原料和化学制品制造业,科创板,16.56000000000001,16.626249999999974,16.455833333333327,16.386249999999986,16.827021276595726
688350,2024-01-11,16.73,16.63,16.73,16.35,16.52,5000.45,8277420.0,16.57,16.62,16.401000000000035,16.54,16.72,51.72,-0.03,-0.08,0.05,富淼科技,化学原料和化学制品制造业,科创板,16.522500000000008,16.638749999999973,16.510833333333327,16.406874999999985,16.816595744680832
688350,2024-01-12,16.69,16.56,16.92,16.51,16.63,8454.64,14133500.0,16.53,16.62,16.404500000000034,16.52,16.74,49.81,-0.02,-0.07,0.05,富淼科技,化学原料和化学制品制造业,科创板,16.55250000000001,16.614999999999974,16.56916666666666,16.426874999999985,16.80319148936168
688350,2024-01-15,16.41,16.6,16.66,16.39,16.56,6590.61,10882900.0,16.56,16.63,16.409000000000038,16.5,16.75,50.93,-0.02,-0.06,0.04,富淼科技,化学原料和化学制品制造业,科创板,16.577500000000008,16.591249999999974,16.61416666666666,16.451249999999987,16.792978723404232
688350,2024-01-16,16.63,16.44,16.65,16.23,16.6,7156.63,11736400.0,16.55,16.6,16.42050000000004,16.48,16.77,46.48,-0.03,-0.05,0.02,富淼科技,化学原料和化学制品制造业,科创板,16.557500000000008,16.558749999999975,16.603333333333328,16.48124999999999,16.780425531914872
688350,2024-01-17,16.39,15.94,16.45,15.94,16.44,6624.53,10703900.0,16.43,16.51,16.40250000000004,16.45,16.77,35.92,-0.07,-0.05,-0.02,富淼科技,化学原料和化学制品制造业,科创板,16.38500000000001,16.453749999999975,16.55416666666666,16.479374999999987,16.7555319148936
688350,2024-01-18,15.9,15.86,16.01,15.4,15.94,10716.8,16830500.0,16.28,16.43,16.383500000000037,16.41,16.76,34.56,-0.11,-0.07,-0.04,富淼科技,化学原料和化学制品制造业,科创板,16.210000000000008,16.381249999999973,16.479999999999993,16.479374999999987,16.724680851063813
688350,2024-01-19,15.88,15.74,15.98,15.54,15.86,7321.1,11537200.0,16.12,16.32,16.36000000000004,16.37,16.76,32.58,-0.15,-0.08,-0.07,富淼科技,化学原料和化学制品制造业,科创板,15.995000000000006,16.286249999999974,16.392499999999995,16.459374999999987,16.689574468085087
688350,2024-01-22,15.69,14.98,15.79,14.6,15.74,12072.4,18335800.0,15.79,16.18,16.311000000000043,16.32,16.73,23.42,-0.24,-0.11,-0.13,富淼科技,化学原料和化学制品制造业,科创板,15.630000000000006,16.09374999999997,16.249166666666664,16.35999999999999,16.635319148936155
688350,2024-01-23,14.98,14.44,14.98,14.02,14.98,14830.5,21215500.0,15.39,15.97,16.23450000000004,16.26,16.69,19.27,-0.35,-0.16,-0.19,富淼科技,化学原料和化学制品制造业,科创板,15.255000000000006,15.819999999999972,16.054166666666664,16.22937499999999,16.571914893617006
688350,2024-01-24,14.44,14.23,14.46,13.61,14.44,13062.0,18386800.0,15.05,15.74,16.15300000000004,16.18,16.65,17.94,-0.45,-0.22,-0.23,富淼科技,化学原料和化学制品制造业,科创板,14.847500000000007,15.52874999999997,15.869999999999996,16.07187499999999,16.501489361702113
688350,2024-01-25,14.24,15.24,15.28,14.01,14.23,10593.9,15625100.0,14.93,15.6,16.11200000000004,16.14,16.62,39.56,-0.44,-0.26,-0.18,富淼科技,化学原料和化学制品制造业,科创板,14.722500000000005,15.358749999999972,15.764999999999995,15.974999999999993,16.45191489361701
688350,2024-01-26,15.39,15.11,15.57,15.07,15.24,5672.13,8670110.0,14.8,15.46,16.03900000000004,16.09,16.59,38.16,-0.45,-0.3,-0.15,富淼科技,化学原料和化学制品制造业,科创板,14.755000000000006,15.192499999999974,15.647499999999996,15.875624999999992,16.403829787234027
688350,2024-01-29,15.38,14.53,15.38,14.5,15.11,6215.93,9179440.0,14.71,15.25,15.93900000000004,16.02,16.55,32.64,-0.49,-0.34,-0.15,富淼科技,化学原料和化学制品制造业,科创板,14.777500000000007,15.016249999999975,15.472499999999997,15.73499999999999,16.34638297872339
688350,2024-01-30,14.55,13.92,14.55,13.9,14.53,6347.14,9043980.0,14.61,15.0,15.797500000000039,15.95,16.5,28.04,-0.56,-0.38,-0.18,富淼科技,化学原料和化学制品制造业,科创板,14.700000000000006,14.773749999999973,15.252499999999996,15.57749999999999,16.273404255319132
688350,2024-01-31,13.86,12.82,13.86,12.8,13.92,14165.1,18703000.0,14.32,14.69,15.599000000000038,15.83,16.43,22.02,-0.7,-0.45,-0.25,富淼科技,化学原料和化学制品制造业,科创板,14.095000000000008,14.408749999999975,14.937499999999995,15.34749999999999,16.180425531914878
688350,2024-02-01,12.8,12.48,12.8,12.28,12.82,9677.6,12117200.0,13.77,14.35,15.388000000000039,15.71,16.35,20.55,-0.83,-0.52,-0.31,富淼科技,化学原料和化学制品制造业,科创板,13.437500000000007,14.096249999999975,14.607499999999995,15.09499999999999,16.080851063829773
688350,2024-02-02,12.52,11.88,12.87,11.46,12.48,12290.8,14841000.0,13.13,13.96,15.14300000000004,15.56,16.26,18.24,-0.97,-0.61,-0.36,富淼科技,化学原料和化学制品制造业,科创板,12.775000000000006,13.776249999999974,14.269166666666662,14.79812499999999,15.963404255319134
688350,2024-02-05,11.67,10.33,11.68,10.04,11.88,21659.3,23020200.0,12.29,13.5,14.83750000000004,15.37,16.15,13.89,-1.19,-0.73,-0.46,富淼科技,化学原料和化学制品制造业,科创板,11.877500000000005,13.288749999999974,13.808333333333328,14.40874999999999,15.813617021276581
688350,2024-02-06,9.95,10.85,11.07,9.32,10.33,19129.4,19249800.0,11.67,13.14,14.55500000000004,15.2,16.04,20.72,-1.31,-0.84,-0.47,富淼科技,化学原料和化学制品制造业,科创板,11.385000000000005,12.739999999999974,13.400833333333326,14.04937499999999,15.682553191489347
688350,2024-02-07,11.01,10.75,11.66,10.17,10.85,13338.7,14224700.0,11.26,12.79,14.266500000000041,15.03,15.93,20.38,-1.4,-0.96,-0.44,富淼科技,化学原料和化学制品制造业,科创板,10.952500000000004,12.194999999999974,13.048333333333327,13.69374999999999,15.545744680851051
688350,2024-02-08,10.7,11.8,11.83,10.55,10.75,16547.3,18608600.0,11.12,12.45,14.025000000000043,14.89,15.84,32.68,-1.36,-1.04,-0.32,富淼科技,化学原料和化学制品制造业,科创板,10.932500000000003,11.853749999999973,12.828333333333328,13.434999999999992,15.43170212765956
688350,2024-02-19,12.01,12.3,12.58,11.93,11.8,9961.85,12182200.0,11.21,12.17,13.812000000000044,14.75,15.75,37.63,-1.28,-1.09,-0.19,富淼科技,化学原料和化学制品制造业,科创板,11.425000000000004,11.651249999999973,12.667499999999997,13.212499999999991,15.336170212765944
688350,2024-02-20,12.38,12.19,12.38,11.95,12.3,7098.42,8635420.0,11.58,11.93,13.591500000000043,14.6,15.66,36.98,-1.21,-1.11,-0.1,富淼科技,化学原料和化学制品制造业,科创板,11.760000000000003,11.572499999999973,12.413333333333329,12.99062499999999,15.232765957446798
688350,2024-02-21,12.19,12.48,12.68,12.12,12.19,8190.38,10211600.0,11.9,11.79,13.393500000000042,14.46,15.58,39.9,-1.12,-1.11,-0.01,富淼科技,化学原料和化学制品制造业,科创板,12.192500000000003,11.572499999999973,12.19416666666666,12.83437499999999,15.138297872340416
688350,2024-02-22,12.47,12.67,12.68,12.26,12.48,6676.43,8378270.0,12.29,11.77,13.230000000000043,14.32,15.5,41.8,-1.02,-1.09,0.07,富淼科技,化学原料和化学制品制造业,科创板,12.410000000000004,11.671249999999974,12.03916666666666,12.72374999999999,15.057446808510628
688350,2024-02-23,12.67,12.93,13.08,12.54,12.67,8283.63,10624300.0,12.51,11.82,13.083500000000043,14.2,15.43,44.39,-0.91,-1.06,0.15,富淼科技,化学原料和化学制品制造业,科创板,12.567500000000003,11.996249999999973,11.956666666666662,12.642499999999991,14.983404255319137
688350,2024-02-26,12.93,13.29,13.4,12.87,12.93,11229.3,14826800.0,12.71,11.96,12.961000000000045,14.08,15.36,47.86,-0.79,-1.0,0.21,富淼科技,化学原料和化学制品制造业,科创板,12.842500000000003,12.301249999999975,11.995833333333328,12.52062499999999,14.913404255319136
688350,2024-02-27,13.15,13.57,13.58,12.95,13.29,7787.33,10420500.0,12.99,12.28,12.890500000000042,13.99,15.3,50.44,-0.66,-0.93,0.27,富淼科技,化学原料和化学制品制造业,科创板,13.115000000000002,12.653749999999974,12.08666666666666,12.42437499999999,14.849999999999989
688350,2024-02-28,13.68,12.69,13.78,12.5,13.57,15760.9,20545100.0,13.03,12.47,12.803000000000043,13.86,15.23,43.19,-0.62,-0.87,0.25,富淼科技,化学原料和化学制品制造业,科创板,13.120000000000001,12.764999999999974,12.154166666666661,12.30937499999999,14.769148936170202
688350,2024-02-29,12.32,13.08,13.3,12.01,12.69,15001.8,19319300.0,13.11,12.7,12.745500000000042,13.74,15.15,46.84,-0.55,-0.81,0.26,富淼科技,化学原料和化学制品制造业,科创板,13.1575,12.862499999999974,12.383333333333328,12.256874999999992,14.696170212765947
688350,2024-03-01,13.08,13.0,13.26,12.85,13.08,8984.1,11686300.0,13.13,12.82,12.633500000000044,13.62,15.08,46.18,-0.5,-0.75,0.25,富淼科技,化学原料和化学制品制造业,科创板,13.084999999999999,12.963749999999974,12.562499999999995,12.268124999999992,14.627872340425522
688350,2024-03-04,12.98,12.54,13.18,12.48,13.0,7277.73,9169240.0,12.98,12.84,12.505000000000043,13.49,15.01,42.5,-0.49,-0.69,0.2,富淼科技,化学原料和化学制品制造业,科创板,12.827499999999999,12.971249999999975,12.71166666666666,12.271874999999993,14.547872340425522
688350,2024-03-05,12.45,12.3,12.57,12.24,12.54,6476.46,8000270.0,12.72,12.86,12.393500000000044,13.35,14.92,40.68,-0.5,-0.66,0.16,富淼科技,化学原料和化学制品制造业,科创板,12.73,12.924999999999974,12.753333333333329,12.298124999999994,14.46404255319148
688350,2024-03-06,12.26,12.49,12.6,12.2,12.3,5420.29,6732660.0,12.68,12.86,12.322000000000044,13.21,14.85,42.77,-0.47,-0.62,0.15,富淼科技,化学原料和化学制品制造业,科创板,12.582500000000001,12.869999999999973,12.769166666666662,12.433124999999993,14.384893617021266
688350,2024-03-07,12.53,12.35,12.59,12.21,12.49,5113.61,6348710.0,12.54,12.82,12.298500000000043,13.09,14.77,41.61,-0.47,-0.59,0.12,富淼科技,化学原料和化学制品制造业,科创板,12.420000000000002,12.752499999999973,12.782499999999994,12.526874999999993,14.308085106382967
688350,2024-03-08,12.35,12.49,12.5,12.27,12.35,4247.48,5275040.0,12.43,12.78,12.299000000000046,12.98,14.7,43.27,-0.44,-0.56,0.12,富淼科技,化学原料和化学制品制造业,科创板,12.407500000000002,12.617499999999971,12.78333333333333,12.635624999999994,14.234042553191477
688350,2024-03-11,12.54,12.8,12.8,12.4,12.49,6327.19,8015520.0,12.49,12.73,12.345000000000045,12.88,14.63,46.88,-0.4,-0.53,0.13,富淼科技,化学原料和化学制品制造业,科创板,12.532500000000002,12.631249999999971,12.794166666666664,12.698124999999994,14.168936170212753
688350,2024-03-12,12.87,13.07,13.08,12.63,12.8,7081.74,9134530.0,12.64,12.68,12.482000000000044,12.82,14.57,49.87,-0.34,-0.49,0.15,富淼科技,化学原料和化学制品制造业,科创板,12.677500000000002,12.629999999999972,12.80583333333333,12.746249999999993,14.10531914893616
688350,2024-03-13,13.11,13.21,13.22,12.97,13.07,6131.57,8042820.0,12.78,12.73,12.600000000000044,12.78,14.52,51.39,-0.27,-0.45,0.18,富淼科技,化学原料和化学制品制造业,科创板,12.892500000000002,12.656249999999972,12.799166666666665,12.809999999999993,14.033829787234032
688350,2024-03-14,13.11,13.45,13.56,13.0,13.21,9812.1,13023900.0,13.0,12.77,12.735000000000046,12.75,14.47,53.98,-0.2,-0.4,0.2,富淼科技,化学原料和化学制品制造业,科创板,13.132500000000002,12.769999999999971,12.789166666666665,12.870624999999993,13.968297872340417
688350,2024-03-15,13.46,13.63,13.65,13.2,13.45,10296.6,13876300.0,13.23,12.83,12.826500000000044,12.7,14.42,55.88,-0.13,-0.34,0.21,富淼科技,化学原料和化学制品制造业,科创板,13.340000000000003,12.936249999999971,12.867499999999998,12.930624999999994,13.901914893617011
688350,2024-03-18,13.59,13.83,13.88,13.5,13.63,7183.4,9866140.0,13.44,12.96,12.903000000000043,12.66,14.37,57.95,-0.05,-0.28,0.23,富淼科技,化学原料和化学制品制造业,科创板,13.530000000000003,13.103749999999971,12.929999999999998,12.986874999999994,13.838936170212758
688350,2024-03-19,13.92,13.83,13.92,13.66,13.83,5162.12,7109840.0,13.59,13.12,12.985000000000042,12.63,14.33,57.95,0.01,-0.23,0.24,富淼科技,化学原料和化学制品制造业,科创板,13.685000000000004,13.288749999999972,12.999166666666666,13.020624999999995,13.777872340425523
688350,2024-03-20,13.4,13.89,13.97,13.4,13.83,4932.99,6839470.0,13.73,13.26,13.055500000000041,12.63,14.29,58.63,0.06,-0.17,0.23,富淼科技,化学原料和化学制品制造业,科创板,13.795000000000005,13.463749999999973,13.111666666666666,13.040624999999995,13.716382978723397
688350,2024-03-21,13.94,13.82,13.96,13.7,13.89,3570.92,4932410.0,13.8,13.4,13.113000000000039,12.67,14.25,57.47,0.09,-0.12,0.21,富淼科技,化学原料和化学制品制造业,科创板,13.842500000000006,13.591249999999972,13.238333333333332,13.111249999999995,13.660638297872332
688350,2024-03-22,13.82,13.58,13.85,13.5,13.82,4592.32,6261300.0,13.79,13.51,13.145500000000037,12.7,14.2,53.55,0.1,-0.07,0.17,富淼科技,化学原料和化学制品制造业,科创板,13.780000000000008,13.654999999999973,13.329166666666666,13.142499999999995,13.598510638297865
688350,2024-03-25,13.37,13.18,13.58,13.18,13.58,6643.78,8895280.0,13.66,13.55,13.140000000000038,12.75,14.15,47.71,0.07,-0.04,0.11,富淼科技,化学原料和化学制品制造业,科创板,13.61750000000001,13.651249999999973,13.398333333333333,13.153749999999995,13.52744680851063
688350,2024-03-26,13.15,13.14,13.29,12.94,13.18,4875.9,6388940.0,13.52,13.56,13.118500000000036,12.84,14.11,47.16,0.05,-0.03,0.08,富淼科技,化学原料和化学制品制造业,科创板,13.43000000000001,13.612499999999972,13.4525,13.191249999999995,13.453191489361695
688350,2024-03-27,13.22,12.85,13.29,12.83,13.14,4138.48,5387700.0,13.31,13.52,13.12650000000004,12.91,14.05,43.24,0.0,-0.02,0.02,富淼科技,化学原料和化学制品制造业,科创板,13.187500000000009,13.514999999999972,13.456666666666665,13.225624999999994,13.37425531914893
688350,2024-03-28,13.0,12.96,13.2,12.87,12.85,5855.09,7622420.0,13.14,13.47,13.120500000000039,12.98,14.01,45.1,-0.02,-0.02,0.0,富淼科技,化学原料和化学制品制造业,科创板,13.03250000000001,13.406249999999973,13.4475,13.254999999999994,13.296808510638291
688350,2024-03-29,12.96,13.02,13.15,12.96,12.96,6268.3,8177640.0,13.03,13.41,13.121500000000037,13.02,13.96,46.14,-0.04,-0.02,-0.02,富淼科技,化学原料和化学制品制造业,科创板,12.992500000000009,13.304999999999973,13.431666666666667,13.296874999999995,13.224042553191481
688350,2024-04-01,13.16,13.3,13.36,13.03,13.02,13000.9,17160200.0,13.05,13.36,13.159500000000037,13.05,13.9,50.82,-0.03,-0.03,0.0,富淼科技,化学原料和化学制品制造业,科创板,13.03250000000001,13.231249999999973,13.41916666666667,13.347499999999995,13.167872340425522
688350,2024-04-02,13.26,13.41,13.5,13.21,13.3,8036.2,10749600.0,13.11,13.32,13.215000000000037,13.1,13.85,52.56,-0.01,-0.02,0.01,富淼科技,化学原料和化学制品制造业,科创板,13.172500000000008,13.179999999999971,13.400833333333336,13.385624999999994,13.115744680851053
688350,2024-04-03,13.4,13.36,13.48,13.08,13.41,6512.49,8642310.0,13.21,13.26,13.258500000000037,13.12,13.79,51.66,0.0,-0.02,0.02,富淼科技,化学原料和化学制品制造业,科创板,13.27250000000001,13.152499999999971,13.361666666666666,13.403749999999995,13.065106382978712
688350,2024-04-08,13.35,12.82,13.35,12.76,13.36,8480.48,11061000.0,13.18,13.16,13.282000000000036,13.13,13.73,43.11,-0.04,-0.02,-0.02,富淼科技,化学原料和化学制品制造业,科创板,13.22250000000001,13.10749999999997,13.277499999999998,13.379374999999994,13.019148936170202
688350,2024-04-09,12.82,13.4,13.42,12.67,12.82,7733.16,10209200.0,13.26,13.14,13.327500000000034,13.14,13.67,52.25,-0.01,-0.02,0.01,富淼科技,化学原料和化学制品制造业,科创板,13.247500000000013,13.13999999999997,13.236666666666665,13.376249999999995,12.997021276595733
688350,2024-04-10,13.47,13.0,13.47,12.93,13.4,3841.77,5038520.0,13.2,13.13,13.337500000000034,13.14,13.61,46.68,-0.03,-0.02,-0.01,富淼科技,化学原料和化学制品制造业,科创板,13.145000000000014,13.158749999999971,13.168333333333331,13.336874999999996,12.970851063829775
688350,2024-04-11,13.0,13.11,13.23,12.82,13.0,5210.52,6841110.0,13.14,13.12,13.339500000000035,13.12,13.55,48.31,-0.04,-0.03,-0.01,富淼科技,化学原料和化学制品制造业,科创板,13.082500000000014,13.17749999999997,13.129166666666665,13.291874999999996,12.925531914893606
688350,2024-04-12,13.06,12.7,13.15,12.7,13.11,6335.18,8153510.0,13.01,13.11,13.314000000000036,13.12,13.49,43.03,-0.07,-0.03,-0.04,富淼科技,化学原料和化学制品制造业,科创板,13.052500000000014,13.13749999999997,13.089166666666664,13.221249999999994,12.874255319148924
688350,2024-04-15,12.75,12.01,12.99,11.95,12.7,11128.0,13827100.0,12.84,13.01,13.242000000000036,13.08,13.41,35.91,-0.15,-0.06,-0.09,富淼科技,化学原料和化学制品制造业,科创板,12.705000000000014,12.976249999999972,12.994999999999996,13.103749999999994,12.82063829787233
688350,2024-04-16,12.01,11.32,12.04,10.98,12.01,9884.11,11155800.0,12.43,12.84,13.126500000000036,13.03,13.33,30.48,-0.27,-0.1,-0.17,富淼科技,化学原料和化学制品制造业,科创板,12.285000000000014,12.714999999999971,12.867499999999994,12.947499999999994,12.765319148936161
688350,2024-04-17,11.54,12.34,12.38,11.49,11.32,7550.59,9073430.0,12.3,12.75,13.052000000000035,13.02,13.26,43.97,-0.28,-0.14,-0.14,富淼科技,化学原料和化学制品制造业,科创板,12.092500000000015,12.587499999999972,12.815833333333329,12.869999999999994,12.755106382978713
688350,2024-04-18,12.34,11.99,12.34,11.96,12.34,4501.99,5448640.0,12.07,12.6,12.960000000000036,13.01,13.18,41.03,-0.31,-0.17,-0.14,富淼科技,化学原料和化学制品制造业,科创板,11.915000000000017,12.483749999999972,12.729999999999995,12.795624999999994,12.744680851063821
688350,2024-04-19,11.99,11.84,12.17,11.66,11.99,4397.63,5215670.0,11.9,12.45,12.857500000000035,12.99,13.1,39.8,-0.34,-0.2,-0.14,富淼科技,化学原料和化学制品制造业,科创板,11.872500000000018,12.288749999999972,12.608333333333327,12.714374999999993,12.743829787234034
688350,2024-04-22,11.84,11.89,12.09,11.52,11.84,5416.15,6399720.0,11.88,12.36,12.761000000000035,12.97,13.03,40.44,-0.36,-0.24,-0.12,富淼科技,化学原料和化学制品制造业,科创板,12.015000000000018,12.149999999999972,12.481666666666662,12.654374999999993,12.777021276595734
688350,2024-04-23,11.86,12.0,12.15,11.86,11.89,4418.03,5317500.0,12.01,12.22,12.682000000000034,12.96,12.97,41.9,-0.36,-0.26,-0.1,富淼科技,化学原料和化学制品制造业,科创板,11.930000000000017,12.011249999999972,12.36833333333333,12.594374999999992,12.801489361702117
688350,2024-04-24,12.04,12.09,12.23,11.8,12.0,7493.73,9079610.0,11.96,12.13,12.627500000000035,12.93,12.91,43.13,-0.35,-0.28,-0.07,富淼科技,化学原料和化学制品制造业,科创板,11.955000000000018,11.934999999999972,12.307499999999997,12.536249999999992,12.82999999999999
688350,2024-04-25,12.05,12.27,12.33,11.95,12.09,8750.14,10701600.0,12.02,12.04,12.584000000000035,12.91,12.86,45.62,-0.33,-0.29,-0.04,富淼科技,化学原料和化学制品制造业,科创板,12.062500000000018,11.967499999999971,12.213333333333331,12.471874999999992,12.839999999999991
688350,2024-04-26,12.27,12.3,12.35,12.05,12.27,7368.44,9024810.0,12.11,12.0,12.556500000000035,12.88,12.83,46.04,-0.3,-0.29,-0.01,富淼科技,化学原料和化学制品制造业,科创板,12.165000000000017,12.089999999999971,12.155,12.402499999999993,12.839999999999991
688350,2024-04-29,12.38,12.88,12.95,12.32,12.3,6706.52,8505500.0,12.31,12.09,12.552500000000036,12.86,12.81,53.56,-0.23,-0.28,0.05,富淼科技,化学原料和化学制品制造业,科创板,12.385000000000018,12.15749999999997,12.135833333333332,12.372499999999992,12.854680851063819
688350,2024-04-30,12.97,12.97,13.06,12.81,12.88,8321.32,10761500.0,12.5,12.26,12.550000000000036,12.84,12.77,54.62,-0.16,-0.26,0.1,富淼科技,化学原料和化学制品制造业,科创板,12.605000000000018,12.279999999999971,12.158333333333333,12.381874999999992,12.865106382978713
688350,2024-05-06,13.33,13.8,13.85,13.21,12.97,16693.2,22659300.0,12.84,12.4,12.575000000000035,12.84,12.75,62.99,-0.04,-0.21,0.17,富淼科技,化学原料和化学制品制造业,科创板,12.987500000000018,12.52499999999997,12.307500000000003,12.406874999999992,12.889148936170203
688350,2024-05-07,13.87,13.95,14.09,13.67,13.8,12466.1,17344400.0,13.18,12.6,12.602000000000034,12.84,12.74,64.27,0.06,-0.16,0.22,富淼科技,化学原料和化学制品制造业,科创板,13.40000000000002,12.78249999999997,12.526666666666669,12.466249999999992,12.910851063829778
688350,2024-05-08,13.95,14.0,14.08,13.81,13.95,7949.23,11126800.0,13.52,12.82,12.634000000000032,12.84,12.74,64.71,0.15,-0.1,0.25,富淼科技,化学原料和化学制品制造业,科创板,13.68000000000002,13.03249999999997,12.665000000000001,12.52187499999999,12.925957446808503
688350,2024-05-09,14.13,13.99,14.13,13.85,14.0,5336.21,7468040.0,13.74,13.02,12.692500000000033,12.85,12.76,64.54,0.21,-0.03,0.24,富淼科技,化学原料和化学制品制造业,科创板,13.93500000000002,13.26999999999997,12.831666666666669,12.602499999999992,12.934893617021268
688350,2024-05-10,14.05,13.79,14.05,13.76,13.99,6717.3,9304430.0,13.91,13.2,12.712000000000033,12.86,12.78,61.07,0.25,0.02,0.23,富淼科技,化学原料和化学制品制造业,科创板,13.932500000000022,13.45999999999997,12.994166666666667,12.713749999999992,12.958297872340415
688350,2024-05-13,13.79,13.51,13.93,13.35,13.79,8983.89,12202600.0,13.85,13.35,12.737500000000034,12.87,12.81,56.49,0.25,0.07,0.18,富淼科技,化学原料和化学制品制造业,科创板,13.822500000000023,13.611249999999972,13.129166666666668,12.850624999999992,12.967446808510626
688350,2024-05-14,13.51,13.55,13.93,13.47,13.51,4860.87,6650820.0,13.77,13.47,12.759500000000035,12.88,12.86,56.98,0.25,0.1,0.15,富淼科技,化学原料和化学制品制造业,科创板,13.710000000000022,13.694999999999972,13.258333333333335,12.926249999999992,12.9791489361702
688350,2024-05-15,13.5,13.3,13.88,13.2,13.55,6414.62,8611070.0,13.63,13.57,12.789500000000036,12.9,12.9,52.92,0.23,0.13,0.1,富淼科技,化学原料和化学制品制造业,科创板,13.537500000000021,13.736249999999972,13.359166666666669,13.008124999999993,12.995319148936158
688350,2024-05-16,13.34,13.39,13.65,13.31,13.3,8520.38,11486900.0,13.51,13.62,12.858500000000035,12.91,12.95,54.19,0.21,0.15,0.06,富淼科技,化学原料和化学制品制造业,科创板,13.43750000000002,13.684999999999972,13.452500000000002,13.104999999999992,13.01851063829786
688350,2024-05-17,13.4,13.77,13.79,13.35,13.39,7784.69,10594100.0,13.5,13.71,12.981000000000034,12.93,12.98,59.18,0.23,0.16,0.07,富淼科技,化学原料和化学制品制造业,科创板,13.50250000000002,13.662499999999971,13.575000000000003,13.222499999999993,13.045744680851051
688350,2024-05-20,13.97,13.81,13.98,13.66,13.77,7878.2,10873000.0,13.56,13.71,13.054500000000036,12.95,13.0,59.68,0.24,0.18,0.06,富淼科技,化学原料和化学制品制造业,科创板,13.56750000000002,13.638749999999972,13.652500000000003,13.335624999999993,13.076808510638283
688350,2024-05-21,13.96,13.72,13.96,13.67,13.81,4470.2,6145770.0,13.6,13.68,13.141000000000037,12.96,13.03,57.96,0.24,0.19,0.05,富淼科技,化学原料和化学制品制造业,科创板,13.67250000000002,13.604999999999972,13.715000000000003,13.437499999999993,13.102978723404242
688350,2024-05-22,13.72,13.66,13.88,13.62,13.72,4371.41,5988320.0,13.67,13.65,13.232000000000038,12.97,13.05,56.79,0.25,0.2,0.05,富淼科技,化学原料和化学制品制造业,科创板,13.74000000000002,13.588749999999973,13.703333333333335,13.524374999999992,13.121276595744668
688350,2024-05-23,13.74,13.3,13.74,13.3,13.66,5167.76,6954080.0,13.65,13.58,13.302500000000041,12.99,13.06,50.23,0.21,0.2,0.01,富淼科技,化学原料和化学制品制造业,科创板,13.62250000000002,13.562499999999972,13.649166666666671,13.586874999999992,13.126170212765942
688350,2024-05-24,13.39,13.12,13.46,13.04,13.3,6451.56,8504630.0,13.52,13.51,13.35850000000004,12.98,13.06,47.29,0.16,0.2,-0.04,富淼科技,化学原料和化学制品制造业,科创板,13.45000000000002,13.508749999999973,13.575833333333337,13.601874999999993,13.12425531914892
688350,2024-05-27,13.13,12.82,13.26,12.55,13.12,6035.78,7720870.0,13.32,13.44,13.395000000000042,12.97,13.05,42.8,0.1,0.18,-0.08,富淼科技,化学原料和化学制品制造业,科创板,13.225000000000023,13.448749999999974,13.478333333333337,13.592499999999992,13.110851063829772
688350,2024-05-28,12.93,12.76,13.15,12.64,12.82,7343.1,9484270.0,13.13,13.36,13.419500000000042,12.96,13.04,41.94,0.05,0.15,-0.1,富淼科技,化学原料和化学制品制造业,科创板,13.000000000000025,13.369999999999974,13.392500000000004,13.527499999999991,13.092340425531898
688350,2024-05-29,12.86,12.76,13.06,12.63,12.76,4751.97,6099970.0,12.95,13.31,13.442500000000042,12.96,13.04,41.94,0.0,0.12,-0.12,富淼科技,化学原料和化学制品制造业,科创板,12.865000000000027,13.243749999999975,13.330000000000004,13.453124999999991,13.069574468085088
688350,2024-05-30,12.64,12.91,13.16,12.64,12.76,6621.89,8614470.0,12.87,13.26,13.444000000000042,12.99,13.04,45.13,-0.02,0.09,-0.11,富淼科技,化学原料和化学制品制造业,科创板,12.812500000000027,13.131249999999975,13.276666666666669,13.384999999999991,13.049999999999981
688350,2024-05-31,13.12,12.67,13.12,12.6,12.91,9537.54,12146200.0,12.78,13.15,13.429000000000041,13.04,13.03,41.23,-0.05,0.06,-0.11,富淼科技,化学原料和化学制品制造业,科创板,12.775000000000027,12.999999999999975,13.224166666666667,13.30249999999999,13.02404255319147
688350,2024-06-03,12.66,12.08,12.66,12.0,12.67,12762.7,15694500.0,12.64,12.98,13.34300000000004,13.03,13.03,33.54,-0.13,0.03,-0.16,富淼科技,化学原料和化学制品制造业,科创板,12.605000000000027,12.802499999999975,13.115,13.19562499999999,12.987021276595724
688350,2024-06-04,12.02,11.92,12.08,11.58,12.08,7702.44,9117360.0,12.47,12.8,13.241500000000041,13.03,13.02,31.81,-0.2,-0.02,-0.18,富淼科技,化学原料和化学制品制造业,科创板,12.395000000000028,12.629999999999976,12.960833333333332,13.09624999999999,12.951702127659553
688350,2024-06-05,11.73,11.55,11.9,11.46,11.92,7636.56,8875220.0,12.23,12.59,13.119000000000042,13.02,13.0,28.19,-0.29,-0.07,-0.22,富淼科技,化学原料和化学制品制造业,科创板,12.055000000000028,12.433749999999975,12.772499999999999,12.97124999999999,12.917021276595724
688350,2024-06-06,11.63,11.23,11.72,11.0,11.55,13106.7,14753300.0,11.89,12.38,12.981000000000043,13.0,12.99,25.48,-0.37,-0.13,-0.24,富淼科技,化学原料和化学制品制造业,科创板,11.695000000000029,12.234999999999975,12.564999999999998,12.84187499999999,12.876382978723383
688350,2024-06-07,11.3,11.47,11.61,11.23,11.23,7000.05,8027640.0,11.65,12.22,12.865000000000043,12.98,12.97,30.84,-0.41,-0.19,-0.22,富淼科技,化学原料和化学制品制造业,科创板,11.542500000000029,12.073749999999974,12.382499999999999,12.72187499999999,12.847021276595724
688350,2024-06-11,11.58,11.56,11.61,11.18,11.47,4445.41,5070310.0,11.55,12.09,12.767500000000044,12.96,12.95,32.79,-0.43,-0.24,-0.19,富淼科技,化学原料和化学制品制造业,科创板,11.452500000000029,11.923749999999973,12.237499999999997,12.58374999999999,12.817234042553169
688350,2024-06-12,11.4,11.82,11.83,11.37,11.56,4586.06,5383370.0,11.53,12.0,12.681000000000044,12.95,12.93,38.22,-0.43,-0.28,-0.15,富淼科技,化学原料和化学制品制造业,科创板,11.520000000000028,11.787499999999973,12.129166666666663,12.459374999999989,12.791702127659553
688350,2024-06-13,11.84,12.0,12.09,11.73,11.82,5050.96,6024750.0,11.62,11.92,12.616000000000042,12.94,12.91,41.72,-0.4,-0.3,-0.1,富淼科技,化学原料和化学制品制造业,科创板,11.712500000000027,11.703749999999973,12.06083333333333,12.351874999999989,12.76404255319147
688350,2024-06-14,12.01,11.98,12.04,11.83,12.0,4735.17,5642230.0,11.77,11.83,12.545500000000043,12.91,12.88,41.44,-0.38,-0.32,-0.06,富淼科技,化学原料和化学制品制造业,科创板,11.840000000000028,11.691249999999973,11.99583333333333,12.246874999999989,12.733617021276578
688350,2024-06-17,11.66,11.72,11.82,11.6,11.98,4292.89,5015460.0,11.82,11.73,12.443000000000044,12.86,12.85,37.87,-0.38,-0.33,-0.05,富淼科技,化学原料和化学制品制造业,科创板,11.880000000000027,11.666249999999973,11.909166666666664,12.148124999999988,12.6987234042553
688350,2024-06-18,11.61,11.73,11.82,11.6,11.72,3612.32,4232300.0,11.85,11.7,12.339000000000045,12.79,12.82,38.09,-0.37,-0.34,-0.03,富淼科技,化学原料和化学制品制造业,科创板,11.857500000000028,11.688749999999974,11.81083333333333,12.061249999999987,12.675531914893599
688350,2024-06-19,11.89,11.81,11.92,11.56,11.73,4486.48,5289370.0,11.85,11.69,12.243500000000044,12.72,12.78,39.93,-0.35,-0.34,-0.01,富淼科技,化学原料和化学制品制造业,科创板,11.810000000000029,11.761249999999974,11.739166666666664,11.998124999999987,12.641702127659554
688350,2024-06-20,11.75,12.0,12.02,11.71,11.81,7878.94,9382020.0,11.85,11.73,12.160500000000045,12.66,12.75,44.18,-0.32,-0.34,0.02,富淼科技,化学原料和化学制品制造业,科创板,11.81500000000003,11.827499999999974,11.732499999999996,11.950624999999988,12.620425531914874
688350,2024-06-21,12.02,11.78,12.02,11.7,12.0,4085.39,4809040.0,11.81,11.79,12.084500000000045,12.58,12.72,40.6,-0.32,-0.33,0.01,富淼科技,化学原料和化学制品制造业,科创板,11.83000000000003,11.854999999999974,11.720833333333331,11.889374999999989,12.592127659574448
688350,2024-06-24,11.66,11.08,11.69,11.01,11.78,8298.89,9351390.0,11.68,11.75,11.982500000000046,12.49,12.67,31.77,-0.36,-0.34,-0.02,富淼科技,化学原料和化学制品制造业,科创板,11.667500000000029,11.762499999999974,11.681666666666665,11.77499999999999,12.557659574468063
688350,2024-06-25,11.06,11.21,11.36,11.04,11.08,5739.56,6426720.0,11.58,11.71,11.902000000000047,12.42,12.64,34.61,-0.38,-0.35,-0.03,富淼科技,化学原料和化学制品制造业,科创板,11.517500000000028,11.663749999999975,11.68,11.683749999999991,12.54063829787232
688350,2024-06-26,11.03,11.47,11.58,10.89,11.21,7859.06,8827340.0,11.51,11.68,11.837500000000047,12.35,12.61,40.0,-0.37,-0.35,-0.02,富淼科技,化学原料和化学制品制造业,科创板,11.385000000000028,11.599999999999975,11.68,11.64562499999999,12.543829787234023
688350,2024-06-27,11.47,11.35,11.63,11.28,11.47,4491.25,5158210.0,11.38,11.61,11.767000000000047,12.28,12.59,38.43,-0.36,-0.35,-0.01,富淼科技,化学原料和化学制品制造业,科创板,11.277500000000028,11.553749999999974,11.6625,11.60999999999999,12.522765957446788
688350,2024-06-28,11.41,11.41,11.64,11.3,11.35,6100.74,7005260.0,11.3,11.56,11.692000000000046,12.22,12.56,39.7,-0.35,-0.35,0.0,富淼科技,化学原料和化学制品制造业,科创板,11.360000000000028,11.513749999999973,11.628333333333332,11.60124999999999,12.510425531914873
688350,2024-07-01,11.49,11.66,11.74,11.25,11.41,8356.45,9652840.0,11.42,11.55,11.641500000000047,12.15,12.54,44.84,-0.32,-0.35,0.03,富淼科技,化学原料和化学制品制造业,科创板,11.472500000000027,11.494999999999973,11.6,11.62812499999999,12.506595744680828
688350,2024-07-02,11.57,11.6,11.71,11.52,11.66,4899.41,5689070.0,11.5,11.54,11.617500000000046,12.07,12.51,43.87,-0.3,-0.34,0.04,富淼科技,化学原料和化学制品制造业,科创板,11.505000000000027,11.444999999999972,11.568333333333333,11.63624999999999,12.500425531914871
688350,2024-07-03,11.52,11.34,11.65,11.32,11.6,4905.03,5606720.0,11.47,11.49,11.588500000000048,11.99,12.48,39.87,-0.3,-0.33,0.03,富淼科技,化学原料和化学制品制造业,科创板,11.502500000000028,11.389999999999972,11.536666666666667,11.62249999999999,12.486382978723382
688350,2024-07-04,11.41,10.93,11.62,10.88,11.34,4811.09,5340030.0,11.39,11.38,11.557500000000047,11.9,12.44,34.52,-0.33,-0.33,0.0,富淼科技,化学原料和化学制品制造业,科创板,11.382500000000029,11.371249999999973,11.47,11.56687499999999,12.461702127659551
688350,2024-07-05,11.05,11.2,11.29,10.83,10.93,5690.86,6323730.0,11.35,11.32,11.556000000000047,11.83,12.41,40.21,-0.32,-0.33,0.01,富淼科技,化学原料和化学制品制造业,科创板,11.26750000000003,11.369999999999973,11.419166666666667,11.51687499999999,12.438936170212743
688350,2024-07-08,11.27,10.93,11.27,10.91,11.2,3437.27,3778500.0,11.2,11.31,11.529000000000048,11.76,12.37,36.77,-0.33,-0.33,0.0,富淼科技,化学原料和化学制品制造业,科创板,11.10000000000003,11.302499999999974,11.33,11.451249999999991,12.40978723404253
688350,2024-07-09,11.01,11.11,11.2,10.64,10.93,5368.94,5863720.0,11.1,11.3,11.506500000000049,11.7,12.34,40.43,-0.33,-0.33,0.0,富淼科技,化学原料和化学制品制造业,科创板,11.042500000000029,11.272499999999974,11.274166666666666,11.413124999999992,12.372127659574447
688350,2024-07-10,11.05,11.02,11.34,10.95,11.11,4471.78,4997750.0,11.04,11.26,11.46650000000005,11.64,12.3,39.2,-0.34,-0.33,-0.01,富淼科技,化学原料和化学制品制造业,科创板,11.065000000000028,11.223749999999974,11.269166666666665,11.368749999999993,12.330638297872317
688350,2024-07-11,11.13,11.5,11.57,11.13,11.02,7023.08,8022020.0,11.15,11.27,11.44150000000005,11.6,12.28,48.2,-0.29,-0.32,0.03,富淼科技,化学原料和化学制品制造业,科创板,11.140000000000029,11.203749999999975,11.293333333333331,11.349374999999993,12.281702127659553
688350,2024-07-12,11.5,11.43,11.7,11.41,11.5,5109.8,5900520.0,11.2,11.27,11.41400000000005,11.55,12.27,47.1,-0.26,-0.31,0.05,富淼科技,化学原料和化学制品制造业,科创板,11.265000000000029,11.182499999999976,11.29,11.313749999999994,12.228085106382956
688350,2024-07-15,11.43,11.02,11.5,11.02,11.43,4262.56,4769810.0,11.22,11.21,11.379000000000051,11.5,12.27,41.2,-0.27,-0.3,0.03,富淼科技,化学原料和化学制品制造业,科创板,11.242500000000028,11.142499999999975,11.262500000000001,11.266249999999994,12.164680851063805
688350,2024-07-16,11.26,10.96,11.26,10.83,11.02,3560.44,3903700.0,11.19,11.14,11.340500000000052,11.46,12.24,40.4,-0.26,-0.29,0.03,富淼科技,化学原料和化学制品制造业,科创板,11.227500000000028,11.146249999999974,11.225000000000001,11.258749999999994,12.100212765957423
688350,2024-07-17,10.9,10.91,11.01,10.81,10.96,2016.29,2198300.0,11.16,11.1,11.29550000000005,11.43,12.23,39.71,-0.27,-0.29,0.02,富淼科技,化学原料和化学制品制造业,科创板,11.080000000000027,11.109999999999973,11.162500000000001,11.239999999999993,12.038936170212743
688350,2024-07-18,10.82,10.94,11.06,10.61,10.91,6077.61,6584710.0,11.05,11.1,11.242500000000051,11.41,12.21,40.37,-0.27,-0.29,0.02,富淼科技,化学原料和化学制品制造业,科创板,10.957500000000026,11.111249999999973,11.107500000000002,11.206874999999993,11.984255319148915
688350,2024-07-19,10.96,11.06,11.15,10.81,10.94,3361.28,3697070.0,10.98,11.09,11.206500000000052,11.4,12.2,43.05,-0.26,-0.28,0.02,富淼科技,化学原料和化学制品制造业,科创板,10.967500000000026,11.104999999999974,11.084166666666668,11.188749999999994,11.93127659574466
688350,2024-07-22,11.06,11.06,11.18,10.99,11.06,3578.31,3949970.0,10.99,11.1,11.20550000000005,11.39,12.18,43.05,-0.24,-0.27,0.03,富淼科技,化学原料和化学制品制造业,科创板,10.992500000000026,11.109999999999975,11.095,11.166874999999994,11.883617021276573
688350,2024-07-23,11.12,10.8,11.25,10.8,11.06,4214.89,4649180.0,10.95,11.07,11.18500000000005,11.36,12.16,38.69,-0.25,-0.27,0.02,富淼科技,化学原料和化学制品制造业,科创板,10.965000000000028,11.022499999999974,11.06166666666667,11.113124999999995,11.82851063829785
688350,2024-07-24,10.99,10.68,11.0,10.61,10.8,5370.42,5763740.0,10.91,11.04,11.145500000000052,11.32,12.13,36.83,-0.26,-0.27,0.01,富淼科技,化学原料和化学制品制造业,科创板,10.900000000000029,10.928749999999972,11.040833333333337,11.055624999999996,11.762765957446785
688350,2024-07-25,10.5,10.68,10.9,10.5,10.68,3643.72,3906710.0,10.86,10.95,11.112000000000052,11.28,12.11,36.83,-0.27,-0.27,0.0,富淼科技,化学原料和化学制品制造业,科创板,10.805000000000028,10.886249999999974,11.005000000000004,11.014374999999996,11.696170212765933
688350,2024-07-26,10.57,10.82,10.92,10.57,10.68,2745.28,2968660.0,10.81,10.89,11.082500000000051,11.24,12.07,40.68,-0.26,-0.27,0.01,富淼科技,化学原料和化学制品制造业,科创板,10.745000000000028,10.868749999999974,10.988333333333337,11.007499999999995,11.63446808510636
688350,2024-07-29,10.85,10.84,10.95,10.65,10.82,3376.1,3649920.0,10.76,10.88,11.041500000000052,11.21,12.04,41.23,-0.25,-0.26,0.01,富淼科技,化学原料和化学制品制造业,科创板,10.755000000000027,10.859999999999975,10.933333333333337,10.984999999999996,11.57446808510636
688350,2024-07-30,10.84,10.86,10.92,10.75,10.84,2789.55,3029360.0,10.78,10.86,11.004500000000052,11.18,11.99,41.81,-0.24,-0.26,0.02,富淼科技,化学原料和化学制品制造业,科创板,10.800000000000027,10.849999999999975,10.885833333333338,10.980624999999996,11.522553191489342
688350,2024-07-31,11.09,11.1,11.12,10.75,10.86,6164.34,6782710.0,10.86,10.88,10.992500000000051,11.16,11.94,48.42,-0.21,-0.25,0.04,富淼科技,化学原料和化学制品制造业,科创板,10.905000000000028,10.854999999999974,10.892500000000004,10.979999999999997,11.479574468085087
688350,2024-08-01,11.16,10.94,11.22,10.91,11.1,9552.16,10496100.0,10.91,10.88,10.99300000000005,11.12,11.89,44.77,-0.19,-0.24,0.05,富淼科技,化学原料和化学制品制造业,科创板,10.935000000000027,10.839999999999973,10.890833333333335,10.974999999999996,11.439574468085086
688350,2024-08-02,11.05,10.87,11.08,10.8,10.94,7143.72,7825480.0,10.92,10.86,10.976500000000051,11.09,11.84,43.24,-0.18,-0.23,0.05,富淼科技,化学原料和化学制品制造业,科创板,10.942500000000027,10.848749999999974,10.887500000000003,10.935624999999996,11.39936170212764
688350,2024-08-05,10.95,10.7,11.05,10.68,10.87,5692.45,6174920.0,10.89,10.83,10.96500000000005,11.08,11.79,39.68,-0.19,-0.22,0.03,富淼科技,化学原料和化学制品制造业,科创板,10.902500000000028,10.851249999999975,10.867500000000001,10.889999999999995,11.355531914893598
688350,2024-08-06,10.83,10.85,10.86,10.68,10.7,5040.79,5427000.0,10.89,10.83,10.95200000000005,11.07,11.74,44.05,-0.17,-0.21,0.04,富淼科技,化学原料和化学制品制造业,科创板,10.840000000000028,10.872499999999974,10.850000000000001,10.879374999999994,11.311702127659556
688350,2024-08-07,10.86,10.79,10.89,10.73,10.85,2692.41,2909340.0,10.83,10.84,10.940500000000048,11.05,11.7,42.72,-0.17,-0.2,0.03,富淼科技,化学原料和化学制品制造业,科创板,10.802500000000029,10.868749999999974,10.8275,10.868749999999993,11.271702127659557
688350,2024-08-08,10.8,10.83,10.9,10.7,10.79,3733.44,4032500.0,10.81,10.86,10.90700000000005,11.03,11.65,43.94,-0.16,-0.19,0.03,富淼科技,化学原料和化学制品制造业,科创板,10.792500000000029,10.867499999999973,10.83,10.863749999999994,11.245106382978706
688350,2024-08-09,10.99,10.67,11.0,10.67,10.83,3961.58,4277530.0,10.77,10.84,10.869000000000048,11.0,11.61,40.25,-0.16,-0.19,0.03,富淼科技,化学原料和化学制品制造业,科创板,10.785000000000029,10.843749999999973,10.829166666666666,10.846874999999994,11.218510638297856
688350,2024-08-12,10.75,10.7,10.8,10.6,10.67,3982.83,4254530.0,10.77,10.83,10.853000000000048,10.97,11.56,41.24,-0.16,-0.18,0.02,富淼科技,化学原料和化学制品制造业,科创板,10.747500000000029,10.793749999999974,10.83083333333333,10.824374999999993,11.200425531914878
688350,2024-08-13,10.85,10.87,10.87,10.64,10.7,4439.62,4800650.0,10.77,10.83,10.848500000000048,10.95,11.51,46.67,-0.15,-0.17,0.02,富淼科技,化学原料和化学制品制造业,科创板,10.767500000000028,10.784999999999975,10.834999999999999,10.812499999999993,11.192765957446793
688350,2024-08-14,10.87,10.75,10.9,10.75,10.87,2978.41,3218950.0,10.76,10.8,10.840500000000047,10.93,11.46,43.61,-0.14,-0.17,0.03,富淼科技,化学原料和化学制品制造业,科创板,10.747500000000029,10.769999999999975,10.827499999999999,10.809374999999992,11.177446808510622
688350,2024-08-15,10.73,10.84,10.88,10.64,10.75,3540.92,3824600.0,10.77,10.79,10.835500000000048,10.92,11.41,46.45,-0.13,-0.16,0.03,富淼科技,化学原料和化学制品制造业,科创板,10.790000000000028,10.787499999999975,10.82583333333333,10.819374999999992,11.162127659574454
688350,2024-08-16,10.84,10.72,10.85,10.66,10.84,3118.66,3358170.0,10.78,10.77,10.818500000000046,10.91,11.37,43.32,-0.13,-0.15,0.02,富淼科技,化学原料和化学制品制造业,科创板,10.795000000000027,10.771249999999975,10.794166666666664,10.821874999999991,11.138723404255304
688350,2024-08-19,10.82,10.66,10.82,10.62,10.72,2128.5,2275100.0,10.77,10.77,10.798500000000047,10.9,11.33,41.8,-0.13,-0.15,0.02,富淼科技,化学原料和化学制品制造业,科创板,10.742500000000026,10.754999999999974,10.77083333333333,10.811874999999992,11.110212765957431
688350,2024-08-20,10.83,10.4,10.83,10.3,10.66,5114.7,5363730.0,10.67,10.72,10.778500000000047,10.88,11.29,35.93,-0.15,-0.15,0.0,富淼科技,化学原料和化学制品制造业,科创板,10.655000000000026,10.701249999999975,10.731666666666664,10.784374999999992,11.076595744680835
688350,2024-08-21,10.3,10.3,10.57,10.25,10.4,4133.77,4279030.0,10.58,10.67,10.759500000000047,10.85,11.25,33.95,-0.17,-0.15,-0.02,富淼科技,化学原料和化学制品制造业,科创板,10.520000000000024,10.654999999999974,10.698333333333332,10.749374999999993,11.046382978723386
688350,2024-08-22,10.41,10.07,10.49,10.02,10.3,6750.65,6850860.0,10.43,10.6,10.729000000000045,10.8,11.2,29.88,-0.2,-0.16,-0.04,富淼科技,化学原料和化学制品制造业,科创板,10.357500000000025,10.576249999999975,10.633333333333333,10.684999999999993,11.011063829787217
688350,2024-08-23,10.07,9.99,10.15,9.81,10.07,6269.78,6221560.0,10.28,10.53,10.687500000000046,10.76,11.15,28.6,-0.23,-0.18,-0.05,富淼科技,化学原料和化学制品制造业,科创板,10.190000000000026,10.466249999999974,10.566666666666668,10.625624999999994,10.972340425531899
688350,2024-08-26,10.09,10.02,10.15,9.84,9.99,3473.84,3480940.0,10.16,10.46,10.646500000000048,10.72,11.11,29.82,-0.25,-0.19,-0.06,富淼科技,化学原料和化学制品制造业,科创板,10.095000000000026,10.374999999999973,10.49916666666667,10.572499999999994,10.93021276595743
688350,2024-08-27,9.99,9.88,10.08,9.82,10.02,3359.0,3332480.0,10.05,10.36,10.597500000000048,10.69,11.07,27.46,-0.28,-0.21,-0.07,富淼科技,化学原料和化学制品制造业,科创板,9.990000000000027,10.254999999999972,10.433333333333335,10.521249999999995,10.889787234042537
688350,2024-08-28,9.8,10.03,10.17,9.77,9.88,4816.6,4822300.0,10.0,10.29,10.544000000000048,10.66,11.04,33.52,-0.28,-0.22,-0.06,富淼科技,化学原料和化学制品制造业,科创板,9.980000000000027,10.168749999999973,10.377500000000001,10.469999999999995,10.867446808510623
688350,2024-08-29,9.96,10.15,10.2,9.91,10.03,3889.94,3919550.0,10.01,10.22,10.504500000000048,10.63,11.02,37.98,-0.27,-0.23,-0.04,富淼科技,化学原料和化学制品制造业,科创板,10.020000000000026,10.104999999999974,10.3175,10.429999999999996,10.844893617021262
688350,2024-08-30,10.23,10.32,10.41,10.1,10.15,6587.07,6772230.0,10.08,10.18,10.477000000000048,10.61,11.0,43.74,-0.25,-0.24,-0.01,富淼科技,化学原料和化学制品制造业,科创板,10.095000000000027,10.094999999999974,10.281666666666666,10.398124999999995,10.820425531914879
688350,2024-09-02,10.3,10.09,10.36,10.08,10.32,4750.1,4863440.0,10.09,10.12,10.446500000000048,10.57,10.98,38.53,-0.24,-0.24,0.0,富淼科技,化学原料和化学制品制造业,科创板,10.147500000000027,10.068749999999975,10.219166666666666,10.361874999999996,10.79361702127658
688350,2024-09-03,10.23,10.1,10.38,10.03,10.09,3508.07,3560580.0,10.14,10.1,10.409000000000049,10.55,10.96,38.87,-0.24,-0.24,0.0,富淼科技,化学原料和化学制品制造业,科创板,10.165000000000028,10.072499999999973,10.167499999999999,10.324374999999996,10.765744680851048
688350,2024-09-04,10.1,10.04,10.14,10.01,10.1,3230.38,3253340.0,10.14,10.07,10.371500000000049,10.53,10.93,37.52,-0.24,-0.24,0.0,富淼科技,化学原料和化学制品制造业,科创板,10.137500000000028,10.078749999999973,10.115833333333333,10.272499999999996,10.731276595744665
688350,2024-09-05,10.03,10.12,10.2,10.03,10.04,2749.63,2782160.0,10.13,10.07,10.336000000000048,10.51,10.89,40.48,-0.22,-0.23,0.01,富淼科技,化学原料和化学制品制造业,科创板,10.087500000000027,10.091249999999974,10.0925,10.233124999999996,10.699787234042535
688350,2024-09-06,10.2,9.88,10.25,9.82,10.12,3966.51,3954000.0,10.05,10.06,10.296500000000048,10.48,10.86,35.11,-0.23,-0.23,0.0,富淼科技,化学原料和化学制品制造业,科创板,10.035000000000029,10.091249999999974,10.0575,10.173124999999995,10.668723404255303
688350,2024-09-09,9.88,9.84,10.01,9.75,9.88,3897.77,3848960.0,10.0,10.04,10.253500000000049,10.45,10.83,34.29,-0.24,-0.23,-0.01,富淼科技,化学原料和化学制品制造业,科创板,9.970000000000029,10.067499999999974,10.038333333333332,10.118124999999996,10.6455319148936
688350,2024-09-10,9.94,9.77,9.97,9.66,9.84,5888.7,5757010.0,9.93,10.03,10.198500000000049,10.41,10.8,32.85,-0.24,-0.24,0.0,富淼科技,化学原料和化学制品制造业,科创板,9.90250000000003,10.019999999999973,10.02,10.062499999999996,10.615106382978706
688350,2024-09-11,9.82,9.82,9.91,9.63,9.77,4965.84,4868420.0,9.89,10.01,10.152000000000049,10.37,10.76,34.95,-0.24,-0.24,0.0,富淼科技,化学原料和化学制品制造业,科创板,9.82750000000003,9.957499999999975,10.003333333333334,10.026249999999996,10.59148936170211
688350,2024-09-12,9.91,9.77,9.95,9.76,9.82,3510.32,3457860.0,9.82,9.98,10.09850000000005,10.33,10.73,33.81,-0.24,-0.24,0.0,富淼科技,化学原料和化学制品制造业,科创板,9.800000000000031,9.917499999999974,9.994166666666667,9.993124999999996,10.562978723404237
688350,2024-09-13,9.82,9.55,9.83,9.51,9.77,3597.77,3472490.0,9.75,9.9,10.04000000000005,10.28,10.69,29.29,-0.26,-0.24,-0.02,富淼科技,化学原料和化学制品制造业,科创板,9.727500000000031,9.848749999999974,9.954166666666667,9.960624999999997,10.531702127659557
688350,2024-09-18,9.63,9.4,9.63,9.23,9.55,3427.2,3213190.0,9.66,9.83,9.97700000000005,10.24,10.66,26.67,-0.28,-0.25,-0.03,富淼科技,化学原料和化学制品制造业,科创板,9.63500000000003,9.768749999999976,9.891666666666667,9.923749999999997,10.487021276595726
688350,2024-09-19,9.42,9.58,9.7,9.34,9.4,4646.07,4439490.0,9.62,9.78,9.936000000000051,10.2,10.63,34.27,-0.28,-0.26,-0.02,富淼科技,化学原料和化学制品制造业,科创板,9.57500000000003,9.701249999999975,9.830000000000004,9.896249999999997,10.447659574468066
688350,2024-09-20,9.57,9.49,9.6,9.4,9.58,3113.69,2958970.0,9.56,9.72,9.895500000000052,10.16,10.6,32.46,-0.29,-0.26,-0.03,富淼科技,化学原料和化学制品制造业,科创板,9.505000000000031,9.652499999999975,9.780000000000003,9.871874999999998,10.415106382978705
688350,2024-09-23,9.6,9.59,9.63,9.41,9.49,2585.93,2472620.0,9.52,9.67,9.87150000000005,10.11,10.57,36.48,-0.27,-0.26,-0.01,富淼科技,化学原料和化学制品制造业,科创板,9.515000000000033,9.621249999999975,9.737500000000002,9.844374999999998,10.385957446808492
688350,2024-09-24,9.62,9.94,9.94,9.59,9.59,5203.08,5107040.0,9.6,9.68,9.869000000000051,10.09,10.55,48.11,-0.24,-0.26,0.02,富淼科技,化学原料和化学制品制造业,科创板,9.650000000000032,9.642499999999975,9.72916666666667,9.831249999999997,10.365319148936152
688350,2024-09-25,10.04,10.13,10.22,9.9,9.94,9726.81,9851760.0,9.75,9.7,9.874500000000051,10.07,10.52,53.13,-0.19,-0.25,0.06,富淼科技,化学原料和化学制品制造业,科创板,9.787500000000033,9.681249999999974,9.730000000000002,9.819374999999997,10.34808510638296
688350,2024-09-26,10.08,10.25,10.29,10.08,10.13,5722.58,5841590.0,9.88,9.75,9.89300000000005,10.05,10.5,56.02,-0.14,-0.22,0.08,富淼科技,化学原料和化学制品制造业,科创板,9.977500000000033,9.741249999999974,9.760833333333336,9.829374999999997,10.330851063829767
688350,2024-09-27,10.51,10.97,11.07,10.51,10.42,10498.8,11343300.0,10.18,9.87,9.940000000000051,10.06,10.49,68.56,-0.04,-0.19,0.15,富淼科技,化学原料和化学制品制造业,科创板,10.322500000000034,9.918749999999974,9.855000000000002,9.883749999999997,10.328936170212748
688350,2024-09-30,11.38,12.3,12.63,11.04,10.97,25200.0,29674900.0,10.72,10.12,10.047500000000051,10.11,10.51,79.94,0.14,-0.12,0.26,富淼科技,化学原料和化学制品制造业,科创板,10.912500000000033,10.281249999999973,10.065833333333336,10.024999999999999,10.360851063829768
688350,2024-10-08,14.25,13.5,14.5,12.73,12.3,32806.8,44343900.0,11.43,10.52,10.206500000000052,10.2,10.55,85.16,0.38,-0.02,0.4,富淼科技,化学原料和化学制品制造业,科创板,11.755000000000033,10.771249999999974,10.372500000000002,10.236249999999998,10.420851063829769
688350,2024-10-09,13.34,12.08,13.34,12.03,13.5,20000.3,25060300.0,11.82,10.78,10.30600000000005,10.25,10.57,63.95,0.45,0.07,0.38,富淼科技,化学原料和化学制品制造业,科创板,12.212500000000032,11.094999999999974,10.565000000000003,10.37375,10.450638297872322
688350,2024-10-10,12.26,12.26,12.65,12.15,12.08,10845.4,13444500.0,12.22,11.05,10.414000000000051,10.31,10.59,65.14,0.51,0.16,0.35,富淼科技,化学原料和化学制品制造业,科创板,12.535000000000032,11.428749999999974,10.790833333333337,10.524999999999999,10.481276595744662
688350,2024-10-11,12.1,11.9,12.2,11.51,12.26,10828.6,12852500.0,12.41,11.29,10.507000000000051,10.36,10.61,60.83,0.52,0.23,0.29,富淼科技,化学原料和化学制品制造业,科创板,12.43500000000003,11.673749999999975,10.99916666666667,10.658124999999998,10.503829787234023
688350,2024-10-14,11.9,12.08,12.09,11.56,11.9,8205.36,9811700.0,12.36,11.54,10.605000000000052,10.43,10.62,62.18,0.55,0.3,0.25,富淼科技,化学原料和化学制品制造业,科创板,12.08000000000003,11.917499999999976,11.207500000000003,10.799375,10.529787234042534
688350,2024-10-15,12.1,11.83,12.12,11.8,12.08,6379.28,7638250.0,12.03,11.73,10.702500000000054,10.49,10.62,59.14,0.53,0.34,0.19,富淼科技,化学原料和化学制品制造业,科创板,12.01750000000003,12.114999999999975,11.402500000000003,10.928125,10.54531914893615
688350,2024-10-16,11.61,11.84,11.95,11.61,11.83,5299.38,6267940.0,11.98,11.9,10.802500000000054,10.55,10.64,59.22,0.52,0.38,0.14,富淼科技,化学原料和化学制品制造业,科创板,11.912500000000032,12.223749999999976,11.590000000000003,11.07125,10.564468085106363
688350,2024-10-17,11.87,11.84,12.12,11.84,11.84,6735.8,8052110.0,11.9,12.06,10.906000000000052,10.62,10.65,59.22,0.51,0.4,0.11,富淼科技,化学原料和化学制品制造业,科创板,11.897500000000031,12.166249999999977,11.748333333333337,11.223749999999999,10.5851063829787
688350,2024-10-18,11.72,12.23,12.45,11.72,11.84,9327.69,11279800.0,11.96,12.19,11.026500000000052,10.69,10.67,62.76,0.51,0.43,0.08,富淼科技,化学原料和化学制品制造业,科创板,11.93500000000003,12.007499999999977,11.923333333333337,11.389374999999998,10.617659574468064
688350,2024-10-21,12.29,12.56,12.69,12.15,12.23,10804.2,13436600.0,12.06,12.21,11.166000000000052,10.77,10.7,65.49,0.54,0.45,0.09,富淼科技,化学原料和化学制品制造业,科创板,12.117500000000032,12.067499999999978,12.115833333333336,11.581249999999997,10.654042553191468
688350,2024-10-22,12.35,12.64,12.66,12.35,12.56,11073.9,13876100.0,12.22,12.13,11.320500000000052,10.85,10.73,66.14,0.57,0.47,0.1,富淼科技,化学原料和化学制品制造业,科创板,12.317500000000031,12.114999999999977,12.255000000000003,11.771874999999996,10.693404255319127
688350,2024-10-23,12.64,12.84,13.21,12.53,12.64,13897.5,17836800.0,12.42,12.2,11.492500000000053,10.94,10.76,67.77,0.59,0.5,0.09,富淼科技,化学原料和化学制品制造业,科创板,12.567500000000031,12.232499999999977,12.300000000000002,11.953124999999996,10.736170212765934
688350,2024-10-24,12.83,12.75,12.93,12.56,12.84,7489.51,9516930.0,12.6,12.25,11.651000000000051,11.03,10.79,66.23,0.61,0.52,0.09,富淼科技,化学原料和化学制品制造业,科创板,12.69750000000003,12.316249999999977,12.237500000000002,12.116874999999997,10.780425531914872
688350,2024-10-25,12.96,13.03,13.06,12.73,12.75,11157.6,14481100.0,12.76,12.36,11.828000000000051,11.13,10.83,68.62,0.62,0.54,0.08,富淼科技,化学原料和化学制品制造业,科创板,12.81500000000003,12.466249999999977,12.316666666666668,12.290624999999997,10.829999999999979
688350,2024-10-28,13.03,13.38,13.45,12.96,13.03,12854.0,16994400.0,12.93,12.49,12.017500000000052,11.23,10.87,71.36,0.67,0.57,0.1,富淼科技,化学原料和化学制品制造业,科创板,13.000000000000028,12.658749999999976,12.410000000000002,12.441249999999997,10.88340425531913
688350,2024-10-29,13.45,13.03,13.45,13.03,13.38,10195.2,13460000.0,13.01,12.61,12.17200000000005,11.34,10.91,65.23,0.66,0.58,0.08,富淼科技,化学原料和化学制品制造业,科创板,13.047500000000028,12.807499999999976,12.504166666666668,12.486874999999996,10.931914893617002
688350,2024-10-30,13.03,12.86,13.19,12.69,13.03,10109.4,13048900.0,13.01,12.72,12.308500000000052,11.44,10.94,62.43,0.63,0.59,0.04,富淼科技,化学原料和化学制品制造业,科创板,13.075000000000028,12.886249999999976,12.569166666666668,12.446874999999995,10.974893617021255
688350,2024-10-31,12.75,12.87,12.99,12.62,12.86,10585.0,13568400.0,13.03,12.82,12.439500000000052,11.54,10.98,62.53,0.6,0.59,0.01,富淼科技,化学原料和化学制品制造业,科创板,13.035000000000029,12.924999999999976,12.655833333333334,12.496249999999995,11.020638297872319
688350,2024-11-01,12.87,12.33,13.13,12.26,12.87,11251.3,14228800.0,12.89,12.83,12.507500000000052,11.63,11.0,54.01,0.53,0.58,-0.05,富淼科技,化学原料和化学制品制造业,科创板,12.772500000000027,12.886249999999976,12.696666666666667,12.500624999999996,11.056170212765938
688350,2024-11-04,12.38,12.74,12.85,12.29,12.33,9515.88,11997100.0,12.77,12.85,12.52950000000005,11.73,11.03,58.62,0.5,0.57,-0.07,富淼科技,化学原料和化学制品制造业,科创板,12.700000000000028,12.873749999999974,12.771666666666668,12.553124999999996,11.105957446808493
688350,2024-11-05,12.74,12.96,12.99,12.72,12.74,9814.35,12653500.0,12.75,12.88,12.50250000000005,11.84,11.06,60.89,0.5,0.55,-0.05,富淼科技,化学原料和化学制品制造业,科创板,12.725000000000028,12.899999999999974,12.832500000000003,12.608124999999996,11.162553191489344
688350,2024-11-06,12.96,12.92,13.12,12.77,12.96,14230.5,18441000.0,12.76,12.89,12.544500000000049,11.96,11.1,60.24,0.48,0.54,-0.06,富淼科技,化学原料和化学制品制造业,科创板,12.73750000000003,12.886249999999974,12.862500000000002,12.676249999999994,11.223191489361684
688350,2024-11-07,12.92,13.21,13.26,12.66,12.92,15524.5,20306300.0,12.83,12.93,12.59200000000005,12.08,11.14,63.28,0.48,0.53,-0.05,富淼科技,化学原料和化学制品制造业,科创板,12.957500000000028,12.864999999999974,12.910000000000002,12.761874999999995,11.291702127659557
688350,2024-11-08,13.36,13.14,13.36,13.05,13.21,9720.72,12803400.0,12.99,12.94,12.65400000000005,12.2,11.18,62.05,0.47,0.52,-0.05,富淼科技,化学原料和化学制品制造业,科创板,13.057500000000028,12.878749999999973,12.935,12.843124999999995,11.35808510638296
688350,2024-11-11,13.25,13.75,13.76,13.03,13.14,18501.6,24959500.0,13.2,12.98,12.737500000000047,12.34,11.23,67.92,0.51,0.51,0.0,富淼科技,化学原料和化学制品制造业,科创板,13.255000000000026,12.989999999999974,13.018333333333333,12.938124999999996,11.440425531914876
688350,2024-11-12,13.97,13.78,14.28,13.62,13.75,30975.7,43660900.0,13.36,13.06,12.835000000000047,12.47,11.28,68.18,0.54,0.52,0.02,富淼科技,化学原料和化学制品制造业,科创板,13.470000000000024,13.103749999999973,13.080833333333333,13.014374999999996,11.520212765957428
688350,2024-11-13,14.0,14.17,14.45,13.75,13.78,16041.2,22596600.0,13.61,13.19,12.951500000000049,12.6,11.34,71.43,0.58,0.53,0.05,富淼科技,化学原料和化学制品制造业,科创板,13.710000000000024,13.333749999999974,13.146666666666667,13.109999999999996,11.605744680851044
688350,2024-11-14,14.18,13.53,14.2,13.53,14.17,14787.0,20301900.0,13.67,13.25,13.03600000000005,12.71,11.38,60.51,0.56,0.54,0.02,富淼科技,化学原料和化学制品制造业,科创板,13.807500000000022,13.432499999999974,13.188333333333333,13.153124999999996,11.67404255319147
688350,2024-11-15,13.53,13.34,13.72,13.13,13.53,8772.71,11827100.0,13.71,13.35,13.091500000000048,12.79,11.42,57.69,0.52,0.53,-0.01,富淼科技,化学原料和化学制品制造业,科创板,13.705000000000023,13.479999999999976,13.228333333333333,13.189999999999996,11.743191489361681
688350,2024-11-18,13.34,13.15,13.47,12.88,13.34,11515.9,15152500.0,13.59,13.4,13.121000000000047,12.82,11.46,54.93,0.47,0.52,-0.05,富淼科技,化学原料和化学制品制造业,科创板,13.547500000000024,13.508749999999976,13.251666666666667,13.197499999999996,11.808085106382958
688350,2024-11-19,13.31,13.35,13.35,12.97,13.15,7783.46,10240800.0,13.51,13.43,13.156500000000047,12.81,11.51,57.25,0.44,0.5,-0.06,富淼科技,化学原料和化学制品制造业,科创板,13.342500000000022,13.526249999999976,13.336666666666666,13.195624999999996,11.878510638297852
688350,2024-11-20,13.35,13.51,13.64,13.2,13.35,8996.7,12098900.0,13.38,13.49,13.19000000000005,12.86,11.55,59.06,0.42,0.49,-0.07,富淼科技,化学原料和化学制品制造业,科创板,13.337500000000023,13.572499999999977,13.400833333333331,13.225624999999996,11.95063829787232
688350,2024-11-21,13.64,13.58,13.7,13.39,13.51,6962.75,9437100.0,13.39,13.53,13.231500000000048,12.9,11.61,59.86,0.41,0.47,-0.06,富淼科技,化学原料和化学制品制造业,科创板,13.397500000000022,13.551249999999976,13.452499999999999,13.270624999999995,12.02936170212764
688350,2024-11-22,13.65,12.84,13.65,12.76,13.58,11341.8,14942900.0,13.29,13.5,13.222000000000047,12.94,11.65,48.95,0.34,0.45,-0.11,富淼科技,化学原料和化学制品制造业,科创板,13.320000000000023,13.433749999999977,13.445833333333333,13.268749999999995,12.093191489361683
688350,2024-11-25,12.97,13.16,13.25,12.9,12.84,9537.47,12458200.0,13.29,13.44,13.21100000000005,12.97,11.7,52.94,0.31,0.42,-0.11,富淼科技,化学原料和化学制品制造业,科创板,13.272500000000024,13.307499999999976,13.441666666666665,13.320624999999994,12.16531914893615
688350,2024-11-26,13.24,13.02,13.35,12.96,13.16,6520.77,8566890.0,13.22,13.36,13.21050000000005,13.01,11.75,51.06,0.26,0.39,-0.13,富淼科技,化学原料和化学制品制造业,科创板,13.150000000000025,13.243749999999975,13.431666666666667,13.338124999999994,12.233404255319128
688350,2024-11-27,12.91,13.24,13.25,12.53,13.02,9530.78,12263300.0,13.17,13.27,13.22950000000005,13.06,11.8,53.84,0.24,0.36,-0.12,富淼科技,化学原料和化学制品制造业,科创板,13.065000000000026,13.231249999999974,13.389166666666668,13.355624999999995,12.307234042553171
688350,2024-11-28,13.24,13.39,13.45,13.21,13.24,7811.08,10438000.0,13.13,13.26,13.25550000000005,13.11,11.86,55.68,0.24,0.33,-0.09,富淼科技,化学原料和化学制品制造业,科创板,13.202500000000025,13.261249999999974,13.356666666666667,13.384999999999996,12.388936170212746
688350,2024-11-29,13.39,13.56,13.64,13.15,13.39,9088.51,12247300.0,13.27,13.28,13.31700000000005,13.15,11.92,57.75,0.24,0.32,-0.08,富淼科技,化学原料和化学制品制造业,科创板,13.302500000000027,13.287499999999975,13.305833333333334,13.406874999999996,12.477446808510617
688350,2024-12-02,13.71,13.64,13.76,13.59,13.56,7366.46,10061500.0,13.37,13.33,13.362000000000048,13.19,11.98,58.72,0.25,0.3,-0.05,富淼科技,化学原料和化学制品制造业,科创板,13.457500000000028,13.303749999999974,13.315,13.438124999999996,12.56382978723402
688350,2024-12-03,13.69,13.63,13.78,13.49,13.64,7581.09,10339600.0,13.49,13.36,13.39550000000005,13.22,12.03,58.54,0.26,0.29,-0.03,富淼科技,化学原料和化学制品制造业,科创板,13.555000000000026,13.309999999999974,13.339166666666666,13.430624999999996,12.651914893616999
688350,2024-12-04,13.73,13.83,14.33,13.45,13.63,17473.8,24162700.0,13.61,13.39,13.441000000000049,13.26,12.1,61.13,0.27,0.29,-0.02,富淼科技,化学原料和化学制品制造业,科创板,13.665000000000028,13.433749999999973,13.395833333333334,13.433749999999996,12.742127659574447
688350,2024-12-05,13.69,14.63,14.98,13.67,13.83,41118.5,59901600.0,13.86,13.49,13.512000000000048,13.32,12.17,69.37,0.34,0.3,0.04,富淼科技,化学原料和化学制品制造业,科创板,13.932500000000026,13.617499999999973,13.5025,13.462499999999997,12.841914893616998
688350,2024-12-06,14.53,14.5,14.66,14.16,14.63,22039.5,31846500.0,14.05,13.66,13.58000000000005,13.37,12.25,66.89,0.38,0.32,0.06,富淼科技,化学原料和化学制品制造业,科创板,14.147500000000026,13.802499999999974,13.585,13.523124999999997,12.934893617021254
688350,2024-12-09,14.66,15.0,15.09,14.44,14.5,27896.7,41275000.0,14.32,13.84,13.64250000000005,13.42,12.33,71.17,0.45,0.34,0.11,富淼科技,化学原料和化学制品制造业,科创板,14.490000000000025,14.022499999999974,13.703333333333333,13.626874999999997,13.035957446808487
688350,2024-12-10,15.24,15.5,15.7,14.97,15.0,33761.0,52022900.0,14.69,14.09,13.72850000000005,13.5,12.42,74.68,0.55,0.38,0.17,富淼科技,化学原料和化学制品制造业,科创板,14.907500000000024,14.286249999999974,13.924999999999999,13.773749999999996,13.132340425531892
688350,2024-12-11,15.5,15.52,15.74,15.2,15.5,20229.9,31257600.0,15.03,14.32,13.79600000000005,13.59,12.52,74.82,0.61,0.43,0.18,富淼科技,化学原料和化学制品制造业,科创板,15.130000000000022,14.531249999999975,14.121666666666668,13.909374999999997,13.200851063829765
688350,2024-12-12,15.68,15.19,15.7,15.05,15.52,21706.4,33154300.0,15.14,14.5,13.879000000000051,13.67,12.61,68.46,0.62,0.47,0.15,富淼科技,化学原料和化学制品制造业,科创板,15.302500000000023,14.724999999999975,14.3025,14.014374999999998,13.236808510638276
688350,2024-12-13,15.24,14.57,15.24,14.5,15.19,14904.7,22044400.0,15.16,14.6,13.940500000000052,13.74,12.69,58.41,0.58,0.49,0.09,富淼科技,化学原料和化学制品制造业,科创板,15.195000000000022,14.842499999999976,14.413333333333332,14.076249999999996,13.289787234042532
688350,2024-12-16,14.76,14.56,14.92,14.4,14.57,10340.6,15149000.0,15.07,14.69,14.011000000000053,13.81,12.77,58.26,0.55,0.5,0.05,富淼科技,化学原料和化学制品制造业,科创板,14.960000000000022,14.933749999999977,14.510833333333332,14.183749999999996,13.338723404255296
688350,2024-12-17,14.42,13.87,14.47,13.76,14.56,11587.8,16261200.0,14.74,14.72,14.037000000000052,13.84,12.84,49.0,0.45,0.49,-0.04,富淼科技,化学原料和化学制品制造业,科创板,14.547500000000024,14.838749999999976,14.536666666666667,14.228124999999997,13.380638297872318
688350,2024-12-18,13.97,13.92,14.27,13.58,13.87,10375.0,14511900.0,14.42,14.73,14.057500000000053,13.87,12.91,49.62,0.37,0.47,-0.1,富淼科技,化学原料和化学制品制造业,科创板,14.230000000000025,14.766249999999975,14.559999999999997,14.284374999999995,13.419787234042529
688350,2024-12-19,13.75,13.63,13.94,13.51,13.92,8250.65,11276900.0,14.11,14.63,14.060000000000054,13.88,12.98,46.1,0.29,0.43,-0.14,富淼科技,化学原料和化学制品制造业,科创板,13.995000000000024,14.594999999999974,14.559999999999997,14.308749999999995,13.458085106382955
688350,2024-12-20,13.78,14.22,14.45,13.55,13.63,13432.1,18928000.0,14.04,14.6,14.129000000000056,13.92,13.06,53.36,0.27,0.4,-0.13,富淼科技,化学原料和化学制品制造业,科创板,13.910000000000025,14.434999999999974,14.592499999999996,14.360624999999995,13.508723404255294
688350,2024-12-23,14.22,13.58,14.33,13.53,14.22,11888.9,16478300.0,13.84,14.46,14.150000000000054,13.91,13.13,46.1,0.2,0.36,-0.16,富淼科技,化学原料和化学制品制造业,科创板,13.837500000000025,14.192499999999976,14.504999999999997,14.361874999999996,13.545744680851039
688350,2024-12-24,13.57,13.53,13.81,13.32,13.58,6751.99,9124500.0,13.78,14.26,14.175500000000053,13.91,13.19,45.58,0.13,0.31,-0.18,富淼科技,化学原料和化学制品制造业,科创板,13.740000000000023,13.984999999999976,14.424166666666665,14.354999999999997,13.573404255319124
688350,2024-12-25,13.5,13.08,13.65,13.05,13.53,9194.38,12135700.0,13.61,14.02,14.167500000000052,13.87,13.24,41.08,0.05,0.26,-0.21,富淼科技,化学原料和化学制品制造业,科创板,13.602500000000022,13.798749999999977,14.264166666666666,14.320624999999998,13.584468085106359
688350,2024-12-26,13.0,13.22,13.5,13.0,13.08,4952.95,6578850.0,13.53,13.82,14.159000000000054,13.86,13.28,42.96,-0.01,0.21,-0.22,富淼科技,化学原料和化学制品制造业,科创板,13.352500000000024,13.631249999999977,14.074166666666665,14.282499999999997,13.596808510638276
688350,2024-12-27,13.23,13.25,13.52,13.23,13.22,4716.79,6312050.0,13.33,13.69,14.143500000000055,13.86,13.32,43.38,-0.05,0.16,-0.21,富淼科技,化学原料和化学制品制造业,科创板,13.270000000000024,13.553749999999976,13.884999999999998,14.196249999999997,13.605531914893593
688350,2024-12-30,13.31,12.87,13.31,12.63,13.25,4213.9,5454330.0,13.19,13.52,14.105000000000055,13.85,13.33,39.43,-0.12,0.1,-0.22,富淼科技,化学原料和化学制品制造业,科创板,13.105000000000025,13.422499999999976,13.691666666666665,14.094374999999998,13.608085106382955
688350,2024-12-31,12.87,12.62,13.04,12.61,12.87,4992.23,6364000.0,13.01,13.39,14.054500000000056,13.82,13.32,37.05,-0.19,0.04,-0.23,富淼科技,化学原料和化学制品制造业,科创板,12.990000000000027,13.296249999999977,13.529166666666667,13.945624999999998,13.599361702127636
688350,2025-01-02,13.79,12.73,13.88,12.67,12.62,10085.4,13104000.0,12.94,13.27,13.999500000000058,13.8,13.33,38.8,-0.23,-0.01,-0.22,富淼科技,化学原料和化学制品制造业,科创板,12.867500000000028,13.109999999999978,13.376666666666665,13.772499999999997,13.585531914893595
688350,2025-01-03,13.02,12.37,13.18,12.31,12.73,10335.8,13231900.0,12.77,13.15,13.886500000000058,13.76,13.33,35.33,-0.28,-0.07,-0.21,富淼科技,化学原料和化学制品制造业,科创板,12.647500000000027,12.958749999999979,13.251666666666665,13.575624999999997,13.571489361702106
688350,2025-01-06,12.37,12.17,12.59,12.03,12.37,6777.35,8287920.0,12.55,12.94,13.770000000000058,13.73,13.33,33.53,-0.35,-0.12,-0.23,富淼科技,化学原料和化学制品制造业,科创板,12.472500000000029,12.788749999999979,13.105833333333331,13.386874999999996,13.556808510638275
688350,2025-01-07,12.17,12.48,12.92,12.13,12.17,4713.38,5803450.0,12.47,12.83,13.644000000000059,13.71,13.34,38.73,-0.36,-0.17,-0.19,富淼科技,化学原料和化学制品制造业,科创板,12.43750000000003,12.71374999999998,13.009999999999998,13.256249999999996,13.54851063829785
688350,2025-01-08,12.73,12.36,12.73,12.01,12.48,4780.3,5878820.0,12.42,12.72,13.48700000000006,13.69,13.35,37.51,-0.38,-0.21,-0.17,富淼科技,化学原料和化学制品制造业,科创板,12.34500000000003,12.60624999999998,12.854999999999997,13.118749999999995,13.54914893617019
688350,2025-01-09,12.3,12.39,12.58,12.12,12.36,3277.01,4054770.0,12.35,12.65,13.330500000000061,13.66,13.36,38.04,-0.39,-0.25,-0.14,富淼科技,化学原料和化学制品制造业,科创板,12.350000000000032,12.49874999999998,12.75583333333333,13.026249999999994,13.541702127659551
688350,2025-01-10,12.52,12.07,12.55,12.07,12.39,3097.94,3791120.0,12.29,12.53,13.17450000000006,13.62,13.36,34.68,-0.42,-0.28,-0.14,富淼科技,化学原料和化学制品制造业,科创板,12.325000000000031,12.398749999999978,12.634166666666664,12.910624999999994,13.522765957446785
688350,2025-01-13,11.9,12.14,12.33,11.8,12.07,4059.6,4901900.0,12.29,12.42,13.05300000000006,13.57,13.36,36.01,-0.43,-0.31,-0.12,富淼科技,化学原料和化学制品制造业,科创板,12.24000000000003,12.338749999999978,12.555833333333327,12.817499999999995,13.506170212765936
688350,2025-01-14,12.38,12.87,12.9,12.15,12.14,5928.62,7490180.0,12.37,12.42,12.96850000000006,13.54,13.37,47.93,-0.38,-0.33,-0.05,富淼科技,化学原料和化学制品制造业,科创板,12.36750000000003,12.356249999999978,12.526666666666662,12.733124999999996,13.498936170212742
688350,2025-01-15,13.0,12.81,13.01,12.6,12.87,4959.99,6357140.0,12.46,12.44,12.91550000000006,13.52,13.37,47.15,-0.33,-0.33,0.0,富淼科技,化学原料和化学制品制造业,科创板,12.47250000000003,12.411249999999978,12.489999999999995,12.684999999999995,13.491914893616997
688350,2025-01-16,12.81,12.91,12.94,12.7,12.81,3814.43,4889120.0,12.56,12.46,12.86500000000006,13.49,13.37,48.64,-0.29,-0.32,0.03,富淼科技,化学原料和化学制品制造业,科创板,12.682500000000031,12.503749999999977,12.493333333333327,12.646249999999995,13.474042553191465
688350,2025-01-17,12.74,13.05,13.19,12.74,12.91,5672.03,7414880.0,12.76,12.52,12.83600000000006,13.43,13.38,50.74,-0.24,-0.3,0.06,富淼科技,化学原料和化学制品制造业,科创板,12.910000000000032,12.574999999999976,12.529166666666661,12.644374999999995,13.458510638297847
688350,2025-01-20,12.9,12.67,13.01,12.3,13.05,10326.0,13057900.0,12.86,12.58,12.758500000000062,13.37,13.37,45.33,-0.23,-0.29,0.06,富淼科技,化学原料和化学制品制造业,科创板,12.860000000000033,12.613749999999976,12.52416666666666,12.609999999999994,13.426595744680826
688350,2025-01-21,12.75,13.4,13.58,12.53,12.67,15807.3,20804500.0,12.97,12.67,12.749500000000062,13.32,13.37,55.22,-0.16,-0.26,0.1,富淼科技,化学原料和化学制品制造业,科创板,13.007500000000032,12.739999999999977,12.609999999999994,12.619374999999994,13.423829787234018
688350,2025-01-22,13.26,13.96,13.96,13.21,13.4,17077.7,23269100.0,13.2,12.83,12.771000000000061,13.27,13.39,61.04,-0.06,-0.22,0.16,富淼科技,化学原料和化学制品制造业,科创板,13.270000000000032,12.976249999999979,12.759166666666664,12.687499999999995,13.43702127659572
688350,2025-01-23,13.99,14.6,15.06,13.81,13.96,29700.6,42976700.0,13.54,13.05,12.847000000000062,13.24,13.41,66.42,0.08,-0.16,0.24,富淼科技,化学原料和化学制品制造业,科创板,13.65750000000003,13.283749999999978,12.93583333333333,12.811249999999994,13.467872340425508
688350,2025-02-10,14.4,15.33,15.75,13.14,14.6,53352.2,77448300.0,13.99,13.37,12.952500000000061,13.24,13.46,71.29,0.24,-0.08,0.32,富淼科技,化学原料和化学制品制造业,科创板,14.32250000000003,13.591249999999977,13.183333333333332,12.973749999999995,13.509999999999977
688350,2025-02-11,14.98,14.73,15.84,14.7,15.33,38550.0,58344600.0,14.4,13.63,13.02650000000006,13.25,13.5,63.18,0.3,-0.01,0.31,富淼科技,化学原料和化学制品制造业,科创板,14.655000000000031,13.831249999999978,13.37833333333333,13.121249999999995,13.535957446808487
688350,2025-02-12,14.73,15.06,15.2,14.41,14.73,23746.4,35142600.0,14.74,13.85,13.136000000000061,13.26,13.53,65.5,0.38,0.07,0.31,富淼科技,化学原料和化学制品制造业,科创板,14.93000000000003,14.099999999999978,13.627499999999998,13.301874999999995,13.567446808510613
688350,2025-02-13,15.1,14.56,15.28,14.55,15.06,10968.3,16255800.0,14.86,14.03,13.233000000000061,13.29,13.56,59.39,0.41,0.14,0.27,富淼科技,化学原料和化学制品制造业,科创板,14.920000000000028,14.288749999999979,13.829166666666666,13.431874999999996,13.604042553191462
688350,2025-02-14,14.65,14.52,14.85,14.46,14.56,10374.4,15215800.0,14.84,14.19,13.322500000000058,13.31,13.59,58.92,0.42,0.2,0.22,富淼科技,化学原料和化学制品制造业,科创板,14.71750000000003,14.51999999999998,13.966666666666667,13.566874999999996,13.632978723404229
688350,2025-02-17,14.51,14.43,14.79,14.27,14.52,11997.0,17395900.0,14.66,14.33,13.42550000000006,13.33,13.61,57.8,0.41,0.24,0.17,富淼科技,化学原料和化学制品制造业,科创板,14.64250000000003,14.648749999999978,14.101666666666667,13.694374999999997,13.662978723404228
688350,2025-02-18,14.42,14.1,14.5,14.03,14.43,9636.52,13767600.0,14.53,14.47,13.522000000000059,13.33,13.62,53.77,0.38,0.27,0.11,富淼科技,化学原料和化学制品制造业,科创板,14.402500000000028,14.666249999999977,14.200833333333334,13.821249999999997,13.681276595744654
688350,2025-02-19,14.1,14.13,14.46,14.02,14.1,11715.8,16660200.0,14.35,14.54,13.604500000000058,13.35,13.63,54.09,0.34,0.28,0.06,富淼科技,化学原料和化学制品制造业,科创板,14.295000000000027,14.607499999999977,14.290833333333332,13.945624999999996,13.697021276595718
688350,2025-02-20,14.12,14.9,15.06,14.09,14.13,26071.1,38213300.0,14.42,14.64,13.731500000000057,13.39,13.65,61.33,0.38,0.3,0.08,富淼科技,化学原料和化学制品制造业,科创板,14.390000000000029,14.553749999999978,14.476666666666667,14.072499999999996,13.72553191489359
688350,2025-02-21,14.89,14.88,15.18,14.44,14.9,15285.1,22547500.0,14.49,14.66,13.856000000000057,13.45,13.66,61.06,0.4,0.32,0.08,富淼科技,化学原料和化学制品制造业,科创板,14.502500000000028,14.572499999999978,14.6,14.201874999999996,13.751914893616995
688350,2025-02-24,14.82,14.76,14.91,14.5,14.88,16638.4,24438900.0,14.55,14.61,13.990500000000058,13.5,13.68,59.37,0.4,0.34,0.06,富淼科技,化学原料和化学制品制造业,科创板,14.667500000000027,14.534999999999979,14.666666666666664,14.317499999999995,13.775957446808485
688350,2025-02-25,14.64,14.41,14.9,14.36,14.76,14538.0,21159000.0,14.62,14.58,14.10400000000006,13.54,13.7,54.64,0.37,0.34,0.03,富淼科技,化学原料和化学制品制造业,科创板,14.737500000000027,14.516249999999978,14.650833333333331,14.402499999999995,13.788297872340397
688350,2025-02-26,14.41,14.35,14.65,14.24,14.41,15374.4,22205700.0,14.66,14.5,14.17800000000006,13.59,13.72,53.84,0.34,0.34,0.0,富淼科技,化学原料和化学制品制造业,科创板,14.600000000000028,14.494999999999978,14.569166666666662,14.507499999999995,13.782340425531888
688350,2025-02-27,14.37,14.24,14.45,14.06,14.35,16594.1,23632100.0,14.53,14.47,14.24950000000006,13.65,13.73,52.34,0.29,0.33,-0.04,富淼科技,化学原料和化学制品制造业,科创板,14.440000000000028,14.471249999999976,14.52833333333333,14.559999999999995,13.77680851063827
688350,2025-02-28,14.24,13.96,14.34,13.88,14.24,12912.7,18159700.0,14.34,14.42,14.302000000000058,13.69,13.74,48.63,0.24,0.31,-0.07,富淼科技,化学原料和化学制品制造业,科创板,14.240000000000029,14.453749999999978,14.436666666666666,14.559999999999995,13.754680851063803
688350,2025-03-03,14.03,14.04,14.34,13.94,13.96,12252.5,17372600.0,14.2,14.38,14.351500000000058,13.74,13.75,49.73,0.21,0.29,-0.08,富淼科技,化学原料和化学制品制造业,科创板,14.14750000000003,14.442499999999978,14.39333333333333,14.524999999999995,13.723617021276569
688350,2025-03-04,14.04,14.54,14.79,14.0,14.04,20702.7,30055700.0,14.23,14.42,14.445000000000059,13.82,13.78,56.05,0.21,0.28,-0.07,富淼科技,化学原料和化学制品制造业,科创板,14.195000000000027,14.397499999999976,14.394999999999996,14.475624999999994,13.70276595744678
688350,2025-03-05,14.54,14.32,14.78,14.03,14.54,17144.3,24394700.0,14.22,14.44,14.49100000000006,13.88,13.8,52.9,0.2,0.26,-0.06,富淼科技,化学原料和化学制品制造业,科创板,14.215000000000027,14.327499999999976,14.385833333333329,14.449999999999994,13.684255319148908
688350,2025-03-06,14.38,14.34,14.65,14.23,14.32,14623.9,21142300.0,14.24,14.38,14.510000000000058,13.95,13.82,53.15,0.18,0.24,-0.06,富淼科技,化学原料和化学制品制造业,科创板,14.310000000000025,14.274999999999975,14.405833333333328,14.404999999999994,13.679361702127633
688350,2025-03-07,14.4,14.27,14.48,14.18,14.34,9550.71,13689900.0,14.3,14.32,14.493500000000058,14.01,13.84,52.08,0.16,0.23,-0.07,富淼科技,化学原料和化学制品制造业,科创板,14.367500000000026,14.257499999999975,14.417499999999997,14.386874999999995,13.673191489361676
688350,2025-03-10,14.34,14.31,14.5,14.14,14.27,13413.5,19252900.0,14.36,14.28,14.442500000000058,14.09,13.85,52.67,0.15,0.21,-0.06,富淼科技,化学原料和化学制品制造业,科创板,14.310000000000025,14.252499999999976,14.36833333333333,14.373749999999994,13.682553191489333
688350,2025-03-11,14.25,14.26,14.3,13.98,14.31,12886.8,18237600.0,14.3,14.26,14.419000000000057,14.16,13.86,51.81,0.13,0.2,-0.07,富淼科技,化学原料和化学制品制造业,科创板,14.295000000000025,14.254999999999976,14.316666666666663,14.363124999999993,13.689787234042525
688350,2025-03-12,14.34,14.19,14.6,14.13,14.26,12572.6,18003300.0,14.27,14.25,14.375500000000056,14.2,13.87,50.57,0.12,0.18,-0.06,富淼科技,化学原料和化学制品制造业,科创板,14.257500000000025,14.283749999999976,14.269166666666663,14.368749999999993,13.701702127659548
688350,2025-03-13,14.25,14.01,14.31,13.71,14.19,13910.0,19413600.0,14.21,14.22,14.348000000000056,14.24,13.88,47.43,0.08,0.16,-0.08,富淼科技,化学原料和化学制品制造业,科创板,14.192500000000027,14.279999999999976,14.23583333333333,14.361249999999993,13.697234042553164
688350,2025-03-14,14.05,14.25,14.29,13.84,14.01,14321.3,20168100.0,14.2,14.25,14.334500000000057,14.29,13.89,51.74,0.08,0.14,-0.06,富淼科技,化学原料和化学制品制造业,科创板,14.177500000000027,14.243749999999977,14.227499999999997,14.320624999999993,13.7114893617021
688350,2025-03-17,14.31,14.21,14.4,14.11,14.25,10016.9,14260800.0,14.18,14.27,14.323500000000056,14.32,13.88,50.99,0.07,0.13,-0.06,富淼科技,化学原料和化学制品制造业,科创板,14.165000000000026,14.229999999999979,14.224999999999996,14.278749999999993,13.725957446808485
688350,2025-03-18,14.23,14.25,14.31,14.14,14.21,10453.1,14879500.0,14.18,14.24,14.331000000000055,14.38,13.87,51.74,0.07,0.12,-0.05,富淼科技,化学原料和化学制品制造业,科创板,14.180000000000028,14.218749999999979,14.249166666666662,14.246874999999994,13.75085106382976
688350,2025-03-19,14.35,14.14,14.57,14.06,14.25,12986.3,18507600.0,14.17,14.22,14.331500000000053,14.4,13.86,49.49,0.06,0.11,-0.05,富淼科技,化学原料和化学制品制造业,科创板,14.212500000000029,14.20249999999998,14.257499999999995,14.229999999999995,13.770425531914865
688350,2025-03-20,14.26,13.98,14.26,13.92,14.14,10889.8,15260400.0,14.17,14.19,14.285500000000056,14.4,13.83,46.33,0.03,0.09,-0.06,富淼科技,化学原料和化学制品制造业,科创板,14.145000000000028,14.16124999999998,14.210833333333328,14.206874999999995,13.785957446808483
688350,2025-03-21,13.95,13.97,14.2,13.86,13.98,13323.7,18702900.0,14.11,14.16,14.240000000000057,14.38,13.81,46.13,0.01,0.07,-0.06,富淼科技,化学原料和化学制品制造业,科创板,14.085000000000027,14.124999999999979,14.181666666666663,14.189999999999994,13.809361702127632
688350,2025-03-24,13.93,13.63,14.18,13.34,13.97,16825.2,23128800.0,13.99,14.09,14.183500000000057,14.32,13.78,39.88,-0.04,0.05,-0.09,富淼科技,化学原料和化学制品制造业,科创板,13.930000000000028,14.054999999999978,14.122499999999995,14.169374999999993,13.83085106382976
688350,2025-03-25,13.65,13.53,13.81,13.33,13.63,11716.0,15920800.0,13.85,14.02,14.139500000000055,14.28,13.77,38.24,-0.07,0.03,-0.1,富淼科技,化学原料和化学制品制造业,科创板,13.777500000000028,13.994999999999978,14.060833333333328,14.137499999999994,13.847872340425504
